0,1,2,3,4,5,6,7,8,9
0.9999396276511392,0.01097883054167496,0.00020863186149546633,0.0001859934900995585,0.00017913031755296152,0.00016843369354288545,0.00014182575454123146,0.00012764377183758181,0.00012145341630447243,6.156490439326516e-05
0.9505067494560808,0.3103106445875561,0.014771324230850896,0.004969963811797154,0.0004388176765827191,0.0004386285986828834,0.0004229503439955982,0.00040631772696619336,0.0003446767880411724,0.0003107849788049597
0.9505080560053658,0.31031617260118827,0.01469684623716635,0.0046362455009725575,0.00040817659988538134,0.00033389218908778647,0.00030786675869058807,0.00026049326775261315,0.0002225580673275361,0.00021245104832538675
0.9999396538851615,0.010922907321269028,0.0008189381871663466,0.0005023122552652022,0.0004590596073789996,0.00023732400398258975,0.00018361019635853792,0.000176467770610916,0.00017251208812854278,0.0001660293238164742
0.999939718752787,0.010959224491595974,0.0004101127575393477,0.00022597004250669844,0.000202748628516742,0.00019177489249334778,0.00018439180672540436,0.000179034608562679,0.0001661574797607221,0.0001262260795833436
0.9999395989405248,0.010962583018760432,0.00042570969850528386,0.00036599957100831105,0.00027494756349361743,0.00020713096787389407,0.000207003643934385,0.0001772943390583404,0.00016606386944221043,0.00014049154720701998
0.9999396195381323,0.01097270421746309,0.00033720381855712974,0.0002073980481672439,0.00019560872340424674,0.00017735454966457664,0.00016891193076275533,0.00015148627091634594,0.0001406873517484094,0.00011957928561222975
0.9659533282530098,0.25118633295742887,0.05879058886086093,0.01809834983140462,0.005658080345872693,0.002945641970818022,0.002697944597429486,0.0016509717273991713,0.0016187288955205334,0.0008521139481385021
0.7066260182046019,0.6728055215118119,0.2180317792294305,0.014819428522626832,0.0134083449861784,0.007470632429359681,0.0034177961564208982,0.0011913051563982114,0.0009840296813499625,0.0008879366469230274
0.7048840398466196,0.6954354738350824,0.1379765167351342,0.015087891854581663,0.013150030163667706,0.0074909195618324455,0.002773201454855755,0.001216274891869752,0.0009181267814735124,0.0008132031631961575
0.9753921515661841,0.21985415024743393,0.013637341617067289,0.0064933693364137846,0.00529946399237733,0.0035557382763506343,0.0016961043693832032,0.0007675331913731476,0.0006823823918219802,0.000524283981536692
0.9735495387344721,0.2279468930703131,0.01472887769917644,0.0036836321730496545,0.002843394082292484,0.0009043773000716595,0.0008662521694927895,0.0004997259737128116,0.00043155887467990166,0.0004116253347838886
0.9064807381121045,0.4219506815836246,0.014092021099543814,0.006420243127373105,0.001667413731348612,0.0015439603082179336,0.001480214660503573,0.0008140871266708524,0.0006600020345624585,0.0005386269840168924
0.9101841136189449,0.41390703431241965,0.014159814964575574,0.0064808069653699485,0.0008597539366937753,0.0007568079557254498,0.0005046732453179156,0.00046577878736446787,0.0004581174507344981,0.0004043675190244275
0.9064789503925987,0.42195626162738964,0.01337600031924656,0.006367583723459527,0.003728912217150299,0.003267524210635769,0.0013827667532797237,0.0009601947601797638,0.0006178894938902466,0.0005975017498754757
0.9101868120195992,0.41391212240992276,0.013850389001799237,0.006250771546432531,0.0018428670373510946,0.0009529772239266224,0.0007419284816407913,0.0005082080993026101,0.00032041848041794,0.0003094994086406006
0.9753888644956052,0.21985268192495552,0.01502531289957621,0.0060211393534902805,0.0028247900985493173,0.0021538623915108184,0.001207127548073602,0.001157284797665576,0.0010155664154310262,0.0008938765665912616
0.9735487001132277,0.22795311100381227,0.015048382646036834,0.0032615593827631465,0.0008900378870900199,0.0006813673852246803,0.0006268681842741885,0.0005172691487436978,0.0004661486717776921,0.0004159542701836608
0.9999412260508399,0.010671602249086682,0.0012906677343049358,0.0012379201423006988,0.0003592304990577806,0.0002724965951353336,0.00021691987883631995,0.00018353773388826385,0.00016866609513722645,0.0001597123408372594
0.9999400914057961,0.010841048984724455,0.0010043361883344628,0.0009053407114164238,0.00037856292496694796,0.00024251674542715476,0.00019317362732344473,0.0001881560611776186,0.0001681823619137428,0.00015636175218279805
0.9814160818790453,0.18753977805809846,0.03200403677787554,0.01704912186657848,0.014033381952737727,0.0061181675478153875,0.006083353494909382,0.00512311588068223,0.0032316334967530764,0.0029489128396331067
0.9999395978620688,0.010908760412109844,0.000816141505783947,0.0005151777293270818,0.00045602044156320426,0.0004222321944425563,0.00036154883316655257,0.00028362087924295215,0.0002354722505821618,0.0002042191854241541
0.9999396219843231,0.01091871214981449,0.0008169902484304031,0.0005148284792901751,0.00045658569080081626,0.0003330791491043555,0.00023577873895790004,0.00019303065990484473,0.000175387476175039,0.00017082691810337502
0.9999396705333928,0.0109448092418836,0.0004237817547424181,0.00040737397601130204,0.000363046481306935,0.0002834306798266198,0.00022425432144159528,0.00020508767496209098,0.0002017178331851444,0.00019027346403313977
0.999939694143951,0.01095480705594473,0.00040788114183747934,0.0003344631424056193,0.0002245406213133719,0.0002019486677492836,0.0001938395822383772,0.0001905221334692241,0.00017727922794456922,0.0001666473817562422
0.6096701809581451,0.5895352695176519,0.5119648028837106,0.13327542727892777,0.016092364477998927,0.013827756086362122,0.0127526083433574,0.00939810687767944,0.008182312041369495,0.006852542544829973
0.7214788485921325,0.6787985267816434,0.12673084293287737,0.044104757286750146,0.017391668885588154,0.013167302418161681,0.010216316644858926,0.006851164453131104,0.004561791180306418,0.0035947467642349113
0.8566911815186337,0.39429381249362183,0.327452804944218,0.049424506511562355,0.022676073433220343,0.013145978695279734,0.010340451107000175,0.006442717819548441,0.006063703760170083,0.0037467640886543496
0.9917236478359844,0.12254237002221545,0.032023119405790654,0.014966522657935778,0.010158481236974633,0.00943521495922651,0.002910615414719471,0.0022676994005773805,0.0017522446051333527,0.001541457281910691
0.9878229848155147,0.15294652665437708,0.020786273863014123,0.01496662653644818,0.00924421956304583,0.006493999718521811,0.003402855189970455,0.002421884689955909,0.002053126821695262,0.0018642194487302284
0.9980787221395473,0.05971878713841726,0.010134068111772351,0.010082098928291816,0.007378887078945537,0.003032679808766569,0.0010832224997056122,0.0010400673629883041,0.0008964319458230637,0.00072522785807367
0.9206238160292642,0.3268940397827737,0.21240269690488703,0.017344424842408855,0.00707856294002516,0.0066644354470185305,0.005182027809442201,0.003939053458130125,0.0037911871791711546,0.0025969347875343125
0.9355057654846374,0.3153892757418341,0.15795551074053282,0.017606170483939997,0.006983280763659002,0.0036594725516726737,0.003597139827400179,0.0026345747714944215,0.002318395125936926,0.0015622234368414467
0.91905705923735,0.30174663963104414,0.25206378742015517,0.02102228729809431,0.011961695510477436,0.008726892498326687,0.005531526164351355,0.005041222762353951,0.003500146076442488,0.0028745881031779726
0.9051208295759114,0.3320126633818345,0.2648247235427831,0.014862940741256053,0.0072675604408420245,0.005854485402472527,0.005666593556579545,0.004318275183687704,0.003754175194134279,0.0027361848637675362
0.8605728516535469,0.49340259978635487,0.11374488492489009,0.048058592443385464,0.0169735131696937,0.00948383990483643,0.009465635563942539,0.00911038299546109,0.007870114926758846,0.006778338730250212
0.8404062072890282,0.5225536591804928,0.14120563829346647,0.018025196184228123,0.01314901515247412,0.010013971015384279,0.009276450474637744,0.003457692953238148,0.0019391735962754689,0.0016510880939160015
0.9101856650123689,0.3306642395984063,0.24704202172734072,0.02066354839991747,0.01889810619128129,0.011453002048146586,0.009876276393994703,0.006790329226003942,0.005939702216452916,0.004824695205642821
0.888593509674117,0.3942629473950456,0.2331011024613326,0.019098089736471747,0.009642395266579055,0.007809914085335169,0.006456453462780753,0.004286523783849606,0.003445381609650352,0.002861244908729927
0.8693312137933455,0.48961677085055144,0.04705220635688818,0.04078984675395151,0.016176732178791512,0.012912099277679948,0.009312214200533533,0.006762447265481075,0.0051858892241094245,0.005178713081726626
0.8521382412839543,0.5190821260084417,0.06245476499997947,0.01592830086121275,0.01092723632609111,0.009466779803000203,0.005533866237478789,0.0020882887852839644,0.0017772024510121281,0.0015838645519363507
0.9946038391335597,0.10245153522536224,0.013533155066889893,0.007999492931649208,0.0030806069274331056,0.002167225118235321,0.001715993841811666,0.0009396390975752831,0.0005860491056227094,0.0004735032303715162
0.9980554351665119,0.05972175840021521,0.01510231825693114,0.008883177749569792,0.0018635566415319323,0.0018238506663808187,0.001058577625420195,0.0010030539778412232,0.0009140411406259905,0.0004934983846329506
0.9856295011824265,0.1508191771576844,0.06231824428697522,0.03121171109085766,0.021111532950670506,0.012925761219543462,0.010452068119367872,0.008263466307589243,0.005553374435500872,0.00523585340208985
0.9946040443267568,0.10245511427186008,0.015250425454813725,0.004857078530637205,0.001407028717110444,0.001399821882806014,0.001147670621363853,0.0011076684206692215,0.0009247825644621468,0.0005773923424336479
0.9602218600493062,0.2787351255967183,0.013430904790087086,0.0065362699093093725,0.005202716906117097,0.004287725809471117,0.0016644417155381357,0.0016636982364848854,0.0010223589612291942,0.0010147134056007706
0.9614045038389664,0.27463471731369243,0.013457653018848922,0.006541109013063221,0.005214122658841202,0.004342923910251194,0.0016681142282049864,0.0009978319213394082,0.0007283433106831102,0.0006703532733744803
0.956604117964948,0.2909670572422312,0.014473556567605265,0.004473535617918045,0.0027854011643549145,0.0016732481590586135,0.0010676902927506764,0.0009864075179066662,0.0008847765393056737,0.0008561862866151105
0.9579372172773242,0.2865539832600995,0.014505025856232423,0.004529437452059378,0.0027919756365201386,0.0008869286309170318,0.0008577616044545161,0.0007337667361432932,0.0005982783216585848,0.0005431536799441588
0.8182696199630278,0.37264512225220076,0.343294108525512,0.21391123431543385,0.1346152727797362,0.08541029072757438,0.02726196767508499,0.020423643832890158,0.017042124677262547,0.01534121993899246
0.8781605960098231,0.41080368105175813,0.2155471470357391,0.0689837117671101,0.06360998257284138,0.05597322095575676,0.02397241717848895,0.018601201476381377,0.013360263741139413,0.009728019792339252
0.9602182416509861,0.2787330442208542,0.014138433756172823,0.005493914959151611,0.004041483644655546,0.0036552164075060235,0.0034382988048092217,0.0025651785272594965,0.0015160972121332212,0.0014547032170035407
0.9565993448529868,0.29097328695381924,0.014132270022734875,0.00421516549908789,0.00402758965648678,0.0034383282907172125,0.0014547937732975818,0.0008289189286717022,0.0008080380596054313,0.0006844076483842549
0.9614059229581905,0.27463254010444116,0.014592694932097,0.005529372208823208,0.003603300292193072,0.002540572413489528,0.0019330774022092573,0.0014968193492070222,0.0011238769913120194,0.0010011733803767142
0.9579375948352322,0.28656006331659767,0.014589114708588508,0.004154883482900225,0.0019335168859130095,0.0010013131619920088,0.0008338391977681091,0.0007965982533902156,0.0007786122420110172,0.0006380576530170516
0.9942971706317857,0.08571415243446039,0.052006183456854635,0.02311881716604639,0.019081697908858247,0.010347495594977605,0.010086230736001294,0.009088027985256642,0.00895956536579636,0.004603279620566539
0.9990356486403807,0.028503816341185595,0.022092081404394184,0.016337887447915665,0.01617385942554305,0.006842790769059852,0.006455272919658135,0.002093994471881438,0.001164801145662492,0.0011361195260897571
0.9984933896014858,0.04175300242221809,0.024965129675257953,0.023671213621982642,0.007905669098120368,0.0020140707299102466,0.001994137350561493,0.0018720155174815145,0.001809735870469966,0.0016787075287348363
0.9970274210559227,0.055439799167761004,0.05051648770212092,0.010253137143041664,0.009761728272290934,0.005456804999503416,0.0054311693367839,0.004456632809478566,0.003402724490894641,0.0024250724266993142
0.6959605329981303,0.5884751012989994,0.30429625359084905,0.268478425512398,0.0359303612257289,0.031181357172063842,0.02392227374287481,0.01886213206702949,0.01884516584613091,0.01769083200356624
0.9962109421643609,0.079280017656371,0.026714302101711662,0.01781953087199998,0.008921641255263813,0.007198671835437494,0.006667085319767591,0.006301157573464314,0.003668348457369431,0.002271821124584278
0.9999409396870036,0.010674101925463305,0.0012861317673632847,0.0012559493176333748,0.0004022094279099252,0.00038302629674792887,0.00035710215184946777,0.00033373079558244386,0.0002700938342753994,0.00021520911937633464
0.9999410247987507,0.010682861994853814,0.0012874705637866436,0.0012559211418883029,0.00035752950056522223,0.00030729330683226786,0.00027046177534002227,0.0002154903174646484,0.00018213402323349442,0.00017669557242443065
0.7158685055463143,0.6307791647983527,0.19187119593395727,0.18825384177974772,0.12373165730734999,0.022786230699497412,0.017210675060007046,0.015541419291686507,0.01493540462923449,0.013711347892792977
0.9805945864915017,0.15188829474217275,0.1168090690430115,0.02786469519948753,0.02503670539757344,0.010336022333048554,0.00864364088022869,0.005456486046079502,0.005074735922940479,0.003910467369484967
0.9998657750054001,0.009559067651426079,0.008591730467769143,0.008154010581748751,0.0051806594113876685,0.00225811909328365,0.0017520236389753402,0.0008408242554541533,0.0004946463203126554,0.00039910568953196123
0.9999397229252389,0.01080894050197571,0.0009963860616409913,0.0009253795318139773,0.0007910153893252319,0.0007204046718157935,0.0004277072964697853,0.0003744121601410898,0.00023891760471608987,0.0002182575368964611
0.9999399554780942,0.010842356275961886,0.0010000302380203509,0.0009256945428683658,0.00038186846990011757,0.0003759177813416806,0.00023996824988808404,0.00020828171704607922,0.00019215652622350308,0.0001859022698292188
0.9907340973029091,0.11844294743679082,0.05290866476086836,0.028515423465657316,0.022509731077332475,0.010305214260102807,0.009097036081265546,0.006406931433375565,0.003789824202812693,0.0037063235028353537
0.9967981154298179,0.0743270838881416,0.026976561971690606,0.006776295457587748,0.005410120095207093,0.004785746165213986,0.0039002379767922772,0.002958516519065361,0.0024353689094141883,0.0022306530310950063
0.9830657763926411,0.15689674800236905,0.07474924351211443,0.04868529947543058,0.02763413507928366,0.009300213293593793,0.0068727821310622245,0.004921893460043068,0.004201140015966352,0.0039004040137215457
0.975302528948611,0.2119078757720748,0.045846132871230016,0.0338680248442539,0.0169580970956595,0.014008129053337169,0.005589013320088605,0.005557614155920604,0.0035832483516177664,0.0035766394837121775
0.9733582868362743,0.20724891864364609,0.08942773041875292,0.03209765499306054,0.0169209102211298,0.013973520534095236,0.005596044929251033,0.005526450746979677,0.0034659805587062523,0.00291452246362337
0.9663393235905666,0.21863884716285228,0.09671837273796081,0.05710066762346312,0.05014610693211725,0.04708414996164754,0.01407945291621904,0.013926355681456002,0.013531738536990204,0.012962933525277017
0.9479905034060173,0.28814160249665005,0.09477444714648751,0.0777943826738325,0.044339176508355026,0.020480778655487735,0.014381880889823727,0.013140200325584623,0.012929039630957007,0.009709825732969662
0.9933088950757327,0.09840812749295849,0.04236423919683889,0.027515624744257915,0.01802485258245437,0.014674710276920862,0.01430057316024727,0.010606616646176749,0.01042183680751941,0.009376746625839445
0.7394198128592518,0.6385334807790158,0.1774281055164222,0.10319491295920676,0.0414957474710515,0.02475089402286342,0.016518067133310214,0.0139078157161014,0.011020027247242268,0.009978237498429148
0.7159405800663786,0.6597239094731525,0.18603034715311445,0.12686558719632224,0.019844848253218892,0.018728733437605432,0.01547764695755851,0.01104692136074023,0.010120732703047433,0.007463559630563742
0.8532201295948108,0.4941275613516401,0.1584082297651608,0.03282820993100151,0.029284569030208776,0.016575388976004257,0.011879202515595731,0.008774056682929686,0.007877321763758445,0.007127341393533352
0.8719634281580682,0.4370123183588245,0.21826260341032727,0.01685842176736669,0.013521129257037466,0.013414096742548265,0.01147352662104548,0.00889876200213466,0.007984069071590195,0.00701627113592016
0.7377610021725765,0.6561710976828022,0.12732270969165968,0.05872454150433677,0.046443158020983415,0.030254872310711816,0.029510370797541367,0.018120028572277284,0.016316381236049796,0.01344522148648912
0.7327485210100918,0.6640116385393501,0.10873618614597248,0.09228065711758265,0.02550433552768265,0.01709704761925945,0.01701036153387803,0.011093645237334245,0.010190817736819702,0.007901205488696656
0.8341315913146518,0.5169019747411823,0.1477061743346246,0.09227940526003503,0.06759576425066077,0.022895762730961663,0.01949278426318685,0.016266367938348198,0.014274432201033856,0.014160601873663562
0.8511489628909186,0.4797727611930437,0.20901678485817554,0.021999564300679772,0.018048079031098233,0.01787387694282799,0.013023780200101682,0.010434843140603748,0.009161824126001536,0.00515175663196989
0.9776951997006054,0.19408599604194066,0.07386371067052112,0.01884776010850977,0.014728375706674042,0.011613244168825986,0.01061839528245517,0.007923112246217223,0.006578368952663755,0.004288552312910606
0.9880500638080316,0.11445103285114318,0.07591261749653364,0.04235116700911675,0.038962167661411674,0.02600265735200345,0.02069403882439465,0.01573347984348982,0.009905041784660324,0.006881450508475353
0.9948962699593689,0.0982891865598061,0.01836880630556933,0.010961444221986959,0.005084405378379543,0.00245296904475761,0.0023337497603734313,0.0022075095005787563,0.0020598165912922885,0.0017745934251610412
0.9896481782827576,0.1367917891974196,0.03276406991018093,0.024050124771114123,0.010105775792985817,0.009440405674601518,0.003100492101097445,0.002256517082026737,0.0021253553867921857,0.0020835401134230627
0.9108112782252146,0.3671868272177958,0.1799215529184032,0.04974409820793871,0.01677069954291667,0.013920695208509576,0.008870960009347088,0.008424850919430878,0.006123247536911143,0.0037833285467558987
0.9191867830269167,0.36376394706065596,0.1264568903909442,0.07209076221173916,0.029700554028783643,0.020902522715501037,0.009392965497321612,0.008810578604077496,0.006932575723792021,0.003564999088286498
0.9969508805349142,0.049028800044155794,0.03984119630037028,0.03805624849648559,0.01819487727726088,0.015240439737301364,0.007766914827774499,0.0023206591200481555,0.0019994393729034195,0.00182593978374482
0.9838519668200485,0.17404031742511503,0.03664801273147382,0.014936423688131183,0.009297033310927263,0.006442377532261188,0.0037227011356684627,0.002599625496998913,0.0024101317134227803,0.00235901292968693
0.9842236188687578,0.17257054281937345,0.033665833053874106,0.01495076824615332,0.00930165028161566,0.006452206355194926,0.0037801739193025494,0.0024125156570782673,0.002248711797073425,0.002078884332834823
0.9084995147649868,0.3068188529807498,0.25017960675698286,0.06809586842079556,0.06332828560432754,0.05214035890297736,0.0484407858111158,0.04148785450007438,0.02496508726500855,0.019093433232911024
0.9978283374507705,0.06372572827538434,0.010187988064993903,0.010141724987416535,0.007386921523871351,0.0030206593830339255,0.0011100892628105072,0.0010748007219824136,0.0010687952733369028,0.0008912537474485811
0.9978420744354034,0.06352403776485042,0.01019032488439619,0.0101496825585258,0.0073925249582583764,0.003023902761375994,0.0010893235981719923,0.0010761874751410363,0.0008922797576388621,0.0006974952193675393
0.9984148033959072,0.032476801087978256,0.0308885487894723,0.027032632033366977,0.014723554099001565,0.010541966528865602,0.007581746179104509,0.0032896493499731507,0.003056840809530913,0.0018790709727908952
0.9969835190479425,0.05733627495188778,0.04728946117682814,0.014997212383630831,0.014486952597808073,0.0042604068600322455,0.0032622061312174533,0.002625612380197855,0.0023932773900667693,0.002135865673718155
0.8255951086396697,0.4800829004142933,0.2347213822560071,0.11970471173845167,0.09374419955840475,0.06163956861629533,0.038824499947762756,0.033991701381083,0.027163834572417337,0.026626901892122794
0.8564662459501226,0.4660511905030728,0.15106011317756055,0.12764089401674303,0.05477212024425276,0.049115656955894274,0.046261060882250134,0.02312271962263355,0.02123804391149591,0.017140114575054072
0.9972332028541303,0.04948952936610026,0.045605444712445715,0.023326088527565597,0.018570183440754225,0.0063746535480412375,0.004217042976695994,0.003709943773736485,0.002657517873917799,0.002474944025211923
0.8636906283869784,0.4946362356570867,0.08949557931248658,0.02186008746873016,0.020420195801289707,0.011594527756563618,0.009620966043875412,0.00809871428496293,0.007591193325730499,0.005537175321546833
0.8800512894691409,0.4599674554295768,0.11429092345865664,0.020769717219780676,0.011777692049367934,0.009695213835869677,0.008285000010495553,0.0070311147779151305,0.0063462843855361635,0.005172308427316049
0.801618323477188,0.5884802814918849,0.0991086637923332,0.027074158967266167,0.013380171837652752,0.01156386063843778,0.006549334832762027,0.006142665369474271,0.005272068692367352,0.004958639718262393
0.8250084415783145,0.5506758503116048,0.12486068756437212,0.013746199461664145,0.011729052676900869,0.0077590128343383484,0.0061545432451425505,0.00541802870888732,0.005127394814534566,0.0043141382427752915
0.6084334049623965,0.5453784842797779,0.50416444649274,0.20571000875692666,0.13866823313054427,0.08890732907242856,0.04746110581609423,0.03538502885821417,0.02749481745278992,0.026805332639621694
0.8557854248848888,0.5024346313978775,0.10582232110921115,0.04978462468531139,0.017891268647781705,0.015814140456227536,0.015237316628608156,0.012676147974659602,0.010709255989015207,0.009223461496727557
0.9983011709135774,0.03989907488306056,0.03036790132148784,0.01646212699619116,0.015622062564032474,0.01462944066259897,0.006583439305671131,0.005912039582180289,0.004768553526840191,0.0033957775397297596
0.8699497128389609,0.47248372470474553,0.13637020898933724,0.018434002058066844,0.017601156521685396,0.014759567783621795,0.013687501125916008,0.00941488126885327,0.007474005392151569,0.005745538233082939
0.794558315569966,0.5970209629036696,0.09520820733684635,0.04795252914366214,0.015199142226488013,0.01296773611082849,0.010298975867141432,0.00964550862825986,0.008551769544514845,0.007395519202585201
0.8161167627538697,0.5637908641031372,0.12387173453999405,0.017106971254153617,0.013048447459077267,0.009188155895650111,0.008823442242323587,0.006750701245880995,0.003956126881594813,0.003248871902340242
0.9954249141525371,0.08232351093208465,0.032374351290946006,0.02759701226289854,0.017257681255093662,0.014505320851330952,0.002828999888832006,0.0022192383736853124,0.002159149975881062,0.0020001991505640532
0.6783566271639626,0.6735209482745095,0.18890649553364305,0.1542680879278208,0.0966676044043519,0.09110701942277998,0.05550836013125476,0.03502617251068445,0.0328989599425704,0.02872214542255972
0.9926631010917492,0.1197459052714407,0.013487644329164564,0.008101280568428378,0.0030512265714197477,0.0029179839594047838,0.002162912540516008,0.001835345413669318,0.0011029735143642304,0.0009684438922618914
0.9928930228385443,0.11786755518905258,0.013529357949297726,0.008112206948327592,0.003062791066404359,0.0021692382794176973,0.0019178843535022235,0.0009297504437834792,0.0007537447887300811,0.0005810841607946992
0.8006356773986384,0.5345651312538997,0.2363550113116917,0.09627210746337056,0.06593476003169876,0.034585362767255094,0.03039256074210974,0.020103799126853644,0.01449104832618556,0.013114758171099963
0.9948481063121242,0.057990159532862545,0.04579215941261438,0.04113336819414539,0.0380288150127653,0.02407953812501251,0.020170263857124702,0.018917171956848312,0.009501233365228701,0.009078196708513434
0.7710996370624823,0.5836796517041802,0.15519891590942927,0.15317587904481209,0.08413969391534422,0.08305192444573378,0.02551123876706661,0.023499699965628392,0.023128835144764614,0.02187680619512076
0.991168886380908,0.1082095196897353,0.05891860363717199,0.04646879829142694,0.010241894335570947,0.0059620337804378665,0.0057930751538826175,0.005268115541866137,0.002888724556676278,0.002126483683562333
0.7725988200927085,0.4087811874599293,0.3702383082945636,0.2787244384836582,0.10183433303777656,0.06540403008696594,0.04128093621352774,0.02771939387819753,0.02529902578178208,0.022487039432454413
0.9800234895412898,0.15179220957745485,0.08126286254075399,0.08066950867353384,0.03119363818184326,0.031043723306592927,0.015216239524539448,0.01438204202433499,0.013704605901038332,0.013197593392691581
0.9961589350032737,0.06265856685099903,0.04380591631644758,0.03520338594667836,0.013453197695973917,0.01008667724707106,0.0095926595593101,0.009362526688968646,0.006926746406208539,0.004946386269932069
0.9947540763072558,0.06524751258583433,0.04485189817180212,0.03979068615733567,0.03559953300339839,0.026004271021163188,0.012697741115987347,0.011604071997457586,0.011367612444118682,0.009754946688151966
0.9977281179104875,0.06372964593456469,0.014517118681077405,0.012022934209952273,0.008214008858132048,0.005000079214263301,0.0034228066020075996,0.0018759823481471721,0.0017385651065399508,0.0017020109226610835
0.9978253559208674,0.06352684956884098,0.014941274767455543,0.008252248677977716,0.0019125128505223853,0.0019105961276506495,0.0017878732697251157,0.0010817278225442387,0.0009887670412046254,0.0009705535504140572
0.9944921105510012,0.08657007824187479,0.04912471699045311,0.023511795024861285,0.015450774616241536,0.012902079820574962,0.006893488697434439,0.0030993585759178715,0.00307767371389098,0.002939791860104048
0.9871533255105812,0.1292679170493892,0.05010028302178041,0.04607431379429955,0.03840835432301261,0.02592329524115596,0.025169393959238368,0.018477318643641116,0.015591036921401366,0.014904448752598595
0.9829247478063791,0.16855273580717697,0.054429448584848036,0.03131082297076512,0.030618081764322045,0.010699338838897229,0.01068950658383524,0.0082427061075144,0.0070313077317212215,0.005703536577128083
0.9831466100956632,0.16744519186252504,0.05509970067575321,0.03133412380798292,0.029594692262088572,0.010704808853499784,0.009206942564102044,0.0082491256707621,0.007970843320777878,0.005702205266618688
0.9915561237805534,0.09025630799089066,0.06780342116052851,0.05449161936462003,0.019253229496649777,0.014648597925207318,0.011290968233575607,0.010206439480169666,0.009726592152504574,0.007910004706865629
0.9923077854512036,0.11969885680098111,0.024780511881520157,0.013772930707594324,0.010377568784893319,0.0052434827826132804,0.0044711408172253934,0.003308697680652173,0.0029022385649041735,0.0019292293840408434
0.9901199104564588,0.10840371439740609,0.08197737565468817,0.024979035110874414,0.013489117204869481,0.012177054160427359,0.0107283707804448,0.007069318808290321,0.0036308271226279092,0.0032771463768777416
0.9928965918632859,0.11787074970366758,0.014908463263318525,0.0045290921416162415,0.0027725265531216405,0.0014665225831058265,0.001358780684706303,0.0013345743405410004,0.0012756242484450269,0.0009653675838876847
0.9988909743972396,0.02878448256983361,0.026645208973299826,0.01660284917342898,0.013606445022958286,0.011446144346165296,0.006609582884548536,0.00353936328330861,0.0022549095719396144,0.002069710741065908
0.987187586271372,0.14974221775355817,0.031031113968613015,0.02382584167573813,0.02359355621429116,0.022316827372966884,0.014170235292435404,0.009606145696070798,0.0061422595534306665,0.0057893464412390955
0.9571973204992875,0.22873047373525718,0.11058962012367134,0.07754624332781677,0.07557382731235779,0.06311181074006725,0.03735500460235885,0.026645255208538172,0.01409902067544936,0.013820392145796622
0.9990448995954169,0.02802583440515193,0.024610385209939533,0.019866583676699363,0.0074178053253089625,0.0035942139222307485,0.0035416889733996897,0.003206474721707763,0.0026268971626871914,0.00185035553191834
0.988606360370345,0.12390107148321018,0.05902054245425444,0.03897257792489509,0.02783961066901602,0.02782208614343902,0.01341697263011206,0.012864617892055404,0.009657282325846492,0.009419748817398713
0.9246316743971204,0.3091591050142266,0.18676659096807186,0.08553968585984255,0.05060666427502082,0.038334752400052054,0.03651458349351893,0.025401790615710004,0.015496675026086381,0.012747409964812122
0.999938803586768,0.010750670360372552,0.0014964871368273666,0.0012449756707754035,0.0011732604129046451,0.0009514546629509913,0.00034887682743790457,0.0003372565476744548,0.0002478590452727157,0.0002159428152907053
0.8159623978344289,0.38525614005865777,0.2534164290308519,0.19408960856087215,0.17806669575129783,0.15204444194640157,0.14611883750546356,0.05535050848198019,0.02737556602777505,0.026767188106082467
0.6678292613459005,0.5162597318848087,0.39390358063827385,0.29680336720331446,0.15025325878693513,0.0710923044697238,0.06364256780453548,0.06340189975678386,0.051837134960760964,0.050459780794048795
0.8807510371183975,0.32486391408822085,0.2937201005068539,0.15793327279819308,0.06595729103615292,0.029824350993925865,0.021000067312398882,0.018343932021990774,0.01753385968738673,0.016113982126798942
0.8275097512219195,0.41611054340601994,0.36894014193535,0.058611075185356756,0.024658615691648473,0.019826699708533155,0.018506370244543324,0.01329351895031004,0.012051248163031377,0.011603474127237726
0.7894440142294263,0.6046025875118748,0.07070014513183404,0.04776079560952962,0.036818432750102686,0.027044173939966738,0.019491814322281042,0.017575770198843852,0.013446708504866237,0.012596208694187238
0.8116951211345652,0.5048955565192105,0.2652005565249455,0.10907135964916813,0.04415104278791537,0.02048099908387047,0.01698859882109092,0.016027827195536363,0.013976636961036895,0.013417064884986786
0.9955414118566092,0.08711237480508273,0.022596416239873938,0.01894430941574636,0.010353606872896886,0.010027611679175343,0.008613597229194032,0.006287530497843642,0.004917532594546193,0.004668523773526314
0.996906283951097,0.05785772051453691,0.045624954692933754,0.02022710671447004,0.010386268735265266,0.00964605225015009,0.0088833717712661,0.004643698964435469,0.0038206440956177726,0.002213542694404195
0.9989843508510597,0.029750312134668118,0.022515927702381647,0.016334648065424884,0.015377477983485804,0.006844835627187363,0.006450568411164597,0.004952244135491052,0.0031460288792379697,0.002082765264745178
0.9990039121221613,0.029712685650031444,0.022500447144141466,0.016325377960013376,0.015363320638809838,0.006846540557406438,0.006458542696250916,0.002085475312669546,0.0012764365863044754,0.0008867711632195655
0.9954441579390609,0.0755032999792305,0.05163886675852116,0.01887211562438901,0.014935528694030233,0.005903866208219556,0.005125905301274266,0.004688737796727058,0.004383261627739118,0.0030276512074423937
0.9840422928227923,0.15334081803912297,0.06687384379528441,0.04282489681465696,0.021841210690949596,0.01847272600820944,0.01730142551584289,0.014928837410502696,0.013498325407571947,0.012624108916130966
0.866475046845947,0.44670784724704055,0.14904603115883833,0.08437200875426622,0.06992162191238388,0.06787813879759748,0.052241458037850665,0.05008241158030069,0.03952515498677151,0.03202793774517011
0.9983847802411207,0.04378966648446307,0.025186658822341664,0.02421649722266458,0.00791278384306229,0.002047046752497208,0.0020016544748997873,0.0019836120979751515,0.001868468030599923,0.0015806222601515267
0.9983910107998776,0.043700514445286234,0.025192731188444388,0.024191602729579962,0.007919272074026481,0.0020479533421947573,0.002004040448717278,0.0019858091251645795,0.0018703865398938325,0.0015792337317587076
0.996783125759187,0.056499633876154136,0.053827240889408524,0.010224972990150686,0.00985733459840544,0.0066050168879414626,0.005229602813079351,0.004458757420305341,0.003384504852926143,0.0024459986121077477
0.9967950253012853,0.0564841600352392,0.053663406967909506,0.010234906068394957,0.009859560836234337,0.006549780820513621,0.005248208153032704,0.004462143305824779,0.0033884074936972675,0.0024949830614656456
0.8892919187791857,0.3953577891924149,0.214189162199591,0.041761380024851615,0.037880046943824935,0.0366053488319171,0.02488663879261034,0.019090003998218686,0.012906448611448537,0.012369763186209453
0.9957685054631719,0.08435236231459688,0.026987078228740153,0.01803530250816911,0.008883793501420864,0.008257166936909928,0.006642457747468532,0.0063031232336329766,0.0036496571821913472,0.002324516867763973
0.9957936150324217,0.08411033712203278,0.026990197835156698,0.018035597063905638,0.008777451794728254,0.008293720066560198,0.006649482718716403,0.0063088993076810046,0.0036537605672502054,0.0023682227625698733
0.8969163555738611,0.3097279910193302,0.27553823668172683,0.08162790780915057,0.06722378684020536,0.06346557543474927,0.05557177462788467,0.04001075553122788,0.03257582578528754,0.021587627595378096
0.8658939232001894,0.42713677923491433,0.24257799564152838,0.06263624593646723,0.03968203419571767,0.030806618999877845,0.022969330431313266,0.02038515614262327,0.019581931988320776,0.01620338857406113
0.9087113697410416,0.39808513778095594,0.11882680920578115,0.021245927949785273,0.017024985610446693,0.01404683228658659,0.013722829306051475,0.011869814555158427,0.009016396974871062,0.008941242480070038
0.9944691553337776,0.08074572735812237,0.04843093718448183,0.03512386245411422,0.02011062158509499,0.012260953510578291,0.009591631508596057,0.008471484635737976,0.007594040990474665,0.0074316838383387184
0.9982468706890677,0.054866617888837926,0.010290757402674903,0.009885353770326497,0.007780666147767268,0.007608700842754101,0.005947020276732967,0.005920989965294439,0.005387819145342416,0.004672595402223109
0.9978192089772007,0.06133483769107206,0.016297652412517242,0.01033017533139059,0.008834584720705054,0.007888482774583585,0.005928617193725881,0.0053826922229667775,0.0015321406550764742,0.001503976378219196
0.9998630738242703,0.009530950757798907,0.008636597477768085,0.008006259647244291,0.005161539760925141,0.002274848304314859,0.002268330031911468,0.0018320248230657965,0.0008320387976612029,0.0006999295672497307
0.9998655333119927,0.00956121550723217,0.008603309351614699,0.008095668996468425,0.005177586973501582,0.0022821856672124306,0.0018313150654700404,0.0008352662545923628,0.0005234301167000781,0.0004906128674375908
0.9169185981907321,0.3962477117826774,0.03733503792420949,0.015658839351683454,0.01362547949147952,0.008808295100346255,0.008687762923772603,0.008202518828244408,0.0070402644348636495,0.005804257899619708
0.9989406281609986,0.03242757452213019,0.02289768351220016,0.015644212760847605,0.01500638796511688,0.005134640052820115,0.0036892786415503183,0.0019271062481433648,0.0018227808033208428,0.0017888078202112103
0.9878264201881575,0.15305869532437608,0.018832411726349717,0.01147391475071272,0.010666867449130533,0.006001198634797217,0.005766290736361095,0.004104137744239069,0.003895893792166173,0.0031835217165099203
0.9725732309000366,0.14666361498655636,0.12025769475454787,0.08674894281306797,0.0587224174692568,0.033367243221942136,0.032959491591467716,0.03162297428070957,0.03042843562740123,0.029460175508886955
0.985991789771131,0.14220335106566714,0.06471082799532314,0.0545346434235753,0.010170869465601487,0.008984038138687042,0.00643962220586217,0.006029012027418655,0.005913004306261029,0.004391198366039109
0.9875896858852323,0.13790891397966554,0.054404292323912695,0.04815278007957595,0.010230743582376129,0.009087157074560976,0.007041528231868174,0.006441481089898608,0.004028968888923144,0.003862575694966911
0.9962435943517026,0.08109761239226666,0.02726077342721539,0.006757183373433044,0.006451409650715497,0.00540278817928613,0.0036624893320866686,0.002980820402407624,0.002929669005092181,0.002610179551966871
0.9962989423674984,0.08051486073731846,0.02730383562450545,0.0067773885947255575,0.006264413059277787,0.0054181777953006905,0.0036994096407177665,0.002940784268075399,0.002599704246664293,0.0022145906791067515
0.9740543862274786,0.19222566584473752,0.11373877633355926,0.027910695045500068,0.009332324696016017,0.009233577752618774,0.008805837268738844,0.00841885220004517,0.006731438754546235,0.005162668220487304
0.9794433790080171,0.18384715858263945,0.07575670916784134,0.027985670277929912,0.009614797377104323,0.009338952730292697,0.006812311180409137,0.0046777936952318785,0.004628416286858665,0.004286846981565109
0.9929723613433701,0.10606869203041372,0.03987538112888917,0.02437583394703579,0.01863429373218648,0.009283125424641004,0.0070890427912389305,0.004981413168057754,0.004250322226625689,0.0037320796745703723
0.999383362905029,0.0315558615135735,0.009500258489594345,0.007340374746068401,0.005710747729565022,0.004886247885361512,0.0032299041620691927,0.0023252176589224974,0.002266943433674711,0.0014972569461586664
0.9996732490128932,0.022436237484031337,0.009747658039067787,0.005002691507634637,0.0029429937258439467,0.0025377758343100736,0.0014894235546891287,0.0014631540524103624,0.001376872507876708,0.0012933143058175326
0.945926013848952,0.284024223560246,0.10470306320766416,0.08436136220516362,0.052929846351234704,0.04710636356181877,0.0136468277265022,0.013231449479694658,0.0131618755362622,0.012509331349481045
0.9496587339391909,0.2426399521061318,0.1606639790769882,0.08568066260008154,0.05253396714703199,0.047502436134264324,0.013715515711386938,0.013683550081924113,0.013178600502900626,0.012351806620182868
0.8267261815921175,0.4546099909747533,0.22030749801349403,0.1670360256843346,0.08068432338448346,0.07208294333980647,0.06857774587637763,0.06451279740949867,0.051246504529610167,0.04795425183931444
0.9999252764270463,0.008979453220799048,0.006223055255679367,0.002997654856435389,0.0023824217893360557,0.0022842792841538673,0.001834008796099482,0.0012826109019243156,0.0011256476893889424,0.0009548269440254868
0.9994322171761525,0.027475841754791452,0.012766757607188569,0.009874920598125418,0.00697439433528024,0.0064820329070652384,0.004345967981554267,0.0021535560051177773,0.0010733330037364527,0.0010247720819254397
0.907579266307049,0.39522995164368757,0.10083845748862597,0.08051502741581248,0.03882773199622611,0.0188007933743657,0.018275248870566464,0.013674177046218945,0.012470052004060032,0.012114785283569435
0.924563813235756,0.3418838176529809,0.13686988264502092,0.08111531366372761,0.03993758718845539,0.019512829632206918,0.013911266301811746,0.012534386870279567,0.011980123456670549,0.009583782756777742
0.9897162014176025,0.07493579456270544,0.06633263811363074,0.06128659644886156,0.05727356347928046,0.027077797565841805,0.025895944734109822,0.022969577595022956,0.02269201595621066,0.02154874842466067
0.9865333780678711,0.14903956378349223,0.03463079965045906,0.030972868346556374,0.025324675612086723,0.01965977991832236,0.01913619863319625,0.014597272625596517,0.01370635814052215,0.013332258592858597
0.8517984246289684,0.3955507148667564,0.24293695853458294,0.14432987188498905,0.09308016841953994,0.0789571784238332,0.07610994760957564,0.07555396498253417,0.04678366418993735,0.04288743410233031
0.9905795852622362,0.1211035955245984,0.04440022116310283,0.028674710016160627,0.016761345022521818,0.014532078028575326,0.013750522776443777,0.010784261909036755,0.010584074832076067,0.010032842419070506
0.9911242332629608,0.1173883523142521,0.04431762340760942,0.028631667267045045,0.016855187093570496,0.014863752202424719,0.014147200911335374,0.010597292717633348,0.010318041589230867,0.00944686125118144
0.5657970038132629,0.4975670463589984,0.4724274697896599,0.3269660726049335,0.28490360561808487,0.08501736940010814,0.050314573840597815,0.04539214768907592,0.04419323682104948,0.03375258584217559
0.9428182398234302,0.2909724201807088,0.11595019118386202,0.05372254993273549,0.05123147766317579,0.047084614284902196,0.03877915098195866,0.03476721316805086,0.02351963128053196,0.0189722424759157
0.9580425493704733,0.2649011416122292,0.05004035050140159,0.0473555819874826,0.04266650032637533,0.03905644747448736,0.03464368597708823,0.027828501325790213,0.0214168670788424,0.02091729013226398
0.9046171076648143,0.40359479488850436,0.10546784998716971,0.0533854077763293,0.04018777319553927,0.025916826019552863,0.022671153903264626,0.022296420444648662,0.015783869699380965,0.015235135733567233
0.9476270803082562,0.26266871974983186,0.15607033479220664,0.05647356265831276,0.04908861429279443,0.028569214442605736,0.024927116233168983,0.01957829898211233,0.01833909781708269,0.014341969218846513
0.930126599535372,0.3417590652807691,0.09865389385868902,0.06390831753852934,0.0463458095707046,0.024512854460222243,0.022261731884499744,0.016816796350190438,0.01437310413350588,0.008915116471178446
0.9202469059328836,0.35909734014891215,0.1447752246073664,0.028444285984616863,0.02207300152933155,0.02113275074232637,0.020961916180654887,0.016614562560273435,0.013975633009961531,0.009229483983720022
0.9232670123940929,0.25090261555103055,0.2349762253532346,0.08309352579365789,0.07692306710180603,0.06881569854116311,0.044778663318429335,0.04335458005267074,0.0378300761287617,0.03756962204556254
0.9370410802227556,0.339244054278342,0.05909837587853027,0.03443811684921209,0.026875871667881652,0.02418953362715369,0.01729855111488561,0.01334588951811262,0.011479186569794105,0.011124618441001558
0.9688307444910635,0.23713995930298393,0.06192686747420696,0.01699812644467377,0.01684569772697846,0.016075032518396398,0.011427025852823618,0.009355026001948475,0.008624902543754562,0.006119080325430723
0.9582605577501915,0.23870623507885122,0.09460165975640063,0.07794614153121812,0.069061943689469,0.045661153103119606,0.033120042033513195,0.02216608884344856,0.018004836817737895,0.01758924026105658
0.9404463474966149,0.2672295784854294,0.19856723960637318,0.04319499885687251,0.03712823694487287,0.02578689221098103,0.023187880143345392,0.009556712899285882,0.005658228566961076,0.004591878258824103
0.9788851188250467,0.15349237065486818,0.10554404269671806,0.04475357590799976,0.03918217171131821,0.028672996028512802,0.027536257868393966,0.024441727134890102,0.022795218356463743,0.020279580306524474
0.8863690315119459,0.45494544967004064,0.07524641878134254,0.019648536300353587,0.01674343608319652,0.01581408429634956,0.012202081476307393,0.011831998489584166,0.010207465059574171,0.009653800775938647
0.7055857474141276,0.6016401120608799,0.249783274809502,0.19764821666318255,0.09865108413034965,0.09494185461530832,0.08288420028449386,0.05496134540845696,0.04128504839612364,0.04062861443575593
0.9364957095560026,0.3404268583069591,0.0778787717610955,0.017770569832612396,0.013086940361374666,0.011355150300679124,0.010197510669584133,0.008541629146812026,0.008085000472522877,0.006383077190156403
0.9168588701438262,0.3734368299688837,0.10743175765884769,0.05616555518229887,0.03851281314384834,0.0324410942659503,0.025715969632954163,0.024819706484412923,0.018532943991701353,0.014878242002219688
0.9974150610469779,0.06105059778626606,0.03224264143864855,0.011289278134587109,0.009977417520438075,0.009093839262935628,0.006398528142814581,0.0031268373323915352,0.0027143615533502196,0.00248698474762903
0.8996901547243096,0.3888074594215437,0.17581024688059682,0.052735464202906944,0.04151557434481111,0.029081954631306067,0.02574538241584059,0.024292124262767403,0.02148101980167608,0.019373470319091528
0.8890018532145288,0.45352004653543465,0.044415050148895366,0.030927931650706834,0.017779659513144693,0.014370342555012499,0.009031468887600048,0.008785280928961272,0.00793476975783196,0.007560668060524994
0.992314903519195,0.09527454078396357,0.05450276183242144,0.04001122744967166,0.022147587584900662,0.020859042597037466,0.01579031734088371,0.009924830750224089,0.009023620043108495,0.008489247688879693
0.9922400265242026,0.09684058472719627,0.05314142348789126,0.040008182904593244,0.026918081715763646,0.020874496597392017,0.015803591082140384,0.00993204063056451,0.007099300452059759,0.006128948347555704
0.9938403873288894,0.07580752746956178,0.06229908050203138,0.03310362388396377,0.028837945324831943,0.018014022550027688,0.009452746837953151,0.007945989745267154,0.007665416692824454,0.007156431307345254
0.9900799513495937,0.12029837736251844,0.04985814329042157,0.04105106699184218,0.024929554265437023,0.012744016551171782,0.008875164371491885,0.008346371425217155,0.007364042014844983,0.004559269926404212
0.9397225860742898,0.3394710668034173,0.026481734856236224,0.021365575619665372,0.014155532241691927,0.010175954476692539,0.006125028365506886,0.0058711087208248285,0.005828676679182414,0.005561057264908474
0.9235944648567269,0.23195037860761347,0.20354138072889136,0.14860019458303594,0.1083150997620689,0.0838776741365244,0.04647660437185093,0.04534617756816136,0.03339265666263481,0.031008767293865497
0.992487324297782,0.11727138974285305,0.023732667431167566,0.016309394126035555,0.012499092539832382,0.00927937745086803,0.007101727278449695,0.0056804788273176554,0.003943142118698256,0.0029014434767089697
0.9852668501488263,0.10619566999910633,0.06480690258105475,0.06429639519959357,0.06119203882852503,0.05354520848621989,0.03100751456531912,0.028354930343395823,0.02075855421234105,0.012467238513979647
0.9794442393127265,0.13207355766967718,0.07606639685931771,0.07565297717822259,0.059791480928148684,0.05579274900159057,0.05018285817839788,0.024693002351173034,0.01910548150342635,0.01798090929914947
0.9919038105982578,0.09624478189169766,0.07493257060980774,0.021317019778006346,0.018671105619228464,0.009995554287997605,0.008705506392566589,0.007876122555059302,0.007212655717680633,0.0064650642036373435
0.9367282387061834,0.31289030765553605,0.10692767521229603,0.06481223555344968,0.056827343619812544,0.04763176467758427,0.04361359462809912,0.02019281779379487,0.018041028287073886,0.013831896968845429
0.9751380192330458,0.22086540597875795,0.011286171190043716,0.010090197610022484,0.007375631594383174,0.003217798329585735,0.0028572053788754877,0.0026944616766162127,0.0019251565061082021,0.0011321727189888223
0.9799481171389075,0.1262454069679337,0.10024446216352849,0.06526901285610749,0.05047105597929581,0.042492735618297285,0.035670580110276254,0.03255377125516195,0.026332770109604657,0.02049388858780833
0.968424117150315,0.14868567452515039,0.12425235164011361,0.10327243848929572,0.05538489567952875,0.04608039047697219,0.04391333536674033,0.04294721425177519,0.034739345226268516,0.029322461263506593
0.9866923669715708,0.1130933899616663,0.0939226185737987,0.035405707367126144,0.03173212571309097,0.03015821803966375,0.0297612268368028,0.01486625030397431,0.011026215786103459,0.009250661527732922
0.988396889504283,0.09151330716553052,0.07268310758572548,0.06603461029716891,0.043660173966586294,0.03683986601554021,0.024205760511941815,0.019737591423386193,0.014113357810523355,0.013493629488782948
0.976641201724146,0.17067505170999772,0.07038505062101184,0.051492493601155334,0.047324831813503124,0.04600403633574282,0.04398838334032854,0.03512166883592591,0.02120652265096511,0.01965298940606873
0.9639067476908695,0.2379750467690486,0.0908398818483974,0.05289532500810652,0.04089040927753908,0.017257652026027376,0.012764217015247346,0.012413505877734503,0.011757292823369219,0.011598496601320677
0.9366323101773881,0.3128985656767966,0.1470003832935492,0.030765172641793227,0.027874135958799152,0.017652910920806987,0.01633658530660738,0.015895440870590815,0.013239957608004352,0.011995893892102146
0.9709371882301315,0.19613039358363454,0.08046799421510763,0.05668355620936364,0.047599180896963966,0.04231735850285866,0.035910940805925155,0.03258505963027461,0.02224994751751965,0.02087963942154929
0.9952347186570087,0.06551249830255333,0.06286221681072769,0.025128565201141075,0.015287655398045321,0.012959833081753873,0.011339446661521868,0.005261510282710525,0.004255202257030859,0.0035891074100985157
0.9965650702268833,0.06826478709140353,0.04427401232447135,0.009676135828476588,0.005995125568033084,0.00513441551435626,0.0037264870474296636,0.0035733742428880728,0.0032589506837015386,0.0025525129738783207
0.9751363915740912,0.2208634872828114,0.013237166162483925,0.0094259330602702,0.004441410331511985,0.0028492485134416165,0.002826978065023223,0.002242813952143983,0.0021496294208653236,0.002050942597210794
0.9969418026651654,0.04462287119115947,0.04240938461625661,0.040240392419703556,0.018322822298260922,0.01526335894421116,0.008003641332193816,0.0038392656723643536,0.003456157101786652,0.002878194313449653
0.996973487799411,0.04498469847082454,0.042281621053104124,0.040198838220412994,0.018326630947851648,0.01526572539192401,0.004606803556054864,0.0023110752505164874,0.0019919314298933893,0.0018764628031486157
0.7638930158414362,0.43508689391690897,0.41404964227275715,0.1567689031312332,0.08380120428193,0.055014471374401894,0.05430343318214878,0.049267033674079704,0.04849247414762896,0.04566863708745366
0.849513295798257,0.38399523368626504,0.27551717564758177,0.18502463596055257,0.0867993727603831,0.05477170746111334,0.05208740249118143,0.050347871451320546,0.040012554494574123,0.03025280095288503
0.8174682221259036,0.509065507489748,0.16493480331694335,0.10748228788661846,0.09947141798923359,0.077747359365524,0.07449205400528851,0.07363648528992117,0.03296936238258038,0.02809060400117591
0.941189046016884,0.3100243562121426,0.09759480332305835,0.03940924437852731,0.03713692156029938,0.03541132733213742,0.031803136972140295,0.029713483940584724,0.02132278652986327,0.01906165964539951
0.970434990469201,0.1930288405045178,0.11140714951830984,0.048017762388676964,0.04574597701355408,0.03992059748170824,0.025581327151266372,0.019241441474084797,0.018712237032506615,0.01859844579091868
0.9442865744801532,0.3104069548781627,0.06663428888416253,0.051727928284465076,0.03711763992235352,0.030229614428057824,0.028868689565562024,0.021836884413623036,0.016778200552938927,0.012340762765131678
0.8405690688086255,0.37522452903224845,0.28791187387902045,0.19754093626894834,0.15219645479128055,0.04101922993062789,0.03996556026369423,0.03343753998291933,0.01978668513687142,0.019339893968369225
0.9997941136873659,0.013418642410081855,0.00926511427605663,0.009260932977271178,0.0049362998706601845,0.0038605977362368396,0.0025359205291023926,0.0019688332558476336,0.0019387065260264992,0.0015827653946726774
0.9983011051015332,0.03357744323194981,0.033024788206631475,0.027288100824080053,0.014720362332019213,0.010128444346704216,0.007564339852135444,0.003613699894167882,0.003303490567465125,0.001867101166417361
0.9983050304193077,0.03343037990262219,0.033021275206808795,0.027295921008512806,0.014726978210664621,0.010174447368593279,0.007571482745918944,0.0036401546304272005,0.0033061827631391495,0.002194233869546428
0.9309322420246086,0.2664876073398012,0.20505367428693205,0.06428955100455387,0.05801111561952179,0.053176632657755206,0.052481915298070066,0.03683615746758942,0.03262370424126786,0.027434032681201637
0.9630349108082682,0.22692184177145422,0.10246267931718145,0.060419716532376155,0.05762533917408121,0.03590585071255345,0.027232253442143604,0.022430360026626933,0.017061878425295836,0.012583859547564195
0.9979181564584884,0.05852359860810823,0.018981896904255686,0.009691685306072475,0.009169124297767247,0.008609573708968438,0.00547135561638007,0.004659827608984726,0.0036719989665558346,0.0032641693728150383
0.9964457559964561,0.06391256923770511,0.04771028360094663,0.016418191358152086,0.013399851057380131,0.012271146289072504,0.005804169639244467,0.004446879801452782,0.0042542808586633046,0.003254419581643265
0.996579161570106,0.06350569038337589,0.04773072097598907,0.016372888532207013,0.013547031380517468,0.004262542900748279,0.003176573986391883,0.0025407961113510366,0.0023805321849595185,0.0022111975510063463
0.9592129124132214,0.17133546716988957,0.1519514355600747,0.10399364569670654,0.07935095726881163,0.06719456219263475,0.049436777515570934,0.031155678390146036,0.024859547816612176,0.020253495528750796
0.9584530372401188,0.22480972373094266,0.1446542844268107,0.06949945108383006,0.04669699315667798,0.03157538161603206,0.025758079339426875,0.0188980685778736,0.013698060981611573,0.011861577430216303
0.7664858368672364,0.4457855834213305,0.31855115575739573,0.18690695094751147,0.14578742763144792,0.11762377564693567,0.1032623850260617,0.0781226564399178,0.0768232088860929,0.07097204258888602
0.9874296192303392,0.10471296373056133,0.09957821582267025,0.045054803665811036,0.024488209569539763,0.019464378052014092,0.01915467739769371,0.013181311874992024,0.011958500145321863,0.01007064069894929
0.9970065848654043,0.04999746216516191,0.04982026413700912,0.023653762494898214,0.0172249724743787,0.006357372137034719,0.005220210570934664,0.004370631957982765,0.002641872008775147,0.002431008750425148
0.9970285319858332,0.05000726869921252,0.049601039439114064,0.02365249455949375,0.01734431559502076,0.006364774646784415,0.005120170899296343,0.0026446257076556444,0.002465520644652438,0.002429410217997365
0.8951457393754859,0.36164984282559026,0.1593800975154366,0.1329293011884287,0.08924914758178672,0.06185952488369807,0.0517385314940973,0.04324495808185149,0.038963124965246614,0.033635439397275514
0.6774203784273011,0.665557308486144,0.2414555174352334,0.16321659266963626,0.08102557106479549,0.04009555403857906,0.034830812005112594,0.02613853546319605,0.018858336323936086,0.018297336694678392
0.8433439535619491,0.30351386633620936,0.2998718272343311,0.2627175780073044,0.09713993766442333,0.06709153257246236,0.05751325390432994,0.05428733732161535,0.0534763005210307,0.0469361390937999
0.9974528903869357,0.04153036979055381,0.03581697413499093,0.024629217487965874,0.02283340264834179,0.014569221353344663,0.014128569958483205,0.011159647299200676,0.010021186003952357,0.007910726253386508
0.8663303070307895,0.398204917544218,0.27187583691563666,0.061687357448493275,0.051171297820105835,0.04209202443327535,0.0402034329737861,0.037004639926413924,0.03104056985124192,0.024630737556788455
0.9290095851018773,0.36270875021868904,0.044813541634690736,0.026364483130287802,0.02427372024745422,0.018788746828426205,0.018473221671627117,0.014396703806767022,0.013328215335477976,0.012146935124545219
0.7663351382122975,0.5503323548184466,0.1996300806352329,0.1597284085743648,0.10973464914005977,0.09376539523971855,0.0769336847167082,0.07364592983324976,0.04714576655253864,0.04653619197055232
0.9934934522076649,0.09462375593360504,0.037824592495847034,0.030105034656843915,0.02916698952568773,0.017269760900208878,0.01442818932168899,0.012535669900447724,0.008787341488274038,0.00434798893959671
0.9944505210315853,0.09348092969794417,0.02993531230429395,0.02969248784208528,0.017374321326523317,0.01450531529839521,0.0028273690080223776,0.0022119970596647847,0.002146979889657515,0.0019851080302051784
0.9982207932927379,0.04041728792739966,0.031042063176246155,0.018492798754135623,0.016386183243305118,0.014685036189180076,0.006574858431959735,0.004609858213142879,0.004271098076050329,0.0026579891781052167
0.9982292268915054,0.04042018844618014,0.031030421810693307,0.018329792474846132,0.016403073555771818,0.014692962273435145,0.006580335716811854,0.004630018158724353,0.0031247777856061986,0.0027297703368686197
0.9675259472934145,0.2165133478739081,0.09603401603721788,0.06001652403397026,0.03506812489416169,0.022256101378877693,0.01956746527301509,0.018188329278608733,0.01795338823971876,0.01762820274531554
0.7019349796923136,0.6679516274902791,0.17832375827751198,0.11113821037802057,0.07858065168583976,0.05228869621306742,0.043090964544095264,0.03288443841971007,0.03007103399985189,0.026539793409108264
0.8258135850597482,0.5308897117568153,0.17790687578049363,0.03910336450041307,0.018290441269513284,0.01811434895927532,0.017295950142970064,0.01669933080735697,0.015667669632390573,0.01566544212079287
0.9929161181742392,0.09846469558981415,0.051721447624328724,0.030593937106663402,0.020415678046273027,0.008665691443191924,0.006973802392238511,0.006865954314279045,0.005980692800282756,0.005912524463454877
0.9991973343628829,0.02707184543667243,0.025107882504412624,0.008917395547177208,0.008428731169067604,0.0060506096499458335,0.004693491396331733,0.0035278633460077593,0.0019219814254570864,0.0017606077519051893
0.9965692189635553,0.045240188137513467,0.044310105109968766,0.04018180937672749,0.014338026433330946,0.012936319812263045,0.010550203874085565,0.010029574092718792,0.009954660470472165,0.008857806785430857
0.9930252067854861,0.06452638617218058,0.05138125068757997,0.042478835349959124,0.04046464946522652,0.03374383107400401,0.025050914805524276,0.023622021703041538,0.019135337489079796,0.016292764645470113
0.9961608661510076,0.05417307176898733,0.044738179899314987,0.04013699037997979,0.014709940057597832,0.013583046179233343,0.012436791623560215,0.011144224928339871,0.010141279039560101,0.01007576895661669
0.9937864844526673,0.06424156965698614,0.0509862905507369,0.04378382893903323,0.04033298196850743,0.024371643047567115,0.019685820410739175,0.019185951881570146,0.017388950057330217,0.009364689764994374
0.8451887243062364,0.5242490763493878,0.08077231024299335,0.03815518392259076,0.028390270580808615,0.02095240526873169,0.019488087644134344,0.011556873112328253,0.011439633654927612,0.010597747480402996
0.975711319160047,0.16670607558937042,0.122775494972903,0.04543936657518042,0.03303142621372548,0.020964443488678923,0.017230230909457925,0.015407733435426216,0.01520357296288219,0.011314324327327268
0.9713678424314828,0.18534466209399197,0.1151021885445152,0.07441444169065607,0.03346243932286757,0.02623795619666464,0.021029908798225024,0.018123602026286597,0.015066125590174107,0.009534041079237296
0.9792442669739932,0.129020657270645,0.10040732639542697,0.08262994357953304,0.05238302344456735,0.034042561210879174,0.031170858648084155,0.02896497343733418,0.017893556203317472,0.014646101875990244
0.9836534671340466,0.15850583127957965,0.06791565023207075,0.046745985830310824,0.012200198838646202,0.009741602738679769,0.008577869376087113,0.008257922211816903,0.005141151041425569,0.0031301619808806703
0.9848481226888136,0.1510595384988163,0.06701461011384774,0.0468562464461915,0.012096619568264865,0.011229576356299236,0.009895559222426341,0.008385382687686639,0.006745645851869098,0.005175860424246568
0.9797626092603154,0.13032052648552625,0.09815078734218577,0.08360977775310584,0.03521995934546827,0.0339020750777485,0.03119220757051777,0.026717015636755687,0.026459123576078453,0.017730394131994356
0.9911126275965281,0.07410141288799518,0.07306251403867134,0.046930644251330415,0.04204946064150159,0.03504676615322782,0.026160414349468076,0.013753673247890565,0.013371741776436461,0.010884693260942426
0.9939094713883961,0.07336318695431425,0.04822962887410558,0.04214089945781079,0.03589595510220207,0.02621004585001187,0.013632718573796708,0.01128326587237555,0.009739467684161581,0.007629517134501751
0.9832871009353019,0.12045372577501386,0.07449907248675848,0.0735632148096381,0.05915473353950212,0.046282253317835635,0.026541604596580674,0.02311140241568463,0.015026007899097167,0.009172151940286186
0.993852467317658,0.07291974353086558,0.055393901654113654,0.04458048152679093,0.035553175430256226,0.01343725933917618,0.009781844668663402,0.009289426715799165,0.009052368433276347,0.0078075768907435615
0.9941809372604719,0.07465664564835682,0.04510318766740447,0.04257048703187975,0.03563188161635648,0.020817248218327526,0.013596501220578068,0.00931290856959933,0.009310714767825525,0.004981798211308659
0.9925158580081685,0.10107546203425202,0.049648746666539754,0.03070800989631803,0.0239262205295241,0.016911339116287002,0.01424468996480461,0.0071619040269915715,0.006841736776979798,0.004812409660091972
0.9180455353003636,0.3687293675909345,0.10648175240755925,0.07456273416677815,0.04644391478760586,0.023704507489494167,0.019133475317521954,0.017136861395210565,0.014720141709191847,0.014343587095297901
0.9643335675802063,0.1804141862408381,0.1522700535721494,0.04940665617976557,0.0484029935193406,0.044817376102282896,0.04385378548166697,0.037835551130276535,0.037143036619735365,0.025788400864328986
0.9112813021847512,0.37881805997279994,0.13540124599434186,0.04632305855107176,0.04266203246201968,0.0359055247352275,0.024022980841033142,0.023464105905253316,0.017883150493922632,0.014524215084577914
0.9586700463686616,0.211250211068743,0.1819443254731306,0.03566525693344231,0.02810913513436735,0.013780427775560397,0.011928478977479482,0.010850928614157405,0.009307571502030966,0.008987798769580847
0.9887930353153347,0.1261787629673729,0.05827331212844505,0.02938038763350985,0.02513173414020052,0.017688936167358057,0.014819823635837531,0.013133740803566777,0.009541341890522168,0.009527632898695838
0.9998605936800186,0.010421160478485077,0.009564514471574963,0.006179355808270347,0.005066594307613018,0.0023789710154838613,0.0014667693552854316,0.0014417064294023649,0.0010812108447811298,0.0008800092890580742
0.9899430546282267,0.12067732117623269,0.058177402697318116,0.035149521525808,0.014260182849289987,0.014081012455558164,0.01076981727311464,0.009418590160714715,0.007386996628550226,0.00696753709771205
0.9823337309780862,0.15905222129137797,0.09388318384543644,0.013908108122168542,0.012181171734241193,0.011142379619474924,0.009261989341854151,0.008540127185825828,0.007968482963925032,0.006474536718553356
0.9835950971889605,0.1516768528707842,0.09266954411611564,0.017816231151249997,0.014003264847716855,0.013177441809098946,0.009093320409497741,0.006766687402461888,0.005611656607369001,0.00551376244006829
0.9978819935643345,0.05795505563265721,0.015063824754015725,0.014691795754291099,0.01139429375188841,0.00898414059266523,0.007659130400571439,0.006675002776952997,0.004339083346390736,0.004116278949597012
0.9749992564575963,0.14662452158368855,0.0899720785035919,0.07258777876154231,0.07227998858230268,0.05923982134356187,0.03639092763273415,0.03005875876248279,0.028479572640664575,0.022895670115688074
0.9957419323375165,0.08946260233407204,0.011660504246204559,0.00923885676953534,0.007009538695702374,0.006889300394685034,0.006368946198369623,0.005615599609696199,0.005342162322716915,0.004660147426574029
0.99154083088679,0.12094056923709268,0.025642598276240453,0.02471753195844518,0.018502545227609673,0.01623961078917495,0.01392414438750491,0.006992972754894452,0.0038311296916124305,0.0031966714082420464
0.9965388039502896,0.04898225716571008,0.03347188228459682,0.032501869782073055,0.024395393681556316,0.020390598875259413,0.019131858150695256,0.015270983870605383,0.01399739678668971,0.013570225195641559
0.9963244975914232,0.05473914218769683,0.03244805643428148,0.030102013480800383,0.029046805661031183,0.028200785649880277,0.020583328050966528,0.013683327025231699,0.005680309864125382,0.0038788803488763596
0.9981946120689907,0.03343477134679526,0.02919746564705536,0.027745673421133564,0.01869065083034358,0.015826416421439688,0.013696293413836831,0.006057284657674688,0.003505313968941557,0.0020497649313346556
0.9067910244198684,0.38523915970057615,0.07389991033097568,0.07224141092058944,0.06425835335117873,0.06320700907196918,0.057310475067458705,0.05713542217149901,0.02802167386900342,0.02540051522989457
0.9426598497840508,0.2907409511899722,0.08545314724238007,0.07650736189760907,0.07343928996471313,0.06694593383586037,0.03835060968771412,0.026368960977302992,0.013685740473332117,0.0134071880738237
0.9423387151071388,0.22454628258783108,0.1398075365307545,0.11843473487018406,0.08625385308536986,0.08076216036490876,0.04620258220953092,0.045084925874968,0.0385204457200604,0.038151897792770485
0.979187934140024,0.17230672946695152,0.06828165705490857,0.0456770874606435,0.037019507945225454,0.0300879362013098,0.02795883442556013,0.023811607668564546,0.013305592613268654,0.011635602812096623
0.7893393789324773,0.46482401246217653,0.38207720076086304,0.09156124406913094,0.03131396797078379,0.028351694196350325,0.02799182345183448,0.026827959561630744,0.022147966499686218,0.021832555325375414
0.9884724750620419,0.12958719287286213,0.05815099020469945,0.03177679326664679,0.025891179679297254,0.022591396959835256,0.012844235465620479,0.011367544435667483,0.00960677341286909,0.005846432845589821
0.9815186793037769,0.16211415132587031,0.06733029306048818,0.04210497355975061,0.03928295086111204,0.029958890303206025,0.028039522331468884,0.01336282393706201,0.009803174590878636,0.009191266356188726
0.9134568576591705,0.33341076278567944,0.1672087380977813,0.1460861600784762,0.038280814235231164,0.03723311732520312,0.027459157544259975,0.021047118280536833,0.013002738202462852,0.01207680835654729
0.9761786504603531,0.1576835280447633,0.14265839958410306,0.0296910721770607,0.014178975518597939,0.013550286923757574,0.012977382439301544,0.009213868003022147,0.009156227295458922,0.00759347872716044
0.9105630537386362,0.3821329763296114,0.09945735876882113,0.09468826824067703,0.037011463843047814,0.03478031723960099,0.033201870357743475,0.025356812304506888,0.015837028591735126,0.015051060950377986
0.9995494489281177,0.016587806930933945,0.015467685424039703,0.010662040816576937,0.010130884785952601,0.009340410368653436,0.005519688593845265,0.0045984399035928596,0.0031219038779963172,0.0030196047115834484
0.9969295863449245,0.05707938107126695,0.03138842111174092,0.030839690289084325,0.018412255218782012,0.017142393029630047,0.009358844889862957,0.007928278454678113,0.006844077997337857,0.006448022026614866
0.8671335037636039,0.35389666384966717,0.29498559176032946,0.1212497640496463,0.09195410576212071,0.05228200048776824,0.040478709861243106,0.03835413055911449,0.0313292695480304,0.026795346061070393
0.9990299565564249,0.028611229562976407,0.024887569610572036,0.01862628498670529,0.007649290193618203,0.005284570010968403,0.003215528258245287,0.003195860632266991,0.002592323546518899,0.002512211751342508
0.6193708069535263,0.51753777881117,0.49613629761499706,0.20207407368037747,0.15993117454427574,0.09104970801390526,0.07072655594832504,0.06647000541713607,0.05613799684848609,0.051502603409340326
0.9241278275810956,0.3085545037783203,0.17167707572877025,0.09115344504077497,0.08495532113819425,0.043812558902877115,0.036305679073197226,0.029970054642480422,0.023788109529497573,0.01944229101024426
0.90720875138973,0.3876758143779855,0.08299543060407362,0.08112627216406687,0.054014734264268754,0.047251770209350556,0.03484838075062098,0.0338925504229415,0.03261362033590869,0.025886385308908234
0.9997271626927215,0.014206721505017393,0.010254062121038804,0.008794938307112326,0.008440019242752428,0.005393704371220331,0.004302923677639952,0.003749592010848056,0.002925724381651214,0.002629351681670327
0.9990523235061695,0.034991189144670296,0.02034495672611753,0.009476852712963345,0.00813801950689735,0.005204706840921525,0.005118518521852147,0.003658097486993992,0.0034465840676746393,0.0026354793113613595
0.993714071812739,0.09261463293123288,0.037125014249373846,0.03706479534354301,0.027782704354312338,0.017736153086408277,0.008056367928449399,0.003391766223961979,0.0025939388708591396,0.0019348037147080036
0.9846086839463748,0.14236063527609802,0.07238564810829681,0.06817275355790613,0.011470729802375136,0.009984172672140296,0.004415075823142852,0.0040974836146574125,0.003978754991130359,0.0037941437061112114
0.8696266806420967,0.37680699862137784,0.30321734998296973,0.08255223319208414,0.04120945413327396,0.017523219600958873,0.01473432333869191,0.011712329503122024,0.01011831552517259,0.009977137955932035
0.8533976156294532,0.4981734488002738,0.08554397107616153,0.070866897422281,0.06671026879636274,0.03746221076685465,0.03250487274295058,0.02451457855735799,0.020697339119371203,0.019278984340590638
0.9375704783405975,0.2975605019153006,0.13740242804960706,0.057237212139614684,0.05670187000207185,0.041910827392912256,0.038238438401454994,0.0285057275343258,0.019706081866286498,0.01898997953018081
0.9717401418513709,0.22500972452533474,0.04068225508403385,0.039348639698982175,0.025227984942855518,0.024328656384217336,0.01522225260573805,0.015089733624265717,0.008643869803417357,0.0038136675998349124
0.9721446549441614,0.21703277400780463,0.07769743501959397,0.02956398381593813,0.019221041678028246,0.015349805895761752,0.006425975239401867,0.006108273707775835,0.005907098396052978,0.0049255911359273085
0.9391903563786093,0.3240189455821171,0.07438044806782408,0.04640892929612345,0.03767888208821376,0.03262637435600206,0.02776061910927133,0.016848502367100664,0.01663375956911302,0.014278904229328771
0.9073737571819809,0.3917958230905183,0.1262050212939864,0.044668779217822696,0.030508038200652225,0.027028533537988602,0.0213112346989226,0.020443405213736436,0.019037111178817505,0.018552728699368765
0.8346227504472451,0.41492899288592133,0.2587358588172378,0.12491877042616051,0.09440012866524249,0.09403355768989906,0.08574053760892833,0.05664682660257871,0.054681642720934315,0.045287697409325145
0.9431522625278863,0.2591371940489338,0.1552103645770342,0.10631123792989015,0.056743965053704166,0.04022930185947755,0.03740330495618568,0.018978653034356745,0.014480857503453709,0.013045928068397297
0.9916652888575176,0.12023713071013453,0.022865764552508643,0.022054155096976887,0.019077681161157656,0.013571076346344238,0.013261023833155165,0.01165112120970111,0.007837544127327322,0.006981723826469346
0.9636227774564117,0.22831801107333285,0.10256934344716499,0.0857981360058247,0.0231901948466565,0.013242637141924715,0.012567147252484668,0.00974719203310601,0.009141536419759906,0.008867983201581744
0.9198445974355409,0.3848566589946,0.05485574329018741,0.04193523614139719,0.023786605173052734,0.012971716197158208,0.008106176104020448,0.0064515000927459955,0.0053133138763747575,0.005250935118944565
0.934444433728205,0.33966730685234037,0.07298218210026437,0.04580956868153078,0.03530194063989794,0.025470418075714485,0.01785977798759475,0.01734721596408446,0.016286140374405348,0.014751033083738709
0.9727436981103501,0.12065280746869204,0.11052896939263301,0.1046072641098382,0.09171512605974952,0.05597225766570115,0.032755899042824,0.03151302103919214,0.025969008994545698,0.024020498446953698
0.9923796059798133,0.10240716464415366,0.035887538768919175,0.032415495380974865,0.027203786564935252,0.026216905821555992,0.022036589240337842,0.009009030179061309,0.008622687361550514,0.00750715199406031
0.7153232139244866,0.45360790716094185,0.44393823826263085,0.15943545069232062,0.13639438847146385,0.11986928558953057,0.0616012503648896,0.054916284528018326,0.05269921725133491,0.04525466533397147
0.9693446908379039,0.16313420139536214,0.15105182801041045,0.07823627787527705,0.042851475400361286,0.02365550557789805,0.020398867825235513,0.014860085134518357,0.014528276962954799,0.013955929176544613
0.9602845858413448,0.263426536936615,0.06977017769017449,0.02712021909755728,0.026765032241730515,0.02398746323855219,0.021147191336276214,0.015951961479822717,0.015545189893815519,0.013446259422440396
0.9478716543908923,0.3122284241297459,0.04744058975528845,0.02907162527897538,0.024313851360730804,0.008470475339193647,0.006545904979746316,0.0064226835105660966,0.005693220941697425,0.0053249645560352445
0.9425772363871808,0.3212871452319619,0.07277752414180039,0.02875848128873828,0.026915910508261275,0.018683775500048804,0.01453758405873855,0.012462684620425475,0.011980380081566844,0.011221284125317983
0.9319639763975585,0.24187548032505968,0.21884862725320423,0.14233448855177797,0.04510946532739314,0.0225111200513363,0.02150527324238049,0.016893819191581873,0.01552933294146893,0.015101361734565687
0.9953823965753104,0.07950701744971636,0.04669775698146508,0.018904013087034103,0.015686827771089186,0.005101521764742743,0.0047516000081935395,0.003827696460162597,0.0030498882575953675,0.0027512584964168767
0.9953845411026437,0.07937026379403819,0.04704938340315039,0.018916619925223737,0.015627558051691796,0.005108140407486263,0.0049423155825658385,0.0030504901421511267,0.0027805183918349166,0.0019726068323204786
0.9081391619885533,0.3382156579845942,0.23297084871380414,0.05553575126146738,0.04187062719914583,0.026175235556106142,0.020261790612853818,0.013186142654209133,0.008651019662124386,0.007267272324070343
0.9363753019097139,0.28987149595215506,0.13850799949510895,0.09912031930323299,0.04797372116652494,0.0428775053278058,0.04112242839983671,0.027730770367394363,0.023254154152660064,0.02051338245051027
0.9700110908214314,0.1862165736752839,0.0908461474497544,0.06216314809712955,0.049505250541251745,0.04606758276429673,0.04227166277182636,0.04069069171762576,0.030537499316717072,0.024924762129873525
0.924573425782093,0.3134363254900017,0.1838099656256142,0.0636756358712548,0.056398122592326946,0.037924343934185305,0.03121427849082823,0.027746597875490803,0.025618302393739693,0.02336140641361354
0.9505844114996395,0.28126690440758734,0.07812464888110207,0.0671332710985566,0.044671262492138035,0.03597133901917386,0.034767547889460765,0.027466512870677036,0.020511185690355663,0.013717103955856753
0.9424810528277329,0.31620455704346684,0.08453352725245408,0.04881385009716696,0.02571822775382899,0.015501316931725084,0.014893617362693264,0.012114769930384498,0.010142581320421494,0.010052238800083404
0.9688548175145867,0.20247558279592562,0.0845482982797167,0.07114132946575528,0.05004306866171941,0.048731445064562944,0.021371700390045562,0.02113986578648115,0.01914068653487334,0.018592192180548205
0.9459263211652322,0.19685381596064896,0.13627466646970895,0.11782250284835176,0.07847383630318716,0.07740889739934505,0.058477192788100395,0.05744343514374908,0.05028930762829404,0.04530403689928823
0.9746817467286053,0.1396373197439238,0.0957606616906408,0.08855061868491033,0.06756363871664743,0.05502714677815003,0.043598600062106516,0.02614713086246074,0.024984068809740557,0.023375383517117026
0.995443405029855,0.07085421539256284,0.05440130356618215,0.017870642508871624,0.014098626829582087,0.013254831781221785,0.00960174685020838,0.007864892756218543,0.006525076566556647,0.00531319083461359
0.9869213083355226,0.13598959217258494,0.051802674061464986,0.038303796361678286,0.029088006772686758,0.026712066752943187,0.022946795079086046,0.018239239897727466,0.013994866521604886,0.012051420884788763
0.9460443892382604,0.2984778486555319,0.08694231359115916,0.06152774653400886,0.046440429588545926,0.024389068602352217,0.01969810725544206,0.01883880580506055,0.015705967016983163,0.012401190183317904
0.8862655924408723,0.4424443274587852,0.08439979261611881,0.0620062196550266,0.057346769658133,0.04400056193630106,0.03435843832206265,0.018280202746008563,0.017440789485472372,0.015360815009612734
0.8607489322537356,0.4603747242503543,0.13165303663061478,0.10442574448540907,0.0654316994669691,0.05819379215525361,0.05216943547381169,0.0353820785748041,0.035035425860663875,0.03430863522202991
0.8905101319053915,0.43913724573554536,0.07727714728321954,0.04751000344722736,0.03941442682233646,0.03490880435843745,0.030480406119766955,0.02623722640708777,0.023023886892310268,0.014254158125290739
0.9947360257914599,0.07029917784618672,0.05115665381181488,0.03660537175179501,0.023375125284690195,0.020303032390145834,0.013630282254062218,0.008409734918882566,0.007611389522387379,0.007544510242163606
0.8567129269906406,0.41078978235186403,0.28058011752579204,0.10294579037845608,0.0433206884624648,0.0398814954430635,0.032316542303427495,0.029009639192809165,0.024633957845975676,0.01911318472293396
0.9948795222596317,0.07156461292145425,0.05062369850992726,0.03770051387737022,0.0203192837453841,0.012019440616774514,0.011455343845081718,0.00844761923910179,0.007578397192906824,0.007522873704024225
0.698685866974504,0.6613410688300772,0.16524952402666968,0.15563375984574612,0.07666126319699038,0.05865118567857251,0.04968448080288502,0.04281795059728478,0.0349713550409552,0.029631468535537296
0.9525641357952443,0.29676605441961623,0.034306853144629716,0.03328035192411068,0.027309437638377943,0.021084717530154718,0.018190193465037648,0.011935683672667443,0.011863743100311604,0.010836321479147731
0.9811049682491945,0.1445176944339447,0.08529049275493993,0.06455428982502673,0.04202223699496034,0.025449562797970247,0.018698339984121057,0.01748169584604862,0.01729623314481413,0.015809508112893767
0.9635197463334948,0.20853195787507173,0.09340225900224539,0.08026307820352128,0.07702903650890824,0.04007184236285484,0.036073790417771284,0.033067196266152454,0.027147112411599013,0.01947967821927661
0.8620696861178287,0.4764317548695335,0.11391087955705959,0.06579415166634867,0.05462754260960082,0.04930002082317196,0.04094108315638103,0.035320642992303905,0.03169739249102156,0.029068878941441337
0.6272183805230622,0.6139584146580735,0.2883655318732376,0.2366416396481118,0.15979728808533383,0.09836813890550368,0.09750817852947857,0.09468701352028672,0.0840820785554595,0.07739600120360764
0.872156166102764,0.4069605556831697,0.20434302360085857,0.13380489283796607,0.07016783843431026,0.05886349289669921,0.049153794247534424,0.029667102249080198,0.023613794602119747,0.017217597247144827
0.6744755504445848,0.6253485974296359,0.23284451265485626,0.1493440173487263,0.12193850134270305,0.09871005713024061,0.09364703798284357,0.08830775911458591,0.08300423995390917,0.07568009239929539
0.7145476440740609,0.6255811410175282,0.18428349831873594,0.16492831619884374,0.08354437830926842,0.06634092937965905,0.05676047961509399,0.05447315992417539,0.05180195745381478,0.049979500467064064
0.9791820141927521,0.1117735496037131,0.10158796439500928,0.09161830440394148,0.04538717431099397,0.04532884384778445,0.04185900171547956,0.03842089897726006,0.03190298200298323,0.02165801343762392
0.9065864791831766,0.36449755716484417,0.14198661965959164,0.08206243664508929,0.06253715691148594,0.05388206957512774,0.04375338337751656,0.041134702652041034,0.04072094027623682,0.024194257578184854
0.9988687894207825,0.03353532222245313,0.023213435411600272,0.01641574912293736,0.014088831891402986,0.005374328226589741,0.005140310333195278,0.003658386670754786,0.0033090247323921884,0.0019076382839845211
0.9988677355782066,0.03350670215528786,0.02324188408880083,0.016375891050960184,0.014282173413967541,0.006908696342305063,0.005152527907908608,0.0036715894735575676,0.001956456483704371,0.0019148076205911697
0.9464798261460693,0.2489191221165303,0.14476584276444993,0.05628080938530082,0.05574876755690168,0.049439666022620406,0.04558013578397135,0.044033107231416235,0.03459287285766307,0.03360781842196775
0.8927544024931471,0.24657803491267424,0.20419989753965942,0.16956751248095317,0.12515786021171726,0.11232401205286796,0.09931943102049791,0.0935250065096102,0.08373613855793882,0.05801626667874065
0.9646145714620074,0.15051008000704186,0.12375409311730129,0.09726148595814975,0.09346758427089565,0.06425219290663269,0.04948169641307942,0.03218754725447949,0.031188447511743864,0.029845649251179874
0.9746058220998467,0.13589639382139243,0.0838675878731112,0.08053138640466895,0.0590230662675809,0.05595009093664883,0.053572905991603706,0.051022711952217276,0.035398750625604825,0.026955826792534613
0.9910303227090664,0.08784967412699385,0.07082974872933236,0.059804170883239895,0.01749843900564768,0.016547344625323656,0.014545559655577642,0.013654542384869415,0.013015995127741197,0.00925718561355798
0.9944619658536568,0.07066215618845931,0.06076870192507352,0.02872559548794897,0.026050066001669026,0.015218555265401274,0.011057318554532349,0.00950694657483959,0.009278409484402415,0.008980310199180993
0.789208223118646,0.36868742875226035,0.29335358238311493,0.2615157219986493,0.18003216650508422,0.15167118542375269,0.0956261316609375,0.06982901253403627,0.0513277443488881,0.04469452651318912
0.9982583494238432,0.03415940313106008,0.033371695133998305,0.0254447110291724,0.014827235011617744,0.009918015611667363,0.008156859150309429,0.005658973946121844,0.005482034762327866,0.0053974930478463655
0.9834921334883622,0.10810126561651587,0.0912551907762622,0.04627009931252228,0.04545784748989579,0.04378368704340478,0.04363170362900433,0.042330206461290924,0.025070279653311874,0.021875613732470895
0.9410912440383636,0.2304361386491275,0.19998151935992634,0.07359824224710734,0.06503169436164989,0.056979738660218535,0.04788301861179259,0.04408954345039326,0.03207198149404307,0.023288567997134937
0.7436138977770169,0.51053788180957,0.37445544524026464,0.15933432900917,0.05906165022418036,0.04872529470115633,0.04704978012870087,0.044830509562095076,0.03721133456842676,0.03581997189214959
0.9934939017326732,0.08093338197015293,0.04134254922685152,0.034664720052729005,0.026592489790778502,0.023672007072178983,0.022969394697409613,0.022863921134918343,0.01701902583096485,0.014323759977829167
0.9900718114238498,0.09534951469718515,0.06820746014493362,0.043020910801918666,0.03777307172339823,0.0300917653324851,0.025637693118238252,0.01803939333733243,0.01777662759188797,0.012743763398743054
0.9907474259672852,0.12051196948962117,0.03734926175472687,0.03016233609116324,0.02596891199429202,0.018548596761426006,0.011863194414921613,0.01037885734795328,0.010347213616781167,0.005763475005044562
0.9916524657979063,0.11808390024464879,0.03671326467553521,0.026045929260039718,0.01864822412071382,0.01026139697185063,0.009936656196599655,0.004956156054175435,0.004905970630890047,0.003713347252169405
0.9772224745738478,0.11597475248384077,0.09338981019704772,0.09124101819896993,0.06260952089761344,0.05854940534933814,0.0566274847520652,0.029942677405798698,0.026760709649749692,0.023582751049385623
0.9994751196086957,0.020620046616056275,0.018466982406758578,0.009499734733538075,0.008853819425567467,0.004876663660172166,0.004553786803839363,0.004213284103569743,0.003453249046046794,0.00312793830158751
0.9996294695870914,0.022759475341088964,0.009508791114376334,0.006053185757428154,0.005070134320206504,0.004875555597151832,0.003289484424710157,0.003076597178382718,0.0023903996855735403,0.0018967524340377589
0.9903112366998196,0.09888558065592137,0.0655494014641797,0.05451693231765229,0.02390674247492352,0.020231902468933083,0.01810794065746352,0.015987679156352314,0.012204316874890899,0.008881320610558628
0.9993587750455593,0.033128277635844854,0.00973923270641475,0.005008517364441759,0.0035212390819863823,0.003442098180337744,0.002939213762994105,0.0023013482547661088,0.002120068336664184,0.002065385541998115
0.9994072728069853,0.03197148886720256,0.009747223446117314,0.005013115173008491,0.0034186402662500803,0.002943366254464888,0.0020186450413573753,0.0019827403770239075,0.001642400114921691,0.0015081550755085531
0.8124080874720253,0.35152952778744556,0.30419262755880655,0.24490370017006505,0.12118848429933333,0.11230283233006905,0.07871478933643111,0.07381364655827537,0.06996774044553078,0.054932213219122034
0.9335106794803258,0.27159935712896127,0.12087143367991587,0.09018552641252403,0.08008441121103108,0.07800734216193797,0.07091419264321985,0.045803092932086835,0.0454287308109637,0.043261191575912676
0.8049925126348427,0.5385787538392698,0.16167678721686,0.08853911297681502,0.08362945403447136,0.0644912570875982,0.04085844144003462,0.03870970219213247,0.03772407488386184,0.033923675481012744
0.9340473579510085,0.2880368246111734,0.15404668082129674,0.11361502099670656,0.051109045180576386,0.04042765771792936,0.027058663658485343,0.023092434710986404,0.02167923948993701,0.020780112842385134
0.7487461145160531,0.497669110780844,0.3081667788066304,0.17663774811505034,0.16090886479527683,0.07444475745933882,0.06612787377437972,0.06448791778902979,0.0601774875631134,0.05452906991095495
0.999597684861592,0.019148926113980728,0.011579863216271736,0.008932583120260438,0.008743372709344513,0.006197567312776676,0.005195350636452379,0.004667025750733733,0.0040752038762221195,0.003677887825308885
0.9999266730313574,0.008974109019908917,0.006213066033750214,0.003246914044059365,0.0021601174691667016,0.0018590248090430417,0.001572568608702358,0.001288699974977814,0.0012304052305660692,0.0009486488283680374
0.9989824474713328,0.03161464216971199,0.019207051109050202,0.014328965890896822,0.014211084144417097,0.009830123978654754,0.006942267333098797,0.005260087342121608,0.005016886062853572,0.004095909262990862
0.9992643637115934,0.0319973610303584,0.014643080945479383,0.009869178098718843,0.006954977560447152,0.005963706216977684,0.004699902406203935,0.0034084279376418135,0.0030595072150441725,0.0012932735417399616
0.9263403334161268,0.27523913148019874,0.18782582014152288,0.09532505068005871,0.07459838374295764,0.07195285022129132,0.0619588412900003,0.032491470347437414,0.032294908017905966,0.029474218257499407
0.9879798290163563,0.07907483219754942,0.07903928757102938,0.071264942784026,0.04780655318088731,0.032341335257209974,0.025988722576502726,0.02323101207407104,0.022020223777090935,0.021307009275284835
0.672411537354057,0.6115312109696902,0.33257712229892344,0.18051405166209097,0.06642848847122126,0.06523673619959784,0.057320171215088346,0.05371319075264282,0.05203852876189655,0.05144556524075441
0.9729227473271547,0.2015292094748135,0.09237410533165183,0.041437917404667846,0.041407668945402105,0.01325564733233638,0.011920383067636365,0.009426879099283414,0.009232498340520971,0.009024068985936764
0.8534270747006012,0.39985250405676986,0.27601188407829014,0.12305374948182761,0.07142521629411942,0.05886972487652495,0.05644728278292489,0.05345234104323045,0.04401875849172817,0.031599615040824744
0.9954916205141578,0.06931120231546664,0.057736194959497625,0.018191450938265866,0.009756577043726728,0.009205855761355193,0.009177171030062896,0.0073778961888500945,0.0063758806663344976,0.00589481769410417
0.9970686980218995,0.07028678721572339,0.017567008937842375,0.011969298709060851,0.011762084306614535,0.01040166502860963,0.006964635599554968,0.006850358909950134,0.005984611930336025,0.005509631078364503
0.8299111437837058,0.4280497383631263,0.1904894619085006,0.1658714630182396,0.13572436353320316,0.12251991699229886,0.07223717682623215,0.06915310104537434,0.06556087399034256,0.05749703162008521
0.9713830111343451,0.14624188107864755,0.1301283093216539,0.09670685696152553,0.05281191147120621,0.039236615789800804,0.03428186911261174,0.02949120737998992,0.01971527887785788,0.019422041823000467
0.98994779522025,0.1272189989652259,0.03898688743227674,0.035025044014348056,0.019159791539298636,0.01337713342295584,0.012289668821898234,0.009741059760733925,0.0073682532003640265,0.006897099875814552
0.9968667835724444,0.07213770013458543,0.0231059673724074,0.014491508968388406,0.008631716106812232,0.007271219206378676,0.006141292137795804,0.0047341777836984985,0.004575633741946919,0.004378425651438903
0.9964401551473235,0.07236998798969714,0.03230026219485363,0.01961906917658061,0.012544380001028733,0.008062076094942834,0.006681310597972373,0.005714610897893935,0.0036604156050140226,0.0036132013902062457
0.6922326688233196,0.6750614389344303,0.15067248133269598,0.09990254528755668,0.09348674508376459,0.08120234613042214,0.06260384132438793,0.04914823734442062,0.03823640865309553,0.0343388255711581
0.951793402406603,0.20080385866776126,0.19043706224599405,0.07103891418269258,0.06760014349192439,0.052776096587019386,0.04149295484332767,0.021115816061512055,0.018728252465169442,0.01816142973847429
0.8858755173822664,0.3989099270125131,0.18341361556046196,0.11148906182354498,0.04649234831255483,0.04378419258911439,0.03762440524467762,0.03695139502183964,0.02661671211682028,0.019268044127224476
0.9769390905231864,0.1196026691560336,0.09787322047835832,0.07271411156125217,0.07054686909547218,0.0605225359993835,0.04759378313246128,0.04643868738409593,0.027744091544412645,0.020555999185259768
0.9730907005001125,0.20292266960093222,0.08384997383700792,0.053454209995223045,0.0265683378525186,0.018979732457930457,0.011175779487878314,0.01071499360532231,0.01064205197902255,0.010126166444464142
0.9749284089415645,0.1915105514197495,0.06964533926436933,0.048668998807980715,0.03894559900494801,0.034374259577923984,0.028203357208547563,0.02120437860653421,0.018805069676588786,0.011887712493122269
0.9734769080910831,0.19473711899167934,0.06401061622525456,0.0495815198623025,0.03993974362383766,0.0391954539915091,0.03561474290182925,0.028763560598062003,0.02822612919277831,0.02120420766867955
0.9461504125616885,0.21517394198653825,0.1739240684259164,0.0998263312326257,0.0723816621799958,0.06302798823134609,0.039441423251656386,0.03703359561702427,0.029541353538704133,0.02858937026952907
0.9148693654367805,0.24790653156144138,0.24531911760906175,0.13740012303063612,0.06332984560314196,0.05829884543304779,0.057631195216951446,0.055722248187189835,0.03822100004673699,0.03320341629904893
0.9783690408224692,0.16221444881976133,0.07363443805124338,0.06717839908691328,0.04961637613508262,0.03794415558636017,0.027112334699313716,0.015449249353202375,0.01476011220764421,0.013201896883115563
0.9806420944972692,0.149205628557199,0.07709960891392609,0.06848440839480205,0.04964088056498191,0.036248281203117017,0.015996695654463627,0.015032339360157172,0.01503231241190754,0.012926316262001098
0.9765572802527667,0.18547570394446924,0.07434553366357691,0.04348856880766559,0.042249850200041045,0.0295868818255716,0.02180381629260112,0.017175551276055336,0.01590490958793241,0.013009504773132763
0.9404583200888474,0.24417258720109472,0.13994545935085637,0.11687846362065925,0.06925714478844024,0.06437543576482713,0.044677336519357916,0.03899135036683313,0.03763893595248841,0.03494656055764197
0.9712123610597819,0.1673950710228489,0.1022064774190886,0.06724843849577508,0.04737988546343732,0.04024382629014171,0.04013200382867403,0.03904059353214836,0.03568498691319161,0.034185211647609674
0.9992139387592949,0.026374948896660876,0.01645319285602742,0.013195036282208762,0.010917792651654403,0.009335354951813112,0.007070453697578976,0.006840431243442566,0.005684838027175395,0.005482957213985259
0.9775877184867882,0.11535070214834069,0.10927093751443472,0.07978656394351577,0.07010690026882904,0.04709377098963977,0.04698031678162949,0.03422094346149243,0.01850117014454227,0.018199919902372776
0.9780879560291847,0.12388401200761286,0.10420688762740078,0.0804284671097737,0.07150959094040471,0.04712470066474141,0.034941489520994476,0.020783078498435862,0.01950979181653436,0.018218033738245445
0.9904706402134917,0.12030135557174142,0.04107785604801003,0.03119429631407512,0.024631227064326622,0.018679087527510792,0.017760492202585333,0.013170691234184986,0.011449096939440326,0.00847587430830261
0.9947875515273318,0.07203032954881737,0.06351429424313552,0.02255067469122531,0.014156857124490408,0.012362302074426311,0.012318191664995927,0.00630719296849208,0.005630355333045583,0.004265613120351988
0.9945095952497341,0.07576362196722183,0.06351909662407225,0.022591766049156126,0.014170329662059574,0.012438044173384795,0.011317605251945492,0.00647299929721791,0.006007880159817521,0.005731776059042287
0.9969860094501957,0.041871052560463216,0.03756066484920811,0.037261091884090866,0.031134949473749826,0.015583407521321242,0.010740540713494881,0.005792672200874588,0.00468184272687721,0.0039710135397057695
0.9285521410145112,0.33365118753562123,0.11565302291072718,0.05559983844322391,0.047561065744637795,0.040516119324605825,0.03336422215119544,0.02797269999008975,0.025921588704054723,0.02118515709795616
0.991054877069178,0.11254104377322699,0.06499437061627755,0.01737118273400014,0.01613327513223138,0.008174858966165884,0.007718805171556365,0.0063016125839590285,0.005297700451705387,0.004478787520317887
0.9900297283578917,0.12113768261038156,0.06495751191536527,0.017460848825790517,0.016933641105558693,0.00895645116721823,0.007716124718825692,0.006207007808761296,0.0057120097053189964,0.004585951039515501
0.953427567006513,0.25491131372754333,0.1162809551056418,0.06404177255185549,0.05471839992889003,0.03327356563658229,0.03143868342499524,0.023443045397211062,0.023425836794196162,0.02236485326926177
0.995056716805947,0.05399254243023768,0.0452490268330461,0.03309241417136107,0.032782157772932835,0.025580955285422598,0.020711352333692878,0.017970533512789502,0.016658313478932443,0.014865918808845233
0.9309536741883535,0.29964162161563174,0.1903913569725491,0.04936379120508169,0.04370432222153488,0.03729576721510065,0.023298975304987236,0.019969069617712016,0.009928842883004479,0.009425062779964
0.9328936693290445,0.2924873375027859,0.19498194678524486,0.04373006221158278,0.04183779302505839,0.03712391640463149,0.023324849133613202,0.009463572792977153,0.009365472841847126,0.007442458001508282
0.958998521368471,0.2336841075034938,0.12022448146935698,0.05603031555115843,0.03750764822553584,0.03426010535331563,0.033305666364768616,0.029265353338446046,0.02075204896181653,0.020526685673519666
0.8003065820143368,0.5753213995747671,0.09611116678618542,0.06752641361473553,0.056233421286873884,0.05477786243229022,0.04218553931411729,0.037041181625402354,0.03669507687232177,0.032247538612818004
0.9869106399282734,0.11646018107249836,0.06692498236300932,0.04850933849966133,0.038506625247628996,0.02270673492366119,0.020724518054606025,0.019993158331419673,0.019899587405499523,0.017057887211913016
0.9743706834537738,0.16513393349910951,0.0767127998613236,0.07353667987702049,0.05776649167520979,0.042442754443999156,0.035179252466632976,0.03327142008631733,0.03176195526486434,0.026513695095683323
0.9115668063767767,0.3187371277599516,0.187355239501302,0.1086733807949996,0.09705749299831505,0.05264682848574111,0.048640685112542825,0.03748803790054756,0.02371023482378294,0.02204825136876489
0.9649492385617726,0.23245755001165536,0.09593408628849116,0.05285990319315061,0.02912148614406866,0.02671547438579183,0.024037676006629215,0.012807246522539749,0.012160081181572604,0.009792053051805395
0.7784973428025571,0.5850785786065011,0.12770032622758629,0.10121959332357525,0.09414773893117329,0.054048503938390405,0.052806468167622106,0.04471381167988856,0.041792525702455785,0.0391458705584875
0.9187275704593669,0.28695409500917424,0.2482456825518669,0.05238723856711044,0.039486908886928754,0.03440406750318952,0.03404248830944289,0.029877258885595243,0.02792515364703431,0.025603200551043342
0.9849019448890421,0.10367085799621739,0.081943110191594,0.06865797230209582,0.06741137584920547,0.024785795998927336,0.024338095940458885,0.02350972692203205,0.016262402262175627,0.014638709591711126
0.9593331564203375,0.1537621059707269,0.1520072004504609,0.09527311338725225,0.08148891018883975,0.08009897136331164,0.06715305364321461,0.04590489925816171,0.029319819171974962,0.028165183155387786
0.9534766666032433,0.27016072279885006,0.09066380022280618,0.04833389978924488,0.04430587315492367,0.03513817082249732,0.030450318910349716,0.02730825606568588,0.018543506508710877,0.016799161783453618
0.8792749589560245,0.2934522906591396,0.2913781925951151,0.16090375572026397,0.13766984583225111,0.0544537061042013,0.04266478221526545,0.03350884940497642,0.03016222137384696,0.025620272730339094
0.9286147028910572,0.29717608534570344,0.17874246150475895,0.08537493783699224,0.05802301633373148,0.04589485028072298,0.03163066268643893,0.028868152342033195,0.02618676055551986,0.019178724829898096
0.8744375694697063,0.4548299621162355,0.10697207861244096,0.0706402889960171,0.0633639572890172,0.04404232516782941,0.0332454296504266,0.02610959823560298,0.025378252824126358,0.023078973909629565
0.8906374135598143,0.3320693700727564,0.2444270915685636,0.16176106358657577,0.07472982760707689,0.03395396677990469,0.029121587425851338,0.0285139954667302,0.022749069397907908,0.018734309578871143
0.8930858062936963,0.24560377029810015,0.23874745151590693,0.19042369402218667,0.11899386324838437,0.10747817539912774,0.08362370768266794,0.07833082336119919,0.04180009615687828,0.035759028923017466
0.9707505505854417,0.1910747931965575,0.10399542751323063,0.05990892959662412,0.05089715994769263,0.030509663159177493,0.030327276773776255,0.021421021534832614,0.020172083647670855,0.018985691322713133
0.950523310861159,0.2635440273986374,0.12492082423726449,0.06986925435970577,0.05398430598148575,0.03738281482018765,0.02390823569456878,0.01728935323810532,0.01714810108903467,0.016091424904246605
0.9831463822521574,0.12587942797743623,0.07563591487739198,0.04390120761909354,0.04350493913858975,0.03733532602573278,0.034252104230185064,0.033111033113971795,0.03263218927805893,0.03196625988628449
0.9815631572872969,0.1515282435930106,0.10750321792652884,0.02319574336904614,0.01968697327624729,0.019221927512475367,0.017851516698611184,0.015187560784982122,0.008489399190307452,0.0053963145142558455
0.9973585235228907,0.06166011042586021,0.03215069612963379,0.010868292401267592,0.010659185112964525,0.00921036104824523,0.006394318833112488,0.003705924794611189,0.0031399415220617274,0.002867838239020434
0.9973729046357126,0.061661380018754,0.03212833855146329,0.010849594103104968,0.01061757988206692,0.009220605143797859,0.0064018965753594665,0.0031517250112892796,0.002754692269159975,0.002479939877749597
0.9569591210022794,0.2373646201328469,0.08857872153232761,0.06382721887887705,0.053766988319921646,0.049498607924586956,0.04227729478909224,0.03905448595404057,0.03308413759306439,0.028070783934659952
0.922456814458627,0.26417064245596594,0.1382037878231055,0.13334127565291934,0.10355176640448135,0.10350298427142347,0.06919270507393672,0.06747466552684465,0.06690948795918218,0.04118282398405154
0.9553318745810461,0.2800979402132965,0.06296049333620118,0.04701512180158147,0.027237279507469413,0.02100036568210113,0.018851481492414977,0.016302520413533545,0.012805237276419672,0.011668001562205684
0.9768354084746764,0.13799943606527496,0.0988437171950317,0.07814817087828452,0.06814910534854811,0.039356518520448115,0.03639001275511746,0.026538372282789796,0.025286018922187542,0.022839430234327794
0.8746385234666241,0.46380112866922074,0.09504849137616836,0.046309398420044015,0.04497306966533909,0.040518517009668645,0.030962100541619592,0.02931733065288831,0.026004138577802052,0.025044394597224826
0.8508019244150091,0.3609846594067133,0.3395231104830287,0.10580862131462186,0.058975052039987104,0.05676890737432032,0.03966555926453974,0.035566588986603316,0.03461760785277715,0.03254697538496914
0.9394523075020746,0.25211355788039114,0.18721603545142212,0.06374407498358355,0.06051662150674666,0.056897132563951174,0.046054504151957415,0.03280273070103016,0.029339521330165794,0.021593902898166324
0.6302638253596506,0.6295602412495895,0.2901070961000092,0.24723172590900264,0.1379530903470855,0.12672553779090776,0.09394862207065983,0.08525372533586,0.045729523095737676,0.03873246607201148
0.7318158217979714,0.5457495484523188,0.23862513131414667,0.2195798047062724,0.21048525590737385,0.06744072479987041,0.056591339044732805,0.04415533577965471,0.0419362221822859,0.026556574631344882
0.9689834007087531,0.23065655791269785,0.05819718009848424,0.047921799810959384,0.022499754906005122,0.017472909783498657,0.013944742997932648,0.011805060751240276,0.011376808927404785,0.0112518980560962
0.941621965219663,0.24495281435799446,0.1888117889087433,0.08167305686444745,0.05665138502255116,0.045858381900934525,0.031465593707109274,0.025218439015812943,0.023731575714758566,0.022996425939269753
0.9113925087312598,0.3404531585291778,0.18330511583387055,0.09065099179153883,0.06073990693296054,0.04387762933620828,0.03547378127581022,0.032869027099523954,0.031296254640346494,0.030452798717014243
0.9963251839098088,0.06861835357016242,0.033039638537741736,0.028852083346722793,0.01785456033820626,0.0128450706659621,0.007892087086438996,0.005558530158914731,0.004494952422197316,0.00433954680149553
0.9961499408777945,0.06979201487918082,0.03305188593407383,0.028813093090042395,0.017846306015675342,0.017582380149764116,0.00788359581474057,0.007353632909097014,0.005577000008418702,0.0050132910317830124
0.9140989461385637,0.38284599203330816,0.08165875932126312,0.04629028382691754,0.04628839468170977,0.041089420664008794,0.03672320682938506,0.030580831466917903,0.024100509273728574,0.018810433445815178
0.9247574378271718,0.2779800220687059,0.21019266291749814,0.09759409252588153,0.0633262316802811,0.04407858604294318,0.04345625215513661,0.02884882940814294,0.02865470203671071,0.02406165859798822
0.9964466877166611,0.07561818982036848,0.028695480063688553,0.01625569770446476,0.007394104307189768,0.006590601049009499,0.005527240651641767,0.005299036670812937,0.004826760592361782,0.004079979097768571
0.9945444285835355,0.07618073988739038,0.0454022848786153,0.03590844058050709,0.02821214886405984,0.02171903903431479,0.00914967642060985,0.008590006224289983,0.0072028264409515095,0.005456238120612241
0.9099122971899657,0.3868940881429398,0.08374469943454642,0.06331546245681086,0.05209413445770974,0.04339058323408737,0.04312670723789411,0.03492815962864953,0.024364094815865035,0.02289730577532997
0.9929500772400687,0.08125523145386074,0.07812128095641804,0.021411511352585504,0.01886520523210558,0.010208908201597406,0.007744946959548726,0.007613871377790171,0.007221055718908007,0.005987009303920967
0.9927800595380002,0.08126813319264688,0.07754288006260245,0.021431888861499312,0.018735077755395766,0.014805818109810564,0.013767576554844885,0.010188881521651726,0.01015552442754807,0.007974220200250067
0.9701400083695277,0.17897592784645253,0.1162935746788914,0.05765496874707521,0.05173241390881691,0.04207335952625896,0.03340034496100651,0.03208985728562543,0.03197345287877134,0.02108420452044765
0.916592399390443,0.25355490936014796,0.166546351637352,0.1388156725272757,0.13529517562919344,0.10103806731453631,0.08822791262517615,0.07202434020325112,0.058282418192722486,0.02915079226928991
0.9838600567446045,0.13480811482165692,0.08162977246765077,0.05089224133576807,0.03194324585582929,0.030429895567387857,0.02780271950174163,0.018102462749048722,0.015735779122434117,0.01553713109432449
0.9928620768344659,0.08642787316925438,0.04547628854654527,0.041027094558055185,0.032204758533204376,0.030912209208074498,0.01487391595781391,0.013748909902978747,0.00996592295503316,0.009943009437467546
0.9702739936723321,0.1982048235319237,0.09720686314262732,0.07217214778973229,0.05209159615289296,0.016402734730526967,0.015481616344407024,0.015132426253139163,0.013613760283967857,0.012685872836112508
0.9563230941054056,0.14171150331200527,0.1274676633024472,0.09785245110941901,0.092508994208509,0.08554197858249467,0.07804804223778893,0.05759762744942097,0.05441119973352043,0.04937661483464481
0.9947944745211003,0.0721186621293674,0.055861100668511576,0.021242020719262122,0.01998572825906107,0.016094802962325704,0.015344725602802237,0.014582202153376399,0.013913035587613953,0.00860739480897354
0.8263811291974666,0.44382202367090423,0.25325093717926145,0.2021652921566662,0.05001007694709742,0.04998751134708796,0.04368500446029703,0.04090497209754038,0.03313210895055865,0.02699944892745402
0.9265931446574672,0.2816050531836995,0.20327621131561724,0.06001151902741693,0.05847088750664263,0.04544707849550049,0.04478996770329493,0.03819867771855656,0.033889819110145214,0.02868061770057393
0.9968376220786228,0.05771130622950325,0.03458676434826519,0.025489562324559702,0.018751259262382605,0.01582286744717809,0.013247467074756299,0.011570645948081592,0.010087730628254223,0.005374890511733066
0.9482515294065565,0.24573007638598465,0.12015838188734507,0.11216137300974419,0.08386338894294021,0.04308352132389789,0.037051336191393995,0.032981882050410936,0.026636434650211812,0.019736532899315068
0.9500540726990103,0.27792639157895765,0.11877913396652852,0.055810844315378055,0.02665749647991855,0.02641911163221752,0.01663618288059492,0.014172987906919331,0.013222759941627905,0.010900219795243884
0.8086479867569146,0.5061151155231419,0.19350618792987304,0.15434857383098577,0.11003262863694692,0.0735068261437525,0.049530116876177886,0.04114275287057371,0.041129299410543566,0.03439699737985783
0.8760097958965325,0.28352954349647963,0.25463681109472697,0.205614770255828,0.12511503324130302,0.12310477848935344,0.08885998862994654,0.05210404857286611,0.03005291048518004,0.02768750249458704
0.8804841713408035,0.3067823604260138,0.260020149550476,0.1972263287590794,0.0859920436135457,0.056396172559861665,0.05572673613790792,0.034199163632498114,0.03388021622756649,0.032516849926996674
0.9962084352867744,0.06649287445742624,0.03943581044367641,0.023662042759363126,0.02357211359019133,0.012903507317792232,0.012170855788591308,0.005442695639042477,0.004334897649335197,0.0041760358133185885
0.9958246556581201,0.06673294785234857,0.04388649383444536,0.025095206859678622,0.020897133864386012,0.020820732574834085,0.013665853703795717,0.009299560582322348,0.00850723932383476,0.004454124765146365
0.9418076614361603,0.24663160725208336,0.18293458073419283,0.09199894552863469,0.05741786501794279,0.05722726317276556,0.03418002895040769,0.0289355667299678,0.01925543316550995,0.016240939713945895
0.9163285617410764,0.3188260947534773,0.17216306269061699,0.09904737438467108,0.06884165868278633,0.05781739360945982,0.05127656458054129,0.03624951561456682,0.028069368062683026,0.024716705239430547
0.9294726310200009,0.2500057951731969,0.19677537785775442,0.16262634270029525,0.052460569568434874,0.04825005475017725,0.03620800588066622,0.022900513896659605,0.021722270297147177,0.016696762264006855
0.9988765249773685,0.03406452913871229,0.018622506399684123,0.014826386209113182,0.012069006643672095,0.009812495167640656,0.007589471485767305,0.007381080607358845,0.006049808444947369,0.005886621199516104
0.99627065731685,0.06373744448501519,0.035638155631604114,0.02348173665795579,0.02298204431131632,0.02195498407828474,0.013386477205302035,0.009312891012043304,0.007600084307822838,0.00563143144648318
0.8746463422205185,0.39760923640290474,0.23069912787191538,0.09685886192771581,0.053102595634996946,0.045339802734894415,0.036430105169815694,0.0355919840179053,0.0292775062227913,0.028427492333518826
0.9971287084249201,0.06917696472076858,0.026229136731324397,0.00923917197513691,0.006011992163520899,0.005500279707862362,0.004281130710495315,0.003441576241211519,0.0031856738639257616,0.0025250694585398845
0.9968385100802607,0.06942665204152428,0.03069356398786524,0.011318928879337414,0.010241185626065345,0.009811455705772366,0.006319476708449474,0.0060365616702487265,0.0060023352521604255,0.0059327902637624705
0.9318692081599768,0.2812841350950891,0.19907550465140875,0.08491646935406352,0.05043916067070795,0.04096835312632078,0.019124949783209763,0.013590589552549317,0.011000978043038913,0.01052473259836027
0.989756086226923,0.09799474359594826,0.06475544908298879,0.041958845346716823,0.033788828167710803,0.02950140467099676,0.02132910280189022,0.020061331421930697,0.019215418166519744,0.01917385900736001
0.7891861308975594,0.4552233818377952,0.2737031928309991,0.20123942932493089,0.1879609269395312,0.05667185213359326,0.05411110355213617,0.05311024761569598,0.04451918150680034,0.03148311623870495
0.9711930888002575,0.1324604419532924,0.12886822269635007,0.07877142392964251,0.07117349420129167,0.06414308902483724,0.0479327579070815,0.03558201319387428,0.028166142023360704,0.024686366495861936
0.9644162199745548,0.25636838955310703,0.04127916684279076,0.03116065223432152,0.02522889219221623,0.015434485821271136,0.014003282327607867,0.010010264629150873,0.007381344001100832,0.005787777197206661
0.7449280949345775,0.47723777864540023,0.32884760235797,0.30492225500990877,0.07765875660925435,0.04754820790768297,0.03761468774319641,0.03355803767599549,0.027792910708110952,0.022130677770006036
0.7526039247269303,0.5759072918942344,0.18420511441682766,0.09622699000238576,0.0835941707713379,0.0810146976382052,0.07589712008940841,0.07006334806539184,0.06157218544346007,0.060112600083820654
0.7678811313592496,0.4589071836641696,0.2965142007365201,0.21790706225539858,0.17000100202786853,0.12169890070910656,0.09169990628043209,0.08173348814829967,0.04143744059807603,0.02323620354022566
0.9847376011899326,0.0970574151458159,0.09420711447995239,0.07008627260841621,0.041245851549869365,0.040801692743285725,0.0325819970683143,0.029373129786501685,0.02017625430141568,0.017630812475807566
0.9782860488178136,0.14404870433989186,0.10025145066834086,0.0707560041700422,0.04216397352073796,0.04002213152256172,0.03402099198822977,0.03228732437831481,0.01989569630517804,0.0185018891050597
0.8173300213541553,0.36538280292681563,0.32868892400451954,0.22026756838889489,0.14276845851452374,0.10211943331111721,0.08023454914928582,0.035481451904538074,0.023359663980168376,0.017627253652547362
0.9852116162169554,0.14289377400908454,0.057640221126707046,0.04844264694826213,0.03645422840251318,0.022706956315416988,0.016901181190894735,0.01611222135160948,0.01561415956299826,0.014551014479929429
0.9718396248691809,0.20793516388888694,0.08617718053052377,0.03545642987096693,0.02233241359701893,0.022024706358067,0.021171910919236713,0.02100831763518908,0.01713448718353952,0.016042234308821037
0.6522263198100785,0.6068834977141084,0.38251986191750315,0.09039535101709603,0.08575232692315063,0.07533337128696346,0.07226060043303537,0.0715941374760548,0.07113729591501462,0.06557437582422311
0.9511675566454662,0.2579639632185879,0.16126487198217307,0.02763688731501223,0.01636777375992585,0.015655973921656255,0.015123175206307047,0.01291909085594187,0.012055361008862302,0.011024294356416128
0.9705703369356375,0.21548407620465632,0.055397204868447805,0.05166723823677887,0.0481400616655999,0.041067646505331776,0.02359767023284951,0.022153798607157858,0.020899590693204483,0.0071162675271058224
0.9920648751888669,0.09433910539006692,0.05500198573592823,0.04215125326585728,0.03904747984574662,0.012292911804286648,0.008535288857324465,0.006844803679146797,0.006836637188230316,0.006624580501646696
0.9913256405781989,0.10191183004460903,0.05499153811403127,0.042011494997980875,0.038208745042949986,0.016815083905813936,0.008572701702598658,0.006651470843195915,0.0066409570852870355,0.0062273198595008405
0.9962645558013972,0.05464808042574004,0.05236055435278154,0.026948762911668707,0.02287543651254746,0.014124074718253951,0.0066060511706396785,0.006517493742589181,0.006508164149608377,0.006452806701153212
0.988359058187611,0.13008590519659097,0.0566271478386261,0.041436324804786796,0.017773466059368387,0.014787300724498836,0.013292651123315052,0.008928387593320096,0.00872042224525762,0.007730637013546736
0.9974249274886745,0.046585961011074845,0.039709556119198734,0.021646992078891158,0.020059176895071813,0.015527433633415322,0.011557164900241933,0.006504650017232404,0.006135464017220115,0.0031093805531940875
0.9197226758276321,0.31369327290514265,0.1555731987612096,0.1276358864387596,0.055152827834007045,0.04952897450573252,0.045756324378294404,0.04527594235781263,0.034334568396723365,0.029363244948129127
0.8780219283662142,0.3413368334296413,0.29051554584067424,0.10668631760742613,0.08459703887807114,0.06282492989072402,0.04389595708668029,0.024891701440787534,0.020267519246929336,0.01943258336146323
0.9764555306999849,0.20730303230715397,0.048119631544906186,0.022901100272284564,0.01775068144232404,0.009392569470164642,0.006498449504123714,0.005408053695072982,0.005332365404016868,0.004974042849610809
0.9698988850199801,0.22805559527837996,0.055590623792553744,0.03511450392987824,0.02899245839828837,0.027832455760706993,0.022575007617291656,0.014277194641645266,0.013734202492664533,0.008112759891356727
0.8623801106127208,0.4070579371368907,0.1467926265946952,0.09653968985037265,0.09254173420786486,0.08893849312755771,0.0738469745987434,0.06567797029305787,0.06548519096610822,0.06017081871829652
0.9998025745726309,0.012478608364208362,0.009285497591874423,0.008494681473133207,0.0049589632191861695,0.004287775832942863,0.003949167003754916,0.002581118654285545,0.0015116909105599386,0.0014475930254404352
0.9998126910762489,0.012559941966672976,0.009289781885413467,0.008563672535812045,0.004961065728613607,0.003945943126286723,0.0025744817284548303,0.0015211205260361542,0.001246453888083886,0.0011529263858012808
0.9973518513114159,0.0592514717878179,0.02925773761011694,0.019182623478613072,0.009398003103876966,0.0086489196394656,0.0082585918135268,0.007778759573578496,0.005878246098307904,0.004629755739082333
0.9978663246322854,0.05936448968044768,0.019214206003877892,0.009094553429837055,0.008845094013435407,0.008289422510882093,0.0058792205493599,0.0046542080271626965,0.0032745033332356958,0.0031943577990199575
0.9630781863125942,0.24087723585370296,0.05501792921748978,0.0533980381749716,0.05162973643257223,0.03619867728442914,0.026683220540753397,0.026463275026532913,0.026050231127347317,0.025794655688401814
0.9536719397909392,0.260039558497513,0.10678022671328834,0.04640078134850881,0.04322390128605126,0.03887573056060329,0.03809692621424884,0.03138557132351322,0.030929726696222133,0.023965165169257834
0.951939380811157,0.26679958884493876,0.11489249303573838,0.04610468243119609,0.04487366002396595,0.03849182431311242,0.031477683480165504,0.023907201914174118,0.021045978122212546,0.01963241720600175
0.9912759870989629,0.08484061346716962,0.07163694260516133,0.04627488133924178,0.029783636099140955,0.02559754963817165,0.01977409511219465,0.019389917720324546,0.009365555132554639,0.009190650525360018
0.99150134617788,0.08623878550301795,0.07384925572410743,0.04625840776381193,0.0256110541483657,0.019811044993130297,0.019426497130971374,0.010472578748630888,0.00922795822215595,0.008488176487907053
0.803895522236343,0.5664936511343024,0.13892088220042825,0.058964444966870644,0.056322200826613655,0.05528310544873621,0.029837814044143863,0.029736287480118737,0.020875930379181055,0.014032383284640617
0.8137199678619764,0.5756130595088907,0.056038239762437304,0.041998198763596124,0.026727764601842927,0.02115534759602344,0.01181095341314872,0.00851285227989124,0.007019989336330266,0.006035810714272961
0.722665931677134,0.4975669278109055,0.44853599127970695,0.1497162393837041,0.059952607403478,0.021554626523678518,0.019843563137853994,0.019093557963342386,0.0160677730156893,0.01567021763808806
0.9565118362650056,0.17741137647157526,0.15078315444298943,0.12393638584386867,0.05933306126566825,0.04802979987405991,0.04170579400375571,0.03833105470861349,0.032939992826884715,0.02644342522337366
0.9967897206492075,0.042603481035067524,0.03550295446577015,0.028866847826226602,0.02301385928809762,0.019655466164429137,0.01897158222749736,0.01462113318744837,0.013402437123285574,0.011635447321001337
0.9970111165846917,0.043340905300786416,0.0364305235274747,0.025864231750207377,0.023025319333171344,0.021175029337895744,0.014651745986435243,0.013456229170687574,0.012095477048624428,0.010663758217487228
0.9968933833146447,0.06153254046029269,0.027649777708964998,0.026526157561615155,0.015876504683022843,0.015509646901956484,0.011492974893706029,0.007541756636752028,0.007492706829592803,0.007170002689906756
0.7951702995432216,0.5711140151135112,0.15452687202241197,0.10589881542397231,0.053229141638832946,0.033759062608687274,0.023952591674884897,0.021057207691994345,0.01551814359572883,0.013613934099777254
0.9982361879497536,0.038455840022235545,0.03574648033917859,0.01760716832617334,0.014069551237378693,0.008395457674878952,0.007520478351174876,0.00535772368626312,0.0036098762830508143,0.0034531826522155615
0.8284822102415659,0.42983199988161236,0.30704558271354043,0.1402831912944355,0.06486235983500266,0.04226847189151721,0.0371809626454018,0.03492036539609755,0.029320858138168305,0.02693701871853025
0.9643855398517751,0.25749834796314514,0.028969819337626913,0.02291835509356026,0.022063329803417155,0.01963865979866506,0.015332274097670724,0.013973134276511241,0.012402562805743719,0.01055634931257357
0.9627236284384888,0.2646922945498278,0.028659175559774933,0.024572437009429002,0.019629409485357015,0.015039662877621788,0.013994540331879909,0.012637120594113491,0.009567303458573201,0.009057697555414905
0.9488963554826242,0.2602079055561365,0.1595308948333213,0.06246805531078764,0.02611041611673119,0.016284215069378608,0.01596262416315694,0.01497892183268325,0.014773032368942568,0.013805321271767685
0.9688181551441561,0.23754722586526802,0.05086432365717155,0.029191054923263716,0.0228158668883735,0.015587271513972649,0.012284647443190447,0.008949639394642552,0.008581388988528397,0.007831385249472727
0.9921141044362137,0.10748019428721556,0.046415410427068066,0.03272313724088185,0.02040660647958433,0.010613736089036674,0.007600619793445393,0.007104687696038424,0.006278563723427194,0.00593775960295552
0.9922669194028862,0.10663991075814387,0.04681395633459838,0.032553203362392334,0.0204628342192131,0.007444877610436334,0.007081054674295173,0.006904560543221515,0.005957887225093034,0.005785168819260389
0.9180143456410632,0.251496552161844,0.16682721635855577,0.1422340972700095,0.1084683004922999,0.0938979281827215,0.06750030406847525,0.060094752632706784,0.04849215531569792,0.04729748075311225
0.9013180407596206,0.26872563756434636,0.24641278774366618,0.13474625038177176,0.1130661185368062,0.09894444192014426,0.058185366358534996,0.03362341560210759,0.03208470623692755,0.029194319706695743
0.9592683344443695,0.2605942949543712,0.05168807075626536,0.04455679698246996,0.038036443844739636,0.033904886269519395,0.03090665152337545,0.028064590356150783,0.023902776954645197,0.022345365270802227
0.9871743200599927,0.14575686126127896,0.03844095807045464,0.02520419507459399,0.025193184736884693,0.02467833383853598,0.011702084041221658,0.010828213334632289,0.00878898941328704,0.008428729815432072
0.9992287844214778,0.025557108210274217,0.024616741920608295,0.00898378730175961,0.008571327832666113,0.006080888023328533,0.005194008881065108,0.004339925591012909,0.0035837780585486175,0.003458825631191095
0.9586124385205577,0.16230976480506654,0.14280322955228497,0.12341503553073199,0.07605289023820286,0.05334666635466713,0.04698390968529156,0.03991391994948093,0.03719454514745911,0.030064231527326433
0.9835465082662566,0.1601235629906194,0.04150854996555652,0.04044767179277165,0.03832702179591412,0.03423091222628886,0.022780355908537834,0.009157467260359084,0.007774484462445188,0.007179629150962979
0.8813228685435104,0.42864593220672137,0.08715508709584742,0.08405886071211635,0.08218665003840224,0.07019497400591955,0.054823171970467974,0.044158170568041374,0.04383691052236533,0.039621324325801933
0.8647237057098401,0.4039337276090353,0.25486645278816844,0.08217493581774479,0.07739580615250895,0.04162332147301644,0.039052365697559176,0.0324805956670178,0.031066667198583198,0.026485545919940654
0.9919788719582141,0.0810730960498383,0.0638806857075677,0.037256326540839914,0.03546544982893938,0.023406444517917804,0.022201666427767365,0.018403396681435105,0.01618418544938068,0.013864676500094448
0.8505820233399344,0.38049290836806526,0.2706518106488481,0.11417027306509545,0.1109699283920084,0.06604711546088957,0.05964597641950158,0.056111423036940056,0.055088960877259764,0.05380323760583816
0.6584535521337394,0.6023811078063356,0.29844489635488475,0.22098622434425946,0.12237433154094404,0.08102958963355175,0.07805970185665949,0.07193168810976347,0.06917902355510283,0.06019157616508369
0.9498934777974494,0.23589835343656673,0.09122410415132358,0.0831897669746597,0.08241214267294858,0.08138794424750052,0.04805261501120206,0.04532087948766746,0.032808337584107845,0.03208010299663584
0.9633521169888926,0.16116935411968908,0.13131060700445513,0.07071545050453615,0.06691097581203077,0.06336553575985937,0.06144512296178288,0.04568451973201464,0.03722706221963811,0.03700249656829508
0.6796769457705184,0.5943720804650563,0.31999958547227975,0.17904244699265776,0.1139259725875276,0.10969903277168488,0.07533440642123368,0.04557661055909834,0.04544229267454536,0.042088510482999004
0.6280283070397632,0.5405606670161588,0.45338074877682816,0.2285250726585108,0.16666130376348087,0.08257263428059272,0.05826647558026319,0.04124782331089705,0.03774807037716044,0.03633337077260203
0.7283782054301357,0.5201471073298495,0.3554853952807319,0.15056624575896224,0.11219700892706266,0.10053093051529446,0.09582162242860218,0.05017184523354353,0.04883984769019773,0.0376202005017706
0.8788086712966848,0.43745515584265815,0.12872763776348994,0.07102397438852917,0.05950080372643637,0.038267394524207805,0.038009942170865486,0.033537956217736475,0.03348941057548287,0.030622343012756546
0.9039388592719564,0.28082677351578245,0.2433110650686891,0.11927131477506399,0.08706743526569026,0.07783790956609135,0.07627354074808118,0.06789410896217273,0.03699206668840275,0.03246623263452894
0.9238710942630651,0.26872502843072044,0.1442071866347792,0.09321184852813975,0.09042320616060676,0.07783887443349205,0.07129870276051467,0.06661669415447108,0.06440385068663596,0.05894304485432513
0.9736912843457775,0.1423680904153161,0.12451333509535718,0.07762064643454461,0.05516372784250624,0.04694970877661251,0.04106872489402848,0.025752766965910823,0.02110328936927592,0.018263188708372187
0.9836335744059886,0.14035308759371268,0.07798657382519511,0.04946990405293043,0.041929346766457896,0.026324292567263815,0.0255375682569755,0.015321723309937198,0.015045693560936723,0.01081544440866049
0.9953690611094309,0.07255270653796686,0.05152828798938761,0.016857860841879763,0.014826227970896335,0.014040842068700626,0.011272762428561366,0.010276785296622029,0.008469473356014882,0.006520104545351092
0.8836399389986626,0.40988700152364543,0.10050835409902507,0.07706645308070664,0.07295436776570784,0.06623215546312095,0.06302127164978487,0.05871763303369132,0.05818494974428142,0.054441782427479816
0.971447118805029,0.13538669214513083,0.1176593253981689,0.0767018518855364,0.07370483646489732,0.061713986054607796,0.04981871226785057,0.048122974351442305,0.030934878220358997,0.021972801756350364
0.9227078856649911,0.23494704008034917,0.14325868238309775,0.1319809298599097,0.11551302289649643,0.09997685101954223,0.09262621667253752,0.08116032022295619,0.049567042908671644,0.04682791950673834
0.9185006379572385,0.2257185223135069,0.1950890273317721,0.1135639864091269,0.09619123865390314,0.09445263437519058,0.08859118904942559,0.07122653370209715,0.06906334852692919,0.06524194574624512
0.9876766917161849,0.1206844530882376,0.06017035048907217,0.04763622205782087,0.038379666605130466,0.037319798816163055,0.023899699478562096,0.012066320081468396,0.009517868553258544,0.008820783398371146
0.9533987367021063,0.24756252331966538,0.10306916939507123,0.09532546673400744,0.05478614315706235,0.03602382112676864,0.03366388325803973,0.03110195786951051,0.02463485104868716,0.02034571803639114
0.9504444328098405,0.18195713407035533,0.10920812706367194,0.10647349015477317,0.10015018770196675,0.09615524562640396,0.0680666028216041,0.06114522563842816,0.050117944177431845,0.03831328839204768
0.9954002774831064,0.06478271203142907,0.051319414220541607,0.03969269129947818,0.020823837232195413,0.008382676661883234,0.006573292608889075,0.006422057451585316,0.006088325486753101,0.005773339170261922
0.9201879684840905,0.29084640288144653,0.15562229931739716,0.12679009094515975,0.10626843869330801,0.06350543914984437,0.04878540183590226,0.04641546141970668,0.04467929805777016,0.03164590039684707
0.975689777934005,0.1138168608483462,0.08790036444188877,0.07944273600558914,0.07050152687571261,0.06824304195629008,0.06415386024749326,0.039998627951252155,0.039451324529668534,0.029962937299441158
0.9956061215483536,0.06504121296385137,0.04995245153231424,0.034801495194834914,0.023136941605081753,0.008200996120202957,0.007174328933920893,0.006331304344747478,0.0046092227462573776,0.003904500992039982
0.9676726830939,0.13728885629316462,0.13427943334909528,0.0787918795494211,0.06646657732157464,0.06558829959891053,0.05668482886311667,0.05392182275117283,0.0509263005119518,0.03143248289051777
0.9998526763110859,0.010423789305988878,0.008899235343871284,0.005617080839761257,0.005234864277481808,0.003944811968831466,0.0026940740150963273,0.0023944046827876543,0.0019771924046150507,0.0018904022334808887
0.9998670022195202,0.010452992298957908,0.008973592016834892,0.005732971341592781,0.005236251747084191,0.0023987801575905032,0.0014941075444144972,0.001385661775015413,0.0010771639542958016,0.0008892857981093869
0.8485171733952501,0.42033399017297995,0.20547383772294847,0.16055053706944408,0.09438176587690372,0.06641899628300292,0.0557134848756787,0.054355413337157446,0.04226038153047985,0.04211246772331077
0.9757889348322223,0.1472263661669255,0.11328323323371883,0.09207380436936002,0.027968864917180578,0.02770241707788173,0.02702238639263322,0.02542494086770842,0.020007054063645054,0.018488607111629394
0.9813098759867984,0.11579344766389318,0.09106150366552357,0.08395875594101254,0.06217006469423108,0.03547613902488112,0.03318491784903537,0.02521495185745463,0.017261557792870575,0.016546216885525822
0.9971422667012043,0.052450353307529236,0.037015072282048075,0.027927736406589514,0.01642483011768504,0.010789216660450632,0.010355191191259452,0.00936080514440454,0.00646071306049945,0.005876334802636601
0.99772752290246,0.05969805904332883,0.015254776354317535,0.01510349437708111,0.011502009288163464,0.00857460336300815,0.007664100336068904,0.00734245018988084,0.00671735543071564,0.004331357344378914
0.9977686141004589,0.05969152341027223,0.015373604654236638,0.01511740774940307,0.01150904581579004,0.008612913795617273,0.007371380142810368,0.006719781090974933,0.004336152528673612,0.004145778796657007
0.9668175677994072,0.24449563321924794,0.05372958683590084,0.03394089426491826,0.026242791782306447,0.0147192365670822,0.008619274549218873,0.007607453697996195,0.006976596192184427,0.006026527241149301
0.6065639895607954,0.5336420803354832,0.48285893881324804,0.1544704043264941,0.13151488923310733,0.12819952208475155,0.09631635294669164,0.08304570333588362,0.06585443544482925,0.06538817593442532
0.7440326172721293,0.41978808611360163,0.2558929096725216,0.25336411994106867,0.2407896496167045,0.13237745965385522,0.1207668622707547,0.0921133404027953,0.08722360699012403,0.08348651844564522
0.9985925137199582,0.029679835342822227,0.02920690360118845,0.02594130397204734,0.010843630022377981,0.00835141902652068,0.007130222341597957,0.00594363538996927,0.0055886806493212334,0.004970410876472461
0.9947563110556373,0.09979483860264447,0.011758213133896847,0.009418142475227065,0.007029781341373977,0.006872979031314677,0.005631643009100909,0.005002457218802601,0.004854948401075963,0.004346335966902544
0.9948228266321946,0.09919195586689099,0.011766719186953545,0.009412794784101374,0.0070355935668622105,0.006879666564292002,0.005634459592905131,0.00504304830733672,0.004882816154142472,0.004512204733403369
0.9956458720552542,0.05057053622796442,0.04205354622490909,0.032280525797015264,0.025921213722666432,0.02058611713420438,0.01581791419640375,0.014735806450663833,0.014612844848531254,0.014238477868048289
0.90365381896888,0.3203307779834755,0.21819480764302818,0.07067006628224354,0.07052877179343298,0.0595744496890266,0.05641792416211704,0.05019534788885928,0.04650515664624628,0.04323968903049931
0.9963437990650879,0.05306121940636248,0.034074509058384675,0.027884729672419548,0.025315975100411846,0.020627189380686476,0.016277841252725748,0.014524596322309208,0.01439439018596966,0.013627288328353476
0.9501508069644955,0.20785507365394798,0.11282107655638102,0.11011728482841293,0.09569076505748278,0.06515920479203287,0.04507016566370083,0.044521889909750464,0.04408620260645533,0.042850930283626465
0.8706567227308109,0.2806455773947504,0.22687475950089223,0.15791222046854583,0.15696134434370415,0.12312999149179564,0.1139064052820232,0.0857846664341062,0.07775471902358023,0.0635579070147583
0.9959108110379047,0.0556451870650785,0.04302778937361375,0.04005871374525123,0.02128082676872605,0.01891089005753352,0.01444158003863276,0.01246521403843139,0.008962991684238723,0.0078325829766433
0.9420315832359445,0.20088019083908115,0.1743603145025137,0.09107711969396054,0.07830527777135692,0.06837240311148665,0.06030335986031919,0.04653363937448188,0.04597926617213734,0.04525818607288629
0.979324582226221,0.09894952937077199,0.0886028122534602,0.06679475773298887,0.06196444599545022,0.05737317042212114,0.05393506444550492,0.044432796418094854,0.04277493944740901,0.029605646754409232
0.9727980681752012,0.18866359088798187,0.08289689622634562,0.048910780650136355,0.03616971699421043,0.03538595136654103,0.03434620794996009,0.028368512227994015,0.025889695186678854,0.024363762157038997
0.9890658850212563,0.14039887746775714,0.024213691381064145,0.021480484784079143,0.018655778173876477,0.01391875151425838,0.011416596204496391,0.008007751791630735,0.006903539687299884,0.00611899366827755
0.9892411803296777,0.13897997725876204,0.02302057065345324,0.021166899117169072,0.019694740292017267,0.01869937576556851,0.013916821459920832,0.006885024562385522,0.00379581115086478,0.003451308940130159
0.9827221072962662,0.1470875940974417,0.0525052514138071,0.051575383282157626,0.03560267476206481,0.03478662454795885,0.03159752102956275,0.027802079327698594,0.025583849676880276,0.018965371555103964
0.9981009259765486,0.03394391503446426,0.027013375765838454,0.023160300506915407,0.022604710725911657,0.022408472469424272,0.013331910006093834,0.007801741510341874,0.0068619085748969424,0.0029259017898958287
0.973823192403128,0.1522136808653162,0.11731252194784293,0.09793952880393231,0.04000583820027071,0.026663471295642355,0.025692728634922966,0.024147799065555923,0.018255474683413025,0.015319388436061763
0.9846806130874921,0.1447872098348586,0.06994675147216262,0.03403740175228037,0.03235283786168349,0.02578104383650468,0.018745867719333988,0.016999629999595464,0.013256880586617824,0.010009458008105003
0.9992230579799732,0.021762032782110943,0.012051505917594399,0.01037187609187773,0.010317553636740858,0.010123650727338056,0.010121205696956034,0.009342528962558279,0.009182231262963365,0.008751518498210757
0.9215601269415952,0.3297414274252027,0.10096921931562385,0.09248828344126683,0.08082955212422904,0.05832766884468192,0.058228917496665436,0.038745226562510934,0.032875971994529934,0.03073873480871575
0.9966773582569479,0.07470828207614542,0.01375918128991275,0.012590351442982177,0.012063967269583451,0.009230264764727058,0.009199067768173643,0.0061471434316983835,0.006062814492241975,0.0057108490150505125
0.9973476761614453,0.054822653888329874,0.03075077076661988,0.018951407608215246,0.016337411258882314,0.011561481163914254,0.009778396601802195,0.008151941024681829,0.00788182308419565,0.007068148481248014
0.9789987490597907,0.13907719628169835,0.10869861529399644,0.08516697425024816,0.025959053293583244,0.01832921839039154,0.016531381452780245,0.016081227431090847,0.015652210530136608,0.012525459655642413
0.9840973414867696,0.1504848050101876,0.05265275941094677,0.03910084727114938,0.038924957861719525,0.024366527625923062,0.021281571852628824,0.018778440769023512,0.01854335093077644,0.015233831831232978
0.7678573117294702,0.4172884095943561,0.32550201597605977,0.2052134647816535,0.2023230353407515,0.10531003229677298,0.08730333348405098,0.06223602514176485,0.05556026957298213,0.052623476338434325
0.8758847888961674,0.35988090615909774,0.19395316281050312,0.14640348055012972,0.13203846034964783,0.0929038157551102,0.09036809949695147,0.050182567217871454,0.03478880514773959,0.02909534984138943
0.9677004571696879,0.20404650595696533,0.10230837645214332,0.08844345471938067,0.03506163501492576,0.028007946849815377,0.024132032117357264,0.01565107892472367,0.014388879961218118,0.009395538038413821
0.9923599317412817,0.06847527174615597,0.04871325478757643,0.04818957480129605,0.045177548982048586,0.03482148314102528,0.030839321090908766,0.02892388771514955,0.011602440623286235,0.010087535698464899
0.9758674571405552,0.12265977037294674,0.10274602973884502,0.09401849428721003,0.09078394330717056,0.031212667552273976,0.027297360326118788,0.022704757003550492,0.020164427830645374,0.018775227707944757
0.9054412563862435,0.3059938336082858,0.1872373824850931,0.11568984320592422,0.10069525097190729,0.09712227709156286,0.06131846889615925,0.05944034312704655,0.05570828389873289,0.03983758908412415
0.8629613144141793,0.35615579303836364,0.27701790772765694,0.11487676816535358,0.08761055763300249,0.08621708503173321,0.06957555294353028,0.0576834510104507,0.053742423353426695,0.04270986744346665
0.931151206072017,0.27902547850830195,0.12902055194430184,0.12809832709639385,0.10261645505538725,0.04896768244781931,0.04858229665340638,0.04566296584288642,0.038970128371231844,0.027337076854740277
0.9098027529962869,0.33577949099939397,0.1904873372022523,0.12472364105625393,0.04520089290636498,0.04501865837482251,0.027885497771380118,0.02267949272354327,0.018757651816451434,0.0175220007669196
0.9913539527401214,0.0687840538883198,0.06733431803096261,0.05207628711188673,0.035644561079247086,0.03388607183245386,0.02622678029409341,0.022708525392675913,0.021250826009314955,0.013939538614172596
0.9652679674014086,0.20215884541090717,0.07650180144689185,0.06258189634102784,0.06050907979019227,0.05329629847673106,0.047311221393290546,0.03962715206615272,0.039092935564640295,0.03819600893134276
0.993541074311659,0.09141185513389243,0.036732969473880786,0.02849349496068931,0.024892971162215928,0.020175465830481586,0.019679528601375666,0.017247829706126653,0.014485062082685414,0.012303413624486281
0.9644354493820837,0.22104161304237932,0.08580528550645608,0.06831374360279023,0.056540209936218194,0.048966889070241014,0.026637261358677413,0.026487242276471024,0.02027786913095383,0.018767640080381204
0.9190615176754787,0.3295185802956976,0.09171813089761538,0.08876114534620222,0.07127126038381854,0.07059028736359982,0.06244596693040566,0.06028138873667552,0.05794203319586389,0.04731120222792379
0.9437567330897375,0.2657521288320387,0.1660236713851994,0.07369741567045013,0.04325525646225448,0.03816479543572351,0.03672231951769,0.0215921247534456,0.007949228546529323,0.007876324048589354
0.8439927401274673,0.4921447931331074,0.11396431956106094,0.09132176630381966,0.08749244319331795,0.05541607615404046,0.04541313842316896,0.04484345121926478,0.038171112558659875,0.03389351440978707
0.9738702900891655,0.2125247943008206,0.05161876978359368,0.030985116117816302,0.029338481271724344,0.024588926968693976,0.022959695094841175,0.0190051609990796,0.011053819256878143,0.008214461167960095
0.7827950543589246,0.4766811523323629,0.26240249141403965,0.19161411657031938,0.12553240992760528,0.10828135428220471,0.07656548280595377,0.06880838237745723,0.059003074019895733,0.04396474398704677
0.9454690433219608,0.20575854636223076,0.19414392661410498,0.13589585693375072,0.04889127047658989,0.030895147694724963,0.02377602652107094,0.020358060849615556,0.019067139548986076,0.018971495590149847
0.7531026125938525,0.6371566657989642,0.11140415734848527,0.08048740683607533,0.07683777385297821,0.029504128451425273,0.014476850083828373,0.012662812074700552,0.008767137221473927,0.008530898658113458
0.6157179967322324,0.5882438009402575,0.46313317393092635,0.19133801637249265,0.12102004634357222,0.0629441411334778,0.041199038874488135,0.033342863075709675,0.027487700270590686,0.015570835071435842
0.7985809398146768,0.4894942818821966,0.199227832855388,0.15268628900189582,0.13410713092090965,0.1211972291060363,0.07484336380289162,0.06910651600075876,0.059857859317148356,0.04750147953318225
0.7346521039195955,0.5105142333127268,0.3870821636511649,0.2009979895519137,0.0751254358619975,0.0318678861383201,0.030386512131678884,0.020138158800466596,0.019802985128192608,0.010163249455635355
0.9242918328527372,0.22377315958084362,0.17363634769872466,0.13151676446816052,0.10607514475755513,0.08855075133725146,0.07881446486865794,0.0719463212655007,0.06297183783776741,0.06028293213908465
0.903152108532669,0.29925780277011377,0.24729549566117995,0.10397963800381496,0.07039450563464518,0.05690377656803407,0.05195686445704781,0.043865113369475156,0.03726990484793762,0.03668462782288724
0.7564641757167049,0.43941934077149225,0.40418017810407697,0.17867506883033574,0.12616327198226124,0.0680125751071601,0.0536524022821858,0.046123235354377665,0.04136499984487104,0.038914949873200017
0.8161862437798557,0.43061520896277194,0.29233689924524414,0.13768757043977967,0.10186333830133022,0.07645095848714051,0.07547023187384094,0.06719435341523203,0.0667268786576715,0.05854301839536755
0.9622511724416084,0.2121906974896292,0.15793219923999086,0.03583514404056071,0.02811603512057235,0.025494254604243247,0.015426904080820607,0.01380639417570807,0.013224072222151077,0.012937572133075148
0.9635442603563679,0.20489343164570803,0.16636156317912104,0.027416988587993487,0.021371369841430645,0.012178240626405788,0.011951865620611719,0.0086183020501622,0.008082049273659069,0.00677176261704372
0.7487872782890648,0.6432086773877763,0.11416463220987572,0.10372558154309962,0.026301302660173925,0.015403886539022003,0.010678861542232533,0.010213899399729599,0.009698782619805944,0.008505038200508781
0.7365349666936949,0.6669234385491339,0.07006356564650541,0.04755995741705554,0.04385808189278167,0.03837986868976952,0.021346300443692564,0.017501134887343613,0.01686690872978661,0.01655009243079246
0.7743689006506986,0.6216106061505444,0.06523897064939332,0.06439390361022833,0.042373127887812514,0.027046800114309252,0.024469440658688345,0.02358808242059646,0.022577748113663153,0.01852795451684018
0.78727891080891,0.6066762650657905,0.07638035741485995,0.05114065352108413,0.03266005707016383,0.029536476924557364,0.02153847601924657,0.02073419753024562,0.018926857307568355,0.010932612382179295
0.9973284183996819,0.04869697552405072,0.030636272080947293,0.027273613569675757,0.020759549572149285,0.013262024541806238,0.009865072892138081,0.009014153688606181,0.008781900764726503,0.008767500545234024
0.9847367958925572,0.13985523036374684,0.09600966416871562,0.019560963999845752,0.016527458902170108,0.012679121191379952,0.01094340132303054,0.008637094197738194,0.008068378178520162,0.006610033476761344
0.9896521538000876,0.13906293330337982,0.019763452055500248,0.013067394516872532,0.012818807531437675,0.011746561635125915,0.01071607572396536,0.0068825920701764305,0.0063164214687603144,0.005793754423426485
0.8517406722359735,0.3429064417452523,0.2248129681867819,0.18788328389385067,0.09769841867369355,0.09159719710358315,0.09101303287208386,0.08898744946333567,0.08222966839993877,0.07044083894569769
0.9259294678521678,0.2729213257144655,0.15315278403837987,0.119532275405737,0.09370637564034781,0.07626817276808483,0.07488962029536123,0.05387495386487372,0.043562737915572476,0.038103930932054365
0.6251215869939436,0.4573948963570332,0.42102740607262634,0.3996095827896325,0.1808928888130944,0.05378776025249072,0.05294978419465787,0.051526860155608825,0.05043932071184305,0.047668425769627515
0.7088919954003895,0.6590124063513803,0.22188874720839968,0.06840512853700098,0.05555244368793818,0.047366392545905744,0.03143560373117375,0.024437259826127634,0.022117241320152366,0.017505840770218252
0.7731060820789396,0.6271859029497059,0.0742674314263664,0.036809306420086556,0.02374183058733606,0.01617406369595271,0.016035483534408368,0.014708581240281777,0.011488244252167785,0.010776931975802921
0.8953142617114801,0.2605282225375644,0.20367890971149918,0.1972045821014006,0.13559543165509724,0.09132313154545255,0.08974593246861005,0.043645893616759385,0.041470554353522135,0.03848364757723202
0.9601541109320885,0.19926915512840854,0.17449653754629976,0.06027734603591678,0.03393689643004818,0.023224246248002192,0.0217424251126243,0.01848334375005245,0.01327310616928846,0.011895033760879565
0.7529341080170041,0.43094097888091176,0.30273005598633335,0.2519729609465451,0.2511618042863651,0.08129136776887687,0.07003278432388288,0.06431295260888992,0.055004338748374425,0.03918365101531148
0.8008931027907331,0.4969440944256824,0.29375925013169774,0.08350329486920795,0.06228601024985489,0.062032085469470095,0.04259496061764015,0.03182877739340043,0.031773835089482366,0.0311816065298762
0.8987339637334313,0.2740528311434973,0.20090609930182066,0.1646928556103847,0.13956352176853173,0.08905456472216576,0.06642370332177613,0.05718882735037642,0.05244722745845456,0.04449938856389862
0.8894131294081172,0.3183503441400442,0.22630742181242344,0.15930078343488388,0.11108071917394487,0.07926812388253679,0.05134400421222424,0.04177355224656583,0.03908340276742282,0.02782867117321539
0.8999740780037052,0.404716743586874,0.13323469366737942,0.044156973918906384,0.04302382178713942,0.032224743867693875,0.02700450166922936,0.019964504208794413,0.01883872113580712,0.017692173830046395
0.7910683390910785,0.36429735865936524,0.3605360629850008,0.2152793655241103,0.1475157903729699,0.13478765622072422,0.11125081855028535,0.07402576237111956,0.04475441313523646,0.03474717872670106
0.8270083166057683,0.5118702047028396,0.11661185842017699,0.10589665654154946,0.057541962886571096,0.05496281626174787,0.05271882777140474,0.0479259337926264,0.047456696825195994,0.04737489326958958
0.7618624590168481,0.5858971831565313,0.1411040208790294,0.10637215822544639,0.08235853195855204,0.07328286366533676,0.06977916433184307,0.0637954483608357,0.05797293475595315,0.052260813881594155
0.8375805119516406,0.40813971218113276,0.31415216919732203,0.08784569553782673,0.0640973352460386,0.05235158776100324,0.05190837377706705,0.05087647831367015,0.0505572506357635,0.047667742290101935
0.6818400010769516,0.6574975460881981,0.2454970714089767,0.15929096091430275,0.047506822273082984,0.044977044326829675,0.04321708348774699,0.042555876596601844,0.035744070363853415,0.03227411520842797
0.8206234337103165,0.36721045623363757,0.22651101247772365,0.22094781759658594,0.1899624616342747,0.13332626383623492,0.09640295398927715,0.09017401126011046,0.08867365699984811,0.05790902089382878
0.8987439894883125,0.35850443839786034,0.13592674586353484,0.12843265222386815,0.10419418497985228,0.060836466269978656,0.054584653434807326,0.04256907036746043,0.03348070567818815,0.03110855365828931
0.9566108539629077,0.2490085886182848,0.11013708012830672,0.04306261780850363,0.03941948094832225,0.0344507727873593,0.031809220012699105,0.0284590105236948,0.028111608941508857,0.02538545319330111
0.7596544389203642,0.4803175655329213,0.271481413870627,0.22541412342193212,0.16649607900425079,0.08976053581394021,0.08082058879346003,0.06493349315641053,0.05969828595958095,0.04711417082258607
0.6984092106399731,0.44432911864535024,0.34215294879686664,0.3344019603963956,0.1823767525492517,0.17544146958342186,0.09104538369322343,0.07346030659893676,0.03513640376394347,0.029214238150317096
0.719347482361446,0.6243869431990581,0.27356649897540825,0.0474188074518865,0.044207521403270306,0.042734312801521346,0.041965316442747466,0.04162700961433424,0.04075842006055354,0.037182179623642855
0.945175096642829,0.21080768039800493,0.1553132087135162,0.1414541025066003,0.0821249981923153,0.06016333357094625,0.056807184422190266,0.02438823116721588,0.020698466560097724,0.020257558828106197
0.982340294674189,0.1687755264519957,0.06219374746062995,0.027981670073187307,0.021704571754357714,0.020964872572033003,0.014403110341459751,0.014026485408867926,0.012521126988248076,0.011550959125896161
0.7912010972791523,0.5279472150286737,0.22998608845153978,0.09047054863579847,0.09027667241089647,0.06324432376859747,0.05642951134365801,0.047303835701324605,0.042936721159345624,0.036191555335703146
0.7967933171600509,0.5601240661178198,0.12171437010282038,0.11073925365102699,0.0869607962536959,0.057787062648150374,0.05090024754491866,0.04758632147149688,0.04616177989160518,0.038746216630992786
0.9032132445417111,0.309255440069312,0.1611585610507149,0.15960627744816794,0.10660984672058735,0.09131400346115051,0.05367081424790465,0.046633023963102344,0.0433178163234966,0.04197959685607761
0.8950629992544861,0.3414933409460859,0.2191398898065692,0.08263574509884197,0.07716569578811976,0.06424598339309659,0.06335603374126317,0.05887698746521487,0.052001897791842056,0.033338360687262716
0.7500027991228676,0.6225785420446939,0.11594259798920616,0.09294273815744968,0.053565499236827116,0.04981977529168749,0.04737906374830134,0.044191224276722306,0.04360550862886848,0.04236646793682407
0.7737088610911995,0.5757653701096352,0.13918147210818219,0.12412419478686378,0.058180785959102754,0.0561632111419148,0.05577686368587815,0.054413286833447594,0.05113937471084197,0.04855729302743518
0.8485365873772512,0.35572571675517756,0.258676193196375,0.19352979498330503,0.165090169587853,0.10281933444635276,0.0672584767083105,0.030630163924066256,0.027317001900586023,0.027211692647100848
0.9411168499995436,0.23439274400322094,0.11080987365050424,0.10808320885468413,0.08246211450794998,0.059162231911507095,0.056121032678736735,0.055467320390589867,0.05239012193409558,0.05173430587680662
0.9216128134693478,0.27821281436228146,0.1468132131937977,0.1350493675548562,0.10981886891490014,0.08192084996711224,0.07546520472171643,0.06519971013129665,0.035564482918678614,0.031087318775257895
0.9211804175888567,0.2841377753403729,0.17081923716909114,0.10325229540408663,0.08010513920032847,0.06989735455539214,0.06618727614417011,0.05746122532493977,0.05038936013013869,0.040006987379367046
0.9993156894971751,0.018980501024762616,0.015904199385722833,0.015417421726557258,0.0126198074708483,0.011792559763579607,0.00762477766829095,0.006963666579359257,0.005717876775603465,0.005392683388609138
0.8722982842397963,0.3699655148336568,0.16919610003709254,0.16049954267522756,0.14113635459398696,0.07133690542260139,0.05893485962756445,0.05832537572946498,0.05825325821590858,0.04497623968770177
0.8197866502859795,0.33578232838286315,0.27087730388647424,0.21883418078314407,0.16417943908912536,0.14740319949529296,0.12327067086369324,0.07912083735499187,0.07618236132005554,0.060248817935228925
0.9566001153934102,0.17359402786269124,0.14675977342527655,0.10194625219557384,0.08503995279790123,0.05180176521165698,0.047930450823891885,0.0440750473691151,0.0362780816057801,0.02931686475540948
0.9671774814968441,0.15581780574495435,0.11411310256139648,0.11371193563405924,0.04912007890710013,0.044504584747677496,0.04155207403330955,0.038761124371934394,0.031585267272432965,0.02949598628050336
0.7630027097778217,0.6096851225642849,0.12212335975933318,0.07770993558996349,0.06183187486622562,0.052235881167128365,0.05133626907749039,0.05098277436775877,0.04561687161259223,0.04351686908311332
0.9758887004129939,0.17487529622567521,0.05762293838386011,0.0553734687329213,0.04797498701686819,0.04300910674584419,0.041067602515157675,0.025672328409923093,0.025496571240981942,0.025092263178180838
0.9303513479652408,0.1883489289758193,0.17967425747842805,0.10706703695717044,0.08857357885585972,0.08632423218139806,0.08565958009686549,0.0799072071813226,0.05229571453959308,0.04668018051563206
0.8070955184509916,0.5512509352061212,0.12166554389864098,0.09774940565542717,0.08493114671350749,0.06699949444388725,0.04869434256035833,0.03889252191392257,0.027847364740692257,0.023069472925780075
0.9889538146801017,0.10006071697893183,0.06987394708629874,0.05054982956830466,0.04820630238105577,0.026653243290146685,0.01638615051956873,0.013609437263132615,0.01129910376884633,0.011271598635080161
0.9925665120688253,0.0785086747371578,0.06338865632697577,0.06316719101899662,0.015523782885673569,0.0083715401763701,0.007870297277874642,0.00624162489383715,0.006142574125493264,0.005412358280823787
0.9887732110881073,0.09783223303486861,0.07258563428382571,0.06302212473086904,0.04884574965948195,0.01965921491819865,0.010899349121377494,0.009846841278958796,0.009723598508913394,0.009703967117887506
0.7108063723888037,0.5817212394515421,0.23398005266039862,0.201017680800444,0.13522574369179707,0.12212157577437655,0.11863264244841594,0.04968860291898525,0.04255422434488261,0.035059404690905085
0.9893695187236103,0.10148952461588868,0.0691937160361021,0.05203740428096004,0.030282553844073957,0.028160885564875508,0.017599955529670575,0.017207680158500042,0.014540375190786098,0.012828822538644376
0.9724267003225795,0.1843338062619699,0.10225851893348772,0.07120373245858523,0.041773461936193614,0.02657300207711231,0.022989049060109686,0.019159936053211844,0.017616360980338627,0.01584397417885413
0.9875350482258289,0.10430153067326321,0.0717030165593173,0.07040538449922344,0.0359273822082809,0.02092030886422115,0.019695577946400557,0.01939453348346265,0.01578477012992745,0.015135308171402118
0.7491967271262125,0.3934248309602592,0.38028466495704594,0.2594373186673938,0.18580275407505586,0.12319569047377493,0.08736366506251711,0.04043121287261029,0.0353974092562234,0.031876760320320094
0.9628957916688516,0.1965615875177034,0.08496276867048871,0.07128947667269257,0.06283040565633627,0.051682445459386946,0.04893893586344253,0.048503101438871904,0.04455240770145507,0.042551579095286375
0.850067919448901,0.3358660631151952,0.3253921195369205,0.13606162683437406,0.10257091235586817,0.07862181898691432,0.060579401123335125,0.042680299994897385,0.0406089490726347,0.03787805865798769
0.9980976835614491,0.040240527051037964,0.029987825259184156,0.0168826987532021,0.01619081288793873,0.013822513884876104,0.010942291374374262,0.008729955074956037,0.0081584533572045,0.00727844196461784
0.979861667568685,0.10862874811765268,0.0685984163502019,0.0671954762716415,0.05031198832942277,0.05027520604634894,0.04581409024546949,0.04431325649261173,0.03737725614218352,0.03464396339636112
0.7685833921502229,0.4534506182243907,0.40358862034777193,0.0832719722937823,0.0751111081574767,0.0738292759114132,0.06780792573610535,0.053335123707609663,0.04317518646200347,0.03943400253604496
0.9823627991994696,0.1505976257370476,0.07904825832288165,0.04689448429930208,0.03962656624811981,0.037913351654963755,0.01352732278235852,0.013267523353323518,0.0079094040631052,0.0066480608925898
0.9921908941408852,0.08518014987068852,0.06343071188870628,0.045907790908808456,0.025778186579543227,0.02434625767749614,0.014123006566437805,0.012911932913253559,0.009427694021650427,0.008993030771830229
0.9813471312588194,0.15712069811530188,0.07845747942885381,0.04683892901098609,0.03909384147217269,0.03785500786665315,0.015495087382627162,0.013109048340042605,0.010162855811367123,0.008759431291400254
0.9882861706787168,0.06410834344994687,0.06030716399091953,0.05526446695688125,0.0532878561381512,0.047274824256925925,0.04170184943878607,0.04080272239286304,0.04001836960311202,0.02153952168904803
0.7320390862641549,0.6143443032151576,0.20825657313289725,0.12460154392295654,0.06412660172951704,0.059853138075558525,0.05902374239730583,0.05665812971605517,0.05365702728811955,0.044545675849307145
0.9139395408117856,0.3011160489722307,0.21949802097796914,0.06580143726992009,0.0642873577867168,0.06337848328450098,0.0604775505062329,0.050076785530831766,0.038446499255159736,0.024749326737980876
0.9778226885780712,0.1681570544521973,0.11607851272748365,0.02638033495164942,0.01457247954532655,0.013336076850399137,0.01313413647461804,0.010956011120974721,0.010762401296310788,0.010379758190928273
0.9946858032235812,0.06268199400916072,0.05325882190248536,0.05125877666796908,0.02690871026950257,0.009927758202245656,0.00960635226264282,0.007100295144689153,0.006615592677560662,0.005112317327529588
0.8968391811896085,0.2978106182016638,0.22984127962106152,0.13398213722365548,0.09104008321278846,0.058377176523246845,0.05730713968439683,0.04608796748829974,0.04361947268790817,0.0430332539866685
0.9827477571219988,0.11036762778204887,0.09613497956073122,0.0582482991015869,0.045867524309095825,0.041813400931849196,0.030868407051502376,0.029842400606234637,0.02480371990642152,0.02204145127830995
0.7946756083000347,0.524145328270415,0.20223872686821262,0.11931906964644964,0.08630855608044026,0.08518716588626356,0.06155836589254914,0.05860261966665208,0.056707774346611034,0.05577017580512235
0.6950083891456996,0.5703685302448168,0.3667820019367045,0.12692445341085978,0.11000635672482967,0.10763492756408244,0.046645811051303915,0.035256489461670905,0.034858863990826404,0.03326727202201593
0.9386699235938812,0.25587518379032154,0.17181317961961973,0.05728192214795271,0.051993930467956966,0.05018970653944922,0.04529845771010106,0.043059294447190075,0.03998175658395699,0.03952738418622169
0.7136374502486996,0.5680119000329462,0.29895329833124173,0.18264420802224038,0.09328788201855738,0.07916665103110547,0.07709077710608031,0.0729777494536159,0.05525499358712953,0.050212727986686294
0.9799904145000479,0.18351031305241136,0.04922907194441143,0.03523511518567481,0.02471680885008931,0.01883201312038475,0.017380252410611963,0.016781107352221523,0.015541730526848634,0.012283546876783612
0.9960867854713468,0.047021866450514344,0.032797266606364034,0.02784741546637241,0.022496267028245177,0.02207286841060422,0.02017052228905869,0.01830559599024844,0.016981146730123166,0.016382135193192645
0.9997377939137106,0.017002365677174155,0.01133272595170568,0.00456073161801421,0.004106981118620225,0.004018952373155107,0.003616053817432581,0.002587035913662493,0.0025793379722799585,0.0023820877597674436
0.9101129893003738,0.23413893267724661,0.2000616415179068,0.15416991335267993,0.13053687822768112,0.11390948264216663,0.07827725952109485,0.06558804430974616,0.05295547700494741,0.05144833921045787
0.9925135398500844,0.07150742575682112,0.06210457483487558,0.05137524498229574,0.04173989489608146,0.01780249068779181,0.015254426649948223,0.01442656596344854,0.013579143530114773,0.009777409762777092
0.9853239768509474,0.08823822806750654,0.0824502223474095,0.0701272556876923,0.06295436710151904,0.06055812492019775,0.021499043505789944,0.01759007195725695,0.017186569071271623,0.014461434990229075
0.7631698202218592,0.6148652980888636,0.10698061886525527,0.06510778188351664,0.06465120459263098,0.053208693648739626,0.05246188945541496,0.04119681715700222,0.03714910237612176,0.035586076924137754
0.7044290060995946,0.6299860921535462,0.29090515402650574,0.052922938384340104,0.049651027801767875,0.04381170265910191,0.042714199481161896,0.03674175340502105,0.03361106473409202,0.03289546637442414
0.9776651774499732,0.16941264095883518,0.08935608656167292,0.06408936927172777,0.024332328678293515,0.02016139868898108,0.01957981946266459,0.017619203227759984,0.016783991925957996,0.015776175715684376
0.9753333916114945,0.17300931718616433,0.09084908314600688,0.06395079258367509,0.0615367400266132,0.020642562854664016,0.019535714015650803,0.017936542385900815,0.016292481385843886,0.015767216964181065
0.9832509117032315,0.12063480328693697,0.09191001176918076,0.06346212707587272,0.05578569436839757,0.02273228972867931,0.022614433398181817,0.017955552558986412,0.01705147138907876,0.016742129489124777
0.9823377095574297,0.12631289264814907,0.09351564557012916,0.06344391270408425,0.056328218320279885,0.0316125372716182,0.02304870247133588,0.01718955403598639,0.015367167654311753,0.013185672862249235
0.9682688630957126,0.13394079699834846,0.11285693570035153,0.11163023180668581,0.07679147912662157,0.05425777507007384,0.05178433238728522,0.037940017398115505,0.03303925303563895,0.030703344099295853
0.9796345130873936,0.16978536976138991,0.06947398515390449,0.05218006470508099,0.03979919968352888,0.02701819686773063,0.018150072776426374,0.015317942093665814,0.015132628694072654,0.014300060882090288
0.9803759735187794,0.16789904412892978,0.06246163791963948,0.05219886763738385,0.03975527647353799,0.027041763863654315,0.018179506657795053,0.016687962239241978,0.015336085559800972,0.013876622160700871
0.9446164572300594,0.20571366431094665,0.105659750210834,0.10056242705585156,0.09230668705682073,0.0860087774634449,0.07365735310482124,0.07211800191805115,0.05981792082840274,0.045440686233301705
0.9687213596149997,0.1932421352970587,0.06153179725674923,0.06077215058130331,0.048316469186771974,0.047319419282217556,0.0415728883408298,0.037417811774242575,0.03552986241674696,0.033369524458505634
0.986260891042681,0.09353589061819731,0.07609992301431819,0.059890289769010306,0.04906386705439277,0.03610848739116408,0.028643815441698063,0.02837369540158879,0.027980989341519675,0.025396017284954473
0.7671053027283512,0.5954392911581259,0.15548089253277192,0.08888234708919822,0.0577399561315958,0.05300960437252156,0.04666839151342034,0.04445008988653115,0.04375201630218745,0.04356461134592816
0.9855176893303589,0.120377843229922,0.10611193463290412,0.034848245254089895,0.02489223511584017,0.01617168302319522,0.01563327492430498,0.012896304299065114,0.010714481271348227,0.00946080965134352
0.9849287136393294,0.12585005492700221,0.10442373889005009,0.0348265363882444,0.024898631595939868,0.019137720098846112,0.015584679077845484,0.01281180270513502,0.01108233883961936,0.009256366156630242
0.9359093313688533,0.28423933353774944,0.0996987471443261,0.09777205724366919,0.07841128440924156,0.05615392066088608,0.05341040351992131,0.04926057713586959,0.04500500312688697,0.04271744224865872
0.9451468019283806,0.2619661287076202,0.10399287747152913,0.10322599154384136,0.0667759264122613,0.0624139565046148,0.03332924790731337,0.03214728378710999,0.030576166891920168,0.028347734857659318
0.8619002504808907,0.43921589280884243,0.16563341010048105,0.14478968906005535,0.05843813363492202,0.05148776935089953,0.04470986324009268,0.04008651617153178,0.025988360548045018,0.024287941172826268
0.9242387040098125,0.3198638942509298,0.11168428428763774,0.09918710585735022,0.07638667613702796,0.061918544893600116,0.061551356379189674,0.032535890718694664,0.0321621056245725,0.030697724268419043
0.8941679814139609,0.4304173622361066,0.08112291156416421,0.04113845308510328,0.03488972790257655,0.034415399043254094,0.02634422960436025,0.024065132620646613,0.023913108718481776,0.019831821064995706
0.9837209263833492,0.16862706035925962,0.03583113942639014,0.035624588729037295,0.022008312627702017,0.015441176005234942,0.012130131259591436,0.011025767202432521,0.009979512036257632,0.006060988236418315
0.9830062273488548,0.1726862086786966,0.03580746010129584,0.035531140965190076,0.021995301932310966,0.01613542276422797,0.012142329041407437,0.011096706214737944,0.010248012579169729,0.006097144934482007
0.9999058290370693,0.009463097355579079,0.005734643639932419,0.00491750215285194,0.003487471333647394,0.003323814668796753,0.001718776578747632,0.0016629025841850597,0.0013262990815991354,0.0010948024237134796
0.9998852914608701,0.009731763170650205,0.008819441037606415,0.005311263501049394,0.00288812652484792,0.0016834966145916337,0.0015779768857890513,0.0013354966605400777,0.0013018443620149318,0.0013015302535339622
0.9617855402439769,0.25780887588692764,0.05430926757330731,0.032545979564446575,0.029952524155945782,0.028620520512970246,0.02786018381583103,0.022199614343744508,0.016722338552211252,0.016464290361464462
0.9978085862853634,0.0427315482604382,0.02689159744914155,0.023959502149205242,0.019559959242400355,0.01720058372699185,0.012961233724123746,0.01067796826245541,0.008508406636655164,0.00632830950604834
0.7840820741546877,0.6087015575797637,0.04681334779350456,0.04568044853837618,0.04171968729954212,0.03306841013583952,0.0321278524787344,0.030289710312579966,0.025318736960695122,0.02394681766083926
0.9494680349856294,0.23263819174473924,0.16443442958148885,0.05696296502185333,0.051320818688995226,0.04933323893312841,0.03763292998489243,0.036675813161009506,0.03291575767527181,0.02522222923420333
0.9959209923638396,0.06671223162019714,0.0489445016272635,0.021637540157635853,0.021390756333576618,0.011302999353848556,0.005231602793041565,0.005026724399394411,0.005002865840525354,0.0042628675391965815
0.9889836585292398,0.06606763788491808,0.06331473141274953,0.06175987215437496,0.05569762309051374,0.036824755985661616,0.035346389579002865,0.026170175716306247,0.02598363696754571,0.02032619342364082
0.7842315743739527,0.6044197496137514,0.0491694855421153,0.04493792638876878,0.04284056139513534,0.040303076275061515,0.03907073538336832,0.038963900617291686,0.03660839957402731,0.031305465530270346
0.8891249100831987,0.34157170269586107,0.24520994105004948,0.062014199197280094,0.05705144072342698,0.05541422332848564,0.04226677297221611,0.03996247374345925,0.03850387735212244,0.03842811123392745
0.9724806788608744,0.17276356057791717,0.08410570611668534,0.07894621251160247,0.05960810315794158,0.037212083828943546,0.03463522541517525,0.027022018546837123,0.02574813451586793,0.023221255118277325
0.973459511209382,0.17063723293792413,0.0857421387668156,0.0751738033048634,0.05967571728143992,0.039130027721766145,0.03712720282399316,0.027386010829640817,0.026240147257286517,0.019248778303205497
0.9873986677511501,0.08717704846346729,0.08087377376559739,0.06012748446501045,0.05440087492015028,0.04095807292966006,0.021221935511708378,0.01687227423187831,0.014935619248654062,0.01355287427166441
0.9870635071743713,0.0818871381312144,0.0737941003928395,0.04659919365515035,0.04615896226060609,0.04427170361645571,0.04312110059645283,0.02867081657653637,0.027865260988470895,0.027072107760972956
0.9900301371616382,0.08890980045049382,0.08048477301490176,0.060290937679644725,0.01975895427051228,0.014898936380547272,0.013947903918454614,0.013393207960336464,0.012227771197846335,0.009316515087027286
0.9880196942298581,0.08357566797898983,0.05745812498514827,0.05227247039151119,0.052066873985412654,0.049631132907253676,0.03926045457453883,0.029422782031489077,0.020854515869604563,0.020395019650252318
0.8917187586959024,0.320499138515313,0.168314887535148,0.10000652037834068,0.09787316953734095,0.08582015418790478,0.07391707340211434,0.062403688518834544,0.06116625325449913,0.060954602365393094
0.9855359940744014,0.1089761309741753,0.08613355801209281,0.07567030508035262,0.03632775925643964,0.021950738996277832,0.021125702331914655,0.020183955448008693,0.014580835610837112,0.01261083901923162
0.9532699667847341,0.2603774252969678,0.10618683522520138,0.07205883881791429,0.044482946961229196,0.038998928433801434,0.024287327632425103,0.022749522436802477,0.019930435360219143,0.01938157143095767
0.9973575045551374,0.05307917042345116,0.03605504157227734,0.018055551724348473,0.01362774059784096,0.012533911933223502,0.010098579020831422,0.009935914566200488,0.007770524755831228,0.007301365034114467
0.9956349006678489,0.07075471740699782,0.035550459321562644,0.029209329627774998,0.023587967508990813,0.01879209424097646,0.014781516049317255,0.010010644057220732,0.007575188148810692,0.007539418494680457
0.9966922367881605,0.06250006519749093,0.03559906969959605,0.030023544336458114,0.014846258925469251,0.010021557952910078,0.0058768271128306765,0.005661025188781869,0.005498492111603034,0.00541691487894176
0.9917421549120409,0.1031746979576383,0.05585630668044622,0.029203974096775814,0.026486102875346317,0.015480611249411537,0.015343626581573911,0.012547444962661549,0.010367909480619787,0.009470133102258907
0.9922003528883143,0.0986215390743061,0.05644841923168996,0.029215070651171342,0.026479134637501116,0.015474895793100548,0.01468705168485874,0.011840152986999032,0.010211152985298799,0.009448489981536063
0.9788115204512924,0.13778873881438863,0.08943176301023084,0.058244510151822276,0.04685131843309997,0.04086505069938547,0.03890009861221279,0.03535354981289236,0.031081289439452046,0.02407547660835152
0.9769705706606648,0.16706456948577322,0.06314842092504554,0.04884103174165792,0.04329606966300864,0.04115058675791135,0.03881991731328411,0.02983545388074898,0.025010977412920105,0.02345274204171528
0.983147384917671,0.10992171618367484,0.08000904054271109,0.07205872353625722,0.05666972399452898,0.03609295984530935,0.03196782261371566,0.029768126798388948,0.02389291844759155,0.02266784379443388
0.9941164253480713,0.06086154626161456,0.042359869416822224,0.03880420389417711,0.03421989771020331,0.027122743984749138,0.023854906054116085,0.021274165787099432,0.019385479685431774,0.017286002755747803
0.9850044744657058,0.09102631337324969,0.06886994998315928,0.06875161666303424,0.06495248270688479,0.04410581262406195,0.034428915049368576,0.03217947779159014,0.027784938659671885,0.026372572063182057
0.868915953442493,0.27634692856263277,0.26696785638479265,0.18693580770431034,0.09984213370795965,0.07739966119259196,0.07337419191860145,0.07243134106902402,0.0716545812931746,0.07053933145950042
0.9974906321050562,0.04942497113941471,0.03851669134641922,0.014435562600081905,0.013091815977098336,0.011568995686621612,0.011136077161386853,0.010037662507617883,0.010020203386820862,0.007790980800042183
0.9891622513467841,0.09632002240952404,0.0690872597180082,0.06291504387198656,0.03276266542428372,0.02424004720353978,0.02117918742669026,0.016465131250355022,0.014897899026526594,0.014477568394732987
0.987560834097776,0.08346119864405294,0.07927673300828075,0.055995921622406526,0.054326172847586694,0.03725574859787144,0.03630508727799894,0.023331410184143378,0.019747927992276156,0.015890923620868695
0.992483370078977,0.05142111215876928,0.04850647442514845,0.04656929536127088,0.0387741599127261,0.03806031516943875,0.030203372834635714,0.02736901515646833,0.022403535516784638,0.022132017712862762
0.9894745580735335,0.09554667985307191,0.06624995235884124,0.06342702416008651,0.02890203044698957,0.024537521663295578,0.017637392308835067,0.015111594666414045,0.014449685645300692,0.013559647860582714
0.8760047789284252,0.359086825319172,0.2367513183756616,0.10388058724216835,0.08877615845328361,0.07317499392208793,0.07240323620363615,0.06346190870512694,0.04969272348930219,0.03969453869739531
0.9893683231158568,0.10059638540180516,0.06631837913950202,0.06260331291915261,0.021318254318930478,0.020532920092004924,0.01788632705498023,0.015375669065591306,0.01490351370786399,0.014836180593987504
0.9716267538788259,0.13071303330913572,0.10757924982406207,0.10601112890546024,0.06756464875663032,0.058062442518696834,0.045552792991435956,0.03625999102807383,0.02883578998126125,0.026883480720568644
0.9727455123802589,0.12984039130138333,0.10637428278430232,0.1012813874364344,0.07255084949715783,0.058036560307586575,0.04629508427844323,0.029674760433143158,0.0273597742815514,0.022059495848260786
0.9959263435031283,0.05833258627119705,0.057880827245736254,0.02151772894287856,0.014763280099041464,0.013558205713643428,0.011294749354723877,0.008810637132781265,0.006996845584428812,0.006603103864435258
0.9939618480912672,0.07852284359334531,0.06028279543357202,0.03354887814702557,0.02334645881317827,0.015679632174796676,0.007074403472196172,0.005827547365323367,0.005198054364853946,0.005106265637839421
0.810311648712316,0.5621636188330277,0.10550494239819169,0.09783011968233941,0.05929938354710947,0.03512991840161215,0.013897083811505687,0.013015032295093251,0.01299648289943439,0.012345095115046686
0.9307635876939941,0.28458363144961346,0.2049996878034678,0.07632637824642513,0.03497610997262136,0.023154281642565104,0.016403623204868406,0.014714382548838032,0.014539567088263518,0.014450733542595488
0.7457411466795986,0.6253027427926149,0.17224599721546,0.10085301468518318,0.0488996296268876,0.04331304643727094,0.04084798468483105,0.036000369789395394,0.035021103607162346,0.03366436885773577
0.7775082893297092,0.5867340753878244,0.17248521367153352,0.09626327888168278,0.04846932969841027,0.04233501536983786,0.04027225266936805,0.03715041883331848,0.035672052674247244,0.032732287263782765
0.9971112924358997,0.07152812284223913,0.015448467943173784,0.008947598501082957,0.008347308031688367,0.007888971113119725,0.007215039310106413,0.006313488589837825,0.004919607874314338,0.004182778836770713
0.972930361077124,0.1610141513866546,0.09702171315195184,0.06528514728518435,0.05088981364014976,0.0441629549380257,0.03833039385276332,0.03713603371832213,0.03250236739441739,0.030770625135590715
0.9937010995000682,0.05719497914681324,0.05634897375791473,0.05263457287080268,0.0287479135153459,0.02820286229345558,0.020370499199859286,0.020075769476127325,0.016473228634443247,0.01299799955101723
0.7284621552134303,0.5984037549409361,0.22949597525969054,0.20240537548801682,0.07416689498143929,0.06231002491782008,0.04815093545962919,0.031133208068523495,0.02935408379753383,0.02380359301885826
0.9971001150125943,0.07325729500267349,0.011437875795182717,0.007754431302166744,0.0075071214469309405,0.00597863836242234,0.00499621134378819,0.004801155713125907,0.0038745512907532756,0.003669819914966545
0.7462016470115725,0.5783686547970339,0.21539948284475613,0.15782519248476867,0.1576949011844311,0.06160417350658459,0.03666699991755405,0.030995384425110437,0.029682682938080344,0.028446992092516336
0.7571055106299543,0.5650140266985713,0.21526056363672463,0.20692889101593376,0.07042554006205726,0.06721978713067821,0.04952684517760485,0.03419686496968517,0.03377928847471449,0.030790156036668837
0.8669502573391493,0.46952749510130815,0.12317509635519418,0.05682229153327392,0.056333415555617716,0.03922488547595322,0.02991172125402442,0.02936480007451337,0.019201750280307003,0.018929871021951976
0.8590404742334243,0.4859189064631319,0.10431984578153466,0.07437049907639616,0.04475484681930688,0.030489995438761294,0.030121535247826806,0.02870109102113742,0.027447632661005687,0.02301850317268849
0.9387719972658095,0.2284594622617357,0.11445622243854778,0.11403259763251282,0.08509713940247896,0.05961353455749661,0.05935878277128967,0.05782748367634703,0.05283963160270907,0.051254865875379294
0.7737251774026678,0.5693225205874202,0.22198384959355397,0.08465766771975829,0.08031689497432769,0.06531555534118288,0.0522292262672798,0.04350622900737926,0.030763713025954903,0.026807864625371644
0.8602612564956141,0.48701373893259126,0.08221752934962864,0.07028100631869295,0.06007453027702719,0.03755179218216435,0.03725779298818568,0.03721441142249855,0.027169281910839255,0.025961873738514045
0.8896069609382123,0.4431789941379375,0.07228521300219726,0.03868814653804849,0.03856843073260964,0.035431711105466564,0.03127866967259535,0.023533332351999246,0.014859596252086172,0.011453472612537312
0.87744761655845,0.35850754595092704,0.18838023428797784,0.11998712907940898,0.09772157529753282,0.09771762106656257,0.0937504837019221,0.07686811469967472,0.05176794900871999,0.04882258114349235
0.9539115024230292,0.1703040416816885,0.1446587695399655,0.09974698874245212,0.08163586689764081,0.06345287070061119,0.056590678263584326,0.05609463312829424,0.045220876301373225,0.034423221742482954
0.924252408144008,0.3070048200689778,0.17883322074980254,0.1132327381904565,0.06293181786451674,0.027635282579015527,0.02315189811984065,0.013180571057639555,0.01169198013312875,0.010821367135966788
0.9940655761101289,0.0623118447493573,0.04020477706558983,0.03624035760379702,0.03498408975503527,0.03347449133344652,0.029761070869255012,0.022794634686295508,0.01905391000356547,0.017184175203540063
0.9949027148076715,0.0620364624806171,0.05342435602866489,0.04473980600567419,0.026359522489887932,0.011790173188201391,0.010011944042815135,0.009895176028119075,0.008868847355204186,0.0075419573293662
0.983797207235692,0.15909842408694538,0.05849997504705396,0.046146031151929154,0.016793216127703087,0.016484037172492166,0.010513720895258132,0.009547183103354279,0.008955511437205313,0.006831804463590351
0.9672758733939658,0.16762650110119418,0.07808239728520673,0.07798079696014729,0.07707691842974304,0.06685562655415866,0.05863515998958079,0.0553078558759544,0.037945148272345894,0.035330690162913354
0.8629264192103634,0.4933279722977051,0.07270041850904099,0.04817308108045345,0.023186157084435045,0.02199961051073305,0.021699735541888247,0.020896568611756653,0.01991384693482399,0.017752219198769795
0.8883588352306415,0.4455936936120091,0.07867070729908449,0.049626509153109004,0.024005947880012486,0.0200618535356254,0.018783295432057378,0.0180195526178588,0.017766804354371765,0.017030433766633966
0.9960774804081952,0.0700231249307798,0.04507958220320934,0.018512710909521484,0.010140042777518274,0.009776005051781679,0.008471200727384727,0.007637428507812556,0.006195721277446995,0.006128996615644602
0.9960693667933769,0.07003309777048525,0.04563761529389594,0.01851745577031845,0.009781874789707682,0.009729335627478105,0.008507640624786997,0.007627703308948739,0.00618458705271447,0.006135380892359897
0.772612092577364,0.4768825323617463,0.3359060513978473,0.22331781412672383,0.05513106096160577,0.04655385647530035,0.03738671601485856,0.036119738010521256,0.032017633167203824,0.028909733273080152
0.9969394442470004,0.0710021404221823,0.018517174453677898,0.012190368983579893,0.011933270991440868,0.01040357059538849,0.00843544995555058,0.006713978347081559,0.006305365046659228,0.005896948579082622
0.9969833421484776,0.07100724742103362,0.018478024703364074,0.012175597802633517,0.011932375143226962,0.010414848194641056,0.007937222782519859,0.006674400984565186,0.006344812176510924,0.005903453561458495
0.7248343566198776,0.5615501236823957,0.2543177084514244,0.18053117878409367,0.1681292369578899,0.0763970927718637,0.06493509836157177,0.062488431879518684,0.05929741058169307,0.05639288155324969
0.7264083245559665,0.6027611820845473,0.21666630343160645,0.2113237487782101,0.06294077698255711,0.0573427955445987,0.04807437424356117,0.04149106856032015,0.036879127525594246,0.03479475377642816
0.9966224952818324,0.07291608279877484,0.022679786745688598,0.019430591734754962,0.01326307768494438,0.0074378640322623184,0.00705821153435642,0.006172962012735703,0.00580230763583415,0.004658592216334028
0.9968465623503228,0.07289159460256535,0.019565321887365893,0.013422469616625908,0.011083444273959136,0.0073512328017867196,0.007196327153652449,0.006161051243641059,0.00461690027421482,0.004612093826005204
0.9965051901862546,0.07306973006320883,0.029017390895872158,0.01628043371039998,0.012339137828664595,0.008054695011546981,0.007215655442387291,0.006253026918282911,0.005790082570934254,0.005334882771354471
0.9964932803158064,0.07305024748682831,0.029073526914837458,0.015924904734638732,0.01378405081273434,0.010918415882265255,0.008058591301578329,0.006088880652360904,0.005830601856017138,0.00407662669054217
0.8129351484951522,0.5292792438005183,0.1407607766784907,0.1130390054889502,0.08177814556033355,0.06825672631899614,0.058882338916136236,0.04412861999515093,0.03827815070015497,0.035448532729455175
0.7692249679902405,0.4902570629821257,0.21682403161682814,0.20873004263249098,0.1447062990659159,0.11604812924747539,0.10790657993074429,0.09975582213765243,0.05860304651684485,0.047455779505120047
0.9395092767692811,0.21593637264068835,0.1646809314099503,0.135810558087514,0.08943862896948297,0.07634948541451017,0.04630839397696506,0.034583097124511415,0.02950498386917715,0.029445143099626696
0.8150038949209002,0.36366396063475476,0.24864234507086339,0.1787724223405645,0.13579951368032883,0.13530272947311872,0.12672211211395124,0.11096686418117213,0.09729924294499535,0.09674218266905234
0.7324821315274554,0.6394642277509087,0.16826105172339986,0.10010698890213598,0.057744920948090875,0.04532289529017779,0.04505186509586149,0.04069296752534398,0.03316270963245548,0.030201162671445122
0.9651720764242064,0.24563743127668083,0.04849770502222811,0.040983470576554215,0.03834562129493812,0.03239959787538354,0.018825384323641444,0.014173343579377558,0.013162215949440932,0.009825499962061229
0.9664059545949849,0.13897424240515352,0.13770155763174005,0.07765264467996685,0.06669762506054804,0.06024759072249419,0.055068521011266726,0.04473380345766259,0.0400344654831337,0.03129967292440541
0.996773388373602,0.07497809264650777,0.019911070373329027,0.009560779528207155,0.008942869781762296,0.008707752939322381,0.00649335199298929,0.005011943393517055,0.004534983042629426,0.003926880842173317
0.9711067070539882,0.14199991645288246,0.12941802995300106,0.08894801033166808,0.06813421796141991,0.04433880769929744,0.037441517616120086,0.026913273762154258,0.02300750276092208,0.0198932522324229
0.9340983781264172,0.2924066347357015,0.12653307177484044,0.10166522387923192,0.06998489160136728,0.06661755642255926,0.04590602877050736,0.024452479489656363,0.022174409356824264,0.019563305738444725
0.7086775514036335,0.6075177257743002,0.20779837506855742,0.12016757052844598,0.11426871875382974,0.08546168783084139,0.08307060681682606,0.08033660148662158,0.07488736792434214,0.06270455614320122
0.9429655283460094,0.1734799921524811,0.1690821012503644,0.12265412678804914,0.11251452859054274,0.10087791027727888,0.05503563621485804,0.044414932761029674,0.04185104964721434,0.040205896850817574
0.7413237168009187,0.46306178539545806,0.25872755601397507,0.25275447881348057,0.16653729807459586,0.1554473482146864,0.115197245712516,0.06328312097745462,0.05995217156783608,0.05779773510708507
0.9965815466427796,0.07896598262555117,0.015817721096778488,0.008463421826198685,0.006704419399016701,0.006424573430627972,0.006038588346006883,0.005766965784170782,0.004744536730377088,0.0033264196456507297
0.9604023898686447,0.20016896617583213,0.1713951259001564,0.06499966999567681,0.024522294796048533,0.020635987450984567,0.019960309268321996,0.019031202382988825,0.01583529414814417,0.015492672756729192
0.9948435050386284,0.05982138354893251,0.05826196557564794,0.03703370420713548,0.02540645862712361,0.02415244045093171,0.012089022567366346,0.011011326821606462,0.009999239663805053,0.008675211226722308
0.9140109766311906,0.24816276723527647,0.20648057439780382,0.18755100652206577,0.08957392745971872,0.054909029946332115,0.04857393548456008,0.04242729728359863,0.03797078130950969,0.03660366871652979
0.9591909310443506,0.24318330677400157,0.0913944525782025,0.05497271127529417,0.054185621875775705,0.03820762019283139,0.033744226004513905,0.03160979838390584,0.026595092616869938,0.022313437490492055
0.967180666929234,0.2317229242460151,0.05527318964967036,0.05138172932122719,0.03724070362742053,0.026338459074743657,0.022816837498277474,0.021366902708892212,0.017493018581879273,0.015705209185476868
0.995848834753703,0.06944615146889346,0.03634864456816816,0.03234365599193954,0.021596124502569303,0.010587923303986547,0.010082341921399977,0.007918669104086961,0.007898419533163718,0.007867489630276019
0.9991271467995442,0.02718941415248323,0.014176515661348867,0.013150270421506266,0.013119799389763638,0.00952029920518542,0.00919910248334277,0.007897197381269212,0.007064519955193881,0.006344306665836133
0.6060352954034899,0.5272237419292042,0.4871481030888524,0.18435084366585716,0.12409340085546437,0.10565465039155082,0.09733633219432113,0.09015460767243104,0.0886884605718753,0.05362846810645166
0.790339153401007,0.3842144711455743,0.3454879747916155,0.20762310193319072,0.12094346973301251,0.09896422356489747,0.07395157118076737,0.06582617320176422,0.059066131004485344,0.05833700511765955
0.9337308731892339,0.24216922833008464,0.15699142931217613,0.09268762862338518,0.08955316642487467,0.08709665034779901,0.0629009565998632,0.04176204363095712,0.03896173300091535,0.0386453632511928
0.9784599320365072,0.12724751962301428,0.08077784429586336,0.07079988279866957,0.0705834530431307,0.056624752635721295,0.041771339200938104,0.03835821367464288,0.03791536221610597,0.020548593049210764
0.9369714625776074,0.24018434126799498,0.12831960107949808,0.10125031059098953,0.08679720234786961,0.07916017559625108,0.07375091051287803,0.06463621325236685,0.043700557657745595,0.04231006417548862
0.9376034992456851,0.32116055553753053,0.09559919740016319,0.0734227442594889,0.02490067460076141,0.021914168938712446,0.021342016527736974,0.016180763148853406,0.01523883943071156,0.012667948774251042
0.8619586545293105,0.27971887904691656,0.25692378988090636,0.2096145811430506,0.18313167923956128,0.09293596299941916,0.07406415804615744,0.05614083730633356,0.05062903762375321,0.044079762008408525
0.9996453548748748,0.021881935938074592,0.011989344086269563,0.004396600049418731,0.003315057906136426,0.0027646720978250976,0.002747507269997357,0.0025874863573367808,0.002225957186205961,0.0021865734957260356
0.9348837699261513,0.2887824225611252,0.146587767198312,0.09119978088957201,0.0575873999691679,0.04115382972741961,0.04007335568946221,0.03371178413443872,0.029899454072916515,0.024839888080363935
0.9778840015797363,0.19452458527852384,0.04083534106286348,0.03686775342536895,0.03265317933509948,0.02531238344464983,0.019373677351236452,0.01618266316742263,0.011059912212982163,0.010162603414065259
0.836074373926305,0.5351001148237934,0.06104869218791183,0.05438810228598187,0.04363212451697567,0.041223600233048295,0.0401413173019353,0.019403882069051512,0.018274248012145392,0.01816829091624526
0.9981679869614061,0.03397298110076728,0.03363679480842129,0.025386761222488997,0.020304294302865906,0.01068930672289777,0.00840588311097054,0.006122537272142179,0.0043110959691079675,0.003659323337707981
0.9969997471865569,0.042360649891953726,0.03761454130929873,0.03218924791260084,0.032085313299745524,0.01565705688833839,0.011443981284831742,0.010463197170554682,0.006671180427584437,0.004641444558640077
0.9970828001828269,0.04242920708333084,0.037682134365679326,0.03260389819261222,0.03214664981378536,0.015703385212709288,0.010516508232898998,0.006538902383373346,0.004486025334301969,0.0037572890261046987
0.9409944336480769,0.2023990476237589,0.20076496329675414,0.1302836165234853,0.06598580585607138,0.05814061236588519,0.04331247627485861,0.03339813406304281,0.026490462139293503,0.024822409535437778
0.9558711684420103,0.18558727695131494,0.1557332407159761,0.07780807376284936,0.0698571332618744,0.04930197305843767,0.04775054723496699,0.044507295077492744,0.03872009276816835,0.037764914082401985
0.9554618082767496,0.17794465205167198,0.1753533413484425,0.11968120201644732,0.04102228156383118,0.03274601215888005,0.031933922888642795,0.025880932377270825,0.025491463850799503,0.019961335448988374
0.9946078874111212,0.08327402681985524,0.029004181839446183,0.027344375655444626,0.025094842690447518,0.0224589363634593,0.015623207608729471,0.014435452099669479,0.012719055812239338,0.011154762854642158
0.9448961918003793,0.3129703106215496,0.05191506414373113,0.036171169224211396,0.031196701212421764,0.026805828855088355,0.025290354444981827,0.02407879655292994,0.022287103749093283,0.01771196337145178
0.9154184192025585,0.30918621952627606,0.1516192295592242,0.1092009795015076,0.0806226368613887,0.0709598692703716,0.07081840858663256,0.06867279219037258,0.04267725013439628,0.03525114500449078
0.9859712781816695,0.15666422060053112,0.03179333261479834,0.023876014534467742,0.022320404119765363,0.022110637422605803,0.013323802736466734,0.011664964227340969,0.008425871194855732,0.007180521770383578
0.6361273270808875,0.5260945516911806,0.37274609605398773,0.3693531643693863,0.11141613424017845,0.0621012998352708,0.05213983428236269,0.04531463995170707,0.042923463953045166,0.04212162879326776
0.9106912194640813,0.22022311439719497,0.20574048576380885,0.1354362069936356,0.12967665207032938,0.1275172711027912,0.06814891736818926,0.06711559351104612,0.06019628463856834,0.05800400966198645
0.9362697570080646,0.20218929074207623,0.196278176573527,0.1553740835265411,0.06994747107486098,0.05989051396280635,0.05636658193762038,0.0471997413648833,0.040651386184030636,0.029162050554766044
0.9835001379568353,0.13990063207476439,0.06432206977767044,0.061531440619391455,0.04862269274473679,0.026636132977941943,0.021597024635659743,0.018224183298939288,0.01570428055515816,0.012261943394528697
0.9212566648556471,0.3217264179853643,0.13159126377550617,0.07481125289248203,0.06403656252194369,0.060501449940308025,0.05478787825234324,0.047988622125314656,0.04769659885797413,0.044003907778291704
0.9796398277870974,0.11278683023635536,0.07550184356808783,0.07060291936138657,0.06570433412259105,0.0580049471900264,0.03996939375873029,0.03495477070284902,0.03372682096297431,0.032807663882275
0.9224478615748027,0.37104099751410746,0.0522363587601853,0.04488907742957168,0.04337708110393939,0.03314133835384828,0.027513722645142465,0.02729963688174161,0.022819139326629715,0.013440767724099774
0.9931118986930378,0.07114846424837934,0.058680894339217436,0.03569131301307759,0.02080185666487959,0.01946642756455154,0.01917228005896226,0.018867473836252473,0.015451842774337648,0.014884292469617824
0.9930804369451418,0.09315623080299097,0.058496331304658616,0.029449043354963383,0.014215216135787984,0.010135551516644565,0.00933073926943224,0.008131937299315632,0.007537493712140161,0.006115387210358592
0.9969632702773997,0.037984644039200904,0.026380449529027763,0.025901714864883626,0.022542734041604257,0.020169912090264017,0.019568972597910943,0.019158015257804674,0.015526860274379085,0.01498338121692497
0.6442181555073428,0.6279313267258405,0.24629453331102266,0.1846963970903666,0.14568715220475767,0.10974828332130297,0.1013267995802902,0.09057935518789749,0.07865548233683299,0.06566266700494865
0.950872435221298,0.19632937358328556,0.1272761751744875,0.09468469561572648,0.07724059158136146,0.06850070862246706,0.06673984883158103,0.05810317960318079,0.046543506205513833,0.04431669133734575
0.7455986636296891,0.48110895945185833,0.3727364989320479,0.14104108235006751,0.11104703398636898,0.09321356697917715,0.061722097680935124,0.05887415865583082,0.04419057224780737,0.04198841131199397
0.9041979578599747,0.37121813325159514,0.14395762609073282,0.0855324800890648,0.0681391676074373,0.04461686282201757,0.03901534614208055,0.03711906537733861,0.027448944507048646,0.025758365498217202
0.9834134565259376,0.1155821502161749,0.09684371261165667,0.049626736818530456,0.04102534933220326,0.04002519342398525,0.030722958849099816,0.028001589510308362,0.02016078458352221,0.01930643635958804
0.9849461613741202,0.1476776335378023,0.04992370871257183,0.040862899207478445,0.03309738412222987,0.03200168270092453,0.02009276976110992,0.01936527895286498,0.017642792796309033,0.01573622433183994
0.9546936557738237,0.14668272468993282,0.13700004710706257,0.12606135179064426,0.11068265154926346,0.05543624089134717,0.051217608177606115,0.04741923071839632,0.04619701969471617,0.04065525677454335
0.9152141789495566,0.3200182485150284,0.148682170870688,0.12943144475944232,0.05646083240683004,0.05602329100696881,0.04577085129385602,0.042935962439022396,0.03580118798726457,0.034563969400541635
0.8794404109243292,0.3089510238945414,0.14426198411960828,0.1355754410134527,0.13352853251615485,0.13208526670257834,0.10690335830921553,0.08774076894943628,0.07892988680310968,0.07208309342763095
0.9757951784961628,0.17832758845144253,0.10804975183155921,0.030333015894901935,0.02790092612110893,0.025465997153163594,0.019943296060067357,0.016985506060125496,0.01570421250546094,0.013760779046750675
0.9734851955776994,0.10315188498662217,0.08544810177599446,0.08265005206137392,0.07893106150271273,0.06526803412376994,0.06095262203165119,0.05078775911270936,0.04115768371987059,0.036353737771606186
0.9295261246664922,0.3040179133930643,0.13685646694159928,0.08627242495070668,0.06574589937026504,0.05077893328354789,0.04917201970189762,0.04010308093130175,0.03763179170833572,0.0295832262741459
0.9294490553159542,0.3161236592866954,0.15459764278163857,0.0440871259307119,0.036680770110963754,0.036591802880215414,0.03183617131697155,0.029577785567253195,0.0289091864444766,0.02498332187582036
0.7738478350416678,0.3601582318377577,0.35056007624753704,0.2749673711234635,0.12892681859456986,0.09241041551481462,0.08672878146129814,0.08662575997920056,0.07439934574153258,0.06906104869315945
0.9867893065301493,0.09912125013615505,0.054462685700353425,0.05310751659433246,0.04301169045522492,0.04050431854752314,0.03583410096806832,0.03277168187898838,0.028266106342220283,0.02763179582774125
0.6790636241451342,0.4895099445102168,0.33545621475626974,0.22737619886649993,0.2078771150146038,0.15958125913398802,0.10713194181453294,0.08951501525932677,0.08254448901195569,0.0808504824721785
0.976611525896718,0.1277267100283612,0.08333697713004683,0.07628350293915619,0.06791524681196459,0.057976567854772454,0.05462901894711818,0.05458564809160551,0.040587185351364324,0.01824419124917719
0.9970799849788159,0.041745470829452715,0.03713534207462352,0.03340458092453252,0.024325517881826422,0.022213767610212952,0.011550907809970846,0.010919495859136381,0.008775057614584468,0.007305128180371956
0.9671468022546627,0.22796450688154477,0.05598962235620465,0.04236797792032822,0.034775841395779966,0.03313837026272725,0.03210819608666097,0.03044048140755327,0.030429060915074996,0.021008795715208247
0.8176703344800232,0.45357881708398595,0.2628268861412866,0.10816248359229025,0.10764396351104359,0.06971952675277193,0.06679927625938571,0.058121316862324114,0.05018077550772508,0.04668605873462947
0.6403976364892634,0.5041919265090192,0.3323320419395954,0.21095825345064342,0.1916794704834895,0.17782748762547548,0.16663723556529042,0.1619791695682595,0.12809395573366703,0.09663402775044692
0.925645894381612,0.3146686393373998,0.12731949657321656,0.12247656367121687,0.04094380817561608,0.04010211887906607,0.03824994366227855,0.036276561529562795,0.03334895917879633,0.03324436698004026
0.9959379466777032,0.0785253254529397,0.026542070877731503,0.020359127385955373,0.017778806891920615,0.010514060331886559,0.009094936699618781,0.008256795348674385,0.007899678294226607,0.005587007419679533
0.9948340229416873,0.07822149391307705,0.052475733854769356,0.025513793091932007,0.014671486009538015,0.012635264279217328,0.009611304793006734,0.008016731875903084,0.006267783273249148,0.00581190731876488
0.9871783373077136,0.11146383717002929,0.043265988883161195,0.041143262928245015,0.031063311361211432,0.029317215928013042,0.02779727165133602,0.02430303990826901,0.02401334575353463,0.02336422320252116
0.851556614109721,0.3909975129587434,0.23276615776284637,0.13198031114302397,0.128345765906407,0.1267745721662307,0.07364715651445632,0.047913535119898584,0.041184789862226984,0.033560870963996535
0.9976602494131207,0.039159653070920876,0.03781932898426474,0.030617490442571636,0.017854853954766124,0.014662744431938036,0.006908713440216619,0.00608084614019096,0.004423104015582263,0.004301218570676008
0.6863046470570153,0.6343373466362651,0.22971375531981494,0.13043727881510192,0.12009775447450054,0.09324133431489395,0.08380752178540023,0.068108902370856,0.05596048410266823,0.04735926603559023
0.9849220395539133,0.15526463386318204,0.05548826332009297,0.028578835322360933,0.02204355470507477,0.020959282205231418,0.018577541644046527,0.011980070314569055,0.009459498560387436,0.008568639411253725
0.7544835314297095,0.5747736540292074,0.19092984529001428,0.1249387976982709,0.11269917857498041,0.09759281503291814,0.083520173103271,0.06141017320062802,0.04942904062151833,0.037151839307406655
0.9481507970825732,0.15840937592711687,0.15618282908764902,0.1346923719570631,0.11154358647857537,0.0858025761166372,0.06723802362583046,0.03438646514400696,0.03194728691765583,0.03031288364267461
0.9831799726350767,0.11653094814387877,0.09447816404258058,0.07050430599549626,0.03337431030912063,0.027295459087675993,0.027251397665055303,0.02024473332416008,0.020205350171489382,0.017877184838828046
0.8536067606866875,0.35923228147224,0.31550259419081006,0.10009920322436212,0.09998372338365331,0.05887613706224632,0.05761408377954864,0.046777005267871805,0.04443103354928201,0.04315399373335659
0.9358514470634788,0.2127460342565958,0.1513112526976722,0.14646216272509288,0.1043965741568538,0.08691537336145998,0.05427621910729981,0.04738410506737571,0.032248356910736777,0.03194177707137955
0.9101692408766037,0.38286929832655886,0.055595823620047724,0.05533877037595468,0.05220187647230321,0.048606060083071195,0.046419383904523714,0.04069542661342479,0.03817568757717131,0.03729219590469232
0.9017425315616243,0.3835412554195688,0.1633863437704694,0.05900666184715006,0.05139154867508756,0.02969010913431637,0.028310113163422065,0.02505502253362629,0.0218579030525991,0.02085511073453553
0.9951430753849455,0.07638549498450978,0.05243422697627572,0.02014265929546299,0.015423849523603378,0.007362354432717436,0.006268201109503556,0.005635618019141042,0.005156129634324146,0.004859990041225586
0.9954060549089814,0.07632937466481086,0.046172843889324626,0.021079176219504284,0.016164734166916817,0.014053513548585883,0.007271932992319198,0.0060490046006427284,0.004712522344101174,0.004398309245629742
0.9458788468421546,0.2619653641296295,0.11356791703721139,0.08899315659559003,0.07225560532519007,0.058841310775121225,0.033403467684691344,0.02536636943363974,0.0245073220946703,0.0244067228624803
0.9817847256306811,0.12031530194896742,0.11648085948020827,0.04699663107750605,0.035904790503371815,0.03467215114325538,0.02514983817804328,0.024597553928644916,0.019681669589861072,0.01958730884310809
0.9958438932167992,0.06329279097026322,0.035167132489341814,0.02948005792542858,0.02274551367072205,0.020996693473229484,0.015219537927326344,0.015152808869842,0.013210323817667274,0.010078604540748645
0.9957387102628356,0.07694539970859854,0.032348128350232014,0.026131669550064445,0.016002793754879955,0.009373576376934875,0.008529134505744326,0.00805904933303667,0.0057831844568778734,0.005698583439798101
0.995753159901362,0.07704350492387392,0.03299959808869519,0.025236083780116096,0.016000469119016338,0.010852052437779302,0.009127713927547462,0.008553538338774053,0.005725767173448266,0.005720286989077288
0.8897137831446591,0.3124073515383879,0.15316968603436562,0.14827516272347158,0.12381776206806629,0.12366402806668533,0.11403248610150879,0.07361240402973117,0.06471282748699332,0.05410666595531488
0.7278170780983211,0.5792543827407756,0.27665180792634875,0.11841281480080627,0.11439892359481932,0.08957152684579402,0.07249259796573845,0.05530277832018243,0.045093183538166326,0.04504777646229559
0.9727856302550212,0.12075068381709982,0.11633267341261205,0.10006609475878257,0.09442475507746458,0.03611837533174214,0.02695135290522821,0.025639741605062303,0.019041802939885465,0.017709188542046905
0.9654498775688682,0.11552764408461055,0.08447928769206009,0.07830850990317703,0.07697885011757427,0.07551059426533707,0.07342129912744577,0.059011965778470586,0.05567943065091425,0.05388162964880568
0.9811557297164909,0.08521517303563653,0.0805739513789734,0.06998115762813271,0.06943210853851543,0.04872601983804815,0.04819841786910445,0.04246573695579151,0.04135963930321671,0.028607659486657184
0.91782112565176,0.36658356723450153,0.10574395593981598,0.07332452678207133,0.03996087538836782,0.02301739760994752,0.02281231718162224,0.021567504480853313,0.021282294997107345,0.019963493679059696
0.971737322091118,0.12350465084721664,0.11402513153157547,0.10325883608878746,0.06294401127573036,0.049837965570525215,0.04510038917257775,0.03604636297165384,0.03545629558526793,0.028368460281045345
0.7999655844761354,0.49056297844709157,0.24276697460814176,0.1930456497427686,0.08449788144179685,0.05771669675294345,0.05700253211800811,0.051704061631239216,0.03302559438315017,0.028560680310519258
0.6794413083080579,0.6203195611080428,0.27905186216255684,0.1734772361288204,0.12034563491448537,0.09881848174071797,0.09382733766960978,0.05088469279687903,0.03736097936491301,0.034070697154706654
0.9755758968894025,0.1402569687103087,0.13603519486490478,0.0626241198908143,0.05544677641742326,0.02537607400174076,0.019636850031136386,0.01548291958139406,0.014465588992340895,0.013609803986093247
0.7389772633323606,0.5257339797885101,0.3229099172626343,0.10837658359234706,0.10558737728760653,0.10377662573701688,0.10321852482595743,0.09025552294935417,0.07323774922248259,0.0637701303603498
0.9850688286826497,0.10302240400547806,0.07834655237435798,0.051354571392639894,0.038351679105967706,0.03555682471386312,0.03481884285793594,0.03397203723088092,0.032501194014454546,0.030213746271036988
0.9768920542356183,0.14660384385701433,0.10460537130307436,0.05296839782215683,0.04841662499313056,0.04247234982144753,0.0376207720919244,0.03355891415522806,0.0323923722122288,0.025421250437877293
0.7276600322116341,0.5851698061445848,0.21232947973941776,0.16508360133858532,0.12206810374753285,0.11694054343557238,0.09659295761077984,0.08032652599046684,0.046354722886860995,0.04248592956780394
0.9733738595039706,0.13904903200091692,0.08384795015158118,0.07751018785643625,0.05768603576413908,0.05230860999068578,0.049115801780547315,0.047937107003454826,0.040436045735206434,0.03808008919096169
0.9852122553487394,0.11412310798958297,0.0708830499478685,0.04977213152329758,0.04620685268356648,0.031722670121081896,0.030089462284247935,0.02901382639154432,0.026950907169756413,0.02558625298366594
0.9675298307649757,0.15001164250260335,0.10818190400246872,0.10168391545516413,0.06601277271245215,0.06386839153159844,0.052356788008225456,0.04464274852961152,0.035434384275150575,0.03441701557760763
0.9568380304602124,0.2777582010874631,0.05607775026224797,0.035030501750671114,0.02658345611961914,0.024972138779616695,0.023355676592814546,0.015509739116998919,0.01162822970712578,0.010452699016721263
0.9898461135380472,0.11548213968502592,0.05808017778052367,0.03613966789776274,0.025809086279489447,0.02347572284172845,0.016037657823234065,0.011915179382011008,0.010721523515935758,0.010021004722437745
0.9559588186450801,0.2759621218984747,0.06229703326911589,0.04127951741677298,0.034110025277328405,0.031225141018321186,0.020576411324616045,0.01625754366558741,0.015883587365660864,0.015081296834927725
0.9914223319663624,0.11482311340680515,0.03536718239458973,0.029562221022673033,0.023386299015004674,0.014560386551234945,0.011014334683726522,0.010327640328433125,0.009924269973011659,0.009547666654234399
0.9618699681817142,0.25750018260060475,0.06365682220673878,0.031763838740091845,0.03157993574613223,0.030187331193692175,0.021223683263907146,0.018060363665000696,0.01169344951134939,0.009053742029824535
0.6766642612949291,0.6318408803740119,0.2107845656827399,0.1582826373298759,0.12839745969391267,0.11743611570278288,0.09456196148604318,0.09124745547118232,0.07872827937919465,0.06991658134224132
0.9701643914288964,0.13465660765534593,0.12375816938742493,0.11115982683264626,0.055463784393350896,0.044048793980721,0.03980634302637883,0.0362544297574091,0.022328325470892398,0.020719110301598297
0.7384804896710746,0.596862130002888,0.18821618466860374,0.16955028989956328,0.08894836062487536,0.08218479938570694,0.06859738746005321,0.05891302982072387,0.05034106858715196,0.046771064871744615
0.781679331049871,0.4434041670172484,0.17772351269622946,0.17207417426988444,0.1710060754697767,0.1695979493165208,0.1430970063253875,0.13285469321908733,0.11913069259279264,0.08643121668348892
0.9043779396561556,0.34040581083852417,0.12830548646409046,0.11848640446344627,0.10022977043796084,0.0925130293076104,0.06703559699135114,0.06466269461140552,0.048705855716660564,0.04407274137622726
0.9886606590652343,0.14155756559491994,0.024750020769415196,0.018833964318035856,0.018549134034631234,0.014756125614381072,0.014188447903571943,0.012633745596523905,0.011234562833268683,0.01005541784126901
0.9946571171293268,0.075635467613139,0.0522388722136228,0.03244457528567413,0.02257089941118199,0.012362894507615399,0.011559589539502502,0.010108886652577703,0.005713028519186638,0.005541448235081623
0.6714077628764035,0.5363190310282678,0.32324144714820063,0.24113403127490965,0.2130805354604377,0.10982824106683556,0.09986422637758538,0.08928117479200542,0.08112335637460608,0.07072016288948214
0.8939521235181837,0.3233035180243276,0.13327854827924254,0.13234442055073428,0.09543245238543038,0.09449806804403951,0.0846682252052925,0.07910570232507591,0.07819952742449651,0.055756049793157327
0.6920761872348978,0.576974748548005,0.25123460717695234,0.20521342280662247,0.12749651537981851,0.10848500026256183,0.10296896300858849,0.0914047968619528,0.08478465783681224,0.0810123632188851
0.9062392239077928,0.2473542121232569,0.19375393851566688,0.16897614042834064,0.15868106284367564,0.08488440094021014,0.0676028944428984,0.04396436801090361,0.04071893567030495,0.04071371412450837
0.6593892175003098,0.6407226041570124,0.26995291898037777,0.1291866880984982,0.09979272413117234,0.08684456016697903,0.0787393549223361,0.07733646772656684,0.07472818626327407,0.07419283720810735
0.8234125654005922,0.36539628357853415,0.32210479783031926,0.18253256914146354,0.12338439303145834,0.075946275551681,0.07152466165149267,0.06324637202922868,0.058668460315646785,0.058384857470661716
0.9097329228154797,0.3380167811301041,0.1198051415826567,0.1169522871218298,0.09341383920361006,0.0740010136941087,0.04161447047326055,0.04135814905304096,0.035783269536440024,0.03536570497770296
0.6046798215966137,0.3970866937914337,0.3507885998396455,0.2836243099244696,0.26349555730433766,0.25233930707286406,0.23218955938749825,0.1936857086314202,0.12707565558120484,0.1098043445306638
0.9972071648596184,0.043002174603278626,0.03145191294661402,0.028426251306175557,0.02078370649113933,0.015834014615042274,0.015079421729982383,0.014044809330133504,0.013371147332445394,0.012634258016914207
0.6910390785030585,0.49722712023993587,0.2956859810902254,0.2800134205779467,0.24352409698962563,0.1289474089605963,0.08507399354492098,0.06842153281699442,0.06812318131397498,0.05812572888382907
0.9959833697091511,0.06641110412209622,0.03610500856454713,0.025071006278581803,0.02316456949338276,0.022049150306561398,0.01276102479778811,0.00970650990942982,0.008865750580739502,0.0076113676443016
0.9960543722565707,0.0662754386204085,0.03610209803368315,0.025014494742967654,0.023173244968220694,0.022064451463660525,0.01269165063423753,0.008925473618763804,0.007618266027884242,0.005630455938213288
0.552565751734307,0.4930859647270258,0.4560967138431521,0.3226897200215676,0.30690951429537994,0.11790197636264897,0.08981997441928276,0.08402434606257893,0.06889199763485175,0.05464074136710724
0.957002635169475,0.1787890090956475,0.16008345017198494,0.08641801336309896,0.07532879241201781,0.06171070101304858,0.0558908193294314,0.044828743780287075,0.031666922921121596,0.027262526060686673
0.9681158394865552,0.15542158153987856,0.13384122084557049,0.08309765441976422,0.07918246492085787,0.03961819502860001,0.037853046027348666,0.027359830615317625,0.027324387317667027,0.021923222706890996
0.6760675718540997,0.59658426890729,0.2906909093337784,0.1969129638710978,0.12182759410531038,0.09296532873833087,0.07492262036744665,0.06902522924063352,0.06703944441764674,0.05896045568818361
0.7197184754656576,0.48020379186617207,0.3192255502638251,0.17102877535714847,0.15546432339677316,0.1262577994883284,0.11138343826486653,0.0841166048461617,0.08040637207043226,0.08028527840213572
0.8838917157282974,0.30888884593993615,0.2969666751958195,0.10305481134562551,0.08551522156345838,0.0714048985054007,0.045092296160320074,0.03796186323056919,0.0371407699477561,0.032681709880300065
0.8360307716016939,0.3203335168659081,0.30110536005709854,0.2264829141282421,0.12775406634879924,0.0742618259307222,0.0742070207226909,0.0735016348765002,0.052870470560978954,0.050068459640602164
0.9947131025580508,0.052901083624682856,0.04351562977490564,0.04162566844090596,0.035160976997035416,0.034719755649303484,0.03143669359387772,0.01591489064749551,0.009623743710476515,0.008961234627789817
0.9321252684824236,0.3469873776028626,0.07078103475722282,0.051903455041829,0.02902178029537075,0.025523495579318864,0.0181432532706204,0.013513708076167655,0.012927548621459357,0.010390252080814016
0.9025479924187829,0.4177457337317671,0.08323529758373227,0.03915150048129837,0.022600096905083737,0.017871224232123402,0.01697955669456065,0.01371441508514107,0.013598389551069385,0.013174587619804445
0.7264706191603871,0.42579333308298023,0.41801511633349364,0.2525978164600745,0.12431102936758186,0.10144272933406513,0.07189278802100905,0.05702632953007837,0.055977958889513534,0.04788268635069009
0.9102010020343606,0.40264276542194266,0.07311030362015249,0.03946429640148467,0.02288432829910248,0.02283901688399852,0.014264327718339619,0.013980423376740074,0.013771145983392656,0.013256419493167299
0.96772987524473,0.17660392515042905,0.07766716030628659,0.07572745897813413,0.0689458894519808,0.061309723325862236,0.05379268951621345,0.05194470435963686,0.03710312167964407,0.03149845405484659
0.9828790354013711,0.10249042814594037,0.09292380965536587,0.08237061989218655,0.06447625844382854,0.030445514780207458,0.02439888441394959,0.023115575384551345,0.018025997199128577,0.017120217089238315
0.6690526791397555,0.4734095704706931,0.3637969569109714,0.3121329589919789,0.2685777170024366,0.08659075619913793,0.05744230158971523,0.043269146369134946,0.042593321855424277,0.04004498355003459
0.624855199282925,0.3855428469594023,0.3380767356395877,0.33396989092695195,0.32244084005267404,0.22392105974981788,0.19529857982667578,0.10617178102767794,0.10232534361930778,0.09679039621292522
0.9753320723270793,0.14510190980073442,0.09316304838814746,0.08146169764819172,0.06357972487228739,0.053361123514646044,0.03412978504964827,0.030951999774027326,0.029494355318225474,0.01784088226846574
0.7484788329789065,0.5746818406323817,0.19556427748375013,0.17726539584547865,0.11849143849733304,0.06456126800964039,0.049231066679046406,0.047400341942279,0.04609618521690525,0.04547585230514427
0.5950781594596213,0.41708874709994126,0.4008440989279219,0.3559091550389492,0.2911994385830924,0.21920979566755291,0.15923333076583082,0.09343215760876485,0.08048950182873195,0.04832489891284736
0.6591219951754396,0.5930134068992475,0.41662133984273153,0.10675422308535941,0.07817046819937787,0.06387388948711821,0.049823454883104135,0.0484436664218298,0.0478671723543693,0.04602879669326722
0.618045907254603,0.556697806170602,0.43516116433898516,0.2430799306807877,0.14734911150562188,0.11325088202450943,0.10288763058818731,0.04082343164410243,0.04064393747185974,0.0403441769098451
0.5865615952776607,0.49252387970539885,0.3290263623633871,0.3039883336337575,0.26511349977435206,0.2512803503394633,0.17433222664908146,0.15315469071233012,0.0992628172674328,0.05888800472478804
0.9116341885168915,0.3346413282784341,0.10444326090120196,0.09907778818352098,0.09728813197897836,0.09062912588209535,0.08310896473435435,0.03817973220795729,0.034803292588591724,0.03317529934011399
0.9817719342763408,0.13443819629404366,0.09202713754342354,0.054385737934003725,0.036647690122402383,0.0303166260457022,0.024406479639921562,0.021233441840091457,0.020596931798163503,0.020447158069489223
0.9805851369230564,0.13736647691475068,0.09102375289411088,0.06174436738114953,0.04043191465100615,0.036558848775707246,0.02590302833473091,0.021280798066079652,0.021194906650249007,0.02051597113989808
0.7088751007705655,0.41064931803948057,0.31000827024881905,0.2679461930193954,0.20978165063217555,0.16566528449715612,0.1367291329049752,0.12120895369503516,0.11782795992212675,0.10792744503762464
0.82853690537411,0.5410111237674327,0.09659133458299639,0.0814108391869921,0.04883220272188175,0.02261909373006811,0.018335213866007144,0.017171198156241956,0.01399054722204749,0.011369050687898842
0.9907968191331711,0.07410674298088031,0.07003704440092481,0.038798553335787626,0.03608759281281234,0.031437706853526336,0.028671795276060858,0.026027969505584975,0.021152948873799732,0.020141143667620234
0.5948643964012659,0.5914771889218916,0.30367938649511006,0.19895186922903868,0.19885885604276543,0.16480569047180157,0.16266332245425927,0.13653489602056398,0.12983334289949833,0.08700381104539692
0.8873411037274105,0.213073103788706,0.20421054576041772,0.15463446152873467,0.12468655106444966,0.10473938896004996,0.09277942005432797,0.09258167550874834,0.09257851932302663,0.08443752944482766
0.9534329589147692,0.15311080109653036,0.11987429856066657,0.11722881633582914,0.07552168257260425,0.07145945155509521,0.0700381121811766,0.06661716150871762,0.05460176768212994,0.05056702948602075
0.9908258152163758,0.10018954098311063,0.042802535866390386,0.03858106059757764,0.03519227549452488,0.023352104607987485,0.02236806744790315,0.02067169502396784,0.019160306422090528,0.01880852515514504
0.8914834718035882,0.31636052688566835,0.18983515643969137,0.156862803136872,0.11173314495867875,0.10045731336142368,0.0886651007014326,0.08679302103037129,0.030904771401880807,0.02821132944265373
0.6901030379083204,0.5628658201613906,0.2520383352531315,0.234664278594407,0.19542612903768794,0.18662947659163956,0.05684477680922693,0.04832208689187562,0.042706698941885675,0.041058680649778016
0.7756609442656325,0.4557477937853169,0.2887108289691109,0.16534562998784305,0.14784569983349383,0.12620264350037022,0.10266366120911641,0.08467417210870996,0.05837534834197232,0.05424860505559534
0.9245261666290073,0.2272062070273311,0.20020549133676052,0.1473466027131279,0.09295715356919813,0.07629164732136952,0.07285320896201031,0.07240210996015603,0.03712611226637894,0.032138333802725655
0.820070462754349,0.39193093920201233,0.28928692834506964,0.22448588629283409,0.16843587918711403,0.04929046545462635,0.03978074122194065,0.029645656926223424,0.026948000168199666,0.02416049571079332
0.8820124856343835,0.4072275502519608,0.22166793101767093,0.037129086802586427,0.02953646623689597,0.024567513869640623,0.024018078691184608,0.021741096655903635,0.02160616519993229,0.01709744682194804
0.8040338174820583,0.5389895355225285,0.10320521703074946,0.0797920778351227,0.07683355179985873,0.06386950712762092,0.06261810630687292,0.05884265426495105,0.05761604088123129,0.056072160038555495
0.9654133585100889,0.1510169398058119,0.11118097559011322,0.0996189467906675,0.060647563867912035,0.05618354724636775,0.05153394752793487,0.041068424249923616,0.04104384700368842,0.03895903012802637
0.9954015541338569,0.061781164957517516,0.049177055002401715,0.03879876206433324,0.018755209523176698,0.016510847867030283,0.012930108952449537,0.011076124030267538,0.010359132544170157,0.00901123858277788
0.9918296685847634,0.07966141250627774,0.053055821735320786,0.05164570533632202,0.03230452730378376,0.026845167467469216,0.024689894169018574,0.019586001030748285,0.016842698445408474,0.016780378782079736
0.831631625623826,0.32229375185587705,0.2787286830230329,0.20751533629487226,0.15114232182163598,0.140755162799034,0.09573253920915446,0.07795704127563509,0.06922975043359972,0.04521785079615491
0.7791071904900337,0.601962739170679,0.0914711303986079,0.07447493281251286,0.05504011173428381,0.05081746726846548,0.044280821554722696,0.0392142218047922,0.032134583357551455,0.030782199210241414
0.6730584677458873,0.34293855131422585,0.33183458673091665,0.2925225927637876,0.2582891015726888,0.1884839825480075,0.16121337604989272,0.1324892672404286,0.10786116016562472,0.08926580012546563
0.9359173701542446,0.16705653220225683,0.1610775451910507,0.129452060334915,0.1032274322911834,0.087523944691779,0.08418202880007569,0.07956298391983099,0.045803244376758284,0.04412421152984722
0.7944816766336374,0.5931845754335229,0.05535370578753399,0.04693418366250325,0.04365467531052941,0.040603718713657755,0.031900732518975475,0.031582938916234156,0.03146640346160839,0.024765219481187425
0.8647993178189468,0.23602609428686613,0.22126840148879096,0.2175198581103122,0.15433438182315126,0.14353420187478286,0.1368896345059036,0.07849938784057806,0.070670657151913,0.06547368280025055
0.6524048324241216,0.44998060395517425,0.37440074413057656,0.33199776840077405,0.24308776747978292,0.18474340047600116,0.0763985426628839,0.06944397156299655,0.05358447347059025,0.04870491337679785
0.7893589357605815,0.5446484373203722,0.2315007428943881,0.09826697316091845,0.06913170550714347,0.054405511883750646,0.053375137085622,0.042843275131643474,0.02513221333839559,0.018958754477282888
0.9722542008685392,0.20286886312796898,0.09045185289946071,0.05012462378670471,0.026444561377388334,0.022684772771091183,0.016185701079239913,0.014999825722564735,0.013684636903624973,0.013565433141195434
0.983752309530735,0.15508036343674408,0.05337096171233504,0.04991463341715332,0.026729290045458466,0.0228897980149907,0.01639566608302196,0.014996445414461467,0.014375383763204838,0.014277833072471569
0.7362456547951848,0.5064588765724638,0.32276822146230477,0.25697928832186556,0.09684371224477203,0.07052138933758087,0.062404795442871565,0.0471147836858793,0.03985067307599118,0.03485745885561423
0.9609305873350282,0.1456621997415142,0.12624754696905602,0.09717222705079209,0.09522258008812302,0.07391810189034824,0.06360502756271261,0.042073116169384306,0.03724484693909824,0.036386176839609256
0.9942100029135423,0.09346094823418631,0.03554324941215401,0.03184888517591111,0.00903723285601682,0.008376813880901189,0.007377971365799632,0.006853844107639537,0.0061159371071813785,0.005768807031371231
0.5803359090829096,0.4929659480719104,0.4834616260331186,0.2993870584078923,0.19863107828687557,0.17184158956592016,0.06808073061008639,0.06466571611781755,0.047482152998533304,0.04542965073353893
0.8407562893716616,0.477592070987102,0.22399342137827907,0.0504310487339633,0.04195612403017098,0.04105045265905223,0.039786768217367624,0.03338414905531969,0.02639107099232236,0.02380332494977377
0.9890583385296177,0.09727548741836702,0.07208571096514212,0.06354306512185796,0.03136248078165905,0.02181576828256526,0.02177165594161038,0.018338643808691775,0.010976716485217405,0.010684090119850142
0.6361828508163676,0.5327714435564297,0.25871957732588474,0.2341770529775381,0.2194147014389547,0.19716168956304317,0.18351262600195542,0.17677741924203988,0.09923508616632189,0.06730148996979529
0.8903136501636852,0.4053123690977912,0.16242504929358537,0.052800166522092795,0.04602052913722713,0.04448733789815724,0.04285825302813593,0.03694105115537954,0.03460315230039848,0.030327601977731652
0.8752334840165312,0.3645172962382065,0.19448344581602853,0.14727595844097677,0.10217973419367793,0.06311109943445535,0.0615185488235488,0.05881837192488539,0.05332674252132589,0.044192354463178374
0.8265807592804514,0.3914565126371447,0.18744494929409267,0.16901779383531038,0.11724224721944068,0.10836927354106542,0.09123077435987278,0.09121847696433101,0.08338331713544493,0.08138102237348396
0.7593453488867157,0.4334634669697681,0.29222401872408316,0.1750666413258504,0.16015658098336516,0.12505141231212688,0.11082065247068625,0.09478073276933406,0.09418726168844195,0.08870430305943378
0.988894384930961,0.13462507517643638,0.049364099896646876,0.024864190506777264,0.014659748637939831,0.012575100687199928,0.009905447961062085,0.009119447145149525,0.008920591062339181,0.006134730386402661
0.9887283137624902,0.13740753491722293,0.049361738000233885,0.024701035783506867,0.0122461022794217,0.009965311107298175,0.006167982235662359,0.005078131944940191,0.0045674514745499654,0.004410430546907273
0.9893065812936083,0.07134663611978241,0.06832821684978127,0.06153620928950398,0.04767336357779158,0.0446885917815351,0.02894148227133833,0.02498086353608199,0.018200446755129766,0.016181397413055118
0.8820647799095717,0.28371292327863007,0.23352920445495903,0.1743496786849343,0.16968851843478913,0.09974899572803336,0.07310877875451888,0.03955229689287146,0.03946334088476933,0.032715652987859827
0.8155995819460066,0.3901830235483316,0.31621895074307,0.15508645353091607,0.14713991118055122,0.09891594865678084,0.09726896338338152,0.05733873534578993,0.04211897885799195,0.041545766285074316
0.9997860540739546,0.010626158345551463,0.00881882398777837,0.007664738362438473,0.006710445598846972,0.0058038402856275175,0.0052854530475113255,0.004876429576421136,0.0032268099756685513,0.0028442120361816697
0.6950923297712623,0.6900474191929702,0.10233693850666496,0.09696128214650555,0.045640695354134835,0.043177277244919064,0.04111617065713272,0.03989672948818187,0.03610893282029171,0.0336409857968458
0.5754644943664804,0.5202231445915386,0.42095294551181817,0.3940188204434365,0.19645206696071205,0.0815199235412753,0.05317912882856731,0.05047153357602106,0.05036005368017621,0.046644361244661786
0.9716348911915499,0.18399891807993848,0.11005276813047021,0.05029056380034308,0.04690377470568626,0.03473370692276718,0.0326451107561399,0.01764135101589623,0.017557921120926998,0.01696769049428926
0.7597652814370218,0.5476207245719855,0.2578320736165284,0.0993206882237694,0.08091722920460825,0.07173462206328199,0.06779098938982789,0.057650150513369164,0.05617013388518548,0.055439626663353773
0.9519160259440612,0.254394398486559,0.10719587861439075,0.08423898354502901,0.07434285166731432,0.03256759675250942,0.03164496852233349,0.027264317424441672,0.018694201241920755,0.016175690323087515
0.6065479426649796,0.5456173266947908,0.39873827582838023,0.3497117690004417,0.15345672784200723,0.07443258802990635,0.06866268965373297,0.04759145951967525,0.04530257843232761,0.043814541121468695
0.7579298198265031,0.325777267975603,0.32192012929752994,0.2308803735358325,0.2036592524965062,0.1817845855701683,0.1444059775210743,0.13598342968878682,0.11024996690748522,0.08271881786716351
0.9544118884270925,0.2521905697609604,0.11506658862321871,0.06292774761552,0.04535804158244728,0.03557340137823338,0.03164698696030098,0.030979131888366956,0.02073974947408172,0.018440910211928396
0.5058060170569038,0.45894686078527047,0.40563784615337073,0.35832852103045887,0.2766596622904711,0.26244161123471266,0.13668817514230386,0.12002477384396837,0.1153146172564912,0.10517070847085322
0.9074759182778492,0.29183949856644803,0.21447715696594516,0.15965424475580361,0.07315494801245295,0.06531278027067194,0.04428628141785503,0.04007555142946751,0.032114365730214506,0.028732098327254405
0.6130831356790567,0.4684304074332244,0.364371258402374,0.36062492472235413,0.18522810202483714,0.18409844781866733,0.1431483055915149,0.1063254605014154,0.09171350876323504,0.06758676947694311
0.8859922511279387,0.38000000936969996,0.22040686515029975,0.07270463537777638,0.06922159606816657,0.06715825795546612,0.04281824230892317,0.03668919204550738,0.03171529516578982,0.026469334730738567
0.8723107757894621,0.37986792036343,0.1850449461512964,0.16500980208605673,0.11172673414278098,0.10159982762107488,0.04120538622597248,0.03655167613915438,0.03103713357760787,0.02521554649371993
0.9827468169840617,0.09701297332303033,0.09175956784606291,0.05480610717092853,0.049719332061784395,0.04580959169074005,0.03393740933367736,0.031596633705703474,0.03151204419479903,0.030738758147949234
0.5858468280158461,0.5423016416456307,0.42044895333214577,0.3595737591360917,0.17729321861519445,0.0965101435095396,0.0661757176557425,0.044823334542028706,0.03766589349706915,0.03651605020066115
0.9664965291222583,0.23251952959548552,0.09629712383689501,0.026068259298844296,0.016723900251500366,0.016259493314599756,0.0154141569194821,0.014437548174586166,0.014269831041708972,0.011705761080722462
0.5890661109436633,0.5791269844242654,0.4084398252108474,0.31922801081066066,0.16147562368596222,0.07933162308277043,0.061240989261076906,0.043984188957521236,0.03768361015253259,0.036420169117193056
0.9630075010574478,0.19816013628831985,0.12211655562410471,0.06802888413850047,0.04931941977136878,0.04283611660962935,0.04144826586570818,0.04114452104526401,0.03992256418298925,0.029589613527842718
0.9107833415450406,0.4068685848148753,0.034205531391079645,0.03185817511938655,0.03142385837226021,0.019129014173624,0.013942323184330509,0.012710206220684375,0.011106207629606398,0.010175393177485214
0.809448644571224,0.3783436918197301,0.3758267526868234,0.12013388794949492,0.09323353825678575,0.0871833764975206,0.07808742167489376,0.058721052449806126,0.048771167084291675,0.046420422647731614
0.9455190105813481,0.2151456748201132,0.14879384714438665,0.07385239898022587,0.0726919585901301,0.07064263326265445,0.06725126393291453,0.06329644139331722,0.055558871933317606,0.054842596887074574
0.9934116891123855,0.09902375773976314,0.03781077786973152,0.03200620989815877,0.016620071436126167,0.016198866921622163,0.009989611960507414,0.0071326074510144385,0.005615279257784279,0.005000633532476756
0.9370692866587661,0.30210178332779614,0.09629573717774198,0.06040171246454888,0.05044433289607002,0.048876062413944474,0.046691976077542365,0.044565894841942365,0.029614536757838792,0.02840778165536919
0.995743574162262,0.07572178039098221,0.028808492281652855,0.027956892536937963,0.016450132535594762,0.015811605802724102,0.01158582371039121,0.011182855949509293,0.007556819905307004,0.007437325045565004
0.9956653666406187,0.07534413798712936,0.028703047061690745,0.02795777042899268,0.016445075930009833,0.01583335403365559,0.014525154533829384,0.01243285587474623,0.011601518453658274,0.0075732730554356744
0.8903276467466265,0.3988242505386225,0.1045548902782909,0.07410006834509074,0.07390433490660632,0.07288525480760118,0.05406954648323573,0.053078037583257506,0.04526137931168315,0.038603297150264074
0.9439696808895639,0.24505151385387564,0.12868740284086283,0.08574263521218194,0.07252715032401422,0.06512469880609852,0.06079015145554852,0.052562639605528844,0.03686923459043832,0.03184642353835683
0.9197634698789906,0.32427237994573715,0.11238856512370671,0.0801180585533152,0.07948842715424231,0.07156668395619233,0.05509475529702146,0.05333753025891386,0.04322756881579957,0.041716763026832894
0.9771093240547902,0.1947477878948938,0.054854666862937496,0.03580854998239102,0.0313917191089392,0.019636354195364764,0.018276236065271425,0.015138619621883335,0.013868870217121798,0.011302653760772585
0.6943780392357535,0.6844687551339708,0.10434272708061762,0.10063889751783862,0.07256575488423145,0.05740634188822176,0.05588037569990853,0.039639132108391525,0.03487281545128049,0.03476646658751984
0.677270485460852,0.5457468538133793,0.3450949211054182,0.19423675291556827,0.17089408587491076,0.10594767674959413,0.0772601308273246,0.07344113719842463,0.06909860789948624,0.05408396563592807
0.9295971703561917,0.3000098038921549,0.12870861613978032,0.0940479058982986,0.08836260096391213,0.04718807564934117,0.04228316145054278,0.040825457399511635,0.031881922987389275,0.025811166481267158
0.9685209123847619,0.15812721968582227,0.08542146648629932,0.07935850293166664,0.0725928465617983,0.06457532966297605,0.056252530970363805,0.04608946532633092,0.03459496791614843,0.03335658522580975
0.8855966477216355,0.40713558796793,0.20088140614832048,0.04214327622799884,0.03363756993989647,0.02916175562718818,0.025970861917801773,0.02107017082454696,0.019773689856211203,0.019213927242659554
0.7364350228034049,0.5756964234384625,0.20381546879080062,0.17552732555174572,0.08470085282485904,0.08133285676628893,0.07975684355349937,0.07519017406329054,0.06646402281817837,0.05820241877217837
0.9848605053384895,0.09489314104118102,0.06435056470909159,0.06363385922671815,0.061630661683103515,0.05707312404276524,0.03076520995413942,0.028030963711555768,0.023528182476773546,0.023440766123497662
0.9075188668752314,0.2394443457780805,0.23592841086989452,0.14605049331656703,0.10670831174926193,0.06472658317075605,0.054728086211521275,0.05455182195799236,0.05139402794453759,0.04941633251559886
0.9655674158281488,0.14263297558627447,0.09421348734437965,0.06397968266098958,0.062221630864608836,0.06190351770681105,0.05946994296247797,0.05673926499648313,0.05360495284815346,0.05194016491261368
0.9967866116609975,0.05868474867230081,0.0313965454378496,0.02664217995378478,0.022618670606608257,0.015767258424838254,0.010307102804494539,0.009579452035554487,0.006758202866552431,0.00636940226548513
0.9914580394359793,0.07928037733933847,0.04259796221763162,0.04095912349151616,0.04073792036537777,0.029440222796837622,0.027091455876331143,0.02598792064153563,0.024721054114328664,0.022320751134554895
0.9910868166440635,0.09700076752842444,0.04416904872664971,0.0428689528110157,0.029440417966617876,0.026398408802110696,0.024730679378527538,0.022830809019998937,0.0223592577523913,0.017379869550006224
0.991973030798795,0.06838255902537407,0.04493756471622135,0.03996899954413254,0.03448254543255329,0.03134431263109374,0.029606427810899047,0.029281467211874305,0.026335946258397004,0.026169536224689052
0.9963063042103437,0.06687514662913277,0.03714505365985862,0.027674794245269346,0.01809157174477712,0.011539226748154418,0.008551493727004901,0.006879011881288591,0.006363619676231612,0.003883019800018744
0.9492320857158689,0.312663208527991,0.02202575739607436,0.012793637137768129,0.01172978561176097,0.007843461594885715,0.007531828953036007,0.006454699808159299,0.006381475717740275,0.005894817371348834
0.9860611995760319,0.15959440950762965,0.03787813233753462,0.012070347114469556,0.011860781920726917,0.010898710087730433,0.007428629390656481,0.00626057063710693,0.0060236676201301485,0.004996938203995317
0.991469434367336,0.1063326639473546,0.03733278631119757,0.03626992873652024,0.02654330605561309,0.02562428191056331,0.02380020576664404,0.020369553269864744,0.011075381514289329,0.009508092300574613
0.9939465603122782,0.09352043910186271,0.03799803250727314,0.025692023016062555,0.02063818814395378,0.019938219153473703,0.008941436337459165,0.007632901958150365,0.005987105185767382,0.005479075620848626
0.9782391627525276,0.07841537808494352,0.07710720656723606,0.06678182947977837,0.06060902146976753,0.05983079575320712,0.05652810009060067,0.056077710094449014,0.0532476117228753,0.04839235463781581
0.9020502377771257,0.40045294826868894,0.11423485049532957,0.07365356862794457,0.04208173795856377,0.034416411255771884,0.029391630865787884,0.02459838010482267,0.018564033045571644,0.01780485452380932
0.9011871917125757,0.2901441794598928,0.19353520242516215,0.10515836969992647,0.09846259642470236,0.0868517157347621,0.07228882388016669,0.06451826933077925,0.06097242529168348,0.05950723342846681
0.996401815008517,0.06848001964115338,0.031690677051574044,0.02332752582460845,0.021851532967182265,0.011028125311024555,0.01029047730731372,0.007040829076740335,0.00521018638877013,0.005170416557605154
0.9902625762959314,0.10888168207782829,0.044833288392872546,0.04091693816682386,0.03856113962796954,0.03168204481303301,0.024883203201948662,0.012053879492580752,0.011299123738394137,0.00818269035153783
0.9907950843631766,0.11534284428557887,0.04320070743454776,0.04100570968297277,0.03153487269485257,0.015184345318971846,0.006670420230612136,0.00651686089682169,0.004771544170182139,0.00469403233232145
0.997313712298086,0.05478361568063086,0.023053661084300483,0.01805997662700026,0.01682888561272771,0.01513555482250353,0.01253204249056864,0.010283948215679815,0.00979924632531412,0.009193272546019716
0.9948649157496003,0.08906152925749106,0.03390156737764182,0.017095960331721494,0.015751813110111864,0.012842946283674954,0.007710469108187302,0.007611162037056489,0.007283695608662386,0.005433969866156906
0.9923544841017183,0.09509358332278654,0.05213200913253768,0.03866871631900952,0.01939413055362365,0.018272824439896994,0.016287356722229678,0.013941763920600724,0.012377340524728789,0.01033641777825086
0.9921889934561257,0.0927457761531174,0.05365543054909424,0.03877443287284049,0.0319299543211402,0.018210584382673794,0.015984382537451977,0.013953129452525626,0.012383596751204587,0.01120544189353183
0.984511414777555,0.12549569143343398,0.09732760496413645,0.03717064767057637,0.03068043064265232,0.02362876264776972,0.023497525575101246,0.02293834911139102,0.012889956506439496,0.012323319534861207
0.9467013491650175,0.2795690575592859,0.07684780515962258,0.07532227159400735,0.04385713220757965,0.040741922088431956,0.036953384088595366,0.03690464528497296,0.03363225869062169,0.030801073427892862
0.9495245252397032,0.25862816415814477,0.07917073909520053,0.07593492841811106,0.06839538288859051,0.05757373342848096,0.045421761174976316,0.03779044294245014,0.03710844303626892,0.034523584797711705
0.9386148745940711,0.21622665577500688,0.19065914727163075,0.07419725053543458,0.07095323937162396,0.07006482807239485,0.06097254146332499,0.05068957070396411,0.04626154333632954,0.04250037347433521
0.9506568203497406,0.2272755969096094,0.11518625990002918,0.07389452990558501,0.0654801451633504,0.06239661153694509,0.05997534245359163,0.05802492307885615,0.05782067174624286,0.03364857834670828
0.9495025936385214,0.3125451989513344,0.012698288580725837,0.012008979499339687,0.011205383431582486,0.008484853235258131,0.006872117992749788,0.006419805038145173,0.005261930482564889,0.0047760686266591825
0.9542714448156512,0.22137393313079984,0.13745625514252433,0.08832274766860655,0.06506128970934205,0.06086188687819195,0.04228660881683691,0.03198832534868468,0.024752519244357996,0.022922060442656822
0.94689541477695,0.19199513898837034,0.14945082312786837,0.12334752115353025,0.09813558151265343,0.08747644458226504,0.061486901230337475,0.06036997910007852,0.028375593411123015,0.027397203111629825
0.9316343757455219,0.2993274924345433,0.1623951638565867,0.06131625835323764,0.03991119055627119,0.03674960734898662,0.030554859588252267,0.025001909231058855,0.022905402590539938,0.0224756850174114
0.9789377225658553,0.12481515476382792,0.10062371441538043,0.08193168782020012,0.061271225288483576,0.0346335112332128,0.0312875437080338,0.026969115750794862,0.01865985147724105,0.016939754155448978
0.9964855730211868,0.07409298794147753,0.023193159575618728,0.020367868062149384,0.012460006181593264,0.009434189147859488,0.009208320932348612,0.0084444540609868,0.0062498392915621105,0.00584366296978954
0.9963958574134841,0.05219609578090333,0.04033520554461977,0.03054810519002615,0.026635222662859528,0.018500271763207406,0.01208862719935311,0.011454200676963776,0.011055979613298265,0.010802812448146517
0.9807244315567016,0.12717306389933763,0.09977404713511223,0.08415609509886239,0.042125726997582255,0.022622383932595823,0.021948090735979066,0.019115668898917793,0.017414905229676404,0.012748177744549439
0.9741880457755758,0.12953639919136686,0.12124783406371083,0.10360479619203442,0.07057465029179816,0.024183502049943364,0.020108655774402167,0.019621296079959834,0.01930064395894911,0.017725438934884374
0.9705738359244973,0.12954872422249636,0.12855031470360664,0.10247186316138186,0.06670102630195517,0.052310968068464865,0.03445275546722691,0.034251874446817106,0.022938642167135953,0.022432953521926414
0.9687834702875111,0.1362825018588717,0.10277297247553858,0.0904709715772771,0.0901192754804448,0.08073943818280141,0.045930594840544854,0.03574278514032037,0.031631055021788194,0.03033126298660956
0.6858670640615968,0.5638318979675232,0.39006473758203025,0.10908436263120096,0.09323441654180689,0.08499261479018544,0.05729159891985452,0.053983873783747874,0.05195668295348884,0.047798551058850225
0.9944927998031033,0.07777455976641238,0.052471893757917526,0.019885976786790376,0.018563250354930904,0.016972713120039153,0.01647260767135229,0.01409431795182524,0.010694551878779792,0.010273469550437155
0.9948922564601087,0.07784666181451953,0.05260939988809617,0.01699344978449094,0.016291622163762814,0.014120131293282297,0.010964310663639372,0.010296126040510285,0.006524573438350899,0.006061890496563708
0.9660964589854121,0.18546747376805392,0.10573383754927905,0.09260381213560323,0.08478563676650332,0.02972734631018071,0.02875334097589315,0.024670199190173644,0.023147100694081414,0.018291267830183734
0.7977538244899407,0.5426333028587172,0.15014403946002744,0.11606953102266902,0.08285500989527872,0.0632102776559699,0.05785212873442918,0.047504954448443056,0.044131500502550415,0.03987547221437161
0.8964752146992825,0.34577242000908415,0.20050699848863024,0.12376901525038803,0.06693277975514653,0.049034755822027695,0.047225854987066745,0.046984072404377034,0.04255200673440517,0.03664323534583091
0.9820077119078829,0.09712507145727865,0.09429659366693043,0.09001659794432336,0.046942248491014256,0.042027388875104967,0.03725787281970025,0.03385701370763505,0.02570894898426562,0.023333163562681735
0.9935789608337829,0.05477783944417393,0.0508509703644674,0.039987186922926056,0.03878064392980824,0.034203192028249965,0.022475559093697823,0.021196923140315273,0.01786893803517614,0.01623380239835449
0.9681950963536434,0.1757350220568243,0.12233600891274445,0.06424752528673691,0.054169206238987036,0.05334819572048808,0.036463864962951564,0.03571139630165216,0.03286535643715185,0.02439746069268936
0.9551466593258133,0.1964741127696021,0.13644920337950073,0.11964699722900614,0.06898586873505957,0.03574653101601188,0.032006941726171294,0.03192727396469505,0.03177486190457825,0.024891859642142182
0.9614568698606388,0.2200776467459733,0.10735744317584749,0.09054065923232116,0.042845777490418006,0.04112109402415787,0.03004047625240699,0.027593929137189024,0.017516714597500132,0.016525106099722433
0.9576913361186145,0.1915278089029067,0.14304934661791,0.12050493811839057,0.059309238430055075,0.03562202648782454,0.032185741225954516,0.026140752904447534,0.021318601430590535,0.021036131212114256
0.94362556475255,0.20408733448907304,0.13365997039961147,0.10866771093256751,0.10589196173360263,0.05842395358501256,0.05779966285338314,0.053685515985514756,0.048628395385085794,0.044499474030605175
0.9233590877923386,0.3299933252816571,0.1452021280569953,0.10314694092910658,0.059870921870788636,0.017651355717864817,0.017616634230556885,0.017516937393691777,0.016233323950156395,0.01584724422830207
0.970797079115237,0.15139178868954106,0.11382620117831621,0.07597893384804973,0.05311402517647729,0.044807544080591406,0.03853391745107454,0.035497544830052075,0.03542996754982008,0.03376832982933144
0.9715241485846415,0.09887781055401501,0.08613507895164664,0.0692553499275421,0.0683486167994139,0.06452289966517194,0.06373678360764538,0.06281918858088666,0.05862167793461863,0.054111431786836285
0.9039658494204637,0.3031617999702123,0.13369956365331168,0.11862612947928264,0.09983573869416941,0.08463151235688592,0.082221251285834,0.07002655701902717,0.06798085272958228,0.0610880209960943
0.9200997313454221,0.2766416313541366,0.1886624696771875,0.06873936138399943,0.06792467792908581,0.0654381163724896,0.06132885364084121,0.060710668863475925,0.051414308358864194,0.04901156818545111
0.8940863894267179,0.31103600770535117,0.23175373868210405,0.09166378102361045,0.07556822740471948,0.07348219993326116,0.0693874105787113,0.05754934917387846,0.05552021333204801,0.052943177799473794
0.9710523295456103,0.18047108510293666,0.12122264727088274,0.04465669942007388,0.03980788725975657,0.03816784726281329,0.03791302339510103,0.027400532266491494,0.017679098270630682,0.016630370492481665
0.9492083076266503,0.23513823452120738,0.09651917857749184,0.09585656585078815,0.07562252307188361,0.06619996863706058,0.05392786511092024,0.051614470639124214,0.0505527863070042,0.03992237435679136
0.7380801835445013,0.6642240179053704,0.07422508635927447,0.05445514345121301,0.032709194113678994,0.028740958510864414,0.024102094640508734,0.023131648267653335,0.021534639320880917,0.01784313088891022
0.7426375646563367,0.6604382145683046,0.0659001349488229,0.05006696280036854,0.03398007422170076,0.027032443206447317,0.02289492563354647,0.022488218889076515,0.019407050974846372,0.018615610973102444
0.9699723954968196,0.14245216021966697,0.1121638772380053,0.09382876226458126,0.07439583910281151,0.05301621628832445,0.052156352620723184,0.041691205924096836,0.02719080853698629,0.025848777781473674
0.9128248683064989,0.25026360435982714,0.230037157107324,0.10505009727150394,0.08822796734256214,0.08270678475131645,0.0736228976185556,0.0644333392333376,0.04403027291652903,0.03743745676683358
0.9950990093083312,0.06529624490516522,0.054062230972560674,0.04646832585720141,0.009275903023193942,0.007196938722693187,0.006506699705744453,0.006183179169053014,0.0061455984644513935,0.005592012398898616
0.9951449364942063,0.06531715162549279,0.05402025976739288,0.04551340126273258,0.010355921127318545,0.007213443070350568,0.006516377357067524,0.0062005490504650025,0.006096415996046207,0.005724034735065148
0.818017246226869,0.5596111703197401,0.08055514202565404,0.05576375664886589,0.03336602401225893,0.030377499727539423,0.028573093234303456,0.024741143456347203,0.018986560592932095,0.01889046413407709
0.9095936406877196,0.3854410101544772,0.09389242112066253,0.09388803897879934,0.03134194902476859,0.031229591290381754,0.028110460590916087,0.026938120795268604,0.019731130193433793,0.01755341260031101
0.9947436568776816,0.0656919004944118,0.05306898090870214,0.048780754281508076,0.022213106947138777,0.010467208248979334,0.008489400690038338,0.0071541591429832106,0.006430869054913201,0.004800471824459705
0.9948717137784778,0.0657055762123008,0.052987084665637806,0.04724603542252153,0.02210431783129503,0.008459124644483727,0.008440233192679069,0.007168557144930903,0.006443707761455126,0.004849116912910635
0.8657645511731678,0.40838467391049155,0.1233133023526128,0.11849827679648875,0.07707730852945499,0.06996719626541459,0.05776550352975131,0.05627868917267871,0.05237242300103363,0.05197934834899861
0.7958600561001525,0.5710877604826194,0.1346691952300251,0.08869876330736606,0.0457506269346762,0.043247183488420764,0.030805198473231057,0.0292953503260782,0.0287841954350953,0.026577761724144198
0.7718909175431135,0.5716675512900912,0.17564821430925825,0.1646517688833956,0.08056311270339399,0.07652377571578478,0.04753120028280962,0.03408710368834397,0.027308227031730983,0.027292468999192618
0.9391266040681354,0.19838073072556653,0.16903770650498048,0.12646478992252908,0.10458904044570598,0.08640319029739003,0.0747419020458889,0.05220988438621048,0.03759349787105483,0.03723892905075722
0.924637310120193,0.2370553616222949,0.1275241934679505,0.10942998862102392,0.10328048778778735,0.09302773319356418,0.08657989334631996,0.08598219147774093,0.05874597548561319,0.05789539707361517
0.7479530759784563,0.5764112870127392,0.23393863167929124,0.08715604260172777,0.07286473922990429,0.070763647967718,0.06720976527362084,0.06645222414332139,0.05452999435976376,0.05434756790074072
0.6508022611760604,0.563993211916806,0.3753283471449902,0.22423631587253418,0.09703045950794267,0.09156814886053205,0.0903873401990979,0.08262705963189561,0.06664079499490055,0.05907600729816875
0.8929111069960183,0.2653421838037575,0.23151606732322735,0.1706866157348164,0.159846714726846,0.09044621377325511,0.05006537843454115,0.04060216789674546,0.03948781706509657,0.036272575727428535
0.9719949855082575,0.1702733595149224,0.10457435214612969,0.10391662386343875,0.054755137949282336,0.02115692700105993,0.018143485601085883,0.010285886276859006,0.008967133208931609,0.008697897472696028
0.7021936178512584,0.6811274955085352,0.098403326806598,0.08299813271949487,0.0803624392746015,0.060231644512451415,0.05603558633446822,0.042738961115318365,0.04088939749455475,0.036960387783088425
0.9837960972645305,0.12096436918853144,0.07336583894734629,0.051243770619728145,0.04322166972104012,0.040348540911736674,0.03342316552229119,0.030156524253794545,0.028070970386039618,0.025072198919954294
0.9992495886630031,0.02764698205947606,0.016349655356221793,0.012922291260380154,0.006881130676059658,0.00511348854376937,0.004535924232529447,0.004495918946857414,0.003907215839701488,0.00373214262918601
0.949069173761104,0.2369945233749313,0.11535386370439069,0.08596703162542772,0.08186261699285281,0.07903744248336825,0.04932259078369392,0.04127152955920486,0.026721038622987064,0.023755159090469394
0.960852297034555,0.21775501954338458,0.09859367025627139,0.09000600854816962,0.07071085995366633,0.034983342640563395,0.027824472386880864,0.026850676358401018,0.022272199377768895,0.022251123132939584
0.9068390468807463,0.38611987419858324,0.10766214247108827,0.08541611855231201,0.05201510376248902,0.03665791860496297,0.032290857560959,0.024068667374721447,0.023592116360759405,0.023122180665457025
0.9978556834342559,0.050219096184159866,0.02692681801219015,0.02575089022316706,0.00907054254846429,0.008395925973529405,0.006112148723355876,0.005044072423000337,0.004970433381570722,0.00459792199175753
0.9977656608392813,0.048957689285187046,0.027160587858709114,0.025953081988425403,0.018115836438865433,0.008955829282674596,0.008399056299203265,0.006081333988751054,0.004969826998933986,0.004585644607902647
0.9628896068776277,0.17928658364444736,0.13391514966426332,0.10770760559538227,0.04921752575573009,0.039544401438834975,0.03709261462225261,0.03459225084800689,0.03026140994465481,0.024337949269074188
0.9281581031068429,0.23338642416086053,0.19535372568682782,0.11088248723655691,0.09719832983075119,0.08124790482440063,0.07772342402469995,0.05835019165176002,0.04093736378315393,0.03709347313920191
0.8913607325517757,0.3620789602627827,0.1421574306758472,0.13859297572302975,0.06982616228254143,0.06479556065613329,0.0633023654802069,0.05584244306100141,0.0556362120382473,0.04518605282328057
0.6826231598947735,0.6111608800623481,0.3048521433145061,0.15717785323598693,0.0956832690344821,0.08357569283884297,0.06269664584916129,0.057996301756572555,0.04652810004455367,0.04462665415676383
0.9706972434402837,0.17633806119821008,0.10177865683186649,0.08083673423763425,0.06970374387754974,0.03287491254906529,0.03019028939085744,0.021946606617510953,0.021678713720406754,0.018380904631402295
0.8633049164947615,0.4731911306307682,0.08653188067755449,0.07757456357865382,0.050419172341523946,0.04980135346462298,0.04340804528963682,0.03648883322353142,0.033867789950653066,0.03165785784517405
0.6950817213700884,0.5217308650716048,0.37035307389535826,0.28767131882877245,0.06762861753277319,0.04775378183172751,0.04504267301443465,0.04088428602220798,0.04049736670954903,0.037125828809306226
0.9475525630199558,0.19409847700259342,0.13664727841519295,0.10543366697407805,0.09980790142784597,0.08290284376032563,0.06262132206774597,0.05605135609553064,0.03510650763376737,0.03439212129613691
0.9200237381008484,0.3590848691472557,0.07424005171821528,0.0671481510800489,0.048332297528582355,0.046346903161148846,0.0399130653772636,0.035943211241450015,0.03234332744111458,0.029715884782316522
0.6601181685979564,0.5477107164658942,0.41705131557220443,0.18788509816145377,0.09753087288350731,0.09524554692466941,0.07539316761820876,0.06666683099240124,0.05473973689155629,0.047346414306418
0.9772111090044565,0.12706535209209727,0.0775558030834423,0.07309404374990523,0.07169436413544641,0.04141560840576305,0.03633749790957771,0.03388906975756515,0.032793149213158124,0.03225225401060511
0.5888987796665628,0.5247608040283385,0.45476619463348716,0.33324436980971023,0.16153306132548437,0.07323129717489722,0.0520943195020425,0.05074103895621405,0.04579221398646993,0.04525913678161398
0.7830967551962628,0.5474021210029226,0.2071154308537071,0.0926971064386638,0.08175148761692275,0.07286058529010939,0.06971811016737023,0.05994497768480277,0.051151276423117904,0.04632283184750356
0.8006239442585856,0.5748995821973657,0.08052690496910617,0.07201627696010582,0.06805328244433574,0.06242400718070542,0.05471279118973338,0.05345383146200238,0.019395241870990183,0.018689186867542954
0.9694306446481357,0.13213663232164014,0.10057346690747399,0.08167294222408893,0.0762572073906688,0.07399408017395682,0.06667033734168483,0.0555099321516756,0.03636752985093882,0.024925203072108215
0.7065848850088516,0.6773643029780745,0.09511247594125212,0.09443209771564061,0.07314790455872561,0.058925984055324544,0.05324421844198854,0.041233466642923544,0.04106192635626764,0.03496533706453236
0.9961529965710183,0.04665013110452239,0.04363981906418268,0.04333240038181596,0.019952140810170296,0.019295063574812116,0.014427108294555357,0.012811134935605244,0.010772590585823224,0.009607389942432291
0.9961836405603101,0.04576548785284252,0.04323563259393746,0.04319412960606094,0.019947249496795858,0.019452452248602654,0.0174205665877518,0.012642082275404155,0.010244783116986792,0.009617389464960359
0.9883616886857376,0.07946995923029726,0.05599086293953482,0.051677747516465034,0.05119813626761109,0.04641470832308376,0.03532992940451344,0.031397543083236834,0.025996941527307256,0.01940977523657028
0.8954967865266937,0.37789303892261455,0.1707498643821387,0.0807539342334715,0.06726009487831851,0.06416712400851336,0.060793340416744716,0.05807098255759298,0.037135629085927185,0.0187651089588146
0.9851472074457397,0.0973565237118641,0.06486607376295994,0.0560792811650345,0.05251346957210283,0.048294999192118986,0.04533664456392865,0.0352166590119074,0.0321134792736712,0.02594633755073384
0.972990686502984,0.14347213997234223,0.10372346965417861,0.08041982461138114,0.07812173720854573,0.04718342723890415,0.03002661042596986,0.029534715432595147,0.028352986434596557,0.023180646711850196
0.9976000852758004,0.0417849039389104,0.02766946740184653,0.023446627113091856,0.0211576762444485,0.01716254681118723,0.016585913081901136,0.014848302165706482,0.014033316548681183,0.012069060279701197
0.9861586660834002,0.08296791601441102,0.07635760437073444,0.06017317408300698,0.04562468803928777,0.04361500935500004,0.029175991224711473,0.025172992440832178,0.024892521975961857,0.024721696991307215
0.9470779383357172,0.1419496906016662,0.13701187180474578,0.1214654963740901,0.0891318140655403,0.08523066879307736,0.07812356627310829,0.057706744729728275,0.0572801580917282,0.05484746690557949
0.815721058505555,0.5279217514799744,0.17406955296052837,0.07405436999625004,0.06153464350216587,0.049011669054307413,0.04418584129838595,0.039867660678754566,0.03569111210853831,0.035081833018841
0.992927869409695,0.05969803565428171,0.05015005724159287,0.043688483766804835,0.03832847439572097,0.030907807307229734,0.02515532763462576,0.024969484941780012,0.02112486251843194,0.019767773389704427
0.9976428085321069,0.044296218126242216,0.022883165321961163,0.020822017867495334,0.02007541837935449,0.017980033550745934,0.01664577812594701,0.013440252426514305,0.012442305493273695,0.01194546681671565
0.9958456218176023,0.06076211667302114,0.044771189562845655,0.023435262103033344,0.022866815941351332,0.02013422250982723,0.019424393484468755,0.013328172689153015,0.010350038974998482,0.009593547370564283
0.9558598748037256,0.1943204997646311,0.12974920933880915,0.08218919662617487,0.07795858194094478,0.06419191310451376,0.047661242442969785,0.04301230439473829,0.029574169323426783,0.029315742209452097
0.6874680264981956,0.45719052671920724,0.4239791017285112,0.16085250684110747,0.1605814738621762,0.15714112654008341,0.1301523677028088,0.07820614670396497,0.06452267344775225,0.06398539075408405
0.9203493864608863,0.27048054205020144,0.138851867708923,0.13847714881490666,0.12581812620158697,0.0663697606084036,0.05709071402221966,0.04537299216055001,0.04436072841367962,0.04239036857887733
0.7633535480855452,0.4352418644336652,0.24819786201476302,0.21347338689671527,0.18430243963770476,0.13233261938176372,0.11351780885986476,0.10358541238752896,0.08712784263263694,0.06929711976367549
0.965278695585041,0.2024405737153277,0.08783231714638472,0.06562752559056138,0.05694197171957792,0.04791047946497283,0.038982581928401476,0.03417690242476291,0.03348041462208511,0.03104808933371007
0.9602107907876108,0.12572542192430225,0.11751890727746582,0.11098860454616317,0.0697799867713527,0.05821023494624938,0.05608024695298544,0.05277635063426097,0.04879237371172583,0.04822403614233597
0.9698398410378435,0.10903430303666137,0.10108195782083497,0.08660461974694825,0.07287724357551963,0.059835921319058766,0.05270747115842218,0.05084508313707029,0.0475283141012703,0.03891467479565922
0.94809753121985,0.28868823132968907,0.07738663655511677,0.07452076320411097,0.03043387488868617,0.028747387893922054,0.027360076902111216,0.021672286000118817,0.021465199627259034,0.018932042262143938
0.7218665145939092,0.4534983054318413,0.2650946712149987,0.2581345747955881,0.23271516544829876,0.2185056566678997,0.07889822131684802,0.06599472854227262,0.06317910267392447,0.06153511058154215
0.951981591067541,0.2868928484055614,0.06574985985939949,0.04896160682087258,0.034356184940835616,0.03330460367597951,0.02646924592893164,0.01787961445348008,0.015022566708098518,0.014431122129425171
0.8816618826560961,0.37363167918869994,0.222325336344912,0.08625164316362945,0.08303347379634705,0.07106529096815606,0.04462283341677077,0.036381915847979264,0.035508259860947786,0.034502538996749765
0.8317098657759997,0.36041860268928794,0.30728508453770026,0.1450003625736613,0.13149098236537363,0.10454413098264438,0.09095141601317137,0.06715859607944694,0.06022905025034441,0.05933446236777062
0.991084682341548,0.10637630457573652,0.050447206469938936,0.03607132503559823,0.032974251421717955,0.01727608261838633,0.0170499747625173,0.016317338452638094,0.014887432458679331,0.00843028095897439
0.9273310032423645,0.27485270248922455,0.12308278162406909,0.10443428519991024,0.09612385476528414,0.07074511157797743,0.06223093423310864,0.05905703014402537,0.04929575425643419,0.044430660203356516
0.8795385525976047,0.27200191683936664,0.23968857536004215,0.15885921842788245,0.1275145301644558,0.06474925795415869,0.06298291899850368,0.06172890036486355,0.06057500420588965,0.06051216199898249
0.6193863827696295,0.5652173652264746,0.26250791836356197,0.2564039191120495,0.2562400186979906,0.2480582454798091,0.08938887018024258,0.07433520838851748,0.061661637271606444,0.0472995475853002
0.9492178461423122,0.20081603718623067,0.16486333894651453,0.08970106217532833,0.07191063905996294,0.051417108272089236,0.05046435625929632,0.050004208500481574,0.04213588274384459,0.041897744466964516
0.8251961135772125,0.5340620859413646,0.09530040617089566,0.07163569366655498,0.058417413104012356,0.057869299326407934,0.05713862264181136,0.02914085992932827,0.027774571390679948,0.025445979293641476
0.9735153645809759,0.16973779248294302,0.13901785386242768,0.04044084970814076,0.02218762568755863,0.02025116553772052,0.018513857543323832,0.014486842261845056,0.014378838748217656,0.010942199831630719
0.9826958213536375,0.13691011068900913,0.07028480491235094,0.06950552415670928,0.04594445008334631,0.030308510432871406,0.028932402247090844,0.02103143276371975,0.0153205241912135,0.01020882452718888
0.664981922191819,0.5602721348244465,0.39014529061784514,0.1987403960386271,0.1625407699703358,0.08491096380996159,0.055376423569658516,0.053112259675944185,0.04581012368649468,0.041507673793304056
0.8631293535840224,0.38790300492736135,0.23166625503919192,0.1089315310835961,0.08040450294805322,0.08007115512819798,0.07083013642968439,0.062249517653309355,0.055179329567017266,0.05226527491824399
0.9936857610651789,0.07694911964527487,0.0487327444382016,0.032704659019333074,0.030986926495848083,0.029485069863950268,0.023215166823838895,0.012071704626476661,0.01131236350426051,0.008125800871919187
0.9936195949893535,0.07668281799032278,0.048726642714045566,0.03309132995198652,0.031003049205594185,0.02947053063282289,0.023155098404536282,0.014254798725169063,0.012041720906836993,0.011317565100732929
0.812907493278641,0.3931248400609805,0.3547286269358131,0.13278979210231967,0.12258548879803666,0.08914825971510852,0.059175240492787676,0.05659213058509933,0.05268346244574301,0.03372903903545024
0.9698405112406202,0.2170791329189168,0.06972531800669786,0.05431908780769051,0.030488440989682206,0.02751682083403798,0.026459030568656654,0.019974608294600227,0.016672095493701123,0.014606791463723118
0.6216663402549826,0.5730589465845041,0.31787587821751495,0.2450306706568715,0.19166902806467487,0.18913102488304068,0.09394192724242886,0.08933057573867788,0.0857154570435853,0.05847262775949594
0.6811027939832414,0.6615731278134427,0.1766254074971354,0.13679823951689285,0.11608289404036486,0.10127984897794075,0.06662301669237301,0.06057251105940528,0.04700585033171733,0.038370999833641936
0.9600858169562018,0.1907884077446072,0.13561733142719887,0.0950365849919069,0.06597363590416698,0.06327295363065386,0.03619001580480498,0.03205341440683801,0.026473875848350287,0.020798453030856368
0.7592138459391639,0.5709676811021887,0.1492076687283651,0.1422785796485619,0.12492547761062582,0.11308981956040799,0.08071026922050958,0.07264697759647971,0.07191759125114812,0.05060997539958166
0.7883361047881041,0.36054859483297014,0.3266145875415325,0.2510196434695284,0.14266638005645269,0.11600073204068778,0.08471562077861412,0.07397142613415604,0.07247297060903979,0.06036574960985686
0.8242185257749806,0.5119982938886992,0.14560936062640994,0.08880105062539422,0.07088129871733864,0.057862739143606866,0.0576428813932663,0.05334944749271696,0.044491586557761864,0.04068455443767218
0.995684913030849,0.07264869283185797,0.042055289717206304,0.03085909205820596,0.012735576250236691,0.011301656531091575,0.008769721698768938,0.007842571232213096,0.005845726204020669,0.005520076520511685
0.9926748154900027,0.05297427485994046,0.04993313363824333,0.04343322551031335,0.042042688986758905,0.03794135853074077,0.024588572853611167,0.02455207123172705,0.022117974846078935,0.018517401486266433
0.9916215184068385,0.08540473934165384,0.04471486407884444,0.04431403505150783,0.03745347930644795,0.02788769216136881,0.026023771528531324,0.02507286402739078,0.021734756409586126,0.0158740406950793
0.6374857210881674,0.6368515620350472,0.22868073393239474,0.2002439458820321,0.15339670635335975,0.14200467323449326,0.09871965606775092,0.09759444608314545,0.09406831634299673,0.07624538297481002
0.71885241081644,0.4589302587217442,0.4542742734003,0.15510680033888352,0.1067343188828606,0.08836083733364739,0.07433863774400076,0.05735346223364693,0.0510331364668987,0.043863134353031026
0.5904481297603651,0.4780328798001512,0.33712198997577253,0.3343515004024389,0.2370695473151386,0.1796100689370139,0.15183738908469496,0.13947008238459688,0.12871213577787696,0.11999880231590322
0.7278253030226153,0.5697404996131765,0.219478942329094,0.19057587122497677,0.13387257543851414,0.06911254378696945,0.06200014523518548,0.06108753443503833,0.057482289180012025,0.05614848893983845
0.9046728300096876,0.25105690505268646,0.18601411850870214,0.15398502425075997,0.1500602784752354,0.09924233213770155,0.08254287006418555,0.06054720110686737,0.056948256205191665,0.04817986164941891
0.8150151722251375,0.5325749327130866,0.1907395315487738,0.04202800291907158,0.041926202085191974,0.034179397009269974,0.03357293159966467,0.029232640354577386,0.026726893465356966,0.02628074390272135
0.9952501076324762,0.0692502459853999,0.03876462663021707,0.033808585013707766,0.024271799763964173,0.023587113536563065,0.01593681668821977,0.014047907401566214,0.009452345969134903,0.007326767097252883
0.9674852183873713,0.14800538080871115,0.13794386474983433,0.10245976488816146,0.062361006138983384,0.0477822969590955,0.03362602632013128,0.025397349761595387,0.022459005710477885,0.021309639138198028
0.9951170945967615,0.07530622674072147,0.052970238330696376,0.02276676058345119,0.012196436820967507,0.011173243605014512,0.01101675527833909,0.007609466659127309,0.007044785184215623,0.006858236601473205
0.9863357814052566,0.12133398484655551,0.0498017902608807,0.04833030765115961,0.04379632722907973,0.037913390726502016,0.027519163029437077,0.026374473866351136,0.02309285218117478,0.018454320306232657
0.8523709158339042,0.3244135307904794,0.2051113436789511,0.17543578434043475,0.13089961493410218,0.12451810891267537,0.10977161359275173,0.08278368889587395,0.08204619472237866,0.07278021882960134
0.9978499053348497,0.03922589693970516,0.034349682206679805,0.02495335447504701,0.0189899320525624,0.013345422372292389,0.010083121377860622,0.007281835216006856,0.006293242722618523,0.006283025277385427
0.9341916007626387,0.17914388938422088,0.15536144317186193,0.1497667994949315,0.10788419325224849,0.08890937997918619,0.0883138537441738,0.06873236679385343,0.042228817112491004,0.03970412094688012
0.9574229445736824,0.21511946547465985,0.10419164311495975,0.09686253941368929,0.06821399099167062,0.0593900614859779,0.03348600123252967,0.032662819599229044,0.030617688221333095,0.02418441318240878
0.9944149495085002,0.058256905295200286,0.05008173879086586,0.04802793225586208,0.04010706471690952,0.016335224147760702,0.01587620316730955,0.012666590018051016,0.012442749341428912,0.012015950211785408
0.8735611648186266,0.42702645082134594,0.1560484259028475,0.09706846686268701,0.08290586695281509,0.04597733572018216,0.04275955436214514,0.03134149341274997,0.030043497134991985,0.02993030063166896
0.905792433723817,0.27543080739109566,0.19737322858004674,0.16548524076495424,0.08550512654260702,0.0841580256801011,0.06774453689523434,0.056301588914846504,0.051675301914645484,0.04734681738749017
0.8341244030049988,0.41310140738537365,0.18063896160334478,0.13974545613147943,0.12469062798494654,0.11920199489971388,0.09265391360791835,0.06586294086124209,0.0595861856389125,0.05716053634837275
0.93571486978716,0.21715185298780396,0.15567548389365393,0.132699630992507,0.08283201088312395,0.07676326902071742,0.06400670630163328,0.05716422104343178,0.038776725094867126,0.03840062221433711
0.8577569802043054,0.4659303952756485,0.12390244768002502,0.11628232809815056,0.07390690688336653,0.04658284932473095,0.04421380656966061,0.03424600533355937,0.029891203276138076,0.02544784005606377
0.9135077437684965,0.28396171417325655,0.19718449695056717,0.14653173093830255,0.10589921284341859,0.04899890646742501,0.04228650867939808,0.03782327198492712,0.03351266879441288,0.02395920952895025
0.9164344623744204,0.28387908119967825,0.12442404930006662,0.1168671595585214,0.09330880343441425,0.09192794248506031,0.07053469909041642,0.06714789314688113,0.05087022582995774,0.04759464570463177
0.8235166060641662,0.4506896098952286,0.21855728025505425,0.11573133617552789,0.11067681171064513,0.08676118253971228,0.08518002964394591,0.0601026910655143,0.05764725559808946,0.05148000421198311
0.6870075184764366,0.4082740873293094,0.3837047183771378,0.2535506747930132,0.20800145177942245,0.13902590366158293,0.13751721576735365,0.12707728854988626,0.12128281264899159,0.0724386201918683
0.7920220988535277,0.44567546169786604,0.215245355779591,0.19998836904090972,0.1290107494404042,0.11597599287798331,0.1131551206601517,0.08183609175512489,0.08113356915102501,0.06564340766158568
0.8344558774239098,0.3442458217433733,0.3200842565452194,0.1043937735107158,0.08859350234887178,0.08560348105381364,0.077027545901145,0.07350349297477987,0.06561348890347106,0.06116114907347139
0.5653239741247753,0.5440073464821336,0.35329432239576825,0.33607014884438474,0.27651096595847674,0.12297770179885101,0.10535616710377303,0.10114128918372807,0.08239763957978333,0.068683077445054
0.7395943390415399,0.43306722159021993,0.25485814744275703,0.23312162027517566,0.16991726252572986,0.15599334577051205,0.15562458616640074,0.1316682292066095,0.09901953398372094,0.08801391554637372
0.9276642750203588,0.30603136080700394,0.1019953532826877,0.0937920131803808,0.05601423222032405,0.05472404557285317,0.04929861396021221,0.04854042723178501,0.048419912142472356,0.043212702151871715
0.9800132728738274,0.13058718619039233,0.12609262776299482,0.051713568565334773,0.043573434708175394,0.023399318182066,0.017195982952636763,0.016849461799058014,0.014706560066368706,0.011252250142839388
0.7938827252443948,0.48591528599930583,0.21319649196691987,0.19573292817924315,0.17095524963008996,0.06499218066395525,0.05965765341324729,0.04905620216978382,0.0400416965665845,0.030931653812259152
0.9064026519576746,0.35851841921588573,0.14932235146379713,0.05948628963286708,0.05741115181057105,0.056423084726210056,0.054262188353937646,0.053920380267800376,0.04949999336496933,0.042213398444184626
0.980331572508444,0.11028635609684469,0.10718282065530677,0.08271796711384596,0.05992874703541677,0.036661293096363914,0.030442904110275514,0.01992131271825636,0.01861405765533025,0.016793021929703476
0.9633712297031324,0.13776154694859521,0.13673433009910851,0.08823188411518125,0.06450155731205823,0.061567081588083813,0.05439221981252066,0.04619797750284485,0.045999214164187216,0.04061914406644273
0.8068730601738558,0.44196304148411836,0.32657825235171306,0.13733757258890605,0.09724376566295694,0.07552433804295738,0.07508491858312515,0.033356545035003876,0.032726190398270995,0.02551688953693009
0.9390636281781157,0.25144066525715303,0.11938334963170924,0.08426252960190178,0.08314528410942112,0.07183902101292584,0.05161449436514857,0.04522251548209379,0.04357765622939244,0.0434125307384245
0.9949962385215105,0.0531337846591391,0.04537669967441789,0.03790399427138888,0.03555207655721177,0.033602901883710706,0.01995552269762231,0.01729056685907567,0.013302693589915307,0.008027496090105517
0.7503773026391317,0.4252030215588627,0.4016539839021129,0.14378883369551076,0.1299347281820287,0.10578009669700382,0.10031712708007229,0.07577995781559227,0.07241178564402787,0.06577225587654875
0.9503082270249988,0.3020091761194317,0.0281792708288429,0.025060729664290012,0.025006433226676585,0.022777291898565723,0.01811262492167174,0.01742716052507167,0.016621934533031728,0.014930290836534405
0.9315038301113526,0.3546642862715266,0.04158200048199549,0.024543363624672607,0.022862689161507046,0.022649008550538884,0.021944672204484015,0.02042469701375848,0.016238440911746223,0.015520656284976482
0.6686405200461597,0.6555741807259581,0.22791734241345063,0.14590371690033313,0.12158976284194513,0.0960596565342196,0.0716139497710317,0.052498574099489485,0.0512363487113328,0.040037439448649244
0.7829035633313443,0.3718902004806408,0.3092651814998819,0.2745320200079061,0.167290142797605,0.10503459198350523,0.08518620423641685,0.07352673931615994,0.072192886156921,0.06528459711172668
0.9474190339896613,0.17973807771087244,0.15762548730209078,0.14864918846445732,0.0854934702588076,0.06751499312355504,0.05542838005119918,0.0438161898064024,0.03842412983359158,0.035557332589673786
0.9715686010115064,0.15371038811523288,0.12935349529621615,0.09846434342439625,0.02671238996475025,0.025523090790203925,0.020919886930493434,0.020658401257497728,0.019809408626893885,0.018938190299865015
0.6928774684745682,0.6543610262054145,0.19375942532712206,0.08806570725256908,0.0827993451326868,0.08246930480891909,0.07477238818589484,0.06905741833761203,0.06483524489690429,0.054678555752802456
0.676683191141097,0.46923139702758176,0.46397806257159296,0.20001066757324906,0.1147156564681867,0.11339318686197834,0.09572651289641625,0.0903796872672026,0.07992145178863172,0.06848315708875279
0.8800553684663985,0.37061074985368314,0.23218604783862412,0.10836669500556813,0.06254922787266891,0.058442304567303774,0.0509575949249903,0.05095422481031762,0.048131003800228944,0.045104670545451066
0.9107130796507706,0.21189779856703808,0.20921262000595825,0.13629301392095097,0.13554688263623285,0.12487411221878446,0.10823660719913154,0.05689093384647791,0.043945601873348755,0.041889488585676996
0.9635198403793809,0.1523767972394783,0.09022807182952354,0.0878643554289191,0.0760069172278394,0.07540015846327014,0.06556607065164596,0.062232111852224686,0.05245672914962968,0.04161537802392423
0.9641452844139308,0.14645528889536838,0.11444514560541051,0.09114364347348065,0.08924902543425695,0.0748142867398535,0.06571406899543096,0.04302053627408073,0.041640733563621864,0.03108340812413627
0.6681458270050725,0.5560497910393909,0.32116708996962695,0.23330179745847973,0.19319015183332644,0.11002551137137737,0.08758741329721402,0.06890790787582024,0.0636368299759829,0.048375753296611146
0.7707546164946527,0.447037279272409,0.2921757180065909,0.22940737042100132,0.1496600450732822,0.11328159759151583,0.09933177310504598,0.06182238395833813,0.0456461532283937,0.04361283145415905
0.9793984381349266,0.14909916662318912,0.0695458656910616,0.0556926373853956,0.04399072364138632,0.04295452247492772,0.04274956375093076,0.03108023581160647,0.02739125830628649,0.025325456169873625
0.7935436927228051,0.37161053252203574,0.3609896396229438,0.176709779803684,0.17350971479320593,0.1369888271585472,0.07808500438511193,0.0460079070961883,0.04587404875048737,0.043727762903800274
0.8598415038169596,0.31569773897646125,0.23222022375342213,0.17972476986808306,0.16385003036126142,0.13511909162372557,0.09578968388636125,0.06836336981777259,0.061069608133241624,0.05715978843539977
0.9901630738519119,0.09196058618430744,0.07335768993163294,0.06011940892348014,0.03491279611545901,0.018559805873976553,0.00967897514695141,0.008972223651170534,0.008548131423173002,0.007310592820657066
0.9865267734020969,0.08615126501036932,0.07258483372002549,0.06080710203402191,0.060259948918041026,0.05601231016562984,0.04383860694341725,0.0187903306928419,0.017593209517841282,0.016028819612508384
0.5899933332033792,0.5871759392828478,0.30583669888344645,0.25478385081874855,0.249019219463019,0.2206417469667097,0.10786374870652278,0.08110110419776789,0.05897497269663394,0.0531915298039013
0.9035865258068776,0.29287334951406724,0.2215886426711638,0.1633280520880278,0.07469449276920541,0.05735313348746606,0.053365738429209914,0.03873067501536246,0.0364640430547961,0.030464255811328243
0.9191302955500966,0.31641693933478326,0.15196904423116803,0.06990315096985786,0.06859884654328591,0.06358358529714159,0.058300758962750665,0.051525535949062146,0.044537480493507454,0.04110454054728738
0.8003183311288621,0.4130447718313063,0.24072265947702243,0.19285935259682427,0.18269380332255344,0.15530308764587128,0.10245821899474941,0.06919554182106508,0.06849106025975779,0.06826989219850782
0.966726053198415,0.19569178485331523,0.10610866611771315,0.045594060773923036,0.04143016597884026,0.04077237991344854,0.032876504181191,0.03165503198593418,0.02927671395488692,0.028044764781723346
0.9707035215049701,0.1740276014126234,0.0785691885815985,0.06725698289100589,0.05807860941186731,0.05696449854271993,0.041866673846154806,0.041624908157005064,0.029717647219717157,0.029387594892491875
0.8479734572535992,0.36977086375191653,0.23832602501018657,0.1869029457573068,0.150103605824643,0.07390395445404276,0.07070813287563724,0.06758667634482006,0.04880388089518318,0.0406419481443763
0.9989922849866844,0.028731214422958524,0.01748878364852774,0.014947071085157458,0.013156762262662188,0.010524768386842095,0.009364526614236816,0.007639205071894383,0.00714637901813421,0.006941613848688025
0.9990426431378664,0.026622578125059814,0.017611878427332705,0.015069288323243717,0.01302491838951394,0.011264956823269669,0.010748839839555241,0.007658296935896342,0.007166489185682586,0.005724613554831822
0.9680139845427755,0.19916963396207096,0.09023358029926586,0.06497998370291538,0.0523419210792176,0.04672865713179544,0.03749679647378335,0.03298711715038326,0.02802732087561604,0.01943655027998323
0.9807059544512641,0.15376546611395292,0.09654980730401361,0.0398428653449398,0.03153218453078805,0.022030874822373227,0.020995465454389052,0.018912315146526866,0.013528190207265464,0.01094165862593386
0.9960719376164079,0.06805908212836989,0.03893849445764594,0.025554574414205035,0.018123269247686213,0.009656395949241992,0.008668020665371147,0.008455494904127201,0.006685840413582809,0.0063772227601180675
0.9980782973779886,0.034483801899629074,0.026479558723316237,0.02387997050323884,0.01702857764541094,0.016178299281270514,0.014394214076874504,0.009917538309212666,0.009203411381201258,0.008976018126213504
0.9156291513877273,0.2246144325688198,0.15677674099351174,0.14984050509557753,0.141504692314052,0.13433595514894248,0.09727386714918075,0.09212837937181699,0.05144849596312731,0.033438966166958864
0.7588443661425139,0.35090205276068914,0.34013586656048594,0.3277925333895445,0.13076945355076777,0.10413168780824911,0.09597800905740084,0.0955285644002598,0.09552809910299769,0.06675103064389032
0.9295578187480218,0.1815661814651329,0.14781394147036997,0.14169209519289597,0.13704125565128292,0.08725705068886082,0.06818379148920527,0.05904872571561101,0.05436478111711115,0.051982864062104145
0.9945452549835427,0.08768197415985385,0.03274735192305454,0.021225956451689815,0.01563683017032583,0.013495907324412384,0.010650329621032307,0.009755801778810169,0.009465617041428627,0.009348743286740005
0.9887905512789434,0.09949085580815183,0.0706073908096943,0.05371681414668417,0.036174450674562944,0.027011881394994823,0.019410882041863597,0.01748555580441591,0.013227595416549196,0.012110451335290496
0.9423936481707209,0.3161417482229337,0.04798219771797813,0.03848257253899979,0.03290257917069484,0.03224099257289409,0.03144428419146936,0.026291153380860872,0.023571895656812954,0.023204223634023927
0.9239116152872436,0.32453046105078065,0.09552683776705131,0.08219723276254556,0.07130333563381425,0.06597879624936878,0.06157722679507215,0.05809829861812427,0.05006122233700667,0.04275661756989137
0.6007213157609312,0.40865276072306056,0.37760026731203294,0.31130710238239817,0.28250252845864693,0.2723963756310043,0.15929181821922958,0.1576847195432084,0.1099297489177004,0.058307502607254875
0.9845090677927113,0.10038541247056924,0.08374663262617166,0.06958758084056439,0.05487804166521297,0.03231238336212747,0.024471964185259702,0.02149548961972414,0.01956279843938814,0.019343787202157937
0.9944702308708527,0.07031689225799224,0.054788973678216536,0.043712345299287865,0.016937739212466347,0.01147396777949338,0.011400085686828489,0.011218765286019361,0.008519259275389162,0.007635157268114278
0.9502612857113848,0.18741745350866554,0.12168243844838098,0.10927606404775,0.09749344943881276,0.08182400269288849,0.06713974300365876,0.06154456649665341,0.052778678825257386,0.04544367756643587
0.6065816032268676,0.4221754985258162,0.40295771868822877,0.3787667080459286,0.24279847222073686,0.1611397692696689,0.14677222218992766,0.137046278998217,0.10691892530764047,0.03949935446914471
0.9831021731850342,0.11558141337814956,0.08620171042381278,0.04356717654257906,0.04055317175937054,0.038414505193104014,0.03585313777628183,0.03452943493184791,0.0336739045600557,0.03285537802840257
0.8034810557022278,0.5747310717940721,0.07324451318738287,0.060662050421335156,0.05536989969975969,0.052296471510062954,0.03766754408602638,0.03715696060596468,0.0322125904189192,0.03212116667945728
0.9088480632780976,0.20998373964147996,0.17562067073410512,0.171226305274962,0.15334748544005214,0.09398978106677276,0.08167047937264674,0.07538703548163472,0.05822521257974423,0.05428193079909059
0.9640265934255925,0.23927835504385153,0.08686150364482163,0.062067785821129526,0.01588955026664439,0.015353235029940744,0.012970289225205406,0.01293001064680859,0.012709556757171728,0.011962719565110611
0.9681762077832969,0.14393492371929437,0.12275485916107058,0.10115053147221065,0.07150396589890472,0.06562721647247713,0.04419720500880837,0.02630134680308658,0.022735517905923364,0.022427503798704625
0.8612669960084023,0.3990891218946165,0.14120702284333236,0.13691192651918155,0.13473303639153852,0.11383061784820588,0.11227258315477659,0.07389491411240527,0.057750749610620024,0.055929026160621745
0.9750491353534351,0.18983576402824676,0.08739618455568668,0.06290284847822422,0.01688088823439892,0.01352885871778304,0.013449673325487955,0.011691293680813208,0.011461374694973596,0.01108814201163217
0.9694383869877459,0.18227172148649307,0.09238850083252852,0.061127184444986285,0.05509886292035767,0.04784971591331983,0.04395002205987817,0.03759348219580329,0.03463751676016905,0.03107589950825783
0.9776038717958352,0.12580162314226054,0.1047328024039593,0.07692436811770764,0.07221468959955968,0.0445989746725715,0.022251636873292478,0.020909225427547282,0.020177818501993326,0.017772321608675104
0.9840707357492281,0.0858361611845113,0.08540034012349296,0.06709486772606321,0.05495415911216809,0.049871709860557105,0.04458164924642394,0.03211085502499691,0.025946810792224165,0.023475979378243878
0.9840858178074647,0.1031947028571174,0.07807244852662974,0.07217556621459663,0.057408310601374114,0.03412139656803694,0.026883186121120544,0.024834683197821297,0.02129036435226302,0.020407494886584766
0.9140483027936088,0.2432010827566465,0.1918688142961891,0.13657270588929823,0.11232414599876771,0.1021228141772733,0.05777001173045136,0.05446799670830252,0.04806187888899445,0.04797221777885718
0.979756389304187,0.10529571768049494,0.10103288479628356,0.07732050260261746,0.07183466290329976,0.03883903871284054,0.03579211635405227,0.03186643459141264,0.024999273982812983,0.022591533237124265
0.9430102128824172,0.24765089240580815,0.16736068598928222,0.06746030075220244,0.054930540696501905,0.04876161951025665,0.04724677565094752,0.03908807743536206,0.03812070573731284,0.035351196304812406
0.7950833655739133,0.5807259817471105,0.09717916902792156,0.061892598047516345,0.0526464548377526,0.043611773603426184,0.04121125188600087,0.04120453483807549,0.039909529090631675,0.03677404672943169
0.9941791770101813,0.05945090525387458,0.0374398977195846,0.03360685870352498,0.02585917860759351,0.023755876513360606,0.021969301952438538,0.021634612709815235,0.01969088234427299,0.019173627749520222
0.9150895627606068,0.18368274918529884,0.17881282723893932,0.14819952645607565,0.1350732188006676,0.10284910689089058,0.09021036410721953,0.08770449239597145,0.07608083858887851,0.05250326464278785
0.7192709117552929,0.4613842907349112,0.444714274405949,0.15050535988935299,0.13115878930615218,0.1017640504524753,0.06827654938909428,0.06717673014078875,0.04080400001679448,0.03972846552660302
0.9562538186710768,0.23951151606002666,0.08552297024174223,0.05592688837881358,0.04896742702601996,0.04874427107168868,0.04385532228425632,0.04034343297582184,0.03967630717107867,0.03186298816716767
0.7374405742115872,0.4105139802882545,0.35372764355744224,0.19643911724929464,0.18567978347294872,0.17713011855971028,0.14905138720086875,0.12056105463554895,0.09391243300347502,0.04663904302369846
0.9546725436177123,0.18909690501351822,0.12760552426109156,0.10153011037158899,0.05851289816205734,0.0582593164832694,0.05197734517029371,0.051102485972114184,0.04562223035216416,0.044721463984057706
0.6464604136132603,0.4741986919689768,0.4624853497183294,0.2076764759075815,0.17584404858804462,0.15242708010212364,0.1343924972432374,0.07772005764558326,0.06924825844121565,0.06583092030949392
0.9967725402682065,0.05315276504426502,0.027647042247241377,0.025667481684580735,0.025294224938003866,0.02214820197545847,0.01763355725321767,0.015551043183085747,0.01424254144324221,0.007915940107909412
0.6422433572419376,0.5461179435619357,0.47865401554835346,0.13031805772491192,0.09400267086390085,0.0935271541247006,0.08363222835387542,0.053632376881295574,0.049576386548172424,0.042787867505022344
0.9591189177235927,0.20135097934784849,0.1114574601401304,0.08796328878431188,0.0832267534497244,0.05907506980451859,0.05520309139722704,0.03802758575317761,0.0262044390672605,0.020812970947669457
0.993394361609874,0.07630183337488805,0.0528401122552506,0.03168017598439373,0.029004475767045797,0.02826787533279721,0.01769890329534424,0.01685344234560971,0.014529936959745656,0.01272739595839848
0.968754668333948,0.16095065342950385,0.08724238197767428,0.08031813813480854,0.06810169047510652,0.05506608225656266,0.05244184240601054,0.04840349607297732,0.03968631921677572,0.032962604269142874
0.8024188136625855,0.4027144532094308,0.3490768545668996,0.16762195564049845,0.09606063215116345,0.09376025412489254,0.062166335811531685,0.05771426578467024,0.04938643990151613,0.04254060425816295
0.9980062753572112,0.04040705024206799,0.031098952404392703,0.018926274308491246,0.01703712738004801,0.012724561918981038,0.009372019204209511,0.009371998631670153,0.007292748354383446,0.005673532012281861
0.762672952277769,0.4265306061704228,0.3355128001508634,0.23247804061597027,0.20446694293402534,0.08109004630210657,0.06634837480827967,0.05299359497453987,0.0522835800098271,0.03425027010062642
0.9891230059466434,0.10446111693946215,0.05909180010149515,0.05001288051785497,0.04620819094851397,0.026013971993031713,0.024754170839335312,0.015939642523869434,0.011250973139958995,0.010600675861653098
0.9914651913272398,0.1014317700311016,0.048439166488777954,0.04622913209050388,0.026114138882455475,0.025116180394497416,0.015944300197720186,0.011334884175978392,0.010352530131512893,0.00806939132908606
0.8559390266111154,0.36533609691290075,0.2971514413213276,0.0998327150644393,0.07558895834286511,0.06423503560993973,0.05427341631860594,0.045672949736194735,0.044261365357185764,0.04287140262505407
0.9420533127903449,0.15588465426188863,0.13085937544846013,0.09004502931492647,0.08853503965866662,0.08345647241702449,0.08118041315256401,0.07990173073264349,0.06955315657479741,0.06690915235989386
0.941940860595974,0.2429428659817209,0.18080098827227534,0.06716806321012268,0.05526128737006022,0.0483641293664415,0.04765076353208451,0.04321785207360833,0.04226012498716301,0.028920490935163523
0.954208978889091,0.13219712198494596,0.12413918786728734,0.11696927622534152,0.072548969691133,0.06696370514752917,0.06641195947357292,0.0629907475567835,0.06040537744161341,0.058374507134700354
0.9924237392029951,0.08744744110009002,0.04589364519932996,0.04576072448145034,0.03775491649283233,0.026319268164993484,0.013993351119437482,0.013034650843468986,0.011060152412460748,0.00967881075351122
0.634497046719769,0.6302643863353588,0.24951749989133612,0.1910642899905506,0.17952318818256394,0.15536205596768668,0.08515812572904015,0.07695784960499114,0.06053619905417112,0.0593911675925318
0.918867094705805,0.33332740214287115,0.11839010604195441,0.09394879741659233,0.07883307161870445,0.05193211461915388,0.045758322936938614,0.043829420493241844,0.03516882650568802,0.03292028960859617
0.9904755092828119,0.1163979217114105,0.04483122744799022,0.028726047781516034,0.023882299592747708,0.016104277581560706,0.01518066308022936,0.015035192976377749,0.011127797083607994,0.010848946899635505
0.8118613479185611,0.3675139302108126,0.33580389543155714,0.1710475788469767,0.16021648896300605,0.10236818964518836,0.08811471651862517,0.06448461271749695,0.06139409474043246,0.06137428205806722
0.8346002477054127,0.5246643340427039,0.07374900343431116,0.05538614639520917,0.05383302445168797,0.05309694672024541,0.044367538733722386,0.04281150615564971,0.038126115100768326,0.03461234869865376
0.9700760455219541,0.2155092597268465,0.048006863128531765,0.04340241528906234,0.040754561174184994,0.03759099129198056,0.03502505434842083,0.03359512177109864,0.022194144949435845,0.021947934366947638
0.7976203811212096,0.5163635828890906,0.24221979986881273,0.10609025614209985,0.05038177940805469,0.04997757208828573,0.04698898582196341,0.04576502765746604,0.04274470517441945,0.03989706637419277
0.8361270794488115,0.4878009072497883,0.1509681038320672,0.06630984051288014,0.06458996737064523,0.06368802074473372,0.056791298102176785,0.05085737571903491,0.048986699848888926,0.045400247875507276
0.9712788363163073,0.09420528960072695,0.07966198216007009,0.07624882809571795,0.07553948350401024,0.07194254453342441,0.06318446870000963,0.06256456475677526,0.04837377447936228,0.0445034141595288
0.9773370751159871,0.17423228855577116,0.07385124320721434,0.07256265610784188,0.03640851242062131,0.0241593518849455,0.02223631141189405,0.01388588206230243,0.012008326033654305,0.010704284720790167
0.9875592502284951,0.08069333093328038,0.059113020576770495,0.058710858425840964,0.053899200997395216,0.05007654073117648,0.040986459991247594,0.03109429195884383,0.025763392455692324,0.02468474692095231
0.5424280394514566,0.5042004529339822,0.46886396909597206,0.2444523753935465,0.23871155346790446,0.1948536896325498,0.15453850508383762,0.13954475615831943,0.11875826788616678,0.05350115065733879
0.9853665716547818,0.09391625229605546,0.07474277550132374,0.06312937228723364,0.05729620357128202,0.045503538458025655,0.03199201724282257,0.0276231328021512,0.022545776964183292,0.020887110514694888
0.8355506904153726,0.3772551831304661,0.27317150904457166,0.1967662504343778,0.13943977961747236,0.07450497174465283,0.07380449094119766,0.05253531529935564,0.0477113953275861,0.046173797269380604
0.6225889973546782,0.5347300698934616,0.29194935845612335,0.23163452080361427,0.20626119253936404,0.17994776523337727,0.15492392157472945,0.13111552079373326,0.11485923645267197,0.10529138507149964
0.9310518976491068,0.30026874514291174,0.12342945840024581,0.06191870662114828,0.05719928177996911,0.0537703673629328,0.05114652482876812,0.048773319377489896,0.04680796913373199,0.036692259129989094
0.8601907810737469,0.34939523348362217,0.1901821694467557,0.18896011104735294,0.13544488123888787,0.09721211496012824,0.09040629294182013,0.05948566875932187,0.055405381538753275,0.05321949044725087
0.8079694833508829,0.42800657386210705,0.34093874706566746,0.150356251155734,0.07925625821176693,0.05492339101387958,0.04680171950930672,0.03919410708657584,0.037651501578989055,0.035111345423672384
0.875831668846615,0.2321807592568123,0.21601967079184853,0.1818541880423837,0.17970022507390893,0.11723045546209197,0.09119816882294285,0.08791423206470605,0.07058453002372068,0.0670882263157333
0.9980571131076662,0.03804314870943518,0.029972131368762374,0.024772637653707772,0.01763068157141223,0.017401128847771997,0.009853626539144508,0.006412512876497546,0.005436086657876536,0.0044587603745297145
0.6134994074224506,0.4619264990984729,0.37931539215477317,0.3004812175191548,0.2537474447140956,0.23116434539429226,0.13745952002385523,0.1042008943223422,0.09213136811178793,0.06869581557016423
0.7026119076861753,0.5492134649795577,0.4122859275578459,0.08938081429089939,0.06343784860225822,0.05717383063123439,0.05409928982132461,0.050900726249747744,0.04229442482113142,0.03660932859976391
0.9891728219398234,0.12398849574101346,0.05056291743639964,0.03576028942765192,0.02729303376254901,0.017671177839603164,0.017116906551649838,0.013376950336270793,0.01294941604756218,0.012449183580709419
0.9880704953696976,0.12558868771208762,0.05048277799566881,0.035727290607150304,0.027149175342646388,0.02362327386400414,0.0229066197941782,0.021338859575362645,0.01765388432474003,0.01710627634654949
0.9751422796963755,0.1385187625505968,0.10555727812330586,0.08235895345891733,0.048371674873105994,0.04708329068049004,0.042109343232384126,0.035586843012467353,0.031054484580066495,0.026597268214728728
0.6673697594319503,0.5053329407955289,0.3908305036759263,0.2114271675767119,0.20358278588243475,0.1492792896310962,0.11975663416316547,0.07372242450089307,0.055347786728893296,0.047668818806987
0.9746454186292036,0.15219061456099447,0.07646048058843935,0.07240977720929148,0.0668128553226333,0.0601687088834465,0.03626422783987122,0.030220354987237994,0.029045734180638945,0.0283457093736696
0.7373062480026067,0.41449349441472305,0.40837363964088674,0.30607464720186156,0.06730991548474681,0.0645929028767822,0.049002159396043826,0.043218065874813326,0.042431621709225986,0.0369445786044515
0.7840951541055055,0.4057459874349256,0.3011794332979234,0.23814320973178799,0.1789500290794512,0.13884749103318345,0.06781039798779567,0.043041260969434426,0.04068669957915025,0.032948297523862566
0.999687919866816,0.01796325566369267,0.01142422505997759,0.005828363577727599,0.004674852248308923,0.004657288188732599,0.00383210851231188,0.0034369699718049375,0.003273828824091766,0.002898074137433497
0.9991740564946769,0.024064494007025136,0.017939189767628108,0.014846202083905519,0.013296543712660513,0.011417823552673116,0.010212238814273489,0.004661640022974423,0.0038281698510226865,0.0034370605328538912
0.6348961621892655,0.6169994318253974,0.2511267473594181,0.24691266485036922,0.14849473153064538,0.12532851230056324,0.07752389131350769,0.07724982520137111,0.07435598100735692,0.07262211277300622
0.6127958452955158,0.4350553276338777,0.34756928320479646,0.32931844247746905,0.19553718432825246,0.18776973674189892,0.184817594067447,0.13683610496666798,0.11985390676033733,0.10972367294297432
0.9533196449269843,0.26282289534026865,0.08319120807541848,0.05403136717704046,0.04280692316442801,0.03793565252896332,0.03666977000337158,0.034659211166381286,0.03409166567240865,0.033024483700535845
0.5698180097529535,0.5470755958947746,0.5146728065378522,0.28764265305537795,0.10177995021976219,0.06202552662885453,0.05342064543748622,0.04878104985516175,0.03974110141198294,0.037585836137405286
0.9994008113895287,0.028168998067926655,0.008970072019639962,0.0068485761688205984,0.004811603071860428,0.004787256492095173,0.004767374125001703,0.004711014875135634,0.0046093728965488,0.004364456348090664
0.9988193052721343,0.03796603907706629,0.02120608236900286,0.009243541950006212,0.008464151120950811,0.007214492049140893,0.005581902565217451,0.005421128385180878,0.004889253374114775,0.004383663769903823
0.9995680338799995,0.02257659218410727,0.008721002527541382,0.008340004145517577,0.00621412704611193,0.004872228223132168,0.0045076817681000345,0.004337810235782938,0.003710058156176011,0.0036003205920120676
0.9993121578583387,0.02835063309050404,0.010942432907858627,0.009996108480364078,0.008573597481321495,0.006357243225438702,0.0057102371904116855,0.0054627582659125245,0.005339903634098015,0.004741756885586092
0.9962385839860499,0.059985351366953724,0.028088883853142205,0.022548588850176268,0.022528030358654923,0.021820357281928562,0.017451306383060607,0.014969497469654935,0.012783388646136795,0.012446227503466922
0.9050622709023793,0.3412218481608944,0.11474651815606397,0.11374922620455953,0.09771541342499945,0.07942827585452433,0.07673286507588066,0.04623165389441969,0.038999187756211244,0.03420093624760121
0.9924303315602435,0.08733863448265532,0.05168545396240368,0.039466727568925365,0.039087625918701706,0.028110573701488048,0.015775417640639867,0.00973504563628135,0.00927967704962983,0.009115248874151263
0.8663909631203356,0.4719275718413299,0.0648198278624609,0.06190427769775634,0.05964347471654378,0.058065923786108684,0.05058269478436218,0.0365896413321666,0.03418854309868587,0.03301437764205487
0.8111993269133448,0.4157626194981135,0.26825747017365237,0.12232171006158613,0.11227642749705284,0.09960665239632543,0.09715536350697897,0.09164377506687975,0.0682779476167664,0.06522709552421595
0.9058986348578045,0.4108577110017108,0.052165829218364324,0.04636664751887042,0.0341448838535413,0.030971735209332125,0.02643051357155926,0.022916595974138865,0.022732001521683774,0.01848082567573576
0.4405923407398394,0.40849862418602556,0.372295370247171,0.35005978117593456,0.3335382077406641,0.2039139072120944,0.2009734720063372,0.18273374171662046,0.13672633565669873,0.1305431583074268
0.733237087860492,0.6499199574699509,0.14999993773415582,0.06887632929315608,0.06611359364627999,0.04881465323389754,0.03959916520961902,0.032471449948169195,0.02891521076029428,0.025244211830578844
0.5625512578537215,0.46151419197011434,0.40226155177248535,0.30131832786834334,0.17006650849465216,0.16370490004209673,0.15626259066513687,0.14483125190827256,0.12872972481486294,0.12569249037777622
0.7085125357365772,0.4031489333553849,0.283222479427648,0.21108926749998833,0.20768769631322148,0.1975379004513604,0.14878135739115617,0.1019332117898742,0.10167882249506129,0.10123656522695045
0.993101394908286,0.0686321099939764,0.04713152820637403,0.0402787038453451,0.0341699200918812,0.03184205507386332,0.022655524086901774,0.015995281762466933,0.014829275487050233,0.014287236684188628
0.9949422433603367,0.06517786722825433,0.047195439223544404,0.040317829199069954,0.022558070772714538,0.018809214241807454,0.016001483619685106,0.013601401757763885,0.011778098942614505,0.011708474217078685
0.9967840923935859,0.06427962945306256,0.025124550836004525,0.022886147838305896,0.014787039650314552,0.011322097497419963,0.010831606932584748,0.010771268468277103,0.010246456688624138,0.009008761011531976
0.9859777281329485,0.11317630148218297,0.07744505453580479,0.05443705396186054,0.04738825090560737,0.03614967941012389,0.027226498404897742,0.020870711355915464,0.01965308220167742,0.013399481525667768
0.9976466675324972,0.04790307214758274,0.024550914802943555,0.022156788738321883,0.020150632171627804,0.017326675304231313,0.013107077523534651,0.010116736527099605,0.007030425418014736,0.006307754033961104
0.997681786640615,0.047541294428637054,0.024679599014398736,0.022295964085595685,0.020111669226316263,0.01733103800252808,0.013114777634327954,0.010206706581647376,0.007168819919225307,0.006314845957021966
0.47251919737254183,0.46023494114604974,0.4260224845559837,0.28459670674825943,0.25940169269899654,0.2521167497202758,0.20358185715703642,0.16102939287065746,0.1405939303580469,0.0955954474656517
0.7419951555028849,0.6326997148928744,0.1812927507726629,0.0912973425872002,0.062498910893654405,0.034583393571563974,0.03024565129510064,0.02645895546248876,0.012793746800162051,0.012288761730428904
0.7998042815173851,0.44589397107764084,0.24951806787719233,0.1725892110916499,0.16961296159898132,0.1050045070223254,0.05797267463941021,0.05555310112326068,0.04925532823271467,0.047002864980591065
0.9580747776304679,0.11846994977925387,0.09745750605495947,0.09534344542358496,0.09043317558297036,0.08887321655140402,0.07861006903729016,0.06759013132640156,0.04990699307541696,0.04554211519266534
0.8891340408405769,0.3065180877141701,0.25559018927467175,0.12653480683314983,0.07777817622643275,0.0749201647625139,0.07007438209242355,0.06629171122211037,0.04944536793444929,0.03635861794466727
0.9763220987758837,0.13152707677919603,0.10031043487068236,0.07207181662087887,0.05952685090064515,0.05062023480504135,0.03696484952236825,0.03202746804988494,0.027115654881012956,0.025645229932052656
0.7583136470314866,0.25441445779156757,0.24096430040816752,0.23766139247533505,0.22004499918062928,0.21329126114501995,0.17803154919261047,0.13376639702055745,0.12345754349252652,0.11863952243697
0.9828324682436729,0.10491586053683603,0.10456278541176474,0.07634803813606189,0.03168031065179113,0.031095338877258526,0.028203130745219535,0.0265828775580605,0.0231457248719618,0.02056418260869003
0.9835277922825019,0.1104259718438354,0.10301796762709253,0.07648911133568398,0.0315953934040285,0.023009157164182715,0.019865364661361486,0.0168632657819351,0.016549367861145522,0.01651897607294037
0.9326808153490688,0.3218361272629917,0.06296974668761501,0.05467405937375267,0.05403340271296841,0.052572828469785345,0.04232841557788247,0.04222542610360829,0.035792734641026995,0.03572470869380298
0.9951244823742904,0.07739836294385942,0.04947225808408188,0.0217403337153218,0.01802319627198442,0.010317078618272827,0.006626740432060907,0.006485944384925074,0.005070681884357977,0.005065917047303896
0.9952157162733394,0.07678878534313872,0.04947092226703658,0.021749323493047038,0.01819287273383989,0.010362919401565574,0.006381799796291022,0.0050898416656312605,0.005077823159530686,0.004574518064898327
0.857286238873215,0.43238985467704466,0.211652225240934,0.09216931961312143,0.07725542008518207,0.0651383168889642,0.0588057491122014,0.03330944686051866,0.030835622999608157,0.028701990313360706
0.6327476338986961,0.5486364340535116,0.42756312897102466,0.30991878147021723,0.07668373449939231,0.06635366794114711,0.04432768074849076,0.026654871238307617,0.02661519828719292,0.025773330914798546
0.8938935142213245,0.4147233773269377,0.10091827943489269,0.08707670482268348,0.0680607888837696,0.04737569747880506,0.026018418285939194,0.023056971008799988,0.022947273776262867,0.019492590545231576
0.9968442551666664,0.07092591885752644,0.019192387820956412,0.015460615646907953,0.013353135739344607,0.010737446838391474,0.010547480954850124,0.007185040494116801,0.006406887304649478,0.0056007980275381685
0.9957157826935744,0.07094233372721515,0.04826138132132474,0.021683909431206592,0.015613000808024202,0.01040481070000995,0.008667524024142939,0.007365198332471822,0.007320884815778498,0.006296154242557143
0.9940554211795216,0.07011394808840155,0.04752283134701405,0.04348796265193821,0.031448795983896716,0.0312592894430638,0.012871337384163267,0.011881225485000228,0.011012121073461684,0.009361726416321187
0.8282499224148315,0.40009364023368765,0.34452770470180716,0.09737025716510125,0.09417340484676263,0.07980469143214085,0.04424171491149058,0.03685413630359423,0.034160198881992614,0.03204945002737407
0.9875461214513226,0.083346350764074,0.07816665590359073,0.05770302200507392,0.0388515526717026,0.029650078347496146,0.023559997589794504,0.022445031946092018,0.022338416994005482,0.022095020118684493
0.9314885441682064,0.34974348869635014,0.04444970442038208,0.04176920267198264,0.03890160193282563,0.028842597061980772,0.0276087420808918,0.025101911699710256,0.020401047100024192,0.019955918849328243
0.5558420567753593,0.5350450097171205,0.3497197263485861,0.3418375661103282,0.295348244193628,0.15737765308945964,0.10329161727185067,0.08697114907787547,0.07612053298403318,0.07383698077434245
0.6874678492290606,0.6172090987379181,0.21770243152305968,0.2125742286424764,0.13159297804977754,0.07427995318938237,0.06668636912855494,0.058644767437300134,0.05445571444878757,0.05359126707056257
0.9246027265051593,0.35259846655974375,0.07748866777365455,0.07701529059883801,0.05418472046227085,0.043690352837675125,0.029887507251697348,0.020463181818707273,0.018960479508079445,0.018589302689039328
0.6102573090858606,0.49054182215662345,0.4300972083898345,0.23780905761393223,0.23644511060805884,0.2054136454169204,0.07439097236215265,0.07292890335206906,0.07051180113661733,0.06558448730369969
0.8518746621549255,0.4466074770741461,0.22779769610999367,0.06103369477629696,0.059577659711272934,0.04702450288840575,0.04572783745579095,0.04545780900758013,0.03683909300220836,0.03251544780274535
0.9536322578773971,0.2119346020029129,0.10396125449146863,0.08645953645041456,0.07252608345909282,0.0579441582397848,0.043242134901162625,0.04319407882053772,0.042315793671953296,0.03558816781483196
0.9801206598126493,0.15007255417615203,0.061937138168162424,0.05978522270169363,0.038678116268307465,0.03847359985252215,0.038116397374442085,0.03349051848548733,0.02588194035749901,0.021875135535137688
0.9858026050723124,0.09016030713991628,0.08060610549366617,0.061274680606765046,0.05659355609118356,0.03655915627355724,0.024289740243535328,0.024121829210662152,0.02077519214360281,0.02017514503140162
0.9891158799626447,0.07691836345617656,0.058473068277866816,0.053549399827149326,0.04874997817396007,0.04823974065889878,0.03878409375648803,0.0346629751074076,0.021321655053558448,0.017168175531414406
0.9624289697195998,0.14457782582088735,0.1182033925340956,0.1173764251929945,0.0793021709211184,0.07253149163045673,0.044855869556824544,0.04416537096232298,0.035991721789550214,0.03228081427380321
0.9815850305999843,0.09070036713480965,0.08180075580709534,0.07226475092295367,0.06683330333067805,0.050885407168369,0.040808600677174456,0.034493407774575824,0.030882871056287998,0.028470428408046373
0.9856505237847292,0.08922849906624407,0.0847119792886852,0.06238094841403,0.05661976306137728,0.038238521019413114,0.03201156730525999,0.02421205166661419,0.01997254263153971,0.01969841918069696
0.9477927858022789,0.2174691976536169,0.15136247267857694,0.07998581677305117,0.06654455139876247,0.06564679636501691,0.045336937876128115,0.041979675829743116,0.04123653804964949,0.04007044051689964
0.9775015680757029,0.131315719431912,0.08288112497323856,0.0719826707130639,0.0668245855201256,0.04745744899161784,0.04141989144308458,0.03586718279034396,0.03386732574789562,0.03298875589671201
0.983962985536968,0.13873207017081418,0.06822992168609487,0.059736898410142104,0.04684579170906909,0.022566774288916562,0.019435619125247848,0.019106287999602244,0.012168830751940262,0.011794175634231196
0.7708614354932868,0.33099951615056666,0.2790885354598307,0.27448651037060107,0.18317087958795092,0.15468699669751465,0.10453574685009011,0.08563701914259912,0.08423632498130146,0.07528448015011993
0.9079099642487191,0.2692611976245617,0.23758676250586663,0.11391879204378175,0.08371692781299277,0.07676508518211264,0.07041656372710024,0.05481376949936625,0.04771230775183437,0.04258606688924992
0.7848888850462168,0.4264671388599758,0.27943499736578054,0.22440498267588757,0.14509299302717393,0.1422426913526803,0.08564385197552657,0.07929341993032725,0.05763016391704542,0.04092679847412184
0.9542136017985171,0.24247234256768158,0.1199685896656421,0.05709331665973748,0.047021849152855115,0.044206858677446025,0.038961845483147815,0.037335683013304324,0.030327240631525403,0.028374181611898766
0.6674038389152216,0.4454803654824753,0.4280513742653785,0.2857038905948937,0.1905016008435671,0.14328588533188377,0.10560900648316258,0.10071710020625436,0.048874283116447904,0.04880708984980038
0.9916182682517898,0.11395186522825487,0.025780759617231905,0.02537624957313257,0.022948573213782898,0.022637530065201635,0.020548010851392576,0.016986113215342314,0.010362759368773655,0.009624361308040895
0.9851354560213692,0.12000192943367918,0.06387784538286266,0.05640020590125801,0.0410527289662463,0.036968959610990136,0.03605986409064105,0.026140500831167753,0.022464468924497345,0.021234185252016258
0.9863233570847975,0.12936532903609124,0.08539867064429965,0.030936427679731524,0.024441928948455042,0.014468014089665443,0.014224385360681045,0.013835993557920043,0.013243828291537866,0.011187861797259767
0.6895644159383438,0.5098877674466844,0.4090287498814521,0.16085920318881564,0.11342218176531059,0.11016941060622863,0.09261030080201349,0.06567798031719133,0.06326089808623167,0.0597517179227472
0.7350580240014027,0.6587609638676714,0.10227918669657196,0.07165183272366046,0.0466548972508108,0.03451503811331799,0.031126340805959794,0.028943231545382538,0.027700104899618345,0.02514436117399464
0.8279760483298992,0.3741048479688966,0.3652054189238197,0.150635652055516,0.08135606556882803,0.0486194647691946,0.043598422810480646,0.03147977342679526,0.02808418081660601,0.027509082797821653
0.9733636589298316,0.13635095197039188,0.11588581242132118,0.09235142049186856,0.04852707517410581,0.0373759588589698,0.03204426415789515,0.03182235792999296,0.030909689355287373,0.028046961865884876
0.9179205454222107,0.38530714558104723,0.06154487231942063,0.02768979087669502,0.024696107649893165,0.024336015726143464,0.023324659491946502,0.021773441589361977,0.015897558352823603,0.014158005014617649
0.5703871104672162,0.5284575939916302,0.5005734641059515,0.2542978401604624,0.09819471538504566,0.09460151697565802,0.08638168842239308,0.08285378433214194,0.07106466599988134,0.06593984172178231
0.873403626934867,0.4466563453557607,0.09293698268675568,0.08064534326743443,0.06740556404801165,0.06485894977129336,0.05126477514761357,0.040302138305140386,0.037992422199730716,0.03486357256753987
0.9959217808959332,0.07864221618216957,0.023256039711707924,0.02268539594968002,0.015058097538522882,0.01133280330765026,0.009927267645240262,0.009157952648628023,0.009006425540193104,0.006937753374766617
0.9706726661065733,0.20157692424951373,0.10331248066216171,0.052982703971981016,0.03142696345543243,0.02476388503706901,0.01694066757911814,0.014734701418667059,0.013375544485200194,0.011102154676846873
0.995121131962396,0.07987490450602489,0.04376262820711334,0.02324130368018561,0.015091327879951457,0.014167962378715728,0.010531164220175289,0.008515414044712932,0.006914364685011146,0.005532596711331377
0.7477005419862279,0.6474412184643302,0.08379329599155932,0.06277286691717181,0.042405658599888645,0.039675767324456004,0.036111749051334796,0.03254507802559155,0.028524122549080568,0.02848204207872114
0.9962995008703379,0.08184006802362542,0.00908883649960534,0.008994498922888384,0.00784503355812145,0.007793862332921578,0.007389671791063992,0.006590506983467264,0.006188124524848024,0.005679253460612216
0.9960484513052048,0.08222043356518119,0.019668716693794493,0.014196848685856592,0.008950457056561497,0.008557976332054754,0.008072372252669624,0.007319417254951871,0.005954278248989862,0.005685365985377614
0.7729511530859228,0.4835315758086406,0.22232916891438573,0.16294449377572806,0.13346498966443188,0.10816559315618683,0.09054707289526322,0.08657785986818332,0.07754504471497124,0.07272322865366869
0.9866817094569164,0.1469755007372357,0.048995652912073986,0.025486697461916227,0.02314435942897662,0.01920878035988841,0.014743086730786741,0.013634147966170473,0.010903010656156623,0.00846572410331854
0.9934309983863138,0.06816824844975221,0.059089433310728384,0.03980482894888399,0.03933099346025893,0.0245118640491312,0.02208772059735092,0.012841467386558713,0.009946978117730198,0.008613767037472077
0.9726323318170198,0.14008867703427466,0.12316033901756893,0.07536363004371646,0.0727780848861275,0.052179246774286585,0.04651173779941639,0.03674967707650025,0.024583602481524337,0.01599000952428578
0.9281414896932217,0.32368992351658515,0.1006118679678796,0.06942517607696296,0.05563014666229952,0.04164329312592832,0.0390737209212373,0.036098628165448204,0.03195247842497779,0.02897355837018976
0.7197232152989809,0.6355577713783237,0.21514486129390278,0.0951940109492938,0.06258155456885,0.06096941247291536,0.05693663408440514,0.04936898264009781,0.04491867512908502,0.044419711566186945
0.9148355777990645,0.18996606514400344,0.15309162263133833,0.12867917919829802,0.10548030366900132,0.0983981668291762,0.09554436948242327,0.09480563700132885,0.08036596781893034,0.07445700731672474
0.990105297621188,0.11842042157772324,0.056006165929174984,0.030641514404934688,0.01914112522023205,0.01739311389151392,0.014429987219245224,0.014374738103449391,0.009235150659637445,0.00904381011232202
0.9780227222870703,0.09401916808860926,0.0724005503124574,0.0667673920961939,0.06331567844214818,0.060602162637265526,0.05875666768868532,0.05839881769045967,0.057506483522674116,0.03313359873377739
0.9145911496044341,0.29767989951546253,0.16261772661386917,0.1260018181770408,0.12342884536676103,0.05903100616154708,0.052148457706649574,0.036772221102303,0.036583306198601576,0.034021023853789224
0.9869678175621237,0.08755435548461059,0.05611323201608872,0.05360013668720732,0.05208275448017103,0.04630807413021921,0.03908299166337274,0.03280847498644204,0.02674416516441191,0.020716639975790686
0.8743929959661547,0.43096715278685377,0.1216784962842154,0.09919307019392344,0.07296761821760962,0.05902046944839796,0.05708800589703892,0.04736287780006025,0.034836675763379774,0.03120413692555525
0.9947180151812922,0.06213868555856625,0.05860615692931874,0.04302308378184392,0.02116938934540421,0.013039510139936056,0.012851057278401854,0.010906371107245877,0.010844032582792047,0.007256665765866116
0.8974379213958871,0.42759854073216574,0.05924374753681907,0.051624939361943054,0.033225910561144684,0.02764581842182166,0.02722027554532356,0.023558232291650057,0.018301035653522514,0.014301711616869408
0.8817902291393888,0.26946310363667497,0.25427183475178766,0.21352591262909004,0.15249933941663296,0.04625974850789826,0.044200449874234236,0.036037151120534634,0.034050880901716825,0.029507871156705726
0.6439176405273681,0.5332822489810265,0.34311471145315026,0.28894953106372234,0.12314927449075873,0.12256536985527695,0.11699934952993823,0.09972346469363695,0.09651590096034526,0.08319128316341633
0.9754883705386193,0.12047456460604754,0.10563681802340348,0.08186106600761987,0.06796140785097911,0.0662072665229633,0.038127808316357786,0.03401117652784836,0.026352127400694494,0.02588394100669217
0.7224345784905466,0.48025317926527816,0.26574708993875057,0.21401449359188696,0.14622085972382973,0.12903925688983484,0.1228192755969813,0.09353465599247603,0.08757024086981563,0.0740673307139141
0.9473970096744229,0.2746131957844875,0.12790716459646806,0.06708684217885817,0.04567376173877343,0.03524711511557601,0.02754246323540069,0.019865410336530498,0.01774403322372006,0.012143184608895817
0.6879109735756369,0.6783126891169216,0.1534111733130058,0.14515103342970448,0.07549882063651842,0.07027029479181267,0.0466594301943627,0.039054620314093805,0.03174087230101679,0.028366830600928792
0.9963531761150695,0.0660800360485095,0.036221560726395194,0.0194357959594332,0.018017299446168207,0.017694646869650353,0.016208971226390475,0.006813777661425362,0.006726545269535623,0.00649617977636041
0.6624268652794091,0.5285602740795209,0.4874196916758235,0.11849079586574347,0.11812038375775658,0.06479150152887217,0.03852922130852103,0.038088800619968666,0.034222791326300926,0.02843023374983781
0.688013485243416,0.6877867184104604,0.1662477556033372,0.0735223478141538,0.05891920228489369,0.05376038604330992,0.04411197917137767,0.03745590338114125,0.0342533741303261,0.03313867658589909
0.8407953509934738,0.41797854090244896,0.31323778303413896,0.08001776451364616,0.06620367137890425,0.052263932520300815,0.04070323125012357,0.03151055929989108,0.02918383779086807,0.017871459544895874
0.925598803118484,0.2757364670011042,0.14324501368034154,0.0982709235216864,0.07514573922049426,0.0748645552871198,0.06794757713060773,0.06538235844873924,0.061074792302547955,0.053333179330800624
0.9314487061998342,0.20760517902157768,0.17052084145461466,0.1313718999697457,0.10055626175251874,0.09483031232688967,0.07624281162121424,0.05955846681073792,0.05854165579051331,0.03378655485095312
0.7219293978792668,0.5080400375369293,0.32620423390881503,0.31061488064313203,0.05555840917252856,0.05496644104405826,0.04636363095796168,0.03235830307944464,0.027774225373710423,0.026916018939335474
0.9809210203247551,0.11620353660071142,0.07247204182248361,0.04959389309500571,0.04714262161971792,0.04686094979965161,0.046650080686459205,0.03647737149204712,0.036343101671620526,0.03520795964411396
0.5949706512361436,0.5361649794153743,0.33617804454248507,0.30491026288673423,0.2100072723159092,0.157030170114353,0.1533087918496556,0.13523991203715538,0.0931046179708904,0.07038532171016317
0.8509186398597018,0.35366145973872526,0.31301877357460867,0.11428221093506011,0.07704870901062094,0.061362652458367695,0.054667905916071645,0.050078016132721795,0.048458770469555795,0.04816853083603337
0.8304187214320992,0.39097152043331584,0.21540320601042942,0.18444905595647176,0.16679722804872454,0.11184510123245091,0.10141740333658543,0.07853213526575788,0.05887229338828987,0.05141641363489829
0.8485577544765769,0.45388992831649655,0.194091950391099,0.1291142839185885,0.08630102079575877,0.05448943489273698,0.03926118942587363,0.028731696266854453,0.028453947734062283,0.02775244829322215
0.6957556270533779,0.6819785152404347,0.1544571549986941,0.09081452127958384,0.04561129553300541,0.04230238842769716,0.040897757603825066,0.0372373213412991,0.036761550556234736,0.036147005498203336
0.6731279916544017,0.47336706590641175,0.3673679285810161,0.1796678760495055,0.17701205291348487,0.17365606936060848,0.13524539031158447,0.11233349556219856,0.1072964260134717,0.10654499586293138
0.976749603690183,0.10759121018500467,0.0896882959073985,0.08460047536508632,0.07361501867547698,0.062285671785104545,0.04159265645682004,0.03602166144124937,0.03353853783381836,0.033246260768436606
0.8766781851087617,0.2983276877651075,0.26661136268441343,0.1337187089258277,0.09728475675691328,0.09254629346346722,0.08293345121999958,0.06806024484828616,0.052548538080226394,0.04796185950841885
0.6390095889417968,0.551891201874197,0.5097388049447258,0.09302840511947351,0.07517986978991309,0.049983694751142414,0.04009563141028263,0.036790197303397054,0.03036601971690827,0.026844163965014236
0.9957595313635687,0.05970029819681154,0.04208710505510327,0.03672335822369288,0.021570979489691125,0.015067068788068383,0.014150970489667613,0.012192719750616745,0.011777507288743595,0.010652885712734674
0.9500258673480999,0.14419839946174093,0.11975952930979426,0.11128031869541888,0.10046770904846844,0.08906312992148001,0.08551105154610467,0.07701602382200877,0.057359463243320655,0.05657456040469452
0.7687183422937474,0.40735384975427796,0.21400915113195534,0.18935067711026102,0.1804488709022427,0.16855806019585615,0.14281016303369565,0.1000469299466557,0.09733802064767841,0.09238118084009633
0.6122331467064942,0.5439765547663284,0.49808914055604575,0.22320442873470855,0.0842417462795606,0.08284684922438382,0.05694175572876152,0.05350220923012374,0.042069332241908654,0.04028279677234959
0.7926302540874794,0.37921050854226496,0.23440997886467227,0.22110300986890447,0.18335856874155407,0.14339372019643204,0.11429011313947843,0.10758226127351844,0.08211264249105511,0.06961259518007366
0.6479172361383021,0.6011268093175565,0.2450590267808702,0.21768003193382995,0.18065279306799223,0.160568651009061,0.10143635697687325,0.06918056504450304,0.05866439789442373,0.05412296240254945
0.9769684670577174,0.10529389931717645,0.09742702928638143,0.07673380668563227,0.05125638209021102,0.05094323518830816,0.03861682682347842,0.03793818718385302,0.03235251721727761,0.030005999104058514
0.9738346483077981,0.10743058923133784,0.0995185724049034,0.08047145476450641,0.07580069752599271,0.051570060384669984,0.04159120104877441,0.04021041918851693,0.03877256047761143,0.037829576322837496
0.9087771154389507,0.3487393190548086,0.11865545896995132,0.10852958767722734,0.08629758120490043,0.07879754242797743,0.046139781384766834,0.04560710659381292,0.03220413960056934,0.027489781786829707
0.8028245849966711,0.32956995867136407,0.28463967256406625,0.2230856423775331,0.15285481728761396,0.12941297014625314,0.11180864190137772,0.09678568258647587,0.086990436318874,0.07421937325451945
0.9537302476044401,0.1821957109918377,0.12452629334724946,0.11480880455566152,0.09014754851526456,0.06706404615828566,0.0493595209320852,0.048706950244555076,0.04583404741140055,0.03127217220467494
0.7801204687656245,0.40121594469458544,0.3090774792750468,0.19607122995856816,0.15739665961300198,0.12970303517377516,0.12085423531570444,0.10923625042874047,0.10124604189912952,0.06094293481208025
0.5264286869176288,0.5079683711695336,0.28523887727886804,0.275266135256878,0.22544504548286343,0.22524097395646336,0.22364192760312612,0.1816917141309985,0.10865939013241316,0.10846826290576521
0.6604049787662434,0.606322649327035,0.25066270627431503,0.2236560772542002,0.15232468871110172,0.11813142572042981,0.0992898978530645,0.09343538985172298,0.091641366900709,0.07043924151648956
0.9823646239789977,0.15000241206326184,0.08824853104476314,0.04035692557592916,0.03168464036321354,0.031041825850921547,0.014360102183570868,0.013855102909872257,0.010956605979445819,0.008306553891383302
0.6941450011043504,0.5990332986436913,0.20572587016343627,0.1564661379499373,0.1551059681400405,0.1465714896285151,0.09201908586012925,0.08687435344895474,0.08527974513981493,0.06211370145341762
0.5964128564369305,0.521647000101933,0.27532095976673526,0.2604504276036871,0.20889292686858452,0.2055624414766564,0.1716185182732617,0.1299209775295171,0.11323513592152853,0.10293778956999858
0.9691641980450068,0.16757590910268172,0.09371881192142675,0.08328205093433373,0.048151745104875625,0.04201641100307724,0.04131044812782072,0.04106884003912763,0.037364143394766715,0.0321153130526906
0.9655454170409469,0.20454478338334794,0.11070312817065169,0.07338681124938336,0.05817207265293083,0.03788319624800591,0.03434347781118028,0.026735863362244806,0.012106371727959747,0.011881799411310802
0.6291643348703059,0.5419181708679432,0.36236945682281346,0.16715285134339566,0.1623519039736429,0.13478117454266253,0.10981979066178427,0.10216290722437751,0.09699345468108755,0.09082187311382005
0.825040804791358,0.2823367249635199,0.24187367383178568,0.2254919039869612,0.17545833006018768,0.13462469917126693,0.13401528767563506,0.11354232514320409,0.09882355812761107,0.08052825558003965
0.9369268313534116,0.23378904127580658,0.09530469141362888,0.09305369325171856,0.08536673185941106,0.07868348648421311,0.06916273546772336,0.06837207277755443,0.06739997878338376,0.06532780368480706
0.9767251942100471,0.10973993450921306,0.10044748109569801,0.07167399864998379,0.05930185668393579,0.05611067191632093,0.05438513055949008,0.03174812764351135,0.028802644705947116,0.028546259974288255
0.9925131983537968,0.06842046179809423,0.05660268770767093,0.0449769475701962,0.03150131285580154,0.02930827563526984,0.02865624259195201,0.020678857674008823,0.01949686485050486,0.01852520172777454
0.9698198581942912,0.19332891093374635,0.08320821355383115,0.06841134093194771,0.05970543560601778,0.04114940375649953,0.032302449444872455,0.029881034433544076,0.024108057882776868,0.01950934474115727
0.9815704109160283,0.1464039779011186,0.07138504504722633,0.04661706804906214,0.038942020362574034,0.032787702780054974,0.02948417970460298,0.028794236115147632,0.022075452172956138,0.017870886378189392
0.9942827455247673,0.08736478850606118,0.04683012321515253,0.0221867531966163,0.01912076253124474,0.013900284789758037,0.010701829086683493,0.008403432739441993,0.007667062392096873,0.007425945427744474
0.6656387510564084,0.46964920081585837,0.3920542462569043,0.17895419286386655,0.1563158199755883,0.13485407583590855,0.12336503469943469,0.11152133879275135,0.1061444901982473,0.0973093440565528
0.8147143263573982,0.40034707033299693,0.35717767978220527,0.13716088592104483,0.09182761500706163,0.06276901891514586,0.049977888857117875,0.043015625273827,0.0392989152163244,0.036976358879700646
0.9919951516637294,0.09312677585340759,0.06450451667869815,0.035629228393833874,0.03197567676931939,0.014621662782248145,0.010485212679179814,0.009147196805109444,0.008073296493897989,0.006555164303766197
0.9813750958453807,0.10751467605998803,0.0924726308144711,0.09134473366911416,0.06386194338234928,0.035220080750344156,0.03191417482772758,0.027269093841312767,0.012850737115235005,0.012289571328509571
0.6802550240675751,0.6378360403089474,0.29014519272151845,0.10012664687554507,0.08881064640217601,0.08061840352441789,0.07954384797315371,0.07760670488842603,0.039964222788520416,0.03154928136640387
0.9320814964170082,0.27514427641813716,0.14897885874634864,0.11868154880950232,0.07616903778187634,0.07350920725820317,0.045937246540764046,0.036615565987962034,0.021152343834772356,0.02113819400586222
0.9846043238715471,0.12203519894624713,0.10970507347003602,0.04986299983754155,0.01474147674877498,0.01411877775769147,0.012150669250131625,0.010610791837611211,0.010103686705575944,0.008125616773526141
0.7119833599394491,0.5926377253559173,0.2490729291934018,0.1536253579414166,0.14517661318290379,0.09744781991206113,0.08018767462017054,0.07515914077558464,0.05447360820585794,0.04144093970030341
0.9023451935017648,0.3031716902584865,0.23523330318256225,0.09087192706549202,0.08376562381235339,0.06709131872689651,0.05738592275873435,0.05510226474388344,0.045117434274604816,0.0422870374889478
0.8784716479467323,0.3351348631106429,0.3012671100222697,0.07723058982008289,0.06756733931080701,0.05548828367056343,0.05240522872908062,0.04390440877736508,0.040325996740266976,0.03266724498523351
0.9425790889796645,0.20372860377267177,0.14930475009962724,0.10921925825001041,0.08281420328583573,0.07479113750845132,0.06084059487785404,0.05184522519224189,0.04521842447884165,0.040576860571775404
0.6692613173348964,0.646859084444827,0.218032669980999,0.208386027538454,0.17927694651828716,0.06846447550738839,0.029166124292546763,0.02419099778014991,0.0224460839518012,0.022124671588632742
0.9961333764236437,0.06400530244856062,0.027331261724461035,0.02476449782363885,0.020877144617924025,0.02070613385500487,0.01950480287995022,0.016919882352799145,0.015771420940475518,0.010226309909886915
0.9651400637834644,0.20370366591319636,0.07003113368292699,0.06490815372608758,0.05346447690549422,0.04525119100274856,0.044532090760476595,0.03791720846084653,0.03736067052285181,0.02942208396388399
0.9934158613475252,0.07757607922507619,0.03479767068499041,0.03172443308079903,0.029402036679877425,0.02880402459668887,0.027628028088806076,0.021771276722901762,0.020580154805339763,0.01906422270072395
0.6291088169820582,0.5389530044171033,0.4832257501076483,0.15543275577242532,0.10664969483352119,0.10231518749836718,0.09719914269411967,0.09049400212730176,0.07951275313324922,0.06146152525820369
0.9184492391063149,0.17188035124434164,0.16347744383129506,0.1378492011039903,0.13260622852215706,0.09150339640734236,0.08619521910660508,0.07765078769670372,0.07620742370065837,0.07494120454224495
0.9201248503125425,0.2646209023333184,0.2642909254042763,0.060689537241176574,0.05390535871227283,0.041245481958939616,0.035879212548515914,0.029273923079061164,0.01664747760318835,0.015072732584759534
0.6348819793324626,0.48151121514294065,0.3438997001002129,0.2979748184202095,0.2733645720395981,0.15997344577033107,0.15759355603201491,0.08623464679004389,0.08484053070828461,0.07748605949226682
0.8481600642540834,0.31188992316896563,0.23855072548995332,0.224906326573867,0.20459688945553217,0.09855321763546664,0.06968765726095934,0.06222674276125286,0.06127882079271707,0.05856238677411687
0.826893064137977,0.35986912553613826,0.2988568887142029,0.1596366868063286,0.13604097239433224,0.11542667905048426,0.09486159338095858,0.09403922170108328,0.09155473780002947,0.054365470407951845
0.6349841121267266,0.4532171163693575,0.392125405865381,0.2491232532240106,0.24119068675513264,0.20348952301858614,0.1399322098848676,0.11200927264464638,0.06737537282052031,0.05979074276438382
0.9919340831065753,0.09590449286991468,0.059599212320721434,0.04714807153327698,0.013027818550044265,0.012049795480198916,0.011558711636608677,0.011143731671979231,0.009707461189707983,0.006304689747215305
0.9339931139509347,0.23318951551807188,0.15012317023007626,0.1426937301014728,0.08546967205979071,0.0669229377250587,0.058042542032098195,0.05093642091123741,0.046370258650751374,0.03723380292450559
0.9917858171759718,0.09815498791334344,0.05960763876531084,0.04714826948310806,0.013156962675685415,0.011985767945874052,0.011863934197018313,0.009707473602509474,0.006168433687603323,0.0060644978047148055
0.9944293391579678,0.07066497037204371,0.05747097734882029,0.02752466307031252,0.024231566089468727,0.0230995974969389,0.017458085766605232,0.013591523938307658,0.011662620583911109,0.008906214192945065
0.9937734238930076,0.07086587274388632,0.04544224943213937,0.02987882210885078,0.026656854239854273,0.02582741056567455,0.02255594086498384,0.021533117337877387,0.01854116437721136,0.01703067605641389
0.9368738338570065,0.2468873088834342,0.09229975111586389,0.09174681701741404,0.08926112137546369,0.0830702195164628,0.08212856230955827,0.07822948780527696,0.04437039799079295,0.04207879791010923
0.961807173231096,0.1246548027339031,0.1091543873644072,0.099046064510586,0.07473819650074598,0.06510681312960208,0.06283632547939846,0.062106184646732523,0.05830320731653781,0.049264688116556196
0.9565253937205427,0.2625490847378569,0.057525964674635714,0.04763325406591732,0.041394611587613185,0.036069858154767126,0.028923637508373984,0.026508752104716753,0.024869454049672477,0.022833534612989433
0.7662794331327935,0.5295380482048415,0.198846578988171,0.19481619362614722,0.10240385085245113,0.08768416017563135,0.0875491162391742,0.06663755594744887,0.06294620730882437,0.06216601272871957
0.9884342618220386,0.11236525166592598,0.06252360904836446,0.03407617004929872,0.03245885143077983,0.024160133048183322,0.023465225881199443,0.021469269263304606,0.019491037238098193,0.018395591893385868
0.6394074656815129,0.6131484269016279,0.2975530695704744,0.24975552916415628,0.1149299964757812,0.09837402955733834,0.090515460544273,0.08435586662467275,0.08242620209474248,0.05384064144961479
0.6759975957324244,0.43395507217943785,0.3249100145969169,0.2667824922715128,0.2021526663076334,0.1686752321799142,0.1543416462751382,0.13837267435362346,0.1034230807018385,0.1001469440711773
0.9733992057977119,0.14077233357318325,0.11490083824685254,0.07563290637638594,0.06789855002216375,0.03825986833284654,0.030604377445274278,0.026583726889995003,0.024469679901935687,0.023560667096351098
0.9922142141769058,0.06979603610830797,0.0607621404751285,0.04064261204760428,0.033042803406672115,0.03178385830794223,0.031612269019073616,0.020967756010837394,0.020738990077852314,0.016854473721356254
0.5701315364810177,0.5397210931244365,0.3900884866542314,0.3334554892549017,0.1820087849170824,0.0994533193600111,0.09532919650487848,0.07869942712815058,0.0680691039597691,0.06496833641787737
0.745962047630883,0.6481947325621242,0.06280779915210372,0.050959373321568725,0.047703903648862435,0.04500940864771165,0.04170499057815994,0.03559086919768968,0.032146871111680304,0.029438913303184037
0.7814154408714493,0.34353298724583825,0.21449357895436008,0.2130248168754972,0.2066455645477979,0.18061839321753034,0.11837636790784847,0.10590401560374667,0.1032445551109731,0.08660372673697452
0.7061011090185414,0.7003578247073708,0.040449589798739985,0.03804130834281419,0.03340369460591622,0.0333851466146794,0.028439828681255136,0.027338862906861747,0.02318279267333282,0.023057176040717522
0.9484786708610417,0.24128901881613515,0.13339443913822727,0.05922926300121905,0.05540323485762638,0.05107139643601644,0.049428204526784245,0.04887652971045902,0.04669932142104792,0.03572695333157177
0.48637236987891524,0.4832088123533422,0.43391061750176163,0.34913647146872556,0.30304343372110243,0.14710874152554626,0.12284361645977432,0.11488310756480495,0.09554970733942628,0.08667875243338663
0.7533072297118123,0.6478380223629309,0.05619772682728027,0.03519297784326522,0.03137332267587599,0.03006829800428499,0.027801605270580638,0.027561600789415212,0.027084953626894746,0.026688595613050644
0.7021906061849799,0.6848696750523675,0.14535250153999832,0.05732904500284181,0.049100017109374436,0.038303772974291356,0.03235924888661828,0.02922733829072319,0.02895935089962836,0.028555055102266715
0.8976363949346883,0.2565975311609479,0.12859081119089608,0.11257607643793892,0.10451443132660201,0.10359848948952352,0.09532958680143151,0.09165424528777152,0.08751597024458321,0.08437026859039126
0.9942153777645757,0.0697715445003048,0.05969450286650089,0.03200319473789853,0.02554972289706601,0.024283631814410886,0.012116510285376988,0.011603036502647497,0.010059149924649588,0.008006603350279591
0.9940876558958105,0.06920243757412864,0.05971334927418038,0.032430861332457074,0.02559886848748942,0.02434846999469772,0.012184890295652466,0.012132955186084744,0.011508146404725524,0.010543539826317007
0.9311856559629429,0.20183726812817893,0.1973838930808142,0.18067591815858136,0.08349078387366372,0.042836709383435326,0.03673374923958724,0.02853551582488369,0.02837540397544041,0.027694236262634123
0.9557140421056767,0.2620788761431869,0.06676372079673508,0.05333798732534152,0.04447537735774975,0.04094376020608546,0.03818371180559591,0.027834810150724303,0.02534633001838418,0.025305031997540996
0.9588728043542254,0.22505545517415662,0.09107579977080349,0.07194305110990865,0.06908165624535763,0.06436766751244209,0.04519055470126149,0.04127149809791141,0.03168098207107084,0.02335671600724353
0.9957418164053331,0.04499122261203041,0.04326719109400334,0.0415715083542054,0.04154720268234476,0.017974280493148264,0.013946743810033281,0.01377816458628488,0.010867300898073657,0.007836238554917276
0.984514522359635,0.09168683104846101,0.08007843102973425,0.07215745185828415,0.06532728192578831,0.043966895892823085,0.0423798493228718,0.032885604659960696,0.017608656032148114,0.0162339800339637
0.7014889400720011,0.4616391208167438,0.28263585358809445,0.28002607770060794,0.21215861499038707,0.20397747755180398,0.11492619647472278,0.10186794298183807,0.07212867687335335,0.07189307963618523
0.9900180803585757,0.06672038480521804,0.06426206962691364,0.04976891980650226,0.03772506822504426,0.033581084557588514,0.030788376012664577,0.02897864554832756,0.028355917673922607,0.02232101977848438
0.95276432949794,0.224407386424965,0.16195617088362657,0.061772681558094164,0.05362604904146034,0.036784094439021815,0.03245668247055006,0.02860584336592174,0.02670992383060664,0.022445774284270695
0.9944073975184647,0.067526953945265,0.05051546553487381,0.03107904053724048,0.026552345383940513,0.02450214881124823,0.019692292018543365,0.017824825478365343,0.016940673355990202,0.013570392337202393
0.7048918879105186,0.6858205816008138,0.09009773355136902,0.08251971507112568,0.08075273930959606,0.06309213002932017,0.031249960444363886,0.024320656840266214,0.023927259185480425,0.02283156870947535
0.9931795051796444,0.0687186728728966,0.06791762055722818,0.04053976300158798,0.026721392943049725,0.022709629849826926,0.017989512015618863,0.015367854392162794,0.012636654498676719,0.011172390985867673
0.5434211028575157,0.5367606891449394,0.45372166728644864,0.33096760662927227,0.21327390135224006,0.16564224878884778,0.07859651014153649,0.07133813920069443,0.05267967652852841,0.052578397016185184
0.8232118039667692,0.41185767036894294,0.29686203987105936,0.08264215974293906,0.08146141111263007,0.0753663888610375,0.07010508501072633,0.06422284032057453,0.06375302592653688,0.0619010144035724
0.8543569072599767,0.3811162488578773,0.13537080364548662,0.12801955628398665,0.111531588185253,0.1028391378880604,0.08715536242267703,0.0848015785426605,0.08459998859002596,0.08147911938935216
0.8788980550258346,0.2606340851289694,0.23938550740854195,0.20136719353259333,0.1149403547308384,0.10578113338521566,0.07330257922031827,0.06757076487015314,0.060596939799432675,0.05628429067842301
0.7237679332232104,0.5513451306903357,0.26635349573272193,0.17465371845239716,0.12671874294086694,0.10572484036205314,0.09396119747844178,0.07203986780515612,0.07020582319691668,0.05970656343577117
0.48620519943064716,0.45270338382428976,0.4269268241803709,0.3701648533359874,0.30426452283326166,0.1966215572224529,0.16656864830914808,0.14903733312965284,0.14477974961941276,0.06650720180055103
0.6811554006960597,0.6248215248182512,0.2318181031934213,0.14694965272683044,0.10489728005784205,0.09816202420831487,0.08322169927308086,0.07820688620025978,0.07533170951153587,0.07312864764960843
0.6107724708428423,0.46889645384370165,0.3901211933025156,0.2881854600893574,0.22934005942986307,0.21031035824259317,0.19815331092080532,0.09817935599933611,0.055213606098110685,0.053643728224731776
0.9464554868729574,0.2399337987938036,0.1066112899577401,0.0848292317764873,0.07173035627143746,0.05883574981423642,0.05226261069998177,0.0520026429548601,0.04754610873520755,0.035445452120680315
0.9991069249136718,0.024794118389100825,0.019907382407026327,0.01782501204095523,0.012040701390922675,0.007556314985780107,0.006360123028832796,0.0055410806491117464,0.005447940422505746,0.004168907639972419
0.9995675644666265,0.024571130248756196,0.012070683033117098,0.006129611323458673,0.004185550070064748,0.0035098283115971443,0.0025340616381833115,0.002312159853146173,0.0021950832816636295,0.002078915569618222
0.8242483920374277,0.33436932753846155,0.2765458743027914,0.14824238943356283,0.12708237200697392,0.11635250783391217,0.11617609811110795,0.10464233604715617,0.08159396439885014,0.08005590646849052
0.714065097017101,0.4989470924103884,0.2636530247841948,0.22122424353528441,0.17784737404834422,0.1671545260555226,0.1397168713544437,0.11305964161244547,0.07856296193326259,0.06270803728992093
0.924262721085704,0.27163248488433633,0.174691621970176,0.13455026677104046,0.07935708614862166,0.06922105017827601,0.051286564236194,0.04747308912811512,0.04008797729232683,0.025367197816890168
0.9708239274087684,0.15437155754826726,0.0945909069612977,0.0618061874620875,0.060648071366219365,0.05766545970574419,0.049273498601858326,0.038266586869787726,0.033271779882632205,0.031056658241623385
0.5450914866324224,0.480814474339836,0.4532046336942691,0.3481957278511223,0.21211251515234575,0.16507781108520034,0.12120360953876823,0.11603785842174896,0.1026218023765221,0.08310819630769362
0.6159319019755078,0.44366896028397135,0.4166387290102483,0.253004307871209,0.22204011393140527,0.17569240481054216,0.15924904361270356,0.14188695517768007,0.12934101966781403,0.12617863560691625
0.7950959798507924,0.3935574720234426,0.2737769411584632,0.24477902328853265,0.15150694958682798,0.10807925251536762,0.1039467728306632,0.0563404337005765,0.05329002622136646,0.05306038626908467
0.9816639925196988,0.15501536141723432,0.048640672301085756,0.048137795332106874,0.0473944936802015,0.025936278252104383,0.025485863937233406,0.02358911819095159,0.022833838918122493,0.021532527991185952
0.6988976481910315,0.5559971910154273,0.28547210082955043,0.18707535552298815,0.14308250225548302,0.13974453607746354,0.11691007203887109,0.11143764663097865,0.0663930179381315,0.05477547896999812
0.8747339134079724,0.32116509637983565,0.16714550121854632,0.11829047795128696,0.113236480883036,0.11234079146734281,0.10825214860888314,0.10541444595323018,0.10018467290443057,0.0771406136854343
0.7624613629204349,0.34904397926039915,0.32850133406515447,0.3263615478934469,0.20309264752254536,0.10363946324822132,0.08576312472221474,0.05940014750690859,0.047267295759173364,0.04506519005017914
0.935110195266048,0.2669462992449377,0.14552980164298607,0.09424912406814227,0.06132543107827317,0.05411038411703755,0.05243586169444125,0.041007348735402065,0.037590179861230165,0.034653585922422916
0.7476090022014975,0.3469560598703017,0.3022677675939898,0.29388123653250814,0.23615179959950564,0.1707443911512719,0.09218522452597028,0.08335665947827599,0.08131053201563541,0.07323212485005934
0.9223292492424339,0.29077297604425545,0.1956002921063152,0.10215501403473727,0.08421212753498013,0.04346216373098198,0.03837165138188498,0.03378791252095548,0.02966088388112914,0.028016616006691464
0.932238323995895,0.29068776475680935,0.1449053126474996,0.0805259973319331,0.07081004626631254,0.06113367053021748,0.0423422752631819,0.0344337352111473,0.03315823478115757,0.03228678848218144
0.9769027896760697,0.17510204583588615,0.0859469016363562,0.07177542815274968,0.02514725955235642,0.021738821596505174,0.020284313956313502,0.015315835131851257,0.011646263367049516,0.008531592161736585
0.9957258389429839,0.07341192306939055,0.04580470161239386,0.02059955227550859,0.010550178775686767,0.00861834581598735,0.008201141233410066,0.006082124577827207,0.0057577773086834845,0.005696410569474263
0.9882405033846982,0.06496804316770405,0.054696427744817894,0.048693396162996,0.0444096530865821,0.03861247207917967,0.03630078070657376,0.03504455949050313,0.030310997411820556,0.028795052934512292
0.9843868152390314,0.16229070431025275,0.028711348052087776,0.02457147164695727,0.023344692722730938,0.02218734885476735,0.019651238172441785,0.016113218648530044,0.01547370512771155,0.013640849669575827
0.9866628580648169,0.1500326810575973,0.028851420230859265,0.024556081565956702,0.023275315276808265,0.022518867574766815,0.01650961018167973,0.015538721202381393,0.013452676970739371,0.012835259590312904
0.9960006958965296,0.05639338309200174,0.047615598460153674,0.028800571316845203,0.021061029055196984,0.01779514009773857,0.01480386064741649,0.013164863120315846,0.010975490648151781,0.007979677249627084
0.9959288248105068,0.05650116425522787,0.050037140352788,0.02880616524383814,0.021089356825756782,0.017757189701715227,0.01496568236757276,0.013227741816516623,0.011143707263990239,0.007188963569860257
0.8774512749953399,0.3583550043825493,0.18341726248097162,0.13235872013246036,0.10023750840309381,0.08489292038769476,0.06210889770330752,0.05854180040837045,0.04846743276195999,0.042258468129245955
0.8057509644008443,0.35834799175333387,0.26487988849530647,0.20020083906367056,0.17619715784163772,0.13020943700903795,0.0894977996753458,0.0794751890382655,0.07137698609260062,0.06540115338861202
0.7595460548336052,0.6054624155559665,0.20677742047846384,0.0657537447418443,0.06338866559698739,0.04764474344639399,0.023902462826447642,0.02118615454284986,0.020825023959830057,0.014591147808634214
0.953330850108967,0.1671452502038529,0.13906100733473312,0.08606612583982326,0.07776890124307569,0.07120743845395974,0.055951033158079595,0.05549367499005494,0.054445303854462675,0.044924304760671024
0.7269696297058811,0.4903617953870724,0.3669442769744342,0.18113280500013645,0.13317268187952494,0.12415900975008572,0.09818214167376217,0.05829348676605477,0.04931378021555135,0.04650821960142218
0.9842107735439967,0.09894671296514924,0.06782463979068654,0.06389013918170758,0.047397765830553974,0.04626275734220075,0.045916977114853506,0.04187151988444674,0.030126758647107496,0.026321517911678964
0.9072723252236069,0.24967232610316376,0.23758216731369228,0.15950295165566297,0.10550929177732375,0.05887356792950755,0.05342634531342731,0.04900780014820644,0.04078677306929439,0.04060132626788973
0.6658438590409989,0.5438410148612339,0.2866060557349629,0.2816994388945376,0.2566901181316843,0.11086026078515093,0.06794933026146807,0.05733824633293406,0.047597999537453035,0.038664546997681445
0.8862308594686952,0.26967929796044826,0.25912841089942823,0.13339134052270982,0.11231466410506967,0.08666380517557516,0.06795279624681913,0.06259237949785645,0.06204173836303812,0.06176871423126252
0.8603735785617238,0.4089560248734885,0.17908580380504335,0.16173889944233916,0.11489992889663682,0.05806449096944097,0.0501021215539933,0.03839315038852674,0.033872736812871444,0.030329955676492354
0.9215714271840857,0.24706448157832234,0.2049519336779612,0.12986114861253475,0.11294930157442672,0.05355840441207256,0.04673790427555772,0.03799449974831741,0.03765073361606316,0.03553923863770359
0.9877397650790795,0.12863505597535396,0.05908685208652772,0.02928296588693359,0.024411099408058235,0.020174243652978187,0.01916655162720808,0.01742614740817225,0.015576813507261563,0.012489816727244507
0.9893577914720824,0.12432409182774233,0.05923633230543933,0.02942648742645769,0.014993625144781472,0.012659207417971741,0.010208895058291652,0.009031056696554357,0.00884339291053623,0.008796428274717398
0.9109413900313649,0.2742549381852376,0.2161088349522577,0.17990291654174254,0.0760328321579356,0.04396625337110724,0.034520863694997135,0.028097709119522585,0.028096538820001134,0.026424466985114598
0.6898436408483856,0.5687110574419139,0.34718732610205566,0.16041337499807434,0.1371533618642092,0.08983235825799303,0.06910057866018146,0.0675014707209212,0.05403065331458736,0.05065989740422514
0.6291197351613856,0.6136210960027071,0.3058745658083443,0.23858066037185302,0.19782126832988334,0.11159771027217771,0.06668536423868882,0.05250805043780025,0.051624167383819995,0.04992772562627976
0.9632373876562007,0.20835387911088019,0.08615067266406255,0.07308747460292436,0.06159867078271296,0.04422295725821073,0.0408987152267402,0.039525774089869736,0.035518490682364144,0.03087293868940708
0.6587312432472213,0.5994300261771078,0.31029979350788717,0.16256991928637904,0.15747983344354635,0.09627640788848522,0.09602001812423079,0.08065363588535322,0.06670420679463492,0.06464997666085825
0.6569654519620635,0.6011851032304664,0.27141090217793323,0.16570266681742762,0.1250964802828318,0.10324003523102813,0.10182007720574303,0.09986197371544066,0.08579190236237565,0.08121801142548149
0.9067812654480172,0.23941400940695676,0.16048284805049315,0.15867378343794972,0.10860030854484111,0.10158814513275742,0.08220006806598809,0.074273164217339,0.0719239240931219,0.06229985548451722
0.6046236289827168,0.5334880830406753,0.376157508857071,0.27670511299095213,0.23118549503907027,0.1857572916776053,0.1421929892056839,0.08300040239689603,0.0592211259811877,0.04701012291713232
0.971448290583921,0.1512031590351874,0.09990570095012638,0.07959548729450092,0.061202230373675844,0.05783409363707794,0.055406469765872865,0.05054002173171031,0.032533255683043036,0.02316919781199629
0.842226396355161,0.4276924384019177,0.15582230870625755,0.14079349307983385,0.13660235604583762,0.11019454010695025,0.07611331291145332,0.05165303671694238,0.048654801201297004,0.039390972084851636
0.7118902707298299,0.5724960123536328,0.24280251172308392,0.22209659119818684,0.16016299345337523,0.08686484971326856,0.0699604201656118,0.046739281153512814,0.04495130070292146,0.041616442629753274
0.7577893792468535,0.5615164809692035,0.24402760643800162,0.1394963362704534,0.09200342136019134,0.064741826999856,0.052553995888749,0.04785781327788402,0.04483780791625373,0.039515518406045815
0.9698711999931305,0.16628226029116472,0.12987809561299796,0.05445267624493296,0.04751703705490621,0.041611501588512574,0.037299100250539056,0.03439224364053968,0.03194934428470871,0.031883509924617234
0.8907463631531514,0.3769671120523697,0.1437332354920489,0.12987421225889845,0.061359436090125154,0.05517137293681083,0.053892573543809136,0.046201421929411395,0.03994749653650375,0.03878640914403914
0.6774536466779775,0.48687957284763134,0.43786643440566136,0.25074362909182746,0.12671124253721425,0.08649482736386024,0.07034528002395096,0.04584857799566755,0.045637621592396614,0.03972372707848518
0.651949589593594,0.5913364898179964,0.3293278347866769,0.1914163632550796,0.15310622296706272,0.10303095891422724,0.08453900274447695,0.0660289381783719,0.05848861214946552,0.046964819469591065
0.6180034940325617,0.550608380526786,0.438270525769501,0.16690473179299023,0.12446792001806746,0.11367685156575136,0.09808570099604845,0.09198343732318567,0.08288488623106312,0.07138620646273365
0.811664126227033,0.33883423729618595,0.29786261503723277,0.2162935567900366,0.14024279733442033,0.11959829960664949,0.09613014932382438,0.09307200955126668,0.08495241109352725,0.07479113720696666
0.6922997713797043,0.5485642182973011,0.2490817430059935,0.19555424422541923,0.15786475559982005,0.13338910114470584,0.10594092188369124,0.10115368752401631,0.08306605810897139,0.07630670417060484
0.9428730464219932,0.12886868450108116,0.12843694851840778,0.12561861943493288,0.12261528760473869,0.12251725875096289,0.10769513473988226,0.06450129135922844,0.05533272261933555,0.04852684119606857
0.814470853220632,0.4362706742094144,0.30809363745400814,0.10839291858417109,0.08034721122541376,0.07242167756897383,0.0666347185007285,0.06038413573637834,0.05773401995158268,0.049293895418790284
0.8861262466057035,0.2744193098213384,0.1544702799938679,0.13312111749071665,0.1260620664363406,0.11461601204706638,0.11052101684234046,0.10776529054531314,0.0875005067849636,0.08095046943410597
0.804576704386709,0.2904250373299514,0.28063740361719125,0.26633301471864296,0.17638772415372359,0.1238706353679168,0.10188902187851091,0.0870874534217695,0.08373018803794967,0.07234301392340614
0.6883760989457443,0.6244932596973571,0.21272694298306513,0.19310432776060443,0.15969249817844966,0.08104303087323336,0.06388176096943048,0.05919507411067863,0.036365510986408944,0.032844729228138504
0.9428447898459009,0.17398967962472495,0.13270674129188442,0.12631861770873837,0.1217148716220848,0.10749028085305663,0.0991108537374242,0.05580713855476982,0.02802874613062264,0.027476731930783285
0.8565108057067626,0.2963707046395552,0.23523318115000974,0.1730138362430361,0.15531722864404812,0.15047198325588199,0.12173707853554994,0.06788578250876161,0.04828942946690314,0.04469140306677786
0.9354052353943593,0.22766563247599075,0.20649083241156366,0.0924391908542463,0.07125836385740981,0.05999224761102299,0.050533860586822084,0.045323418183723305,0.028347074444505297,0.028028043207159743
0.8493233571598694,0.3476593637441758,0.17171339155286028,0.17137092842019122,0.11827057188077236,0.11406539049896992,0.10702448943764988,0.10437145578938112,0.09589794446968958,0.07356809794891234
0.8614876189819322,0.45745276404782453,0.11851067481469861,0.06966413716992229,0.06446399264173505,0.060668989325334086,0.0561861759267176,0.05097468136523794,0.0509142457788442,0.04427529018286739
0.697682008831581,0.4465579164123473,0.30055169828397743,0.2468024838429091,0.20436847641006725,0.10541092047049186,0.10505074858350288,0.10070939114507116,0.09563893364584551,0.09392779196901538
0.8240832102212483,0.340370301970701,0.2505365584263863,0.21832418036819165,0.18841177539268283,0.1444332790400623,0.09688427253197045,0.07008930432614366,0.06761785661452054,0.06295076855152991
0.7361493083945396,0.4695268515516011,0.2741922564370201,0.24774913165735207,0.17878448396045113,0.1030678166506177,0.09839487158968976,0.09709985472252912,0.09260453216339098,0.06294833482041554
0.9866080635174892,0.11783492526445927,0.08531664784692587,0.041583414526780674,0.02782696322542834,0.025333119400218013,0.023217710696220497,0.018812699248115645,0.014533433916849694,0.013352498148675458
0.8639531029845453,0.23990037403271933,0.20536034808734963,0.19699592374216607,0.18555914859726916,0.11021289348274016,0.10910929382031737,0.10080048360569738,0.08772422674771538,0.06540187855693455
0.804370749472539,0.45583277639108466,0.1633057895711684,0.12205149268561208,0.11406204823246945,0.11252037429366879,0.10141487421834842,0.09782978188349868,0.0883960041889032,0.08161128203987175
0.6128659345374736,0.4768379350594104,0.3556664990011736,0.3401566805724518,0.16344885828144715,0.14675111443456404,0.12352542824810919,0.10878751387696131,0.10737241171561573,0.09094744492146498
0.9957163790737267,0.07934813178801886,0.032221047642615776,0.019006124445322584,0.017841888074741692,0.008176941013563878,0.007498138005661178,0.007077467799875656,0.0066280141996292305,0.005938482030653966
0.7418286589731524,0.4260507157737197,0.3626556061056954,0.30997585211829226,0.1315322443408893,0.07833453992406246,0.06958827510685316,0.03759652285570409,0.03630370616841463,0.032389488663323335
0.9957900569330276,0.07946695864905888,0.031062970667292987,0.019309585448356016,0.017802654637741763,0.008189655259360022,0.00736847754989496,0.0066971071581404615,0.006622250635251763,0.006129917184361588
0.7428213205571144,0.4979705256996859,0.38866589477585095,0.09966095365527818,0.07712539165222103,0.07132410870590053,0.0711126773284027,0.06627314101111201,0.06014858856852135,0.05801768289140892
0.834914211065317,0.2545685650584658,0.23216368874146154,0.22302099287282093,0.18079187879087694,0.15239280855442197,0.10865477893652777,0.09321247751822662,0.08895742950033575,0.08184771473452919
0.7876663007188441,0.31619986670288586,0.25544456144581035,0.2399471165294714,0.22236486820377027,0.1643462321217494,0.1246646645542649,0.11333675358179791,0.10909386483864733,0.08520108160820182
0.9971146943300876,0.0469313555430918,0.03757231915431629,0.02875521667526303,0.02767213770967248,0.011843737333453841,0.011187645703709307,0.009094750734647541,0.007331999591115257,0.0057109801296785665
0.9971277133701065,0.046629801409097865,0.03758227868738256,0.028954081570137218,0.02754605595125378,0.011832603870492252,0.011201892671429091,0.009084419409465732,0.007335960598733941,0.005731945949084649
0.9959176987699379,0.07930533415937345,0.025518283450484694,0.02118591038907325,0.013089908091724353,0.011645795895025703,0.009614972319625725,0.006685955065989943,0.005983785929158009,0.0054111504740365374
0.9959441430971897,0.0794080298165527,0.025583467972657595,0.02165276456380492,0.013258909501783937,0.011717260613566082,0.009636747097909987,0.005964880384296509,0.005591965810103456,0.0051814807459238865
0.9928819733174199,0.07886743217136019,0.053291907855118524,0.04844267728886119,0.04297694804208118,0.012940968670719376,0.01040402877763789,0.009949440033631922,0.009013409110902431,0.007466567001810122
0.9708797932527391,0.201626591215701,0.07752446464794593,0.04969581898276433,0.037013402622438796,0.03265280331555437,0.03009650586895878,0.030054737260595377,0.0223639054648306,0.02133488339481406
0.8723227242132701,0.3275144720596333,0.2780305395950258,0.12312083372008002,0.11769108638802141,0.07326522554846318,0.06005403875450591,0.05378444854630321,0.04465300207313708,0.041991419908994
0.9668561666693205,0.144160863725649,0.12266978095674677,0.08531911052693378,0.06915287579171851,0.05289977974146371,0.052663639474577896,0.04449959173819638,0.03712125677656489,0.03655893561761727
0.9059386284626059,0.25372492635243593,0.212262696777049,0.11150448323600538,0.10265961852378085,0.08079327361583606,0.07967036149261651,0.06829690015957149,0.0677577590854809,0.056440974387882606
0.9878747324470633,0.0845930860748929,0.07022125538328025,0.05494520237771937,0.04814700931679892,0.0382134577559923,0.03102939387053425,0.027894790775360192,0.026331484184357906,0.026030278153489853
0.8798249200731783,0.3323129042340496,0.18389514641484858,0.15027864525731374,0.11089089596308596,0.10107679474481994,0.08914082085654824,0.0721115705845036,0.06648341886763699,0.06188782686421443
0.9521485723357276,0.13879192512033223,0.13849969128298473,0.12674742482908632,0.10733608128030456,0.07097825211935467,0.06817084020390855,0.050896297524240706,0.047943249774146615,0.03917388519070022
0.9414434263440732,0.1451441415878703,0.1443147728687033,0.13481854428563525,0.13175379147237493,0.12029866340178162,0.07313456386462297,0.06651766099600771,0.03350484116371962,0.02732516349699644
0.9672459811166978,0.19774185944734418,0.12127884443549097,0.059557391661915496,0.04592792587826795,0.026702601853955076,0.026057196003245502,0.02542104562868002,0.024314979750770325,0.02065273087951879
0.9862708498679386,0.09601518949199465,0.08073059542106469,0.0678522536136754,0.05736931382332825,0.02910501038495746,0.028593759609662078,0.02543615080514563,0.014280874575680334,0.013462497825887586
0.8891931897869222,0.27180945127574996,0.19721269176271214,0.14461604718673388,0.1419259754328653,0.12648717087558153,0.11929346360161032,0.06376745464879495,0.05760297801394682,0.05542730598188602
0.6389091074398837,0.549526069388048,0.3215171394252285,0.31079112184907953,0.22538430443777263,0.10004843316645441,0.07587658997092422,0.0544632271175772,0.04445192147197889,0.04408820047123526
0.9975313469456177,0.03958449425005103,0.036015046210881314,0.03186563125141857,0.018164226028190653,0.015104401326054825,0.012410404929419238,0.007130225525793387,0.007037918271423312,0.005667518490412103
0.9948463939992285,0.062176650660616554,0.03952084600089334,0.03532467503847576,0.03153337968367787,0.031211132365526775,0.01819389375503606,0.01688809513948634,0.015172544842145141,0.011991574692061423
0.8383517605050103,0.4623015630304428,0.1444358629409229,0.14165723067340685,0.11164278615108897,0.05790527742488477,0.047602319739270316,0.046270178360503865,0.042731135681985284,0.0425130871217372
0.6976814933056777,0.5079443488969911,0.35366800947781124,0.23546956007548006,0.1096089587965907,0.09638954181062255,0.07904692056712753,0.07320306483048149,0.06640756817403298,0.06260734245287133
0.9294955073337094,0.1719918819364103,0.14226294081667423,0.13276125440791503,0.12954768847562081,0.12394332164875056,0.08171651296523759,0.07591941877784325,0.07065356002886752,0.056626415378464
0.9239860927033974,0.2550231244391156,0.18508002339287594,0.11366004908833534,0.06867994624737664,0.05838462446507947,0.05728796077012041,0.05607246643502659,0.05447049002429586,0.04211444428029573
0.917164693570577,0.34229849850137484,0.11191414154882863,0.11138896489502297,0.07064337352610954,0.05961853283087438,0.044258725675464225,0.039442738658248794,0.027181338001773945,0.026318907199610834
0.9887006204791107,0.09891408650398442,0.06643317383831743,0.04888141848974077,0.037919924405609005,0.03465583077006287,0.03326510675611972,0.02710315630664054,0.015175577687876782,0.014475316315145403
0.6072772437132308,0.5210941498199453,0.44339046301709617,0.2585551155142526,0.20716765864125447,0.09547212414895784,0.09473355189976662,0.0867241776681315,0.07342314492496033,0.06617488769018502
0.6834927634536757,0.42364588645788565,0.3904577678991823,0.26480556264316235,0.22240897373874796,0.17768532154868186,0.16863626122954462,0.053507534647133016,0.048197813416006444,0.03833335212995788
0.6284319378671287,0.5961499540366353,0.3097966915018553,0.2661629871203664,0.14439861304550006,0.12641891415016365,0.10317582495472763,0.084127263472707,0.06376010847566466,0.052889033082136
0.7933849270400788,0.5224822149902486,0.14657364703288772,0.13014891211402446,0.11192768855759676,0.1053154124842134,0.08906509572733917,0.08006636387919902,0.053492633553967835,0.04227477690877732
0.769116048678955,0.3934003536928098,0.2684635717175833,0.20827753159437729,0.17129693137917465,0.1318761233228861,0.13156322247700197,0.11543385020254035,0.1000873153172184,0.09601539603501946
0.6737926814365157,0.5755983589572353,0.3106724509869841,0.2005022511445668,0.1449868988161321,0.11901623217430743,0.10172901294599533,0.07476204123253939,0.06545419335088154,0.057986778761077655
0.6176247672176147,0.5786161806553142,0.3510293372902431,0.2534469798169074,0.1759965091647234,0.15154575690653985,0.07664929741761625,0.07569678939363214,0.05750662642574812,0.05709647503125966
0.817833788100375,0.3940545012533778,0.25927402550156553,0.21320178513843133,0.13699380204664108,0.08081381294592202,0.07835930062770219,0.07720143732706068,0.06571334217893979,0.05916996512242195
0.9740965098160398,0.20991066228319122,0.047266301102557626,0.03796674472790059,0.028856792518469322,0.025531250401141164,0.022881757423494627,0.016277324020346092,0.012899556125814815,0.012381728499415151
0.9764676352426365,0.19858700634862433,0.047444822258636755,0.037969472830622984,0.028529477349672344,0.026496768939445494,0.025570372750893893,0.01590312722713033,0.013810249700951238,0.011975625424690495
0.9954434279790817,0.06387385475226817,0.03581108615252795,0.02373793598431244,0.022536237078712294,0.022424981430918825,0.02003286570295631,0.015488741715172082,0.014021520464224009,0.013771544643490244
0.8882653443968541,0.3232717187563254,0.16050527853419025,0.13458604248390235,0.12298456556364046,0.09737137500203029,0.07786022681803971,0.06580716675685089,0.06454075942703748,0.05205315562957273
0.9915849167219983,0.08390137029196035,0.06373401788993176,0.03730908423338056,0.035644113380761386,0.02519183966872367,0.022445391722175852,0.017697877162171777,0.015382730338500038,0.013923465638317997
0.9960096748974244,0.07897154783571009,0.024209978501442374,0.021196650071584916,0.01354296863122392,0.008893982877385518,0.008824610427227113,0.006946598700177962,0.006768049172182335,0.0067542601789034725
0.5145036860053348,0.485966701479409,0.4581502691649826,0.32016383413487015,0.22538520655502667,0.19691786739740322,0.11498608888303932,0.113840755829008,0.10697015150305764,0.10254586933439261
0.6771339686450846,0.5201762863336881,0.30697796194940896,0.3045023210454034,0.17657223876921951,0.12242903309288589,0.08586573924923029,0.06847863381246844,0.0642239900090607,0.05830336259874693
0.9962578629890624,0.07939898617183028,0.01889811423325447,0.015410305519577464,0.010571979191156055,0.00949070565103138,0.007584704737050536,0.007001531927980982,0.006237095780232528,0.005150170122805311
0.8163523066210167,0.4571072531979079,0.20994183606142072,0.1410253712833575,0.10219691417988973,0.10218020645751974,0.07600849067825603,0.06103944403408657,0.06059286805575145,0.05557642904983833
0.701106277772189,0.619188867622174,0.2274455090768131,0.16474579068924552,0.1216466866094557,0.091161357473855,0.07652416495624373,0.059953599349495734,0.04359093452036698,0.03456237522567582
0.9960194575945444,0.08104033693924052,0.017092302110611936,0.015281430725159154,0.01398615586736135,0.013095794304714243,0.008774124428034972,0.008039113471617983,0.007203892496951992,0.0071658112411125624
0.9829972280222603,0.14679091633155142,0.05197337004385614,0.03665109697012503,0.034667145950524864,0.03370633576475318,0.028120587408055456,0.024009847138095366,0.022149418101276467,0.02167415113666347
0.9961570507910594,0.0809995423809202,0.01375810537715844,0.01121460886442671,0.01038481593407382,0.009852496905896466,0.009649164927353855,0.009088925895499912,0.008260840891884816,0.007385032954335567
0.7761641956012144,0.2863515166325821,0.26328574094379525,0.2594636632979008,0.22993154697507717,0.1619123579908106,0.15490409674167582,0.14480093855496756,0.12280073390451494,0.10057609250315962
0.6546666981917401,0.5111498632165388,0.43345665332964867,0.25642920942548475,0.1041407083706402,0.08521987483186647,0.08368063457317645,0.08322388703291538,0.06448012140228163,0.04924443000661347
0.8382414917686397,0.4411797484704384,0.23062385332163143,0.10120733122777734,0.08742079079614401,0.08098918685700102,0.05955799905699247,0.05726221651585593,0.05058852930108257,0.05044624186472017
0.9500928299674566,0.2258127921859679,0.1853339452793785,0.04298431591811262,0.041355434427171975,0.03862736594781526,0.038585517457358914,0.024010118161729772,0.023453464164460182,0.0200197697853861
0.572656495743844,0.36571893268516986,0.36287799922204994,0.3434826718465885,0.3386603454095417,0.25521876846011565,0.1244448356847863,0.12258559465331491,0.1222546699361669,0.12041481478505758
0.9837197907000506,0.12826076079959745,0.09746747103212393,0.04275755789233938,0.04033244992339088,0.029602676174046577,0.017968853632920365,0.013226256812794457,0.01233516622327708,0.012132475290048576
0.6472828979257137,0.5298263686523158,0.34183951399955786,0.298210436121879,0.13589557588987683,0.11033943448865069,0.08791514392955505,0.08755255556327385,0.08654640502489734,0.08293221686238472
0.7221439179970075,0.559778131816722,0.2331110973010988,0.172631233868955,0.13805109681135438,0.12150176346085428,0.10030450683992695,0.08692194491643906,0.07529561268166411,0.05471012351051737
0.8567159912308607,0.2609935749786502,0.25490581510820054,0.247237346282587,0.10785614295819787,0.10550847197192742,0.0953714959745125,0.08871345648210675,0.08848055352337876,0.060524842023355487
0.9992139960224788,0.03379482547720515,0.008529959758658215,0.008238732155897448,0.006335611341134914,0.004618226570074493,0.004495683003980959,0.004468439675098019,0.004397215563635246,0.00436637676779664
0.6676683066545087,0.544393866713723,0.4569411315618405,0.12585075878582272,0.0693139279671617,0.05828866516447637,0.05703926764834923,0.04987214598909482,0.04922276226148761,0.04254451934530266
0.962726554618117,0.17499239159158148,0.09603575094345448,0.09117194958153171,0.08429020833650741,0.053404372704080626,0.0464955534616646,0.04300136346144042,0.039852799514650004,0.03766156096845565
0.9608292695949036,0.2291854155348589,0.11308076855588753,0.07688649059862575,0.043059405274741606,0.021184901286743357,0.018040810098194988,0.014265170726859145,0.014228205155908748,0.014003896818286163
0.6955695143145284,0.47567789727914245,0.37004938650440106,0.29601377043740607,0.13160166904330553,0.12711875116378227,0.07104668617706135,0.06333086604817852,0.05679850292210719,0.04568086800896346
0.8620103138028989,0.45104863316668253,0.12308615442733621,0.09340639001872407,0.09161406060106153,0.06306879588520112,0.04729882679020857,0.03929471409819668,0.035481168268123364,0.03036663982636412
0.9964821671725286,0.05784100594404566,0.03154097543060536,0.025296287538657213,0.022911689909031523,0.019133533295970333,0.01579255026134281,0.014697226883793121,0.010964142550594424,0.010082102030352395
0.9868572622123039,0.13610420120818617,0.06653839619894514,0.0312900713727866,0.023622502010675724,0.023036623187942088,0.021367073194478857,0.011940886040102284,0.008187418703625424,0.006283450084546324
0.9858376528541922,0.1432871928709547,0.06652643336835698,0.03130204309991109,0.02358129700748034,0.023439578441573336,0.020879757694551897,0.01307410309688312,0.008178997847458427,0.0060947554141881025
0.833549068205147,0.3126610947945339,0.25689102842247635,0.23296361929567364,0.17486715006911585,0.14139928427026976,0.08303462571902451,0.04952029213330813,0.049401866215931574,0.04753287223082004
0.8631775652391145,0.24805672518072672,0.23468706608011927,0.23257505115228563,0.19655590456870983,0.13126296925175268,0.07028450713783044,0.06891745385543012,0.06797132216268792,0.04401460772233188
0.7033494234352918,0.7018314733552339,0.05506472242540499,0.05139201216350744,0.03393332963284832,0.03227276161777318,0.0309682558922393,0.02816412142869402,0.02283007108959926,0.02074011348665712
0.9957728320383374,0.06078019162848466,0.05722633590853121,0.027253189863496667,0.017434365770036132,0.009691052335135373,0.008425320338176275,0.005200003467228958,0.005106548031758965,0.0042524889494841315
0.9620716391518753,0.12220885035432588,0.10651874228443857,0.09571367180867747,0.09141502372729134,0.07661825903173204,0.06892047219593478,0.06658811362309447,0.05881412796390157,0.042156827943867776
0.7066382503724437,0.6986183548565633,0.05523804809059921,0.054598513592087054,0.0414394233087683,0.032136105837853916,0.029522292637703985,0.023120938279649495,0.01900884477089627,0.018561578895655306
0.9664124565850493,0.2106106079431866,0.07718510360421024,0.06624253105449024,0.05519920222733062,0.039751354015801224,0.03583218109827387,0.033075984974248365,0.03137958059889567,0.023941794049296784
0.995485488868457,0.06027400877539305,0.05319871155218188,0.03477464360116917,0.024295085494744986,0.012593538965237667,0.011388063682498412,0.009494569052428653,0.008026729815019173,0.005696473424848188
0.9951654035428468,0.06361432097439859,0.053270401377020764,0.03465677794071875,0.02421140774038782,0.02038412244907623,0.011420513147475459,0.009593641518805282,0.008015469312988643,0.00571445806124946
0.880397542016322,0.31056274402052003,0.2778379965035201,0.1825542035322921,0.0723718412966529,0.06313392592048894,0.038832132565613554,0.03626289507115354,0.03170848583519282,0.030602181465751613
0.9439009531322153,0.2666514952503257,0.10778125537760189,0.08832925751709265,0.05482561130258672,0.05407937491486431,0.04848828098930441,0.04450398405215539,0.029616159387925403,0.027746556878431482
0.6302089885650818,0.5811527023937154,0.3147506681621958,0.2983462735795745,0.21164168479624168,0.09261324177373181,0.061305588655897476,0.05054826429618336,0.04881810588220912,0.04572492717383583
0.7935384699865714,0.42411111745344493,0.3951941403474486,0.08442147781545402,0.08082084445587645,0.0774135059656345,0.07577280539485595,0.041303003127882765,0.03684452130994441,0.026298571169321775
0.8891391705934449,0.3235077955259928,0.20049625409339217,0.1226975846250569,0.10548492709518381,0.10002149023847456,0.08358502485843386,0.06187751840264544,0.051782093304707025,0.04969025274404468
0.9956664202688118,0.07731526081592814,0.028566392006043568,0.024846858003162678,0.02005796723707855,0.013887985895660983,0.013352845296341313,0.010808830501129114,0.0079841028872728,0.006543261141436356
0.7710233944420675,0.48214021868724166,0.31992373899225496,0.12777847998563469,0.1224065891127054,0.0767086362137751,0.06484981096105677,0.05375998049986176,0.050495429131731585,0.04688759374425054
0.8007014323478924,0.4525724352130672,0.25378252917990546,0.1925370703597078,0.08693386386332476,0.07536417527487428,0.07005467813359505,0.06410161040282054,0.05429561891768929,0.05381842201630284
0.8945403706154037,0.2448313435484983,0.21415361731848612,0.19862161974039086,0.12574445808963883,0.11977440679720663,0.06652601766230848,0.05812753286113454,0.04596025579570734,0.04533288638997962
0.9704850905878067,0.14883074386224068,0.10828577315128611,0.0630800974562353,0.053760364505227386,0.049349473429505075,0.045967543909478915,0.04353240547301884,0.03605763085121615,0.034518986926597654
0.9043681179925537,0.362932634856891,0.13852163824751135,0.07297806421656997,0.07084721388930129,0.07067449723237605,0.04990899197557248,0.03763730301834964,0.03194865633347925,0.03153461919741659
0.8239415715024407,0.44741961990230983,0.30100701403506014,0.09575073181820287,0.06639924916522602,0.06280589684495051,0.055516156061372904,0.048149256619150975,0.03630445518305549,0.02817328045986152
0.7450045053739118,0.46249110360452855,0.41732874908556067,0.13745192279336702,0.09539948190321744,0.06813457748051496,0.06222964340788169,0.052681281722791136,0.05187185041170668,0.04722669242829829
0.9972373650549667,0.05382196487729597,0.024817428362077776,0.021838724903595688,0.019600735661881436,0.012817579300501376,0.012742258152787189,0.011514443226433493,0.011455713052030069,0.009930096507483296
0.9212471415465896,0.331709358440589,0.06583029721444139,0.060785617812600216,0.05248205418769369,0.049278912109145236,0.049210779077268625,0.047730593219654435,0.04695027174229549,0.04673177958190127
0.9217765680753021,0.29447069069516796,0.16249475920664364,0.0847825589569942,0.07095655422709915,0.056934331628211605,0.04863289644419959,0.0460434379353885,0.039727808697548966,0.03931442494837253
0.8090409840778375,0.3670286789432101,0.31801363108666764,0.17064260569884782,0.15039944185154644,0.1432842462639312,0.11708594887548593,0.06439739952795122,0.05393369722850312,0.051329404169079204
0.9341795914732017,0.26080508535383806,0.16419132800745748,0.10721804368602922,0.05717811280212966,0.04996219911317617,0.04559061572350456,0.042483436259137246,0.0414075650041055,0.03449734043646148
0.9650972656272788,0.11633725556515026,0.10810334763640697,0.08207998652919803,0.07609903291977622,0.0748511215751316,0.07453693311740922,0.059319008769874004,0.05228651031481968,0.050766286403116506
0.7936604044111238,0.5738257393548114,0.10204045688274511,0.06420636703186938,0.05558798421223909,0.054506322752801505,0.048966739123002305,0.04883715424167216,0.04061053117159209,0.03869189056128838
0.9956103034536712,0.05487995884592805,0.04519141754618225,0.036726392411865164,0.027964560052048608,0.021406609485742478,0.014791369527297624,0.013591247629028457,0.013263441079959476,0.012998341764261071
0.9885849862985941,0.1181352202976329,0.04414975539743096,0.04052979527180672,0.03599417357587863,0.03493735507630428,0.03144195584719245,0.027917582912622186,0.016226069780332787,0.009449678014616849
0.9903675865981678,0.1033517266942471,0.04433324105745845,0.04013669480048121,0.036842178485095675,0.035042168604771495,0.0315610241778765,0.02100424643875053,0.016237565304567023,0.009597099300041071
0.9290104756086017,0.3302474878450028,0.08643428865255376,0.08294037402919727,0.06125119524201801,0.039485191529855176,0.030359915180153525,0.026828762052722135,0.02672405073365617,0.021711758649129692
0.9710552150371649,0.14552470460404981,0.09109993259578374,0.08927989061675697,0.07726674730329225,0.06378808020212082,0.04331720269469772,0.03622931658560394,0.03241283361348923,0.02405896220766737
0.8025227431136069,0.5670026867064806,0.08521070922293374,0.0804692625734714,0.07630834113619137,0.052756666204603474,0.04318227543305783,0.03722866141070986,0.030375221400541677,0.02801386304784809
0.9510533609228138,0.25443603216320493,0.0945651939017947,0.0916999040741847,0.06246034507563527,0.041177995842762265,0.03567120105925243,0.03166311822828731,0.03090831379657062,0.02362869418136132
0.9786893124763646,0.094447845655591,0.08335802021963826,0.07549824808530368,0.06375636571653895,0.058401238253441554,0.049824978316248957,0.043152298560658775,0.04145879767968542,0.03222296251939975
0.9233550461234799,0.297151024127553,0.1348193867415753,0.0707478378500377,0.07074331312964585,0.06732483998713788,0.056938211174043664,0.05459550290654098,0.05162832865825825,0.04953039599797083
0.9524821622715645,0.2022251991207321,0.12566279872083225,0.08498698428501128,0.07719135298548804,0.06124503552758198,0.05268696073879374,0.048039872322343365,0.04762377573729215,0.04746205121392987
0.9231561328017416,0.33165837368915124,0.07163510428779477,0.066875561066172,0.05934286399423641,0.05869408973180492,0.05645042299036467,0.05224284820095983,0.04868847062747607,0.045784545155217155
0.9957507428475172,0.04491130017795797,0.04320967492689126,0.03385745222081446,0.03066928188145197,0.026170470321890887,0.020158726847832716,0.018710313562381915,0.013993394418284353,0.010781147881467399
0.9782791376115054,0.09140572808518242,0.08095366955383401,0.07757018821536936,0.05662718242793888,0.050100263179494474,0.04442803494618101,0.042200267685830704,0.041433078555897326,0.038275532081796
0.775296600853705,0.5595683756983832,0.19957914106260152,0.10587499734187829,0.09422027976233609,0.08090076951206443,0.05250286998454991,0.04103228551305162,0.03779746842154376,0.03484179121626275
0.9555381928105484,0.20436016912578772,0.12244174575426658,0.094942696770546,0.07679928129831232,0.06602832184045312,0.0610931762038915,0.029187675129450818,0.027968629601665043,0.02546601631560559
0.9774302175442373,0.13299587205855584,0.07419776492404936,0.06651666110128947,0.0654421405900948,0.0647656443519514,0.05077068598705689,0.042674078386155424,0.02571870094302044,0.023488795198406697
0.9917926026986311,0.06258047480408907,0.048770423750536696,0.047174241409505366,0.045336565043772585,0.03728134143745391,0.03279020985802871,0.02921875015304944,0.018000781914846692,0.017767794909734135
0.7184922107000702,0.6368868360313598,0.1671614579290701,0.10043260194643974,0.08599055747833005,0.08142862293131928,0.07589769557845634,0.073343939456161,0.047114365855037955,0.04559327678263416
0.9469042992585747,0.27444867710429616,0.12083339471405706,0.044356114264480946,0.04128249476606023,0.0352523537106679,0.03236738708142675,0.03180454124132083,0.021377031555876846,0.020487024328935566
0.9191890254132471,0.35932518276988257,0.08986022573547935,0.05280458775884854,0.050709926497954506,0.04546458081744431,0.04516220576673629,0.04120706515752222,0.03876484636179656,0.03449333098106568
0.9031188765019086,0.28267492601829053,0.23211626256467738,0.11510970785487853,0.065652378705161,0.06179753284393114,0.06093885371409185,0.050072756522892815,0.04963666318457206,0.04943332352358801
0.9587957438103449,0.21860183373659617,0.10502520932857082,0.08474507387491631,0.06216241556264821,0.05514299917397138,0.031988484717942016,0.02733188930988703,0.023353036453309647,0.021866862701480777
0.8400154627323247,0.4330995646819228,0.17560414564917143,0.12531660990130625,0.10219444459258814,0.10116034350988948,0.09243928230143386,0.07037938043060446,0.06491198855614519,0.0523264793501034
0.8833345367329483,0.3948698197803493,0.15345502648684656,0.10079659114514322,0.09062661558247764,0.08310855557958147,0.036755937938042445,0.03653213803738365,0.03420419380823603,0.032604090528278805
0.8915998595118133,0.34583939484271037,0.19290790383555398,0.09143022929919362,0.08746126838430393,0.08729047126260871,0.07229616386897954,0.06159318777937583,0.05983853213602986,0.05005743934986761
0.9698292300421764,0.2207517816271965,0.04986481296066841,0.045456692131049414,0.03760853621991275,0.03184337419994674,0.027368975979610233,0.02383454728312918,0.022879796885628512,0.02079818265288114
0.9215235874287863,0.25950818280677673,0.1288528503790028,0.120379805555605,0.10510519052063352,0.10238795474655192,0.0801467395594747,0.06667908150654032,0.06570408055245106,0.05274977392395608
0.9940879895956517,0.07894369403591865,0.03530329700489685,0.03490982595465919,0.028175594842471455,0.023938817166724923,0.02133330285978381,0.019354351437015995,0.011611111424020656,0.0108612371534295
0.6507181757626859,0.6074607316327257,0.29641410064414414,0.2724752416594876,0.10369446789574223,0.08635211834726671,0.08468437848736649,0.04962368867281257,0.04638659880152432,0.046027988807950615
0.9520128469344131,0.23495284456625853,0.12264048338606688,0.11807795764973578,0.06178142907771794,0.03251559784738493,0.03243573682261697,0.019274900971718405,0.017495417716049413,0.014998420616716523
0.9163014989667139,0.2699088567981665,0.1620561609711122,0.10073930026651184,0.0889002951684293,0.08592814967231185,0.07459951892315331,0.06560713101700927,0.062372989725324464,0.05602046661691356
0.8006923572825665,0.4790097061797381,0.27749413513510324,0.08630712331666696,0.07958525453119132,0.06177622677961064,0.058314689175955045,0.055823170401535685,0.05136375817501291,0.05112951251418274
0.9988635807009135,0.03883949937725561,0.01292806692032357,0.012003165586659063,0.011231481554328283,0.006996371525628293,0.005641673493933145,0.005633801947184315,0.005404873731674767,0.005378731355669562
0.9922408442551226,0.08779401021876873,0.07218800012667888,0.024545519570145353,0.023209098336819035,0.017844126311384757,0.013353254896293718,0.011891826104281222,0.011761356585669543,0.011717358784680068
0.9912952017384108,0.07245750441145923,0.06918705449403874,0.05472670240701511,0.04033386725136969,0.02474415561487919,0.01900745347006243,0.01860520070456426,0.01322391657848849,0.01277130103131839
0.9932214290831484,0.10149160396982944,0.03250050490947533,0.024108590850528216,0.020398096589609806,0.011339066729240652,0.011113656811212375,0.011111924361721452,0.010807500951061432,0.00787170945289555
0.8311407199477661,0.4909336668911936,0.13509688434815129,0.11061144836329703,0.1035463047336643,0.0631772926249322,0.04699156994304978,0.044672726089818156,0.04054683582338261,0.03987160953768231
0.9825027551585711,0.08411189599299242,0.08107504472518332,0.060616102570648485,0.051976293238663956,0.044446099286783204,0.04438417793896128,0.04407393262470296,0.03966296773454385,0.030791070857715715
0.9527090870186335,0.220843808838609,0.14049923157448582,0.11883714273145644,0.045011889482558104,0.03530178833145447,0.033818487407648534,0.026718887457989424,0.02313376220509879,0.01916457199590147
0.9958638334165868,0.04681327001045157,0.03160093623786648,0.029580763613181738,0.026535716414653864,0.024205635378129045,0.02307834177845576,0.021956548109991685,0.02000781528178313,0.01472204445682947
0.9638916294063188,0.12781690416381672,0.12400874338795172,0.11071380247635534,0.07702788421648397,0.07169762652659185,0.05412730675738424,0.04648536063298414,0.03617422113898946,0.031385588030392514
0.7610056766907035,0.5528425801626801,0.21236853501863434,0.1376600307157183,0.13580981518924853,0.05862723537416614,0.05300955733617468,0.05212313075221792,0.052058567137154434,0.051421097185386254
0.9717793536756074,0.20654574955311786,0.06385442752687948,0.04493540449281398,0.035440464305153484,0.026291913582388877,0.025892987682653818,0.023271621902337072,0.022514306766164283,0.02004455483002438
0.9276890221839916,0.22954137555952225,0.20143844062775768,0.11171062894939943,0.09760873644145322,0.08253175796997478,0.05933872453994437,0.05551823727244963,0.05014355943282345,0.04975324809242843
0.9914155209178808,0.04764072086178741,0.04700238429405565,0.037510119081090906,0.036455005770953466,0.036302788384189016,0.033752954057249075,0.03162467872774643,0.02756616938897368,0.023945211808963224
0.9065748336760947,0.32094145956195486,0.16691899973421506,0.12598573249523806,0.09838982193435206,0.09372041833242033,0.05330451175869152,0.03545479536119853,0.031300879962718596,0.027753729805752907
0.9754992391909804,0.07203297046991579,0.06974003935629111,0.06671913571016619,0.0662170916835654,0.06488729805978691,0.05986786457402625,0.059594875057022295,0.058426298599797234,0.04324156535041959
0.955734354778381,0.2065402127590879,0.10345396713615569,0.09494868232527773,0.07442531678219311,0.07377792233981098,0.056455503257521966,0.04565661874337681,0.03324491740645698,0.03137104170999169
0.8995371527455523,0.3626062319746647,0.13648577983837676,0.08522030678641881,0.07898803641934932,0.07596877989030563,0.053625924242406295,0.049368514613043306,0.04642429488675865,0.03726821597554386
0.903215583125701,0.22640887599943169,0.1757059934988168,0.15803285322534588,0.13322335974237265,0.11852664761549445,0.09009016219821112,0.08155882578104677,0.06689436643336368,0.06070947466389932
0.9430612850453178,0.2019096054265476,0.1445590464619382,0.12105443351412735,0.08119571115319019,0.07366186805372937,0.0683625285975753,0.06834202476386116,0.047059372422752946,0.042607396183287176
0.9199119709475201,0.36652151572965425,0.057049196109071824,0.04893729530031631,0.03967231346184991,0.03709364626350908,0.03670394685555963,0.03146861876855093,0.027368217787372834,0.027339063044072114
0.7910398480936616,0.5148472193042614,0.2588543888529617,0.13583497520901158,0.07974723110674657,0.06489205975803852,0.057062443036075834,0.04345225752903455,0.028854648342767717,0.02375273487159859
0.8327516722232311,0.4744209612336371,0.23990225802451737,0.07597772225197708,0.07140292371223923,0.05887345519166182,0.04402993259788099,0.02805298357479386,0.025676578528606442,0.024991427118892472
0.9578497511971554,0.21269037707903155,0.0892786688716391,0.0829127900246802,0.07896347296870729,0.059556708727831524,0.04658451790836811,0.040168848741314635,0.03948413368607097,0.032171562675891247
0.9873714654883631,0.08656134656419757,0.08098799504420606,0.062079668719294274,0.04806927232775681,0.030728790207315376,0.030395486119090192,0.020945314965225528,0.018893700330118758,0.017833424592657136
0.7564096560811568,0.41500408309988573,0.38307587057916775,0.248740228827836,0.12329249541756503,0.1111569515552373,0.054896595366820906,0.03657614767800757,0.03631004053652876,0.034320093428128466
0.9808298132368017,0.1315470022635413,0.06943107676555049,0.059381848752175725,0.055038725933834284,0.04460203508376649,0.04018922994667366,0.03843656516911328,0.020803563939241317,0.018793979266730373
0.9896644751964193,0.09751505735033135,0.08601068503755455,0.036151844329970304,0.027716152069186713,0.01317815070199904,0.013144306385776834,0.012163345834711303,0.011987917612764706,0.011301877258621622
0.9856948652574995,0.11982241960854788,0.06482980953971845,0.05952676824267739,0.057743670806884466,0.02740737468383141,0.015027756417771976,0.014671688401249916,0.014664348316769625,0.011035269020491217
0.9690425180384147,0.13387335889356194,0.10604729294775755,0.08718178199039492,0.07217293616300062,0.055613434227745825,0.054906651521611824,0.04309749362924342,0.04100452466341068,0.037758705296149685
0.8149841033079789,0.5146944838760379,0.1513276521864433,0.13962683477692242,0.06258184737924335,0.053477128209818335,0.05218661721732421,0.04633681603572189,0.04415670266237455,0.04184438779517073
0.905036046042305,0.3783607471954388,0.08341377624340045,0.08333730952376645,0.06722277595920127,0.06266356059222147,0.040748341992964676,0.03802020086210779,0.03711338029183925,0.03589071365757368
0.9984012022473228,0.04412214177538513,0.018562550444274913,0.016656660069307855,0.012475836464752045,0.010880921367014506,0.010311293301438845,0.007692954137290303,0.006752252120739415,0.0054440768630455195
0.9103758081533414,0.2205939509926187,0.21979075846379006,0.19861979724114878,0.07923568083261003,0.06130774724843605,0.059418056885652125,0.05695887592146027,0.053836667759923636,0.039131941132011475
0.9106577543284362,0.37208418633079937,0.10155648619679344,0.07841132421394599,0.051992958014859335,0.03884315050914671,0.03598813879207415,0.032403263494496064,0.03167321859477674,0.030525721982175912
0.876038568143538,0.34889104758642625,0.2537893552215661,0.08892545248934487,0.08273419353393016,0.07088750354837978,0.06232411831393788,0.05102330965249692,0.04625330316573037,0.04364582201235944
0.9955634130786001,0.06320730404678358,0.030934684518976487,0.026276975241202583,0.02400913608066463,0.01768133343616529,0.01756898431616658,0.01711609109249208,0.016983511062113845,0.015173721955627105
0.7182154206147149,0.6770487308255744,0.08596842706542941,0.04599389607591827,0.03949576759415495,0.03850917983729072,0.036410127074752746,0.0356630092537801,0.03537330694819656,0.03296075289424635
0.9950463073226692,0.049303431691225356,0.03613126468297086,0.031613290160049747,0.030648885312231203,0.02571000946807103,0.02498007377900355,0.023426467088308908,0.02075141730194724,0.01882908134966411
0.9219037245140363,0.3486563320417446,0.08394903625367997,0.04984135745111486,0.047812152542250165,0.04543631087220568,0.03690507441672135,0.03521156763725463,0.03347630130276372,0.03285346921102826
0.9959232530325323,0.05172068139864515,0.04322698887890163,0.03777446727582345,0.03310700481529239,0.022614443462719683,0.010398879111184551,0.010121213671925746,0.009409836646764392,0.005873596914378374
0.9904109742005786,0.09804652129905297,0.0545270985952755,0.038984714008152885,0.02751204718210556,0.02724231513658798,0.024154118910980175,0.021499052067344,0.020763212124029852,0.01913058798158553
0.7533996246363629,0.6160993819487554,0.15597774847568144,0.07451771957521071,0.06588954960085538,0.06389540455825841,0.04715918946742932,0.04402590124249755,0.03668560302271533,0.03550621386137662
0.9865093993066462,0.10482345612161918,0.07507111492587669,0.06966005293091339,0.049457249828143854,0.024253733662904915,0.02078566874122067,0.019389827905764007,0.01610948578010745,0.014462830692543394
0.9781898762995076,0.1899445229825307,0.04150850275196288,0.03398355443185922,0.031370187812353956,0.029078567619816614,0.026348269011754993,0.0240444041083697,0.01364497221855167,0.012077750950699108
0.9003827501739694,0.2662422423779314,0.21062189849910443,0.14721364063216777,0.12773205285322145,0.10797792292375155,0.06677369976972153,0.03576617578218035,0.03442643140993983,0.03405481717100765
0.9944159139789559,0.06883605417193624,0.04812601624691226,0.04078748324065282,0.02957125633651938,0.019395732483805262,0.019022145724404187,0.01592348714490307,0.011368785657914663,0.008731755732532407
0.9157787306768191,0.3817691893354654,0.08658680545519816,0.04089069888506152,0.03988780199737108,0.03747867813135959,0.02770260150011112,0.02630233240855162,0.02133630703166245,0.01670707529868378
0.9888351398663382,0.10823581667586606,0.0666571483406204,0.030347640704731137,0.026443951093498192,0.025383208976264657,0.02307931450688794,0.02119271769511466,0.0196552293046761,0.019615743048353253
0.9172632863108457,0.3821265780175589,0.0620700639444234,0.059160554397598854,0.04373483688344798,0.03497442673175105,0.029548512284173815,0.016746785156877837,0.015315360420071785,0.009490254207687916
0.7490241794970598,0.5979333570326624,0.19516557075118504,0.12827013027275586,0.06039361137425638,0.058104082668871786,0.049808136823567176,0.04079809385867119,0.03907847746998132,0.03877417832555274
0.9770832051083361,0.15161680402088437,0.07102240846023619,0.06725689448034573,0.049790677519144705,0.04596021240961388,0.04038285928060322,0.04026171440932191,0.03781811810801282,0.02403259199114148
0.592009883826453,0.5559959158838563,0.5280401934985135,0.15822865980976222,0.07743569168902824,0.07726984692028366,0.06452862559796897,0.05949348134150139,0.045525503745433765,0.036707079981546244
0.9425803229627626,0.1753047121395096,0.174616504884868,0.11734895081390899,0.09961328071022445,0.06802359699832465,0.05232139001286698,0.049024712774836644,0.04550028287641432,0.04536637873118101
0.9626654392162134,0.17719324677531675,0.12179355300753149,0.08299432021480402,0.06955558009386653,0.05013591403563661,0.04281226279972647,0.04221328804197686,0.041768849346163345,0.03873272578124316
0.9848719473056444,0.10880380309214845,0.0885081181876731,0.07194383541065684,0.04119816801477311,0.0323984885178903,0.02145582709412192,0.02022586357153384,0.01728032995909348,0.014001633935494895
0.8527123680264903,0.42935968380657935,0.146363783703717,0.08028188758371053,0.07692945891935914,0.06178396020782752,0.06079455971468802,0.05863836811944756,0.05854852345275588,0.054250831370608904
0.9484375853381835,0.2749412962262544,0.07012017151342864,0.05088631316247651,0.04718863583974192,0.047174675576027954,0.0467233857492457,0.04529901265191016,0.04302839517814796,0.03517459464822671
0.9661269487362142,0.20326889379083776,0.07691704870183318,0.055980478951765965,0.04423144164659819,0.04419111176509384,0.03651324320536139,0.034813885790654565,0.03473638442445898,0.033301191908901476
0.9779118984749671,0.08161564154736466,0.0810807932398202,0.0728141895237023,0.059820773615548564,0.053395273490545445,0.042871440780194135,0.042693418465658856,0.03933095077444168,0.03870360733535644
0.9148264680117131,0.22976103511111304,0.20282726784773428,0.12929233092574163,0.10376055736226154,0.09070265649567173,0.07931519667182076,0.07735765148411625,0.05627496972858162,0.05453179701051208
0.8171258189179657,0.33968262944565614,0.3266808217802927,0.21119894468639733,0.11665337245260084,0.10700756050773051,0.06995110879789067,0.06215089179746059,0.060379300428090234,0.05383631211308372
0.9924385977811334,0.09717070926318574,0.04418413474066697,0.027985234268861806,0.02574050522072288,0.021505820555766997,0.02123127227915078,0.012869583542076195,0.012427093067132553,0.011251399835757287
0.9916179358862732,0.07245977642254062,0.0644862202628402,0.04687477794557789,0.04203349180149946,0.02698250873290762,0.02311049912799927,0.021009385848265394,0.018330456103211018,0.016248575089088526
0.9819327642403001,0.10865826368831223,0.07110829971496511,0.06798664146213154,0.059388764060464526,0.052498169769190826,0.04696466556403091,0.025686928664316173,0.024679993851932966,0.02464843155170409
0.9814859363594199,0.17422038368707674,0.05296039156463288,0.02754234643120009,0.02444504885567622,0.021335315739775245,0.021039948997065794,0.016394326360507742,0.015767141738393824,0.013544964163966772
0.9623634170295847,0.1617187274278072,0.09171482727602023,0.08177994431648523,0.055851541194615106,0.0551286772168196,0.04963761987160517,0.04709711100162867,0.04627348096532573,0.045783194729902804
0.9534037588985805,0.21555838664114352,0.11302603750982754,0.08198368715703905,0.051390780482029115,0.05005360665123757,0.049364226102214706,0.04255419589088715,0.03843441193752461,0.036858382293589606
0.9856821243797007,0.08399483449649323,0.07568733465259392,0.06808096070756778,0.04290959236634271,0.03105542691716,0.030951713694317335,0.0304972061462322,0.028075455390410575,0.025657942848074843
0.9221050451393185,0.33172505974237054,0.08757687862873026,0.06464507068547007,0.06425958758943516,0.0639360140041034,0.061778848347764106,0.04622771088866727,0.04611925735101493,0.03911596088042033
0.682133676561892,0.6395274573432775,0.2900875579982882,0.10588754657410014,0.10115911478845031,0.05805189019802341,0.04523285665858805,0.04405654889935733,0.042610836814065675,0.04023225396400395
0.9866456369549484,0.14232628977765036,0.04775441329625328,0.04190059068008809,0.032351453952647456,0.01620962245036535,0.01519616279376831,0.012063624514092302,0.009885330321490391,0.009757240198768285
0.9462691099405022,0.21584452074250593,0.08790188252337741,0.08330881075154055,0.08103050383614459,0.07873817314793705,0.05896059486308332,0.058380272210324366,0.05638128133642147,0.05022108713978368
0.7536783438285856,0.5808681902160809,0.25258292610555805,0.0939571173563778,0.09235977552153397,0.04526273951619796,0.03804491259909259,0.03631038232616439,0.03508607038624008,0.03331916459976698
0.9673747061141569,0.15574804247129748,0.1343182707810537,0.08674464321718123,0.06423416956439529,0.054245097521146195,0.04465123248631299,0.02403577129011736,0.02366348694519431,0.02350480398444187
0.9401867285738691,0.23407043508670822,0.18687498002166683,0.11309496877736278,0.060417348802867164,0.040094273161035705,0.035466459016678754,0.0329278906979618,0.02406643840679969,0.02379038541793081
0.9922449924739775,0.05704251379230521,0.04663275291196791,0.045535836464672894,0.045468699137337795,0.043140536020838664,0.025026872532025533,0.017210282838480345,0.017191513872297046,0.01680097129419438
0.93649617407411,0.1533591918045555,0.1460643298537112,0.14255043385351746,0.12594644824871365,0.08562482077532133,0.0782024457650199,0.07812732856592493,0.07409688924699045,0.06005453845397314
0.9649840029822256,0.16569162583067107,0.15225481235351762,0.05732309017328955,0.04473649268781,0.03868810418430927,0.03797128667727104,0.03672749977323211,0.03496670431453883,0.03470604884180447
0.9748645308668952,0.2139942282698768,0.03939364975715304,0.01969281821255747,0.018495445064608984,0.015634134288218297,0.012835187003826553,0.012153185533249547,0.011515157378132617,0.00953179592400142
0.9454368343970384,0.2265872610797815,0.1760275810530995,0.09080226705957971,0.05727389617740458,0.048873808160763935,0.04000097797551136,0.035347026623577964,0.03242144354257513,0.02902758685392316
0.9874475029782663,0.12049143743411467,0.07504916626711282,0.03625670965926258,0.030729782108205143,0.021820478856546636,0.021131204898327212,0.015326021317324783,0.015218072000638728,0.012613003358927805
0.9964385165664119,0.059004462410452506,0.03444922781016192,0.02779057639595666,0.026449993524681085,0.014637889135561235,0.011576588381367693,0.009706566344441218,0.008089475517924551,0.0077759752246358595
0.8464690213300721,0.4276200764200214,0.12152334130918774,0.08924062322668476,0.08485894488045907,0.08257003385775614,0.07670635071994937,0.07668558705933749,0.0725505098146237,0.06558561334906654
0.7799253406658321,0.33873364753858937,0.2953917801555298,0.26601379059202923,0.18639855227161004,0.1337242516232785,0.12797926143947566,0.09028288176128714,0.08615537300378943,0.07303699575349044
0.9085322811808157,0.3927107973935516,0.05917838069625165,0.05345282556425777,0.04700042626896791,0.044785046743371575,0.04435528743810352,0.03890967923143684,0.03186732534156493,0.031221468565704992
0.8956092995035844,0.30532046442481925,0.2769577180846794,0.09346713712604098,0.07812017075936367,0.03612576145129753,0.03601515504624512,0.03211613744752827,0.02902411215469037,0.028763113087631593
0.9078572648956481,0.3929689505562094,0.1033570203480177,0.05145045183902309,0.046162149722499,0.034033043940070104,0.025845113919427617,0.023310304202029408,0.019431471373552507,0.01881821521791305
0.9888381009636041,0.11568010385170575,0.05598600982877475,0.04673682168972457,0.03684966648510668,0.021028175272126203,0.01881793823570543,0.0131837567926893,0.012186738071385693,0.011528344970718802
0.99387905107266,0.06246218446887881,0.047494500995408306,0.045013340368829806,0.035767585584881544,0.029176139921142336,0.023057338758035797,0.018026362170992925,0.016423474113744098,0.011358507483768846
0.9943787504203834,0.060640794194246825,0.04734296651202053,0.04499782239089781,0.038417177800979065,0.026849186693910586,0.018107994926703015,0.011078262851419975,0.009516680960687507,0.009070241148143445
0.8858070343294601,0.3022491606784163,0.19767655899736145,0.17316731692056278,0.16566123710612213,0.07655862485474509,0.06151435213656351,0.05262175612155349,0.050280639559541845,0.04658567404639492
0.8389639497718534,0.4775431232605543,0.15511513513646485,0.0771114833724435,0.07383497294701873,0.06606933542570836,0.06596422228353858,0.059407680887989006,0.04667787378246043,0.04598324056165724
0.8456638924534541,0.48201511066221997,0.13015105224955786,0.05903138228363239,0.0519218157384266,0.046285374736272915,0.04622208871697379,0.045657857665767285,0.04414138316626814,0.04189302394613223
0.9739822913871024,0.17287643747857104,0.09298934978608785,0.06078756262256838,0.050245795684338165,0.04886823720535643,0.03298508765851697,0.025740619625341247,0.019743940213631857,0.019338234998036014
0.9892910567074895,0.0770092868120507,0.059132700842064755,0.05264730681310508,0.037949087852410746,0.0356202847396489,0.024473213877841425,0.02414516516007541,0.02165317583356926,0.02048919805607915
0.7692275771732798,0.43381513582486786,0.3851601984295332,0.14094893933468555,0.09040141213656176,0.09035236995106319,0.07525037026114234,0.06505483256065679,0.062363605976142183,0.04642129058624722
0.7355592407336883,0.5637304532766944,0.29153483117536566,0.1698958469151321,0.06685301109554669,0.04976719824335258,0.04482623482347832,0.04076019310453589,0.04074889179486576,0.0402735438344768
0.8393895719134252,0.3360597932315621,0.31886667295796406,0.17861236824245888,0.14837291041568465,0.0837643631680623,0.04875926242786313,0.04832995107180243,0.043838099059171985,0.038745901773160625
0.8798382488457098,0.35440817046486695,0.18051899068063673,0.13984469938603247,0.10657501457653427,0.06906099837260614,0.06511925057528122,0.06406927082546078,0.06283839847305361,0.05183567921805681
0.7061202615721516,0.5223783871636188,0.28011976436271663,0.17702385994034814,0.15771537601416602,0.14392286271488047,0.13909410147610435,0.11351787316302304,0.07940829475840676,0.06678813688933222
0.6582086799429754,0.6311897351184435,0.283744593239824,0.16422184531698986,0.12803281103700329,0.11848411494672198,0.11003028101453907,0.051859690830206445,0.05074564622793128,0.04094695581923556
0.9945529477880476,0.07156338568340004,0.047708875003333526,0.04036929586220919,0.024473711702078276,0.0221248758094901,0.015313564439594243,0.010048989178468295,0.007971917265030019,0.00780544303912234
0.8880246967089901,0.3847363949845029,0.10783508278906019,0.09224690306604871,0.08229886277520614,0.06025916028349807,0.059343358267009386,0.05688254000894197,0.05501255377508592,0.054220807519372964
0.8785268505384705,0.3695583550324462,0.1854077230186309,0.12738914603402582,0.0995035279740816,0.07347646744487923,0.057396581228791585,0.05333367192762658,0.051120486173105203,0.04590473968882469
0.8924767635310258,0.3756313937354922,0.09952913528210673,0.09612193160582301,0.0953027890058904,0.09103087885467807,0.08541809365206682,0.061476855896494105,0.04478089356821993,0.04472258029644989
0.966060960189812,0.1777336225581295,0.16010415984428342,0.04962803007709143,0.04594916306934823,0.03884440366142849,0.020228107585327993,0.020066030724034206,0.017510760662384516,0.016672034369346663
0.9220130333154695,0.2775967861767425,0.1301262702591134,0.1221264875243046,0.09760487916333958,0.07535739815652542,0.07022054953615797,0.06392805138358339,0.05639031946430635,0.04318449239181921
0.9957256346448865,0.059275800572923455,0.040802384337385325,0.03270849913845946,0.026845693457744943,0.020655403472484294,0.015667570023893608,0.012372274751376212,0.011125965232839543,0.010509433429434025
0.9760513359058478,0.19209923523639405,0.049807650782235674,0.03686567622962571,0.03676202853934578,0.03413527877405427,0.03375530820879712,0.021204520128823845,0.021122394875692976,0.020252392685086072
0.9967582806902826,0.059312784995175984,0.03253040384771019,0.026866924414218087,0.020823092274888398,0.013141786784964658,0.010692489495853243,0.010559556244639865,0.006895859150088832,0.006820222778152366
0.9648805749835679,0.17232284456503816,0.17214545065832357,0.05082403216379117,0.04595801030887644,0.03895161511605857,0.020217234122220127,0.020067269833577536,0.01924933808547175,0.017971063279980676
0.9257155921034438,0.26099911604975556,0.15866990192059205,0.10582722285890765,0.06562671475872214,0.06264320283167588,0.05950199904984879,0.05275521650029698,0.046899807017785095,0.04521803907243473
0.6506525560138209,0.5670185619681044,0.3533712086926632,0.2504555469677107,0.13105676580144748,0.09828047092960408,0.0893738462607164,0.05463129192049034,0.04960388030252474,0.04777444458334179
0.9777845100937425,0.19201429248154434,0.038691725966388875,0.03598675071335312,0.03385493106484162,0.029470043308471968,0.029094560512159133,0.0191048096171627,0.0174887008901287,0.01283463575403555
0.6307341501602756,0.6084793075949717,0.417655200188384,0.19634403377342627,0.07032562596505683,0.06228251850864016,0.053354393460770956,0.04353348946366286,0.035731476380679736,0.02467569622770343
0.9225469081275317,0.25766413562806323,0.21269695146977513,0.08268381915474396,0.059279704405950956,0.050897144064972415,0.04894151289999138,0.04746563920611928,0.04522646862755675,0.044660996646052616
0.7687990014352796,0.4897976368344413,0.3559842538414224,0.15080754826555784,0.07067478604756197,0.05777708532053507,0.05240743317120521,0.05229530151124588,0.028786649507464977,0.0285833680687571
0.9928313877607616,0.06644896862470946,0.060404248648777296,0.03538694266678056,0.029733471737111553,0.023302603575289106,0.02096364235687436,0.019973676541132877,0.017377411584605706,0.01659047387329343
0.9501069987302067,0.23961047019533457,0.134457186173414,0.08825145720674137,0.0715108997426927,0.0445667091509618,0.04311313227967011,0.031163521129716945,0.02747686793924901,0.02308397874101986
0.994025634889555,0.05023950981890692,0.03809401686613122,0.03602784802948399,0.0346458988734004,0.03050579035970855,0.028708653913093324,0.028027013964836863,0.021937616783014268,0.020843904654628737
0.9656373202453191,0.10324537444466744,0.10276834897851933,0.10063996773236572,0.09753633953798901,0.09626343971824014,0.057722596014096066,0.05024433701151552,0.042537583889131085,0.040218663286522474
0.6863802431430106,0.6582874786417839,0.262531286153508,0.08068241806077878,0.07071612020669812,0.06586733146316236,0.0536052123736545,0.0434342116902713,0.041755224304061166,0.02399064703231661
0.5971328640771697,0.5494629284814306,0.35863729886365414,0.2770413766949149,0.1359711438644581,0.11476659869376563,0.11475358375427899,0.08857986103269919,0.08852654058018884,0.08440533037753677
0.8945349803750681,0.3569828739802562,0.18870288767974647,0.1218468968000424,0.09291492455706009,0.0707497995895489,0.0336423446842858,0.031410886953973066,0.029206244828068897,0.02426891137593547
0.8196874569297569,0.5559851535223663,0.07073325806943165,0.061088245484104034,0.058360692446775206,0.05685875744972144,0.034901169903108285,0.020364099762647928,0.018372822650704466,0.013124799306112782
0.9810908136370213,0.09717086435876363,0.06716931452403116,0.062397333496553575,0.05692465958709286,0.046820710237993765,0.03991029178342098,0.03458694605944081,0.03386286856109439,0.03334681410131213
0.9328777239529203,0.24648981093713151,0.10254620992565923,0.10110606568103266,0.10074436285035188,0.09850466946370616,0.08558890961285368,0.07042804210445353,0.06555660975060647,0.04977966395932101
0.9252396023566426,0.25510593012010074,0.2528732453740055,0.059830382564482115,0.05092731797300476,0.03955668547161377,0.03568877071817395,0.031029833213858965,0.026566107096027247,0.025021502226667904
0.9957202833407679,0.06759632700791333,0.038468524858194256,0.023452547345648958,0.020891044907475165,0.018170051248449767,0.016941502583278308,0.015961470550184806,0.011352578665569232,0.008843879263018928
0.9927421862328587,0.06786577182128345,0.06704974172815052,0.04912134609444758,0.03883860877714883,0.024341208588871354,0.01809185867999791,0.011535743896171678,0.008688431945645862,0.007861101589412302
0.9449128688592914,0.2199688186706132,0.11970734967280755,0.11806663170987822,0.1021340637127921,0.08809561889995629,0.07306609111719936,0.033429632929329774,0.025750312758570256,0.024271002719812557
0.729572064032709,0.6552334889332302,0.08349372549243672,0.0827486307242012,0.07220438490879928,0.0683294784088132,0.05053993729628595,0.049698204987997235,0.048115238686566905,0.04558002226614775
0.9651855720773213,0.22488693533085077,0.079914447808662,0.05457429017200836,0.048793023597232636,0.030174473602164475,0.0266473307121411,0.025828721726829085,0.02515188976088653,0.019545356513295264
0.8465295683092183,0.40240075597515435,0.25626270511709975,0.14114016130452015,0.11868242281625056,0.07561275919864326,0.05067959219639262,0.04376103571790298,0.042588750633110566,0.03909996730367728
0.7258561275823765,0.5623654201944535,0.2701051692852546,0.16601699418346672,0.14833667821584912,0.0982900751296215,0.07277952510196722,0.05498149346082249,0.050483997476876985,0.034283794968179016
0.9367203589603524,0.23450418466863546,0.18140507058434804,0.11711467821223956,0.10038107448323588,0.03786463736187034,0.03347183443420306,0.03305055091470453,0.02693872097215719,0.025738661214986656
0.8379781903355434,0.3941417967813951,0.2876384386508275,0.11108622007698832,0.08272253459420593,0.07890883444814804,0.06780706319342834,0.06540770052214731,0.06234405773094068,0.056957105165396406
0.7492911917078565,0.40058920135823867,0.3271389058792918,0.22782235878234824,0.14452010810122407,0.09592442281678672,0.09331011489525902,0.08483796528140047,0.08350602766230429,0.07880270891710571
0.9638953443945543,0.21095223420674053,0.15144555430253,0.025139034321476843,0.023105337117789986,0.021330435686692118,0.013775320616890874,0.012643695789728548,0.011352693706568247,0.010641662438435822
0.9952556094349264,0.06914764091242791,0.03942279796409916,0.03288771276240375,0.023456401905013524,0.02255926063876619,0.014965993103406785,0.010994992034293702,0.0103358372361262,0.008804669577935771
0.9962011828893627,0.06925146096845687,0.032902271612823886,0.02349753528386391,0.022929980941490864,0.011011561819451015,0.010892646697527389,0.010737783116660045,0.007188817372907934,0.005442382694021107
0.9561011542862685,0.23475491493349904,0.08436686417956643,0.07127199997966131,0.0615301846191066,0.05813615033220898,0.05477390197412531,0.03264207536371226,0.028015301742343166,0.026990456308395354
0.9979798015637762,0.03782757833645503,0.024010181927405096,0.02326585681495391,0.022236326558899133,0.016117466614620123,0.014071401312364331,0.010343858230526063,0.009528174216378646,0.0078096896053882715
0.9239853151271167,0.24884640243991166,0.20355240501646865,0.10763583821092018,0.08883224022998175,0.0823584970292063,0.059563431296643314,0.04263444915737575,0.04047235068065591,0.0364387514147174
0.9538986813290083,0.23063650436426317,0.0900229925952785,0.08214698918903832,0.06711659365112096,0.061496220262538336,0.05777391672791799,0.056040395314334995,0.042906258863796,0.027364684710253884
0.9929712003465839,0.08949412375613294,0.0577737896410228,0.029771515965756543,0.020021652763041173,0.01683458291252288,0.016509235629033444,0.013664694246917672,0.01282959083808566,0.008628113437091906
0.9947636979299623,0.07439138397628767,0.039229499064415294,0.03639789093334664,0.021808159232516156,0.018359731780718962,0.01561312973487522,0.00956354368939887,0.008738113853611928,0.00843650077397479
0.90183507711461,0.2614135892778367,0.22119154325342302,0.17515517689636123,0.09484858524297317,0.09315380013901264,0.0854191823912514,0.07361308674962942,0.05830789457128143,0.02735770279909802
0.9808348565152091,0.13256484486980932,0.08883836025964188,0.08717903556020229,0.027534402520084357,0.02408607977831072,0.022821007602058893,0.02228993480927298,0.021580501282605684,0.01957212421486743
0.9407625240852223,0.22929031454470958,0.13777700852959973,0.09999717827626671,0.08510786281076912,0.05497138810368628,0.05031069872404801,0.05026831539230281,0.04170625737278341,0.04137910785487285
0.7672646808080879,0.5727120159357623,0.14749532883104843,0.14653593859788902,0.14339336135405464,0.07992735019631651,0.04267773146064007,0.041487717858729546,0.03777594906154713,0.031418709800856065
0.9460818015541692,0.1668728610232409,0.12658071848321714,0.12372348177995526,0.11957593073253917,0.06226252259313569,0.05508932091640448,0.05273031133091939,0.050944886643660724,0.04844953434329557
0.7269811094628704,0.3654940024852545,0.2955652614575049,0.2074315834316218,0.18899168696476926,0.1751162491420167,0.15698077055434256,0.13504682814828678,0.11823901463965736,0.1074046430382276
0.9244551955591304,0.3609328693903109,0.08355389178084793,0.02891070810649837,0.02839487365321498,0.026536838001379976,0.024988220437806463,0.024736724986073023,0.022013471656342085,0.019152014475059435
0.8945734459783528,0.38379448878580924,0.10725753531992957,0.09979152576997262,0.08907562749785373,0.06996484144873573,0.05319606580108404,0.048852977454504634,0.041131678685490856,0.03897238828925045
0.9653141707741896,0.22714303582531595,0.08695913784199301,0.062184480637177575,0.030018720702040542,0.02500506333579255,0.024887392494536937,0.01991844117004033,0.018920523151459097,0.018840711903240694
0.9127573362254264,0.31152822874362635,0.1944109212058144,0.12092100615007889,0.061074989247043535,0.05533205868508956,0.049230894632703005,0.03742633537519603,0.035917451733577625,0.02369104075841399
0.9618399853364045,0.16148319519825385,0.1501043335907371,0.11635414147956376,0.07474271502954916,0.034661091950705006,0.02861969372082699,0.027263926198945646,0.024332413229654654,0.020768206785227946
0.912808685332547,0.3059238940176842,0.16002946775651725,0.08000907384982552,0.07621899234710264,0.07404394933329722,0.07197689639554194,0.05836248554369133,0.050848685696347755,0.04642977419398334
0.8212509048266304,0.5086828453023867,0.17326528080996753,0.08574473364514557,0.06326817072918697,0.05923097156534087,0.056700472721393724,0.051009476908915614,0.04842748024853612,0.046079573897852784
0.7405159579700474,0.34740075936473475,0.28975176045261813,0.2493045634770928,0.21800377170764595,0.2165226510776039,0.1267439343451561,0.0868040373099971,0.07311002753790365,0.07116510461545893
0.9992705291580591,0.019855823358652037,0.014823643805164962,0.014247222285332813,0.010847128704844574,0.009416447732157081,0.00873937591236015,0.008704507685266588,0.00808176536755588,0.0074048265738698256
0.6934327106315267,0.2988808141418741,0.2683033600544151,0.24546672128897512,0.23859719600923426,0.17782943202753668,0.16770009654352172,0.1561291513817272,0.15132574537729432,0.121388927700811
0.7858702058224597,0.49515274717102264,0.21593353550484912,0.182561140778008,0.1632972139581643,0.08001549445792377,0.060606024181433245,0.06040988375260257,0.05896575202346364,0.05427156766481446
0.7580830793087256,0.6030416296375062,0.11425791363759864,0.1035743129400172,0.08943737786821801,0.08448098708188122,0.07669718703534173,0.07064918869218852,0.03923043362133805,0.030082362568724822
0.720521830240611,0.6741639426208708,0.07918739299881318,0.07819474468515292,0.06448287368200528,0.05912418444165459,0.04227907467705268,0.032742901881172175,0.02650812771311449,0.018104482354244025
0.9790148299630684,0.12343456463638601,0.06544057122008731,0.05553422927835308,0.055151260410167983,0.05239119795904083,0.048874127506225926,0.034371623166102025,0.03362267895593623,0.03318780989363724
0.9499380323988414,0.2241940023199911,0.11522962427578715,0.08847373899719962,0.08753650452447617,0.07139831026829596,0.06329652079957476,0.04934442367110998,0.03243546923588855,0.028120620371162138
0.7260407305288462,0.6526817386940919,0.11108929198770995,0.09645958964763497,0.07474821315889167,0.06787123883890696,0.06588404921302059,0.0526633314041126,0.038776797180843196,0.033108512524030326
0.7268690577781328,0.5738131093381251,0.34571425018090085,0.061507782848158485,0.055149030293043015,0.05292657227551989,0.05151770516390821,0.04908867702159778,0.04674775642778252,0.029129554887839706
0.9744248794766939,0.10759561096564771,0.08358513468289272,0.07911918896536756,0.07191504761285514,0.06681448545466537,0.06033890663078751,0.05039495534146981,0.04927159692914682,0.03727614990017542
0.9201492549932131,0.36517498668217035,0.07774440172883489,0.05765319966961768,0.05686111299131548,0.030887615166848334,0.0294560971721367,0.02833099798868626,0.026529578700120623,0.021803466353019645
0.9705443213357813,0.1597910505793012,0.1509386389371263,0.04262800898315428,0.04139715869070954,0.03699933312217338,0.03536049727888852,0.03060413794929618,0.022059678896153914,0.021662673515874618
0.978295049218884,0.1473117093217615,0.06963175142074057,0.06748861869156872,0.04626472182280226,0.037993900319802355,0.03489120756028414,0.03108989903859132,0.029153407022837505,0.026064604936176024
0.7784699402031643,0.32703994513154055,0.2671392725476564,0.1926503573751046,0.18297308778325785,0.16439834679105492,0.1457455154536763,0.133653507866377,0.09269863957172235,0.0814196615663175
0.7689480591969536,0.49234470717403717,0.20865468658964934,0.19627981630023966,0.14371930681805106,0.11189153655916935,0.1045691965824158,0.09035109132276939,0.07777243134241948,0.04894259487888663
0.8264916857717811,0.4790215333015176,0.19021280348621966,0.09735647083349817,0.095325812454764,0.09445363835068539,0.05485039298763601,0.05328527871606672,0.05289693847555666,0.045104788294585925
0.9575111158739744,0.21924910432348133,0.10306697354487454,0.08523858725604057,0.0619731981988883,0.06000501869104208,0.03912840575651417,0.03066887124814108,0.03066011082955442,0.029702702346796873
0.714248210926864,0.684383209374686,0.08771450714678886,0.08014834068082807,0.05619534621684082,0.03792028403089366,0.026841511051546797,0.020660891151890837,0.019638285610501863,0.017187864285092863
0.9656015542842998,0.20059950176687402,0.08196135252976484,0.08100651595313478,0.048269792500486706,0.04292993546681589,0.036271618412875815,0.03238164199755213,0.031557153232540304,0.029822015752962987
0.943683087595777,0.24380322905134733,0.11025904764455252,0.09421461792451868,0.07735137596979125,0.05870377838189804,0.05064528045949587,0.04222182327010404,0.0402809945396641,0.03625984940586067
0.8896372893747236,0.2323219326671224,0.19850835352556223,0.13836619808006098,0.09560488731795608,0.09231785291679599,0.08602004191093605,0.0857968470414212,0.08165558962167012,0.07427179731448691
0.6244520713128473,0.5615267529529523,0.5080983206357893,0.07033195501861998,0.06597203425761468,0.05877026854754049,0.05336476157559024,0.051067064326276175,0.04277959908877623,0.040975040367285706
0.9594870591466397,0.24988056518838772,0.09555645052181357,0.04608531031246536,0.03638645719405939,0.030456984608784553,0.02722879292205318,0.022713147059908286,0.018412645087841326,0.0180146506922923
0.7586542993286643,0.36729620079143355,0.302836692632622,0.24202190903528067,0.17919740043656873,0.17543901289542468,0.14757611224779696,0.11871746707415452,0.07718649772239493,0.07102303170275927
0.7041505589531664,0.3570322332768823,0.3277838045411666,0.3074304488688697,0.20001594765712988,0.16099007111687966,0.13323569798973026,0.11691536576831597,0.10855909928405659,0.09639359221440949
0.9973229231492277,0.0452976539036311,0.030919844332627663,0.026629640075722754,0.019345865933785403,0.01626009561392237,0.012650416450463161,0.012135578260695673,0.011809123828956433,0.009552248755871877
0.6493068118328099,0.6059317991856221,0.2581759359856322,0.16393048596636645,0.13739742560931806,0.11754063935383634,0.11516923326836,0.11329203371734849,0.10101914075734478,0.07887713144080648
