tg,0,2,9,33,other
0.0,1.0,0.0,0.0,0.0,0.0
0.20023181807199808,0.9999999999963262,3.125068601701755e-18,9.249959502208096e-14,5.516076578367544e-20,3.5801635942225728e-12
0.40046363614399616,0.9999999994183912,7.335363072843387e-17,5.587335729051995e-12,1.54642106999536e-18,5.760211465918832e-10
0.6006954542159942,0.9999999979461125,2.1685494601711015e-16,1.3323997248779876e-11,4.671689284845965e-18,2.0405624662291e-09
0.8009272722879923,0.9999999981250254,5.044678493817683e-16,2.2703586056341836e-11,9.762590542767458e-18,1.8522689649853305e-09
1.0011590903599905,0.9999999992528606,1.3223199716309157e-15,1.1410297458200908e-10,3.2449537431983414e-17,6.330338130510725e-10
1.2013909084319885,0.9999999950422623,2.4885284601049123e-15,2.6777036558029405e-10,7.064401166596324e-17,4.689963598939414e-09
1.4016227265039864,0.9999999935553816,4.077596041914244e-15,2.3511630162357084e-10,6.515000005194156e-17,6.209496750685599e-09
1.6018545445759846,0.999999998067671,7.54049155381193e-15,6.991208090440194e-10,2.1906190653359908e-16,1.2332005169772123e-09
1.8020863626479828,0.9999999789847717,1.1887096367112429e-14,1.2975098392347125e-09,5.202647675466118e-16,1.9717706193333964e-08
2.002318180719981,0.9999999876567917,1.7647465497336816e-14,1.1807785717512559e-09,4.0364919633945757e-16,1.1162412845065683e-08
2.2025499987919788,0.9999999958653418,2.787823576984985e-14,2.3780649771324934e-09,1.068448185980206e-15,1.7565651438148467e-09
2.402781816863977,0.9999999763109729,4.0402217195904425e-14,3.6319536483946517e-09,1.8760664372606588e-15,2.0057032861577733e-08
2.603013634935975,0.9999999698219523,5.648693866950457e-14,4.1044207342757e-09,1.8650491495758105e-15,2.6073570648779292e-08
2.803245453007973,0.999999989028635,8.067179815780562e-14,5.584036267442608e-09,3.8962587542874395e-15,5.387245272808543e-09
3.003477271079971,0.9999999703023249,1.1072066976212798e-13,9.295825384539033e-09,7.2446200975479e-15,2.0401733875802e-08
3.2037090891519693,0.9999999331795381,1.4560419749645036e-13,9.358425966750528e-09,5.505796653818752e-15,5.746188631819374e-08
3.4039409072239675,0.9999999842614564,1.9586284303130312e-13,1.2149600303229644e-08,1.1573364010231889e-14,3.588737016676262e-09
3.6041727252959657,0.9999999337357045,2.5654561087512344e-13,1.9238757841673746e-08,2.096888158113848e-14,4.702526093051091e-08
3.8044045433679634,0.999999918152504,3.2579857098730077e-13,1.8976245060462803e-08,1.6644151001717028e-14,6.287090870394378e-08
4.004636361439962,0.9999999615642734,4.1955295783389235e-13,2.3526013689575054e-08,2.927223649482267e-14,1.490926429752513e-08
4.204868179511959,0.9999999358705427,5.314630744591772e-13,3.311067661409133e-08,4.571012616545102e-14,3.101820415612498e-08
4.4050999975839575,0.9999998802310033,6.57649277220895e-13,3.7937576804688515e-08,5.1208268706920585e-14,8.183071139298886e-08
4.605331815655956,0.9999999147577577,8.169150910486406e-13,3.920898001647868e-08,5.841825475641992e-14,4.6032389290556534e-08
4.805563633727954,0.9999999225467288,1.008789279021629e-12,5.638993231373334e-08,1.0501292628686153e-13,2.106222774080321e-08
5.005795451799952,0.9999997751524261,1.2173217195744916e-12,6.389789630736912e-08,1.0899221019346813e-13,1.6094835353444103e-07
5.20602726987195,0.9999998931585052,1.4752037849913508e-12,6.519945858327691e-08,1.2973448965192943e-13,4.164043314244993e-08
5.4062590879439485,0.9999998726607189,1.7817295558475826e-12,8.997601544972713e-08,2.0553822789941586e-13,3.736127998804853e-08
5.606490906015946,0.9999997573078767,2.1133122006010663e-12,9.872016184290118e-08,2.1303885433735243e-13,1.4396963690669074e-07
5.806722724087944,0.9999998079403173,2.510467499526055e-12,1.0536504249231893e-07,2.3869320831712506e-13,8.669189241671477e-08
6.006954542159942,0.9999998495018371,2.977919833988832e-12,1.3039114953958273e-07,3.760855070499437e-13,2.010365904843402e-08
6.20718636023194,0.999999711463155,3.4844061511648184e-12,1.5650968885611467e-07,4.542868088634804e-13,1.3202321726168163e-07
6.407418178303939,0.9999996589468919,4.064817931838488e-12,1.5330960751836174e-07,3.7782205567888013e-13,1.877390572086589e-07
6.607649996375937,0.9999998023478875,4.75199741476897e-12,1.8893474991356295e-07,6.83154490284939e-13,8.711927544642523e-09
6.807881814447935,0.9999995292229126,5.487684865320574e-12,2.2975411259367564e-07,8.180737721712647e-13,2.410166692369372e-07
7.008113632519933,0.9999996120623095,6.318417520047916e-12,2.2245357230855247e-07,7.156993868572479e-13,1.6547708441253766e-07
7.208345450591931,0.9999997119224258,7.291308377872803e-12,2.6693070921705214e-07,1.1215602212848074e-12,2.11384518942211e-08
7.408577268663929,0.9999995018309907,8.335687377257584e-12,3.1284054366965366e-07,1.3033574264573133e-12,1.8531882600743414e-07
7.608809086735927,0.9999994433835843,9.49425004722352e-12,3.2685386506099446e-07,1.263377990265442e-12,2.2975179435145827e-07
7.809040904807925,0.9999995898029377,1.0831454240377173e-11,3.5526141966611733e-07,1.7547326607778193e-12,5.4923058771348343e-08
8.009272722879924,0.9999994415639898,1.2279544425421972e-11,4.342088208234787e-07,2.2324860669058964e-12,1.2421267936930327e-07
8.20950454095192,0.9999991237485981,1.3840371805774673e-11,4.43586059100601e-07,1.8758500061620464e-12,4.326496273095225e-07
8.409736359023919,0.9999994760478592,1.5641802113111514e-11,4.768771368795984e-07,2.796541029995176e-12,4.705656787717089e-08
8.609968177095917,0.9999992052176164,1.7589578069922003e-11,5.849486672177461e-07,3.5075133048384586e-12,2.098126210508581e-07
8.810199995167915,0.9999990470949232,1.9670959147501027e-11,5.880940788505596e-07,3.040335521738282e-12,3.647882887983732e-07
9.010431813239913,0.9999992634168777,2.20454394803082e-11,6.354253304807971e-07,4.05863481836452e-12,1.0113169068197169e-07
9.210663631311911,0.9999991238982604,2.462328405615494e-11,7.439817605893422e-07,5.1194492038654694e-12,1.3209023841965628e-07
9.41089544938391,0.9999988259378764,2.7361081034125052e-11,8.020483306921124e-07,5.2094328310084796e-12,3.7198122347264144e-07
9.611127267455908,0.9999989260497332,3.042076099062715e-11,8.060500938957474e-07,5.51209972061168e-12,2.678642417988692e-07
9.811359085527906,0.9999989871757184,3.377699533991382e-11,9.543365453836708e-07,7.878802534377765e-12,5.844608262438548e-08
10.011590903599904,0.9999983113569718,3.7288341015082714e-11,1.040132958349012e-06,7.580771581545105e-12,6.484652016070895e-07
10.211822721671902,0.9999987367479516,4.119005013728197e-11,1.0326491252103239e-06,8.310209583166467e-12,2.3055342263096046e-07
10.4120545397439,0.9999986905471636,4.547479636718242e-11,1.2123640148014134e-06,1.1224162144660145e-11,9.70321211359168e-08
10.612286357815899,0.9999981808928669,4.9951017313691605e-11,1.2969878759686038e-06,1.0862577390565487e-11,5.220584424911189e-07
10.812518175887897,0.9999983254224288,5.4871622626217186e-11,1.3350210719163425e-06,1.1519972357720895e-11,3.3949010529956563e-07
11.012749993959895,0.9999984559147388,6.02705074092875e-11,1.4802206658541128e-06,1.5508820290904904e-11,6.378881498479234e-08
11.212981812031892,0.9999979409085764,6.593038930203066e-11,1.6575856711979006e-06,1.6808135307073726e-11,4.014230133460154e-07
11.41321363010389,0.9999976416029078,7.201135918014361e-11,1.6475896568755706e-06,1.4536166812621755e-11,7.107208871026897e-07
11.613445448175888,0.9999981513987033,7.872951925574695e-11,1.8183609738372879e-06,2.2133203244737436e-11,3.013945937042713e-08
11.813677266247886,0.9999972775303508,8.574793561068759e-11,2.069589374217127e-06,2.349913215659451e-11,6.527710272226068e-07
12.013909084319884,0.999997383381605,9.323170683319873e-11,2.0296104270169706e-06,2.1084046495086482e-11,5.868936512372727e-07
12.214140902391883,0.9999976934994907,1.014977757327727e-10,2.2296311093575884e-06,2.920692036733704e-11,7.673869444920598e-08
12.41437272046388,0.9999970331160297,1.1016196418554883e-10,2.4797821718887127e-06,3.1385652158851757e-11,4.869602509793473e-07
12.614604538535879,0.9999967896302158,1.1934451595959008e-10,2.5555112374885296e-06,3.022385565153075e-11,6.547089779323231e-07
12.814836356607877,0.9999971332931596,1.2938151102928834e-10,2.652043292383109e-06,3.758628747255847e-11,2.1449658227172278e-07
13.015068174679875,0.9999967151477999,1.4000039313361957e-10,3.0111373846118614e-06,4.448468791917378e-11,2.7353033135143013e-07
13.215299992751874,0.9999956892517119,1.5104641493169617e-10,3.098575956785988e-06,3.830577157226041e-11,1.2119829795457221e-06
13.415531810823872,0.9999966168614927,1.6312335623999498e-10,3.1806708977338245e-06,5.074945209556803e-11,2.0225373702955976e-07
13.61576362889587,0.9999959530480972,1.7595238569319418e-10,3.6334508893449136e-06,5.919683053001874e-11,4.1326586526152537e-07
13.815995446967868,0.9999953339307728,1.8923887413757181e-10,3.687261686293019e-06,5.192252544655421e-11,9.78566380750414e-07
14.016227265039866,0.9999958410139071,2.0373308806944525e-10,3.83567031749446e-06,6.346260228938814e-11,3.230485790357498e-07
14.216459083111864,0.999995490551496,2.1916357331438487e-10,4.242406503291567e-06,7.59812773576059e-11,2.667468562344586e-07
14.416690901183863,0.9999946541032397,2.3516978184754515e-10,4.4954412543542725e-06,7.486217490316411e-11,8.501454737473069e-07
14.616922719255859,0.9999947210435071,2.522837379960948e-10,4.49146252193715e-06,7.570311749091315e-11,7.871659847299766e-07
14.817154537327857,0.9999949247727217,2.706789497345507e-10,4.981376249105367e-06,1.0229089007112087e-10,9.347806106941822e-08
15.017386355399855,0.9999932012960674,2.895920942070282e-10,5.361170930393214e-06,9.594393839536646e-11,1.4371474680149323e-06
15.217618173471854,0.9999940233265688,3.09700747074426e-10,5.286686969743083e-06,1.0010840386296346e-10,6.895766550179653e-07
15.417849991543852,0.999993991725061,3.3146889782983635e-10,5.853045889235546e-06,1.2951404836996347e-10,1.5476807003304928e-07
15.61808180961585,0.9999926564795131,3.538667915295425e-10,6.210071329184852e-06,1.2238275681317415e-10,1.1329729126337998e-06
15.818313627687848,0.9999928635112126,3.7764546105150147e-10,6.316019483968319e-06,1.2585105754137882e-10,8.199658097075398e-07
16.018545445759848,0.9999931271818161,4.0322563236605257e-10,6.714980229266754e-06,1.5999333869965677e-10,1.5727473750783252e-07
16.218777263831843,0.9999919184461107,4.29783091627904e-10,7.316182248089117e-06,1.6757746071415878e-10,7.647742834906969e-07
16.41900908190384,0.9999909862514661,4.573152817805655e-10,7.334944357714805e-06,1.4545241496430227e-10,1.6782014114667683e-06
16.61924089997584,0.9999921493988014,4.870555354015112e-10,7.740979221613733e-06,2.0610226573891424e-10,1.0892882255469905e-07
16.819472718047837,0.9999902660481716,5.180137583021859e-10,8.55829107020839e-06,2.116420135316324e-10,1.17493110401766e-06
17.019704536119836,0.9999901338827879,5.49896649452291e-10,8.466917865576631e-06,1.8858286307927964e-10,1.39846086845903e-06
17.219936354191834,0.9999908203272878,5.845744476775365e-10,8.960524436165355e-06,2.478233580557031e-10,2.1831588035579169e-07
17.420168172263832,0.9999893974987565,6.207617557515439e-10,9.727395222127688e-06,2.6070828147942086e-10,8.742245527512685e-07
17.62039999033583,0.9999887031367297,6.581692381689058e-10,9.978877132276904e-06,2.485248554102781e-10,1.317079446220623e-06
17.82063180840783,0.9999892413732699,6.980708307207703e-10,1.0162671473191413e-05,2.9080801535454915e-10,5.949663807882689e-07
18.020863626479827,0.9999884260316768,7.402103079867537e-10,1.114059330185931e-05,3.393794693732066e-10,4.3229543402691313e-07
18.221095444551825,0.9999860696696372,7.830024330447382e-10,1.1517262617128288e-05,2.9407496503242076e-10,2.4119906709380053e-06
18.421327262623823,0.9999878258086324,8.284495623531044e-10,1.1588804067974153e-05,3.632203014570562e-10,5.841956312593913e-07
18.62155908069582,0.9999866213242379,8.770131601141532e-10,1.277543074148328e-05,4.180511172754824e-10,6.019499587988247e-07
18.82179089876782,0.9999849838879477,9.262102008649691e-10,1.3050113156438757e-05,3.654923713507013e-10,1.9647071974614527e-06
19.022022716839817,0.9999858907193266,9.788015401027524e-10,1.3342419979151286e-05,4.2509064664886255e-10,7.654568047090869e-07
19.222254534911816,0.9999852541872022,1.03478538418855e-09,1.4329512706434106e-05,5.014181171482436e-10,4.147638911431668e-07
19.422486352983814,0.9999834451772998,1.0921484738440564e-09,1.5064630051461084e-05,4.861023059410675e-10,1.488614402732973e-06
19.622718171055812,0.9999832101707925,1.1516308519649429e-09,1.504608107925845e-05,4.738457059491158e-10,1.7421226559333561e-06
19.82294998912781,0.999983735528933,1.2154493849353428e-09,1.6121230240596954e-05,6.295697013945884e-10,1.4139581150408943e-07
20.02318180719981,0.9999803100667889,1.2805870795423113e-09,1.722857386672125e-05,5.858274305374446e-10,2.459492933361551e-06
20.223413625271807,0.9999814464967756,1.3474571147080874e-09,1.697762172861624e-05,5.857192773436064e-10,1.5739483230157279e-06
20.423645443343805,0.9999815537232709,1.420384864080976e-09,1.821236025485503e-05,7.488296886007503e-10,2.3174726435735843e-07
20.623877261415803,0.9999788071560367,1.4949649496325735e-09,1.9235649087017324e-05,7.026411243371997e-10,1.9549972744012594e-06
20.8241090794878,0.9999789383121952,1.5722748304913984e-09,1.9465338843364118e-05,7.054561778061425e-10,1.5940712340457033e-06
21.0243408975598,0.9999793829865415,1.6550333593204621e-09,2.0236814361967777e-05,8.687381270535208e-10,3.7767532983209295e-07
21.224572715631798,0.9999771087789532,1.7410596810103254e-09,2.17078123956419e-05,9.034636450656648e-10,1.1807641342097219e-06
21.424804533703796,0.999974927774808,1.8275308345742693e-09,2.1906745626941866e-05,7.805577113423088e-10,3.1628714838921576e-06
21.625036351775794,0.9999770997581674,1.9198390640535674e-09,2.2558709109197905e-05,1.0572302063880894e-09,3.38555661677879e-07
21.825268169847792,0.9999737677684863,2.0169652257460214e-09,2.4500905007691616e-05,1.0836638042504015e-09,1.7282258850806134e-06
22.02549998791979,0.9999728465652614,2.1137794462153935e-09,2.442289567840153e-05,9.500362876764238e-10,2.727475255046916e-06
22.22573180599179,0.9999741493788148,2.218953121991581e-09,2.5314477418826506e-05,1.2091292849499446e-09,5.327156954220423e-07
22.425963624063783,0.9999716324744843,2.3295310959494593e-09,2.706411014619115e-05,1.27305270363279e-09,1.2998127977881904e-06
22.62619544213578,0.9999700380428069,2.4416534644744e-09,2.7721292493063594e-05,1.2012094449806125e-09,2.2370218505429233e-06
22.82642726020778,0.999970664509113,2.5591208206970706e-09,2.79756351562319e-05,1.3419252559298612e-09,1.355954696683885e-06
23.026659078279778,0.9999694025426837,2.684320790333925e-09,3.000349823518896e-05,1.5783794983225395e-09,5.896963939560652e-07
23.226890896351776,0.9999648855543835,2.809080565978367e-09,3.1113429700046146e-05,1.372902535321918e-09,3.99683394622164e-06
23.427122714423774,0.9999676420458291,2.9379054710546984e-09,3.099624549695081e-05,1.6024267285656795e-09,1.3571683529122656e-06
23.627354532495772,0.9999658261725879,3.078618462320291e-09,3.340627621933118e-05,1.8618425619315956e-09,7.626107436039417e-07
23.82758635056777,0.9999623366738599,3.218619799945861e-09,3.429472273777516e-05,1.621499393893127e-09,3.3637632946700585e-06
24.02781816863977,0.9999637298720617,3.366010420339981e-09,3.473441058686803e-05,1.8172381720912689e-09,1.5305341138950646e-06
24.228049986711767,0.9999627845736081,3.5246446409261357e-09,3.6610350168256354e-05,2.1400771310574716e-09,5.994115144940225e-07
24.428281804783765,0.9999594121691254,3.6862906307814042e-09,3.831154728018504e-05,2.0617761717511285e-09,2.270535540186076e-06
24.628513622855763,0.9999583809095917,3.84886794294858e-09,3.833380866418406e-05,1.947077365173979e-09,3.279485809750233e-06
24.82874544092776,0.9999595552424827,4.024111512463689e-09,4.01726507291599e-05,2.5740840453225554e-09,2.6550860214314953e-07
25.02897725899976,0.9999536687860305,4.203552381086281e-09,4.270499263107864e-05,2.4051206117474427e-09,3.61961267530618e-06
25.229209077071758,0.9999547587061972,4.3806559202213375e-09,4.2172535858694096e-05,2.3083037746647097e-09,3.062068994244268e-06
25.429440895143756,0.9999552606797693,4.577489893543317e-09,4.433011755136546e-05,2.9468453920421567e-09,4.0167835290235943e-07
25.629672713215754,0.9999503858395116,4.779381383272827e-09,4.6653384263728756e-05,2.7778793758629476e-09,2.9532189722000613e-06
25.829904531287752,0.9999501412140727,4.9838627509244e-09,4.711513291402635e-05,2.7308957935541443e-09,2.735938262709369e-06
26.03013634935975,0.9999508091855114,5.2028044489887486e-09,4.831680188511881e-05,3.279641956361058e-09,8.65530165680154e-07
26.23036816743175,0.999947089464745,5.432616924066332e-09,5.1271024156950926e-05,3.4373694197489283e-09,1.6306411192918495e-06
26.430599985503747,0.9999427697866959,5.65678977295454e-09,5.2016889642216095e-05,2.955952828576856e-09,5.20471092650563e-06
26.630831803575745,0.9999463606605615,5.892810101771196e-09,5.275332003048843e-05,3.849681850808609e-09,8.762769243662061e-07
26.831063621647743,0.9999411798530424,6.1473960598721046e-09,5.655587687851484e-05,4.004636129330023e-09,2.2541180572036004e-06
27.03129543971974,0.999938543992788,6.392738310428027e-09,5.676064269994313e-05,3.4509026123538566e-09,4.685520880272577e-06
27.23152725779174,0.9999407859313658,6.65964447217236e-09,5.8061010948178614e-05,4.277115173122154e-09,1.142120935331746e-06
27.431759075863738,0.9999368739985574,6.945442468233517e-09,6.137110922347734e-05,4.556954963612061e-09,1.7433898296708706e-06
27.631990893935736,0.9999336944826206,7.230526783575265e-09,6.284703607897672e-05,4.262864681082711e-09,3.4469879166241498e-06
27.832222712007734,0.9999341458033447,7.523394174241773e-09,6.314414972872321e-05,4.570957387062855e-09,2.6979525828052797e-06
28.032454530079733,0.9999325514935692,7.840342198372601e-09,6.665851880364467e-05,5.467276811538833e-09,7.766800134668192e-07
28.23268634815173,0.999924837666955,8.152542502619337e-09,6.925514427021631e-05,4.7855150699584346e-09,5.894250724277021e-06
28.43291816622373,0.9999285812151935,8.463300082767627e-09,6.866610074920071e-05,5.297115428115372e-09,2.738923647676659e-06
28.633149984295727,0.9999262423516206,8.814304765831961e-09,7.280561093076898e-05,6.272420787589796e-09,9.369507290466648e-07
28.833381802367725,0.9999197847898201,9.1595220347977e-09,7.501751558239377e-05,5.464947148351821e-09,5.183070134580127e-06
29.03361362043972,0.9999216793366148,9.51620276868837e-09,7.556886729184414e-05,5.928629834854424e-09,2.7363512660840517e-06
29.233845438511718,0.9999204771297452,9.906932590202377e-09,7.859576400650987e-05,6.993079230542023e-09,9.102062409870728e-07
29.434077256583716,0.999914800881469,1.0305566328002217e-08,8.198081741055013e-05,6.746496104203121e-09,3.201249062491527e-06
29.634309074655715,0.9999121869771916,1.069344074503611e-08,8.225492890786462e-05,6.2041731790059305e-09,5.54119629073618e-06
29.834540892727713,0.9999145309966931,1.1112922722338006e-08,8.485446984858496e-05,8.161031028952702e-09,5.952595086136421e-07
30.03477271079971,0.9999053806803099,1.1549364879508554e-08,8.977717012705835e-05,7.725166614701696e-09,4.82287503792463e-06
30.23500452887171,0.999905653168312,1.1960805108895622e-08,8.898345148022933e-05,7.13242456814372e-09,5.344286985080602e-06
30.435236346943707,0.9999069877613899,1.2428198432526758e-08,9.219720629159772e-05,9.100598327148383e-09,7.935035279623244e-07
30.635468165015705,0.9998991998823964,1.2914348013482578e-08,9.669068752454207e-05,8.690563221554477e-09,4.087825173654339e-06
30.835699983087704,0.9998980386467764,1.3394616295399303e-08,9.760970478503241e-05,8.379741491971206e-09,4.3298740839685525e-06
31.035931801159702,0.9998989316606964,1.3908548051381987e-08,9.921795693722408e-05,9.814963634655048e-09,1.8266588567549357e-06
31.2361636192317,0.9998934580645097,1.445687355652216e-08,0.00010438451208654212,1.0459149581056824e-08,2.1325073808743214e-06
31.4363954373037,0.9998858002724702,1.49779608437915e-08,0.00010636183739079633,8.97598093456926e-09,7.813936196800799e-06
31.636627255375696,0.9998912116197358,1.5513846286712976e-08,0.00010680472305805951,1.1225881364437452e-08,1.9569174760683557e-06
31.836859073447695,0.9998839259312108,1.611368930278489e-08,0.00011330503097804486,1.1960242898178767e-08,2.740963874854455e-06
32.037090891519696,0.9998782109114218,1.6674183356673957e-08,0.00011441089621202902,1.0161435213131989e-08,7.351356743003669e-06
32.23732270959169,0.9998817743199423,1.728118816689229e-08,0.00011599143352801684,1.2265092726244284e-08,2.2047002451112385e-06
32.437554527663686,0.9998762639200734,1.7949122287288257e-08,0.00012146993086208685,1.328779537694138e-08,2.2349121435448257e-06
32.637786345735684,0.9998705371465987,1.8607391758691422e-08,0.00012443646933211816,1.2352298042898268e-08,4.9954243776540605e-06
32.83801816380768,0.9998703196376798,1.926736886863776e-08,0.00012480515605414684,1.2755985777956294e-08,4.843182910664056e-06
33.03824998187968,0.9998687601832444,1.999323192293021e-08,0.00013011995542867966,1.5542636313421754e-08,1.0843254575364915e-06
33.23848179995168,0.9998566330292634,2.0708037933344815e-08,0.00013530921570416808,1.3738337218433608e-08,8.023308657854102e-06
33.43871361802368,0.9998610131475817,2.138641784456123e-08,0.00013394981801309228,1.444129620757215e-08,5.001206692247314e-06
33.638945436095675,0.9998585029788761,2.2182577453664e-08,0.00014022406854757988,1.7470500669476843e-08,1.2332994996382398e-06
33.83917725416767,0.9998477241605387,2.2965078165478854e-08,0.0001448446324359323,1.5310720682101104e-08,7.392931227599024e-06
34.03940907223967,0.9998499692283416,2.3753000748141415e-08,0.0001454701422723218,1.6110072654667655e-08,4.520766312312487e-06
34.23964089031167,0.9998486431277752,2.4633041527357134e-08,0.00014979477936299327,1.9004730919723006e-08,1.5184550857215698e-06
34.43987270838367,0.9998398225693587,2.553835952518218e-08,0.00015581920458809,1.847615517309684e-08,4.31421153523291e-06
34.640104526455666,0.9998344847354422,2.6390503521309453e-08,0.00015682669875003206,1.6635051071689318e-08,8.645540248809704e-06
34.840336344527664,0.9998387101226501,2.7307777697252e-08,0.00015989629000420023,2.166547381694645e-08,1.3446140903696743e-06
35.04056816259966,0.999825542078112,2.82900667627013e-08,0.00016839462797392746,2.0917462754699894e-08,6.0140863804458145e-06
35.24079998067166,0.9998236790767652,2.9172832477297013e-08,0.00016766137759229775,1.8644388648714565e-08,8.611728415913593e-06
35.44103179874366,0.9998265046700255,3.019167147710994e-08,0.00017184691063366623,2.3704816662330965e-08,1.5945228457127123e-06
35.64126361681566,0.9998150582098353,3.1278726804743316e-08,0.00017955679168625102,2.306807030022047e-08,5.330651673084951e-06
35.841495434887655,0.9998120994872913,3.232625482454728e-08,0.00018137153937700337,2.1849220111271727e-08,6.4747978505017305e-06
36.04172725295965,0.9998131165596474,3.344083402938366e-08,0.0001833012912952457,2.4920396039882723e-08,3.523787818576462e-06
36.24195907103165,0.9998057664408689,3.465394690488887e-08,0.00019141838347482349,2.7146852144985823e-08,2.7533748483861035e-06
36.44219088910365,0.9997932517928905,3.578720168999022e-08,0.0001957133240178617,2.3326910458096834e-08,1.0975768971199758e-05
36.64242270717565,0.9998007406453355,3.691066351389836e-08,0.0001952940918504577,2.792893019355023e-08,3.900423211087791e-06
36.842654525247646,0.9997913711531341,3.8225104821071546e-08,0.00020530883667145444,3.0632821837399555e-08,3.251152259183555e-06
37.042886343319644,0.9997807524503622,3.9427384593548104e-08,0.0002084175810378552,2.578844630431731e-08,1.076475276038327e-05
37.24311816139164,0.9997860119619261,4.070860782276344e-08,0.00020999689861910846,3.026413382344755e-08,3.920166704369435e-06
37.44334997946364,0.9997788721105652,4.216518210835886e-08,0.00021817487735872022,3.3386450062415346e-08,2.877460432704949e-06
37.64358179753564,0.9997693460720994,4.3592748665026694e-08,0.00022363062452295494,3.093728670394366e-08,6.948773332636724e-06
37.84381361560764,0.9997676530150195,4.4983644171080115e-08,0.00022426081150223474,3.0873466723243626e-08,8.010316356768738e-06
38.044045433679635,0.9997668171996117,4.653131818903598e-08,0.00023141560178733438,3.823835321705045e-08,1.6824289205081442e-06
38.24427725175163,0.9997489429931353,4.807565240175474e-08,0.00024065037510138086,3.42687384603478e-08,1.0324287364030015e-05
38.44450906982363,0.999753076117844,4.946257011621055e-08,0.00023837908864932276,3.4255751717194505e-08,8.46107517373115e-06
38.64474088789563,0.9997511172370677,5.114764854239089e-08,0.0002469520662275835,4.2291259735870737e-08,1.8372577853760621e-06
38.84497270596763,0.9997345306558771,5.282565406099719e-08,0.00025543878000963883,3.7496800580167446e-08,9.940241646507022e-06
39.045204524039626,0.9997366705056101,5.4462059883822285e-08,0.0002561854381538657,3.831084758198626e-08,7.051283317687346e-06
39.245436342111624,0.9997354189019836,5.631939905655603e-08,0.00026179478295496934,4.504963133417978e-08,2.6849460206582094e-06
39.44566816018362,0.9997226197271405,5.825813953533451e-08,0.0002716031881684495,4.439556860664588e-08,5.674430971744613e-06
39.64589997825562,0.9997130185727783,6.003164017023754e-08,0.000274212014183655,3.9348281136014615e-08,1.267003310344815e-05
39.84613179632762,0.999719947646784,6.190833724743837e-08,0.00027711382032566086,5.0393952557736076e-08,2.8262305882692236e-06
40.04636361439962,0.9997021862807886,6.399765998499829e-08,0.00029048798956438164,4.990938254585894e-08,7.2118225931382335e-06
40.246595432471615,0.9996962037290585,6.579804665975858e-08,0.0002906429997765926,4.3162577119523716e-08,1.304431052972488e-05
40.44682725054361,0.9997014039074846,6.788080016073355e-08,0.00029541849523417933,5.4420741095885276e-08,3.055295728581303e-06
40.64705906861561,0.999685731396261,7.01822654199007e-08,0.00030745028677347846,5.419989316698215e-08,6.69393479451626e-06
40.84729088668761,0.9996796519011484,7.235334499392014e-08,0.00031093299392442696,5.052114771963685e-08,9.292230420707276e-06
41.04752270475961,0.9996805048851618,7.463359296338541e-08,0.0003131026682909016,5.6023003817555885e-08,6.2617899356651076e-06
41.247754522831606,0.9996714810500289,7.716532272276549e-08,0.0003247576210566126,6.257010347556073e-08,3.62159347335144e-06
41.447986340903604,0.9996523038397257,7.951970898542748e-08,0.000332904018330493,5.403296053631015e-08,1.4658589259505342e-05
41.6482181589756,0.99966176485012,8.174258978885445e-08,0.00033098481237016456,6.17197358332026e-08,7.106875170536026e-06
41.8484499770476,0.999650759163049,8.446218681413859e-08,0.0003451445271355222,6.986483547457737e-08,3.9419827803309946e-06
42.0486817951196,0.9996329934895739,8.693358746839258e-08,0.00035192829794396236,5.8644845173357826e-08,1.4932634036960641e-05
42.2489136131916,0.9996401924086672,8.949142666504943e-08,0.0003531122655807757,6.676613143773737e-08,6.539068179963263e-06
42.449145431263595,0.9996316296174053,9.249771625963311e-08,0.00036433272941062335,7.492959972133814e-08,3.870225854722314e-06
42.64937724933559,0.9996168012184167,9.545098315472815e-08,0.0003736392184159027,6.949112451429838e-08,9.394621048244704e-06
42.84960906740759,0.9996124318924752,9.824297960678883e-08,0.0003750088783321408,6.727744084466494e-08,1.2393708759126114e-05
43.04984088547959,0.9996133513351039,1.0135863287874528e-07,0.00038362478797193726,8.427939431327321e-08,2.8382388850043158e-06
43.25007270355159,0.9995883942272148,1.0454859032072578e-07,0.00039864039987905437,7.691729151052617e-08,1.2783907013328803e-05
43.450304521623586,0.9995906449920599,1.0725824668928149e-07,0.00039571560200059026,7.329316312561014e-08,1.345885451818757e-05
43.650536339695584,0.9995904147717192,1.1062743172140372e-07,0.00040636311185221306,9.200045936228896e-08,3.0194885267760805e-06
43.85076815776758,0.9995665588179402,1.1407392124682394e-07,0.0004204642124542442,8.299682185907291e-08,1.2779898852220357e-05
44.05099997583958,0.9995676584442238,1.1732080501474432e-07,0.0004216040523422809,8.242095755659167e-08,1.0537761661149803e-05
44.25123179391158,0.9995667013287085,1.2103845980876326e-07,0.0004283214235291001,9.620290988543518e-08,4.760006382814476e-06
44.45146361198358,0.999549263141816,1.249934917536741e-07,0.0004431306026515105,9.661250395801691e-08,7.384649526862896e-06
44.651695430055575,0.9995334478155135,1.2854069084861012e-07,0.0004486911664838652,8.474646802084058e-08,1.7647730833823478e-05
44.851927248127566,0.999543837882342,1.32180923835534e-07,0.00045046572703021,1.0590359316459495e-07,5.4583061019045455e-06
45.052159066199565,0.9995212562443982,1.364158703525427e-07,0.00046996810871586533,1.0808415518450335e-07,8.53114685264111e-06
45.25239088427156,0.9995084366575838,1.3996079007184695e-07,0.0004725371486839445,9.128035694123298e-08,1.879495257835081e-05
45.45262270234356,0.9995170611274049,1.4399995585681945e-07,0.0004771863486906519,1.134543026426089e-07,5.495069636858258e-06
45.65285452041556,0.9994969191179387,1.486500581966357e-07,0.0004945463912509651,1.159300576872607e-07,8.26991068370927e-06
45.85308633848756,0.9994858767072023,1.5297391670596436e-07,0.0005009284697015474,1.0661281525006405e-07,1.2935236352764726e-05
46.053318156559556,0.9994859909435051,1.574244992710792e-07,0.0005033652600154945,1.1483155001940205e-07,1.0371540417573314e-05
46.253549974631554,0.9994759643059717,1.6244789429275265e-07,0.0005187975002641349,1.3153886182675826e-07,4.944206994288568e-06
46.45378179270355,0.9994481170405869,1.671611779224169e-07,0.0005327703615429506,1.1458885000636821e-07,1.8830847828698175e-05
46.65401361077555,0.9994587969425668,1.7136801518927746e-07,0.0005288697892816525,1.245376166679862e-07,1.2037362507759467e-05
46.85424542884755,0.9994471799045719,1.7671592333431863e-07,0.0005474212822463514,1.455012850099478e-07,5.076595960956151e-06
47.05447724691955,0.9994197255831789,1.816266169476572e-07,0.000560127129653577,1.2260337206775523e-07,1.9843057164440028e-05
47.254709064991545,0.999428784432957,1.8651018141582368e-07,0.0005605217926158256,1.3511917253185754e-07,1.037214505878701e-05
47.45494088306354,0.9994192771089151,1.924212589867504e-07,0.0005748481030238806,1.5384284046006498e-07,5.528523946077374e-06
47.65517270113554,0.999397504234864,1.9828699602835016e-07,0.0005897061327678548,1.43466892086638e-07,1.2447878466711013e-05
47.85540451920754,0.999388793126909,2.0367868277241148e-07,0.0005927112921594851,1.353559089526301e-07,1.8156546325425448e-05
48.05563633727954,0.9993927876646007,2.0964565571627053e-07,0.0006018969046312865,1.702859501574313e-07,4.935499146219854e-06
48.255868155351536,0.999359586279462,2.159730483815062e-07,0.0006245818340697883,1.58953970822873e-07,1.5456959432064197e-05
48.456099973423534,0.9993573676087172,2.2109352662674512e-07,0.0006219426648603903,1.4496370063208616e-07,2.032366917806755e-05
48.65633179149553,0.9993605250575053,2.274996194981851e-07,0.0006339238627728682,1.8393753443191533e-07,5.13964254942602e-06
48.85656360956753,0.9993281617143578,2.3430840042475926e-07,0.0006555168209190027,1.6967416936626024e-07,1.59174821352099e-05
49.05679542763953,0.9993266184032973,2.4051814590620427e-07,0.000657735586091228,1.6397691011770235e-07,1.5241515536889742e-05
49.25702724571153,0.9993261232712694,2.476225626851048e-07,0.0006652651717828675,1.8915429856623623e-07,8.174780067602574e-06
49.457259063783525,0.9993037763941613,2.5534146065436684e-07,0.0006861740432978102,1.943887519848109e-07,9.599832309673365e-06
49.65749088185552,0.9992794066008495,2.622047614232015e-07,0.0006965771971810275,1.6959739456086115e-07,2.358439979555317e-05
49.85772269992752,0.9992936769283246,2.6895537019265736e-07,0.0006960852113600183,2.0522755993100557e-07,9.763677367163558e-06
50.05795451799952,0.9992666068538061,2.771604534643509e-07,0.0007227035760513451,2.1653019578982372e-07,1.0195879476258621e-05
50.25818633607152,0.9992435241707299,2.839484203654199e-07,0.0007300416781284235,1.7990884009536352e-07,2.5970293864424477e-05
50.458418154143516,0.9992566331058865,2.91434302169542e-07,0.0007335496955199925,2.1906500357062732e-07,9.306699270634107e-06
50.658649972215514,0.999232228472606,3.004290154409819e-07,0.000756968862964531,2.298296781893339e-07,1.0272405718710724e-05
50.85888179028751,0.9992138480639184,3.087456717594221e-07,0.0007680400554125566,2.0921835549215945e-07,1.7593916624661596e-05
51.05911360835951,0.9992122566929148,3.1708985500508404e-07,0.0007710123870934516,2.1890357683929724e-07,1.6194926543554873e-05
51.25934542643151,0.999202472286863,3.266062988354411e-07,0.0007899127073798264,2.566550720868615e-07,7.031744371547677e-06
51.45957724450351,0.9991638872506142,3.35722415268932e-07,0.0008120589438356158,2.2639524432387313e-07,2.3491687874873807e-05
51.659809062575505,0.9991740689534641,3.43406370639648e-07,0.000806169252382916,2.338302806485435e-07,1.9184557485640945e-05
51.8600408806475,0.9991635738048197,3.5343639425223134e-07,0.0008287645933270444,2.8138970395934395e-07,7.026775740083433e-06
52.0602726987195,0.9991238003984074,3.628918825983541e-07,0.0008501132732591341,2.3960750266622657e-07,2.5483828933034996e-05
52.2605045167915,0.9991340549242627,3.7187412350930205e-07,0.0008495227204493488,2.5520611291076095e-07,1.579527503641415e-05
52.4607363348635,0.9991243428150931,3.8298794378556214e-07,0.0008666869196130188,2.936415498790776e-07,8.29363578381416e-06
52.660968152935496,0.9990940406870609,3.9420195942481723e-07,0.0008890268439347013,2.767469782045456e-07,1.6261520053152583e-05
52.861199971007494,0.9990788059676216,4.04275139549412e-07,0.0008950952066833912,2.5566696644010854e-07,2.5438883573248973e-05
53.06143178907949,0.9990873232333539,4.1520296896618733e-07,0.0009034487669250131,3.2033147348829587e-07,8.492465261755883e-06
53.26166360715149,0.9990451278076082,4.2726737938636853e-07,0.0009356479708097672,3.0707836358229043e-07,1.8489875822402417e-05
53.46189542522349,0.9990347759998768,4.3669280815526516e-07,0.0009351829140069436,2.695581343486518e-07,2.9334835156533947e-05
53.66212724329549,0.9990433956019941,4.483298841156306e-07,0.0009471640565999662,3.4324395997950256e-07,8.648767545989654e-06
53.862359061367485,0.9990017317472492,4.6128094369241824e-07,0.0009780282764050394,3.250343363207877e-07,1.9453661050096154e-05
54.06259087943948,0.9989951062030308,4.727870604195908e-07,0.0009826400652357076,3.062558570936284e-07,2.1474688800453918e-05
54.26282269751148,0.9989950864104058,4.85808827700021e-07,0.0009906576551088106,3.4777504251168924e-07,1.3422350599144117e-05
54.46305451558348,0.9989681845890468,5.00254402097158e-07,0.001018396232770306,3.667666790387157e-07,1.2552157086207046e-05
54.66328633365548,0.9989325928899708,5.131337295880127e-07,0.001036079636642935,3.19720309315481e-07,3.0494619331443348e-05
54.863518151727476,0.9989504673662202,5.251780583295325e-07,0.00103227386689133,3.72144117580151e-07,1.6361444696395564e-05
55.063749969799474,0.9989200366352443,5.403966582722778e-07,0.0010664700947093948,4.066661552762935e-07,1.254620721747468e-05
55.26398178787147,0.9988827076167218,5.530689865920717e-07,0.0010817869664893707,3.3507377015462307e-07,3.461727401520409e-05
55.46421360594347,0.9989010965882713,5.664031129187203e-07,0.0010829786059325087,3.973400396612399e-07,1.4961062627616427e-05
55.66444542401547,0.9988731746616649,5.830890545527064e-07,0.0011127464958497377,4.2769637699207467e-07,1.3068057038827472e-05
55.86467724208747,0.9988446310980914,5.985727356972983e-07,0.0011308879546147396,3.870368526664893e-07,2.3495337689792573e-05
56.064909060159465,0.9988398744620497,6.136731133465056e-07,0.001135047888694946,3.9384074615637794e-07,2.4070135378598226e-05
56.26514087823146,0.9988321679932239,6.309415788341282e-07,0.0011564021000734057,4.706535649988002e-07,1.0328311541586742e-05
56.46537269630346,0.9987809141731268,6.479819912998028e-07,0.0011893015754455198,4.2198989744855856e-07,2.871427952023462e-05
56.66560451437546,0.9987876248611156,6.616168745079384e-07,0.0011822595203437416,4.144888746601895e-07,2.9039512772885236e-05
56.86583633244746,0.9987807740027321,6.796092014855321e-07,0.0012077609630136634,5.117078758917251e-07,1.0273717156894647e-05
57.066068150519456,0.9987262574943712,6.972505027946491e-07,0.0012407341121276553,4.4307706153608334e-07,3.186806591784094e-05
57.266299968591454,0.9987361437013265,7.132525859874493e-07,0.001239440564727598,4.556606394221518e-07,2.324682070214261e-05
57.46653178666345,0.9987271686553474,7.332944652192685e-07,0.001258843701698599,5.274071154738843e-07,1.2726941355139873e-05
57.66676360473545,0.9986870848874859,7.539565121181949e-07,0.001290614067314687,5.049011867385091e-07,2.1042187482068993e-05
57.86699542280744,0.9986626079155192,7.722245201611096e-07,0.0013017862711166466,4.589403438664901e-07,3.437464848233769e-05
58.06722724087944,0.9986769322715205,7.914469828219952e-07,0.001307534352268587,5.676014162869878e-07,1.4174327795406284e-05
58.26745905895144,0.9986256919321524,8.135669474011526e-07,0.0013507859678270524,5.608399277555685e-07,2.214769313032248e-05
58.467690877023436,0.9986024690336638,8.305306818141314e-07,0.0013555294557124461,4.77273593865999e-07,4.069370633162519e-05
58.667922695095434,0.9986188490434533,8.508112528019475e-07,0.0013656006886216495,6.04942351632519e-07,1.4094514303381557e-05
58.86815451316743,0.998567761585636,8.745373404613087e-07,0.001407151656065756,5.897152087410337e-07,2.3622505731316083e-05
59.06838633123943,0.9985526730702236,8.952562472162824e-07,0.0014162998334356126,5.431939616697901e-07,2.9588646113157827e-05
59.26861814931143,0.998552866834507,9.182398314176458e-07,0.00142457966887232,6.05306001408748e-07,2.1029950767707817e-05
59.46884996738343,0.9985225859012018,9.442146695573902e-07,0.0014592301582315764,6.558608108299715e-07,1.658386506775204e-05
59.669081785455425,0.9984728879712522,9.676746479368122e-07,0.0014871234672600587,5.736625328389208e-07,3.8447224287185334e-05
59.869313603527424,0.9984929848129811,9.884630238214807e-07,0.001479439309580027,6.389127925729773e-07,2.5948501603510938e-05
60.06954542159942,0.9984613520290485,1.0155288935714035e-06,0.0015208625246439286,7.233808617220349e-07,1.604653653360738e-05
60.26977723967142,0.9984055252924605,1.0385965153089693e-06,0.0015481095775567333,5.958276277395011e-07,4.473070582015325e-05
60.47000905774342,0.9984293314864771,1.0615410237163497e-06,0.0015459115624166769,6.844561546675289e-07,2.301095390813176e-05
60.670240875815416,0.9983992175076838,1.091279669217685e-06,0.0015817472878143228,7.543352296854773e-07,1.718958958170706e-05
60.870472693887415,0.9983574419079295,1.1192140194852221e-06,0.0016098575801824003,6.820235266074818e-07,3.089927432067343e-05
61.07070451195941,0.9983474837557678,1.1456946595000672e-06,0.0016163765988030352,6.763711801303868e-07,3.4317579566184904e-05
61.27093633003141,0.9983441550837376,1.1758041633254614e-06,0.0016384095165506507,8.188251763428757e-07,1.5440770348584125e-05
61.47116814810341,0.9982786915924661,1.2065855147204322e-06,0.001684661008482669,7.490644880902115e-07,3.4691749025726294e-05
61.67139996617541,0.998277494680037,1.2302058240839467e-06,0.0016785129931065092,7.016637794949923e-07,4.2060457229832176e-05
61.871631784247406,0.9982775865384764,1.26116720696515e-06,0.001704855610937549,8.834331245086556e-07,1.5413250233204593e-05
62.071863602319404,0.998206468147836,1.2930391289793041e-06,0.0017523850113906189,7.821387797477578e-07,3.907166284332092e-05
62.2720954203914,0.9982131977541928,1.3207711963820716e-06,0.0017514870761340363,7.766252139357398e-07,3.321777324207432e-05
62.4723272384634,0.9982060015692188,1.3555410122636647e-06,0.001772253985918272,8.998718285264207e-07,1.948903199791938e-05
62.6725590565354,0.9981555467019363,1.3922748199653645e-06,0.0018151122354835227,8.791170243864675e-07,2.7069670710478636e-05
62.8727908746074,0.9981185937590753,1.424502138452878e-06,0.0018340796192724538,7.898870763730136e-07,4.511223241114937e-05
63.073022692679395,0.9981394207464888,1.457118327211128e-06,0.0018353745473488577,9.558970791953244e-07,2.2791690729352563e-05
63.27325451075139,0.9980801023925503,1.4961470573146853e-06,0.0018905861361291905,9.76443926464225e-07,2.68388803088373e-05
63.47348632882339,0.9980383575625776,1.5260470462146793e-06,0.0019047851309596654,8.122329628128894e-07,5.4519026423673157e-05
63.67371814689539,0.9980646801125901,1.5600980190523553e-06,0.0019106126795008574,1.0160435010855544e-06,2.2131066360413074e-05
63.87394996496739,0.9980049232120076,1.6019889706756645e-06,0.001963631899079092,1.0212011961847552e-06,2.8821698719124016e-05
64.07418178303939,0.9979770611520556,1.6383169497164052e-06,0.0019804219699109636,9.229661627214737e-07,3.9955594893201336e-05
64.27441360111138,0.9979768007264087,1.6775290806870992e-06,0.001988986034353939,1.007002616250696e-06,3.152870751166332e-05
64.47464541918337,0.9979452449872687,1.722503463780816e-06,0.002029729236702721,1.1201628255715522e-06,2.218310971032275e-05
64.67487723725537,0.9978785114659486,1.7639941334828757e-06,0.0020711301464932455,9.86966030207845e-07,4.760742736562422e-05
64.87510905532737,0.9978979323563518,1.7988772990723832e-06,0.002059954277798576,1.0482796252764295e-06,3.9266208898281594e-05
65.07534087339937,0.9978684706856182,1.845128063248777e-06,0.0021071606152582023,1.2279858001903909e-06,2.12955852331661e-05
65.27557269147137,0.9977900362755484,1.8860385026213532e-06,0.002150767565536343,1.0188602153576106e-06,5.6291260171203226e-05
65.47580450954337,0.9978182548748608,1.9243633327489585e-06,0.0021445981823080638,1.1289331554352851e-06,3.4093646316306186e-05
65.67603632761536,0.997787846244112,1.975390771707624e-06,0.0021855764619167994,1.2698708275866072e-06,2.3332032344256745e-05
65.87626814568736,0.9977298693302739,2.0242684034149827e-06,0.002226858867911533,1.1535674283204527e-06,4.009396595573398e-05
66.07649996375936,0.9977120345713696,2.069417890786733e-06,0.0022375448241774435,1.1179575890273265e-06,4.723322894544412e-05
66.27673178183136,0.9977155437601263,2.1200283611579296e-06,0.0022578169541072044,1.3607436248636956e-06,2.3158513753782508e-05
66.47696359990336,0.9976350354914457,2.1737714132046108e-06,0.0023197447264759557,1.2747724197320955e-06,4.177123821887687e-05
66.67719541797535,0.9976199619920292,2.213859952993689e-06,0.002318033677203434,1.1443904769132184e-06,5.8646080309627764e-05
66.87742723604735,0.9976309106395874,2.265135377722049e-06,0.0023421983974110296,1.4584363798223617e-06,2.316739121678653e-05
67.07765905411935,0.9975422796886402,2.3208790128661257e-06,0.0024067880934992747,1.3262634731161613e-06,4.728507534614139e-05
67.27789087219135,0.997541573306836,2.3677916517600485e-06,0.002408548456810468,1.272916733043412e-06,4.623752794295714e-05
67.47812269026335,0.9975371627278455,2.426006251951878e-06,0.0024296315639429577,1.4694688534532406e-06,2.9310233080033636e-05
67.67835450833535,0.9974767534525398,2.4891103089518814e-06,0.00248456609999462,1.4704575194782482e-06,3.47208796115258e-05
67.87858632640734,0.997423648612772,2.544497502177499e-06,0.002514657126503633,1.3116359115401667e-06,5.783812728395875e-05
68.07881814447934,0.997450556873838,2.5981081412518097e-06,0.0025100272602470346,1.5408483404194983e-06,3.527690940495883e-05
68.27904996255134,0.9973854662060415,2.664463490302403e-06,0.002577107405767221,1.6305587031065537e-06,3.313136596786175e-05
68.47928178062334,0.9973189649591692,2.71608935211243e-06,0.0026061136030741724,1.3374578091414978e-06,7.086789056589156e-05
68.67951359869534,0.9973567985310731,2.7714102521022875e-06,0.002605261710930654,1.6374561973172488e-06,3.3530891518171053e-05
68.87974541676734,0.9972901666746068,2.8427782063799087e-06,0.0026696564536051455,1.6972887277195144e-06,3.563680482746664e-05
69.07997723483933,0.9972444721362066,2.9048826333705857e-06,0.0026981602445992395,1.5123156573624035e-06,5.29504208776216e-05
69.28020905291133,0.9972425464177025,2.9697869634738444e-06,0.0027074378342610487,1.6133941784439462e-06,4.543256686716679e-05
69.48044087098333,0.9972127079763853,3.044953200346401e-06,0.0027523914237000116,1.837485969583737e-06,3.001816071698037e-05
69.68067268905533,0.997126216909698,3.1162177054537052e-06,0.0028107633641266468,1.6370693902616765e-06,5.82664390526676e-05
69.88090450712733,0.997140207095122,3.1733788139621414e-06,0.002797912943841935,1.6563123717551091e-06,5.705026982197921e-05
70.08113632519932,0.9971175714963054,3.2495029867998104e-06,0.002848140322261167,2.000992005011113e-06,2.903768641456142e-05
70.28136814327132,0.9970130526807092,3.3201320272373264e-06,0.0029126132403346472,1.684097897382194e-06,6.932984900284471e-05
70.48159996134332,0.9970430181205143,3.3825511231481345e-06,0.00290287578042313,1.7943544733502583e-06,4.892919343848247e-05
70.68183177941532,0.997014727146811,3.4670476444729206e-06,0.002947417355430415,2.051931067237999e-06,3.233651901933414e-05
70.88206359748732,0.9969381486372272,3.5500675909980645e-06,0.003005017890527974,1.883729183849471e-06,5.139967544255688e-05
71.08229541555932,0.9969090796535245,3.6251250990491613e-06,0.0030224060519601476,1.7895228670766108e-06,6.309964652091412e-05
71.28252723363131,0.9969215667977148,3.707410554957474e-06,0.0030380980237660385,2.171657572494235e-06,3.445611036420939e-05
71.48275905170331,0.996826264399295,3.7981702703522207e-06,0.003117378225091914,2.090762682515523e-06,5.0468442634059395e-05
71.68299086977531,0.9967899323303235,3.8649813503822894e-06,0.0031252793266364222,1.8109092304004805e-06,7.911245243140642e-05
71.88322268784731,0.9968159050024248,3.946994215662231e-06,0.0031434338851527117,2.3156730957057386e-06,3.439844508243768e-05
72.0834545059193,0.9967101565491916,4.0414023039405085e-06,0.003226756593511672,2.170601194827022e-06,5.687485376941345e-05
72.2836863239913,0.9966961174187603,4.119070212757121e-06,0.0032348879326859203,2.0184336554568775e-06,6.285714465756561e-05
72.4839181420633,0.9966953025464873,4.213444024414942e-06,0.003255211481247343,2.311205105338423e-06,4.296132310633228e-05
72.6841499601353,0.9966266537461665,4.318368933137525e-06,0.0033221513558277438,2.3747168226851422e-06,4.450181222100105e-05
72.8843817782073,0.9965534132912447,4.4112057964182035e-06,0.0033672582407649008,2.1113189843995123e-06,7.280594318016157e-05
73.0846135962793,0.9965843032430481,4.496922998387432e-06,0.003356171114232807,2.39177166388198e-06,5.2636948028108384e-05
73.2848454143513,0.9965173638133439,4.605818636572334e-06,0.003433647710308377,2.6244205427988105e-06,4.175823713919102e-05
73.4850772324233,0.9964197769378367,4.6930996189788034e-06,0.0034836147166707482,2.1414011386290957e-06,8.977384470312923e-05
73.68530905049529,0.9964694303558507,4.780454936097117e-06,0.0034740513798565678,2.546318447690821e-06,4.919149087760479e-05
73.88554086856729,0.9963988525499887,4.89796236497587e-06,0.0035486717244379677,2.7194897228489135e-06,4.485827345333784e-05
74.08577268663929,0.9963299062452954,5.001576565044872e-06,0.0035937488464188095,2.402414511256887e-06,6.89409171769386e-05
74.28600450471129,0.9963244124855406,5.106165323707491e-06,0.003604739644847153,2.504972953056618e-06,6.323673130081888e-05
74.48623632278328,0.996299942746203,5.227739174850798e-06,0.0036509562846419835,2.9076820390525803e-06,4.0965547908192136e-05
74.68646814085528,0.9961915292597624,5.346671273849146e-06,0.003729636280468343,2.629317642324401e-06,7.085847081994512e-05
74.88669995892728,0.9961932919647679,5.438487659072098e-06,0.003718763126024328,2.537219078691766e-06,7.996920243874294e-05
75.08693177699928,0.9961832972550816,5.559492731159395e-06,0.0037678253355995514,3.1449876463626197e-06,4.017292891167752e-05
75.28716359507128,0.9960503760712138,5.678131258015552e-06,0.003857240156690813,2.70159595263315e-06,8.4004044855809e-05
75.48739541314328,0.9960772870711241,5.777657007714055e-06,0.0038458636952234775,2.7632441545346272e-06,6.830833246152023e-05
75.68762723121527,0.9960539327393773,5.913038008126578e-06,0.0038917912828890337,3.198085539026798e-06,4.516485415693348e-05
75.88785904928727,0.9959574685022414,6.050065887864574e-06,0.0039683077706353445,2.9836167650657554e-06,6.519004444243338e-05
76.08809086735927,0.9959131001165872,6.172013159084661e-06,0.003995721344370892,2.7873843224934076e-06,8.221914153123253e-05
76.28832268543127,0.9959357675853198,6.30185887523616e-06,0.004004111124913751,3.343534421026355e-06,5.047589644228631e-05
76.48855450350327,0.9958274375070815,6.4502774506123e-06,0.004101326503593313,3.31853275609671e-06,6.146717909103534e-05
76.68878632157526,0.99576139623647,6.5597471332026686e-06,0.004125572950473744,2.795672282106257e-06,0.00010367539361278164
76.88901813964726,0.9958062083003225,6.6869041679699195e-06,0.004133432170191907,3.5530302467501344e-06,5.011959504157814e-05
77.08924995771926,0.9956853320010861,6.841845876288344e-06,0.004235943729337777,3.4411191667482336e-06,6.844130450289933e-05
77.28948177579126,0.9956505418280994,6.967928258178697e-06,0.004255748079144024,3.111755727602484e-06,8.363040874147125e-05
77.48971359386326,0.9956537450732239,7.116551949825731e-06,0.004274386891942964,3.520266604490224e-06,6.12312162467606e-05
77.68994541193526,0.9955800310536107,7.28572406458955e-06,0.0043518769763806805,3.716877980431781e-06,5.708936793271566e-05
77.89017723000725,0.9954825749672668,7.4376138429390315e-06,0.004416308994688809,3.3062861612866843e-06,9.037213801014722e-05
78.09040904807925,0.9955131694396584,7.571457570623131e-06,0.004399774310731936,3.5943909410395034e-06,7.589040106776805e-05
78.29064086615125,0.9954500994791338,7.744302302306284e-06,0.004484451636067085,4.087393541284374e-06,5.361718892521611e-05
78.49087268422325,0.9953156267012131,7.88869120368125e-06,0.004561845429444312,3.3455081250250892e-06,0.00011129366998400991
78.69110450229525,0.9953753970151464,8.023349889654514e-06,0.004542613206246522,3.838374002833715e-06,7.012805468678691e-05
78.89133632036724,0.9953049462923097,8.21068296407947e-06,0.004625144163156641,4.215420141391773e-06,5.748344139885808e-05
79.09156813843924,0.9952075619234314,8.379512929637934e-06,0.0046920486272765075,3.7157112030565466e-06,8.829422512874371e-05
79.29179995651124,0.995195743263862,8.544117680094005e-06,0.004706488425698465,3.7876550303230604e-06,8.543653769706481e-05
79.49203177458324,0.9951805163527799,8.734909708371136e-06,0.0047501674193053105,4.453787319274849e-06,5.6127530855411624e-05
79.69226359265524,0.995049024125583,8.927899406716012e-06,0.004851972598555217,4.102983553699738e-06,8.59723928700828e-05
79.89249541072724,0.9950297685385661,9.072902842635294e-06,0.004848803030780962,3.7896744499532914e-06,0.00010856585332886331
80.09272722879923,0.9950390112152308,9.259197897155691e-06,0.004891177651350903,4.786203453212452e-06,5.576573203517393e-05
80.29295904687123,0.9948770408101562,9.453068382765353e-06,0.0050086184188284635,4.218268733570478e-06,0.00010066943386427114
80.49319086494323,0.9948936291130729,9.608953159711576e-06,0.004999557185636404,4.1413958410227694e-06,9.306335225719128e-05
80.69342268301523,0.9948782707812692,9.819393957839426e-06,0.005044215297172982,4.827662803907811e-06,6.286686476080045e-05
80.89365450108723,0.9947622917013985,1.003942660731123e-05,0.005141133042083903,4.599440835771766e-06,8.193638903596404e-05
81.09388631915922,0.9946978594108713,1.0233423160298992e-05,0.005182705256492366,4.23923703437648e-06,0.00010496267240367898
81.29411813723122,0.9947302856147396,1.0432952179519784e-05,0.005181804592972837,4.985096978306355e-06,7.249174309222714e-05
81.49434995530322,0.9946126502533547,1.0668301816635649e-05,0.005295953051204054,5.113853250980936e-06,7.561454033557119e-05
81.69458177337522,0.9945079588430796,1.0844708331539499e-05,0.005344519552516801,4.227197804773375e-06,0.0001324496982290184
81.89481359144722,0.9945742240244154,1.1036540420729533e-05,0.0053379549159044415,5.287993392781739e-06,7.149652582852786e-05
82.09504540951922,0.994441999888113,1.1283222908177805e-05,0.005458564837897136,5.298252504169497e-06,8.285379853631719e-05
82.29527722759121,0.9943778959286962,1.1484160546108745e-05,0.005496843314993027,4.682704557135144e-06,0.00010909389116580445
82.49550904566321,0.9943849212764488,1.1712266165429221e-05,0.005513236984295972,5.2161554320293025e-06,8.491331761743953e-05
82.69574086373521,0.9943107247562037,1.1977263897480756e-05,0.005598265361601211,5.65401437794006e-06,7.337860388055422e-05
82.89597268180721,0.9941851864598162,1.2220006693470585e-05,0.00568650752965476,5.050482892703794e-06,0.00011103552090129504
83.0962044998792,0.9942086967231099,1.2424846713137288e-05,0.0056676226768655755,5.254982161719552e-06,0.00010600077111136115
83.2964363179512,0.9941570070991989,1.2690767526656457e-05,0.005754351613894409,6.179311758263417e-06,6.977120758236134e-05
83.4966681360232,0.9939810904187406,1.292434729825334e-05,0.005865310573372385,5.1123679610302e-06,0.00013556229258845093
83.6968999540952,0.9940464950887825,1.3127836849460313e-05,0.00583730155975907,5.630536455236331e-06,9.744497811627385e-05
83.8971317721672,0.9939813065681755,1.3417586118459076e-05,0.005924239399118589,6.339887154683861e-06,7.469655939456812e-05
84.0973635902392,0.9938512822290504,1.3686419191739418e-05,0.006018015223626083,5.613514663232591e-06,0.00011140261342955305
84.2975954083112,0.9938293575879782,1.3940151165650103e-05,0.006038545318104966,5.598766339008283e-06,0.00011255817637404837
84.4978272263832,0.9938268328844305,1.423143725522577e-05,0.006075480966920083,6.621262270586043e-06,7.683344908570412e-05
84.69805904445519,0.9936726546394532,1.4536198241265598e-05,0.006202208720946693,6.2370691574155575e-06,0.00010436337216509784
84.89829086252719,0.9936219274571542,1.4761833770957095e-05,0.006214542948760508,5.544986464324407e-06,0.00014322277381244067
85.09852268059919,0.9936571056868144,1.5040437514585101e-05,0.0062437254396494,7.074733357416299e-06,7.705370262784737e-05
85.29875449867119,0.9934675720347436,1.5348719777865747e-05,0.0063907221199374295,6.424212666528051e-06,0.00011993291283600464
85.49898631674318,0.9934640247910795,1.5589187709335088e-05,0.006390301073765851,6.063740316250383e-06,0.00012402120708933395
85.69921813481518,0.9934597233741687,1.590740851044948e-05,0.006430741348463399,7.084171545128563e-06,8.654369727261015e-05
85.89944995288718,0.9933266777523192,1.6251555547040934e-05,0.006547882833704332,6.9184711539192635e-06,0.0001022693872349678
86.09968177095918,0.9932367916324281,1.6554157881046152e-05,0.006608522651574489,6.311016202985317e-06,0.00013182054187353557
86.29991358903118,0.9932762695316637,1.685370113219596e-05,0.0065977992522980155,7.222924986218447e-06,0.00010185458987905319
86.50014540710318,0.9931553858057655,1.7216151887705923e-05,0.0067258068208477,7.671057544343974e-06,9.39201639120792e-05
86.70037722517517,0.993003390685159,1.7495680873558697e-05,0.006807352851248948,6.2777689543964615e-06,0.00016548301372209157
86.90060904324717,0.993091483492194,1.7778349043328347e-05,0.00678324331459233,7.65859275134954e-06,9.983625137645639e-05
87.10084086131917,0.992953578251548,1.8159839796808452e-05,0.006919069546256176,7.939617304819223e-06,0.00010125274504930641
87.30107267939117,0.9928511343669498,1.8474444262196166e-05,0.00698374033761386,6.9011975766518645e-06,0.00013974965355364883
87.50130449746317,0.992860884108619,1.8816687314383654e-05,0.006997950753086989,7.548565560386127e-06,0.00011479988536989407
87.70153631553517,0.9927918710867315,1.9220759380869725e-05,0.007086006178178964,8.376761976432291e-06,9.452521368151116e-05
87.90176813360716,0.9926350310704288,1.9599947189792843e-05,0.007202356194034805,7.5416922321970604e-06,0.00013547109606333292
88.10199995167916,0.9926420783884083,1.99081941598241e-05,0.007186688217005211,7.5076983793019455e-06,0.00014381750199723558
88.30223176975116,0.99261080281414,2.030563237169842e-05,0.00726834186004001,9.091946582864263e-06,9.145774681626253e-05
88.50246358782316,0.9923908668810637,2.0674974065598948e-05,0.0074179437605440286,7.654787830113165e-06,0.00016285959644970878
88.70269540589516,0.9924539972311583,2.0977571136396856e-05,0.007384673362147488,8.065195468535463e-06,0.0001322866400395785
88.90292722396715,0.9924000899697344,2.141326631875055e-05,0.007471392171854285,9.275811983665662e-06,9.782878005854618e-05
89.10315904203915,0.9922350319730953,2.1831831305478917e-05,0.007596106841066874,8.304809093801921e-06,0.00013872454538597993
89.30339086011115,0.992198036546933,2.2215826977530285e-05,0.007626442162314463,8.1142750345858e-06,0.00014519118869266254
89.50362267818315,0.9922104678512901,2.2649562619645337e-05,0.007652689302214283,9.576598015680638e-06,0.00010461668581251896
89.70385449625513,0.9920361395287947,2.3118389687088338e-05,0.0078045233395971315,9.256477234340956e-06,0.00012696226463950358
89.90408631432713,0.9919424414444755,2.3464786343650507e-05,0.007841947197223677,7.977996901625796e-06,0.00018416857500697215
90.10431813239913,0.9920093652333004,2.387071702480638e-05,0.007851123705917633,1.018419651169893e-05,0.00010545614719727083
90.30454995047113,0.99179626867161,2.4347997289876816e-05,0.008027140647739017,9.558448715589588e-06,0.00014268423459859152
90.50478176854313,0.9917605069213337,2.4713992341966285e-05,0.008044128427580028,8.703080015277229e-06,0.00016194757868429703
90.70501358661512,0.9917699928337146,2.518336840754161e-05,0.008077370667312189,1.0139402023941493e-05,0.00011731372849858452
90.90524540468712,0.9916246055487629,2.570832346723741e-05,0.008212466795410567,1.0174205414386621e-05,0.00012704512690499116
91.10547722275912,0.9915034379888509,2.617161239771399e-05,0.008297735800025467,9.214665655786932e-06,0.00016343993302958944
91.30570904083112,0.991544448242332,2.6612288395771614e-05,0.008278815683758909,1.0205027128336827e-05,0.0001399187583459084
91.50594085890312,0.9914289196046344,2.7155309220758167e-05,0.00841513460156151,1.1226323576430384e-05,0.00011756416097088579
91.70617267697511,0.991222158078269,2.759063389711937e-05,0.008538244127709937,9.174214268862599e-06,0.00020283294581998826
91.90640449504711,0.9913291061939359,2.7999000512729057e-05,0.008495508793786017,1.0824619342775814e-05,0.00013656139238832018
92.10663631311911,0.9911930682824037,2.8572880576379257e-05,0.008641735691517874,1.160054468459566e-05,0.00012502260078644988
92.30686813119111,0.9910437597876826,2.905694166986508e-05,0.008741138647464484,9.987476293016162e-06,0.00017605714685858727
92.50709994926311,0.9910538879336435,2.9560372133259583e-05,0.008754160684892548,1.0703882355372365e-05,0.0001516871269440773
92.7073317673351,0.9909961922424702,3.0161267966688164e-05,0.008839569531637514,1.2107545203182135e-05,0.00012196941269035388
92.9075635854071,0.990806057899309,3.074058455032802e-05,0.008987627799665427,1.1028351476755166e-05,0.00016454536496686377
93.1077954034791,0.9907849089267,3.1197871245601136e-05,0.00898333657843689,1.0524554304316766e-05,0.00019003206928645892
93.3080272215511,0.9907839794395104,3.177621874292668e-05,0.009051088963363312,1.3047931601277512e-05,0.0001201074467553174
93.5082590396231,0.9905201292468235,3.234694221598366e-05,0.009242592121562372,1.1243958399653027e-05,0.00019368773097107968
93.7084908576951,0.9905692873291365,3.279117152320745e-05,0.009210829689547307,1.131620472913135e-05,0.0001757756050331984
93.9087226757671,0.9905332789800644,3.342942686934737e-05,0.009291748709010133,1.323452799641885e-05,0.00012830835602817376
94.1089544938391,0.9903333847110999,3.4067002656569406e-05,0.009449658487772537,1.2054419463409499e-05,0.0001708353789780488
94.30918631191109,0.9902750542715435,3.463866412415489e-05,0.009494733828596781,1.1555882098971585e-05,0.0001840173536044103
94.50941812998309,0.9903026424561024,3.527012669701631e-05,0.009507423756788196,1.3505072686484416e-05,0.00014115858769499757
94.70964994805509,0.9901134239402218,3.59734788753594e-05,0.009682287313279064,1.343666732929704e-05,0.0001548786002573724
94.90988176612709,0.989965067520227,3.6498431096890365e-05,0.00975558863705699,1.131882217544675e-05,0.00023152658940457966
95.11011358419908,0.9900673985736343,3.7076411128550944e-05,0.00973863956200369,1.430922933974578e-05,0.00014257622385091754
95.31034540227108,0.9898375267594036,3.779638871964276e-05,0.009940655285911272,1.3911151559029822e-05,0.00017011041436421927
95.51057722034308,0.9897559125825007,3.834656065878604e-05,0.009985962887778496,1.2280155074651233e-05,0.00020749781394183769
95.71080903841508,0.9897811365069006,3.902367186067982e-05,0.010009350981901862,1.4197367927717611e-05,0.00015629147136175892
95.91104085648708,0.9896303029639812,3.9805588719662215e-05,0.010157841772963753,1.4647297917997382e-05,0.0001574023763670751
96.11127267455907,0.989471948045618,4.050228290856881e-05,0.010273695608499537,1.3214641665543185e-05,0.00020063942125851151
96.31150449263107,0.9895058779772797,4.113940229570117e-05,0.010250924024553036,1.410630578282285e-05,0.00018795229003691773
96.51173631070307,0.9894067726624176,4.193217935545744e-05,0.01038732423423462,1.605731237016216e-05,0.00014791361156704338
96.71196812877507,0.9891399132899681,4.259808461522539e-05,0.01055960616312924,1.3207562023384745e-05,0.00024467490020789695
96.91219994684707,0.9892583822782186,4.317862228391002e-05,0.01050030191251045,1.4968645188972684e-05,0.00018316854173929513
97.11243176491907,0.9891335242441165,4.401961025850656e-05,0.010650156499038745,1.655130905887435e-05,0.00015574833747072808
97.31266358299106,0.9889305036167909,4.475158982252641e-05,0.010792077648990093,1.4222249495776754e-05,0.00021844489484185807
97.51289540106306,0.9889370095149911,4.5479530442017306e-05,0.010806204064173788,1.4911106205545606e-05,0.00019639578412665183
97.71312721913506,0.9888963742569162,4.635260990437907e-05,0.010882750666434276,1.7094817400639148e-05,0.0001574276492813965
97.91335903720706,0.9886729053076109,4.7218763899882614e-05,0.011064753320561836,1.58152272467528e-05,0.00019930738061615304
98.11359085527906,0.9886100409038885,4.78888754001499e-05,0.011082390528797807,1.452759536590895e-05,0.00024515209648243115
98.31382267335105,0.9886492484905227,4.871017944631857e-05,0.01112638086902489,1.829638653706928e-05,0.00015736407440414062
98.51405449142305,0.9883448601054451,4.957206346665721e-05,0.011360504194608037,1.6215271349506615e-05,0.00022884836506494982
98.71428630949505,0.9883646355726663,5.021751541300146e-05,0.011340600678865989,1.5597294088790887e-05,0.0002289489389003813
98.91451812756705,0.9883533260078552,5.113028469405058e-05,0.011409473495366898,1.8455961640402496e-05,0.00016761425037923296
99.11474994563905,0.9881219938170037,5.2080972201844734e-05,0.011600249175114038,1.7188986334875366e-05,0.00020848704928034105
99.31498176371105,0.9880347496970342,5.2919386775847053e-05,0.011666299111028238,1.6197468263275968e-05,0.00022983433683346633
99.51521358178304,0.9880748737492758,5.3820370942808015e-05,0.011664497188139885,1.860931406073535e-05,0.00018819937751873538
99.71544539985504,0.9878792118484456,5.4850611842086054e-05,0.01185743279307829,1.9106031993294762e-05,0.00018939871457670344
99.91567721792704,0.9876653520538275,5.563590448845672e-05,0.011977756642869491,1.5864677477355187e-05,0.00028539072127660854
100.11590903599904,0.9878031671845733,5.644259968715976e-05,0.01193054284089202,1.9661660073171828e-05,0.00019018571471380373
100.31614085407104,0.9875662297607085,5.750179897498085e-05,0.012152750409294637,1.9821883761662056e-05,0.00020369614720404676
100.51637267214304,0.9874247159929955,5.831891310105393e-05,0.012238696897544234,1.707555980261468e-05,0.0002611926365020646
100.71660449021503,0.9874662645915011,5.927669921082944e-05,0.012250371476820704,1.9498864565996738e-05,0.00020458836784929382
100.91683630828703,0.9873186013397246,6.0415337598248575e-05,0.012405520986833736,2.066207639312447e-05,0.000194800259399651
101.11706812635903,0.987117657824823,6.144490844967832e-05,0.012557862562178163,1.86344359293769e-05,0.000244400268573059
101.31729994443103,0.9871328573919314,6.235246313525961e-05,0.012538607458365802,1.9138682819572103e-05,0.0002470440037022312
101.51753176250303,0.9870632090926933,6.348223100988304e-05,0.01266428570137631,2.2480212716542834e-05,0.00018654276215619088
101.71776358057502,0.9867339478650471,6.448218837463434e-05,0.012891414350760268,1.8742623802468557e-05,0.00029141297196669263
101.91799539864702,0.9868515067871475,6.52970798735085e-05,0.012821729045587073,2.030059366887008e-05,0.00024116649367087888
102.11822721671902,0.9867486462076707,6.649948177165413e-05,0.012966595331314926,2.309390037325249e-05,0.00019516507881903777
102.31845903479102,0.9864879943631779,6.758727970226676e-05,0.013157105151642099,1.9957814806359874e-05,0.0002673553906225195
102.51869085286302,0.9864847956204051,6.862435793007367e-05,0.013176324559607603,2.0448729612065617e-05,0.0002498067324016844
102.71892267093502,0.9864655777228277,6.986597304239256e-05,0.013238104499129112,2.3606103596347837e-05,0.0002028457013609775
102.91915448900701,0.9862115113026936,7.113410677585399e-05,0.013454121194184196,2.2269116809652835e-05,0.0002409642794909589
103.11938630707901,0.9860925095571441,7.2105405362885e-05,0.013506083476875319,1.980390942469406e-05,0.0003094976511437494
103.31961812515101,0.9861800468702946,7.324624254920043e-05,0.013516507386821393,2.5106424695544347e-05,0.00020509307559011001
103.51984994322301,0.9858422055200181,7.451858439437211e-05,0.013790803071813015,2.2971280193570247e-05,0.000269501543534819
103.720081761295,0.9858141100110255,7.544836461945777e-05,0.013796565887690302,2.117466511483711e-05,0.0002927010715049195
103.920313579367,0.9858338959542841,7.672536388890021e-05,0.013846924684402545,2.5210255432651536e-05,0.00021724374194479135
104.120545397439,0.9855780282125136,7.811383846475713e-05,0.014067080641308561,2.4099858964162203e-05,0.00025267744870024523
104.320777215511,0.9854531458586419,7.932650862502279e-05,0.014161583131077623,2.2371820592045974e-05,0.00028357268101579324
104.521009033583,0.985499815927104,8.058925167040482e-05,0.014147053717677247,2.5112229050228125e-05,0.00024742887445167774
104.721240851655,0.9853095547998609,8.206433110825055e-05,0.01434974962431801,2.6646249552900167e-05,0.00023198499511342628
104.921472669727,0.9850213117379355,8.322343949459302e-05,0.0145275620088285,2.1992179805891763e-05,0.00034591063389356725
105.121704487799,0.9851896483404597,8.433054226964238e-05,0.01444937344651701,2.6468377301198786e-05,0.0002501792934055484
105.32193630587099,0.9849582443730416,8.585172584908108e-05,0.014683025064332464,2.7674850048891384e-05,0.000245203986681592
105.52216812394299,0.9847438961508793,8.705060042114047e-05,0.0148221769014593,2.3444173768393495e-05,0.00032343217342487794
105.72239994201499,0.9848002792291028,8.838237211882905e-05,0.014821676560959993,2.6327426830836843e-05,0.00026333441094163087
105.92263176008699,0.9846653457247438,9.000535756975892e-05,0.014975041863071085,2.8578637002928365e-05,0.00024102841756620778
106.12286357815898,0.9844177474608019,9.150107446605358e-05,0.015169043473012286,2.5863583735702593e-05,0.00029584440793945036
106.32309539623098,0.9843999721096628,9.277761112134317e-05,0.015163654212529241,2.5566457737909522e-05,0.0003180296089000494
106.52332721430298,0.9843737743974182,9.435183822662581e-05,0.015265779498658642,3.0843051675344975e-05,0.00023525121396963185
106.72355903237498,0.9839836265098765,9.582527073168201e-05,0.015550554938560987,2.6225551036689308e-05,0.0003437677297438761
106.92379085044698,0.9840824915918234,9.69581060580371e-05,0.015481493161010683,2.7066830359094944e-05,0.0003119903107004653
107.12402266851898,0.9840135005416237,9.863798348330015e-05,0.015611197384037668,3.1558002157650806e-05,0.00024510608865125526
107.32425448659097,0.9836953671499165,0.00010022661697103107,0.01585344999767197,2.7627022715881525e-05,0.00032332921267896674
107.52448630466297,0.9836739401088263,0.00010168520282414188,0.015883822931384618,2.7650509273835764e-05,0.0003129012476452258
107.72471812273497,0.9836781193478705,0.00010341636707260266,0.015926227099482698,3.1920099546204754e-05,0.0002603170859800733
107.92494994080697,0.983399792349145,0.00010523569475618667,0.01617329232099604,3.082185575669229e-05,0.0002908577792956058
108.12518175887897,0.9832104632923939,0.00010662922162627122,0.016272956234248404,2.6720207370310426e-05,0.0003832310443128786
108.32541357695096,0.9833511340054114,0.00010818291770617535,0.016241558996810894,3.3757149992533234e-05,0.0002653669300304467
108.52564539502296,0.9829908988974007,0.00011001970871573394,0.016549917933400368,3.1978387579799985e-05,0.00031718507285586326
108.72587721309496,0.9828946043274251,0.00011134877929260441,0.01659792592444975,2.838200503058204e-05,0.0003677389637549317
108.92610903116696,0.9829506845357308,0.0001131002335182961,0.016623719465767708,3.3799169368808474e-05,0.0002786965955643746
109.12634084923896,0.9826805759763145,0.00011508770318174035,0.016866375639919627,3.3239023919321986e-05,0.0003047216566146585
109.32657266731096,0.9825086312275968,0.00011681864395654945,0.016997771272779374,3.047607650302336e-05,0.0003463027791164069
109.52680448538295,0.9825522835311192,0.00011856072604837216,0.016975514222066557,3.326479514180583e-05,0.00032037672557704504
109.72703630345495,0.9823824733424849,0.00012062760015816001,0.01717612921624811,3.6487401543495704e-05,0.0002842824395159851
109.92726812152695,0.9820140586053182,0.00012231464223924727,0.017420080116501396,3.0167138633640637e-05,0.0004133794972604725
110.12749993959895,0.9822016706380556,0.00012381321067859156,0.01731505544565341,3.497114000362536e-05,0.0003244895655591649
110.32773175767095,0.9819910565790565,0.00012594817139072707,0.01754847919729938,3.7889194649070356e-05,0.00029662685755515224
110.52796357574294,0.9816937885456282,0.00012768510204225862,0.01775214734017575,3.1828251432758e-05,0.0003945507606711579
110.72819539381494,0.9817606458320869,0.0001295097301267981,0.017741122716034723,3.5013129913294686e-05,0.00033370859179061884
110.92842721188694,0.9816479044236809,0.00013177675589540777,0.017883356357450104,3.877763047908162e-05,0.0002981848324457291
111.12865902995894,0.9813519741005828,0.00013391346003882365,0.018122539237786027,3.5361753234681824e-05,0.00035621144831079256
111.32889084803094,0.9812852047439423,0.00013568963732081684,0.018143920507515274,3.372254904104715e-05,0.0004014625621291073
111.52912266610294,0.9813158753715756,0.00013783806041879797,0.018208699035942962,4.151129182797397e-05,0.0002960762401836562
111.72935448417493,0.9808708257591281,0.00013996784738349314,0.018550195138752765,3.6184515514240255e-05,0.000402826739172896
111.92958630224693,0.9809282599430145,0.00014153132442275743,0.018497750831683087,3.5562227132265276e-05,0.0003968956737010836
112.12981812031893,0.980905358056482,0.00014382832884470717,0.018601065767930247,4.229465058979902e-05,0.0003074531961049723
112.33004993839093,0.9805347925249975,0.0001461082034619238,0.01889423884188136,3.7745810815864054e-05,0.0003871146187973056
112.53028175646293,0.9804840089738361,0.00014813645798962338,0.01894415737243205,3.690840435319236e-05,0.0003867887913412425
112.73051357453492,0.9805103522589006,0.000150506885522995,0.0189648469106493,4.232004628911934e-05,0.0003319738985888122
112.93074539260692,0.9802183626237867,0.00015306625372836388,0.01923614811205115,4.196879759185223e-05,0.0003504542127938769
113.13097721067892,0.9799460280060994,0.00015504557519495387,0.0193967579061351,3.573493250048574e-05,0.0004664335800245544
113.33120902875092,0.9801393114933796,0.00015712506654250825,0.01931861876722921,4.452593012390117e-05,0.00034041874268104307
113.53144084682292,0.979771800100912,0.00015971948148381685,0.01965094000021642,4.375642516960747e-05,0.0003737839921760479
113.73167266489492,0.979586937268725,0.00016160503713085896,0.01975926459016233,3.7637040167398235e-05,0.0004545560637696629
113.93190448296691,0.9796822882231635,0.0001639650378106484,0.01975571803222794,4.455690028052886e-05,0.00035347180647199813
114.13213630103891,0.9794110490188499,0.00016675503993162348,0.020010782273505848,4.51061078996061e-05,0.0003663075597712484
114.33236811911091,0.9791827216606075,0.00016919417292124924,0.020187881561799275,4.0975986784460886e-05,0.00041922661784521593
114.53259993718291,0.9792104256935674,0.00017156470905008582,0.02016632957675969,4.335954039917983e-05,0.000408320480183549
114.7328317552549,0.9790785871847368,0.0001744023177277563,0.02034977694793909,4.909600348978348e-05,0.00034813754606854015
114.9330635733269,0.9786283458405843,0.00017682191614456293,0.020665556689909298,4.095005142494902e-05,0.0004883255018951242
115.1332953913989,0.9788169450381314,0.00017882844370168644,0.020543827655934006,4.543102959491663e-05,0.0004149678325946691
115.3335272094709,0.9786445581795095,0.00018175986746289923,0.02076265887367422,5.090565348232383e-05,0.00036011742582999726
115.53375902754289,0.9782588750536736,0.00018424327873800897,0.021039213217995928,4.276747923212726e-05,0.0004749009703202446
115.73399084561488,0.9783281981066396,0.00018671191778863266,0.021022192742692316,4.59343422906234e-05,0.00041696289054842845
115.93422266368688,0.9782458303968259,0.00018981869397184653,0.021144093919437727,5.164101873498151e-05,0.0003686159709922898
116.13445448175888,0.9779034705052155,0.000192820970835094,0.021429207793057285,4.7661005854748215e-05,0.00042683972499728447
116.33468629983088,0.9777710357102035,0.00019526903512104293,0.021492024740446678,4.4025437367403504e-05,0.0004976450768192502
116.53491811790288,0.9778694142145371,0.00019814564432573024,0.021506298355702908,5.4848673592339046e-05,0.0003712931117987899
116.73514993597487,0.9773804046180135,0.00020116526051262813,0.021899149304252793,4.922428071535987e-05,0.00047005653646370245
116.93538175404687,0.977369891245489,0.00020331123113870428,0.021883796463832216,4.614857688843074e-05,0.0004968524826084264
117.13561357211887,0.9774046217372915,0.00020639020587473483,0.021949221985866827,5.567158430757942e-05,0.000384094486614116
117.33584539019087,0.9769919317530155,0.00020960547545164778,0.02228777931256287,5.0909719765868424e-05,0.00045977373915677053
117.53607720826287,0.9768982376045771,0.00021239715883838807,0.022367982008558086,4.8676294977958895e-05,0.0004727069329993511
117.73630902633487,0.9769417569445559,0.00021558983961690934,0.022367701255785157,5.5095361605633e-05,0.00041985659838580876
117.93654084440686,0.9766512615379705,0.00021912287653432438,0.02265199786814236,5.6263793661966734e-05,0.0004213539236413871
118.13677266247886,0.9762860511007444,0.00022190553253061715,0.022885405696509795,4.740871001811465e-05,0.0005592289601478922
118.33700448055086,0.9765242997115525,0.00022464731119759722,0.022760810659430395,5.768067066501477e-05,0.00043256164710466183
118.53723629862286,0.9761685709683505,0.0002282349551174298,0.02310286953870625,5.886293680377389e-05,0.0004414616009721815
118.73746811669486,0.9758769534965456,0.00023088877852024586,0.023289262816781245,4.945918223689982e-05,0.0005534357258658269
118.93769993476685,0.9760111020306493,0.00023401964292031955,0.023253954608055495,5.785085330072223e-05,0.00044307286502312385
119.13793175283885,0.9757536463548935,0.0002378631943347594,0.023508748340098643,6.022654950998358e-05,0.0004395155611130988
119.33816357091085,0.9754609162434984,0.00024125681196260267,0.02373976784943387,5.44102022046607e-05,0.0005036488928503232
119.53839538898285,0.9754569989823095,0.0002444442515936479,0.023730582357496664,5.57499906218401e-05,0.0005122244179270848
119.73862720705485,0.9753817419484998,0.00024826590195808446,0.023879409328689042,6.495558408250672e-05,0.00042562723672096557
119.93885902512685,0.9748530395419329,0.00025168336744911106,0.02426867967016136,5.4996506033496546e-05,0.000571600914373988
120.13909084319884,0.975017287034436,0.0002543480778677645,0.024146973758766246,5.814170828129924e-05,0.0005232494205987042
120.33932266127084,0.9749019621219409,0.0002582902683662054,0.024334664611428306,6.71728011433461e-05,0.0004379101970711684
120.53955447934284,0.9744284710316656,0.0002617921078188791,0.024687882538771258,5.690501725091636e-05,0.0005649493044425112
120.73978629741484,0.974487983404609,0.0002650967822423254,0.024672972235709,5.9519294379403934e-05,0.0005144282830097623
120.94001811548684,0.9744417248596232,0.0002692786139270163,0.02476664936648038,6.753474815424238e-05,0.0004548124117671574
121.14024993355883,0.9740595872230509,0.00027342893023639164,0.025094465908395463,6.336648364487896e-05,0.0005091514546225499
121.34048175163083,0.9738454679729303,0.00027677421378081047,0.02521404917598837,5.6995369148755576e-05,0.0006067132681033655
121.54071356970283,0.974017508398055,0.00028055944632799653,0.025167344732317715,7.119604211256954e-05,0.00046339138113548044
121.74094538777483,0.9735007354623064,0.000284759004023175,0.02560120781846209,6.601294126126594e-05,0.0005472847738958018
121.94117720584683,0.9733939446813538,0.0002876910881123296,0.025646618280305306,5.927771056938703e-05,0.000612468239606502
122.14140902391883,0.9734958023648945,0.00029174371068159513,0.02566348810355547,7.206887608316102e-05,0.0004768969447332706
122.34164084199082,0.9730563465592857,0.00029620003350423323,0.02603691416574234,6.77793000062979e-05,0.0005427599414076201
122.54187266006282,0.9729044197878938,0.00030000605484714973,0.026160114326862896,6.347284268451159e-05,0.0005719869876607318
122.74210447813482,0.9729562249857199,0.00030424263367580164,0.026143206450099307,7.055136157917247e-05,0.0005257745688722221
122.94233629620682,0.9726866580094666,0.0003090320789845769,0.026424684657376265,7.430486872373922e-05,0.0005053203853935574
123.14256811427882,0.9722227121223926,0.0003129022120542502,0.026740050135967034,6.240812214131024e-05,0.0006619274073878087
123.34279993235081,0.9724898021070295,0.0003164718709410742,0.026576172996769513,7.347714154282107e-05,0.0005440758836595629
123.54303175042281,0.9721684827356596,0.00032133224383521235,0.026909739493487014,7.78699762210395e-05,0.0005225755507398793
123.74326356849481,0.9717565353553116,0.00032503472901098545,0.027189450143020065,6.448243787654543e-05,0.0006644973347263831
123.94349538656681,0.9719242252668893,0.0003291327921422551,0.027123544628093025,7.407875309783162e-05,0.000549018559720218
124.14372720463881,0.9716959441807732,0.00033433237594047613,0.027363819774018534,7.911956056624967e-05,0.0005267841086436808
124.3439590227108,0.9713336389337193,0.00033899427984803587,0.027655047641246683,7.139207930343254e-05,0.0006009270658223102
124.5441908407828,0.9712806648917657,0.00034323611045944483,0.027672512363446644,7.087113919701017e-05,0.0006327154950714379
124.7444226588548,0.9712796429434633,0.00034829121033946815,0.027768445791350405,8.453705593123255e-05,0.0005190829988561467
124.9446544769268,0.9706815550805179,0.000353042233097315,0.02822790506394739,7.304800589373183e-05,0.0006644496164887234
125.1448862949988,0.9707899962931035,0.0003565600580299461,0.028129366344539417,7.34504258517651e-05,0.0006506268784188543
125.3451181130708,0.9707508024252337,0.00036175855247049275,0.02826805385121504,8.713146492124403e-05,0.0005322537061010066
125.5453499311428,0.9701972731302503,0.00036662566790575374,0.028695743354484708,7.498319641304656e-05,0.0006653746508843088
125.7455817492148,0.9702301588030425,0.0003710099835403256,0.02869508839474851,7.624475983040444e-05,0.0006274980587781722
125.94581356728679,0.9702223299906644,0.0003765449646539377,0.028755067928286304,8.67950011536009e-05,0.0005592621151853021
126.14604538535879,0.96981273694031,0.0003821912284723549,0.02911727664833434,8.314920116202123e-05,0.0006046459816657804
126.34627720343079,0.9695029280467622,0.00038672553158338547,0.029308332421987007,7.326260284508436e-05,0.0007287513967670417
126.54650902150279,0.9697473439618027,0.00039162905572853745,0.029195167187272893,9.084750534859604e-05,0.0005750122897879124
126.74674083957478,0.9692243251910249,0.0003973593947239774,0.029654398409552654,8.725560737253874e-05,0.0006366613972680067
126.94697265764678,0.9689937627530297,0.00040134815422987046,0.029785406833442093,7.55117487745468e-05,0.0007439705104651795
127.14720447571878,0.9691684988306334,0.0004065950406120105,0.029745336920694594,9.18697446722207e-05,0.0005876994633324501
127.34743629379078,0.968721905439573,0.00041266584736147986,0.030138427561019948,8.90482363274687e-05,0.0006379529156644362
127.54766811186278,0.968495890589172,0.0004178073533725586,0.030318431252951222,8.18811431116464e-05,0.000685989661337269
127.74789992993477,0.9685434745071287,0.0004233546144565582,0.030292966583325,8.902489823160488e-05,0.000651179396799974
127.94813174800677,0.9683175100009134,0.0004297354377230024,0.030551728534903923,9.67063487730598e-05,0.0006043196776281948
128.14836356607879,0.967754025027637,0.00043505685115774917,0.03095427097577285,8.149986086476789e-05,0.0007751472845070327
128.34859538415077,0.9680247757049832,0.00043965679256012324,0.030766337778030776,9.216559877197533e-05,0.0006770641255962337
128.54882720222275,0.9677633350912033,0.0004461126033468049,0.03106962161704328,0.00010133577228443369,0.000619594916066431
128.74905902029477,0.9672244306816297,0.0004512278222455183,0.031453085666269705,8.346067736689255e-05,0.0007877951524312254
128.94929083836675,0.9674143691907447,0.000456531139407948,0.031362584890192446,9.366282837472043e-05,0.0006728519512197488
129.14952265643876,0.9672296717303764,0.0004634430914018747,0.031573810735693326,0.0001022609682962797,0.0006308134741701089
129.34975447451075,0.9667972234714124,0.0004697658458170269,0.03192798890986246,9.260869114885808e-05,0.0007124130816958125
129.54998629258276,0.9666772201267763,0.00047536039837954515,0.03198806048473032,8.925707895790742e-05,0.000770101911096528
129.75021811065474,0.9667645305516526,0.0004819356153234411,0.03201418439374982,0.00010826055291766895,0.0006310888862962734
129.95044992872675,0.9661123175064181,0.0004884344000627542,0.03253480611289405,9.591099839682437e-05,0.0007685309821683984
130.15068174679874,0.9661293335705846,0.0004930589805860341,0.032487872181316484,9.178518467625584e-05,0.0007979500827749376
130.35091356487075,0.9661839658193258,0.0004997892877542651,0.03255968276191188,0.0001111974896564218,0.0006453646412898402
130.55114538294274,0.9655657507216934,0.0005064537289635494,0.03305280218023476,9.78246078314847e-05,0.0007771687612152899
130.75137720101475,0.9655509497926497,0.0005122257868259125,0.033082602714459015,9.663318168169583e-05,0.000757588524325811
130.95160901908673,0.9655798330752826,0.0005194377193580122,0.03310672438807606,0.0001097238600960386,0.0006842809571275709
131.15184083715874,0.9651611858333932,0.0005269995715747773,0.03348917828548801,0.00010772889236829209,0.0007149074171172362
131.35207265523073,0.9647450095722554,0.00053309599056591,0.0337644202681391,9.356680089928552e-05,0.0008639073680815327
131.55230447330274,0.9650512126624282,0.0005393605072721944,0.03358656109053435,0.00011403282057585018,0.0007088329191263068
131.75253629137472,0.9645485539439684,0.0005470345114500456,0.03405015602299711,0.00011365931965790836,0.0007405962018607021
131.95276810944674,0.9641706453066516,0.0005524348534634889,0.034290119623252666,9.553986210955052e-05,0.0008912603544582063
132.15299992751872,0.9644183533292592,0.0005591286561542158,0.03418874756495638,0.00011545048019781765,0.0007183199693704329
132.35323174559073,0.9639872410996323,0.0005672590401549681,0.03458245578414337,0.00011539860299490742,0.0007476454730136204
132.55346356366272,0.9636725761004435,0.0005741416034692176,0.034832706074494395,0.00010455052779997246,0.0008160256937311835
132.75369538173473,0.963700495015946,0.0005813194640955185,0.0348101975024372,0.0001109084177538867,0.0007970795997045392
132.9539271998067,0.9635421746511172,0.0005896804165144473,0.03502353005094809,0.00012406036243047154,0.0007205545189251675
133.15415901787873,0.9628842718937047,0.0005969090147506708,0.03551340000263425,0.00010553732950681493,0.0008998817593407385
133.3543908359507,0.9631248996795593,0.00060278886925938,0.035325018749284585,0.00011401395799707945,0.0008332787438399677
133.55462265402272,0.96295045388247,0.0006112031086728417,0.03557354250889565,0.0001297766039205526,0.0007350238959824815
133.7548544720947,0.9622868278008846,0.0006181938760308368,0.036064248809645434,0.00010726399167194861,0.0009234655217080191
133.95508629016672,0.9624807795091794,0.0006249922400182483,0.03596104869955542,0.00011704434636017307,0.0008161352048266741
134.1553181082387,0.9623517036949788,0.0006340272335693328,0.03612980153977726,0.00013004951380669844,0.0007544180178048912
134.35554992631072,0.9618548679778295,0.0006424927579386161,0.036544413168983186,0.0001188157620244017,0.0008394103331609629
134.5557817443827,0.9616506600458427,0.0006498131141993559,0.03666353274037856,0.00011155195848485412,0.0009244421410347151
134.7560135624547,0.9618339455502061,0.0006582330458110652,0.03660693172165195,0.00013645397762641564,0.000764435704644304
134.9562453805267,0.9611493028034991,0.0006669776591272978,0.03717341044747245,0.00012442372576902376,0.0008858853640714052
135.1564771985987,0.9610380044904758,0.0006730384242451074,0.03720970703433542,0.00011368491579056006,0.0009655651350921773
135.3567090166707,0.9612007051799928,0.0006816043448902823,0.03719854270392706,0.00013974395805093465,0.0007794038130749813
135.5569408347427,0.9605404063318709,0.0006905912749118041,0.03774097884315754,0.00012629628073313013,0.0009017272692639855
135.7571726528147,0.9604536749623337,0.0006981386305544585,0.03782085606678408,0.00012125205140810891,0.000906078288858558
135.9574044708867,0.9605133160505989,0.000707399939960616,0.03781083500426071,0.00013660009691548113,0.0008318489082034128
136.15763628895868,0.9601097369250805,0.0007173730966439122,0.03819341621244289,0.0001378453718841834,0.0008416283938860895
136.3578681070307,0.9595810336303378,0.0007255015032505899,0.038562222217690935,0.00011874799790939083,0.0010124946507501838
136.55809992510268,0.9599277640709999,0.0007334080713325896,0.038330520161978694,0.00014091592191813176,0.0008673917737084003
136.7583317431747,0.9594765373473073,0.0007434985810996399,0.03877240458734134,0.00014589298479412784,0.0008616664993960776
136.95856356124668,0.9589347924061904,0.0007507685999363609,0.039140225586921484,0.00012018777419927,0.00105402563269178
137.1587953793187,0.959247974841807,0.000759198800561113,0.0389790976824753,0.0001431696940181989,0.0008705589810774003
137.35902719739067,0.9588563211823508,0.000769906172988646,0.03935184653110277,0.0001474451486032637,0.0008744809648935397
137.5592590154627,0.9584420527826664,0.0007790344162691965,0.03968343131784051,0.00013219777913267864,0.0009632837040314653
137.75949083353467,0.9584328977991582,0.0007882257717718417,0.03967817974621868,0.00013667389187967333,0.0009640227909128495
137.95972265160668,0.9583649828418878,0.0007990090830785999,0.03982264418997989,0.00015688365056201165,0.000856480234432774
138.15995446967867,0.9576244053368772,0.0008087033063402504,0.040393952995234135,0.0001354329493452736,0.0010375054121457628
138.36018628775068,0.9577941841274752,0.0008161734834654725,0.040236359344065366,0.00013934216632081217,0.0010139408786151278
138.56041810582266,0.9577337173046937,0.0008269443478290128,0.04040436847653478,0.00016363476566992594,0.0008713351052141928
138.76064992389468,0.9569576629941233,0.0008363857765891086,0.040997203202958125,0.00013685676547966076,0.0010718912607905029
138.96088174196666,0.9571301970552326,0.0008450332830350927,0.04089967896598558,0.00014467589306949903,0.0009804148026171936
139.16111356003867,0.9570652625224921,0.0008566547942728601,0.04101495636042555,0.00016278069022559078,0.0009003456325244011
139.36134537811066,0.956517472363884,0.000867843384140607,0.04148070005643437,0.00015082085580673643,0.0009831633396737171
139.56157719618267,0.9562139885963202,0.0008773530333771591,0.04167448686856609,0.00013850696364668658,0.0010956645380283635
139.76180901425465,0.9564916334618017,0.000887980583802303,0.04152905347634719,0.00016931357354554478,0.0009220189044429756
139.96204083232666,0.9558026882310598,0.0008995543509063366,0.042119507185085725,0.00015940918039988172,0.0010188410524891625
140.16227265039865,0.9555285241326418,0.0009074763336338498,0.042270874478477626,0.00013982384107784747,0.0011533012141107112
140.36250446847066,0.9558075964922137,0.0009182085553543329,0.04216465302723056,0.00017308004105098866,0.000936461884091222
140.56273628654264,0.9551339778974658,0.0009301403497006132,0.042733726325991005,0.00016125185213419085,0.0010409035746480832
140.76296810461466,0.9549498202063427,0.0009399465854704075,0.042885290710831636,0.00015071389922878417,0.001074228598066803
140.96319992268664,0.9550302476411706,0.0009516817517967759,0.04284689240872511,0.00016770054489947494,0.0010034776533489039
141.16343174075865,0.9546702656818743,0.0009646397067731131,0.04320423601084555,0.00017421024648666788,0.0009866483539620007
141.36366355883064,0.9540284198756519,0.0009753817088264311,0.043671397667131906,0.00014972256891695857,0.0011750781794176402
141.56389537690265,0.9543834613154479,0.0009852571478905024,0.043406799436721676,0.0001716104028039046,0.0010528716970816037
141.76412719497463,0.9540180746608821,0.0009982910584125492,0.043796590249366725,0.00018453916010102914,0.0010025048711815039
141.96435901304665,0.9533059363516104,0.0010080109377491652,0.04430375686448753,0.00015040921675110814,0.001231886629345302
142.16459083111863,0.9536678430787636,0.0010185109607117947,0.04409211381775886,0.00017535205143728833,0.0010461800912721204
142.36482264919064,0.9533391895327158,0.001032381730497691,0.044421417667378615,0.0001856701017492526,0.0010213409676030842
142.56505446726263,0.9528205369341868,0.0010443734046849187,0.04484070805910519,0.00016560005647557076,0.0011287815454957004
142.76528628533464,0.9527560520930493,0.0010560359928630883,0.04486887477354032,0.00016688454903271072,0.0011521525914637502
142.96551810340662,0.952796812240467,0.0010697349173783564,0.04492311273974571,0.000195549793764143,0.0010147903085917956
143.16574992147864,0.951992450121161,0.0010825627146132655,0.04556314343734428,0.00017211239437130797,0.0011897313324562605
143.36598173955062,0.9520465962231753,0.0010920112225697482,0.04547324232734871,0.0001685608347117795,0.0012195893921402839
143.56621355762263,0.9521245433832042,0.0011055652572855399,0.045535733944883326,0.00020324274944878175,0.0010309146651256572
143.76644537569462,0.9512586994187444,0.0011181548894253794,0.046216059192355316,0.0001732531909672776,0.0012338333084527537
143.96667719376663,0.9513778705457782,0.0011290850457207576,0.046148885085656524,0.00017701536813931405,0.001167143954652212
144.1669090118386,0.9513812836723285,0.0011438060878139313,0.046203193230702544,0.00020063725762151427,0.001071079751478411
144.36714082991062,0.9508042760148141,0.0011584028640847458,0.04670298553285851,0.0001894514506882436,0.0011448841375006078
144.5673726479826,0.9503897287683215,0.001170672321946549,0.04698491898174152,0.0001709623973451004,0.0012837175305908366
144.76760446605462,0.9507486236210224,0.0011839091758694068,0.04675391167660992,0.0002068791970716774,0.001106676329374254
144.9678362841266,0.9500895937838831,0.00119897725848419,0.04733992644542986,0.00020161788458795255,0.00116988462756535
145.16806810219862,0.9496243090418784,0.0012093027938270813,0.047634846674972774,0.00017102309617082962,0.001360518393099352
145.3682999202706,0.9500194151116528,0.0012225585735066641,0.04742805670462407,0.0002114270634385945,0.0011185425467271006
145.5685317383426,0.949365679683757,0.001238153515838178,0.04799571543785483,0.0002034525434557253,0.001196998819043417
145.7687635564146,0.9490601158141532,0.0012508157056457735,0.04824030123681974,0.00018567640775210868,0.0012630908355778486
145.9689953744866,0.9491478910762756,0.001265505782250181,0.04818314887163193,0.00020332591446250436,0.0012001283553292623
146.1692271925586,0.9488620977023119,0.0012820981285437145,0.04848636691601078,0.00021743689869919153,0.0011520003543813182
146.3694590106306,0.948112899697645,0.0012961598687127986,0.04905096155916445,0.00018744328685375554,0.0013525355875709756
146.5696908287026,0.9484341705840673,0.0013083867481443853,0.0487843508269811,0.00020621554418304792,0.0012668762965715279
146.7699226467746,0.9481906012766362,0.0013249351936726454,0.04908872979526571,0.00023004281120891224,0.001165690923163052
146.9701544648466,0.947313608906087,0.001337824257845492,0.04973676636073151,0.00018725817261095788,0.0014245423026729297
147.1703862829186,0.9476972083130127,0.0013507812956332162,0.04949288333497135,0.0002122743358266505,0.0012468527205035588
147.37061810099058,0.9474529093568027,0.0013684630812390067,0.04975708299616371,0.00023036559159691594,0.001191178974145571
147.5708499190626,0.9468337083295871,0.0013840614317830128,0.050263304648520295,0.00020558125707688697,0.0013133443329840803
147.77108173713458,0.9466959132777472,0.0013987415279173385,0.050341831012465865,0.00020219459516867898,0.0013613195866504712
147.9713135552066,0.9468557126279318,0.0014158957061306456,0.050289815365706904,0.00024022317645163083,0.0011983531237291355
148.17154537327858,0.9460139247406497,0.001432636612454524,0.05097844878077939,0.00021645814473200938,0.0013585317213339104
148.3717771913506,0.9459075269033296,0.0014445490213486026,0.0509957068897436,0.00020221152815202777,0.001450005657373597
148.57200900942257,0.9461427689210411,0.0014613331792734472,0.05093108634483625,0.00024878992249952503,0.0012160216322962315
148.77224082749458,0.9452194445954573,0.0014778955547102718,0.05167471321242548,0.00021745112426160262,0.001410495513089253
148.97247264556657,0.9452486063834326,0.0014916386181823167,0.05166766369672691,0.00021452843999953796,0.0013775628616017905
149.17270446363858,0.9453198499784309,0.0015100173582956085,0.05165778586781737,0.00024370266076717613,0.0012686441346324644
149.37293628171057,0.9447432342352968,0.0015288149211276133,0.05216663544214393,0.0002355041146106392,0.0013258112867629021
149.57316809978258,0.9442101450912098,0.0015445379449561963,0.05254679200477386,0.00020981489812491893,0.0014887100608773603
149.77339991785456,0.9446244898872086,0.0015608256933951977,0.05224467424445741,0.00024903640240212156,0.0013209737724772855
149.97363173592657,0.9440348545210149,0.0015801262156315756,0.052791825457057864,0.00025166438052838335,0.0013415294257079899
150.17386355399856,0.9433603422197476,0.001593537120428769,0.05325165011553187,0.0002082431294132873,0.0015862274148180215
150.37409537207057,0.9438599214682573,0.0016097016465782537,0.052947947664689195,0.0002548947217225032,0.0013275344986886965
150.57432719014255,0.9432615676408334,0.0016297658202492227,0.05348251772602791,0.0002534744081417355,0.0013726744046849038
150.77455900821457,0.942815529703828,0.0016460117752652233,0.05383820636498082,0.0002268417785454983,0.0014734103773148789
150.97479082628655,0.9428944855946578,0.001664200495934466,0.05377530083484046,0.0002438240820779023,0.0014221889924237938
151.17502264435856,0.9427122602271653,0.0016851470273777304,0.053994694141248016,0.00026795361184486695,0.0013399449922978078
151.37525446243055,0.941868634121813,0.0017033679760061018,0.05464908237523868,0.00023284619945764575,0.0015460693274164303
151.57548628050256,0.9421067588530389,0.001718397586543952,0.054419732832395824,0.00024487263849512985,0.0015102380894560948
151.77571809857454,0.9420200448151836,0.0017390626670933697,0.054604563767614696,0.0002826620226104058,0.0013536667274270412
151.97594991664656,0.9409970173985293,0.0017559922758623517,0.05538325099765757,0.0002318406127860161,0.0016318987150937226
152.17618173471854,0.9413649911012534,0.0017718598857578165,0.05513493533476839,0.00025416095448416057,0.001474052723664895
152.37641355279055,0.9412226867629914,0.0017940494109087513,0.0553148623007948,0.000281597268768202,0.001386804256465394
152.57664537086254,0.9405172615138678,0.0018141323458213765,0.055898011654757405,0.00025298516293343015,0.001517609322547646
152.77687718893455,0.9402894857095104,0.001832479717074434,0.05604349263584345,0.00024333073642982184,0.0015912112010697372
152.97710900700653,0.9405676442120481,0.0018536684231808063,0.05587779967613889,0.0002908053549737677,0.0014100823335841276
153.17734082507855,0.939722286168921,0.001875209472084726,0.05658722964323137,0.00026924021901601015,0.0015460344966710473
153.37757264315053,0.9394149039431784,0.001890191367881618,0.056749667281448556,0.00024099136681785693,0.00170424604059835
153.57780446122254,0.9398173657231341,0.0019106648504828468,0.05654292069437045,0.00030028567851688657,0.001428763053421008
153.77803627929453,0.9388769797924615,0.001932148261976731,0.0573170138736431,0.0002703356901680217,0.001603522381672948
153.9782680973665,0.9387777944225846,0.0019493500781924242,0.05740260757787634,0.0002576930183364475,0.0016125549029315542
154.17849991543852,0.9389115493306646,0.0019719851550062425,0.05733003736601976,0.00029198685621219467,0.0014944412920189284
154.3787317335105,0.9383711089645451,0.0019958808997068795,0.05781606119325386,0.00028966412529693615,0.0015272848171191376
154.57896355158252,0.9377172302113558,0.0020158884580253255,0.058299921779149645,0.00025596458265239667,0.0017109949687382983
154.7791953696545,0.9381487536347067,0.002035710912133713,0.05795303594891403,0.0002955484126659019,0.0015669510914996436
154.97942718772651,0.9376717399527302,0.0020600404990164583,0.058422059572157285,0.00030995763737555525,0.0015362023386392785
155.1796590057985,0.9367832927080167,0.0020773786592560347,0.059057508420333436,0.0002525491890643282,0.0018292710232469464
155.3798908238705,0.9373625592199899,0.002096868576420618,0.058671951970490126,0.00030346017786411647,0.0015651600551484656
155.5801226419425,0.9368550731727268,0.0021222801451915964,0.05914024567030511,0.0003116126750190161,0.001570788336669563
155.7803544600145,0.9362580438258501,0.002142984118654086,0.059618480272623765,0.0002749480315443775,0.00170554375123966
155.9805862780865,0.9363100602337189,0.0021652858838289222,0.059565542466545864,0.00028959800641444543,0.0016695134094019718
156.1808180961585,0.9362556753799045,0.0021913657338433275,0.05967409477839611,0.00032590473615356954,0.0015529593716122612
156.3810499142305,0.9353382963569428,0.002214721537433606,0.06040305146308047,0.0002867814573812441,0.0017571491850699693
156.5812817323025,0.9354405319296352,0.0022330900621813903,0.06025566563853475,0.0002878250119815616,0.001782887357572772
156.78151355037448,0.9355414937905326,0.0022584889871162268,0.06028891871457129,0.000342415001141905,0.0015686835065440525
156.9817453684465,0.9344045476210338,0.002280488539852956,0.06117555210298282,0.00028523481107677344,0.0018541769249602862
157.18197718651848,0.934710661130143,0.0022998017814631726,0.060959421424269765,0.00030118546805715037,0.0017289301959730974
157.3822090045905,0.9346830802626249,0.0023272290948160323,0.06103985690991946,0.00033919044275078895,0.0016106432897947194
157.58244082266248,0.9339170828346051,0.0023528133940173704,0.06167942272626428,0.0003086201882496982,0.0017420608567703885
157.7826726407345,0.9335848956585562,0.0023755963028727054,0.0619069919873986,0.00029104624169760967,0.00184146980937826
157.98290445880647,0.9339673671718429,0.0024014296855615538,0.061631567209603826,0.0003469036768709076,0.001652732256023138
158.18313627687849,0.9331593722940481,0.0024287540605589983,0.06232643979012227,0.000331033300672582,0.0017544005545009655
158.38336809495047,0.9326197773630802,0.0024475546811799217,0.06266614641812894,0.00028574617990349274,0.001980775357610835
158.58359991302248,0.9331869703531881,0.002472181346178789,0.06231225690413846,0.00035751963424801483,0.001671071762147165
158.78383173109447,0.9322757771412183,0.0024996449517448818,0.06307708117462771,0.00033255587042780606,0.0018149408618824449
158.98406354916648,0.9320122927509936,0.002521086152041486,0.06328711120132591,0.0003070031838313958,0.0018725067117086236
159.18429536723846,0.932198573561554,0.002548612650249964,0.06315820192663468,0.0003454566865117044,0.0017491551749506723
159.38452718531047,0.9317332932611566,0.00257859920149217,0.06358490183510836,0.0003523976962130713,0.0017508080059335594
159.58475900338246,0.9309625104006202,0.002603869150020239,0.06417220506926077,0.0003102468716402834,0.0019511685083620992
159.78499082145447,0.9313623253640508,0.0026277564528583283,0.06381794697580871,0.0003461214027596272,0.0018458498044243126
159.98522263952646,0.9310425278066526,0.002657950514684873,0.0641667397309635,0.00037663156778280953,0.0017561503798178585
160.18545445759847,0.9299510431927992,0.002680234099308621,0.0649751430192967,0.0003050498250641361,0.002088529863433118
160.38568627567045,0.9305710770516156,0.0027035035525976997,0.06453557320286964,0.000356959232799362,0.001832886960017902
160.58591809374246,0.9301876891501223,0.0027351895823179034,0.06490514403538274,0.0003778017213578224,0.0017941755107191114
160.78614991181445,0.9294410504720368,0.0027613846401454353,0.06550740188312609,0.00033074481460280747,0.0019594181899887176
160.98638172988646,0.9294467636122564,0.0027884942511429874,0.06548213204016129,0.0003410894428913981,0.001941520653449364
161.18661354795844,0.9295353738986879,0.002820529330601103,0.06545938432213777,0.00039105465934031195,0.0017936577891331069
161.38684536603046,0.9285731393172936,0.0028501270240830086,0.06623941400534825,0.00034993062231318826,0.001987389030862392
161.58707718410244,0.928488311673631,0.002872474585095467,0.06621994794343078,0.00033546362995202217,0.00208380216779327
161.78730900217445,0.928799615233636,0.002903222003079344,0.06607536435607733,0.00040902500732096955,0.0018127733997884696
161.98754082024644,0.9275929764549425,0.0029314750765599266,0.0670351797409746,0.00034837894289047776,0.0020919897845339272
162.18777263831845,0.9277850363157553,0.0029548675896857762,0.06689445386830789,0.00035348257628093943,0.002012159649872229
162.38800445639043,0.9278791346314054,0.0029882778844602495,0.06686532335647113,0.00040274600299420427,0.0018645181245701557
162.58823627446245,0.9270889807596496,0.003020516361543115,0.06753023542566867,0.00037317522261896347,0.0019870922304232428
162.78846809253443,0.9266410759874764,0.003048634893476492,0.06785245271405327,0.00034605651149105374,0.0021117798934066623
162.98869991060644,0.927099465106609,0.0030797435222952147,0.06748432186305366,0.0004078468612428768,0.0019286226467034224
163.18893172867843,0.9263757731582489,0.0031139116133594284,0.06812249759387912,0.00040213479392299696,0.0019856828404944144
163.38916354675044,0.9255862452413185,0.0031374464136011654,0.06866121568477995,0.00033743452701179446,0.0022776581331933063
163.58939536482242,0.9263002356942196,0.0031666885003303917,0.06816838026049435,0.0004200357078779356,0.0019446598369836626
163.78962718289444,0.9254675770645175,0.0032012786652433167,0.0688796995131828,0.00040439470774849065,0.002047050049215572
163.98985900096642,0.9250110077285014,0.0032278928798207544,0.06924092110411681,0.00036297376630551324,0.0021572045211628596
164.19009081903843,0.9252353774887447,0.0032609799127155397,0.06906684066744513,0.0004040637441564245,0.0020327381868437116
164.39032263711042,0.9248834252003754,0.003298127186668888,0.06939654639787463,0.00042382739758018703,0.001998073817406987
164.59055445518243,0.9240067026563046,0.0033297875260408978,0.07008015684614523,0.0003733550146766666,0.0022099979567393986
164.7907862732544,0.9243188034356905,0.0033583226942818407,0.06976451202647312,0.00040049378059133915,0.002157868062867788
164.99101809132642,0.924198833433862,0.00339523099262167,0.06995108840671493,0.0004514774949933256,0.0020033696717128143
165.1912499093984,0.9229316666374557,0.003423662642150664,0.07091476411732152,0.0003668063711318058,0.002363100231845322
165.39148172747042,0.923540074254766,0.0034512119626314945,0.07046182203179623,0.0004150961910222587,0.0021317955596893887
165.5917135455424,0.9233097279050386,0.0034901186074661533,0.07070318432899325,0.0004515673288308112,0.0020454018295760646
165.79194536361442,0.9224292135335544,0.0035230036133935714,0.07141828223798727,0.00039494492150685714,0.0022345556934631233
165.9921771816864,0.9223686442281617,0.0035557067126198833,0.07143957587118911,0.00039873550132397175,0.0022373376866096618
166.1924089997584,0.9226027866060206,0.003594539064799807,0.07127532337548409,0.0004627187743770051,0.0020646321792210575
166.3926408178304,0.9216330098062793,0.0036316034632431597,0.07207428866730943,0.0004227186361286938,0.0022383794269414453
166.5928726359024,0.9213169274280103,0.003658695151202705,0.07222498234324656,0.0003883437789567274,0.002411051298485417
166.7931044539744,0.9218487896167153,0.0036953842670389607,0.07188622866089758,0.0004818720611769962,0.0020877253940715015
166.9933362720464,0.9206265302838509,0.003731212134615318,0.07287396868948678,0.00042193222416864613,0.002346356667780267
167.1935680901184,0.9206508937463659,0.003759434390753155,0.07285471289356067,0.0004111726880680034,0.0023237862811545966
167.3937999081904,0.9208672413620224,0.0037995692311843373,0.07271203185850286,0.000471683766798593,0.0021494737813943757
167.5940317262624,0.920097948043822,0.003839738801998144,0.07336212228619864,0.00044710615280972485,0.0022530847150742457
167.7942635443344,0.9195270927803962,0.0038742342198371245,0.0737877957641449,0.0004089622580913507,0.002401914977430934
167.99449536240638,0.9200194045208916,0.003911257940544537,0.07335725928054593,0.0004727553387715258,0.002239322919146585
168.1947271804784,0.9194310132126327,0.003953380998988563,0.07389143499407497,0.0004824851827188463,0.002241685611485817
168.39495899855038,0.9183906415582239,0.003982750116773015,0.07463679333277623,0.0003970564825018271,0.0025927585096253494
168.5951908166224,0.9192160271290323,0.004017063668386129,0.07402885930273148,0.0004871239175186421,0.0022509259822319754
168.79542263469438,0.9185113696951298,0.004059979183679074,0.07464074689846273,0.00048564516089234317,0.0023022590617399227
168.9956544527664,0.9178449872160306,0.004092868486564079,0.07517022539240886,0.00042612744278137384,0.002465791462120318
169.19588627083837,0.9180887564378334,0.004132218854591798,0.07496679687637126,0.00046774706644162934,0.0023444807646668597
169.39611808891038,0.9178828695637095,0.004177646343480399,0.07516494256360075,0.0005035963515669173,0.002270945177547635
169.59634990698237,0.9169192319403445,0.004216970117238143,0.07592974351000925,0.00044574984074928503,0.0024883045915640263
169.79658172505438,0.9170853764473015,0.004250798493076009,0.07570329944923736,0.00045851955262593916,0.0025020060576643136
169.99681354312636,0.91720160035391,0.0042952563743725485,0.07568970943183262,0.0005338738202269274,0.002279560019561692
170.19704536119838,0.9158019596261912,0.004331219622551217,0.07677572066002213,0.00043870745745250967,0.002652392633686616
170.39727717927036,0.9163354297944651,0.004363606244592658,0.07636109213412434,0.000477472308477582,0.0024623995182427565
170.59750899734237,0.9162810126200611,0.004410664177755002,0.07644978970795353,0.000532020374024477,0.0023265131201113715
170.79774081541436,0.9152976890096249,0.0044516028335397995,0.07725241083248266,0.00046814176213979544,0.0025301555621198473
170.99797263348637,0.9151508812243458,0.00449078540956242,0.0773394907915788,0.00046289896554550775,0.002555943608874452
171.19820445155835,0.9155181240552318,0.00453724892326766,0.07703667338126913,0.000539744786350679,0.0023682088537865104
171.39843626963037,0.9145862138371202,0.004583099997238588,0.07781395444554143,0.0005052246417912066,0.002511507078215024
171.59866808770235,0.9140069041509863,0.004615847203944891,0.07816815763156297,0.00044715648925879416,0.002761934524151007
171.79889990577436,0.9147529604237924,0.004659030111839026,0.07763300999742846,0.0005599558580483302,0.002395043608794964
171.99913172384635,0.9135759248490746,0.00470386069603511,0.07859546624830571,0.0005061135481171853,0.002618634658369689
172.19936354191836,0.9133832341370414,0.004737798313605236,0.07874149775863834,0.00047438354196490984,0.0026630862486518715
172.39959535999034,0.9137155254442625,0.004785378298022643,0.0784881283061655,0.0005452898570715766,0.002465678094380414
172.59982717806236,0.9130169990443981,0.004834856421623592,0.07907716425669481,0.0005304865795897221,0.0025404936975965586
172.80005899613434,0.9123211737286538,0.004876914088664996,0.07961001967163583,0.00048015717106159213,0.0027117353398860254
173.00029081420635,0.9127944476404521,0.004920491648134591,0.07915905990378581,0.0005406499355980407,0.0025853508719288964
173.20052263227834,0.9123933988186242,0.004971698527894663,0.07953946135161238,0.0005715837767579708,0.0025238575250103317
173.40075445035035,0.9111199699637766,0.005008197338875122,0.08048237768886099,0.0004655410481764288,0.0029239139602117823
173.60098626842233,0.9120034703942945,0.005048029175778973,0.07979985714908579,0.0005578335580629109,0.0025908097226788897
173.80121808649434,0.9114734598485574,0.005100476103829212,0.08026767997964825,0.0005755120258204269,0.0025828720420464726
174.00144990456633,0.9105968584613859,0.005140921489342193,0.08096848527640015,0.0004969508215993158,0.002796783951176004
174.20168172263834,0.9108372599049633,0.005187273014747779,0.0807559324139402,0.0005364019308548684,0.0026831327353964885
174.40191354071032,0.9108001551520547,0.0052421113853120755,0.08079561391450382,0.0005907482553866176,0.0025713712926447797
174.60214535878234,0.9097775913032132,0.005290501961051915,0.08161752331085002,0.0005275668222981663,0.0027868166024879403
174.80237717685432,0.909743046898979,0.005330343798457863,0.0815303374569011,0.0005202231544133518,0.002876048691151608
175.00260899492633,0.9101206846822182,0.005383139622241357,0.08128735240132551,0.0006227232558186241,0.0025861000383008256
175.20284081299832,0.9086456626405556,0.005428180194580987,0.08244870576710102,0.0005213151704560036,0.002956136227211815
175.40307263107033,0.9090345096032598,0.005466031351521028,0.08213138790094354,0.0005436352304886039,0.0028244359136918597
175.6033044491423,0.9091713140901022,0.0055221191173898225,0.08204986921529543,0.0006178969169167216,0.0026388006602006374
175.80353626721433,0.9081306741036406,0.00557262812253245,0.0829007951085924,0.0005506907891424034,0.0028452118759961487
176.0037680852863,0.9078785237925424,0.005619282667880489,0.08307214379092251,0.0005337810848537811,0.0028962686637048324
176.20399990335832,0.9083507882087246,0.005674170692767404,0.08264834091017381,0.0006205637746505057,0.0027061364135852225
176.4042317214303,0.9075090995547302,0.005730192133227147,0.08335581292901288,0.0005970954263348327,0.0028077999565951973
176.60446353950232,0.9066511941919666,0.0057696716959194615,0.08393327805979409,0.0005126481186021595,0.003133207933617937
176.8046953575743,0.9075852142932205,0.005819838928204249,0.08321718803446733,0.0006418814270407479,0.002735877316967374
177.00492717564632,0.9065174652125768,0.005875160376825931,0.0840964613397011,0.0006005362316641543,0.002910376839134154
177.2051589937183,0.9060689992275737,0.005915851082046757,0.08444343023628785,0.000543255121228374,0.0030284643327652566
177.4053908117903,0.906503581034141,0.005971561241416198,0.08408969912096513,0.000622751249213095,0.002812407354167889
177.6056226298623,0.9059256905317263,0.006031788164402277,0.08456976372710809,0.0006228391067601085,0.0028499184699070173
177.8058544479343,0.9051095037910899,0.006082731618260433,0.08520691276338768,0.0005597337358956329,0.003041118091268223
178.0060862660063,0.9055041698188829,0.006133492891077999,0.08478581378277751,0.0006105844895915935,0.0029659390175733836
178.2063180840783,0.9053394018989093,0.0061948904513286175,0.08496405868900374,0.0006684118267683558,0.0028332371338916033
178.4065499021503,0.9038696393222159,0.00624000830156123,0.0860776821375763,0.0005436073174455678,0.0032690629211045096
178.6067817202223,0.9047418147884483,0.0062857942188289245,0.08537676487508453,0.0006310278649254628,0.002964598252616555
178.80701353829429,0.9044275070673433,0.0063489328358174385,0.08566015757275185,0.0006725749935376096,0.002890827530452424
179.0072453563663,0.9033594765740767,0.006398396887552994,0.08651817387929411,0.0005758220668855307,0.0031481305920940846
179.20747717443828,0.9035699211118527,0.00645252438799523,0.08632069361041303,0.0006098254934944761,0.0030470353961475744
179.40770899251027,0.9037104384166313,0.006517866486137176,0.08618681098844092,0.000683664823259162,0.0029012192854357076
179.60794081058228,0.9026664893364966,0.006576832728873202,0.0870321410497199,0.0006185343293650929,0.0031060025554500263
179.80817262865426,0.9023859302935159,0.00662349846975027,0.08712807111954855,0.000585806604818529,0.0032766935122716845
180.00840444672627,0.903034014971223,0.006685337604086446,0.0866402039044312,0.0007164103317481513,0.002924033188415623
180.20863626479826,0.9015514907772402,0.006741127268040023,0.08781836740003414,0.0006146905845009899,0.0032743239700903522
180.40886808287027,0.9017259749841292,0.006785153863890338,0.0876590647838182,0.0006131379450454045,0.003216668423023277
180.60909990094225,0.902060310312588,0.006851062001703477,0.08739837480685261,0.0007076315933300942,0.0029826212854336797
180.80933171901427,0.9010193363955133,0.006912784462306855,0.08824668340512432,0.0006425544117193469,0.0031786413252442532
181.00956353708625,0.9006448228323704,0.006968010425528423,0.0885186234516722,0.0006113266828083101,0.0032572166075305383
181.20979535515826,0.9011796758009407,0.0070320414286455584,0.08800572914348252,0.0007033152824918943,0.0030792383443479687
181.41002717323025,0.9004852177046228,0.007099640849688745,0.08858985428770351,0.0006974650909301122,0.0031278220669629
181.61025899130226,0.8993529140542722,0.007147108313014,0.08939313931542157,0.0005854950923001028,0.0035213432248994924
181.81049080937424,0.9004271119790084,0.007204667462663882,0.08853142376198199,0.0007258872838135741,0.0031109095124389687
182.01072262744626,0.8995322025627641,0.007271967752533815,0.08926861687482017,0.0007040728595379921,0.003223139950252155
182.21095444551824,0.8988060189092896,0.007320615089825883,0.089838035935497,0.0006179188000109115,0.0034174112652868797
182.41118626359025,0.8993214257477327,0.0073850934891660554,0.08940219763761552,0.0007031693985774925,0.003188113726819083
182.61141808166224,0.8989084734948196,0.007457518185133435,0.08972891364276453,0.0007229783781756935,0.0031821162990173933
182.81164989973425,0.8979848124290615,0.007518793187900501,0.09045918217077109,0.0006474019278744605,0.00338981028430319
183.01188171780623,0.8982403000178469,0.007577355793221012,0.09012166589164769,0.0006817719075779304,0.0033789063896156745
183.21211353587825,0.8983525065873821,0.007649983529331773,0.09005569502670344,0.0007713690693585555,0.0031704457871327787
183.41234535395023,0.896740637002582,0.007705386587155194,0.09129604905892245,0.0006316048006831508,0.003626322550567715
183.61257717202224,0.8975200188457597,0.007757551134275755,0.09064524341438067,0.000705476966783899,0.0033717096387104826
183.81280899009423,0.8974543472667379,0.007832438832946233,0.09071096754818511,0.0007748196234291725,0.003227426728613162
184.01304080816624,0.8962337071261383,0.007892557019733291,0.09169352934591526,0.0006628978464703697,0.0035173086616542416
184.21327262623822,0.8963843370675212,0.007955272868751567,0.09153851467006945,0.0006876381449650664,0.0034342372486027397
184.41350444431023,0.8966950039867561,0.008032115407200785,0.09123078184628856,0.0007800813832966878,0.0032620173763685954
184.61373626238222,0.8956766811402733,0.008103236838329062,0.09205627904070983,0.0007178972617987266,0.0034459057188009437
184.81396808045423,0.8951194698891066,0.008157643394781844,0.09236751884070303,0.0006555842888161129,0.003699783586504304
185.01419989852621,0.8960263597794286,0.008229108532664595,0.09163770341738879,0.0008127843865163124,0.0032940438839123617
185.21443171659823,0.8946110897486222,0.00829739060040273,0.09276617734188361,0.0007182068816591012,0.0036071354273436397
185.4146635346702,0.894508960872815,0.008348401954821184,0.0928203043549438,0.0006855806006713875,0.0036367522166613595
185.61489535274222,0.8950368484519736,0.008424800115884097,0.0923816057454488,0.0007994386897443959,0.00335730699686106
185.8151271708142,0.894059246763772,0.008499460609342776,0.0931687814429918,0.000743117425097948,0.0035293937587077802
186.01535898888622,0.8935492218216945,0.008564456879905508,0.09355358659670243,0.0006951331061291707,0.003637601595481628
186.2155908069582,0.8940931439391328,0.008638241523937034,0.0929955079715258,0.0007860300490503297,0.00348707651626748
186.41582262503022,0.893603940754715,0.008718802648309818,0.09340075513836883,0.0008048826394987248,0.003471618819019433
186.6160544431022,0.8922221737526514,0.008775695130417241,0.09441324053757957,0.0006661463719682318,0.003922744207295874
186.8162862611742,0.8933677742735922,0.00884094901659454,0.09346115993743137,0.0008099286563088735,0.003520188115985932
187.0165180792462,0.8927050684616551,0.00892164529243904,0.09400024624640446,0.0008147801586006209,0.0035582598408162107
187.2167498973182,0.8917009890737209,0.008979626898226283,0.09479440668979314,0.0006984353518954059,0.0038265419862803796
187.4169817153902,0.8922676192799267,0.009053455659779063,0.09430282616675802,0.0007855407457791098,0.0035905581476754736
187.6172135334622,0.8920530104111333,0.009139464886154153,0.09444069669573096,0.000828894019288033,0.0035379339876130513
187.8174453515342,0.8910447049195739,0.009212613155868172,0.09524303034691349,0.0007424190100262237,0.0037572325675359164
188.0176771696062,0.8911056075191313,0.009279585030343611,0.09504048852724832,0.0007536534275097444,0.003820665495685404
188.2179089876782,0.8915215139684041,0.009364363273938055,0.09470018818213652,0.000878220789208703,0.0035357137862320506
188.4181408057502,0.8898363455063313,0.009431857970083364,0.09600844840718102,0.0007293290982000015,0.003994019018124964
188.61837262382218,0.8904359059077473,0.009490816735783931,0.09548282568024234,0.000779963988068268,0.003810487688080531
188.8186044418942,0.8906413556645387,0.009578351259336546,0.09530746987540867,0.0008797233984501341,0.0035930998021903686
189.01883625996618,0.8893253576425134,0.009650907736159231,0.09636432282263957,0.0007579542056250896,0.003901457592985254
189.2190680780382,0.8893841768955971,0.009723058314646068,0.09628100038643898,0.0007691905110243822,0.003842573892215599
189.41929989611018,0.8898407138766966,0.009812237212470218,0.09581522379238096,0.0008771999407525538,0.003654625177622156
189.6195317141822,0.8889033423329794,0.009897119878115193,0.09656918728120378,0.000824350014929,0.0038060004926953306
189.81976353225417,0.8880575097185215,0.009960304858554805,0.0971117620014312,0.0007298514981746438,0.004140571923243673
190.01999535032618,0.8891877653166922,0.01004181220640432,0.09616483984316698,0.0009091949074958549,0.003696387726168261
190.22022716839817,0.8879170108217621,0.010124330163677166,0.09717343677012931,0.0008303860738700914,0.0039548361704880965
190.42045898647018,0.8874913811858518,0.010183249184395568,0.0974835594566625,0.000760620690507719,0.0040811894825086336
190.62069080454216,0.8881973458815654,0.010270658081445715,0.09687943425667776,0.0008913865428748008,0.0037611752373628705
190.82092262261418,0.8873474871843842,0.010359996684969876,0.09754498541588863,0.0008510016332334615,0.00389652908145056
191.02115444068616,0.886695035125458,0.010436045192086931,0.09804851979959144,0.0007843804636094991,0.0040360194191792
191.22138625875817,0.8871883392519203,0.010520058984465258,0.09749707107970627,0.0008668357096213897,0.003927694974209697
191.42161807683016,0.8869584621950208,0.010614885599123105,0.09767068547682932,0.00091725134432033,0.0038387153846284627
191.62184989490217,0.8853721848055928,0.010682809120542628,0.09885648537745112,0.0007546479687744197,0.004333872727561462
191.82208171297415,0.886502682796875,0.010755934979865125,0.09788666151273301,0.0008918166241197435,0.0039629040863298545
192.02231353104617,0.8861238423726179,0.010851297596580049,0.0981783379237119,0.0009299063750141964,0.00391661573199849
192.22254534911815,0.884866373655555,0.010920164755673761,0.09917705522432943,0.0007846847507549075,0.004251721613608761
192.42277716719016,0.8854465837690666,0.011003861540092082,0.09866386900324849,0.0008687071898834539,0.004016978497631642
192.62300898526215,0.8854485299409055,0.01110469344625596,0.0985909090342713,0.0009377155188900197,0.00391815205960109
192.82324080333416,0.8843896286692544,0.011191317168284663,0.09943323796970804,0.000843537301884718,0.004142278890789835
193.02347262140614,0.8842116059897207,0.011267305282922569,0.09940882803157484,0.0008258853703171548,0.004286375325387635
193.22370443947815,0.8849383586195325,0.0113649752173319,0.09878167237509146,0.0009860805516741893,0.0039289132362929245
193.42393625755014,0.883259227827387,0.01144645032969401,0.10008782004220072,0.0008358365904712824,0.004370665210169756
193.62416807562215,0.8835946846289234,0.011512616410020896,0.09976127302057337,0.0008533899123849528,0.004278036028018893
193.82439989369414,0.8840811195703594,0.011613483565463118,0.09933376000299673,0.0009843926717139789,0.003987244189390854
194.02463171176615,0.8827413881073963,0.011700367293423952,0.10040050260294144,0.0008602056248067536,0.004297536371359014
194.22486352983813,0.8826762215954268,0.011782822831879756,0.10041777481119937,0.0008534895456529319,0.004269691215769679
194.42509534791014,0.8832392114667666,0.011884948031769984,0.09982505932809124,0.0009719124592001395,0.0040788687141002445
194.62532716598213,0.8824438415691719,0.011985172121162567,0.10044989682308154,0.0009359912265292884,0.00418509825998378
194.82555898405414,0.8813182754464502,0.012058301889067374,0.10122074841255989,0.0008087157637149284,0.004593958488138237
195.02579080212612,0.8826117172956284,0.012150053323707895,0.10010486808331488,0.0010026073357497643,0.004130753961529354
195.22602262019814,0.8815607338342332,0.012248466168812264,0.10092435823422377,0.0009488014231321557,0.0043176403395272355
195.42625443827012,0.8807871659407702,0.012316344200378809,0.10151317204847067,0.0008379369408842587,0.0045453808694235565
195.62648625634213,0.8816432651151964,0.012415112637639364,0.10076854043035006,0.0009814501755868127,0.004191631641154706
195.82671807441412,0.8809796218195727,0.012520796858025181,0.101256405919632,0.0009639135161554982,0.004279261886541591
196.02694989248613,0.8801868044078903,0.012609237192990033,0.10187548054890032,0.0008777905647746559,0.004450687285372174
196.2271817105581,0.88056957586177,0.012703803373453592,0.1013849716575149,0.0009441304994112587,0.004397518607776324
196.42741352863013,0.8806431570238131,0.012814053334896136,0.10128282954455887,0.0010317856429533131,0.004228174453705722
196.6276453467021,0.8789148868894725,0.01289475054782589,0.10258861297285816,0.0008504630337069,0.004751286556066273
196.82787716477412,0.8799320823441358,0.012975782310527446,0.10168559101139826,0.0009693996204815798,0.004437144713385959
197.0281089828461,0.8798777585610746,0.013086858932551217,0.10169098772636856,0.0010459935379099955,0.0042984012420256325
197.22834080091812,0.878416267769487,0.013168323057461738,0.10285094491130604,0.0008762175460927224,0.0046882467155819054
197.4285726189901,0.8789652411559077,0.013262330275970513,0.10235688644275356,0.0009512996097449898,0.0044642425155527726
197.62880443706212,0.8791842031930248,0.013378977449142397,0.10206777502615628,0.001045804911248539,0.004323239420358121
197.8290362551341,0.8781203388388372,0.013480696293402521,0.10290683665290509,0.0009489795467335129,0.0045431486680533794
198.0292680732061,0.8776749547606152,0.013566320595325133,0.10309026679164901,0.0008982446489909908,0.004770213203351792
198.2294998912781,0.8786955294377254,0.013677374516354254,0.10218607011923582,0.0010914616310800018,0.0043495642955373405
198.4297317093501,0.8771075544452915,0.013774723332184926,0.10341354114226886,0.0009492892109726026,0.0047548918692146575
198.6299635274221,0.8771065998784081,0.013848519709015152,0.10334991332260539,0.0009248483774342135,0.004770118712469975
198.8301953454941,0.8778692495784479,0.013963148703457717,0.10267372151339993,0.0010857232503647823,0.004408156954261518
199.0304271635661,0.8765856373010811,0.014066285641284702,0.10367746579870145,0.0009681193686866137,0.004702491890176697
199.2306589816381,0.8763670387462853,0.014159922517952067,0.10382088267956452,0.000939155302623161,0.0047130007535056305
199.43089079971008,0.8769856077232964,0.014275320040284976,0.10314477232477184,0.0010610930106403251,0.004533206900938057
199.6311226177821,0.8763948116172656,0.014392379240847087,0.10358118013974027,0.0010502883499597633,0.004581340652119595
199.83135443585408,0.8750194320947529,0.014476746018680025,0.10455723775136375,0.000891905701889686,0.005054678433245511
200.0315862539261,0.8763930328176525,0.014578678612955913,0.10334242318576076,0.0010897946022419007,0.004596070781322104
200.23181807199808,0.8756306638454294,0.014694468465847455,0.10390925980932461,0.0010700687300012938,0.004695539149330909
200.4320498900701,0.8745123314657512,0.01477249736524504,0.10477428968331251,0.0009171294943279881,0.005023751991297546
200.63228170814207,0.8754777044908287,0.014882782891171897,0.10392664740100065,0.0010675295135220387,0.004645335703412514
200.8325135262141,0.8750467053735829,0.015006298531741574,0.10419146949284132,0.001078565199553452,0.004676961402215796
201.03274534428607,0.8741272904051844,0.015108495470288346,0.10491132896588691,0.0009736149281715655,0.004879270230405459
201.23297716235808,0.8743455080355905,0.015213781386374756,0.10453260016655469,0.0010166737523271945,0.004891436659090575
201.43320898043007,0.8747503656567677,0.01534038874153291,0.10412554535769399,0.0011450032953484422,0.0046386969485956026
201.63344079850208,0.8729563470147399,0.01543568529860355,0.10548403485148836,0.0009523055061179085,0.005171627328989374
201.83367261657406,0.8737587941952133,0.015524502759636129,0.10473627761610645,0.0010407573182685675,0.004939668110714956
202.03390443464608,0.8740555368230941,0.01565204787738927,0.10443042403771129,0.0011590659387369152,0.004702925323008414
202.23413625271806,0.8724614037676017,0.01574794827537616,0.10568752722255197,0.0009720834427710221,0.005131037291640168
202.43436807079007,0.87292912494,0.015852618349418,0.1052576214449811,0.001031695568081559,0.004928939697462437
202.63459988886206,0.8733474312127106,0.015985728588689983,0.10476481952989641,0.001148990846915931,0.0047530298217297665
202.83483170693407,0.8723347413952446,0.016104130882277516,0.1055474482363983,0.00105643220197345,0.004957247284050292
203.03506352500605,0.8716126060767423,0.016200040101702225,0.10595118639168262,0.0009704612340452107,0.005265706195772094
203.23529534307806,0.8728832011213524,0.01632464231826404,0.10480495144376338,0.0011904116324421836,0.004796793484125129
203.43552716115005,0.8714722475608851,0.016439669392797358,0.10587586355159509,0.0010668521655195224,0.005145367329151267
203.63575897922206,0.871083497380675,0.0165215489831844,0.10612016485825901,0.0009936272763530003,0.005281161501476528
203.83599079729404,0.8721012500287588,0.01665007547909505,0.10521505007897733,0.001180543902308576,0.004853080510807265
204.03622261536606,0.8709543653634456,0.016771333486001842,0.1060816276026648,0.0010792451120109983,0.005113428435823341
204.23645443343804,0.8705593631616925,0.01687701020732497,0.10636964907271837,0.0010244100490098239,0.005169567509201411
204.43668625151005,0.8711763500476974,0.017005679819635414,0.10566157663328703,0.0011418918521552265,0.005014501647171028
204.63691806958204,0.8708485137469753,0.01714091028508681,0.1058542266236017,0.0011640531233476437,0.004992296220935755
204.83714988765405,0.8692725082425651,0.01723791341367453,0.1069935593506004,0.0009785847100239645,0.005517434283082536
205.03738170572603,0.8706254196412115,0.017349650710442737,0.105767056359589,0.0011675963871644187,0.00509027690154169
205.23761352379802,0.8702099334846201,0.017484030248633937,0.10602797197646718,0.001189955713611472,0.005088108576617147
205.43784534187003,0.8687799107723618,0.01757354798505022,0.10713904916197979,0.0009975732640452935,0.005509918816514237
205.63807715994201,0.8698012366772342,0.017695298088910072,0.1062376256657392,0.0011474544145895775,0.0051183851534802255
205.83830897801403,0.8696324459191346,0.017837824268403604,0.10624993065024567,0.0011907285116754883,0.005089070650495071
206.038540796086,0.8686140240805376,0.017955131302532505,0.10704247555917115,0.0010696591707311613,0.005318709886981526
206.23877261415802,0.8686249783017101,0.018071160084916243,0.10681724740763714,0.0010835720077357976,0.005403042197955519
206.43900443223,0.8693667463546305,0.018214743307625812,0.1060969926436666,0.001252785231383992,0.00506873246264981
206.63923625030202,0.8675921740671585,0.018326474097544062,0.1074317254640371,0.001058011663414288,0.005591614707803322
206.839468068374,0.868085211391489,0.018422804779583742,0.10692185907576988,0.0011043619109696963,0.005465762842143682
207.03969988644602,0.8687426491777135,0.018567218686873107,0.10629676759281595,0.001264874813625249,0.0051284897289289085
207.239931704518,0.8671035930664038,0.018679465714747913,0.10757145150037309,0.001070656311978571,0.005574833406453048
207.44016352259,0.867438124259214,0.018795041933156648,0.10725142560587259,0.0011080087416778697,0.005407399460038671
207.640395340662,0.8680218426161296,0.018944827444719196,0.10658404161561058,0.001242922786702906,0.005206365536799656
207.840627158734,0.8671240485441111,0.019081415135403637,0.10725029696587708,0.0011630498164839692,0.005381189538086867
208.040858976806,0.8661359317797402,0.01918829933939635,0.10786771444260145,0.0010420125511433672,0.005766041887079585
208.241090794878,0.867586164028294,0.019326200233606924,0.10653965793585642,0.0012787487365886147,0.005269229065614679
208.44132261295,0.8664338306910814,0.019460520346379493,0.10738023344138539,0.0011846893130443008,0.005540726208071461
208.641554431022,0.8656341722564634,0.019550994079457925,0.10795133675694683,0.001059130512583599,0.005804366394512008
208.84178624909399,0.8668684834621792,0.01969322876557927,0.10685419345036708,0.0012657392623077331,0.00531835505952826
209.042018067166,0.8659319106026636,0.01983429528503234,0.10751592032292663,0.0011901184417852863,0.005527755347553402
209.24224988523798,0.8653481945679772,0.019952826040404173,0.10795591915733734,0.0011071192842557662,0.005635940949986372
209.44248170331,0.8659060127085629,0.020094421939996936,0.10726964291221694,0.001211979188543609,0.005517943250642017
209.64271352138198,0.8658886106119201,0.02024891736869929,0.10717387251384952,0.0012734596213730281,0.005415139884122323
209.842945339454,0.8641770578522213,0.020360025143078195,0.10841872941839262,0.00106721104788366,0.005976976538389072
210.04317715752597,0.8653985766816742,0.020480838545716,0.10727726648490349,0.0012332254292945367,0.005610092858377557
210.243408975598,0.8653738081907056,0.020634666454415734,0.10719358008260996,0.0013036211151995854,0.005494324157034955
210.44364079366997,0.8636939199756635,0.0207371505841934,0.10849379207988631,0.00107825705556235,0.0059968803046601855
210.64387261174198,0.8647071936082857,0.02087008215078017,0.10759723399374309,0.0012190038305373006,0.0056064864166183144
210.84410442981397,0.864810532545637,0.021032360091688178,0.10734672023510183,0.0012954606346604225,0.005514926492877843
211.04433624788598,0.8637353276717664,0.0211660822878618,0.10817015611816833,0.0011633354307305367,0.005765098491439891
211.24456806595796,0.8635115967240385,0.021292758184184885,0.10812651483178791,0.001144161042448066,0.005924969217508198
211.44479988402998,0.8645693932284394,0.021453513419947747,0.10710999796742127,0.0013505294405935038,0.00551656594356549
211.64503170210196,0.8629031584497796,0.021583432433187975,0.10834085194699761,0.001164474918049544,0.006008082251952079
211.84526352017397,0.8630092766379328,0.02168687281050483,0.10813545210461059,0.0011591566563323873,0.006009241790587489
212.04549533824596,0.8640177243919461,0.02184815096554167,0.10720257716829494,0.0013591615654299036,0.005572385908757045
212.24572715631797,0.8624299709326247,0.02197864015498844,0.10840748386047218,0.0011694861052026352,0.0060144189466812634
212.44595897438995,0.8625819883456292,0.022105235243515188,0.10823900748408652,0.001178127946708439,0.005895640980029638
212.64619079246197,0.8632847369519436,0.02227140236759948,0.10743958719600552,0.0013234971975263192,0.0056807762868931995
212.84642261053395,0.8625682776073023,0.022427527302931263,0.10792779840228572,0.0012654794336335034,0.005810917253814657
213.04665442860596,0.8613441999843028,0.022546121077285593,0.1087334493055956,0.0011119363992117513,0.00626429323357141
213.24688624667795,0.8628805899501123,0.022696571260271255,0.10730561137137508,0.0013524077410013876,0.005764819677205341
213.44711806474996,0.8620594133845331,0.022851509828212508,0.10785148656768576,0.0012980992958039502,0.005939490923730483
213.64734988282194,0.8608585318086046,0.022951181271644246,0.10873763034104356,0.0011207416072911483,0.006331914971381819
213.84758170089395,0.8622533866409338,0.023106580638648032,0.10750202746735675,0.0013383613093242723,0.005799643943704744
214.04781351896594,0.8615866925055317,0.023268819391018197,0.10790490554621189,0.00129629574858076,0.005943286808623007
214.24804533703795,0.8608165709414431,0.02340095068038837,0.10848962814987968,0.0011848797328246055,0.006107970495428396
214.44827715510993,0.8612628594906441,0.023554790557925465,0.10787550728789952,0.001269677593460578,0.006037165070037043
214.64850897318195,0.8615855673908586,0.023729298570994328,0.10746412494780966,0.001374122522497079,0.005846886567807652
214.84874079125393,0.859814941100649,0.023855989838496152,0.10874544267578631,0.0011554561746620943,0.006428170210373093
215.04897260932594,0.8607946725450364,0.02398478165293513,0.1077851530984507,0.001284548949618422,0.006150843753927346
215.24920442739793,0.861186526880998,0.02415849125305055,0.10733660863160065,0.0014059432338591428,0.00591243000045906
215.44943624546994,0.8593427047210683,0.02427553332809931,0.10874688180015439,0.0011576261848048304,0.006477253965839199
215.64966806354192,0.860276631803727,0.02441910945783102,0.10791922034269626,0.001279948388062835,0.006105090007648448
215.84989988161394,0.8606420130124106,0.02460131966093633,0.1074156783897611,0.001387494319261255,0.005953494617598413
216.05013169968592,0.8595657568218966,0.02475267699600546,0.10821619199387576,0.0012517244526488542,0.006213649735540184
216.25036351775793,0.8590972865967614,0.024889819983468682,0.10836582141605063,0.0011978141760224147,0.006449257827665251
216.45059533582992,0.8604219151501838,0.025067400469786214,0.10709692100911986,0.001433421628917955,0.005980341741961108
216.65082715390193,0.858951278552245,0.02521708200383323,0.10814592358028781,0.0012676800124140793,0.006418035851188095
216.8510589719739,0.8586193465993522,0.025327143167697068,0.1082864194250125,0.0012045254465077014,0.006562565361400295
217.05129079004593,0.8599481322871556,0.025504834254630383,0.1070781060300163,0.0014379132314777518,0.006031014196691862
217.2515226081179,0.8585074480426915,0.025655330740612724,0.10812711558164195,0.001265220106376162,0.00644488552865201
217.45175442618992,0.8584356774528036,0.02579290860147725,0.1081423340784467,0.0012398125939184238,0.006389267273328079
217.6519862442619,0.8592037165088425,0.025974621000898625,0.10726211635071879,0.0013872750179758724,0.0061722711215400575
217.85221806233392,0.8587312444965075,0.026151407959338877,0.10751550428426751,0.0013599141397881039,0.00624192912007486
218.0524498804059,0.8573178426211451,0.026282479570215917,0.10846741461917665,0.0011787010836825903,0.0067535621057570735
218.25268169847791,0.8588305985393325,0.026444155832425088,0.10703679242513993,0.001407853829619732,0.006280599373460071
218.4529135165499,0.8583996022557467,0.026620659559891256,0.10723796752115017,0.0014017922507995949,0.006339978412389816
218.6531453346219,0.8568408128119968,0.026730260581688408,0.10839605084568832,0.0011776517775044695,0.006855223983098565
218.8533771526939,0.8583242018079573,0.026897897751009033,0.10708998145757052,0.0013957293757665208,0.006292189607674591
219.0536089707659,0.8579676871934534,0.027082195932139792,0.10719928725821087,0.0013925534820969402,0.006358276134078028
219.2538407888379,0.8570309730140321,0.027228591986449176,0.10790464090216965,0.001255126142984357,0.006580667954343495
219.4540726069099,0.8573232114967637,0.027393695294202318,0.10740460260949271,0.0013139443628855752,0.006564546236633142
219.6543044249819,0.8579919644598176,0.02758849157878824,0.1066736428735827,0.0014612575199524933,0.006284643567834884
219.8545362430539,0.8562450506597262,0.027732180857149593,0.10791648307311023,0.001240195817716272,0.006866089592273632
220.05476806112588,0.8568840433960914,0.02786750095567812,0.1072217998717555,0.001320272455207912,0.006706383321242298
220.2549998791979,0.8576975049540398,0.028061042792020346,0.1064096572593318,0.001491896044521222,0.006339898950061705
220.45523169726988,0.8557921595660467,0.02819429634900451,0.10783651457519447,0.0012334656299844756,0.0069435638797450535
220.6554635153419,0.8565732094181823,0.028347704530805987,0.10714148696472388,0.0013281393232637032,0.006609459762999594
220.85569533341388,0.8571725175280936,0.028549370055662947,0.1064132961783779,0.0014617624321870708,0.006403053805654908
221.0559271514859,0.856161020489632,0.02871945988138291,0.10712906822880051,0.0013316526180280769,0.006658798782134257
221.25615896955787,0.8554551990533369,0.028866842534112206,0.10746652038788544,0.0012437469418360332,0.006967691082806557
221.45639078762989,0.8569706202468884,0.029060232671002047,0.10601431265813735,0.0014968385672864675,0.006457995856663454
221.65662260570187,0.8557761136568333,0.029230974579153888,0.10681133592917012,0.0013628769274607782,0.006818698907359185
221.85685442377388,0.8549880094803682,0.029347153703978585,0.10730761646170332,0.0012401640415703572,0.007117056312358004
222.05708624184587,0.8565849435646599,0.029540322484715206,0.10587703273719827,0.0014975972480542486,0.006500103965353421
222.25731805991788,0.8553777545708547,0.029712319839439033,0.10669435298199802,0.001353639280668931,0.006861933327021237
222.45754987798986,0.8550546154847474,0.02986068940603687,0.10691052976202585,0.0012908314536875763,0.006883333893484971
222.65778169606187,0.8558323509067295,0.030056574692369085,0.10600396022145255,0.0014317972741996617,0.006675316905233084
222.85801351413386,0.8556553258977947,0.03025482456921538,0.10597803920536501,0.001442190781107089,0.006669619546501461
223.05824533220587,0.8541119785406074,0.030399148979275495,0.10702160633385634,0.0012401575375057248,0.007227108608740404
223.25847715027786,0.8554845240886958,0.030570108951033098,0.1056904110988067,0.0014424901642590172,0.00681246569719186
223.45870896834987,0.8554852188639376,0.030768671957075368,0.10551560578046068,0.00149028592384595,0.006740217474666493
223.65894078642185,0.8536422974020655,0.03088909052922582,0.10687469157489689,0.001228700770849806,0.007365219722949465
223.85917260449386,0.8551295456449803,0.031067625521402506,0.10557623687918857,0.001435542529996174,0.0067910494244211245
224.05940442256585,0.8551013886372401,0.031274248937661876,0.10537972525677554,0.0014732851514889763,0.006771352016821758
224.25963624063786,0.8540363761916915,0.03143548932536974,0.10616472017424464,0.0013152523213637907,0.007048161987318227
224.45986805870984,0.8541448773600085,0.03161064081556347,0.10580860368357496,0.0013442402093106869,0.007091637931533505
224.66009987678186,0.8551380216930021,0.03182538227803055,0.10478079889568208,0.001529972768265009,0.00672582436501278
224.86033169485384,0.8534987185564952,0.03198733775077867,0.10591017277082078,0.0013176164600258923,0.007286154461871628
225.06056351292585,0.8537200254367111,0.03212744491493994,0.105543388235519,0.001339993122340943,0.007269148290482961
225.26079533099784,0.854936959865889,0.03234023996886877,0.10439234864419925,0.0015569449966479998,0.006773506524391865
225.46102714906985,0.8530793819503069,0.03249133738395807,0.10573781558960575,0.0013028717457504828,0.007388593330374428
225.66125896714183,0.8536381699703207,0.032653477865574654,0.10523203434852671,0.0013616573481834277,0.007114660467389235
225.86149078521385,0.8544291117989261,0.032873412587377734,0.10432260002164286,0.0015139800845450392,0.00686089550750371
226.06172260328583,0.853552582720553,0.03306316494170734,0.10489000273873851,0.001399791593026045,0.007094458005971217
226.26195442135784,0.8526325366062949,0.03322054420654892,0.10539395006199201,0.0012808812945325058,0.007472087830627321
226.46218623942983,0.8542408732896339,0.03342794467065442,0.10384722352340255,0.00153685159042264,0.006947106925883762
226.66241805750184,0.8533916101794071,0.0336206847863278,0.10433526278196134,0.0014449035230235763,0.007207538729277447
226.86264987557382,0.8521651272326463,0.03374255828636669,0.10516325608210345,0.0012658887084072198,0.007663169690473814
227.06288169364583,0.8539575849419793,0.03394974817927259,0.10358229054593016,0.0015353699797469632,0.006975006353067318
227.26311351171782,0.853053377294988,0.034144311759989755,0.10411028351780136,0.0014298533485814428,0.007262174078634344
227.46334532978983,0.852469894496549,0.03430314275569223,0.10452561160235282,0.0013291222410267629,0.007372228904374617
227.66357714786182,0.8532049038556663,0.0345113466339556,0.10364498300304945,0.001455738094367589,0.0071830284129563585
227.86380896593383,0.8533563658762634,0.03473141341446201,0.10331456024865143,0.0015079676289154686,0.0070896928317035245
228.0640407840058,0.8517506441254128,0.034889731324505256,0.10438750169347533,0.0012936005158151558,0.007678522340788043
228.26427260207782,0.8528707689251929,0.03506741686408667,0.10325179177626903,0.0014549831229258468,0.007355039311521899
228.4645044201498,0.8533237569959801,0.035288024180094274,0.10269191525006717,0.0015583891016728176,0.007137914472179808
228.66473623822182,0.8512941127880381,0.03542031359771148,0.10416065107190499,0.0012722919109556434,0.007852630631384904
228.8649680562938,0.852693140229131,0.035607967949164786,0.10295159632098481,0.0014560321812767554,0.0072912633194390205
229.06519987436582,0.8529891695866333,0.03583644539373071,0.10245996673094884,0.001533088053141298,0.007181330235542228
229.2654316924378,0.8518510744914602,0.03601303460746571,0.10326936991872064,0.0013627437979327238,0.00750377718441755
229.4656635105098,0.8517601199591682,0.0361968647602189,0.10307304259749493,0.0013603497786783573,0.007609622904438595
229.6658953285818,0.8530276030087415,0.03643043171158754,0.10179799159093059,0.0015757049153898195,0.007168268773350924
229.8661271466538,0.8515759430151609,0.03661169779069154,0.10274460486068934,0.0013834543087860869,0.007684300024673154
230.0663589647258,0.8513330014439779,0.03675467273754933,0.10273787085589828,0.0013441021488046238,0.007830352813771892
230.2665907827978,0.8529111717534346,0.036985570180283284,0.10129630686483301,0.0015974143694581422,0.00720953683199247
230.4668226008698,0.8512072865661385,0.037156008521630035,0.10246853931305004,0.0013623311536493585,0.00780583444553523
230.6670544189418,0.8514855802476903,0.03732550646174559,0.1021944400584687,0.0013789908260996224,0.007615482405998301
230.8672862370138,0.8524166329711493,0.03756182174395192,0.10115725313394405,0.0015411579827339405,0.007323134168222939
231.06751805508577,0.8517423039345048,0.03777193753411961,0.10151853712412504,0.0014527836314882489,0.007514437775762571
231.26774987315778,0.8506438969049979,0.03793907541598384,0.10215465620204386,0.0013078062351753587,0.007954565241802585
231.46798169122977,0.8522336207001825,0.03815782347250283,0.10061310672529428,0.001550750870341885,0.007444698231682507
231.66821350930178,0.8517831220169533,0.03837307658543516,0.10075288315088263,0.0015086374680386733,0.007582280778694449
231.86844532737376,0.8501705892302082,0.038500405179681695,0.10185677097600572,0.0012814480553789132,0.00819078655872941
232.06867714544578,0.8520685840544452,0.0387195984690236,0.10021153670387022,0.0015492717048889747,0.0074510090677758715
232.26890896351776,0.8515145514875849,0.03893721194791554,0.1004161862216299,0.0014886927850283533,0.007643357557845759
232.46914078158977,0.850683511336241,0.0391060802695914,0.10100785664206266,0.0013529543961752362,0.007849597355936025
232.66937259966176,0.8513303795520326,0.039324364807022116,0.10019883229996288,0.0014588889208715012,0.007687534420115935
232.86960441773377,0.8518191539289967,0.03956600488647375,0.09956323996855056,0.0015530187138061244,0.007498582502179034
233.06983623580575,0.8502221180696622,0.039738975293572266,0.10060100253861082,0.0013359526223662376,0.008101951475794908
233.27006805387776,0.8509932028745798,0.03992028491350662,0.09973943584321335,0.0014454251863704442,0.00790165118233637
233.47029987194975,0.8518956384209724,0.040162370005245196,0.09880977185107512,0.0016017097564104688,0.007530509966302718
233.67053169002176,0.8497907631732209,0.04030773002115248,0.10028673428048356,0.0013064101271388442,0.008308362398008648
233.87076350809375,0.8510089962668981,0.040502277088108316,0.09924464505836009,0.001456142741786877,0.007787938844850171
234.07099532616576,0.8516048908950269,0.04075133691972637,0.09848938700137772,0.0015674511400774595,0.007586934043797168
234.27122714423774,0.8504615371128641,0.04094371834172434,0.09925915689034202,0.001395306168743631,0.007940281486333287
234.47145896230975,0.8501687870282308,0.04113479041408305,0.09922445842540636,0.0013622150077616014,0.008109749124525945
234.67169078038174,0.851634894922121,0.04138513635982944,0.09777496813642564,0.0015947607493549812,0.007610239832278209
234.87192259845375,0.8504424963561098,0.04158647248372763,0.0984805192965665,0.001433360297083931,0.008057151566521701
235.07215441652573,0.8497239770300031,0.04173038160358995,0.09883179256218536,0.0013335609964772119,0.008380287807752908
235.27238623459775,0.8515977339388192,0.04197761378080077,0.0971697502214208,0.001610798395909232,0.00764410366305961
235.47261805266973,0.8501406006602721,0.04216861855426488,0.09809281944539253,0.001407935307128206,0.008190026032952939
235.67284987074174,0.8500979432815315,0.04234387425397375,0.09807263361426793,0.0013792142513283224,0.008106334598909849
235.87308168881373,0.8511135141096589,0.04259405087392658,0.09696578165811233,0.0015419502016811644,0.007784703156632097
236.07331350688574,0.8506975973345023,0.042824911671785815,0.0970770666314468,0.0014874270083851861,0.007912997353891697
236.27354532495772,0.849465719503096,0.04300158467354276,0.09780203008630563,0.0013228707882406217,0.008407794948826944
236.47377714302974,0.8509220431714782,0.04322813827908275,0.09636528759792612,0.001537500073635306,0.007947030877889701
236.67400896110172,0.8509047013425926,0.04346595608656527,0.09613887915244484,0.0015495436376149643,0.007940919780793728
236.87424077917373,0.84898744895528,0.043598786420252354,0.09743781524809528,0.0012864201285532834,0.00868952924783146
237.07447259724572,0.8508888201064722,0.04382736805150224,0.09582177138959753,0.0015384246629463446,0.00792361578949517
237.27470441531773,0.8507073200180134,0.04406780867573713,0.09569512707114056,0.001525300148847008,0.00800444408627615
237.4749362333897,0.8496637972173363,0.04424627303028312,0.09642048334825282,0.001361079402326101,0.008308367001815314
237.67516805146172,0.8501863754684821,0.044472148942255554,0.095718999673357,0.0014420138349610988,0.008180462080957025
237.8753998695337,0.8509938744441896,0.044734349745306934,0.0948043130139602,0.0015736560343613908,0.007893806762194724
238.07563168760572,0.8494756079641828,0.04492250772230554,0.09574543508305697,0.001364066187926098,0.008492383042542222
238.2758635056777,0.8498262244717532,0.045103952110451,0.09521006434026916,0.0014152841627717969,0.00844447491476876
238.47609532374972,0.8511504937361628,0.045366359478121544,0.09395066631480371,0.001617122584524234,0.007915357886404052
238.6763271418217,0.8490850397708994,0.045526083244393944,0.09533608649634279,0.0013287561750235652,0.00872403431335746
238.8765589598937,0.8500372933019686,0.04572487240823622,0.09452585942571161,0.0014357142896504842,0.008276260574449693
239.0767907779657,0.8508926151896387,0.04599244950177821,0.0935550013637088,0.0015734244286285596,0.007986509516262483
239.2770225960377,0.8498177049200631,0.04620101099156917,0.09421995262502253,0.0014110056049157628,0.008350325858447031
239.4772544141097,0.8493322961958709,0.04639790425467403,0.0943362211992418,0.0013498593445623757,0.00858371900566965
239.6774862321817,0.8509018538580041,0.046661942058514316,0.09280100489141759,0.0015849106791821996,0.008050288512902489
239.8777180502537,0.8500279235533628,0.046883786152040426,0.09322274020899812,0.0014633896441973273,0.008402160441423213
240.0779498683257,0.8488582414232648,0.04702688470623069,0.09389656702395763,0.001309651808956551,0.008908655037612286
240.2781816863977,0.850941248686389,0.047288016686926435,0.0921011837266971,0.0015960305871336063,0.008073520312878007
240.4784135044697,0.8498035245375952,0.047500401453730474,0.09272260926689661,0.0014357743696275238,0.008537690372176035
240.67864532254168,0.8494223275639728,0.047679691433799236,0.09295468002463952,0.001362153590462487,0.008581147387152497
240.8788771406137,0.8504673235731232,0.0479407139212333,0.09183560033311818,0.0015167931990071979,0.008239568973545542
241.07910895868568,0.8503476220489754,0.04819225791674238,0.091673696087431,0.001500959661099975,0.008285464285780227
241.2793407767577,0.8490323101658697,0.048378260742564315,0.09243971600882071,0.0013244174905929376,0.00882529559218067
241.47957259482968,0.8502483243017745,0.048608275817000876,0.0911959289261605,0.001498015758240457,0.0084494551968543
241.6798044129017,0.8506767220412296,0.04886822338262731,0.09060903671580271,0.0015642472531117902,0.008281770607261043
241.88003623097367,0.8485562147463409,0.049006968298970936,0.0920074174656001,0.00128024225159973,0.00914915723752032
242.08026804904569,0.8503536691000823,0.04924170883494463,0.09051265092550122,0.0015032214318971991,0.008388749707608393
242.28049986711767,0.8505425618437976,0.04950397794380859,0.09007211106457183,0.0015358557096269011,0.008345493438230305
242.48073168518968,0.8493413380854252,0.049691679893468434,0.09087318155730756,0.0013528601477845645,0.008740940316049871
242.68096350326167,0.8497134123709793,0.04992255706900369,0.09030390128273232,0.0014066518262552856,0.008653477451064819
242.88119532133368,0.8507938285914528,0.050203364375899714,0.08916134648967543,0.0015672638709891937,0.00827419667201918
243.08142713940566,0.8494194348872638,0.05040709769697144,0.08995239568110526,0.0013751348500495575,0.008845936884647583
243.28165895747767,0.8493098056008019,0.0505850407428234,0.08976321270932149,0.0013671644825183115,0.008974776464573153
243.48189077554966,0.851003846440964,0.050865981532159404,0.08823699146663602,0.0016031639223014105,0.008290016637978846
243.68212259362167,0.8490848741366301,0.05104137067386921,0.08944405532447788,0.001337016523555569,0.009092683341507665
243.88235441169365,0.8497011646633192,0.05124140691005542,0.08891035264230704,0.0013956464045677926,0.008751429379793119
244.08258622976567,0.85076439001039,0.05152473076653865,0.0877828992856407,0.0015501512514725442,0.00837782868600199
244.28281804783765,0.849829257178763,0.05174978540897287,0.08828543893691015,0.0014084575004512908,0.008727060974945265
244.48304986590966,0.849169141423469,0.05195116937154459,0.08853218126353996,0.001323457049941535,0.009024050891547834
244.68328168398165,0.8507364375976505,0.05222473102775522,0.08700587928045343,0.0015459349955753018,0.008487017098607465
244.88351350205366,0.8502244289063658,0.052467191042653884,0.08712011426414225,0.0014705729108036758,0.008717692876077432
245.08374532012564,0.8486598414116068,0.05260814450958289,0.08805330276480085,0.0012738026312482341,0.00940490868280381
245.28397713819766,0.8508499526948958,0.052880023402758304,0.08622167121237236,0.0015537046512711914,0.008494648038744354
245.48420895626964,0.850079182911849,0.053114070091984475,0.08651670293463734,0.0014425029779558936,0.008847541083615903
245.68444077434165,0.8493672317821057,0.053295703844916796,0.08697521142805188,0.001328507222251393,0.00903334572271758
245.88467259241364,0.8503904883521045,0.05356424506868218,0.08589629039369392,0.0014678274121947786,0.008681148773366839
246.08490441048565,0.8505809958196923,0.053835811566391535,0.08546290070012906,0.0014914409039377193,0.008628851009892297
246.28513622855763,0.8492337831107493,0.054030966498798384,0.08622234365532618,0.001311123919907466,0.009201782815260616
246.48536804662965,0.8501206357722292,0.05425948895594753,0.08523830534885903,0.0014351813201235564,0.00894638860288529
246.68559986470163,0.8509840433856815,0.054540624733257874,0.0843206693849559,0.0015510500987228305,0.00860361239742641
246.88583168277364,0.8487710428173462,0.05468610644764544,0.08572033856603264,0.0012623836233332155,0.00956012854568827
247.08606350084563,0.8503603653339832,0.05492318735667587,0.08442812408260911,0.001445473994710756,0.008842849232067507
247.28629531891764,0.8508958564919702,0.05520551788365065,0.0837129153684214,0.0015183232563930756,0.008667386999611637
247.48652713698962,0.8496058412988547,0.055402288116044,0.08452389332982227,0.0013283955368738013,0.009139581718453926
247.68675895506163,0.8498105037934126,0.05563562789181645,0.08410009208287042,0.0013549612586554987,0.009098814973294136
247.88699077313362,0.8510945978419302,0.055932005466630234,0.08280056815739943,0.0015328926960025678,0.008639935838088527
248.08722259120563,0.8499207573536636,0.056151561699624736,0.08340037672429282,0.001367193044043857,0.009160111178425846
248.28745440927761,0.8493450627874473,0.05632253486861814,0.08354470109261823,0.0013044722753507293,0.009483228976017324
248.48768622734963,0.8513346725869133,0.056619528866577395,0.08183285665054126,0.0015603333285699567,0.008652608567451718
248.6879180454216,0.8496525243785411,0.05681178924101677,0.08279685812436889,0.001329268915686546,0.009409559340439062
248.88814986349362,0.8498845836812697,0.057009887830554155,0.08255896703419642,0.0013380036713038549,0.009208557782728586
249.0883816815656,0.8510982603100743,0.057305649458288206,0.08133887747187779,0.0014991501445506372,0.0087580626152632
249.28861349963762,0.8503634311863659,0.05754737729420489,0.0816372257868553,0.001387073492911173,0.009064892239717633
249.4888453177096,0.8495524919012364,0.05775207740256189,0.08198744480671963,0.0012835374639361193,0.009424448425602248
249.68907713578162,0.8510116188430419,0.05802998704716571,0.08055959942745115,0.001479977333628366,0.00891881734877048
249.8893089538536,0.8508866963873952,0.05829285368287632,0.08036385513487292,0.0014534788723335442,0.009003115922580579
250.0895407719256,0.8490076743662369,0.05843095020066671,0.08147516868884244,0.0012275497366313398,0.009858657007680882
250.2897725899976,0.8511937126928961,0.05870967000171337,0.07970522962501525,0.001486218631645724,0.008905169048786965
250.4900044080696,0.8508108273713002,0.058965056899880575,0.0796774471386993,0.0014260222495632124,0.009120646340615879
250.6902362261416,0.849800518653582,0.05914758218452212,0.08031603887722237,0.0012799128079459385,0.009455947476786587
250.8904680442136,0.8507568628923967,0.059420216682878134,0.07932139692869553,0.0013986627305157657,0.009102860765572192
251.0906998622856,0.851245400316801,0.059710375960068805,0.07864364447823317,0.0014582193826260363,0.008942359862328506
251.2909316803576,0.8499161288457876,0.059914560711244715,0.07935336041553223,0.0012824234403902505,0.00953352658710479
251.4911634984296,0.8504106295343551,0.06013634114264279,0.07866800089117999,0.0013535960262928827,0.009431432405588365
251.6913953165016,0.8516750497291167,0.060437185794885565,0.07747148276357113,0.0015103398728799576,0.008905941839605929
251.89162713457358,0.8494784390497087,0.060590635882379396,0.07878388903719752,0.0012326571582664178,0.009914378872507644
252.0918589526456,0.8507668255545604,0.060825744974184665,0.0777560936425232,0.0013684954044100436,0.009282840424380932
252.29209077071758,0.851608099360748,0.06112569822039691,0.07682166579533431,0.0014730760876182566,0.00897146053596263
252.4923225887896,0.8503045120298464,0.06133164451761232,0.07757816925710792,0.0012886686752522885,0.009497005520242047
252.69255440686157,0.8503326966125242,0.06156510225194177,0.07730276456202542,0.00128967419666675,0.009509762376901158
252.8927862249336,0.8517346976678516,0.06187286809901015,0.07592824134738967,0.0014718042665274583,0.008992388619283956
253.09301804300557,0.8508068360002994,0.06210839467700127,0.0763111770876549,0.0013396447683666738,0.009433947466740956
253.29324986107758,0.8497910907529137,0.062269457382316366,0.0767480884494365,0.0012310995240796911,0.009960263891318039
253.49348167914957,0.8519843299127217,0.06257926508855301,0.07494293277623561,0.0014912755974317829,0.00900219662512226
253.69371349722158,0.8506062475612616,0.06278940657282324,0.0756269691530329,0.0013044983064897755,0.009672878406458623
253.89394531529356,0.8504315789434709,0.0629824321220039,0.07567738110193803,0.0012660314186870396,0.009642576413967617
254.09417713336558,0.8517368899424518,0.06328701259187461,0.07442783019339419,0.0014242958626050713,0.00912397140974011
254.29440895143756,0.8512449280283538,0.06354535569186495,0.07450204476343951,0.0013473712049619324,0.009360300311446629
254.49464076950957,0.8503102911583693,0.06375241996877475,0.07492581424925877,0.0012312920699861013,0.009780182553679306
254.69487258758156,0.8515652446814501,0.0640287100049094,0.07367078742629872,0.00139160175071743,0.009343656136693215
254.89510440565357,0.8518327940539515,0.06431147437764709,0.07318411209787265,0.0014126964711422983,0.009258922999457663
255.09533622372555,0.8497339750967532,0.06444679975038849,0.07438633462986853,0.001172678845257349,0.01026021167780453
255.29556804179757,0.8518037416903885,0.06472770980600724,0.07276698452814187,0.0013978300317624365,0.009303733943772083
255.49579985986955,0.8518046265863428,0.06500351371847111,0.07244537909350202,0.0013861937442783128,0.00936028685747963
255.69603167794156,0.850548856459758,0.06518594892452945,0.073204370453054,0.0012189966280084425,0.00984182753472482
255.89626349601355,0.8513998892030535,0.06545937102722472,0.07232792220460656,0.001314101671313267,0.009498715893876216
256.09649531408553,0.8521492917089679,0.06576577147873765,0.0714548334723565,0.001402447939700382,0.009227655400311905
256.29672713215757,0.85088347803343,0.06597897813380313,0.0720799365273439,0.0012389679569667284,0.009818639348529118
256.49695895022955,0.8509519476939654,0.06618889622550492,0.07170242155713617,0.0012591424233629792,0.00989759210010459
256.69719076830154,0.852561996635882,0.06650738009384348,0.07029646009354895,0.001444853778485036,0.009189309398315346
256.8974225863735,0.8504788598681075,0.06667040005061839,0.0714528062276264,0.0011916351894085432,0.010206298664314334
257.0976544044455,0.8513921376913108,0.06689892445756576,0.0707258513933763,0.0012770744486915802,0.009706012009130878
257.29788622251755,0.8524869064883202,0.06721357366715745,0.06963707835377252,0.001403255559191587,0.009259185931634103
257.49811804058953,0.8512425087189663,0.06742912535820249,0.07028547083841741,0.001235730321907366,0.009807164762582197
257.6983498586615,0.8510911702168101,0.06766067905015327,0.07015287033273755,0.0012141726390600689,0.009881107761316635
257.8985816767335,0.852517690453816,0.06797456323137471,0.06878616754075417,0.0013878245524720381,0.00933375422166069
258.09881349480554,0.8518678481034085,0.06822617096666513,0.0689441092629672,0.0012937443313599105,0.009668127335677403
258.2990453128775,0.8504638852507621,0.06837527634900442,0.06961313330929832,0.0011512388818036344,0.010396466209211187
258.4992771309495,0.8527572963794339,0.06869383889006576,0.06780893456424865,0.0014008272232486022,0.009339102943082772
258.6995089490215,0.8517243930672863,0.06892260767860817,0.06820546501167794,0.0012631845565751498,0.009884349685931713
258.89974076709353,0.8511470757372659,0.06910779144398185,0.06851282988082873,0.0011840960299306599,0.010048206908072678
259.0999725851655,0.8524873545493459,0.06941752308569203,0.06729128490740374,0.0013315463245184957,0.009472291133120052
259.3002044032375,0.8522582843579686,0.06969204417102613,0.06714572832008685,0.0012913426703777082,0.009612600480621973
259.5004362213095,0.8512280512385155,0.06990082479993918,0.06761373263416462,0.0011689435731354757,0.010088447754324516
259.7006680393815,0.8522009391928163,0.07016910757778776,0.06658347613123405,0.0012875275971192075,0.009758949501123406
259.9008998574535,0.852846426181314,0.07047096209610258,0.06584452201662842,0.0013511757122264836,0.009486913993809567
260.1011316755255,0.8506258174125103,0.07060451458612464,0.06705677962771603,0.0011115298487597964,0.010601358524969335
260.3013634935975,0.8524742859490303,0.07088230937508279,0.06565886214921857,0.0012945900927313781,0.009689952434018467
260.5015953116695,0.8528338493141593,0.071177098613907,0.06509206662335519,0.0013254382760533173,0.009571547172608245
260.7018271297415,0.8513991627333264,0.07135915943804266,0.06590804881425093,0.0011494308381766287,0.01018419817628723
260.9020589478135,0.8521130563250945,0.07163038459671532,0.06517276832531912,0.001219901440737995,0.009863889312215723
261.10229076588547,0.8530657436055391,0.07194966356754565,0.06416822852228216,0.001327533112015835,0.009488831192698681
261.3025225839575,0.8519025071620172,0.07217209256195116,0.06468508278021842,0.001183056656328599,0.010057260839565828
261.5027544020295,0.8515404219343135,0.07236565688434378,0.0645978660319443,0.0011584928754805371,0.010337562273999935
261.7029862201015,0.853423108487619,0.07269904296850857,0.0630624179506527,0.0013597543345521936,0.00945567625875144
261.90321803817346,0.8515313565395085,0.07287353999018716,0.06402023286864456,0.0011411096476287067,0.010433760954115232
262.1034498562455,0.8520189185372887,0.07309087273439453,0.06360305517912342,0.0011773176532605077,0.010109835896014706
262.3036816743175,0.8533090201366512,0.07341705439996037,0.0624271317750244,0.0013147699865244287,0.009532023701921338
262.5039134923895,0.8521859462250274,0.07364294584172398,0.06293199678735385,0.0011729163607138297,0.010066194785262763
262.70414531046146,0.8518562657249251,0.0738710153584163,0.06293051356794063,0.001132660361049631,0.010209544987751503
262.9043771285335,0.8532157137453039,0.07418487607651425,0.06164540539891302,0.0012873840373316867,0.009666620742018912
263.1046089466055,0.8528612983435567,0.07445270658707841,0.06158800412605743,0.001232956409487699,0.009865034533903035
263.30484076467746,0.8511380977308167,0.07458902793698578,0.0624204068248403,0.0010693980924728031,0.010783069414966533
263.50507258274945,0.8534240405054856,0.07491144613594293,0.060703525833159126,0.0012959088825704895,0.009665078642924466
263.7053044008215,0.8527516964976788,0.07515931697040204,0.060831813918387614,0.0012078803025437708,0.010049292311070861
263.9055362188935,0.8517997361628856,0.07533462652108619,0.061347996006960115,0.0010975863539910346,0.010420054955160874
264.10576803696546,0.8531227599801344,0.07564605511492455,0.06020243107381613,0.0012285073556291067,0.009800246475579803
264.30599985503744,0.8531528637351218,0.0759357896815352,0.059864028616967505,0.0012228225757818809,0.009824495390676992
264.5062316731095,0.8520543267686567,0.07614605389226288,0.06035087437021808,0.0011000997838984438,0.010348645185048255
264.70646349118147,0.8526904084040505,0.07640003554260698,0.05957192350682951,0.0011760837528040269,0.01016154879379465
264.90669530925345,0.8536808506042373,0.07671983815632781,0.05863452094902291,0.0012743596940319286,0.009690430596465198
265.10692712732543,0.8514299731221676,0.07685357196708932,0.059792706426812475,0.0010473818138594145,0.010876366670156658
265.3071589453975,0.8529664434837481,0.07712249799807311,0.05866272147310738,0.0011841089761800894,0.010064228068978134
265.50739076346946,0.8536443092854735,0.0774345139228542,0.05791136689927733,0.0012490460415179718,0.009760763850967575
265.70762258154144,0.852102525642288,0.07761679484882757,0.05872733750322505,0.0010760060175230902,0.010477335988227395
265.9078543996134,0.8526532119896227,0.0778833313558707,0.058145616464918885,0.0011226109669663547,0.01019522922271101
266.10808621768547,0.8537382883480162,0.0782111415326717,0.05707912879013929,0.001239379152160795,0.009732062177099774
266.30831803575745,0.8527088603299197,0.07844332394408653,0.05747721962375005,0.0011189552726899358,0.010251640829641882
266.50854985382944,0.8519366631158003,0.07861719364542455,0.05764337331682152,0.001058702470396994,0.010744067451643507
266.7087816719014,0.8540067823096892,0.07896198796116831,0.05606003255671232,0.0012625007945084462,0.009708696378010038
266.90901348997346,0.8523611423349907,0.07915010949862808,0.05680526692645783,0.0010845433684554269,0.010598937871558347
267.10924530804544,0.8523977662607279,0.07935206636761405,0.05668200889284231,0.001076387189772854,0.01049177128913379
267.30947712611743,0.8538240893636591,0.07968666616792082,0.05548181557430532,0.001215940226551002,0.009791488667653812
267.5097089441894,0.8528677253655086,0.0799238579926585,0.05582995077958262,0.0011050804941398888,0.010273385368203053
267.70994076226145,0.8523635706845106,0.08014742553392322,0.055944627761773634,0.0010503727376047448,0.010494003282281913
267.91017258033344,0.8535744471790025,0.08045464288805595,0.05479821243628633,0.001179184358630085,0.009993513138120837
268.1104043984054,0.8535181113079258,0.08073891543030699,0.0545510160777387,0.0011631247316542428,0.010028832452471798
268.3106362164774,0.8515521083346099,0.08086309406194572,0.05548154274601198,0.0009905953341152666,0.011112659523413455
268.51086803454945,0.8537261888623522,0.08118368709249843,0.05392162735692463,0.0011852280543253313,0.009983268633995668
268.71109985262143,0.8534074543864397,0.0814509302551174,0.05382170238674256,0.001143638376198757,0.010176274595597536
268.9113316706934,0.8521271914670815,0.08161544836772061,0.054491663303918754,0.0010128107236417794,0.01075288613773474
269.1115634887654,0.8533862959867662,0.0819255667243934,0.05345810294489916,0.0011239317052316757,0.010106102638807683
269.31179530683744,0.8536503775972625,0.08222891438274495,0.052970670208492276,0.0011477511715166143,0.010002286640084531
269.5120271249094,0.8525087001411187,0.08244098827827478,0.05345775332251339,0.0010300102854117804,0.010562547972784522
269.7122589429814,0.852777641400795,0.08267508411753119,0.05293292043975121,0.0010665131643312088,0.010547840877694847
269.9124907610534,0.854064743005272,0.08301127718297598,0.05185928987479632,0.0011900735198972791,0.009874616417162568
270.11272257912543,0.8518611221266331,0.08314808221977496,0.05292283633923707,0.0009848324961124154,0.011083126818346832
270.3129543971974,0.8530142046446361,0.08340228219856362,0.05208090014011703,0.0010751556023708,0.010427457414417758
270.5131862152694,0.853961059759385,0.08372968515066961,0.05120918533525789,0.0011650930418684307,0.009934976712925776
270.7134180333414,0.8523809525637928,0.08391376077534819,0.05198304523090667,0.001004727235017049,0.010717514195041257
270.9136498514134,0.8527470239237445,0.08417375185827929,0.05155807766951037,0.001029490876929552,0.01049165567164236
271.1138816694854,0.8538885416658782,0.08450494869547506,0.050495209018346594,0.0011463120185467878,0.009964988601858526
271.3141134875574,0.8530154574430063,0.08474787547563775,0.050777476846128794,0.001053049693663275,0.01040614054166997
271.5143453056294,0.8518716251833026,0.08490034208330305,0.05115072454660641,0.0009670009757648722,0.011110307211129657
271.7145771237014,0.8540380896103335,0.0852522234484326,0.04959334642978312,0.0011625063411705157,0.0099538341703888
271.9148089417734,0.852669703921833,0.08545632042137441,0.0501378845890291,0.0010274360126490295,0.010708655055223622
272.1150407598454,0.8522540349027518,0.0856396365283713,0.05027501735262258,0.0009821921847058927,0.010849119031659192
272.31527257791737,0.8537602810266185,0.08597986844788429,0.04910357969912084,0.001116868368871941,0.010039402457617311
272.5155043959894,0.8529962114483639,0.08622942259521649,0.049303588037234496,0.0010387780558429424,0.010431999863456495
272.7157362140614,0.8523229437183352,0.08644816857529813,0.049519298126574886,0.0009737387190708639,0.010735850860836166
272.9159680321334,0.8533196653280574,0.08674220426206876,0.048548091328667727,0.0010735163855437845,0.010316522695779439
273.11619985020536,0.8535505081018442,0.0870432165380679,0.04814829129683974,0.0010923925876252648,0.010165591475741058
273.3164316682774,0.851416565671782,0.08715750576054715,0.04912512669464852,0.0009206450511908633,0.011380156821951056
273.5166634863494,0.8533840088946927,0.08746998954187722,0.047769266822431836,0.0010787728014377829,0.010297961939680635
273.71689530442137,0.8533952184012963,0.08775681220358139,0.04749346722282855,0.001078139641394107,0.01027636253101835
273.91712712249335,0.851843970336009,0.08791106915470155,0.04826589958219204,0.0009369220705176597,0.011042138856698677
274.1173589405654,0.8529981414441686,0.08821750219386172,0.047367450931391,0.001027240800088321,0.010389664630610751
274.3175907586374,0.8534546414873205,0.08853220689539594,0.04678329349216,0.0010742176250186101,0.010155640500224978
274.51782257670936,0.8522920128356354,0.08874714460510062,0.0472608692111846,0.0009656690061795681,0.010734304342019848
274.71805439478135,0.8521855357039202,0.08895712870439254,0.04697507538866087,0.000968315195273272,0.010913945007874449
274.9182862128534,0.8537101749375117,0.0893076246297586,0.045827414054336026,0.001108164337114938,0.01004662204140106
275.1185180309254,0.8516130700340742,0.0894512660360283,0.046781395834256896,0.0009300954373028377,0.011224172658460227
275.31874984899736,0.852332759132724,0.08968525794631499,0.046224196000338814,0.0009771467879558218,0.010780640132789024
275.51898166706934,0.8534964344820897,0.09002639797081678,0.0452917154338459,0.0010839408943377092,0.010101511219033844
275.7192134851414,0.8519370345495423,0.09021482389030248,0.04600120736355913,0.0009429005513946943,0.010904033645325066
275.91944530321337,0.8521005660107702,0.09046717261316621,0.04572938341764062,0.0009484649552871867,0.010754413003261703
276.11967712128535,0.8532253999760837,0.09079618412840651,0.04472387847612473,0.00105860338218438,0.010195934037326201
276.31990893935733,0.8525225644206507,0.09105140921903436,0.0449050631497439,0.000993771575669521,0.010527191635028363
276.5201407574294,0.851055471088432,0.09118277611244631,0.0454403774270511,0.0008907860238984108,0.011430589348297314
276.72037257550136,0.8532275739027614,0.0915365938134462,0.0439670159997059,0.001070554499984146,0.010198261784227988
276.92060439357334,0.8521468824055816,0.09175923632316575,0.04434223740702959,0.0009774828153010292,0.010774161049048195
277.1208362116453,0.8512970949331277,0.09192208925163203,0.04469870338472107,0.0009030885244856485,0.011179023906161763
277.32106802971737,0.8528321108780501,0.0922657240748597,0.04359526252094859,0.0010286418875399923,0.010278260638733909
277.52129984778935,0.8522664827161007,0.09252866786623898,0.04367281419628841,0.0009823021322896699,0.010549733089218437
277.72153166586133,0.851430134056814,0.09274313128303321,0.04397739890725401,0.000910412705087995,0.010938923047948095
277.9217634839333,0.8521656159798917,0.09301820673916444,0.04319775606934252,0.000981363323417322,0.010637057888322218
278.12199530200536,0.8526617155427255,0.09333627080282365,0.04268772834894474,0.0010308502415285123,0.01028343506411506
278.32222712007734,0.8504261798182374,0.09344456726630206,0.0436788572120472,0.0008664193617418642,0.011583976341810595
278.5224589381493,0.8521061114781583,0.09374238357072315,0.04255023622482393,0.000987127810027129,0.01061414091640611
278.7226907562213,0.8524136744709765,0.09404912817446108,0.04215361450228378,0.0010214112032840945,0.010362171649135039
278.92292257429335,0.8506521915357323,0.09419533694504843,0.04298990313908907,0.0008778745957766778,0.011284693784494365
279.12315439236534,0.8516653238024594,0.09449646916662788,0.04223745175940964,0.0009481067774709992,0.010652648494173928
279.3233862104373,0.8522631246063307,0.0948197334999863,0.0416080926286703,0.0010121678205774248,0.010296881444577941
279.5236180285093,0.8510984915190852,0.095039489112763,0.04207602495561722,0.0009157105979914528,0.01087028381468826
279.72384984658134,0.8506253301328973,0.09522309735848448,0.042004792258795776,0.0008907647352205121,0.011256015514747919
279.92408166465333,0.8523226889988234,0.09558516084267173,0.04083662028611705,0.001039875246079285,0.010215654626457016
280.1243134827253,0.8503723583922009,0.09574020565762309,0.0416890366016213,0.0008911174839927937,0.011307281864709768
280.3245453007973,0.8506290726197512,0.09594946731759516,0.041397379474745186,0.0008995984020116884,0.011124482186044098
280.52477711886934,0.8519595787004884,0.09630313214060138,0.04045214565889486,0.0010173707227826858,0.010267772777380274
280.7250089369413,0.8504662586353798,0.09649935094397102,0.04109506997092536,0.0008991266948354282,0.011040193755037305
280.9252407550133,0.8504116834539641,0.09674384253112998,0.040969307762590446,0.0008880147989501323,0.010987151453516072
281.1254725730853,0.8514556516934318,0.09706520697941268,0.04005844628587786,0.0009876061201475753,0.010433088921281867
281.32570439115733,0.8509294601915093,0.09733488681090507,0.04016114938829737,0.0009512559925631177,0.010623247616878068
281.5259362092293,0.8491896852468903,0.09744769891697248,0.04082369813817348,0.0008377317836700696,0.011701185914446103
281.7261680273013,0.851282161737177,0.09779758615553259,0.03947177080649495,0.0009979822743525837,0.010450499026592945
281.9263998453733,0.8504842794513819,0.09804163865769576,0.03971934667062603,0.0009444068203947026,0.010810328400052553
282.12663166344527,0.8492320950781874,0.09818412998822493,0.040257417611734035,0.0008476379484158134,0.011478719373589184
282.3268634815173,0.8507506822198586,0.09852964240074559,0.03924556567513582,0.000962501026748354,0.010511608677663733
282.5270952995893,0.850373590775604,0.09880687324768322,0.039235436418455394,0.0009454697275312618,0.010638629830878167
282.7273271176613,0.8493804651632447,0.09901863505368626,0.03962242256403732,0.0008691258003201093,0.011109351418862263
282.92755893573326,0.8498254481990134,0.09927044846324688,0.039034880188459894,0.0009134920735583571,0.010955731075870643
283.1277907538053,0.8505574186258574,0.09960575947385816,0.03845429796953038,0.00098990674324716,0.010392617187656618
283.3280225718773,0.8482741945327933,0.09971353150641651,0.03944920475337363,0.0008359691664218254,0.011727100041145116
283.52825438994927,0.8496012073532236,0.09999033372762124,0.03855089909611262,0.0009206924730592554,0.010936867350133042
283.72848620802125,0.8501684587107597,0.10031769792026589,0.03808180856810649,0.0009850945650234976,0.010446940235996462
283.9287180260933,0.8482547612843209,0.10045985576365754,0.03896115182560484,0.0008443611724217669,0.011479869954149312
284.1289498441653,0.849094291097262,0.1007549075602419,0.03835585819925344,0.0008960698025740956,0.010898873340824755
284.32918166223726,0.849779782348741,0.10108366661654426,0.037723938785209854,0.0009726993626713831,0.010439912886988832
284.52941348030924,0.8486293335299567,0.10131123650317478,0.038190532750557574,0.0008900641223931398,0.010978833094073983
284.7296452983813,0.8478088968869029,0.10146864179549221,0.0383090995632225,0.0008426494075044065,0.011570712347036436
284.92987711645327,0.8496132374239405,0.10183880846049546,0.03715822140681113,0.000996950923239231,0.010392781785671773
285.13010893452525,0.8478334682942525,0.1020105604223146,0.03793314213920543,0.0008774242394038494,0.01134540490498171
285.33034075259724,0.8476146566833389,0.10219216075290154,0.03788246201554772,0.0008516323693990303,0.011459088178970721
285.5305725706693,0.8490675617224139,0.10255775489537985,0.03695595135812993,0.000977488079444248,0.010441243944786694
285.73080438874126,0.8476713564270926,0.10276593821791193,0.0375456084334052,0.0008831134730885846,0.011133983448656204
285.93103620681325,0.8473845357640073,0.10300337040017737,0.03755933194677839,0.0008569557314568001,0.01119580615773696
286.13126802488523,0.8482958953579129,0.10331239061571455,0.03676328764108231,0.000944649203914212,0.01068377718153388
286.33149984295727,0.847947425646663,0.10359923395924572,0.03681187889319436,0.0009367347719272482,0.010704726729128965
286.53173166102926,0.8459819098049117,0.10369833615133855,0.037582521989124165,0.0008158888506418382,0.011921343204143746
286.73196347910124,0.8479178574579356,0.10403797110059172,0.03636868837078545,0.0009557011020787194,0.010719781968770903
286.9321952971732,0.8473893736649114,0.10430670965261939,0.03653010658458187,0.0009393828090230854,0.01083442728902721
287.13242711524526,0.8457739861206857,0.10443123521728681,0.037224271245521086,0.0008244347760105832,0.01174607264066039
287.33265893331725,0.8472362156899839,0.10477785839336351,0.03631254778918264,0.000929058334597023,0.010744319793038635
287.53289075138923,0.8470270833536778,0.10507014298312778,0.036249320877827,0.0009390600391807104,0.010714392746353534
287.7331225694612,0.8458839246890526,0.10528201278019883,0.03671950388112908,0.0008593285937481367,0.011255230056038576
287.93335438753326,0.8460237486345781,0.10550839958703599,0.036315723108445136,0.0008797128373389017,0.011272415832770857
288.13358620560524,0.8469586506183828,0.10586085542778928,0.03569366712453135,0.0009813874932792985,0.01050543933618638
288.3338180236772,0.8446686279764072,0.10597499553804968,0.03670023887696778,0.0008384026507114235,0.01181773495803121
288.5340498417492,0.845591671002521,0.10622525967645,0.03602357115927586,0.0008889184485507698,0.011270579713371214
288.73428165982125,0.8463847218286673,0.10657448379299397,0.03551568721660543,0.0009813238336122652,0.010543783328289895
288.93451347789323,0.8443704675017925,0.10671832721990046,0.0364350588903765,0.0008456476885652114,0.011630498699533755
289.1347452959652,0.845005632065188,0.10700739501737014,0.03597260019472885,0.0008801424050259537,0.011134230317857142
289.3349771140372,0.8457286692521453,0.10733874528095243,0.03536666179956042,0.0009669760403897039,0.010598947627123906
289.53520893210924,0.8446072301876121,0.10757824279093528,0.03584514253944595,0.0008993665637710993,0.011070017918405593
289.7354407501812,0.8434634902797502,0.10771234008992588,0.03613610006158193,0.0008321737538057785,0.011855895815107995
289.9356725682532,0.8453115344157796,0.10808641303526041,0.03502109721930274,0.000990524231222818,0.01059043109860689
290.1359043863252,0.8437147073089893,0.10828086878114775,0.035748970655799496,0.0008996240878190859,0.01135582916641844
290.33613620439723,0.8430202568422717,0.1084340639100253,0.03592021558488345,0.0008416176575481159,0.011783846005446358
290.5363680224692,0.8445579829229848,0.10881168316610156,0.03502517406722529,0.0009755691280120895,0.010629590715853031
290.7365998405412,0.843277823933658,0.10903655593606194,0.03558216195931813,0.0009052202876274365,0.011198237883511191
290.9368316586132,0.8427455359747923,0.1092688776510194,0.0357332703098497,0.0008640619947363986,0.01138825406977947
291.1370634766852,0.8434856499538584,0.10956231069956311,0.035058229510487274,0.0009399173841755803,0.010953892452093753
291.3372952947572,0.8433136101704315,0.10986943306228245,0.03507136594714824,0.0009616776365079549,0.010783913183809666
291.5375271128292,0.841162539132327,0.10996186623448748,0.035947696580409076,0.0008336344760714995,0.012094263576884905
291.7377589309012,0.8428737737582724,0.11028488348432877,0.03487296538212479,0.0009531751915067884,0.011015202183947968
291.9379907489732,0.8425997830768623,0.11058211589236587,0.03497936028495744,0.0009740307251500351,0.010864710020844898
292.1382225670452,0.8406632115680067,0.110693565666085,0.03582086302212232,0.000841938839319503,0.011980420904644453
292.3384543851172,0.8420324005144063,0.11104126246832598,0.03500605380689236,0.0009375951270894378,0.010982688083465841
292.5386862031892,0.8419659696537516,0.1113493603765992,0.03491567299748781,0.0009738502933744702,0.010795146678967955
292.7389180212612,0.8406809273550874,0.11156553238893967,0.0354767300427968,0.000890625246319014,0.011386184967039227
292.9391498393332,0.8405109373766405,0.11176697133414873,0.03524716843174835,0.0008883985234130517,0.011586524334230689
293.1393816574052,0.8416155813768157,0.11213598321621356,0.034596123087649366,0.001016382503041108,0.010635929816462907
293.33961347547717,0.8393491354715789,0.11226462242443824,0.03563349590568706,0.0008834536078083601,0.011869292590670365
293.5398452935492,0.8398285186274633,0.11248431552285465,0.03516904417030676,0.0008997018177757059,0.011618419861783122
293.7400771116212,0.8408202104138739,0.11285727880639078,0.034635955329470274,0.0010213731436053127,0.010665182306841395
293.9403089296932,0.83875004775547,0.11301010378214417,0.03560484153768605,0.0008912183344996935,0.011743788590380522
294.14054074776516,0.8391501078070904,0.11329418650865454,0.035280953310200334,0.0009083645951244082,0.01136638777911095
294.3407725658372,0.8398678832954596,0.1136259228636107,0.03471403157753853,0.0010049225268751968,0.010787239736697707
294.5410043839092,0.8387912061562237,0.11388255395126326,0.0352166988411967,0.0009541631894808283,0.011155377862017667
294.74123620198117,0.8373480925772626,0.11399901779051622,0.035674476392392726,0.0008669013391400727,0.012111511900870309
294.94146802005315,0.8391802126351602,0.11437218122451666,0.03459614051059683,0.0010298868933401077,0.010821578736569568
295.1416998381252,0.8377738368157176,0.11459600850118906,0.03530291391331633,0.0009685263073772382,0.011358714462585098
295.3419316561972,0.8366118479052186,0.11472271631378317,0.0356908667247093,0.0008769453578739213,0.012097623698598101
295.54216347426916,0.8382026944604006,0.11511309560355473,0.034822470317990434,0.001020980926586148,0.010840758691649357
295.74239529234114,0.8370496023722267,0.11535978613731601,0.03536487857064065,0.0009756541035295813,0.011250078816468952
295.9426271104132,0.8362597822942243,0.11559023502599204,0.03565867798730599,0.0009175350904107042,0.011573769602251297
296.14285892848517,0.8368014163834805,0.11586691315257361,0.03510257451363682,0.0009815313591268807,0.011247564591367382
296.34309074655715,0.8368051386175874,0.11619760895115419,0.03508579990841818,0.0010366971115882758,0.010874755411438557
296.54332256462914,0.8345018150472169,0.116292372190668,0.036078674640932486,0.0008993613980158408,0.012227776723353227
296.7435543827012,0.8359269548420701,0.11659289751796668,0.03513790947262584,0.0009975234895758288,0.01134471467794813
296.94378620077316,0.835897130505931,0.11692303606972781,0.0352017028115524,0.0010590607872551245,0.010919069825722843
297.14401801884514,0.8336820720324767,0.11702879436437677,0.036197339427412184,0.000908219407401222,0.012183574768521582
297.34424983691713,0.8349217562295316,0.11737816203784784,0.03547036764094727,0.0009954327371708793,0.011234281354692335
297.54448165498917,0.8349733438560168,0.11770306786876994,0.03536445288466158,0.0010593041919398957,0.010899831198803712
297.74471347306115,0.8335579455803593,0.11792920653720095,0.036027909329746546,0.0009720373682908333,0.01151290118459738
297.94494529113314,0.8330788640554891,0.11810909156792018,0.03596828121052945,0.0009462439144569752,0.011897519251800775
298.1451771092051,0.8343214819922283,0.11849343379337163,0.0352819345219511,0.0011039194243505372,0.010799230268294656
298.34540892727716,0.8321032805520596,0.11864575061753993,0.03637067947811898,0.000980711353590848,0.01189957799888801
298.54564074534915,0.8321071785261905,0.11883297069146628,0.03611907546421275,0.0009590232331461606,0.01198175208518291
298.74587256342113,0.8332784742325123,0.11923214973127491,0.035552419753352715,0.001114276072118716,0.010822680210938311
298.9461043814931,0.8311920568750384,0.11940253512202297,0.036583600774142036,0.000990154159347675,0.011831653069643783
299.14633619956516,0.8313249576936205,0.1196835607654765,0.036399945098067814,0.0009872975504042869,0.011604238892627747
299.34656801763714,0.8320034145234503,0.12001473768585895,0.035871924479286305,0.0010939479421713247,0.01101597536943073
299.5467998357091,0.8309910163803592,0.12029465583383868,0.03640272898858758,0.0010639251479994103,0.011247673649411273
299.7470316537811,0.829270130440937,0.12040176607969781,0.037034042028831676,0.000953579937163777,0.012340481513567252
299.94726347185315,0.8310290896311908,0.12076883228911628,0.03598208796803258,0.001121308629565744,0.011098681482293132
300.14749528992513,0.8298225558448862,0.1210293521959169,0.03667888942659388,0.0010938933230625846,0.011375309209740196
300.3477271079971,0.8282069309148288,0.12113443671412333,0.03729540913149594,0.0009638592533252851,0.012399363986426125
300.5479589260691,0.8298219373356756,0.12153876674949357,0.036436075609410506,0.001120261247651524,0.011082959057969636
300.74819074414114,0.8288038647283823,0.1218127139982106,0.03697049986779565,0.0011032958449222446,0.011309625560890569
300.9484225622131,0.8277469872685383,0.1220459310476933,0.037420383229661694,0.0010243521172418847,0.011762346337067457
301.1486543802851,0.828071169610063,0.12230720740352806,0.036979551443902435,0.0010749709835688388,0.011567100559140796
301.3488861983571,0.8282526532174004,0.1226646651744291,0.036919940270500044,0.0011702655849228118,0.010992475752952053
301.54911801642913,0.8258260584806156,0.12277238275146847,0.03804631409319483,0.0010208629904470603,0.012334381684478646
301.7493498345011,0.8269073441584958,0.12304563386236368,0.03723994455085222,0.0010929276384608797,0.011714149790033056
301.9495816525731,0.827119957187826,0.12341367301303532,0.037249646489020925,0.0012027599331269861,0.011013963377198208
302.1498134706451,0.8246704401339838,0.12352342700433139,0.038414866807453,0.0010305238487997774,0.01236074220564133
302.3500452887171,0.825740938494738,0.12387555714655919,0.03776859119879049,0.001107380647959717,0.011507532512163146
302.5502771067891,0.8258899616389871,0.12421881687337445,0.03764266547188983,0.0012021012990914002,0.011046454716867573
302.7505089248611,0.8243620909925886,0.12446203896790659,0.03841806888480245,0.001111152865013953,0.011646648289899853
302.9507407429331,0.8235765015286238,0.12462667109943641,0.038533075260082386,0.0010581443111052215,0.012205607800963572
303.1509725610051,0.824926048667896,0.1250244064215257,0.03778927565433042,0.001249595854564541,0.01101067340189556
303.3512043790771,0.8227810849956032,0.12521044113985597,0.03894067273328467,0.0011385247267905539,0.011929276404679641
303.5514361971491,0.8222831427828442,0.12536594136675544,0.03892003412866021,0.0010708306950750026,0.012360051026882181
303.75166801522107,0.8236215865700558,0.12579420758228455,0.03829189594009233,0.0012656015934817248,0.011026708314301099
303.9518998332931,0.8215572395872237,0.12599169455060125,0.03939058804297441,0.0011501967644712736,0.011910281054944237
304.1521316513651,0.8213893379400443,0.12627254866371043,0.03935947998209524,0.0011214794612127283,0.011857153953153537
304.3523634694371,0.8220023851436106,0.12660395587457737,0.03886224665728061,0.0012379657319519998,0.011293446592797763
304.55259528750906,0.8210801905081052,0.12691399335416947,0.03940932032665156,0.0012359237617945917,0.011360572049497995
304.7528271055811,0.8191010966368593,0.1270222573084193,0.040229612629721356,0.0010977432619333914,0.012549290163285383
304.9530589236531,0.8207288129743461,0.1273780276975834,0.03919358505821174,0.0012671296601952414,0.011432444609882146
305.1532907417251,0.8197390751794442,0.12768316062562052,0.03986862876566553,0.0012829539366372618,0.011426181492851987
305.35352255979706,0.8176897878348871,0.12777448922790388,0.04073947144777971,0.0011072314595902573,0.012689020030059202
305.5537543778691,0.8192979159364409,0.12819411941597844,0.03986707957900803,0.001276413963019617,0.011364471105775086
305.7539861959411,0.8184239185661127,0.12850105025725841,0.0403826295784832,0.001294246288807901,0.011398155309558167
305.95421801401307,0.8170958319601727,0.12874314450513408,0.04100748098518552,0.001189563581154122,0.011963978968573577
306.15444983208505,0.8171883772531882,0.12899307649620378,0.04068245975923528,0.0012228572900302487,0.01191322920156298
306.3546816501571,0.8175523834768604,0.12938006726256945,0.04054729736840574,0.0013673389901329676,0.011152912902252994
306.5549134682291,0.8150317010988548,0.12951260184825808,0.04182079802828822,0.0012044336621571821,0.012430465362663649
306.75514528630106,0.8157120873926113,0.12975547631773499,0.041165583725379574,0.0012404606393718678,0.01212639192512572
306.95537710437304,0.8161750782478822,0.13016683161565967,0.041084868713023776,0.001409555821368892,0.011163665602289761
307.1556089224451,0.8135393576116069,0.13029222541102847,0.04243275507470058,0.0012146123611230374,0.012521049541764574
307.35584074051707,0.8143948022600075,0.13064854118341623,0.04187028467804223,0.0012752786594202525,0.0118110932193413
307.55607255858905,0.8146261306408119,0.13101257156892113,0.04170604372615875,0.001404795274403914,0.01125045878993357
307.75630437666103,0.8130136011559136,0.13128130395993345,0.04259304547822179,0.001313208803997787,0.011798840602164847
307.956536194733,0.8119242764665512,0.1314396009586073,0.04289661131871638,0.0012270336018032535,0.012512477654553145
308.15676801280506,0.8133472538304198,0.13184808770760356,0.04206568497229236,0.0014543780185733448,0.011284595471341478
308.35699983087704,0.8113068896754393,0.132078551552384,0.04327190150488898,0.0013626579848876814,0.011979999282631722
308.557231648949,0.810286275634486,0.13220607501343326,0.04351932372137129,0.001237058377722938,0.01275126725321691
308.757463467021,0.8117815466812703,0.13266633046115883,0.042789149241784764,0.0014765260573302665,0.011286447558686099
308.95769528509305,0.8097801912701975,0.13290110562022722,0.04394327154567168,0.0013765133273333533,0.011998918236800236
309.15792710316504,0.809277733291726,0.13318565261189097,0.04408957281884233,0.0013129057916454305,0.012134135486123765
309.358158921237,0.8098049718932785,0.13352010082216922,0.04361342782070557,0.0014369048171962518,0.011624594646876698
309.558390739309,0.8090067158612205,0.13386739261064215,0.044143670150861264,0.001474022881538289,0.011508198495962966
309.75862255738105,0.8067895346192686,0.13398902256538836,0.04517039261616853,0.001303067720799103,0.01274798247860018
309.95885437545303,0.8082231035603529,0.1343287065552747,0.044152279428691016,0.0014653537374595036,0.011830556718447922
310.159086193525,0.8074781136459862,0.13468683039095003,0.04476645239726421,0.0015388988449454083,0.011529704721083535
310.359318011597,0.8050241577523375,0.13477509865995155,0.045921983504249406,0.001310186151035052,0.012968573932654702
310.55954982966904,0.8065866824494546,0.13521116362182165,0.04502047747249325,0.0014884583016085216,0.011693218154851286
310.759781647741,0.8058694026957525,0.1355571213054008,0.04548714839060741,0.0015503030743308408,0.011536024534139256
310.960013465813,0.8042756139841752,0.1358156593684665,0.046305111702888264,0.0014156072408150727,0.012188007703886944
311.160245283885,0.8041242857031157,0.13606088095273486,0.046104226651618854,0.0014249753022400468,0.012285631390523943
311.36047710195703,0.8046758325094285,0.13647944656127484,0.04584510509533581,0.0016280370376595226,0.011371578796533418
311.560708920029,0.8020959175122088,0.13664949822392838,0.047266073661627675,0.0014537499713344608,0.012534760631136017
311.760940738101,0.8023181160288844,0.13686106141711762,0.04680158642549366,0.0014383123023626822,0.012580923826377334
311.961172556173,0.8030466788860358,0.137321234007473,0.0465733887987236,0.0016788767820598732,0.011379821525943346
312.161404374245,0.8002811375151812,0.13747541371343724,0.048102243037478634,0.001463845674632711,0.012677360059505781
312.361636192317,0.800868040263438,0.13783750992727659,0.047643765574995826,0.0014976749402214246,0.01215300929430345
312.561868010389,0.8011712892300583,0.13822583074157485,0.04741455846584654,0.0016649165220077589,0.011523405040748651
312.762099828461,0.7995151212570364,0.1385295417212433,0.04839454494492651,0.0015801534691603787,0.011980638607869906
312.962331646533,0.7981254278246354,0.13869250237118252,0.04890665379823465,0.001453569352625511,0.012821846653559848
313.162563464605,0.799580933559257,0.1391084660903354,0.04796378557212613,0.0017138349943852944,0.011632979784134594
313.362795282677,0.7976877325835213,0.13939452317773396,0.04919064124783637,0.0016548673394298824,0.0120722356517177
313.56302710074897,0.7961322760008247,0.13950090308681373,0.04975656075546651,0.0014576249120668515,0.013152635245069379
313.763258918821,0.7977693825242955,0.13999557277127755,0.04888212660452436,0.0017432951648420037,0.011609622935300127
313.963490736893,0.7958773486331171,0.1402781755615279,0.0500561820600908,0.0016702751475498024,0.012118018597954534
314.163722554965,0.795010209208596,0.1405712657430496,0.05041494034839413,0.0015606083225295179,0.01244297637767011
314.36395437303696,0.7954340548153822,0.14091360081345325,0.04995462621908518,0.0016867536157798215,0.012010964536539874
314.564186191109,0.7948003751436304,0.14130513106327633,0.05041250898427715,0.0017774810615371708,0.011704503747519364
314.764418009181,0.7923699796682254,0.14145344730045392,0.051656610060994965,0.001570538313489966,0.01294942465707753
314.96464982725297,0.7935387177179012,0.14177307036736703,0.05068175874132691,0.0017098712020452564,0.012296581971601477
315.16488164532495,0.7930776764389958,0.1421927381646737,0.05116903942381463,0.0018596148805738368,0.011700931092186525
315.365113463397,0.7902618040689041,0.14229108773202803,0.05263083949046716,0.0015735242893057451,0.013242744419538318
315.565345281469,0.7917271854797233,0.14274410129798648,0.051701321571190575,0.0017512638933344317,0.01207612775800821
315.76557709954096,0.7911831617970926,0.14313547022102852,0.05207299613445516,0.0018676836530287482,0.011740688194638936
315.96580891761295,0.7893440504589929,0.14341937363139745,0.05309229466761487,0.001701681858921591,0.012442599383318511
316.166040735685,0.7889370152107319,0.1436686521600259,0.05303233818016734,0.0016783571712438762,0.012683637278077052
316.36627255375697,0.7896762782015418,0.14411981118664555,0.052594818689207436,0.0019466035936882,0.011662488329164817
316.56650437182896,0.7870829171658887,0.1443405314939774,0.054141547313471684,0.0017686586977026394,0.012666345329208632
316.76673618990094,0.7867916833478628,0.14452233817576163,0.05392980672532431,0.001682249960685526,0.013073921790614788
316.966968007973,0.7878023515658944,0.14503638290465443,0.053485584350132814,0.002004476901399026,0.011671204278169128
317.16719982604496,0.784974881831065,0.14523347704052533,0.055168319298110585,0.0017780820339401645,0.012845239796607465
317.36743164411695,0.7852332940685398,0.1456029879402475,0.05485420938865792,0.0017697029778379098,0.012539805624967522
317.56766346218893,0.7856005917566801,0.1460202790462261,0.05453225583533187,0.0019747623432690596,0.011872111018745971
317.767895280261,0.7839567389945746,0.14636908939823068,0.05556187846940065,0.0019097438806510462,0.012202549257395756
317.96812709833296,0.782272903135547,0.14654907909607204,0.056302802235383406,0.0017356534524735191,0.013139562080775625
318.16835891640494,0.7837073877836574,0.1469687192111755,0.0552417501294923,0.0020180736779069628,0.012064069198019377
318.3685907344769,0.7820176141810109,0.1473217143008752,0.05642549330396106,0.0020116405156841025,0.012223537698721613
318.56882255254897,0.7799296712356096,0.1474167360644716,0.05736160279308295,0.0017302776551690663,0.013561712251919654
318.76905437062095,0.7816809369636878,0.14794714564578323,0.056312617216600025,0.0020571310691857715,0.012002169104998883
318.96928618869293,0.7799506922192474,0.14828818779669628,0.0574467672600083,0.0020272717253563993,0.012287080998947958
319.1695180067649,0.7786984179201616,0.14859564743010845,0.058056030333770006,0.0018603816900852942,0.01278952262612971
319.36974982483696,0.7790014299167104,0.148952452305458,0.05761505612701411,0.0019800075685965086,0.012451054082476943
319.56998164290894,0.7785759337644491,0.14939454373815264,0.05792717127333082,0.0021399038191451418,0.0119624474051774
319.7702134609809,0.7759668082664354,0.14958336812807524,0.05938437512067241,0.0018975340328112082,0.013167914452261719
319.9704452790529,0.7767921139243197,0.14988010899829857,0.05850725316055783,0.0019912661573813625,0.012829257759701148
320.17067709712495,0.7766619733778596,0.15036958850726717,0.05878064887616996,0.0022368895435086735,0.011950899695452771
320.37090891519694,0.7735456800009617,0.15049306738412868,0.060547255401139616,0.0018949795250351302,0.01351901768899377
320.5711407332689,0.7748464398728244,0.1509625279786632,0.059616973387887025,0.0020557128869861476,0.012518345873899299
320.7713725513409,0.7744943418892049,0.15140597773594872,0.05983825089218242,0.0022363537277057277,0.012025075755217782
320.97160436941294,0.7724501798117125,0.15172532191926488,0.06104691122488797,0.0020432156689617837,0.012734371375433241
321.1718361874849,0.7717760276366988,0.1519888431016752,0.06115098618223245,0.0019772912621659165,0.013106851817486708
321.3720680055569,0.7726914876840781,0.15247231554117804,0.06048839599996912,0.002310940851731744,0.0120368599233008
321.5722998236289,0.7701453015730517,0.15275694617196214,0.06211110928376741,0.0021440722280785455,0.012842570743398533
321.77253164170094,0.7692933609982124,0.15291316688505135,0.06222842185491863,0.0019660842029587447,0.01359896605911586
321.9727634597729,0.7705952590729801,0.15348497061432603,0.061501862142871365,0.00237433596825454,0.012043572201825229
322.1729952778449,0.7677867305355199,0.15373954007935392,0.06328001905177902,0.002152518739098306,0.013041191594504743
322.3732270959169,0.7676547473158056,0.15411806129021044,0.06316838919293757,0.0020832079845714353,0.012975594216730453
322.57345891398893,0.76807771074982,0.15456997254106222,0.06273208051404916,0.0023219393338014677,0.012298296861523353
322.7736907320609,0.7665159599372308,0.1549741524436418,0.06374116729853865,0.0022947555317057466,0.012473964789140868
322.9739225501329,0.7645506616943438,0.15518409462988367,0.06472430098475744,0.002067868367541966,0.013473074323733703
323.1741543682049,0.7658943189096745,0.1556031938470349,0.06356883251281725,0.002352520258893016,0.012581134471841572
323.3743861862769,0.7644771767081481,0.15603428932079402,0.06461799318643242,0.0024233553976378886,0.012447185387248955
323.5746180043489,0.7618808919797172,0.1561303469244064,0.06596123019587136,0.0020502341882929443,0.013977296711973232
323.7748498224209,0.7636984366953727,0.1566960322186145,0.06473314554860005,0.002404613806959905,0.012467771730716079
323.9750816404929,0.7621868645865035,0.1571058956863057,0.06574779782167643,0.0024368823455503284,0.012522559560226822
324.1753134585649,0.7605463560255548,0.15743450324499772,0.06663734428879205,0.0022046692766656754,0.01317712716425265
324.3755452766369,0.7607093513713875,0.1578134919575619,0.06622989326946593,0.00230629664672837,0.012940966755117472
324.5757770947089,0.7605316835001595,0.15831124309437916,0.06631546440124297,0.0025485625966631376,0.01229304640781404
324.77600891278087,0.7577924348178695,0.15855433480170295,0.0679588465257724,0.0022769982707417885,0.01341738558417121
324.9762407308529,0.7581916951431417,0.15882675841820873,0.06726114751424074,0.002297982860134915,0.013422416064531054
325.1764725489249,0.7584398900233819,0.15939337351879565,0.06722413636140583,0.002656257269306967,0.012286342827367147
325.3767043669969,0.7551068734404387,0.15955829856969844,0.0692595793889889,0.0022684161709555744,0.013806832430176323
325.57693618506886,0.7561599723053961,0.16004235703441091,0.06838603087398974,0.0023892309421771956,0.013022408844284288
325.7771680031409,0.756017312245044,0.16054463496110172,0.06840133392729586,0.0026402505387868157,0.012396468328031202
325.9773998212129,0.7538315207026692,0.16091034568889798,0.06975855728382456,0.0024314671263043035,0.01306810919856545
326.17763163928487,0.7528807905335823,0.16119881283767218,0.07005172585305584,0.002313230717818625,0.013555440058132816
326.37786345735685,0.7539422682493174,0.16171275059969115,0.06914017247268243,0.0027030013074610597,0.01250180737111016
326.5780952754289,0.7515202327116464,0.16207427150968512,0.07075901878145316,0.00256921040325223,0.013077266594225569
326.7783270935009,0.7500770914715713,0.16221163152834836,0.07128114078900644,0.002281930361186963,0.014148205850149724
326.97855891157286,0.7516617407422055,0.1628430352955282,0.07022449732441072,0.002771174312072601,0.012499552326047832
327.17879072964485,0.7489646350784648,0.16316951368565136,0.07200861067331833,0.002576684567199402,0.013280555995631493
327.3790225477169,0.7483863593842613,0.1635586050896045,0.07216657063113462,0.0024271140824204747,0.013461350812845507
327.57925436578887,0.7488529899347446,0.16405128519307877,0.07160645639614732,0.0026905024578096778,0.0127987660184847
327.77948618386085,0.747452190638434,0.1645206314661681,0.0725021384331124,0.0027224147087949245,0.012802624753756818
327.97971800193284,0.7452287706372528,0.1647732041204595,0.07372674381495768,0.0024409696269836402,0.013830311800610652
328.1799498200049,0.7463954393407208,0.1651872157649254,0.07253623535139268,0.0026994799813533895,0.013181629561873595
328.38018163807686,0.7453284876398861,0.165706894293698,0.0733391109646414,0.002874071447396401,0.01275143565464381
328.58041345614885,0.742276482064963,0.16581848960484688,0.07509551447858544,0.0024096944708875048,0.01439981938098368
328.78064527422083,0.7440871968561199,0.16641650955574272,0.07372040546937077,0.002768554494080216,0.01300733362495388
328.98087709229287,0.7428516701406617,0.16690498762628392,0.07452539362060938,0.002881780236112405,0.012836168376598496
329.18110891036486,0.7408450581896937,0.16726243900352017,0.0757035624602073,0.0025826018348513433,0.013606338511993993
329.38134072843684,0.7408463287600249,0.16767159657724892,0.07535389827437691,0.0026529972174643697,0.013475179171153331
329.5815725465088,0.7409432214921101,0.16822826030760565,0.07513979462113565,0.0029843628067323918,0.0127043607726839
329.78180436458086,0.7381397754044956,0.16853883390723648,0.07691495380249774,0.0026968977116266987,0.01370953917441027
329.98203618265285,0.7380344911569405,0.16878701611312574,0.07649536795351218,0.002617510187050922,0.014065614589637825
330.18226800072483,0.7386985954565073,0.1694362864473834,0.07605785804568158,0.0030975654170231157,0.012709694633671486
330.3824998187968,0.7352551657688072,0.16965955168180172,0.07828609889377372,0.002683122225565952,0.014116061430317857
330.58273163686886,0.7359669523489237,0.17015481013063136,0.07755406380395403,0.002736671363199722,0.01358750235355865
330.78296345494084,0.7360460256323007,0.17072233614468488,0.07731720633591936,0.0030584757904298337,0.012855956096931574
330.9831952730128,0.733805038977573,0.17114577475580484,0.07874935302188935,0.0028532949158697274,0.013446538329128701
331.1834270910848,0.7325729562695987,0.1714694352785326,0.07925301507666357,0.0026746728433757762,0.014029920532095367
331.38365890915685,0.7337266518807007,0.17201014917386984,0.07810382805503295,0.0031001826819614304,0.013059188208700603
331.58389072722883,0.7315204272972673,0.17246090294974104,0.07961179563902464,0.0030274054263707555,0.013379468687862633
331.7841225453008,0.7294822831445058,0.17258846420315394,0.08059548651503369,0.0026201749422876675,0.014713591195283971
331.9843543633728,0.7313139622050535,0.17327829175258008,0.07919565863138253,0.0031735690536911177,0.013038518357556894
332.18458618144484,0.7288279479242351,0.17369041522791928,0.08087219435519827,0.00303386707479231,0.013575575418121478
332.3848179995168,0.7277641099405449,0.17409171711493027,0.081361722529079,0.002787968380628157,0.013994482035084336
332.5850498175888,0.7282561620589322,0.17463107285568458,0.08068430073313321,0.00306239490797069,0.013366069444546025
332.7852816356608,0.7270957885357947,0.17517416225204707,0.08136178819975692,0.0031742310542930215,0.013194029958375025
332.98551345373284,0.7246522722340993,0.17548109657497718,0.0828068248869015,0.002841614506521018,0.014218191797766837
333.1857452718048,0.725544068472172,0.1758852127274954,0.08167358301120704,0.0030401787604783202,0.013856957028913963
333.3859770898768,0.7249048138836702,0.17650259981416494,0.08211117880036328,0.0033420833743127683,0.013139324127756001
333.5862089079488,0.7214822324934888,0.17664572983539828,0.08424371183808642,0.0027973957516400985,0.014830930081654535
333.78644072602077,0.7231871507227412,0.1772700859104565,0.0827949892809752,0.003129342850750004,0.013618431235345592
333.9866725440928,0.7222801056375752,0.17784593393364057,0.08330153286169613,0.0033386702193204695,0.013233757348036028
334.1869043621648,0.7199607791732892,0.1782407894350358,0.08474343410852883,0.002980176817113095,0.014074820466302816
334.3871361802368,0.7197765439706822,0.17868734995196006,0.08448318109710973,0.003005732446238838,0.014047192534281435
334.58736799830876,0.72015269498319,0.17930366125061178,0.08392040435730568,0.003422723086733091,0.013200516322431745
334.7875998163808,0.7173693008882719,0.17969400809184316,0.08574427425051999,0.0031401594943400706,0.014052257275297447
334.9878316344528,0.7166963478737491,0.17991957669742883,0.0857014607510857,0.0029372427622333477,0.014745371915773653
335.1880634525248,0.717792165171189,0.18065416561559033,0.08479812493273907,0.0035362364557859163,0.013219307824966104
335.38829527059676,0.7143637479132473,0.18095251850164715,0.08710515022824501,0.0031233675109197745,0.014455215846212073
335.5885270886688,0.714639695840255,0.18145404234539292,0.0866158731404622,0.0030814460700865813,0.014208942604075576
335.7887589067408,0.7149434716306247,0.18209229400735633,0.08609845309183174,0.0034672660507506724,0.013398515219708544
335.98899072481277,0.7127520538417145,0.18258470824596443,0.08750192230325167,0.0032911665754233096,0.013870149033916049
336.18922254288475,0.7112420503718069,0.1829524335968222,0.08822785990925178,0.0030471583293257454,0.014530497793063844
336.3894543609568,0.7124096139930891,0.18351414049236583,0.08689379901772923,0.0034776465240550945,0.013704799973030863
336.5896861790288,0.7105202087893323,0.18406538951686024,0.08816499230055108,0.0034966296690419943,0.013752779724483789
336.78991799710076,0.7079185941980839,0.18419421552932044,0.08963026234456202,0.002969247764460962,0.015287680163842477
336.99014981517274,0.7099275879057706,0.18493729875926157,0.08792102301444132,0.003557636549325058,0.013656453771472352
337.1903816332448,0.7077525359484536,0.18544751307272145,0.08936465960953413,0.003501315459646959,0.013933975909913496
337.39061345131677,0.7061919449564623,0.1858629962681928,0.09022574407448224,0.0031505847930149104,0.01456872990811486
337.59084526938875,0.7066831646056313,0.18645374404712697,0.0894547173448868,0.0034188859901270875,0.013989488012495771
337.79107708746074,0.7058322634615637,0.18707706078094904,0.08981333025394295,0.003626462686829336,0.013650882816983442
337.9913089055328,0.7032243931983567,0.18744862552316022,0.0914333563210201,0.0032525020822214068,0.01464112287551081
338.19154072360476,0.7037411241424917,0.18783786325541693,0.09047119830990809,0.0033568149161729566,0.014592999376280433
338.39177254167674,0.7035955413168858,0.18855983379962984,0.09043445614988196,0.0038012421211442654,0.013608926612729538
338.5920043597487,0.6999198496414986,0.1887512997781191,0.09285810753606369,0.0031983937385026465,0.015272349306087505
338.79223617782077,0.7013992397928179,0.18939258475495915,0.09144665081254666,0.003466657286796994,0.014294867353153363
338.99246799589275,0.7008621730165453,0.19006295770157514,0.09157991657465561,0.0037801324878103475,0.013714820219686522
339.19269981396474,0.6983168012431663,0.1905045353711033,0.09322061226567979,0.0033805756715121348,0.014577475448812422
339.3929316320367,0.6979229151100826,0.19099392354040218,0.09308448675947077,0.0033487893081776917,0.01464988528213784
339.59316345010876,0.6985540096714372,0.19166741437006204,0.09216218554422473,0.0038355021680440203,0.013780888246503167
339.79339526818075,0.6958913275596609,0.19214862356176488,0.09392624329625493,0.003585233097547121,0.014448572485043127
339.99362708625273,0.6946151863138562,0.19235475563116813,0.09433853132892432,0.00324484654067696,0.0154466801856464
340.1938589043247,0.696125489031822,0.19317327105233872,0.09294629422440148,0.00394515234472391,0.013809793346984157
340.39409072239675,0.6928492521009181,0.19356256778606407,0.09518984955527963,0.0035684453174159776,0.01482988524059159
340.59432254046874,0.6926075157121956,0.19406418901386677,0.09504357624085355,0.0034067440284938845,0.014877975004860683
340.7945543585407,0.693126057002109,0.19477690008118212,0.09424100912084424,0.0038423652036120516,0.014013668592521431
340.9947861766127,0.6910978997988894,0.19534870505805324,0.09549275766394426,0.003723540223366641,0.014337097256015388
341.19501799468475,0.6893253961337628,0.19576724910078636,0.0964376598765822,0.0034135759286320943,0.01505611896050549
341.39524981275673,0.6904082990413543,0.19634190758966855,0.0950104633056112,0.0038112135669589172,0.014428116496674977
341.5954816308287,0.688937088436987,0.19700327071995852,0.09591347772387199,0.003950799974105383,0.014195363145344616
341.7957134489007,0.6858439053400877,0.19714601024404907,0.09783095876404319,0.0033154379635041077,0.015863687688583827
341.99594526697274,0.6879248573855384,0.19793234171686475,0.09589778865534349,0.003899182808878243,0.01434582943364261
342.1961770850447,0.6861523582157212,0.198551172380185,0.09698677459438719,0.0039514879471152665,0.014358206862859746
342.3964089031167,0.6841215919374873,0.1989835113317374,0.09822178945054079,0.003498711309106398,0.015174395971398278
342.5966407211887,0.6845771394195916,0.19962812026112875,0.09739683885431195,0.0037417911313130403,0.014656110333926614
342.79687253926073,0.6840826719086991,0.2003350770168938,0.09735817566914151,0.004051419479673767,0.01417265592586448
342.9971043573327,0.681385173418869,0.20077979658616052,0.09908213720661313,0.003653040684909589,0.01509985210371883
343.1973361754047,0.68143721109437,0.20114916362878224,0.09840809080533076,0.003634123038414619,0.015371411433373602
343.3975679934767,0.6818267684112638,0.2019792210010599,0.09781709578476251,0.00422293487713088,0.01415397992605368
343.5977998115487,0.6780425512373909,0.2022358886459148,0.10040291202481288,0.0035942204361959842,0.015724427655955803
343.7980316296207,0.6791670116203006,0.20288129913925568,0.09916392168191249,0.0037613222685772625,0.015026445290224533
343.9982634476927,0.6790247978253482,0.20365107066394095,0.09887414648234205,0.004177361020156683,0.014272624008482424
344.1984952657647,0.6763697471613576,0.2041492195866656,0.10060964516352036,0.0037646668143388536,0.015106721274389607
344.3987270838367,0.6757445905433158,0.2046841034583823,0.10063021210592477,0.0036655944695045536,0.015275499423144956
344.5989589019087,0.6765746520231238,0.2054084893097411,0.0993834138606544,0.0041938958484367805,0.014439548958314743
344.7991907199807,0.6741444559374256,0.205990224732257,0.10096165586914718,0.004007351414655723,0.014896312046785078
344.99942253805267,0.6722676785959352,0.2061816342250528,0.10186815312229594,0.0035282222849688104,0.016154311772018398
345.1996543561247,0.6741341734223076,0.20707738382915136,0.10001898314336972,0.004297051797608867,0.014472407807833416
345.3998861741967,0.6711486659724957,0.20757184106552373,0.10204425201343145,0.00399344073254121,0.0152418002162771
345.6001179922687,0.6703352444750443,0.20806679741952946,0.10231936528081127,0.003696659280821282,0.015581933544064746
345.80034981034066,0.6710431198506819,0.20885502505490183,0.10125388339765698,0.0041613516905781595,0.014686620006452232
346.0005816284127,0.6692878022603772,0.20951487967200885,0.10222829734311181,0.004125773147689595,0.014843247577084197
346.2008134464847,0.6672836491184873,0.20998843174838325,0.10336948100160513,0.003754898493840113,0.015603539637955287
346.40104526455667,0.66817285171411,0.21056576299620114,0.101968410930898,0.004080239404071943,0.015212734954991118
346.60127708262866,0.6672096620383413,0.2113444674802713,0.10238359504874707,0.004361755502706546,0.014700519930204705
346.8015089007007,0.6637369089927027,0.21151487558972512,0.10467040053159095,0.0036429910635424495,0.016434823822709946
347.0017407187727,0.6657538097491646,0.2123290625726558,0.10264544362393921,0.004176102112469255,0.015095581942041601
347.20197253684466,0.664458497194253,0.21306445185267356,0.10327734584391826,0.004354394514100587,0.014845310595326114
347.40220435491665,0.6620270635756447,0.2135174544435829,0.10484097306975476,0.003815684884167403,0.01579882402712218
347.6024361729887,0.6624044016327549,0.21421511238368024,0.10401427811057082,0.004014413030452886,0.015351794842811664
347.8026679910607,0.6622815388093969,0.21500502412318442,0.10353837396240316,0.004419712186910921,0.014755350918377463
348.00289980913266,0.6595869319150257,0.21552964246156056,0.10527196865874189,0.004020590580726028,0.015590866384219124
348.20313162720464,0.6591090785903949,0.21587443286763072,0.10498494141071252,0.0038601523071552066,0.016171394824381364
348.4033634452767,0.6600385520769191,0.21681139392951207,0.10380675898927925,0.004578567070287795,0.014764727934277924
348.60359526334867,0.6563076121581377,0.21714942941335874,0.10639439526036486,0.003963548301825754,0.016185014866590252
348.80382708142065,0.6569540627896118,0.21778326981900856,0.10546656813948756,0.003997040204509999,0.01579905904765731
349.00405889949263,0.6572103214257682,0.21865425589174523,0.10473717863675924,0.004503339649920514,0.014894904396081347
349.2042907175647,0.6545820380239774,0.21921892003390597,0.1064343547799607,0.004111787265959969,0.01565289989646846
349.40452253563666,0.6537103668756604,0.21979853399553503,0.10663633188855194,0.003939413598805286,0.01591535364172093
349.60475435370864,0.6546548275570345,0.22056329715266107,0.10514485933129081,0.004471918776865351,0.015165097182423372
349.8049861717806,0.652571290023707,0.22125354886278903,0.10640631939880003,0.0043804267264164806,0.015388414988562981
350.00521798985267,0.6501406422085045,0.22143646748288556,0.10779403663970581,0.0037753450996816595,0.01685350856949797
350.20544980792465,0.6522615515693145,0.2223963386813302,0.10557941022857835,0.004567239910210122,0.015195459610843245
350.40568162599664,0.6496948556387683,0.2230078045966861,0.10723778013856036,0.004370889950445913,0.015688669675815607
350.6059134440686,0.6482972329169182,0.2234897000329123,0.1079712336461488,0.003937073387177545,0.016304760017122905
350.80614526214066,0.6491523452480633,0.22435084470362363,0.10669157695773683,0.004405536962234893,0.015399696128618887
351.00637708021264,0.647760878867711,0.22510452711421933,0.10728048046595536,0.004471678808726453,0.015382434743664594
351.2066088982846,0.6455737644196664,0.22563464720664958,0.1085735282454059,0.0040513800205533804,0.016166680108002242
351.4068407163566,0.6461632253665605,0.22620243724332362,0.10732693418583375,0.004269816502888558,0.016037586701670256
351.60707253442865,0.645772998528836,0.22710232891249443,0.1071652285940026,0.004701708180642209,0.015257735784300097
351.80730435250064,0.6420665670034834,0.22731472729425928,0.10969071094448711,0.0039346544743845725,0.01699334028366063
352.0075361705726,0.6438646839836599,0.22813595467299708,0.1077373774417971,0.004370711233945095,0.015891272667875656
352.2077679886446,0.6430965954352651,0.228992583185201,0.10784271113342875,0.004680811876692245,0.015387298369688471
352.40799980671665,0.6403754284440573,0.22947155751740267,0.10964082838690109,0.004085127322050294,0.016427058329863378
352.60823162478863,0.6406268875911331,0.23021731242034205,0.10887161448182571,0.0042223067553172075,0.01606187875165659
352.8084634428606,0.6408537207447674,0.23108445065643904,0.10796702810914431,0.0047033659806730976,0.015391434509248758
353.0086952609326,0.6382681462335752,0.23169409742702665,0.1095991084800061,0.004332241749741758,0.01610640610992468
353.20892707900464,0.6372315089113183,0.23201033344170552,0.10976041157443234,0.0040262848269433955,0.016971461245875417
353.4091588970766,0.6386602153180014,0.2330469144860373,0.10802167042346025,0.004842346990632648,0.015428852782142954
353.6093907151486,0.6351482407255167,0.23348102206971832,0.11043816927073914,0.004283451887866592,0.016649116046433456
353.8096225332206,0.6352182825364187,0.23408578293893562,0.1099390770951985,0.004161709478201904,0.016595147951521633
354.00985435129263,0.6358523384067744,0.23505591397040645,0.10879082271474703,0.004735859898678312,0.015565065009670734
354.2100861693646,0.6333927518921513,0.23569640741846754,0.1103050685560094,0.004400881917397061,0.016204890216250968
354.4103179874366,0.6322700790140654,0.23631629220456046,0.11069975454075649,0.004154357699470172,0.016559516541423538
354.6105498055086,0.6332246417305166,0.23710661342716483,0.10907792479929332,0.004649799061644827,0.01594102098165655
354.8107816235806,0.6315927947135511,0.23791130994874535,0.10990265384567677,0.0046793781300883686,0.015913863362214814
355.0110134416526,0.6286993628472962,0.23809343496387558,0.11170293757911699,0.003974307053663504,0.01752995755632561
355.2112452597246,0.6309342066472831,0.23909713003652533,0.10926760431021895,0.004736313030254554,0.01596474597599673
355.4114770777966,0.6288923530105255,0.23983440339745907,0.11043523642856143,0.004673341968048076,0.016164665195687294
355.6117088958686,0.626948251856967,0.24029838749990892,0.11160929312098013,0.004116257579976339,0.01702780994244782
355.8119407139406,0.627892508058281,0.24122528175653002,0.11018707399977348,0.004561267056762645,0.016133869128933116
356.0121725320126,0.6269243588556935,0.24207444159403285,0.11031846533292312,0.004735798796939488,0.015946935420691786
356.21240435008457,0.624621419759075,0.24266041381501388,0.11169756117973019,0.004284171294170588,0.01673643395229267
356.4126361681566,0.6248228196119937,0.24320515800532672,0.11072142304614849,0.004371865457593527,0.016878733879222323
356.6128679862286,0.625033092327726,0.24422545312434382,0.10994149989744058,0.004945938726582633,0.015854015924192496
356.8130998043006,0.6212612212980146,0.24449413164557465,0.11254201977957298,0.0041727390116814665,0.017529888265442255
357.01333162237256,0.6226847247775346,0.24529682989558854,0.1108313152172253,0.004471652574058212,0.016715477535877543
357.2135634404446,0.6224636457458185,0.24627544636630838,0.11038312384932229,0.004905865834521545,0.01597191820431508
357.4137952585166,0.6195961518438824,0.24678734021821763,0.1122820687370632,0.004291774034575779,0.01704266516654748
357.61402707658857,0.6196732009879004,0.24757158616880046,0.11162956333155233,0.004354014953122632,0.01677163455891087
357.81425889466055,0.6201915153370587,0.2485045020823074,0.11035461998744196,0.004879412930361142,0.016069949663116936
358.0144907127326,0.6178273690570142,0.2492029580381421,0.11176763905131515,0.004566949978756441,0.01663508387505878
358.2147225308046,0.6162465634362873,0.24948793790337484,0.11238797974321613,0.004126792925160307,0.017750725992247984
358.41495434887656,0.6180854267414477,0.25060941831878275,0.11017865585367435,0.004994102285177118,0.01613239680120502
358.61518616694855,0.6149471773643302,0.2511521142694403,0.11225994412950281,0.004531292753414873,0.01710947148359806
358.81541798502053,0.6143842410220409,0.2517101147522443,0.11226302440916804,0.004248125940957404,0.017394493875876247
359.0156498030926,0.6153501078942435,0.2527726192509879,0.11075365235289136,0.004859848848139409,0.016263771654024064
359.21588162116456,0.6131894827274783,0.2534965820113486,0.11195086436867627,0.004612056475186423,0.01675101441759825
359.41611343923654,0.6118263098156278,0.2541488552182855,0.11253148322750237,0.0042966841197784175,0.01719666761909441
359.6163452573085,0.6126801643220522,0.2549460334132741,0.11091056971066757,0.004716543370595727,0.01674668918369852
359.81657707538056,0.6115829004309515,0.2558684028999426,0.11120697533721997,0.004882632045639825,0.01645908928653402
360.01680889345255,0.6083557143145764,0.2560587671656453,0.11330234239192842,0.0041138170137194055,0.01816935911441607
360.21704071152453,0.6105375423335737,0.25707866360338416,0.11082722403155743,0.0047925365662095255,0.016764033465559484
360.4172725295965,0.6090948232781486,0.2579468856543259,0.1114204353990264,0.004876602434604701,0.01666125323417747
360.61750434766856,0.6066933959063766,0.25839085945353196,0.11295962054805461,0.004225299919767043,0.017730824172552808
360.81773616574054,0.607655572616727,0.25937107110006075,0.11148255241680212,0.004620669954556081,0.016870133912137833
361.0179679838125,0.6071299936740912,0.2603120243097016,0.11113365148791189,0.0048962936538028325,0.016528036874775574
361.2181998018845,0.604794890558136,0.2609515830559691,0.11251533873602354,0.0044372020965180595,0.01730098555363666
361.41843161995655,0.6045504598975061,0.26145946706722206,0.11189366997055891,0.004385031823416357,0.01771137124157866
361.61866343802853,0.6053422490546828,0.26259330900862143,0.1105136558584339,0.005075469892656837,0.016475316185888482
361.8188952561005,0.6016802768492318,0.26293188842449866,0.11301348750228268,0.00434063396863728,0.018033713255633202
362.0191270741725,0.6025927808222066,0.26368723195409316,0.11169654649741083,0.004474997615895331,0.017548443110677346
362.21935889224454,0.6029051918217581,0.26478400809309005,0.11071473320882787,0.005012287819800737,0.01658377905680647
362.4195907103165,0.600051816198254,0.2653371606204557,0.11255972905336736,0.004422493537761521,0.017628800590445772
362.6198225283885,0.5999107376691314,0.2661456337447997,0.11207518538890668,0.004401853689878342,0.01746658950756867
362.8200543464605,0.6006331212173869,0.26712696641926004,0.11052976321819702,0.004933297642456901,0.01677685150298412
363.02028616453254,0.5985988373775684,0.2679168641998715,0.11161348155329515,0.004707762747947093,0.01716305412160457
363.2205179826045,0.5965328525763036,0.2681697283718849,0.11264951375281568,0.004158376173063478,0.018489529126218186
363.4207498006765,0.5986488592587424,0.26935295821738897,0.11011577347790273,0.005021810104633835,0.016860598941618593
363.6209816187485,0.5960140766038593,0.270013929125281,0.11172704520158235,0.004687167664452438,0.0175577814051123
363.8212134368205,0.5948155169729803,0.27050938023751187,0.11224579625631483,0.004254068120304021,0.01817523841317757
364.0214452548925,0.5960432735906137,0.27165206536146735,0.11046520396494379,0.004868720938855504,0.01697073614440991
364.2216770729645,0.5942837744676338,0.27246416162238446,0.11124330955335145,0.004728549570886072,0.017280204786035393
364.4219088910365,0.5927087558130794,0.27313836746932263,0.1119823343893383,0.004356282166374122,0.017814260162176136
364.6221407091085,0.5933594990997818,0.27392080498141524,0.11048968648673554,0.004671104185314662,0.01755890524704448
364.8223725271805,0.5928451929515124,0.27496040774992503,0.11021022069388677,0.004974516646082731,0.017009661958886577
365.0226043452525,0.5894392226263798,0.2751691366165961,0.11245024079944717,0.004184209164889482,0.018757190792980383
365.2228361633245,0.5913929252974017,0.2761710312651557,0.11012697460709253,0.004733450085464987,0.017575618745177584
365.4230679813965,0.5905853334428799,0.2771711650135932,0.11011223185483444,0.004963141576193903,0.01716812811279248
365.6232997994685,0.5878596445430515,0.2775967493799824,0.11189208448163858,0.004258497732796315,0.018393023862824202
365.8235316175405,0.5887605689619588,0.27861226901298564,0.11045456682777949,0.004581975341059568,0.01759061985650846
366.02376343561247,0.5886542567205075,0.279635071566079,0.10965601831643769,0.004938088512869417,0.017116564884400522
366.2239952536845,0.5863821981553939,0.2803253625636708,0.11094674635657178,0.004499069888875668,0.01784662303578249
366.4242270717565,0.5856729197394995,0.2807834856127813,0.11071833361057709,0.004313673219312671,0.018511587818124158
366.6244588898285,0.5869773737778201,0.2820164783070338,0.10881882903713613,0.005079427180767343,0.017107891697536452
366.82469070790046,0.5835911011438415,0.2824372817568158,0.11105313932068757,0.004424644659279269,0.018493833119668724
367.0249225259725,0.583895252921337,0.2831155095160084,0.11023591361688827,0.004384340015369669,0.018368983930691064
367.2251543440445,0.5846942233874068,0.2843214424804424,0.10878582764361197,0.004992717423198479,0.017205789065634948
367.42538616211647,0.5820131524045504,0.28492484649932803,0.11042487589355819,0.004467516492842305,0.01816960871001412
367.62561798018845,0.5816213930355996,0.2857392693758927,0.11014376681707906,0.004362748423084568,0.018132822348636342
367.8258497982605,0.5824433921229185,0.2867462219049353,0.10845341097072056,0.004861338348629347,0.017495636653091083
368.0260816163325,0.5808314673523094,0.287628993252204,0.10912008519941349,0.004743855714471658,0.017675598481895403
368.22631343440446,0.5783779106294068,0.2878511924725922,0.11048127377158984,0.004120062845559403,0.019169560281146338
368.42654525247644,0.5806061164013752,0.28906427594575135,0.10780754253333164,0.004923474946841453,0.017598590172994307
368.6267770705485,0.5785681633809978,0.2898498647081859,0.10885920544825109,0.004736686748294243,0.01798607971456452
368.82700888862047,0.5767892036365152,0.29027107477704256,0.1098427941406856,0.004181950084437157,0.018914977361612465
369.02724070669245,0.5781890197709406,0.2914758192398197,0.10790398623066719,0.004764721083924962,0.017666453674938624
369.22747252476444,0.576892290419087,0.29237635158931075,0.1082091171268402,0.004738988360978994,0.01778325250407315
369.4277043428365,0.5751532934183121,0.29306084277519884,0.10905873243625216,0.004328118794076417,0.018399012576449984
369.62793616090846,0.575520402634666,0.29380556445620987,0.10779830201203365,0.004521942536608316,0.018353788360772814
369.82816797898045,0.5755936198085271,0.29495700210004916,0.10695006914359925,0.004947266904153074,0.017552042043962875
370.02839979705243,0.5721740652582227,0.2951949489747235,0.10917293178759412,0.004178801673760967,0.019279252305990587
370.22863161512447,0.5737378367777075,0.2961398620403375,0.1071749687832633,0.004566317271485689,0.01838101512749814
370.42886343319645,0.5735603281275353,0.29726825383248906,0.10657228018947569,0.0049249741929040325,0.01767416365788915
370.62909525126844,0.570671993619297,0.29768125306254145,0.10843852788348321,0.00421383030490171,0.018994395130068172
370.8293270693404,0.5714317307977644,0.29870873762701416,0.10713056259862734,0.004449545805136962,0.01827942317174874
371.02955888741246,0.5716834111007733,0.2997968061546384,0.1059608224389062,0.0048556976438539155,0.017703262662118947
371.22979070548445,0.5695731137635862,0.30053535797429265,0.10706789698206363,0.004464662790347717,0.01835896848999982
371.43002252355643,0.5684206769465527,0.3009330319811872,0.10722223689033282,0.004166495179570986,0.0192575590026444
371.6302543416284,0.5701229698847746,0.3022420366958446,0.10493879488157735,0.0049568129310748835,0.01773938560701497
371.83048615970046,0.5671531442199954,0.30275553243392345,0.1067744741341337,0.00441599994253101,0.018900849269702705
372.03071797777244,0.5668051499355068,0.30332890983393807,0.10650049027451516,0.0042099483435694375,0.01915550161275712
372.2309497958444,0.5680133178268687,0.3046293129359819,0.10468589514500132,0.004850681306524975,0.017820792785909572
372.4311816139164,0.5656409722619103,0.30529140946508615,0.1059938761099118,0.004421821696891276,0.01865192046648468
372.63141343198845,0.5649830418805868,0.3060908450775497,0.10592979241513471,0.00423900708508783,0.01875731354192334
372.83164525006043,0.5657978040366087,0.3070964183567487,0.10422584653790219,0.004671610453013582,0.018208320616009643
373.0318770681324,0.5646729124068578,0.308071820925973,0.10442419999136601,0.004672110020883823,0.01815895665520279
373.2321088862044,0.5619567182668285,0.3082673862601178,0.10598829583733017,0.004013602934912949,0.019773996701095677
373.43234070427644,0.5641183239649248,0.30947036525165966,0.1033714043188943,0.004707950357578641,0.01833195610722807
373.6325725223484,0.5627270134889482,0.3103831975213143,0.10382832471552639,0.004673616268245413,0.018387848006251557
373.8328043404204,0.5604751260652259,0.31072454129438243,0.10517013740902457,0.004038308306968389,0.01959188692468517
374.0330361584924,0.5619439196989849,0.31196715113476337,0.10319681389849016,0.0045584080037363245,0.018333707264312653
374.23326797656443,0.5611251564373168,0.3129508662535322,0.10303050837687633,0.004639623482379893,0.018253845450183874
374.4334997946364,0.5592873243069645,0.31363454813955843,0.10392705113325083,0.004213380310802329,0.01893769610971575
374.6337316127084,0.5593214181215832,0.3143190991978204,0.10296560709044555,0.004285258610618672,0.019108616979823377
374.8339634307804,0.5599389958083256,0.31557053367181115,0.10161289188325293,0.004802416905803746,0.01807516173109619
375.0341952488524,0.556664398420443,0.31584883388805307,0.10366823869965248,0.00409536629335239,0.019723162698790195
375.2344270669244,0.5577103738219092,0.31669588138900795,0.10212473587828008,0.004307273657603705,0.019161735253490436
375.4346588849964,0.5581181489707454,0.31794388719928557,0.1010041826218278,0.0047653901580734705,0.018168391050359462
375.6348907030684,0.5552368873419922,0.3183540490731339,0.10279823160626086,0.004093558157631442,0.01951727382127113
375.8351225211404,0.5557830888608816,0.3193657740983723,0.10169424810428622,0.00423370626980352,0.018923182666945954
376.0353543392124,0.5563040176836112,0.32049628152138904,0.10026563490114268,0.004655053305299023,0.01827901258885053
376.2355861572844,0.5544473467481065,0.32128171393741767,0.10111015538769082,0.004336277355935696,0.018824506571142124
376.4358179753564,0.5529096973741523,0.3216116354511072,0.10159311279817762,0.003955383133016422,0.019930171243838665
376.6360497934284,0.5548602432686895,0.32296420201623843,0.09909861759957922,0.004717392908284794,0.018359544207501573
376.8362816115004,0.5524103858443777,0.32357857323240014,0.10044950176696396,0.0043127776065917155,0.019248761549959862
377.0365134295724,0.5514261804196527,0.3240246302354298,0.10069491497331587,0.003967280378047528,0.019886993993849134
377.23674524764436,0.5529417387055039,0.32539878778548054,0.09864606567297769,0.00460017277585405,0.018413235060480492
377.4369770657164,0.5509768334550456,0.3261259559058748,0.09954364913109741,0.0042865067175950605,0.01906705479068416
377.6372088837884,0.5500584064791156,0.32688882162810373,0.09968557116620938,0.004038821219050313,0.01932837950781776
377.8374407018604,0.5507706779959735,0.32786374854254596,0.0980858583989236,0.004382977257199675,0.01889673780565372
378.03767251993236,0.5501601996940262,0.3289288996432082,0.09781069575472431,0.004498019112217246,0.018602185796121166
378.2379043380044,0.5473188984357084,0.3291044640445677,0.09944422758552128,0.0038442098043782085,0.02028820013012371
378.4381361560764,0.5492424105521748,0.33025122869795204,0.09706476015115931,0.004394401275471025,0.019047199323542433
378.63836797414837,0.548501761232512,0.3312899530743569,0.09694779093809536,0.004501805715692297,0.01875868903964196
378.83859979222035,0.5459222668657553,0.3315532055519489,0.09850520722376904,0.0038333737316258057,0.020185946627201076
379.0388316102924,0.5473525074899919,0.3328038074173818,0.09661746037387808,0.004267530366062469,0.018958694352986524
379.2390634283644,0.546982052587386,0.3338592124260651,0.09603354805621094,0.00443610352864551,0.018689083401994603
379.43929524643636,0.5451224562337127,0.3345333640753642,0.0969059406607424,0.004020094438165858,0.019418144592315254
379.63952706450834,0.5448087155936806,0.3351378319904839,0.09626763769419265,0.003982532630141191,0.019803282091803175
379.8397588825804,0.5458826530908946,0.3364695971771699,0.09452476528047203,0.00455139924948583,0.01857158520227836
380.03999070065237,0.542889437789259,0.33679921535446816,0.09629344575921317,0.003937449905232956,0.0200804511921278
380.24022251872435,0.5433393634469988,0.33750933982293363,0.09527189967309672,0.00397932894915293,0.019900068108118004
380.44045433679634,0.5442529517971674,0.33886300097043326,0.09374387490268042,0.004499142589031067,0.018641029740989093
380.6406861548684,0.541535019862397,0.3392830216791716,0.09532883635970399,0.0039048520536366107,0.019948270045391864
380.84091797294036,0.5418111065361344,0.3402486199101369,0.0944784958189715,0.003950333019467873,0.01951144471559081
381.04114979101234,0.5424991020264033,0.34139377742956417,0.0929183612503923,0.004353730515545571,0.01883502877839618
381.2413816090843,0.5409699651959928,0.3422259808459472,0.09344773019880692,0.004124037557309691,0.019232286202246686
381.44161342715637,0.5391316700218118,0.34248509496864105,0.09417508628016862,0.0036947115386367483,0.02051343719104634
381.64184524522835,0.5411631229963669,0.34383990721104357,0.09165502717897492,0.0043813915073246225,0.018960551106595024
381.84207706330034,0.5392922550276139,0.3445607728221711,0.09248938802243989,0.004121378707457069,0.019536205420623804
382.0423088813723,0.5377438054539062,0.34486532122993807,0.09317159204244704,0.0036752921015190134,0.02054398917249298
382.24254069944436,0.5394491006710214,0.3462864252104862,0.09102979823917287,0.004264038629555819,0.01897063725006798
382.44277251751635,0.5379432329191018,0.3470814641472548,0.09149310615776525,0.004069892072281852,0.019412304703900568
382.64300433558833,0.536792211834674,0.3477880071643324,0.09180730879605709,0.0037763000637958295,0.01983617214144633
382.8432361536603,0.5373288709074179,0.34870317890237285,0.09040146133286152,0.004022521949696797,0.019543966907956987
383.04346797173235,0.5372180708053632,0.34985117215507244,0.08969617531389701,0.004235815760593803,0.018998765965380412
383.24369978980434,0.5343861863078093,0.35001576498948506,0.09127550840965616,0.0036213623054354768,0.02070117798792062
383.4439316078763,0.535927739387628,0.3510572275958401,0.08927256610597284,0.004010359054813882,0.019732107856050903
383.6441634259483,0.5357986815343645,0.35221631449600865,0.08865252005469985,0.004235874471839498,0.019096609443393187
383.84439524402035,0.5330544055903168,0.3524110351890177,0.09027331466701136,0.003580840667547811,0.020680403886411555
384.04462706209233,0.5343440299323792,0.35363517091292407,0.08857358802700269,0.003915514241375992,0.019531696886624487
384.2448588801643,0.534355809960935,0.35474463474218143,0.08766597416665957,0.00414425591586704,0.01908932521466359
384.4450906982363,0.5325550731954144,0.3554044407789938,0.08844698021528354,0.003763076880232901,0.019830428930382393
384.6453225163083,0.5319106801008219,0.35591330496946566,0.08811671771149629,0.003638072569986904,0.020421224648536903
384.8455543343803,0.5333179040625903,0.3572970074021264,0.08613183315880159,0.004215161634275847,0.01903809374251513
385.0457861524523,0.5307085535528765,0.3576883571875945,0.08753926546268917,0.0037152702336242455,0.020348553563524607
385.2460179705243,0.5305412547407609,0.3582284786336608,0.0870408573042042,0.0036096541504187594,0.02057975517126419
385.4462497885963,0.5318548420200523,0.3596682672143933,0.08524130745780205,0.004151032751150752,0.019084550556910523
385.6464816066683,0.5294245264148617,0.36011217749994234,0.08652269074577522,0.0036602483572550242,0.020280356982475774
385.8467134247403,0.5293961293996027,0.36100112095997616,0.0859458042721101,0.003620097540434831,0.020036847828187255
386.0469452428123,0.5301500512436071,0.3621302769572414,0.0843771936229266,0.0039793066206281254,0.019363171555908762
386.24717706088427,0.5289947241586069,0.36300989103164766,0.08457424465513726,0.003845537229669768,0.01957560292525191
386.4474088789563,0.5269542990655989,0.3631998359534552,0.08544959632728623,0.003401111351962551,0.020995157302010875
386.6476406970283,0.528901391052155,0.36450845959516753,0.08307528964456315,0.003977836823140207,0.019537022885290634
386.8478725151003,0.5276223537849839,0.3653387198831095,0.08341497124893672,0.0038571534767540693,0.019766801606533303
387.04810433317226,0.5256248559765936,0.3654981189072504,0.08441259688245384,0.003354965329843003,0.02110946290417776
387.2483361512443,0.5273967770617727,0.36693364985967264,0.08231334429196085,0.0038715602573495566,0.01948466852956305
387.4485679693163,0.5263529991512519,0.36779461863046436,0.08237271333706228,0.00378805569078735,0.019691613190752712
387.64879978738827,0.5250167940605163,0.36842951779151,0.08280955957636527,0.0034709222255248163,0.02027320634640181
387.84903160546025,0.5253321760452423,0.3692585673550201,0.081651594996086,0.003622061976168478,0.02013559962780272
388.0492634235323,0.5256655128192492,0.3704769225041316,0.08060213538357783,0.003907762702343385,0.019347666591015902
388.2494952416043,0.5229605839223319,0.3706416106679433,0.08203093838967444,0.003359328594786753,0.02100753842558276
388.44972705967626,0.5240194649684458,0.3715299272901214,0.08048596074515538,0.0035886292990891305,0.020376017697510854
388.64995887774825,0.5244269122164456,0.37279946562966776,0.07947116892154983,0.0039003383336046467,0.019402114899055415
388.8501906958203,0.5216760490544036,0.3729422994233748,0.08102031147400873,0.003297734608378902,0.02106360544016062
389.0504225138923,0.5227380064906381,0.3741028179876745,0.07958219594986927,0.0035296774851975234,0.020047302086947584
389.25065433196426,0.5230426626819146,0.37524359835704757,0.07846683694291985,0.0037894038108914983,0.019457498207554533
389.45088615003624,0.5213748756642834,0.37588902682041436,0.0791048142265503,0.003463150108272279,0.020168133180809563
389.6511179681083,0.5204416821913503,0.37629257054404036,0.0790386685800892,0.003277062147697613,0.02095001653715234
389.85134978618026,0.522039192823271,0.3776911037698853,0.07697139431393146,0.0038226659742390022,0.019475643119001847
390.05158160425225,0.5198755077842787,0.3781537811521302,0.07799276756555797,0.0034459390423178748,0.020532004456045996
390.25181342232423,0.5191247314345293,0.37850076646410824,0.07796121353427432,0.00322677127388933,0.021186517293528634
390.4520452403963,0.5207168243304723,0.38000148378750004,0.07603385903304782,0.0037531941921702472,0.019494638657141596
390.65227705846826,0.5186543326226445,0.38048273557880213,0.0769705735363444,0.0033777175440292085,0.020514640718513267
390.85250887654024,0.5183125420554339,0.3812673511055159,0.0766576664829677,0.003267306280625362,0.020495134075792124
391.0527406946122,0.5190443054705907,0.38234965813176824,0.07518350583813663,0.003566111343589754,0.019856419216252034
391.25297251268427,0.5182754357180962,0.38327684509789056,0.07506958643050556,0.0035247419046549942,0.019853390849191074
391.45320433075625,0.5161321120937415,0.3834039704888788,0.07600241725814431,0.00309344178633714,0.02136805837323806
391.65343614882823,0.5178505820610612,0.384613982254541,0.07390806687914132,0.003541635436869528,0.020085733368728168
391.8536679669002,0.5171337892222272,0.38555371010649886,0.07381998497423005,0.0035438360902698973,0.019948679607116947
392.05389978497226,0.5148266150970413,0.385575942585248,0.07499923990971906,0.0030282634459415235,0.02156993896239382
392.25413160304424,0.516547501711615,0.3869886685747153,0.07305653295313508,0.003455614209021098,0.01995168255185616
392.4543634211162,0.515926545908462,0.3879084226692978,0.07278544303971463,0.0034644463199377425,0.019915142062929717
392.6545952391882,0.5144656794467902,0.3884630768459704,0.07328993256315909,0.003146379333138338,0.020634931811282037
392.85482705726025,0.5145413913934899,0.38918474072787046,0.07239863567191676,0.0032145665454516754,0.020660665661612808
393.05505887533224,0.5152301426655569,0.3904540778761484,0.0711195328813184,0.0035425699588396437,0.019653676618479655
393.2552906934042,0.5127423465885682,0.39063155464076216,0.07233968923271505,0.0030771270224137985,0.021209282515883384
393.4555225114762,0.5132687416749029,0.3913249089549952,0.07127279082168969,0.0031636159383959307,0.020969942610359872
393.65575432954824,0.5141119689034188,0.39269037177332616,0.0699921617455054,0.0035272092789693774,0.019678288299124037
393.85598614762023,0.5114885253502325,0.3928033665089817,0.07137287125041575,0.003004161705418489,0.02133107518529391
394.0562179656922,0.5122582970127719,0.3938630863763286,0.07023516099479625,0.003139246189699119,0.020504209426747234
394.2564497837642,0.5127579983190743,0.3950092314270438,0.06903053912669524,0.003404058548400738,0.019798172579129872
394.45668160183624,0.5112809793882797,0.39564499145360227,0.06949871496279365,0.0031457158177856147,0.02042959837788234
394.6569134199082,0.5101154644073115,0.39594011211352825,0.06963826211819668,0.0029242787109802605,0.02138188265032852
394.8571452379802,0.5117580625143872,0.39730892249080346,0.06763600759194086,0.003408275504414472,0.01988873189880034
395.0573770560522,0.5100600629793103,0.39785153292422154,0.06829318654520027,0.003152815303252464,0.020642402248360454
395.25760887412423,0.508803520458451,0.3979953285703648,0.06863442469290153,0.0028582205117885476,0.02170850576683958
395.4578406921962,0.5105486861205336,0.39952630942140244,0.06671255891650235,0.003341585662689393,0.01987085987921964
395.6580725102682,0.5088862075030822,0.4000559834057359,0.0673164819205418,0.0030801348297615806,0.020661192341224738
395.8583043283402,0.5082467347098127,0.4007146326409825,0.067235264827394,0.002918343218810684,0.020885024603347374
396.0585361464122,0.5088888835600227,0.40172188976974826,0.06592875237785382,0.003151048651552962,0.0203094256411714
396.2587679644842,0.5084847967728073,0.4026946095062813,0.065559324090236,0.0031902156274370166,0.02007105400358542
396.4589997825562,0.5063269640912917,0.4027696544285625,0.06647952702491794,0.0027926006613498964,0.021631253794226334
396.6592316006282,0.5077079347416344,0.4038289480892243,0.06474822865461015,0.0031097369126730895,0.020605151602207036
396.8594634187002,0.5074896792546109,0.404875217308386,0.06432996494087631,0.0032116298620811713,0.02009350863439367
397.0596952367722,0.505015243007555,0.40477954485201456,0.06557079815083916,0.0027174452315336813,0.021916968758403894
397.2599270548442,0.5065827308339442,0.4061292699756175,0.06386559492860959,0.003049718280188187,0.020372685981987944
397.46015887291617,0.5063149538163012,0.40709589845242866,0.06336304255224423,0.0031283070939708765,0.020097798085402827
397.6603906909882,0.5047941221084264,0.4075699532510665,0.06388665681293829,0.0028289078049382557,0.020920360022978216
397.8606225090602,0.5046343559360719,0.40816986732264315,0.06325240042187306,0.0028311670080076574,0.021112209311753036
398.0608543271322,0.5055692542633627,0.4094632694993503,0.06186759896140528,0.0031729692957888694,0.019926907980441173
398.26108614520416,0.5033558205285088,0.40966747268001713,0.06286224195951294,0.0027977696902934694,0.021316695142016076
398.4613179632762,0.5033496098279799,0.41013474175974957,0.062241291423396135,0.0027678087034808505,0.021506548285742527
398.6615497813482,0.5045145186867362,0.4115767551014815,0.060825400381951195,0.00315245962816005,0.0199308662020195
398.86178159942017,0.5021148530900661,0.4116850166272241,0.06199005982897766,0.002722715212241231,0.021487355241839215
399.06201341749215,0.5025545101829298,0.4126099679502471,0.06115758301591031,0.0027732587629503017,0.020904680088310215
399.2622452355642,0.5031564169957037,0.4137348400771868,0.059967769983084604,0.003024256355854034,0.02011671658851912
399.4624770536362,0.501904599610345,0.4143693410543649,0.06026829903352519,0.0028388277859402533,0.020618932516171452
399.66270887170816,0.5005673803772386,0.41455972348841097,0.060555186965381626,0.0026033145045759754,0.021714394664741447
399.86294068978015,0.5021245062581396,0.4158494653774691,0.058733477497790246,0.003008219251053433,0.02028433161589359
400.0631725078522,0.5008746545230902,0.4164794630007051,0.059084822800640716,0.0028638564360828262,0.02069720323982891
400.26340432592417,0.4992171123644258,0.416424838217541,0.05969215631284241,0.0025289951702218306,0.022136897935317628
400.46363614399615,0.5009972455223999,0.4179506399237959,0.057883017504821624,0.0029522213802794482,0.02021687566905092
400.66386796206814,0.49972309386481767,0.41853617996759784,0.0582082729863774,0.002793967466366175,0.020738485715190373
400.8640997801402,0.498821374272485,0.41905611792988984,0.05831464125020439,0.002599812458093122,0.02120805408967827
401.06433159821216,0.49932957239744297,0.4199653471415842,0.057216666119659705,0.0027693762292426358,0.020719038112421047
401.26456341628415,0.49923929066023043,0.42097752621802403,0.056669895757826876,0.0028727657788705945,0.020240521585399286
401.46479523435613,0.4971362341720805,0.42101509342869403,0.05753628540718628,0.002520883920605281,0.021791503071785116
401.6650270524282,0.49811343632762,0.42187686903147986,0.056197791397566615,0.0027170442605054415,0.02109485898317992
401.86525887050016,0.49830734619014216,0.4230234405107599,0.055559708531887166,0.002894106180647068,0.020215398586915782
402.06549068857214,0.4957922415547208,0.42283868779158323,0.05677564569679776,0.002444498888398501,0.02214892606885239
402.2657225066441,0.49712645431828556,0.42408476397336714,0.0553508024018064,0.0026852166561797375,0.020752762650713213
402.46595432471617,0.49712657094537166,0.42508292120248775,0.05472152044339874,0.0028118886674051375,0.020257098741688413
402.66618614278815,0.4956051393801319,0.4254846813998635,0.055232172004554964,0.002545305782767888,0.021132701433033425
402.86641796086013,0.49522930975712337,0.42595639416858205,0.0548275381522494,0.002499105613820953,0.02148765230857689
403.0666497789321,0.4962956357534616,0.42723986636508365,0.05345038939295231,0.0028325758056198026,0.020181532683235595
403.26688159700416,0.4943803633171669,0.4274856496388223,0.05423935188501281,0.002546745989610311,0.02134788916974014
403.46711341507614,0.49388193158803395,0.42771020927401876,0.05399870642247105,0.002429087180699527,0.021980065535131318
403.6673452331481,0.495253538511877,0.42920444117361023,0.052561868106543466,0.0028119384087771384,0.020168213799547228
403.8675770512201,0.4931308985500174,0.4293335904505709,0.05351122769719401,0.0024773596890168377,0.021546923613555775
404.06780886929215,0.49322891159241145,0.4300964738941396,0.05296239889525295,0.002458475140265546,0.021253740478285973
404.26804068736413,0.49385500431312807,0.4311754813900996,0.0518655782170131,0.0026851972277023607,0.020418738852411772
404.4682725054361,0.49283673109301385,0.43181894709609203,0.05202684085131219,0.0025709198957317076,0.020746561064205443
404.6685043235081,0.49138357135360927,0.4319146869948041,0.05241448478468253,0.0023359605911380667,0.021951296276120302
404.86873614158014,0.4927519768581494,0.4330751205947604,0.050845733482086625,0.0026565750894675445,0.020670593975888992
405.0689679596521,0.49190367963015474,0.43379854588513866,0.050970987017668744,0.002609011762740265,0.020717775704650374
405.2691997777241,0.4899581389873329,0.43356513309393935,0.051749151814088734,0.0022607030577612873,0.022466873047229087
405.4694315957961,0.49167163430185473,0.43504686238699514,0.05012377011122337,0.00261761361105982,0.02054011958921883
405.66966341386814,0.49074073126059276,0.4356916127891966,0.05024917055828823,0.002547114816166406,0.02077137057610723
405.8698952319401,0.4896240576140214,0.4360710223989365,0.05049988839458768,0.002336585671273086,0.02146844592153235
406.0701270500121,0.4899751248326014,0.43686638528419447,0.04962256742378062,0.0024512526862163373,0.021084669773559217
406.2703588680841,0.49012806554628807,0.43790647672645383,0.04898340967755466,0.002602647607732758,0.020379400442324568
406.47059068615613,0.4881258286550767,0.4379244265134166,0.049785334272340304,0.002300782256839557,0.021863628302681473
406.6708225042281,0.4886748195020038,0.4385521604016634,0.04882525205120558,0.0023928628059909675,0.0215549052394918
406.8710543223001,0.4891847113459375,0.43978902436631323,0.04807198516715391,0.002624375704214543,0.02032990341673794
407.0712861403721,0.4867265512336316,0.43955082274709695,0.0492195108973875,0.0022304173091904967,0.022272697813052102
407.2715179584441,0.48777344680971846,0.4406552714367143,0.048082428110072344,0.0023888108118841787,0.02110004283196997
407.4717497765161,0.48795493379333854,0.44166817016911036,0.047419210906972584,0.0025467564725082407,0.020410928658430794
407.6719815945881,0.4864791669787128,0.44201374491033496,0.04790634409785835,0.002320838925634589,0.021279905087821186
407.8722134126601,0.4859138964004011,0.44235889236439546,0.0476975402147823,0.0022405686980832,0.02178910232269974
408.0724452307321,0.4870058620415778,0.44359313733533823,0.046414721598447596,0.0025523029569237492,0.020433976068071718
408.2726770488041,0.48538326053571285,0.4438959360809271,0.047043936755168665,0.0023498108597193486,0.02132705576883187
408.4729088668761,0.48445912555953713,0.44387797362577297,0.047107349671054184,0.002169170867862298,0.022386380276134377
408.67314068494807,0.48593251906236623,0.44539531963383316,0.045733723706098496,0.002537363617127879,0.020401073980936144
408.8733725030201,0.48409959648604833,0.4455692489222623,0.046505829941226984,0.0022917265682247095,0.021533598082601614
409.0736043210921,0.48386657351684637,0.4461526167688409,0.04620504097938306,0.00221747355853266,0.02155829517676103
409.2738361391641,0.4844587577693845,0.4471656767288206,0.04524865106214203,0.0024170732076099753,0.020709841232406902
409.47406795723606,0.4836586531242904,0.4478277833680783,0.0453161261943539,0.0023683512848509634,0.02082908602879049
409.6742997753081,0.4821342592714653,0.44784462728999935,0.045776554132969854,0.002141462247758242,0.022103097058171668
409.8745315933801,0.48324428744689574,0.44882931349081057,0.044489423773232145,0.0023814546050372784,0.02105552068438972
410.07476341145207,0.48273312475136076,0.4496503292416474,0.0444723490582438,0.0024169481152063505,0.020727248833906364
410.27499522952405,0.48060417628163327,0.4492709724052444,0.04535468625412393,0.002071173409826592,0.022698991649537925
410.47522704759604,0.48217163267726076,0.4506683081251684,0.0439453150672196,0.0023638036039438253,0.020850940526774407
410.6754588656681,0.4815195151865283,0.4513719301460587,0.04395456135039021,0.002366020873809466,0.020787972443580126
410.87569068374006,0.48023815154440835,0.45162072323576674,0.0443180595937286,0.0021499825934019117,0.021673083033061348
411.07592250181204,0.4804251112120795,0.45229453097712635,0.04365234420992021,0.002219509029524764,0.021408504571716967
411.27615431988403,0.48074322791597535,0.4533449223266022,0.042996063172338936,0.0024065140913913166,0.020509272494061023
411.47638613795607,0.47886465657782185,0.4533637511480463,0.0437486568988054,0.0021532569482228215,0.02186967842747414
411.67661795602805,0.47899514568283713,0.45373536975500744,0.043125717207884336,0.0021585328423470284,0.021985234512294262
411.87684977410004,0.47972735804768896,0.4550482398681485,0.04234006527857853,0.002431137063681273,0.020453199742272336
412.077081592172,0.47738908987939754,0.45479575636150693,0.04341643546253521,0.0020941142939587733,0.02230460400297
412.27731341024406,0.47811953935848434,0.4557266666273688,0.042548785411951964,0.0021806186672775367,0.021424389935285712
412.47754522831605,0.47840615758381777,0.45673833126762214,0.04192001158667859,0.002359816873035249,0.020575682689213632
412.67777704638803,0.4770050818824304,0.4570496164981317,0.04239316671423094,0.002177203771931166,0.021374931133643554
412.87800886446,0.47627723077459616,0.4572773665082509,0.042349683851133364,0.002072107819277605,0.02202361104710884
413.07824068253205,0.4773087198086019,0.45842080376304245,0.04121280601597912,0.002356797504181298,0.020700872908561884
413.27847250060404,0.47595169874577875,0.458796182478433,0.04173995980237076,0.0022302927301592777,0.021281866243625745
413.478704318676,0.4746787381088462,0.45855313426329686,0.04204141695410944,0.0020031580817759524,0.022723552592338093
413.678936136748,0.47616691325199656,0.4600603928601083,0.04077776981705617,0.0023529393319297203,0.02064198473927559
413.87916795482005,0.47460477101684856,0.46029971398832153,0.041430375027582754,0.0021868989847731277,0.021478240982841026
414.07939977289203,0.47406633810083165,0.46069834895880346,0.04134184706201692,0.002067151501778754,0.021826314376937234
414.279631590964,0.47458696480133955,0.4616316595447523,0.040543887721321385,0.002241902170238303,0.020995585762716797
414.479863409036,0.4739726785370534,0.4623192094205604,0.04056690046914502,0.0022529257851367037,0.020888285788473192
414.68009522710804,0.4724078240178379,0.4622775975661823,0.04109211953101087,0.002035509125376046,0.022186949759962386
414.88032704518,0.4732227298850055,0.46304870920167435,0.04008068977047168,0.0022021286205255986,0.02144574252269307
415.080558863252,0.47297856772359914,0.4639688924311491,0.0399923774579952,0.0023115799282758423,0.020748582459353133
415.280790681324,0.47075099902444106,0.4634866234333798,0.04094757415410437,0.001974139041470742,0.022840664346976725
415.48102249939603,0.47211668387218736,0.464760456201468,0.039753303336018626,0.002208237296025043,0.021161319294675036
415.681254317468,0.4716739121557619,0.46552006803982454,0.039717365705622155,0.0022723973025882607,0.02081625679657546
415.88148613554,0.47027346134801645,0.4656592527978726,0.04017945942760679,0.0020562508406280337,0.021831575586246786
416.081717953612,0.47029934234987764,0.46621200391278755,0.039704401039686886,0.0020886636018909357,0.02169558909612823
416.281949771684,0.47070888538219074,0.4672495704934732,0.03908378050042972,0.002304389670223893,0.02065337395405396
416.482181589756,0.46895728628943284,0.46729176351366786,0.039818411888196584,0.002095673808317455,0.021836864500756656
416.682413407828,0.4687012803190106,0.4674023388677083,0.03948445712946541,0.0020265340405714962,0.022385389643616173
416.8826452259,0.4695746303064288,0.46877226802472943,0.038716504015298546,0.0023352191408800424,0.02060137851303564
417.082877043972,0.4673862438072965,0.4685449983168738,0.03974790503823566,0.002050952559173357,0.022269900278791836
417.283108862044,0.46779140006081305,0.46927974503312014,0.039119897264436675,0.0020729458012919994,0.02173601184071033
417.483340680116,0.46812433463314845,0.47027705775712597,0.038563677343294356,0.0022698705253696065,0.020765059741432675
417.68357249818797,0.4668100900417132,0.4705789151836481,0.03904478312113833,0.002130678330982322,0.021435533322888566
417.88380431626,0.46594191024036063,0.47070489469146476,0.03914568207064315,0.0020043258022387476,0.02220318719566451
418.084036134332,0.46685168146364847,0.4717175532790987,0.0381721681416466,0.002261518425053715,0.02099707869092405
418.284267952404,0.4657213289208526,0.4721805179852121,0.038651245969977016,0.0022062787474955658,0.021240628376834974
418.48449977047596,0.46417326223926697,0.4717455887676753,0.03914853786020877,0.0019397831793929814,0.022992827953830012
418.684731588548,0.46561072254830754,0.4732067520824584,0.03800520053175924,0.002272988402261092,0.020904336435588648
418.88496340662,0.4642813818967234,0.4735281199572518,0.038596461382136515,0.0021788969286300154,0.02141513983563269
419.085195224692,0.4634701893905703,0.47375017929163643,0.038695595637398814,0.0020177849583265127,0.022066250722444284
419.28542704276396,0.46389903134254673,0.47459703494842387,0.03805053325407782,0.0021718301065381538,0.021281570348789962
419.485658860836,0.46343045547151496,0.47531218706110584,0.03806854323330775,0.0022395461533769056,0.020949268081070185
419.685890678908,0.4618423093057642,0.4752362441386031,0.03866694013179793,0.002028997991766917,0.02222550843244508
419.88612249697997,0.46235183746648895,0.47576872558536926,0.03790623411282035,0.0021276446804300475,0.021845558155268542
420.08635431505195,0.4623099040752671,0.47678616177713257,0.037791908607247814,0.0023089531558618324,0.020803072384867432
420.286586133124,0.46004399337115975,0.4762503526564623,0.03881984936129171,0.001978726112256628,0.022907078499206195
420.486817951196,0.46117315904887596,0.4773657920819288,0.037819041692328206,0.0021586602300263493,0.021483346947217697
420.68704976926796,0.4608774276579333,0.4781774924394098,0.03778393646233303,0.0022801254057606473,0.020881018034941527
420.88728158733994,0.459394329223542,0.4782371730404802,0.03834672812641468,0.002065432250199479,0.021956337359741805
421.087513405412,0.4592662590098596,0.47867673874547023,0.03803828362209688,0.002064901291924804,0.02195381733102709
421.28774522348397,0.45970655302412533,0.47967458100802257,0.03747775329222706,0.0023070856457312497,0.020834027030272293
421.48797704155595,0.4580719752523472,0.4797638760904365,0.03822977621928706,0.002139694188355381,0.021794678249951814
421.68820885962793,0.45747118864781555,0.47962641590049804,0.03814677475055877,0.0020009178386012566,0.02275470286290492
421.8884406777,0.4584230536209525,0.4810297306471909,0.03741037338968927,0.0023471180426574926,0.020789724299888773
422.08867249577196,0.4563890441840247,0.48086484052142514,0.03843452879121481,0.0021110218084855557,0.022200564695229873
422.28890431384394,0.45647347914350284,0.4813926284166805,0.03801977986398016,0.002069896904098088,0.022044215672120858
422.4891361319159,0.45681376068853685,0.48236675618087194,0.03754455426912966,0.0022854108594734576,0.02098951800237004
422.68936794998797,0.45558595716663625,0.48268391457214715,0.03805621324148103,0.0021905454626527524,0.021483369557464174
422.88959976805995,0.4545927811352733,0.4827288657501515,0.03829244915041068,0.0020416182084806033,0.022344285756064723
423.08983158613194,0.4553437791650794,0.4835765520256519,0.03747460447763539,0.002271076239973953,0.021333988092041126
423.2900634042039,0.45439957384603025,0.48414056878701517,0.03794200335725096,0.002288109371818616,0.021229744638267253
423.49029522227596,0.4526382739822114,0.4835596352766603,0.03862029257288115,0.0019819100915795633,0.023199888077049716
423.69052704034794,0.4539800772878724,0.48493778732369136,0.037580172683798714,0.0023008234339553244,0.021201139271064658
423.89075885841993,0.4528397463829751,0.4853540266390264,0.03815213252307003,0.002276218466243239,0.02137787598906611
424.0909906764919,0.4517887917439005,0.4854207218701241,0.03843102688035122,0.0020726839872325146,0.022286775518772756
424.29122249456395,0.45211794105658654,0.4861813084898898,0.037918281882896226,0.002208926607947356,0.02157354196306085
424.49145431263594,0.451756394799705,0.4869207620568746,0.03795061947163523,0.002334226525504342,0.02103799714666129
424.6916861307079,0.45015146707511206,0.48683729835130474,0.03863966014119596,0.0021267638126043105,0.022244810620163848
424.8919179487799,0.4503622457664055,0.48712169658076626,0.0381025340271425,0.0021571124355980993,0.022256411190466986
425.09214976685195,0.4504714148614071,0.4882300208622465,0.03797427410946166,0.002414990385371397,0.02090929978189294
425.29238158492393,0.44820460048998595,0.4876923543057045,0.039093450579322675,0.0020886987747916895,0.022920895850576002
425.4926134029959,0.44907769163279965,0.4886217219013561,0.03825978145465402,0.002213131201140415,0.021827673810430447
425.6928452210679,0.44888188030994086,0.4894820585322179,0.03824125289810546,0.0023930135931504305,0.021001794666967187
425.89307703913994,0.44734289524383536,0.48949839551501517,0.03891560175932607,0.0021806284525578644,0.02206247902964904
426.0933088572119,0.44706754243804625,0.4898386009439394,0.03875350959695743,0.002146635174161949,0.022193711847277493
426.2935406752839,0.4474951273839019,0.4907687306104668,0.03825136068561324,0.002414561216394213,0.02107022010400809
426.4937724933559,0.44596203971109877,0.49092920379190186,0.039047461799995534,0.0022894744274726893,0.02177182026991641
426.69400431142793,0.4450577153936088,0.49057346176295163,0.03919718876054165,0.002078573863273685,0.023093060220008982
426.8942361294999,0.44604541711961737,0.49198217659020027,0.038474672601973396,0.002465831493409096,0.021031902195184075
427.0944679475719,0.4441554338133293,0.4919126795118215,0.03952281777633522,0.0022774173806341808,0.022131651518262088
427.2946997656439,0.4439301048737403,0.492235995292102,0.03930957403001304,0.0021678228677600563,0.02235650293676755
427.4949315837159,0.44425693006229783,0.4931829258399967,0.038899844297239236,0.002404043626129277,0.021256256174721034
427.6951634017879,0.44310935828757997,0.49353716217355453,0.03945321830687593,0.0023578677196527333,0.02154239351272184
427.8953952198599,0.4419997018701938,0.49352553760240725,0.039826228898598624,0.0021819352919313305,0.02246659633725585
428.0956270379319,0.44257368635542943,0.4941835894125545,0.03914513359914302,0.00237923907729406,0.02171835155596631
428.2958588560039,0.4417824541708307,0.4948593380281509,0.03960978374610737,0.0024766054127112556,0.021271818642586246
428.4960906740759,0.439855052366947,0.4941868034823483,0.04047544794164303,0.002126903740916921,0.023355792468532338
428.6963224921479,0.44107193298621644,0.4954464615063077,0.03950901012691929,0.002428947125796109,0.02154364825514922
428.89655431021987,0.4400822565504424,0.4959672249822508,0.04007700930408986,0.0024779242412526926,0.021395584922352037
429.0967861282919,0.4388212283200165,0.49591106564449505,0.0405425399157856,0.0022283688982392418,0.022496797221851904
429.2970179463639,0.4390493659176614,0.49659137497648426,0.04013563330604634,0.0023461550685392432,0.021877470731656544
429.4972497644359,0.4387644136577133,0.49734666025177626,0.04017757351293818,0.002532773945777684,0.02117857863218364
429.69748158250786,0.43714328320300994,0.49728417039350703,0.04097443930841435,0.002326560007282274,0.022271547088176434
429.8977134005799,0.43706909402470123,0.4973277044187821,0.04064485652546677,0.002281374900095235,0.02267697013134498
430.0979452186519,0.43729605977116304,0.49851529688389573,0.04048178197829065,0.00262444267635971,0.021082418690681094
430.29817703672387,0.435049289149262,0.49802614207531876,0.04171261243704631,0.002301592864735524,0.0229103634740267
430.49840885479585,0.4356548584152753,0.4987515116642086,0.04103035129660618,0.002361122742891126,0.022202155881407525
430.6986406728679,0.4355303695140314,0.49965848827470777,0.0410153248973146,0.0026039610777018425,0.021191856236634752
430.8988724909399,0.4339556142243824,0.49967012037570935,0.04180933531103221,0.002397628580704773,0.02216730150856223
431.09910430901186,0.43353650721645826,0.4999290336402422,0.041781278937969825,0.002325333841725777,0.02242784636399277
431.29933612708385,0.43392437322180755,0.500765531854705,0.041318730359690456,0.0026156851831014693,0.02137567938108149
431.4995679451559,0.4324794067986107,0.5010204408133563,0.042166113991311864,0.0025405063278490176,0.021793532069256497
431.6997997632279,0.4313065482215732,0.5004900183757345,0.04255064294588619,0.0022507217135432356,0.023402068743643614
431.90003158129986,0.4323041249835631,0.5018728036102802,0.04180490958479098,0.0026791003878518607,0.02133906143389755
432.10026339937184,0.43054402226689187,0.5019266257005331,0.04288748996554496,0.0025448514301180075,0.022097010637297267
432.3004952174439,0.4300211299933331,0.5020613541386679,0.04288292767381299,0.002356442373082446,0.022678145821488613
432.50072703551587,0.4303272779935156,0.5029814720807044,0.04250824822627651,0.0026134728997142423,0.021569528800174525
432.70095885358785,0.42925473800807895,0.5033895207876165,0.04309433906373198,0.002624737231832504,0.02163666490912406
432.90119067165983,0.42803235905068865,0.5033481603246646,0.04361162806395328,0.002416685748414674,0.022591166812662912
433.1014224897319,0.4284221750878818,0.5038041603044568,0.043051317047177136,0.0025706248617502494,0.022151722699117398
433.30165430780386,0.42776426895056313,0.5045981467863193,0.04349073997393859,0.0027623442395200357,0.02138450005004252
433.50188612587584,0.42570541774207127,0.5038924258945383,0.04455840511790731,0.0023667675732642855,0.0234769836726031
433.7021179439478,0.4267765180581117,0.5050020463354887,0.04364087152322339,0.0026405388785430274,0.021940025205015496
433.90234976201987,0.42591209533761865,0.5056346261182528,0.044190218008193345,0.0027727763176706595,0.021490284218646058
434.10258158009185,0.4244673870102369,0.5054965111538987,0.04485539688412978,0.0024751099753276048,0.022705594976791612
434.30281339816383,0.42459459737315636,0.5061066577888818,0.04453021220960517,0.0025690440039304176,0.02219948862481092
434.5030452162358,0.4243670309161313,0.5068654157081157,0.044556319383262315,0.0028204893496456963,0.02139074464322714
434.70327703430786,0.4227299241661601,0.5068530144843059,0.04546824032415752,0.002618561318323824,0.02233025970743546
434.90350885237984,0.4223844691985863,0.5066787761212868,0.04534745807627234,0.0024854251972638696,0.02310387140697241
435.1037406704518,0.4227132223066487,0.5079283150800599,0.04510361394175973,0.0029211817382946525,0.02133366693362021
435.3039724885238,0.4204995378348879,0.5075339108918433,0.0464525054739353,0.002607979766705718,0.02290606603301016
435.50420430659585,0.42082803761086707,0.5080488187051749,0.04592672747074398,0.0025854987441564455,0.022610917469442104
435.70443612466784,0.42076374458327387,0.5090021610376392,0.0458802022158099,0.0028957506621268207,0.021458141501535525
435.9046679427398,0.4191717376616895,0.5090466515145103,0.04678749668537873,0.002704870781722963,0.022289243357083016
436.1048997608118,0.4186085445047599,0.5092448712666581,0.04689030042742045,0.002586462438855568,0.02266982136269116
436.3051315788838,0.41894157302589663,0.5099669308320652,0.046444214520526925,0.0028896396521653047,0.021757641969731255
436.50536339695583,0.41758000418393554,0.510337307928103,0.04732362631697661,0.002879348206798579,0.021879713364572617
436.7055952150278,0.41616649498053443,0.5096855817944685,0.04795759200822631,0.0025041718031753057,0.0236861594139828
436.9058270330998,0.4171579173886334,0.5110092443235844,0.04714889715741621,0.0029650119290409163,0.02171892920171313
437.1060588511718,0.41551885752382506,0.5112090152336174,0.04824779888821636,0.0028989780443338014,0.022125350310393796
437.3062906692438,0.4147100009116652,0.5111832134270636,0.04847416547378692,0.002620355928202252,0.023012264259667736
437.5065224873158,0.41499574970266595,0.5120800452696418,0.04809944982013344,0.002893646529245143,0.021931108678698002
437.7067543053878,0.4139989201741739,0.5125524856902987,0.04868651498031343,0.002974184906636115,0.021787894248959574
437.9069861234598,0.4126662151645992,0.5125094380893804,0.049355236034057885,0.0027309716575291466,0.022738139054817075
438.1072179415318,0.4128683601109531,0.51276446545639,0.04891291869192981,0.002823647206361766,0.022630608534747045
438.3074497596038,0.4123399647166339,0.5136776681344322,0.04927627020780813,0.0031261186409583283,0.0215799783005498
438.5076815776758,0.4101774684598534,0.5129969334660007,0.05055345673097669,0.0026881562787694603,0.023583985064781335
438.70791339574777,0.4110828111218385,0.5139312556253776,0.049679679384486024,0.0029120163710576056,0.022394237497623617
438.9081452138198,0.41033425913951754,0.5146811776370223,0.05016921177230542,0.0031397906981201645,0.021675560753417325
439.1083770318918,0.4087320398265291,0.5145067949178562,0.05104066504551262,0.002797663078296679,0.022922837132187724
439.3086088499638,0.40875597403350705,0.5150590851809391,0.050781704645241864,0.0028576266684565707,0.02254560947223874
439.50884066803576,0.40857674335668015,0.5158069933076403,0.05075515238661073,0.00317318171046505,0.02168792923898694
439.7090724861078,0.4069290036803818,0.5158732345834095,0.05177119029335447,0.002985585206452253,0.022440986236782742
439.9093043041798,0.40632265143743984,0.515517738103742,0.05187580885475285,0.0027508366176291848,0.02353296498681808
440.10953612225177,0.4067495908293046,0.5168062462574846,0.051494352908893704,0.0032797845485801336,0.02167002545611869
440.30976794032375,0.4045824760719171,0.5165468456832492,0.052942476004192905,0.0029911450924525584,0.022937057148569237
440.5099997583958,0.40462283030835156,0.5168569424334788,0.05260123638945031,0.002864995822300185,0.02305399504680109
440.7102315764678,0.4046206359736111,0.5178575446891457,0.05247665336350558,0.0032432902729125817,0.02180187570120739
440.91046339453976,0.40303329485583944,0.5179683400672682,0.05346828939801955,0.003083769867682911,0.02244630581157221
441.11069521261174,0.4023228545122184,0.5181275044702344,0.053706247399410004,0.002910544111046652,0.022932849507470855
441.3109270306838,0.4025915211418697,0.5187218043000443,0.053261419912608264,0.00320884526346748,0.02221640938239054
441.51115884875577,0.4013213052323059,0.5192248734779362,0.05412553881125746,0.0032843515630795656,0.022043930915800758
441.71139066682775,0.3996909940729241,0.5185104036152937,0.055023373757236725,0.002822192772531209,0.023953035782393245
441.91162248489974,0.40066169192855083,0.5197417305134981,0.0541268040244058,0.0032947743500767713,0.02217499918384787
442.1118543029718,0.39914578779107585,0.5201049911493215,0.05519501478992754,0.0033167767500244284,0.022237429520032197
442.31208612104376,0.39806368177844564,0.5199565435713457,0.055678855038783066,0.0029406316460331883,0.02336028796577226
442.51231793911575,0.3983305700155917,0.5208349595078985,0.055274243069696104,0.003219486875611903,0.022340740531582238
442.71254975718773,0.3974176348901047,0.5213760930398905,0.05581215033784098,0.003380958902902511,0.02201316282964171
442.91278157525977,0.3959797023125952,0.5213595810873831,0.056631876176617024,0.0031043121646989378,0.02292452825908488
443.11301339333176,0.39598934325036556,0.5214278677530416,0.05632151538599838,0.0031139473456259876,0.023147326265347858
443.31324521140374,0.3956004958786678,0.5224546051167207,0.0565394171419105,0.0035405217325472963,0.02186496013053581
443.5134770294757,0.39336203520438495,0.5218532565240107,0.058013305955383294,0.0030724899892547028,0.023698912327350725
443.71370884754776,0.39407695655876596,0.5225951871580345,0.05720619764150283,0.003216277940941915,0.022905380701138175
443.91394066561975,0.39344972418363955,0.5234663126200559,0.05757715989523852,0.003550258340218091,0.02195654496123196
444.11417248369173,0.39172044521613897,0.5233023732354877,0.05864280906148702,0.0031761000780386414,0.023158272409232288
444.3144043017637,0.39163428110220533,0.5238094654080219,0.05844667554550939,0.0031883816794054864,0.02292119626524365
444.51463611983576,0.3915003717669202,0.5245323610942346,0.05833150471255619,0.0035596021988606613,0.022076160227815812
444.71486793790774,0.3898568553805229,0.5247039186749004,0.05941741999994719,0.0034041060883688037,0.022617699856646016
444.9150997559797,0.3889974462194785,0.5242134738960624,0.05977075343853142,0.0030576691823767624,0.02396065726393601
445.1153315740517,0.38952340790379625,0.525512898145665,0.059201477220269756,0.003668232174831662,0.022093984555824484
445.31556339212375,0.387422962194919,0.5254217949560765,0.06070049426562609,0.0034274570404263798,0.023027291543338716
445.51579521019573,0.387162955979244,0.52554440476879,0.06058829203375612,0.003176744265552239,0.02352760295304302
445.7160270282677,0.3872313111699603,0.5265930687830459,0.06033925990832726,0.0036167926292897485,0.022219567509761565
445.9162588463397,0.3856770235362221,0.5267972896471541,0.061361993039027604,0.00350950455927335,0.022654189218707252
446.11649066441174,0.38481575434263976,0.5269389303447828,0.06174272241991315,0.003274421205113015,0.02322817168793652
446.3167224824837,0.38501036703011465,0.5274009642656572,0.06130012147184262,0.003542869157163062,0.022745678075607866
446.5169543005557,0.3838528638386493,0.5280485113169421,0.0620780679138654,0.003727313490300964,0.02229324344062572
446.7171861186277,0.38203079390681605,0.5273305716541615,0.06324047094290446,0.003185086817808704,0.024213076678693754
446.91741793669974,0.382959796140529,0.5284383186762552,0.06225963264005018,0.0036363120287983366,0.02270594051475235
447.1176497547717,0.3815817519185474,0.5289777949324543,0.06322753022440088,0.0037681758956341843,0.02244474702934877
447.3178815728437,0.38024453907436795,0.5287513238972571,0.0639853636070837,0.0032962043984688548,0.023722569023209048
447.5181133909157,0.38049010632984775,0.5296155658621094,0.06353417327304382,0.0035636745443495673,0.02279647999103425
447.7183452089877,0.3796749806699206,0.5302240932878639,0.06396435412156366,0.00381333438421823,0.022323237536818183
447.9185770270597,0.37814365385798565,0.5302615803179733,0.06492037942082472,0.003511917532523074,0.023162468871077875
448.1188088451317,0.3779531572564223,0.5301687315805749,0.06476920218413248,0.0034174854464094767,0.02369142353284264
448.3190406632037,0.3777219433893987,0.5312959121149082,0.06476871247195909,0.003972466937383868,0.022240965086729455
448.5192724812757,0.3754407925198776,0.530822015596091,0.06639838871984587,0.003496415575300723,0.023842387589264935
448.7195042993477,0.37593404899909205,0.5313638508259364,0.06570845562003272,0.0035260898111894316,0.02346755474412965
448.9197361174197,0.3754438641136698,0.5323578681306335,0.0658964884100417,0.003970933927128552,0.022330845418906443
449.1199679354917,0.3736261807129051,0.5322486348723404,0.06711744919428321,0.003586734827453602,0.02342100039339656
449.3201997535637,0.3734185268304002,0.5327220734877124,0.0669931011467133,0.003536082235146005,0.02333021630040816
449.5204315716357,0.3733275735396491,0.5334078380109726,0.06676568552081008,0.003945091173918414,0.022553811755031208
449.7206633897077,0.3717150637701065,0.5337080728619958,0.0678632085138003,0.0038459882383052217,0.022867666616172472
449.92089520777967,0.3706116654514644,0.5331345810065647,0.06848324322058627,0.0033856634627419777,0.024384846859024267
450.1211270258517,0.3712328800963582,0.5344128629290756,0.06769940596313226,0.004051429621210485,0.02260342139060558
450.3213588439237,0.3692287508880678,0.5345160656782184,0.06917444577565553,0.0038876183944053866,0.023193119264033953
450.5215906619957,0.36865904750292133,0.5344787891073715,0.06933885300232932,0.0034983867623410475,0.024024923625418707
450.72182248006766,0.36880587408119114,0.5355745206494001,0.06893024159643443,0.0039852325084994335,0.022704131164856527
450.9220542981397,0.3673195520307756,0.5358916815573995,0.06991184278289236,0.003952377244134023,0.02292454638518145
451.1222861162117,0.36630676789456296,0.5360364634400994,0.07044039194040423,0.003652766593259825,0.023563610132055386
451.32251793428367,0.3664139953793104,0.5363706782196145,0.07001925863038834,0.0038624756467653637,0.02333359212430458
451.52274975235565,0.36540108614087424,0.5371675361796897,0.07062686923964331,0.004175841544460592,0.022628666895716153
451.7229815704277,0.36341880017578065,0.5365022708313516,0.07203047124073113,0.003570715399326458,0.0244777423531945
451.9232133884997,0.3642736842517202,0.5374590836798223,0.0710037046141537,0.003958175640690218,0.023305351813997646
452.12344520657166,0.3630587372135218,0.5381827375616473,0.07179003510525708,0.004218834333465781,0.022749655786492358
452.32367702464364,0.36149504503173613,0.5379261968124803,0.07281492463430017,0.0036649810062668,0.024098852515600042
452.5239088427157,0.3617093882718637,0.5387781103048283,0.07231851088326868,0.003899138537565462,0.02329485200285825
452.72414066078767,0.3610074602501463,0.5394482942955402,0.07258654859228007,0.0042359765477234385,0.02272172031469634
452.92437247885965,0.35940457124816927,0.539565598271524,0.07364517893584413,0.0039264539627886065,0.023458197582062447
453.12460429693164,0.3590053597809717,0.5393457581096166,0.07368485146086795,0.00371270429015101,0.024251326358779416
453.3248361150037,0.35894959950783595,0.5405526288149118,0.073406597318597,0.004386377286838293,0.022704797072203145
453.52506793307566,0.35666787862480337,0.5402463485659071,0.07512228935638848,0.003932804725362103,0.02403067872792595
453.72529975114765,0.3569041105548122,0.5405902638995872,0.0746182507428625,0.003817038347509979,0.024070336455614134
453.92553156921963,0.35657033941545113,0.5417056208260829,0.07456618808727226,0.0043678038433241076,0.02279004782825578
454.12576338729167,0.354712733379852,0.5416900490112876,0.07587557298941758,0.004003218276369851,0.023718426343459487
454.32599520536365,0.3543693689326209,0.5421393595960105,0.07584129957195933,0.003875549976806308,0.02377442192299119
454.52622702343564,0.3543149388436596,0.5427792392547107,0.07549780856007676,0.004295866316998195,0.023112147024941087
454.7264588415076,0.3527718760146776,0.5432267061429897,0.07652902372136715,0.004280721700126811,0.023191672421225454
454.92669065957966,0.35143972236871207,0.5426234702214486,0.07741686130149385,0.0037148522121204243,0.02480509389661098
455.12692247765165,0.35214000926950334,0.543846020101388,0.07642720278792745,0.004395135139311144,0.023191632702253443
455.32715429572363,0.35027090292549157,0.5441622750580709,0.07778576319051794,0.004338840948033125,0.02344221787827096
455.5273861137956,0.3493913049044785,0.5440008915681314,0.0782610993382407,0.003809511104279653,0.024537193085253824
455.72761793186766,0.34961767681777267,0.545139099501528,0.07767777898010518,0.004319491157220727,0.023245953543756016
455.92784974993964,0.3482377718157047,0.5455806770432975,0.07853797417800294,0.004379832207673648,0.023263744755702254
456.1280815680116,0.3470793385966519,0.5457479912824342,0.079210321377623,0.0040198158851156105,0.02394253285855477
456.3283133860836,0.34708178511264,0.5459668241214992,0.07884408208426447,0.004142956337734208,0.023964352344243055
456.52854520415565,0.3462498189685767,0.5469096256359822,0.07919833582915066,0.0045961590001179775,0.02304606056655229
456.72877702222763,0.3441490053531104,0.5463471331268211,0.08079117638191301,0.003955227892167139,0.024757457246369477
456.9290088402996,0.3448851711660865,0.547131249406606,0.07978846464873601,0.0042331690462231765,0.02396194573272963
457.1292406583716,0.3438642222314986,0.5480419483625543,0.08031358132845967,0.004633707261973681,0.023146540815893877
457.32947247644364,0.34211688782712546,0.5478032805969192,0.08156672971998985,0.004024707042417089,0.024488394813928543
457.5297042945156,0.34228153343551343,0.5486410720438255,0.08104545261514703,0.004201109972410884,0.023830831933482937
457.7299361125876,0.3417045243317554,0.5493640518609559,0.08111274482629317,0.004613631851274351,0.02320504713010182
457.9301679306596,0.34006363902056463,0.5495844526982837,0.08221992703808902,0.004320116948772699,0.023811864294669798
458.13039974873163,0.33945022001583863,0.5492769047592793,0.08247552338554678,0.003981576283202703,0.024815775556510284
458.3306315668036,0.3395785816226623,0.5505353586273404,0.08188922870261575,0.004747721829314231,0.0232491092184453
458.5308633848756,0.3373474413730765,0.5504282354025892,0.08359817668403072,0.0043523668009148135,0.024273779739767673
458.7310952029476,0.33729339739466413,0.5505860918541843,0.08335115517074394,0.004069561059186287,0.024699794521602154
458.9313270210196,0.3371317491737484,0.5518165682243544,0.0830205104734356,0.004709735315645497,0.023321436813197014
459.1315588390916,0.3352909875594811,0.5519262058716214,0.0843297053392967,0.004397893791323748,0.02405520743865762
459.3317906571636,0.33479809716772924,0.5523586353339462,0.08440730936899338,0.0041833109148799895,0.024252647214832893
459.5320224752356,0.3347670875987577,0.5529478408613673,0.08396542173934973,0.004583128754469929,0.02373652104643716
459.7322542933076,0.3333403384964473,0.5535548087846268,0.08484203966909865,0.004677879209815148,0.023584933840394635
459.9324861113796,0.33180513969433745,0.5529728335631174,0.08597413694461446,0.00402590479815845,0.02522198500015567
460.1327179294516,0.33255139464324623,0.554104313363587,0.08482692834326713,0.0046697954073283005,0.02384756824295553
460.33294974752357,0.33086169452624853,0.5546451999811869,0.08597142918990103,0.004747780817590701,0.02377389548545793
460.5331815655956,0.32968751091516413,0.5544011591593948,0.08676418828849779,0.0040923638897563215,0.025054777747571536
460.7334133836676,0.3299832141794641,0.5555721273084119,0.08601605200844852,0.004594825271699707,0.023833781232361097
460.9336452017396,0.3287466529806941,0.55614178537438,0.08668007556221262,0.004759124369535016,0.02367236171356247
461.13387701981156,0.3274582906762755,0.5563496135359595,0.08747750182895571,0.00435120155294751,0.024363392406243353
461.3341088378836,0.32733680196614967,0.5564716917326912,0.08720527518602206,0.004366141943840942,0.024620089171678076
461.5343406559556,0.326718561765007,0.5575480164263671,0.0872401309129083,0.004956075412978871,0.023537215483120846
461.7345724740276,0.32455202051349663,0.557130448507895,0.0889437251294706,0.004314149284738409,0.025059656564780795
461.93480429209956,0.3251166767076675,0.5577271040239875,0.0880549192650741,0.004441095103659988,0.02466020489999202
462.13503611017154,0.3243198078829354,0.5588218953233162,0.08825387814500804,0.004980791445888264,0.02362362720323357
462.3352679282436,0.32244665695237146,0.5586460304792636,0.08966384015697494,0.004353736598085206,0.024889735813686004
462.53549974631557,0.32253587905305053,0.5594637718628873,0.08915389507349751,0.004448718769765251,0.024397735241179584
462.73573156438755,0.32208752334111335,0.5602287668255823,0.08900537571219536,0.004915128099964974,0.023763206021523407
462.93596338245953,0.32045349112687627,0.5605720612551343,0.09008958172290786,0.004666748964237092,0.024218116931223437
463.1361952005316,0.31962805383367865,0.5602177587590794,0.09056976279749712,0.0042097282717098745,0.025374696338414115
463.33642701860356,0.31993273030446123,0.5614932218947354,0.08968450202390336,0.005026528570855014,0.02386301720642723
463.53665883667554,0.31780967926008363,0.5616080463287538,0.0912816809284895,0.004725824914066146,0.024574768568987597
463.7368906547475,0.3174424551871665,0.561600631896523,0.09134723038809185,0.004269821007850585,0.025339861520749556
463.93712247281957,0.3174584275234307,0.5629338522185767,0.09072661259621942,0.004971426925032735,0.023909680737121998
464.13735429089155,0.3156950502054928,0.5631915153251945,0.09193741524835257,0.0047434848393326035,0.024432534382010034
464.33758610896354,0.3150433761551054,0.5636123880608761,0.09214473544130573,0.004439110851585799,0.02476038949150727
464.5378179270355,0.31501608854519936,0.5641499897716791,0.09163970003393518,0.004786165807031012,0.02440805584253596
464.73804974510756,0.31375509959842035,0.5649210603693955,0.09227587646995934,0.0050095305451715345,0.024038433017435006
464.93828156317954,0.31205535712424226,0.5644061554784617,0.09360195728857101,0.0043005287293647445,0.02563600137974245
465.1385133812515,0.3127976218299049,0.5654124857517179,0.09237986420841182,0.004853734268581325,0.02455629394176733
465.3387451993235,0.3113320711752404,0.5661823777005831,0.09322129483633562,0.005083851826644263,0.02418040446157864
465.53897701739555,0.3098983934323845,0.5659001326270414,0.09430145508850685,0.0043320292436477255,0.025567989608801148
465.73920883546754,0.31024012810484625,0.5670880974194603,0.09342386007717558,0.004792530880453348,0.024455383518447775
465.9394406535395,0.3091767131865136,0.5677823603482529,0.09383506739783297,0.005060444737245764,0.024145414330538035
466.1396724716115,0.3077861510522284,0.568047274180963,0.09472098182571528,0.004625684183440287,0.024819908758033454
466.33990428968355,0.30752375919766056,0.5680951337214958,0.09457753463580694,0.0045209265197182075,0.02528264592570006
466.54013610775553,0.30714018393804005,0.5692831562319334,0.09425782562644411,0.005227853289739461,0.024090980914225967
466.7403679258275,0.3049699239235549,0.5690437548927292,0.09597489771147319,0.004623842929427826,0.025387580543197032
466.9405997438995,0.30530989031144123,0.569446260640348,0.09529219689450125,0.004570170870205667,0.02538148128388806
467.14083156197154,0.30475956276220045,0.57071536833517,0.09512564190111863,0.005234387160450361,0.02416503984144555
467.3410633800435,0.3028305853723028,0.5706417174200733,0.0965954953303342,0.004631857065456971,0.025300344812216043
467.5412951981155,0.3028149110747239,0.5714297063614218,0.09614209765338369,0.00462615488439689,0.0249871300264579
467.7415270161875,0.3024886973343427,0.5722249608401787,0.09578839818099137,0.005116970061088948,0.024380973583783157
467.94175883425953,0.30091467903260477,0.572706429514379,0.09676785663356459,0.004943746184098597,0.024667288635740012
468.1419906523315,0.2998907473928941,0.5723448687469889,0.09745892093424344,0.004386075153426514,0.02591938777283652
468.3422224704035,0.30034352891656213,0.5735977692955321,0.09632550562751781,0.005200472919785757,0.02453272324099227
468.5424542884755,0.2983876941746327,0.5739487772280996,0.09770673359152841,0.005026463643154134,0.024930331362975913
468.7426861065475,0.2977026054794344,0.5738046011489264,0.09810950187324188,0.004409515880241841,0.025973775618545934
468.9429179246195,0.2978868642587364,0.575220832797592,0.09721867269260605,0.0051353362732554425,0.024538293978198
469.1431497426915,0.29625880356491,0.5756399814227797,0.0982381286813709,0.005015108693474473,0.024847977637852885
469.3433815607635,0.29544791108973373,0.5760535469010458,0.09858158105892799,0.004627183927672384,0.025289777023006214
469.5436133788355,0.2954004453720476,0.5765418058444277,0.09805830841047286,0.0048938820843614506,0.025105558289075867
469.7438451969075,0.2943497860564238,0.5774727315657333,0.0983846621044558,0.0052523996348501295,0.024540420638922415
469.9440770149795,0.2925364558438289,0.5770635584619951,0.09983145596172273,0.004522112005755309,0.02604641772708446
470.14430883305147,0.2932127306416951,0.5779140701572697,0.09863831215049858,0.0049351695509767795,0.025299717499942944
470.3445406511235,0.2920102996886,0.5789098595487061,0.09910864962334481,0.00532236454765106,0.02464882659208146
470.5447724691955,0.29037262514452855,0.5786342161952426,0.10040924084744614,0.004516354620235735,0.026067563192929438
470.7450042872675,0.29072514825091034,0.5798173067296167,0.09945869741521424,0.004900829682287684,0.025098017922354332
470.94523610533946,0.28985300706675055,0.580626500565736,0.09958723688350592,0.005260093928611597,0.024673161555779734
471.1454679234115,0.2884002398069574,0.5809636367125264,0.10050770547795808,0.004826559367163413,0.025301858635778645
471.3456997414835,0.2879863600977257,0.5809613190183218,0.10051478708586563,0.00460257181338662,0.025934961985083556
471.54593155955547,0.2878399171024453,0.5822300643333365,0.09984499815405347,0.00539072273287842,0.024694297677670875
471.74616337762745,0.2857329105616418,0.5821929526278711,0.10147082706218258,0.004863250210997827,0.02574005953769188
471.9463951956995,0.2858042733612491,0.5824034142885564,0.10106994211172206,0.004616973708962773,0.026105396529896675
472.1466270137715,0.28550944103045583,0.583829175650848,0.10053120328105916,0.005377370358625445,0.02475280967939959
472.34685883184346,0.28360080088766665,0.5838896802155454,0.10195181514577538,0.004841276046431719,0.02571642770497097
472.54709064991545,0.2834520565770444,0.584635634742439,0.10160004177638902,0.004723408000304179,0.025588858904214726
472.7473224679875,0.283231474133359,0.5854490663613734,0.10107417291107738,0.005205817489804117,0.025039469104776196
472.94755428605947,0.28177364297441276,0.586078340309265,0.10186749532323051,0.005133571423212793,0.025146949970269596
473.14778610413146,0.2805777478656374,0.5857450678748587,0.10273255954312191,0.004502402290997495,0.026442222425775593
473.34801792220344,0.28113055898232436,0.5869328770890084,0.10143730651566688,0.005257117415107524,0.025242139998284438
473.5482497402755,0.2793969363738858,0.5875260257453044,0.10251225179835637,0.005232702169036633,0.025332083913809783
473.74848155834746,0.27841273761749774,0.5872797485402702,0.10323722714995014,0.004484964347800995,0.02658532234487345
473.94871337641945,0.27873926508739555,0.5887513118448334,0.10212611758093752,0.005192516986811564,0.025190788500414018
474.14894519449143,0.2772951998871112,0.5893360272598838,0.10288039023691818,0.005192469223682391,0.025295913392796972
474.3491770125635,0.27633689834862535,0.5897465787406372,0.10334942608720245,0.004737125536966972,0.02582997128696006
474.54940883063546,0.2762448789629957,0.5901899220126827,0.10285316026365311,0.004904618288018188,0.02580742047304358
474.74964064870744,0.2754366750833209,0.5912667513019754,0.10282908253614395,0.005389613265977032,0.025077877812975793
474.9498724667794,0.2735702650685586,0.5909938105812271,0.10430859835515391,0.004676621464523161,0.026450704530932484
475.15010428485147,0.2741150199328597,0.5916634434017544,0.10325124537202919,0.004912711841032943,0.026057579452719623
475.35033610292345,0.2732030512753724,0.5928740397353993,0.1033128303486689,0.005446939398835356,0.02516313924211917
475.55056792099543,0.27143377199959134,0.5926476329519832,0.10473779998462915,0.004635897391221556,0.026544897672970903
475.7507997390674,0.2717537612018894,0.5937988104057136,0.10378358841912894,0.00491509170145949,0.02574874827220401
475.95103155713946,0.2710769744795691,0.5947081508220491,0.1036294869849661,0.005343158095060216,0.02524222961875094
476.15126337521144,0.2696121403929417,0.5951309842159483,0.10451794710498781,0.004942587705790372,0.025796340580728324
476.3514951932834,0.26904580357055113,0.5951018240281201,0.10467913609091271,0.004611342419559071,0.026561893891253848
476.5517270113554,0.26911709355671337,0.5964121365108931,0.10370492303883545,0.005432803386056631,0.025333043507897682
476.75195882942745,0.2671396529785372,0.596592627603511,0.10513984478208416,0.005015713186081074,0.026112161450183587
476.95219064749944,0.2669167949872088,0.5966222466090444,0.10506449969510014,0.0045851364087073155,0.026811322300335887
477.1524224655714,0.26686897694723005,0.5981782658015649,0.10418190682414696,0.00540223387834084,0.025368616549113897
477.3526542836434,0.265055169696506,0.5983960188132695,0.10544793243645482,0.004967775901750686,0.026133103152417077
477.55288610171544,0.2647520946231696,0.5990869527991175,0.10523317011378044,0.004736554018878425,0.026191228445449872
477.7531179197874,0.26461302176873597,0.5999065319106895,0.10458323818891599,0.005179346272714059,0.025717861859340604
477.9533497378594,0.26332374534628,0.6006863877254146,0.10512150199771947,0.005224774004927397,0.025643590926054588
478.1535815559314,0.2619947279302525,0.6004112992186456,0.10610455563391825,0.0045531699711884414,0.026936247246394558
478.35381337400344,0.26258464134596426,0.6014911018510347,0.10475579303397488,0.00519491816746437,0.02597354560196196
478.5540451920754,0.2611183839701863,0.6023242562844467,0.10545883115875869,0.005330253675658736,0.025768274911351148
478.7542770101474,0.25987831762541075,0.6020147956298849,0.10645121211829116,0.004495925723041742,0.02715974890377211
478.9545088282194,0.2603056728692904,0.6035063539434065,0.1051939825062907,0.005142494096660355,0.025851496584753317
479.15474064629143,0.2590797030179718,0.6042518260299827,0.10563818658074753,0.005261949822671525,0.02576833454902558
479.3549724643634,0.25799968548662716,0.6046648107213928,0.10620327656478601,0.004764257447653333,0.026367969779941276
479.5552042824354,0.25784213800991185,0.6050686594257182,0.10577137748868781,0.004824584986095771,0.02649324008998871
479.7554361005074,0.25729003987253285,0.6062673750028161,0.10539287473517985,0.005411953103686031,0.025637757286185732
479.9556679185794,0.25543581231579754,0.6061528137181371,0.10681309713306186,0.004753654247883317,0.02684462258552168
480.1558997366514,0.2557902004380644,0.6066242167133697,0.105982626757158,0.004794317979781958,0.026808638112024687
480.3561315547234,0.25517978923346496,0.6080299382347585,0.10563329374087918,0.005450810628937556,0.025706168162359187
480.5563633727954,0.25336120333896694,0.6078909144428074,0.10707153634053626,0.004684064169743471,0.026992281708343824
480.7565951908674,0.2536031240847467,0.6089799059592385,0.10618479419615519,0.0048375092035111604,0.02639466655674658
480.9568270089394,0.2531119216074519,0.6099706526687871,0.10577544040822884,0.005305129911717408,0.025836855404211826
481.1570588270114,0.2516908273634178,0.6104904267188559,0.10656103333992448,0.004968387012245862,0.02628932556595272
481.35729064508337,0.2509821982448618,0.6104552583703486,0.10686095655589127,0.004551039699743509,0.027150547129551405
481.5575224631554,0.2512306607413762,0.6117615695421902,0.10566293357787201,0.005352176214948014,0.025992659924011677
481.7577542812274,0.2494425251670902,0.6121667414729042,0.10682376749919724,0.005070593360913211,0.0264963725002934
481.9579860992994,0.24892425168937657,0.6120356012029274,0.1070771400242776,0.004483278692847424,0.02747972839097046
482.15821791737136,0.24909627847724153,0.613686417276272,0.10591122232187854,0.005310922904219711,0.02599515902078678
482.3584497354434,0.2474421845771352,0.6140748701350084,0.10693605854852575,0.005001927824968499,0.02654495891476063
482.5586815535154,0.24697544488123288,0.6146993641962875,0.10687624149566756,0.004667544814338631,0.026781404612870374
482.75891337158737,0.24688977441181614,0.6155132839599109,0.10615647700420211,0.005045392034162625,0.026395072590304693
482.95914518965935,0.24581057375710044,0.6164384703274036,0.10639424260989068,0.005212511083134521,0.026144202222867563
483.1593770077314,0.24439674469543113,0.6162449404402476,0.10742766778619202,0.004535613343837331,0.02739503373468863
483.3596088258034,0.24495440156278073,0.6171764187066967,0.1061380956413109,0.005022788028522771,0.0267082960610842
483.55984064387536,0.24378602446576628,0.6182393628776572,0.10643560740704823,0.005313475740708862,0.02622552950921376
483.76007246194735,0.2423543355704667,0.6179077109936809,0.10760899630582621,0.004444569614195798,0.027684387516224256
483.9603042800194,0.2428298151043176,0.6193776040421267,0.10629409234520691,0.0049924099733229844,0.02650607853542048
484.16053609809137,0.2418385706632442,0.6202710596834051,0.10641638127254102,0.00521823343871827,0.02625575494248677
484.36076791616335,0.24067560570845917,0.6206938675833185,0.10703133990490707,0.004709460908314846,0.026889725895395865
484.56099973423534,0.24043801146901342,0.6210635078123288,0.10668796260306862,0.004665536487695114,0.02714498162828873
484.7612315523074,0.2401340665159673,0.6223503443260796,0.10598917848188552,0.005318531906912234,0.026207878769550955
484.96146337037936,0.23835633040263127,0.6224083876119245,0.10726494861890327,0.004747448473025125,0.027222884893912676
485.16169518845135,0.2384776991697737,0.6226737055228103,0.10672166443576872,0.004595006758260092,0.027531924113780446
485.36192700652333,0.23816105182375596,0.6242457626815112,0.10599505225722645,0.00533688125988056,0.02626125197801927
485.5621588245954,0.23637640716302094,0.6242257648732471,0.10733707353080554,0.004657456704669151,0.02740329772865145
485.76239064266736,0.23649927509075638,0.6252218219140723,0.1065795250868675,0.004676294946331579,0.02702308296236581
485.96262246073934,0.2361724395357071,0.6262724413767731,0.10596290096255513,0.0051520759287122546,0.02644014219664695
486.1628542788113,0.23485037052109628,0.6268971860709479,0.10658083095896596,0.004904320451235542,0.0267672919981479
486.36308609688336,0.23402035318165967,0.6268731213417101,0.10698833962845804,0.004427826747424722,0.027690359101139518
486.56331791495535,0.23438899579435157,0.6281260311818759,0.10566949971020498,0.005156884663030772,0.026658588650929536
486.76354973302733,0.23283808248843552,0.6287553393001145,0.10649825900328674,0.005024379092494745,0.026883940116060007
486.9637815510993,0.23204938946203718,0.628491563478272,0.10704300262018736,0.00432277939321603,0.028093265046681894
487.1640133691713,0.23239709032076233,0.6301931098369847,0.10567899941087375,0.005113704696685519,0.02661709573508896
487.36424518724334,0.2309515823405714,0.6307558911827411,0.10640556779087217,0.004940176747878063,0.02694678193833376
487.5644770053153,0.23032704416700142,0.6313063728599381,0.10649705455134421,0.004523514311954795,0.027346014110157867
487.7647088233873,0.23026650193015508,0.6321030713100674,0.10575941572055632,0.004819717879650555,0.027051293159966044
487.9649406414593,0.22942226035528346,0.6331593575461439,0.10568221391127881,0.005098622280464419,0.02663754590722603
488.16517245953133,0.2279770746913748,0.6330641462921242,0.1066958208812747,0.0044500488564797646,0.027812909279144465
488.3654042776033,0.2284366302822246,0.6338127538934756,0.10556474578855157,0.004758272091168925,0.027427597944976997
488.5656360956753,0.22757877868417195,0.6350870326207846,0.10545810731753386,0.005185665695550913,0.02669041568235742
488.7658679137473,0.22603348636236098,0.6347738544816054,0.10670866987040042,0.004334830633011368,0.02814915865302142
488.9660997318193,0.22649944297562158,0.636176502291838,0.10542663201087786,0.004755661826498485,0.027141760895563236
489.1663315498913,0.2257420103035863,0.637198498751556,0.10524643608039376,0.005065051375725565,0.026748003489139586
489.3665633679633,0.2245445391277108,0.6376406546884253,0.10585479437437925,0.004578538076748537,0.027381473733138147
489.5667951860353,0.22422052629751807,0.6379802999313198,0.10560915157231535,0.0044423453870634285,0.02774767681218455
489.7670270041073,0.2241356912170502,0.6393129197934103,0.10465716521172715,0.005116791489295424,0.026777432288917283
489.9672588221793,0.22249219938276021,0.6395506844342387,0.10571941260284311,0.004657618875398116,0.027580084705157847
490.1674906402513,0.22236074547595047,0.6396127623172282,0.10548466314076044,0.004333906307719238,0.02820792275874049
490.36772245832327,0.22231097145011722,0.64131308504055,0.10444577148499767,0.005116651121889974,0.02681352090284409
490.5679542763953,0.22063542160924288,0.6414356664086917,0.10559916054147046,0.00455632198465286,0.02777342945634041
490.7681860944673,0.22060914434934553,0.6423108231832102,0.10501382178128535,0.004444475931712672,0.027621734754843776
490.9684179125393,0.2204177599954748,0.6433980984758707,0.1042495826951248,0.004899290847907658,0.027035267986016846
491.16864973061126,0.21924273344598888,0.644131294082572,0.10465125232792795,0.004755998005369781,0.027218722138537547
491.3688815486833,0.21832092287740493,0.6441311426212084,0.1051252463332299,0.00424950557864487,0.028173182589905997
491.5691133667553,0.21874406994966034,0.6452807200528796,0.10379486108131339,0.004863776517169137,0.02731657239937206
491.7693451848273,0.21746258082408823,0.6461264691394328,0.10426381017569523,0.00488104172906125,0.027266098132116452
491.96957700289926,0.21645177257183934,0.6457646849825263,0.10503006189743075,0.004115917144313422,0.02863756340428243
492.1698088209713,0.21691835861402275,0.647465740292797,0.1035669459500458,0.004827402033957008,0.027221553109570244
492.3700406390433,0.2157106123724872,0.648197100652526,0.10397256483459155,0.0047855498704836175,0.027334172270305813
492.57027245711527,0.214950031789103,0.6486717009313118,0.10419064463399894,0.0043156845812922185,0.027871938064689024
492.77050427518725,0.21488935556500074,0.6494397952952639,0.1034786280544725,0.00452303699566951,0.027669184089987406
492.9707360932593,0.21428503002136345,0.6506035018195861,0.10310519791095916,0.004891295225819662,0.02711497502266745
493.1709679113313,0.21286213536439513,0.6506172974346658,0.10403489590650976,0.004300192809251591,0.028185478485572235
493.37119972940326,0.2131705373208722,0.6511572902161191,0.10313417273172108,0.004424673938154641,0.02811332579352342
493.57143154747524,0.2126167272951134,0.6526159818783571,0.10265829223425733,0.004958267154369166,0.027150731438292577
493.7716633655473,0.2110402707905344,0.6523591410953987,0.10388130302699998,0.004172166961723648,0.02854711812573168
493.97189518361927,0.21144144312189445,0.6536483695725327,0.1027126015210161,0.004450205182091373,0.02774738060285446
494.17212700169125,0.2109017566370732,0.6547743503066064,0.10227425966345588,0.0048147833723092975,0.027234850020943037
494.37235881976324,0.20972239377627427,0.6552469342662693,0.10281830627734019,0.004381246291617839,0.027831119388887226
494.5725906378353,0.2093139743586497,0.6555591028388925,0.10266615395682749,0.004170982723258563,0.028289786122759796
494.77282245590726,0.2094021762763258,0.6568887357611216,0.10155023598879867,0.004821744139294244,0.027337107834846493
494.97305427397924,0.20793945321453758,0.6573071708546466,0.10235239059258398,0.004489419087619708,0.027911566251000334
495.1732860920512,0.2075606813724903,0.6571799111568432,0.10240852177781103,0.004031317175494832,0.02881956851774799
495.37351791012327,0.2077341105814949,0.6589615894235076,0.10114523161678607,0.004808339524025009,0.027350728854574496
495.57374972819525,0.20622732086579382,0.6592412018955126,0.1020458549652544,0.004384947401218757,0.028100674872608415
495.77398154626724,0.2060373467831466,0.6599735783235686,0.1016516294398217,0.004158393259011722,0.02817905219483989
495.9742133643392,0.20594889201295677,0.6610736006714247,0.10080217010383023,0.004568752238326009,0.027606584973852363
496.17444518241126,0.20495573759546018,0.6619126835410286,0.10096278802599341,0.004533528353978742,0.027635262483930417
496.37467700048325,0.20397726260091667,0.6619450181016752,0.10145904336162875,0.004025186352458546,0.028593489583711912
496.57490881855523,0.20438964913486635,0.6629445727363086,0.10021659052192948,0.0044962851084837385,0.02795290249880463
496.7751406366272,0.20339193040481632,0.6639921510136059,0.10032934770535196,0.004651521770496712,0.02763504910612384
496.97537245469925,0.20222391843041448,0.6635712870852518,0.10122826176301679,0.003874663822376635,0.02910186889933362
497.17560427277124,0.20274633327494937,0.6652159939419947,0.0997661288783817,0.004473291838104583,0.02779825206696386
497.3758360908432,0.20178525126732644,0.6661018413687154,0.0998613342360262,0.004547727799940285,0.027703845328385508
497.5760679089152,0.2009240895249307,0.6665054292227763,0.10016519316170258,0.004058023986968084,0.02834726410401766
497.77629972698725,0.2008431275470227,0.6672336257447222,0.09951056221777164,0.004177984547864075,0.028234699943013763
497.97653154505923,0.20046365742780714,0.6684719174331886,0.09888935433516291,0.004604331407030618,0.02757073939720741
498.1767633631312,0.19911214597557278,0.6686003092055206,0.09968406270591694,0.004093288382876006,0.028510193730508525
498.3769951812032,0.19923581965316783,0.6689172267974336,0.09905041008160886,0.0040477105532529265,0.028748832914931678
498.57722699927524,0.1989613139254036,0.6705248355601515,0.09826821165510828,0.004649187353497515,0.027596451506234163
498.7774588173472,0.1974310132199348,0.6703570719634999,0.09937325789283444,0.003963597296144981,0.02887505962798043
498.9776906354192,0.19772152225847475,0.6714900378229565,0.09837845526645257,0.0040966837707302126,0.028313300881782542
499.1779224534912,0.19737236257464877,0.6726920053776302,0.09774224068443177,0.004486886921551127,0.027706504442133125
499.37815427156323,0.1962613637543336,0.67320629558169,0.09817262955817434,0.00413019435773339,0.028229516748464082
499.5783860896352,0.19577795766768202,0.6734915903756029,0.09809992630210931,0.0038671468797905053,0.02876337877521172
499.7786179077072,0.195982819490383,0.6747661119065368,0.09691769220120153,0.004454447985579819,0.027878928416694097
499.9788497257792,0.19473295034640206,0.6753608254749938,0.09743877652562373,0.004253404544694819,0.028214043108682432
500.1790815438512,0.19413569285561882,0.6750685145125352,0.09773640275124694,0.003706363947993085,0.029353025933002302
500.3793133619232,0.19447640668137522,0.6768770841329462,0.09634829621573214,0.004434581059237093,0.027863631911105056
500.5795451799952,0.19317800550839997,0.6773187630247649,0.09696553838302048,0.004151806606453721,0.02838588647775791
500.7797769980672,0.19282733260233018,0.6778953934480826,0.09675669265256677,0.003836056176425827,0.028684525120990147
500.9800088161392,0.1928093027475559,0.6789843757585874,0.09587982058698907,0.004185945127892894,0.028140555779368432
501.1802406342112,0.19201580098505552,0.6799194052117871,0.0958017716004177,0.004250613949824155,0.02801240825330838
501.3804724522832,0.1910177003639337,0.6799891929347284,0.09627929661153661,0.0037651555177352627,0.028948654572458588
501.58070427035517,0.19136300304792708,0.6807991276183094,0.09520171294406796,0.004081464785386522,0.028554691604700717
501.7809360884272,0.19064530326169427,0.6820270040904687,0.0949906024047321,0.00435240300975478,0.02798468723374248
501.9811679064992,0.18939269443222695,0.6815875942260249,0.0959299335552934,0.003610148802727119,0.02947962898411919
502.1813997245712,0.18990884552333964,0.683118948392287,0.09455795481286688,0.004074913391222208,0.028339337880674623
502.38163154264316,0.18918526587047824,0.6841383707283822,0.09438046291962866,0.0042423120637843275,0.028053588418116924
502.5818633607152,0.18826801294390297,0.6844824898474757,0.09472132142476011,0.003765860558578687,0.028762315225673827
502.7820951787872,0.18815268647794542,0.6851595504452442,0.09414359742338907,0.0038066027787674143,0.02873756287504675
502.9823269968592,0.18796606366343932,0.6864317125363175,0.09334442275854686,0.004256014553334798,0.028001786488753937
503.18255881493116,0.18672657207169363,0.6866763378965994,0.09397046590903704,0.003839896068535538,0.028786728054527817
503.3827906330032,0.18665433437891055,0.6867685402625064,0.09360507719956986,0.003652361384172978,0.029319686775233837
503.5830224510752,0.18661904783557773,0.6884812554325106,0.0925988334178479,0.004280573146811169,0.028020290167648416
503.78325426914716,0.18519913621433895,0.6884282831070418,0.09352076403236155,0.0037178194098772058,0.029133997236777974
503.98348608721915,0.18534787191839874,0.6893695164879335,0.09273478653060868,0.003716539096705642,0.028831285966752464
504.1837179052912,0.18515544287242813,0.6906176572908578,0.09196742345369043,0.004105410332252471,0.028154066051167638
504.3839497233632,0.18415449095184666,0.6911831805855738,0.09225111697759504,0.0038397520989230578,0.028571459386458043
504.58418154143516,0.18361114387149524,0.6914405217087874,0.09223858668080628,0.003545515236507342,0.029164232502801087
504.78441335950714,0.18387393181475908,0.6926082589651433,0.09108206019304835,0.004039812678769242,0.02839593634867738
504.9846451775792,0.18285304910164094,0.6933700472014512,0.09132649401764834,0.003964471645046747,0.028485938034611465
505.18487699565117,0.18208384016323098,0.6929456211044916,0.0917966740386446,0.003375536920141476,0.029798327773888394
505.38510881372315,0.1825297262697461,0.6947213314244275,0.09038295443951438,0.004020027807831865,0.02834596005887768
505.58534063179513,0.18145805221735728,0.6953211224701219,0.09071890654509912,0.003869282266150335,0.028632636501668945
505.7855724498672,0.18096621489338632,0.6957398140715065,0.09066923014682482,0.003495536727458559,0.02912920416121917
505.98580426793916,0.18098882252662282,0.6967947056251846,0.0898132878341601,0.0037767129305746024,0.028626471083852658
506.18603608601114,0.1803946437211486,0.6978075709528166,0.08952461853348934,0.003923538665063052,0.028349628127875438
506.3862679040831,0.17941236037807481,0.6979172156422434,0.08995054048806621,0.0034807396708089566,0.02923914382119891
506.58649972215517,0.179649513671119,0.6985084682950117,0.08908502599100845,0.0036467897998567335,0.029110202243396336
506.78673154022715,0.17919157681687026,0.6998880694243288,0.08860528139381786,0.004004008633294761,0.02831106373208083
506.98696335829914,0.1779254342590212,0.6994693608980949,0.08950353807045552,0.0033326241109094467,0.029769042661910373
507.1871951763711,0.1783810650351876,0.7008333912576814,0.08829056158896495,0.0036559791583616885,0.028839002960192366
507.38742699444316,0.17787190079679643,0.7019604798731489,0.08789633344684455,0.0038892940874557438,0.02838199179613994
507.58765881251514,0.1769458897956611,0.702262112044481,0.08822672504115442,0.0034546412133802376,0.029110631905708013
507.7878906305871,0.1767882212489483,0.7028769706770733,0.0877347157943279,0.0034286304891844657,0.029171461790850287
507.9881224486591,0.1767509862402387,0.7041367479446827,0.08683751222364587,0.003867595330609381,0.028407158261208026
508.18835426673115,0.17565303233897261,0.7044963405716584,0.08728031697569315,0.0035532753728119908,0.029017034741246634
508.38858608480314,0.17539503405616405,0.7043753043341242,0.08715490036169193,0.0032604539968012786,0.029814307251601675
508.5888179028751,0.1755480823319222,0.7061418839208233,0.08601574321425255,0.003876414309197153,0.028417876224187764
508.7890497209471,0.17428451478462015,0.7062211524288639,0.08671984825845297,0.003445204522203839,0.029329280006242124
508.98928153901915,0.17427797141781226,0.7069461534662621,0.08615118758622949,0.00333025655101907,0.02929443097906227
509.18951335709113,0.17420617358293125,0.7082102550382364,0.08531753713014725,0.003696057733347671,0.028569976515720796
509.3897451751631,0.17334374645935077,0.7088326074054839,0.08544234594238094,0.0035250587658519524,0.028856241427317252
509.5899769932351,0.1727589667926542,0.7090599018978841,0.0854698451990735,0.0032194309848400378,0.02949185512593288
509.79020881130714,0.17302613825368923,0.7100737787220397,0.08441420611891848,0.003603990590590854,0.02888188631514817
509.9904406293791,0.17223460880899322,0.7109887707280643,0.08440872485220006,0.003640388132094333,0.028727507479034964
510.1906724474511,0.1713499031835907,0.7104711835031975,0.08497683345506504,0.0030521371840023497,0.030149942674531457
510.3909042655231,0.17183927768208784,0.7121522315566379,0.08362531578841688,0.00358912023016564,0.028794054743077092
510.59113608359513,0.17099314228303214,0.7128982947622738,0.08370910282903628,0.0035528781939608268,0.02884658193208258
510.7913679016671,0.17039246705677305,0.7131681519636619,0.08377946000095308,0.0031536058196166418,0.029506315159379504
510.9915997197391,0.17043032595702806,0.7141670871886392,0.082980990869561,0.0033646847681928584,0.029056911216964507
511.1918315378111,0.17001884863090952,0.7152316002067105,0.0825295689921696,0.0035700642561787375,0.028649917914418607
511.3920633558831,0.16908327471895263,0.7153821665905986,0.08288209699526088,0.003184017227278739,0.029468444468296252
511.5922951739551,0.1691895726703941,0.7157387485749976,0.08224517327103766,0.003217281952581788,0.029609223531375878
511.7925269920271,0.16895781482090177,0.7172344255161125,0.0815669211420892,0.0036282420266448424,0.02861259649463962
511.9927588100991,0.16773977131962411,0.7168716664061694,0.08236346540967904,0.0030516634421354845,0.02997343342278116
512.1929906281711,0.16809382561553593,0.7180218488866724,0.0813527694709779,0.003238534104446324,0.0292930219227572
512.393222446243,0.16776706615741474,0.7192275918010298,0.08080627033303808,0.0035109181937969186,0.028688153515111038
512.5934542643151,0.1668760970412967,0.7195069042927776,0.08108827225040689,0.003138951828539229,0.029389774587370025
512.7936860823871,0.16667360275108078,0.7200490221971069,0.08068271604889234,0.0030606034574539006,0.02953405554585823
512.9939179004591,0.16673754750723818,0.7212478975874406,0.07976591918651464,0.0034614634360583658,0.02878717228314126
513.1941497185311,0.16579825428573206,0.7217189978929345,0.0800292341781396,0.0032483837750529173,0.029205129868532964
513.3943815366031,0.1653816574520915,0.721408265420584,0.08009627185334746,0.0028892735724190184,0.030224531701950892
513.5946133546751,0.16566690885591598,0.7231717439579322,0.07891348614364858,0.0034602922926261835,0.028787568750268805
513.794845172747,0.16458542630967748,0.723392015527441,0.07939489658865309,0.003157525111069745,0.029470136463549367
513.995076990819,0.16442758832304313,0.7238898447120968,0.07902942094438463,0.002955919184982441,0.029697226835883828
514.195308808891,0.16444143741123723,0.7251404081403672,0.0781863358282187,0.0032833658899720083,0.028948452730597107
514.3955406269631,0.16373059858737787,0.7258193076759968,0.07816125779645032,0.0032011581373480834,0.029087677803220288
514.5957724450351,0.16312416370142133,0.7260144649855923,0.07821123440573413,0.0029008048950607194,0.02974933201258828
514.7960042631071,0.16335312259277918,0.7268359658477693,0.07730810794974229,0.0031717446590485113,0.02933105895105788
514.9962360811791,0.16277726816072366,0.7278854275431175,0.07709644366343323,0.0033000429919275787,0.02894081764119465
515.196467899251,0.1618352183150493,0.7273164599419581,0.07769464652961283,0.0027464092839855135,0.030407265929790143
515.396699717323,0.16231296916526833,0.7288429893552238,0.0764735677308195,0.003164201439731188,0.02920627230935226
515.596931535395,0.1616756176695314,0.7297171968457129,0.07635273771082816,0.003219943460890756,0.029034504313430867
515.797163353467,0.16100563897056974,0.7298576614710004,0.07650001795992256,0.002824750971057806,0.029811930627844478
515.9973951715391,0.16103857796548757,0.7307803342104447,0.07578355760776445,0.002969575715245595,0.02942795450145127
516.1976269896111,0.1607810229919755,0.731863414824726,0.075228447158446,0.0032082317292558508,0.02891888329598912
516.3978588076831,0.15991635332071036,0.7320557623471722,0.07549789374154707,0.002887308623797828,0.0296426819671645
516.598090625755,0.15988717164477714,0.7321760001500175,0.07507991009343651,0.0028134223389572207,0.03004349577320282
516.798322443827,0.15983901094365308,0.7337453573115319,0.07427911445780529,0.0032464897424823256,0.028890027544919122
516.998554261899,0.15871587922560554,0.7334676279050842,0.07493892735050868,0.0027763421949782746,0.030101223324212494
517.198786079971,0.15894353182417031,0.7343689676587862,0.07414769080549848,0.0028414869265783317,0.029698322785355356
517.399017898043,0.15876313028503847,0.7356229772501267,0.07351307329028664,0.003129298033208002,0.02897152114173062
517.5992497161151,0.15794219581057561,0.735900434534302,0.07372373895464927,0.002831829883990632,0.029601800816874125
517.7994815341871,0.15769691687551152,0.7363604427804459,0.07340024805062588,0.0027155914273472343,0.02982680086646085
517.999713352259,0.1578156187794448,0.7374515247558802,0.07253108414393176,0.0030591830325361774,0.029142589288597153
518.199945170331,0.15703979795318732,0.7380286960513189,0.07263416969723814,0.0029406230942407947,0.029356713204404177
518.400176988403,0.15650248748096993,0.7375615982511746,0.0728385849813464,0.0025511950063316175,0.030546134280567388
518.600408806475,0.156864314917924,0.73926190142716,0.07169031499807099,0.003053500772423453,0.029129967884812095
518.800640624547,0.1559715462962017,0.739623653859084,0.07196881308201429,0.002867362652396095,0.029568624110692925
519.000872442619,0.15568105573966506,0.7398980818283539,0.07177686070565367,0.0026082123784011042,0.030035789348313642
519.2011042606911,0.1557490513156976,0.7411071096301755,0.07096953178792297,0.0028884655469332246,0.02928584171965715
519.401336078763,0.15518789324243895,0.7418351454786527,0.07082117880864933,0.002882235831233802,0.02927354663941389
519.601567896835,0.15457886487855535,0.7419972584412552,0.07088091214155451,0.002600047405545479,0.029942917133479102
519.801799714907,0.154741081998297,0.7425996631391568,0.07015678609211583,0.0027642131632773415,0.029738255607544072
520.002031532979,0.15435613535548906,0.7437596257012418,0.0697929399795862,0.0029616781388704235,0.02912962082520411
520.202263351051,0.15340943439707308,0.7431805843430427,0.07036902635257082,0.002466030460595016,0.030574924447110078
520.402495169123,0.15383175274890926,0.7444990650566038,0.06932281867048255,0.002764074743440327,0.029582288780957675
520.602726987195,0.15337595528718845,0.7454788297917221,0.06905384351338562,0.0028880554130472297,0.029203315995051198
520.802958805267,0.15267723838150954,0.7455173536340474,0.06923919120406014,0.002520620889602311,0.030045595891175784
521.003190623339,0.15269047873404198,0.7463454322883913,0.06861854224413588,0.0026063874351599614,0.029739159298666662
521.203422441411,0.15255134515105226,0.747409387036082,0.06802062803587865,0.002855100063724771,0.02916353971365966
521.403654259483,0.1517738485463921,0.747644947427305,0.0682087326029601,0.002602472723111963,0.029769998700627055
521.603886077555,0.15161958262604258,0.7475412332503939,0.06798192339228985,0.0024500873754771516,0.030407173356192207
521.804117895627,0.15170834159334032,0.7491360774613609,0.06713160504890577,0.002877844613975633,0.02914613128281227
522.004349713699,0.1507096936459782,0.7489649328748791,0.06764481906350048,0.0025152396829610036,0.030165314733079006
522.2045815317709,0.1508027099008608,0.7495971317183538,0.06706783199742371,0.002479626028967078,0.03005270035479233
522.404813349843,0.15073267552059263,0.7508690388480028,0.0664021490636281,0.002764216395529652,0.029231920172642062
522.605045167915,0.15000472233469847,0.7511624025156746,0.0665352572799492,0.0025443337540242443,0.0297532841160468
522.805276985987,0.14972208349023125,0.7515330108165467,0.06628700371222922,0.0024033285216022624,0.030054573459784278
523.005508804059,0.14985608402168007,0.752475032667784,0.06551528622415971,0.0026796511787569276,0.029473945908012802
523.205740622131,0.14923753075025412,0.7531505574026445,0.06548864329538412,0.0026445209660890946,0.029478747586020992
523.405972440203,0.14862133667567448,0.7525670436531874,0.0657782483509716,0.0022540920189080323,0.030779279301650486
523.6062042582749,0.14900973972685852,0.7541444181229541,0.06472496755292283,0.0026736564898903483,0.029447218107764815
523.8064360763469,0.14829660393040742,0.7546409309772151,0.06483705827318469,0.0025872255960357107,0.02963818122354868
524.006667894419,0.14790199640567006,0.7547099269129217,0.06478188800308528,0.002297941637920088,0.03030824704079392
524.206899712491,0.14799751002115188,0.755851460731614,0.06404250088767778,0.0025276866058029828,0.029580841754142648
524.407131530563,0.1475718711052995,0.7566138793337135,0.06380880473971787,0.002580917003661225,0.02942452781799718
524.607363348635,0.14697696365747412,0.7567443315691345,0.06387141549502663,0.0023259278247816156,0.030081361453971892
524.807595166707,0.1470583111879478,0.757114751001326,0.0633305378682553,0.0023974105624434672,0.030098989380416902
525.007826984779,0.1468321961432777,0.7583557293234648,0.06287159816620021,0.0026413426337598953,0.02929913373368664
525.2080588028509,0.14592300336770686,0.7578044939061623,0.06339314892957242,0.0022166501033855156,0.030662703693562804
525.4082906209229,0.14626006366302538,0.75887196316732,0.0625424600070179,0.002403070373658546,0.029922442789368384
525.608522438995,0.1459533078232562,0.7599320178634353,0.06218205870726101,0.0025733223149186726,0.02935929329151925
525.808754257067,0.14526194297975775,0.7599007364418074,0.06237669586808214,0.0022498542794752007,0.030210770431270472
526.008986075139,0.14524584639507107,0.7606184253034036,0.06185705234677972,0.0022853472351466383,0.02999332871999139
526.209217893211,0.1451884734871144,0.7616240860298371,0.06127085978569366,0.0025255194883555664,0.02939106120939022
526.409449711283,0.14450619172393492,0.7619050870356305,0.0613887746966133,0.0023401133861268653,0.02985983315808408
526.6096815293549,0.1442474955450034,0.7616021899546097,0.06131652651398732,0.002136482453203396,0.0306973055335865
526.8099133474269,0.14442721233316147,0.7631702768272188,0.06047951431656741,0.0025378025789327984,0.029385193944509478
527.0101451654989,0.14356576802355644,0.76311930135201,0.06085687756728856,0.002276203597572871,0.030181849459962648
527.210376983571,0.14353040245513043,0.7634785268749475,0.06047315024629311,0.0021631784290704345,0.030354741994949863
527.410608801643,0.1435377707345118,0.7647389704364949,0.05982206238228925,0.002431464917815372,0.029469731529280827
527.610840619715,0.14291286851279159,0.7650607484354185,0.05988629835508323,0.0022852798187488763,0.029854804878348178
527.811072437787,0.14260047532459574,0.7653378053236806,0.05970614739621612,0.002130508377739378,0.030225063578159014
528.0113042558589,0.14272036888131312,0.7660986744035779,0.05906213083282858,0.0023376515335563086,0.029781174349115574
528.2115360739309,0.1422441282758659,0.7668618459520169,0.058942412037666335,0.002372536018180265,0.029579077716661715
528.4117678920029,0.1415888392255204,0.7662049016566144,0.059275290826609074,0.0020021569369323817,0.03092881135471501
528.6119997100749,0.1419632357558958,0.7676038808838908,0.05835681673179952,0.0023338390910682028,0.02974222753773549
528.812231528147,0.14140964401069198,0.7682227433268973,0.05834700462904035,0.0023284956254791393,0.029692112408278612
529.012463346219,0.1409437761433248,0.7681163568351117,0.0583926196895972,0.0020320297013885482,0.030515217630965735
529.212695164291,0.14104565348189185,0.7691668946785082,0.05774086091651018,0.002212036779816801,0.029834554143662366
529.4129269823629,0.1407332859211154,0.7699425678546732,0.05746373083482585,0.0023076138668002245,0.029552801522976693
529.6131588004349,0.14016567218649217,0.7700458053244239,0.05752810341847887,0.002085354440306601,0.03017506463069136
529.8133906185069,0.14016444706288708,0.7701857408884699,0.05715834224988849,0.0020816329069552916,0.030409836892191764
530.0136224365789,0.1400618817608675,0.7714728381545334,0.05665784238113744,0.002351742977085958,0.029455694726769305
530.2138542546509,0.13921925406547278,0.7709816273152259,0.05711192011053773,0.002002281038238355,0.03068491747091608
530.414086072723,0.13945562043783222,0.7717692242660702,0.05645726960472277,0.0020906554909940504,0.030227230200770217
530.614317890795,0.13926462247468996,0.7728831207017809,0.05605567896133732,0.0022889068282528824,0.02950767103432856
530.8145497088669,0.13860835353046186,0.7728150773577595,0.05624344910031667,0.0020181811456685336,0.03031493886618255
531.0147815269389,0.1385578749060221,0.7734098672475028,0.05582386053726783,0.002012331656399854,0.03019606565319686
531.2150133450109,0.13854909133797713,0.7743201665687001,0.05529194559137485,0.0022310872067896888,0.02960770929554696
531.4152451630829,0.13796240791457828,0.7746492226559614,0.05535728911310793,0.0021088292892348414,0.02992225102750511
531.6154769811549,0.1376249543736419,0.7741814536071555,0.055402481008126093,0.0018768232188920038,0.030914287792574466
531.8157087992269,0.1378544631368292,0.7756690533600856,0.05462666388600091,0.0022374859920803896,0.029612333625395598
532.015940617299,0.13712866331425416,0.7757442485197243,0.05489265069969533,0.0020659109439944397,0.030168526522722117
532.2161724353709,0.13698178024099592,0.7758432172146041,0.05467311383873187,0.0018978959005361007,0.030603992805523516
532.4164042534429,0.13703843039557356,0.7770644735546878,0.05406904455714675,0.0021419255653284544,0.02968612592765437
532.6166360715149,0.13651514372451987,0.7774202836880584,0.05408356350090564,0.002061069363350585,0.029919939723557488
532.8168678895869,0.13618158684611986,0.7776037955001527,0.05396553914928717,0.0019011029891776974,0.03034797551565426
533.0170997076589,0.136268851562774,0.7781631799166108,0.05346138508777886,0.002043031732108984,0.03006355170111834
533.2173315257309,0.13591413451566994,0.7789994378669218,0.053286182731281356,0.0021341507341857266,0.02966609415233273
533.4175633438028,0.13525314947420586,0.7783116097045074,0.05363422657741054,0.0017967989696195592,0.031004215274648018
533.6177951618749,0.1355844011921192,0.7794850779465791,0.0528703259835014,0.002042268123359102,0.03001792675483007
533.8180269799469,0.1351642604124579,0.7802098102923677,0.05278320395513909,0.0021003973649675136,0.029742327975456676
534.0182587980189,0.13465908688736497,0.7799667680726184,0.05290001003248936,0.0018138854841569536,0.03066024952375831
534.2184906160909,0.13475166997450388,0.7809057113493805,0.052344872955184876,0.0019474096972888343,0.030050336024030178
534.4187224341629,0.13452684870874232,0.781669179629747,0.05206345977455143,0.002069967676286834,0.029670544211060516
534.6189542522349,0.13399546282365823,0.7817529294954028,0.05213327551997212,0.0018831366900725227,0.030235195471282627
534.8191860703068,0.13391897340775147,0.7816773218215423,0.05191308317232706,0.0018217229155683878,0.030668898683199313
535.0194178883788,0.13390535810012028,0.7829709788103695,0.051415804363019055,0.0021015696549773386,0.029606289071901465
535.2196497064509,0.13314506866659834,0.782565036192104,0.051805245424254416,0.0018254677196253095,0.030659181997803327
535.4198815245229,0.1332780519655751,0.7830603211500059,0.051333015990271305,0.001831572368073354,0.03049703852646095
535.6201133425949,0.13317213903492206,0.7842015215792432,0.05092971923831102,0.0020440183057792555,0.02965260184213222
535.8203451606669,0.1325685919985082,0.7841270577747859,0.05110640074278423,0.0018286619526294606,0.030369287531679258
536.0205769787389,0.1324825090578451,0.784590624376572,0.05078220374259333,0.0017895270865620233,0.030355135736812127
536.2208087968108,0.13249568991716063,0.785374072390297,0.05033266708318466,0.0019794511416060096,0.02981811946813557
536.4210406148828,0.13199865014060938,0.7857532127605125,0.05036607958627487,0.0019146329947612028,0.029967424518225934
536.6212724329548,0.13160845438550345,0.7851609084405405,0.05049703597268177,0.0016714098896924347,0.03106219131196567
536.8215042510269,0.1318542338419841,0.7865160372130033,0.04981359237342169,0.0019833831336194593,0.029832753438355647
537.0217360690989,0.13125213296346985,0.786716816444681,0.04999891427181544,0.0018893333699418436,0.03014280295047555
537.2219678871709,0.13101651340893314,0.7865831658578726,0.0499134313397768,0.0016855740960995446,0.03080131529770055
537.4221997052429,0.13109998452858224,0.7877395474280595,0.04937580605789837,0.001901411392290451,0.029883250593552152
537.6224315233148,0.13066830390864018,0.7881276712053121,0.049364591777601864,0.0018755665359451337,0.029963866572884718
537.8226633413868,0.13032204039465628,0.7882225428899138,0.049304645053176215,0.0017166523154831588,0.03043411934715535
538.0228951594588,0.13036795675231397,0.7885731437425773,0.04893835515917393,0.0018006011680112971,0.030319943178310136
538.2231269775308,0.1301113106891848,0.7894633705071763,0.048741571876910326,0.0019353421197747661,0.029748404807339323
538.4233587956028,0.12946926872467043,0.7887838519657525,0.04909039532622055,0.0016373904433114753,0.031019093540431093
538.6235906136749,0.12973985049518327,0.7896966879586025,0.04848430329173796,0.001802481911820957,0.030276676343040265
538.8238224317469,0.1294255635466177,0.7905081977673313,0.04835850309989287,0.0019091885562814816,0.02979854703026275
539.0240542498188,0.12890817487606773,0.7901717441763795,0.048526029328826416,0.0016439749566136278,0.030750076662499716
539.2242860678908,0.1289809044389925,0.7909819790260192,0.048068388552163076,0.0017352723566145555,0.030233455626595775
539.4245178859628,0.12881854574115287,0.7917062447941287,0.04781417411786717,0.001872457009280661,0.029788578337955264
539.6247497040348,0.1283279284543537,0.7917810594405068,0.047896274623020006,0.0017218027513668263,0.030272934731141156
539.8249815221068,0.1281886263182122,0.7915160428855869,0.04780108039108104,0.0016179553496902337,0.030876295055818914
540.0252133401788,0.12823321707765944,0.7927735695940298,0.0473399495833215,0.0018952902731914475,0.029757973472185135
540.2254451582509,0.12755945403740204,0.7924707816645701,0.04767776956888763,0.0016872538702352392,0.03060474085929338
540.4256769763228,0.12759601480181396,0.792678492518954,0.047366910302431765,0.0016264208708566595,0.030732161506333695
540.6259087943948,0.12754924424524614,0.7938210504170871,0.04698883017762976,0.0018435002023545436,0.02979737495807254
540.8261406124668,0.12700619285552506,0.7937649171098609,0.04715902683878039,0.001681951829488414,0.030387911366735878
541.0263724305388,0.12688616308518313,0.7940940351150124,0.0469239684748473,0.0016161476482737254,0.03047968567707127
541.2266042486108,0.1269024785197682,0.7947275715465708,0.046570844278736014,0.0017740881150552455,0.03002501754025623
541.4268360666828,0.12648466994948146,0.7951569153833119,0.046592521523064416,0.0017606240112255443,0.030005269133304317
541.6270678847548,0.12606464667890627,0.7944827769820019,0.046785990510816,0.0015177562646940832,0.031148829563971237
541.8272997028268,0.12630216940288672,0.7956587706441648,0.04621047435109843,0.0017775527589586684,0.030051032843281856
542.0275315208988,0.1258057626962353,0.7959792589885213,0.04634540836488317,0.0017492486727136358,0.030120321278037657
542.2277633389708,0.12550558985905688,0.7956524525554333,0.0463677811091535,0.001524839047037956,0.030949337429706972
542.4279951570428,0.1255991181333589,0.7967206462856253,0.04590482891606302,0.0017111252991131342,0.030064281366229642
542.6282269751148,0.12524409617913598,0.7971327972404694,0.045891277688496636,0.0017300309591419525,0.030001797933145863
542.8284587931868,0.12489250416522013,0.7971490775471325,0.045887365107913435,0.0015765272135633013,0.030494525966561863
543.0286906112588,0.12489584104102049,0.7972964598036538,0.04564776303110334,0.0016106761403256531,0.030549259984289943
543.2289224293307,0.12471414516744728,0.7982167513083791,0.04545619164650809,0.001778439145684927,0.0298344727323722
543.4291542474028,0.12410642917948633,0.7975793201553286,0.04580236998570443,0.0015217605814795815,0.03099012009838905
543.6293860654748,0.1243089989072185,0.7982111178759208,0.045346024918913784,0.0016139405809574528,0.03051991771737915
543.8296178835468,0.12407495040787105,0.7990888106142675,0.045210496644215524,0.0017577219680834364,0.029868020365951264
544.0298497016188,0.12356535664057612,0.7987024208644192,0.045417245071675084,0.0015204263198401466,0.03079455110387888
544.2300815196908,0.1236120650090936,0.7993710591522708,0.04505272016160945,0.00157358272666956,0.030390572950746913
544.4303133377628,0.12349070389222018,0.8000306511609899,0.044846990447464076,0.0017162646755535516,0.02991538982416324
544.6305451558347,0.12304140239816719,0.8001087997445251,0.04494932663943467,0.0016015411056321447,0.030298930112631378
544.8307769739067,0.1228533906002428,0.7996885689063417,0.04495622514023172,0.0014672231245167935,0.031034592229058605
545.0310087919788,0.12293138972469216,0.8008664345158715,0.04455156274023536,0.0017333588922117367,0.029917254127381554
545.2312406100508,0.12233963255082692,0.8006777128696495,0.04485497467063153,0.001587049636207497,0.03054063027307702
545.4314724281228,0.12229263085826464,0.8006188482822408,0.04468290100063442,0.0014725482254910036,0.0309330716337612
545.6317042461948,0.12228474024704185,0.8017377875639253,0.04434472473830496,0.001688006281930254,0.029944741169188802
545.8319360642668,0.1218019282677542,0.8017173676082064,0.04451755719494743,0.001576538695393823,0.030386608234088754
546.0321678823387,0.12165144400015425,0.8019146450692975,0.04436539334018338,0.0014891178605221807,0.030579399730234047
546.2323997004107,0.1216595126442734,0.8023854550463185,0.0441110930375508,0.0016145973723526812,0.030229341899896272
546.4326315184827,0.12130823754769351,0.8028618422256952,0.04413778721711691,0.0016469453541704622,0.03004518765571593
546.6328633365548,0.12087624485375266,0.8021476216356419,0.04437915783936801,0.0014115409367101409,0.03118543473492192
546.8330951546268,0.12108983981809379,0.8031066167874826,0.04391476506111079,0.0016182194117537977,0.030270558921953662
547.0333269726988,0.1206790866920559,0.8035369501323715,0.044024197856892475,0.001645935801695104,0.03011382951737973
547.2335587907708,0.12033639511383946,0.8030641833568607,0.044134560639844334,0.00141201230730344,0.03105284858254406
547.4337906088427,0.12042839298338509,0.8040236766611307,0.043746107293763964,0.0015685164043686515,0.03023330665774343
547.6340224269147,0.12013365738972306,0.8044467745767442,0.043748918331825835,0.0016231527832586126,0.030047496918841662
547.8342542449867,0.11978238171575703,0.8043992574926201,0.043800441139184104,0.001478199000765774,0.03053972065206624
548.0344860630587,0.11974662668285985,0.8043603568407942,0.043671921073157545,0.0014700694278663915,0.030751025975717203
548.2347178811308,0.11961951091109888,0.8052824932474669,0.04350346264502383,0.00166232839274172,0.029932204804065384
548.4349496992028,0.11905322126556843,0.8047143976216963,0.04385034774956877,0.0014464606901768563,0.030935572673386213
548.6351815172748,0.11918811566991702,0.8050608777982639,0.04352995152706395,0.00147294221626796,0.03074811278888322
548.8354133353467,0.11901292831902653,0.8059833686151318,0.043402562841506676,0.0016454522833096476,0.029955687941420728
549.0356451534187,0.1185236103868876,0.8055869424376837,0.04364372219368945,0.0014395591479118086,0.030806165834223687
549.2358769714907,0.11854159366360165,0.8061061500065241,0.04336540355186399,0.00145775448391863,0.030529098294487585
549.4361087895627,0.11844494644270204,0.806679948843584,0.043219006597294385,0.0015994784091388423,0.030056619707676677
549.6363406076347,0.11803441397325126,0.8067738177235921,0.04334848792304214,0.0015203058447946973,0.030322974535717168
549.8365724257068,0.11781085773707475,0.8062371159091504,0.043438773261949,0.0013642257741939092,0.031149027318030185
550.0368042437788,0.11790425328053822,0.8072937951449932,0.04309968606705787,0.0016127708693289364,0.0300894946384788
550.2370360618507,0.11738460891889682,0.8072239461267291,0.043384907130918915,0.0015225221976242099,0.030484015626229915
550.4372678799227,0.1172692034801874,0.8069333181437021,0.04333153887996767,0.0013650678798217512,0.03110087161671921
550.6374996979947,0.11728561063151761,0.808004884697373,0.04303765599634878,0.0015746406415324452,0.0300972080336289
550.8377315160667,0.11685742819025935,0.8080296809666028,0.043222501340496246,0.0015089597241426252,0.030381429778899068
551.0379633341387,0.1166807834937898,0.8081039060329183,0.04314791032427406,0.0014036887868651656,0.03066371136255419
551.2381951522107,0.11667523281789831,0.808409984419962,0.04298666765359049,0.0014974327063045116,0.030430682402646698
551.4384269702828,0.11637764874551865,0.8089258960083515,0.04302959985051452,0.0015709997758975183,0.030095855620120238
551.6386587883547,0.11594592004288314,0.808209792614781,0.04331111529326863,0.0013472809378283945,0.03118589111164046
551.8388906064267,0.1161274260465538,0.8089256436468971,0.042953085796050366,0.0015006619292429765,0.030493182581656827
552.0391224244987,0.11578346797007642,0.8094530399262612,0.04305364606565808,0.0015771479615063636,0.030132698076900465
552.2393542425707,0.11541598629780926,0.8088847393910125,0.04323838524082168,0.001341891993013224,0.031118997077745663
552.4395860606427,0.11549915381908932,0.8097184186392142,0.04291906896472006,0.0014683125585663555,0.030395046018811805
552.6398178787147,0.11524967654953228,0.8101369809534437,0.042949977271748006,0.0015512543087597597,0.03011211091691691
552.8400496967867,0.11490236931536,0.8100441393348755,0.04305671015842041,0.0014175472202498825,0.030579233971494573
553.0402815148587,0.11483316679890862,0.8098447637553037,0.04302288331402962,0.0013732580441028978,0.030925928088056803
553.2405133329307,0.1147445591605623,0.8107374659427761,0.042886530623468304,0.0015829424973942327,0.03004850177619919
553.4407451510027,0.11422041626946497,0.8102591682009253,0.0432398515542665,0.0014068940246524098,0.03087366995109118
553.6409769690747,0.11429272886094326,0.8103320839536626,0.043040523530005176,0.0013736997574693008,0.030960963898319798
553.8412087871467,0.11416031351253021,0.8112775821946576,0.042928647929926886,0.0015688565246281213,0.03006459983865831
554.0414406052187,0.11369718931792884,0.8109045859637467,0.043202760289342265,0.0013962913588631508,0.03079917307052118
554.2416724232907,0.11368615865474223,0.8112723501221373,0.0430034290731775,0.0013815553478473946,0.03065650680249779
554.4419042413626,0.11360335748623597,0.8117457305138813,0.042918242917995425,0.0015176292089193392,0.030215039873365938
554.6421360594347,0.1132272072128709,0.8118660114214455,0.043078849382839485,0.0014740770940391552,0.03035385488920385
554.8423678775067,0.11297883378605653,0.8112527417115455,0.04323855494413614,0.0013024475694948926,0.031227421989164474
555.0425996955787,0.11307605188799161,0.8121517771899162,0.04296585992286085,0.0015278738095015898,0.030278437190129317
555.2428315136507,0.11261644749200704,0.8122005481002605,0.04324441853211855,0.0014896107956091015,0.030448975080405432
555.4430633317227,0.11244726534283508,0.8117231711801015,0.0432939416028606,0.0012978202013538824,0.031237801673250534
555.6432951497947,0.112478381350976,0.8127251347941125,0.04304139600872583,0.0014978713689869133,0.030257216477599297
555.8435269678666,0.11209667759656868,0.8127974366664676,0.04324462491583416,0.0014740379143690964,0.030387222907161806
556.0437587859386,0.11189809381083705,0.8127633698004307,0.04324336698890258,0.0013539858458053416,0.0307411835544242
556.2439906040107,0.11187763034369586,0.8129128443430277,0.04316471543571575,0.0014168988886538285,0.030627910989307276
556.4442224220827,0.11162253286063686,0.813455902464298,0.043228702331377725,0.0015278693943796037,0.030164992949706777
556.6444542401547,0.11119817432636357,0.8127708520957841,0.043546644597494785,0.0013187443635458806,0.03116558461721221
556.8446860582267,0.11134485245868181,0.8132310766072474,0.04328666015456191,0.0014182711732572747,0.030719139606652443
557.0449178762987,0.11105217624559771,0.8138405665851016,0.043385889025479546,0.001538389211948056,0.030182978932274313
557.2451496943706,0.11067260747510514,0.8132260896323312,0.04363578945642705,0.0013083497516507337,0.03115716368488841
557.4453815124426,0.11074283869492668,0.8139210009825232,0.043378166320544184,0.0014035534447153803,0.030554440557694316
557.6456133305146,0.11052664208604097,0.8143196842400146,0.0434415040092334,0.0015087008225904894,0.030203468842525002
557.8458451485867,0.11018514092999018,0.8142020374521804,0.04360224502109101,0.0013892101686417547,0.03062136642849938
558.0460769666587,0.11008836150101572,0.8138738095472978,0.043648126241596634,0.0013134768856245943,0.031076225824867645
558.2463087847307,0.11002703523071007,0.8147047011390489,0.04354549337538455,0.001533953529364611,0.030188816725893023
558.4465406028027,0.10954167189278119,0.8143302563177058,0.04390965304918788,0.0013974176243622804,0.030821001116365442
558.6467724208746,0.10955854116027736,0.8141558213353077,0.0438183822339752,0.0013094011085911436,0.031157854162252356
558.8470042389466,0.1094581204369758,0.8151023385825679,0.043720965404122826,0.0015221499692403208,0.030196425607497055
559.0472360570186,0.10902236335008815,0.8147781562666531,0.04402663528341721,0.001384438365482052,0.03078840673476241
559.2474678750906,0.10898340287001274,0.8149988039201513,0.04390019949606327,0.0013378830557076666,0.030779710658466686
559.4476996931627,0.10890824465628081,0.8153648066044052,0.043871525919803304,0.001464489071561226,0.030390933748351563
559.6479315112347,0.10856163045060253,0.8155187992818357,0.044063037604631136,0.0014572362570393483,0.030399296406293734
559.8481633293067,0.10829622717866143,0.8148671632706548,0.04428203967732244,0.0012748370063628339,0.03127973286740174
560.0483951473786,0.1083908697657309,0.8155800323454602,0.044071851352684176,0.001471337344100835,0.030485909192427336
560.2486269654506,0.10797968068584422,0.8157430761188882,0.044348652572210046,0.0014827259226570747,0.03044586470080272
560.4488587835226,0.1077690863271634,0.8151299047243024,0.04448922276491679,0.0012641337098331675,0.031347652474186444
560.6490906015946,0.10780920044429732,0.8160420398326559,0.0442710688619419,0.0014505317124806514,0.030427159149024764
560.8493224196666,0.10746566498261068,0.8161584807795711,0.04449426125261938,0.0014651987028729038,0.030416394282725495
561.0495542377387,0.10724871584671605,0.8160360199832798,0.04456264585415902,0.001333494636454947,0.030819123679789888
561.2497860558107,0.10721423900360728,0.816045445000664,0.044554257405912935,0.0013661985807544234,0.030819860009462647
561.4500178738826,0.10699322698053745,0.8165986676822709,0.0446381283485016,0.0015108771996033077,0.030259099789487737
561.6502496919546,0.10657936969693116,0.8159715183103381,0.04498988269114411,0.001319189511774764,0.031140039790214888
561.8504815100266,0.10669161789782389,0.8161780035955778,0.044819508481880904,0.0013636328002303495,0.03094723722489031
562.0507133280986,0.10643913068226453,0.8168528385612028,0.04491673735640001,0.0015234474593046835,0.03026784594123314
562.2509451461706,0.10605560192465276,0.8162368812015258,0.045224330973486174,0.0013047215692387679,0.031178464331501187
562.4511769642426,0.10611083642538992,0.8167850575998409,0.0450214092533869,0.0013665141052573333,0.030716182616529326
562.6514087823147,0.10591961857334449,0.8171508965826136,0.045115078093858146,0.00148851541229946,0.030325891338287145
562.8516406003866,0.1055845095582877,0.8170290355478785,0.04532633759616134,0.0013869592996911433,0.030673157998384586
563.0518724184586,0.10546510502250225,0.8166062438154628,0.04543916077980095,0.0012835693004022734,0.03120592108223354
563.2521042365306,0.10542428619335348,0.817344289444661,0.04536703704964737,0.001507597646540069,0.030356789666198276
563.4523360546026,0.10497248524985388,0.8170820738335078,0.04574262525672764,0.0014115060326044873,0.030791309627706515
563.6525678726746,0.10494105492490348,0.8166981558669553,0.04574928684699239,0.0012730940849064024,0.03133840827664354
563.8527996907466,0.10486642105818085,0.817623720170848,0.045659803566051205,0.0014981467777557358,0.03035190842756639
564.0530315088185,0.104456537371237,0.8173652389732842,0.04599326241876066,0.0013969655875992794,0.030787995649521633
564.2532633268905,0.10439121417094639,0.8174495326944788,0.045935270864370936,0.0013194053984909048,0.030904576872112968
564.4534951449626,0.10432087689321631,0.8177089711057731,0.045954414223746916,0.0014329899510811667,0.030582747826583906
564.6537269630346,0.10399973610574659,0.8178993151847931,0.046172018030182956,0.0014630120621291975,0.030465918617547015
564.8539587811066,0.10372238859799754,0.8172437218041885,0.04644240706515035,0.0012742127755300272,0.03131726975753299
565.0541905991786,0.10381146753985104,0.8177521105796478,0.046289489910607114,0.0014351775161933675,0.030711754454100446
565.2544224172506,0.10343935184007746,0.8180217100450033,0.04656254573579129,0.0014951391516234503,0.030481253227903793
565.4546542353226,0.10319683360342065,0.8173252886472971,0.046784610476664976,0.001257322214385029,0.031435945058632835
565.6548860533945,0.10324280550661942,0.8181300765040357,0.04659310073288529,0.0014247680490134908,0.030609249207847307
565.8551178714665,0.10293059024038863,0.8182836772923989,0.04683275059367538,0.001474910482141432,0.030478071391796552
566.0553496895386,0.10269801205964758,0.8180964357422423,0.04696662127404399,0.0013354831402192107,0.030903447784247404
566.2555815076106,0.10265112937479681,0.8179884106728273,0.047016205978331525,0.001338337217900877,0.031005916756544686
566.4558133256826,0.1024590192259347,0.8185312465181258,0.04711432212802479,0.0015122362895784373,0.030383175838738744
566.6560451437546,0.10205623714431937,0.8179826637750246,0.047495982979643504,0.0013415363565580636,0.031123579744855814
566.8562769618266,0.10213559671000393,0.8179510551290438,0.04740859355114883,0.0013294859235869563,0.031175268686616922
567.0565087798985,0.10191673334924546,0.8186729065813035,0.04749704751543529,0.0015250845659744395,0.03038822798844336
567.2567405979705,0.10153397120559796,0.8180929614248623,0.04785410417107194,0.0013240362810547498,0.03119492691781676
567.4569724160425,0.10157313740683457,0.8184921530438901,0.047700971326298996,0.0013494672518668577,0.030884270971514555
567.6572042341146,0.10140202682705218,0.8188161563850845,0.0478182236228626,0.0014831349434790398,0.030480458221924703
567.8574360521866,0.10107344218252666,0.8187087145625086,0.04807329285600256,0.0014040689637370475,0.0307404814356287
568.0576678702586,0.10093502132820834,0.8182254870747588,0.04824232625602349,0.0012765366344132394,0.03132062870699824
568.2578996883306,0.10091128789258928,0.8188435738083142,0.04819555872962885,0.0014955605368439902,0.030554019033027745
568.4581315064025,0.10048785777040739,0.8186970949493786,0.04857823710944392,0.0014420263533788766,0.030794783817797055
568.6583633244745,0.10041412569388922,0.8181495765297087,0.04867496240185234,0.001258292675567114,0.031503042699389784
568.8585951425465,0.10036241868167979,0.8190326083776398,0.04858466926778004,0.0014891250602738577,0.030531178613035653
569.0588269606185,0.09997609968720245,0.8188488659037668,0.04893859249041824,0.0014262669505434697,0.030810174968479317
569.2590587786906,0.09988585767941527,0.8188135604869593,0.0489458680777158,0.0013190641913124609,0.031035649565005458
569.4592905967626,0.09981951145334678,0.8189741616559264,0.04900237076087888,0.0014160989730393916,0.030787857157216495
569.6595224148346,0.0995214330542922,0.8191982254702336,0.04923722836811699,0.0014839583692471058,0.030559154738516003
569.8597542329065,0.0992351923437158,0.8185680426718106,0.049551585187346106,0.0012934834853854157,0.03135169631214964
570.0599860509785,0.09931731085785446,0.8188652147371038,0.049451759591857596,0.0014117165940661428,0.03095399821952471
570.2602178690505,0.09897818752957137,0.8192307269371082,0.04971326848725757,0.0015195129846172245,0.030558304061852403
570.4604496871225,0.0987106332814932,0.818501264120273,0.05000737536331118,0.001270927836169099,0.031509799399160834
570.6606815051945,0.09876059964222708,0.8191847673797931,0.04983649577074078,0.0014128458914658179,0.030805291316181836
570.8609133232666,0.09847510050701092,0.8193670375574288,0.05008487040972186,0.0014952482114284932,0.030577743314818655
571.0611451413386,0.09822898113562331,0.8191404853913925,0.05027843439545053,0.0013533450271998343,0.03099875405074415
571.2613769594105,0.09817107584955347,0.8189410080169414,0.05037472140345304,0.0013267627652037112,0.03118643196525965
571.4616087774825,0.09800558705564609,0.8194510239404728,0.05047917833902924,0.0015237402136288201,0.03054047045163391
571.6618405955545,0.09761327970749603,0.8189958840613308,0.05088405148029237,0.0013785539555792388,0.03112823079571143
571.8620724136265,0.09766106675410909,0.8187537670653292,0.05087515392515309,0.0013094318186307272,0.031400580437188956
572.0623042316985,0.09747314365174642,0.8195028882533232,0.05094474204806407,0.001535765051129315,0.030543460996147367
572.2625360497705,0.09709390168016971,0.8189878841543282,0.05134057599420057,0.001359162840520553,0.031218475331190675
572.4627678678426,0.09711608793422162,0.8192420178194466,0.05123495994237013,0.0013452674698588114,0.03106166683451309
572.6629996859145,0.09696285406056983,0.8195199371563119,0.05136640442386927,0.0014851962436790993,0.03066560811597873
572.8632315039865,0.09664129388689088,0.8194418134386101,0.05165507652401241,0.0014336550840986038,0.030828161066796013
573.0634633220585,0.09648622289757897,0.8189298975869227,0.051870904451262925,0.0012858211424100017,0.031427153922233456
573.2636951401305,0.09647803763008476,0.8194071947183165,0.05184491490532972,0.0014898443568079948,0.0307800083898688
573.4639269582025,0.09607915575329667,0.8193757841261168,0.05222555943422036,0.0014816203504574865,0.03083788033631539
573.6641587762745,0.09596767992363489,0.8187145724248847,0.05240510080086559,0.0012592719960439413,0.031653374854977864
573.8643905943464,0.09593796168530952,0.81953451153764,0.052306035989793255,0.0014875896869480539,0.03073390110071568
574.0646224124185,0.09557341212772492,0.8194280864581801,0.05266959963922444,0.0014645174476254467,0.030864384327652292
574.2648542304905,0.09545932843088376,0.8192949226053274,0.05273921679483328,0.0013304378945006004,0.031176094274860414
574.4650860485625,0.09539695104513538,0.8193697474577538,0.05282249285725944,0.0014075026366463911,0.031003306003611977
574.6653178666345,0.09512152132490878,0.8196197813541808,0.053063138217813256,0.0015124349765381876,0.030683124126964972
574.8655496847065,0.09482822312736301,0.8190388471628426,0.05341316139078049,0.001325779825753329,0.03139398849366721
575.0657815027785,0.0949020925277193,0.8191299358543236,0.053364390558059305,0.001394357405505146,0.03120922365479802
575.2660133208504,0.09459332518613857,0.819578020548183,0.05360274099628431,0.001548483923129574,0.0306774293466693
575.4662451389224,0.0943058274295136,0.8188602738063306,0.05395763128831411,0.0012987794958711782,0.03157748798037631
575.6664769569945,0.0943580972403978,0.8194130585695559,0.05380464582754618,0.001407772549597187,0.031016425813308927
575.8667087750665,0.09409701042916,0.8196157918089517,0.05405130337403936,0.0015185302906396486,0.030717364097615902
576.0669405931385,0.0938392534103814,0.8193751943228845,0.0542961746178383,0.001380849725000289,0.031108527924302562
576.2671724112105,0.09377108058402182,0.8191111382363873,0.05442919498912429,0.0013257092750579072,0.031362876915814915
576.4674042292825,0.09363196043043641,0.8195661147741945,0.054532160757699295,0.001537452950729351,0.030732311087346642
576.6676360473544,0.09324950737746521,0.8192141256912558,0.054950243266248866,0.0014231057534894638,0.031163017911947217
576.8678678654264,0.09326619404359585,0.8187982743298022,0.05501652708822621,0.0012983208358130472,0.03162068370297065
577.0680996834984,0.09310926765313683,0.8195537894139135,0.0550567869322183,0.001548320233248843,0.030731835767889536
577.2683315015705,0.09273561747408307,0.8191238497522308,0.055477676593564236,0.0014029600388394453,0.03125989614169154
577.4685633196425,0.09273957562305774,0.8192430670307576,0.055419493233014476,0.0013477555902718698,0.031250108523306834
577.6687951377145,0.09260362887696531,0.8194753326027332,0.05555489888769326,0.0014882223714866828,0.03087791726152995
577.8690269557865,0.09229059357602278,0.8194364198717248,0.055863964526326866,0.001468970100791544,0.030940051925538777
578.0692587738585,0.09212038696263317,0.8189237067106789,0.05611764794348124,0.0013054091165654147,0.031532849267046505
578.2694905919304,0.09212663578923079,0.8192474719378253,0.056110060455948005,0.0014835269799301492,0.031032304837471922
578.4697224100024,0.09175060283731376,0.8193267654238571,0.05647588716560956,0.001523145679975372,0.03092359889364736
578.6699542280744,0.09160484789893222,0.8186019255909129,0.05672973970206468,0.0012710921543744123,0.031792394654118185
578.8701860461465,0.09159671616959555,0.8193401087203641,0.056617017458512935,0.0014868730417375803,0.0309592846101909
579.0704178642185,0.09125335881570405,0.8193088793560235,0.056976886736544746,0.0015041084077966524,0.030956766684332757
579.2706496822905,0.09111625905030697,0.8191030862854807,0.05710485522099494,0.0013479592534970865,0.03132784019012149
579.4708815003625,0.091057813960904,0.8191085603163387,0.05720519698257975,0.001402016012902256,0.031226412727677493
579.6711133184344,0.09080641652896569,0.8193725831009471,0.057439437890956214,0.0015410783635097655,0.030840484116023536
579.8713451365064,0.09050745568975355,0.8188592949368312,0.05781514577843686,0.0013645797293804116,0.03145352386600063
580.0715769545784,0.09057099423732665,0.8187605065508368,0.05781731683305007,0.0013780796588841854,0.031473102720305325
580.2718087726504,0.09029292552413805,0.8192752729085836,0.058019558454003306,0.0015752113036114894,0.03083703181006661
580.4720405907225,0.08998974281161945,0.8186064567031162,0.05842108315883046,0.001334969024006297,0.03164774830282961
580.6722724087945,0.09004201568240869,0.8190243986692386,0.058286942132883796,0.0014037300579079013,0.0312429134579634
580.8725042268665,0.08980489344058737,0.8192409172519196,0.05852042308295861,0.001537943430243626,0.030895822794693627
581.0727360449384,0.08953778424375392,0.8190093366238076,0.05880519246164362,0.001412299967125348,0.03123538670407397
581.2729678630104,0.08945946381952899,0.8187063532395402,0.058966148981264455,0.0013302941578557284,0.03153773980221599
581.4731996810824,0.0893473184458531,0.8190864783522398,0.0590617991272047,0.0015463529112297878,0.030958051163878102
581.6734314991544,0.08897490728282248,0.8188428128493173,0.05948012773221488,0.0014684505907962223,0.0312337015452522
581.8736633172264,0.08896017913757882,0.8182958767733834,0.0596178318550943,0.00129231595600957,0.031833796278334964
582.0738951352985,0.08883567478220476,0.8190363145189828,0.059620548177784304,0.0015564808789321686,0.03095098164249608
582.2741269533705,0.08846992090753214,0.8187034147087009,0.060050209388872025,0.001448487454722777,0.03132796754057338
582.4743587714424,0.08845394954245302,0.8187036077007315,0.06004034883762618,0.001351986656636513,0.03145010726295198
582.6745905895144,0.08833539381196817,0.8188945666999479,0.06017002319361559,0.0014871006959011287,0.031112915598966052
582.8748224075864,0.08803367128082415,0.8188991514700233,0.0604844692957557,0.0015036595672933452,0.03107904838650181
583.0750542256584,0.08784947112199423,0.8184089316240362,0.060766863791269554,0.0013298538629938153,0.031644879600106354
583.2752860437304,0.08786832252170253,0.8185755300246201,0.06077800206519683,0.0014713274776080832,0.031306817911272634
583.4755178618024,0.08751575272361775,0.8187577435342704,0.06111433181586414,0.00156011012821919,0.031052061798428378
583.6757496798745,0.0873387710895298,0.8180161526523605,0.061431273037018334,0.0012894481451448836,0.0319243550763439
583.8759814979464,0.08735121064777451,0.8186568588970454,0.06130436878089681,0.0014815570501619892,0.031206004624518027
584.0762133160184,0.08702982737624707,0.8186957696928924,0.06164617830897424,0.0015381340876541665,0.03109009053463045
584.2764451340904,0.08687066843407407,0.818444236849906,0.06182624569765731,0.0013669957753143875,0.03149185324344689
584.4766769521624,0.08681566789503224,0.8183981310571874,0.0619353210295246,0.0013957140597360353,0.03145516595892033
584.6769087702344,0.08659083878149078,0.8186613990996148,0.0621522071256177,0.0015632546317388464,0.031032300361938405
584.8771405883064,0.08628778892969695,0.8182291502665531,0.06254175247622744,0.0014038696595129012,0.03153743866840842
585.0773724063783,0.08633787290896566,0.8179660213782853,0.0625954908637445,0.001359615244746111,0.031740999604656636
585.2776042244504,0.08609290412159784,0.8185292465586127,0.0627498348970638,0.001593824851424197,0.03103418957169935
585.4778360425224,0.08577828309129078,0.817938002427697,0.0631808912143055,0.0013738415856685737,0.03172898168143435
585.6780678605944,0.08582727183477021,0.8182228097623686,0.06306957589924615,0.0013963244308644804,0.03148401807314576
585.8782996786664,0.08561482803176333,0.8184485578251777,0.06327891151592883,0.0015480552368247415,0.03110964739069883
586.0785314967384,0.08534151168276714,0.8182451700786149,0.06358941605613398,0.0014426130187243419,0.031381289164152976
586.2787633148104,0.0852527513300474,0.8179261938753226,0.06377038808942317,0.001336461331532448,0.03171420537406929
586.4789951328823,0.08516788056971722,0.8182160397334339,0.06385604237216178,0.0015448736159968757,0.031215163709085378
586.6792269509543,0.08480697794890961,0.8180818431200294,0.06425969758432828,0.0015085608219850717,0.03134292052514268
586.8794587690264,0.08476025364443882,0.8174488822359168,0.06446294780116651,0.0012886974959536966,0.03203921882291835
587.0796905870984,0.08466961083640424,0.8181529949860964,0.06442406112730442,0.0015552498790666913,0.031198083171522707
587.2799224051704,0.0843147477258112,0.8179222158508306,0.06484486567115347,0.0014892955713436302,0.031428875181253486
587.4801542232424,0.0842769265623054,0.8178240566865758,0.06488361236590598,0.0013542900040430074,0.03166111438156252
587.6803860413144,0.08417582197926934,0.8179807537231994,0.06499930715101354,0.0014782974961080582,0.03136581965080242
587.8806178593863,0.08388937092007981,0.818027634762939,0.06530396812524515,0.0015319970646870957,0.03124702912744267
588.0808496774583,0.08369237960141848,0.8175784654895637,0.06560533223257789,0.0013542964550567547,0.03176952622177772
588.2810814955303,0.08372066071649978,0.8175934907713014,0.06563765587596172,0.001449911345376008,0.03159828129125308
588.4813133136024,0.08339418999975191,0.8178675802946948,0.06592996282405367,0.0015870351935822616,0.031221231688311795
588.6815451316744,0.08318933766792519,0.8171503718193981,0.0662954220736221,0.0013104622801072708,0.03205440615934295
588.8817769497464,0.08321994981553923,0.8176818930544708,0.06615833425620386,0.0014677217717660143,0.03147210110241772
589.0820087678184,0.0829224153897763,0.8177844482263008,0.06646823856527005,0.0015608614829009703,0.03126403633614789
589.2822405858903,0.08274278061897891,0.817513775510508,0.06669116953554448,0.00138381358627601,0.03166846074908649
589.4824724039623,0.08269016674944482,0.81743343081854,0.06680217412765177,0.0013858432723178726,0.03168838503244114
589.6827042220343,0.08249469643188985,0.8176802514938838,0.06699359621112222,0.0015734744674428443,0.03125798139605647
589.8829360401063,0.08218973278815017,0.8173379977170623,0.06738361206168975,0.0014383385725961174,0.03165031886089726
590.0831678581783,0.08222250675555019,0.8169429596656312,0.06748865716233565,0.001337316310618331,0.03200856010626035
590.2833996762504,0.0820139385036969,0.817534511068789,0.06758662010482548,0.0015997319352728503,0.031265198387812165
590.4836314943224,0.08169262472515099,0.8170408270948243,0.06802799628754129,0.0014100612004885632,0.03182849069239176
590.6838633123944,0.08173409753663798,0.8172001516132396,0.06794507152255477,0.0013826588322393973,0.0317380204957243
590.8840951304663,0.08154747485410636,0.817432672308016,0.06812091913462213,0.0015451279701931878,0.03135380573345806
591.0843269485383,0.08127219271900935,0.8172715939886656,0.06844119450903223,0.001467355154763391,0.031547663628924534
591.2845587666103,0.08117259240836924,0.8169559998320812,0.06863483964665634,0.0013408656894136463,0.031895702423873275
591.4847905846823,0.08111408627559488,0.8171460183866773,0.06871113523415548,0.0015292788405365779,0.03149948126342844
591.6850224027543,0.0807675634812666,0.8171187447650851,0.06908465140899804,0.0015384038526199209,0.03149063649242453
591.8852542208264,0.08068870407901788,0.8164439864429355,0.069344305619775,0.0012855181678945757,0.03223748569077151
592.0854860388984,0.0806322438509039,0.8170918159499717,0.06926486373531196,0.0015411167745251518,0.0314699596896786
592.2857178569703,0.08029200073363041,0.8169628688411577,0.06965939246445742,0.0015197697053623105,0.03156596825578365
592.4859496750423,0.08023067263555493,0.81679041474769,0.06974492230717927,0.0013521805745676273,0.03188180973540023
592.6861814931143,0.08014656622428369,0.8169211889905909,0.06984032855703337,0.001459816818847023,0.03163209940963528
592.8864133111863,0.07988004305151614,0.817004451487604,0.07012162863689302,0.0015491106684040205,0.03144476615597309
593.0866451292583,0.07967184517724817,0.8166104451040315,0.07043154351595717,0.0013745209378613061,0.03191164526529235
593.2868769473303,0.07970498250717083,0.8164879685484617,0.07048834497552409,0.0014179041292168024,0.031900799840015905
593.4871087654024,0.07940861465201643,0.8168398007655994,0.07072425542019178,0.00159970352036968,0.03142762564220963
593.6873405834743,0.0791800778188463,0.8161807245951611,0.07112062277523984,0.0013305181802665295,0.03218805663087242
593.8875724015463,0.07922476218887978,0.8165962924296306,0.07098100349901316,0.0014430309539346818,0.031754910928929486
594.0878042196183,0.07895355530000693,0.8167556082023382,0.07124699194564718,0.0015680986677179386,0.03147574588467781
594.2880360376903,0.07875608862067184,0.8164902613420029,0.07150053977481495,0.0013954596603793254,0.03185765060251613
594.4882678557623,0.07870432652063106,0.8163912558493638,0.07160814583749017,0.0013706048652603908,0.03192566692764057
594.6884996738343,0.0785403384118696,0.8166068712430979,0.07176974458894014,0.001567734621543167,0.031515311134934595
594.8887314919062,0.07823646154108056,0.8163596596784474,0.07214608403845893,0.001463571655749431,0.03179422308665007
595.0889633099783,0.07824800342331699,0.8158692303113432,0.07229977752303542,0.0013107881061697624,0.032272200636518714
595.2891951280503,0.0780788500478947,0.8164677655302707,0.072337664984631,0.001589779952941117,0.03152593948464382
595.4894269461223,0.0777562433015618,0.816083631553439,0.07276947564575613,0.0014387704587574019,0.03195187904086762
595.6896587641943,0.07778542825813377,0.8161306981117507,0.07272025863636901,0.0013612459757305628,0.0320023690183962
595.8898905822663,0.07762556944804055,0.8163691388211931,0.07285561934506056,0.0015271931509834224,0.031622479235104486
596.0901224003383,0.07735358088050465,0.8162588722420032,0.07316934114384614,0.0014827668207762817,0.03173543891325079
596.2903542184102,0.07724291909339821,0.8159622230120295,0.07336866882633011,0.001340773459414079,0.032085415609210244
596.4905860364822,0.07720818055963544,0.8160495823585208,0.07343885378437501,0.0014978223094878542,0.03180556098835936
596.6908178545543,0.07688013197761963,0.8161231931131252,0.07376778645881146,0.0015541415126482845,0.031674746938173994
596.8910496726263,0.0767700875659308,0.8154473084174789,0.07407109408452756,0.0012812317551629023,0.03243027817727959
597.0912814906983,0.07674624966170282,0.8160213896362465,0.07395716851526801,0.0015121313594135721,0.03176306082774963
597.2915133087703,0.07642484296354383,0.8159901289381069,0.07430971748775901,0.0015354709953451823,0.031739839615625376
597.4917451268423,0.07633918907368122,0.8157691445211221,0.07443705880771605,0.0013441556763737594,0.03211045192148733
597.6919769449142,0.0762708981873605,0.815882306790097,0.0745079909022591,0.0014309657520802704,0.03190783836858306
597.8922087629862,0.07602895936556331,0.81599259436763,0.07475540336039786,0.0015512004893092708,0.031671842417478564
598.0924405810582,0.07581172043109728,0.8156639255698652,0.07506296212264332,0.0013870424910945524,0.03207434938567808
598.2926723991303,0.07584415710246081,0.8154250081147395,0.07514678240084094,0.0013756329830115035,0.03220841939932733
598.4929042172023,0.07558239311680597,0.8158376702145416,0.0753177340383694,0.0015952758459040824,0.03166692678475752
598.6931360352743,0.07533541091534218,0.8152623561956883,0.07572545465731717,0.0013461999562347784,0.03233057827579543
598.8933678533463,0.0753884999395261,0.8155607680824677,0.07559298409585935,0.0014066691262473589,0.03205107875627572
599.0935996714182,0.07514615355488799,0.8157701349338755,0.07580580318503115,0.0015573937642217974,0.0317205145623599
599.2938314894902,0.07493478973215334,0.8155309073440952,0.07607539991738467,0.0013996127100302106,0.032059290296713686
599.4940633075622,0.07488206915521192,0.8154262612610904,0.07617559095682462,0.0013489069153821687,0.03216717171186714
599.6942951256342,0.07475028428568048,0.8155985388713515,0.07630684003787,0.001543745397457753,0.031800591408017595
599.8945269437063,0.07445135821208382,0.8154479072974351,0.0766555584139647,0.0014762047093818203,0.031968971367512214
600.0947587617783,0.07443845427243713,0.8148998356424056,0.07685187668460712,0.0012804020043717607,0.03252943139655507
600.2949905798503,0.07431042000881041,0.8154837851252781,0.07683141830142086,0.0015622950312327406,0.031812081533636107
600.4952223979222,0.07399242817446428,0.8152143184937956,0.07723473873604741,0.0014558250096488106,0.0321026895864217
600.6954542159942,0.07400465836275676,0.8151670792853912,0.07722253553818624,0.0013317877271751691,0.03227393908686867
600.8956860340662,0.07387185244087938,0.8154114255650616,0.07731310029739617,0.0014939017260642091,0.03190971997097667
601.0959178521382,0.07360905761259477,0.8153549383901025,0.0776052002880494,0.0014858091149327827,0.031944994594698725
601.2961496702102,0.07348751130124725,0.8150891825293061,0.07780343569529669,0.0013340145664670346,0.03228585590806029
601.4963814882823,0.07347225147195274,0.8150778730392059,0.07787206696077884,0.0014506687820771322,0.03212713974636223
601.6966133063543,0.07316756525610531,0.8152429844309805,0.07814448762791704,0.0015532213015640567,0.031891741383808084
601.8968451244262,0.07302878264639659,0.814601069042631,0.07847560622447304,0.001274398426489532,0.032620143660383426
602.0970769424982,0.07303381076401656,0.8150876213309897,0.07833727462684134,0.0014678552676356791,0.03207343801089226
602.2973087605702,0.07273554456210782,0.8151473353222588,0.07863504632260931,0.0015334043849971064,0.03194866940840285
602.4975405786422,0.07262608649079891,0.814903516127194,0.07879574874744101,0.0013294272385221608,0.03234522139641976
602.6977723967142,0.0725716813178779,0.815006306168479,0.07884010457807752,0.0013920179913757625,0.03218988994456346
602.8980042147862,0.07235823592658655,0.8151323800259784,0.07904703830395897,0.001535730397540506,0.0319266153463107
603.0982360328583,0.07213479038075914,0.8148758326177364,0.07934124159464627,0.001389202497650921,0.03225893290958311
603.2984678509303,0.07216070000829067,0.8145465202807813,0.07945246430798796,0.0013246675045450725,0.0325156478987715
603.4986996690022,0.07193760680018034,0.8150008619997626,0.07955480011826746,0.001572292233628506,0.0319344388485401
603.6989314870742,0.07167838234131307,0.8145268660584226,0.07995393459015007,0.001354355887127859,0.03248646112336596
603.8991633051462,0.07173315637828313,0.8147126935585358,0.07983833621769564,0.0013591497342795953,0.03235666411158297
604.0993951232182,0.07152176113138811,0.8149657032391957,0.07999199112256429,0.0015280321105270412,0.03199251239670181
604.2996269412902,0.0713016757262815,0.8147686347823031,0.0802620009115318,0.001394453690271532,0.032273234889988456
604.4998587593622,0.0712461443740388,0.8146685417435999,0.08035183734490409,0.0013201570878865608,0.03241331944994765
604.7000905774343,0.0711454754115374,0.81478926128435,0.08045537065495749,0.0015010039497006698,0.03210888869983081
604.9003223955062,0.07085609711465164,0.8147334890949912,0.08076380264027762,0.0014740043705571985,0.0321726067798982
605.1005542135782,0.07081690797512044,0.8141641447192862,0.08099315732858464,0.001246809712453568,0.03277898026493051
605.3007860316502,0.07072966831156491,0.8147129081106254,0.08092124298628918,0.001517022155902523,0.03211915843599386
605.5010178497222,0.0704223682751207,0.8145576875949393,0.08127959382732626,0.0014580488127268715,0.03228230149026234
605.7012496677942,0.07041380592879386,0.8144375736431638,0.08130439729701773,0.0012948601042021921,0.032549363027200115
605.9014814858662,0.07030742488001655,0.8146878295139056,0.08134859942240136,0.001446206261025026,0.032209939923030506
606.1017133039381,0.07005978136365253,0.8146831956990233,0.08160671285489828,0.001474240593027236,0.03217606948977544
606.3019451220102,0.06992807085308762,0.8144571380892707,0.08179724802125897,0.001318983713079695,0.03249855932367895
606.5021769400822,0.06992671067288125,0.8143573811979913,0.08186868299411136,0.0013895896726068941,0.03245763546278638
606.7024087581542,0.06965047096527183,0.8146014714846865,0.08207639956543814,0.0015343583321022105,0.03213729965287744
606.9026405762262,0.06948698558477376,0.8140218044700523,0.0824175905707434,0.0012635273259492198,0.032810092048859256
607.1028723942982,0.0695150641270705,0.814411744118603,0.08226724310537457,0.001409206825597866,0.03239674182373526
607.3031042123702,0.06924389997409465,0.8145541116934166,0.08250109557056796,0.0015121527629742798,0.032188739999325276
607.5033360304421,0.06911279323875759,0.8143113968914701,0.0826836631770961,0.0013076468657079168,0.03258449982734386
607.7035678485141,0.0690697151848181,0.8144093444238057,0.08270121704648357,0.0013438671211483978,0.03247585622412004
607.9037996665862,0.06888729772202999,0.8145396973131706,0.08286519304621204,0.0015015609664192008,0.03220625095254564
608.1040314846582,0.0686611418478143,0.8143591252346681,0.08313548671092139,0.0013792346491188832,0.032465011557853043
608.3042633027302,0.06867522609402099,0.8139681860050775,0.08327145766108883,0.0012672630303511817,0.032817867209842484
608.5044951208022,0.06849359461370795,0.8144436335955553,0.08330681570907693,0.001530585281401529,0.0322253708006389
608.7047269388742,0.06822896507615743,0.8140810759111851,0.08367869854525137,0.0013522609281004729,0.032658999539685804
608.9049587569461,0.06827841737723393,0.8141643959110652,0.08358782719201507,0.001302017516566336,0.03266734200349926
609.1051905750181,0.06809924043637187,0.8144547588931943,0.08367971493333783,0.0014808394540624385,0.03228544628341333
609.3054223930901,0.06787652230028615,0.8143105911248095,0.083934967796871,0.0013785894711125352,0.03249932930730006
609.5056542111622,0.06781650677938662,0.8142225851393261,0.08401230753582897,0.001284126816501098,0.032664473729340386
609.7058860292342,0.06774403282490635,0.8142881851526611,0.08409272624200877,0.001440685470942109,0.032434370309863646
609.9061178473062,0.06746925435323933,0.81432243967601,0.08435051788739803,0.0014558557748890729,0.03240193230884467
610.1063496653782,0.0674037244956948,0.8137646672939978,0.08460032351726043,0.0012105561939394064,0.03302072849948693
610.3065814834501,0.06735459713463897,0.814259903028336,0.08448793793980956,0.001454986433494872,0.032442575464102084
610.5068133015221,0.06706382115695161,0.8142142890164444,0.084788385379476,0.0014434441471155354,0.03249006030039279
610.7070451195941,0.06703209476924228,0.8140446882046439,0.08484628916038081,0.001251554166721377,0.032825373699395984
610.9072769376661,0.06695050324294388,0.8143001888882341,0.08484513360733562,0.001385958490224318,0.03251821577164667
611.1075087557382,0.06672337280302906,0.8143416548761434,0.0850605933972478,0.0014467127367501934,0.032427666187213385
611.3077405738102,0.06658284091538688,0.8141615238036786,0.08523702414892229,0.0012946646827161228,0.03272394644967888
611.5079723918822,0.06658917508027039,0.8139886051377914,0.08531409007715571,0.0013174896416050942,0.03279064006355829
611.7082042099541,0.06634599205646952,0.8142963803880869,0.0854534313224815,0.0014974303420571807,0.03240676589128615
611.9084360280261,0.0661632193980438,0.8137999298313637,0.08578662532410568,0.0012470713277270677,0.03300315411914319
612.1086678460981,0.06620699500628505,0.8140895583837655,0.08563695653199718,0.0013382143529456077,0.032728275725391706
612.3088996641701,0.06596617358016939,0.8143052484429851,0.08580170428583644,0.001471845309793957,0.032455028381598895
612.5091314822421,0.06581721770989572,0.8140843932494993,0.08599266733073772,0.001278677312213988,0.032827044398037845
612.7093633003142,0.06578247899586079,0.8141811120273884,0.08598472919937566,0.0012877370546439586,0.03276394272311692
612.9095951183862,0.06563186741303266,0.8143054257748186,0.08610688155884315,0.0014489855306068127,0.03250683972308624
613.1098269364581,0.06540706472845371,0.8142020647777066,0.08634377385923916,0.0013562724922930893,0.032690824142695765
613.3100587545301,0.06540524442278453,0.8137787280259805,0.0864986146569483,0.0012058172787469978,0.033111595615927664
613.5102905726021,0.06526596287232904,0.8142543445934676,0.08647358122718848,0.0014711344179873765,0.03253497688941255
613.7105223906741,0.06500293863098167,0.8140069221062229,0.08680226062535627,0.001337824325173843,0.032850054312649285
613.9107542087461,0.06504062554928744,0.814002578938194,0.08674063921318885,0.001237480557936106,0.03297867574177847
614.1109860268181,0.06489386740368987,0.8143237925385715,0.08677139569847823,0.001417840038517382,0.03259310432112998
614.3112178448902,0.06467498599304185,0.8142379671922423,0.08699867380682555,0.0013510440993558823,0.032737328908918416
614.5114496629621,0.06460918237421605,0.8141673808037618,0.08706187507355943,0.0012408855058319477,0.03292067624301484
614.7116814810341,0.06456046553090389,0.8141791174220478,0.0871243582302186,0.0013653578650816435,0.03277070095213112
614.9119132991061,0.06430540073480912,0.8142955773849224,0.08732432232279205,0.0014216660790957467,0.03265303347876212
615.1121451171781,0.06421535222135447,0.8137771519187457,0.08758014814461593,0.0011718531971334526,0.03325549451853248
615.3123769352501,0.06419937580343779,0.8142040069930102,0.08744072971833487,0.0013782927108477408,0.03277759477475279
615.5126087533221,0.06393031979781962,0.8142602937727297,0.0876745014039512,0.0014113028336663024,0.03272358219221651
615.712840571394,0.06387493995205554,0.8140649150240732,0.08775790343054889,0.0012031335881731852,0.03309910800553374
615.913072389466,0.06381554670208313,0.8143239062109894,0.08771462133600139,0.001315509302756585,0.03283041644854966
616.1133042075381,0.0636131134750639,0.8144032027499347,0.08788284002360645,0.0014028576293692403,0.03269798612240632
616.3135360256101,0.06346574826577545,0.8142731686850138,0.08803909444764713,0.0012606461314698854,0.03296134247047473
616.5137678436821,0.06347369579116692,0.8140458760692254,0.08812222260482364,0.001237852288350284,0.03312035324681441
616.7139996617541,0.06326706753814201,0.8143998602171515,0.08819428168727415,0.0014433195626872611,0.0326954709951262
616.9142314798261,0.06307137488334999,0.81400042550174,0.08850267452888774,0.0012235470364113789,0.033201978049994814
617.114463297898,0.06312274015263196,0.8141916865021684,0.08836475111329666,0.0012576977228207114,0.03306312450946347
617.31469511597,0.06291449719725156,0.8144706538088449,0.08845908815181115,0.0014139643767167324,0.0327417964657568
617.514926934042,0.06275286084842825,0.8142881875358983,0.0886444550337045,0.001242448398595076,0.033072048183755295
617.7151587521141,0.06272328561600461,0.8143855579303476,0.08861342621717198,0.0012249825259407843,0.033052747710916014
617.9153905701861,0.0626034208264971,0.814495833503791,0.08869750727385593,0.0013796413546698246,0.03282359704156853
618.1156223882581,0.06238442232818659,0.8144684650457371,0.08889319855829175,0.0013202877728121511,0.03293362629535609
618.3158542063301,0.06236429251637032,0.8140403896591902,0.08905829439080301,0.0011424355400541256,0.03339458789396635
618.5160860244021,0.062266019217650674,0.8144961018762075,0.08898340099616117,0.0013958856012755046,0.032858592309087976
618.716317842474,0.0620113032709572,0.8143622658111561,0.08925665475394436,0.0013097814156030408,0.03305999474872204
618.916549660546,0.062032113718364826,0.8142887335322961,0.08922470700790193,0.0011680215601295554,0.03328642418169114
619.116781478618,0.06191680136067189,0.8146337606353236,0.08919784456619236,0.0013418448368182243,0.03290974860137851
619.3170132966901,0.06170798384124134,0.8146069013250917,0.08938703266253338,0.0013113102397995853,0.0329867719317175
619.5172451147621,0.06163561250336064,0.8145574543720097,0.08943468061822443,0.001190782131586405,0.033181470375202936
619.7174769328341,0.061605250092827774,0.8145210047562208,0.08948372212627198,0.0012785599889181592,0.03311146303614389
619.9177087509061,0.061374614171526065,0.814709054486661,0.08962240139454068,0.0013722104771861068,0.03292171947046847
620.117940568978,0.06126354599436901,0.8142517815618778,0.08986942177159835,0.0011305272037714653,0.03348472346876655
620.31817238705,0.06127392040147054,0.8145999077131809,0.08971695692796838,0.001289874438239124,0.03311934051952708
620.518404205122,0.06103083308275839,0.814748225673882,0.08987958845138126,0.0013621859518819057,0.03297916684048172
620.718636023194,0.06095331161298887,0.8145495185957806,0.08997808097438446,0.0011507610431439495,0.033368327774087755
620.9188678412661,0.06091272962604081,0.8148090624684164,0.08989764348247377,0.0012373748464100758,0.03314318957704405
621.1190996593381,0.060737601059391196,0.8149167753435697,0.09001787432813751,0.0013433290880572688,0.03298442018123048
621.3193314774101,0.06058600282830438,0.8148393252135933,0.09014843604012075,0.0012171009542088133,0.03320913496415751
621.519563295482,0.060590282961863445,0.8145782019243407,0.09023539755326349,0.0011542000673204383,0.03344191749359615
621.719795113554,0.06042208703190987,0.8149595660309503,0.09024570431114173,0.00137373113196318,0.03299891149441711
621.920026931626,0.060220256598294275,0.8146643982681259,0.09051510167179987,0.001191724438782744,0.03340851902338159
622.120258749698,0.06027124085188342,0.814764654996594,0.09039684718425642,0.0011709049019776629,0.03339635206567135
622.32049056777,0.06009663005946853,0.8150962325249077,0.09042299081600823,0.0013410286811166214,0.03304311791888149
622.5207223858421,0.059928354158652504,0.8149638761643329,0.09058976525243238,0.0011989105119702898,0.03331909391299389
622.7209542039141,0.05990083401124591,0.8150625084147823,0.09053863467380864,0.0011569790667221554,0.0333410438338246
622.921186021986,0.05980902530847594,0.8151537653777251,0.09058978828740208,0.0012962886580220744,0.033151132368758725
623.121417840058,0.059600410439080806,0.8151987800406899,0.09073873616985041,0.0012719682781386246,0.03319010507262615
623.32164965813,0.05956140512514187,0.8147904226903422,0.09090372816638694,0.0010786623756332315,0.03366578164288135
623.521881476202,0.059500574070997264,0.8152082904489579,0.09079197481356709,0.0013075484918849331,0.03319161217497942
623.722113294274,0.05926014715850921,0.8151824165911695,0.09100182480925001,0.0012678144173736733,0.03328779702408575
623.922345112346,0.05926085634246244,0.81506038163251,0.09099588496118187,0.0010960400883349784,0.03358683697589954
624.1225769304181,0.05917486019058997,0.8154214681014242,0.09091727782521432,0.0012560445004225955,0.03323034938273949
624.32280874849,0.05898150275328558,0.8154502331261038,0.09106199300074368,0.0012594299059909457,0.03324684121426735
624.523040566562,0.05890242304862084,0.8154246013885326,0.09109270115647075,0.0011344395118499224,0.033445834894916746
624.723272384634,0.05888469811001377,0.8153492146617443,0.09113121869519153,0.0011843065016002988,0.033450562031842296
624.923504202706,0.05868234281162343,0.815595788215184,0.09120907179600823,0.0013089502088598245,0.03320384696871653
625.123736020778,0.05855501423592141,0.8152152161466084,0.09143351406599333,0.0010861110213125056,0.03371014453055987
625.32396783885,0.05858380319568839,0.8154794389572878,0.09128070275851308,0.0011931994088909708,0.03346285568001778
625.524199656922,0.05836977865867004,0.8157083966246668,0.09137180122517582,0.001297767674623644,0.03325225581726114
625.724431474994,0.058273444825978314,0.8155261807220768,0.09147351270695234,0.0010953265967052774,0.033631535148685346
625.924663293066,0.05824772965172341,0.815782381037333,0.09136203991714888,0.0011539993913825212,0.03345385000280767
626.124895111138,0.05810077986129351,0.8159092061839309,0.09143664170634679,0.001269762591485197,0.033283609657340514
626.32512692921,0.057948065840200604,0.815885337404599,0.09153685418088363,0.0011647165344528742,0.03346502604025887
626.525358747282,0.057944684771422686,0.8156109578647348,0.09162307761901163,0.0010696525399751164,0.03375162720525272
626.725590565354,0.05781487537425978,0.8160005524848664,0.09158075355901436,0.0012910087047381068,0.03331280987751831
626.925822383426,0.057613567437288286,0.8158112744641361,0.09180048783519427,0.0011508230908997047,0.03362384717287966
627.1260542014979,0.057657176122466,0.8158326219032853,0.091705812672051,0.0010811413478320389,0.03372324795476056
627.32628601957,0.0575159957464176,0.8162055325863723,0.0916689605175126,0.0012562130508855737,0.03335329809920765
627.526517837642,0.05734737880749201,0.8161300880983295,0.09180643179747319,0.0011480749549261057,0.03356802634217553
627.726749655714,0.05731912230742255,0.816229930146122,0.09173827588531779,0.0010850787905414563,0.033627592870994163
627.926981473786,0.05725146606087244,0.8163004363709888,0.09176185291356512,0.0012024773018519575,0.03348376735311678
628.127213291858,0.057057622877519365,0.8164118763392089,0.09186118971602487,0.001212557671491835,0.033456753396150354
628.32744510993,0.05700090488211453,0.8160433595333184,0.0920152202578462,0.0010153930701983646,0.03392512225691497
628.5276769280019,0.05697204286115874,0.8164087466735489,0.09188037669339691,0.0012093739215103694,0.03352945985077899
628.7279087460739,0.05675086146160112,0.8164821766292408,0.09202313140729562,0.0012125665868124855,0.03353126391544506
628.928140564146,0.05673038894481642,0.8163329920086272,0.09203614889401199,0.0010235717865153258,0.033876898366421875
629.128372382218,0.056670546945403404,0.8167017025923644,0.0919134089007915,0.0011636648154915274,0.03355067674634237
629.32860420029,0.0564967640754712,0.8167798652049818,0.09201105697458951,0.001196064341183987,0.03351624940416582
629.528836018362,0.05641153924257026,0.8167801145078536,0.09202338779406599,0.0010727326840423207,0.03371222577185909
629.729067836434,0.056401037047512724,0.8166774570637635,0.09205232802776275,0.0010865970249698902,0.0337825808363844
629.9292996545059,0.056229550632408164,0.8169675813786844,0.09207350074250993,0.0012338515899689697,0.03349551565682245
630.1295314725779,0.05609145321924664,0.8166732286674413,0.09226384475009784,0.0010380250875662266,0.033933448276041375
630.3297632906499,0.0561304167840196,0.8168537807228783,0.09212063162668604,0.0010919506898119876,0.03380322017699791
630.529995108722,0.05594728767650748,0.8171508891417324,0.09214336944253645,0.0012205723688474015,0.0335378813707725
630.730226926794,0.055836856429900106,0.8170013146775648,0.09223646144353537,0.0010373919976058698,0.033887975451790106
630.930458744866,0.05582179469178046,0.8172497920382344,0.09210057692824812,0.0010676187775796025,0.03376021756455443
631.130690562938,0.05570225221469902,0.8173875403895715,0.09213399185704656,0.0011846388588388054,0.03359157668024373
631.3309223810099,0.05555189308356004,0.8174167893513664,0.09220040453705505,0.0011045840747122859,0.033726328953703484
631.5311541990819,0.05553838790200484,0.8171482381787324,0.09227973179709777,0.0009866399322946923,0.03404700219026798
631.7313860171539,0.05544494017965676,0.8175277454189493,0.09219626117402697,0.001197957633728907,0.033633095594035524
631.9316178352259,0.05525023820931569,0.8174414017484597,0.0923596217757111,0.0011006605425940839,0.03384807772431869
632.131849653298,0.05528110835715333,0.8173995862811149,0.09228828073298734,0.0009914362494454437,0.03403958837969551
632.33208147137,0.05517192281923611,0.8178019859690211,0.09219595186590272,0.0011629701777975136,0.033667169168438836
632.532313289442,0.05500890452079161,0.8177856558713287,0.09229655128559522,0.0010901105641784143,0.033818777758503185
632.7325451075139,0.054977660988269124,0.8178866016342603,0.09221411054007585,0.0010106000360412578,0.03391102680175131
632.9327769255859,0.05492956894359188,0.817937664374859,0.0922147462284086,0.001102145836328101,0.03381587461720901
633.1330087436579,0.054754348022301516,0.8181073276807228,0.09226447242185083,0.001143686674179673,0.03373016520133991
633.3332405617299,0.05468248933898589,0.8177938382489705,0.09239742280075716,0.000952940260658815,0.034173309351023126
633.5334723798019,0.054678776046778794,0.8180963442325235,0.09225238169454296,0.0011049144557860222,0.0338675835707639
633.733704197874,0.054480594080941684,0.8182582364445324,0.09232830378867717,0.0011455435584552913,0.03378732212779173
633.933936015946,0.05443995065039425,0.8181024086719946,0.09235103662007388,0.0009521177586371104,0.034154486299297016
634.134167834018,0.05440228096902732,0.8184699022537552,0.09219281860839498,0.001067719160690633,0.03386727900853108
634.3343996520899,0.05425065587695567,0.818589505295577,0.0922441487788877,0.001122517552286063,0.03379317249669182
634.5346314701619,0.05416055435164758,0.818617325187905,0.09223667413365265,0.0010067396998720043,0.03397870662731892
634.7348632882339,0.0541526455688385,0.8185001916020243,0.09225511004907823,0.0009890044228451206,0.03410304835761106
634.9350951063059,0.054013079992589016,0.8188177333771739,0.09222681429957817,0.0011492265437118628,0.03379314578734511
635.1353269243779,0.053869900720469044,0.8186136976299659,0.0923745939980021,0.0009857872855278105,0.03415602036643462
635.33555874245,0.053911317237983786,0.8187159808573783,0.09224726668706716,0.0009897102968066513,0.034135724921163374
635.535790560522,0.05375963412027256,0.8190679393675464,0.09220771220457902,0.001133654227152019,0.03383106008085004
635.7360223785939,0.05364062213934579,0.8189628536755608,0.0922817450361815,0.0009772391851603824,0.03413753996415168
635.9362541966659,0.0536320425134389,0.8191993628044568,0.09212794369312702,0.0009802046797676733,0.03406044630960811
636.1364860147379,0.05353777550898275,0.8193416270793574,0.09212562174601122,0.0010910559602795378,0.03390391970576939
636.3367178328099,0.05339336775692157,0.8194219910307947,0.09215631534656495,0.0010380656082647148,0.03399026025785329
636.5369496508819,0.05336881207360459,0.8191756779580266,0.09222198476428589,0.0009067889566223462,0.03432673624786213
636.7371814689538,0.05330791390458175,0.8195287680114105,0.0921097932678388,0.0010976733483492739,0.033955851468218556
636.937413287026,0.05312499659753095,0.8195388644661254,0.0922140089914015,0.0010417157387923462,0.034080414206548205
637.1376451050979,0.053139783307885144,0.8194519310954089,0.0921621238745112,0.0009042843211919768,0.034341877401399004
637.3378769231699,0.05306003055192391,0.8198715689027728,0.09202343504942362,0.0010647067479070925,0.033980258748368714
637.5381087412419,0.05290767487525125,0.8199126176426152,0.09208306899073337,0.0010254548674388567,0.03407118362435691
637.7383405593139,0.05287191086318226,0.8200149939920914,0.0919884665566341,0.0009348215121266834,0.03418980707635928
637.9385723773859,0.05283864204292772,0.8200503941606767,0.09196954471778744,0.000999211995920021,0.034142207083084464
638.1388041954579,0.05268503096676884,0.8202680743809058,0.09197244715298204,0.0010672206558098413,0.03400722684392862
638.3390360135298,0.052601573212332546,0.8200197557828579,0.09207595712056639,0.0008912052096194045,0.03441150867501795
638.5392678316019,0.05261554301021404,0.820253795604727,0.09193138451632342,0.0009977748897337952,0.034201501979397954
638.7394996496739,0.05244284308638667,0.8204917767754529,0.09194410586269544,0.0010689208321271926,0.03405235344373323
638.9397314677459,0.05238480926086556,0.8203476356028271,0.09196653212166964,0.000882594761221031,0.0344184282538106
639.1399632858179,0.05236479025117368,0.8207051471036951,0.09178181711320088,0.0009708627911363316,0.03417738274118794
639.3401951038899,0.05223634170307879,0.820857588899269,0.09179013472920246,0.0010406883224838262,0.03407524634636066
639.5404269219619,0.05214326293408968,0.8209143127861748,0.09176162242524913,0.0009376653129702329,0.03424313654190881
639.7406587400338,0.052134400761693164,0.8207953690542252,0.09176723511996743,0.0008943927281896512,0.03440860233631735
639.9408905581058,0.05202616918977354,0.8211239472756511,0.09169882023654503,0.0010575979475734455,0.03409346535084806
640.1411223761779,0.051883323912308696,0.8210097454538843,0.09179898166624019,0.0009291933368645412,0.03437875563109375
640.3413541942499,0.051920678342981634,0.8210436488045553,0.09168991558188985,0.0008896753325246445,0.034456081938440485
640.5415860123219,0.05179976008543687,0.8214365797526192,0.0915962841281851,0.0010402708216763273,0.03412710521247379
640.7418178303939,0.051677859925273836,0.8213833225968163,0.09164323407485016,0.0009149892802774973,0.03438059412317554
640.9420496484659,0.051671937333065604,0.8216043848099769,0.09147733928339857,0.0008934566283563655,0.03435288194559668
641.1422814665378,0.051599859036413044,0.8217468383567379,0.09144480972706659,0.0009924349815968816,0.03421605789857991
641.3425132846098,0.051464852454190926,0.8218746702910549,0.09143962764506704,0.0009666607572801441,0.03425418885280009
641.5427451026818,0.05142967078109795,0.8216635573735238,0.09148526611433998,0.000830961381573341,0.03459054434985613
641.7429769207538,0.05139612332008701,0.8219769216393983,0.09135632173545698,0.0009933689203402414,0.034277264385109765
641.9432087388259,0.05122907251349311,0.8220743563932783,0.09140219442842935,0.0009750946231123206,0.03431928204207865
642.1434405568979,0.05122653866976128,0.8219611728104143,0.09136326620130365,0.0008214907250974586,0.034627531593814195
642.3436723749699,0.05117271367806619,0.8223857105059817,0.09118818451099305,0.0009645453675438726,0.034288845937805186
642.5439041930418,0.051034859690934714,0.8224793513255836,0.09120607115931825,0.0009548996064135377,0.03432481821813976
642.7441360111138,0.050993866084134414,0.8225841982060916,0.09110071210200461,0.0008589634896300725,0.034462260118528626
642.9443678291858,0.05097097731955429,0.8226093902354784,0.0910642357448942,0.0008972142358763738,0.03445818246458448
643.1445996472578,0.05084084538573915,0.8228632920330671,0.09102552075546974,0.00098513826353173,0.03428520356258071
643.3448314653298,0.05074983011116041,0.8226855461130076,0.09109366326067654,0.0008298928583221342,0.03464106765721972
643.5450632834019,0.0507741012740776,0.8228505072625554,0.09095711958000692,0.0008913663229985918,0.03452690556074484
643.7452951014739,0.050628110277926935,0.8231511584212002,0.0909129184522983,0.000985293521621086,0.03432251932733582
643.9455269195458,0.050556730219564965,0.8230338280075105,0.09092559592986207,0.000815393052799316,0.034668452790647626
644.1457587376178,0.05054962212249425,0.8233732794970655,0.09072301218792143,0.0008753314772365543,0.034478754715669205
644.3459905556898,0.05044395992336413,0.8235502162560525,0.09069324639083942,0.0009529433430789867,0.0343596340870536
644.5462223737618,0.05035028238405386,0.8236366634050267,0.09064292475286613,0.0008667498355119362,0.03450337962292668
644.7464541918338,0.050338107207972375,0.8235273657381131,0.09063270294453639,0.0008047847341337316,0.03469703937563116
644.9466860099058,0.050259066859489235,0.8238513512623135,0.09053455287843018,0.0009615839226758251,0.03439344507747745
645.1469178279779,0.05012135022534871,0.8238228504734182,0.09058540851550843,0.0008684286655620603,0.0346019621205497
645.3471496460498,0.050149802634392074,0.8238017023294766,0.09049341479517724,0.0007944378882730754,0.03476064235306763
645.5473814641218,0.05005784692963603,0.8242214158886113,0.09035529887244081,0.0009435975229698833,0.03442184078672794
645.7476132821938,0.049938359959143266,0.8242230133101826,0.09037011179342622,0.0008507510424618355,0.034617763895170135
645.9478451002658,0.04993188227254307,0.8244264450059295,0.09019688934579752,0.0008088138190814123,0.03463596955703006
646.1480769183378,0.04987839185439978,0.8245667950383258,0.09013910909217718,0.0008922029449723916,0.034523501070504344
646.3483087364098,0.04975580555293417,0.8247367579162898,0.09009973054368237,0.0008918957248494688,0.03451581026262382
646.5485405544817,0.049711465926186124,0.8245700135382356,0.09012017785853124,0.0007594037507282109,0.03483893892669719
646.7487723725538,0.049699223713769274,0.8248341547341628,0.08998481147299361,0.0008882013095547293,0.03459360876989821
646.9490041906258,0.04955095134830499,0.8250079910293167,0.08997612231387916,0.0009024108842563631,0.034562524424621904
647.1492360086978,0.04953178681734498,0.8248868060799125,0.08994229550548787,0.0007441300748239857,0.034894981522810016
647.3494678267698,0.049499688889546645,0.8253042937928949,0.08974090956694639,0.0008651815817480278,0.034589926169241725
647.5496996448418,0.0493787960569279,0.8254436695502739,0.08971903531477812,0.0008796216636710722,0.03457887741472648
647.7499314629138,0.049332708482951376,0.8255527776911055,0.08960368709518234,0.0007841530782784568,0.03472667365285845
647.9501632809857,0.04931637274090884,0.8255739914065481,0.08955048688333682,0.0007990511251856576,0.034760097844397014
648.1503950990577,0.04921032690414519,0.8258513271578924,0.08947716698252207,0.0008994439212905104,0.03456173503452923
648.3506269171298,0.04911586813315577,0.8257454065352601,0.08950674109397189,0.0007687155869343209,0.03486326865105438
648.5508587352018,0.04914379312851823,0.825845366206673,0.08938234862967308,0.0007886850434813331,0.034839806992031694
648.7510905532738,0.04902455779369402,0.8261946019101933,0.08928937884191485,0.0008974130054449348,0.03459404844912879
648.9513223713458,0.048944550430356996,0.8261153499682303,0.08928453716633426,0.0007505123110278625,0.03490505012442598
649.1515541894178,0.048945728618580424,0.8264299875087485,0.08907178466947746,0.0007829381956694022,0.03476956100790289
649.3517860074897,0.04886134068167854,0.8266239771769907,0.08900959500589815,0.0008619263992334025,0.03464316073658019
649.5520178255617,0.04876970431595766,0.8267401869001527,0.08893742554118413,0.0007951828825436679,0.03475750036054036
649.7522496436337,0.04875298506602784,0.8266499784652402,0.08890840556006076,0.000721371661215739,0.034967259247832935
649.9524814617058,0.04869968995614538,0.8269554791134424,0.08879082076540877,0.0008637930555450324,0.034690217109838994
650.1527132797778,0.048571054866377125,0.8270058008496864,0.08879369414942899,0.0008040975011228163,0.034825352633765114
650.3529450978498,0.04858765027672276,0.826945079877671,0.08871482935145306,0.0007058540984424308,0.03504658639609437
650.5531769159218,0.04852189745173121,0.8273774223035644,0.08854244996782266,0.0008465146221651252,0.03471171565509797
650.7534087339938,0.04840929908124996,0.8274331080247408,0.08852312238716055,0.0007847590237017705,0.034849711483525475
650.9536405520657,0.04839986715591253,0.827618350025399,0.08834609354317666,0.000727467716379729,0.03490822155951122
651.1538723701377,0.04836125290561161,0.8277560132947573,0.0882671181480345,0.0007935012685422408,0.0348221143834317
651.3541041882097,0.048253420643920214,0.8279611620227117,0.08819693591736448,0.0008152465634425014,0.034773234852939684
651.5543360062818,0.0482020780990293,0.8278442038410664,0.08818879350405544,0.0006919543039074925,0.035072970252322644
651.7545678243538,0.04820484332206392,0.8280538905041319,0.08805488492643802,0.0007851007847040207,0.03490128046304255
651.9547996424258,0.04807710798981048,0.8282919640055961,0.08799768710666109,0.0008256096051137756,0.034807631293196556
652.1550314604978,0.048043545004658274,0.8281791453754048,0.08796102319888853,0.0006726093183630748,0.03514367710306198
652.3552632785697,0.048028571113928976,0.8285786063222346,0.08774288037998816,0.0007688237675506126,0.034881118416672525
652.5554950966417,0.04792574724858517,0.8287557419330429,0.08768523883880043,0.0008011457202701651,0.03483212625967934
652.7557269147137,0.04787547314058612,0.8288714602397315,0.08756025505983536,0.0007113802834903291,0.03498143127673689
652.9559587327857,0.047862650800149745,0.8288948389673457,0.08749041261217994,0.0007068423736715025,0.03504525524703254
653.1561905508578,0.04778002601938328,0.8291825693524801,0.08739052949912551,0.0008121065211578221,0.03483476860823104
653.3564223689298,0.047685970635600844,0.8291463335729646,0.08738100848037568,0.0007075457387706223,0.035079141572664736
653.5566541870018,0.047712126186440953,0.8291893736616855,0.08726964086005203,0.0006921396839368667,0.03513671960825968
653.7568860050737,0.04761863136319624,0.8295727818142045,0.08713717469426516,0.0008079507005291695,0.03486346142818194
653.9571178231457,0.0475348163805723,0.8295387709340167,0.08710941101993512,0.0006877360330449245,0.03512926563280902
654.1573496412177,0.0475400830931395,0.8298237184995085,0.08689284781811292,0.0006951000629704033,0.035048250526647826
654.3575814592897,0.047474685406141845,0.8300285779297996,0.08680390499938631,0.000770332960003274,0.03492249870504955
654.5578132773617,0.0473877350677917,0.8301735246190076,0.0867107898210267,0.0007240381582408739,0.03500391233431159
654.7580450954338,0.04736619690018647,0.8301093624190695,0.08666068865488612,0.0006446318541657367,0.035219120172068706
654.9582769135058,0.04733427858903924,0.8303850822538544,0.08653290679962442,0.0007667218025972221,0.03498101055526252
655.1585087315777,0.04721773277214465,0.8305054010532903,0.08649158118630124,0.0007371731995887443,0.03504811178905206
655.3587405496497,0.04722136088491064,0.8304213520051568,0.08642022015875057,0.0006250112263494807,0.035312055725208326
655.5589723677217,0.04717830486340825,0.8308526575081956,0.08622373398328631,0.0007514759352702143,0.034993827710211416
655.7592041857937,0.04707597990875884,0.8309586174302849,0.08617099948687648,0.0007174676798029118,0.035076935494649256
655.9594360038657,0.04706211808768519,0.8311268130681808,0.08599245973908896,0.000650365534737616,0.03516824357067672
656.1596678219377,0.04703487396004182,0.8312624104184657,0.08589540736917452,0.0006989583889450417,0.035108349863742144
656.3598996400098,0.046943257476638536,0.8314944433890475,0.08579921118370873,0.0007380960375471975,0.03502499191343023
656.5601314580817,0.046887409627515864,0.8314292886192337,0.08576108183612804,0.000628253489107356,0.0352939664283904
656.7603632761537,0.046899194819794654,0.8315836230631342,0.08563368325551254,0.0006866138860252219,0.035196884975907824
656.9605950942257,0.04679267780098763,0.8318730124385153,0.08553557020071267,0.0007467685063747955,0.03505197105378152
657.1608269122977,0.046747990292094026,0.8317820766905032,0.08548912779096421,0.0006068072859033884,0.03537399794090724
657.3610587303697,0.04674545072545673,0.8321541246079356,0.08526268737898997,0.000677192597299731,0.03516054469068856
657.5612905484417,0.046660622026831834,0.8323607485023283,0.08517446719847152,0.0007212426651580892,0.03508291960758429
657.7615223665136,0.04660768208907454,0.8324856179221117,0.08504008858708069,0.000641457517201302,0.03522515388490556
657.9617541845857,0.04659615982577796,0.8325165030923157,0.08495343609843423,0.000621910488963765,0.03531199049488133
658.1619860026577,0.04653514434478136,0.8328021534154102,0.08483523084761871,0.0007250120221768971,0.03510245937038397
658.3622178207297,0.04644483807675057,0.8328308677788518,0.08478844859445153,0.0006464967766543365,0.03528934877366047
658.5624496388017,0.046465309774891474,0.8328280754613568,0.08468833467264886,0.0006034457944879887,0.03541483429698146
658.7626814568737,0.04639562999059921,0.8332312749872502,0.08452605937678101,0.0007193163044102274,0.035127719341326316
658.9629132749457,0.046312445303013525,0.8332456917494399,0.08447260320636857,0.000626803555389338,0.03534245618615755
659.1631450930176,0.04631828772679457,0.8334983267980293,0.08425703117993098,0.0006128735815129552,0.035313480714099316
659.3633769110896,0.04626917329885454,0.8337092180350111,0.08414654081869954,0.0006806856253980092,0.035194382222403855
659.5636087291617,0.04618929915682192,0.8338805943011681,0.08403440724466718,0.000654237613177154,0.03524146168453299
659.7638405472337,0.04616339241701841,0.8338468080257854,0.08396205505692701,0.0005745122836981267,0.035453232216939176
659.9640723653057,0.04614800942398436,0.8340846804330085,0.08383153176130866,0.0006726507055589942,0.03526312767650825
660.1643041833777,0.04604560262990936,0.8342648771617788,0.08375160895841152,0.0006688898426890705,0.03526902140758042
660.3645360014497,0.04603675376559158,0.8341731829141792,0.08368157106719272,0.000552285732889389,0.03555620652051647
660.5647678195216,0.0460123909465069,0.8345908101563349,0.08347046680472796,0.0006604517775785712,0.03526588031521921
660.7649996375936,0.04592254162852217,0.8347410358849534,0.08338721809991616,0.0006495837633200162,0.03529962062365298
660.9652314556656,0.045903707067282126,0.8348948490797173,0.08320843108329586,0.0005782067735487583,0.035414805996520415
661.1654632737377,0.045884741528847105,0.8350296295771362,0.08309565838025072,0.0006105523381526452,0.03537941817598344
661.3656950918097,0.045809839768614524,0.8352793130811176,0.08297916402356656,0.0006617168022600734,0.035269966324812434
661.5659269098817,0.04575203599089547,0.8352651328698463,0.08291161107483598,0.0005679194697478175,0.03550330059504628
661.7661587279537,0.04576762399364381,0.8353672308172861,0.08279300061200676,0.0005947770482734697,0.035477367529158824
661.9663905460257,0.04568204165319662,0.835694639613457,0.08266241017313755,0.0006679122574314063,0.03529299630314345
662.1666223640976,0.04563001768121727,0.8356356437594098,0.08260100097278851,0.0005462563640467329,0.035587081222904535
662.3668541821696,0.04563544558354883,0.8359730406110208,0.0823732467935334,0.0005915559490811123,0.0354267110631836
662.5670860002416,0.04556761341347474,0.8362012093730535,0.08226010317594307,0.0006417842071101414,0.035329289830785204
662.7673178183137,0.04551391964451398,0.8363375057023245,0.08211675935800046,0.0005749954808635014,0.03545681981466456
662.9675496363857,0.04550224992518373,0.8363799433849839,0.08201333500495542,0.000544862115164297,0.03555960957007713
663.1677814544577,0.04546012405952182,0.8366524042205654,0.08188448191968145,0.000639918857142421,0.03536307094345304
663.3680132725297,0.045376278063250224,0.836739486831222,0.0818041576696361,0.0005859329132603166,0.03549414452299345
663.5682450906016,0.04538873285501921,0.8367037624876434,0.08171174100731834,0.0005235981843058752,0.03567216546607642
663.7684769086736,0.04534021255480547,0.8371128137760088,0.08152913588929256,0.0006335426485678165,0.03538429513168997
663.9687087267456,0.04526136985942871,0.8371753078758871,0.08144972977665152,0.0005675475154060852,0.035546044972991624
664.1689405448176,0.04526513804384535,0.8373953947689261,0.08123838669243867,0.000536986969651373,0.035564093525499274
664.3691723628897,0.04522947725244999,0.8376086936538664,0.08111086023982288,0.0005951456708102905,0.0354558231834104
664.5694041809617,0.04515858974325994,0.8378028308163709,0.08098259495868297,0.0005865458172961183,0.03546943866475053
664.7696359990337,0.04512924850901254,0.837801269853617,0.08088813341179822,0.0005106280777366878,0.0356707201481978
664.9698678171056,0.045125539563106484,0.837996791091877,0.08076015139411612,0.0005835453426776128,0.035533972608589225
665.1700996351776,0.045038411833656304,0.8382259606295133,0.08064840373084552,0.0006006053040537698,0.03548661850229904
665.3703314532496,0.045018798172192766,0.838140603075144,0.0805739516896069,0.00048747330081583924,0.035779173762608495
665.5705632713216,0.045008899599529514,0.83853350739381,0.08035656836510179,0.000574929966050169,0.03552609467587329
665.7707950893936,0.04493260061974123,0.8387206462265313,0.08024716060626366,0.0005820370974954993,0.03551755545033097
665.9710269074657,0.04490909403421874,0.8388638592925838,0.08006866792794289,0.0005114418394058239,0.03564693690621062
666.1712587255377,0.04489583465042828,0.8389991566573798,0.0799420554429469,0.0005295707062154231,0.03563338254339421
666.3714905436096,0.04483720015165974,0.8392568901873335,0.079811349778868,0.0005872691304692526,0.035507290752032475
666.5717223616816,0.044779824178744564,0.8392906563788792,0.07971664369510786,0.0005106666235173642,0.035702209124114016
666.7719541797536,0.04479507918138731,0.8393469863819789,0.07960673405456291,0.0005110370039273711,0.03574016337850295
666.9721859978256,0.04472931788839184,0.8396990894086934,0.07945232516523593,0.0005908651760256541,0.03552840236201098
667.1724178158976,0.04467378014737269,0.83967840195176,0.07937289568534077,0.000490329351988778,0.03578459286389489
667.3726496339696,0.044683205302626997,0.8399764680204407,0.07914913529892616,0.0005127781654190013,0.03567841321294872
667.5728814520415,0.04463073354701752,0.8402189651949911,0.07901662985529824,0.0005645812383727323,0.03556909016468053
667.7731132701136,0.04457833644942607,0.84036824732329,0.07886517384491391,0.0005124022851309507,0.03567584009760061
667.9733450881856,0.04456571716708447,0.8404247472147053,0.07874555133061963,0.00047573422216296826,0.03578825006578629
668.1735769062576,0.04453916738048073,0.8406749643615203,0.0786125546861936,0.0005584093376226548,0.035614904234539294
668.3738087243296,0.044463806433368586,0.8408126189654257,0.07850374936740698,0.000526421255242551,0.03569340397890981
668.5740405424016,0.044467379486343085,0.840757431762348,0.0784146299912356,0.00045291873631046916,0.03590764002411744
668.7742723604736,0.044436837898153815,0.8411593053943973,0.07822044547959638,0.0005522344782242086,0.03563117674998272
668.9745041785455,0.04436513155609042,0.8412666435808113,0.07811694244008428,0.00050997710574807,0.03574130531762223
669.1747359966175,0.04436511973258227,0.8414562006038244,0.07791167492861308,0.0004678675503035013,0.035799137185030055
669.3749678146896,0.04434018599891867,0.8416692251904645,0.07777090351873545,0.0005153857225050482,0.03570429956972736
669.5751996327616,0.04427955648959908,0.841881190292535,0.07763014365606634,0.0005215873325270508,0.03568752222962547
669.7754314508336,0.04424798126549024,0.8419115833740671,0.07751500750965984,0.0004524426885807057,0.035872985162556714
669.9756632689056,0.044251463816406544,0.84206381210774,0.07739262278927225,0.0005009723188385126,0.03579112896810011
670.1758950869776,0.044179930152084115,0.8423306526277906,0.07725639354735064,0.0005336643206048588,0.035699359352526175
670.3761269050495,0.044152047768695676,0.8422630619123628,0.07717297998438949,0.00042996083791025204,0.03598194949699701
670.5763587231215,0.044152434633888744,0.8426223319474901,0.07695617475644229,0.0004959528085644836,0.03577310585396775
670.7765905411935,0.044089792632659136,0.8428384426162626,0.0768257394546395,0.0005159010945080323,0.03573012420228495
670.9768223592656,0.04406258746634222,0.8429754048188008,0.07664771339980492,0.00045028055047179245,0.03586401376493397
671.1770541773376,0.0440530012891498,0.8431122101705777,0.07650896423410725,0.0004566551802195634,0.03586916912630412
671.3772859954096,0.04400935690236497,0.8433686687562107,0.07636995009181978,0.000515799380064593,0.03573622486989461
671.5775178134816,0.04395448412380052,0.8434457957895317,0.07625168567189763,0.0004563603930063197,0.03589167402211831
671.7777496315535,0.04396649675629071,0.8434652665797859,0.0761486682366859,0.0004362266254231139,0.03598334180216677
671.9779814496255,0.04391876407582143,0.843829063678203,0.07597879041540892,0.0005171539739371402,0.03575622785698514
672.1782132676975,0.043863189957849644,0.8438494862895664,0.07588045142484795,0.00043839929590697705,0.03596847303218468
672.3784450857695,0.0438733502281686,0.8441062934193895,0.07566430535614736,0.0004413696332317209,0.035914681363422185
672.5786769038416,0.04383423707732603,0.8443568141318872,0.07551754519091947,0.0004912342188741481,0.03580016938135137
672.7789087219136,0.043785078620397946,0.8445195640414935,0.07535937532391741,0.00045390539799350626,0.03588207661655774
672.9791405399856,0.04377120924454818,0.8445911010725865,0.07522483170011282,0.00041416696857392646,0.03599869101453509
673.1793723580575,0.04375667076780236,0.844812570606709,0.07509264977382082,0.0004818368869532321,0.03585627196507372
673.3796041761295,0.043691139171151354,0.8449922816898048,0.07496122668660972,0.00046864890860718136,0.035886703544183066
673.5798359942015,0.04368618418340922,0.8449305082884115,0.07487103057228975,0.00039116551623148027,0.03612111144001403
673.7800678122735,0.04367013782368099,0.8453135879687433,0.0746728877206958,0.0004765681328988321,0.03586681835433711
673.9802996303455,0.04360739564757297,0.845460415356394,0.07454868862261409,0.0004543015363450583,0.0359291988374298
674.1805314484176,0.04360282365719633,0.8456233353000338,0.07435025447156525,0.0004056675718834026,0.03601791899967306
674.3807632664896,0.043586138881291384,0.8458340194462143,0.07419941528056286,0.00044253403411569276,0.03593789235816904
674.5809950845616,0.043536324806706085,0.8460578907097253,0.07405023437449758,0.00045987466206912726,0.03589567544735559
674.7812269026335,0.04350380806094366,0.8461183258343798,0.07391696744452377,0.0003994043872433383,0.03606149427326511
674.9814587207055,0.043510678966598465,0.8462295588854744,0.07380124703023316,0.00042604143868164564,0.036032473679369834
675.1816905387775,0.04345433408426979,0.8465226864111146,0.07364793022421638,0.00046928359603017847,0.03590576568472513
675.3819223568495,0.04342103393567309,0.8464812318838366,0.07355263374091144,0.00037890778241353657,0.03616619265751937
675.5821541749215,0.04342783315443348,0.846800514431776,0.07334161537943472,0.000424170151023863,0.03600586688368619
675.7823859929936,0.04337820255582736,0.8470376665685677,0.07319547747571732,0.00045228392880053187,0.03593636947143998
675.9826178110656,0.04334872084481293,0.8471726883369111,0.07301804616422838,0.000394715637241058,0.03606582901716111
676.1828496291375,0.043341278099930235,0.847311388032924,0.07286892625307487,0.00039190679976082514,0.036086500814664635
676.3830814472095,0.04331071165432238,0.847558161639522,0.07272684662508092,0.000448230798278879,0.035956049283147586
676.5833132652815,0.0432600300266393,0.8476730691507552,0.07258950913191245,0.00040501731340722907,0.03607237437763879
676.7835450833535,0.043267106688697994,0.8476659817880807,0.07249059713660597,0.00037059815839809047,0.03620571622856599
676.9837769014255,0.04323509637832491,0.8480291823942478,0.07231286436723651,0.00044796186099383984,0.03597489499954626
677.1840087194975,0.04318236271127503,0.8480903539308816,0.07219664198156675,0.0003899528723033345,0.03614068850432084
677.3842405375696,0.04319083397755734,0.848306666173348,0.0719902009072632,0.00037753222117814316,0.036134766721003526
677.5844723556415,0.04316293803193604,0.8485598283975723,0.07183366292038304,0.0004230199707847423,0.03602055067967276
677.7847041737135,0.04311864361394986,0.8487352495711071,0.0716707170476764,0.0003995909594433781,0.03607579880817421
677.9849359917855,0.04310358516036783,0.8488214601688394,0.07152324382443707,0.00035957087988424774,0.03619213996682232
678.1851678098575,0.0430975667993286,0.8490104716958466,0.07139516118034303,0.0004112756721801107,0.036085524652656256
678.3853996279295,0.043042570305667764,0.8492233689401958,0.07124729865649743,0.00041332955109452444,0.0360734325468984
678.5856314460015,0.04303033222509604,0.8491663306333284,0.07115236248771967,0.0003376811483069629,0.03631329350590655
678.7858632640734,0.04302522354539606,0.8495209020150918,0.07095648718413325,0.0004073250860719207,0.03609006216966234
678.9860950821455,0.04297236982490545,0.8497005087607774,0.07081593568393621,0.0004009012965646128,0.03611028443417113
679.1863269002175,0.042963275069989884,0.8498419899414295,0.07062436957029368,0.0003502944166705143,0.03622007100197215
679.3865587182895,0.0429526845840657,0.8500485809043371,0.07046619050120441,0.00037718721692012863,0.0361553567938307
679.5867905363615,0.04291354275300831,0.8502778689434815,0.07031273665627227,0.0004018352369922399,0.03609401641060049
679.7870223544335,0.0428813419403897,0.8503653020303574,0.07016470717487062,0.0003510303618570011,0.03623761849288161
679.9872541725055,0.042888657740035675,0.8504404780068259,0.07005517403897152,0.0003593843291018403,0.03625630588541951
680.1874859905774,0.04284649271547865,0.8507487113703426,0.06989178745251519,0.0004084727360654087,0.036104535725951695
680.3877178086494,0.042810611997924845,0.8507385410655623,0.06978344220087129,0.0003334095728725348,0.03633399516312217
680.5879496267215,0.042820468893491476,0.8510142864470963,0.06958176940061966,0.00035989602786609746,0.036223579231278065
680.7881814447935,0.042782680827204135,0.8512649785831172,0.06942501623464332,0.0003922155234400927,0.036135108831949564
680.9884132628655,0.04275254979058786,0.8514017661432136,0.06924850765439187,0.00034456271789961315,0.03625261369426089
681.1886450809375,0.042746157929593,0.8515420605662886,0.06909098925446597,0.0003350237972028706,0.03628576845280045
681.3888768990095,0.04272636233600555,0.8517722064344048,0.06895009014393863,0.00038534516997875367,0.036165995916022715
681.5891087170814,0.0426811403546087,0.8519187621193626,0.06879863169381896,0.00035676771998887567,0.03624469811256966
681.7893405351534,0.04268266756020394,0.8518957509998465,0.06870077600000783,0.00031390666267605197,0.03640689877761405
681.9895723532254,0.042663735780777035,0.8522471878811821,0.06852175227281779,0.00038412610501179954,0.03618319796055973
682.1898041712975,0.04261598923585063,0.8523461789943341,0.06839016068728608,0.0003446497071177994,0.03630302137575928
682.3900359893695,0.04262122545792703,0.8525251421431298,0.06819426712585389,0.00032120159632490164,0.03633816367711326
682.5902678074415,0.04260243310602147,0.8527763856598195,0.06803176502225831,0.0003608283757792421,0.03622858783646793
682.7904996255135,0.04256416664430543,0.8529623909839807,0.06786640105841175,0.00034945051258306265,0.03625759080106482
682.9907314435854,0.042548221505238175,0.8530618961638752,0.06770859184416332,0.0003112649809589208,0.03637002550610944
683.1909632616574,0.04254757448893701,0.8532175013270594,0.0675863188772252,0.00034748152119924654,0.03630112378592387
683.3911950797294,0.04250324274070634,0.8534546251948875,0.06742810029219418,0.0003611193306641984,0.03625291244189317
683.5914268978014,0.04248551009976348,0.8534114010255157,0.06732591180581807,0.0002915545373154344,0.03648562253193335
683.7916587158735,0.042487926807399636,0.8537300659526217,0.0671370100863006,0.0003449426314059536,0.03630005452261612
683.9918905339455,0.04244511926327668,0.8539350771131464,0.06698483740226588,0.0003502632149023796,0.03628470300675448
684.1921223520175,0.042432181137304965,0.8540609492742981,0.06679981400419845,0.00030144949050038176,0.036405606094042794
684.3923541700894,0.04242587629780968,0.8542617874562147,0.06663673561719509,0.00031947686793673644,0.03635612376118817
684.5925859881614,0.04239665389941681,0.8544899424222417,0.06648288377661771,0.0003478288041587324,0.036282691097907785
684.7928178062334,0.04236590669903528,0.8546006591446995,0.06632396160688538,0.00030694178749759445,0.03640253076222799
684.9930496243054,0.042371641915795163,0.8546465746713109,0.0662191450034413,0.0003011736297149489,0.03646146478008114
685.1932814423774,0.042342169804123565,0.8549592258077431,0.06605200084649292,0.00035199427346919245,0.03629460926851548
685.3935132604495,0.04230625425926056,0.85498241641984,0.06593107072485457,0.00029262352549140754,0.036487635070895995
685.5937450785215,0.04231648363157413,0.8552139008700055,0.06574079571678527,0.00030316199695845175,0.036425657785017905
685.7939768965934,0.04228905571259081,0.8554713037401535,0.06557800667179509,0.0003365513283178889,0.03632508254748352
685.9942087146654,0.042259878481602876,0.8556125175329152,0.06540308301620937,0.00029951161824927277,0.03642500935136494
686.1944405327374,0.0422538079862698,0.8557534993578412,0.06523938463421405,0.000285443992036503,0.036467864029980215
686.3946723508094,0.04224233093352196,0.8559619374024332,0.06510274646735756,0.000327757521866497,0.03636522767516329
686.5949041688814,0.042203416495258016,0.8561337707605922,0.06494221247852798,0.00031179977298610647,0.03640880049297788
686.7951359869534,0.04219964253035341,0.856104850168889,0.06484269296130575,0.0002655273927933269,0.036587286947001765
686.9953678050255,0.042190989851156616,0.8564348961771129,0.0646676934450035,0.00032616491395570977,0.036380255613114115
687.1955996230975,0.04214962592963918,0.8565668946415919,0.06452423134541346,0.00030233030389272334,0.03645691777980591
687.3958314411694,0.042150912903903465,0.8567135146810453,0.06433882996075925,0.00027208890494349197,0.0365246535496917
687.5960632592414,0.0421392480607418,0.8569589527511462,0.0641735702447349,0.0003051506423727205,0.03642307830134544
687.7962950773134,0.042107641955875096,0.8571523394170624,0.06400836871897546,0.0003034240581263921,0.036428225850304474
687.9965268953854,0.042091259182388666,0.8572631159637966,0.06384323002848753,0.0002685739698230514,0.03653382085584896
688.1967587134574,0.04209336540731078,0.8573868393504981,0.06372717652173143,0.0002908725241465682,0.036501746196658164
688.3969905315294,0.04205932632778662,0.8576393494828884,0.06356426670018955,0.00031255478124995507,0.03642450270822992
688.5972223496015,0.042038109958475046,0.8576164012925753,0.06345365200592942,0.00025177197836767737,0.03664006476499798
688.7974541676734,0.04204497777099741,0.8578943564414812,0.06327492159781072,0.00028956892978643776,0.03649617526026947
688.9976859857454,0.04201178030347276,0.8581172917176151,0.06311579902388521,0.00030289909028275537,0.03645222986509141
689.1979178038174,0.04199610618585526,0.8582333316699319,0.06293693950989299,0.00025867629761804745,0.03657494633704735
689.3981496218894,0.041992614587426084,0.8584267441034359,0.06277123494467511,0.0002691692271512277,0.0365402371376572
689.5983814399614,0.04197209670678561,0.8586476744477798,0.06262030622102575,0.00029815114131517844,0.03646177148343599
689.7986132580334,0.041943768295617107,0.8587776545225541,0.06245455125958935,0.0002668609693967791,0.036557164953187976
689.9988450761053,0.04194676782813588,0.858802096499245,0.06235254322872685,0.00025117941727985734,0.036647413026957745
690.1990768941774,0.04192815718928073,0.8591092818579756,0.0621870161185217,0.00030035752945359534,0.036475187305113885
690.3993087122494,0.041894284559769554,0.8591652298410297,0.06205529138643838,0.0002558474054804334,0.03662934680762542
690.5995405303214,0.04190294888961595,0.8593543415223728,0.06187721321612745,0.00025376518832826193,0.03661173118389995
690.7997723483934,0.041884257199498905,0.859612400027663,0.06171232958389267,0.0002859069828349557,0.03650510620645456
691.0000041664654,0.04185742496997976,0.8597593917760803,0.06154000957532602,0.00025918087431020824,0.03658399280464942
691.2002359845374,0.04185124025526986,0.8598997395052483,0.061372549239447946,0.0002424703428839507,0.03663400065749466
691.4004678026093,0.041845710780551236,0.8600834436385649,0.06124208530466194,0.00027589055917698866,0.036552869717387824
691.6006996206813,0.041813548860144,0.860274149622345,0.06107731086196337,0.0002703020505266032,0.03656468860536337
691.8009314387534,0.041805327312593836,0.8602479558934418,0.060974146076277234,0.00022458807032574697,0.03674798264770244
692.0011632568254,0.041804177536003226,0.8605489011013566,0.06080715311941701,0.0002743202743189808,0.036565447969244644
692.2013950748974,0.04176990045909701,0.8607078968504306,0.06065580979479344,0.0002629847763779682,0.03660340811964285
692.4016268929694,0.041767237700123895,0.8608283762091066,0.060480308728075985,0.00022972551923158428,0.036694351843803694
692.6018587110414,0.04176092417977356,0.8610646581349813,0.060314985173204154,0.0002561123513226303,0.03660332016106027
692.8020905291133,0.041736083131995345,0.8612614331643885,0.06015251988083077,0.00026143208488792864,0.03658853173824039
693.0023223471853,0.04171978708091352,0.861381163570883,0.05998325201170339,0.00023088404966702713,0.03668491328717717
693.2025541652573,0.04172265762045264,0.8614765057677587,0.05987290355729042,0.00024153551573052876,0.03668639753911118
693.4027859833293,0.04169812054832975,0.8617358730221124,0.05971031094164246,0.0002680182308819674,0.036587677257376994
693.6030178014014,0.04167539031878159,0.8617369732311142,0.05959140083254725,0.00021734023728434593,0.03677889538061563
693.8032496194734,0.0416841232013772,0.861972106958639,0.05942466136500446,0.0002411154995375292,0.036677992975785334
694.0034814375454,0.041659682794401076,0.8622057880916745,0.05926288419116943,0.00025926704410346067,0.036612377878995246
694.2037132556173,0.04164258653485237,0.8623171154518512,0.059089972022100874,0.00022141499631560217,0.03672891099522255
694.4039450736893,0.0416407468551993,0.8625014240568422,0.058923808967613255,0.00022577653101245773,0.03670824358967306
694.6041768917613,0.041627433596237655,0.8627099529528018,0.05877839137394983,0.00025302569515269516,0.03663119638219941
694.8044087098333,0.04160228535873438,0.8628551165242953,0.0586097850689014,0.0002305856342615293,0.03670222741415129
695.0046405279053,0.04160213863953912,0.862866015558196,0.05850872296642496,0.00020885398626054752,0.03681426884992392
695.2048723459774,0.04159235281862696,0.8631589825952297,0.05834911251871891,0.00025383734330303,0.03664571472446617
695.4051041640494,0.0415620511203834,0.8632449482126112,0.05820931343008701,0.00022255162787387787,0.03676113560938817
695.6053359821213,0.04156796390967513,0.8633957592208941,0.058043295212989635,0.0002113133183930542,0.036781668338391006
695.8055678001933,0.041556371097073,0.8636491999367111,0.057879594040408114,0.00024063041952482466,0.036674204506625764
696.0057996182653,0.04153293422982551,0.863801951234873,0.05771118275727975,0.00022316770484932723,0.03673076407351828
696.2060314363373,0.04152643507481715,0.8639401772741265,0.05754247448298574,0.00020536799337507455,0.036785545175043226
696.4062632544093,0.04152474245597661,0.8640981496178428,0.057419068235931674,0.0002299573828317922,0.0367280823077648
696.6064950724813,0.04149940479406002,0.8643014175832492,0.05725444949046973,0.00023241767040431483,0.036712310462164145
696.8067268905534,0.04148793932851547,0.8642847028576847,0.05714660783517624,0.00019009770481574428,0.036890652274156936
697.0069587086253,0.04149170346117741,0.8645510415850516,0.05699029433785294,0.00022860635999993046,0.03673835425626652
697.2071905266973,0.04146463608362333,0.8647304403506004,0.056835125644334315,0.00022669881187912172,0.036743099109912705
697.4074223447693,0.041458569101381855,0.8648314592574696,0.05666871953008397,0.00019351228914110902,0.03684773982227244
697.6076541628413,0.04145605971613657,0.8650556832546867,0.056505608157210535,0.00021353800153079455,0.03676911087078272
697.8078859809133,0.04143762657263513,0.8652514810267858,0.0563482301000363,0.0002233926846189588,0.036739269616269984
698.0081177989853,0.04142196284359934,0.8653778285661189,0.056178016220843466,0.00019766418569905174,0.03682452818408646
698.2083496170573,0.04142425191204608,0.8654496378857734,0.05607233986872885,0.00019925906096192198,0.03685451127283754
698.4085814351293,0.041408098897725044,0.865707847739345,0.05591425932596929,0.00022772889713001214,0.03674206514017941
698.6088132532013,0.04138559415601129,0.8657342658379288,0.055788291928991554,0.0001873716966474015,0.03690447638077075
698.8090450712733,0.04139419025102851,0.865927048571609,0.0556342050936408,0.00019930438034361297,0.036845251703727155
699.0092768893453,0.041377396314696974,0.8661648612684603,0.055473504167392884,0.00021970982575554424,0.036764528424045
699.2095087074173,0.04136019690332251,0.8662754850087516,0.055306598564419364,0.00018905768978433527,0.036868661834072426
699.4097405254893,0.041359129808255596,0.8664491062545601,0.05514204638301161,0.00018866215348882994,0.036861055401032405
699.6099723435613,0.04135141567728241,0.8666413045740087,0.05500392879674151,0.00021258817899908467,0.03679076277331764
699.8102041616332,0.04132998741566492,0.8667976478059051,0.05483616429944311,0.00019795479894037522,0.036838245680395995
700.0104359797053,0.041326856754675664,0.8668023452353781,0.05473458763187465,0.00017343189152551147,0.03696277848689731
700.2106677977773,0.04132379416047595,0.867073788686954,0.05458407050483898,0.000212507209061155,0.03680583943902294
700.4108996158493,0.04129803744539508,0.8671855037886584,0.05443943352988989,0.00019237321211663545,0.03688465202429301
700.6111314339213,0.04130069897227543,0.8673036788471247,0.054284736023614416,0.00017526896842437096,0.0369356171889151
700.8113632519933,0.04129464177334686,0.8675479738141878,0.054124868320537596,0.00020080934160008796,0.036831706750680336
701.0115950700653,0.041275246217608266,0.8677052236323508,0.053961827457314995,0.00019108646799772665,0.036866616225080216
701.2118268881372,0.04126841916796315,0.8678399177187247,0.053794353413515766,0.00017342880738260044,0.03692388089276682
701.4120587062092,0.041268830446646684,0.8679729630580575,0.05367808941019243,0.0001899583728391857,0.03689015871261926
701.6122905242813,0.041250054939611015,0.8681826726424986,0.05351742631704737,0.00019821554715098192,0.03685163055404495
701.8125223423533,0.041236674759177826,0.8681800661567266,0.05340485565158232,0.00016105628229423795,0.03701734715057249
702.0127541604253,0.041243087768127885,0.8684086486898421,0.053260700597333226,0.00018885581027357527,0.036898707134776824
702.2129859784973,0.04122290331514414,0.8686017702751284,0.05310550676860923,0.00019359250586483258,0.03687622713560774
702.4132177965693,0.0412143323077506,0.8686898021660846,0.052947427331834794,0.00016277105447454765,0.03698566714021013
702.6134496146412,0.041214318163729564,0.8688994958708168,0.05278845990389781,0.0001770306926795816,0.03692069536922862
702.8136814327132,0.04120158275453982,0.8690900178930278,0.05263812957943617,0.00018922358489525492,0.03688104618845391
703.0139132507852,0.041187074800943045,0.8692207998265005,0.05246995826627075,0.0001684629515598301,0.03695370415507747
703.2141450688573,0.041188025083628524,0.8692745984946244,0.05236777418960666,0.00016358820781471733,0.037006014024677764
703.4143768869293,0.041178909809529145,0.8695243765493255,0.05221750358291422,0.00019175329917944605,0.03688745675940613
703.6146087050013,0.04115802518749378,0.8695752545340296,0.05208653008135118,0.00016112966103966307,0.03701906053644292
703.8148405230733,0.041165102979643486,0.8697284285065301,0.051944873929525216,0.00016371022268544698,0.036997884361972315
704.0150723411452,0.04115471783689715,0.869964465710691,0.05178833343489441,0.00018441785112890345,0.03690806516674488
704.2153041592172,0.04113857896377917,0.8700770237440371,0.051627788655300835,0.00016099797753207505,0.036995610659707384
704.4155359772892,0.04113765946116143,0.8702386185026666,0.05146678571558311,0.00015712742205239755,0.036999808898894496
704.6157677953612,0.041133991733766265,0.8704119776711574,0.051336995869826395,0.0001768707777937134,0.03694016394781849
704.8159996134333,0.04111659328738747,0.870575625285231,0.05117332976242658,0.0001688170201989069,0.03696563464512104
705.0162314315053,0.04111102748082814,0.870580319957575,0.051070390178364705,0.00014403102468497255,0.037094231358912155
705.2164632495773,0.0411126554239573,0.8708246506408865,0.05093105290716915,0.0001762774399991801,0.036955363588351504
705.4166950676492,0.041091914470939905,0.8709569114780323,0.050784956387619894,0.00016508363248715586,0.03700113403128443
705.6169268857212,0.041091394935610454,0.8710490273787714,0.05064054590938404,0.00014499415618888012,0.037074037620410394
705.8171587037932,0.04108943964558953,0.8712803547137249,0.0504866049098275,0.00016630580092501384,0.03697729493029594
706.0173905218652,0.0410743247839907,0.8714398758394555,0.05033040032250584,0.00016259174413570137,0.036992807310276515
706.2176223399372,0.041067300717168256,0.8715698934918027,0.05016648645981445,0.00014600595078354827,0.037050313380795175
706.4178541580093,0.04106851431683224,0.8716802407086202,0.050056923543606927,0.00015569495820081115,0.03703862647310211
706.6180859760813,0.041055754291963724,0.8718905597089789,0.04990332609599008,0.0001676791998484379,0.03698268070358211
706.8183177941532,0.04104173799029565,0.8719045766814876,0.049786841470459316,0.00013653578558941323,0.03713030807253082
707.0185496122252,0.041048957673490004,0.8720945947811662,0.04965531526386576,0.00015476074659023862,0.03704637153525199
707.2187814302972,0.041035011508952036,0.8722950402830496,0.04950342794541145,0.00016376547033903894,0.03700275479261052
707.4190132483692,0.04102500191231022,0.8723757796349878,0.04935310606867229,0.00013679495089368303,0.03710931743350015
707.6192450664412,0.04102641193977815,0.8725689420209453,0.04919991486441547,0.00014605279302767397,0.03705867838219643
707.8194768845132,0.041018440910944816,0.8727503526114333,0.04905810279916503,0.00015883327343899707,0.03701427040538132
708.0197087025853,0.04100555260097577,0.8728836091726808,0.048894636291921895,0.0001428925769577319,0.03707330935782567
708.2199405206572,0.04100489388220962,0.8729249589358954,0.04879491092122609,0.00013389333255652187,0.037141342928474375
708.4201723387292,0.041001345859835656,0.8731600092187722,0.048654833684009136,0.00016002776565011168,0.03702378347209658
708.6204041568012,0.04098308374142759,0.8732328465131144,0.048521390150736,0.00013803909718499742,0.03712464049790089
708.8206359748732,0.0409878602579716,0.8733509474664344,0.04839135008331843,0.00013379932755278355,0.03713604286508367
709.0208677929452,0.04098261826282784,0.8735800724794908,0.0482414022535209,0.00015341871602860013,0.037042488288493464
709.2210996110172,0.040968440455798304,0.8736957731662798,0.048087814663870514,0.00013666968477556466,0.0371113020296389
709.4213314290892,0.04096727217625581,0.8738444001668761,0.04793211562076937,0.00013047489002871848,0.03712573714643319
709.6215632471612,0.040966272077474206,0.8739978348816213,0.04781103743358783,0.00014579234422439595,0.037079063263456384
709.8217950652332,0.04095298376929705,0.8741650483731845,0.04765419809207076,0.00014300771037514739,0.03708476205543885
710.0220268833052,0.04094574233479647,0.8741744575374928,0.04754972819337639,0.0001197426091461635,0.03721032932555496
710.2222587013772,0.040950215300293094,0.8743879829063033,0.047422667892209364,0.00014493227962518337,0.03709420162193384
710.4224905194492,0.040934540476052,0.8745351707929666,0.04727833183658224,0.00014054414721058393,0.037111412747552745
710.6227223375212,0.040931330370794355,0.8746080274154425,0.047143131829171146,0.00011979491091284668,0.03719771547404238
710.8229541555932,0.04093220620175612,0.8748232558054567,0.046996726870354624,0.00013680738495010762,0.03711100373784743
711.0231859736651,0.04092125232645953,0.8749822207238744,0.046848686152993695,0.00013738626330357144,0.03711045453373266
711.2234177917372,0.0409142657976128,0.875106787171951,0.04669040039541321,0.000122525877936616,0.037166020757452706
711.4236496098092,0.04091540815091851,0.8751976202417331,0.04658683965834288,0.00012679977367640994,0.037173332175695344
711.6238814278812,0.04090789208655992,0.8754031273182085,0.04644268874102939,0.0001407103413499469,0.03710558151322222
711.8241132459532,0.04089434638005504,0.8754343771670777,0.04632376849225526,0.0001157299018890589,0.0372317780590939
712.0243450640252,0.04090100746607449,0.8755871750392268,0.04620456103263865,0.00012590864882005694,0.03718134781361148
712.2245768820972,0.04089245497122589,0.8757890710202172,0.04605872926851406,0.00013725728270321227,0.037122487457710886
712.4248087001691,0.040882071102750765,0.8758670284176406,0.04591586939167961,0.00011489329639516029,0.037220137791905666
712.6250405182411,0.040884067390164834,0.8760422103491816,0.04576980682081254,0.0001199972712463835,0.0371839181689664
712.8252723363132,0.04087983403711558,0.876211435689115,0.04563746627520859,0.0001321070609157442,0.037139156938017615
713.0255041543852,0.04086893645887145,0.8763454148774831,0.045480956352627076,0.00012060973202871401,0.0371840825793634
713.2257359724572,0.040866760781142486,0.8763793899214426,0.04538299428870167,0.00010944343086105429,0.0372614115782254
713.4259677905292,0.0408672900460175,0.8765946221540616,0.04525461917581714,0.00013238592895750014,0.03715108269551949
713.6261996086012,0.04085226493537507,0.8766857928972065,0.04512141500524176,0.00011767181857816629,0.03722285534396991
713.8264314266731,0.04085448455694923,0.8767745604345468,0.045001857830204814,0.00010896691478689765,0.037260130263880836
714.0266632447451,0.04085316323719959,0.8769924268960235,0.04486032543489932,0.00012658934473698018,0.03716749508750977
714.2268950628171,0.040841531139724475,0.8771111715120595,0.0447144370113593,0.0001155716332586508,0.037217288703967094
714.4271268808892,0.0408399200665614,0.8772464014994225,0.04456555856290181,0.00010804810857775636,0.03724007176290816
714.6273586989612,0.0408404589792705,0.8773801005131445,0.04445309611521616,0.0001191586319162563,0.03720718576082311
714.8275905170332,0.04083114242740167,0.8775472801276362,0.04430524014364842,0.00012033758886980048,0.03719599971281542
715.0278223351052,0.040823047755632016,0.8775645154090388,0.04419970610504351,9.970171136560546e-05,0.037313029019292294
715.2280541531771,0.040828801055516485,0.8777454989651512,0.04408518209854279,0.00011816272194737692,0.037222355159215056
715.4282859712491,0.04081791796723036,0.8779019963366942,0.04394545613118451,0.00011866038840422806,0.03721596917685969
715.6285177893211,0.040812766964186384,0.8779619976732929,0.0438185256390507,9.896372947977726e-05,0.03730774599436176
715.8287496073931,0.04081538578468009,0.8781587013409949,0.04368084803439315,0.00011188408571697719,0.03723318075458314
716.0289814254652,0.04080819480535477,0.8783140734699303,0.04354205139537596,0.00011521650973726298,0.0372204638199703
716.2292132435372,0.0408015422297691,0.8784327941766662,0.043391134059862585,0.000102485859008185,0.03727204367506292
716.4294450616092,0.040802120804779914,0.8785077630426471,0.043292845210439655,0.00010277891521987138,0.03729449202728174
716.6296768796811,0.040798921691493545,0.8787035992737434,0.0431597994729643,0.00011714190527141863,0.03722053765689681
716.8299086977531,0.04078671252737523,0.8787511286475365,0.04304033976375798,9.797454379656378e-05,0.03732384451790276
717.0301405158251,0.04079193426244861,0.8788698555598057,0.042932603032954895,0.00010181392032673435,0.037303793224833404
717.2303723338971,0.040787828311379185,0.8790679991872252,0.04279495802243494,0.00011402638858138678,0.03723518809074733
717.4306041519691,0.04077800477367442,0.8791462901520345,0.04265953867255799,9.642678278975356e-05,0.03731973961931152
717.6308359700411,0.040779975156139535,0.8793026797217518,0.04252168112696457,9.824324903577058e-05,0.037297420746477024
717.8310677881132,0.0407784723670309,0.8794575800090684,0.042399283545969155,0.00010889346681569824,0.037255770611486265
718.0312996061851,0.04076981605030367,0.8795906716024127,0.04225153017418886,0.00010129891966973398,0.03728668325379585
718.2315314242571,0.04076645009201965,0.879621483955252,0.042155062583120274,8.94742802188038e-05,0.037367529089761986
718.4317632423291,0.04076964556459913,0.8798131963844693,0.04203911012526457,0.0001085856521778468,0.037269462273862325
718.6319950604011,0.040758123610858066,0.8799184364264158,0.04190876686983135,9.971640115708439e-05,0.03731495669211397
718.8322268784731,0.04075795115469393,0.8799841819201377,0.04179847232738003,8.857265247394692e-05,0.0373708219456891
719.0324586965451,0.04075942059637376,0.880187241050338,0.04166663486055852,0.00010368369572166636,0.03728301979738233
719.232690514617,0.04075060014104407,0.880307882247474,0.041529221519579794,9.727804155809862e-05,0.03731501805071651
719.4329223326891,0.04074852450702625,0.8804298436737291,0.041388400369437785,8.92516191995051e-05,0.037343979830981394
719.6331541507611,0.04074975544638644,0.8805450071887133,0.04128415528094478,9.667371981020715e-05,0.03732440836451955
719.8333859688331,0.04074407663089281,0.880708717957872,0.04114686260398059,0.00010059102147391104,0.03729975178615664
720.0336177869051,0.0407359028875297,0.880735349005861,0.041041236014958675,8.313436995421702e-05,0.037404377722072744
720.2338496049771,0.04074171451447576,0.8808839300545124,0.04093885276623363,9.55941954197024e-05,0.037339908469735505
720.4340814230491,0.04073511838506556,0.8810444237609532,0.04080609007821532,9.934448508372762e-05,0.037315023291059235
720.634313241121,0.040728882280099,0.8810970900331792,0.04068672600859275,8.181687160586557e-05,0.03740548480690039
720.834545059193,0.0407323502916131,0.8812735866365528,0.04055860228854284,9.104178547198545e-05,0.03734441899819671
721.0347768772651,0.04072834198505687,0.8814224766991042,0.04042981838523032,9.586045511876931e-05,0.037323502475866084
721.2350086953371,0.04072233825213902,0.8815352677424829,0.040287646542061045,8.54444332915962e-05,0.03736930303040387
721.4352405134091,0.04072216734196091,0.8815980417311297,0.04019403091310091,8.305992002472457e-05,0.03740270009416077
721.6354723314811,0.040722278664393693,0.8817800797489493,0.04007307131725149,9.675521458049437e-05,0.03732781505520326
721.8357041495531,0.040712006259468254,0.8818417814735284,0.039955141382190903,8.274513648413912e-05,0.03740832574870695
722.035935967625,0.04071535715983431,0.881930924183613,0.03985772088730021,8.194633820557367e-05,0.037414051431427266
722.236167785697,0.04071472438291921,0.882120859904459,0.03972979612230855,9.394653047340272e-05,0.03734067306021769
722.436399603769,0.040706182396878086,0.8822011837168643,0.039602017803520934,8.083058840769422e-05,0.037409785494706006
722.6366314218411,0.04070772893751581,0.882338663390044,0.03947316446897088,8.0194217808922e-05,0.0374002489860379
722.8368632399131,0.040708054270897846,0.8824780714637334,0.039360779629379644,8.899550598135166e-05,0.037364099130385624
723.0370950579851,0.04070174986017567,0.882608728486102,0.039223124224229286,8.46616663999989e-05,0.03738173576346885
723.2373268760571,0.04069764015807821,0.8826395226575149,0.03912830716401121,7.3244655089567e-05,0.037461285365682565
723.437558694129,0.04070225398645688,0.8828055085422304,0.039024830558492166,8.833270399214619e-05,0.03737907420920538
723.637790512201,0.040694212097851026,0.8829203294544362,0.038899688284067764,8.394291293490449e-05,0.03740182725108872
723.838022330273,0.04069210653461736,0.8829693330619812,0.038797522687527015,7.19737300566436e-05,0.03746906398619852
724.038254148345,0.04069536343600951,0.8831548440634662,0.03867618940266454,8.436847404544345e-05,0.037389234624195515
724.2384859664171,0.04068933811829472,0.8832755233594869,0.03854795738105113,8.143685747625281e-05,0.0374057442840702
724.4387177844891,0.04068691220290467,0.8833848676571789,0.03841612803021473,7.355699583301578e-05,0.03743853511424916
724.6389496025611,0.04068826311515501,0.8834833828702667,0.038319562242112915,7.796126371754399e-05,0.03743083050912647
724.839181420633,0.04068572842652209,0.883640419169367,0.038193861089504344,8.353140592805218e-05,0.037396459909059244
725.039413238705,0.040678128681798424,0.8836766782218952,0.03808944767564908,6.938191998533531e-05,0.03748636350105326
725.239645056777,0.040683145530725766,0.8837946536493386,0.03799834879716901,7.680989033052216e-05,0.037447042132818575
725.439876874849,0.040680185865255306,0.8839543356484535,0.0378743534785176,8.248933281065695e-05,0.03740863567534543
725.640108692921,0.04067369695139099,0.8840039849484682,0.037762124509499534,6.772383734249074e-05,0.037492469753681396
725.8403405109931,0.04067732060272798,0.8841593751604261,0.03764405846895405,7.376672382756832e-05,0.037445479044448615
726.0405723290651,0.04067582832406999,0.8842993192291144,0.037525726051600546,7.911261753363817e-05,0.03742001377806622
726.240804147137,0.0406707640244202,0.884406284570067,0.03739330804559643,7.1010560795711e-05,0.03745863279950548
726.441035965209,0.04066987939444173,0.8844601973206496,0.03730399113579706,6.7039186149507e-05,0.037498892963346714
726.641267783281,0.04067229256012429,0.8846252032877296,0.037195494835554545,7.929746088179688e-05,0.03742771185609606
726.841499601353,0.04066429909978454,0.8846982303506192,0.037081123343697134,6.963878062232588e-05,0.03748670842566341
727.041731419425,0.04066572727498641,0.8847630794983699,0.03699275829369018,6.575734227154661e-05,0.037512677591069375
727.241963237497,0.040667625743413045,0.8849411361447751,0.0368755433674051,7.681709211372589e-05,0.03743887765267724
727.4421950555691,0.04066083448835148,0.8850239158228507,0.03675574712960909,6.762530659039114e-05,0.0374918772529814
727.642426873641,0.040661755363758635,0.8851430646932132,0.03663642274869686,6.530072460458714e-05,0.037493456470110466
727.842658691713,0.04066316371523476,0.8852667077083493,0.03653382219877555,7.216947967276744e-05,0.03746413689834957
728.042890509785,0.040659174483041335,0.885393388618206,0.03640716661499665,7.041193879484923e-05,0.037469858345341445
728.243122327857,0.04065479505494289,0.8854261967296259,0.0363145124292749,6.0076812015709846e-05,0.0375444189745218
728.443354145929,0.04065980589235852,0.8855657498515855,0.036223039405807074,7.130029578000526e-05,0.037480104554851366
728.643585964001,0.04065499804830596,0.8856857597428219,0.03610503368398014,7.017006429743957e-05,0.037484038460976886
728.843817782073,0.04065158336286639,0.8857237584180441,0.03601006068227567,5.8553798328244386e-05,0.03755604373886757
729.0440496001451,0.040655774640438916,0.8858898049731366,0.03589964084669484,6.825980225226088e-05,0.03748651973785915
729.244281418217,0.040652307201099455,0.8860083092578311,0.03578114653990542,6.77596457679011e-05,0.03749047735577767
729.444513236289,0.04064973890313272,0.8861061026558138,0.03565894082478691,6.0500514070445006e-05,0.03752471710257815
729.644745054361,0.04065087825542066,0.8861902103752267,0.0355695055466109,6.259206216311717e-05,0.03752681376095997
729.844976872433,0.04065088212467817,0.8863376983205377,0.03545591972354394,6.891005608196969e-05,0.037486589775540105
730.045208690505,0.040644349809235404,0.886382769380565,0.03535417859356733,5.7906128441791136e-05,0.03756079608857267
730.245440508577,0.04064807855404033,0.8864732587052816,0.03527323346140006,6.137081754768225e-05,0.037544058462112964
730.445672326649,0.04064803054591003,0.886627946202172,0.035159263597473844,6.795585763582772e-05,0.03749680379718852
730.645904144721,0.04064200119789854,0.8866775565905589,0.03505399071497556,5.612726718749863e-05,0.03757032422975835
730.846135962793,0.04064528703667139,0.8868117420754209,0.034946198729846834,5.9558331910850456e-05,0.03753721382653002
731.046367780865,0.04064564049700238,0.886940875960669,0.03483844681168433,6.477073148386788e-05,0.03751026599953965
731.246599598937,0.04064174376892227,0.887042167484911,0.034716440225627636,5.883467236155865e-05,0.037540813848558334
731.446831417009,0.04064031956355113,0.887089980053912,0.034631298862499084,5.412328775738413e-05,0.03758427823265894
731.647063235081,0.04064409619453801,0.88723574023319,0.03453513384640309,6.449695168560501e-05,0.037520532774562805
731.847295053153,0.04063849469618732,0.887316877812313,0.034426143988934635,5.8348921584353106e-05,0.03756013458136069
732.0475268712249,0.040638235428429766,0.8873629889112917,0.034345623333914964,5.2703903669375264e-05,0.03760044842307267
732.247758689297,0.040641797698680024,0.8875262983025389,0.034239634158963056,6.238190950063474e-05,0.037529887930694325
732.447990507369,0.040636974982571204,0.8876109351671679,0.03412821188886667,5.641699823552142e-05,0.037567460963535526
732.648222325441,0.040637237782872426,0.8877129639845943,0.03401867910955942,5.307074113483716e-05,0.03757804838221766
732.848454143513,0.04063916283816404,0.8878212995324185,0.0339254427677284,5.8131191082457755e-05,0.03755596367098429
733.048685961585,0.04063731139050154,0.8879424534171418,0.03381028591965564,5.827616448114188e-05,0.037551673108597534
733.248917779657,0.04063309750121995,0.8879782812158863,0.03372055442135935,4.9380242562975746e-05,0.037618686619349924
733.4491495977289,0.040637747703530305,0.8880920909937662,0.03364023646667881,5.714458884536329e-05,0.03757278024755935
733.6493814158009,0.040635770014225726,0.8882132206349587,0.03353083915463659,5.8239258626387724e-05,0.03756193093793502
733.849613233873,0.04063171761872278,0.8882450318207878,0.03344237142303897,4.774581421171675e-05,0.037633133323620886
734.049845051945,0.04063615617085275,0.8883905352906198,0.03334293793054413,5.495558831467506e-05,0.03757541502005334
734.250076870017,0.0406348616589153,0.8885046216538499,0.033234538258637605,5.600708125496236e-05,0.03756997134772414
734.450308688089,0.04063240613166861,0.8885921850264458,0.03312230422860053,4.967697886423658e-05,0.037603427634804336
734.650540506161,0.04063319259196629,0.888664183517505,0.03303952563174836,5.011352894961158e-05,0.03761298473021214
734.8507723242329,0.04063507300545557,0.8887997057618624,0.03293813748366917,5.6475601268005e-05,0.03757060814812747
735.0510041423049,0.04062993067060759,0.8888520441774445,0.03284051668415741,4.828047026477236e-05,0.03762922799790796
735.2512359603769,0.04063219771291811,0.8889190759156683,0.03276848483734493,4.883342727699416e-05,0.037631408107173754
735.451467778449,0.04063432022551881,0.8890652758552269,0.03266529307312459,5.5571451363555866e-05,0.03757953939514773
735.651699596521,0.04062928355116386,0.8891165140401024,0.03256699477866435,4.655283200512715e-05,0.037640654798443765
735.851931414593,0.04063193034094773,0.8892301719766048,0.03246943933737191,4.7950451241700615e-05,0.03762050789421736
736.052163232665,0.04063351782647991,0.8893472994529074,0.032372133954360505,5.262674151959658e-05,0.037594422025113816
736.2523950507369,0.040630925388356255,0.8894429931118606,0.03226087942813391,4.860273091490508e-05,0.037616599341115164
736.4526268688089,0.040629202627533854,0.8894867812270545,0.032180016929120515,4.376049671862196e-05,0.03766023871995439
736.6528586868809,0.04063353491660827,0.8896121659954538,0.03209564868497168,5.2075059138987177e-05,0.03760657534420983
736.8530905049529,0.040630249365832316,0.8896981342587492,0.03199354813863664,4.86388553469095e-05,0.03762942938181915
737.053322323025,0.040628723033874485,0.8897308408170158,0.03191981714146935,4.226907756716843e-05,0.03767834993045837
737.253554141097,0.04063318809627434,0.8898773476917327,0.03182517061799538,5.035130598165682e-05,0.03761394228839956
737.453785959169,0.04063033089023608,0.8899625363542575,0.03172248309905995,4.68891140819241e-05,0.037637760542748346
737.6540177772409,0.04063003699276092,0.8900491573587195,0.031622766378879105,4.3071682273673425e-05,0.037654967587754266
737.8542495953129,0.04063208692791855,0.8901431646323725,0.03153837658332763,4.6568025105646774e-05,0.03763980383166263
738.0544814133849,0.04063207641330226,0.8902572664798163,0.03143486199226354,4.7995866860486676e-05,0.03762779924814729
738.2547132314569,0.04062838355797102,0.8902962689693636,0.0313489367781112,4.066058728544449e-05,0.037685750107659455
738.4549450495289,0.04063218832470083,0.8903862117046553,0.031278693239353464,4.551718758422776e-05,0.037657389544094214
738.655176867601,0.04063253814070577,0.8905048593260719,0.031178904482195652,4.799756953792814e-05,0.037635700481878816
738.855408685673,0.0406284715064803,0.8905341621165496,0.031096506346553525,3.904771500861433e-05,0.037701812315797584
739.0556405037449,0.04063264458520566,0.8906588763828784,0.031007852604045722,4.4060902014229715e-05,0.037656565526246945
739.2558723218169,0.04063306255300529,0.8907665284295867,0.030909685892016606,4.597401161313813e-05,0.03764474911417003
739.4561041398889,0.040630976094174646,0.8908452563635618,0.030807521037863845,4.073292967620931e-05,0.03767551357511587
739.6563359579609,0.04063140324948612,0.8909072744002621,0.03073104214890094,4.007716697577059e-05,0.037690203034765
739.8565677760329,0.04063449960954848,0.8910289937452892,0.030641565405352764,4.5982090440938316e-05,0.03764895914975911
740.0567995941049,0.040630906961267636,0.8910866306161992,0.030549370279589486,4.0173420311012364e-05,0.037692918723025
740.257031412177,0.040631795235724646,0.891134697725246,0.030485033612636502,3.876519303646831e-05,0.037709708233747335
740.4572632302489,0.040635376968493994,0.8912696378320671,0.030392929067879368,4.513640797345517e-05,0.03765691972397546
740.6574950483209,0.04063166304174615,0.8913230204706185,0.030301748914747524,3.861020002257805e-05,0.03770495737325365
740.8577268663929,0.04063354444881135,0.8914175227605491,0.03021417417856918,3.852277521600237e-05,0.03769623583724418
741.0579586844649,0.04063585172066745,0.8915220908819262,0.030126978551664036,4.246332112133745e-05,0.03767261552500942
741.2581905025369,0.040634592902184505,0.891612105711967,0.030026542387851976,4.0033109269938286e-05,0.03768672588911505
741.4584223206089,0.040632824487326774,0.891653256778122,0.02995022918968666,3.546121824658047e-05,0.03772822832700669
741.6586541386808,0.04063707787757829,0.8917582050380998,0.029876830930764594,4.175510240498753e-05,0.0376861310515406
741.8588859567529,0.04063588731124776,0.8918458824873665,0.02978275410608767,4.0318574975900905e-05,0.03769515752070983
742.0591177748249,0.040633600181811225,0.8918699075043894,0.029714972727329113,3.397838423445832e-05,0.0377475412026232
742.2593495928969,0.040638336550773216,0.891998370588786,0.02963145885953829,4.042331927071683e-05,0.037691410682019
742.4595814109689,0.04063727023574151,0.8920824223735735,0.0295377716655539,3.8789776912511013e-05,0.03770374594860356
742.6598132290409,0.040636612043983326,0.8921556703955983,0.029447691621728736,3.4927769754178834e-05,0.03772509816932226
742.8600450471129,0.04063854731371185,0.8922366354379342,0.02937160487700056,3.715443611677549e-05,0.037716057935622015
743.0602768651848,0.04063999504177317,0.8923422649999841,0.029279573938076866,3.933109827928553e-05,0.037698834922271926
743.2605086832568,0.040637079146070516,0.8923839667553162,0.029198344492233252,3.3517206340346655e-05,0.03774709240042684
743.4607405013288,0.04063980907369506,0.8924528160323627,0.029136991369632957,3.607558841324935e-05,0.037734307936280624
743.6609723194009,0.04064193633971156,0.8925659301644505,0.029047368235375147,3.928932527858642e-05,0.03770547593556851
743.8612041374729,0.04063836393014326,0.8925952030259302,0.028970822529421774,3.2030634722171154e-05,0.037763579880168104
744.0614359555449,0.040641933194862416,0.892699675068196,0.028892514431884002,3.5205540757628995e-05,0.037730671764687876
744.2616677736169,0.040643589936371904,0.8927992729262185,0.028804506854642434,3.7476847114261704e-05,0.03771515343603961
744.4618995916888,0.040642089232272215,0.8928704640007318,0.028712299688825542,3.336077600613332e-05,0.03774178630255138
744.6621314097608,0.04064223389394357,0.8929243184082843,0.0286418846671944,3.206097809861198e-05,0.03775950205286608
744.8623632278328,0.04064594081308461,0.8930310739645363,0.028563741993849215,3.7194903951239216e-05,0.03772204832496731
745.0625950459048,0.04064391459720925,0.8930918749441943,0.02847804393760476,3.332876127656789e-05,0.037752837760106364
745.2628268639769,0.04064368708090594,0.8931255089278446,0.028420301808123438,3.0757921439165594e-05,0.03777974426207671
745.4630586820489,0.04064808288510433,0.8932471493048583,0.02833922092000568,3.6434671157105854e-05,0.03772911221926483
745.6632905001209,0.040645824985441205,0.8933022918280663,0.028255352275937964,3.198706172853507e-05,0.03776454384921572
745.8635223181928,0.04064696224669317,0.8933795681807338,0.028177323559734412,3.090503794541074e-05,0.03776524097528585
746.0637541362648,0.04064958950848738,0.8934715764087656,0.028099759856587497,3.405548697530136e-05,0.03774501873957387
746.2639859543368,0.040649585301413285,0.8935556493356537,0.028009979637238464,3.287528165166961e-05,0.03775191044443399
746.4642177724088,0.04064799852703732,0.8935949425828235,0.027938577290564308,2.8807826168804325e-05,0.037789673773797404
746.6644495904808,0.04065173313623017,0.8936803615659956,0.027875136127098448,3.326880353003845e-05,0.03775950036753572
746.8646814085529,0.04065231504350631,0.8937669345036537,0.027789830443518456,3.322717494435738e-05,0.0377576928347679
747.0649132266249,0.040649773257326785,0.893786128608109,0.027727389763451238,2.741117461364437e-05,0.03780929719688704
747.2651450446969,0.040654293902810903,0.8938961050240786,0.027654538151739582,3.230135616192934e-05,0.037762761565596485
747.4653768627688,0.04065472931239684,0.8939772374590358,0.027569979747964574,3.191746518796226e-05,0.03776613601580305
747.6656086808408,0.04065394410513904,0.894039268049567,0.027489194695740193,2.8315308912295855e-05,0.03778927784103116
747.8658404989128,0.04065564567243188,0.894108595771381,0.027420887400206213,2.9567899031706238e-05,0.03778530325733613
748.0660723169848,0.040658124881159656,0.8942045415686437,0.02733993450597638,3.206317375037712e-05,0.037765335870855635
748.2663041350568,0.0406561383278359,0.894248061952607,0.0272641984062958,2.7633253692689687e-05,0.03780396805995518
748.4665359531289,0.040657780041901834,0.8942991521070679,0.02721055466039384,2.849196909694117e-05,0.03780402122192507
748.6667677712009,0.040661130821931624,0.894404273226732,0.027131262470371325,3.1954386028589526e-05,0.03777137909532207
748.8669995892728,0.04065840881638776,0.8944348668717987,0.027060515620264302,2.634015801407511e-05,0.03781986853392069
749.0672314073448,0.04066120078580924,0.8945203525383869,0.02699194079784967,2.8054309968782293e-05,0.03779845156837214
749.2674632254168,0.04066365631324725,0.8946107552753038,0.026913830816732473,3.03446626374563e-05,0.03778141293246554
749.4676950434888,0.04066288784003918,0.8946754816141652,0.02683130499345868,2.7294207457834013e-05,0.0378030313452659
749.6679268615608,0.0406628673234835,0.8947226176709695,0.026766816026786593,2.5685112243796352e-05,0.03782201386690206
749.8681586796328,0.040666678237520314,0.8948139716993777,0.026699216711756252,2.9894388971372122e-05,0.037790238962761
750.0683904977049,0.040666118170890185,0.8948758350489546,0.026620802563133535,2.754661639653899e-05,0.03780969760101317
750.2686223157768,0.04066513843856779,0.8948992422310743,0.026568729591982202,2.4438267999508936e-05,0.03784245147076391
750.4688541338488,0.04066979715837626,0.8950062735338361,0.02649830750787737,2.924567049694742e-05,0.037796376129799844
750.6690859519208,0.04066895993411871,0.8950621779947268,0.02642192642235496,2.643868124189488e-05,0.03782049696794391
750.8693177699928,0.04066948568765496,0.895124534635023,0.026352873449215296,2.477648105059055e-05,0.03782832974744524
751.0695495880648,0.04067214691684024,0.895204408038528,0.026284377355974976,2.7175885535607316e-05,0.03781189180350807
751.2697814061368,0.04067322369705927,0.8952821250881485,0.026204906377810876,2.690916527496047e-05,0.0378128356720928
751.4700132242087,0.040671998396105385,0.8953198609952997,0.026138790493133116,2.345574754936163e-05,0.037845894368299826
751.6702450422808,0.04067496842622897,0.895387451185639,0.026084203291494218,2.636102848862015e-05,0.03782701606853619
751.8704768603528,0.0406769391057537,0.89547050291099,0.026008048445821358,2.7221264936497785e-05,0.037817288272885934
752.0707086784248,0.04067458289838401,0.8954877183216876,0.025950554349745122,2.2206683354247575e-05,0.03786493774721494
752.2709404964968,0.04067855153990405,0.8955795209054298,0.02588769456967579,2.5707000561681025e-05,0.03782852598481487
752.4711723145688,0.040680140594827545,0.8956560852536545,0.025812236417778522,2.6107550248898315e-05,0.03782543018387497
752.6714041326408,0.04067946597020275,0.8957089792048053,0.025740286751428327,2.2957488205396805e-05,0.03784831058574183
752.8716359507127,0.04068090129909817,0.8957680523517437,0.02567927624058124,2.350295750036244e-05,0.037848267151459204
753.0718677687847,0.040683985393148256,0.8958534175611045,0.025608802982329974,2.5996042501501674e-05,0.03782779802129821
753.2720995868568,0.040682983510459444,0.8958976707234576,0.025539195951473696,2.276203463502441e-05,0.03785738778035726
753.4723314049288,0.04068368541445461,0.8959345531077801,0.025492163392691797,2.2460508529744327e-05,0.03786713757692553
753.6725632230008,0.04068773817279717,0.8960298296528165,0.025423038130180348,2.5830816421598253e-05,0.03783356322816749
753.8727950410728,0.04068606052060728,0.8960621406320203,0.025358136192002223,2.1692066180023733e-05,0.03787197058957269
754.0730268591448,0.040688046795466885,0.8961304731919503,0.025298552069393746,2.2311552742266875e-05,0.037860616390830285
754.2732586772167,0.0406909249032175,0.8962110268768235,0.02522992475275841,2.441440899965764e-05,0.037843709058583114
754.4734904952887,0.04069094789838422,0.8962700599719539,0.025156680928167526,2.2304705705177907e-05,0.03786000649617054
754.6737223133607,0.04069088849546044,0.8963115605335478,0.02509803941513378,2.062060598391677e-05,0.03787889095025577
754.8739541314328,0.04069442441230566,0.896387783167435,0.025040053282163223,2.387776258148908e-05,0.03785386137589429
755.0741859495048,0.04069514127936677,0.8964487761912425,0.024969410392806687,2.2667537666323507e-05,0.03786400459929726
755.2744177675768,0.04069380044722986,0.8964655673965922,0.02492228041767522,1.9475089933301734e-05,0.03789887664894759
755.4746495856488,0.0406982846926029,0.8965573935364096,0.02486191820713637,2.3354997029138626e-05,0.03785904856719971
755.6748814037207,0.040698705289442604,0.8966127324709663,0.02479313098365061,2.1775492086082823e-05,0.03787365576423146
755.8751132217927,0.04069882162256574,0.89666264698009,0.02473239308093563,1.9862757750562066e-05,0.03788627555903654
756.0753450398647,0.04070133198022035,0.8967311028398433,0.024672356052295567,2.1601974952140127e-05,0.03787360715306451
756.2755768579367,0.040703247187079246,0.8968019740176875,0.024602703970187392,2.1944288984246264e-05,0.037870130536437764
756.4758086760088,0.04070250605739051,0.8968381209213578,0.02454219778293414,1.9128369627487e-05,0.03789804686906805
756.6760404940808,0.04070463937170977,0.8968901470263011,0.02449535214973789,2.0793454950930772e-05,0.037889067997677515
756.8762723121528,0.040707590351356925,0.8969677043828282,0.024428400940278434,2.2168698058538428e-05,0.03787413562785405
757.0765041302247,0.04070575183272882,0.8969847945801442,0.024375635485880315,1.806519035548679e-05,0.037915752911267135
757.2767359482967,0.04070897966401591,0.8970594134979025,0.02432195219534988,2.03879890389923e-05,0.03788926665406934
757.4769677663687,0.04071136303320977,0.897130048191011,0.02425540759604328,2.122129820542255e-05,0.037881959881906666
757.6771995844407,0.04071099912210581,0.8971756495393247,0.02419175852573724,1.8619563094505308e-05,0.03790297325011387
757.8774314025127,0.0407121912310932,0.8972257421096828,0.024137604298070752,1.8681895253410897e-05,0.037905780466276885
758.0776632205848,0.040715494447720636,0.8973000285934993,0.02407687085840731,2.0956292593521735e-05,0.03788664980815588
758.2778950386568,0.040715448070353294,0.8973438813687047,0.02401382661781763,1.8712681302982634e-05,0.037908131262198975
758.4781268567287,0.04071545945077379,0.8973700112952098,0.023972442465814765,1.770317071162957e-05,0.037924383617867805
758.6783586748007,0.04071975449969321,0.8974541996532651,0.023913055741378305,2.0759704463256334e-05,0.037892230401576237
758.8785904928727,0.04071916499287392,0.8974879028615146,0.023854081660697732,1.7864371421899378e-05,0.03792098611386735
759.0788223109447,0.04072043300428375,0.8975413222654097,0.023802662738321833,1.7721662118797197e-05,0.0379178603302424
759.2790541290167,0.04072343573849277,0.8976118145741042,0.02374298684126473,1.952963438763166e-05,0.03790223321212621
759.4792859470887,0.04072422001221183,0.8976656131154429,0.023678538911670946,1.8198641329716754e-05,0.03791342931972135
759.6795177651608,0.04072423630621353,0.897702253830656,0.023625681942798404,1.65920038166336e-05,0.037931235916891334
759.8797495832328,0.040727257247202074,0.8977642443522215,0.023576306362693245,1.8959858964199616e-05,0.03791323217929393
760.0799814013047,0.040729000996787175,0.8978226869449791,0.023513635414619274,1.8560520721401882e-05,0.03791611612326722
760.2802132193767,0.04072765823261057,0.897835716157638,0.023470917551897834,1.5583416475639718e-05,0.03795012464175328
760.4804450374487,0.04073165562766956,0.8979124157302953,0.023419843336121276,1.8562579625518873e-05,0.037917522726666
760.6806768555207,0.04073308938390948,0.8979657786789682,0.023358651579859536,1.7850717616242004e-05,0.03792462964002455
760.8809086735927,0.0407330245692954,0.8980056967935388,0.023305521885784664,1.5931730170325008e-05,0.03793982502159089
761.0811404916647,0.0407352816468525,0.898063626366745,0.02325331944314484,1.7123329017984514e-05,0.037930649214619305
761.2813723097368,0.04073775685229156,0.8981271847706492,0.023192887921731655,1.781828685660661e-05,0.03792435216885106
761.4816041278087,0.04073756414992682,0.8981615158559645,0.02313821361217037,1.5608328906011998e-05,0.037947098053412884
761.6818359458807,0.0407389266930275,0.8982005528779874,0.023098051236037843,1.6347440476890816e-05,0.03794612175284847
761.8820677639527,0.04074245696828777,0.8982711055654913,0.02304008176123134,1.7946205614158472e-05,0.037928409499753804
762.0822995820247,0.04074134124543629,0.8982890267703209,0.022991952386684535,1.4745129159061774e-05,0.037962934468776875
762.2825314000967,0.04074377353581383,0.8983480123994516,0.022946536299165012,1.6122011104574565e-05,0.03794555575484372
762.4827632181687,0.04074661670366962,0.898411724085293,0.022888573110912795,1.7137916971401942e-05,0.03793594818353131
762.6829950362406,0.04074669942590923,0.8984515309743195,0.02283265187746616,1.5104562203282336e-05,0.03795401316047975
762.8832268543127,0.04074770192538634,0.8984937718755859,0.022784943743078948,1.4861346910576087e-05,0.037958721109416435
763.0834586723847,0.040750911110107355,0.8985569246211889,0.02273311627862799,1.6792000372395434e-05,0.037942255990082004
763.2836904904567,0.040751722221793074,0.8985993071280542,0.02267685370398183,1.5337064644893133e-05,0.03795677988190497
763.4839223085287,0.040751333837091466,0.8986177923663725,0.022640317416769636,1.3973671525672249e-05,0.037976582708618284
763.6841541266007,0.040755495792180234,0.8986902428944686,0.022590038620138832,1.6590225072143305e-05,0.037947632468517775
763.8843859446727,0.040755915298507285,0.8987245429286111,0.022537057998952458,1.468736566644351e-05,0.03796779640864035
764.0846177627446,0.040756631996957636,0.8987655014214694,0.022492941537315358,1.4067054559198594e-05,0.0379708579900762
764.2848495808166,0.040759541766063695,0.8988260865147863,0.022441604062379026,1.5541562738170934e-05,0.03795722609441069
764.4850813988887,0.04076097923834647,0.898874839069402,0.022385408002949313,1.4814408685187428e-05,0.03796395928099615
764.6853132169607,0.04076116227394535,0.8989071659088257,0.02233824902329823,1.3375253396998293e-05,0.03798004754091388
764.8855450350327,0.040763561574018246,0.8989563203576487,0.022296466688246697,1.497319055323177e-05,0.03796867818991367
765.0857768531047,0.04076604842407198,0.8990108294265106,0.02224171328200428,1.5114825045561663e-05,0.03796629404274842
765.2860086711767,0.04076498932318691,0.8990221407737948,0.022203047386474415,1.2525180799596007e-05,0.03799729733612295
765.4862404892486,0.04076831441074064,0.8990844005634163,0.022160371299565457,1.4687907333155725e-05,0.03797222581932372
765.6864723073206,0.040770478331976626,0.899134483994291,0.022106654179103416,1.4549384818042185e-05,0.037973834110189696
765.8867041253926,0.04077044729579692,0.8991666430246883,0.022060419519355213,1.2789016727221712e-05,0.03798970114381197
766.0869359434647,0.04077241094163873,0.8992150214409858,0.022015426807382436,1.3547739182070781e-05,0.0379835930711904
766.2871677615367,0.040775166774137554,0.8992709233931551,0.021963540088458886,1.4394601815994992e-05,0.037975975142810384
766.4873995796087,0.040775532099639605,0.8993031276952255,0.021914790619347885,1.2727366903836098e-05,0.037993822219262494
766.6876313976807,0.04077628347325119,0.8993318128645992,0.021880351902136507,1.282615077831645e-05,0.03799872560961345
766.8878632157526,0.040780027296038183,0.899394316416833,0.021830923190684536,1.4439393039507816e-05,0.03798029370378092
767.0880950338246,0.04077971385560662,0.8994132977827078,0.02178740864705683,1.2057302145617287e-05,0.03800752241285998
767.2883268518966,0.04078140694681938,0.8994586094794952,0.021749304055893405,1.2717348128841223e-05,0.03799796217004099
767.4885586699686,0.040784423770110254,0.8995147937453485,0.02169946605061335,1.3749530221168732e-05,0.037987566904084474
767.6887904880407,0.04078501164736243,0.8995499111478391,0.021650690892714302,1.2249397109844566e-05,0.03800213691535101
767.8890223061127,0.040785890507351756,0.8995852855442519,0.021609031141099695,1.1834991340875206e-05,0.03800795781633549
768.0892541241847,0.04078878432999032,0.8996376881166405,0.021565224403867562,1.3370861838975078e-05,0.03799493228804256
768.2894859422566,0.040790303132287625,0.8996776619244577,0.021515756584925903,1.2518983055383388e-05,0.03800375937565536
768.4897177603286,0.04078979612467771,0.8996910917107287,0.021483434427849824,1.1059527726829137e-05,0.03802461820939804
768.6899495784006,0.040793548639602994,0.899751718381214,0.021441487408121795,1.3183792291676011e-05,0.03800006177915105
768.8901813964726,0.04079481038258302,0.8997855854892234,0.02139450708468926,1.2033252967646975e-05,0.03801306379091837
769.0904132145446,0.040795182715038375,0.8998165512333498,0.021356835363103017,1.1164858078809567e-05,0.03802026583081294
769.2906450326166,0.04079785606567804,0.8998676655889233,0.021313170493498387,1.2311378260378479e-05,0.03800899647402191
769.4908768506887,0.04079978279526779,0.8999113727295975,0.02126464553028138,1.2019355307059642e-05,0.03801217958992776
769.6911086687606,0.04080019448894635,0.8999397801210821,0.02122304516167492,1.079255262544915e-05,0.0380261876760536
769.8913404868326,0.04080197860020355,0.8999778240397294,0.02118787105165839,1.1767720411701184e-05,0.03802055858837812
770.0915723049046,0.040804916666611665,0.9000273328209686,0.02114076759416281,1.223495864672043e-05,0.03801474795999064
770.2918041229766,0.040804330748511114,0.9000382014191998,0.021105926741811918,1.0107261296186294e-05,0.03804143382956084
770.4920359410486,0.04080691702132449,0.9000872189275434,0.021070690467217598,1.1572539550089642e-05,0.03802360104474361
770.6922677591206,0.04080952643849318,0.9001329525654229,0.02102420186686157,1.1779480614512098e-05,0.03802153964898648
770.8924995771926,0.04080969957253682,0.9001592516898044,0.0209841752371269,1.0273745635549006e-05,0.03803659975527555
771.0927313952647,0.04081137344444296,0.9001990788071466,0.0209457729478513,1.0705391070027291e-05,0.03803306940986849
771.2929632133366,0.040814160896583865,0.9002471848083038,0.02090170397498263,1.1559589635292885e-05,0.03802539073087535
771.4931950314086,0.04081504584878801,0.9002769449085858,0.020858834571427932,1.0356370937187359e-05,0.038038818300642825
771.6934268494806,0.04081539287811819,0.9002977633922122,0.02082928497751651,1.0055922052589265e-05,0.03804750283048108
771.8936586675526,0.040819042427747386,0.9003516305206478,0.020787790712687725,1.1543796106613406e-05,0.038029992543192004
772.0938904856246,0.04081950181289964,0.9003713780774187,0.020748890734919864,9.85744808217118e-06,0.038050371927060296
772.2941223036966,0.040820592459081304,0.900405210495619,0.020717139433731015,1.0011452201849657e-05,0.03804704615974774
772.4943541217685,0.04082355736399575,0.9004536294270058,0.020674871591254036,1.095853829608166e-05,0.038036983079828585
772.6945859398406,0.04082463218515692,0.900484781626556,0.02063267119585785,9.921213276526372e-06,0.03804799377953228
772.8948177579126,0.040825453407268224,0.9005141539593856,0.020596657038109242,9.433039589274383e-06,0.03805430255602763
773.0950495759846,0.040827907563306405,0.9005565757304227,0.020559971737499683,1.057805396716481e-05,0.038044966915183505
773.2952813940566,0.04082995026626186,0.9005933697045062,0.02051713019405313,1.0165934710942476e-05,0.0380493839008477
773.4955132121286,0.04082955808616384,0.9006037304215766,0.0204885422365904,8.782281479810782e-06,0.03806938697457001
773.6957450302006,0.040832729911692185,0.9006529594524814,0.020454055839641577,1.0416761100196891e-05,0.03804983803546625
773.8959768482725,0.04083461647374898,0.9006853268736325,0.020412996954083863,9.806501031876197e-06,0.03805725319788519
774.0962086663445,0.040834853300311676,0.9007086074137294,0.02038095371213942,8.86315341818693e-06,0.0380667224207836
774.2964404844166,0.040837210181812106,0.9007508918671345,0.020344265073530113,9.712701197753469e-06,0.03805792017670677
774.4966723024886,0.040839434216914425,0.9007894667595213,0.0203028081659199,9.706412869770473e-06,0.03805858444515775
774.6969041205606,0.04084010562622,0.9008142620438434,0.02026655807273357,8.705646622390422e-06,0.03807036861096452
774.8971359386326,0.04084136395245696,0.9008430713166544,0.020237074762343734,9.21049359297978e-06,0.03806927947533438
775.0973677567046,0.040844476865586156,0.900886834376288,0.020197185722627093,9.837888782248312e-06,0.038061665147099674
775.2975995747765,0.04084445274030047,0.9008978769463836,0.0201660328949027,8.177515631282085e-06,0.038083459903162795
775.4978313928485,0.04084633516151691,0.9009352339447897,0.02013725454410089,9.080428035398419e-06,0.0380720959219385
775.6980632109205,0.04084913123405742,0.900975847950584,0.020097631655720868,9.46538001558168e-06,0.03806792378000307
775.8982950289926,0.04084961483932452,0.9009977762061102,0.02006317510266009,8.254614366201297e-06,0.03808117923792087
776.0985268470646,0.04085103112927336,0.9010300441684893,0.02003074977395,8.450885492155266e-06,0.03807972404317708
776.2987586651366,0.04085365482764669,0.9010704659752049,0.01999374284581788,9.219278336723642e-06,0.038072917073374346
776.4989904832086,0.04085498140748288,0.9010975046407681,0.019956578637145624,8.39654963766494e-06,0.03808253876534698
776.6992223012805,0.040855135930318386,0.9011126288849912,0.01993121843225695,7.886779306024945e-06,0.03809312997350884
776.8994541193525,0.040858457774730704,0.9011577090075988,0.01989693590372068,9.16601598014978e-06,0.038077731298351306
777.0996859374245,0.04085957780374023,0.9011776115170943,0.019862629501383875,8.03822812603668e-06,0.03809214295003664
777.2999177554965,0.04086024816530671,0.9012022156348197,0.01983631005291486,7.868357681467522e-06,0.03809335778965838
777.5001495735686,0.040862999342909385,0.9012429502326526,0.01980098418969847,8.67659086064328e-06,0.03808438964426
777.7003813916406,0.04086447878510767,0.9012705414132602,0.01976480786683441,8.01379696991863e-06,0.03809215813820887
777.9006132097126,0.040865300371675205,0.9012946844757219,0.019734018765791297,7.519414583798006e-06,0.0380984769726076
778.1008450277845,0.04086727965709066,0.9013281892783862,0.01970357325081818,8.314103147578668e-06,0.038092643710938026
778.3010768458565,0.04086964667768281,0.9013612150865605,0.019667040524141893,8.20321206002511e-06,0.03809389449993502
778.5013086639285,0.04086953217590616,0.9013698860816208,0.019641835377804992,6.996112554200774e-06,0.038111750252493984
778.7015404820005,0.04087205387426521,0.9014085803747864,0.019613888312303165,8.181550236403676e-06,0.03809729588878824
778.9017723000725,0.04087433108968745,0.9014384906470155,0.019578573415912324,7.935533446101802e-06,0.03810066931431713
779.1020041181446,0.0408746111304817,0.9014560956085567,0.01955141208062772,7.037213546558343e-06,0.038110843967164375
779.3022359362166,0.04087662258197096,0.9014903310293501,0.019520988946723425,7.633510171175479e-06,0.0381044239321614
779.5024677542885,0.04087895245764929,0.901523697710677,0.019485984382306434,7.790464353972425e-06,0.03810357498539008
779.7026995723605,0.04087988430218008,0.9015451444605374,0.019454804243903848,7.008722872172686e-06,0.038113158270884795
779.9029313904325,0.04088075457553527,0.9015665777732661,0.019430185365271913,7.1851383872526145e-06,0.038115297147916484
780.1031632085045,0.040883802158335765,0.9016041675512626,0.019396951031501096,7.851559393875678e-06,0.03810722769988288
780.3033950265765,0.040884336925795205,0.9016154944017517,0.019369396164442783,6.61955098595642e-06,0.03812415295740085
780.5036268446485,0.04088562654616752,0.9016430097603217,0.01934611073448364,7.096704701487338e-06,0.03811815625470212
780.7038586627206,0.04088839421926749,0.9016780536630343,0.019312890303621225,7.54330719542197e-06,0.038113118507259354
780.9040904807925,0.04088922393493497,0.9016966775213916,0.01928342725642988,6.626230669324629e-06,0.03812404505695144
781.1043222988645,0.04089043132911515,0.9017223555764619,0.019256369933419983,6.663290154780291e-06,0.038124179871226176
781.3045541169365,0.040892762110998494,0.901755463532086,0.019225660796256226,7.296076530466376e-06,0.03811881748450486
781.5047859350085,0.04089442257718329,0.90177956634031,0.019193915687598317,6.772165855210592e-06,0.03812532322942907
781.7050177530805,0.04089456818248242,0.9017907595047862,0.019172175721258157,6.192112946469799e-06,0.038136304478902684
781.9052495711525,0.04089741227870933,0.9018273033257097,0.019144309101701635,7.224367407495465e-06,0.03812375092684859
782.1054813892245,0.04089902825310397,0.9018466157299347,0.019114524212972103,6.521449544389057e-06,0.038133310354822536
782.3057132072965,0.040899470756802864,0.9018641335248896,0.01909278486119887,6.175611912175254e-06,0.03813743524557244
782.5059450253685,0.04090190708603449,0.9018975259725205,0.019063723325109812,6.824434517692286e-06,0.03813001918219525
782.7061768434405,0.04090366565601618,0.9019217312604141,0.019033043466691876,6.443966083276647e-06,0.03813511565117274
782.9064086615125,0.04090453226011594,0.9019413496828812,0.019007035915184232,5.9875559006352e-06,0.03814109458629673
783.1066404795845,0.04090607240665133,0.9019671815358382,0.018981991741190096,6.492946713785405e-06,0.03813826136998731
783.3068722976565,0.040908566540976084,0.9019960386201249,0.01895133656084865,6.569840484919738e-06,0.038137488437947856
783.5071041157285,0.04090881393730696,0.9020038523793077,0.018929259271871342,5.585212140356428e-06,0.03815248919975506
783.7073359338004,0.040910705382037484,0.9020332119976501,0.018906920097874425,6.38642000914418e-06,0.038142776102810416
783.9075677518725,0.040913150061685784,0.902059910529781,0.01887707236752662,6.366037947698256e-06,0.03814350100344076
784.1077995699445,0.040913599524953236,0.9020734655925621,0.018854134244645614,5.585994645091457e-06,0.0381532146435745
784.3080313880165,0.040915275544804675,0.9021005236392455,0.018829263389932724,5.977168254369479e-06,0.03814896025814461
784.5082632060885,0.040917544716076254,0.9021286955773501,0.018800089611229084,6.204628981648164e-06,0.03814746546674466
784.7084950241605,0.0409187094773737,0.9021470363493107,0.018773635060980873,5.621727181209651e-06,0.03815499738553455
784.9087268422325,0.04091934415255576,0.9021627980820645,0.0187531574020339,5.591248561146838e-06,0.038159109115166456
785.1089586603044,0.040922138814434475,0.9021940941852126,0.01872593341405041,6.214027243325555e-06,0.03815161955943957
785.3091904783764,0.04092315716965191,0.902205474892894,0.01870189558302681,5.346945437717668e-06,0.03816412540936966
785.5094222964485,0.040924010721363216,0.9022250497577359,0.018683190459705377,5.525601366506198e-06,0.038162223460208936
785.7096541145205,0.04092658810743273,0.9022543774555717,0.01865582920411981,5.958424766073076e-06,0.03815724680848923
785.9098859325925,0.04092773455704043,0.9022703798984891,0.018630846741916514,5.305689756812881e-06,0.03816573311317771
786.1101177506645,0.04092878868864994,0.9022904067520883,0.018608553230212547,5.244673106827431e-06,0.038167006656321875
786.3103495687365,0.0409307649244817,0.9023167994326143,0.018583387164078917,5.725689236532503e-06,0.03816332278996649
786.5105813868084,0.040932633137315426,0.9023378233150837,0.018556688671437862,5.424884758814615e-06,0.03816742999178209
786.7108132048804,0.040932903538413556,0.9023464062707737,0.01853811557338502,4.8676098326962135e-06,0.03817770700797244
786.9110450229524,0.040935203806184525,0.9023750122049428,0.018515833868059405,5.648832180025556e-06,0.03816830128901083
787.1112768410245,0.04093712809255329,0.9023930015071272,0.018490429182225227,5.25107060568065e-06,0.038174190147866834
787.3115086590965,0.04093751454752878,0.9024053317446196,0.0184725125025114,4.841190944787273e-06,0.03817980001477289
787.5117404771685,0.040939588665797264,0.902431927522419,0.01844900898530483,5.33207000076438e-06,0.03817414275685457
787.7119722952405,0.04094148237064061,0.9024527944190285,0.018423318282144427,5.147960785716081e-06,0.03817725696777742
787.9122041133124,0.040942421551645694,0.9024685365799586,0.01840162850766169,4.755664193168749e-06,0.038182657696917206
788.1124359313844,0.040943605015548154,0.902488000673247,0.01838120947371515,5.040283843656896e-06,0.038182144554021934
788.3126677494564,0.0409460487017873,0.9025124767824424,0.018355920313038326,5.215827170122269e-06,0.03818033837593772
788.5128995675284,0.04094666817949105,0.902519821930833,0.018336778452364026,4.460342927960132e-06,0.03819227109476108
788.7131313856005,0.04094801811617927,0.9025412658305121,0.018319141179675816,4.954292061718702e-06,0.03818662058194835
788.9133632036725,0.0409504382380162,0.9025642474880817,0.018294392947128355,5.055874563140643e-06,0.03818586545258833
789.1135950217445,0.04095112015493329,0.9025749639728796,0.01827511460539427,4.428960630609137e-06,0.03819437230654148
789.3138268398164,0.04095249842482782,0.9025957691065714,0.018255089958594033,4.6624846522897315e-06,0.038191980025733596
789.5140586578884,0.04095458220332591,0.9026188974828551,0.018231125559525656,4.8966491015120636e-06,0.0381904981055712
789.7142904759604,0.04095592786805114,0.9026343610928669,0.018209003571915648,4.484545646893046e-06,0.038196222921898816
789.9145222940324,0.04095646606638471,0.9026459071450431,0.018192048963686796,4.343622154175427e-06,0.03820123420310909
790.1147541121044,0.0409588833787608,0.9026710760554643,0.018170140730242226,4.8727252264454425e-06,0.038195027110684336
790.3149859301765,0.04096026171413002,0.9026820958692774,0.01814951863975163,4.297457828333044e-06,0.03820382631938942
790.5152177482485,0.04096084999269275,0.9026955669462589,0.018134562932411464,4.288013303200474e-06,0.03820473211571039
790.7154495663204,0.04096313084110266,0.9027193011657316,0.018112459385927163,4.663063481778893e-06,0.03820044554413363
790.9156813843924,0.040964514853673306,0.9027330580446802,0.01809150225547173,4.229311054697204e-06,0.038206695535497985
791.1159132024644,0.04096547034124244,0.9027483331623225,0.01807337694615825,4.117617287841109e-06,0.03820870193336629
791.3161450205364,0.0409670894295741,0.9027687785947772,0.018053024905598035,4.454397283948366e-06,0.03820665267314228
791.5163768386084,0.040969033556149406,0.9027866546823161,0.018030940284011154,4.309531768366758e-06,0.03820906194613105
791.7166086566804,0.04096950313113382,0.9027935279246134,0.018015174856962347,3.829572574900373e-06,0.038217964515090706
791.9168404747525,0.040971269386199556,0.9028150691342971,0.017997645365080302,4.380329267044049e-06,0.03821163578553142
792.1170722928244,0.04097331711216594,0.9028311168997142,0.017976403532892198,4.187249125449249e-06,0.038214975206478485
792.3173041108964,0.04097377582241854,0.9028398245436785,0.017961661265001202,3.790648475914964e-06,0.03822094772080186
792.5175359289684,0.040975485078417695,0.9028603191715702,0.017942998857590122,4.138825234539167e-06,0.03821705806756388
792.7177677470404,0.040977375187758056,0.9028778613061706,0.01792180511493465,4.0778851682708624e-06,0.03821888050634369
792.9179995651124,0.040978394967270695,0.902890319244193,0.01790395841248773,3.761967728033355e-06,0.03822356540869517
793.1182313831844,0.04097932528469698,0.9029046750047705,0.01788746281620905,3.892219847538887e-06,0.03822464467485118
793.3184632012563,0.04098157556842775,0.902924743948067,0.01786697747712365,4.100213514809301e-06,0.03822260279324014
793.5186950193284,0.040982517007762495,0.9029316885762009,0.017850609686715188,3.554953373162069e-06,0.038231629776320754
793.7189268374004,0.04098345716398114,0.9029467271094556,0.017836824810688243,3.821005692300433e-06,0.03822916991055667
793.9191586554724,0.040985704500528596,0.9029657460593246,0.017816732365537026,3.971369057248806e-06,0.03822784570592581
794.1193904735444,0.04098661982997169,0.9029744414736072,0.017800642755803425,3.5032101858579683e-06,0.03823479273080469
794.3196222916164,0.040987755252561105,0.902989939067228,0.017784774844498953,3.6229136715320195e-06,0.038233907922412824
794.5198541096884,0.040989578577494405,0.9030083273396484,0.01776540508711701,3.8255346090203505e-06,0.038232863461502495
794.7200859277604,0.040991034409192745,0.9030211285339963,0.01774719280414221,3.5522069161286056e-06,0.0382370920461238
794.9203177458323,0.04099158236421431,0.9030296188994564,0.017733241605115486,3.3713379092606515e-06,0.03824218579367672
795.1205495639043,0.040993564514713116,0.9030490808569915,0.017715933972088923,3.783581289093597e-06,0.03823763707528947
795.3207813819764,0.0409951558558654,0.9030592719765953,0.01769858627831841,3.427597666981319e-06,0.038243558291925606
795.5210132000484,0.0409956350164774,0.9030682882336039,0.017686652436051182,3.319077433270615e-06,0.03824610523680486
795.7212450181204,0.0409975660413893,0.9030867750438828,0.01766916841461334,3.6156624050524824e-06,0.03824287483807964
795.9214768361924,0.04099907954969798,0.903098450578875,0.017651827585907442,3.3494926893621747e-06,0.03824729279320107
796.1217086542644,0.040999983061298685,0.9031098203692695,0.017637291376382667,3.2222008251738914e-06,0.03824968299259408
796.3219404723363,0.04100128601889701,0.903125181662706,0.017621063790547422,3.436798927523606e-06,0.03824903172929072
796.5221722904083,0.04100318196295056,0.9031399181962821,0.01760312402950187,3.390967039616153e-06,0.038250384844593366
796.7224041084803,0.04100386712935446,0.903145623495876,0.017589876685309553,3.012793745842007e-06,0.03825761989608164
796.9226359265524,0.041005169262729575,0.9031611583060299,0.017576294646580743,3.369476907428508e-06,0.03825400830812041
797.1228677446244,0.04100717828123182,0.9031748214395451,0.017558924978411678,3.3015144387378412e-06,0.03825577378673851
797.3230995626964,0.04100778154588583,0.9031810964668585,0.017546822342812178,2.964608598378177e-06,0.03826133503621177
797.5233313807684,0.04100915782425428,0.9031962872918154,0.017532289629865645,3.193150738651642e-06,0.03825907210369363
797.7235631988403,0.041010929890901535,0.9032105570119008,0.017515110811157156,3.198293442590681e-06,0.03826020399296596
797.9237950169123,0.041012017967754784,0.9032202584971321,0.01750063498197107,2.9604007885411143e-06,0.0382641281527213
798.1240268349843,0.04101279683378708,0.9032306373339365,0.017487441190388586,2.994184630006726e-06,0.03826613045762625
798.3242586530563,0.04101475634525339,0.9032464520951947,0.01747117172313626,3.18956025617118e-06,0.03826443027652835
798.5244904711284,0.041015928279228446,0.9032528672124409,0.017457421867968954,2.821164300795686e-06,0.038270961476430596
798.7247222892004,0.0410166054663449,0.9032629780742537,0.01744672197375557,2.933385946105376e-06,0.03827076110006978
798.9249541072724,0.04101858144954927,0.9032780320390492,0.017430783857452375,3.084731305235344e-06,0.03826951792301317
799.1251859253443,0.0410196801408611,0.9032851904927751,0.01741749301587518,2.7608533160227676e-06,0.03827487549754198
799.3254177434163,0.04102063492188796,0.9032963157922929,0.017405119532376678,2.8051238457277004e-06,0.0382751246299666
799.5256495614883,0.04102217116197132,0.9033104042675995,0.017389743930352163,2.958615118155095e-06,0.03827472202533033
799.7258813795603,0.041023655725696016,0.9033207429776825,0.017375007257517776,2.7910994521138632e-06,0.03827780294002219
799.9261131976323,0.041024276841656056,0.9033270377316222,0.01736362579791779,2.6166889971625927e-06,0.03828244294017695
800.1263450157044,0.04102582834640445,0.9033414183638722,0.01735020890202701,2.909926777042675e-06,0.038279634461289846
800.3265768337764,0.04102748497268501,0.9033503580610517,0.017335944392277383,2.707799492920105e-06,0.03828350477486458
800.5268086518483,0.04102797443435961,0.9033562929671761,0.0173264207172857,2.5660106916904136e-06,0.03828674587085824
800.7270404699203,0.04102954898159765,0.903370052879596,0.017312901543732554,2.7801052693724364e-06,0.03828471649017549
800.9272722879923,0.041031077261343384,0.9033796966721115,0.017298800526189477,2.631683325792237e-06,0.03828779385740065
801.1275041060643,0.04103196165232545,0.9033879351301114,0.0172873019909266,2.512855074012968e-06,0.0382902883719329
801.3277359241363,0.041033014491000525,0.9033990946577268,0.017274559580215138,2.6340633783741584e-06,0.038290697208049604
801.5279677422083,0.04103475879403701,0.9034107814832333,0.01726027939037167,2.641774541432088e-06,0.038291538558186386
801.7281995602804,0.04103562759879537,0.9034155861755526,0.017249306156498025,2.3681499817206465e-06,0.03829711191954293
801.9284313783523,0.041036574073268994,0.9034262582651081,0.017238920672626064,2.57509031356939e-06,0.03829567189905304
802.1286631964243,0.04103841856177125,0.9034372947353243,0.01722506883810652,2.573021293110447e-06,0.038296644843874766
802.3288950144963,0.04103918118895576,0.9034419585635658,0.01721517882571133,2.3166090295121754e-06,0.038301364813108155
802.5291268325683,0.041040280050683525,0.9034526997342505,0.017204085011684633,2.4520887267945217e-06,0.03830048311502397
802.7293586506403,0.041041855762947936,0.9034638324112723,0.01719044644975568,2.4830304105894703e-06,0.03830138234598451
802.9295904687123,0.04104298106312629,0.9034712313529394,0.017178886303764317,2.3169037618480195e-06,0.03830458437677866
803.1298222867842,0.04104369114984802,0.9034785857666514,0.017168452258455407,2.3000855855660263e-06,0.03830697073982915
803.3300541048563,0.041045313499409056,0.9034904633794104,0.017155805730364574,2.4566244796284416e-06,0.03830596076670469
803.5302859229283,0.041046603651281724,0.9034961316116955,0.017144504497642803,2.225867294658069e-06,0.038310534372455685
803.7305177410003,0.04104715371286749,0.9035026522153611,0.017136223127134968,2.2474151595409033e-06,0.03831172352984598
803.9307495590723,0.04104880968446872,0.9035139510372241,0.017123899753312247,2.372327663144217e-06,0.038310967197703556
804.1309813771443,0.04105000846642036,0.9035198079617256,0.01711308195314379,2.166566719442154e-06,0.03831493505236338
804.3312131952163,0.04105084268271722,0.9035274535189286,0.017103579808498685,2.1671908896956483e-06,0.03831595679933908
804.5314450132882,0.04105210524332241,0.9035377822384912,0.01709162053634442,2.2691018501495015e-06,0.03831622288036578
804.7316768313602,0.041053536368299406,0.9035458473637628,0.01707992981673111,2.1760738470111155e-06,0.038318510377734545
804.9319086494323,0.041054250288664926,0.903550536634235,0.017070754502969108,2.033982172092697e-06,0.03832242459233297
805.1321404675043,0.04105542638272074,0.9035606039761572,0.017060546669542896,2.221235164166058e-06,0.03832120173678935
805.3323722855763,0.041057018149607126,0.9035679783692686,0.017049123124550616,2.118315189257569e-06,0.03832376204175845
805.5326041036483,0.041057587679134144,0.9035718843158653,0.017041516479514258,1.986308057053811e-06,0.0383270252178013
805.7328359217203,0.04105883678548898,0.9035815629320152,0.017031309839685406,2.125222403528109e-06,0.03832616522077773
805.9330677397922,0.04106027809298212,0.9035891937947691,0.01702009180820121,2.0514850025930427e-06,0.03832838481941715
806.1332995578642,0.04106115823938761,0.9035949812384578,0.017011119755651286,1.9553865062990034e-06,0.038330785380368944
806.3335313759362,0.04106203378148237,0.9036027750442931,0.017001280774284866,2.012681020861386e-06,0.03833189771929156
806.5337631940083,0.04106355428887763,0.9036115879396484,0.016990174181311234,2.040486511312704e-06,0.038332643104023255
806.7339950120803,0.041064541014160565,0.9036155752053241,0.016981256110483896,1.8600427626338554e-06,0.03833676762763942
806.9342268301523,0.04106525473302147,0.903622513390997,0.01697339173246897,1.9626503785516934e-06,0.03833687749350556
807.1344586482243,0.04106685263286535,0.9036308815405585,0.01696265390673826,1.9857625876069754e-06,0.03833762615762208
807.3346904662963,0.04106774028491141,0.9036344328373999,0.01695464328724805,1.8112231179937378e-06,0.038341372367693166
807.5349222843682,0.04106862966814619,0.9036415910998312,0.016946333084028587,1.8804489116521145e-06,0.03834156569945278
807.7351541024402,0.041069970780005544,0.9036498205608883,0.016935767824126296,1.912427430348337e-06,0.038342528407918394
807.9353859205122,0.041071087874155886,0.9036552919786668,0.01692669790255883,1.8064066840142055e-06,0.0383451158383031
808.1356177385843,0.04107178289218917,0.9036603763757587,0.016918555757353685,1.7716248083702918e-06,0.03834751335026071
808.3358495566563,0.041073071452439616,0.9036687712584627,0.01690895197196409,1.8790983533134297e-06,0.038347326219152524
808.5360813747283,0.04107436597198888,0.9036734719683263,0.01689990642684563,1.7470972285819606e-06,0.038350508535982764
808.7363131928003,0.04107489316579407,0.9036775195701333,0.016893488919869682,1.7266883966988445e-06,0.03835237165617848
808.9365450108722,0.04107622614281828,0.90368544506016,0.016884222127664876,1.8135575591086976e-06,0.03835229311217004
809.1367768289442,0.04107742909512848,0.9036900798290055,0.016875596846221426,1.6952584303519067e-06,0.03835519897158562
809.3370086470162,0.04107819215843731,0.9036950616896084,0.01686839506127558,1.6766455637437294e-06,0.03835667444548625
809.5372404650882,0.04107922167722404,0.9037022226305902,0.01685930538215038,1.7342122749986024e-06,0.0383575160981318
809.7374722831603,0.04108052733474216,0.9037082015939696,0.016850246781036835,1.6882467055181408e-06,0.03835933604391618
809.9377041012323,0.0410813161475837,0.9037116572211309,0.016842967574693703,1.5882021957151634e-06,0.038362470854766156
810.1379359193043,0.041082205444210845,0.9037182479871473,0.016835335582394185,1.6918051197902105e-06,0.03836251918149868
810.3381677373762,0.04108363288201877,0.9037238852718658,0.01682646538126607,1.645860749802349e-06,0.038364370604470094
810.5383995554482,0.04108429984697843,0.9037264905797097,0.016820394445336683,1.5462967536671065e-06,0.03836726883159076
810.7386313735202,0.04108528140101681,0.9037328092001814,0.01681286813771106,1.6243234891845984e-06,0.03836741693797129
810.9388631915922,0.04108656113468374,0.9037384764043604,0.01680418620931766,1.591936872900129e-06,0.03836918431513563
811.1390950096642,0.04108743237218786,0.9037423814951139,0.016797281281904018,1.5243512670644155e-06,0.03837138049989799
811.3393268277363,0.041088195425081096,0.9037475519687018,0.016789824939065046,1.5436592271621375e-06,0.03837288400829657
811.5395586458083,0.041089457929899556,0.9037537527665334,0.016781417229865155,1.5701379616027054e-06,0.03837380193611146
811.7397904638802,0.04109047960377141,0.9037569049122571,0.016774345064016292,1.4637998764741094e-06,0.03837680662044968
811.9400222819522,0.041091074715236355,0.9037611333041737,0.01676841791874149,1.5029490650422246e-06,0.0383778711131563
812.1402541000242,0.041092389660589895,0.903766973277631,0.016760357174132212,1.526596933978387e-06,0.038378753291086594
812.3404859180962,0.04109333435932617,0.9037696602783861,0.016753966997942252,1.42236241237894e-06,0.038381616002307516
812.5407177361682,0.04109408323588082,0.9037740706802064,0.01674783540489169,1.449784669584313e-06,0.038382560894725935
812.7409495542402,0.04109518838703367,0.9037797203571002,0.016739887637409377,1.4709543579632676e-06,0.038383732664473494
812.9411813723123,0.04109624476015519,0.9037835640109805,0.016732921107698605,1.4104680909647605e-06,0.038385859653450816
813.1414131903842,0.04109694675237577,0.903786942486339,0.01672666868254082,1.377703028644644e-06,0.03838806437609383
813.3416450084562,0.041097946744937865,0.9037924069674951,0.016719555912591264,1.4383856002814702e-06,0.03838865198975232
813.5418768265282,0.04109914622759504,0.9037959750082346,0.016712546357584457,1.3708013036041852e-06,0.038390961605659954
813.7421086446002,0.041099710692191996,0.903798401612764,0.01670755190246754,1.341238955196547e-06,0.038392994553999214
813.9423404626722,0.04110075559338009,0.9038034628530016,0.01670078376453053,1.3901388141597888e-06,0.0383936076506511
814.1425722807442,0.04110187362978001,0.9038068845957835,0.016694097722447513,1.3298125882188546e-06,0.038395814239777476
814.3428040988161,0.04110259752984739,0.9038099106497436,0.01668868968869667,1.308578580757812e-06,0.038397493553508626
814.5430359168882,0.04110344774363206,0.9038144995739382,0.016681961383258892,1.3338761592961332e-06,0.038398757423388837
814.7432677349602,0.04110457621744983,0.9038185916878002,0.0166751439583286,1.3133243910967488e-06,0.03840037481240788
814.9434995530322,0.041105395260027204,0.9038210277895291,0.0166694895870661,1.2535523740367417e-06,0.038402833811380876
815.1437313711042,0.041106099293716655,0.9038249700249132,0.01666386590828517,1.2995404978808754e-06,0.03840376523296437
815.3439631891762,0.04110730133860606,0.9038288495156108,0.016657226158994107,1.2810104893019733e-06,0.03840534197667644
815.5441950072482,0.04110803740160137,0.9038305922771029,0.016652406776039214,1.21997480102873e-06,0.03840774357083208
815.7444268253201,0.041108824006591396,0.9038342981603129,0.016646965612606226,1.254703419447811e-06,0.038408657517446536
815.9446586433921,0.04110990196323128,0.9038381164651725,0.01664047756221231,1.2410625502798865e-06,0.03841026294721104
816.1448904614642,0.04111074190407408,0.9038405869477277,0.01663524066971582,1.200880990410375e-06,0.03841222959786858
816.3451222795362,0.0411114395407547,0.9038437566478078,0.01662970701297564,1.202077050123777e-06,0.038413894721789056
816.5453540976082,0.04111244901616913,0.9038476850125875,0.016623544354936935,1.2170203973099522e-06,0.038415104596285055
816.7455859156802,0.04111342128564922,0.9038499513220535,0.016618109178776676,1.1631420274885697e-06,0.03841735507186911
816.9458177337522,0.04111398436496925,0.9038523200688071,0.016613636394831773,1.171052334797932e-06,0.038418888119432434
817.1460495518241,0.04111502288168191,0.9038559238946524,0.01660779974831384,1.1839363879122782e-06,0.038420069539339644
817.3462813698961,0.041115942117057824,0.9038578285623908,0.016602823678638513,1.1316607726914236e-06,0.038422273981515015
817.5465131879681,0.04111660987110353,0.9038602512157587,0.01659833004910919,1.1372833792503845e-06,0.03842367158102404
817.7467450060402,0.04111750625696581,0.9038637089957499,0.016592560794279038,1.1454046103396162e-06,0.038425078548769025
817.9469768241122,0.04111845164902098,0.9038661626059303,0.016587353630574817,1.1154761966881728e-06,0.038426916638652185
818.1472086421842,0.041119154295643986,0.9038682354975416,0.016582644604818182,1.0938233570380404e-06,0.03842887177901301
818.3474404602562,0.0411199392466237,0.9038713692923795,0.016577513887134798,1.1184593542467694e-06,0.03843005911488018
818.5476722783282,0.04112097053708179,0.9038737291464483,0.016572296550152486,1.0880878614846262e-06,0.0384319156788276
818.7479040964001,0.04112158507127144,0.9038751131782681,0.016568391609186668,1.0667221146144035e-06,0.03843384341952969
818.9481359144721,0.041122404189259575,0.9038778989631,0.016563582298332408,1.0856474965903214e-06,0.038435028902182415
819.1483677325441,0.04112337035334106,0.9038801150365257,0.01655859515029899,1.0589233278976482e-06,0.03843686053687739
819.3485995506162,0.04112406579834557,0.9038817602570677,0.016554548387939797,1.0439482936010015e-06,0.03843858160872374
819.5488313686882,0.04112479079620241,0.9038843364864492,0.01654971733290462,1.049984336987785e-06,0.038440105400478056
819.7490631867602,0.041125718257390954,0.9038867656757312,0.01654477681834801,1.0402786083091083e-06,0.03844169897029319
819.9492950048322,0.04112650892815199,0.9038882974294687,0.01654050338608827,1.0118870046432166e-06,0.03844367836965989
820.1495268229041,0.0411271218157986,0.9038903384132159,0.016536399417992488,1.0249628907518597e-06,0.03844511539047488
820.3497586409761,0.04112807848279992,0.9038925822465063,0.016531644566705854,1.0162851539030732e-06,0.03844667841920536
820.5499904590481,0.04112882351137168,0.903893670763591,0.016527869757586487,9.880105583918134e-07,0.03844864795726422
820.7502222771201,0.041129489801142165,0.9038954872400248,0.01652397153096942,9.971070367119052e-07,0.038450054321199606
820.9504540951921,0.041130360586214554,0.9038976473947948,0.01651933910001984,9.897709918469406e-07,0.03845166314835129
821.1506859132642,0.0411311345387527,0.9038990130461845,0.016515435160121644,9.709725984892833e-07,0.03845344628271374
821.3509177313362,0.04113179193929077,0.9039006783091255,0.016511422251849036,9.668726690421751e-07,0.03845514062743764
821.5511495494081,0.0411325877953312,0.9039027323138988,0.016507080280374443,9.69569291864151e-07,0.038456630041475585
821.7513813674801,0.04113343842667867,0.9039040780218289,0.01650306984693658,9.478106417934167e-07,0.0384584658942865
821.9516131855521,0.0411340167116726,0.9039052218161251,0.016499671417443053,9.45634976926822e-07,0.03846014442015419
822.1518450036241,0.04113482143740571,0.90390699646517,0.016495606603304735,9.469371183009392e-07,0.038461628557373624
822.3520768216961,0.04113563716723249,0.9039081165601702,0.016491870377256367,9.26865044944683e-07,0.03846344903066867
822.5523086397681,0.04113626484224119,0.9039091978480412,0.016488550526996847,9.246821414941893e-07,0.03846506210095155
822.7525404578402,0.04113699724958093,0.9039108834361129,0.016484544313514232,9.23648764971812e-07,0.038466651352398656
822.9527722759121,0.041137793562084614,0.9039121432194147,0.016480795098414273,9.112834481315059e-07,0.03846835683700938
823.1530040939841,0.041138469569666374,0.9039131832265151,0.016477329765272487,9.014136927940367e-07,0.038470116025223954
823.3532359120561,0.04113912426650872,0.9039145766703315,0.01647372756595779,9.048821828778822e-07,0.038471666615389255
823.5534677301281,0.0411399477473641,0.9039157564553381,0.016470041259558588,8.93003798144008e-07,0.038473361534310656
823.7536995482001,0.0411405835128061,0.9039164276282037,0.01646698564845365,8.838663144230306e-07,0.03847511934459247
823.9539313662721,0.041141254016205275,0.9039175569118947,0.01646363031554429,8.852000577598182e-07,0.03847667355666728
824.154163184344,0.04114203272013767,0.9039186184468002,0.01646010550258012,8.750703549329292e-07,0.038478368260495895
824.3543950024161,0.04114268914066969,0.903919311951942,0.016457067158919644,8.681786200694608e-07,0.038480063570216036
824.5546268204881,0.0411433338692614,0.9039203705223349,0.01645371665096729,8.660891082124019e-07,0.038481712868694486
824.7548586385601,0.04114406767495562,0.9039213924260614,0.01645031753186006,8.602455321148054e-07,0.03848336212195791
824.9550904566321,0.04114477008254688,0.9039220857431798,0.01644720130093732,8.51076673706746e-07,0.038485091797028366
825.1553222747041,0.04114536156785217,0.9039228341169677,0.016444215365433733,8.505541424233944e-07,0.03848673839596941
825.3555540927761,0.041146092059368165,0.9039236872490688,0.01644099071986965,8.448521336695353e-07,0.038488385119924536
825.555785910848,0.0411467720415797,0.9039241743245925,0.016438108539967723,8.36775262496314e-07,0.03849010831896342
825.75601772892,0.04114738252100496,0.9039247526396657,0.01643527844303645,8.351789072669599e-07,0.03849175121775184
825.9562495469921,0.04114807038477165,0.9039255127551334,0.01643217044036325,8.302015093877278e-07,0.03849341621858827
826.1564813650641,0.04114873979778639,0.9039260012400558,0.0164293269452576,8.24196317003336e-07,0.038495107820949157
826.3567131831361,0.04114936099636702,0.9039265407504234,0.01642648654482499,8.207273950258622e-07,0.03849679098135523
826.5569450012081,0.04115000688789527,0.9039271461725246,0.0164235786986431,8.173867033581156e-07,0.03849845085459746
826.7571768192801,0.041150685956375416,0.9039275830878796,0.01642077831083743,8.114553300124087e-07,0.03850014118994131
826.957408637352,0.04115128403907367,0.9039279105035379,0.016418171334222225,8.086636608296095e-07,0.0385018254598701
827.157640455424,0.0411519236888706,0.9039283361063428,0.016415442883339453,8.050512636304601e-07,0.038503492270549604
827.357872273496,0.04115257805607831,0.9039286542924795,0.016412787581412052,8.002123229201174e-07,0.03850517985807291
827.5581040915681,0.041153182790081025,0.9039288971649793,0.01641026236697661,7.97309127133234e-07,0.038506860369200424
827.7583359096401,0.04115380244971569,0.9039292297897433,0.01640763365000745,7.939453318447556e-07,0.03850854016556557
827.9585677277121,0.041154432278862854,0.9039294735008779,0.01640508031795141,7.901430988787614e-07,0.038510223759573164
828.1587995457841,0.041155042769269914,0.9039296630837529,0.016402598277910695,7.870194666504184e-07,0.038511908849963854
828.359031363856,0.04115564558318171,0.9039298412190805,0.016400136663207703,7.840827412642872e-07,0.03851359245215357
828.559263181928,0.04115625805990607,0.9039299718156858,0.01639771161593954,7.80857885013524e-07,0.03851527765094934
828.759495,0.04115685734324126,0.9039300612898333,0.016395339529727087,7.780583432187395e-07,0.03851696377922012
