tg,0,2,9,other
0.0,1.0,0.0,0.0,0.0
0.20023181807199808,0.9999999999963096,7.988255524368456e-28,9.250984704783482e-14,3.59793643775046e-12
0.40046363614399616,0.999999999417245,1.4876665035640534e-24,5.587639804330106e-12,5.771690124829492e-10
0.6006954542159942,0.999999997939901,2.2836193008103915e-23,1.3325539301954178e-11,2.0467743357866235e-09
0.8009272722879923,0.999999998117014,3.3231139645427308e-22,2.2709565044574727e-11,1.8602776858257378e-09
1.0011590903599905,0.9999999992558735,2.851695662565805e-21,1.1413030811915023e-10,6.299969751076827e-10
1.2013909084319885,0.9999999950567582,1.2155591796299754e-20,2.678413510685186e-10,4.67540199077198e-09
1.4016227265039864,0.9999999935576139,3.4774855107542245e-20,2.3522417981117674e-10,6.207162048409479e-09
1.6018545445759846,0.9999999980620381,1.1254534399851734e-19,6.994022769443896e-10,1.2385601730678686e-09
1.8020863626479828,0.9999999789632397,2.786854553635907e-19,1.2980522140749264e-09,1.9738709042582456e-08
2.002318180719981,0.9999999876329327,5.537971080356411e-19,1.1814965590832619e-09,1.1185572275774998e-08
2.2025499987919788,0.9999999958851349,1.3398215233029944e-18,2.379430618957551e-09,1.7354354040162919e-09
2.402781816863977,0.9999999763109252,2.8029623816932807e-18,3.634139464715471e-09,2.0054937310434756e-08
2.603013634935975,0.9999999697561592,5.194276261062996e-18,4.107373584656827e-09,2.61364681890143e-08
2.803245453007973,0.9999999889881351,9.865990234118472e-18,5.5883660134140085e-09,5.423499390460079e-09
3.003477271079971,0.9999999703962575,1.8529307375251426e-17,9.30269689275046e-09,2.030104813088236e-08
3.2037090891519693,0.9999999332706511,2.797026347982047e-17,9.366749916083606e-09,5.736259937928753e-08
3.4039409072239675,0.9999999842732609,4.466167532696756e-17,1.2161048042444817e-08,3.5656930562269346e-09
3.6041727252959657,0.9999999336510877,7.410386343475894e-17,1.9255892604979008e-08,4.70930197837277e-08
3.8044045433679634,0.9999999179788637,1.0609220092404525e-16,1.8996210488408314e-08,6.302492800624824e-08
4.004636361439962,0.9999999615642401,1.6498936080488308e-16,2.3552039204025e-08,1.4883720732020406e-08
4.204868179511959,0.9999999359980658,2.6027556883418494e-16,3.314644218844605e-08,3.085549367767561e-08
4.4050999975839575,0.9999998802132989,3.768471328218045e-16,3.7981512641316364e-08,8.180518900317862e-08
4.605331815655956,0.9999999145777322,5.246744853831254e-16,3.926016136995411e-08,4.616210591895565e-08
4.805563633727954,0.99999992262134,7.766711258554825e-16,5.64596467253181e-08,2.0919015610066254e-08
5.005795451799952,0.9999997753651811,1.035515207836e-15,6.398165982446846e-08,1.6065315861871862e-07
5.20602726987195,0.9999998932325168,1.345587833054112e-15,6.529488086186953e-08,4.147260237742776e-08
5.4062590879439485,0.9999998725918096,1.909917191076305e-15,9.010160928323773e-08,3.7306580789673606e-08
5.606490906015946,0.9999997569137925,2.5232332390032916e-15,9.886683627199315e-08,1.4421937042690674e-07
5.806722724087944,0.9999998076567316,3.329307188679311e-15,1.0553361521143981e-07,8.680965156997894e-08
6.006954542159942,0.9999998496252627,4.555375887881517e-15,1.3059877591316798e-07,1.977595948497576e-08
6.20718636023194,0.999999711727194,6.066320194851672e-15,1.5676075990821253e-07,1.3151204124876279e-07
6.407418178303939,0.9999996587821204,7.481490895924577e-15,1.5358308320539108e-07,1.8763479036407933e-07
6.607649996375937,0.9999998021998662,9.715045565656618e-15,1.8926754450643752e-07,8.532580229557955e-09
6.807881814447935,0.999999529282061,1.2407167725547737e-14,2.3015598795377614e-07,2.4056194000305766e-07
7.008113632519933,0.9999996119843629,1.4886438771947246e-14,2.2288508492278373e-07,1.6513053852004513e-07
7.208345450591931,0.9999997119503502,1.9186602520801162e-14,2.674450684781761e-07,2.0604564409194253e-08
7.408577268663929,0.9999995014107982,2.4443751300621816e-14,3.13445665345569e-07,1.851435131739695e-07
7.608809086735927,0.9999994425708649,3.0043822392250985e-14,3.2752399715840157e-07,2.2990510673484918e-07
7.809040904807925,0.9999995892832984,3.7342640984499545e-14,3.5601678654914053e-07,5.4699877043807304e-08
8.009272722879924,0.9999994419554626,4.726923995470869e-14,4.351102389852641e-07,1.2293425140387824e-07
8.20950454095192,0.9999991239422088,5.566437727710191e-14,4.445675455076016e-07,4.3149019157028517e-07
8.409736359023919,0.9999994756472432,6.645482974133934e-14,4.779709548561428e-07,4.638173719639987e-08
8.609968177095917,0.999999204653573,8.22809934782182e-14,5.862499548290447e-07,2.0909639064572685e-07
8.810199995167915,0.9999990462273237,9.623309085094318e-14,5.894925543302425e-07,3.6428002637215607e-07
9.010431813239913,0.999999263157778,1.1601680608606286e-13,6.369806229715507e-07,9.986148380108501e-08
9.210663631311911,0.9999991235577924,1.427694744406114e-13,7.457800151950742e-07,1.3066205058324548e-07
9.41089544938391,0.999998824686219,1.7043336480451618e-13,8.040409240866099e-07,3.712726870646034e-07
9.611127267455908,0.9999989241823238,1.9863567441208227e-13,8.081786373759702e-07,2.676388423300845e-07
9.811359085527906,0.9999989867741182,2.398581837782668e-13,9.567991623793221e-07,5.642648185093303e-08
10.011590903599904,0.9999983117010934,2.7881284972388973e-13,1.042867984288778e-06,6.454306447696188e-07
10.211822721671902,0.999998736078321,3.1665909071213757e-13,1.0355410768894782e-06,2.2838028639908036e-07
10.4120545397439,0.9999986890654274,3.7920263590500105e-13,1.2156849260608466e-06,9.524926847303901e-08
10.612286357815899,0.999998178509678,4.414080490288567e-13,1.3006289581514536e-06,5.208609231904837e-07
10.812518175887897,0.9999983237281337,5.105349805043209e-13,1.338929008809978e-06,3.3734234664405396e-07
11.012749993959895,0.9999984547969104,6.039084152135964e-13,1.484566849801845e-06,6.063563754378161e-08
11.212981812031892,0.9999979392971401,7.10357764669034e-13,1.6624446817611096e-06,3.982574681344369e-07
11.41321363010389,0.9999976382973903,7.991699173897114e-13,1.6527014305767678e-06,7.09000381204238e-07
11.613445448175888,0.9999981489121339,9.223461181874792e-13,1.824013143288194e-06,2.7073801432740792e-08
11.813677266247886,0.9999972765605968,1.0673397661291098e-12,2.075945866427646e-06,6.474924703712498e-07
12.013909084319884,0.9999973816510239,1.1861507805973022e-12,2.0362329793333837e-06,5.821148123582287e-07
12.214140902391883,0.9999976908708144,1.372464717636765e-12,2.2369211486355112e-06,7.22066653529884e-08
12.41437272046388,0.9999970288061071,1.5908338807413334e-12,2.4878628399596438e-06,4.833294640233347e-07
12.614604538535879,0.9999967849681086,1.803554717423559e-12,2.5641218235557923e-06,6.509082676532614e-07
12.814836356607877,0.9999971291445299,2.051865955109083e-12,2.6612361202075703e-06,2.096172997115952e-07
13.015068174679875,0.9999967121611232,2.374075588695089e-12,3.021401738587812e-06,2.664347657075877e-07
13.215299992751874,0.9999956847626668,2.6377641794120496e-12,3.109489732854216e-06,1.205744964804857e-06
13.415531810823872,0.9999966113728046,2.933097056873176e-12,3.1922293641533095e-06,1.963948980575197e-07
13.61576362889587,0.9999959483675858,3.3635057619889595e-12,3.6463725347948024e-06,4.0525651813337734e-07
13.815995446967868,0.9999953289321735,3.727246756697694e-12,3.700876136948862e-06,9.70187964716947e-07
14.016227265039866,0.9999958360841429,4.1892266506407515e-12,3.850163873869056e-06,3.1374779602376654e-07
14.216459083111864,0.9999954837726067,4.793691019392891e-12,4.258312809920324e-06,2.579097915417986e-07
14.416690901183863,0.9999946452139007,5.39791255403406e-12,4.512532812855014e-06,8.422478908357084e-07
14.616922719255859,0.9999947110063679,5.959972964209991e-12,4.509271889406606e-06,7.797157843904573e-07
14.817154537327857,0.9999949175266574,6.738853014889123e-12,5.000897990497266e-06,8.156861333574953e-08
15.017386355399855,0.9999931945926279,7.48532905992887e-12,5.382290478473107e-06,1.4231094093601602e-06
15.217618173471854,0.9999940141551249,8.133062622353415e-12,5.308504965481006e-06,6.773317799030843e-07
15.417849991543852,0.9999939811599338,9.175635615093888e-12,5.8769087389038855e-06,1.4192215531899766e-07
15.61808180961585,0.999992644984523,1.0209400785873457e-11,6.235657938224941e-06,1.1193473316178562e-06
15.818313627687848,0.9999928531470061,1.1265981246099364e-11,6.342831972699256e-06,8.040097565621477e-07
16.018545445759848,0.9999931158042256,1.2622859060629718e-11,6.743672986882509e-06,1.4051016638659063e-07
16.218777263831843,0.9999919041323925,1.4155798212496005e-11,7.3472953164984496e-06,7.485581359036775e-07
16.41900908190384,0.9999909681893411,1.5381995929259635e-11,7.367295688029126e-06,1.664499591485502e-06
16.61924089997584,0.9999921337250511,1.6942343846270972e-11,7.775402601097628e-06,9.08554063462743e-08
16.819472718047837,0.9999902532466879,1.8833901764025642e-11,8.595855571407846e-06,1.1508789087911997e-06
17.019704536119836,0.9999901190194629,2.0303411361037805e-11,8.505657750254273e-06,1.3753024850716437e-06
17.219936354191834,0.9999908022575645,2.2459549462033807e-11,9.001768468015786e-06,1.9595150888051893e-07
17.420168172263832,0.9999893764056814,2.5005320844487547e-11,9.771920869750329e-06,8.516484469726689e-07
17.62039999033583,0.9999886823927322,2.7394727887822267e-11,1.0025580529904562e-05,1.2919993444625304e-06
17.82063180840783,0.9999892204082733,2.999720095019383e-11,1.0211408783174361e-05,5.681529487446638e-07
18.020863626479827,0.9999884036051814,3.3336949600892e-11,1.119335786349358e-05,4.0300361959855074e-07
18.221095444551825,0.9999860421670744,3.610039750866778e-11,1.1572807950015487e-05,2.3849888763614733e-06
18.421327262623823,0.9999877977498036,3.888246831804177e-11,1.164632761717008e-05,5.558836975551338e-07
18.62155908069582,0.9999865960581913,4.3014075932488e-11,1.2837824051692413e-05,5.660747423922747e-07
18.82179089876782,0.9999849582073429,4.6502565309061394e-11,1.3115323512180182e-05,1.9264226448593093e-06
19.022022716839817,0.9999858624182949,5.0583345800417746e-11,1.3410454337328519e-05,7.270767870595296e-07
19.222254534911816,0.9999852207952932,5.588820650912172e-11,1.4402253829495024e-05,3.768949915199492e-07
19.422486352983814,0.9999834087119506,6.117998609098881e-11,1.5141649698148628e-05,1.4495771713029557e-06
19.622718171055812,0.9999831722279753,6.582892894342265e-11,1.5125486874495747e-05,1.7022193250481116e-06
19.82294998912781,0.9999836990330679,7.20230347724988e-11,1.6205878187731243e-05,9.501672305163294e-08
20.02318180719981,0.9999802702268424,7.820050307657539e-11,1.7318908103000687e-05,2.41078685520841e-06
20.223413625271807,0.9999814027769922,8.315013689450799e-11,1.7070012290467666e-05,1.5271275676782721e-06
20.423645443343805,0.9999815092775395,9.096233338459658e-11,1.8310844611786346e-05,1.7978688832060876e-07
20.623877261415803,0.9999787624467584,9.889121512335383e-11,1.934001714964883e-05,1.8974372036184435e-06
20.8241090794878,0.9999788934122626,1.0654866243377587e-10,1.9573439858659624e-05,1.5330413309709187e-06
21.0243408975598,0.9999793331257175,1.1603340558419666e-10,2.0350169300281497e-05,3.165889505613126e-07
21.224572715631798,0.9999770517859977,1.26848205086943e-10,2.182867919309742e-05,1.1194079622268226e-06
21.424804533703796,0.9999748650974998,1.353881648748109e-10,2.2031785413388955e-05,3.1029817001987324e-06
21.625036351775794,0.9999770398878933,1.4542261655082485e-10,2.268901472765398e-05,2.709519569185937e-07
21.825268169847792,0.9999737084716741,1.581217084083346e-10,2.4640631512739876e-05,1.6507386940593254e-06
22.02549998791979,0.999972782544083,1.6776192524832576e-10,2.45664230853029e-05,2.6508650739648105e-06
22.22573180599179,0.9999740800597094,1.8104172868842855e-10,2.5464487540324378e-05,4.5527171086866155e-07
22.425963624063783,0.9999715596645464,1.97071618627436e-10,2.722353454500403e-05,1.2166038395761694e-06
22.62619544213578,0.9999699657320983,2.118842541252613e-10,2.78871457060719e-05,2.1469103132878626e-06
22.82642726020778,0.999970589547201,2.271468209397884e-10,2.814665925161992e-05,1.263566401552506e-06
23.026659078279778,0.999969319321221,2.466509755992441e-10,3.0185243522514982e-05,4.95188606917578e-07
23.226890896351776,0.9999647914354993,2.6328659307525324e-10,3.1303703570877206e-05,3.904597646638478e-06
23.427122714423774,0.9999675481802908,2.785430879889873e-10,3.119096640384845e-05,1.2605747639121682e-06
23.627354532495772,0.9999657354361274,3.016658770913571e-10,3.361359280293608e-05,6.506694043243221e-07
23.82758635056777,0.9999622430787358,3.2158742128850933e-10,3.451051458071093e-05,3.246085097368311e-06
24.02781816863977,0.9999636292726886,3.432825004716138e-10,3.495701403234876e-05,1.4133699980917499e-06
24.228049986711767,0.9999626756763071,3.71463061967786e-10,3.6844543858258784e-05,4.794083736921108e-07
24.428281804783765,0.9999592994488611,3.9989583420655294e-10,3.85573634889611e-05,2.142787755843447e-06
24.628513622855763,0.9999582664467179,4.239265523478084e-10,3.858594080007252e-05,3.147188558308968e-06
24.82874544092776,0.9999594358096738,4.5467064928276657e-10,4.043677405637393e-05,1.2696159998376127e-07
25.02897725899976,0.9999535362865707,4.869063401894225e-10,4.2984364041596165e-05,3.478862484755584e-06
25.229209077071758,0.9999546208052098,5.112905326042396e-10,4.2456968777213034e-05,2.9217147250236715e-06
25.429440895143756,0.9999551238674271,5.487866757881072e-10,4.4628434010698596e-05,2.47149776922185e-07
25.629672713215754,0.9999502475407296,5.882195321149992e-10,4.69671068284081e-05,2.7847642250466183e-06
25.829904531287752,0.9999499980855403,6.247778977215236e-10,4.743797277203996e-05,2.563316910151074e-06
26.03013634935975,0.999950655835831,6.685619369092257e-10,4.865115876480659e-05,6.923368438052021e-07
26.23036816743175,0.9999469242354189,7.192302122784937e-10,5.162359612439236e-05,1.4514492294015632e-06
26.430599985503747,0.9999425978671906,7.59437914297002e-10,5.2380731368913047e-05,5.020642003790557e-06
26.630831803575745,0.9999461884722497,8.030676567704744e-10,5.3127628756566135e-05,6.830959284832539e-07
26.831063621647743,0.9999409980092567,8.608199140409465e-10,5.695243435812607e-05,2.0486955682020466e-06
27.03129543971974,0.9999383515882366,9.045811012825981e-10,5.716743070051735e-05,4.480076483090478e-06
27.23152725779174,0.9999405885596486,9.6100447426001e-10,5.848124680579253e-05,9.29232543227962e-07
27.431759075863738,0.9999366724629659,1.0309538330733134e-09,6.181286812649414e-05,1.5136379555925139e-06
27.631990893935736,0.9999334901600874,1.0954368917259007e-09,6.33043879047794e-05,3.204356573072751e-06
27.832222712007734,0.999933934256605,1.1587636532759317e-09,6.361255998354575e-05,2.452024649231365e-06
28.032454530079733,0.9999323223647529,1.239203831855089e-09,6.714990220868347e-05,5.264938350521335e-07
28.23268634815173,0.9999245909206729,1.3107100932812873e-09,6.976769939225185e-05,5.64006922651745e-06
28.43291816622373,0.9999283344501172,1.371110499652151e-09,6.918714328653219e-05,2.4770354888099534e-06
28.633149984295727,0.9999259927467562,1.4639103140315037e-09,7.335319214044407e-05,6.525971935415089e-07
28.833381802367725,0.9999195231171786,1.546619311189039e-09,7.558605429636044e-05,4.889281907799753e-06
29.03361362043972,0.9999214067676222,1.6310766949921374e-09,7.615129468183812e-05,2.4403066204170117e-06
29.233845438511718,0.9999201942331851,1.740571822703386e-09,7.920173788060612e-05,6.022883643414104e-07
29.434077256583716,0.9999145115136756,1.8530838756330775e-09,8.26130990167494e-05,2.873534225110011e-06
29.634309074655715,0.9999118937278264,1.9458488416743116e-09,8.290181660928121e-05,5.202509717016523e-06
29.834540892727713,0.9999142224605181,2.0591618822625316e-09,8.552396379837802e-05,2.515165242462337e-07
30.03477271079971,0.9999050441069907,2.1845327621757265e-09,9.048060204625715e-05,4.473106433126845e-06
30.23500452887171,0.9999053085651112,2.2758386466057494e-09,8.969836741948178e-05,4.99079163182266e-06
30.435236346943707,0.9999066446284689,2.411148775185544e-09,9.293860263543451e-05,4.143577479798709e-07
30.635468165015705,0.9998988463198875,2.559530455390181e-09,9.746583699086868e-05,3.6852835944697315e-06
30.835699983087704,0.9998976717991754,2.693227328160721e-09,9.840433876843785e-05,3.921168831214399e-06
31.035931801159702,0.9998985498217471,2.8478823389145293e-09,0.00010003427974562949,1.4130506257869544e-06
31.2361636192317,0.9998930597651672,3.0295878455936054e-09,0.00010523820619615166,1.6989990502316513e-06
31.4363954373037,0.9998853933614755,3.176391680224024e-09,0.00010724163975143569,7.361822385365673e-06
31.636627255375696,0.9998907980157776,3.323472630920459e-09,0.00010770223564269247,1.496425111603745e-06
31.836859073447695,0.9998834830337857,3.5263994504475415e-09,0.00011424717097531043,2.2662688419758414e-06
32.037090891519696,0.9998777464622433,3.682517368578899e-09,0.00011537715583133704,6.872699410410472e-06
32.23732270959169,0.9998813081569013,3.870235153989294e-09,0.00011698179460032296,1.7061782658880998e-06
32.437554527663686,0.9998757882884733,4.109261268843428e-09,0.00012250236187086528,1.7052403967169316e-06
32.637786345735684,0.9998700481184873,4.33116171809121e-09,0.00012550202545990252,4.4455248941889476e-06
32.83801816380768,0.9998698161062627,4.5401283344931495e-09,0.00012589213820744094,4.287215402867864e-06
33.03824998187968,0.999868231249564,4.80255369142289e-09,0.00013124914659571452,5.148012867537489e-07
33.23848179995168,0.9998560790042338,5.047282279479963e-09,0.00013648367025913922,7.43227822862792e-06
33.43871361802368,0.9998604569809522,5.2400124282442805e-09,0.00013513940232741723,4.398376710323285e-06
33.638945436095675,0.9998579281881034,5.53693242895681e-09,0.00014146200341769963,6.042715498842828e-07
33.83917725416767,0.9998471170766428,5.813282258529173e-09,0.00014612749874151233,6.749611336833512e-06
34.03940907223967,0.9998493498317294,6.079828208856443e-09,0.0001467785734645003,3.865514979557079e-06
34.23964089031167,0.999848011561688,6.423238398162157e-09,0.0001511450745081668,8.369405669111362e-07
34.43987270838367,0.9998391749306533,6.783894307292501e-09,0.0001572217705534459,3.5965149002471333e-06
34.640104526455666,0.9998338247328722,7.077493557536792e-09,0.0001582599779688529,7.908211666944801e-06
34.840336344527664,0.9998380260153649,7.417617274075937e-09,0.0001613665894606403,5.999775603361702e-07
35.04056816259966,0.9998248122288123,7.814652929227502e-09,0.00016993095662003825,5.248999915749385e-06
35.24079998067166,0.999822936497854,8.098303950848278e-09,0.00016922246418390655,7.832939661179703e-06
35.44103179874366,0.9998257584828303,8.49858352588222e-09,0.00017345239879613773,7.806197940044384e-07
35.64126361681566,0.9998142787585358,8.957656551543797e-09,0.00018122714779482743,4.485136013684677e-06
35.841495434887655,0.9998112946974799,9.364062196860175e-09,0.00018308001138641862,5.6159270748198445e-06
36.04172725295965,0.9998122937005933,9.81722605914906e-09,0.00018504680168552451,2.649680496625215e-06
36.24195907103165,0.9998049205133723,1.0356558765413012e-08,0.00019323161294907478,1.8375171232445066e-06
36.44219088910365,0.999792387784454,1.0804626474082772e-08,0.0001975803891859449,1.0021021735699362e-05
36.64242270717565,0.9997998638221127,1.1219776611863676e-08,0.00019718819871163902,2.936759400848666e-06
36.842654525247646,0.9997904392754765,1.1812647316871328e-08,0.00020728222922759227,2.2666826527319106e-06
37.042886343319644,0.9997797821444562,1.2282210673444235e-08,0.00021044205271090048,9.763520625186055e-06
37.24311816139164,0.9997850434382131,1.2807754695329881e-08,0.0002120604592155652,2.8832948166535675e-06
37.44334997946364,0.9997778784415213,1.3493154199304502e-08,0.00022031164041564301,1.7964249111931997e-06
37.64358179753564,0.9997683170622358,1.4138465797978353e-08,0.000225831173156756,5.837626143128234e-06
37.84381361560764,0.9997665990857995,1.4724831116704693e-08,0.00022650049117122495,6.885698201270602e-06
38.044045433679635,0.9997657345742812,1.544769902276208e-08,0.00023372419534179484,5.257826811442872e-07
38.24427725175163,0.9997478223588782,1.615735729533935e-08,0.00024304537925755098,9.116104510374266e-06
38.44450906982363,0.9997519496593156,1.668584056825761e-08,0.0002408009288515148,7.232725992922565e-06
38.64474088789563,0.9997499480318304,1.7491228092059677e-08,0.0002494527087342713,5.817682086992533e-07
38.84497270596763,0.9997332970486399,1.82791290639663e-08,0.0002580256152775681,8.659056954576685e-06
39.045204524039626,0.9997354248704562,1.9003004174731117e-08,0.00025881654386912377,5.739582673586921e-06
39.245436342111624,0.9997341564420394,1.992431153245056e-08,0.0002644934626432762,1.3301710077087082e-06
39.44566816018362,0.9997213175452607,2.0914640914582372e-08,0.0002743957810974923,4.26575900323733e-06
39.64589997825562,0.9997116837677521,2.17193621501437e-08,0.00027706442353271724,1.1230089354989968e-05
39.84613179632762,0.9997185876146515,2.259811890385954e-08,0.00028002069706208293,1.369090170885349e-06
40.04636361439962,0.9997007610757628,2.367741562437604e-08,0.0002935106857814246,5.704561043512344e-06
40.246595432471615,0.9996947572737416,2.4447210375374467e-08,0.0002937164155354043,1.1501863514390942e-05
40.44682725054361,0.9996999413672673,2.54701509663094e-08,0.00029855935799771014,1.4738045874001938e-06
40.64705906861561,0.9996841972298735,2.6697784719943862e-08,0.0003107037105297879,5.072361811503964e-06
40.84729088668761,0.9996780760873933,2.7776198700971344e-08,0.00031425633581134635,7.639800597954784e-06
41.04752270475961,0.9996789095482203,2.8933591985531753e-08,0.0003164854811624168,4.5760370268410785e-06
41.247754522831606,0.9996698481640212,3.0323315720445346e-08,0.00032825160171932264,1.8699109464138808e-06
41.447986340903604,0.9996506254726747,3.151939522593814e-08,0.00033649911903083573,1.2843888901721533e-05
41.6482181589756,0.9996600721894926,3.254876774471222e-08,0.00033461921813106755,5.276043608920196e-06
41.8484499770476,0.9996489863244552,3.405554784453001e-08,0.000348906890604115,2.072729395186821e-06
42.0486817951196,0.9996311589372167,3.529794407345134e-08,0.0003557893842975938,1.301638054216962e-05
42.2489136131916,0.9996383588959022,3.659326448905585e-08,0.0003570327195129235,4.571791322429009e-06
42.449145431263595,0.9996297422058058,3.8314702493206043e-08,0.00036836954248151274,1.8499370136559273e-06
42.64937724933559,0.9996148422019794,3.9967284886940786e-08,0.0003777896023535909,7.3282283851705725e-06
42.84960906740759,0.9996104347886404,4.142619251153689e-08,0.00037922791837507704,1.0295866795349783e-05
43.04984088547959,0.9996113254579583,4.3177978360192354e-08,0.0003879460678525505,6.852962127770318e-07
43.25007270355159,0.9995863015428036,4.499051794738861e-08,0.0004031124246987759,1.0541041983874549e-05
43.450304521623586,0.9995885397684257,4.62871278276674e-08,0.00040023618390025244,1.117776054860439e-05
43.650536339695584,0.9995882425159311,4.821290259911605e-08,0.00041100100804305513,7.082631253604636e-07
43.85076815776758,0.9995642812180031,5.020168847248996e-08,0.00042525313633116066,1.0415443979094426e-05
44.05099997583958,0.9995653661333769,5.1958726916076185e-08,0.0004264670019179415,8.114905980283877e-06
44.25123179391158,0.9995643816332126,5.415324315293508e-08,0.0004332859834641957,2.2782300828937787e-06
44.45146361198358,0.999546860481905,5.656741385046668e-08,0.0004482505502455498,4.832400436728392e-06
44.651695430055575,0.999530977091691,5.854456817032404e-08,0.0004539201141470422,1.5044249595384757e-05
44.851927248127566,0.9995413507000094,6.057102512003056e-08,0.00045576867103519286,2.820057932011728e-06
45.052159066199565,0.9995186790385233,6.317662999197846e-08,0.0004754578455469342,5.799939300962054e-06
45.25239088427156,0.9995058197058475,6.506168016849969e-08,0.00047812498689477995,1.599024557840658e-05
45.45262270234356,0.9995144121865881,6.739942405640298e-08,0.0004828690153144933,2.6513986756423408e-06
45.65285452041556,0.999494150038296,7.03302725568327e-08,0.0005004088435466538,5.370787889092339e-06
45.85308633848756,0.9994830424823454,7.290823685009451e-08,0.0005069127052404684,9.971904180844004e-06
46.053318156559556,0.9994831356091126,7.55701657194392e-08,0.0005094415492936251,7.347271429019448e-06
46.253549974631554,0.9994730428521715,7.877763199533169e-08,0.0005250417971905687,1.836573009159279e-06
46.45378179270355,0.9994450954630254,8.165251501647791e-08,0.0005391904541403311,1.5632430320649454e-05
46.65401361077555,0.9994557645044095,8.396803482405341e-08,0.0005353472535983524,8.804273959160901e-06
46.85424542884755,0.9994440489043009,8.740010651795702e-08,0.000554089356412209,1.774339182079991e-06
47.05447724691955,0.999416498711167,9.037229443071876e-08,0.0005669714112913022,1.6439505250842855e-05
47.254709064991545,0.9994255506035035,9.326938519367985e-08,0.0005674530128105119,6.903114302528781e-06
47.45494088306354,0.9994159510623495,9.716584325137304e-08,0.0005819513891346061,2.000382673865238e-06
47.65517270113554,0.9993940555564523,1.0099534338881054e-07,0.000596998691860341,8.844756344211049e-06
47.85540451920754,0.9993852905592612,1.0430448460115746e-07,0.0006001203694422632,1.4484766814043363e-05
48.05563633727954,0.9993892547036739,1.0814462862716189e-07,0.0006094459959834075,1.1911557170970671e-06
48.255868155351536,0.9993559298051088,1.1232905696793306e-07,0.0006323750016483261,1.1582864188200138e-05
48.456099973423534,0.9993536817514127,1.1525243222890475e-07,0.0006298245926020629,1.6378403552462322e-05
48.65633179149553,0.9993567599974796,1.1942137612379583e-07,0.000641967515139311,1.153066006463168e-06
48.85656360956753,0.9993242444316202,1.2397677332148659e-07,0.0006638057051778484,1.1825886431780398e-05
49.05679542763953,0.9993226732036898,1.2788672911608855e-07,0.0006661456989873244,1.1053210595725136e-05
49.25702724571153,0.9993221329891651,1.326476539381106e-07,0.0006738204874048904,3.9138757781897506e-06
49.457259063783525,0.9992996413128847,1.380002072692107e-07,0.0006949689491199736,5.251737790406406e-06
49.65749088185552,0.9992751527841456,1.4245562357600255e-07,0.0007055592697461922,1.9145490486110844e-05
49.85772269992752,0.9992894218597146,1.4673370928399996e-07,0.0007051628662723426,5.268540305871754e-06
50.05795451799952,0.9992622234022563,1.5245099486323708e-07,0.0007320618097074758,5.5623370435924274e-06
50.25818633607152,0.9992390591710826,1.567053682420826e-07,0.000739578422106296,2.120570144590501e-05
50.458418154143516,0.9992521266148067,1.615999076730107e-07,0.0007432121999489834,4.499585339724282e-06
50.658649972215514,0.9992275526778205,1.6798669608737194e-07,0.0007668993309017299,5.38000458492396e-06
50.85888179028751,0.9992090709543353,1.7365774215997974e-07,0.0007781731686295694,1.2582219295595547e-05
51.05911360835951,0.9992074521007773,1.792971547190097e-07,0.0007812850704123471,1.1083531656447019e-05
51.25934542643151,0.9991975589794698,1.860732138627074e-07,0.0008004216880380152,1.8332592822385973e-06
51.45957724450351,0.9991587892257628,1.924198255833401e-07,0.0008228540969716472,1.816425744104131e-05
51.659809062575505,0.999168962179765,1.9725338070076351e-07,0.0008170520333999528,1.37885334566033e-05
51.8600408806475,0.9991583581746116,2.044073615611594e-07,0.0008399121128629323,1.5253051685375618e-06
52.0602726987195,0.9991184319351831,2.1095766338204285e-07,0.0008615539826413682,1.9803124513620832e-05
52.2605045167915,0.999128664353629,2.1696476743831015e-07,0.000861089379930074,1.0029301675491674e-05
52.4607363348635,0.9991188212528687,2.2507454602267175e-07,0.0008784935893102811,2.460083276396565e-06
52.660968152935496,0.9990883331981456,2.3325735917765252e-07,0.0009011310676881675,1.0302476808270766e-05
52.861199971007494,0.9990730222314201,2.402327435120074e-07,0.0009073909012900039,1.9346634547955587e-05
53.06143178907949,0.9990815033852736,2.480007266207518e-07,0.0009159238307234028,2.3247832781669712e-06
53.26166360715149,0.9990390936556411,2.568918356030363e-07,0.0009484937847800294,1.2155667745151534e-05
53.46189542522349,0.9990286729361127,2.630594196944835e-07,0.0009481888158110697,2.2875188656624116e-05
53.66212724329549,0.9990372230314367,2.7138889604547965e-07,0.0009603784409159582,2.1271387547188545e-06
53.862359061367485,0.9989953511314298,2.8102219776769745e-07,0.0009916155784709638,1.2752267901916745e-05
54.06259087943948,0.9989886652264693,2.8914136526345396e-07,0.0009964227299326613,1.4622902234318525e-05
54.26282269751148,0.9989885766266082,2.9872239661435276e-07,0.0010046407647582634,6.4838862369343675e-06
54.46305451558348,0.9989614597694326,3.0970265356623815e-07,0.0010327263607692642,5.504167148470658e-06
54.66328633365548,0.9989256840870437,3.190579136767135e-07,0.001050714387755951,2.3282467290365956e-05
54.863518151727476,0.9989435725993253,3.274807903648941e-07,0.001047030396908127,9.069522978965248e-06
55.063749969799474,0.9989129544128594,3.390729598639798e-07,0.0010816224322451073,5.084081936727438e-06
55.26398178787147,0.998875461367002,3.4805061941048616e-07,0.0010972449933157704,2.6945589065616906e-05
55.46421360594347,0.998893815438747,3.5760825144231816e-07,0.0010985972575514632,7.2296954533474715e-06
55.66444542401547,0.9988656817402031,3.705161257448935e-07,0.0011287416598365582,5.2060838389050785e-06
55.86467724208747,0.9988369798216692,3.8216878829518795e-07,0.0011472061214310332,1.543188811555434e-05
56.064909060159465,0.998832175996968,3.933555807242632e-07,0.0011515750404979997,1.5855606955513677e-05
56.26514087823146,0.9988243156127572,4.0666820807477155e-07,0.001173241004248534,2.0367147875671897e-06
56.46537269630346,0.9987727678935955,4.197199503227846e-07,0.0012065804930272272,2.0231893429923542e-05
56.66560451437546,0.9987794601113194,4.2923798952136043e-07,0.0011996798095036253,2.0430841189301902e-05
56.86583633244746,0.9987724944352212,4.430951872284392e-07,0.0012255261933397238,1.536276254788059e-06
57.066068150519456,0.9987177282856045,4.5657113055176074e-07,0.001258957625871547,2.2857517395294172e-05
57.266299968591454,0.9987275708322924,4.683010402084563e-07,0.0012578481390949098,1.4112727575236275e-05
57.46653178666345,0.99871843615856,4.840525960929882e-07,0.0012775706947404522,3.5090941056265627e-06
57.66676360473545,0.9986780937602762,5.003957696636775e-07,0.0013097846028911732,1.162124106664215e-05
57.86699542280744,0.9986534999660014,5.142469997415554e-07,0.001321261229224821,2.4724557776881346e-05
58.06722724087944,0.9986677831364065,5.289648114093252e-07,0.0013272274637485067,4.4604350345172935e-06
58.26745905895144,0.9986162095211035,5.465833511071194e-07,0.0013710113738393574,1.2232521707417688e-05
58.467690877023436,0.9985928431275573,5.589110843201771e-07,0.0013760341632012626,3.056379816172939e-05
58.667922695095434,0.998609185831103,5.744941445859821e-07,0.0013863588698710522,3.880804881917466e-06
58.86815451316743,0.998557815626309,5.935394746301853e-07,0.001428445164339343,1.3145669879345437e-05
59.06838633123943,0.9985426053238284,6.094710984516319e-07,0.0014379026859157817,1.8882519160104947e-05
59.26861814931143,0.9985427033742466,6.276035482012947e-07,0.0014464534806629225,1.0215541545038632e-05
59.46884996738343,0.9985121448614216,6.487108706112272e-07,0.0014815787719623967,5.627655746890611e-06
59.669081785455425,0.9984621788572043,6.67222197147361e-07,0.0015099443883313337,2.7209532266707146e-05
59.869313603527424,0.9984822993148008,6.829083000267954e-07,0.0015024199220132393,1.4597854888943293e-05
60.06954542159942,0.9984504015076073,7.048971718038134e-07,0.0015443702186501971,4.523376572810564e-06
60.26977723967142,0.998394275084976,7.227906942887569e-07,0.001572111276391038,3.289084794256041e-05
60.47000905774342,0.9984180701949414,7.404376656625031e-07,0.001570115977781634,1.1073389616105614e-05
60.670240875815416,0.998387709478223,7.649208946051246e-07,0.001606454403192814,5.071197693860271e-06
60.870472693887415,0.9983456859402069,7.87528062508853e-07,0.0016350584304844896,1.8468101247587022e-05
61.07070451195941,0.9983356369815483,8.085616699405419e-07,0.0016418871991443703,2.1667257640194428e-05
61.27093633003141,0.9983321267155589,8.331792996364575e-07,0.0016643085902399133,2.731514905577593e-06
61.47116814810341,0.9982662445978556,8.584437796058077e-07,0.0017112032631415707,2.1693695226465238e-05
61.67139996617541,0.9982649964428358,8.763368583257977e-07,0.00170529093979274,2.883628051579809e-05
61.871631784247406,0.9982649682937264,9.01571960146575e-07,0.0017320566279382986,2.0735063774385245e-06
62.071863602319404,0.9981934512670296,9.277053628715722e-07,0.0017802632579629368,2.535776964586753e-05
62.2720954203914,0.9982001051735805,9.495276777891691e-07,0.00177963911287883,1.9306185865266748e-05
62.4723272384634,0.9981927379953145,9.784000191334877e-07,0.0018008157165409972,5.467888131493278e-06
62.6725590565354,0.9981419413193517,1.0092194815342917e-06,0.0018443030718055485,1.2746389363402795e-05
62.8727908746074,0.9981047938955905,1.0353853160112583e-06,0.001863738492337015,3.043222675777132e-05
63.073022692679395,0.9981255854290945,1.0618091697492428e-06,0.0018652905425409142,8.062219196270452e-06
63.27325451075139,0.9980658057152414,1.0946954210897771e-06,0.0019212280962793578,1.1871493063421792e-05
63.47348632882339,0.9980238006914455,1.118239378350468e-06,0.0019358933362359232,3.918773294204344e-05
63.67371814689539,0.9980501315886292,1.14584984356402e-06,0.00194201453507618,6.7080264535976e-06
63.87394996496739,0.9979899886826397,1.181388523865462e-06,0.0019957636295284895,1.3066299311438493e-05
64.07418178303939,0.9979619024428669,1.2111987039296991e-06,0.002013032869242177,2.3853489189729188e-05
64.27441360111138,0.9979615200410541,1.2438152895142264e-06,0.002021959497865215,1.527664579377189e-05
64.47464541918337,0.9979296452594877,1.2822068897820307e-06,0.002063318970220296,5.7535634050748205e-06
64.67487723725537,0.9978625276632883,1.3170088325059672e-06,0.0021054204848655225,3.073484301408687e-05
64.87510905532737,0.9978819698230635,1.3449485913474896e-06,0.002094467504953192,2.221772339475452e-05
65.07534087339937,0.997852165441354,1.3843449342465802e-06,0.0021423381988963193,4.112014816765373e-06
65.27557269147137,0.9977732428381142,1.4182764805363483e-06,0.002186701398045767,3.8637487362350044e-05
65.47580450954337,0.9978014796280597,1.4494201796621696e-06,0.0021807924057317125,1.6278546029888455e-05
65.67603632761536,0.9977707921118933,1.493402872075925e-06,0.0022224125286480247,5.3019565901809174e-06
65.87626814568736,0.9977124314535841,1.5351473872987688e-06,0.0022644190789984503,2.161432003323059e-05
66.07649996375936,0.9976944302356279,1.5729804999590638e-06,0.002275558947415806,2.8437836457205206e-05
66.27673178183136,0.9976977656516913,1.616231996296558e-06,0.0022962917531762143,4.326363138112743e-06
66.47696359990336,0.9976167044367547,1.662627959333174e-06,0.002359117431752355,2.2515503536048768e-05
66.67719541797535,0.9976015106978733,1.695018526716595e-06,0.002357799786572883,3.899449702763472e-05
66.87742723604735,0.9976123402202794,1.7386258765368387e-06,0.0023824537946730393,3.467359171777993e-06
67.07765905411935,0.9975231135448913,1.7867552274242497e-06,0.0024479945547005474,2.710514518263485e-05
67.27789087219135,0.9975222758278454,1.8257707629997771e-06,0.002450168317341093,2.5730084053913765e-05
67.47812269026335,0.9975177007486202,1.8761577868408794e-06,0.0024717625971883267,8.660496405619159e-06
67.67835450833535,0.997456849951042,1.931459596005369e-06,0.0025275482335993535,1.36703557646132e-05
67.87858632640734,0.9974034160103026,1.9788221063906363e-06,0.0025583352595220975,3.626990807221519e-05
68.07881814447934,0.9974303116141963,2.0241983467744733e-06,0.002554008008845849,1.3656178612995817e-05
68.27904996255134,0.9973646490496535,2.082471279568392e-06,0.002622031472553581,1.123700651252939e-05
68.47928178062334,0.9972977245762903,2.1256854296557863e-06,0.0026517794027693382,4.837033551153422e-05
68.67951359869534,0.9973356139616653,2.1724529346898513e-06,0.002651257000876989,1.0956584525813302e-05
68.87974541676734,0.9972684661189267,2.2355108135898998e-06,0.002716601350843718,1.2697019419135605e-05
69.07997723483933,0.9972223911857527,2.2890536199553653e-06,0.002745827670189351,2.9492090438652544e-05
69.28020905291133,0.9972203205370515,2.3452896778877273e-06,0.002755589098529263,2.174507474464438e-05
69.48044087098333,0.9971901459002471,2.411865683747362e-06,0.002801304067766441,6.138166304031393e-06
69.68067268905533,0.9971031041855264,2.4744166830168704e-06,0.0028606737219748265,3.3747675818703856e-05
69.88090450712733,0.997117088316202,2.5224291992838534e-06,0.00284815600932754,3.223324527333467e-05
70.08113632519932,0.9970940655380458,2.5896053066325957e-06,0.002899176461546374,4.168395102105574e-06
70.28136814327132,0.9969888296945403,2.651159254757974e-06,0.002964750394361927,4.376875184279963e-05
70.48159996134332,0.9970188262245462,2.704149670458222e-06,0.002955362133803911,2.3107491980461725e-05
70.68183177941532,0.9969902228501133,2.779526518316857e-06,0.003000691537363809,6.306086005170718e-06
70.88206359748732,0.9969130701477659,2.8533411386559925e-06,0.00305931147067144,2.4765040424823026e-05
71.08229541555932,0.9968837239376945,2.918901579815997e-06,0.0030773556443003344,3.600151642851467e-05
71.28252723363131,0.9968960851615455,2.991648638754553e-06,0.0030935729396568165,7.350250159525382e-06
71.48275905170331,0.9968000853258703,3.072979175892274e-06,0.003174053884212098,2.2787810746941496e-05
71.68299086977531,0.9967635064037295,3.1297805233775622e-06,0.003182596702802138,5.0767112947044055e-05
71.88322268784731,0.9967893858351847,3.20183772730962e-06,0.0032012855811383596,6.126745952215772e-06
72.0834545059193,0.996682820712982,3.2865108741542837e-06,0.0032858829210770046,2.800985507008059e-05
72.2836863239913,0.9966685501289105,3.3539750154902674e-06,0.0032946410122348434,3.3454883839986654e-05
72.4839181420633,0.9966675886891745,3.438299482620661e-06,0.0033155904812822027,1.338253006578666e-05
72.6841499601353,0.9965983775323044,3.5333030919192196e-06,0.003383630501552345,1.4458663052625193e-05
72.8843817782073,0.9965246045614596,3.61588893444733e-06,0.00342973935304228,4.204019656735234e-05
73.0846135962793,0.9965555140646517,3.690995311171138e-06,0.003419021391382659,2.1773548655876732e-05
73.2848454143513,0.9964879338955079,3.78962525183933e-06,0.0034976671242341936,1.0609355006444925e-05
73.4850772324233,0.9963897043030995,3.866159672500254e-06,0.003548758623645137,5.767091358581717e-05
73.68530905049529,0.9964394565020611,3.942490213300947e-06,0.0035395634704866977,1.703753724085221e-05
73.88554086856729,0.9963682261606228,4.049511834160453e-06,0.0036153670952155043,1.235723232812643e-05
74.08577268663929,0.996298681918358,4.142278775634959e-06,0.003661500467336763,3.5675335531212955e-05
74.28600450471129,0.9962930195366089,4.235845403239802e-06,0.0036731378213908997,2.9606796598050694e-05
74.48623632278328,0.996268215390014,4.346593747117577e-06,0.0037202528069143295,7.185209326512213e-06
74.68646814085528,0.9961590205827214,4.4545916503447175e-06,0.0038003004101696625,3.622441546075499e-05
74.88669995892728,0.9961606998220505,4.534726934146305e-06,0.0037899456316582334,4.481981935954778e-05
75.08693177699928,0.9961503432656652,4.644420695375412e-06,0.003839903357921513,5.1089557209944624e-06
75.28716359507128,0.9960164501483268,4.751693683026759e-06,0.003930848188620941,4.7949969371537065e-05
75.48739541314328,0.9960433632912993,4.839220447748402e-06,0.003919965223755225,3.1832264500606445e-05
75.68762723121527,0.9960196651333555,4.963191593759915e-06,0.003966826843650826,8.544831400531685e-06
75.88785904928727,0.9959223893355353,5.0887836321893544e-06,0.004044721154662056,2.7800726171563817e-05
76.08809086735927,0.9958775967047289,5.19882337595353e-06,0.004073067480787401,4.413699110844687e-05
76.28832268543127,0.995900214347435,5.316700316919643e-06,0.004082042649465796,1.242630278346073e-05
76.48855450350327,0.9957910285823519,5.4534667725068685e-06,0.004180798478895025,2.271947198221509e-05
76.68878632157526,0.9957245245765995,5.550350340361066e-06,0.00420605443398296,6.387063907880002e-05
76.88901813964726,0.9957693196956107,5.6649586248015115e-06,0.004214466777805293,1.0548567961561279e-05
77.08924995771926,0.9956474171334877,5.8079244616271775e-06,0.00431861401855756,2.8160923495122853e-05
77.28948177579126,0.9956122280168611,5.9212713313008354e-06,0.004339360062596198,4.249064921641322e-05
77.48971359386326,0.9956153020615996,6.057410815543764e-06,0.004358757483383668,1.9883044203385356e-05
77.68994541193526,0.9955408927653789,6.214436775153456e-06,0.004437608111907314,1.5284685941136253e-05
77.89017723000725,0.9954426343165736,6.353714638499096e-06,0.0045034382220545685,4.757374673772207e-05
78.09040904807925,0.9954732657843013,6.474304402768999e-06,0.004487384874717615,3.287503658230476e-05
78.29064086615125,0.9954095411595546,6.634566567097824e-06,0.004573443332012915,1.0380941869290515e-05
78.49087268422325,0.9952741289040318,6.7657276789647766e-06,0.004652464565346993,6.664080294466364e-05
78.69110450229525,0.9953340343230255,6.886587859278903e-06,0.004633659538520263,2.5419550595736872e-05
78.89133632036724,0.9952628234030378,7.061172071904279e-06,0.004717606574116714,1.2508850771616759e-05
79.09156813843924,0.995164566076975,7.216782099912855e-06,0.004786003666951198,4.2213473973875526e-05
79.29179995651124,0.9951525370794407,7.367839067402478e-06,0.004801309444465081,3.8785637029245145e-05
79.49203177458324,0.9951369932501123,7.545466609956943e-06,0.0048460050256587915,9.456257622182231e-06
79.69226359265524,0.9950044289975585,7.725277619714813e-06,0.004949617796329005,3.822792849549536e-05
79.89249541072724,0.9949849299594128,7.855840111630018e-06,0.004947263722443281,5.9950478035262816e-05
80.09272722879923,0.9949939278590573,8.028286340085477e-06,0.004990592014134345,7.451840469544889e-06
80.29295904687123,0.994830708963455,8.20849325514874e-06,0.005110068337274699,5.101420601444773e-05
80.49319086494323,0.9948472027672416,8.34959508652146e-06,0.005101733997457104,4.271364021670052e-05
80.69342268301523,0.9948314860110985,8.546249339598369e-06,0.005147466729961403,1.2501009602282612e-05
80.89365450108723,0.9947144405041508,8.752656541250595e-06,0.0052461730886714224,3.063375063706008e-05
81.09388631915922,0.9946493943883428,8.93227245118817e-06,0.0052890475666338595,5.262577257336757e-05
81.29411813723122,0.9946818531471303,9.11727178503552e-06,0.005288800038307815,2.0229542780259597e-05
81.49434995530322,0.9945631943379856,9.338795462629342e-06,0.005404844604323835,2.262226223082258e-05
81.69458177337522,0.9944577039461764,9.499937348834271e-06,0.005454934429126804,7.786168734786827e-05
81.89481359144722,0.9945240917224417,9.676412836035951e-06,0.005448919447837113,1.731241688817928e-05
82.09504540951922,0.9943906735382049,9.90897135582627e-06,0.005571543861614012,2.7873628828613545e-05
82.29527722759121,0.9943259149250697,1.0094607492810473e-05,0.005611209013922223,5.278145351820323e-05
82.49550904566321,0.9943328137733806,1.0307724364961184e-05,0.005628520172018792,2.8358330237288716e-05
82.69574086373521,0.994257807774608,1.0558457158606138e-05,0.005715160337214794,1.6473431020464203e-05
82.89597268180721,0.9941311457525392,1.0786327962013119e-05,0.005805295403660934,5.277251583865906e-05
83.0962044998792,0.9941546617264442,1.0975142035820608e-05,0.005787084598775722,4.727853274817601e-05
83.2964363179512,0.994102361159472,1.1226208182026804e-05,0.005875364428794394,1.104820355247297e-05
83.4966681360232,0.9939251082926411,1.1444173818213956e-05,0.005988577132490853,7.487040105271469e-05
83.6968999540952,0.993990667566233,1.1630914708986803e-05,0.005961105492736602,3.659602632527888e-05
83.8971317721672,0.9939246791029976,1.1905776039961385e-05,0.006049674140064536,1.374098089864913e-05
84.0973635902392,0.9937934624243597,1.215920354231376e-05,0.006145485031621119,4.8893340479370305e-05
84.2975954083112,0.9937712367858077,1.2396889548239093e-05,0.00616717610918517,4.9190215459826435e-05
84.4978272263832,0.9937684361713528,1.2672771750754313e-05,0.006205222536696908,1.3668520203379283e-05
84.69805904445519,0.9936128637974323,1.2962369857686863e-05,0.006334255849074419,3.991798363918824e-05
84.89829086252719,0.9935616244390187,1.3170772303340953e-05,0.006347852733443279,7.735205523847426e-05
85.09852268059919,0.9935967612751558,1.3432972573468832e-05,0.006377988836973958,1.1816915298467437e-05
85.29875449867119,0.9934056759146948,1.3725588449754098e-05,0.0065275841209272946,5.3014375928668665e-05
85.49898631674318,0.9934018406033717,1.3948487820710548e-05,0.006528253926531091,5.595698227994009e-05
85.69921813481518,0.9933972060330596,1.4250661680723431e-05,0.006569900389387818,1.8642915874460127e-05
85.89944995288718,0.9932628651306011,1.457935741910035e-05,0.0066892725321188295,3.3282979862403575e-05
86.09968177095918,0.993172116344777,1.4865333304425329e-05,0.006751695087361838,6.132323455935711e-05
86.29991358903118,0.9932116904538928,1.5147855863274448e-05,0.00674172438852059,3.1437301726624585e-05
86.50014540710318,0.9930896319883535,1.5494644736931914e-05,0.006871968092060942,2.290527484944893e-05
86.70037722517517,0.9929363695118874,1.575641608620406e-05,0.006955716683405976,9.215738862085913e-05
86.90060904324717,0.9930247698504215,1.6020867715264684e-05,0.006932149088539128,2.7060193327031547e-05
87.10084086131917,0.9928855606555654,1.6386503200282456e-05,0.007070359408365672,2.7693432872690885e-05
87.30107267939117,0.9927820985235487,1.668353590514208e-05,0.007137015916918841,6.420202362955859e-05
87.50130449746317,0.992791698946353,1.700844848631112e-05,0.007152341933014891,3.8950672147935276e-05
87.70153631553517,0.9927218266698258,1.7396569923219072e-05,0.007242229291596828,1.8547468656488312e-05
87.90176813360716,0.9925635090798776,1.7759109749126837e-05,0.007361067642980309,5.766416739625982e-05
88.10199995167916,0.9925704472743911,1.804867071354445e-05,0.007346390537501977,6.511351739534697e-05
88.30223176975116,0.9925386653873545,1.8429286519191388e-05,0.007429691030807827,1.3214295320947375e-05
88.50246358782316,0.9923168933007297,1.8781107765028802e-05,0.007582286288644074,8.20393028619719e-05
88.70269540589516,0.9923801490430725,1.906406049246969e-05,0.007549760346064274,5.1026550371086944e-05
88.90292722396715,0.992325498236978,1.948316090705194e-05,0.007638288706685673,1.6729895430747604e-05
89.10315904203915,0.9921588972110542,1.988475622690402e-05,0.007765677231244293,5.5540801476789335e-05
89.30339086011115,0.9921214258190886,2.0250558684707964e-05,0.007797566550956373,6.0757071273627e-05
89.50362267818315,0.9921336599775488,2.066705573050628e-05,0.007824999217895178,2.0673748830154338e-05
89.70385449625513,0.9919576349438851,2.1119425728750673e-05,0.007979670580581955,4.157504980415368e-05
89.90408631432713,0.9918630362335474,2.1446100893321425e-05,0.008018990875785705,9.652678977643632e-05
90.10431813239913,0.9919301792985037,2.1833287305381115e-05,0.008029058774702384,1.8928639491329637e-05
90.30454995047113,0.9917152039473822,2.2293638949730444e-05,0.008208263436283085,5.4238977385327265e-05
90.50478176854313,0.9916788275120431,2.2639639020675006e-05,0.00822688206045543,7.165078848315914e-05
90.70501358661512,0.9916880667649645,2.3091123836151236e-05,0.008261454148865659,2.738796233546806e-05
90.90524540468712,0.9915412204412173,2.3599650474480268e-05,0.008399223477582188,3.5956430728269064e-05
91.10547722275912,0.9914188572609907,2.404475234811371e-05,0.0084868827027442,7.021528392202729e-05
91.30570904083112,0.9914599811004187,2.446629681897772e-05,0.008468883902401678,4.6668700362284885e-05
91.50594085890312,0.9913431978402809,2.4992570517165165e-05,0.008607722020093984,2.4087569108736677e-05
91.70617267697511,0.9911345867181912,2.5408295638146042e-05,0.008733885995900099,0.00010611899027224694
91.90640449504711,0.9912420221531092,2.5795796650030923e-05,0.008691717163879021,4.0464886363147495e-05
92.10663631311911,0.991104634092957,2.6352955943098132e-05,0.008840655346813255,2.8357604289847267e-05
92.30686813119111,0.9909538191978025,2.681798751308696e-05,0.00894281048525382,7.655232943381474e-05
92.50709994926311,0.9909637445498521,2.7302265599476857e-05,0.008957204829556219,5.174835499406445e-05
92.7073317673351,0.9909052426762838,2.788643004708034e-05,0.00904461631195075,2.2254581721693186e-05
92.9075635854071,0.990713259649607,2.844838237464896e-05,0.009195850515988452,6.244145203226391e-05
93.1077954034791,0.9906917688369894,2.8884821107298965e-05,0.00919303954015128,8.630680175202553e-05
93.3080272215511,0.9906905163646428,2.944503578326661e-05,0.009262431856216438,1.760674336044122e-05
93.5082590396231,0.9904242627552151,2.9997386072461345e-05,0.009457755433541479,8.798442517156206e-05
93.7084908576951,0.9904734123960961,3.041951051826918e-05,0.009427100829973233,6.906726341652619e-05
93.9087226757671,0.9904368209420774,3.1040313355305775e-05,0.009509955687402889,2.2183057165164896e-05
94.1089544938391,0.9902350099571301,3.166061429954774e-05,0.00967124844731972,6.208098125159692e-05
94.30918631191109,0.9901759176696064,3.221278076117805e-05,0.009718394397591928,7.347515204275909e-05
94.50941812998309,0.9902034288771002,3.282601204445252e-05,0.009732344035228949,3.140107562698486e-05
94.70964994805509,0.9900122919545169,3.3512920677077044e-05,0.00991057207617731,4.36230486321498e-05
94.90988176612709,0.9898625232197207,3.4016503391351966e-05,0.009986618641036265,0.00011684163585431202
95.11011358419908,0.989965357484389,3.457393802629877e-05,0.009970449584560446,2.9618993024667476e-05
95.31034540227108,0.9897332895273364,3.527707961569786e-05,0.01017622452098586,5.520887206380253e-05
95.51057722034308,0.9896505654532253,3.580575690293505e-05,0.010223921880088107,8.970690978720552e-05
95.71080903841508,0.9896756949345226,3.646397618202444e-05,0.010248763686255305,3.907740304212053e-05
95.91104085648708,0.9895233226338754,3.7230015386184556e-05,0.010400333015533605,3.911433520519144e-05
96.11127267455907,0.9893633333031572,3.790832195068057e-05,0.01051932211075901,7.94362641330287e-05
96.31150449263107,0.9893973128670245,3.8525038427831495e-05,0.010497758973660617,6.64031208921335e-05
96.51173631070307,0.9892970181113535,3.9301299125879016e-05,0.010636856739434097,2.682385008938036e-05
96.71196812877507,0.9890276529820894,3.9947122571533885e-05,0.010813207937121688,0.00011919195821753127
96.91219994684707,0.989146715548905,4.050475663563439e-05,0.010754584532266322,5.819516219760619e-05
97.11243176491907,0.9890205358734897,4.132959882610388e-05,0.010907397666873705,3.0736860812418246e-05
97.31266358299106,0.9888153968191232,4.204266167666073e-05,0.01105300088182676,8.955963737484359e-05
97.51289540106306,0.9888216094379302,4.27506789838649e-05,0.011068842092395826,6.67977906910099e-05
97.71312721913506,0.9887803326959052,4.3607793120808454e-05,0.011147503425127239,2.8556085849108474e-05
97.91335903720706,0.9885546377511768,4.44577389718904e-05,0.011333438282733008,6.746622712090664e-05
98.11359085527906,0.9884910418635033,4.5105923688944196e-05,0.011353265260776287,0.00011058695203302338
98.31382267335105,0.9885302227117455,4.590891497714734e-05,0.01139876733584368,2.5101037435415213e-05
98.51405449142305,0.9882228726545871,4.6753447404861136e-05,0.011637582337674575,9.279156033473725e-05
98.71428630949505,0.9882423349719173,4.7375359989219816e-05,0.011619374404423205,9.091526367375622e-05
98.91451812756705,0.9882306945897741,4.8271201693641734e-05,0.011690244516803531,3.078969172996851e-05
99.11474994563905,0.9879970629212913,4.920644928760463e-05,0.0118851391294321,6.859149999234184e-05
99.31498176371105,0.9879086504064831,5.0025642806312224e-05,0.011953927342308084,8.739660840319096e-05
99.51521358178304,0.9879488367534428,5.0908850472134254e-05,0.011953494344649186,4.676005143826558e-05
99.71544539985504,0.9877511694699905,5.192481014809735e-05,0.01215026344743649,4.664227242834682e-05
99.91567721792704,0.9875352505240618,5.268872965727796e-05,0.012274410101763042,0.00013765064452040058
100.11590903599904,0.9876738512336031,5.34740756375416e-05,0.012227852768414177,4.482192234572315e-05
100.31614085407104,0.9874344843002423,5.4518694100863525e-05,0.012454318881371846,5.6678124285586626e-05
100.51637267214304,0.9872911827266629,5.531458766714003e-05,0.012543664247929383,0.00010983843774258598
100.71660449021503,0.9873328276764376,5.625390913200732e-05,0.012556934262539435,5.3984151892906635e-05
100.91683630828703,0.987183630831977,5.737963881525589e-05,0.012715490518876056,4.349901033421233e-05
101.11706812635903,0.9869805056112813,5.8392929829757006e-05,0.012871850456249391,8.925100263983681e-05
101.31729994443103,0.9869955661271057,5.92803039722731e-05,0.01285426748887442,9.088608005035985e-05
101.51753176250303,0.9869250018454261,6.0395848365786225e-05,0.012982669006360591,3.193329984882703e-05
101.71776358057502,0.9865925452576082,6.137762485790421e-05,0.013215014062785992,0.00013106305475155494
101.91799539864702,0.9867106605966506,6.216877754745086e-05,0.013146291592659603,8.087903314327192e-05
102.11822721671902,0.9866066139395226,6.335775535595196e-05,0.013294245105434137,3.5783199688433845e-05
102.31845903479102,0.9863431473975068,6.442938866002638e-05,0.013489503121204444,0.00010292009262979528
102.51869085286302,0.9863395062924162,6.544759472622596e-05,0.013510901402783208,8.41447100774671e-05
102.71892267093502,0.9863198970318223,6.667639013444954e-05,0.013574854712636036,3.857186540939896e-05
102.91915448900701,0.9860632369368261,6.793243468220726e-05,0.01379558575673071,7.324487176346897e-05
103.11938630707901,0.9859429160872148,6.888265660031176e-05,0.013850707170152014,0.0001374940860355293
103.31961812515101,0.9860308650306523,7.00067701842314e-05,0.013862395768912288,3.6732430250516414e-05
103.51984994322301,0.9856896064776245,7.12657763971887e-05,0.014142237644652516,9.68901013250706e-05
103.720081761295,0.9856606663419446,7.217249028494863e-05,0.014150576238842642,0.0001165849289308572
103.920313579367,0.9856804424714805,7.343512656414853e-05,0.014202924474060996,4.31979278970451e-05
104.120545397439,0.985421923897706,7.481329968484786e-05,0.01442790313320889,7.535966940301912e-05
104.320777215511,0.9852953518725507,7.600964615312304e-05,0.014525989118338755,0.00010264936295945218
104.521009033583,0.985342193420778,7.725732021529567e-05,0.014513024758226935,6.752450078110908e-05
104.721240851655,0.985150006757536,7.872350607111104e-05,0.01471989820688025,5.137152951421596e-05
104.921472669727,0.984858900821074,7.986401787600243e-05,0.014902832775272542,0.00015840238578136102
105.121704487799,0.9850282781561981,8.095061136447492e-05,0.014825231545062892,6.553968737651057e-05
105.32193630587099,0.984794396757999,8.246265560618316e-05,0.015063506538454504,5.963404794189501e-05
105.52216812394299,0.9845774251594639,8.364357799193928e-05,0.01520732601482727,0.00013160524771889607
105.72239994201499,0.9846340717333916,8.495951264647246e-05,0.015208610571064006,7.235818290056439e-05
105.92263176008699,0.9844976970284893,8.657609842059492e-05,0.015365598398693395,5.012847439824531e-05
106.12286357815898,0.9842472901384359,8.806124806967352e-05,0.015564624444603565,0.00010002416889176176
106.32309539623098,0.9842290215312879,8.932023048411434e-05,0.015561607761216668,0.00012005047701251128
106.52332721430298,0.9842024088065852,9.08855373977861e-05,0.015666290774496994,4.0414881523659546e-05
106.72355903237498,0.9838083697958985,9.23464637397544e-05,0.015957507753999012,0.00014177598636404778
106.92379085044698,0.9839075424106614,9.345679771435264e-05,0.015889952186362556,0.00010904860526213292
107.12402266851898,0.9838376649800319,9.512897455452623e-05,0.016022719246280497,4.448679913348103e-05
107.32425448659097,0.9835160222876335,9.670829647545991e-05,0.016270868599894996,0.00011640081599783806
107.52448630466297,0.9834939007120818,9.81519648208714e-05,0.016304049826284906,0.0001038974968145662
107.72471812273497,0.9834979760189575,9.987687655277179e-05,0.016348655903500306,5.349120099201408e-05
107.92494994080697,0.9832167339883622,0.00010169259592539089,0.016601178780017305,8.039463569417235e-05
108.12518175887897,0.983025277179764,0.00010306901108891983,0.016705255131124665,0.00016639867802297823
108.32541357695096,0.9831669269675439,0.00010461017919878271,0.016674790477806692,5.367237545197936e-05
108.52564539502296,0.9828030021104381,0.00010644207740584418,0.016989455425203248,0.00010110038695627664
108.72587721309496,0.9827050711595842,0.00010775173651196111,0.01704126810306032,0.00014590900084698313
108.92610903116696,0.9827615086420022,0.0001094942287965483,0.017068982586038242,6.001454316531066e-05
109.12634084923896,0.9824885081396235,0.00011148133795562911,0.017317064029263366,8.294649315977837e-05
109.32657266731096,0.9823142518544409,0.0001132029301781532,0.01745308607148898,0.00011945914389511725
109.52680448538295,0.9823580919111797,0.00011493595030809485,0.017432741407639424,9.423073087626649e-05
109.72703630345495,0.982186615307968,0.00011700385725272787,0.01763767859316262,5.8702241618556646e-05
109.92726812152695,0.9818143707515392,0.00011867940306642237,0.017888240250027367,0.00017870959536844664
110.12749993959895,0.9820031953452304,0.0001201608497590692,0.017783886500323177,9.275730468862945e-05
110.32773175767095,0.9817903385879674,0.00012229655152353356,0.018022098168793566,6.526669171671869e-05
110.52796357574294,0.9814895119942157,0.00012402349065985822,0.0182319400615536,0.00015452445357328035
110.72819539381494,0.9815566955692047,0.00012583812452504674,0.018222982059969788,9.448424630439215e-05
110.92842721188694,0.9814427132280978,0.00012811018935669506,0.01836891895622688,6.025762631929912e-05
111.12865902995894,0.9811433320917312,0.00013024736664983915,0.01861421813648295,0.00011220240513603282
111.32889084803094,0.9810755272440262,0.00013201227475353468,0.018638962850862303,0.00015349763036200207
111.52912266610294,0.9811064724753348,0.0001341612352978234,0.01870592478824223,5.3441501125093135e-05
111.72935448417493,0.9806568558889664,0.00013628974383504068,0.019055085753292476,0.00015176861390978682
111.92958630224693,0.9807140635832184,0.00013783527453303985,0.019005052927003545,0.00014304821524355082
112.12981812031893,0.9806908016350204,0.00014013432043527959,0.01911122985030537,5.783419424309409e-05
112.33004993839093,0.9803161436705665,0.00014241776909800332,0.019411449806025986,0.00012998875431238365
112.53028175646293,0.9802642521842853,0.00014443943113480082,0.019465019877956468,0.00012628850662546465
112.73051357453492,0.9802907634864859,0.0001468148669634481,0.019487952829154054,7.446881739926926e-05
112.93074539260692,0.9799956582727823,0.000149385213251782,0.019765329664794957,8.962684917106937e-05
113.13097721067892,0.9797201847875793,0.00015135614295858267,0.019931890280674047,0.00019656878878806649
113.33120902875092,0.979915063596211,0.00015343095791152178,0.01985433958974558,7.716585613319905e-05
113.53144084682292,0.9795438256851439,0.0001560350799188833,0.020193538542185162,0.00010660069275291948
113.73167266489492,0.9793562627855547,0.00015790982914488317,0.02030727637449163,0.00017855101081155772
113.93190448296691,0.9794523660183496,0.00016027009950672484,0.02030554965952521,8.18142226212991e-05
114.13213630103891,0.9791782045853626,0.00016307638294330912,0.020566469865539016,9.224916615902932e-05
114.33236811911091,0.9789468590132518,0.00016551917449172607,0.02074944149413142,0.00013818031812550528
114.53259993718291,0.978974613242935,0.0001678913086335938,0.02073037000843069,0.00012712544000431783
114.7328317552549,0.9788415592406787,0.00017074597457081194,0.02091801306331366,6.968172143714581e-05
114.9330635733269,0.9783864052569863,0.00017316753590576345,0.021242019538558952,0.0001984076685497183
115.1332953913989,0.9785761992605592,0.00017516411086750737,0.021121323562795564,0.00012731306577766884
115.3335272094709,0.9784021461813502,0.00017811204817441958,0.021344843300910497,7.489846956513722e-05
115.53375902754289,0.9780119348259977,0.00018060037015511717,0.02162925334361168,0.00017821146023768152
115.73399084561488,0.9780814720605833,0.00018306941744696242,0.02161473406881687,0.00012072445315196282
115.93422266368688,0.9779982031529423,0.00018619928537279095,0.021740281975754942,7.531558593259616e-05
116.13445448175888,0.9776518298344967,0.00018922062317333486,0.022032624063770243,0.00012632547856065534
116.33468629983088,0.9775176261803674,0.00019166907502436443,0.022100123257173667,0.00019058148743480787
116.53491811790288,0.9776170800201243,0.0001945611482861648,0.02211601349599861,7.234533559439015e-05
116.73514993597487,0.9771229079609031,0.00019759844121761542,0.02251764554297535,0.0001618480549043583
116.93538175404687,0.9771112741654177,0.00019973605568006882,0.0225060644093407,0.0001829253695629097
117.13561357211887,0.9771464262980529,0.0002028320221590495,0.02257397036177324,7.677131801805667e-05
117.33584539019087,0.9767292652786849,0.00020607223999518108,0.0229206222909228,0.00014404019040038324
117.53607720826287,0.9766338380307236,0.00020887197524475885,0.023005580606735708,0.00015170938729904327
117.73630902633487,0.9766777335291454,0.00021208716166775646,0.023007659091099263,0.00010252021808784286
117.93654084440686,0.9763841579265699,0.00021565401394772207,0.023298420659918714,0.00010176739956590959
118.13677266247886,0.9760146572232254,0.00021844399362831108,0.023539574827644395,0.00022732395550222485
118.33700448055086,0.9762550303153938,0.0002211938877845456,0.023415326905263226,0.00010844889155818647
118.53723629862286,0.9758958135216015,0.00022481397376854573,0.023764542254117012,0.00011483025051343653
118.73746811669486,0.9756001745025309,0.00022747289461704336,0.02395832900510633,0.00021402359774638525
118.93769993476685,0.9757354719505843,0.00023061837563743398,0.023924760684797056,0.00010914898898217776
119.13793175283885,0.975475354323628,0.00023450387295646588,0.02418560728233187,0.00010453452108611291
119.33816357091085,0.9751788331438757,0.0002379227219849429,0.024423927911308513,0.00015931622283303282
119.53839538898285,0.9751746223096575,0.00024112881182345887,0.024418077558860052,0.00016617131966213124
119.73862720705485,0.9750988243064975,0.0002449914480236931,0.0245706491050219,8.553514046194249e-05
119.93885902512685,0.9745641330017681,0.0002484333139815413,0.024969797021575424,0.00021763666267620685
120.13909084319884,0.9747292274451229,0.00025110065175223175,0.024849906101852226,0.0001697658012727714
120.33932266127084,0.9746131568716072,0.00025508259924739065,0.02504186865675343,8.989187239178015e-05
120.53955447934284,0.9741341911245023,0.00025861403247164267,0.025404696172575382,0.00020249867045291932
120.73978629741484,0.9741935872298654,0.00026193586934119363,0.025392950663685448,0.0001515262371097461
120.94001811548684,0.974146920323777,0.0002661674510319034,0.025490104891854035,9.680733334036029e-05
121.14024993355883,0.9737603967519041,0.0002703657500562691,0.025826183108649273,0.00014305438939046254
121.34048175163083,0.9735435804940568,0.0002737307550301464,0.02595210775825832,0.00023058099265853545
121.54071356970283,0.9737175299986242,0.00027755333623317785,0.02590632331073233,9.859335441566631e-05
121.74094538777483,0.9731952064405051,0.0002817998419329316,0.02634984874197551,0.00017314497559080863
121.94117720584683,0.9730859960750239,0.000284740481165451,0.026400913021366827,0.00022835042244748454
122.14140902391883,0.9731892674377449,0.00028883164974989866,0.02641972495930566,0.00010217595319963597
122.34164084199082,0.9727452167081172,0.0002933457598659828,0.02680207181657134,0.00015936571544682298
122.54187266006282,0.9725906963314324,0.0002971833445491838,0.026931428800473244,0.00018069152354642995
122.74210447813482,0.9726429800531312,0.0003014680238350456,0.026917145613137176,0.00013840630989966123
122.94233629620682,0.9723707319949957,0.0003063249658064349,0.027205140372821342,0.00011780266637821797
123.14256811427882,0.9719012854298381,0.00031022811781960223,0.027530243156563394,0.00025824329578131027
123.34279993235081,0.972170789020885,0.0003138251846818924,0.02736672733952478,0.0001486584549088631
123.54303175042281,0.9718465513420022,0.00031875100025432974,0.027707327810289572,0.00012736984745799013
123.74326356849481,0.9714290682893957,0.0003224847779732805,0.027996725018570097,0.00025172191406188835
123.94349538656681,0.9715982440115545,0.0003266186013655266,0.027932584805248156,0.00014255258183254346
124.14372720463881,0.9713678714035906,0.00033189751264728963,0.028178832930067156,0.00012139815369629055
124.3439590227108,0.9710009682703287,0.0003366179705892897,0.028478916584606998,0.00018349717447763158
124.5441908407828,0.9709471067379107,0.00034090409215783204,0.028500909971544884,0.0002110791983873932
124.7444226588548,0.9709464851837496,0.0003460340880561717,0.02859979663489109,0.00010768409330453343
124.9446544769268,0.9703415191479715,0.0003508442377000834,0.029070695183228853,0.00023694143109833878
125.1448862949988,0.9704500006736438,0.00035438479346418077,0.028975310413412593,0.00022030411948234616
125.3451181130708,0.9704112782405584,0.0003596553942956148,0.029117502893632623,0.00011156347151638995
125.5453499311428,0.9698514216569263,0.0003645900010925507,0.02955648352738043,0.00022750481460262362
125.7455817492148,0.9698836175428031,0.00036901698440155675,0.02955997333914553,0.00018739213365134556
125.94581356728679,0.9698759969925163,0.00037463928422872244,0.029623199273508677,0.00012616444974913028
126.14604538535879,0.9694619374088518,0.0003803761866047284,0.02999449342195148,0.00016319298259299787
126.34627720343079,0.9691482881828047,0.000384960226082386,0.030193870308595334,0.00027288128252046497
126.54650902150279,0.9693954179105136,0.00038993167055095145,0.030080916913576578,0.0001337335053626246
126.74674083957478,0.9688668577529919,0.00039575154341735556,0.030550311429867992,0.0001870792737255701
126.94697265764678,0.9686322014374261,0.0003997760692776135,0.030689397566348114,0.00027862492695070434
127.14720447571878,0.9688094205681107,0.000405091271163763,0.03065063502778244,0.00013485313294553868
127.34743629379078,0.9683583835185643,0.00041126755649860397,0.031053128145265698,0.0001772207796745888
127.54766811186278,0.9681286929852703,0.0004164762665264724,0.03124100009131746,0.00021383065688836472
127.74789992993477,0.9681767178326072,0.0004221075405023083,0.031218656304715806,0.0001825183221744415
127.94813174800677,0.9679489200267744,0.00042860342200545977,0.031483550227833036,0.00013892632338706104
128.14836356607879,0.9673787399753143,0.00043399734763567636,0.03189791733928384,0.00028934533776647304
128.34859538415077,0.967651812527115,0.00043865240254627446,0.03171079412619293,0.00019874094414741974
128.54882720222275,0.9673884458176629,0.0004452191262774307,0.03202048863557395,0.00014584642048749794
128.74905902029477,0.9668424450996198,0.00045040586395966745,0.03241612743940421,0.00029102159701873195
128.94929083836675,0.9670340310237429,0.0004557750607976722,0.032327637223594816,0.00018255669186863774
129.14952265643876,0.9668480777804678,0.0004628183996843296,0.03254446293054967,0.00014464088930033904
129.34975447451075,0.9664102535408545,0.00046924866199887316,0.03290907438296622,0.00021142341418390793
129.54998629258276,0.9662884901684922,0.00047492448635649083,0.032975236928099574,0.00026134841705350355
129.75021811065474,0.9663774189493963,0.00048162089582708166,0.03300322390008769,0.00013773625469112354
129.95044992872675,0.9657178148250329,0.00048822987832769586,0.03353660188541516,0.0002573534112271461
130.15068174679874,0.9657335339687949,0.0004929075499926256,0.03349482648048854,0.00027873200072732094
130.35091356487075,0.9657900794148847,0.0004997530700334007,0.03356902752190043,0.00014113999318473457
130.55114538294274,0.9651648998639675,0.000506540126088042,0.03407487080112513,0.00025368920882042393
130.75137720101475,0.9651485672440334,0.0005123922746069768,0.03411020019769117,0.00022884028367226494
130.95160901908673,0.965178326406469,0.0005197425761043489,0.03413735207733579,0.0001645789400924527
131.15184083715874,0.9647554953678824,0.0005274553926835906,0.03452934859321455,0.00018770064622215612
131.35207265523073,0.964334104526954,0.0005336460073748531,0.03481515575895779,0.00031709370671379334
131.55230447330274,0.9646437198274429,0.000540019739814162,0.03463696475778781,0.00017929567495458663
131.75253629137472,0.9641361318304996,0.0005478425624845583,0.03511068927883377,0.00020533632818436122
131.95276810944674,0.9637522050611124,0.0005533200149058054,0.03536164980733937,0.0003328251166431334
132.15299992751872,0.9640033514104671,0.0005601219261734342,0.03526095659506765,0.00017557006829021357
132.35323174559073,0.9635682547257945,0.0005684239899254489,0.03566409199620896,0.00019922928807226815
132.55346356366272,0.9632486676679912,0.0005754256239471512,0.03592420688395746,0.0002516998241054731
132.75369538173473,0.9632768249389896,0.0005827363777360361,0.03590562161582533,0.00023481706744977532
132.9539271998067,0.9631179606519432,0.0005912772257150903,0.0361241986133755,0.00016656350897057472
133.15415901787873,0.9624522582143135,0.0005986362675439597,0.03662793847271503,0.0003211670454310966
133.3543908359507,0.9626946074145696,0.0006046097381824597,0.03644143580764308,0.00025934703960919114
133.55462265402272,0.9625197573212437,0.0006131951591170036,0.03669517290637735,0.0001718746132628535
133.7548544720947,0.9618476467980779,0.0006203163295936774,0.03720055896531346,0.0003314779070138197
133.95508629016672,0.9620430792034386,0.0006272224411665616,0.03709997221047231,0.00022972614492385
134.1553181082387,0.9619137720255537,0.000636458622004365,0.03727367403952481,0.00017609531291950742
134.35554992631072,0.9614109236235917,0.0006451008025827691,0.03770016640295925,0.00024380917086835
134.5557817443827,0.9612038095266993,0.0006525542065383302,0.037827308211046524,0.0003163280557181767
134.7560135624547,0.9613901277058534,0.0006611567047949531,0.03777129429400957,0.00017742129534399002
134.9562453805267,0.9606981094992453,0.0006700835904396898,0.03835141616584921,0.00028039074446737755
135.1564771985987,0.9605836491513645,0.0006762415604427624,0.038395595661965765,0.00034451362622725317
135.3567090166707,0.9607498527019797,0.0006849782593828347,0.03838541275503508,0.00017975628360544313
135.5569408347427,0.960082351956074,0.0006941647562561386,0.03894156272961645,0.00028192055805552926
135.7571726528147,0.9599929493957768,0.0007018456055025077,0.039028826757531165,0.0002763782411883539
135.9574044708867,0.9600540895364714,0.0007113125429645809,0.03902172424565996,0.00021287367490669423
136.15763628895868,0.9596470157918308,0.0007215189443431177,0.03941377321052715,0.0002176920533005002
136.3578681070307,0.9591115386843849,0.0007298050379678728,0.03979555836752163,0.00036309791012760235
136.55809992510268,0.9594621282068521,0.0007378752119113633,0.03956336989207502,0.0002366266891631881
136.7583317431747,0.9590073388333087,0.000748194242948904,0.040014664974986625,0.00022980194876026655
136.95856356124668,0.9584575864095127,0.000755601686778313,0.04039677098166121,0.00039004092204984134
137.1587953793187,0.9587748598265934,0.0007641918977554108,0.04023584775526864,0.00022510052038340515
137.35902719739067,0.9583800621636497,0.0007751595271728298,0.040617506664390374,0.00022727164478761834
137.5592590154627,0.9579595712015043,0.000784479992370081,0.04096115708175689,0.00029479172437266166
137.75949083353467,0.9579502643186445,0.0007938692997432745,0.040960994871936315,0.00029487150967818403
137.95972265160668,0.9578834354889739,0.0008049181337584521,0.041109302287694466,0.00020234408957436979
138.15995446967867,0.9571341559022029,0.000814824462185645,0.041696305707898645,0.00035471392771456277
138.36018628775068,0.9573044294847962,0.0008224405152483611,0.04154244451408019,0.0003306854858776075
138.56041810582266,0.9572456677490159,0.000833460173284355,0.04171387072449165,0.00020700135320931106
138.76064992389468,0.9564601435340404,0.0008431151496659711,0.042323673718437343,0.00037306759785568665
138.96088174196666,0.9566335234681556,0.0008519274532330368,0.04222986987281508,0.00028467920579562704
139.16111356003867,0.9565695030377994,0.000863840662225359,0.04234921818969065,0.00021743811028727768
139.36134537811066,0.9560153819946249,0.0008753004611420952,0.04282796165320244,0.0002813558910335121
139.56157719618267,0.9557076212837824,0.0008850141308292692,0.04303203625606636,0.0003753283293229115
139.76180901425465,0.9559897189774746,0.0008959034151574546,0.04288591740489128,0.00022846020247789493
139.96204083232666,0.9552940492311113,0.0009077574660160099,0.043490260985866634,0.0003079323170053115
140.16227265039865,0.9550144033950657,0.0009158388347879565,0.043652931843407045,0.00041682592674132746
140.36250446847066,0.9552986233608854,0.0009268118330827478,0.04354610880917739,0.00022845599685588296
140.56273628654264,0.9546181683006276,0.0009390472443194036,0.04412925044337826,0.0003135340116760732
140.76296810461466,0.9544298912740563,0.0009490614016242504,0.044290560289109604,0.00033048703521121846
140.96319992268664,0.9545123029377572,0.0009610884701504849,0.04425516634568354,0.00027144224641028925
141.16343174075865,0.9541499640349844,0.0009743883788798885,0.04462122331159213,0.00025442427454266557
141.36366355883064,0.9534997557677525,0.0009853761710989042,0.0451038146769875,0.0004110533841647091
141.56389537690265,0.9538586282343463,0.000995485324709835,0.04483921394087771,0.0003066725000689956
141.76412719497463,0.9534918431054196,0.0010088517230551384,0.04523688194594092,0.00026242322558474193
141.96435901304665,0.9527698260582035,0.0010187940886928178,0.04576177866540111,0.0004496011877039423
142.16459083111863,0.9531360374948434,0.0010295207798658836,0.045550212356822405,0.0002842293684682884
142.36482264919064,0.9528055539482136,0.0010437667861194996,0.04588732610589241,0.0002633531597784575
142.56505446726263,0.9522794962570675,0.001056051215682979,0.046320937523096586,0.00034351500415689127
142.76528628533464,0.9522142422930118,0.0010679968620572362,0.04635575136145241,0.00036200948347862584
142.96551810340662,0.9522579154123003,0.0010820709983241658,0.04641198387271312,0.00024802971666383394
143.16574992147864,0.9514443468057293,0.0010952220703563317,0.04706909636788968,0.0003913347560273409
143.36598173955062,0.9514970613172542,0.0011048859815262885,0.0469856790983921,0.0004123736028291958
143.56621355762263,0.9515793360712563,0.0011187865069644995,0.04704923734993317,0.00025264007184638647
143.76644537569462,0.9507036098061724,0.001131703505409626,0.047748326767677395,0.0004163599207440037
143.96667719376663,0.9508224430667462,0.0011428749454615124,0.04768661890266382,0.00034806308512936305
144.1669090118386,0.9508279983866572,0.0011580016751898134,0.04774397767471804,0.00027002226343839433
144.36714082991062,0.9502448891527059,0.0011729955531779072,0.048257330255661424,0.0003247850384564436
144.5673726479826,0.9498245481042903,0.0011855647981851587,0.048552078159840015,0.00043780893768615966
144.76760446605462,0.950189061578732,0.0011991627919563704,0.04831937119158531,0.00029240443772775683
144.9678362841266,0.9495246868048464,0.0012146399799913598,0.04891865990404151,0.0003420133111224457
145.16806810219862,0.9490512944941433,0.0012252101962522356,0.04922888156550891,0.0004946137440988052
145.3682999202706,0.9494530987000436,0.0012387937665127727,0.04901993017244817,0.0002881773609994949
145.5685317383426,0.9487936399997295,0.0012548292198105277,0.04960120462639968,0.0003503261540626289
145.7687635564146,0.9484822406623903,0.0012678008927854759,0.04985835209991109,0.00039160634491706655
145.9689953744866,0.9485722703318126,0.0012828910089697956,0.049804571475406414,0.0003402671838144076
146.1692271925586,0.9482857648981291,0.0012999650597652506,0.05011497349375191,0.00029929654835489947
146.3694590106306,0.9475268458773652,0.0013143920359269866,0.050697311440904606,0.00046145064580265665
146.5696908287026,0.947851206731207,0.0013269411937690864,0.05043205667316013,0.0003897954018678186
146.7699226467746,0.947609122486908,0.0013439538641570354,0.050741880425567626,0.00030504322336959286
146.9701544648466,0.9467206603961976,0.0013571816223028484,0.05141095693105285,0.0005112010504484203
147.1703862829186,0.9471082504687305,0.001370450302671624,0.05116759351936891,0.00035370570922991997
147.37061810099058,0.946863960024986,0.001388652675681049,0.051437933742669986,0.00030945355666611154
147.5708499190626,0.9462365141779534,0.0014046788480214937,0.05196055790842636,0.0003982490655999573
147.77108173713458,0.9460970369992682,0.0014197516721442063,0.052047672097334005,0.0004355392312561014
147.9713135552066,0.9462616425788511,0.0014374176759524922,0.051995517112761874,0.0003054226324362806
148.17154537327858,0.9454108267581077,0.0014546288261757887,0.052701932070775025,0.00043261234494088144
148.3717771913506,0.945300409693598,0.0014668474884473137,0.05272934649225725,0.0005033963257020644
148.57200900942257,0.9455428645820566,0.0014840986624664381,0.05266302039826452,0.0003100163572133954
148.77224082749458,0.9446099155232166,0.001501139625545533,0.053426415857092444,0.0004625289941463332
148.97247264556657,0.9446369936011075,0.0015152252313611345,0.05342731298201853,0.00042046818551529867
149.17270446363858,0.9447116724391879,0.0015341497130116851,0.05341943841761782,0.00033473943018608643
149.37293628171057,0.9441299504840291,0.0015535083102936908,0.0539416145408894,0.00037492666479182503
149.57316809978258,0.9435894919537526,0.00156965848701081,0.05433725896203006,0.0005035905972052418
149.77339991785456,0.9440101061175206,0.0015864290911919649,0.054032982191432766,0.00037048259985512016
149.97363173592657,0.9434173487246911,0.0016063029557226568,0.05459171839851285,0.0003846299210748472
150.17386355399856,0.9427320442837288,0.0016200726986170444,0.055071195173983026,0.0005766878436719389
150.37409537207057,0.9432395383052201,0.0016366722750012822,0.05476406593396598,0.0003597234858137918
150.57432719014255,0.9426373568348452,0.0016573522031030435,0.0553108613625857,0.0003944295994680739
150.77455900821457,0.9421836203048963,0.0016740434893001248,0.0556822492171688,0.000460086988639337
150.97479082628655,0.942264827485601,0.0016927651551311062,0.055623431126094074,0.00041897623317445874
151.17502264435856,0.9420840853025184,0.0017143689114308748,0.05584769767652237,0.0003538481095307404
151.37525446243055,0.9412299133219594,0.0017331137532039023,0.056521788688469694,0.0005151842363675566
151.57548628050256,0.9414695187902812,0.0017485754573650662,0.05629620467591727,0.0004857010764404108
151.77571809857454,0.9413877261242767,0.0017698671124369975,0.05648314133116199,0.0003592654321249654
151.97594991664656,0.9403521084758558,0.0017872895524276959,0.057285685739445175,0.0005749162322738259
152.17618173471854,0.9407231422092147,0.0018035767482571618,0.05703913720105938,0.00043414384146791185
152.37641355279055,0.9405831689760181,0.001826466067012878,0.057223039989820305,0.00036732496714949117
152.57664537086254,0.9398692409876654,0.0018471544235231124,0.05782419909875011,0.0004594054900640734
152.77687718893455,0.9396385025778263,0.001866033854589436,0.05798054420142627,0.0005149193661583406
152.97710900700653,0.93992330985934,0.0018879005236736481,0.057812554670004415,0.00037623494698459515
153.17734082507855,0.939070102862636,0.0019101014709472647,0.058539506858984375,0.00048028880743227495
153.37757264315053,0.9387556513806017,0.001925506548566242,0.05871659831893584,0.0006022437519005865
153.57780446122254,0.9391680911613333,0.0019465928803013772,0.058505184543297874,0.00038013141506735833
153.77803627929453,0.9382190907273686,0.0019687498093459203,0.05929896423052044,0.0005131952327664135
153.9782680973665,0.9381155586068122,0.0019864267707978157,0.05939574536447709,0.0005022692579144688
154.17849991543852,0.9382540775238428,0.002009776034803229,0.05932424043497384,0.0004119060063831722
154.3787317335105,0.9377104062556538,0.002034441845041341,0.0598223576481921,0.00043279425111543445
154.57896355158252,0.9370476320454775,0.0020550431484322043,0.06032436727900751,0.0005729575270832503
154.7791953696545,0.9374853409424574,0.00207549427595098,0.05997571993333996,0.00046344484825134317
154.97942718772651,0.9370083968752267,0.0021006012432609835,0.060453404241571584,0.00043759763994269407
155.1796590057985,0.9361067646022022,0.002118447958030436,0.06111287916596599,0.0006619082738047395
155.3798908238705,0.9366945190401496,0.0021385039771132414,0.06072325104983626,0.0004437259329029105
155.5801226419425,0.9361858246122156,0.002164749182153083,0.06120137021336729,0.0004480559922642345
155.7803544600145,0.9355793084033862,0.0021860766911398805,0.06169851987866545,0.0005360950268102644
155.9805862780865,0.9356332534626547,0.0022090722171742433,0.06165077747397053,0.0005068968462010632
156.1808180961585,0.935583047890573,0.0022360252245671825,0.061761223600367475,0.0004197032844941064
156.3810499142305,0.9346551071377488,0.002260111379864773,0.06251122246756413,0.0005735590148219743
156.5812817323025,0.9347563383459861,0.0022790461040645277,0.062371134967448456,0.0005934805825037587
156.78151355037448,0.9348660025310691,0.002305266927764111,0.06240235273537047,0.00042637780579633653
156.9817453684465,0.9337160924138038,0.0023279585874053195,0.06331476985478562,0.0006411791440054752
157.18197718651848,0.9340236060596109,0.002347827955735483,0.06310266233987388,0.0005259036447787552
157.3822090045905,0.9340010284599768,0.0023761704437113,0.06318454316543529,0.00043825793087503607
157.58244082266248,0.9332270592243268,0.0024025885344021594,0.06384290235538617,0.0005274498858851224
157.7826726407345,0.9328902612347533,0.002426078153618148,0.064083864165824,0.0005997964458058208
157.98290445880647,0.9332810036633039,0.0024527874614396557,0.06380431160430208,0.0004618972709537187
158.18313627687849,0.9324675897306773,0.0024810112675135755,0.06451521195382592,0.0005361870479844769
158.38336809495047,0.931917742637491,0.0025003838094719046,0.06487466075437635,0.0007072127986645176
158.58359991302248,0.9324971585080112,0.002525796493524409,0.06451328586507182,0.0004637591333947578
158.78383173109447,0.9315792548379297,0.0025541776145664645,0.06529636882391007,0.000570198723594698
158.98406354916648,0.9313087653141764,0.002576265597432629,0.06552150889831929,0.0005934601900727493
159.18429536723846,0.9315010874047044,0.00260470501687887,0.06539297879086393,0.0005012287875563376
159.38452718531047,0.9310352831644152,0.00263572226618649,0.06582940638868814,0.0004995881807112236
159.58475900338246,0.9302543086996822,0.002661799709797465,0.06643729990476104,0.0006465916857623481
159.78499082145447,0.9306593191133072,0.0026864871584399742,0.06608279527446875,0.0005713984537855225
159.98522263952646,0.9303438077971226,0.0027177069325756424,0.06643601827340136,0.000502466996903178
160.18545445759847,0.9292374272114827,0.0027406923717911086,0.0672724222436213,0.0007494581731064774
160.38568627567045,0.9298655843284067,0.002764686340769124,0.06682909926510801,0.0005406300657168883
160.58591809374246,0.9294842467384201,0.002797468880305174,0.06720509037266444,0.0005131940086124628
160.78614991181445,0.9287267440285372,0.0028245166924808674,0.06782920783090579,0.0006195314480762248
160.98638172988646,0.9287336993468975,0.002852512551090407,0.06781065115626563,0.000603136945748708
161.18661354795844,0.9288294813851469,0.0028856809169565804,0.06778639329430423,0.0004984444035955603
161.38684536603046,0.9278576885312504,0.0029162716615383803,0.06858786875277799,0.0006381710544359435
161.58707718410244,0.927768643718553,0.0029393471547510637,0.06858028981291125,0.0007117193137878168
161.78730900217445,0.9280925365343922,0.0029711471533045153,0.06842897713381746,0.0005073391784874365
161.98754082024644,0.9268736523834725,0.003000344470726214,0.06941520494407939,0.0007107982017226613
162.18777263831845,0.9270646354910423,0.003024464538390789,0.06928188859988081,0.0006290113706873582
162.38800445639043,0.9271665675227972,0.003059041920909467,0.06925148251926715,0.0005229080370280899
162.58823627446245,0.9263702393433259,0.0030923993104568924,0.06993448422294729,0.0006028771232695613
162.78846809253443,0.9259161750025562,0.0031214392086940197,0.07027244492701475,0.0006899408617374713
162.98869991060644,0.926384279205428,0.003153653121276077,0.06989876760624818,0.0005633000670473528
163.18893172867843,0.9256592657823103,0.0031890150302751165,0.07054967495709782,0.0006020442303174659
163.38916354675044,0.9248568616046609,0.0032133070517796868,0.07111311937289891,0.0008167119706599779
163.58939536482242,0.9255848104013515,0.003243535537101547,0.07061024020745625,0.0005614138540949923
163.78962718289444,0.9247487715475193,0.003279338416559467,0.07133653410127694,0.0006353559346478683
163.98985900096642,0.9242827251359683,0.003306816561560245,0.07171693241188945,0.0006935258905826805
164.19009081903843,0.9245145066747655,0.0033410444802940437,0.07154261603059714,0.0006018328143443948
164.39032263711042,0.9241657231846578,0.003379536996243855,0.0718782145733034,0.0005765252457966362
164.59055445518243,0.923278375585772,0.0034122710711722466,0.07258404294006279,0.0007253104029925558
164.7907862732544,0.9235940023016734,0.0034418020825226236,0.0722706417257015,0.0006935538901030948
164.99101809132642,0.9234837569603214,0.003480030567807638,0.07245586080125356,0.0005803516706197247
165.1912499093984,0.9222013369265064,0.003509407343418423,0.07345026598271182,0.0008389897473629887
165.39148172747042,0.9228166985012818,0.003537867995325174,0.0729948657585501,0.0006505677448452152
165.5917135455424,0.9225925825991294,0.003578175762794131,0.07323800978488776,0.0005912318531870915
165.79194536361442,0.9217010223374977,0.0036121995667148213,0.07397685186953001,0.0007099262262599587
165.9921771816864,0.9216409288535259,0.0036460144512223906,0.07400645382322377,0.0007066028720295192
166.1924089997584,0.9218855133191916,0.0036862824951801663,0.07383692093519519,0.0005912832504338303
166.3926408178304,0.9209087164818021,0.003724662568358682,0.07465608607749702,0.0007105348723437189
166.5928726359024,0.9205851024782263,0.003752671713000113,0.07482375394874415,0.0008384718600313357
166.7931044539744,0.9211335548689517,0.0037906784709017096,0.07447313950468293,0.0006026271554653341
166.9933362720464,0.9199015375390222,0.003827759653044536,0.07548586002496889,0.0007848427829682357
167.1935680901184,0.9199218930334758,0.0038569191585180393,0.07547819594100293,0.0007429918670041598
167.3937999081904,0.9201491897579512,0.0038985032470252234,0.07533122524907321,0.0006210817459511654
167.5940317262624,0.9193763233125849,0.003940140438329009,0.07599746582391562,0.0006860704251740825
167.7942635443344,0.9187975418917567,0.003975820087477612,0.07644149157470749,0.0007851464460607382
167.99449536240638,0.9192998316727852,0.0040142105859288044,0.07600542671178945,0.0006805310294997286
168.1947271804784,0.9187151743375456,0.00405788332890334,0.07654763236726181,0.0006793099662914249
168.39495899855038,0.9176595649284981,0.004088240093897714,0.07732268996697964,0.0009295050106276266
168.5951908166224,0.9184990550804817,0.004123772970690938,0.07670374267198005,0.0006734292768509991
168.79542263469438,0.9177953186843201,0.004168252091973597,0.07732598515475092,0.0007104440689572394
168.9956544527664,0.9171169723599638,0.004202279210929762,0.07787907772011299,0.0008016707089931841
169.19588627083837,0.9173686985031273,0.004243030035595184,0.0776756002850151,0.0007126711762629185
169.39611808891038,0.9171698080174336,0.004290175334403542,0.0778750859715255,0.0006649306766384375
169.59634990698237,0.916195742533621,0.004330901137706493,0.07866321735709669,0.0008101389715770312
169.79658172505438,0.9163624717457362,0.004365948200546085,0.07844311743316176,0.0008284626205579473
169.99681354312636,0.9164940170318916,0.00441207351014606,0.07842170066365442,0.0006722087943114501
170.19704536119838,0.9150796896777968,0.004449286574231213,0.07954003316656448,0.0009309905814092593
170.39727717927036,0.915617449863202,0.004482806901657236,0.07912604345331897,0.0007736997818249575
170.59750899734237,0.9155736557013162,0.004531612752259863,0.07921150103677395,0.0006832305096520277
170.79774081541436,0.9145801176942701,0.00457404511136417,0.08003884693882302,0.0008069902555453664
170.99797263348637,0.9144322621047636,0.00461460647256501,0.08013648618829114,0.0008166452343796999
171.19820445155835,0.9148124367074618,0.004662852424222864,0.07982532668320831,0.0006993841851066241
171.39843626963037,0.913877061638499,0.004710410874037617,0.08062023029979447,0.0007922971876701039
171.59866808770235,0.9132865692704865,0.00474429992143719,0.08099723916661525,0.0009718916414598223
171.79889990577436,0.9140522387366595,0.004789107105809536,0.08044584374142025,0.0007128104161111916
171.99913172384635,0.9128691865318537,0.004835567827264818,0.08143018959441461,0.0008650560464699489
172.19936354191836,0.9126686781993276,0.004870702202320392,0.08159320929456298,0.0008674103037903316
172.39959535999034,0.9130144465886857,0.004920044538693939,0.0813331173392611,0.0007323915333594046
172.59982717806236,0.9123161060600224,0.0049714078762953294,0.08193472947923389,0.0007777565844501657
172.80005899613434,0.911611047876355,0.005014968679694519,0.08248833912528536,0.000885644318666896
173.00029081420635,0.912093421852664,0.0050602040332033485,0.0820332566324968,0.0008131174816374868
173.20052263227834,0.911702127345211,0.005113381346592264,0.0824153147895182,0.0007691765186797128
173.40075445035035,0.9104119592106744,0.005151149274240687,0.08339206128030036,0.0010448302347863725
173.60098626842233,0.9113087243364922,0.005192466272815218,0.08269886568665312,0.0007999437040419547
173.80121808649434,0.9107851862561003,0.0052468837628225065,0.08317093817414753,0.0007969918069312779
174.00144990456633,0.9098949665761169,0.005288806659837867,0.08389936086305659,0.0009168659009901763
174.20168172263834,0.9101430948083232,0.005336848527075085,0.0836875124109229,0.0008325442536813428
174.40191354071032,0.9101170554108458,0.005393834274087523,0.08372332856443859,0.0007657817506305079
174.60214535878234,0.9090856000251246,0.005444023686259086,0.08456855440459471,0.0009018218840256815
174.80237717685432,0.9090480286440724,0.005485332979290957,0.08449292041624534,0.0009737179603939763
175.00260899492633,0.909446410923683,0.005540197423832454,0.0842351524313058,0.000778239221178434
175.20284081299832,0.9079586541129647,0.005586859920878591,0.085428507800005,0.0010259781661508885
175.40307263107033,0.9083480196390591,0.005626106271390251,0.08511647773605835,0.0009093963534957376
175.6033044491423,0.9085002476258817,0.005684325441210925,0.08502637299001503,0.0007890539428968769
175.80353626721433,0.9074518816728577,0.005736759748677999,0.08590134463047971,0.00091001394798712
176.0037680852863,0.907196776297579,0.005785104912510133,0.08608576130444123,0.0009323574854706515
176.20399990335832,0.9076836478221219,0.005842160742336457,0.08565145589272605,0.0008227355428165079
176.4042317214303,0.9068435136730232,0.005900353289239543,0.08637206826189553,0.0008840647758436214
176.60446353950232,0.9059712706904228,0.005941236198149686,0.08697806753782886,0.0011094255735997515
176.8046953575743,0.9069267539941713,0.005993376106738066,0.08624246821518099,0.000837401683909819
177.00492717564632,0.9058582950011517,0.006050773942311549,0.08713838117548038,0.0009525498810550958
177.2051589937183,0.9053980744914596,0.006092976429064988,0.08750823152105042,0.0010007175584254512
177.4053908117903,0.9058481810656751,0.0061507860855270465,0.08714588327891243,0.0008551495698853655
177.6056226298623,0.905275361337266,0.006213388571865893,0.08763331555675051,0.0008779345341195264
177.8058544479343,0.9044494669294592,0.0062662174993048485,0.08829313801109238,0.000991177560142671
178.0060862660063,0.9048511423272906,0.006318952457185488,0.08787083671148549,0.000959068504039972
178.2063180840783,0.9047027596635803,0.006382806595071048,0.08804284280311694,0.000871590938232874
178.4065499021503,0.9032159874674807,0.006429532104907357,0.0891929502822599,0.0011615301453546314
178.6067817202223,0.9040994299009909,0.006477103557748681,0.08848339969676916,0.0009400668444900761
178.80701353829429,0.9037981731003396,0.0065426726287748935,0.08876365626817292,0.0008954980027146423
179.0072453563663,0.9027162531228152,0.006594028389577174,0.08965219313258746,0.0010375253550221355
179.20747717443828,0.9029332652582663,0.00665016463247892,0.0894567685245832,0.0009598015846716804
179.40770899251027,0.9030889435617224,0.0067181378513642455,0.0893136258286133,0.0008792927583003501
179.60794081058228,0.9020393023952268,0.006779374911965897,0.09018070083551902,0.0010006218572891608
179.80817262865426,0.9017518920034706,0.006827782411514811,0.09029410945570265,0.0011262161293130234
180.00840444672627,0.9024252962553458,0.006892143561712622,0.08978463372726579,0.0008979264556749026
180.20863626479826,0.9009336219024717,0.006949998452747271,0.0909920695961691,0.0011243100486145402
180.40886808287027,0.9011039133684986,0.006995724695452181,0.0908441236271341,0.0010562383089163744
180.60909990094225,0.9014585952955012,0.007064177880407103,0.09056955611882249,0.0009076707052706811
180.80933171901427,0.9004141189674141,0.007128340724581468,0.09143913470318343,0.0010184056048224463
181.00956353708625,0.9000345813370705,0.007185616759513771,0.0917267464907294,0.0010530554126870208
181.20979535515826,0.9005846458652808,0.007252232247378882,0.0912024932371599,0.0009606286501818854
181.41002717323025,0.8998982795926178,0.007322541492346189,0.09179315159003379,0.0009860273250046194
181.61025899130226,0.8987494995492562,0.007371715874927687,0.09262996472611104,0.0012488198497089922
181.81049080937424,0.8998453725467047,0.007431635497371375,0.09174723723554862,0.0009757547203769776
182.01072262744626,0.898956532424579,0.007501524581649549,0.09249355741570661,0.001048385578066011
182.21095444551824,0.8982149331561523,0.0075520615161674435,0.0930918740805965,0.001141131247085993
182.41118626359025,0.8987471531634197,0.0076189950612420634,0.09264627368378632,0.0009875780915532917
182.61141808166224,0.8983450374300339,0.007694359420446005,0.0929736914718821,0.0009869116776372163
182.81164989973425,0.8974123427422899,0.007757970878082195,0.09372770652602805,0.0011019798536009346
183.01188171780623,0.8976717214323265,0.007818841403355271,0.09339329501223838,0.001116142152080309
183.21211353587825,0.8978071381408806,0.007894475447036944,0.09331203043037962,0.0009863559817034956
183.41234535395023,0.8961796887033187,0.007951888058049528,0.09458945966951746,0.0012789635691159364
183.61257717202224,0.8969665679046408,0.008006175183008389,0.09393438487083533,0.0010928720415168947
183.81280899009423,0.8969211415391108,0.008083997058522764,0.0939886526900802,0.001006208712289741
184.01304080816624,0.8956881699502083,0.008146501241580423,0.09500285970895819,0.0011624690992549937
184.21327262623822,0.8958433335894159,0.008211570972221681,0.09485182739988346,0.001093268038480396
184.41350444431023,0.8961729436598312,0.008291576763623224,0.0945298211563181,0.0010056584202294784
184.61373626238222,0.8951539324813711,0.008365521328567589,0.09537354374722509,0.0011070024428382593
184.81396808045423,0.8945863441099029,0.008421969328920849,0.09570833469562745,0.0012833518655497984
185.01419989852621,0.8955217538045922,0.0084964563508606,0.09495097572496769,0.0010308141195809026
185.21443171659823,0.8941028872993413,0.008567318137776062,0.09610327786053968,0.0012265167023444237
185.4146635346702,0.8939912923764657,0.008620378767489686,0.0961758624841843,0.0012124663718605178
185.61489535274222,0.89454405973912,0.008699756003415335,0.0957185039663818,0.001037680291084106
185.8151271708142,0.8935687104225795,0.008777457138974853,0.09652186331427728,0.001131969124170171
186.01535898888622,0.8930518547177635,0.00884491122641881,0.09692482844700817,0.0011784056088099532
186.2155908069582,0.8936103783640182,0.008921718045095698,0.09635612250215914,0.0011117810887276878
186.41582262503022,0.893137137298341,0.009005605049848233,0.09675923688571272,0.001098020766098725
186.6160544431022,0.8917381907542045,0.009064556726702927,0.09780885838600728,0.0013883941330884314
186.8162862611742,0.892903766252484,0.009132591016326231,0.0968365644511079,0.0011270782800817238
187.0165180792462,0.8922552553527023,0.009216444451118173,0.09737519508738031,0.001153105108800283
187.2167498973182,0.8912338821594505,0.00927675497641349,0.09820298805433557,0.0012863748098018387
187.4169817153902,0.89181750397856,0.00935340735504873,0.09770147224520706,0.0011276164211859697
187.6172135334622,0.8916199133191894,0.009442989389543516,0.09783239786549058,0.001104699425775721
187.8174453515342,0.890604668307077,0.009518995197208974,0.09865829416291214,0.001218042332802156
188.0176771696062,0.8906657201405899,0.009588619061350183,0.09846420187284984,0.0012814589252118167
188.2179089876782,0.8911113396072546,0.0096770141762025,0.09809913682719437,0.001112509389350466
188.4181408057502,0.8894141822454964,0.009746990247342838,0.09944250378092451,0.0013963237262364545
188.61837262382218,0.8900159563443582,0.009808439281190687,0.09891900577003256,0.0012565986044193918
188.8186044418942,0.8902489555190924,0.009899439130619924,0.0987235258198957,0.0011280795303922244
189.01883625996618,0.8889243158951792,0.009974956695119714,0.09981075019898333,0.0012899772107183404
189.2190680780382,0.8889850326803349,0.010049831309581403,0.09973387272257271,0.0012312632875121554
189.41929989611018,0.8894635038047526,0.010142742843412919,0.0992498587340731,0.001143894617764042
189.6195317141822,0.8885321840764133,0.01023108284347593,0.10001627095290445,0.0012204621272065709
189.81976353225417,0.8876731935796558,0.01029663354457463,0.10058790577127177,0.001442267104498057
190.01999535032618,0.8888334695053237,0.010381700271051052,0.09960931403033761,0.0011755161932888592
190.22022716839817,0.8875669237693747,0.01046738084877235,0.10063345572360144,0.0013322396582536981
190.42045898647018,0.8871266924542205,0.010528743673706922,0.10096951719863652,0.0013750466734375388
190.62069080454216,0.8878609980846448,0.010619572090330166,0.1003429762927677,0.0011764535322588518
190.82092262261418,0.887020331561874,0.010712631178847635,0.10101732453045882,0.0012497127288220791
191.02115444068616,0.8863600633940457,0.01079159224397688,0.10154108958139507,0.0013072547805824191
191.22138625875817,0.8868661630932263,0.010879073226414506,0.100981445890574,0.001273317789785269
191.42161807683016,0.8866609178642402,0.010977919418058828,0.10114254092493458,0.0012186217927686197
191.62184989490217,0.8850584773992844,0.011048309542280303,0.10236700909537681,0.0015262039630598795
191.82208171297415,0.8862052936211606,0.011124656563113065,0.10138044455967904,0.0012896052560501725
192.02231353104617,0.8858499413903126,0.011223785848285667,0.10166041964692159,0.0012658531144816771
192.22254534911815,0.8845752593418945,0.01129548872053087,0.10269602261080471,0.0014332293267713544
192.42277716719016,0.8851712079721613,0.011382384163561455,0.10217386743207305,0.0012725404322054266
192.62300898526215,0.8851961958550736,0.011487478342832787,0.10208596909238872,0.0012303567097064674
192.82324080333416,0.8841341162681969,0.011577548254324591,0.10294990754972026,0.0013384279277588835
193.02347262140614,0.8839524275330801,0.01165653283136978,0.10293976612531867,0.00145127351023225
193.22370443947815,0.8847144158507244,0.011758486445151256,0.10227892677297126,0.0012481709311545212
193.42393625755014,0.8830293466390102,0.011842989826703143,0.10361520241937476,0.0015124611149141395
193.62416807562215,0.8833605808183153,0.011912036262406842,0.10329880198258462,0.0014285809366948034
193.82439989369414,0.8838814327165433,0.01201690653266519,0.10284281395116292,0.0012588467996312207
194.02463171176615,0.8825390173753896,0.012107403550945348,0.10393574059865732,0.0014178384750070387
194.22486352983813,0.8824729326890021,0.01219297646597371,0.10396232496689128,0.0013717658781355713
194.42509534791014,0.8830595836884132,0.012299423077541689,0.1033489920240861,0.0012920012099591372
194.62532716598213,0.8822784867576419,0.012403816708948998,0.10397802357444728,0.001339672958963204
194.82555898405414,0.881138106308414,0.012479659533625865,0.10478211348295191,0.0016001206750086015
195.02579080212612,0.8824611507044374,0.012575533866829558,0.1036330625458792,0.0013302528828540963
195.22602262019814,0.8814244262382723,0.012677755513266078,0.10445702359626866,0.0014407946521938853
195.42625443827012,0.8806322490135905,0.012748513684017358,0.10507874585256174,0.0015404914498316036
195.62648625634213,0.8815184070844417,0.012851131506391963,0.10430938095060509,0.0013210804585610104
195.82671807441412,0.8808717323071984,0.012961282526653045,0.10479660853081295,0.0013703766353357196
196.02694989248613,0.8800714838022821,0.013053134543023846,0.10543715178430632,0.0014382298703879966
196.2271817105581,0.8804642974902213,0.013151603752569572,0.10494238473414629,0.0014417140230632446
196.42741352863013,0.8805711259752559,0.01326663806805648,0.10481622113408705,0.001346014822601054
196.6276453467021,0.8788296684379463,0.013350267148551984,0.10615951966343334,0.0016605447500718374
196.82787716477412,0.8798576978489152,0.013434966691490118,0.10524591103104083,0.0014614244285541902
197.0281089828461,0.8798369475293174,0.013550443419679948,0.10522733711067785,0.0013852719403254564
197.22834080091812,0.8783612039152535,0.01363531417951816,0.10642487930387125,0.0015786026013587646
197.4285726189901,0.8789231227893923,0.013732892129911573,0.10592398798596306,0.0014199970947352482
197.62880443706212,0.8791704572801832,0.013854524268043223,0.10561232252983921,0.0013626959219347886
197.8290362551341,0.878109071569757,0.013960338935187186,0.10646878171653709,0.0014618077785185594
198.0292680732061,0.8776567364481119,0.014049295106609653,0.10667204483764811,0.0016219236076321097
198.2294998912781,0.8787163348825399,0.014165342795425927,0.10572688809715262,0.001391434224881761
198.4297317093501,0.8771309910633237,0.014266339851013686,0.10697624732330648,0.0016264217623560028
198.6299635274221,0.8771189539144505,0.014343416423910642,0.10693165594662593,0.0016059737150141687
198.8301953454941,0.8779218478607829,0.014462570996172089,0.10621970832020332,0.0013958728228442865
199.0304271635661,0.8766436914216257,0.014570042992191227,0.10724232791157622,0.0015439376746045124
199.2306589816381,0.8764216656392615,0.014667208926179152,0.10739808430785942,0.001513041126699419
199.43089079971008,0.8770640979925769,0.014787509765379724,0.10670088881574842,0.0014475034262981176
199.6311226177821,0.8764968821043191,0.014909517536812873,0.1071308623450771,0.0014627380137914958
199.83135443585408,0.875106567599716,0.01499696532708152,0.1081423056291114,0.0017541614440888312
200.0315862539261,0.8765072133129754,0.015103591569489094,0.10689605099382106,0.0014931441237145762
200.23181807199808,0.875770966334815,0.015223887275890507,0.10745391588127472,0.0015512305080206748
200.4320498900701,0.8746322114608892,0.01530526711159405,0.10835727007216107,0.0017052513553566268
200.63228170814207,0.8756271705834512,0.01541980281116135,0.10748436046840987,0.0014686661369782107
200.8325135262141,0.875221411902123,0.015548578444984631,0.10773770257375131,0.0014923070791426365
201.03274534428607,0.8742967487359875,0.015654725647805887,0.10847895646852579,0.0015695691476807151
201.23297716235808,0.8745217627005847,0.0157643213969609,0.10810093912795107,0.0016129767745058064
201.43320898043007,0.8749674638126819,0.015896530500247762,0.10765826192484877,0.0014777437622234438
201.63344079850208,0.8731655371918203,0.01599527825881319,0.10904999203534294,0.0017891925140245527
201.83367261657406,0.8739717796619871,0.01608819551841635,0.10830010743126928,0.0016399173883292887
202.03390443464608,0.874312252613606,0.01622077825107946,0.10795799077793912,0.0015089783573765181
202.23413625271806,0.8727099601499824,0.016320714921952764,0.10925011934427126,0.0017192055837938985
202.43436807079007,0.873186560438034,0.01642931133377307,0.1088166075387166,0.0015675206894768135
202.63459988886206,0.873637465848825,0.01656813164818892,0.10829484579539557,0.0014995567075904404
202.83483170693407,0.8726349515848739,0.016691332304819787,0.10908807732807299,0.0015856387822353948
203.03506352500605,0.8719036446536688,0.01679089201152961,0.10951615796628986,0.0017893053685115678
203.23529534307806,0.8732146526885793,0.016921215424127597,0.10832450344960276,0.0015396284376918091
203.43552716115005,0.8718172795560497,0.017040570411778838,0.10940582489660002,0.001736325135573878
203.63575897922206,0.8714112127525196,0.01712612296302313,0.10967786430728185,0.0017847999771761045
203.83599079729404,0.8724732806172715,0.01725966307670211,0.10873165038663254,0.0015354059193953586
204.03622261536606,0.8713417742710907,0.01738603642548918,0.10960683193571348,0.0016653573677068558
204.23645443343804,0.8709416471634316,0.017495662270094317,0.10990998771269513,0.0016527028537792522
204.43668625151005,0.8715812541107874,0.017629777658444347,0.10918236820758531,0.0016066000231851536
204.63691806958204,0.8712868680837035,0.01777078645414063,0.1093561039458638,0.0015862415162944564
204.83714988765405,0.8696978482524533,0.017871257839583217,0.11053032530104118,0.0019005686069239218
205.03738170572603,0.8710729269928691,0.01798823713936844,0.10927763407531715,0.0016612017924460324
205.23761352379802,0.8706964232053436,0.018127847368186994,0.10951452552576922,0.0016612039007011107
205.43784534187003,0.8692472411031762,0.018221208857161317,0.11066667998200089,0.0018648700576610702
205.63807715994201,0.8702953936444576,0.01834756436490474,0.10974149311924682,0.001615548871392083
205.83830897801403,0.8701601481866801,0.018496166866555353,0.10973098463235091,0.0016127003144141264
206.038540796086,0.8691407317689006,0.018617994517282917,0.11054295301852941,0.0016983206952870325
206.23877261415802,0.8691552655035433,0.018738689401052118,0.11032372798287265,0.0017823171125307556
206.43900443223,0.8699436477077819,0.01888871548368319,0.1095574346092523,0.0016102021992809915
206.63923625030202,0.8681692042208378,0.019004462630322756,0.11091769478426797,0.0019086383645723233
206.839468068374,0.8686579810020605,0.019105283417311082,0.11041568403105181,0.0018210515495776863
207.03969988644602,0.8693682824572664,0.01925535372228224,0.1097431726978029,0.0016331911226504492
207.239931704518,0.867730022686303,0.019372312960962992,0.11104653716564836,0.0018511271870883049
207.44016352259,0.8680687408349786,0.019492139050806944,0.11072697237487267,0.0017121477393459265
207.640395340662,0.8686879033288689,0.019648326927346686,0.11002614384136108,0.0016376259024250789
207.840627158734,0.8678099297934374,0.01979045949058056,0.1106934677924603,0.001706142923521201
208.040858976806,0.8668118508732301,0.019901290752468086,0.11133788236484743,0.001948976009456787
208.241090794878,0.8683011246558543,0.020045617639167287,0.10996369542466045,0.0016895622803212327
208.44132261295,0.867175410818017,0.020184981039439165,0.11080019702586805,0.0018394111166761173
208.641554431022,0.8663541118029671,0.020279491490955048,0.11140630208422374,0.0019600946218558753
208.84178624909399,0.8676342489412042,0.020427176739781467,0.11026538539146127,0.001673188927553061
209.042018067166,0.8667240394929618,0.02057417714074966,0.11092294276980101,0.001778840596487417
209.24224988523798,0.8661348254417428,0.02069707006015281,0.1113800462081066,0.0017880582899974747
209.44248170331,0.8667129625423367,0.020844578537695994,0.11067748832033836,0.0017649705996285359
209.64271352138198,0.8667387410332892,0.021005712916784647,0.1105493397601027,0.0017062062898263797
209.842945339454,0.86501865202001,0.02112069587828443,0.11182547059148139,0.0020351815102244396
210.04317715752597,0.8662552058781365,0.02124723481735128,0.11066631279048601,0.001831246514027576
210.243408975598,0.8662822446495618,0.021407012723945802,0.11054293173754992,0.001767810888944033
210.44364079366997,0.8645878489375263,0.02151383770850012,0.11188352618059763,0.0020147871733795513
210.64387261174198,0.8656231547609657,0.021651670934074056,0.11096674843153093,0.001758425873430401
210.84410442981397,0.8657677065524253,0.021820832373191577,0.11068261474758984,0.0017288463267942735
211.04433624788598,0.8646979555136487,0.02195966439275861,0.11152101015729615,0.001821369936297727
211.24456806595796,0.8644750572200846,0.022091289663856987,0.11148809895935505,0.0019455541567027304
211.44479988402998,0.8655828948879766,0.022259314910214007,0.11041763465669649,0.0017401555451137098
211.64503170210196,0.8639279004182032,0.02239385014455462,0.11166280128725489,0.0020154481499896535
211.84526352017397,0.8640216724685952,0.022502094200610664,0.11147555439211675,0.002000678938677758
212.04549533824596,0.8650897948453876,0.022669599861242888,0.11048639495681638,0.001754210336554215
212.24572715631797,0.8635140247261277,0.02280549749093172,0.11170972783642942,0.0019707499465093153
212.44595897438995,0.863665764636949,0.022936617608795937,0.11154615529420026,0.001851462460055149
212.64619079246197,0.8644052777186916,0.02310980495710687,0.1107111781049446,0.0017737392192558412
212.84642261053395,0.8637197325644258,0.02327225061143954,0.11118840818727381,0.0018196086368610937
213.04665442860596,0.8624865560675173,0.02339505964439951,0.1120212006137373,0.0020971836743460936
213.24688624667795,0.8640578539740771,0.023552565342034086,0.11055072566264472,0.0018388550212438861
213.44711806474996,0.8632779252722544,0.023713268107101237,0.11107572599187641,0.0019330806287685006
213.64734988282194,0.8620543254787609,0.023817284176331555,0.11200141721030557,0.002126973134602826
213.84758170089395,0.863493266931796,0.023978500501663197,0.11072252805484438,0.0018057045116979767
214.04781351896594,0.8628640962632645,0.02414749282679606,0.11110686964293766,0.0018815412670038605
214.24804533703795,0.8620899377827405,0.024284372652778895,0.11170914959813033,0.0019165399663515401
214.44827715510993,0.8625537318726609,0.02444447823852644,0.11108315343865927,0.0019186364501532428
214.64850897318195,0.8629282810377844,0.024626489951556908,0.11062628615709458,0.0018189428535654343
214.84874079125393,0.8611565062561016,0.024757480063741986,0.11193195121255338,0.0021540624676041685
215.04897260932594,0.8621424015271677,0.024892363838549293,0.11096480657373392,0.002000428060547263
215.24920442739793,0.8625975300956468,0.02507270142281368,0.11046188542251487,0.0018678830590257418
215.44943624546994,0.8607480254584791,0.025194551361204468,0.11190714720444034,0.0021502759758781106
215.64966806354192,0.8616974673053355,0.02534325427854358,0.11106480897333841,0.0018944694427815295
215.84989988161394,0.86211032059604,0.025533098204548,0.11051851246078873,0.001838068738623124
216.05013169968592,0.8610481319031633,0.025690152856398883,0.1113266617087194,0.0019350535317182286
216.25036351775793,0.8605785598709659,0.025832432144176593,0.11149030699112635,0.0020987009937343216
216.45059533582992,0.8619539925010462,0.026018048925562937,0.11016339102051173,0.0018645675528803094
216.65082715390193,0.8605086220905069,0.026172965296359693,0.11121234855628481,0.0021060640568496955
216.8510589719739,0.8601576661240802,0.026288027634659827,0.11138009744066599,0.00217420880059549
217.05129079004593,0.8615494381679711,0.02647243515052436,0.11011012972202333,0.001867996959482896
217.2515226081179,0.8601334393481699,0.026629019287518995,0.1111638363063015,0.0020737050580115464
217.45175442618992,0.8600579833361137,0.026771331193950296,0.11118814106236224,0.0019825444075739452
217.6519862442619,0.8608625979399287,0.026960558116232103,0.11027284513606696,0.001903998807773197
217.85221806233392,0.8604326301554959,0.027144445858404122,0.1105014708587802,0.0019214531273205632
218.0524498804059,0.8590129000090931,0.02727996083063982,0.11147771671885624,0.0022294224414112253
218.25268169847791,0.86055391350157,0.02744918743512284,0.11001211524876091,0.0019847838145480618
218.4529135165499,0.8601795121718314,0.027632152049449382,0.1101745383485282,0.0020137974301902774
218.6531453346219,0.8586012112822949,0.02774632349290039,0.11137282503219378,0.0022796401926126536
218.8533771526939,0.8601234611813294,0.027920048213703433,0.11002737040724181,0.0019291201977273823
219.0536089707659,0.8598149723832447,0.028111868378539805,0.11010348035271035,0.00196967888550616
219.2538407888379,0.8588779958119686,0.02826335113294788,0.11082460140587333,0.0020340516492104942
219.4540726069099,0.8591849310210715,0.028434923265416585,0.11031747194206212,0.002062673771450894
219.6543044249819,0.8599120361200474,0.02863805291546203,0.10952996647194269,0.0019199444925484534
219.8545362430539,0.8581743403532989,0.028786467337369618,0.11078692749871841,0.0022522648106150845
220.05476806112588,0.8588099074096582,0.028928074264789938,0.11009719007431064,0.0021648282512405047
220.2549998791979,0.8596962379842498,0.029128837216661947,0.10921807503303149,0.0019568497660587838
220.45523169726988,0.8577972238254676,0.0292673173070817,0.11067018700686443,0.002265271860586659
220.6554635153419,0.8585869305957052,0.029425976702966906,0.10996693235209162,0.0020201603492374385
220.85569533341388,0.859237942609669,0.029635906452655684,0.10918956128677901,0.0019365896508963998
221.0559271514859,0.8582510709056056,0.029812251895016004,0.10990270802041097,0.002033969178967541
221.25615896955787,0.857543367329909,0.02996483989086875,0.11025526702098595,0.0022365257582376958
221.45639078762989,0.8591072256465205,0.03016691800779677,0.10874602034145354,0.0019798360042298127
221.65662260570187,0.8579541146624433,0.030343508379786326,0.10952615425105389,0.0021762227067175168
221.85685442377388,0.8571432919881171,0.03046473211519638,0.11005597969107836,0.0023359962056079147
222.05708624184587,0.858802089840874,0.030664994929958823,0.10856301464658516,0.0019699005825825474
222.25731805991788,0.8576331190480259,0.030843701923757176,0.1093686913316868,0.0021544876965318587
222.45754987798986,0.8573046318472034,0.030996928179076844,0.10959704045899601,0.0021013995147242206
222.65778169606187,0.8581174288452575,0.031200645122146545,0.10865827404406514,0.0020236519885312334
222.85801351413386,0.8579937646320172,0.03140674010333376,0.10859326925656626,0.0020062260080840073
223.05824533220587,0.8564491952114232,0.03155567709579022,0.10965517568056993,0.002339952012218252
223.25847715027786,0.8578412484312585,0.03173448526029967,0.10830009649889771,0.0021241698095455894
223.45870896834987,0.857913243964912,0.03194015383391278,0.10806913604200039,0.002077466159175204
223.65894078642185,0.8560586413076271,0.032065263067339554,0.10946430190730849,0.0024117937177256365
223.85917260449386,0.8575765162742142,0.032250030174894126,0.10813355636514345,0.0020398971857484463
224.05940442256585,0.8576055585492204,0.032464830120930814,0.10789029461337798,0.0020393167164705333
224.25963624063786,0.8565467611370257,0.03263142506866484,0.10868635441717496,0.0021354593771351774
224.45986805870984,0.8566674991760428,0.032813067104257757,0.10832740183225287,0.0021920318874472247
224.66009987678186,0.8577223897382402,0.033036876063235736,0.10723563712900311,0.002005097069521351
224.86033169485384,0.8561054147546393,0.033203955631031616,0.10836581915195664,0.002324810462371512
225.06056351292585,0.8563144244105269,0.033350319727296934,0.10801496620952382,0.0023202896526508996
225.26079533099784,0.8576100804283501,0.03357082707548366,0.1067886372822924,0.0020304552138760068
225.46102714906985,0.8557734322288135,0.033727495299524644,0.10814534392757398,0.002353728544088025
225.66125896714183,0.8563339732530378,0.033894890282354186,0.10763840135571795,0.0021327351088901983
225.86149078521385,0.8571785691606687,0.03412352880585497,0.10667670369169484,0.00202119834178329
226.06172260328583,0.8563386727763095,0.03432003353551724,0.10722866472154104,0.002112628966632734
226.26195442135784,0.8554175306582585,0.034482554059467756,0.10774609861016679,0.00235381667210773
226.46218623942983,0.8570692555380796,0.03469909710839537,0.1061480667064506,0.002083580647076364
226.66241805750184,0.8562782554443447,0.03489825690884574,0.10660093743288887,0.002222550213920443
226.86264987557382,0.8550296071939343,0.0350250278309219,0.10746451673894968,0.0024808482361960184
227.06288169364583,0.8568788624801946,0.03523954285104776,0.10582496215665567,0.0020566325121020063
227.26311351171782,0.8560264564811495,0.03544133755705932,0.10632370915082566,0.002208496810966659
227.46334532978983,0.8554382831223906,0.03560503705294083,0.10675224095261339,0.0022044388720558524
227.66357714786182,0.8562058042724829,0.035821156177283604,0.10584407850432241,0.0021289610459115467
227.86380896593383,0.8564195526927474,0.03604971799565143,0.10546130388648575,0.0020694254251146255
228.0640407840058,0.8548205674738547,0.036212735575932464,0.10654347538521744,0.0024232215649957053
228.26427260207782,0.8559500596967298,0.03639830116692125,0.10539694176398998,0.00225469737236078
228.4645044201498,0.8564866326594778,0.03662657334723264,0.10476585784580003,0.0021209361474894494
228.66473623822182,0.8544572429853348,0.03676354188038237,0.10626143854709004,0.0025177765871958646
228.8649680562938,0.8558767922226971,0.036957415340743385,0.10502962847186374,0.0021361639646964017
229.06519987436582,0.8562373037570599,0.03719454219068121,0.1044802778151424,0.002087876237117553
229.2654316924378,0.8551147577397973,0.03737666110110807,0.10529279795538948,0.0022157832037057795
229.4656635105098,0.8550340673642057,0.03756679501301331,0.10509648648819991,0.002302651134579982
229.6658953285818,0.8563630267358886,0.03780998348866782,0.10375505085715456,0.0020719389182897716
229.8661271466538,0.8549490023046334,0.03799670335577073,0.10468673098579909,0.0023675633537970676
230.0663589647258,0.8546872854399166,0.03814562925971614,0.10470417105484851,0.0024629142455175647
230.2665907827978,0.8563452931236405,0.03838460296939736,0.10318451939033733,0.0020855845166255437
230.4668226008698,0.8546782635916956,0.03856085110776226,0.10435065039171051,0.0024102349088313733
230.6670544189418,0.8549526066251898,0.03873544964535215,0.10408171591763232,0.00223022781182655
230.8672862370138,0.8559370991142394,0.03898064329525142,0.10299282955984738,0.0020894280306620206
231.06751805508577,0.8553119860234728,0.03919790935009093,0.10332435983636437,0.0021657447900723017
231.26774987315778,0.8542152796407769,0.03936997925686849,0.10396944331798397,0.00244529778437095
231.46798169122977,0.8558402044311461,0.0395980473577194,0.10238714017321848,0.0021746080379171175
231.66821350930178,0.8554639419858103,0.03982019844648982,0.10247367300548874,0.002242186562213377
231.86844532737376,0.8538346907573501,0.03995205238083084,0.1036099199138593,0.002603336947959075
232.06867714544578,0.8557803091286591,0.040178644531520355,0.10191488846584183,0.0021261578739792254
232.26890896351776,0.8552906754242102,0.04040386078051861,0.10207326633034824,0.0022321974649242115
232.46914078158977,0.8544584250296824,0.040577473038464096,0.10267622222298617,0.0022878797088678295
232.66937259966176,0.8551345106658244,0.04080346985128855,0.1018452654877907,0.0022167539950968093
232.86960441773377,0.855691626226766,0.04105409225413789,0.10114703335134254,0.002107248167755981
233.06983623580575,0.8541123910015092,0.04123174522256988,0.10218221527490967,0.0024736485010115722
233.27006805387776,0.8548825216611211,0.04142063138030727,0.1013228515364271,0.0023739954221452075
233.47029987194975,0.8558765380818583,0.04167081500885875,0.10031138861705098,0.0021412582922306464
233.67053169002176,0.8537868144952416,0.04182068111377787,0.10180117919154084,0.002591325199440709
233.87076350809375,0.8550150339436156,0.04202124891264547,0.10074713842862101,0.0022165787151178858
234.07099532616576,0.8556802715663099,0.04227918393623202,0.09992717210775613,0.00211337238970207
234.27122714423774,0.8545643365610536,0.04247715630060348,0.10068903514696803,0.002269471991375786
234.47145896230975,0.854280444971456,0.04267411323142774,0.10065512665575249,0.0023903151413635477
234.67169078038174,0.8558040869440098,0.042934361576197705,0.09914264167596175,0.002118909803831187
234.87192259845375,0.8546658887489399,0.04314137021581246,0.09981618288078722,0.002376558154460357
235.07215441652573,0.853926135148493,0.043290609221704905,0.1001953758560295,0.0025878797737729363
235.27238623459775,0.8558752644112362,0.043546127389128185,0.09845895426427984,0.002119653935356828
235.47261805266973,0.8544707959712143,0.04374303313986872,0.09935678190844323,0.002429388980473813
235.67284987074174,0.8544206909075006,0.043923048212376484,0.09934604657331768,0.002310214306805771
235.87308168881373,0.8554876350456606,0.044181950267083825,0.09819158648100007,0.002138828206255599
236.07331350688574,0.8551327718832361,0.04442022308092363,0.09825892540058555,0.0021880796352559523
236.27354532495772,0.8539077534036796,0.04460146117666156,0.09898552596898529,0.0025052594506735767
236.47377714302974,0.8553888538211758,0.04483714228735728,0.09752186891049769,0.0022521349809711544
236.67400896110172,0.8554591678244248,0.04508219329824144,0.09722635171111652,0.0022322871662182183
236.87424077917373,0.8535354550790742,0.04521893086318051,0.09854874709860828,0.0026968669591369353
237.07447259724572,0.855472295077826,0.045454799278543206,0.09689574854834287,0.0021771570952886393
237.27470441531773,0.8553655784039964,0.045703003875363475,0.09670832587904796,0.002223091841592822
237.4749362333897,0.8543274987616535,0.0458859261420551,0.09743943907795241,0.002347136018341196
237.67516805146172,0.854875510207088,0.04611898436358251,0.09672159825320996,0.002283907176120213
237.8753998695337,0.8557538860447758,0.04639042479045535,0.09573873828384144,0.002116950880927772
238.07563168760572,0.8542671985687054,0.04658312256104785,0.09666340506963639,0.002486273800611479
238.2758635056777,0.8546080551194657,0.04677144873549029,0.0961409790907076,0.002479517054337131
238.47609532374972,0.8560261358411072,0.04704221726120918,0.0947954912815456,0.0021361556161397033
238.6763271418217,0.8539923370318186,0.04720608329780385,0.09617592376347393,0.0026256559069041067
238.8765589598937,0.8549449858937204,0.04741048277150436,0.09536425165625383,0.0022802796785217037
239.0767907779657,0.855871615922515,0.04768684964088529,0.09432660476203922,0.0021149296745618467
239.2770225960377,0.8548375469582828,0.04790092155933387,0.09497028678969763,0.0022912446926856176
239.4772544141097,0.8543604255666613,0.04810302640473314,0.09508563209887501,0.002450915929730323
239.6774862321817,0.8559803050569477,0.04837688794858622,0.09349652236085565,0.002146284633612081
239.8777180502537,0.8551769744456625,0.04860447870222773,0.09386928818289489,0.002349258669216206
240.0779498683257,0.8539887477835691,0.04875195405544334,0.09456903059320206,0.0026902675677852096
240.2781816863977,0.8561370616337332,0.04902138502595481,0.09270957124656187,0.0021319820937496653
240.4784135044697,0.8550663614346748,0.049239557241662,0.0932867619839683,0.0024073193396974843
240.67864532254168,0.8546772920834702,0.04942305312892714,0.09352926933023387,0.002370385457368804
240.8788771406137,0.855770024451839,0.049692275469924344,0.09236955655753132,0.0021681435207077395
241.07910895868568,0.8557208395986813,0.04995130943497709,0.09215157140551426,0.0021762795608296277
241.2793407767577,0.8544200348499762,0.050141330272563955,0.09290947829259813,0.002529156584863957
241.47957259482968,0.8556494332026597,0.05037983769381732,0.09165377245337256,0.0023169566501523354
241.6798044129017,0.8561747791450065,0.05064717299148728,0.09098628763396412,0.002191760229543892
241.88003623097367,0.8540620582017293,0.05078896003804205,0.09239397152469714,0.0027550102355324234
242.08026804904569,0.8558811909850224,0.05103065015051492,0.0908775741497461,0.0022105847147169625
242.28049986711767,0.8561519098134963,0.05130055721896294,0.09036610194745759,0.0021814310200843966
242.48073168518968,0.8549659570926343,0.051492244016942496,0.09116366916449996,0.0023781297259253473
242.68096350326167,0.8553594709070649,0.05172942622669374,0.09058263499294496,0.0023284678732978245
242.88119532133368,0.8565093531163483,0.052019428894416374,0.08937238347992071,0.0020988345093155055
243.08142713940566,0.8551818488277415,0.05222740443247671,0.09013204376081947,0.0024587029789616085
243.28165895747767,0.8550569885038589,0.05241111127215682,0.0899621174840698,0.002569782739914105
243.48189077554966,0.8568406043537298,0.052700460908461276,0.08835309568569222,0.0021058390521188734
243.68212259362167,0.8549700590200066,0.05287941665655815,0.08953530353861275,0.0026152207848259244
243.88235441169365,0.8555792734472212,0.05308441087687275,0.08900854608084663,0.002327769595059472
244.08258622976567,0.8567125740125218,0.053376061406159456,0.08781749687591552,0.002093867705403842
244.28281804783765,0.8558316680538183,0.053606361995408296,0.0882845510224563,0.002277418928318802
244.48304986590966,0.8551806712172254,0.0538120135292783,0.08852611988902737,0.0024811953644724347
244.68328168398165,0.8567884531589229,0.05409488573534407,0.08695965543489097,0.002157005670843433
244.88351350205366,0.8563613873952423,0.054342995625542276,0.08701004434628032,0.002285572632936314
245.08374532012564,0.8547862664652184,0.05448704889099142,0.08796093983309715,0.002765744810693256
245.28397713819766,0.85702708754734,0.054766991085893446,0.08608126834792626,0.0021246530188422253
245.48420895626964,0.8563351467272751,0.05500644835986357,0.08631557836387424,0.0023428265489891216
245.68444077434165,0.8556186123627678,0.05519150542277784,0.08678127943450077,0.0024086027799558258
245.88467259241364,0.8566845357815687,0.05546732149406034,0.08567061891155305,0.002177523812816991
246.08490441048565,0.8569510961955279,0.055746203408963156,0.08517318737990377,0.002129513015605221
246.28513622855763,0.8556283081820736,0.055944618757287096,0.0859130617699624,0.0025140112906774695
246.48536804662965,0.8565178621810143,0.056180510224432725,0.08493073899577633,0.002370888598777484
246.68559986470163,0.8574819325232103,0.056468986026970515,0.08392761893144357,0.0021214625183771027
246.88583168277364,0.8552934311719027,0.05661641747790401,0.08531846525907173,0.002771686091123891
247.08606350084563,0.8568906965509634,0.05685983705133202,0.08402028573071282,0.002229180666991472
247.28629531891764,0.8575109732639286,0.05714931291707157,0.08322995168303116,0.002109762135966893
247.48652713698962,0.8562486754902154,0.05734938700062351,0.08402507737059997,0.0023768601385622057
247.68675895506163,0.8564709611037666,0.05758781130270124,0.08359243413925535,0.002348793454275988
247.88699077313362,0.8578189982588252,0.057892956584367807,0.08223221185237854,0.002055833304428303
248.08722259120563,0.8567071202172254,0.058116265869697446,0.08278607112973588,0.0023905427833411604
248.28745440927761,0.8561154331177246,0.05829145973625411,0.08294996219946132,0.0026431449465614187
248.48768622734963,0.8581841271474022,0.058596665595993275,0.08116668853986704,0.0020525187167383047
248.6879180454216,0.8565660624082505,0.05879170184524502,0.08208623617323471,0.002555999573271262
248.88814986349362,0.8567867086671404,0.05899383752485493,0.0818598074894204,0.0023596463185860113
249.0883816815656,0.8580660072655735,0.059297029343950314,0.08058438846194825,0.002052574928527553
249.28861349963762,0.85739689684849,0.05954350568794299,0.08083426652791728,0.0022253309356512693
249.4888453177096,0.85659797208353,0.059751259294877325,0.08117280744464679,0.0024779611769465957
249.68907713578162,0.8580860404459988,0.0600374732544508,0.07972122815211347,0.002155258147439816
249.8893089538536,0.8580562307022235,0.06030569858131427,0.07945108948593328,0.002186981230531972
250.0895407719256,0.8561790492189252,0.06044532358611795,0.08056619284037472,0.002809434354585531
250.2897725899976,0.8583986511178314,0.060731580458800824,0.07876820282714493,0.0021015655962248483
250.4900044080696,0.8581028784650201,0.060991698156732214,0.0786680738520621,0.002237349526184371
250.6902362261416,0.8570952569647456,0.061176632085813594,0.07930603470472006,0.002422076244722494
250.8904680442136,0.8580878545480153,0.06145521082540844,0.07828930758966315,0.0021676270369157657
251.0906998622856,0.8586530535029995,0.06175217695324204,0.07754549943637655,0.0020492701073826112
251.2909316803576,0.8573597191241262,0.061958631566622624,0.07822344060530827,0.002458208703945395
251.4911634984296,0.857848753530033,0.06218615919797719,0.07754961614749784,0.0024154711244918103
251.6913953165016,0.859210813541768,0.06249407996609111,0.07627096493336039,0.0020241415587809487
251.89162713457358,0.8570558513284156,0.06264819004449365,0.07755443870448613,0.002741519922606995
252.0918589526456,0.8583403157443505,0.06288871538550983,0.07653423306940986,0.0022367358007303892
252.29209077071758,0.8592649975931158,0.06319490230681926,0.0755273852309528,0.002012714869113043
252.4923225887896,0.8580029417422803,0.06340325650671902,0.07625398915997074,0.0023398125910307605
252.69255440686157,0.8580456182069729,0.06364026063836442,0.07597049390698304,0.002343627247681579
252.8927862249336,0.8595022354964259,0.06395590246602256,0.07454817445892499,0.0019936875786286286
253.09301804300557,0.8586492139208486,0.06419446892704392,0.07487268265281033,0.002283634499302297
253.29324986107758,0.8576219134767762,0.0643578174057085,0.07532283469816829,0.0026974344193484586
253.49348167914957,0.8598785419633018,0.06467537693883801,0.07346495010698789,0.001981130990875433
253.69371349722158,0.858577515823999,0.06488729288128209,0.07408774052583839,0.0024474507688795675
253.89394531529356,0.858391066511981,0.06508315649067335,0.07414889765330349,0.002376879344041617
254.09417713336558,0.8597544867491245,0.06539382253368674,0.07285656052357373,0.001995130193617289
254.29440895143756,0.859336132653872,0.06565614182830168,0.0728728253760819,0.0021349001417466716
254.49464076950957,0.8584187812935091,0.06586479658143034,0.07327669204561561,0.002439730079445071
254.69487258758156,0.8596907637452339,0.06614785762236872,0.07201442697516273,0.0021469516572358385
254.89510440565357,0.8600575161115923,0.06643546564952366,0.07144923268432775,0.002057785554557362
255.09533622372555,0.8579754662011352,0.0665704982021013,0.07263714005069946,0.0028168955460658885
255.29556804179757,0.8600614529466023,0.06685810402393136,0.07101097533771936,0.002069467691747636
255.49579985986955,0.8601532678925048,0.06713763630227557,0.07061217134950692,0.002096924455717239
255.69603167794156,0.8589110495964247,0.06732124735511967,0.07135862141280039,0.002409081635658361
255.89626349601355,0.8597908678970378,0.06759889291156383,0.07046923525605464,0.0021410039353455122
256.09649531408553,0.8606124319571615,0.06791118409533858,0.06953496147866044,0.0019414224688410037
256.29672713215757,0.859394462229662,0.06812543777031446,0.07011656562265742,0.002363534377365756
256.49695895022955,0.8594532345267787,0.06833902414773599,0.06975474397556083,0.0024529973499255227
256.69719076830154,0.8611506853502614,0.06866407700897074,0.06827881920366623,0.0019064184371031423
256.8974225863735,0.859124615804019,0.06882629102514341,0.06938675337311571,0.002662339797721218
257.0976544044455,0.860025579707197,0.06905898749367032,0.0686763996297011,0.0022390331694312764
257.29788622251755,0.8611981744046413,0.06937852844678448,0.06752487242148712,0.0018984247270882595
257.49811804058953,0.8600085369859927,0.06959538339355846,0.06812974906731482,0.0022663305531351024
257.6983498586615,0.8598698028847847,0.0698286646545511,0.06798747297894663,0.0023140594817180186
257.8985816767335,0.8613387748930806,0.07014900985078831,0.06659003220273364,0.0019221830533989088
258.09881349480554,0.8607726456817115,0.07040270513149506,0.0666811616042583,0.0021434875825355137
258.2990453128775,0.8593662219091376,0.07055184007968726,0.06735099956822546,0.00273093844295018
258.4992771309495,0.8617038581987669,0.0708774053210447,0.06551800273520364,0.001900733744984427
258.6995089490215,0.8607566191880645,0.0711067258320742,0.06584189726568251,0.002294757714178467
258.89974076709353,0.8601715657315054,0.07129328781328366,0.0661534873667895,0.002381659088421634
259.0999725851655,0.8615603894098782,0.07160730130650436,0.06490418139967707,0.0019281278839399121
259.3002044032375,0.8614079088566151,0.07188472347122105,0.06469685669153741,0.002010510980626144
259.5004362213095,0.8604022006438804,0.0720934177784635,0.06513584550361456,0.0023685360740440943
259.7006680393815,0.8613815685361428,0.0723664137268463,0.06411211996816855,0.0021398977688429008
259.9008998574535,0.86212305759224,0.07267234210871953,0.06329867485558639,0.001905925443455947
260.1011316755255,0.8599345680599016,0.07280358920822247,0.0644767950875506,0.0027850476443240556
260.3013634935975,0.8617838829364928,0.07308691237285593,0.06309133168254522,0.0020378730081063545
260.5015953116695,0.8622328901204144,0.07338409427768931,0.06245056852181462,0.0019324470800816148
260.7018271297415,0.8608249080699341,0.07356590925087439,0.06323954328858189,0.0023696393906102644
260.9020589478135,0.8615597636241468,0.07383928959229336,0.06249885485826282,0.002102091925297313
261.10229076588547,0.8625755595872517,0.07416309234384211,0.061444833555959685,0.0018165145129479378
261.3025225839575,0.8614707840705358,0.07438514283632876,0.06190854508351642,0.0022355280096197933
261.5027544020295,0.8610999556550558,0.07457988432508723,0.06183420807137053,0.0024859519484863772
261.7029862201015,0.8630532407022034,0.0749190461033021,0.0602491606389291,0.0017785525555664972
261.90321803817346,0.8612303299832874,0.0750911059332128,0.06114269925837426,0.0025358648251248127
262.1034498562455,0.861701757285381,0.07531106838177068,0.060744717077316684,0.0022424572555316334
262.3036816743175,0.863060264680203,0.07564039682252953,0.05952192150100743,0.0017774169962608063
262.5039134923895,0.8620021864567349,0.07586628982422201,0.05997270248727107,0.002158821231772926
262.70414531046146,0.8616849277428617,0.07609403371062042,0.059957809365044835,0.0022632291814727776
262.9043771285335,0.8630733839937154,0.07641240514141415,0.05866070119240123,0.001853509672469606
263.1046089466055,0.8628060605931103,0.07668114870681667,0.05853428999442794,0.0019785007056458046
263.30484076467746,0.8610926632806734,0.07681503303818535,0.05935068311735785,0.0027416205637847833
263.50507258274945,0.8634024641256687,0.07714338076144155,0.05763104460240617,0.0018231105104845363
263.7053044008215,0.862818583159829,0.07739033739717505,0.0576829771437042,0.0021081022992935827
263.9055362188935,0.8618670914022467,0.0775653528505917,0.058191604547936496,0.002375951199226513
264.10576803696546,0.8632274440055199,0.07787890058857291,0.05703441549723329,0.001859239908676348
264.30599985503744,0.8633314366747715,0.07817015188711171,0.05663760955278797,0.0018608018853299023
264.5062316731095,0.8622654580012946,0.07837848745221859,0.05708655148522983,0.0022695030612585776
264.70646349118147,0.8629005582222278,0.07863465996932449,0.05632286348197123,0.0021419183264768655
264.90669530925345,0.8639762096656376,0.07895751989890226,0.0553240946057188,0.0017421758297422498
265.10692712732543,0.861771131047131,0.07908683067790082,0.05642964348913078,0.0027123947858363594
265.3071589453975,0.8632967696625911,0.07935980147911328,0.05532626066080129,0.002017168197495128
265.50739076346946,0.8640568635843668,0.07967254305443625,0.05451259564694379,0.001757997714254401
265.70762258154144,0.8625550156301645,0.0798530074614255,0.055286981706847586,0.0023049952015629905
265.9078543996134,0.8631195460598262,0.08011936842398415,0.0547049365613755,0.002056148954813978
266.10808621768547,0.864255173896737,0.08044989036358645,0.05360625344359867,0.001688682296078406
266.30831803575745,0.8632915885271746,0.08068012329921474,0.0539454082810278,0.002082879892582953
266.50854985382944,0.8625161300680639,0.08085242584765696,0.05411531487191798,0.0025161292123627686
266.7087816719014,0.8646354396649762,0.08120188741777934,0.05250885232023739,0.0016538205970083543
266.90901348997346,0.86306527860735,0.08138580370678816,0.05318038521546083,0.002368532470401319
267.10924530804544,0.8630869700882853,0.08158861294781765,0.053071642001229394,0.0022527749626700755
267.30947712611743,0.8645690299425943,0.08192427718343215,0.05184499880271365,0.0016616940712589636
267.5097089441894,0.8636825936523489,0.08215998404039739,0.0521340577881417,0.0020233645191130804
267.70994076226145,0.8631925225500419,0.08238101068763445,0.05222996185616372,0.0021965049061607434
267.91017258033344,0.8644195427567938,0.08269031136760692,0.05108910143754703,0.0018010444380523467
268.1104043984054,0.8644471025817422,0.0829741560814438,0.05077846736068299,0.0018002739761327892
268.3106362164774,0.8625040960997645,0.08309336689069727,0.051674457092636975,0.002728079916901859
268.51086803454945,0.8646830737386233,0.0834184790489722,0.05013608869813378,0.001762358514270877
268.71109985262143,0.8644489838208799,0.08368309794855906,0.04996514622738552,0.00190277200317605
268.9113316706934,0.8631803920068722,0.08384551821072367,0.050612293112837485,0.0023617966695663765
269.1115634887654,0.8644650974848138,0.08415534535277029,0.04958231329357505,0.0017972438688389305
269.31179530683744,0.8647945622491341,0.08445852242734567,0.049047344829955666,0.0016995704935646406
269.5120271249094,0.8636925914427691,0.08466672499402253,0.04948923962658025,0.0021514439366295316
269.7122589429814,0.863957336605633,0.08490014994429271,0.0489820215393661,0.0021604919107089384
269.9124907610534,0.8653125273939264,0.08523812458117674,0.047868348432826134,0.0015809995920705025
270.11272257912543,0.8631647077835396,0.08536839208156323,0.04886526665625284,0.0026016334786446
270.3129543971974,0.8643002239334223,0.08562488451286196,0.04805642753132149,0.00201846402239548
270.5131862152694,0.8653166903889549,0.08595104094075554,0.04714158138161266,0.0015906872886788201
270.7134180333414,0.8637871575077852,0.08613162890173214,0.04786219724374719,0.00221901634673611
270.9136498514134,0.8641617251169332,0.08638898046827564,0.047439022418476626,0.0020102719963140062
271.1138816694854,0.8653390981773538,0.08672067794253838,0.04636442052111196,0.001575803358996814
271.3141134875574,0.8645341581313224,0.08696000825035716,0.046587548677973864,0.0019182849403494488
271.5143453056294,0.8633957918731153,0.08710806035443616,0.04695069450242971,0.0025454532700185145
271.7145771237014,0.8655883701478397,0.08746319726382445,0.045399315966893866,0.0015491166214423296
271.9148089417734,0.8642958623398724,0.08766124151514465,0.04586937996795478,0.0021735161770282782
272.1150407598454,0.8638711767455378,0.0878435044316283,0.04600959163725407,0.0022757271855804563
272.31527257791737,0.8654181877553758,0.08818247305008357,0.04483422202017911,0.0015651171743622967
272.5155043959894,0.8647221598830006,0.08842888009599793,0.04497764960944149,0.0018713104115606644
272.7157362140614,0.8640660583375032,0.08864281706515999,0.04516848731014751,0.0021226372871916495
272.9159680321334,0.8650683964884661,0.08893615151981295,0.0442165291404861,0.0017789228512351753
273.11619985020536,0.8653728503463571,0.08923529608533398,0.04376726217195236,0.0016245913963560438
273.3164316682774,0.8632733668549829,0.08934216958983925,0.04469270853658863,0.002691755018590959
273.5166634863494,0.8652306941742226,0.08965746899379448,0.04337707726001427,0.0017347595719700208
273.71689530442137,0.8653161488165929,0.08993975231111408,0.04304488272699657,0.001699216145296885
273.91712712249335,0.8637886993524706,0.09009009028978623,0.04377868363879668,0.00234252671894614
274.1173589405654,0.864957356035406,0.090393719108291,0.04289622265347059,0.001752702202835322
274.3175907586374,0.8654656340851287,0.09070627735390344,0.04228189905332138,0.0015461895076460568
274.51782257670936,0.8643471862073635,0.09091538932933334,0.04271029323012995,0.0020271312331755957
274.71805439478135,0.8642377235745711,0.09112167546489287,0.04243807899441586,0.0022025219661226288
274.9182862128534,0.865808498332204,0.09147251788470959,0.041277949928016026,0.0014410338550721682
275.1185180309254,0.8637716019950648,0.09160761766032584,0.042158777706790905,0.0024620026378189934
275.31874984899736,0.864472570475471,0.09184199220773698,0.04163226070420705,0.0020531766125863613
275.51898166706934,0.8656890430975939,0.0921796754782884,0.04068133613700818,0.0014499452871090312
275.7192134851414,0.86418576233367,0.09236291385980759,0.041331956501558846,0.0021193673049652016
275.91944530321337,0.8643548033322577,0.09261018944649713,0.0410609841934172,0.0019740230278287893
276.11967712128535,0.8655003118740239,0.0929371764649536,0.040064359167076985,0.0014981524939481868
276.31990893935733,0.864861522978888,0.09318715762781957,0.04019326287427511,0.0017580565190161977
276.5201407574294,0.8634096213075174,0.09331133214628883,0.04070277265818619,0.0025762738880073586
276.72037257550136,0.8655863076230234,0.09366676754327222,0.039262888038388684,0.0014840367953154994
276.92060439357334,0.8645749222391421,0.09388151409524859,0.039572749627895316,0.0019708140377138255
277.1208362116453,0.8637255034910135,0.09404144200284209,0.0399161910788221,0.00231686342732315
277.32106802971737,0.8652854509903194,0.09438135783609809,0.03883064693432773,0.001502544239255337
277.52129984778935,0.8647788759692476,0.09463934981716521,0.03886242595020074,0.001719348263385891
277.72153166586133,0.8639631033589763,0.09484683748081044,0.03913661279261754,0.00205344636759681
277.9217634839333,0.8646973041070205,0.09511824503617682,0.03838420642782084,0.0018002444289851687
278.12199530200536,0.8652499974755696,0.09543296794963169,0.03784641368642745,0.0014706208883714024
278.32222712007734,0.8630560607049578,0.09553160804589676,0.038774546816419626,0.0026377844327262825
278.5224589381493,0.86471671315916,0.09583037601747589,0.03769615231167719,0.0017567585116879405
278.7226907562213,0.8650823974259988,0.09613055707831679,0.03726591360210712,0.0015211318935768954
278.92292257429335,0.8633550174524074,0.0962711654142871,0.03805084636996943,0.0023229707633353382
279.12315439236534,0.8643732700871991,0.09656703554406837,0.03732250853607513,0.001737185832658242
279.3233862104373,0.8650057243516308,0.0968859446418536,0.03668464745928798,0.0014236835472277189
279.5236180285093,0.8638855076247244,0.09709803706271249,0.03710448058331793,0.0019119747292458908
279.72384984658134,0.8634140911989046,0.0972749712416697,0.03703781520757958,0.0022731223518464784
279.92408166465333,0.8651334723018235,0.09763585684246519,0.03588725266647029,0.0013434181892426943
280.1243134827253,0.8632405875647404,0.09778055103286332,0.03666961709146375,0.0023092443109351047
280.3245453007973,0.863482711050099,0.09798831980991987,0.03639787687875409,0.002131092261225908
280.52477711886934,0.8648469413630155,0.09833621220758668,0.03546144636242291,0.001355400066976499
280.7250089369413,0.8634083909055609,0.0985256320525709,0.036048304142672266,0.0020176728991971324
280.9252407550133,0.8633585236282244,0.09876283062240056,0.03591985080117306,0.001958794948203634
281.1254725730853,0.8644093304871654,0.09907947242947743,0.035035634819543075,0.0014755622638152983
281.32570439115733,0.8639362607145465,0.09934235226235025,0.035100610949560074,0.001620776073543722
281.5259362092293,0.8622198527482187,0.09944544380274835,0.035723372558442885,0.0026113308905910204
281.7261680273013,0.8642997452291492,0.09979523019704659,0.03442639678440145,0.001478627789402839
281.9263998453733,0.8635574944844645,0.10002964002179357,0.034627354682984675,0.001785510810758638
282.12663166344527,0.8623162746623148,0.1001675773776649,0.03513516640072736,0.0023809815592933945
282.3268634815173,0.8638449404524203,0.10050694555770998,0.034159568824039074,0.001488545165831551
282.5270952995893,0.8635117518198723,0.10077737464706427,0.034122021221844955,0.0015888523112188838
282.7273271176613,0.8625413309297398,0.10098028646874786,0.0344752955262008,0.002003087075311564
282.92755893573326,0.8629822685346888,0.10122550966069638,0.03391668169159188,0.0018755401130233316
283.1277907538053,0.8637486039918312,0.10155604204519567,0.03333545395850533,0.001359900004468726
283.3280225718773,0.8615077642870237,0.10165222990249165,0.03426411502120816,0.0025758907892769983
283.52825438994927,0.8628129568559825,0.10192817916591825,0.03341583143564803,0.0018430325424508335
283.72848620802125,0.8634180737776633,0.10224699109738328,0.03294137858185775,0.0013935565430949785
283.9287180260933,0.8615440240409656,0.10238218771837604,0.03376341656504784,0.0023103716756116732
284.1289498441653,0.8623819772996564,0.1026697488787177,0.03318521278104758,0.0017630610405778137
284.32918166223726,0.8630836995349427,0.1029918470554782,0.03256761064324239,0.0013568427663357857
284.52941348030924,0.8619725593664282,0.10321020339110691,0.03299368074016165,0.0018235565023053126
284.7296452983813,0.8611602769996152,0.10335825916087091,0.03310541425522547,0.002376049584289216
284.92987711645327,0.8629634248525124,0.10372573984743441,0.032000054394481045,0.0013107809055717486
285.13010893452525,0.8612304155835534,0.10388558570785471,0.03271849359759472,0.0021655051109984
285.33034075259724,0.8610049544059728,0.10406410506455177,0.03267114063035282,0.0022597998991230137
285.5305725706693,0.8624725774194105,0.10442169910217561,0.031779578340852904,0.0013261451375627803
285.73080438874126,0.8611220946457083,0.1046217103158714,0.03232536183892533,0.0019308331994956469
285.93103620681325,0.8608404486074605,0.10485003397939238,0.03233135662129213,0.0019781607918565097
286.13126802488523,0.8617478282985892,0.10515166879671389,0.031574515967082786,0.0015259869376150117
286.33149984295727,0.8614353790435967,0.10543036906195943,0.03160686204609302,0.0015273898483512164
286.53173166102926,0.8594974142001832,0.10551766697032383,0.03232910137889429,0.0026558174506024776
286.73196347910124,0.8614099888595341,0.10585559595099561,0.031182106771935305,0.0015523084175350778
286.9321952971732,0.8609172294479586,0.10611312187195389,0.031323314872435594,0.001646333807653725
287.13242711524526,0.8593216293269126,0.10623192656263077,0.031973360405110174,0.002473083705346023
287.33265893331725,0.8607818939212031,0.10657021969999518,0.031110345156716405,0.0015375412220872849
287.53289075138923,0.8605971859276436,0.10685397246150127,0.031043182847105576,0.0015056587637501243
287.7331225694612,0.8594757240995756,0.10705563684516042,0.03148044836151409,0.0019881906937514737
287.93335438753326,0.8596124136768811,0.10727281739495437,0.031101822003300056,0.002012946924863403
288.13358620560524,0.8605569407683584,0.10761919382480965,0.030507821614124898,0.0013160437927080583
288.3338180236772,0.8583025471965245,0.1077202460609312,0.03145535582542362,0.0025218509171197594
288.5340498417492,0.8592072905330294,0.10796818686268778,0.030818814818091136,0.0020057077861940224
288.73428165982125,0.8600160800519934,0.10830705769807158,0.030335366290496074,0.0013414959594384224
288.93451347789323,0.8580398288013642,0.10844306008111468,0.031201206580892413,0.002315904536630151
289.1347452959652,0.8586696882667364,0.10872286574154628,0.030763714754606472,0.001843731237111988
289.3349771140372,0.8593916185021471,0.10904537394817052,0.030192645689180352,0.0013703618605012554
289.53520893210924,0.8582985503877909,0.10927458563744782,0.030645264372633388,0.0017815996021295225
289.7354407501812,0.857168587464037,0.109397213796575,0.0309189329306578,0.002515265808731052
289.9356725682532,0.8589963390310114,0.10976725688492674,0.02987045632671401,0.0013659477573472185
290.1359043863252,0.8574281374146636,0.10994856594640698,0.030565108953043013,0.002058187685886041
290.33613620439723,0.8567362597044603,0.11009765609408226,0.03072150994666202,0.002444574254796421
290.5363680224692,0.85827205719668,0.11046535115096937,0.02988265450677752,0.001379937145573991
290.7365998405412,0.8570212466869354,0.11068106491323748,0.03041648565612879,0.001881202743698604
290.9368316586132,0.8564944339405531,0.11090306533028403,0.030555190441000427,0.0020473102881620156
291.1370634766852,0.8572238467752584,0.11118675555881449,0.029925559721311418,0.0016638379446167195
291.3372952947572,0.8570662321653546,0.11148477339111271,0.02994845650892248,0.0015005379346121576
291.5375271128292,0.8549408113819166,0.11156396544840315,0.03077623709249415,0.0027189860771855917
291.7377589309012,0.8566252314870655,0.11188402833557914,0.02976880774606589,0.0017219324312909832
291.9379907489732,0.8563628924665099,0.11216875670349072,0.029885630811941972,0.0015827200180575627
292.1382225670452,0.85445014051893,0.11227398254608094,0.030677160226449854,0.0025987167085399342
292.3384543851172,0.8558093881169614,0.11261165052242361,0.029915979671680148,0.0016629816889363578
292.5386862031892,0.8557459362727998,0.11290981507955829,0.029846634439154706,0.001497614208487068
292.7389180212612,0.8544771837829831,0.11311506916551989,0.030381283412538946,0.0020264636389599098
292.9391498393332,0.8543072896761855,0.11330526170623545,0.030169773856266877,0.0022176747613138125
293.1393816574052,0.8553977559689878,0.11366720926882466,0.02957233465090092,0.0013627001112886286
293.33961347547717,0.8531524164371792,0.11378182349914759,0.030568889109378203,0.002496870954294028
293.5398452935492,0.8536212348470331,0.11399836226287124,0.03012773374909423,0.0022526691410022863
293.7400771116212,0.8546074691423452,0.11435949437038603,0.029645874187932183,0.0013871622993345864
293.9403089296932,0.8525652725893295,0.11450420567910477,0.030576092712313905,0.0023544290192513526
294.14054074776516,0.8529590926547373,0.11477788350842176,0.030270881626397964,0.0019921422104425576
294.3407725658372,0.853661548447291,0.11509900694351191,0.029754176536692465,0.0014852680725049262
294.5410043839092,0.852596795222711,0.1153449484310837,0.030251985158535426,0.001806271187668666
294.74123620198117,0.8511696448617511,0.11544860536990145,0.030686448322297735,0.002695301446050869
294.94146802005315,0.8529692602327589,0.11581679858453436,0.029685097119734657,0.0015288440629762823
295.1416998381252,0.8515677560842956,0.11602666404831373,0.030388944562100638,0.002016635305290385
295.3419316561972,0.8504157354158678,0.1161490818597771,0.030747574388218655,0.002687608336136266
295.54216347426916,0.8519922584883572,0.11652812246588265,0.0299484228103154,0.001531196235444017
295.74239529234114,0.8508464875251301,0.11676519246104504,0.03049411447527001,0.00189420553855987
295.9426271104132,0.850060592995854,0.11698491926641301,0.03077364855347349,0.002180839184259741
296.14285892848517,0.8505891107473526,0.11725011305355383,0.03026310404258669,0.0018976721565082963
296.34309074655715,0.8505836524841346,0.11757133893625088,0.03028261715127947,0.0015623914283352139
296.54332256462914,0.8482965343680289,0.11765225225220391,0.03123719633652266,0.002814017043247111
296.7435543827012,0.8496984070121651,0.11794923919606905,0.03035338381305315,0.0019989699787134243
296.94378620077316,0.84965555324582,0.11826590150641073,0.030457610191464556,0.0016209350563053601
297.14401801884514,0.8474612865121205,0.11836577680394554,0.031409033863398966,0.002763902820533944
297.34424983691713,0.8486874216134492,0.11870415667435615,0.03073264020014386,0.00187578151205052
297.54448165498917,0.8487212076278043,0.11901828533344291,0.030670024846201824,0.0015904821925505567
297.74471347306115,0.8473112170396724,0.11923367723186484,0.0313205422477055,0.0021345634807588038
297.94494529113314,0.8468358116789045,0.1194011069879909,0.03127149355012913,0.002491587782975305
298.1451771092051,0.8480448562763091,0.11977798707312867,0.030656368685427413,0.0015207879651358447
298.34540892727716,0.8458263085718282,0.11991607001203354,0.03173205369155579,0.0025255677245821376
298.54564074534915,0.8458286806050155,0.12010025780486737,0.0314847141348048,0.002586347455312542
298.74587256342113,0.8469772760118138,0.12048659280456166,0.0309885965422063,0.001547534641419947
298.9461043814931,0.844900858671027,0.12064931788331032,0.032006110855310556,0.0024437125903522716
299.14633619956516,0.8450278257242693,0.12091974848882855,0.03183301347714998,0.0022194123097537574
299.34656801763714,0.8456812723382785,0.12123926758588757,0.03136345976093255,0.0017160003149010788
299.5467998357091,0.8446601771067371,0.1215089295833207,0.03191426879713645,0.001916624512805418
299.7470316537811,0.8429516972762866,0.12160285264375525,0.0325236557283419,0.0029217943516163217
299.94726347185315,0.8446744154329409,0.12196474771369566,0.031546925834361327,0.00181391101900455
300.14749528992513,0.8434463807165979,0.12221108066530656,0.03227356637345902,0.002068972244638997
300.3477271079971,0.8418432561905989,0.12231277447123298,0.03285526152431297,0.0029887078138530793
300.5479589260691,0.8434370162654222,0.12270504930091082,0.03206789519760697,0.001790039236060818
300.74819074414114,0.842401382870621,0.12296961082306312,0.03263337526784226,0.001995631038474365
300.9484225622131,0.841343388734245,0.12319272256640257,0.03307251025356391,0.0023913784457891205
301.1486543802851,0.8416556729350335,0.12344170203497928,0.03267283971947367,0.0022297853105134107
301.3488861983571,0.8418053566077988,0.12379014237061553,0.03267146600174567,0.0017330350198396754
301.54911801642913,0.8393776207909516,0.12388435947436419,0.03378048417324881,0.0029575355614383644
301.7493498345011,0.8404442481883315,0.1241544946796712,0.03301307839673312,0.002388178735264368
301.9495816525731,0.8406221928566945,0.12450864518498583,0.03308733978227629,0.0017818221760436163
302.1498134706451,0.8381823589543358,0.12461386135998945,0.034227263204395356,0.0029765164812813596
302.3500452887171,0.8392393744720165,0.12495501114337859,0.03362154980694353,0.002184064577662887
302.5502771067891,0.839353102030757,0.1252874441349285,0.03355460103233019,0.001804852801985665
302.7505089248611,0.8378146007527268,0.12552109411466622,0.03433718861022307,0.002327116522384178
302.9507407429331,0.8370343643451059,0.1256731231788087,0.034458032265182376,0.002834480210903158
303.1509725610051,0.8383381706323131,0.12606389821638758,0.033791373763810646,0.001806557387488063
303.3512043790771,0.8361665669413776,0.12623635800843325,0.03496341730910851,0.0026336577410794293
303.5514361971491,0.8356739368108128,0.1263901701161163,0.03493173941625368,0.0030041536568173603
303.75166801522107,0.8369789981958268,0.12680522192041974,0.034382313266904434,0.0018334666168509956
303.9518998332931,0.8349008079108334,0.1269963648184576,0.03549898853422183,0.002603838736489871
304.1521316513651,0.8347266474571484,0.12726758938044863,0.03547153659867444,0.0025342265637298324
304.3523634694371,0.8353101749501907,0.12758731400170556,0.03503345119806905,0.002069059850036999
304.55259528750906,0.8343569132326855,0.1278884962213314,0.03562509312619222,0.0021294974197908303
304.7528271055811,0.8323795110464253,0.1279842837440766,0.03643416401820497,0.003202041191295594
304.9530589236531,0.8339755261803752,0.1283357782944871,0.035460268781285935,0.0022284267438549684
305.1532907417251,0.8329390973502913,0.12862726419394635,0.03619443358891623,0.002239204866847084
305.35352255979706,0.8308976851765877,0.12871734951620564,0.03703806463992828,0.0033469006672794633
305.5537543778691,0.8324834256155986,0.1291250919033071,0.03622953670969942,0.0021619457713950093
305.7539861959411,0.8315680077423325,0.12942368540336377,0.03679984011043212,0.0022084667438718127
305.95421801401307,0.8302290710266856,0.12965748317537854,0.0374248221900934,0.0026886236078458394
306.15444983208505,0.8303131310773215,0.1298955043011361,0.03713432163942992,0.0026570429821129145
306.3546816501571,0.8306269216044322,0.1302749436224709,0.037069687722385294,0.002028447050712296
306.5549134682291,0.8280810922589273,0.13039536924612435,0.03835581460163281,0.0031677238933166102
306.75514528630106,0.8287571167521202,0.13063684964450048,0.03771920167408904,0.0028868319292902804
306.95537710437304,0.8291705386751727,0.1310346523882137,0.03771612978685079,0.002078679149762784
307.1556089224451,0.8265257089280186,0.13115797217081457,0.03906953478301812,0.003246784118148895
307.35584074051707,0.8273699045963021,0.13150447065162407,0.0385332740527505,0.0025923506993244983
307.55607255858905,0.8275539970726469,0.13185866394474627,0.03843446678498466,0.0021528721976232755
307.75630437666103,0.8259111637889559,0.13212012483264893,0.03935331442105548,0.0026153969573423125
307.956536194733,0.8248247277089886,0.13226692903194953,0.03966331653686997,0.0032450267221909497
308.15676801280506,0.8261986973121103,0.13267013772606542,0.03890217763551847,0.0022289873263073357
308.35699983087704,0.8241040041748393,0.1328886451930995,0.040163272170423536,0.0028440784616374035
308.557231648949,0.8230900624001958,0.13301719786647997,0.04039401763832681,0.0034987220949982798
308.757463467021,0.8245492556990432,0.133464740833276,0.039737589240941354,0.0022484142267398402
308.95769528509305,0.8225075581277282,0.13369551033019647,0.04094235798065513,0.0028545735614214
309.15792710316504,0.8219957065648528,0.13397271291871823,0.04109020036418233,0.0029413801522458253
309.358158921237,0.8224940443803599,0.13429671371765167,0.04066734271661474,0.002541899185374092
309.558390739309,0.8216438905895438,0.1346376443049701,0.04126117746807095,0.0024572876374153387
309.75862255738105,0.8194104576079657,0.13474872358777135,0.042297043817205664,0.0035437749870562314
309.95885437545303,0.8208229598416613,0.13508640335561728,0.04132018282158373,0.002770453981141461
310.159086193525,0.8200113988901763,0.13543233347240496,0.04201292575928808,0.0025433418781307423
310.359318011597,0.8175525912663351,0.13552278781234978,0.0431637996274053,0.0037608212939127614
310.55954982966904,0.8190965756565273,0.13594822957394892,0.042308788896139364,0.0026464058733851317
310.759781647741,0.818318445046279,0.13628802132975948,0.04284500186424135,0.0025485317597214742
310.960013465813,0.8166991124138694,0.13654139124970216,0.043681912561720125,0.0030775837747065993
311.160245283885,0.8165428596515772,0.1367764780383044,0.04350922763233103,0.0031714346777899347
311.36047710195703,0.8170330251630201,0.13719015552091063,0.0433195642040555,0.0024572551120136694
311.560708920029,0.8144002950731182,0.13735060658169876,0.04478846139289309,0.0034606369522900875
311.760940738101,0.8146260439182896,0.1375639558733032,0.04432617750867097,0.0034838226997364885
311.961172556173,0.8152993597030354,0.138011887308116,0.04417392289399633,0.002514830094852444
312.161404374245,0.8125000713459023,0.13816761397821364,0.0457467357810625,0.003585578894821798
312.361636192317,0.8130780294433563,0.1385223695729556,0.045299856602999386,0.0030997443806891635
312.561868010389,0.8133291922466963,0.13890312587429568,0.045132488135793646,0.002635193743215141
312.762099828461,0.8116221032057783,0.1392031131612437,0.04616937166985771,0.0030054119631217225
312.962331646533,0.8102268721573646,0.13935709906638988,0.0466954863196738,0.0037205424565713977
313.162563464605,0.8116391444144394,0.13977085565540623,0.04580312528280351,0.0027868746473494765
313.362795282677,0.8096670883830991,0.14004759819183749,0.047112942742047595,0.003172370683015348
313.56302710074897,0.8081121035110622,0.14015908010706335,0.047670722001973025,0.0040580943799031575
313.763258918821,0.8097181504742127,0.14064267702990482,0.04685211584967903,0.0027870566462028803
313.963490736893,0.80776052121454,0.14092478655234442,0.0481036385911112,0.0032110536420051107
314.163722554965,0.8068761989935653,0.14121422278358212,0.04846984314071604,0.0034397350821374975
314.36395437303696,0.8072761484039284,0.14154876469335353,0.04805256051869346,0.0031225263840255315
314.564186191109,0.8065748251224023,0.14193767938023696,0.048582178740135984,0.0029053167572272456
314.764418009181,0.8041045093128503,0.1420787082029661,0.049863885670968666,0.003952896813217627
314.96464982725297,0.8052651206993235,0.14240010591760258,0.04890724343203026,0.0034275299510434843
315.16488164532495,0.8047267832894859,0.1428100625217547,0.04947713782343998,0.002986016365319223
315.365113463397,0.801886011742593,0.14291519235939587,0.05097038793413151,0.004228407963879995
315.565345281469,0.8033397707939478,0.1433601712747481,0.050064301448573316,0.0032357564827308516
315.76557709954096,0.8027229633226081,0.14374888128010527,0.05050766639592351,0.0030204890013625875
315.96580891761295,0.8008397467247045,0.14403212123762865,0.05157108350288927,0.0035570485347799392
316.166040735685,0.8004291195197882,0.14427451048488654,0.051535604272055,0.0037607657232715153
316.36627255375697,0.8011053337612918,0.14472481707496673,0.051151894085334826,0.003017955078406148
316.56650437182896,0.7984321993678574,0.14493964823738215,0.052781422722222845,0.003846729672536531
316.76673618990094,0.7981464470223278,0.1451278417902395,0.05256546938910018,0.004160241798330701
316.966968007973,0.7991062165795068,0.1456321278089889,0.05217922459434552,0.003082431017159567
317.16719982604496,0.796217800336215,0.14583548364799812,0.053945064325847225,0.004001651689942558
317.36743164411695,0.7964671892040406,0.14620155228145187,0.05363254821391587,0.0036987103005937257
317.56766346218893,0.7967852081552422,0.1466150153453588,0.05335974903859956,0.003240027460799911
317.767895280261,0.795072261897594,0.14696499861046575,0.05446592233116,0.00349681716078278
317.96812709833296,0.7933677233757918,0.14714000116677795,0.05523574910966882,0.004256526347761434
318.16835891640494,0.7947720544690487,0.14756199267782294,0.05419822773845897,0.003467725114671601
318.3685907344769,0.7929870191058823,0.1479094100626568,0.05547984775979172,0.003623723071670646
318.56882255254897,0.7908855234192871,0.1480147660860521,0.05643230579110511,0.004667404703556634
318.76905437062095,0.792616544069998,0.1485371145322073,0.05541082797921325,0.0034355134185811123
318.96928618869293,0.7908008444670755,0.14888242487732598,0.056636706166863726,0.003680024488736709
319.1695180067649,0.7895180854738582,0.14919131562629154,0.05726918603558329,0.004021412864267323
319.36974982483696,0.7898051213621609,0.14954444678622278,0.05685917473248917,0.003791257119128433
319.56998164290894,0.7893043439190756,0.1499890812491933,0.05723613925771739,0.0034704355740144215
319.7702134609809,0.7866289676347864,0.15017529232267326,0.058763960044823975,0.004431779997716735
319.9704452790529,0.7874568640531509,0.15047902258041312,0.05788636942134816,0.004177743945089577
320.17067709712495,0.7872506117290148,0.15096240830203111,0.05822746014311244,0.0035595198258427875
320.37090891519694,0.7840845602716909,0.15109819455937923,0.060070286033028934,0.004746959135899419
320.5711407332689,0.7853808909608342,0.1515636971690095,0.059139792744061656,0.003915619126092687
320.7713725513409,0.7849534899609779,0.15200945835630972,0.05942073835872626,0.0036163133239897334
320.97160436941294,0.7828454338779315,0.1523339854631027,0.06070104929881815,0.004119531360148851
321.1718361874849,0.7821645856290674,0.15259528578126993,0.060830069636840706,0.004410058952822919
321.3720680055569,0.7830254506288472,0.15308343402902921,0.06019296188984231,0.0036981534522820534
321.5722998236289,0.780378205713571,0.15336717220136734,0.0619257645614757,0.004328857523585174
321.77253164170094,0.7795256332220527,0.1535355476202107,0.06204669323003019,0.004892125927705561
321.9727634597729,0.7807899923674884,0.1541014002069082,0.06134530133682963,0.003763306088775797
322.1729952778449,0.7778952960452968,0.15436790982215512,0.06323804551531058,0.004498748617237376
322.3732270959169,0.7777494390398937,0.15474831968519231,0.06312718005264494,0.004375061222273344
322.57345891398893,0.7781330980126282,0.1552016453755469,0.06272064560620266,0.003944611005622642
322.7736907320609,0.7764899675069897,0.1556132845185651,0.06381434544652438,0.00408240252792236
322.9739225501329,0.7744830365316621,0.15582364165117973,0.06484761992852899,0.004845701888629225
323.1741543682049,0.775813249436882,0.15625107909244973,0.06368732761983419,0.00424834385083154
323.3743861862769,0.7742967970752059,0.15668153875643623,0.06483017530654613,0.004191488861811841
323.5746180043489,0.7716666456624479,0.1567939924190154,0.06622844588293467,0.0053109160356041895
323.7748498224209,0.773477562828303,0.1573561397995757,0.06499394268709716,0.004172354685023842
323.9750816404929,0.7718699626896721,0.1577762564432193,0.06609711976372687,0.004256661103382345
324.1753134585649,0.7701809682376126,0.15811266099797894,0.06703500257776297,0.004671368186645405
324.3755452766369,0.7703365681785189,0.15849347675940426,0.0666470421702678,0.004522912891808794
324.5757770947089,0.7700859385758285,0.15900042936043696,0.0667740611607079,0.00413957090302581
324.77600891278087,0.7672557968443793,0.1592469663716731,0.06852037652353285,0.004976860260416372
324.9762407308529,0.7676620708483706,0.1595327277893506,0.0678138334026595,0.0049913679596181116
325.1764725489249,0.7678480114405016,0.16009815183042278,0.06781028845659538,0.004243548272481275
325.3767043669969,0.7644394285916699,0.16028158944331777,0.0699675034262693,0.005311478538744941
325.57693618506886,0.7654923822029421,0.16076727700842539,0.0690753870955806,0.0046649536930525705
325.7771680031409,0.7652820675813956,0.16127825570203833,0.06912531757209063,0.004314359144476317
325.9773998212129,0.7630152981746388,0.1616562183383432,0.0705781093912102,0.004750374095807844
326.17763163928487,0.7620489731693018,0.16194840707007885,0.07090160153880826,0.00510101822181129
326.37786345735685,0.7630728160665611,0.16247402181096549,0.0699795429133847,0.004473619209090602
326.5780952754289,0.7605386995450907,0.16284098316716328,0.07172090242514871,0.004899414862597349
326.7783270935009,0.7590807591503029,0.16299697916273118,0.07227005210607033,0.005652209580896107
326.97855891157286,0.7606476139491413,0.16362770545879368,0.07119547236376535,0.004529208228300388
327.17879072964485,0.7578462583207071,0.16397264277607296,0.07310985290584772,0.005071245997374137
327.3790225477169,0.7572429354089063,0.16437025848966685,0.07327989965312834,0.0051069064482964265
327.57925436578887,0.7576858246684907,0.1648709507016132,0.07272675780525563,0.004716466824639933
327.77948618386085,0.7562001540981489,0.1653553757971932,0.07369860041175506,0.004745869692902635
327.97971800193284,0.7539114690965865,0.16561501361575717,0.07499852680476765,0.005474990482890802
328.1799498200049,0.7550800729406896,0.16604449947632355,0.0737804598824297,0.005094967700557226
328.38018163807686,0.7539244806494513,0.1665698306342815,0.07465039917909215,0.004855289537175231
328.58041345614885,0.7508148838214983,0.1667043019087373,0.07650926559507491,0.005971548674690237
328.78064527422083,0.7526319754797858,0.16730483491247133,0.0750946984171167,0.004968491190626676
328.98087709229287,0.7513021047929287,0.16781066588679347,0.07596570618704596,0.00492152313323171
329.18110891036486,0.7492272024361946,0.16818335964131903,0.07722315338315998,0.005366284539327341
329.38134072843684,0.749227447344,0.16860100424192925,0.07688393106207574,0.005287617351997582
329.5815725465088,0.7492639655806691,0.16917495015123526,0.07667345722832328,0.004887627039774408
329.78180436458086,0.7463517245305004,0.16949626425180275,0.07857669157664945,0.005575319641048013
329.98203618265285,0.7462492077532205,0.1697647248915386,0.07815401810595304,0.0058320492492868956
330.18226800072483,0.7468757784816173,0.17041919779504303,0.07769980918891137,0.005005214534429916
330.3824998187968,0.7433346819835758,0.1706676318674027,0.08008646979747554,0.0059112163515473
330.58273163686886,0.7440447554434884,0.17117145080386598,0.07932824537810342,0.005455548374541834
330.78296345494084,0.7440735947579744,0.17175524437460343,0.07909153757627807,0.005079623291144264
330.9831952730128,0.7417416661203632,0.17219904977438788,0.08063258599398432,0.005426698111266179
331.1834270910848,0.7404794778160715,0.17253341611714196,0.08117658109769874,0.0058105249690886766
331.38365890915685,0.7416171877051054,0.17309401219015838,0.07998039044137344,0.005308409663364119
331.58389072722883,0.7393020788402032,0.17355779068096308,0.08160203714802017,0.0055380933308151175
331.7841225453008,0.7372289131151974,0.1737105586306264,0.08264949861977335,0.006411029634402492
331.9843543633728,0.7390651245357881,0.17440655937520075,0.0811853720516797,0.005342944037332079
332.18458618144484,0.7364686579037527,0.17484439290034456,0.08298580034266646,0.005701148853234668
332.3848179995168,0.7353625260212754,0.17526187588576053,0.08351105628710923,0.005864541805856094
332.5850498175888,0.7358493084074196,0.17581682025967144,0.08281777166510723,0.005516099667803378
332.7852816356608,0.7346112630360242,0.1763837675475381,0.08354426793035422,0.005460701486083865
332.98551345373284,0.7320808867874319,0.1767054133400469,0.0850898636226634,0.006123836249859419
333.1857452718048,0.7329838791947357,0.17713273058223472,0.08391780782247721,0.005965582400553363
333.3859770898768,0.7322810503623932,0.17776350995477624,0.08437378164063282,0.005581658042199324
333.5862089079488,0.7287775440419982,0.17793594069770044,0.08665645710493912,0.0066300581553642764
333.78644072602077,0.7304978058828021,0.17857025576323915,0.08514310683260752,0.005788831521349442
333.9866725440928,0.7295117236636735,0.17917146589790198,0.08567552606950887,0.005641284368914854
334.1869043621648,0.7271071656934871,0.17958982145322558,0.08722706615464476,0.0060759466986420345
334.3871361802368,0.7269232446951764,0.1800523064448564,0.08697169329265442,0.006052755567310398
334.58736799830876,0.7272604402770645,0.18069509326507976,0.08636590475078416,0.005678561707070455
334.7875998163808,0.7243619471891202,0.18110446533608568,0.08832893177049997,0.006204655704292496
334.9878316344528,0.7236790012570492,0.18135709288287982,0.08830347779511485,0.006660428064958925
335.1880634525248,0.7247686468098848,0.1821049270080176,0.08732410160360402,0.005802324578493298
335.38829527059676,0.7212290535724311,0.18243531376255748,0.08980770584780214,0.006527926817209998
335.5885270886688,0.7214939268904909,0.18295331082402294,0.08929896372556467,0.006253798559920558
335.7887589067408,0.7217730081670004,0.1836161343000673,0.08874289537268176,0.005867962160252065
335.98899072481277,0.7194915048729529,0.18413786725721493,0.09025169478703096,0.006118933082802313
336.18922254288475,0.7179334097081818,0.1845239890136121,0.09103132126086796,0.0065112800173385225
336.3894543609568,0.7191061218679642,0.18511440608101581,0.08962083260554564,0.006158639445475128
336.5896861790288,0.7171268006797522,0.18568741048099613,0.09097249779497521,0.0062132910442772695
336.78991799710076,0.7144674625897662,0.1858473916287962,0.09254588272135224,0.007139263060085228
336.99014981517274,0.7165014875287421,0.18660505347947437,0.0907309226147068,0.006162536377079054
337.1903816332448,0.7142248738417881,0.18714878925198483,0.09226735979080661,0.0063589771154200815
337.39061345131677,0.7126013858956491,0.1875887106717689,0.09319686029619491,0.006613043136387438
337.59084526938875,0.7131051012678022,0.18820302461343594,0.0923900052793384,0.006301868839422332
337.79107708746074,0.7121948332378029,0.18885986620263046,0.09275347867998068,0.006191821879585583
337.9913089055328,0.7094858459422908,0.1892544662573783,0.0944942852767592,0.006765402523572199
338.19154072360476,0.7100139696018617,0.18967440518244472,0.09349664334678184,0.006814981868910649
338.39177254167674,0.709841117849688,0.19041895911510126,0.09341237607450278,0.006327546960708396
338.5920043597487,0.7060660611977501,0.1906456100576115,0.09602413412225412,0.007264194622384105
338.79223617782077,0.7075626034998165,0.19130536534066506,0.09453667308021647,0.006595358079302904
338.99246799589275,0.7069747287409203,0.19200966975636977,0.09464312395447969,0.006372477548229973
339.19269981396474,0.704335306525858,0.19248350130479813,0.09641522389601441,0.006765968273329618
339.3929316320367,0.7039364133529434,0.19299648224947447,0.0962823353369702,0.006784769060611892
339.59316345010876,0.7045555063101094,0.193706225369989,0.09526975404878725,0.006468514271114828
339.79339526818075,0.7017866405786471,0.194215462067427,0.09716417301769471,0.006833724336232218
339.99362708625273,0.700481888319868,0.1944544305551302,0.0976258310529958,0.007437850072006317
340.1938589043247,0.7020183667187281,0.19529584281901105,0.09609836808671206,0.006587422375548448
340.39409072239675,0.6986305339405794,0.1957239546891562,0.0985110887892875,0.007134422580975507
340.59432254046874,0.698360518309391,0.19625040184617204,0.09836692062151578,0.007022159222921695
340.7945543585407,0.6988848956982622,0.19699613004099356,0.09748826280617291,0.0066307114545716495
340.9947861766127,0.696780208457999,0.19760680503499176,0.09882124244010096,0.006791744066909848
341.19501799468475,0.6949420716251127,0.19805167268108678,0.09983431584527416,0.00717193984852715
341.39524981275673,0.6960455852306955,0.1986636533737872,0.0983145471536394,0.006976214241877742
341.5954816308287,0.694518711616338,0.19935648497752415,0.09924146209299985,0.006883341313137325
341.7957134489007,0.6913471217728371,0.19953506873783067,0.10131061807409215,0.007807191415239473
341.99594526697274,0.6934674511069806,0.20034563871436184,0.09924312311423668,0.006943787064422169
342.1961770850447,0.691618331032243,0.2010060396677524,0.10037121961180054,0.0070044096882041175
342.3964089031167,0.6895057691352828,0.20147115034155888,0.1017098688737704,0.007313211649387161
342.5966407211887,0.6899869408125493,0.20214700941372654,0.10083418442939308,0.0070318653443328175
342.79687253926073,0.689461010387613,0.20289767153256422,0.10074512439540027,0.006896193684423395
342.9971043573327,0.6866600275984863,0.203374036370929,0.10259943358807577,0.007366502442509637
343.1973361754047,0.6867145212346122,0.2037804197025552,0.1019073210007431,0.0075977380620899215
343.3975679934767,0.6871189502369421,0.20464357971970915,0.10119487502942474,0.007042595013925108
343.5977998115487,0.6832267350050574,0.20494039035833375,0.10398749544333867,0.007845379193272047
343.7980316296207,0.6843607788864315,0.20561325486960838,0.10267828166379549,0.0073476845801652875
343.9982634476927,0.6842060647847839,0.20642554506933639,0.10230412745169781,0.0070642626941821475
344.1984952657647,0.6814605465480341,0.20696481986979226,0.10417647806020844,0.007398155521964988
344.3987270838367,0.6808190184380924,0.20753053007620462,0.10420244644473348,0.0074480050409702556
344.5989589019087,0.6816646802548714,0.20830081549964952,0.10282644741850748,0.007208056826971529
344.7991907199807,0.6791538927675134,0.20892004948126414,0.10450309174516573,0.007422966006059146
344.99942253805267,0.677228269682776,0.20914829975175703,0.10549618688634343,0.008127243679122863
345.1996543561247,0.6791485942475054,0.2100778675061707,0.10346308804783678,0.007310450198489183
345.3998861741967,0.6760674768135636,0.21061751531053985,0.10562173141782161,0.007693276458076434
345.6001179922687,0.6752033598069661,0.21114539393334764,0.1059319864802976,0.007719259779390217
345.80034981034066,0.6759479797478712,0.21197451329866354,0.1047594526206889,0.0073180543327773274
346.0005816284127,0.674141921588649,0.21268304925075845,0.1057709639861406,0.007404065174455934
346.2008134464847,0.6720598966544952,0.21319048262620882,0.10699274827015298,0.007756872449142134
346.40104526455667,0.6729760122140476,0.21381253899525532,0.10549938616305299,0.00771206262764188
346.60127708262866,0.6720032210968885,0.21463327587466524,0.10586446597129022,0.007499037057157244
346.8015089007007,0.668438092222174,0.2148425402617748,0.108336096732303,0.008383270783749203
347.0017407187727,0.6704990765615803,0.21569120167168682,0.10616684729422524,0.007642874472503902
347.20197253684466,0.6691665900762558,0.21647593206308946,0.10676830834185766,0.007589169518798005
347.40220435491665,0.6666424606581991,0.21696952650421064,0.10846461027069798,0.007923402566891972
347.6024361729887,0.6670507629199511,0.21770509342674582,0.10757860098733718,0.007665542665969877
347.8026679910607,0.6669303428207417,0.21854884609264388,0.10699484890239921,0.00752596218421693
348.00289980913266,0.6641445909055554,0.2191135312757023,0.10885243684036609,0.007889440978374084
348.20313162720464,0.6636538310306133,0.2194995140112415,0.10857474356594127,0.008271911392206694
348.4033634452767,0.664639611506802,0.22048114953219244,0.10720506017770542,0.0076741787832979615
348.60359526334867,0.6608064062585164,0.22086315374353635,0.1099917592389479,0.008338680758998436
348.80382708142065,0.6614451789952782,0.221533035470066,0.10901622424143112,0.008005561293222819
349.00405889949263,0.6617325805530287,0.2224543940108747,0.10814861617163034,0.007664409264466941
349.2042907175647,0.6590318467767013,0.22306870990361072,0.10996646262227797,0.007932980697409673
349.40452253563666,0.6581295114717383,0.22368523826236797,0.11017899731300729,0.00800625295288469
349.60475435370864,0.6591123758735757,0.2245045213846669,0.10853503847720383,0.007848064264556082
349.8049861717806,0.656989172309687,0.22524195990612145,0.10984032936249982,0.007928538421693127
350.00521798985267,0.6544924272820922,0.2254633688421185,0.11134882912950068,0.008695374746290825
350.20544980792465,0.6566855648740058,0.22646857100512408,0.10892106592875603,0.007924798192113083
350.40568162599664,0.6540567701376934,0.22713086905743574,0.11065113294136604,0.008161227863503324
350.6059134440686,0.6525862693383351,0.22765274063074442,0.11145714948787863,0.008303840543042356
350.80614526214066,0.6535039033813475,0.2285612768160452,0.1100496146095112,0.007885205193094436
351.00637708021264,0.6520970625429612,0.22937317688633832,0.11061658940341135,0.007913171167290258
351.2066088982846,0.6498296664932821,0.2299436850287463,0.11199669837727938,0.008229950100692851
351.4068407163566,0.6504425483856655,0.23056134565930558,0.11067355016374958,0.008322555791280082
351.60707253442865,0.6500943791508195,0.23151449728066376,0.11038054776324185,0.008010575805273612
351.80730435250064,0.6462925638052939,0.2317669166218425,0.11310479713669647,0.00883572243616744
352.0075361705726,0.6481278860648273,0.23263239832648602,0.11101801816764169,0.008221697441043965
352.2077679886446,0.6473726518795728,0.2335451943306713,0.1110177748097792,0.008064378979977953
352.40799980671665,0.6445615585153835,0.23407148444486334,0.11296258084103633,0.008404376198718588
352.60823162478863,0.6448403541241833,0.23486005508528757,0.11213207489748027,0.008167515893050044
352.8084634428606,0.6451042850213048,0.23579031079536888,0.11107001316807416,0.008035391015254684
353.0086952609326,0.6424552332965895,0.23644774008719563,0.11280048808755078,0.008296538528664302
353.20892707900464,0.641388334303421,0.2368063911064942,0.11300168820730082,0.00880358638278375
353.4091588970766,0.6429076623457668,0.23789977539654555,0.11101754513457039,0.008175017123117361
353.6093907151486,0.6393163708726601,0.23838048915728255,0.11359630567374002,0.008706834296319377
353.8096225332206,0.6393543288448287,0.23902844354143804,0.11308412860907942,0.008533099004654357
354.00985435129263,0.6400623934872846,0.24005518106166177,0.11175556510008361,0.008126860350970273
354.2100861693646,0.6375620699553508,0.24075298731004074,0.11335181242443287,0.008333130310175942
354.4103179874366,0.6363962471377171,0.2414140475308379,0.113763513620535,0.008426191710910799
354.6105498055086,0.637402894613346,0.24226543045165266,0.11198525087464256,0.008346424060358338
354.8107816235806,0.6357833337372536,0.24312691286839827,0.11278215320319099,0.00830760019115683
355.0110134416526,0.6328136726538491,0.24334648608726928,0.11472600992087424,0.00911383133800692
355.2112452597246,0.6351269363020602,0.2444066218342429,0.11207347642001855,0.00839296544367952
355.4114770777966,0.6330720650814321,0.2451993141691708,0.11323328178097596,0.00849533896842232
355.6117088958686,0.6310402126515011,0.2457085366166319,0.1145123762833775,0.008738874448489732
355.8119407139406,0.6320625761284906,0.24668710283012377,0.11295354570599393,0.008296775335391271
356.0121725320126,0.6311196946344956,0.24760302102741308,0.11299841929334481,0.00827886504474759
356.21240435008457,0.6287468988643776,0.24823420891030057,0.11446109929812079,0.008557792927200294
356.4126361681566,0.6289608126040387,0.2488307494671807,0.11343469871692716,0.008773739211853007
356.6128679862286,0.6292625007804541,0.24991582121306025,0.11244833357541026,0.008373344431076407
356.8130998043006,0.6254064661181693,0.2502238534994345,0.11523652600592786,0.009133154376470451
357.01333162237256,0.6268489222492412,0.25107889082072293,0.11342178566815804,0.008650401261877817
357.2135634404446,0.6266953463122618,0.2521188600150155,0.11279939604202574,0.00838639763069597
357.4137952585166,0.6237574402588104,0.25268322623040684,0.11483750040398778,0.008721833106795042
357.61402707658857,0.6238507293032546,0.25351274955681846,0.11412769480337644,0.008508826336552608
357.81425889466055,0.6244357998428816,0.2545161819056345,0.11266239238876308,0.008385625862722694
358.0144907127326,0.6220495004968445,0.2552689647697201,0.11412914722728768,0.00855238750614737
358.2147225308046,0.6204238837467313,0.2555941066915073,0.1148151416055709,0.00916686795618907
358.41495434887656,0.6223753885912646,0.25678426145501604,0.11233280015326726,0.008507549800453202
358.61518616694855,0.6191984722314441,0.2573750061252691,0.11451322717783764,0.008913294465449279
358.81541798502053,0.6185775035415244,0.25798089010237174,0.11454180002980024,0.008899806326303836
359.0156498030926,0.6196528575679667,0.2591037493785511,0.11282795961599698,0.008415433437483856
359.21588162116456,0.6174935738347761,0.2598913240190157,0.11405046836384644,0.008564633782361499
359.41611343923654,0.6160813502235482,0.2605866175102047,0.11465318031334153,0.00867885195290537
359.6163452573085,0.6169902172910614,0.2614482443100453,0.1128904514330542,0.008671086965838236
359.81657707538056,0.6159614468267587,0.26243650715539335,0.11308059096858217,0.008521455049266222
360.01680889345255,0.6126584245796289,0.2626605332381407,0.11532419634430066,0.009356845837929366
360.21704071152453,0.6149114331505736,0.26374631806122284,0.1126537537879852,0.00868849500021799
360.4172725295965,0.6135150965651925,0.26467315987969353,0.11315404746779786,0.00865769608731765
360.61750434766856,0.6110254153836576,0.26516526303099736,0.11481599697761942,0.008993324607726318
360.81773616574054,0.6120681881405552,0.26619842222354834,0.11320592597809609,0.008527463657800983
361.0179679838125,0.6116084828397641,0.2672128672284987,0.1127118175475228,0.008466832384215348
361.2181998018845,0.60922757166992,0.2679003364755898,0.11416053011375299,0.008711561740738076
361.41843161995655,0.6089817233284636,0.2684580272570821,0.11351786915715367,0.009042380257301008
361.61866343802853,0.6099042129779123,0.2696677466548708,0.11187588955877538,0.008552150808439622
361.8188952561005,0.6061852252558911,0.2700432811705325,0.11452583631850732,0.009245657255069584
362.0191270741725,0.6070899285397282,0.27085608252986987,0.11314623488398974,0.008907754046413219
362.21935889224454,0.6075217155081669,0.2720171316149117,0.1119394408042571,0.008521712072664743
362.4195907103165,0.6046334093943291,0.2726260179129972,0.11389232863375713,0.008848244058917532
362.6198225283885,0.6044939377525823,0.2734791574830432,0.11335879332655832,0.008668111437816114
362.8200543464605,0.6053030658221734,0.274535442293911,0.11161233137914614,0.008549160504769237
363.02028616453254,0.6032976551903894,0.27538470276009397,0.11269044229138038,0.00862719975813731
363.2205179826045,0.6011791838186006,0.27567189898678784,0.11380577134802963,0.009343145846580778
363.4207498006765,0.6034144489957987,0.2769341940050189,0.11100306638653296,0.008648290612650319
363.6209816187485,0.6007957280374057,0.27764334633513427,0.11263282306538724,0.008928102562073183
363.8212134368205,0.5995192461817431,0.27818805321149276,0.1132096139437378,0.009083086663026435
364.0214452548925,0.6008787209511712,0.2793916604549045,0.11122142420485893,0.0085081943890653
364.2216770729645,0.5991676792546885,0.2802718474415896,0.11195911458143669,0.008601358722286737
364.4219088910365,0.5975476424525549,0.28098805331464327,0.11272050084337974,0.00874380338942555
364.6221407091085,0.5982471636450917,0.28183425294806685,0.11111412415490947,0.008804459251932293
364.8223725271805,0.597853728112294,0.282947838935339,0.11065645038421036,0.008541982568158663
365.0226043452525,0.5943852920314554,0.2831839502099064,0.11302764657233297,0.00940311118630558
365.2228361633245,0.5963902830223795,0.2842580801486729,0.11055206441873248,0.008799572410215414
365.4230679813965,0.5956909290205481,0.28531824098868414,0.11036783377578122,0.008622996214987756
365.6232997994685,0.592894319121704,0.2857920720354248,0.11226671282370569,0.009046896019165186
365.8235316175405,0.5938656929151152,0.28685820786881644,0.11071060222846425,0.00856549698760607
366.02376343561247,0.5938601877422447,0.2879586057668852,0.10972476633824682,0.008456440152624995
366.2239952536845,0.5915783925081982,0.288697146679628,0.11105188541509914,0.00867257539707508
366.4242270717565,0.5908554855087086,0.28919888349136447,0.11082646095210823,0.009119170047818077
366.6244588898285,0.5923140706788779,0.29051735295127556,0.10863982721956095,0.008528749150288653
366.82469070790046,0.5889132020546477,0.29097111805730186,0.11096415363915246,0.009151526248898189
367.0249225259725,0.5891799658727601,0.2917078365185486,0.1101277235386772,0.008984474070014261
367.2251543440445,0.5901395814486468,0.292978168213476,0.10842792720725083,0.008454323130626816
367.42538616211647,0.5874704434887373,0.2936384241745017,0.11012333757059631,0.008767794766163222
367.62561798018845,0.5870672488602193,0.2944933581874012,0.10980315395223175,0.008636239000147702
367.8258497982605,0.5879840681828508,0.2955757586918478,0.10792385239265458,0.008516320732647718
368.0260816163325,0.5864556282272858,0.29652123349596227,0.10851953582641062,0.008503602450341222
368.22631343440446,0.5839515050049888,0.29676871036706565,0.10995668468582874,0.009323099942116685
368.42654525247644,0.5862896049786258,0.2980682219953361,0.10704874746179091,0.008593425564248853
368.6267770705485,0.584330165576501,0.29890058598127367,0.10803370577835551,0.008735542663868015
368.82700888862047,0.582466882936113,0.29936855837999093,0.10909247536304134,0.009072083320853463
369.02724070669245,0.5840037580133381,0.30063116789394595,0.10696356098194085,0.008401513110774366
369.22747252476444,0.5828011831601821,0.3016019751322393,0.10716551083929189,0.008431330868289236
369.4277043428365,0.5810322824241002,0.30232433951139487,0.1080297775530285,0.008613600511476322
369.62793616090846,0.5814367422787652,0.30312748147477764,0.1066892596772418,0.008746516569215728
369.82816797898045,0.5816715396262933,0.3043593460358604,0.10561112004810133,0.008357994289746835
370.02839979705243,0.5782167326523118,0.3046164257751068,0.10792703964158878,0.009239801930994723
370.22863161512447,0.5798025122713715,0.30563541512993025,0.10583125738923267,0.008730815209465542
370.42886343319645,0.5797885028111986,0.30682296885087645,0.1050044646188034,0.008384063719123503
370.62909525126844,0.5768639087100047,0.3072813806833796,0.1069624119920299,0.008892298614587601
370.8293270693404,0.5776750983482843,0.30835322629522965,0.105557914638126,0.008413760718360568
371.02955888741246,0.5780518900665415,0.3095195839033701,0.10418290570097018,0.008245620329117947
371.22979070548445,0.575976157932903,0.3103043817678481,0.10528419019598784,0.008435270103262584
371.43002252355643,0.5748032673369792,0.31073543721752706,0.10545348099222829,0.009007814453266455
371.6302543416284,0.5766645931284309,0.31213670059695653,0.10289352669595955,0.008305179578653673
371.83048615970046,0.5737341323272841,0.3126777666122265,0.1047457225837571,0.008842378476733876
372.03071797777244,0.5733239796881262,0.3133058378735817,0.1044870711905156,0.008883111247775887
372.2309497958444,0.5747167511075153,0.31466754885728143,0.10242791003002338,0.00818779000518201
372.4311816139164,0.5724074959837262,0.315385244750491,0.10372947603083083,0.00847778323495222
372.63141343198845,0.5717312828322034,0.31621731528472946,0.10363439033808039,0.008417011544986608
372.83164525006043,0.5726377959392845,0.31729419402099923,0.1017721533002478,0.008295856739468995
373.0318770681324,0.5716468894923807,0.3183338567778472,0.10183988157429204,0.00817937215548128
373.2321088862044,0.568892792467836,0.31854311690771225,0.10345838181335401,0.00910570881109803
373.43234070427644,0.5711409999777408,0.3198353081897311,0.10066554466361917,0.00835814716890986
373.6325725223484,0.5698897400733655,0.32079172506802683,0.10098132866982275,0.008337206188785546
373.8328043404204,0.5675653110681205,0.3211733680207097,0.10239382641019198,0.008867494500980599
374.0330361584924,0.5691594131337435,0.32246697256274076,0.10026486912804305,0.00810874517547378
374.23326797656443,0.5684726057560785,0.323520316529758,0.09994772644460152,0.008059351269563723
374.4334997946364,0.5666299980678714,0.3242346951199805,0.10084158406167303,0.00829372275047571
374.6337316127084,0.566689491347615,0.3249675572056691,0.09983076438844757,0.00851218705827106
374.8339634307804,0.567491680593301,0.3263035162071058,0.0982276609628781,0.007977142236715149
375.0341952488524,0.5642212771890145,0.32659139461806413,0.10032197653165381,0.00886535166126825
375.2344270669244,0.5652564541746038,0.32750882937414044,0.09873430814253237,0.008500408308722862
375.4346588849964,0.5658679330348039,0.3288124269049408,0.09736699577395683,0.007952644286300013
375.6348907030684,0.5629974241860224,0.3292622904692798,0.09920569440867885,0.008534590936017994
375.8351225211404,0.5635730155972376,0.33030822176505,0.098030378214923,0.008088384422787864
376.0353543392124,0.5642297030009157,0.33151363446933374,0.09640502997786021,0.00785163255189209
376.2355861572844,0.5624545183798622,0.3323411548524748,0.09719640179275968,0.00800792497490376
376.4358179753564,0.5608969532142978,0.33269075579621166,0.09769072028491899,0.008721570704568242
376.6360497934284,0.5629934595566255,0.33413826479076814,0.09496446749269324,0.007903808159915333
376.8362816115004,0.560641576960772,0.3347736724256201,0.09625767580788691,0.008327074805720579
377.0365134295724,0.5595828708826412,0.33526565448725837,0.09653470281735133,0.008616771812748994
377.23674524764436,0.5612858811121371,0.336694531268227,0.09427499905141033,0.007744588568226317
377.4369770657164,0.5594317188049924,0.33747346982530735,0.09510463868353315,0.007990172686166159
377.6372088837884,0.5584970623532791,0.3382575998104754,0.0952181982937159,0.008027139542530618
377.8374407018604,0.559290152855877,0.33929476201039643,0.09350159146691654,0.007913493666809759
378.03767251993236,0.558852062704844,0.3404238026572313,0.09305423118502266,0.007669903452904686
378.2379043380044,0.5559957418618615,0.34059977910508665,0.09470514401863059,0.008699335014422261
378.4381361560764,0.5579731079608817,0.3418328028414206,0.09221935292977884,0.007974736267921148
378.63836797414837,0.5574238202136277,0.34290999927101423,0.0919116050515215,0.007754575463834801
378.83859979222035,0.5548017610397156,0.34320353859555985,0.093512493968158,0.008482206396565068
379.0388316102924,0.5563320631137412,0.3444944749400469,0.09151420914754148,0.007659252798670878
379.2390634283644,0.556118197092206,0.34561547716165053,0.09075614198476105,0.007510183761384491
379.43929524643636,0.5542860395543169,0.34631050093136817,0.09159989129046073,0.0078035682238539504
379.63952706450834,0.5539889887828229,0.34694881989184423,0.09093307578183983,0.008129115543496662
379.8397588825804,0.5552499133630465,0.3483660726070431,0.08895557089602375,0.007428443133885777
380.03999070065237,0.5523079607507603,0.34869500939227294,0.09070207023869672,0.008294959618269293
380.24022251872435,0.5527183030439762,0.3494659736172273,0.08967700204443503,0.008138721294360184
380.44045433679634,0.5538545776590017,0.350868709670138,0.08791572851776452,0.0073609841530943325
380.6406861548684,0.551198681273918,0.35132019863173847,0.08948788796635988,0.007993232127984064
380.84091797294036,0.5514848952629227,0.35230630067668023,0.08858917593898694,0.007619628121411688
381.04114979101234,0.552305475038074,0.3535184450176241,0.08686419264076134,0.0073118873035423965
381.2413816090843,0.5509005420951477,0.3543866834062622,0.08729727870504655,0.007415495793544972
381.44161342715637,0.5490506262593757,0.3546491917966795,0.0880172920327368,0.008282889911207908
381.64184524522835,0.551200277435771,0.35609649871368027,0.08533546757235083,0.007367756278196945
381.84207706330034,0.5494815321643626,0.35683094023973105,0.08605117541648649,0.007636352179419955
382.0423088813723,0.5478635759194441,0.3571682341226402,0.08675804166144112,0.00821014829647543
382.24254069944436,0.5497384838751805,0.3586338955913593,0.08446145508465006,0.007166165448809996
382.44277251751635,0.5483804907953755,0.3594741859391476,0.08480954984259054,0.007335773422886927
382.64300433558833,0.5472244706256384,0.3601877790514872,0.08509006847347679,0.0074976818493983285
382.8432361536603,0.5478275624793695,0.3611513865698011,0.08361023609817383,0.007410814852654603
383.04346797173235,0.5479090172893955,0.362360642707487,0.08271910406225927,0.007011235940859107
383.24369978980434,0.545092861379548,0.36251146128311795,0.08426981374493028,0.008125863592405105
383.4439316078763,0.5466523281018844,0.3636300249571661,0.0822271056201157,0.007490541320833425
383.6441634259483,0.546747451569565,0.3648205538776047,0.08140118730301482,0.0070308072498159015
383.84439524402035,0.544003668111595,0.3650328953312167,0.08302057789189264,0.007942858665294778
384.04462706209233,0.5453611092771385,0.366283168319679,0.08125798728010078,0.00709773512308104
384.2448588801643,0.5455379501680017,0.3674504069180269,0.08018143623840013,0.00683020667557134
384.4450906982363,0.5437995150492662,0.36811933641622474,0.08090363836528089,0.007177510169228491
384.6453225163083,0.5431683253649708,0.3686441719498823,0.08055220507914536,0.007635297606001307
384.8455543343803,0.5447448878196793,0.37011035773602646,0.07838227222279291,0.0067624822215015794
385.0457861524523,0.5422342682073005,0.37049045853567264,0.07971087235537977,0.0075644009016475845
385.2460179705243,0.5420098847001383,0.37107653840770494,0.0792276032121473,0.007685973680009293
385.4462497885963,0.5435413735230062,0.37255597562395865,0.07724208301442029,0.006660567838614285
385.6464816066683,0.5412198359048066,0.3730211959183926,0.07845539848732451,0.007303569689477067
385.8467134247403,0.541189417936017,0.3739140646161435,0.07784577355658093,0.007050743891258962
386.0469452428123,0.5420616113681564,0.3750976799482163,0.07616012194019722,0.006680586743429875
386.24717706088427,0.5410619817146533,0.3760056634181176,0.07623254995579497,0.006699804911433541
386.4474088789563,0.5390250133815692,0.37618126268338276,0.07707097090370764,0.0077227530313399035
386.6476406970283,0.5410532463697835,0.37757421250037937,0.07461597228663774,0.006756568843197704
386.8478725151003,0.5399665864888807,0.37840976648056424,0.07480170067587086,0.006821946354682916
387.04810433317226,0.5379220609058858,0.3785855155992447,0.07579494350976024,0.0076974799851088896
387.2483361512443,0.5398298196769148,0.38005210986228677,0.07360948534176746,0.006508585119031926
387.4485679693163,0.5389552438111022,0.3809492091106752,0.07353101008241064,0.006564536995814422
387.64879978738827,0.5376324737745896,0.38157512886885214,0.07392081871540426,0.006871578641155025
387.84903160546025,0.5380003903187173,0.3824348165610973,0.0727252469988022,0.006839546121383427
388.0492634235323,0.5385241512023349,0.38370912352447906,0.07150900659884002,0.0062577186743470615
388.2494952416043,0.5358692226474235,0.38384569743881347,0.07286332213897678,0.007421757774785704
388.44972705967626,0.5369143961068557,0.38479613927517875,0.07132851985053079,0.0069609447674348
388.64995887774825,0.5375548513816039,0.3860882733794016,0.07013070144186162,0.006226173797133282
388.8501906958203,0.5348516808473399,0.3862345804532142,0.071626298266188,0.0072874404332578455
389.0504225138923,0.5359497105238507,0.38740409886579924,0.07016732110055474,0.006478869509796544
389.25065433196426,0.5364116263335565,0.38859101344855856,0.06891514300882677,0.006082217209057767
389.45088615003624,0.5348380161031642,0.38923284742100683,0.06946730655206795,0.006461829923761598
389.6511179681083,0.5339198747485935,0.38963239661973303,0.0693740988659807,0.0070736297656913355
389.85134978618026,0.535653158578656,0.3911058035961493,0.06719570472430202,0.006045333100892977
390.05158160425225,0.5336276091327897,0.39154660591799695,0.06809803023500836,0.006727754714204506
390.25181342232423,0.532818151642722,0.39192067988252643,0.06807495482167289,0.007186213653078152
390.4520452403963,0.5346013296024391,0.3934490075324448,0.06603411456214243,0.005915548302974725
390.65227705846826,0.5326812090840181,0.3939401696651256,0.06686299006634147,0.006515631184514247
390.85250887654024,0.532334254436593,0.394710290741515,0.06652229973076773,0.006433155091123432
391.0527406946122,0.5331633209797432,0.3958304085452573,0.06498528949381802,0.006020980981182137
391.25297251268427,0.5325645793720313,0.39677701111742447,0.06474193871684769,0.005916470793696981
391.45320433075625,0.5304441333616288,0.3968718629884096,0.06560433806500289,0.007079665584957848
391.65343614882823,0.5322042640312205,0.39815240938083135,0.06350537897953996,0.006137947608409179
391.8536679669002,0.531698746055863,0.3990883604541434,0.06326173048659714,0.005951163003397251
392.05389978497226,0.5293795070121771,0.3991089524224688,0.06439286418001214,0.007118676385341212
392.25413160304424,0.5311943112289224,0.40053653439769543,0.06243331064666771,0.005835843726714096
392.4543634211162,0.5307451521673306,0.40148100092259353,0.06203133192190996,0.005742514988165319
392.6545952391882,0.5293195703817622,0.4020101236872372,0.06247059742319114,0.0061997085078108055
392.85482705726025,0.5294368686611068,0.40274186051652067,0.061566535618158655,0.006254735204214819
393.05505887533224,0.5302934792519328,0.40405886301795996,0.06017020671944335,0.0054774510106643534
393.2552906934042,0.5278873268441222,0.4041944660224154,0.06128010892440075,0.006638098209060388
393.4555225114762,0.5283790129470777,0.4049304303190711,0.060247952364492874,0.006442604369358326
393.65575432954824,0.5294387635942837,0.4063079720940525,0.058841001312260624,0.005412262999403483
393.85598614762023,0.5269041038364735,0.406410011879178,0.06012208786283634,0.006563796421512389
394.0562179656922,0.5276850292254345,0.4074596774326744,0.05899286353854086,0.005862429803351545
394.2564497837642,0.5283205650173347,0.40863696098687047,0.057703425680528234,0.005339048315267392
394.45668160183624,0.5269603582812622,0.4092564547268912,0.05807047864913255,0.005712708342715271
394.6569134199082,0.5258156885457237,0.4095270715812147,0.058167735454490305,0.00648950441857295
394.8571452379802,0.5275513434548768,0.4109584394664122,0.056137982364117336,0.005352234714593995
395.0573770560522,0.5260149914915138,0.4114687252395524,0.056661883642329706,0.005854399626604435
395.25760887412423,0.5247142777954004,0.4116187356034332,0.05698302918173868,0.006683957419427899
395.4578406921962,0.5266075052422817,0.41316315615806887,0.055032116415787175,0.005197222183862901
395.6580725102682,0.5251019211859247,0.4136907237754691,0.05551386421038343,0.005693490828223516
395.8583043283402,0.5244624343270325,0.4143159997717498,0.055398879153337924,0.005822686747879831
396.0585361464122,0.5251790286773229,0.41534138734075055,0.05408075261443001,0.00539883136749568
396.2587679644842,0.5249391741068776,0.41632363391428123,0.053604611013661,0.005132580965180509
396.4589997825562,0.5228239160766797,0.4163495386664292,0.05442532885240314,0.006401216404486983
396.6592316006282,0.5242119796820953,0.4174609147827358,0.05274636984316214,0.005580735692007718
396.8594634187002,0.5241989277847019,0.4184935944456095,0.05220599178325423,0.005101485986434477
397.0596952367722,0.5217511210085498,0.4183784830438547,0.05335245098966466,0.006517944957930083
397.2599270548442,0.5233711260336746,0.4197250997115292,0.051688882140261676,0.0052148921145346834
397.46015887291617,0.5232589296113314,0.42070320138600514,0.05109035400505818,0.004947514997606438
397.6603906909882,0.5217935387279652,0.4211360251868976,0.05153208923144678,0.0055383468536913255
397.8606225090602,0.5216681586109312,0.42172427389035116,0.05089718590176728,0.005710381596951938
398.0608543271322,0.5227323494497277,0.4230541386631001,0.04946596064273419,0.004747551244438596
398.26108614520416,0.5206225061241888,0.4232040044580851,0.05033363205638209,0.005839857361343928
398.4613179632762,0.5205752536513306,0.4236918852080511,0.049744326719111956,0.0059885344215059215
398.6615497813482,0.5219183990151945,0.42513397072476083,0.04828188116188444,0.004665749098159166
398.86178159942017,0.519633563799435,0.42521762000981606,0.04931986172410006,0.0058289544666491515
399.06201341749215,0.5200698405182141,0.42611297467266485,0.04850845313940411,0.005308731669717049
399.2622452355642,0.5207771744475787,0.42725158715725864,0.04729536714407893,0.004675871251083725
399.4624770536362,0.5196498778869703,0.4278580696082477,0.047498540428494246,0.004993512076289697
399.66270887170816,0.5183407551853377,0.42800443191197357,0.047724995881364474,0.005929817021323156
399.86294068978015,0.5199471164414635,0.42934040099646514,0.045952836555275434,0.0047596460067953015
400.0631725078522,0.5188611466685945,0.42992813174353556,0.04618752425143652,0.005023197336433249
400.26340432592417,0.5171853789008002,0.42985919028436126,0.04673394975969403,0.006221481055145037
400.46363614399615,0.5190631038812694,0.43138274462626947,0.044976972078634686,0.00457717941382649
400.66386796206814,0.5179386447537813,0.43195405662371306,0.045195567546425126,0.004911731076080173
400.8640997801402,0.5170473018974596,0.4324229008965101,0.04525484948846049,0.0052749477175704634
401.06433159821216,0.51760900036359,0.4333291612164237,0.04418648206086855,0.004875356359118865
401.26456341628415,0.5176570209580427,0.43434040372970584,0.04358094204510851,0.00442163326714321
401.46479523435613,0.5156111843986734,0.4343141010209192,0.04433153157187025,0.005743183008537025
401.6650270524282,0.5165719781695912,0.4352066872242385,0.043074494030258384,0.005146840575911897
401.86525887050016,0.5169411888351053,0.43632931353135584,0.04237698608787233,0.004352511545666552
402.06549068857214,0.5144850540611682,0.43610927226211493,0.04346383444321079,0.0059418392335059
402.2657225066441,0.5158382607068596,0.43733374168731776,0.04211907372447349,0.004708923881348952
402.46595432471617,0.515961887675936,0.43832897852753433,0.04144927805918812,0.004259855737343879
402.66618614278815,0.5145086667136476,0.4386759322258649,0.041871031364211955,0.004944369696276297
402.86641796086013,0.5141631902796346,0.4391148840226802,0.04146747082615028,0.005254454871536111
403.0666497789321,0.5153115500616402,0.44042126137216125,0.040121852109515695,0.004145336456684387
403.26688159700416,0.5135057893075091,0.4406021907771378,0.04079225348492427,0.005099766430432244
403.46711341507614,0.5129743987458872,0.4408254451580335,0.040557723998056176,0.005642432098022421
403.6673452331481,0.5144719221239178,0.4423066210565972,0.0391619679830041,0.004059488836481682
403.8675770512201,0.5124693024118943,0.4423991947641928,0.03998569217919347,0.005145810644722805
404.06780886929215,0.5125599736262982,0.44311416080854776,0.03945386075330483,0.004872004811852286
404.26804068736413,0.5132576031832046,0.4441884885068833,0.038393916630832255,0.004159991679079261
404.4682725054361,0.5123531252646204,0.44479372374656284,0.038484310000202915,0.0043688409886170594
404.6685043235081,0.5109334943231191,0.4448283458868937,0.038797865681184235,0.005440294108801301
404.86873614158014,0.5123138755577924,0.44601620040242385,0.03733530750122907,0.0043346165385562815
405.0689679596521,0.5116087873536557,0.4466883700397316,0.03738993354843222,0.004312909058179113
405.2691997777241,0.5096739822242321,0.44642280603793233,0.038067867948148204,0.005835343789687424
405.4694315957961,0.5114368625053362,0.44788593320587433,0.03655864232272749,0.004118561966060956
405.66966341386814,0.5106278050946834,0.44850479771306845,0.0366203264615044,0.004247070730744368
405.8698952319401,0.5095323196160151,0.44881822519959363,0.036810349204260046,0.004839105980132195
406.0701270500121,0.5099200746586278,0.4495900643855301,0.03599017877821813,0.004499682177623504
406.2703588680841,0.5101693847052595,0.45061859599368664,0.035356864493977985,0.0038551548070783104
406.47059068615613,0.5082285100876458,0.45056094037719346,0.03604600343693842,0.005164546098220173
406.6708225042281,0.5087518032961521,0.4511978837841894,0.03516748947809011,0.004882823441567093
406.8710543223001,0.5093888897454579,0.45240036971601383,0.03443449974597059,0.0037762407925569755
407.0712861403721,0.5070067281601658,0.4521145090279157,0.03544199357277826,0.005436769239141342
407.2715179584441,0.5080514429799441,0.45317979117211193,0.034398806126376434,0.004369959721568245
407.4717497765161,0.5083140676799415,0.45417518839461235,0.033759870909639667,0.0037508730158046966
407.6719815945881,0.5069067897610249,0.4544555563561628,0.03416794628701353,0.0044697075957986915
407.8722134126601,0.5063693229824637,0.4547493910172874,0.03395621624700149,0.004925069753249753
408.0724452307321,0.5074957773175924,0.45599168995141026,0.032774514380197,0.003738018350800725
408.2726770488041,0.5059688693464895,0.45622157281933423,0.03332013245490714,0.004489425379271811
408.4729088668761,0.5050295092242271,0.4561830956354799,0.03335315601392665,0.005434239126367632
408.67314068494807,0.5065726898130744,0.45767387854682395,0.032099514856382974,0.0036539167837196847
408.8733725030201,0.5048421772678809,0.4578017987448378,0.032777581763258685,0.004578442224025113
409.0736043210921,0.5046055026656256,0.45832195873082165,0.032477916193338396,0.0045946224102187214
409.2738361391641,0.505237087921478,0.45931257621700505,0.03160796763619008,0.0038423682253277787
409.47406795723606,0.5045216651539497,0.4599281884173423,0.031651735231987596,0.0038984111967203514
409.6742997753081,0.5030306960800485,0.4598705481707992,0.03203567256411144,0.00506308318504069
409.8745315933801,0.5041276580096586,0.46086351629364475,0.030882845504624914,0.004125980192073018
410.07476341145207,0.5037188301414919,0.4616256953405501,0.030862445645386174,0.0037930288725725944
410.27499522952405,0.50162277219702,0.4612009653065325,0.03162118807793177,0.00555507441851556
410.47522704759604,0.5032019886624881,0.4625639211622308,0.030364697370596067,0.0038693928046842066
410.6754588656681,0.5026277097581285,0.46323125898021933,0.030371779163106585,0.0037692520985470584
410.87569068374006,0.5013730823383604,0.4634035250797519,0.030669458883102553,0.004553933698783726
411.07592250181204,0.5015846080676862,0.4640358408573284,0.030074513220098957,0.004305037854885852
411.27615431988403,0.5019486582974132,0.46506434160851096,0.02949219004275163,0.003494810051325043
411.47638613795607,0.5001210328754435,0.4649995130521309,0.03015772849792678,0.00472172557449957
411.67661795602805,0.5002297688298545,0.4653610874801925,0.029593841867985308,0.0048153018219690485
411.87684977410004,0.5010317448951921,0.46662975591005557,0.02890892197852763,0.0034295772162246615
412.077081592172,0.49876527043168484,0.46632175787954544,0.029865191803305907,0.005047779885465442
412.27731341024406,0.49948551100005095,0.46719858320197155,0.02908181111831384,0.004234094679664466
412.47754522831605,0.49980763023194913,0.4681792797850423,0.028539130682072714,0.0034739593009382908
412.67777704638803,0.4984597149415205,0.46841891681978265,0.028963504539421068,0.0041578636992718465
412.87800886446,0.4977560040732804,0.4685811352373958,0.02891302534595605,0.004749835343369487
413.07824068253205,0.498782084335829,0.4697179248057644,0.02792549087162932,0.0035744999867788063
413.27847250060404,0.4974874309269957,0.47001511995333656,0.028426387193537475,0.004071061926131671
413.478704318676,0.49621870312537636,0.46973724419665885,0.028664771284387932,0.00537928139357759
413.678936136748,0.4977269115944299,0.47120520464948823,0.027576628335381728,0.0034912554207011852
413.87916795482005,0.49622871538341334,0.4713923005662068,0.028192308593933832,0.004186675456447848
414.07939977289203,0.4956927320248031,0.471717168300679,0.02808612197903678,0.004503977695484674
414.279631590964,0.4962264908555986,0.47261272596758663,0.027407683640717908,0.0037530995360974353
414.479863409036,0.49565338237727863,0.4732478368551459,0.02746687276886583,0.003631907998711628
414.68009522710804,0.494112794686522,0.4731232932900632,0.027929313598252428,0.004834598425165096
414.88032704518,0.4949041438507451,0.4738855742662149,0.02705115282661539,0.004159129056424859
415.080558863252,0.4947079777418987,0.4747411236482807,0.027034679498955817,0.0035162191108661636
415.280790681324,0.49252014125832233,0.47420600700408755,0.02787036567741552,0.005403486060176132
415.48102249939603,0.4938754940548886,0.4754319244957485,0.02683437839443779,0.003858203054926772
415.681254317468,0.4934573735809725,0.4761471328113638,0.026863507505949166,0.0035319861017161606
415.88148613554,0.4920786765799077,0.47620473652317363,0.027271082018113468,0.0044455048788061636
416.081717953612,0.4921207710291822,0.4767024502040136,0.026869013866864896,0.004307764899938506
416.281949771684,0.4925260496967536,0.47770896642908517,0.026379895402083485,0.0033850884720777034
416.482181589756,0.49079903160211164,0.47766375226828744,0.02707501667797085,0.0044621994516296825
416.682413407828,0.49053355278937794,0.47774975679608817,0.026767049100825176,0.004949641313707616
416.8826452259,0.49142015501442243,0.4790670626167842,0.02616435729916988,0.0033484250696242572
417.082877043972,0.4892764033087622,0.4787813295302876,0.027126349090566115,0.004815918070384267
417.283108862044,0.4896735681132023,0.4794515382422839,0.0265565949823194,0.004318298662194572
417.483340680116,0.4900001980250921,0.4804070895857553,0.026134604678530564,0.003458107710622797
417.68357249818797,0.4887081641647302,0.4806353469158522,0.026615705808551975,0.004040783110864676
417.88380431626,0.4878562261978179,0.4806873585328427,0.026710914284536785,0.00474550098480477
418.084036134332,0.4887341656130792,0.48168055550711814,0.025906472649601265,0.0036788062302041367
418.284267952404,0.48761780255900744,0.48206317475217064,0.026429425662333726,0.0038895970264861365
418.48449977047596,0.48608645149814494,0.4815854565831634,0.026849117744087377,0.005478974174602567
418.684731588548,0.4875084024328614,0.48299679446338384,0.02590387245910627,0.0035909306446481903
418.88496340662,0.48618914846663275,0.48326340654810657,0.026529503429565247,0.004017941555695404
419.085195224692,0.48538255592334345,0.4834072539000731,0.026600162458804887,0.004610027717777408
419.28542704276396,0.4858065497819007,0.4842052527779278,0.026089094632021147,0.003899102808149362
419.485658860836,0.48532839006527984,0.48486487296784847,0.026203692462773404,0.0036030445041016447
419.685890678908,0.48374392214851725,0.4847034197892312,0.026771129681675186,0.004781528380577173
419.88612249697997,0.4842323487387251,0.48521420865946485,0.026120248902214545,0.004433193699596639
420.08635431505195,0.4841801360177673,0.48616340666253793,0.026144882315196658,0.0035115750044990668
420.286586133124,0.48194044007641756,0.48557337623345287,0.027090148346431753,0.005396035343699681
420.486817951196,0.48305328499736017,0.4866314823439381,0.026224600067855028,0.004090632590849125
420.68704976926796,0.48272806726825657,0.48739402719530345,0.026313625295671716,0.003564280240769937
420.88728158733994,0.481247882153928,0.48737319888819963,0.02685389230467811,0.00452502665319366
421.087513405412,0.4811293458787439,0.48775006564062384,0.02661352144693115,0.004507067033700458
421.28774522348397,0.4815240647566224,0.4887100541258005,0.026219872053356064,0.0035460090642206905
421.48797704155595,0.4798736168967724,0.48871304548600814,0.02699598877003629,0.004417348847183969
421.68820885962793,0.4792766023100131,0.48854294841550494,0.026909905048282765,0.005270544226200003
421.8884406777,0.48019567920678874,0.48988753950445396,0.026374014200748287,0.0035427670880077288
422.08867249577196,0.4781590731737159,0.4896660531609278,0.027402423157756126,0.004772450507599879
422.28890431384394,0.47824209717830746,0.49012497873185684,0.02701499704705055,0.004617927042787092
422.4891361319159,0.4785439349649063,0.49105080844392696,0.026701269068453395,0.003703987522713369
422.68936794998797,0.47729522937402646,0.4912971765389189,0.027272393585886765,0.004135200501168942
422.88959976805995,0.4763033323887199,0.49126646705865806,0.027513917465748515,0.004916283086873947
423.08983158613194,0.47701184779808053,0.49208563258004884,0.02685663381374199,0.004045885808129
423.2900634042039,0.47602602174089137,0.49257065400531397,0.027437196228833987,0.003966128024962249
423.49029522227596,0.47427981559143545,0.49194596392514045,0.02805166510841672,0.005722555375008127
423.69052704034794,0.4755888215211418,0.49326751942682934,0.02719689526794275,0.003946763784087943
423.89075885841993,0.474397554499006,0.4936304444623948,0.027873716431496477,0.004098284607103338
424.0909906764919,0.4733435620621621,0.4936214423785164,0.028131028312432096,0.004903967246889118
424.29122249456395,0.47365853892397325,0.4943277972663239,0.027749332036635127,0.004264331773067299
424.49145431263594,0.4732379949049033,0.4950121467205647,0.02792580786969715,0.0038240505048355304
424.6916861307079,0.47160444117452643,0.49484700228082495,0.02863223804326132,0.004916318501389741
424.8919179487799,0.4718044182192335,0.49510284253341336,0.028171014419383168,0.0049217248279713076
425.09214976685195,0.4718513981439848,0.4961421408712742,0.02822576057925308,0.0037807004054873864
425.29238158492393,0.4695763568742136,0.49555477842852524,0.029329149696935126,0.00553971500032548
425.4926134029959,0.4704395585901803,0.49642323642592623,0.028588588779883475,0.00454861620401083
425.6928452210679,0.47016733876020145,0.49723398310776457,0.02873340472522705,0.0038652734068064204
425.89307703913994,0.46859851001996344,0.4971770652602834,0.029436393572576738,0.004788031147177767
426.0933088572119,0.468324879494213,0.4974538070942706,0.029335236902953123,0.0048860765085635
426.2935406752839,0.4686805889101981,0.4983430410474921,0.029007138450991395,0.003969231591318337
426.4937724933559,0.4670820323641482,0.49842351718257727,0.029896748966833954,0.004597701486440284
426.69400431142793,0.46618794062322955,0.4980343711317422,0.03003158959072489,0.005746098654304792
426.8942361294999,0.46711429661647874,0.49938171545448806,0.029508423175139277,0.003995564753893379
427.0944679475719,0.465161396651213,0.49926202802439834,0.03064345185446981,0.004933123469918224
427.2946997656439,0.4649382265672947,0.499519439804173,0.030434831544377476,0.005107502084158166
427.4949315837159,0.4652077573104032,0.5004170686619079,0.030190079974312868,0.004185094053376574
427.6951634017879,0.46399042451586703,0.5007080698861155,0.030860944277640464,0.004440561320380048
427.8953952198599,0.462858490682997,0.5006262564664661,0.03126228367514505,0.005252969175390524
428.0956270379319,0.463393272288304,0.5012521046021723,0.03071201079753019,0.004642612311993036
428.2958588560039,0.46250703098885076,0.501854198428419,0.03134315652082058,0.004295614061908573
428.4960906740759,0.4605750328307864,0.5011437847342414,0.032190392714900505,0.006090789720073036
428.6963224921479,0.46175984957813576,0.5023453224833918,0.03136647419403519,0.004528353744437364
428.89655431021987,0.4606607688180523,0.5028183769932042,0.032093895488854426,0.0044269586998905595
429.0967861282919,0.4593758079151793,0.5026961713080256,0.03256784974233501,0.005360171034461923
429.2970179463639,0.45958730241858725,0.5033236628927364,0.03227521302277416,0.004813821665902034
429.4972497644359,0.4592034732759164,0.5040284173302786,0.03248502058045587,0.00428308881334967
429.69748158250786,0.4575120386633674,0.5038945084866304,0.03335875353585566,0.005234699314147251
429.8977134005799,0.4574381333637414,0.5039095439059256,0.033074353863434186,0.00557796886689817
430.0979452186519,0.4575661044521453,0.5050310508574287,0.03310447197975571,0.004298372710669923
430.29817703672387,0.45525956760013947,0.504502102295696,0.03440596631275167,0.005832363791416208
430.49840885479585,0.4558672259950949,0.5051700808639269,0.03376923139111464,0.005193461749862867
430.6986406728679,0.45563347522331654,0.5060319919725496,0.03392967878543316,0.0044048540187040745
430.8988724909399,0.4539858941166721,0.505983372218501,0.03481485593538422,0.0052158777294436885
431.09910430901186,0.4535567498575097,0.5061854720424536,0.03484309040968169,0.005414687690356329
431.29933612708385,0.453863700062873,0.5069830114589486,0.034534366524664906,0.004618921953513806
431.4995679451559,0.45230174635253045,0.5071694510123044,0.03553731453477448,0.004991488100390904
431.6997997632279,0.4511327416284161,0.5066119834316754,0.03592108678104639,0.0063341881588606565
431.90003158129986,0.45206101754094785,0.5079355351883779,0.03533774012759419,0.004665707143080672
432.10026339937184,0.4501742865678675,0.5079498668128618,0.03658172593243231,0.005294120686837548
432.3004952174439,0.4496473288462992,0.5080293551110574,0.03657870079824663,0.0057446152443966034
432.50072703551587,0.44989147770971927,0.5089053991077389,0.036349902339097455,0.0048532208434458575
432.70095885358785,0.4487026762956684,0.5092622932688686,0.037096684904562735,0.004938345530898839
432.90119067165983,0.44742633783759844,0.5091632992056282,0.03767726366871669,0.0057330992880567505
433.1014224897319,0.4477888579125612,0.509589761867081,0.03720815692239081,0.00541322329796936
433.30165430780386,0.4469938052576322,0.5103198850495536,0.03783827056769063,0.004848039125123045
433.50188612587584,0.4448926026430844,0.5095881694320544,0.038959995121437836,0.006559232803423375
433.7021179439478,0.44594609514358374,0.5106446557928678,0.03812375179304116,0.005285497270507972
433.90234976201987,0.44492579452146175,0.5112394765331755,0.03885932122572672,0.004975407719636561
434.10258158009185,0.44342324804945477,0.5110516748848547,0.03958490004606361,0.005940177019625698
434.30281339816383,0.4435346277384601,0.5116176225218497,0.03934849346117639,0.0054992562785141745
434.5030452162358,0.4431839164347845,0.5123350237345994,0.03953691256861667,0.004944147261999442
434.70327703430786,0.44143027104870936,0.5122674602059822,0.04058744339005411,0.005714825355253603
434.90350885237984,0.4410900810740816,0.5120716574958644,0.04049606029562047,0.006342201134435578
435.1037406704518,0.4413034258978214,0.5132628595418913,0.04041778680738903,0.00501592775289907
435.3039724885238,0.4389687563730399,0.5128432337888402,0.04192729966053682,0.006260710177584804
435.50420430659585,0.4393085232235103,0.513311933416944,0.04140895919079937,0.0059705841687471665
435.70443612466784,0.43912059626046196,0.5142299753961336,0.04152118551072962,0.005128242832675522
435.9046679427398,0.43740924243547513,0.5142323042168327,0.042580940196073426,0.0057775131516186575
436.1048997608118,0.4368183578329906,0.5143877306919388,0.04274172212070839,0.006052189354361822
436.3051315788838,0.43707675460840867,0.5150784579880497,0.04240893297159232,0.005435854431947758
436.50536339695583,0.4355530409977558,0.515396824913054,0.04348509034632801,0.005565043742862727
436.7055952150278,0.43412131377738017,0.5147304892311213,0.04416030141739743,0.006987895574102222
436.9058270330998,0.43505473560069596,0.516003131286053,0.04344937655833928,0.005492756554912852
437.1060588511718,0.43323244302941133,0.516178233776245,0.04475992960103668,0.005829393593308916
437.3062906692438,0.43239943982121387,0.516115197372649,0.04501072939940318,0.006474633406733766
437.5065224873158,0.43263061182003126,0.5169794527383269,0.04474479179758039,0.005645143644063386
437.7067543053878,0.4314814027538043,0.5174171204988531,0.04550997614971786,0.005591500597623971
437.9069861234598,0.4300574456750358,0.517335551498517,0.046285728479441235,0.006321274347006433
438.1072179415318,0.43024587673830206,0.5175701681937221,0.045897429728149454,0.006286525339826963
438.3074497596038,0.4295562528305824,0.5184340888162249,0.04643856299576359,0.00557109535742956
438.5076815776758,0.4272996986097684,0.5177439429397631,0.04785784634982082,0.0070985121006470996
438.70791339574777,0.4282080945818163,0.518637391700429,0.04700119241542792,0.0061533213023271275
438.9081452138198,0.42727654411551685,0.519363972919247,0.047669877958742043,0.0056896050064963255
439.1083770318918,0.4255736962977728,0.5191620904235521,0.04866755556764165,0.00659665771103197
439.3086088499638,0.4255816294289614,0.5196856864754615,0.04846908137759588,0.006263602717982674
439.50884066803576,0.425273269966431,0.5204062457567741,0.04857144223823491,0.0057490420385600755
439.7090724861078,0.4234646914496172,0.5204388282959275,0.049778874802128795,0.006317605452327913
439.9093043041798,0.42285762342248523,0.5200746683563728,0.049918919687568813,0.007148788533574002
440.10953612225177,0.4231741476899863,0.5213182956122945,0.04964156269669521,0.005865994001025617
440.30976794032375,0.42082492371240887,0.5210520662605093,0.05132566657125253,0.006797343455829271
440.5099997583958,0.4208752680453034,0.5213345280885933,0.05097573417709476,0.006814469689008927
440.7102315764678,0.4207546185292582,0.5223147471265311,0.05096767451918632,0.005962959825025153
440.91046339453976,0.4190058278294354,0.5224058783629035,0.052157514412914906,0.0064307793947457
441.11069521261174,0.41824382254176656,0.5225429412813531,0.052463759356995904,0.006749476819883077
441.3109270306838,0.41845422134682364,0.5231192624862138,0.052082431464420896,0.006344084702540998
441.51115884875577,0.4169908233069899,0.5235912568333597,0.05315266095057912,0.006265258909071328
441.71139066682775,0.4153054843300036,0.5228791505029726,0.05415630603030428,0.007659059136719633
441.91162248489974,0.4162433157192763,0.524074523771965,0.053279005790130354,0.006403154718627526
442.1118543029718,0.41450405558091474,0.524431779719502,0.05457320604158705,0.006490958657996144
442.31208612104376,0.41336398013224596,0.5242703155677944,0.05512957075970031,0.007236133540257126
442.51231793911575,0.41359139103548115,0.525133368624599,0.05478541850698172,0.006489821832939123
442.71254975718773,0.4125064093182592,0.525660254586609,0.055487522723631784,0.006345813371499812
442.91278157525977,0.41093838344408956,0.52562991017856,0.056460562033886316,0.006971144343464805
443.11301339333176,0.41094312372824465,0.5256926194015533,0.05617946136598744,0.007184795504214203
443.31324521140374,0.41039041703516843,0.5266895671163424,0.05652445882596192,0.006395557022529942
443.5134770294757,0.40799988118599473,0.5260986560266956,0.05822778291084952,0.007673679876460632
443.71370884754776,0.40873562936328595,0.5268191415856616,0.05738628313333289,0.007058945917718787
443.91394066561975,0.40792154725559493,0.5276856442554907,0.057895865965293045,0.006496942523620603
444.11417248369173,0.4060468696867735,0.5275209787200729,0.059153927956644675,0.007278223636508628
444.3144043017637,0.4059400031167979,0.5280207512508334,0.05899310840110442,0.0070461372312651625
444.51463611983576,0.4056879353833427,0.5287350626627323,0.05895317981411902,0.006623822139806117
444.71486793790774,0.4038481711837336,0.5288988030643226,0.06026260855616049,0.0069904171957858524
444.9150997559797,0.40296923597886436,0.5284170965074231,0.060679811573908164,0.007933855939802949
445.1153315740517,0.40340818905654385,0.5296911354219731,0.06013028384651552,0.00677039167496625
445.31556339212375,0.4010750721053865,0.5296144942181114,0.06190986603389811,0.0074005676426053746
445.51579521019573,0.40080864283019435,0.5297342333439811,0.06180152038150088,0.007655603444322483
445.7160270282677,0.40078059713362046,0.5307820729517886,0.061608358098944736,0.0068289718156441
445.9162588463397,0.39903446525393993,0.530992833061287,0.06284724067765257,0.00712546100711946
446.11649066441174,0.3980930731510455,0.5311383696721307,0.06331523826328939,0.007453318913536249
446.3167224824837,0.39824908154587146,0.5316008223581493,0.0628887178778856,0.007261378218092729
446.5169543005557,0.3968870370015359,0.5322422580162697,0.06384457527855919,0.007026129703637679
446.7171861186277,0.394962861701896,0.5315466244069182,0.06518859186896678,0.008301922022219844
446.91741793669974,0.3958897251725074,0.5326401455487737,0.0641508070868582,0.007319322191861925
447.1176497547717,0.3942713449825658,0.533195533691024,0.0653184943058801,0.007214627020528941
447.3178815728437,0.39283310306715324,0.5329847175606734,0.06621392747400497,0.00796825189817017
447.5181133909157,0.39305616244783614,0.5338555052588428,0.0657714429183467,0.007316889374975231
447.7183452089877,0.3920684393434074,0.5344741972418526,0.06632179656617904,0.0071355668485614445
447.9185770270597,0.39037153392268825,0.5345267088985062,0.06747131567365768,0.00763044150514868
448.1188088451317,0.39017586732928444,0.5344473581234072,0.06734243658340203,0.008034337963907207
448.3190406632037,0.38979915620445127,0.5355690465818072,0.06738758174281906,0.0072442154709227435
448.5192724812757,0.38731137417082956,0.5351275137108334,0.06931588746685652,0.008245224651482015
448.7195042993477,0.38783200578783134,0.5356733079383933,0.06856471193182469,0.007929974341950157
448.9197361174197,0.38717420566372446,0.5366850528788438,0.06882371535865314,0.007317026098780357
449.1199679354917,0.3851722498572129,0.5366049661981902,0.07028820042040637,0.007934583524191375
449.3201997535637,0.38493291431630927,0.5370967960816985,0.07018210900764799,0.007788180594343459
449.5204315716357,0.38474688623563535,0.5377969687424998,0.06996726130426097,0.007488883717603416
449.7206633897077,0.38291768798366466,0.5381186042255612,0.0712902189630109,0.007673488827763271
449.92089520777967,0.3817643022474593,0.5375740463881278,0.07201962412107586,0.008642027243337742
450.1211270258517,0.38233422826965185,0.5388520726484958,0.07116380521427387,0.0076498938675798305
450.3213588439237,0.38006659790189345,0.5389930905561957,0.07292264093159606,0.008017670610315225
450.5215906619957,0.37945888029003116,0.5389819168011026,0.07313119922438281,0.008428003684487373
450.72182248006766,0.3795422563780439,0.5401000361661776,0.07270860192950096,0.00764910552627637
450.9220542981397,0.37785053241704075,0.5404528123063256,0.07388985161128267,0.007806803665354525
451.1222861162117,0.37672741663310144,0.5406309299306213,0.07453067893562,0.008110974500658744
451.32251793428367,0.3768127399110702,0.5409876602493958,0.0740897292582187,0.00810987058131675
451.52274975235565,0.37560564258013385,0.5418070114057724,0.07481079199284148,0.007776554021251958
451.7229815704277,0.3734709756548416,0.5411856523964581,0.07646834672154,0.008875025227158839
451.9232133884997,0.3743507865809555,0.5421553348001811,0.07532565260825586,0.008168226010608978
452.12344520657166,0.3729045470295426,0.5429192032561773,0.07624833575378172,0.007927913960497484
452.32367702464364,0.37119522989660825,0.5427093809596536,0.07747905407902586,0.008616335064712651
452.5239088427157,0.371400256179383,0.5435930371363331,0.07694385803986205,0.008062848644423314
452.72414066078767,0.3705430280217124,0.5443010734674198,0.07726568674909683,0.007890211761771166
452.92437247885965,0.3687475107021969,0.5444647480868202,0.07854245562950116,0.008245285581482345
453.12460429693164,0.36833226681384784,0.5442798188858626,0.07861521603504726,0.008772698265241179
453.3248361150037,0.3681663275132973,0.5455099193682715,0.07828372181563623,0.008040031302797148
453.52506793307566,0.36563676501118125,0.545259219668779,0.08033428847779628,0.008769726842243966
453.72529975114765,0.36589052731352334,0.5456363238051837,0.07977246994884056,0.008700678932456955
453.92553156921963,0.36542729097344023,0.5467942383410432,0.07970732396600187,0.008071146719514432
454.12576338729167,0.36335945891779586,0.5468392618733563,0.08128295865719821,0.008518320551651535
454.32599520536365,0.3629675064225635,0.5473351567955534,0.08126103673632248,0.008436300045560828
454.52622702343564,0.36284645877261246,0.5480155396420106,0.0808702443072774,0.0082677572780988
454.7264588415076,0.36108517891439096,0.5485159942656391,0.08209390685844024,0.008304919961530583
454.92669065957966,0.3596647399225964,0.547962976470293,0.08314397490260722,0.009228308704504088
455.12692247765165,0.3603537013348909,0.5492148542607909,0.08199981218393398,0.008431632220383614
455.32715429572363,0.3582159597870168,0.5495936676026831,0.08360134681876907,0.008589025791531604
455.5273861137956,0.35725641190954704,0.5494891685081027,0.08418035117117667,0.009074068411174502
455.72761793186766,0.3574553024368295,0.5506751596298806,0.08351386144456688,0.008355676488724265
455.92784974993964,0.35587541169470205,0.5511832746586253,0.08452358294474735,0.008417730701926583
456.1280815680116,0.3545786561732012,0.5514147366021243,0.08533386572193122,0.008672741502744543
456.3283133860836,0.3545687483538666,0.5516800371740077,0.08492807771724872,0.008823136754877756
456.52854520415565,0.35357271611322383,0.5526770384226498,0.08530363791304173,0.00844660755108527
456.72877702222763,0.3512744460037534,0.5521806619608843,0.08720438331677455,0.009340508718588561
456.9290088402996,0.35205072417130906,0.5530078835703371,0.0860544765326626,0.008886915725690578
457.1292406583716,0.3508321746836083,0.5539844811383102,0.08662537487461741,0.008557969303464264
457.32947247644364,0.34890175477586777,0.553824016847843,0.08813961132595086,0.009134617050340589
457.5297042945156,0.3490624836275103,0.5547202588626738,0.08754289927288177,0.00867435823693711
457.7299361125876,0.3483607040913956,0.5555109092699575,0.08758724560581689,0.008541141032827809
457.9301679306596,0.34651316393241677,0.5558097976525578,0.0889134793098843,0.008763559105141816
458.13039974873163,0.34586340843198304,0.5555589105971039,0.08922588886636078,0.00935179210455277
458.3306315668036,0.3459271097941024,0.5568728036562907,0.08848677120268758,0.00871331534691947
458.5308633848756,0.34342811966625975,0.5568451870443162,0.09052482194318254,0.00920187134624099
458.7310952029476,0.3433650137615657,0.5570665520910069,0.09025188375922288,0.009316550388204906
458.9313270210196,0.3431236515063722,0.5583654267939697,0.08982036228412334,0.008690559415536384
459.1315588390916,0.3410643868549019,0.5585673380119807,0.09138234844120718,0.008985926691912349
459.3317906571636,0.3405021034251728,0.5590749711716634,0.09147765195426172,0.008945273448902806
459.5320224752356,0.34043177347246156,0.5597321331934679,0.09094069685428799,0.008895396479783657
459.7322542933076,0.3388051154844466,0.560424942880493,0.09194352985623828,0.00882641177882326
459.9324861113796,0.33714135979640847,0.5599140588540277,0.09328637701045189,0.009658204339111796
460.1327179294516,0.3379117671626321,0.5611068878177569,0.09192521258478595,0.00905613243482466
460.33294974752357,0.3359754775317525,0.5617358163935415,0.09323323449659296,0.009055471578112139
460.5331815655956,0.3346772994172626,0.5615788390218684,0.0941944069927134,0.00954945456815701
460.7334133836676,0.3349767634682733,0.5628233365678688,0.09330361784809686,0.008896282115762464
460.9336452017396,0.3335634923953086,0.5634911137832813,0.09404129880397086,0.00890409501743904
461.13387701981156,0.3321151042286114,0.5637932768036814,0.09499559629474635,0.009096022672961591
461.3341088378836,0.33198209590483085,0.5639855493519067,0.09467988120406602,0.00935247353919386
461.5343406559556,0.33124437393233996,0.5651498640451782,0.09463033023845147,0.008975431784029587
461.7345724740276,0.32884872159690803,0.5648203491797302,0.09666539664578741,0.00966553257757543
461.93480429209956,0.3294516203906563,0.565490609818936,0.09562958108896881,0.009428188701438914
462.13503611017154,0.3285100335537448,0.5666772836223424,0.09577088431833736,0.009041798505575748
462.3352679282436,0.3264307034244227,0.5666099120564577,0.09746994941029127,0.00948943510882889
462.53549974631557,0.3265121311690159,0.5675122446930188,0.09686307986569466,0.009112544272270418
462.73573156438755,0.32597627494275405,0.5683751971324551,0.09661746723685131,0.009031060687942573
462.93596338245953,0.32413786543999573,0.5688283571046934,0.09789315004650614,0.009140627408805205
463.1361952005316,0.32324957563230605,0.5685510604377849,0.09845896012860587,0.009740403801303484
463.33642701860356,0.3235371026725036,0.5699158579888904,0.09733680048377091,0.009210238854835922
463.53665883667554,0.3211515936828251,0.5701341760765927,0.09921396867540229,0.009500261565181065
463.7368906547475,0.3207366232240478,0.5702188067035683,0.09930504581193532,0.009739524260449932
463.93712247281957,0.32072522556280286,0.5716457049505911,0.09850417354114421,0.009124895945460664
464.13735429089155,0.31875438300889225,0.5720264677333964,0.09991790901101597,0.009301240246696318
464.33758610896354,0.31801162279472783,0.5725494863118142,0.10015637106790376,0.009282519825554733
464.5378179270355,0.3179664858719338,0.5731816905932092,0.09952549662384054,0.009326326911017278
464.73804974510756,0.3165413860954614,0.5740715497961977,0.10019670870258564,0.009190355405756212
464.93828156317954,0.31467787337598957,0.5736471000812281,0.10176665182106186,0.00990837472172161
465.1385133812515,0.3154675329475681,0.5747464417354425,0.10030233204163944,0.00948369327535018
465.3387451993235,0.31380138432430765,0.5756297858726767,0.1012015482822591,0.009367281520757543
465.53897701739555,0.3122066244864112,0.5754620863180856,0.10250429668052174,0.009826992514983788
465.73920883546754,0.31257292780858265,0.5767477235554768,0.10144121679512254,0.009238131840816045
465.9394406535395,0.31136984715965044,0.5775710471062093,0.1018373071847913,0.00922179854934685
466.1396724716115,0.30980758014398196,0.5779581783951127,0.1028847612326784,0.009349480228226367
466.33990428968355,0.3095264566131557,0.5780977345660323,0.10270534886695544,0.00967045995385728
466.54013610775553,0.3090751597440841,0.579407986410322,0.10219879014556,0.009318063700034546
466.7403679258275,0.30666397436999787,0.5792775661247097,0.1042340714562741,0.009824388049016608
466.9405997438995,0.3070226189980879,0.5797813125137934,0.10343240557946473,0.00976366290865524
467.14083156197154,0.30639101318499673,0.5811674190073223,0.10310745960585806,0.009334108201822768
467.3410633800435,0.3042512615483773,0.5812301525914454,0.10485861003657024,0.00965997582360655
467.5412951981155,0.3042156768643946,0.5821261519359944,0.10430323066894073,0.009354940530671369
467.7415270161875,0.30383940764535716,0.5830481337449054,0.1037917485232532,0.009320710086484966
467.94175883425953,0.3020806511007954,0.5836689882146948,0.10490715517658591,0.009343205507923988
468.1419906523315,0.30096570811337553,0.5834021226736262,0.10570910858451543,0.009923060628482883
468.3422224704035,0.30144261075883383,0.5847772571003012,0.1042826774788728,0.009497454661992649
468.5424542884755,0.2992549456943877,0.5852550144738329,0.10585834399244073,0.009631695839338842
468.7426861065475,0.2984796086964882,0.5852270761503017,0.10634425897041885,0.009949056182792043
468.9429179246195,0.2986825766541656,0.586760164244194,0.10521205766307046,0.009345201438569976
469.1431497426915,0.2968757238860025,0.5873314610928264,0.10635569827578563,0.009437116745386422
469.3433815607635,0.2959545757715963,0.5878705302406293,0.10674600845116104,0.009428885536613247
469.5436133788355,0.2959027373136428,0.588476982181381,0.10608336847624558,0.009536912028732204
469.7438451969075,0.2947360941004091,0.5895585354921284,0.10634226574493463,0.009363104662529285
469.9440770149795,0.2927356830607906,0.5892570444430488,0.10804241638452394,0.009964856111636536
470.14430883305147,0.29346543281933274,0.5902286270438312,0.10661096328979655,0.009694976847039976
470.3445406511235,0.2921252058783725,0.5913621578918976,0.107023834404318,0.009488801825408906
470.5447724691955,0.2903036878838766,0.5912242714253206,0.10857699436829145,0.009895046322511663
470.7450042872675,0.2906885481797187,0.5925257102825694,0.10741876942922095,0.009366972108490074
470.94523610533946,0.2897213832803982,0.5934928142433725,0.10744508219459668,0.00934072028163169
471.1454679234115,0.2880980875113115,0.5939765334830232,0.10851195669303448,0.009413422312633141
471.3456997414835,0.2876523557209133,0.5940835226897394,0.10849571974203413,0.009768401847310832
471.54593155955547,0.28748938368158083,0.595507028625494,0.10755589762662328,0.009447690066302302
471.74616337762745,0.2851526352468855,0.5955982552658042,0.10945014097893273,0.009798968508377274
471.9463951956995,0.28520965993849945,0.5959318484089379,0.10897651580261877,0.009881975849944057
472.1466270137715,0.2848974040985158,0.5974975556679294,0.1081953772602119,0.009409662973343483
472.34685883184346,0.28279246567182553,0.5977190331174587,0.1098528401298529,0.009635661080864595
472.54709064991545,0.2826063028650263,0.5985917612380888,0.10940825335788412,0.009393682539001509
472.7473224679875,0.28236815013529515,0.5995570824416868,0.10868396799099933,0.00939079943201619
472.94755428605947,0.2807607453997382,0.6003526380430427,0.10953600658406797,0.009350609973152227
473.14778610413146,0.27944916404318376,0.6001283314903504,0.11052620314462316,0.009896301321842967
473.34801792220344,0.28005469195376764,0.6014672603030061,0.10891571730365299,0.009562330439571543
473.5482497402755,0.27814073440501136,0.6022087643380792,0.11007662011046013,0.009573881146449335
473.74848155834746,0.27702936025286334,0.602096714112603,0.1109338917681554,0.009940033866378187
473.94871337641945,0.2774075637137331,0.6037046922339822,0.10954474756007565,0.009342996492209548
474.14894519449143,0.2758265079894864,0.604467799547919,0.1103286755867009,0.00937701687589437
474.3491770125635,0.2747446589224079,0.605022116881439,0.11085552902973164,0.009377695166421101
474.54940883063546,0.27465373635502116,0.6056021728464415,0.11022014744156144,0.009523943356976736
474.74964064870744,0.2737830476862146,0.6068590581841196,0.11003071832223421,0.009327175807434826
474.9498724667794,0.2717231961889291,0.6067085894299633,0.11174553039065624,0.009822683990452141
475.15010428485147,0.27230965544868235,0.607520614763072,0.11048023170532573,0.009689498082920734
475.35033610292345,0.2713299975882624,0.6088908904024053,0.11037711351411167,0.009401998495220519
475.55056792099543,0.2693725162914106,0.6088202352869636,0.11205221119575275,0.009755037225873392
475.7507997390674,0.26972006380408786,0.6101053026116605,0.11088904400081223,0.009285589583439094
475.95103155713946,0.2689937042406945,0.6111976367966591,0.11055996448045523,0.009248694482190083
476.15126337521144,0.26737359840431263,0.6117871528484675,0.1115582220115378,0.009281026735679461
476.3514951932834,0.2667593717407781,0.611879800518112,0.1117075165920052,0.009653311149104903
476.5517270113554,0.266857766910581,0.6133732241100126,0.11041084318063502,0.009358165798771724
476.75195882942745,0.26468382687547193,0.6136994130709895,0.11203463527722923,0.009582124776309209
476.95219064749944,0.2644080128425128,0.6138661477536219,0.11193795659045595,0.009787882813408269
477.1524224655714,0.2643975213076747,0.6155814339249948,0.11075572895686274,0.009265315810468654
477.3526542836434,0.26241844373242734,0.6159807051862937,0.11218445217982322,0.009416398901456268
477.55288610171544,0.26205878212638745,0.6168110515419866,0.11189490768600607,0.009235258645621015
477.7531179197874,0.2619267010102234,0.6178020873085481,0.11102744241592388,0.009243769265304898
477.9533497378594,0.2605338515964888,0.6187718359758985,0.11153642877598623,0.00915788365162513
478.1535815559314,0.2590728094386456,0.6186161205076233,0.11264307012234914,0.009667999931381935
478.35381337400344,0.25972730293216634,0.619868731991214,0.1109898844063981,0.0094140806702221
478.5540451920754,0.2581457386100209,0.620869489582504,0.11166427924926396,0.009320492558212243
478.7542770101474,0.25675494654906067,0.6207051733193174,0.11281742500877472,0.009722455122846698
478.9545088282194,0.2572503235018333,0.622347526951125,0.11127175884230153,0.00913039070473968
479.15474064629143,0.2559360098160857,0.6232935636512826,0.11165078133927656,0.009119645193355865
479.3549724643634,0.254728240837664,0.6238627706538253,0.11227335967554822,0.009135628832963929
479.5552042824354,0.254570599456075,0.6244152710210388,0.11171091020018682,0.00930321932269978
479.7554361005074,0.2540074633098388,0.6258195091338146,0.11108845746695739,0.009084570089388126
479.9556679185794,0.25197234978074945,0.6258395561532949,0.11269956209653975,0.009488531969416972
480.1558997366514,0.25234261795021184,0.6264655133292018,0.11170733119645299,0.009484537524133746
480.3561315547234,0.2517318739609762,0.6280492795738466,0.11110907487241209,0.00910977159276478
480.5563633727954,0.24973946901900226,0.6280785369980024,0.11276171402693294,0.009420279956063893
480.7565951908674,0.24999445756644692,0.629310426479131,0.11168219832949991,0.009012917624923376
480.9568270089394,0.24949410374596154,0.6305036688588048,0.11104790905927076,0.008954318335963727
481.1570588270114,0.2479460660266186,0.6312055849888609,0.11188858283662843,0.00895976614789241
481.35729064508337,0.2471740503179899,0.6312989291963966,0.11218202902268662,0.009344991462927672
481.5575224631554,0.24748035390342782,0.6328099850501435,0.11064466572004347,0.009064995326385503
481.7577542812274,0.24554614674563735,0.6333758125393762,0.11189723719348246,0.00918080352150464
481.9579860992994,0.24494000615930084,0.6333870134050149,0.11217257247455478,0.00950040796113149
482.15821791737136,0.2451880798071882,0.6352113100543602,0.1106815112094012,0.0089190989290526
482.3584497354434,0.24341152420707585,0.6357972107699951,0.11177815676791186,0.009013108255018398
482.5586815535154,0.2428712838971956,0.6365668049226955,0.11166325433446361,0.008898656845647604
482.75891337158737,0.24280834494744397,0.6375645061732708,0.11072558859396972,0.008901560285314766
482.95914518965935,0.24167580081572684,0.6386991075818922,0.1108489883874803,0.008776103214901704
483.1593770077314,0.2401256091292815,0.6386312415642211,0.11198738954218303,0.009255759764312775
483.3596088258034,0.24074273292067425,0.6397475652046469,0.11042977680374633,0.009079925070933373
483.55984064387536,0.23952806426809908,0.6409941613621153,0.1105955636580157,0.008882210711770028
483.76007246194735,0.23793973769963833,0.6408116777526455,0.11193064443812624,0.009317940109590445
483.9603042800194,0.23848315764918981,0.6424400905589227,0.11034081257593584,0.008735939215951744
484.16053609809137,0.2374523477487041,0.6435508481934722,0.11031729282136206,0.008679511236461806
484.36076791616335,0.23616833765598155,0.6441362666430597,0.11097487291270598,0.008720522788254938
484.56099973423534,0.2359247972318053,0.6446591062098366,0.11051227586168991,0.008903820696668573
484.7612315523074,0.2356526703829513,0.6461711355140238,0.10952084068366234,0.008655353419362119
484.96146337037936,0.23372393653052578,0.6463729792626216,0.11092297902590127,0.008980105180951764
485.16169518845135,0.23382843873526443,0.646794576095097,0.1102673529071745,0.009109632262464328
485.36192700652333,0.23356723718312147,0.6485584272282221,0.1092407455142912,0.008633590074367058
485.5621588245954,0.23163893423979212,0.6487141287504777,0.11073460152365353,0.008912335486079148
485.76239064266736,0.23175486214719426,0.6498545766000058,0.1098115290541698,0.008579032198629651
485.96262246073934,0.23145044213207744,0.6511199190436535,0.10894613146960562,0.008483507354663892
486.1628542788113,0.23003940036241613,0.6519375093115349,0.1095543845550827,0.00846870577096732
486.36308609688336,0.2291345459551127,0.6520427433714798,0.10995234949689763,0.008870361176511514
486.56331791495535,0.2295759400667178,0.6535129981098585,0.10831053107243845,0.008600530750984789
486.76354973302733,0.22793888083685251,0.6543150377715926,0.1091315048825236,0.008614576509031038
486.9637815510993,0.22703855785832996,0.6541901345040787,0.10972369063883047,0.009047616998760877
487.1640133691713,0.22748184679553785,0.6560729721609254,0.10804041081480603,0.008404770228729857
487.36424518724334,0.22596233015334652,0.6568441280714928,0.10874686711217273,0.008446674662988825
487.5644770053153,0.2252532162267046,0.6575383591278449,0.10879753954360677,0.008410885101845152
487.7647088233873,0.22522285847255513,0.6585228329136265,0.10785513567319627,0.00839917294062269
487.9649406414593,0.22437272347296391,0.6598029391892305,0.10759473210440887,0.008229605233396496
488.16517245953133,0.22280042219813823,0.6598355104941794,0.1086797645306229,0.008684302777059883
488.3654042776033,0.22330068229204383,0.6607698187007369,0.10733119590673648,0.008598303100482676
488.5656360956753,0.22246008372783518,0.6622399784915832,0.10701564851689795,0.008284289263683619
488.7658679137473,0.22076997357297878,0.6620740294612163,0.10840111748355263,0.008754879482252054
488.9660997318193,0.2212906210235178,0.663635135757754,0.10687574995066942,0.008198493268058521
489.1663315498913,0.22053667190630394,0.6648845225591531,0.10649384172512677,0.00808496380941611
489.3665633679633,0.21923608108191925,0.6654901501271758,0.10711587936886582,0.008157889422041072
489.5667951860353,0.21889787244515144,0.6659800436366304,0.10676086497796386,0.008361218940256519
489.7670270041073,0.2188745630492078,0.667549756435323,0.10550181972700504,0.00807386078846407
489.9672588221793,0.21712261203523797,0.66793722585812,0.10661576485924665,0.00832439724739569
490.1674906402513,0.21694295339467712,0.6681468788675778,0.10630985878087913,0.008600308956865756
490.36772245832327,0.216986687082533,0.670047236169654,0.10495677501049919,0.008009301737314367
490.5679542763953,0.21520808658069718,0.670348408324641,0.10618441867643312,0.008259086418228829
490.7681860944673,0.21515400378281233,0.6713615765545469,0.10546404161459351,0.00802037804804684
490.9684179125393,0.2150061698549178,0.6726672843062391,0.10445174365821544,0.007874802180629158
491.16864973061126,0.2137844352186235,0.6735993070703157,0.10477974230913603,0.007836515401924897
491.3688815486833,0.21278325768893494,0.6737236904413412,0.10523250920826246,0.008260542661463229
491.5691133667553,0.21327829614967006,0.6750924008036994,0.10362045937926496,0.008008843667365985
491.7693451848273,0.2119712575510176,0.6761194910245948,0.10399483235485435,0.007914419069534813
491.96957700289926,0.21084050644146438,0.6758856206961211,0.10481145096130247,0.008462421901112849
492.1698088209713,0.211403765420003,0.6777684057835309,0.10306103288057684,0.0077667959158906515
492.3700406390433,0.21016956184042968,0.6787137328842742,0.10336822826380716,0.007748477011489202
492.57027245711527,0.2093218535115689,0.6793243191104323,0.10354942456045738,0.007804402817541893
492.77050427518725,0.20929186567943323,0.6802754433073266,0.10265339057680739,0.007779300436432303
492.9707360932593,0.2087203996630414,0.6816711187863522,0.1020540646794018,0.0075544168712048596
493.1709679113313,0.20719216249967193,0.6818108197992964,0.10301165085766886,0.007985366843361355
493.37119972940326,0.20751499848577137,0.6825258371751471,0.10194566522576066,0.008013499113321632
493.57143154747524,0.2070285175645282,0.6841880677342485,0.10121852062296464,0.007564894078257853
493.7716633655473,0.20533337695214812,0.684071788285205,0.10252820785049081,0.008066626912155608
493.97189518361927,0.2057678875410482,0.6855111057014511,0.1011577073348153,0.007563299422687221
494.17212700169125,0.20526489441814272,0.686867017742487,0.10049129251803557,0.007376795321336062
494.37235881976324,0.20400949105702626,0.6874992942972328,0.10101072141246306,0.007480493233278108
494.5725906378353,0.20357857646440555,0.6879517153832692,0.10075530736552815,0.007714400786797715
494.77282245590726,0.20374291241528297,0.6895208522013293,0.09934989745841301,0.00738633792497429
494.97305427397924,0.2022202450920501,0.6900913742864616,0.100130754429035,0.007557626192454002
495.1732860920512,0.20177050735587396,0.6900937795857948,0.10014086482432243,0.007994848234009302
495.37351791012327,0.20205524190880184,0.6920773698409395,0.09858331430381456,0.007284073946444214
495.57374972819525,0.20048993633087342,0.6925343899198452,0.09947997627131973,0.007495697477962117
495.77398154626724,0.2002547974203291,0.6933909600592194,0.09897708580416445,0.007377156716287005
495.9742133643392,0.2002208205586436,0.6947040613569538,0.09789976144610074,0.007175356638302763
496.17444518241126,0.1992213386938601,0.6957432777487595,0.097934572810979,0.007100810746401111
496.37467700048325,0.19816734288418505,0.6958905128905347,0.09839129205085534,0.007550852174425303
496.57490881855523,0.1986380716500898,0.6970993471694091,0.09692169234162318,0.0073408888388800785
496.7751406366272,0.19766781628681718,0.6983328494160606,0.09687823893446872,0.007121095362654169
496.97537245469925,0.19638728698412872,0.6980232726671689,0.09780923385933592,0.007780206489367158
497.17560427277124,0.19699277831453482,0.6998421793101007,0.09610904103718211,0.007056001338183953
497.3758360908432,0.19604598423967715,0.7009418831434604,0.09605203748768072,0.006960095129181481
497.5760679089152,0.1951047611659856,0.7014684835950076,0.0963114670439256,0.0071152881950818725
497.77629972698725,0.19504983111934013,0.7023665448576676,0.09549616636965895,0.0070874576533330805
497.97653154505923,0.19472941448609488,0.7038376708839945,0.09463707599079622,0.006795838639115125
498.1767633631312,0.19330324949665215,0.7040864930296734,0.09541321590993289,0.007197041563739925
498.3769951812032,0.19341483798520848,0.7045571671514275,0.09465765888524133,0.007370335978124067
498.57722699927524,0.19323919152749708,0.7063705935236424,0.09361921789111685,0.006770997057744487
498.7774588173472,0.19162509289988677,0.7063332453300588,0.09475223357891675,0.0072894281911370755
498.9776906354192,0.19192502773004988,0.7075998394840205,0.0935982807382779,0.006876852047650575
499.1779224534912,0.19163392652927339,0.7090262922580208,0.09273649155398075,0.006603289658726539
499.37815427156323,0.19047886941971898,0.7096928374167896,0.09310258586117882,0.006725707302313742
499.5783860896352,0.1899668141651249,0.7101022113506599,0.09292877341517668,0.007002201069038713
499.7786179077072,0.19024807760216114,0.7116081619566388,0.09149887407947793,0.006644886361723028
499.9788497257792,0.18898545372026976,0.7123538374327527,0.0919389813469598,0.006721727500018789
500.1790815438512,0.1883072385094648,0.7121662972192493,0.09219693588479398,0.00732952838649273
500.3793133619232,0.1887580005354895,0.7141715152019008,0.09056084159431521,0.006509642668296287
500.5795451799952,0.18744304928411287,0.7147855593374064,0.09110909420986066,0.006662297168620031
500.7797769980672,0.18703673447494545,0.7154663408793238,0.09080881266927632,0.00668811197645351
500.9800088161392,0.18707525276724013,0.7167542554418712,0.08973707909226022,0.006433412698627976
501.1802406342112,0.1863082593468049,0.7178859862497204,0.08950182592634894,0.006303928477126265
501.3804724522832,0.18524639763164316,0.718057003179393,0.0899184888382379,0.006778110350724767
501.58070427035517,0.1856291530261936,0.7190551352607093,0.08866943874194598,0.0066462729711510545
501.7809360884272,0.18497802535771912,0.720469101955701,0.08827325656206601,0.006279616124513225
501.9811679064992,0.1836329771105133,0.7201208640423767,0.08921161049419132,0.007034548352918642
502.1813997245712,0.18420949191636113,0.7218107687921109,0.08765764805105632,0.0063220912404712065
502.38163154264316,0.18352986964481616,0.723037911068587,0.08730424996871403,0.0061279693178854545
502.5818633607152,0.18254823324973085,0.7234883892528886,0.08758460657497508,0.006378770922405697
502.7820951787872,0.18245121128929168,0.7243147381919027,0.08686878156128436,0.006365268957520634
502.9823269968592,0.18233584011262433,0.7258125975745262,0.08584904990680929,0.006002512406041705
503.18255881493116,0.18105594825167348,0.7261691319140191,0.08641505591437595,0.006359863919931717
503.3827906330032,0.18095117377347178,0.7263853440973591,0.08595585212130816,0.006707630007859268
503.5830224510752,0.18102632655683654,0.7283000737458019,0.0847220665255585,0.005951533171803002
503.78325426914716,0.17955994523255536,0.7283650155327369,0.08561546442631343,0.006459574808395723
503.98348608721915,0.17969662525093724,0.7294162970975935,0.08470648296045474,0.0061805946910144976
504.1837179052912,0.17957173274182553,0.7308755971552279,0.08373984402914897,0.005812826073799661
504.3839497233632,0.1785581141927469,0.7315830625595561,0.08392722163710382,0.0059316016105936745
504.58418154143516,0.17798373686566554,0.7319433067716525,0.08381306190473131,0.0062598944579502274
504.78441335950714,0.17831194877840678,0.7333238976230049,0.08246407696191524,0.00590007663667342
504.9846451775792,0.17731753044377294,0.7342322332424047,0.08259024336912718,0.005859992944695195
505.18487699565117,0.1764706133493983,0.7338835085221365,0.08301075791163227,0.0066351202168306945
505.38510881372315,0.1770105679082126,0.7358429503417336,0.08141069806356327,0.005735783686489701
505.58534063179513,0.1759563054360251,0.7366062691320103,0.08163604006689244,0.005801385365071151
505.7855724498672,0.17540699764170767,0.7371046463244307,0.08150146083825535,0.005986895195607568
505.98580426793916,0.17548130366250858,0.7383365440306883,0.08048972682704836,0.0056924254797580225
506.18603608601114,0.17493497827514662,0.7395376874020712,0.08003771520897689,0.00548961911380624
506.3862679040831,0.17390630015170844,0.7397317609423429,0.08038292718542872,0.005979011720522018
506.58649972215517,0.17415884309679025,0.7404805257724365,0.07939310467633623,0.005967526454438007
506.78673154022715,0.17378912837611632,0.742041766414677,0.07873362212652243,0.0054354830826835385
506.98696335829914,0.17245800476125203,0.7416927821769544,0.07959265640614108,0.006256556655652791
507.1871951763711,0.1729482316965168,0.743192032637265,0.0782505717622793,0.005609163903940851
507.38742699444316,0.17249959396218878,0.7445145800758816,0.07768658653025355,0.005299239431678512
507.58765881251514,0.17153039963960953,0.7449037938141136,0.07793793768231415,0.005627868863963599
507.7878906305871,0.1713824199628381,0.745641502261991,0.07732784051823734,0.005648237256932869
507.9881224486591,0.1714155712616193,0.7471115384213647,0.07625006720706268,0.00522282310995372
508.18835426673115,0.17030918211887983,0.7475720750655672,0.07660372944629401,0.0055150133692593774
508.38858608480314,0.17000800893627674,0.747539711412402,0.07639600922515546,0.006056270426166488
508.5888179028751,0.1702652703197323,0.7494979884813733,0.0750827950213724,0.005153946177522862
508.7890497209471,0.16898899555100824,0.7496812083323467,0.07571551048569634,0.00561428563095189
508.98928153901915,0.16895508440026388,0.7504872136654028,0.07504865827328858,0.005509043661045428
509.18951335709113,0.16894988996268862,0.7519419273224542,0.0740581541026987,0.00505002861215718
509.3897451751631,0.16810028197336957,0.7526934622881852,0.0740700037585601,0.005136251979885872
509.5899769932351,0.16748644607163687,0.752998898929935,0.07399485951712736,0.00551979548130201
509.79020881130714,0.16780147935132034,0.7541975223163679,0.07280394935155961,0.005197048980751447
509.9904406293791,0.16706270900001308,0.755251632232856,0.0726702259193766,0.0050154328477568545
510.1906724474511,0.16611397512150913,0.7547793526345826,0.07316894146472891,0.005937730779178785
510.3909042655231,0.16667288062827434,0.756623581614009,0.07169614583107287,0.0050073919266437235
510.59113608359513,0.16586644502414083,0.7575206402887392,0.07165609277180356,0.0049568219153164
510.7913679016671,0.16521484186659272,0.75784341918868,0.07163960881685204,0.005302130127874481
510.9915997197391,0.165294858283119,0.7589912192839718,0.07072478331097576,0.004989139121935263
511.1918315378111,0.16493957423363229,0.7602302541608008,0.07012861508574632,0.004701556519822035
511.3920633558831,0.16397702370044742,0.7604463232347123,0.07038686332584837,0.005189789738994091
511.5922951739551,0.16408081993779428,0.7609226840065555,0.06965866076980431,0.005337835285845703
511.7925269920271,0.1639409841717797,0.7625908753641286,0.06883570372466855,0.004632436739425755
511.9927588100991,0.16268669102154018,0.7622768218204791,0.06956006209622789,0.005476425061751779
512.1929906281711,0.1630519518001038,0.7635323934296393,0.06846218368107142,0.004953471089186264
512.393222446243,0.16278943284231157,0.7649155366073397,0.06777699669172634,0.004518033858623217
512.5934542643151,0.1618774981498231,0.7652629011076737,0.06796643077212426,0.004893169970381289
512.7936860823871,0.16167709286323448,0.765897454725587,0.06745982172199264,0.004965630689185723
512.9939179004591,0.16180043201389632,0.7672831017611981,0.06641537483623923,0.004501091388667014
513.1941497185311,0.16087725785873666,0.7678423440339387,0.06657852349022605,0.004701874617100399
513.3943815366031,0.16041722733387526,0.7675825156332016,0.06656154593938264,0.00543871109353946
513.5946133546751,0.16078744857918015,0.7695208391577165,0.06527110610258519,0.00442060616051815
513.794845172747,0.15971851013720012,0.7698302699358337,0.06565999070294669,0.004791229224019273
513.995076990819,0.15952614167939808,0.7703768016093655,0.06520876602333402,0.004888290687902645
514.195308808891,0.15959771544185047,0.7717914022862409,0.06425910339635116,0.0043517788755589705
514.3955406269631,0.15891543977102074,0.7725844442069757,0.06412437985556224,0.004375736166443749
514.5957724450351,0.15828554705779369,0.772831005125771,0.06407281067933757,0.004810637137097127
514.7960042631071,0.15854337235158633,0.773801470959659,0.06308428629701061,0.00457087039174286
514.9962360811791,0.15803109897875112,0.7749798408288203,0.06276197157096428,0.004227088621465088
515.196467899251,0.15704430043009135,0.774426894227561,0.06327013028442115,0.0052586750579274805
515.396699717323,0.157564955706737,0.7760891868872875,0.06198561048345208,0.004360246922524344
515.596931535395,0.15697634633154633,0.7770984910524154,0.06175565865775678,0.004169503958283079
515.797163353467,0.15626798789167043,0.7772649758652204,0.061810937978584043,0.004656098264526771
515.9973951715391,0.15633120671176343,0.7783040579926531,0.06101393206933751,0.004350803226246438
516.1976269896111,0.15612615999026888,0.7795424344375623,0.06035247863777486,0.003978926934394033
516.3978588076831,0.15525202515361414,0.7797803599911534,0.06052467349106158,0.004442941364172506
516.598090625755,0.15520988714785278,0.7799787058048758,0.060033359137854694,0.004778047909416466
516.798322443827,0.1552417936318632,0.7817068145349116,0.05914366902881446,0.003907722804410636
516.998554261899,0.15410671583001967,0.7814583455352844,0.059712572684033904,0.0047223659506615365
517.198786079971,0.15432849946742513,0.7824306773474489,0.05886105619926566,0.004379766985860209
517.399017898043,0.15420523800177838,0.7838391101159112,0.05813583870545244,0.0038198131768588614
517.5992497161151,0.15338176378547883,0.7841654113945793,0.05825210071526851,0.004200724104674407
517.7994815341871,0.1531332044619389,0.784685466578881,0.05784218843259089,0.004339140526588986
517.999713352259,0.15329443667321652,0.7859327417740245,0.05690100822088568,0.0038718133318744953
518.199945170331,0.15254837232752452,0.7865840278787541,0.05691384047710085,0.003953759316624243
518.400176988403,0.1519755545016706,0.7861306347201942,0.05702581141675686,0.004867999361376651
518.600408806475,0.15239623815400394,0.7879828389722767,0.05583683118604041,0.0037840916876791166
518.800640624547,0.15152947798864885,0.7884185124858054,0.05602670570702157,0.004025303818525136
519.000872442619,0.1512053539473544,0.7887085728730915,0.0557518480854655,0.00433422509409079
519.2011042606911,0.15131722404515247,0.790050697622161,0.05488861788136769,0.003743460451320874
519.401336078763,0.1507889935868964,0.7908756521444382,0.05465416777834721,0.0036811864903205016
519.601567896835,0.15016382719648952,0.7910621324191169,0.054618131558414836,0.004155908825980175
519.801799714907,0.1503389365714511,0.7917726041026425,0.05384565108548986,0.004042808240415749
520.002031532979,0.15001308444575562,0.793048638163111,0.053411920459870525,0.0035263569312618238
520.202263351051,0.1490411322145459,0.7924591979755907,0.053885034544414734,0.004614635265446949
520.402495169123,0.14948308246883185,0.7938806438432289,0.05281847686504046,0.003817796822898396
520.602726987195,0.14907233017917115,0.7949768316616613,0.05247785687526821,0.0034729812838998446
520.802958805267,0.1483498475917761,0.7950162040801244,0.05256942312033601,0.004064525207762386
521.003190623339,0.1483814158497642,0.7959259586279954,0.05189815135496308,0.0037944741672778027
521.203422441411,0.14828202019182785,0.7971208463890742,0.051244139019586354,0.003352994399511977
521.403654259483,0.14750710706875114,0.7973822472451289,0.05134553380887164,0.003765111877249848
521.603886077555,0.14733751952374652,0.7973142925529518,0.05105137278547323,0.004296815137829426
521.804117895627,0.1474836021247543,0.799049608357596,0.0501772971449438,0.0032894923727076306
522.004349713699,0.14648854090806895,0.7988903651155574,0.050600658485091196,0.004020435491281391
522.2045815317709,0.1465668363568885,0.7995570645852511,0.049975328309906454,0.003900770747953387
522.404813349843,0.14653916396209268,0.8009568588738925,0.049274953081629824,0.003229024082388177
522.605045167915,0.14581937259698927,0.8012808540043259,0.049327510256939745,0.0035722631417471834
522.805276985987,0.145530587821084,0.8016790660659482,0.049006293090157915,0.003784053022811358
523.005508804059,0.14568898071682665,0.8027413059113069,0.04821231713381631,0.0033573962380516772
523.205740622131,0.1451014363287064,0.8034762845212557,0.048125486816005696,0.0032967923340324746
523.405972440203,0.14446191620519044,0.8028723750865576,0.04831520578720071,0.0043505029210502396
523.6062042582749,0.1448824176913237,0.804573512112434,0.04727798278565862,0.0032660874105835164
523.8064360763469,0.14419577386110397,0.8051284464096595,0.04732879825255776,0.003346981476679884
524.006667894419,0.1437743967824172,0.8051816401410943,0.047189555911140255,0.0038544071653475614
524.206899712491,0.14389801576384498,0.8064229313086325,0.046439431236070056,0.0032396216914543615
524.407131530563,0.14349889111007547,0.8072630117099941,0.046159525209125696,0.003078571970804624
524.607363348635,0.14289432686935077,0.8073920697206127,0.04613907608382458,0.003574527326212011
524.807595166707,0.1429783904326729,0.8078274951440454,0.04557279165791521,0.003621322765365254
525.007826984779,0.1427942557928535,0.8091692171718239,0.04509984078361606,0.002936686251706267
525.2080588028509,0.1418747611024479,0.8085851158955136,0.04551978603240927,0.004020336969629714
525.4082906209229,0.14221534283010476,0.8097195475267707,0.04467343025396397,0.003391679389162209
525.608522438995,0.14193946475007777,0.8108753439266712,0.044293363175403715,0.0028918281478484916
525.808754257067,0.14123653174819184,0.8108227748430107,0.044401899654681255,0.0035387937541187828
526.008986075139,0.14122856841907197,0.8115871705394436,0.04385490524182883,0.0033293557996551064
526.209217893211,0.14119308979293263,0.8126951774776864,0.04326572453834946,0.0028460081910339063
526.409449711283,0.14051743015808896,0.8129835589732977,0.04332195186976593,0.0031770589988478087
526.6096815293549,0.14024741532563811,0.8126763905526772,0.0431821435797069,0.003894050541980312
526.8099133474269,0.14045676970154078,0.8143625123567062,0.042384206833892976,0.0027965111078597916
527.0101451654989,0.13960323776884853,0.8143082841745198,0.04269392012524221,0.0033945579313912747
527.210376983571,0.1395522733031399,0.8146660847421184,0.042262563918991566,0.003519078035752587
527.410608801643,0.13958311150627548,0.8160259381450159,0.0416317440887584,0.00275920625995047
527.610840619715,0.1389671926056437,0.8163613660165232,0.04164544049370765,0.0030260008841275898
527.811072437787,0.13864763653529275,0.8166352794946432,0.04140630632048624,0.003310777649576234
528.0113042558589,0.13877641966252086,0.8174772879793162,0.040778456339862,0.0029678360182998817
528.2115360739309,0.13832063767991856,0.8182851585821213,0.04064457268824994,0.002749631049711243
528.4117678920029,0.1376539528089418,0.8175786748251201,0.0408781341127068,0.003889238253233621
528.6119997100749,0.13803829190264438,0.8190694614132876,0.04001508583843552,0.002877160845632658
528.812231528147,0.1374996521512422,0.8197311552166991,0.039989340804450116,0.002779851827608176
529.012463346219,0.13701632649158,0.8195811777004669,0.039952436620696176,0.0034500591872565016
529.212695164291,0.13713130217015324,0.8206977715606965,0.03932571477634676,0.0028452114928048436
529.4129269823629,0.13683066112907022,0.8215300951966843,0.0390518961656792,0.002587347508567103
529.6131588004349,0.1362564892784708,0.8216087838122028,0.03905450803343266,0.0030802188758947834
529.8133906185069,0.13625421369587642,0.8217714686112692,0.03867064569914874,0.0033036719937061176
530.0136224365789,0.13616840555465073,0.823141791165013,0.038217186523882264,0.002472616756452463
530.2138542546509,0.1353224238668994,0.8225997557918854,0.03858860973291303,0.003489210608303764
530.414086072723,0.13555479790632377,0.8234174457053548,0.037945580541489776,0.0030821758468317965
530.614317890795,0.1353735410176174,0.8246053289186104,0.03758154222456833,0.002439587839203044
530.8145497088669,0.1347116776252691,0.8244975887553593,0.037704219052925536,0.003086514566446609
531.0147815269389,0.1346619365487166,0.8251058369088126,0.0372743947629319,0.002957831779540167
531.2150133450109,0.13465626801242686,0.8260871161003598,0.03678757418638472,0.0024690417008279494
531.4152451630829,0.13407106335786115,0.8264072200162204,0.0368294862609471,0.0026922303649721193
531.6154769811549,0.13372939569922787,0.8258998698430228,0.03680737899385425,0.003563355463894823
531.8157087992269,0.13396193667253042,0.8274797315877059,0.036121537675993846,0.00243679406377126
532.015940617299,0.13323675581894387,0.8275387400526518,0.036360517753027455,0.002863986375378068
532.2161724353709,0.13307923496732557,0.8276034364495438,0.03608906977290591,0.0032282588102238953
532.4164042534429,0.13313982058881818,0.8288953520117687,0.03555225105814962,0.002412576341265892
532.6166360715149,0.13261646725515833,0.8292490121252819,0.03555937283875321,0.0025751477808073544
532.8168678895869,0.13227524211174135,0.8294018801576707,0.03539872136319323,0.0029241563673949385
533.0170997076589,0.13236097480854708,0.8300028303580385,0.034935983426821506,0.0027002114065933325
533.2173315257309,0.13200671449201473,0.8308693679734389,0.03480179617600122,0.0023221213585477365
533.4175633438028,0.1313419435839588,0.8301089071320986,0.03506391822955666,0.0034852310543867547
533.6177951618749,0.1316690768573947,0.8313402887790143,0.034374644480016425,0.0026159898835745807
533.8180269799469,0.131243082842035,0.8320925406271661,0.03432702389433042,0.0023373526364692423
534.0182587980189,0.13072821306758886,0.8317832053224641,0.03437150213526784,0.003117079474679858
534.2184906160909,0.13082178991188886,0.8327561359472158,0.033865802584774306,0.0025562715561224317
534.4187224341629,0.13058906106441534,0.8335539917063539,0.033639088586133604,0.002217858643098101
534.6189542522349,0.13004889353916213,0.8335936733802141,0.03367758051204286,0.0026798525685838054
534.8191860703068,0.1299728405834507,0.8335021114549287,0.033447527639274194,0.0030775203223461335
535.0194178883788,0.12994801833215763,0.8348598025246183,0.03305358967672746,0.0021385894664965933
535.2196497064509,0.12918149197943354,0.8343897067787415,0.033396424572818516,0.0030323766690070397
535.4198815245229,0.12931103375554714,0.83487992281461,0.03293023860004561,0.0028788048297994405
535.6201133425949,0.12919085075165315,0.8360733554574691,0.0326182577343811,0.0021175360564957115
535.8203451606669,0.12857926597842595,0.8359446874850022,0.032764681829450575,0.0027113647071209156
536.0205769787389,0.12848939114118055,0.836391924649578,0.03244265974158481,0.0026760244676581517
536.2208087968108,0.1284894439562434,0.8372140121579319,0.032075832759401575,0.0022207111264246166
536.4210406148828,0.12797991398192948,0.8375704778831405,0.03213375018787331,0.0023158579470570323
536.6212724329548,0.12759198336380162,0.8369096205993036,0.03220392662533146,0.003294469411563298
536.8215042510269,0.12782022535099027,0.8383292056667239,0.03164321005854884,0.002207358923738681
537.0217360690989,0.12720118565956565,0.8385031167288103,0.03185463922064694,0.0024410583909775627
537.2219678871709,0.12696232792564294,0.8383074921112198,0.03171499577010152,0.0030151841930360517
537.4221997052429,0.1270325564295772,0.8395070542318237,0.03127891338246473,0.0021814759561337273
537.6224315233148,0.1265838710083807,0.8398782917244692,0.03131081564544019,0.0022270216217110273
537.8226633413868,0.1262282966997684,0.8399195423792577,0.03122856618785408,0.002623594733120132
538.0228951594588,0.12626802756747874,0.8402742264516124,0.03091704240186463,0.0025407035790451188
538.2231269775308,0.12598604528780669,0.8411808975249427,0.030817407865286837,0.002015649321963575
538.4233587956028,0.12534062245966526,0.8404120413862309,0.031108278903884352,0.0031390572502221522
538.6235906136749,0.12560242256834236,0.8413491763259782,0.030577424262676914,0.002470976843001567
538.8238224317469,0.12525610373217735,0.8421737631724321,0.030547823592874848,0.0020223095025174976
539.0240542498188,0.12473174388288252,0.841754191505484,0.030665404579346717,0.0028486600322869407
539.2242860678908,0.12479727293827068,0.842569541020365,0.03027042353487319,0.0023627625064920974
539.4245178859628,0.12460640346211743,0.8433054766831283,0.03011700914526084,0.001971110709496001
539.6247497040348,0.12409848916002421,0.8433209972198875,0.030206376425178934,0.0023741371949093466
539.8249815221068,0.1239637530085776,0.8430069318810532,0.03010400560966196,0.0029253095007078897
540.0252133401788,0.12397162978872289,0.8443083248297834,0.029789538017789163,0.0019305073637041583
540.2254451582509,0.12327878397310227,0.8439324723045013,0.030130102006035553,0.002658641716360951
540.4256769763228,0.12331815649894154,0.8441040051936222,0.029813743018330997,0.002764095289105938
540.6259087943948,0.12323424093278632,0.8452781624250826,0.029570252135948605,0.0019173445061820861
540.8261406124668,0.12267205389690469,0.8451570608033441,0.029755960429108733,0.0024149248706439074
541.0263724305388,0.12254575116204602,0.845444915167397,0.029532906897974484,0.0024764267725831267
541.2266042486108,0.12253749925731809,0.846085742788091,0.02928721319258051,0.0020895447620107167
541.4268360666828,0.12208622135131608,0.8464814181274156,0.02938564114330312,0.002046719377967687
541.6270678847548,0.1216710986612155,0.8457169229514312,0.02953480466055208,0.0030771737268025915
541.8272997028268,0.1218796267406774,0.8469291686946143,0.029094431107903822,0.0020967734568075828
542.0275315208988,0.12134133205722465,0.8472144948375342,0.02931315042295346,0.0021310226822875613
542.2277633389708,0.1210439364042443,0.8468045702641389,0.029287247775162485,0.0028642455564554387
542.4279951570428,0.12111162254147449,0.8478910787756411,0.028945217499826818,0.002052081183059144
542.6282269751148,0.12071805587183275,0.8482727220977643,0.029025687640077836,0.0019835343903268554
542.8284587931868,0.12035279596916908,0.8482178435386706,0.029024733949140694,0.002404626543020596
543.0286906112588,0.1203501755409413,0.8483361979744397,0.02884469385192443,0.002468932632695928
543.2289224293307,0.12011594018264314,0.8492597958176556,0.028799368759007578,0.0018248952406930015
543.4291542474028,0.11949675272593607,0.8485224778265519,0.029128779816466097,0.002851989631047758
543.6293860654748,0.11969437551457245,0.8491475029084468,0.02873468197886451,0.002423439598117947
543.8296178835468,0.11940098758592375,0.8500254111306346,0.02874518863041684,0.0018284126530249598
544.0298497016188,0.11887988423438081,0.8495451332850857,0.028936991470543707,0.002637991009991329
544.2300815196908,0.1189153224327341,0.8501944845180682,0.028638848231618774,0.0022513448175787284
544.4303133377628,0.11874733099507746,0.8508436765957423,0.028569561845399598,0.0018394305637823066
544.6305451558347,0.11826606155728624,0.8508518995350699,0.02872332694520021,0.0021587119624434715
544.8307769739067,0.11808653061977882,0.8503566125817663,0.028728772450476107,0.002828084347979054
545.0310087919788,0.11810897307851946,0.8515580185315252,0.02849600407611583,0.0018370043138400017
545.2312406100508,0.11747678407389267,0.8512913162027362,0.028858777598496886,0.002373122124874585
545.4314724281228,0.11744104986184992,0.8511710751656059,0.028671132104766024,0.0027167428677808245
545.6317042461948,0.11737759901877201,0.8523032108401866,0.028495707763483084,0.0018234823775589303
545.8319360642668,0.11685740440958685,0.8522105260369791,0.028735355563495567,0.0021967139899399164
546.0321678823387,0.11669881748250316,0.8523474131640578,0.02860489226690686,0.0023488770865296564
546.2323997004107,0.11667652537325893,0.8527970989115292,0.028470259943328826,0.0020561157718846346
546.4326315184827,0.116266766579387,0.8532314602299373,0.028623989088599373,0.0018777841020767762
546.6328633365548,0.11583635213125912,0.8524124673424197,0.028848506790364093,0.0029026737359580355
546.8330951546268,0.11601949940997801,0.8533808613015326,0.028513136088305403,0.0020865032001848973
547.0333269726988,0.11553803291572151,0.8537701754201619,0.028760780542058467,0.0019310111220585304
547.2335587907708,0.11519941040245298,0.8532003494518294,0.028840612382962094,0.0027596277627575227
547.4337906088427,0.11525875816768438,0.8541570424981029,0.028577704817021838,0.002006494517193532
547.6340224269147,0.1149030439963646,0.8545374799519625,0.028719238499603374,0.0018402375520705188
547.8342542449867,0.11452986703620252,0.8544071894175862,0.028803901700780822,0.0022590418454321273
548.0344860630587,0.11449132245005017,0.8543122935113168,0.02873536492912291,0.0024610191095094914
548.2347178811308,0.11428746912904228,0.8552254321713852,0.028748881125561458,0.0017382175740118353
548.4349496992028,0.11369345849047975,0.8545525384433266,0.029129394494097585,0.0026246085720983887
548.6351815172748,0.11383307778228378,0.8548657071755049,0.028851630647398114,0.002449584394812995
548.8354133353467,0.11357403835539119,0.8557778109954033,0.02890701678662702,0.00174113386257816
549.0356451534187,0.1130608300383411,0.8552824314813329,0.029178132814228437,0.0024786056660966653
549.2358769714907,0.11306692727715688,0.8557633205353006,0.02896337530701411,0.0022063768805276867
549.4361087895627,0.11291043493745338,0.8563066490483437,0.028976005032873776,0.001806910981329731
549.6363406076347,0.11244829829435112,0.8563245476862774,0.029202675555376062,0.0020244784639979704
549.8365724257068,0.11223432931215949,0.8556946476952211,0.02930324879346719,0.002767774199152935
550.0368042437788,0.11226266369316841,0.8567553325547023,0.02914179892192128,0.001840204830209184
550.2370360618507,0.11167546601483842,0.8566061382876106,0.029543188576814136,0.002175207120737417
550.4372678799227,0.11157822699323054,0.8562360110915144,0.029471862992524897,0.002713898922731845
550.6374996979947,0.1115273303672917,0.8573055670633003,0.02935179194114003,0.0018153106282677975
550.8377315160667,0.11103907590442312,0.8572539622447064,0.02965372456045795,0.0020532372904156545
551.0379633341387,0.1108515573018662,0.8572549725404989,0.029612626277014407,0.0022808438806207055
551.2381951522107,0.11081502948276348,0.8575161670261126,0.029573198489022116,0.0020956050021018837
551.4384269702828,0.11043351470054776,0.857984174327274,0.029785335359381344,0.0017969756127985737
551.6386587883547,0.10999326336489931,0.8571560569017195,0.030086827406830274,0.0027638523265510976
551.8388906064267,0.11015173218258709,0.8578574530878894,0.0298381047186314,0.0021527100108936813
552.0391224244987,0.10970834565223256,0.8583404711945175,0.030121163083120767,0.0018300200701296587
552.2393542425707,0.10933939183375309,0.8576682673817436,0.030305499828949194,0.002686840955554588
552.4395860606427,0.10938899251565626,0.858482678853601,0.03010374052472189,0.002024588106021311
552.6398178787147,0.10905854037301653,0.8588484808069217,0.03030685638388201,0.0017861224361813445
552.8400496967867,0.10867674694184394,0.8586671825644174,0.03048055515537746,0.0021755153383642817
553.0402815148587,0.1086085122670871,0.8583921144760653,0.030506602745597203,0.002492770511249323
553.2405133329307,0.10842570196358087,0.85926463479429,0.03057080068437306,0.001738862557757203
553.4407451510027,0.10785109903977601,0.8586816884348866,0.031011578735802663,0.002455633789534949
553.6409769690747,0.10793999089965547,0.8587007592783888,0.030835947428733267,0.0025233023932222827
553.8412087871467,0.10770510225600145,0.8596280013086787,0.030926757918550762,0.001740138516772956
554.0414406052187,0.10719893972237596,0.8591559434445911,0.031280480273136874,0.0023646365598954324
554.2416724232907,0.10717752794623958,0.8594722846310571,0.031138905299906264,0.002211282122799848
554.4419042413626,0.10702767866493348,0.8598985092122862,0.03122207203466599,0.0018517400881164839
554.6421360594347,0.10657736589884252,0.8599410550530941,0.031522422317258464,0.001959156730804554
554.8423678775067,0.10633506304999603,0.8592244287115132,0.031711114721745766,0.002729393516745226
555.0425996955787,0.10636790613087305,0.8601097711923296,0.03160436771270102,0.0019179549640969526
555.2428315136507,0.1058113297943913,0.8600810212904666,0.03204914918895764,0.0020584997261854517
555.4430633317227,0.1056625074120197,0.8595135213051176,0.0320897354979753,0.00273423578488762
555.6432951497947,0.10562218349521912,0.8605021378632425,0.0320054379288372,0.0018702407127026287
555.8435269678666,0.10515654299262706,0.8604967480222452,0.032368713506926786,0.001977995478201019
556.0437587859386,0.10494194806725973,0.8603829860625544,0.0324162670604798,0.00225879880970672
556.2439906040107,0.10489366571191064,0.8604697812606783,0.03245474283522963,0.002181810192182205
556.4442224220827,0.1045323426789974,0.860961379944767,0.03271700050880695,0.0017892768674288287
556.6444542401547,0.10408297688951666,0.8601637113070468,0.03309752098455212,0.002655790818883978
556.8446860582267,0.10422017787752204,0.8605900098649811,0.03292023354890483,0.002269578708590838
557.0449178762987,0.10380319493222098,0.8611542718839462,0.033231165321511644,0.001811367862322619
557.2451496943706,0.10340927316793472,0.8604354905513518,0.03352055193944436,0.002634684341269178
557.4453815124426,0.10344998189587107,0.8610998871229272,0.03336345195962204,0.0020866790215794215
557.6456133305146,0.10313768228510733,0.861438420296763,0.03361852411614362,0.00180537330198465
557.8458451485867,0.10274513178019752,0.8612321270619878,0.03388121162076566,0.0021415295370498405
558.0460769666587,0.1026515064172276,0.8608162335011003,0.033989024649275085,0.002543235432396875
558.2463087847307,0.10248766483095915,0.8616173554913061,0.034087511219642035,0.0018074684580935449
558.4465406028027,0.10192513963745231,0.8611429202312701,0.034590048212469734,0.0023418919188118114
558.6467724208746,0.1019688456179269,0.860900970685295,0.0345103267020209,0.0026198569947567646
558.8470042389466,0.10175538324164973,0.8618244114642649,0.03461738385829682,0.0018028214357882835
559.0472360570186,0.10125305216505352,0.8614051193459377,0.03505076102159127,0.0022910674674159414
559.2474678750906,0.10120560932234332,0.8615673714662102,0.03497676029170178,0.0022502589197462767
559.4476996931627,0.10106208076254895,0.8618741086020565,0.03511413931480158,0.0019496713205926284
559.6479315112347,0.10061840983337283,0.861952317221886,0.035480001819225504,0.0019492711255151259
559.8481633293067,0.10035016717971318,0.8611946939046632,0.03575268114753781,0.0027024577680856685
560.0483951473786,0.10039031417280958,0.8618790787845063,0.03568396052195476,0.0020466465207296214
560.2486269654506,0.09985404405634346,0.8619693836455387,0.03616459748542347,0.0020119748126951
560.4488587835226,0.09965936554878764,0.8612627784827801,0.03631731715988455,0.002760538808550517
560.6490906015946,0.09963124703945213,0.8621544209611348,0.036247822910566524,0.001966509088848025
560.8493224196666,0.09918194172161686,0.8621945019539863,0.0366619648925007,0.00196159143189864
561.0495542377387,0.09894053377481038,0.8619918663506565,0.03679821511040006,0.0022693847641333583
561.2497860558107,0.09888331921512415,0.8619275888843145,0.036898617169101255,0.0022904747314630666
561.4500178738826,0.09853992404970786,0.8624279858871926,0.037193817769420566,0.0018382722936792638
561.6502496919546,0.09807959139651154,0.8616934559154855,0.03765182461399542,0.0025751280740079208
561.8504815100266,0.09819843671774676,0.8618519488849092,0.03753755750010898,0.002412056897235132
562.0507133280986,0.09780360340236009,0.8624832565840005,0.03785805811291831,0.0018550819007239244
562.2509451461706,0.09738651801242798,0.8617681445880458,0.03824982339130815,0.0025955140082181893
562.4511769642426,0.09741954551307765,0.8622799704905247,0.038125728927268135,0.00217475506912904
562.6514087823147,0.09712328593467931,0.862581597351086,0.038416355472405794,0.0018787612418324424
562.8516406003866,0.09671781892602911,0.8623756275326249,0.03876234229077811,0.0021442112505678274
563.0518724184586,0.09660063141949693,0.8618608126849205,0.03894253107602902,0.0025960248195546517
563.2521042365306,0.0964589033360694,0.8625616706132139,0.03905606755981735,0.0019233584909002402
563.4523360546026,0.09590217796100353,0.8622080600119973,0.03961230209957905,0.0022774599274213944
563.6525678726746,0.09590311080066002,0.8617500642594175,0.03962895351731201,0.002717871422609926
563.8527996907466,0.09571366931585748,0.8626508404015041,0.0397289937486838,0.0019064965339561763
564.0530315088185,0.09521236524386444,0.8623045288284436,0.04023063902902445,0.0022524668986673435
564.2532633268905,0.0951390743956436,0.8623294129564095,0.040222978510086695,0.0023085341378611783
564.4534951449626,0.09500388026563257,0.8625228697239811,0.04039696669595655,0.002076283314430461
564.6537269630346,0.09456520523171424,0.8626423729909865,0.040811795523513085,0.0019806262537876286
564.8539587811066,0.09427102988387757,0.8618848587043262,0.041164092122598236,0.002680019289199492
565.0541905991786,0.09432213309569498,0.8623538182176747,0.041121408263095786,0.0022026404235356276
565.2544224172506,0.09380133469087758,0.8625582414195698,0.04161979285949038,0.002020631030061457
565.4546542353226,0.09356315980751656,0.8617717272150898,0.041884893281200195,0.0027802196961939337
565.6548860533945,0.0935502186097314,0.8625531061313897,0.04181260221974125,0.002084073039139732
565.8551178714665,0.09311504688379513,0.8626342880561997,0.0422594959805108,0.001991169079495724
566.0553496895386,0.09284601129101146,0.8623717584636243,0.042482834457029314,0.002299395788335379
566.2555815076106,0.09278153553569314,0.8621860626105105,0.04263174211023883,0.0024006597435579802
566.4558133256826,0.09245900860029867,0.8626767247326973,0.04293784727630372,0.0019264193906985611
566.6560451437546,0.09198540493743408,0.8620308617713258,0.04346557104690007,0.0025181622443411866
566.8562769618266,0.09208617036070202,0.8619431538470779,0.043413459086423856,0.002557216705797224
567.0565087798985,0.09171566075212906,0.862625784236558,0.04371895711246242,0.0019395978988510521
567.2567405979705,0.09127593462139073,0.8619564309985336,0.04420356678039594,0.002564067599680087
567.4569724160425,0.09130139981990035,0.8623186611872689,0.044107378744130246,0.002272560248701249
567.6572042341146,0.09102274926034747,0.8625782150078962,0.04441407624955402,0.001984959482203669
567.8574360521866,0.0906036664374099,0.8623950242682005,0.04483076003882155,0.0021705492555699
568.0576678702586,0.09046264729322401,0.8618225282864498,0.045075757342038954,0.002639067078287114
568.2578996883306,0.09034865112083611,0.862398638363862,0.045187316527165115,0.002065393988136825
568.4581315064025,0.08979435151139901,0.8621726151910927,0.045779884881360935,0.002253148416148915
568.6583633244745,0.08975183167884723,0.8615512084485234,0.04589657895003826,0.002800380922593085
568.8585951425465,0.08959203642023636,0.8624109164091579,0.04596723508364733,0.0020298120869603115
569.0588269606185,0.08909123016538487,0.8621494538450404,0.046517469076437036,0.0022418469131385843
569.2590587786906,0.08899068653656739,0.862059147639637,0.04657766703785101,0.0023724987859470724
569.4592905967626,0.0888662897022012,0.86215280806104,0.046771907122522674,0.0022089951142376806
569.6595224148346,0.08843512940109,0.862313249321123,0.0472128718622468,0.002038749415541014
569.8597542329065,0.08811419899290483,0.8615909192255925,0.04763754062732756,0.0026573411541747026
570.0599860509785,0.08817800649443938,0.8618421572891695,0.047616080269338064,0.002363755947054908
570.2602178690505,0.08767353334653943,0.8621525451009835,0.048106830894785485,0.0020670906576921257
570.4604496871225,0.08739246895982582,0.861341938280719,0.048480182453488,0.002785410305967745
570.6606815051945,0.08739704196954343,0.8620032092755947,0.04839418681805658,0.0022055619368074935
570.8609133232666,0.08697770333117077,0.8621197512182418,0.04885111238118706,0.0020514330694009356
571.0611451413386,0.08668012382326849,0.861827311503742,0.049155891181302494,0.0023366734916872595
571.2613769594105,0.08660829255674175,0.8615530122054487,0.04934249177778995,0.002496203460020562
571.4616087774825,0.08631326483877415,0.8620133477986435,0.0496371038728664,0.002036283489718275
571.6618405955545,0.08582535191164488,0.8614748802153314,0.050219529175248245,0.002480238697775942
571.8620724136265,0.08590492665264443,0.8611745333322014,0.050234429858481165,0.002686110156672921
572.0623042316985,0.08556542608337732,0.8618912716038748,0.05049889272802377,0.002044409584723934
572.2625360497705,0.08510429409307263,0.8613002250009422,0.0510584400958473,0.0025370408101383552
572.4627678678426,0.08512036952189665,0.8615215472944573,0.05099149244405861,0.0023665907395875644
572.6629996859145,0.08486292023733416,0.8617389171981302,0.051294784160066616,0.0021033784044694947
572.8632315039865,0.08443213230628056,0.8615963367621932,0.0517627091819069,0.0022088217496185076
573.0634633220585,0.08426579564624297,0.8610042176851959,0.052065000765178844,0.0026649859033832696
573.2636951401305,0.08418483060844895,0.8614376511839642,0.052163412035840295,0.0022141061717464256
573.4639269582025,0.08363350562725225,0.8613410621263159,0.05276760156000894,0.0022578306864213743
573.6641587762745,0.08354489274916799,0.8606120752614244,0.05298685613500266,0.0028561758544058077
573.8643905943464,0.08342088032233087,0.8614132643049215,0.05301089096420759,0.0021549644085411828
574.0646224124185,0.08292310013894061,0.861241709467909,0.05358385595220324,0.0022513344409485292
574.2648542304905,0.08279268462892096,0.8610625690602268,0.0537136805406432,0.0024310657702090923
574.4650860485625,0.08268069227784317,0.8610751610117179,0.053914365417440616,0.002329781293001116
574.6653178666345,0.08226343473830908,0.8612705037858355,0.054355597408759004,0.0021104640670967126
574.8655496847065,0.0819154481707222,0.8606118830419679,0.05484094972198979,0.0026317190653204845
575.0657815027785,0.08199015236677641,0.8606551628471406,0.05484310052396419,0.002511584262117851
575.2660133208504,0.08150778186572744,0.8610602143563739,0.05529772154019974,0.002134282237699315
575.4662451389224,0.08118452768833306,0.8602746379675481,0.05576785053197626,0.002772983812143218
575.6664769569945,0.08120681792240196,0.8608101755734227,0.05566543138356297,0.002317575120613265
575.8667087750665,0.08080788950353293,0.8609567696753972,0.05610841424143536,0.002126926579633593
576.0669405931385,0.08048191254971622,0.860663233430555,0.05648335365772658,0.002371500362003721
576.2671724112105,0.0804009843426468,0.860333335035629,0.056698846855380056,0.002566833766344197
576.4674042292825,0.0801416551249653,0.8607428762907867,0.05696329654032298,0.0021521720439289745
576.6676360473544,0.07964076145629234,0.8603244455149011,0.05757880724040797,0.0024559857883997946
576.8678678654264,0.07969319333811153,0.859853785286781,0.05766781134055362,0.0027852100345538006
577.0680996834984,0.07939356274537408,0.8605860247279142,0.057868287790938146,0.002152124735775426
577.2683315015705,0.07891434529324444,0.8600960942335395,0.05847730679575092,0.0025122536774664834
577.4685633196425,0.07891704939029107,0.8601907605946267,0.05844561483883362,0.0024465751762496493
577.6687951377145,0.07868482976771017,0.8603705881314214,0.05872822428276712,0.002216357818102368
577.8690269557865,0.07824738562564183,0.8602806584203109,0.059222691562485406,0.0022492643915646253
578.0692587738585,0.07805406571391336,0.8597020760250875,0.05957343179423613,0.0026704264667644097
578.2694905919304,0.07800882715481207,0.8599831266149758,0.059655096648946054,0.0023529495812672717
578.4697224100024,0.0774651399766245,0.8600134198966313,0.06024201572509608,0.002279424401649909
578.6699542280744,0.07732751317060158,0.8592317765840701,0.0605612629385582,0.00287944730677126
578.8701860461465,0.07724378530517309,0.8599586355170116,0.06052945314492349,0.0022681260328930733
579.0704178642185,0.07675446538982565,0.8598770326930207,0.06109645205091105,0.0022720498662417515
579.2706496822905,0.07659125833013405,0.8596379368836187,0.06129521434882012,0.002475590437427145
579.4708815003625,0.07649175625506464,0.859591083007288,0.061491500238746895,0.002425660498903544
579.6711133184344,0.07609750661995021,0.8598106953133974,0.06190791767192207,0.0021838803947321892
579.8713451365064,0.07572360961325977,0.859237830808028,0.06243747391396968,0.002601085664746464
580.0715769545784,0.07580348427633349,0.8590938505802498,0.06247083694897833,0.002631828194437773
580.2718087726504,0.07535246639674943,0.8595791882434369,0.06286207630297094,0.002206269056843632
580.4720405907225,0.07498940003072267,0.8588590232167461,0.06340918524710078,0.002742391505431936
580.6722724087945,0.0750266073537697,0.8592680439628763,0.06329548261419518,0.002409866069159652
580.8725042268665,0.07465415349491027,0.859440916239737,0.06370228112758022,0.002202649137774239
581.0727360449384,0.07430202085118293,0.8591718943584217,0.064130089862961,0.002395994927435629
581.2729678630104,0.07420921273811973,0.8588171695605439,0.06436687018316727,0.0026067475181730517
581.4731996810824,0.07399304274333184,0.8591578605277186,0.06458913147125078,0.0022599652577002054
581.6734314991544,0.07348331755887658,0.8588667492035947,0.06521137831597762,0.002438554921550482
581.8736633172264,0.07350122508051389,0.8582732728690001,0.06537981755580671,0.0028456844946805203
582.0738951352985,0.07325020132798592,0.8590013758447489,0.06550013801030666,0.002248284816958787
582.2741269533705,0.07275890297153662,0.8586264108020613,0.06612808573575271,0.0024866004906485667
582.4743587714424,0.0727425470896525,0.8586136285237089,0.06613947647119864,0.002504347915441832
582.6745905895144,0.07253877738895867,0.8587642471457361,0.0663875732483282,0.0023094022169785396
582.8748224075864,0.07210267502857748,0.858732694265552,0.06688137460081488,0.0022832561050546304
583.0750542256584,0.07188146103166922,0.8581949858220281,0.06726954980382688,0.002654003342476467
583.2752860437304,0.07187065142112498,0.8583230550623104,0.06733811422000957,0.002468179296555892
583.4755178618024,0.0713428192414464,0.8584736364961134,0.0678782464821864,0.0023052977802551135
583.6757496798745,0.07115463043470803,0.8576899808055262,0.0682872667499485,0.0028681220098178157
583.8759814979464,0.07111253711967185,0.85832915955938,0.06819962821918354,0.0023586751017654235
584.0762133160184,0.07063923484011643,0.8583342638979476,0.06873255192319877,0.0022939493387387575
584.2764451340904,0.07044121315963199,0.8580647220691684,0.06899483057723953,0.0024992341939598676
584.4766769521624,0.0703526465187272,0.8579806372830837,0.06917865872022405,0.0024880574779676374
584.6769087702344,0.06999150894719665,0.8582108545950171,0.0695493997457731,0.0022482367120136566
584.8771405883064,0.0695947778228558,0.8577397048956026,0.07010249748544725,0.002563019796095345
585.0773724063783,0.0696709440032937,0.857438095266956,0.07017664242282538,0.0027143183069268176
585.2776042244504,0.06926213770360255,0.8579864925606754,0.07048219465333654,0.0022691750823879628
585.4778360425224,0.06886427245637437,0.8573625376767293,0.07107911367631059,0.002694076190585347
585.6780678605944,0.06891046662217429,0.8576494334036281,0.0709651681805997,0.0024749317935971226
585.8782996786664,0.06857068697197832,0.8578466818155802,0.07131729427685571,0.0022653369355893176
586.0785314967384,0.06819736092708265,0.857622914825439,0.07177553449079146,0.00240418975668723
586.2787633148104,0.0680896543130785,0.8572702365304841,0.07202640601802458,0.0026137031384134584
586.4789951328823,0.06792135783590827,0.8575283860136094,0.07220222369412975,0.0023480324563533816
586.6792269509543,0.06740967739038975,0.8573670539210175,0.07280263420419816,0.002420634484395083
586.8794587690264,0.06738599084547131,0.8566998011050488,0.07305067884938826,0.002863529200093305
587.0796905870984,0.06719022723371529,0.8574038213019727,0.07308366725451385,0.002322284209799344
587.2799224051704,0.06669535390901303,0.8571501298384716,0.0736981971221719,0.0024563191303448506
587.4801542232424,0.0666535510545267,0.8570530065109195,0.07375906733339685,0.002534375101157941
587.6803860413144,0.06647985497798489,0.8571849072548263,0.0739626593003519,0.00237257846683965
587.8806178593863,0.0660552293177518,0.8572113070686826,0.07442926664987112,0.0023041969636955276
588.0808496774583,0.06580662953280678,0.8567357817207761,0.07484145629852214,0.00261613244789633
588.2810814955303,0.0658246510466963,0.8567193299385079,0.07490570167009135,0.0025503173447058744
588.4813133136024,0.06532329695074922,0.8569797945665354,0.07537225390323533,0.0023246545794821916
588.6815451316744,0.06508558127351292,0.8562380136771891,0.07585256848100919,0.002823836568289223
588.8817769497464,0.06508255809417689,0.8567795428275087,0.07571775687914514,0.0024201421991709364
589.0820087678184,0.06463385476974359,0.8568662670495066,0.07619188559072408,0.002307992590026378
589.2822405858903,0.0644010321303544,0.8565945161749853,0.07650633564586024,0.0024981160487997814
589.4824724039623,0.06432047635471048,0.8564940425707946,0.07667198247121929,0.002513498603277046
589.6827042220343,0.06400168635552934,0.8567199733038707,0.07698279592124055,0.002295544419361307
589.8829360401063,0.06358725222056472,0.8563609507991784,0.07753602880221722,0.002515768178039726
590.0831678581783,0.06364920643595513,0.8559376376154806,0.07765891431146248,0.00275424163710164
590.2833996762504,0.06329308668214556,0.8565294949834691,0.07786408409736649,0.0023133342370190396
590.4836314943224,0.06286825993283726,0.8560231161939202,0.07847888971847239,0.0026297341547684584
590.6838633123944,0.06291498728849446,0.8561974513724314,0.07837858224918524,0.002508979089888723
590.8840951304663,0.06261313482708356,0.8564187747927962,0.0786623779390011,0.0023057124411198465
591.0843269485383,0.06222635068220442,0.8562550743385147,0.07912555312089163,0.0023930218583889645
591.2845587666103,0.06210123541951729,0.8559265452667812,0.07938319126919227,0.002589028044508545
591.4847905846823,0.061981498515698084,0.8560942101028646,0.07951547142745072,0.0024088199539863023
591.6850224027543,0.061476973354304076,0.8560606356862828,0.08006617235134326,0.002396218608069726
591.8852542208264,0.06140652179741527,0.8553667745959359,0.0803869238200475,0.002839779786601595
592.0854860388984,0.061269143811402006,0.8560275275941889,0.08033502238714209,0.002368306207266787
592.2857178569703,0.06078090568743561,0.8558955797426432,0.08090546289662713,0.002418051673294806
592.4859496750423,0.06070789346599601,0.8557397429528328,0.0810180123633539,0.0025343512178184584
592.6861814931143,0.06056396752135043,0.8558639189865486,0.0811709036710331,0.0024012098210692504
592.8864133111863,0.06016185329628313,0.8559425610386204,0.08158763731063005,0.002307948354466045
593.0866451292583,0.05988811040926491,0.8555448503057584,0.08200840875951056,0.002558630525468754
593.2868769473303,0.059925788697841056,0.855400480172574,0.08207916240613046,0.002594568723454655
593.4871087654024,0.05946245427901122,0.8557568129666464,0.08245105374318432,0.0023296790111584616
593.6873405834743,0.059179420759209594,0.8550924909458353,0.08297725544839793,0.0027508328465585996
593.8875724015463,0.05920897240168648,0.855530678184928,0.08281048074836776,0.002449868665018182
594.0878042196183,0.05879332445650283,0.8556931263938694,0.0832064898911183,0.0023070592585102247
594.2880360376903,0.05852850773020125,0.8554444342078955,0.08355609155577286,0.0024709665061313064
594.4882678557623,0.05845217155789851,0.8553455936211816,0.0836997399044038,0.0025024949165169275
594.6884996738343,0.05818247525105353,0.8555529815993567,0.08394412664002267,0.0023204165095679808
594.8887314919062,0.057757377259935905,0.8553115413303984,0.08447334471460051,0.0024577366950656464
595.0889633099783,0.057794821709943774,0.8548058183711269,0.08464831444842755,0.0027510454705014834
595.2891951280503,0.057499662390019655,0.8554198950213497,0.08474761806911653,0.002332824519515442
595.4894269461223,0.0570580579348641,0.8550438407089839,0.08534716129924953,0.0025509400569041427
595.6896587641943,0.057095519413262096,0.8551199783067791,0.08527379573050957,0.002510706549449239
595.8898905822663,0.05683516492579712,0.8553660212423866,0.0854808360015269,0.0023179778302895864
596.0901224003383,0.05644488366934852,0.8552709186772806,0.08592323613995981,0.002360961513411114
596.2903542184102,0.05630087555726728,0.8549836690023445,0.08617991901163694,0.0025355364287540294
596.4905860364822,0.05622602407630027,0.8550593779883128,0.0862768623768211,0.0024377355585666477
596.6908178545543,0.055739232213916995,0.855147278632808,0.08675352605965865,0.0023599630936172204
596.8910496726263,0.05562001974464235,0.8544697656225096,0.08713218724041467,0.0027780273924337233
597.0912814906983,0.05553981519800319,0.855070061180688,0.08700662393528524,0.002383499686023575
597.2915133087703,0.055069016229823964,0.8550560788152954,0.08750688802627823,0.002368016928603774
597.4917451268423,0.05496094864065702,0.8548680880767935,0.08766738821871688,0.0025035750638329143
597.6919769449142,0.05484462487220179,0.8549945522312977,0.08776694148788135,0.002393881408619643
597.8922087629862,0.05447552389291058,0.8551158413820306,0.08811737972965436,0.002291254995404701
598.0924405810582,0.0541806067297849,0.8548065419284154,0.08853003066248866,0.0024828206793132144
598.2926723991303,0.0542266506701853,0.8545573948754555,0.08861698574809064,0.002598968706267468
598.4929042172023,0.05381224534305241,0.8549922488576385,0.08888100891984696,0.002314496879462344
598.6931360352743,0.05349125319996741,0.8544320005694552,0.08942334649557841,0.002653399735001198
598.8933678533463,0.05354360600680017,0.8547660912258123,0.0892432892780542,0.0024470134893332975
599.0935996714182,0.05316834342958287,0.854998074432593,0.0895481772218429,0.0022854049159835538
599.2938314894902,0.05287730911225716,0.854793374483396,0.08991168655998341,0.002417629844366405
599.4940633075622,0.05280112540616552,0.8547105127733321,0.09003101370774197,0.00245734811276012
599.6942951256342,0.05258368761246482,0.8548874349281504,0.0902098710645319,0.0023190063948541765
599.8945269437063,0.05215651023018672,0.8547646120960093,0.0906921558597457,0.0023867218140600347
600.0947587617783,0.05216102906265943,0.8542162613992179,0.09091613218886435,0.002706577349258406
600.2949905798503,0.05193151619581729,0.8548305019504687,0.09091363024128736,0.002324351612427896
600.4952223979222,0.05148476838713332,0.8545900651946191,0.09146692385738256,0.002458242560866212
600.6954542159942,0.05150330062122085,0.8545863945530289,0.09143014320313596,0.0024801616226149564
600.8956860340662,0.051285930609090834,0.8548578954215643,0.09155699281784009,0.0022991811515061904
601.0959178521382,0.05090330869911192,0.8548339097284307,0.09195548981317497,0.0023072917592847474
601.2961496702102,0.050740205323600816,0.8546003603531503,0.09220300236075263,0.002456431962499044
601.4963814882823,0.05070277468977433,0.8545891471429958,0.092275428959441,0.002432649207789706
601.6966133063543,0.05024480464396641,0.8547881851923835,0.09265942996693921,0.002307580196709926
601.8968451244262,0.050078389259804276,0.8541631194665908,0.09307522907450091,0.0026832621991046825
602.0970769424982,0.05004970486261022,0.8546889515492357,0.09289379305798276,0.0023675505301721006
602.2973087605702,0.0496066297803211,0.8547861458818631,0.09330416399459444,0.0023030603432229197
602.4975405786422,0.04946252550616838,0.8545918283983982,0.09350256949175687,0.0024430766036751097
602.6977723967142,0.04937011167492953,0.8547285070739925,0.09354923682261095,0.0023521444284681997
602.8980042147862,0.04904261085886622,0.854880652123627,0.09382430134689476,0.0022524356706139772
603.0982360328583,0.04873198569738339,0.8546660483062662,0.09421184008021899,0.0023901259161327247
603.2984678509303,0.04877471433587145,0.8543396274524194,0.09432109106744657,0.002564567144262148
603.4986996690022,0.04841812641949938,0.8548328285989419,0.09447284900579378,0.0022761959757673354
603.6989314870742,0.048069139508835235,0.8543944203433904,0.09500047316108393,0.002535966986691768
603.8991633051462,0.04813243634221305,0.8546288736733618,0.09482575826244027,0.0024129317219855327
604.0993951232182,0.047803023435458857,0.8549239704903919,0.09503281372078558,0.002240192353365619
604.2996269412902,0.047494106147597144,0.8547789227123983,0.09538714599223219,0.002339825147773102
604.4998587593622,0.04741428260042124,0.8547224453928883,0.09548090278023373,0.00238236922645754
604.7000905774343,0.04724826873221467,0.8548606345330818,0.0956008428462572,0.002290253888447129
604.9003223955062,0.04682859258261027,0.8548535014916134,0.09601636641353514,0.002301539512241726
605.1005542135782,0.04679483705372932,0.8543002455151649,0.09627957051448113,0.002625346916626207
605.3007860316502,0.04663139767420224,0.8548932479016921,0.09618735068370782,0.002288003740398601
605.5010178497222,0.046191536690651604,0.8547875731258883,0.09666840163704707,0.0023524885464133063
605.7012496677942,0.04618309254983099,0.8547253811980282,0.09667204308414787,0.002419483167992992
605.9014814858662,0.04600799616592559,0.8550223438102158,0.09671965327824532,0.0022500067456145004
606.1017133039381,0.04564410839361072,0.8550667528438134,0.09705608367631682,0.002233055086258759
606.3019451220102,0.04546304225833029,0.8548951708198245,0.09728588678885502,0.002355900132990439
606.5021769400822,0.04545298886782773,0.8548079566983331,0.0973444208300128,0.0023946336038288578
606.7024087581542,0.04503437245014044,0.8551040912838741,0.0976243248165292,0.0022372114494561505
606.9026405762262,0.04482597519343599,0.8545604877650036,0.09805197785372759,0.0025615591878325127
607.1028723942982,0.04483930734652942,0.8550020412993106,0.09783594057302082,0.002322710781139681
607.3031042123702,0.044432829802082366,0.8552014676642987,0.09814393942767609,0.0022217631059445035
607.5033360304421,0.04425499214034617,0.8550243521647161,0.09836490261749356,0.002355753077444361
607.7035678485141,0.04418175724100768,0.8551765139311575,0.0983616697928411,0.002280059034994466
607.9037996665862,0.043901462954912804,0.855347236750442,0.09855952558323247,0.0021917747114148776
608.1040314846582,0.043581759113106654,0.855229923293376,0.09890591298445245,0.00228240460906901
608.3042633027302,0.043610808228645694,0.8548563182389395,0.09903792815094753,0.0024949453814666865
608.5044951208022,0.0433178383835747,0.8553857483845111,0.09908177474577806,0.002214638486138326
608.7047269388742,0.04295250281071362,0.8550788744007225,0.09956603597274155,0.0024025868158227054
608.9049587569461,0.04301434016467791,0.8552231889442167,0.0994120186901308,0.0023504522009753508
609.1051905750181,0.042733947829818084,0.8555744881403726,0.09952035611016927,0.0021712079196410674
609.3054223930901,0.04241719166573047,0.8554990044108424,0.09984339829720315,0.0022404056262258316
609.5056542111622,0.042330633460051614,0.855475651092197,0.0999110078081537,0.0022827076395978575
609.7058860292342,0.04221148626300069,0.8555712928728376,0.09998204805167187,0.0022351728124912163
609.9061178473062,0.041809197884114864,0.8556733010472292,0.10031572150151874,0.0022017795671393477
610.1063496653782,0.04173541452905016,0.8551486064110089,0.10060289038468133,0.002513088675260557
610.3065814834501,0.04163407305279338,0.8557007484110252,0.10043921408121062,0.0022259644549736234
610.5068133015221,0.041212518966892375,0.8557241875886845,0.10082894760796551,0.0022343458364590487
610.7070451195941,0.04117185688724181,0.8556262797188956,0.10087018241016124,0.0023316809837033705
610.9072769376661,0.04103625939074996,0.8559473061138759,0.10084323338809784,0.002173201107277837
611.1075087557382,0.04070085951561229,0.856053244797345,0.10110594043934226,0.0021399552477011567
611.3077405738102,0.040504231203955764,0.8559484441885703,0.10130948795287677,0.002237836654598353
611.5079723918822,0.04051044222666108,0.8558008847284655,0.10136227807265957,0.002326394972213866
611.7082042099541,0.04014009540585803,0.8561769104064769,0.1015345466691578,0.002148447518507203
611.9084360280261,0.03989779602087935,0.8557355482534479,0.10194804654028762,0.002418609185385759
612.1086678460981,0.03994094735390911,0.8560879479760755,0.10171887973808677,0.0022522249319299565
612.3088996641701,0.03957793675222156,0.8563790651739047,0.10191925244097687,0.0021237456328979253
612.5091314822421,0.039371797179155336,0.856239071408228,0.1021441082653492,0.002245023147268232
612.7093633003142,0.039312487749043064,0.8564092452077873,0.10209585114171936,0.0021824159014503224
612.9095951183862,0.03908148009482823,0.8565872554137679,0.10222074418975383,0.0021105203016519884
613.1098269364581,0.03876011107797612,0.8565665906220732,0.10251209588734975,0.002161202412600858
613.3100587545301,0.03876750273965631,0.8561755050032618,0.10266221867995651,0.002394773577126291
613.5102905726021,0.03854019616473961,0.8567182870387222,0.10261015302238681,0.002131363774152364
613.7105223906741,0.03817072270267436,0.8565457083281992,0.10302720937113298,0.002256359597993762
613.9107542087461,0.038219750811937736,0.8566138027102252,0.10290365865255846,0.002262787825278724
614.1109860268181,0.037989118907932794,0.8570135274371151,0.10291740991170426,0.002079943743248209
614.3112178448902,0.03767519645328735,0.8570118263611635,0.10319050251038143,0.002122474675167592
614.5114496629621,0.03757976656152215,0.857025320181694,0.10323162540826941,0.002163287848514056
614.7116814810341,0.037500055900691644,0.8570792140710087,0.10326470056414647,0.002156029464153995
614.9119132991061,0.03712455919247281,0.8572802831756657,0.10350737669552593,0.002087780936336805
615.1121451171781,0.03701262286001691,0.8568123973021914,0.10379921270548191,0.0023757671323113593
615.3123769352501,0.03696544599934776,0.8573068926466896,0.10358604620652573,0.002141615147437281
615.5126087533221,0.03657217555016826,0.8574502367664165,0.10387299571861221,0.0021045919648027
615.712840571394,0.0364975313365935,0.8573394504693408,0.10394279155114441,0.002220226642921816
615.913072389466,0.03639692951453876,0.8576813523600307,0.10384889619628693,0.0020728219291448516
616.1133042075381,0.03609747747954736,0.8578391288068685,0.10403305964515142,0.002030334068431178
616.3135360256101,0.035888819113829025,0.857803190292953,0.10420218229690956,0.0021058082963102817
616.5137678436821,0.03590059160125151,0.8576141292086547,0.10425346679254531,0.0022318123975470085
616.7139996617541,0.035584905511390326,0.8580503556494425,0.10432213773254911,0.0020426011066190133
616.9142314798261,0.03531874272956663,0.8577244397694387,0.1046970850271349,0.0022597324738593905
617.114463297898,0.03537831826593041,0.8579881492594449,0.10447345812320095,0.002160074351425506
617.31469511597,0.03506332205500922,0.8583591521879043,0.10456736728961559,0.002010158467471375
617.514926934042,0.034836778107303845,0.8582716751506265,0.10477661077984111,0.0021149359622312557
617.7151587521141,0.03478609846037136,0.8584599635835726,0.10468932595311861,0.002064612002939167
617.9153905701861,0.034602978709184454,0.858636067014631,0.10474961458022006,0.002011339695964188
618.1156223882581,0.03428772883495809,0.8587084763832302,0.1049752074929883,0.0020285872888241357
618.3158542063301,0.03426864503959729,0.8583277014293639,0.10513397628696258,0.0022696772440773632
618.5160860244021,0.034105075929131465,0.8588615313752441,0.1050035895258457,0.0020298031697813025
618.716317842474,0.03374314869292118,0.8588203063204272,0.10533605892683325,0.0021004860598197914
618.916549660546,0.033770426710469446,0.8588295339154703,0.10524607439306725,0.0021539649809936665
619.116781478618,0.03358797346118738,0.859268759178953,0.10517335182630867,0.001969915533550826
619.3170132966901,0.03328707230967138,0.8593399322929011,0.10538304533444315,0.0019899500629852727
619.5172451147621,0.03318171064012924,0.8593917842049493,0.10539723175615628,0.0020292733987655634
619.7174769328341,0.03313232894396692,0.8594089477055398,0.10540202843045846,0.002056694920035009
619.9177087509061,0.03279187429357229,0.8596963055984375,0.10555034353433138,0.001961476573660349
620.117940568978,0.03264665491233744,0.8593065557898708,0.10582688536857768,0.002219903929215244
620.31817238705,0.03264275475740551,0.8597310197111041,0.10558645144074529,0.002039774090747097
620.518404205122,0.03228571367387871,0.8599824700803198,0.10576653143340853,0.001965284812392913
620.718636023194,0.03217885502430249,0.8598802229430484,0.10585128336795635,0.0020896386646961735
620.9188678412661,0.032107502450621814,0.8602380050179631,0.10570009902854272,0.0019543935028728966
621.1190996593381,0.03184859159529592,0.8604365198930661,0.10580706186403215,0.0019078266476065552
621.3193314774101,0.03163237757115904,0.8604694031426836,0.10593452783387888,0.0019636914522781945
621.519563295482,0.03164060937528056,0.8602591508635183,0.10598422660710147,0.0021160131541029764
621.719795113554,0.03138284074881983,0.8607342649468139,0.10595984198752234,0.0019230523168458546
621.920026931626,0.031103686447718774,0.8605299266188438,0.10627600318535307,0.002090383748087309
622.120258749698,0.031166659511793156,0.8607107097924991,0.10607153522987911,0.0020510954658294173
622.32049056777,0.03090179962780183,0.8611487150391992,0.10606545746497915,0.0018840278680209003
622.5207223858421,0.030664209901440077,0.8611241458865091,0.10624131811460363,0.0019703260974474023
622.7209542039141,0.030617238187179346,0.8613288320338478,0.10612136268418451,0.0019325670947882502
622.921186021986,0.030477689320957506,0.8614966584120224,0.10612738924949724,0.0018982630175241738
623.121417840058,0.030176256970418407,0.8616558799500386,0.10628054033776782,0.001887322741776972
623.32164965813,0.0301291684226024,0.8613095834634974,0.10643546347372099,0.0021257846401800434
623.521881476202,0.030023698130013855,0.8618140896497457,0.10624745151595766,0.0019147607042842095
623.722113294274,0.029679601312403655,0.8618967580644887,0.1064852174747932,0.0019384231483152486
623.922345112346,0.02967947293216061,0.8618666312648425,0.10642543075877624,0.0020284650442215072
624.1225769304181,0.029541587812468538,0.8623352252442653,0.10627733317150612,0.0018458537717615236
624.32280874849,0.029262426056392715,0.8624741834515374,0.1064163188717965,0.0018470716202748118
624.523040566562,0.029147174944083094,0.8625644719976328,0.10640286363648056,0.0018854894218034888
624.723272384634,0.02911859758147082,0.8625533163297502,0.10638643391992941,0.0019416521688506798
624.923504202706,0.028819530126248105,0.8629110703425076,0.10644365175463924,0.0018257477766061101
625.123736020778,0.028648168650500114,0.8626141558034651,0.10668619806908126,0.0020514774769532364
625.32396783885,0.02867493367846236,0.8629613036051215,0.10643838937877617,0.0019253733376387622
625.524199656922,0.028359712083583438,0.8633071568892717,0.10651412826331477,0.0018190027638317007
625.724431474994,0.028225439945506192,0.8632321501788719,0.10659796876260189,0.001944441113020436
625.924663293066,0.028176903358905787,0.8635993818638528,0.1064003215114165,0.001823393265827406
626.124895111138,0.027960115773897242,0.8638274637146813,0.10643626983267693,0.0017761506787441384
626.32512692921,0.02774151108276259,0.8639274202458515,0.10651641890775433,0.001814649763633098
626.525358747282,0.027739449920623282,0.8637160604851919,0.10656066107867754,0.001983828515508295
626.725590565354,0.027539500253308494,0.8642082160374412,0.10645868831843124,0.0017935953908209711
626.925822383426,0.027258046390527,0.8641254644066636,0.10670158798678392,0.0019149012160280467
627.1260542014979,0.02731314509404444,0.8642338584192841,0.10652367207284448,0.0019293244138265987
627.32628601957,0.027098179238618427,0.8647250162106062,0.10642821491099842,0.0017485896397785923
627.526517837642,0.026859217671611386,0.8647685116335119,0.10655686608224998,0.0018154046126271969
627.726749655714,0.02681174932327839,0.8649868462193036,0.10641026175241834,0.0017911427050006563
627.926981473786,0.02670942193527235,0.8651431448818561,0.10637247955847605,0.001774953624397315
628.127213291858,0.026428916220190682,0.8653804306474856,0.10645102127869903,0.0017396318536254866
628.32744510993,0.026355269848707494,0.8650880659536596,0.10658852626768504,0.0019681379299502358
628.5276769280019,0.026299249365616627,0.8655460792425745,0.10636413489304693,0.001790536498761606
628.7279087460739,0.025981311856953543,0.865741733517361,0.10650416195700779,0.0017727926686770786
628.928140564146,0.025951710445780273,0.8656924698028784,0.10646597062275474,0.0018898491285870792
629.128372382218,0.025853166020292622,0.8661792700980511,0.10625557615020116,0.0017119877314566057
629.32860420029,0.025602269774581948,0.8663778664318242,0.10632254487586386,0.0016973189177318787
629.528836018362,0.025478242409120642,0.8665058674728376,0.10628046988883252,0.0017354202292117547
629.729067836434,0.02546161244598298,0.8664770819680048,0.10624668467881788,0.001814620907194467
629.9292996545059,0.025207988996029343,0.8668874177278545,0.1062213332544749,0.0016832600216397204
630.1295314725779,0.02501892095318776,0.8666915431196441,0.10641448067391877,0.0018750552532508526
630.3297632906499,0.02506341176010071,0.8669595649443885,0.10617481530969741,0.0018022079858138558
630.529995108722,0.024793165823661423,0.867384699956972,0.10615403858920464,0.0016680956301617707
630.730226926794,0.024638434437518657,0.8673517314371719,0.1062213680218299,0.0017884661034793545
630.930458744866,0.02460613735440631,0.8677211918651795,0.10598831904466657,0.0016843517357480581
631.130690562938,0.02443029147956494,0.8679686617256366,0.10596245573518887,0.0016385910596111704
631.3309223810099,0.02421482709479002,0.868132433657681,0.10599167019881102,0.0016610690487183168
631.5311541990819,0.02419835083881434,0.8679383298144736,0.10602396337759401,0.0018393559691173157
631.7313860171539,0.024052936882984086,0.8684263819333484,0.10586270029259129,0.0016579808910801358
631.9316178352259,0.023778885576979835,0.8684601967293474,0.10602416292658662,0.0017367547670866582
632.131849653298,0.023817609332277674,0.8685105437383194,0.10587391244044558,0.001797934488957445
632.33208147137,0.023650137790922718,0.8690401866163547,0.10570245640474471,0.0016072191879816177
632.532313289442,0.023418817770242538,0.8691526286776557,0.10577449823205427,0.0016540553200475963
632.7325451075139,0.02336762959092432,0.869381626363039,0.10560636104298103,0.0016443830030563552
632.9327769255859,0.02329513721929339,0.8695261068643119,0.10553386675592408,0.0016448891604701947
633.1330087436579,0.023041563211262737,0.8698304322675603,0.10554004684476004,0.0015879576764185944
633.3332405617299,0.022945138479253013,0.8696061677095075,0.10564737100491649,0.0018013228063265075
633.5334723798019,0.022927937761648635,0.8700047755121124,0.10540598960288172,0.0016612971233569357
633.733704197874,0.022642286398156845,0.8702999579347395,0.10545135090098123,0.0016064047661237667
633.933936015946,0.022584496674317403,0.8702508250370216,0.10542304418431023,0.0017416341043533041
634.134167834018,0.022518928655816187,0.8707440595628051,0.10516429729441666,0.0015727144869624086
634.3343996520899,0.022300269180866285,0.8709922697593598,0.10516292272921077,0.0015445383305650547
634.5346314701619,0.022169564507202012,0.8711568663858357,0.10509117051175293,0.0015823985952089922
634.7348632882339,0.022157460801959173,0.8711221484049709,0.10504090946062951,0.0016794813324415288
634.9350951063059,0.021950783107652794,0.8715660200454706,0.10494556758607716,0.001537629260799975
635.1353269243779,0.021752778048771713,0.8714735665349903,0.10507848283700968,0.0016951725792289014
635.33555874245,0.021803054159947783,0.8716660244794314,0.1048569154331449,0.0016740059274797255
635.535790560522,0.02157862495573633,0.8721542569477477,0.10475122710808729,0.001515890988432453
635.7360223785939,0.0214115817254188,0.8721742190529651,0.10478817529448814,0.0016260239271273591
635.9362541966659,0.021389280794263606,0.8725386973266656,0.10453012801141959,0.00154189386765153
636.1364860147379,0.021250984603616737,0.8727970979844133,0.10445283718150157,0.0014990802304710581
636.3367178328099,0.021044170000642713,0.8730199637671268,0.1044299559175732,0.0015059103146590337
636.5369496508819,0.021011677786823724,0.872858575989409,0.10444269469240587,0.001687051531362274
636.7371814689538,0.020914823014771548,0.8733233552379519,0.10424105769074883,0.0015207640565294202
636.937413287026,0.020656323607493185,0.8734648048669325,0.1043190790016377,0.0015597925239384614
637.1376451050979,0.020673471635143593,0.873473976987672,0.10419227051609048,0.0016602808610948479
637.3378769231699,0.0205492779614225,0.8740268791127912,0.10395970112031612,0.0014641418054719098
637.5381087412419,0.020333076159743495,0.8742045406018056,0.10397153927719488,0.001490843961255245
637.7383405593139,0.02027610103175012,0.874441654592232,0.1037858177165906,0.0014964266594284918
637.9385723773859,0.020225939127251596,0.8745764696325384,0.1036855634763766,0.0015120277638333566
638.1388041954579,0.02000374449671926,0.8749348578957016,0.10362564083383284,0.0014357567737477172
638.3390360135298,0.01988985063098272,0.8747874982347553,0.10369244964985355,0.0016302014844087674
638.5392678316019,0.019900032697952888,0.8751187752578492,0.1034497765202228,0.0015314155239750061
638.7394996496739,0.0196505750137787,0.8754982250125145,0.10340847352112607,0.0014427264525814934
638.9397314677459,0.019568648943491463,0.875466895713278,0.10337681093084078,0.001587644412389678
639.1399632858179,0.01952907217145498,0.8759548111935478,0.10308350792268926,0.0014326087123093286
639.3401951038899,0.01934408523754139,0.8762418505288739,0.10302109693373358,0.0013929672998515502
639.5404269219619,0.019209629865878517,0.8764416906818739,0.10291897359171359,0.0014297058605363922
639.7406587400338,0.01919648280473208,0.8764125020255772,0.10285090935496106,0.00154010581473092
639.9408905581058,0.019035686700457997,0.8768706556295478,0.10270068289515362,0.0013929747748401254
640.1411223761779,0.018837019654725628,0.8768790994113778,0.10276772183011246,0.001516159103784608
640.3413541942499,0.018883193299686733,0.8770043611480194,0.10256844919794933,0.0015439963543455745
640.5415860123219,0.01870336077114448,0.8775387699521412,0.10239192479020076,0.0013659444865150876
640.7418178303939,0.01853226732150003,0.8776174195271044,0.10238893448146401,0.0014613786699315629
640.9420496484659,0.018514444850614927,0.8779705343324605,0.10211495244496127,0.0014000683719643894
641.1422814665378,0.018408823115525656,0.8782334859475807,0.10199639518839891,0.0013612957484950118
641.3425132846098,0.018215734097294257,0.8785092120408066,0.10192299763029891,0.0013520562316003209
641.5427451026818,0.018167772040117786,0.8783923107771139,0.1019089544045101,0.0015309627782589244
641.7429769207538,0.018111525460308437,0.8788178175813098,0.10168458383689309,0.0013860731214892289
641.9432087388259,0.01787485885103174,0.8790551251767662,0.10168265709945191,0.001387358872751508
642.1434405568979,0.017868544514564363,0.8790410823660689,0.10157133370717021,0.001519039412197061
642.3436723749699,0.017782042377170248,0.8796018729047567,0.10129298476902086,0.0013230999490533306
642.5439041930418,0.017586493156710944,0.8798379480025946,0.10124581138091165,0.0013297474597825324
642.7441360111138,0.017522892578499497,0.880081522334884,0.10104529402139055,0.0013502910652272606
642.9443678291858,0.017488158826850987,0.8802105191477155,0.10092198939716776,0.0013793326282675238
643.1445996472578,0.017299929374870533,0.8806084992015639,0.100805475115923,0.0012860963076432108
643.3448314653298,0.01717460348512672,0.8805417961122989,0.10082486637454965,0.0014587340280266196
643.5450632834019,0.017201061518899375,0.8808031149420487,0.10059190528676565,0.001403918252286939
643.7452951014739,0.016989611366356152,0.8812503983403084,0.10047552698707939,0.001284463306258098
643.9455269195458,0.016889384444545436,0.8812507009494945,0.10042898078717773,0.001430933818784418
644.1457587376178,0.016868716684394002,0.881722308823779,0.10011389513759393,0.001295079354234367
644.3459905556898,0.016716636666250857,0.8820375628825354,0.09999986239958898,0.0012459380516261732
644.5462223737618,0.01658193769093736,0.8822709818134609,0.09986746546995241,0.0012796150256509631
644.7464541918338,0.016564124958465914,0.882257481775941,0.09977912123668442,0.0013992720289090189
644.9466860099058,0.016445818387322352,0.8827115495927119,0.09958997649974824,0.0012526555202194251
645.1469178279779,0.0162536717358243,0.8828144649181238,0.09959049982052191,0.001341363525533551
645.3471496460498,0.01628855525919981,0.8828847214846655,0.09941264294525674,0.0014140803108797458
645.5473814641218,0.01615036757217973,0.883448026674881,0.09918057393841527,0.001221031814522821
645.7476132821938,0.015982806053376306,0.8835868357535037,0.09913240739036568,0.001297950802754794
645.9478451002658,0.01596497588227379,0.8839237265393718,0.09884975875091982,0.0012615388274357044
646.1480769183378,0.0158864250768208,0.8841869263246556,0.0986988944374467,0.0012277541610775503
646.3483087364098,0.015711322158781398,0.8845077171788996,0.09857917757278442,0.0012017830895341471
646.5485405544817,0.015650056770980404,0.8844430319351795,0.09853267703644566,0.0013742342573960415
646.7487723725538,0.015625350811030007,0.8848173705978937,0.0983004205973218,0.0012568579937551627
646.9490041906258,0.015414837851289208,0.8851368189537464,0.09822631315017037,0.00122203004479449
647.1492360086978,0.015386066544510593,0.8851171431828028,0.09812068004104843,0.0013761102316395797
647.3494678267698,0.015330804252093957,0.8856708899508194,0.09781133253467274,0.0011869732624125316
647.5496996448418,0.015159326428466534,0.8859563501738184,0.09771024454741756,0.0011740788502988886
647.7499314629138,0.0150894484794381,0.8862057910707644,0.09749676939645469,0.0012079910533431613
647.9501632809857,0.01506430851948124,0.8863336527647432,0.09735321375622795,0.0012488249595498208
648.1503950990577,0.014910667607338363,0.8867558408181102,0.0971916946311429,0.0011417969434106754
648.3506269171298,0.014779983709434714,0.8867690932918703,0.0971605777343847,0.0012903452643106606
648.5508587352018,0.014812896646282256,0.886962947289114,0.09694339171806166,0.0012807643465425225
648.7510905532738,0.014639381870186473,0.8874609869141991,0.09676564925026894,0.0011339819653476703
648.9513223713458,0.014527600147684448,0.8875036058495529,0.09669453431360175,0.0012742596891624717
649.1515541894178,0.01451915304276581,0.8879494301503967,0.09636868296480594,0.001162733842032805
649.3517860074897,0.014397540090119565,0.8882831511820463,0.09621308448962726,0.0011062242382083266
649.5520178255617,0.014266359717856584,0.8885479596295573,0.09605164729093567,0.0011340333616528346
649.7522496436337,0.014242049054294853,0.888558234736587,0.0959404609751486,0.0012592552339728677
649.9524814617058,0.014160980856899572,0.8889917640712417,0.09572757746857483,0.0011196776032895302
650.1527132797778,0.013981111034266636,0.8891797710443619,0.09566525115492135,0.0011738667664514793
650.3529450978498,0.0140004257565063,0.8892097391473984,0.09550416145697675,0.0012856736391195812
650.5531769159218,0.013899569406870779,0.8897848072519092,0.09523189686346509,0.0010837264777558548
650.7534087339938,0.013741804260157189,0.8899813443480974,0.09513775757559964,0.0011390938161494968
650.9536405520657,0.013720717655375443,0.8902991149017256,0.09485175730962207,0.0011284101332762475
651.1538723701377,0.01366356294185826,0.8905600457955616,0.0946758551783452,0.001100536084234954
651.3541041882097,0.013509588969851946,0.8909166211295272,0.09451625121479039,0.001057538685832252
651.5543360062818,0.013438221767255133,0.8909079320689388,0.09443397344590487,0.001219872717899187
651.7545678243538,0.01343577072379578,0.8912238570603102,0.09420490428614887,0.0011354679297452613
651.9547996424258,0.013253858967595025,0.8916104686070624,0.09406933577906458,0.0010663366462791443
652.1550314604978,0.01320582618768841,0.8916010012299141,0.09395964096629238,0.0012335316161036444
652.3552632785697,0.01317499178736716,0.8921339439425042,0.09363268918945017,0.0010583750806800042
652.5554950966417,0.013028990894092067,0.8924585818699657,0.09348543998398522,0.001026987251959491
652.7557269147137,0.012954210697956695,0.8927142411103384,0.09326031444220553,0.00107123374950238
652.9559587327857,0.01293411411480909,0.8928456276592411,0.09309802705679418,0.0011222311691561023
653.1561905508578,0.012813831375923066,0.89327647483136,0.0929039409097478,0.0010057528829683267
653.3564223689298,0.012683376027222066,0.8933653601156175,0.0928229874764283,0.0011282763807338194
653.5566541870018,0.012714883898260882,0.8934987202418765,0.09262315696456971,0.001163238895294481
653.7568860050737,0.012577612072684782,0.8940302301141603,0.09239863755425001,0.0009935202589075012
653.9571178231457,0.012460976382178074,0.8941211381684433,0.09229730200116945,0.0011205834482105423
654.1573496412177,0.012458865934594837,0.8945339013617496,0.09196949612486349,0.0010377365787949072
654.3575814592897,0.012364193670098358,0.8948776682699684,0.0917819876712769,0.0009761503886581846
654.5578132773617,0.012240179721303987,0.8951709019110938,0.09159414740805552,0.0009947709595481092
654.7580450954338,0.012209005297548911,0.8952105092923033,0.0914583589337411,0.0011221264764077754
654.9582769135058,0.012158695738734043,0.8956098890721795,0.0912348621691033,0.0009965530199857657
655.1585087315777,0.011995328470932123,0.8958715382547277,0.09111677197205027,0.0010163613022911254
655.3587405496497,0.01199752997228915,0.8958770196161798,0.09096564425060269,0.0011598061609261006
655.5589723677217,0.011928722457405932,0.8964474374587461,0.09066770763375248,0.0009561324500969553
655.7592041857937,0.011785347730965345,0.8966961142168859,0.09053066705355278,0.0009878709985954263
655.9594360038657,0.01175907896655316,0.8969939864569553,0.09024482870548894,0.0010021058710052387
656.1596678219377,0.011718059807928102,0.8972514583622314,0.09004949874967258,0.0009809830801699728
656.3598996400098,0.011587047132257656,0.8976333419171321,0.08985813394946045,0.0009214770011504556
656.5601314580817,0.011509251240309847,0.8976809041421608,0.08973945673835468,0.001070387879177408
656.7603632761537,0.011520375740501394,0.8979359489239408,0.08952056766220705,0.0010231076733502346
656.9605950942257,0.011367843714099045,0.8983740130141622,0.08933597983442937,0.0009221634373087003
657.1608269122977,0.01130512586764236,0.8983877744431517,0.08921402311423125,0.0010930765749760636
657.3610587303697,0.011292009963291053,0.8988880819405323,0.08888090654148995,0.0009390015546878876
657.5612905484417,0.011171173419498134,0.8992414155202885,0.08869666225877347,0.0008907488014406281
657.7615223665136,0.011093629035919738,0.8995042278308412,0.08846111101627668,0.0009410321169640232
657.9617541845857,0.011075323794829993,0.8996430516047789,0.08828105033805715,0.0010005742623385076
658.1619860026577,0.010985593861171575,0.900067749970724,0.08806655049836203,0.0008801056697432506
658.3622178207297,0.010860118364989691,0.9002252563992358,0.08793970282308694,0.0009749224126883398
658.5624496388017,0.01088466710853031,0.9003085616342998,0.0877553128767452,0.001051458380423642
658.7626814568737,0.01078063862511849,0.9008564503217205,0.08749842958201322,0.0008644814711494983
658.9629132749457,0.010665171030684267,0.9009976648702089,0.08736476064149659,0.0009724034576128797
659.1631450930176,0.010664614619731297,0.9013727806940223,0.08704147266717471,0.0009211320190726454
659.3633769110896,0.01059281823273916,0.901719679778972,0.08683066982076909,0.0008568321675227015
659.5636087291617,0.010479145854821197,0.9020373554857017,0.08662044617991169,0.0008630524795660037
659.7638405472337,0.01044181211443229,0.9021091765332833,0.08645964240424833,0.0009893689480356255
659.9640723653057,0.010415244398442398,0.9024643740321007,0.08623579255049871,0.0008845890189608674
660.1643041833777,0.01027112042008481,0.9027867471377472,0.08607151746345484,0.000870614978713426
660.3645360014497,0.010256941755076203,0.9027832191401794,0.08592298088484548,0.0010368582198995893
660.5647678195216,0.010214340931282057,0.9033338907029308,0.08561234872574262,0.0008394196400477833
660.7649996375936,0.010088200500168105,0.9036268034296675,0.08543829447234544,0.0008467015978192149
660.9652314556656,0.01005610042735523,0.9039059683733952,0.08515468629653691,0.0008832449027148214
661.1654632737377,0.010026667219969284,0.904159586858581,0.0849441857452828,0.0008695601761693847
661.3656950918097,0.00991907520911743,0.9045555525325321,0.08473007255750854,0.0007952997008434555
661.5659269098817,0.009838522610857053,0.9046567074775866,0.08457693448855726,0.0009278354229991005
661.7661587279537,0.009855792027366996,0.9048529039010169,0.08437140372411085,0.0009199003475064782
661.9663905460257,0.009732013622557758,0.9053264491641333,0.08415075717772756,0.0007907800355818462
662.1666223640976,0.00965978675911913,0.9053729466785977,0.08401085831160761,0.0009564082506753139
662.3668541821696,0.009658182490387872,0.9058313637673396,0.08368069157362337,0.000829762168652573
662.5670860002416,0.009560892557896493,0.9062033082196752,0.08346885291678852,0.0007669463056409197
662.7673178183137,0.009483152748293847,0.9064742750719426,0.08322437057525069,0.0008182016045134498
662.9675496363857,0.009464563496119537,0.9066232092573124,0.083027556842546,0.0008846704040221151
663.1677814544577,0.00940140063389106,0.9070285888472543,0.08280348159578106,0.0007665289230749314
663.3680132725297,0.009284636378252102,0.9072458777117871,0.08263716087401284,0.0008323250359496939
663.5682450906016,0.00929899519588048,0.9072917849227862,0.08246406866307858,0.0009451512182569523
663.7684769086736,0.009224250772702154,0.9078396181708445,0.08218813191926345,0.0007479991371918171
663.9687087267456,0.009114852123928471,0.9080294339030288,0.08202340005583146,0.0008323139172113443
664.1689405448176,0.009112337935674465,0.9083652098514554,0.08170890524580281,0.0008135469670672999
664.3691723628897,0.009059259098013011,0.9087097527852566,0.08148206164610025,0.0007489264706321141
664.5694041809617,0.008958343542257345,0.9090467075561963,0.08125459171470528,0.0007403571868440337
664.7696359990337,0.008916235340450652,0.9091510998733819,0.08106994415872508,0.0008627206274427157
664.9698678171056,0.008906504911929443,0.9094560859756633,0.08085277071256373,0.0007846383998444926
665.1700996351776,0.008783048067064453,0.9098261555160657,0.08065259481119799,0.0007382016056737041
665.3703314532496,0.008754877919841792,0.9098275305950391,0.08050008959866142,0.0009175018864588047
665.5705632713216,0.00873249299575505,0.9103452976002862,0.08018762637340748,0.0007345830305528708
665.7707950893936,0.008624825476461345,0.9106731171524587,0.07998412749770065,0.0007179298733808989
665.9710269074657,0.008587351261693042,0.9109363265448324,0.07970389455134821,0.0007724276421284599
666.1712587255377,0.008565793826155793,0.9111859790712623,0.07948156945758982,0.0007666576449929805
666.3714905436096,0.00848078547446798,0.9115846046582372,0.07925377203585345,0.0006808378314423785
666.5717223616816,0.008400807823355054,0.9117344742051975,0.07907029903798661,0.0007944189334653267
666.7719541797536,0.008418433696332418,0.911877692378063,0.07887818478789158,0.0008256891377126982
666.9721859978256,0.008321657390700574,0.9123709449035589,0.07863403406811134,0.000673363637630907
667.1724178158976,0.008245029562685365,0.9124558928404276,0.07847352235348946,0.0008255552433994093
667.3726496339696,0.008249556636544225,0.9128661997057126,0.07815297015542179,0.0007312735023248899
667.5728814520415,0.008173339407243003,0.9132475189797885,0.07792235886677336,0.0006567827461950047
667.7731132701136,0.00809805613635787,0.9135271823848483,0.07767101427388343,0.0007037472049113287
667.9733450881856,0.00807808511166935,0.9136874463861027,0.0774590014835651,0.0007754670186643357
668.1735769062576,0.008036780532207886,0.9140627180002965,0.07723420079930163,0.0006663006681959378
668.3738087243296,0.007931391258776036,0.9143298306225989,0.07703651044747166,0.0007022676711548837
668.5740405424016,0.007934399443231046,0.914351868599134,0.07686964916243234,0.0008440827952048122
668.7742723604736,0.007884377420912496,0.9148844274787232,0.07658627483395372,0.0006449202664112897
668.9745041785455,0.0077846264669071946,0.9151181156027661,0.07639452204563248,0.0007027358846956675
669.1747359966175,0.0077779534322984095,0.9154156297073992,0.07609127179997525,0.000715145060327707
669.3749678146896,0.007739657904924586,0.9157535078705348,0.07585431601156914,0.0006525182129728241
669.5751996327616,0.0076529851465916175,0.9161034346885935,0.07561550277023683,0.0006280773945777564
669.7754314508336,0.0076078321143060405,0.9162386449126327,0.07540975146572763,0.0007437715073356948
669.9756632689056,0.007608680130087253,0.9164914313302277,0.07520320892304333,0.0006966796166430649
670.1758950869776,0.007506132167775965,0.9168954526460411,0.07497834049318866,0.0006200746929965631
670.3761269050495,0.007467343802976861,0.9169131153294474,0.07481707083197192,0.0008024700356063846
670.5763587231215,0.0074594201988354356,0.9173873717724287,0.07451126789551968,0.0006419401332163214
670.7765905411935,0.007370146107931083,0.9177401978522974,0.07428660630431475,0.0006030497354588473
670.9768223592656,0.007328595164295813,0.9179911639612779,0.07401051094404901,0.0006697299303787825
671.1770541773376,0.0073120446047334154,0.9182366033380035,0.07377926261571902,0.0006720894415464415
671.3772859954096,0.007247692499821966,0.9186269184862765,0.0735461965569552,0.0005791924569474306
671.5775178134816,0.007171082444902327,0.9188191164724195,0.0733381487272087,0.0006716523554679696
671.7777496315535,0.007185055007958157,0.9189180990265444,0.07315736919922733,0.00073947676627225
671.9779814496255,0.007112673367478302,0.9194159138929467,0.07290123767809754,0.000570175061478993
672.1782132676975,0.007036179497386548,0.9195413232900487,0.07272037748170931,0.0007021197308579797
672.3784450857695,0.007042514550080834,0.9199005658936592,0.07241378910814672,0.0006431304481140963
672.5786769038416,0.006984452312737548,0.9202831293130743,0.07217219262400161,0.00056022575018606
672.7789087219136,0.00691404865900385,0.9205711433166213,0.07191673054268437,0.000598077481692063
672.9791405399856,0.006892343311800118,0.9207425340175256,0.07169183892614013,0.0006732837445350717
673.1793723580575,0.006867936024442414,0.9210798213503618,0.07147286660409084,0.0005793760211052417
673.3796041761295,0.006775571834895209,0.9213862376916943,0.07125273219374495,0.0005854582796646502
673.5798359942015,0.006767710433825213,0.9213975222974223,0.07108722643067514,0.0007475408380774177
673.7800678122735,0.006737581882347353,0.9219012166988332,0.07080617636443545,0.0005550250543866063
673.9802996303455,0.006649722332618067,0.9221718569723237,0.07059332652434315,0.0005850941707179617
674.1805314484176,0.006637916218100634,0.9224345463192809,0.07030241997886666,0.00062511748375267
674.3807632664896,0.006610889024486062,0.922762323658839,0.07006014434558926,0.0005666429710882293
674.5809950845616,0.006538977086633479,0.9231180253637988,0.06981613481561902,0.0005268627339477971
674.7812269026335,0.006492590288759092,0.9232807364260689,0.06959330340456486,0.0006333698806080087
674.9814587207055,0.006498780491926144,0.9234830432986136,0.06939877975602,0.000619396453441934
675.1816905387775,0.006416424142737228,0.9239076265743202,0.0691598119004635,0.0005161373824805629
675.3819223568495,0.0063707580638305795,0.9239498142115598,0.06898715887472473,0.0006922688498845264
675.5821541749215,0.006372102059591093,0.9243729986748291,0.06869410534276368,0.0005607939228183578
675.7823859929936,0.0063001681557028,0.9247410593680578,0.06845640747295559,0.0005023650032841066
675.9826178110656,0.006256357832729192,0.9249837621208303,0.06818521314494222,0.0005746669015015866
676.1828496291375,0.006242708662428324,0.9252243369277681,0.06794781962922844,0.0005851347805756336
676.3830814472095,0.006196296681618229,0.9255964898403002,0.06771662216626755,0.0004905913118156242
676.5833132652815,0.006125226504812015,0.9258237594290512,0.06749069164744001,0.0005603224187004616
676.7835450833535,0.006133232335653727,0.9258889826753438,0.06731807614828146,0.0006597088407217813
676.9837769014255,0.006082038940473904,0.9263772603395072,0.06705991603689926,0.0004807846831187428
677.1840087194975,0.0060093230715542794,0.9265418236267283,0.06686136203476437,0.0005874912669538058
677.3842405375696,0.006014316410386889,0.9268502577948731,0.06657109131492582,0.0005643344798157288
677.5844723556415,0.0059713773221498016,0.9272271160567394,0.06632500552977495,0.0004765010913380423
677.7847041737135,0.0059078063103398405,0.9275219798625298,0.06606870857679983,0.0005015052503325141
677.9849359917855,0.005884528482232957,0.9277030909883532,0.06583401561132324,0.0005783649180910488
678.1851678098575,0.005872238668347048,0.9279976979757888,0.06562506554212731,0.0005049978137381528
678.3853996279295,0.005793653568140658,0.9283327485017933,0.06539139364040665,0.0004822042896629983
678.5856314460015,0.00577654554821074,0.9283448966025808,0.0652234071164793,0.0006551507327294348
678.7858632640734,0.005761539566534176,0.9288089879962386,0.06495169850736723,0.00047777392986321406
678.9860950821455,0.005686606831349144,0.9291082884893833,0.06472459014347574,0.00048051453579261674
679.1863269002175,0.005669730031978775,0.9293412999754873,0.06444627921521401,0.0005426907773205985
679.3865587182895,0.0056509708705797124,0.9296561219349591,0.06420255304213074,0.0004903541523301057
679.5867905363615,0.005593445054364282,0.9300099351701234,0.06395918706296629,0.00043743271254818714
679.7870223544335,0.005547528317806365,0.9301958313101142,0.06372419822685566,0.0005324421452249071
679.9872541725055,0.005555050589669843,0.9303524402955482,0.06354119422045454,0.0005513148943310112
680.1874859905774,0.005491405708278411,0.9307846699318176,0.06329760824775518,0.00042631611215032206
680.3877178086494,0.005442478980273029,0.9308562447377473,0.06311318971297775,0.0005880865690035236
680.5879496267215,0.005448694723696934,0.9312241104357804,0.06283672431499641,0.0004904705255279317
680.7881814447935,0.005392409504543777,0.9315982504813091,0.06259335583418621,0.0004159841799623873
680.9884132628655,0.005348349586497891,0.9318362614183747,0.062328102323602266,0.0004872866715273452
681.1886450809375,0.005336143894320381,0.9320708310798658,0.0620873915345488,0.0005056334912671173
681.3888768990095,0.0053045108999404365,0.9324166925958001,0.06186353456938858,0.00041526193487097343
681.5891087170814,0.00524053010803705,0.9326714164859746,0.06162676960216168,0.0004612838038274758
681.7893405351534,0.0052417110620528425,0.9327139178993691,0.06145901091612474,0.0005853601224536135
681.9895723532254,0.0052081499155973284,0.9331800349360406,0.06120686101452654,0.00040495413383959545
682.1898041712975,0.005141833296393047,0.9333797398410927,0.06099499643872636,0.0004834304237890368
682.3900359893695,0.005143505019808347,0.9336404845842405,0.06072186692922762,0.0004941434667244568
682.5902678074415,0.00511277324575856,0.934005807776529,0.0604765141655616,0.00040490481215167413
682.7904996255135,0.005057365683762343,0.9343047931131871,0.060223022710444565,0.00041481849260790164
682.9907314435854,0.005032990741534124,0.9344933593986335,0.05998223040257375,0.0004914194572618625
683.1909632616574,0.005028564988036269,0.9347437536292571,0.05978537762621145,0.0004423037564961766
683.3911950797294,0.0049637622276475874,0.9350969229826521,0.05954650601798567,0.0003928087717163415
683.5914268978014,0.004939684782422718,0.9351192654223129,0.05937377973043869,0.0005672700648265169
683.7916587158735,0.004935319706970147,0.9355352698440531,0.059116734471435305,0.0004126759775436406
683.9918905339455,0.004873357189439836,0.9358543343051737,0.0588823769021902,0.0003899316031967345
684.1921223520175,0.004852245562500956,0.9360637529930977,0.05861655540244101,0.00046744604196198006
684.3923541700894,0.0048392909155469096,0.9363631263734236,0.058374591644082124,0.00042299106694862156
684.5925859881614,0.004795039481759541,0.9367074503447268,0.0581370383515248,0.00036047182198846895
684.7928178062334,0.004751069224894213,0.9369117329013655,0.057895336928077835,0.0004418609456631295
684.9930496243054,0.004757174593704126,0.9370296376213534,0.05772222637392074,0.0004909614110227587
685.1932814423774,0.004710204487716488,0.9374573827932405,0.05748204392372953,0.0003503687953144718
685.3935132604495,0.004661175369212828,0.937559963879744,0.05728749228693862,0.0004913684641047125
685.5937450785215,0.00466880480857324,0.9378715913564799,0.0570295550312512,0.0004300488036979267
685.7939768965934,0.004626126839412923,0.9382435857807339,0.056786861794187835,0.000343425585666033
685.9942087146654,0.004583729735882254,0.9384795353284283,0.05652899804415475,0.00040773689153631815
686.1944405327374,0.004572033815812594,0.93870655516452,0.05628791735963752,0.00043349366003154685
686.3946723508094,0.004551904489926702,0.9390201593335303,0.05607516783231439,0.0003527683442304553
686.5949041688814,0.004495980199843804,0.9392947157256462,0.05583451829924678,0.00037478577526454287
686.7951359869534,0.004490598998687475,0.9393250338314865,0.05566888464165628,0.000515482528169973
686.9953678050255,0.0044710063258686815,0.9397582831894823,0.05542880362645618,0.0003419068581950884
687.1955996230975,0.004412709840116324,0.939987157674198,0.055209023468241386,0.0003911090174471096
687.3958314411694,0.0044101396294138435,0.9402055949200172,0.05495284839576895,0.0004314170548002869
687.5960632592414,0.004388953474981857,0.9405545463716449,0.054712376248464034,0.00034412390491077473
687.7962950773134,0.004342360912235804,0.9408538494238772,0.05446541986446143,0.000338369799428617
687.9965268953854,0.00431752308103069,0.9410471504034267,0.054222597402039885,0.0004127291135038558
688.1967587134574,0.004317458040962791,0.9412546585579604,0.0540382854080491,0.0003895979930288281
688.3969905315294,0.004265837449505187,0.9416158106520724,0.05380160603165203,0.0003167458667730477
688.5972223496015,0.004237298204403631,0.941654954065956,0.05362358839977786,0.00048415932986509895
688.7974541676734,0.0042396144086532216,0.9420176172651437,0.053384369907780393,0.0003583984184237886
688.9976859857454,0.004189931247342358,0.9423475820240986,0.053149335431050965,0.0003131512975098233
689.1979178038174,0.00416590191833165,0.9425396278029329,0.05289587971416118,0.00039859056457488363
689.3981496218894,0.004156799665893816,0.9428213163693169,0.052658464626903205,0.0003634193378865617
689.5983814399614,0.004124178515484402,0.9431491738008987,0.05243094997584295,0.0002956977077755788
689.7986132580334,0.004083341055282409,0.9433669629794375,0.05218804397867961,0.0003616519866004272
689.9988450761053,0.004086436855631285,0.943454412916151,0.05202278628972296,0.0004363639384975052
690.1990768941774,0.0040537493440815035,0.9438666515563792,0.05179237256321185,0.0002872265363288901
690.3993087122494,0.004007129050297578,0.9439990258032147,0.0515908109562743,0.00040303419021464534
690.5995405303214,0.004013698645405388,0.9442565656052627,0.05135189648388527,0.000377839265450024
690.7997723483934,0.003982462557175435,0.9446192625390175,0.05111506080611383,0.00028321409769303644
691.0000041664654,0.00394332630818725,0.9448544863620014,0.05086634274904193,0.0003358445807699398
691.2002359845374,0.003931616263151511,0.945072207422103,0.05062790484972507,0.0003682714650223991
691.4004678026093,0.0039198795802640515,0.9453499706390277,0.050428459640963125,0.0003016901397466733
691.6006996206813,0.0038724569649006544,0.9456369571024434,0.050190307731583714,0.00030027820107357865
691.8009314387534,0.0038615283644249446,0.9456641291688002,0.050025205249742,0.00044913721703458454
692.0011632568254,0.0038523560290053592,0.9460561037883235,0.049801306340632075,0.00029023384203953856
692.2013950748974,0.0038028267159892336,0.9463069703058455,0.04957926076787139,0.000310942210294646
692.4016268929694,0.003795966028752235,0.9464899769619645,0.049339322080426684,0.00037473492885832613
692.6018587110414,0.0037819859005962966,0.9468185798664811,0.04910697060197422,0.0002924636309496499
692.8020905291133,0.003744214551689748,0.9471136359732757,0.048869991893037604,0.000272157582001418
693.0023223471853,0.0037195990689605153,0.9473088609723783,0.0486292551819331,0.00034228477672940724
693.2025541652573,0.003721235261966172,0.9474769803439224,0.048456986676640085,0.00034479771747168735
693.4027859833293,0.0036817312130064095,0.9478365655008469,0.04822861901158912,0.0002530842745573086
693.6030178014014,0.003651136158121569,0.9478962928169385,0.04804629550362292,0.000406275521321985
693.8032496194734,0.003656845593914961,0.9482034970998476,0.047826362602996955,0.00031329470323893
694.0034814375454,0.003618270382474162,0.9485359951399008,0.04759630962590892,0.0002494248517173303
694.2037132556173,0.0035928428594808716,0.9487163020484425,0.047355283831948,0.00033557126012704664
694.4039450736893,0.0035861004038036134,0.9489783341570309,0.04712488799418761,0.00031067744497866197
694.6041768917613,0.003563157439985628,0.9492838589094713,0.046910496381428815,0.00024248726911578123
694.8044087098333,0.0035263283870634213,0.9495104430639203,0.04667154865762259,0.00029167989139554026
695.0046405279053,0.0035257804234784347,0.9495759944761618,0.046512258770242794,0.0003859663301189376
695.2048723459774,0.0035048125108022147,0.9499631544123471,0.046296224723431416,0.0002358083534190816
695.4051041640494,0.0034623978508356306,0.950121872224001,0.04609168560522622,0.0003240443199395482
695.6053359821213,0.0034663799932241374,0.9503300439629158,0.04587129838192079,0.00033227766194260453
695.8055678001933,0.0034444586033103744,0.9506773781717175,0.04564429846167506,0.00023386476329964235
696.0057996182653,0.0034097389169771447,0.9509117931747253,0.04540662828081978,0.000271839627480381
696.2060314363373,0.0033978004815465447,0.9511185213835018,0.04517381014182836,0.0003098679931228754
696.4062632544093,0.003391714433484474,0.9513592148000203,0.04498854782517614,0.0002605229413188322
696.6064950724813,0.0033527860886506055,0.9516515703069741,0.04475838161535581,0.00023726198901977456
696.8067268905534,0.0033377460087494638,0.9516831361345597,0.04459294203849814,0.00038617581819411353
697.0069587086253,0.003335749455062477,0.9520280219370029,0.04438754771019382,0.0002486808977414379
697.2071905266973,0.003295038493124711,0.9522931959481956,0.04416860021978708,0.0002431653388925697
697.4074223447693,0.003284478129812673,0.952448315022077,0.043944052362283735,0.00032315448582841507
697.6076541628413,0.0032757091275979157,0.9527533480847556,0.04372230826922726,0.00024863451842009273
697.8078859809133,0.003246226462140168,0.9530392525243107,0.043498199682625645,0.00021632133092580553
698.0081177989853,0.0032224984654836836,0.9532337796110479,0.04326347537739599,0.0002802465460740398
698.2083496170573,0.003224021077432548,0.9533680658958416,0.04310176855641418,0.000306144470312949
698.4085814351293,0.0031952302512358935,0.953717321812114,0.0428864393615459,0.0002010085751068272
698.6088132532013,0.003164656675889747,0.9537987745517589,0.04270201975677024,0.0003345490155812026
698.8090450712733,0.003171227886889088,0.9540513924620457,0.04250149179793063,0.00027588785313602287
699.0092768893453,0.0031423265004005903,0.9543788611417774,0.042280986363449985,0.00019782599437298667
699.2095087074173,0.0031169884066635516,0.9545519330591565,0.04205276285715383,0.00027831567703008305
699.4097405254893,0.0031115108847155184,0.9547926900307183,0.041831600280580195,0.00026419880398959766
699.6099723435613,0.003096203280888667,0.9550714780526506,0.04163228487300035,0.0002000337934617827
699.8102041616332,0.003063954493017117,0.9553024301291598,0.041401864386847016,0.0002317509909773587
700.0104359797053,0.0030598463908586048,0.9553541151163819,0.041247206122797135,0.0003388323699636825
700.2106677977773,0.0030480269516520776,0.9557084037806176,0.04104852993256776,0.0001950393351644664
700.4108996158493,0.003010925182383394,0.9558884580151938,0.04084543724906552,0.0002551795533589087
700.6111314339213,0.0030116259595574083,0.9560538633746132,0.0406425198366546,0.0002919908291755754
700.8113632519933,0.002997036894400166,0.9563808160495394,0.04042825999744391,0.00019388705862038468
701.0115950700653,0.0029674047908579038,0.9566130309252767,0.04020353696636295,0.00021602731750344935
701.2118268881372,0.0029552480662890447,0.95680737642732,0.03997917230719883,0.00025820319919240604
701.4120587062092,0.0029525643263684565,0.9570118764482384,0.039808031808670444,0.00022752741672359513
701.6122905242813,0.0029217460294281186,0.9573029467839119,0.03959029118703382,0.0001850159996278107
701.8125223423533,0.002904148142538782,0.9573437682693807,0.03942519977828317,0.0003268838097979807
702.0127541604253,0.002906525998945926,0.95763850020195,0.03923916039075771,0.00021581340834694193
702.2129859784973,0.002874176558621655,0.9579103730913979,0.03902804702111898,0.0001874033288603646
702.4132177965693,0.002860901854475606,0.9580450183485624,0.03881817707254459,0.0002759027244199659
702.6134496146412,0.002855691481364695,0.9583239674124973,0.03860892748573323,0.00021141362040572652
702.8136814327132,0.002833576122815915,0.9585959512049282,0.03839989095236396,0.00017058171989482105
703.0139132507852,0.002811333817721884,0.958787522349204,0.03817472068953659,0.00022642314353811218
703.2141450688573,0.0028116631580916165,0.9588939661058951,0.0380224479673293,0.0002719227686860779
703.4143768869293,0.00279196555558586,0.9592251257816882,0.037823504810413654,0.00015940385231236835
703.6146087050013,0.0027630386971277242,0.9593272037869067,0.03763997247468491,0.000269785041282028
703.8148405230733,0.002768707913456373,0.9595287303748132,0.037458046614970604,0.0002445150967625314
704.0150723411452,0.0027479492497631593,0.9598445989027812,0.03725054846517852,0.0001569033822775315
704.2153041592172,0.002723982850593376,0.9600134998185392,0.03703577273831329,0.00022674459255432234
704.4155359772892,0.002719012167339223,0.9602318493884033,0.036825796186858266,0.0002233422574008027
704.6157677953612,0.002709391113360086,0.9604811513733913,0.03664250927860882,0.00016694823464235623
704.8159996134333,0.0026820122237425654,0.9607123596139227,0.03642440097434692,0.00018122718798946227
705.0162314315053,0.0026749028716848582,0.9607570668656515,0.03627377191456898,0.0002942583480962525
705.2164632495773,0.002669791503596778,0.9610727364753425,0.036094007608069675,0.00016346441299206664
705.4166950676492,0.0026385073842313707,0.9612682259833988,0.035896664250721584,0.00019660238164795297
705.6169268857212,0.0026359007034854574,0.9613985580277629,0.03570994512530352,0.0002555961434494288
705.8171587037932,0.0026268685984483886,0.9617011166362851,0.0355104126866858,0.00016160207858252726
706.0173905218652,0.002602535194720047,0.9619287330799238,0.035300334917664336,0.0001683968076948125
706.2176223399372,0.002590323345410135,0.962109792540923,0.035086972357299635,0.00021291175636877697
706.4178541580093,0.002589334809257094,0.9622806654519349,0.03492931864820078,0.0002006810906096402
706.6180859760813,0.0025659456468163926,0.962564264399109,0.03472728881288219,0.0001425011411940732
706.8183177941532,0.0025472659126709518,0.9626171133101791,0.03456396012721743,0.0002716606499320921
707.0185496122252,0.0025517464315747847,0.9628613269996005,0.03439701534865698,0.00018991122016899967
707.2187814302972,0.002526965536943846,0.9631327864168404,0.03419758989666339,0.00014265814955450465
707.4190132483692,0.002512128609028742,0.9632535686021018,0.03400192572101139,0.00023237706785929325
707.6192450664412,0.0025091520711057447,0.9635046466901229,0.03380655146479894,0.0001796497739733092
707.8194768845132,0.0024932555910068973,0.9637585205188028,0.033614019343746804,0.00013420454644404476
708.0197087025853,0.002472997983246192,0.9639452949330272,0.03340139076515345,0.00018031631857535232
708.2199405206572,0.0024716623215649295,0.964030201917043,0.03325751412037395,0.00024062164102085112
708.4201723387292,0.002459339173629508,0.9643367021228124,0.03307697529414253,0.00012698340941603428
708.6204041568012,0.002433198405000011,0.9644565903708768,0.03289760793975497,0.00021260328436961115
708.8206359748732,0.0024369142315505284,0.9646125799352493,0.032732954201107056,0.00021755163209295834
709.0208677929452,0.0024227848841163655,0.9649113500665559,0.032540862865603974,0.00012500218372443202
709.2210996110172,0.0024011601739312976,0.9650776105305416,0.03234032489243134,0.00018090440309637636
709.4213314290892,0.0023962199799933176,0.9652730354365786,0.032143178037604775,0.00018756654582563375
709.6215632471612,0.002390565439082079,0.9654917699012108,0.03197605330034137,0.0001416113593660972
709.8217950652332,0.0023680929021107308,0.9657194218760041,0.03177314683780877,0.00013933838407698102
710.0220268833052,0.0023587992173024984,0.9657625147451789,0.031626698047761796,0.000251987989758379
710.2222587013772,0.0023582007161578305,0.966036012739109,0.03146620445704578,0.00013958208768895437
710.4224905194492,0.0023327586315319295,0.9662407091544528,0.0312783959143242,0.00014813629969084746
710.6227223375212,0.0023272938541678214,0.9663439502275153,0.031106651160507016,0.00022210475781006138
710.8229541555932,0.0023222804940803807,0.9666190820077918,0.03092306487364282,0.00013557262448779325
711.0231859736651,0.002303068208364458,0.9668390922998199,0.030728973739859753,0.00012886575195644685
711.2234177917372,0.0022910585921105,0.9670065221479216,0.03052876405584405,0.00017365520412610146
711.4236496098092,0.002290581260237135,0.9671475011523165,0.03038369787823987,0.00017821970920813866
711.6238814278812,0.0022737268461412497,0.967418013891483,0.03019950905285433,0.00010875020952269958
711.8241132459532,0.0022552279339418547,0.9674836538710544,0.030039949458457973,0.00022116873654691183
712.0243450640252,0.002260103667725756,0.9676794380808922,0.029891076131689034,0.00016938211969289352
712.2245768820972,0.0022419058893850255,0.9679441286846026,0.029706206171343147,0.00010775925467179309
712.4248087001691,0.002226638413973756,0.9680563716238136,0.029524543353529664,0.00019244660868379193
712.6250405182411,0.0022248770358738084,0.9682785823549726,0.02934398739130241,0.00015255321785271762
712.8252723363132,0.002213972526802565,0.9685110794618481,0.029168661726638047,0.00010628628471232661
713.0255041543852,0.0021960763113717543,0.9686915829185399,0.02897092836085281,0.000141412409238888
713.2257359724572,0.002193048977428244,0.9687608304348131,0.028834818014256226,0.00021130257350439243
713.4259677905292,0.0021863940627430364,0.9690375324132313,0.028673521144671137,0.0001025523793554957
713.6261996086012,0.0021637236192712573,0.9691712778463943,0.02850152136585077,0.00016347716848507003
713.8264314266731,0.002165042337151003,0.9692886619607616,0.028352612394884617,0.00019368330720500988
714.0266632447451,0.0021561191594788227,0.9695659095820616,0.02817739997087854,0.00010057128758272113
714.2268950628171,0.0021374507294416646,0.9697296377102156,0.027991904544315792,0.0001410070160287857
714.4271268808892,0.0021322970017955438,0.9699023262064753,0.02780888353664258,0.00015649325509025535
714.6273586989612,0.00212919527408547,0.9700909220554398,0.027657481745121643,0.00012240092535397337
714.8275905170332,0.0021114450671844386,0.9703114765151029,0.027471779454059854,0.00010529896365421226
715.0278223351052,0.0021008653038006,0.9703566418383017,0.02733030309897353,0.00021218975892632673
715.2280541531771,0.002102915696417368,0.9705866459593855,0.02718852487501228,0.00012191346918778336
715.4282859712491,0.0020829913062058187,0.970794457734173,0.027013305729346793,0.00010924523027584227
715.6285177893211,0.0020754020241537997,0.9708781713266413,0.026855519844338954,0.00019090680486763642
715.8287496073931,0.002073114975511646,0.9711238077338598,0.026688496612655217,0.00011458067797387358
716.0289814254652,0.0020585552386187616,0.971333021761956,0.026511304471526945,9.711852790039889e-05
716.2292132435372,0.002047049939651277,0.9714870104828914,0.026325926229408887,0.0001400133480512017
716.4294450616092,0.0020463575151538848,0.9716024503096962,0.026192533493870494,0.0001586586812798423
716.6296768796811,0.0020350119972276865,0.9718549815268593,0.026027282411906997,8.272406400694097e-05
716.8299086977531,0.0020176751413761816,0.9719325469827803,0.0258737798518692,0.0001759980239767214
717.0301405158251,0.0020217908461027563,0.9720840316140562,0.025741519955268025,0.000152657584575336
717.2303723338971,0.002009110400156237,0.972336506373789,0.02557311200894452,8.127121711202412e-05
717.4306041519691,0.0019943905088592876,0.9724439971565708,0.025405457291252,0.00015615504331889155
717.6308359700411,0.00199310513604455,0.9726371943281303,0.02524029017848071,0.0001294103573472335
717.8310677881132,0.001986007022235435,0.972846163686393,0.025082266692809076,8.556259856343047e-05
718.0312996061851,0.0019707109720383843,0.9730191726675936,0.024901107577495425,0.00010900878287336284
718.2315314242571,0.001966254477976411,0.9730777803007692,0.02477257671064093,0.0001833885106133077
718.4317632423291,0.001963671729302444,0.9733211544204317,0.024630405007487408,8.476884277929223e-05
718.6319950604011,0.0019447688683478638,0.9734642128558791,0.024468605122305854,0.0001224131534668954
718.8322268784731,0.001943720376199875,0.9735505748510189,0.024333958235633793,0.00017174653714745845
719.0324586965451,0.0019387138247072267,0.9738029257810938,0.024176327111285676,8.203328291472986e-05
719.232690514617,0.00192327259237028,0.9739630868410086,0.024006543541168934,0.00010709702545246118
719.4329223326891,0.001917846731134953,0.9741139481926988,0.02383856731897624,0.00012963775719100084
719.6331541507611,0.001916215550132335,0.974274054808907,0.023702119492479645,0.00010761014848279048
719.8333859688331,0.0019028194908966782,0.9744842331431749,0.02353477703023783,7.817033569459035e-05
720.0336177869051,0.0018918034583043622,0.974533539663322,0.02339948966295472,0.00017516721542169098
720.2338496049771,0.001895022567283283,0.9747208495597349,0.023275246423533204,0.00010888144944993256
720.4340814230491,0.0018800646186187243,0.9749261645753915,0.023114822121243626,7.894868474709059e-05
720.634313241121,0.0018711996265788127,0.974996936386336,0.02297024176019744,0.0001616222268862204
720.834545059193,0.0018705886416770302,0.9752119735110996,0.022819928063180037,9.750978404503845e-05
721.0347768772651,0.0018600293016051372,0.9754074156111844,0.022660069911226575,7.248517598650604e-05
721.2350086953371,0.0018493325591078143,0.9755485700267293,0.022490674654630033,0.00011142275953265451
721.4352405134091,0.0018480652552469682,0.9756429484067759,0.022368184354056717,0.00014080198392120397
721.6354723314811,0.0018411481886221029,0.9758734780200284,0.022222076527502153,6.32972638473906e-05
721.8357041495531,0.001825654524909819,0.9759609200883553,0.02207688631706861,0.00013653906966761836
722.035935967625,0.0018283550614691915,0.9760737334900825,0.021959614901506688,0.00013829654694228415
722.236167785697,0.0018201280824786323,0.9763095260881836,0.021808677194265217,6.166863507427268e-05
722.436399603769,0.001806703739017155,0.9764144831238349,0.021655140589051047,0.00012367254810019968
722.6366314218411,0.0018054036817508306,0.9765793898857681,0.021505603122580194,0.00010960330990486169
722.8368632399131,0.0018010523146018654,0.9767638394552981,0.02136449717418452,7.061105591611154e-05
723.0370950579851,0.0017884504492254238,0.976928255505932,0.021200900448882325,8.23935959610174e-05
723.2373268760571,0.001782981826106053,0.9769801510052097,0.021080144249676285,0.000156722919008136
723.437558694129,0.0017830617813701473,0.9771883660421554,0.02095625338945495,7.23187870199899e-05
723.637790512201,0.0017679196043757699,0.9773360588760543,0.020806907671057983,8.911384851408916e-05
723.838022330273,0.0017648622799891608,0.9773989402228103,0.020685233052318536,0.00015096444488458735
724.038254148345,0.0017626418147383604,0.9776240535398963,0.02054524356267334,6.80610826948848e-05
724.2384859664171,0.0017504067407093245,0.977778849185031,0.02039158572198591,7.915835227600096e-05
724.4387177844891,0.001744788441793127,0.9779094359705656,0.02023919099312953,0.00010658459451258114
724.6389496025611,0.001743861567439478,0.9780435614613154,0.020116786444361393,9.579052688387186e-05
724.839181420633,0.0017343084681325262,0.9782403835475335,0.019968183023811065,5.712496052578366e-05
725.039413238705,0.0017235730725387428,0.9782944143685374,0.019840582567655318,0.00014142999127083987
725.239645056777,0.0017268803923141559,0.9784416845348958,0.0197323231960201,9.911187676930804e-05
725.439876874849,0.0017162110652554597,0.9786395834172276,0.01958804297137984,5.6162546138825456e-05
725.640108692921,0.0017068997383192044,0.9787026500345952,0.01945617165700339,0.0001342785700842591
725.8403405109931,0.0017071470678318072,0.9788869543612101,0.019322334265987853,8.356430497041665e-05
726.0405723290651,0.0016998545854323406,0.9790661787146244,0.019179777063949265,5.418963599384432e-05
726.240804147137,0.0016902365668309929,0.9791953529707453,0.019026994288647733,8.741617377659727e-05
726.441035965209,0.001688302936618855,0.9792728694562032,0.01891485392018746,0.0001239736869910413
726.641267783281,0.0016847483787301876,0.9794783977483643,0.01878737759104076,4.9476281868060954e-05
726.841499601353,0.0016714959618456605,0.97957293994477,0.018652490294670948,0.00010307379871491046
727.041731419425,0.0016725430269830452,0.9796535937354889,0.018548608355594298,0.0001252548819358548
727.241963237497,0.00166776431442859,0.9798692376379134,0.018415379010645178,4.7619037014702155e-05
727.4421950555691,0.0016561261153273752,0.9799724619422319,0.018276087015289624,9.532492715169408e-05
727.642426873641,0.001654534034336579,0.9801106340462307,0.018142128057767732,9.270386166611713e-05
727.842658691713,0.0016520449354502015,0.9802706478964842,0.01801721747940869,6.0089688657265165e-05
728.042890509785,0.0016420903903774063,0.9804254055801374,0.017871535470177603,6.0968559308763024e-05
728.243122327857,0.0016360767017593008,0.9804733671520777,0.017759022455896795,0.00013153369026778786
728.443354145929,0.0016376477165569003,0.98064627041427,0.017652083197873744,6.399867130216618e-05
728.643585964001,0.0016260375744796,0.9807941356923262,0.017516791601522808,6.303513167300713e-05
728.843817782073,0.0016215176510667281,0.9808404522390226,0.017407054626616483,0.00013097548329348577
729.0440496001451,0.0016211264132972708,0.9810370076694195,0.01728426713513143,5.7598782153494736e-05
729.244281418217,0.0016118580450265297,0.9811842761842043,0.01714685261080539,5.7013159964961725e-05
729.444513236289,0.0016062177419094719,0.9812966274067093,0.017010216440968343,8.693841041344235e-05
729.644745054361,0.0016055030285667305,0.9814077638060051,0.016900943733202427,8.578943222580452e-05
729.844976872433,0.0015991853462462324,0.9815886374959378,0.016770811764244123,4.136539357489178e-05
730.045208690505,0.0015892800412042223,0.9816470800914762,0.016652186569166505,0.00011145329815509064
730.245440508577,0.0015919755928150117,0.9817584266544896,0.016558217749859765,9.138000283649622e-05
730.445672326649,0.0015848661370721172,0.9819447960244717,0.016430672542222965,3.9665296233647124e-05
730.645904144721,0.0015758231776607878,0.9820038877384275,0.016311210312184216,0.00010907877173081716
730.846135962793,0.0015763300985250752,0.9821582792540607,0.016193320036359548,7.207061105581018e-05
731.046367780865,0.001571574724138513,0.9823195669962932,0.016067637491969648,4.1220787599446594e-05
731.246599598937,0.0015632429694945184,0.9824376729816646,0.01593161861961986,6.746542922345343e-05
731.446831417009,0.0015607277351593505,0.9825019721348496,0.015829498194520224,0.00010780193546952142
731.647063235081,0.0015595442227476916,0.9826806445305176,0.015719626842892027,4.0184403846214045e-05
731.847295053153,0.00154868830404393,0.9827791924326477,0.01559660299838192,7.551626492818384e-05
732.0475268712249,0.0015481581968548109,0.9828344705173471,0.01550466339119582,0.00011270789460479697
732.247758689297,0.0015459178271266072,0.9830274872824009,0.015388781988759342,3.7812901714701716e-05
732.447990507369,0.0015363093001869044,0.9831286504036758,0.015263788118277392,7.125217786207224e-05
732.648222325441,0.0015343226773050593,0.9832423700139914,0.015145094745913051,7.821256279056113e-05
732.848454143513,0.001533004369270347,0.9833789268088344,0.015035454684732094,5.261413716424501e-05
733.048685961585,0.0015255245789705576,0.9835229482621378,0.014907485265965368,4.4041892926733836e-05
733.248917779657,0.0015194099408223011,0.9835686814693412,0.014803812571572452,0.00010809601826515407
733.4491495977289,0.0015215639650318267,0.9837076708544089,0.014712239134665033,5.8526045898939694e-05
733.6493814158009,0.0015131094715956405,0.9838517038819536,0.014591924250607454,4.3262395843894576e-05
733.849613233873,0.0015077382284496813,0.9838873267470354,0.014493329978670661,0.00011160504584583945
734.049845051945,0.0015083998308096749,0.9840549959024929,0.014386939995645567,4.9664271052860994e-05
734.250076870017,0.0015017188203298403,0.9841925770798665,0.014265573962231472,4.0130137574100844e-05
734.450308688089,0.001496271727157308,0.9842890088877547,0.014144534595299192,7.01847897903793e-05
734.650540506161,0.0014954954056697499,0.984380295577312,0.014047555001198078,7.665401582317353e-05
734.8507723242329,0.0014917598569972178,0.984543132362222,0.013935106432244316,3.0001348536494458e-05
735.0510041423049,0.0014830554075772795,0.9846049026786052,0.013826558700375908,8.548321344100956e-05
735.2512359603769,0.001484772701826173,0.9846854344885846,0.013745221817457607,8.45709921314995e-05
735.451467778449,0.0014804969117460862,0.9848570197912228,0.013634348772934552,2.813452409805148e-05
735.651699596521,0.001472266374116779,0.9849144036637516,0.013527085189567384,8.624477256647275e-05
735.851931414593,0.0014726351957033645,0.9850405850792845,0.01342437825289268,6.240147212007528e-05
736.052163232665,0.0014697519897687546,0.9851830214141194,0.01331482508857948,3.2401507533260844e-05
736.2523950507369,0.0014628320170017297,0.9852908658164854,0.013195288859231774,5.101330728129728e-05
736.4526268688089,0.0014599174145780624,0.9853449014594626,0.013103024741112725,9.215638484730394e-05
736.6528586868809,0.0014602367801868053,0.9854960643669455,0.013009382068425397,3.431678444568363e-05
736.8530905049529,0.0014517414245618224,0.985595520786734,0.01289923925647829,5.3498532226887164e-05
737.053322323025,0.001449918297636371,0.9856319321647597,0.01281801182707628,0.00010013771052888567
737.253554141097,0.001449423250721254,0.9858008133009593,0.012718661826488634,3.110162183297474e-05
737.453785959169,0.0014418760263156692,0.9858988212552524,0.012607859998818787,5.1442719614230875e-05
737.6540177772409,0.0014395259227502272,0.9859909156423864,0.012503881565908538,6.567686895587337e-05
737.8542495953129,0.001438872911496531,0.9861056469874305,0.012408474503295743,4.7005597779236106e-05
738.0544814133849,0.0014335942994112244,0.9862378568017213,0.012297546943045995,3.100195582280949e-05
738.2547132314569,0.0014277546924667448,0.9862821771999986,0.012203299474778955,8.67686327559779e-05
738.4549450495289,0.0014298495184802637,0.9863899566965222,0.012125415912494282,5.477787250575389e-05
738.655176867601,0.0014240887230832081,0.9865267445620914,0.012020342766933704,2.882394789480111e-05
738.855408685673,0.0014184452475182127,0.9865561893997161,0.011932357651467412,9.300770129942192e-05
739.0556405037449,0.0014195629606732374,0.9866955938956778,0.011841297610645642,4.354553300386158e-05
739.2558723218169,0.0014150213260541885,0.9868216260639767,0.011735482633222877,2.7869976747780622e-05
739.4561041398889,0.0014099858110693142,0.9869045056994336,0.011629573787773725,5.593470172488598e-05
739.6563359579609,0.0014090336153267469,0.9869789640154133,0.011544136851298896,6.78655179635012e-05
739.8565677760329,0.0014072313361166617,0.9871222974636567,0.011448189813404723,2.228138682409164e-05
740.0567995941049,0.0013999284212895926,0.9871856722021651,0.011350716193486767,6.368318306127063e-05
740.257031412177,0.0014005694672253003,0.987240990194481,0.01128049657522893,7.794376306806918e-05
740.4572632302489,0.001398440499501531,0.9873954029654175,0.011185695054109346,2.04614809719702e-05
740.6574950483209,0.0013913735786897311,0.9874520027327054,0.01109048723719613,6.613645140910343e-05
740.8577268663929,0.0013913835631694641,0.9875524346751844,0.011002018058509137,5.4163703134624895e-05
741.0579586844649,0.0013898079318623142,0.9876758847817405,0.01090761622025124,2.6691066147025844e-05
741.2581905025369,0.001384334040053427,0.9877740649558328,0.010803923523515899,3.767748059892666e-05
741.4584223206089,0.0013812384702118763,0.9878200856615028,0.010721438566049858,7.723730223825351e-05
741.6586541386808,0.0013823502293823665,0.9879442519940956,0.010642444187901294,3.095358862259246e-05
741.8588859567529,0.001376041401900032,0.988041742472737,0.010545647330480613,3.656879488279224e-05
742.0591177748249,0.0013733187040607237,0.9880650871268255,0.01047413602689412,8.745814222164947e-05
742.2593495928969,0.001373904247088964,0.9882092652452364,0.010390178151510953,2.6652356163614628e-05
742.4595814109689,0.0013682873085022534,0.9883026247483689,0.010293267855595029,3.5820087533857664e-05
742.6598132290409,0.0013656954764580719,0.9883762375454815,0.01020325200252277,5.481497553897864e-05
742.8600450471129,0.0013653647304852708,0.9884711807224368,0.01012100071339687,4.245383368212293e-05
743.0602768651848,0.0013619437108597916,0.98859058799862,0.010026098278478043,2.1370012044327545e-05
743.2605086832568,0.0013566639799944193,0.9886336601823669,0.00994174082159131,6.79350160477913e-05
743.4607405013288,0.001358304769869141,0.9887139060473256,0.009875903101893279,5.1886080913805974e-05
743.6609723194009,0.0013547400388290627,0.9888406910203196,0.009785776397356786,1.8792543499546013e-05
743.8612041374729,0.0013493128863397868,0.9888672577756176,0.009707860258589503,7.556907945305688e-05
744.0614359555449,0.001350461352915311,0.988979898177089,0.009630896703579025,3.874376641789527e-05
744.2616677736169,0.0013475999998618154,0.9890930134120817,0.00953988938900922,1.9497199048976405e-05
744.4618995916888,0.00134316318595457,0.9891645498886034,0.009448392846397997,4.3894079045236506e-05
744.6621314097608,0.0013420264565249824,0.9892249088475807,0.009373824337557382,5.924035833923481e-05
744.8623632278328,0.0013415572163397564,0.9893479966570801,0.009292954433644527,1.7491692936157922e-05
745.0625950459048,0.0013357245642660702,0.9894113825646104,0.009206899588574461,4.599328255001855e-05
745.2628268639769,0.0013353866119060276,0.9894470998960379,0.009146481152363668,7.103233969567818e-05
745.4630586820489,0.0013347826593982002,0.9895827936638709,0.009066760076677512,1.5663600054676346e-05
745.6632905001209,0.0013290539391256188,0.9896387172696581,0.008983211157842107,4.901763337529547e-05
745.8635223181928,0.001328630675907693,0.989716439096979,0.00890791053158573,4.7019695530035765e-05
746.0637541362648,0.0013279118633252901,0.9898214415657073,0.008827549317834898,2.3097253135115018e-05
746.2639859543368,0.0013238288203629572,0.9899103027573797,0.008738791207124537,2.707721513276105e-05
746.4642177724088,0.0013207639222836158,0.9899499212112473,0.008666008127007244,6.330673946419855e-05
746.6644495904808,0.0013221321958792737,0.9900486507865304,0.008600020241288628,2.919677630371416e-05
746.8646814085529,0.0013177460907127369,0.9901416737159001,0.008516534348480119,2.404584490884997e-05
747.0649132266249,0.0013145445684983148,0.9901567524575092,0.008453949195379649,7.475377861395129e-05
747.2651450446969,0.0013156789697898266,0.9902765480153084,0.008384050489161998,2.3722525741305363e-05
747.4653768627688,0.0013117531587889474,0.9903636859821283,0.00830052708829328,2.4033770791941445e-05
747.6656086808408,0.0013090897554710718,0.9904220312313632,0.008223560138185735,4.5318874983329174e-05
747.8658404989128,0.0013088691295404019,0.9904994087256014,0.008153401213392777,3.832093146495428e-05
748.0660723169848,0.0013069260012686984,0.9906052176544203,0.00807327916561662,1.4577178697030453e-05
748.2663041350568,0.0013023917727413069,0.9906467353526538,0.007999118428506263,5.175444609919533e-05
748.4665359531289,0.0013033956456711068,0.9907037166790111,0.007943802161423638,4.908551389452164e-05
748.6667677712009,0.0013015303515157158,0.9908183678020762,0.007867936716735857,1.216512967142134e-05
748.8669995892728,0.0012966803711369499,0.9908440604554681,0.007799635454471083,5.962371892617872e-05
749.0672314073448,0.0012975904650248127,0.9909321944741025,0.007735449473736042,3.476558714042909e-05
749.2674632254168,0.0012959806172958383,0.9910316024995001,0.007658311669113075,1.4105214092340076e-05
749.4676950434888,0.0012922739749125364,0.9910936844158112,0.007580302323904433,3.3739285375543946e-05
749.6679268615608,0.0012910055187372181,0.99114229631229,0.007515971849297049,5.0726319678817856e-05
749.8681586796328,0.0012913514548002908,0.9912451705577464,0.007448638201253332,1.4839786198264512e-05
750.0683904977049,0.0012869421249727035,0.9913068407659741,0.007374147486932235,3.206962212213701e-05
750.2686223157768,0.001285844417695769,0.9913281800334273,0.007322419692001373,6.355585687712699e-05
750.4688541338488,0.0012862267071199497,0.9914444180530062,0.007256517244136488,1.2837995738432001e-05
750.6690859519208,0.0012818516641011444,0.9914989052883713,0.007184301345414797,3.494170211425645e-05
750.8693177699928,0.00128103129508025,0.9915573171780121,0.0071210197342518825,4.063179265710474e-05
751.0695495880648,0.0012808295202169867,0.9916449357617371,0.007053514537062021,2.0720180983723886e-05
751.2697814061368,0.0012780041702874936,0.991724599073658,0.006978572230315571,1.882452574100165e-05
751.4700132242087,0.0012751485470334067,0.9917589159018897,0.006915329305469032,5.0606245610088165e-05
751.6702450422808,0.001276410996067105,0.9918346241675471,0.006860741234420228,2.8223601965840663e-05
751.8704768603528,0.0012736339787330576,0.9919211373389518,0.006790090816709042,1.5137865609040898e-05
752.0707086784248,0.0012703399157638594,0.9919316210755744,0.006735791847824149,6.224716083991839e-05
752.2709404964968,0.0012716241838783156,0.9920281664924246,0.006678509085301994,2.1700238396357623e-05
752.4711723145688,0.0012690936529376534,0.9921076831694794,0.00660765679988345,1.5566377701887436e-05
752.6714041326408,0.0012665366562542395,0.9921537723594527,0.006542748698853566,3.694228544017092e-05
752.8716359507127,0.001266311956956821,0.9922158237137682,0.006483646661037344,3.421766823796258e-05
753.0718677687847,0.0012654640178585803,0.9923075470013196,0.006416914194019138,1.0074786804857017e-05
753.2720995868568,0.001261774748518962,0.9923471363932792,0.006352827468133845,3.826139007047969e-05
753.4723314049288,0.0012621239130616395,0.992385334922604,0.00630666851786464,4.587264647031129e-05
753.6725632230008,0.0012614965461338916,0.9924865060024763,0.006243932247459659,8.065203932125328e-06
753.8727950410728,0.00125744428998961,0.99251215439953,0.006184900862397185,4.5500448086989376e-05
754.0730268591448,0.0012579819868942064,0.9925786259012096,0.00613213835106052,3.12537608363448e-05
754.2732586772167,0.0012572506981909932,0.9926641118079018,0.006067777095044372,1.0860398864630206e-05
754.4734904952887,0.0012543372586686988,0.9927182171292865,0.006002174208929666,2.5271403117995804e-05
754.6737223133607,0.0012530182431937332,0.9927570512691006,0.0059474564288682676,4.247405883900516e-05
754.8739541314328,0.0012537648676815309,0.9928405012365229,0.005892090326275158,1.3643569522787898e-05
755.0741859495048,0.0012506528060065194,0.9928989818432954,0.005828866327702869,2.1499022995302323e-05
755.2744177675768,0.001249070021722081,0.9929104777368963,0.005784903969343838,5.5548272042121595e-05
755.4746495856488,0.0012499947994878058,0.9930072913419232,0.005731388565662958,1.132529292917395e-05
755.6748814037207,0.0012468761308183796,0.9930592919744626,0.005669971546381669,2.386034833879906e-05
755.8751132217927,0.0012457673102937612,0.9931019093272273,0.0056175202090737505,3.4803153406064224e-05
756.0753450398647,0.0012458409302206956,0.9931735663162896,0.005561654328906306,1.893842458404003e-05
756.2755768579367,0.0012440822438918569,0.9932440042615062,0.005499271669456261,1.2641825148109477e-05
756.4758086760088,0.0012415687289070358,0.9932737491685415,0.0054452762068310226,3.9405895720791795e-05
756.6760404940808,0.001242519824709327,0.9933294535414512,0.005400581129772696,2.7445504069677433e-05
756.8762723121528,0.0012410200750168098,0.9934078995232173,0.005341946934370898,9.133467396628173e-06
757.0765041302247,0.0012379448486387638,0.9934163333570594,0.005295391380392061,5.033041391330107e-05
757.2767359482967,0.001239107292450595,0.9934914616190027,0.005249239610090662,2.0191478457621152e-05
757.4769677663687,0.001237662475938863,0.9935622989633744,0.005190166432686825,9.872128004479137e-06
757.6771995844407,0.0012353746662180957,0.9935989344914836,0.005136113360952728,2.9577481345012207e-05
757.8774314025127,0.0012350996225564336,0.9936477979222907,0.005087064505488057,3.0037949665355984e-05
758.0776632205848,0.0012349909020265668,0.9937253431893585,0.005032270174225622,7.39573439073715e-06
758.2778950386568,0.001232161072855301,0.9937624067806031,0.004978022516409273,2.7409630134865495e-05
758.4781268567287,0.0012319509472619704,0.993786173319947,0.004939830092472378,4.204564032045935e-05
758.6783586748007,0.0012321495169920194,0.9938731118511248,0.004888939191446219,5.799440436639767e-06
758.8785904928727,0.001228990727640175,0.9938988023524086,0.004838731132699643,3.347578725395619e-05
759.0788223109447,0.0012291308572656336,0.9939468318955594,0.004796043586943454,2.7993660233401656e-05
759.2790541290167,0.0012289728975697933,0.994018697368984,0.004743268255624175,9.06147782399422e-06
759.4792859470887,0.0012268463675099873,0.9940658841944097,0.004688901493969252,1.8367944112477086e-05
759.6795177651608,0.0012255633160493642,0.9940965707189204,0.004643146212111558,3.47197529198203e-05
759.8797495832328,0.0012264077268629506,0.9941620520500052,0.004598226415818636,1.3313807313756305e-05
760.0799814013047,0.0012244129533341627,0.994216123118592,0.004545658100450016,1.3805827624577057e-05
760.2802132193767,0.0012226207754243682,0.99422144764838,0.004508683801257088,4.7247774939015576e-05
760.4804450374487,0.0012237452759916215,0.9942995764821597,0.004466055168770985,1.0623073079499429e-05
760.6806768555207,0.0012217117214912753,0.9943479620682558,0.004414767894032231,1.5558316224197305e-05
760.8809086735927,0.0012204588700401057,0.9943781779553538,0.004371951926699162,2.9411247908895344e-05
761.0811404916647,0.0012206468305923643,0.9944355044825064,0.004326510232503234,1.7338454398608126e-05
761.2813723097368,0.0012197309827577552,0.9944966581556907,0.004275367548733984,8.243312820270762e-06
761.4816041278087,0.001217643421076777,0.9945223279997614,0.004230174309828463,2.9854269334711383e-05
761.6818359458807,0.0012182064855272793,0.9945613663944695,0.004194005625617354,2.6421494386541813e-05
761.8820677639527,0.0012176583140222448,0.9946306646448484,0.00414633111390938,5.345927221513008e-06
762.0822995820247,0.0012150182131952217,0.9946385824808115,0.004107015682745265,3.9383623250581995e-05
762.2825314000967,0.0012159028953425224,0.9946946845456065,0.004070528287437658,1.8884271614228194e-05
762.4827632181687,0.0012152517746586748,0.9947562148021432,0.004022213547474842,6.319875724635508e-06
762.6829950362406,0.0012133450482226782,0.9947855647472299,0.0039779532848106145,2.3136919736969053e-05
762.8832268543127,0.0012130163534491032,0.9948232171782408,0.0039379762822138245,2.5790186098957962e-05
763.0834586723847,0.0012133411677508164,0.9948869448826003,0.0038936745931628138,6.039356487159741e-06
763.2836904904567,0.001211324299049007,0.9949209774623452,0.00384872674234229,1.8971496266885284e-05
763.4839223085287,0.0012107133612737416,0.9949342574584946,0.0038174736937856995,3.7555486449253995e-05
763.6841541266007,0.0012113926208410174,0.9950068540672561,0.003777008442314906,4.744869587365459e-06
763.8843859446727,0.0012091180508534678,0.9950321479773037,0.0037350994283340696,2.363454351055395e-05
764.0846177627446,0.001208914450279351,0.9950651102637053,0.003701174927775972,2.4800358243040765e-05
764.2848495808166,0.0012090937449386998,0.9951240811718945,0.003658744917756422,8.080165414330391e-06
764.4850813988887,0.0012076875837462005,0.9951650393510771,0.0036144030416095044,1.2870023568030212e-05
764.6853132169607,0.0012065176139801138,0.9951889337535788,0.0035769078439212166,2.7640788523085957e-05
764.8855450350327,0.0012072650379740687,0.9952384259739792,0.0035410073799475024,1.3301608099622418e-05
765.0857768531047,0.001206177673745275,0.9952871561463805,0.003498235875222511,8.430304654213865e-06
765.2860086711767,0.001204413948282962,0.9952890665200628,0.0034675729191311275,3.894661252430511e-05
765.4862404892486,0.0012054959187922116,0.9953498648395642,0.0034343378672612138,1.0301374382632174e-05
765.6864723073206,0.0012043389141467146,0.9953936306389024,0.0033923831965932483,9.647250359106899e-06
765.8867041253926,0.001203090022797306,0.995414518775309,0.0033580245373025282,2.4366664594316693e-05
766.0869359434647,0.0012032935983655644,0.9954592407461558,0.0033218094786530376,1.5656176826619116e-05
766.2871677615367,0.001202990072598788,0.9955111386095281,0.003280574044471493,5.297273404551052e-06
766.4873995796087,0.0012013659610542358,0.9955331017445379,0.003243579171645334,2.1953122764607434e-05
766.6876313976807,0.0012015591797379906,0.9955588590298663,0.0032147218880375474,2.4859902359850436e-05
766.8878632157526,0.0012016616946686125,0.9956183965885508,0.0031767982610431183,3.143455741139621e-06
767.0880950338246,0.0011995752439685578,0.9956265155271158,0.0031442087092518954,2.9700519666747222e-05
767.2883268518966,0.0012001241294804818,0.9956663618169376,0.003115978801940098,1.753525164380799e-05
767.4885586699686,0.0012000116203818726,0.9957183966511015,0.003077310382400643,4.281346117224431e-06
767.6887904880407,0.0011985531623192039,0.9957422503325017,0.0030416301915773742,1.7566313603766742e-05
767.8890223061127,0.0011981914059562555,0.9957704893656399,0.0030097531680724422,2.1566060332519352e-05
768.0892541241847,0.001198709560066253,0.9958212134933493,0.0029745475175034096,5.5294290828813685e-06
768.2894859422566,0.001197413473498675,0.9958518091410351,0.002938149719221403,1.2627666246628088e-05
768.4897177603286,0.0011965802943007427,0.9958579533661097,0.0029129497859716326,3.251655362192187e-05
768.6899495784006,0.0011974627926873288,0.9959165994526602,0.0028815286560865696,4.4090985681824125e-06
768.8901813964726,0.0011959860736472686,0.9959407914273957,0.0028472975052812135,1.5924993676310626e-05
769.0904132145446,0.0011955404346648184,0.9959619950593562,0.0028208850182866218,2.1579487694228224e-05
769.2906450326166,0.0011958846093844482,0.9960091092422889,0.002787544475193629,7.461673135409988e-06
769.4908768506887,0.0011950879785951388,0.9960442535050497,0.0027520150276094963,8.643488749060131e-06
769.6911086687606,0.001194090346218058,0.9960625037020476,0.0027220124930678736,2.139345866897136e-05
769.8913404868326,0.0011946409489313752,0.9960983273684579,0.002693818978428776,1.3212704185396792e-05
770.0915723049046,0.0011942419987013384,0.9961410820352029,0.0026598126328976025,4.863333200769845e-06
770.2918041229766,0.0011926842565079044,0.9961414669777348,0.0026348467707039574,3.1001995056425186e-05
770.4920359410486,0.00119357503098595,0.9961867850133138,0.0026095690210630215,1.0070934638304735e-05
770.6922677591206,0.0011930783034946049,0.9962251807407599,0.0025760436509527215,5.697304795522428e-06
770.8924995771926,0.0011919598241396476,0.9962393561210897,0.0025490048563015302,1.9679198471795228e-05
771.0927313952647,0.001192126154544805,0.9962732105366947,0.0025208461403434705,1.3817168418016122e-05
771.2929632133366,0.0011922208369159284,0.9963160608461947,0.0024882149458146704,3.503371078688605e-06
771.4931950314086,0.0011910571299331586,0.9963346233185294,0.002458677619154571,1.5641932384642402e-05
771.6934268494806,0.0011909561585171002,0.9963502752003257,0.002436082323838501,2.2686317321254277e-05
771.8936586675526,0.0011914473713309833,0.9963998879559237,0.0024066286852389047,2.0359875068616966e-06
772.0938904856246,0.0011899435317263465,0.9964083132351662,0.0023802378276093967,2.1505405501504284e-05
772.2941223036966,0.0011901735703736798,0.9964348563909267,0.0023589468172591894,1.602322144382896e-05
772.4943541217685,0.0011903907415700978,0.9964776046242219,0.0023287641230505473,3.2405111599425114e-06
772.6945859398406,0.0011893867459254776,0.9964971609855628,0.002300578616811013,1.2873651701874568e-05
772.8948177579126,0.0011890229230912025,0.9965176157592478,0.0022758312378243556,1.753007983604283e-05
773.0950495759846,0.0011895652644470071,0.9965565472252393,0.0022484046466588296,5.4828636567783665e-06
773.2952813940566,0.0011888683814581728,0.9965834199613576,0.0022196586402878694,8.05301689709441e-06
773.4955132121286,0.0011879789515620216,0.9965850912513602,0.0021997359078006987,2.719388927846256e-05
773.6957450302006,0.0011888636245001424,0.9966307176388464,0.0021759708783257426,4.4478583288402015e-06
773.8959768482725,0.0011880504062044181,0.9966530524750616,0.002148706895218232,1.0190223516989948e-05
774.0962086663445,0.001187482731017077,0.9966655465343401,0.002128635654360574,1.8335080283585095e-05
774.2964404844166,0.0011878740210909886,0.996702047839558,0.002103146284855347,6.931854500625021e-06
774.4966723024886,0.0011875510102457459,0.9967316381191003,0.0020752521385449555,5.558732109623369e-06
774.6969041205606,0.0011867631424076857,0.9967452421269798,0.0020519135157166884,1.6081214897071852e-05
774.8971359386326,0.0011870919701069769,0.9967698637237132,0.0020302376695561304,1.2806636622792791e-05
775.0973677567046,0.0011871707178055311,0.9968062963133583,0.002003874705802298,2.658263034941781e-06
775.2975995747765,0.0011859281998825473,0.9968062958873916,0.0019840220091020756,2.3753903625123062e-05
775.4978313928485,0.0011865577872193886,0.9968383221032572,0.0019653770434877042,9.743066035537191e-06
775.6980632109205,0.0011865188139608411,0.9968709202416508,0.0019393065664188225,3.2543779730080813e-06
775.8982950289926,0.001185619310692277,0.9968804672537785,0.0019185102597493048,1.5403175782086344e-05
776.0985268470646,0.0011857278468453746,0.9969051462402174,0.001897274817498427,1.185109544125031e-05
776.2987586651366,0.0011860400557930934,0.9969393947424023,0.0018720090957977677,2.556106009074017e-06
776.4989904832086,0.0011853005487240296,0.9969548393734868,0.0018490859478885637,1.0774129901955023e-05
776.6992223012805,0.001185013108922767,0.9969632425393824,0.0018317812313435264,1.9963120353730832e-05
776.8994541193525,0.0011856798204691685,0.997003179445131,0.001809517558558783,1.6231758408665526e-06
777.0996859374245,0.0011847265127016581,0.9970117048479199,0.0017886840401882414,1.4884599192713443e-05
777.2999177554965,0.0011847040981740754,0.9970278820831004,0.0017731214250616065,1.4292393666216124e-05
777.5001495735686,0.0011850898925434689,0.9970618857566661,0.0017502563627636502,2.767988029756065e-06
777.7003813916406,0.001184501779819503,0.9970779568470436,0.00172849633912666,9.04503401200807e-06
777.9006132097126,0.001184168270147464,0.9970921006220571,0.0017099110888334026,1.3820018963519562e-05
778.1008450277845,0.0011846330771132705,0.9971207483279987,0.0016890487525159804,5.569842374599738e-06
778.3010768458565,0.0011843993279743274,0.9971437387139788,0.0016669709911428833,4.8909669045400755e-06
778.5013086639285,0.0011835856477274813,0.997142910282681,0.00165162741922618,2.1876650366121586e-05
778.7015404820005,0.0011843432435253852,0.9971768601043192,0.0016342087689259362,4.58788323083913e-06
778.9017723000725,0.0011840379121626104,0.9971966832066904,0.0016131281051703348,6.1507759785478655e-06
779.1020041181446,0.0011834616396097252,0.9972031078313051,0.0015983210086930938,1.5109520392793777e-05
779.3022359362166,0.0011838266595337065,0.9972303610198383,0.0015794877111488894,6.324609480445853e-06
779.5024677542885,0.0011838355338998937,0.9972546227189613,0.001558109429237667,3.4323179041804073e-06
779.7026995723605,0.0011832722372925155,0.9972644621689088,0.0015405584380107913,1.1707155787662467e-05
779.9029313904325,0.0011834057752812806,0.9972803098115166,0.0015243337599628547,1.1950653241407103e-05
780.1031632085045,0.0011837736534388598,0.9973103467686076,0.001504470627288011,1.4089506668390162e-06
780.3033950265765,0.0011828906655272156,0.9973105188530846,0.0014891508991138607,1.7439582275960186e-05
780.5036268446485,0.0011832579885099552,0.9973316682816762,0.0014758896187851893,9.184111030701557e-06
780.7038586627206,0.0011835016718573298,0.9973583688086953,0.001456261397909191,1.8681215394939477e-06
780.9040904807925,0.0011828649938449903,0.9973648310810646,0.0014407030928935579,1.1600832202419946e-05
781.1043222988645,0.001182916735803448,0.9973819493489227,0.0014253035682757313,9.830347000122732e-06
781.3045541169365,0.001183308775339156,0.9974082954836765,0.001406247292832329,2.1484481532422266e-06
781.5047859350085,0.0011829324593608667,0.997420897305783,0.0013890309092052296,7.139325653182705e-06
781.7050177530805,0.0011825679227812813,0.9974244249300868,0.0013761636400619129,1.6843507072514855e-05
781.9052495711525,0.0011832511437164079,0.9974553014614168,0.0013598622264451347,1.5851684227048725e-06
782.1054813892245,0.0011827630485609995,0.9974634869793806,0.0013439623407818751,9.78763127788343e-06
782.3057132072965,0.0011825787666348614,0.9974720413519268,0.0013330357299741818,1.2344151465562105e-05
782.5059450253685,0.0011830169993518335,0.9974980979750263,0.0013163414070112957,2.5436186130150943e-06
782.7061768434405,0.0011827722956976611,0.9975111833855654,0.0012999995601089976,6.044758630327219e-06
782.9064086615125,0.0011824969023839609,0.9975203456072468,0.0012866186614190645,1.0538828952327984e-05
783.1066404795845,0.0011828392096147758,0.9975403961311934,0.0012712139775934606,5.55068160047628e-06
783.3068722976565,0.0011829311217373497,0.9975594740331748,0.0012547894771378647,2.8053679512097975e-06
783.5071041157285,0.0011822804866421974,0.9975574954524795,0.0012433776618201151,1.684639906013825e-05
783.7073359338004,0.0011828463393838253,0.9975814106775831,0.0012311004860135148,4.642497021057048e-06
783.9075677518725,0.0011828936183237541,0.9975982591159721,0.0012153686505944267,3.478615110748072e-06
784.1077995699445,0.0011823978142226229,0.9976007583112204,0.00120484997832016,1.1993896238404712e-05
784.3080313880165,0.0011826976586505327,0.9976201827765697,0.0011915358329219986,5.583731858430849e-06
784.5082632060885,0.0011829073358604046,0.9976393966798259,0.0011756236309105389,2.072353407038825e-06
784.7084950241605,0.0011825621841318604,0.9976462485420741,0.00116296099952017,8.228274273833308e-06
784.9087268422325,0.0011825551267432423,0.9976555602439525,0.001151234572173789,1.0650057132562529e-05
785.1089586603044,0.0011830557187740244,0.9976793909824528,0.0011367580116054103,7.952871689709568e-07
785.3091904783764,0.0011825225258513415,0.9976798927907735,0.0011253818517917243,1.2202831587467899e-05
785.5094222964485,0.0011826715807938815,0.9976925884372756,0.0011163925130623416,8.347468869676149e-06
785.7096541145205,0.0011830572129244393,0.9977135868404702,0.0011021883303905175,1.1676162164692704e-06
785.9098859325925,0.0011826843460028785,0.9977180199802114,0.001090946038507785,8.349635280009207e-06
786.1101177506645,0.0011826932189998845,0.9977290976842498,0.001080348015686045,7.861081065230927e-06
786.3103495687365,0.0011830725781301877,0.9977484638647742,0.0010664359154377323,2.0276416591312883e-06
786.5105813868084,0.0011829824433636147,0.9977584911841233,0.0010539987436513933,4.527628862857378e-06
786.7108132048804,0.0011826277977891393,0.9977589793344365,0.0010448311387569345,1.3561729020382622e-05
786.9110450229524,0.0011832233432817652,0.9977817247594242,0.0010333518785114368,1.7000187841914085e-06
787.1112768410245,0.0011830932130134507,0.9977891323954455,0.0010217023102222942,6.072081319682137e-06
787.3115086590965,0.0011828396667554742,0.9977924714485269,0.001014440855749559,1.0248028970996259e-05
787.5117404771685,0.0011832535258202354,0.9978115536118058,0.0010028174981978211,2.375364177772407e-06
787.7119722952405,0.0011832616880631506,0.997821959182005,0.0009909600864881477,3.81904344531156e-06
787.9122041133124,0.0011830637249189723,0.9978273319117672,0.000981850909879364,7.753453435549636e-06
788.1124359313844,0.001183280479003591,0.997840517191842,0.0009709053030652322,5.297026089749423e-06
788.3126677494564,0.0011835702666661843,0.9978557766467214,0.0009591386199440287,1.5144666712935149e-06
788.5128995675284,0.0011831238344824648,0.9978534780329227,0.000951044087270707,1.2354045325104519e-05
788.7131313856005,0.0011834862205229403,0.9978691767596759,0.0009428252796586583,4.511740143566825e-06
788.9133632036725,0.0011837465378866097,0.9978828220147278,0.0009315895708899917,1.8418764984690227e-06
789.1135950217445,0.0011833863071890834,0.9978830214638577,0.000924488282054227,9.103946901109487e-06
789.3138268398164,0.001183607576842497,0.9978960343348328,0.0009156280476175927,4.730040708556111e-06
789.5140586578884,0.0011839095022163609,0.9979105928317886,0.0009042121448136948,1.2855211841251008e-06
789.7142904759604,0.0011837578863368673,0.9979151336057929,0.0008955473716965245,5.561136177236198e-06
789.9145222940324,0.0011836730871519216,0.9979198508739512,0.000887468428372557,9.007610527431022e-06
790.1147541121044,0.0011841880578836073,0.9979379065186532,0.0008773370909309597,5.683325323472276e-07
790.3149859301765,0.0011839558588086743,0.9979386553411707,0.0008693043452357808,8.084454784799418e-06
790.5152177482485,0.0011839498856607126,0.997945166978787,0.0008636308750795488,7.2522604750262986e-06
790.7154495663204,0.0011843729973483148,0.9979609064253734,0.0008538610632559949,8.595140241299598e-07
790.9156813843924,0.0011842305661750824,0.9979639748121953,0.0008461000090893707,5.694612541359565e-06
791.1159132024644,0.0011842163697725042,0.9979704172620498,0.00083933168695092,6.034681228346422e-06
791.3161450205364,0.0011845317918101849,0.9979838831241759,0.0008295940755782099,1.9910084364593745e-06
791.5163768386084,0.001184643802156118,0.9979915981088759,0.0008210306793751072,2.7274095931274665e-06
791.7166086566804,0.0011843605943382385,0.9979904064648331,0.0008148751135116432,1.0357827318296138e-05
791.9168404747525,0.0011848147592826773,0.9980061880453585,0.0008071899571141588,1.8072382466328573e-06
792.1170722928244,0.0011849294741624128,0.9980124610100409,0.0007990890626335888,3.5204531659048652e-06
792.3173041108964,0.0011846844004873773,0.9980125664376707,0.0007946419574793309,8.107204363447742e-06
792.5175359289684,0.0011850299073445966,0.998025752817512,0.0007870593379432499,2.1579372033996595e-06
792.7177677470404,0.0011851978084049014,0.9980337034474033,0.0007788318048830775,2.266939311177956e-06
792.9179995651124,0.0011850857910790384,0.9980363354337747,0.0007731048633382839,5.473911808932417e-06
793.1182313831844,0.0011851998065139553,0.9980443117845867,0.0007657237470567136,4.764661844769078e-06
793.3184632012563,0.0011855782073206464,0.9980559687495799,0.000757677910461376,7.751326397151895e-07
793.5186950193284,0.0011853366711418688,0.9980537901505357,0.0007523081397397167,8.565038586690678e-06
793.7189268374004,0.0011855218600050634,0.9980631340312702,0.0007471949366666326,4.1491720598184155e-06
793.9191586554724,0.0011858806027882185,0.9980735818700941,0.0007396142923575533,9.232347598293555e-07
794.1193904735444,0.0011856753638740658,0.9980726201182253,0.0007351611864908709,6.543331410825328e-06
794.3196222916164,0.0011858222583613083,0.9980805924151357,0.0007297722845924688,3.81304191305768e-06
794.5198541096884,0.0011861367557427244,0.9980910215984975,0.0007219671128139591,8.745329472092243e-07
794.7200859277604,0.0011861402604770935,0.9980938263506409,0.0007164480574263052,3.5853314587473543e-06
794.9203177458323,0.0011860338521588187,0.998095538451487,0.0007112557107684431,7.171985589378525e-06
795.1205495639043,0.0011864846962576722,0.9981084577524368,0.0007045252300952747,5.323212108800467e-07
795.3207813819764,0.0011864816569161153,0.9981092657129187,0.0006992301905324983,5.022439636329602e-06
795.5210132000484,0.0011863921782006145,0.9981116160127763,0.0006960309966756519,5.960812349866608e-06
795.7212450181204,0.001186782767149016,0.9981227272319639,0.0006897611704048503,7.288304842963567e-07
795.9214768361924,0.0011868153069171997,0.9981248146467754,0.0006847324137806182,3.6376325268945025e-06
796.1217086542644,0.0011867979793956519,0.9981278905190651,0.0006808951206236681,4.416380918797032e-06
796.3219404723363,0.0011870312168331175,0.9981366116796847,0.0006744576561910292,1.8994472930952733e-06
796.5221722904083,0.0011872629960277502,0.9981422762508847,0.0006689183286580154,1.5424244301664002e-06
796.7224041084803,0.0011870820113767837,0.9981403365607413,0.0006651425733876068,7.438854496088404e-06
796.9226359265524,0.001187382930514009,0.9981504649371145,0.0006603458151091717,1.8063172657755891e-06
797.1228677446244,0.0011876374710350478,0.9981553842582153,0.0006550946964440164,1.883574306815942e-06
797.3230995626964,0.001187453379644043,0.9981537743831904,0.0006527265437912819,6.045693375354939e-06
797.5233313807684,0.0011877125815213268,0.9981621905153674,0.0006482397228338258,1.8571802808100907e-06
797.7235631988403,0.0011879571233953832,0.9981679140978279,0.0006428676326789664,1.261146097837188e-06
797.9237950169123,0.0011879279498427653,0.9981686989219895,0.0006396957421825741,3.6773859870003424e-06
798.1240268349843,0.0011879732256683065,0.9981729541513258,0.0006350815751106022,3.991047896176457e-06
798.3242586530563,0.0011883556730006844,0.9981813456122047,0.0006299041513572006,3.945634372819347e-07
798.5244904711284,0.0011882893501565122,0.998179467702903,0.0006266872301137303,5.555716831081895e-06
798.7247222892004,0.0011883452814882673,0.9981842312215976,0.0006238572389708012,3.5662579436606705e-06
798.9249541072724,0.0011887168165212228,0.9981916941178224,0.0006191289098037896,4.6015585614291623e-07
799.1251859253443,0.00118865492056701,0.998190294438535,0.0006166520042116747,4.398636688589811e-06
799.3254177434163,0.0011887422938242555,0.9981945142330055,0.0006138435979423794,2.8998752295543956e-06
799.5256495614883,0.0011890194333845998,0.9982014577679194,0.0006088493568361543,6.734418610636494e-07
799.7258813795603,0.001189131229873032,0.9982029991749308,0.0006056895416736797,2.180053524694582e-06
799.9261131976323,0.0011890436592355634,0.9982029334088531,0.0006027024081230498,5.3205237915133966e-06
800.1263450157044,0.0011893893881696953,0.9982115167367371,0.0005985386673187456,5.552077753156313e-07
800.3265768337764,0.0011895354407806995,0.998212192187922,0.0005953847006997878,2.887670598156468e-06
800.5268086518483,0.0011894247866963122,0.9982120546098384,0.0005939423019378637,4.578301531092015e-06
800.7270404699203,0.0011897431912390576,0.9982192940810657,0.0005903144949052094,6.482327944586632e-07
800.9272722879923,0.0011898862710461055,0.9982206137388467,0.000587352930927021,2.147059180957927e-06
801.1275041060643,0.0011898814056934535,0.9982214336465299,0.0005856329819133989,3.0519658664993943e-06
801.3277359241363,0.0011900368400596384,0.9982265570054024,0.0005817150312113628,1.691123327944671e-06
801.5279677422083,0.0011903154288258814,0.9982304425732801,0.0005784323761729201,8.096217214999781e-07
801.7281995602804,0.001190239597655762,0.9982283443778479,0.0005764538056714651,4.962218825885614e-06
801.9284313783523,0.0011904056262243739,0.9982341718317079,0.0005737641955565378,1.6583465127630463e-06
802.1286631964243,0.0011907122999307532,0.9982376782465426,0.0005706918548241757,9.175987051281471e-07
802.3288950144963,0.0011906128271351774,0.998235422344117,0.0005697758967349777,4.1889320149076315e-06
802.5291268325683,0.0011907870469346818,0.9982401873500184,0.0005675375018916431,1.4881011562283486e-06
802.7293586506403,0.0011910433406151595,0.9982439639065944,0.0005643276601910712,6.650926022977231e-07
802.9295904687123,0.0011910830128794236,0.9982436312973966,0.0005629648361728678,2.3208535538034968e-06
803.1298222867842,0.0011910932202772965,0.9982454249297017,0.0005604107285478363,3.0711214739547243e-06
803.3300541048563,0.0011914229179779956,0.998250999474942,0.0005573513104668386,2.2629661589269576e-07
803.5302859229283,0.0011914804381317043,0.99824945052517,0.000555749333362966,3.319703338522123e-06
803.7305177410003,0.0011914612835340563,0.9982512106235366,0.0005545058283856761,2.8222645451907545e-06
803.9307495590723,0.001191788979360197,0.9982560672613745,0.0005518899615716218,2.5379769417019455e-07
804.1309813771443,0.0011918365727319464,0.9982546369694911,0.0005508086080132531,2.7178497643750392e-06
804.3312131952163,0.0011918838106752198,0.9982562730174256,0.0005497902426886594,2.0529292140945193e-06
804.5314450132882,0.0011920998069541349,0.9982604488003721,0.0005468945013613559,5.568913131199885e-07
804.7316768313602,0.0011922706625055728,0.998261105750675,0.0005453947566275646,1.2288301938655433e-06
804.9319086494323,0.001192223238661402,0.9982601541486492,0.000544003466940882,3.619145752178607e-06
805.1321404675043,0.0011924545669944485,0.9982653036173317,0.0005416885787841887,5.532368924367253e-07
805.3323722855763,0.0011926735128199074,0.9982657136554192,0.0005401068154421381,1.5060163196792282e-06
805.5326041036483,0.0011925850835462117,0.9982643700063767,0.00053981962970073,3.2252803778058313e-06
805.7328359217203,0.001192816479530047,0.9982685629158902,0.0005380685450174503,5.520595652968496e-07
805.9330677397922,0.001193008292249356,0.9982692536558013,0.000536589797356767,1.1482545941153501e-06
806.1332995578642,0.001193024068084234,0.9982687497056757,0.0005362697509177854,1.956475324182868e-06
806.3335313759362,0.0011931183203185113,0.9982713372794377,0.00053418270024585,1.3617000000427623e-06
806.5337631940083,0.0011933862350332874,0.9982737361296882,0.0005324883176739386,3.8931760880001907e-07
806.7339950120803,0.00119339721003221,0.9982718173965572,0.0005317727433955808,3.0126500150419514e-06
806.9342268301523,0.001193464091204341,0.9982746379972882,0.0005305306580620539,1.3672534484603155e-06
807.1344586482243,0.0011937574385547007,0.9982768253234298,0.0005290168805655016,4.003574509904046e-07
807.3346904662963,0.0011937396874915377,0.9982746002400418,0.0005290258288943888,2.6342435745308038e-06
807.5349222843682,0.0011938429167225187,0.9982767775220356,0.0005282946217229707,1.0849395204175178e-06
807.7351541024402,0.0011940676170441632,0.9982789561039422,0.0005266347592680192,3.4151974670117184e-07
807.9353859205122,0.0011941535609454046,0.9982780721416217,0.0005264306690610969,1.3436283734635272e-06
808.1356177385843,0.001194154535509602,0.998278408750197,0.0005253150166629679,2.1216976324302667e-06
808.3358495566563,0.0011944021911930321,0.9982817053585185,0.000523732423731695,1.600265588328204e-07
808.5360813747283,0.0011945348337936512,0.9982804609869302,0.0005232235744815164,1.780604798662506e-06
808.7363131928003,0.0011944884362410015,0.9982805183793984,0.0005229876530869493,2.0055312753388472e-06
808.9365450108722,0.0011947419283456205,0.9982832673501156,0.0005218251717324993,1.655498072005107e-07
809.1367768289442,0.0011948537269455177,0.9982820042163567,0.0005216427384394224,1.4993182600436948e-06
809.3370086470162,0.0011948794745971125,0.9982820707869745,0.0005217310973771709,1.3186410536807105e-06
809.5372404650882,0.001195030270817736,0.9982842157820234,0.0005203087126795617,4.4523448263213855e-07
809.7374722831603,0.0011952145278687361,0.9982842922402573,0.000519870213552438,6.230183229567682e-07
809.9377041012323,0.0011952103413570276,0.9982830621547018,0.0005195334624871616,2.1940414565095358e-06
810.1379359193043,0.001195341305569922,0.9982857102130636,0.0005184642164301935,4.842649387993851e-07
810.3381677373762,0.0011955661794128209,0.9982858063514057,0.0005179384571523734,6.890120308307377e-07
810.5383995554482,0.0011955204906974326,0.9982841501534959,0.000518310810224823,2.018545582589043e-06
810.7386313735202,0.0011956686560448235,0.9982861372226726,0.0005177733085609852,4.208127232861275e-07
810.9388631915922,0.0011958584464947701,0.9982863321162446,0.0005172702623730943,5.39174891166925e-07
811.1390950096642,0.0011958942687140645,0.9982852426110078,0.0005177378522022962,1.1252680773066975e-06
811.3393268277363,0.0011959474291586528,0.9982862147842652,0.0005168825434292915,9.552431473773582e-07
811.5395586458083,0.001196166253989471,0.9982874494868287,0.0005162138892990572,1.7036988360762142e-07
811.7397904638802,0.0011962326122746465,0.998285881924543,0.0005162795059940839,1.60595718902852e-06
811.9400222819522,0.0011962412335669388,0.998286841374668,0.0005159397358955776,9.77655870126834e-07
812.1402541000242,0.0011964793388940381,0.9982879315914315,0.0005154335285042941,1.5554117123608758e-07
812.3404859180962,0.0011965206531216464,0.998286104698157,0.0005159304057758662,1.444242947831314e-06
812.5407177361682,0.0011965731711915744,0.9982866569142117,0.0005160758750183019,6.940395811819265e-07
812.7409495542402,0.0011967435776456157,0.9982876451423353,0.0005154343149968952,1.769650237117075e-07
812.9411813723123,0.0011968483394263327,0.9982866236163184,0.0005158441215045068,6.839227527631218e-07
813.1414131903842,0.0011968545580304316,0.9982862560032884,0.0005156268867492778,1.2625519337974404e-06
813.3416450084562,0.0011970148833284804,0.9982878706823575,0.0005149887915137399,1.2564280269492047e-07
813.5418768265282,0.001197167038238114,0.9982868910130596,0.0005151226759013884,8.192728030094023e-07
813.7421086446002,0.001197126622852948,0.998286227437139,0.0005154231708148287,1.2227691968647842e-06
813.9423404626722,0.0011972973571366034,0.9982874384096089,0.0005151476402831464,1.1659297380382251e-07
814.1425722807442,0.001197427081657224,0.9982864249068748,0.0005154459681615338,7.020433072282777e-07
814.3428040988161,0.0011974451252458507,0.9982857526681369,0.0005160694928989782,7.327137216369707e-07
814.5430359168882,0.001197538993767906,0.9982865678774336,0.0005155821809031408,3.109478976322273e-07
814.7432677349602,0.0011976997012626322,0.9982863170174126,0.0005157129718372619,2.7030948976143576e-07
814.9434995530322,0.001197727502345011,0.9982851924521927,0.0005159576113591615,1.1224341055626632e-06
815.1437313711042,0.0011977857381680196,0.9982862252320583,0.0005156395449579982,3.494848171651612e-07
815.3439631891762,0.0011979735836683682,0.9982860602248271,0.0005157042863178311,2.619051895684677e-07
815.5441950072482,0.0011979696654873073,0.998284637702906,0.0005163359768394917,1.056654768324288e-06
815.7444268253201,0.0011980504661330614,0.9982852246443444,0.0005164560772676524,2.688122577719548e-07
815.9446586433921,0.0011982031240071207,0.9982850873635108,0.0005164977076957881,2.11804789854675e-07
816.1448904614642,0.0011982501511634029,0.9982839535748147,0.0005172518278384994,5.444461855915985e-07
816.3451222795362,0.0011982795926940343,0.9982840566964357,0.0005171164302863128,5.472805855963761e-07
816.5453540976082,0.001198430666344839,0.9982844817428067,0.0005170176595242178,6.993132561006953e-08
816.7455859156802,0.0011985160679874676,0.9982833416810035,0.0005174429321905174,6.993188219960665e-07
816.9458177337522,0.0011985024106261296,0.9982833674815046,0.0005175653956172694,5.647122533695201e-07
817.1460495518241,0.001198665444720072,0.9982836784885397,0.0005175994268772694,5.6639864139778554e-08
817.3462813698961,0.0011987324969851298,0.9982824009757401,0.000518229500233107,6.370270431001347e-07
817.5465131879681,0.0011987550635072703,0.9982821499017294,0.0005187338737491949,3.611610168045734e-07
817.7467450060402,0.0011988652980322197,0.9982823837779766,0.0005186603555589525,9.05684329755526e-08
817.9469768241122,0.0011989610504532172,0.998281508801241,0.0005192492562643976,2.8089204340798355e-07
818.1472086421842,0.0011989755172289707,0.9982809627720007,0.0005194702199129872,5.914908596344768e-07
818.3474404602562,0.0011990611019464842,0.9982815031431259,0.0005193487896754964,8.696525437056077e-08
818.5476722783282,0.0011991899477835355,0.9982807835928023,0.0005197326383016361,2.9382111386613283e-07
818.7479040964001,0.0011991706696538335,0.9982800565611221,0.0005201952155382857,5.775536896490566e-07
818.9481359144721,0.001199266445389229,0.9982803218002511,0.0005203398576516603,7.189671003964881e-08
819.1483677325441,0.0011993751409202452,0.9982795985406095,0.0005207754786173082,2.508398543138049e-07
819.3485995506162,0.0011993918886395382,0.9982788161799898,0.0005214764309605548,3.155004116322478e-07
819.5488313686882,0.0011994425944719892,0.9982789193225002,0.000521472550867242,1.655321612741652e-07
819.7490631867602,0.0011995550335770547,0.9982785660458801,0.0005217877121079081,9.120843620616049e-08
819.9492950048322,0.0011995946832267042,0.998277767651595,0.0005222115632625656,4.26101916339361e-07
820.1495268229041,0.0011996117698840447,0.9982779537463566,0.0005222510570607379,1.834267011632051e-07
820.3497586409761,0.001199738864837155,0.9982776676854576,0.0005225186204233728,7.482928425266013e-08
820.5499904590481,0.0011997563162026404,0.998276742572687,0.0005231014757604474,3.996353505634907e-07
820.7502222771201,0.0011997913659064772,0.9982766518940008,0.0005234315197185724,1.2522037604727094e-07
820.9504540951921,0.0011998883603536797,0.9982763854387762,0.0005236625598851331,6.364098657200191e-08
821.1506859132642,0.0011999317746055637,0.9982755644282407,0.0005243147677634463,1.8902939122740302e-07
821.3509177313362,0.0011999488327134433,0.9982753612063984,0.0005244730590584244,2.1690182962152978e-07
821.5511495494081,0.0012000310733530303,0.9982753507252766,0.0005245904182903506,2.778308253475253e-08
821.7513813674801,0.0012001012336796874,0.998274669346193,0.0005250228949900232,2.0652513848330821e-07
821.9516131855521,0.0012000896817100251,0.9982744306550742,0.000525262470535052,2.1719268218553758e-07
822.1518450036241,0.0012001764210169534,0.9982743412320232,0.000525461093085671,2.1253875485060772e-08
822.3520768216961,0.0012002343886336616,0.9982736380908489,0.0005259450986083838,1.824219107543458e-07
822.5523086397681,0.001200243577132992,0.998273230422486,0.0005264024494709741,1.2355091322674203e-07
822.7525404578402,0.0012002993330056289,0.998273135067304,0.0005265283023513498,3.729734054844923e-08
822.9527722759121,0.0012003623916447916,0.9982725928217158,0.0005269701298167861,7.465682370044755e-08
823.1530040939841,0.0012003789591905904,0.9982722042435775,0.0005272488485116021,1.679487187759849e-07
823.3532359120561,0.0012004126142551572,0.9982722352021631,0.0005273128969454058,3.928663879597973e-08
823.5534677301281,0.0012004888516992283,0.9982718174626057,0.0005276299153654131,6.377032999752083e-08
823.7536995482001,0.0012004887968600788,0.998271389958387,0.0005279664158829837,1.5482887172235343e-07
823.9539313662721,0.0012005278738296645,0.9982712779106673,0.0005281652543135264,2.896119009899396e-08
824.154163184344,0.0012005890435865564,0.99827089253246,0.0005284670819532467,5.1342002191906846e-08
824.3543950024161,0.001200602925253147,0.998270421950989,0.0005289002922964015,7.48314632759551e-08
824.5546268204881,0.0012006244915877486,0.998270314118792,0.000529013528075927,4.786154443635348e-08
824.7548586385601,0.001200677603128164,0.9982700719619358,0.0005292298488813765,2.0586056003799354e-08
824.9550904566321,0.0012007058289551639,0.9982697095665607,0.0005295064899589466,7.811452628038073e-08
825.1553222747041,0.0012007091846144894,0.9982696429968902,0.0005296011117764318,4.670672001493478e-08
825.3555540927761,0.0012007631481295534,0.9982694383522007,0.0005297833498130887,1.514985742974628e-08
825.555785910848,0.001200782929974311,0.9982690868860147,0.0005300656994675785,6.448454447791284e-08
825.75601772892,0.001200793946013608,0.998268914596484,0.0005302636190189189,2.7838483882126656e-08
825.9562495469921,0.0012008313413567017,0.9982687501570487,0.0005304047275927635,1.3774004044937655e-08
826.1564813650641,0.001200853867386316,0.9982684418101843,0.0005306766432811878,2.7679148462102924e-08
826.3567131831361,0.0012008630470115808,0.9982683186439338,0.0005307865124565066,3.179659849627241e-08
826.5569450012081,0.0012008884961342418,0.9982682406236386,0.0005308601656620975,1.0714566673233952e-08
826.7571768192801,0.0012009163414720546,0.9982680370126695,0.0005310252916336386,2.1354224942519076e-08
826.957408637352,0.0012009168909451107,0.9982679367134029,0.0005311214713442897,2.492430896377548e-08
827.157640455424,0.0012009398707270226,0.9982678478018582,0.0005312029287599265,9.39865572696642e-09
827.357872273496,0.001200959872613824,0.9982676917207564,0.0005313330246519758,1.538197909553403e-08
827.5581040915681,0.001200965102407039,0.9982675761157375,0.0005314455378785625,1.3243979585983278e-08
827.7583359096401,0.001200978299742081,0.9982675287775236,0.0005314832629215457,9.659814569966345e-09
827.9585677277121,0.0012009927877581845,0.9982674425616098,0.0005315551663588654,9.48427333173541e-09
828.1587995457841,0.001200999733926762,0.9982673974754087,0.0005315925107028263,1.0279962736707721e-08
828.359031363856,0.0012010067690088181,0.9982673863206261,0.0005315980240481943,8.886317748097697e-09
828.559263181928,0.0012010158667653764,0.9982673599680644,0.0005316156036787401,8.561492952623432e-09
828.759495,0.0012010204178004593,0.998267356232531,0.0005316147711743733,8.578496222324175e-09
