tg,0,2,9,33,other
0.0,1.0,0.0,0.0,0.0,0.0
0.20023181807199808,0.9999999999963247,3.127111676779976e-19,9.250444867528766e-14,5.560923060301459e-21,3.581656784948424e-12
0.40046363614399616,0.9999999994174406,7.336506789090425e-18,5.587654005477116e-12,2.7037668949820103e-19,5.769722240860124e-10
0.6006954542159942,0.9999999979407177,2.1689155396531234e-17,1.3325453832341067e-11,9.11769586201211e-19,2.0459581642147374e-09
0.8009272722879923,0.9999999981179266,5.04520242041383e-17,2.2709060616751133e-11,1.763864568919237e-18,1.859364743082136e-09
1.0011590903599905,0.9999999992555801,1.3224775696008372e-16,1.1412777963548687e-10,1.3886985323573185e-17,6.302937902115019e-10
1.2013909084319885,0.9999999950560295,2.488898984256792e-16,2.6783457171496785e-10,3.726283188383983e-17,4.6761381649332125e-09
1.4016227265039864,0.9999999935595575,4.0785547290972904e-16,2.35213689139271e-10,1.9927703103046218e-17,6.205231246171051e-09
1.6018545445759846,0.9999999980633661,7.542808893997733e-16,6.993746281376972e-10,1.460695376837099e-16,1.2372600544386645e-09
1.8020863626479828,0.9999999789704579,1.1892375605135047e-15,1.2979986633670226e-09,4.1549483056349275e-16,1.9731542242799593e-08
2.002318180719981,0.9999999876373684,1.765728946455048e-15,1.1814254039023791e-09,2.7622418662819615e-16,1.118120491085297e-08
2.2025499987919788,0.9999999958835841,2.78985757237516e-15,2.379294942054601e-09,8.900706672110779e-16,1.7371176411802148e-09
2.402781816863977,0.999999976313077,4.044093717536951e-15,3.6339219663522684e-09,1.6406363331216536e-15,2.0052995909353664e-08
2.603013634935975,0.9999999697652668,5.655536429915633e-15,4.1070794083013154e-09,1.5798248764091016e-15,2.6127646570542183e-08
2.803245453007973,0.9999999889933981,8.079514783769776e-15,5.5879342604140185e-09,3.557574765770729e-15,5.418655416493737e-09
3.003477271079971,0.999999970390509,1.1093898429080987e-14,9.302011254518159e-09,6.822800838286503e-15,2.0307461209486388e-08
3.2037090891519693,0.9999999332783939,1.459319493610201e-14,9.365918919780325e-09,5.017416418542959e-15,5.7355666158426694e-08
3.4039409072239675,0.9999999842757992,1.9637469869605906e-14,1.2159904690333591e-08,1.1049022507145785e-14,3.5642648154908638e-09
3.6041727252959657,0.9999999336726098,2.5736702388745943e-14,1.9254180751167746e-08,2.0403720673279845e-14,4.707316401410607e-08
3.8044045433679634,0.999999918005498,3.269668551393841e-14,1.8994215260308038e-08,1.5981493770647986e-14,6.300023818787479e-08
4.004636361439962,0.999999961564546,4.213295449387962e-14,2.354943775854032e-08,2.8683870910254685e-14,1.4885945398115879e-08
4.204868179511959,0.9999999359873551,5.341959596182203e-14,3.314286652761427e-08,4.508894060252276e-14,3.0869681729733904e-08
4.4050999975839575,0.9999998802242237,6.615529140526423e-14,3.79771194221717e-08,5.056596030611672e-14,8.179854348992558e-08
4.605331815655956,0.9999999146094724,8.223106398232578e-14,3.925504284194061e-08,5.790271761526176e-14,4.6135347970533856e-08
4.805563633727954,0.999999922621184,1.0166517204627523e-13,5.645267402178591e-08,1.0497091192474174e-13,2.0925938739309155e-08
5.005795451799952,0.999999775388705,1.227748986213811e-13,6.397328100540232e-08,1.0875468394298955e-13,1.6063778555089572e-07
5.20602726987195,0.9999998932370325,1.488724479184827e-13,6.528533471773826e-08,1.3020725557517295e-13,4.147735726026099e-08
5.4062590879439485,0.9999998726105662,1.8006897244519098e-13,9.008904384429453e-08,2.067336785870067e-13,3.73000073271761e-08
5.606490906015946,0.9999997569729218,2.1382136901256201e-13,9.885216040973946e-08,2.1440823067102237e-13,1.4417449462508352e-07
5.806722724087944,0.999999807691521,2.543148566390208e-13,1.0551674681613368e-07,2.4106372449440576e-13,8.679124185893984e-08
6.006954542159942,0.9999998496128149,3.022261998619028e-13,1.3057799826449375e-07,3.805901507266691e-13,1.9808507904794328e-08
6.20718636023194,0.9999997117170306,3.5430552935112767e-13,1.5673563302989187e-07,4.595007950839043e-13,1.3154652655098422e-07
6.407418178303939,0.9999996588517386,4.1370571695465286e-13,1.5355571195366546e-07,3.8343923557919796e-13,1.8759175541999132e-07
6.607649996375937,0.9999998022279555,4.845362821223086e-13,1.8923423452768635e-07,6.940292683255964e-13,8.536635544860776e-09
6.807881814447935,0.9999995293446723,5.606420124939643e-13,2.3011576150077718e-07,8.30328853943626e-13,2.4053817815796965e-07
7.008113632519933,0.999999612022797,6.46082519697432e-13,2.2284188876425077e-07,7.297606077588133e-13,1.651339407256893e-07
7.208345450591931,0.9999997119501047,7.47400852800536e-13,2.673935766642782e-07,1.142485373372456e-12,2.065443079882819e-08
7.408577268663929,0.9999995014748182,8.567461973214616e-13,3.133850844320744e-07,1.3270633089480367e-12,1.851379144636673e-07
7.608809086735927,0.9999994426745227,9.778454075038993e-13,3.2745690385987104e-07,1.2892020171939922e-12,2.2986630705744025e-07
7.809040904807925,0.9999995893498755,1.1183761381104146e-12,3.559411556614595e-07,1.7938033421528017e-12,5.4706057721746255e-08
8.009272722879924,0.9999994419369101,1.2723855640757712e-12,4.3501998117182976e-07,2.27742791755778e-12,1.230395590525122e-07
8.20950454095192,0.9999991240406674,1.4363179379871002e-12,4.444692654481989e-07,1.9178280573401126e-12,4.3148671286656605e-07
8.409736359023919,0.9999994757143335,1.626524770675323e-12,4.778614208939416e-07,2.861906583748989e-12,4.641975563085264e-08
8.609968177095917,0.9999992047757658,1.835929165618714e-12,5.861196403328938e-07,3.5836900758864073e-12,2.09099171193353e-07
8.810199995167915,0.999999046373055,2.057048324747523e-12,5.893524996642572e-07,3.1140660063171153e-12,3.64269271619324e-07
9.010431813239913,0.9999992631851741,2.3128037464900175e-12,6.368248557042779e-07,4.161897383340821e-12,9.99834934552071e-08
9.210663631311911,0.9999991236000798,2.5952108403107006e-12,7.455999073872169e-07,5.236980611357129e-12,1.3079217899214929e-07
9.41089544938391,0.9999988248513433,2.894474705386824e-12,8.038413428750836e-07,5.331238903203897e-12,3.7129908700466013e-07
9.611127267455908,0.999998924446825,3.2265132021615796e-12,8.079654283267627e-07,5.663942099006672e-12,2.675788577866845e-07
9.811359085527906,0.9999989868405167,3.599999671136584e-12,9.56552480337365e-07,8.07024448509708e-12,5.6595335357050224e-08
10.011590903599904,0.9999983118423148,3.986998077068795e-12,1.042594005260435e-06,7.755345896023232e-12,6.455519389284279e-07
10.211822721671902,0.9999987362020027,4.412172282359291e-12,1.0352513619136205e-06,8.5433320302008e-12,2.2853367968288357e-07
10.4120545397439,0.9999986892498535,4.89795946293815e-12,1.215352224698084e-06,1.14988810771415e-11,9.53815241417126e-08
10.612286357815899,0.9999981788278789,5.402648254520136e-12,1.3002641666385162e-06,1.1130359736652601e-11,5.208914215290091e-07
10.812518175887897,0.9999983239199388,5.958171777624694e-12,1.3385374623939122e-06,1.1840409776746543e-11,3.3752480011837467e-07
11.012749993959895,0.9999984549087377,6.583483170632489e-12,1.484131374131693e-06,1.5908217265246612e-11,6.093739646264374e-08
11.212981812031892,0.9999979395059087,7.246726469958879e-12,1.6619578045038097e-06,1.721001615211953e-11,3.985118297545784e-07
11.41321363010389,0.9999976388259665,7.936350729211947e-12,1.6521892059085868e-06,1.4954014245272284e-11,7.089619348502512e-07
11.613445448175888,0.9999981492057962,8.720845282964873e-12,1.823446737485611e-06,2.2712408651737875e-11,2.7316031397224423e-08
11.813677266247886,0.9999972768433445,9.555079737534258e-12,2.0753088618782293e-06,2.405063634270467e-11,6.478141850378289e-07
12.013909084319884,0.9999973819299974,1.041247954278486e-11,2.0355692814735108e-06,2.1692959911949856e-11,5.824686119381726e-07
12.214140902391883,0.9999976911388082,1.1409129887697008e-11,2.2361905187992865e-06,2.996871443713744e-11,7.262929211733878e-08
12.41437272046388,0.9999970293032742,1.2474519828809067e-11,2.487052943345745e-06,3.2149577362393146e-11,4.835991545411217e-07
12.614604538535879,0.9999967854940537,1.358684931661765e-11,2.5632587800756062e-06,3.1015366745775404e-11,6.512025603077951e-07
12.814836356607877,0.999997129615056,1.481706197377252e-11,2.6603146692977155e-06,3.8627128736859724e-11,2.1001682619613016e-07
13.015068174679875,0.9999967125059365,1.617212428647475e-11,3.020372841532274e-06,4.55460752632759e-11,2.6705949900718294e-07
13.215299992751874,0.9999956855388492,1.7517320949844536e-11,3.108395714453704e-06,3.9279305761811073e-11,1.2060086341380928e-06
13.415531810823872,0.9999966120105797,1.8994636499952222e-11,3.1910706452382568e-06,5.212988374817636e-11,1.9684764479021945e-07
13.61576362889587,0.9999959489735109,2.06688709159216e-11,3.645077111489658e-06,6.059797698053632e-11,4.0586810421913115e-07
13.815995446967868,0.9999953295925446,2.2329015617377377e-11,3.6995112191994903e-06,5.325784713701287e-11,9.708206432141317e-07
14.016227265039866,0.9999958365801097,2.4199028110481896e-11,3.848710737778295e-06,6.517728020348883e-11,3.146197701229027e-07
14.216459083111864,0.9999954844703232,2.6291102603505947e-11,4.256717960486964e-06,7.779235173550681e-11,2.58707627594074e-07
14.416690901183863,0.9999946461938541,2.8440617631733684e-11,4.51081907357031e-06,7.662495548612744e-11,8.428820032087072e-07
14.616922719255859,0.9999947122343527,3.066366256251948e-11,4.507486096884599e-06,7.783147294823658e-11,7.801710516983685e-07
14.817154537327857,0.9999949183078346,3.321045067531403e-11,4.998940380316632e-06,1.047323068790153e-10,8.261383767164041e-08
15.017386355399855,0.9999931956501105,3.577992197908696e-11,5.3801726208735976e-06,9.805503411234168e-11,1.424043430070717e-06
15.217618173471854,0.9999940152359218,3.838090338696012e-11,5.306316942492498e-06,1.0285862607360153e-10,6.783058931321263e-07
15.417849991543852,0.9999939822817082,4.150364249799993e-11,5.874515516188605e-06,1.3254538435763233e-10,1.430287248055762e-07
15.61808180961585,0.9999926463137055,4.4681493669347447e-11,6.233091791236248e-06,1.251555212111486e-10,1.1204246658039136e-06
15.818313627687848,0.9999928542231121,4.801888876588123e-11,6.3401427492784575e-06,1.2907930445250664e-10,8.054570395909579e-07
16.018545445759848,0.9999931169502404,5.18075734583608e-11,6.7407950074538725e-06,1.638253400538234e-10,1.420391175148989e-07
16.218777263831843,0.9999919056616343,5.5852511586626844e-11,7.3441744839421156e-06,1.7118854287263148e-10,7.499368379912846e-07
16.41900908190384,0.9999909704676004,5.97192892670276e-11,7.3640505857806215e-06,1.4913941127142912e-10,1.665272952683046e-06
16.61924089997584,0.9999921354023306,6.410903198867326e-11,7.771949383999666e-06,2.1105171694530386e-10,9.237312166671778e-08
16.819472718047837,0.9999902548625441,6.891877920610331e-11,8.592087181881164e-06,2.1597056429516735e-10,1.1527653817988345e-06
17.019704536119836,0.9999901207625974,7.344176826918775e-11,8.501771326068212e-06,1.9333705679904542e-10,1.3771992938291824e-06
17.219936354191834,0.9999908040807939,7.886386954740789e-11,8.997630537637247e-06,2.536224269530619e-10,1.9795617866134775e-07
17.420168172263832,0.9999893786438646,8.478752166811697e-11,9.76745357865764e-06,2.661862792095481e-10,8.535515783413573e-07
17.62039999033583,0.9999886845669838,9.069287072696059e-11,1.0020894605126381e-05,2.540670057947241e-10,1.2941936468271491e-06
17.82063180840783,0.9999892226469662,9.704166453074971e-11,1.020651849354976e-05,2.979669420388892e-10,5.704395276638286e-07
18.020863626479827,0.999988405936383,1.0427828804841636e-10,1.1188063235607172e-05,3.4631080884134217e-10,4.0554978972381676e-07
18.221095444551825,0.9999860455868066,1.1106119050655353e-10,1.1567234310082322e-05,3.0023145349370915e-10,2.3867675884949268e-06
18.421327262623823,0.999987800781815,1.1812910347622705e-10,1.1640555009306658e-05,3.720184306270612e-10,5.581730267114269e-07
18.62155908069582,0.9999865987962783,1.267235416100898e-10,1.2831562485310907e-05,4.264298481028763e-10,5.690880818905158e-07
18.82179089876782,0.9999849611003968,1.3480250228190093e-10,1.310877919362367e-05,3.7327448631247457e-10,1.929612331298547e-06
19.022022716839817,0.9999858652633815,1.4375732743722277e-10,1.3403626152349632e-05,4.3498465072606416e-10,7.305317206851483e-07
19.222254534911816,0.9999852241770719,1.5415368057206233e-10,1.439495287889496e-05,5.116313068583421e-10,3.802042610742176e-07
19.422486352983814,0.9999834125118772,1.6467569460404288e-10,1.5133919183878311e-05,4.956276351454819e-10,1.4529086308809279e-06
19.622718171055812,0.9999831764945614,1.7483368719403612e-10,1.5117516567946041e-05,4.852494186040365e-10,1.7053287828672953e-06
19.82294998912781,0.9999837027942962,1.8681822878389698e-10,1.619738104538376e-05,6.424218848102668e-10,9.899541532816894e-08
20.02318180719981,0.9999802749025217,1.9891920263297845e-10,1.7309840222379326e-05,5.964440718301259e-10,2.4144618896811073e-06
20.223413625271807,0.9999814075423316,2.100910696046505e-10,1.7060737488842533e-05,5.995805758183854e-10,1.5309105057186292e-06
20.423645443343805,0.999981513822696,2.2444717291773906e-10,1.8300957366177705e-05,7.639412046075949e-10,1.842315480285006e-07
20.623877261415803,0.9999787672227975,2.3907264499561876e-10,1.9329539169729867e-05,7.158177830798145e-10,1.9022831414335002e-06
20.8241090794878,0.9999788979587979,2.537298175469809e-10,1.9562586615312515e-05,7.206821324663493e-10,1.5384801731181492e-06
21.0243408975598,0.9999793381619223,2.7058052504996576e-10,2.0338787768904987e-05,8.868471405190029e-10,3.218928793879853e-07
21.224572715631798,0.9999770576579832,2.8895447296842043e-10,2.1816543102675058e-05,9.199168766164439e-10,1.1245900415529454e-06
21.424804533703796,0.9999748722484474,3.053254334902717e-10,2.2019230316257396e-05,7.969312739293779e-10,3.107418979664005e-06
21.625036351775794,0.9999770461078675,3.23631441175517e-10,2.267592960184084e-05,1.0796560599829049e-09,2.7655924497762017e-07
21.825268169847792,0.9999737149287229,3.448170595818036e-10,2.4626600107348367e-05,1.1024006420493077e-09,1.6570239535447463e-06
22.02549998791979,0.9999727894991205,3.6321888435931605e-10,2.455200979657507e-05,9.702641468152777e-10,2.6571576011964e-06
22.22573180599179,0.9999740870537414,3.8573983174005845e-10,2.544942195664224e-05,1.2341840284978139e-09,4.6190438035701256e-07
22.425963624063783,0.9999715671383248,4.112746645629065e-10,2.7207523006531406e-05,1.296087407830388e-09,1.2236313090959614e-06
22.62619544213578,0.9999699730934154,4.3586787135509585e-10,2.78704881724227e-05,1.2240447803816632e-09,2.1547585024855834e-06
22.82642726020778,0.9999705973490369,4.6140924837458294e-10,2.8129481319831994e-05,1.3713610203124345e-09,1.2713368750610129e-06
23.026659078279778,0.9999693278127862,4.915428451385315e-10,3.0166987635376085e-05,1.606739326757473e-09,5.031012953140335e-07
23.226890896351776,0.9999648019961629,5.19047639445214e-10,3.128459144474174e-05,1.3972516433325936e-09,3.9114960926006924e-06
23.427122714423774,0.9999675580558198,5.45726894250312e-10,3.117140588905076e-05,1.6377192143833417e-09,1.2683548448563858e-06
23.627354532495772,0.9999657448069754,5.8067551784638e-10,3.3592765789699285e-05,1.8949487509228283e-09,6.59951609598822e-07
23.82758635056777,0.999962253034644,6.126692648184434e-10,3.4488836398083814e-05,1.6512911082294896e-09,3.2558649967716416e-06
24.02781816863977,0.9999636394105067,6.470099404773591e-10,3.493464993013765e-05,1.855159915457162e-09,1.4234373918104733e-06
24.228049986711767,0.9999626866584824,6.883141667186983e-10,3.682101380987443e-05,2.179693737222178e-09,4.89459698620733e-07
24.428281804783765,0.9999593109358782,7.301426848588611e-10,3.853266541317064e-05,2.0976218672762385e-09,2.1535709434345666e-06
24.628513622855763,0.9999582787193183,7.681085619048145e-10,3.856060754464327e-05,1.988975313348436e-09,3.15791605174251e-06
24.82874544092776,0.9999594479767808,8.133922096699082e-10,4.0410233310282234e-05,2.622538173599675e-09,1.3835397710400995e-07
25.02897725899976,0.9999535506496945,8.604351063489949e-10,4.295629141944452e-05,2.444208180955894e-09,3.4897542417021212e-06
25.229209077071758,0.9999546354315263,9.001826778296701e-10,4.2428386365245584e-05,2.3582193264848925e-09,2.9329237059025613e-06
25.429440895143756,0.9999551377153453,9.53713937422374e-10,4.4598453663491494e-05,3.002541475732057e-09,2.5987473676878646e-07
25.629672713215754,0.9999502618339199,1.0094879156152465e-09,4.693557819756361e-05,2.8250968066795297e-09,2.7987532987075427e-06
25.829904531287752,0.9999500125149613,1.062940042150697e-09,4.740552657801869e-05,2.784579454124224e-09,2.5781109414473606e-06
26.03013634935975,0.999950671358473,1.124356970686153e-09,4.861755238796761e-05,3.3445833539461014e-09,7.066201983071401e-07
26.23036816743175,0.9999469410340448,1.1930533540438223e-09,5.1588157707956925e-05,3.495828026335e-09,1.4661193654136173e-06
26.430599985503747,0.999942616451722,1.251765857189927e-09,5.234416093071449e-05,3.011887191713767e-09,5.035123693740248e-06
26.630831803575745,0.9999462061434413,1.3147637428001667e-09,5.3090001915107235e-05,3.928252079075366e-09,6.986116276549928e-07
26.831063621647743,0.9999410170011588,1.3923266248903597e-09,5.691256981415865e-05,4.069908948218377e-09,2.0649667919607836e-06
27.03129543971974,0.9999383719375345,1.4563681065143102e-09,5.7126538115606147e-05,3.5184235194642714e-09,4.496549558692482e-06
27.23152725779174,0.9999406084855703,1.5339892063358283e-09,5.8438998079665104e-05,4.3626724782508266e-09,9.46619689396384e-07
27.431759075863738,0.9999366928786781,1.6256655187205376e-09,6.176845375784455e-05,4.6355115451387645e-09,1.532406386624313e-06
27.631990893935736,0.9999335107810285,1.7123439299007055e-09,6.325840537667711e-05,4.338857376524988e-09,3.2247623929654126e-06
27.832222712007734,0.9999339560396229,1.7987854142236452e-09,6.356546292217346e-05,4.667434789124081e-09,2.4720312330546763e-06
28.032454530079733,0.9999323456021028,1.903042557841801e-09,6.710049121951288e-05,5.562817213489916e-09,5.464408152359847e-07
28.23268634815173,0.9999246173173014,1.9987725294683818e-09,6.971616138316219e-05,4.8649566567436754e-09,5.659657584033004e-06
28.43291816622373,0.999928360056173,2.0843839675031854e-09,6.913474742700381e-05,5.4111404112549715e-09,2.497700872256611e-06
28.633149984295727,0.9999260181586695,2.2031857726940632e-09,7.329812306533531e-05,6.381318761341359e-09,6.751337563964886e-07
28.833381802367725,0.9999195503586373,2.312313134142357e-09,7.552887916244253e-05,5.559658975171736e-09,4.9128902243198e-06
29.03361362043972,0.9999214342940677,2.4241922580291105e-09,7.609271842567174e-05,6.0482026908332025e-09,2.4645151081791026e-06
29.233845438511718,0.999920222738705,2.562020323951782e-09,7.91407885967467e-05,7.121225370910649e-09,6.267894472491552e-07
29.434077256583716,0.9999145407504395,2.703338869538481e-09,8.254950303317231e-05,6.8598426014434676e-09,2.9001833397260152e-06
29.634309074655715,0.9999119243753828,2.8258171558475718e-09,8.283675118404798e-05,6.331255038744879e-09,5.229716356437888e-06
29.834540892727713,0.999914253775185,2.969979392569594e-09,8.54566162059384e-05,8.314202642870845e-09,2.783244223718896e-07
30.03477271079971,0.9999050794250217,3.1266814808950187e-09,9.040984115449176e-05,7.847503930283402e-09,4.499759633505507e-06
30.23500452887171,0.9999053446047423,3.2502236303134417e-09,8.962644992985067e-05,7.28148879536576e-09,5.018413610244502e-06
30.435236346943707,0.9999066792612467,3.419004013415369e-09,9.286401259627265e-05,9.272482427407341e-09,4.4403466438788155e-07
30.635468165015705,0.9998988824071413,3.601400349925419e-09,9.73878509989458e-05,8.834189988739396e-09,3.7173062634685544e-06
30.835699983087704,0.9998977088209412,3.769998714223903e-09,9.832439013175537e-05,8.538682365422253e-09,3.954480238636118e-06
31.035931801159702,0.9998985885458651,3.960875054086448e-09,9.99521418552401e-05,1.0009819005191164e-08,1.4453415760987678e-06
31.2361636192317,0.9998931000329535,4.17952530277537e-09,0.00010515230383068659,1.0635153476763097e-08,1.7328485277244022e-06
31.4363954373037,0.9998854360220684,4.364016510708734e-09,0.00010715311393279546,9.136969904978641e-09,7.397363003630341e-06
31.636627255375696,0.9998908402212716,4.550289688948242e-09,0.00010761191642829901,1.1455913896808017e-08,1.5318560872612723e-06
31.836859073447695,0.9998835285626978,4.793218407655853e-09,0.00011415235618630952,1.2153971725596313e-08,2.3021339169771026e-06
32.037090891519696,0.9998777949390105,4.990055396130918e-09,0.00011527991724152176,1.0350995980352965e-08,6.909802686090827e-06
32.23732270959169,0.9998813552279322,5.220063926982623e-09,0.00011688211913913135,1.250986658374692e-08,1.7449229875015016e-06
32.437554527663686,0.9998758362660795,5.5023220811117074e-09,0.00012239844643230198,1.3514947825417244e-08,1.7462702084907337e-06
32.637786345735684,0.9998700974304844,5.768172345223939e-09,0.00012539477597889334,1.2566016953114257e-08,4.489459338090801e-06
32.83801816380768,0.9998698677335585,6.0226118669339835e-09,0.000125782726969556,1.3020939324770592e-08,4.330495909825858e-06
33.03824998187968,0.9998682847750711,6.331772430371658e-09,0.0001311354746772698,1.5815672562618165e-08,5.576027965625257e-07
33.23848179995168,0.9998561367664334,6.623870358926403e-09,0.00013636544717575934,1.3958424322797511e-08,7.4772040846353935e-06
33.43871361802368,0.9998605142279452,6.8655564010246105e-09,0.00013501964766561353,1.4749803695150255e-08,4.444509015464234e-06
33.638945436095675,0.9998579864422608,7.2128254532917665e-09,0.00014133736784868755,1.7774869213014896e-08,6.51202184256603e-07
33.83917725416767,0.9998471796594038,7.540165732624657e-09,0.0001459983445743211,1.5566647889676738e-08,6.798889195675944e-06
34.03940907223967,0.9998494124605727,7.859293702077423e-09,0.00014664683609037608,1.64288310310274e-08,3.916415196975166e-06
34.23964089031167,0.9998480752352932,8.256851164833137e-09,0.00015100910921278163,1.9355679848640336e-08,8.880429459259037e-07
34.43987270838367,0.9998392402223003,8.672413486947356e-09,0.00015708053999597419,1.8781009622702234e-08,3.6517842656892382e-06
34.640104526455666,0.9998338928287096,9.022305445512855e-09,0.00015811565716290492,1.6961242393658976e-08,7.965530566372633e-06
34.840336344527664,0.9998380953903531,9.42066291098792e-09,0.00016121851952468868,2.207684041284975e-08,6.545926041854645e-07
35.04056816259966,0.9998248875626944,9.87672939460453e-09,0.00016977623687421424,2.1244513199237333e-08,5.305079174894285e-06
35.24079998067166,0.9998230134532804,1.0220756392026787e-08,0.00016906525282475075,1.9021002618308362e-08,7.892052121782733e-06
35.44103179874366,0.9998258337622894,1.0683484943930185e-08,0.00017329069324521686,2.4155035886676622e-08,8.407059299345687e-07
35.64126361681566,0.9998143579680067,1.1205876522896505e-08,0.00018105890689773874,2.3442706105866207e-08,4.54847649874559e-06
35.841495434887655,0.999811376073849,1.1676906194660198e-08,0.00018290792877922055,2.225105872271274e-08,5.6820693946485155e-06
36.04172725295965,0.9998123772659205,1.2196853941526119e-08,0.00018487097295116466,2.5417496556841406e-08,2.7141467656473717e-06
36.24195907103165,0.9998050058822618,1.2804181627153284e-08,0.000193048950249406,2.7602009232595592e-08,1.9047612851666567e-06
36.44219088910365,0.9997924769121809,1.3321319167068552e-08,0.00019739231425459452,2.3725538297846707e-08,1.0093726694780243e-05
36.64242270717565,0.999799953106622,1.3807953173347483e-08,0.0001969973755212701,2.8504674997107216e-08,3.007205217372532e-06
36.842654525247646,0.9997905343648282,1.447365103820042e-08,0.0002070834037938724,3.11312139350504e-08,2.3366265015344055e-06
37.042886343319644,0.9997798825300014,1.501705621417283e-08,0.0002102380935189233,2.6248270120503183e-08,9.83811114204556e-06
37.24311816139164,0.9997851412309194,1.5618939002620266e-08,0.00021185253631020775,3.086703008169079e-08,2.9597467909679138e-06
37.44334997946364,0.999777978641454,1.638218581747259e-08,0.0002200963255850778,3.3958164386425435e-08,1.8746926001042251e-06
37.64358179753564,0.9997684209968061,1.7106369296709636e-08,0.0002256094326256908,3.1460846200797693e-08,5.9210033412841676e-06
37.84381361560764,0.9997667069422242,1.777394580707282e-08,0.0002262748003444445,3.15036368860645e-08,6.968979838962173e-06
38.044045433679635,0.9997658440981249,1.858011155186093e-08,0.0002334915295510028,3.8920144120366585e-08,6.068720593436868e-07
38.24427725175163,0.9997479376103435,1.9374001797844552e-08,0.0002428040153497682,3.480527178682926e-08,9.204195025743607e-06
38.44450906982363,0.9997520651147271,1.9989088783766117e-08,0.000240556848816094,3.498065412498607e-08,7.323066707654354e-06
38.64474088789563,0.99975006638579,2.0883343205802208e-08,0.00024920065232939855,4.3039435244963194e-08,6.690390960532647e-07
38.84497270596763,0.999733423476458,2.1761009011297787e-08,0.0002577648820476625,3.8109250766238644e-08,8.751771229820852e-06
39.045204524039626,0.9997355508815208,2.2577013682340677e-08,0.00025855133223731333,3.905850999884604e-08,5.8361507152167e-06
39.245436342111624,0.9997342838680314,2.3592930487539657e-08,0.0002642214103785494,4.5895584189203684e-08,1.425233071469818e-06
39.44566816018362,0.9997214489179348,2.4679000235485505e-08,0.0002741142545367741,4.5125221703833176e-08,4.367023303590621e-06
39.64589997825562,0.9997118206576469,2.5581454821665652e-08,0.000276776878165788,4.009155326375055e-08,1.1336791174782674e-05
39.84613179632762,0.9997187256182959,2.6561037078863043e-08,0.0002797276142593964,5.137351275849222e-08,1.4688328913935758e-06
40.04636361439962,0.9997009068856324,2.7742368421044232e-08,0.0002932059188490436,5.069486669350248e-08,5.808758280862973e-06
40.246595432471615,0.9996949062331397,2.8616082723985847e-08,0.0002934065487825943,4.400959368131539e-08,1.1614592399633284e-05
40.44682725054361,0.9997000890037815,2.9746220510981994e-08,0.0002982426401080449,5.5472247362757495e-08,1.5831376393463905e-06
40.64705906861561,0.9996843529238792,3.108227122473614e-08,0.00031037563312884275,5.5085327030038205e-08,5.1852753895726024e-06
40.84729088668761,0.9996782356764943,3.22709205057544e-08,0.00031392120822481553,5.143749779006877e-08,7.759406859155234e-06
41.04752270475961,0.9996790716759762,3.3541865449956425e-08,0.0003161443276451864,5.71574842709162e-08,4.693297024699508e-06
41.247754522831606,0.999670013005134,3.504700883592652e-08,0.00032789920419066745,6.363849132149108e-08,1.9891051704347855e-06
41.447986340903604,0.9996507973555735,3.6360002268575966e-08,0.0003361365479909021,5.493516040726516e-08,1.2974801267229426e-05
41.6482181589756,0.9996602445948813,3.75099407970894e-08,0.0003342526402801775,6.301652749046592e-08,5.402238365035034e-06
41.8484499770476,0.9996491665722628,3.913932879417265e-08,0.00034852736738999647,7.103681688832085e-08,2.1958841985866725e-06
42.0486817951196,0.9996313474490379,4.05056773341425e-08,0.0003553999342064252,5.966711336428558e-08,1.3152443962117278e-05
42.2489136131916,0.9996385440588423,4.192873105167345e-08,0.0003566372317439331,6.811323507104582e-08,4.708667444437805e-06
42.449145431263595,0.9996299327596218,4.3780087789761255e-08,0.000367962277730586,7.624845819311573e-08,1.984934099880417e-06
42.64937724933559,0.9996150404801687,4.556396806379027e-08,0.0003773708841676109,7.06714826557679e-08,7.472400211977454e-06
42.84960906740759,0.9996106388776501,4.7157589461364754e-08,0.0003788022686878148,6.864463805161692e-08,1.0443051432998756e-05
43.04984088547959,0.9996115305601736,4.9047313144168766e-08,0.00038751003566340293,8.583859130872078e-08,8.245182559384118e-07
43.25007270355159,0.9995865154342083,5.099908949733849e-08,0.00040266119557108777,7.813164960917574e-08,1.0694239477988078e-05
43.450304521623586,0.9995887552569116,5.243832499513309e-08,0.0003997800492164228,7.48464419202673e-08,1.1337409103603507e-05
43.650536339695584,0.9995884624631894,5.451019868705934e-08,0.0004105329586142715,9.3691638030636e-08,8.563763580528045e-07
43.85076815776758,0.9995645136878502,5.6646153069046204e-08,0.0004247698625477976,8.436149893204607e-08,1.057544194761395e-05
44.05099997583958,0.9995655980909596,5.8553746018648464e-08,0.00042597623594070345,8.403706981306033e-08,8.283082283426617e-06
44.25123179391158,0.9995646161097089,6.09025020049298e-08,0.0004327849040738927,9.807468061467245e-08,2.4400090341638868e-06
44.45146361198358,0.9995471033156924,6.34724540974492e-08,0.00044773376542186084,9.823779281051317e-08,5.001208637730895e-06
44.651695430055575,0.9995312297691046,6.560816815238544e-08,0.00045339236003819733,8.632236789144522e-08,1.52259403159373e-05
44.851927248127566,0.9995416034103217,6.779786258617298e-08,0.0004552333597683011,1.0805034287235803e-07,2.9873817008998057e-06
45.052159066199565,0.9995189415809287,7.056835152298375e-08,0.0004749036497037259,1.0984483839589699e-07,5.974356174154917e-06
45.25239088427156,0.9995060881450092,7.262084420750812e-08,0.00047756093298995014,9.304879041997137e-08,1.618525236093353e-05
45.45262270234356,0.99951467993085,7.51310303296951e-08,0.0004822952869926879,1.1572237514205179e-07,2.833928746786326e-06
45.65285452041556,0.9994944309925597,7.823571543123256e-08,0.0004998169343253306,1.1788804242984628e-07,5.5559493513350104e-06
45.85308633848756,0.9994833298294458,8.09899689094003e-08,0.0005063085108629731,1.0856066727816578e-07,1.0172109049469734e-05
46.053318156559556,0.9994834258274283,8.38330597301913e-08,0.000508828013905714,1.1721828814027974e-07,7.5451073119692724e-06
46.253549974631554,0.9994733382066087,8.722434314684703e-08,0.000524411221762404,1.3387390910284347e-07,2.0294733713930435e-06
46.45378179270355,0.9994454041902783,9.028507945786968e-08,0.0005385421728574755,1.1650670289768862e-07,1.5846845077867737e-05
46.65401361077555,0.9994560738958411,9.279177017048582e-08,0.0005346931172545007,1.2723089160431397e-07,9.012964238448609e-06
46.85424542884755,0.999444366809564,9.641788616057813e-08,0.0005534158800944557,1.4806280761781586e-07,1.9728296450868724e-06
47.05447724691955,0.9994168286606907,9.958573644028659e-08,0.0005662802009216769,1.2473335949345957e-07,1.6666819289454614e-05
47.254709064991545,0.9994258774461536,1.0268408493148833e-07,0.0005667529390185808,1.3790592182107893e-07,7.12902481983537e-06
47.45494088306354,0.9994162874572089,1.0678464413385503e-07,0.0005812338536949418,1.5667014703921965e-07,2.2152343033104444e-06
47.65517270113554,0.9993944052227081,1.1081996172080127e-07,0.0005962620428288391,1.4595241120674644e-07,9.075962090640017e-06
47.85540451920754,0.999385647942332,1.1433977872229009e-07,0.0005993719592791972,1.3811182426100945e-07,1.4727646787276545e-05
48.05563633727954,0.9993896128511286,1.1839532280053871e-07,0.0006086833090835044,1.7358825058974586e-07,1.4118562170649845e-06
48.255868155351536,0.9993563028187796,1.2279679107213234e-07,0.0006315876610262747,1.6152987558497118e-07,1.1825193529720223e-05
48.456099973423534,0.9993540592585842,1.2594196087149316e-07,0.0006290283074670807,1.4804689171706398e-07,1.663844509742913e-05
48.65633179149553,0.9993571416475635,1.3033786051072022e-07,0.0006411547354744126,1.8748168113435162e-07,1.3857974218267283e-06
48.85656360956753,0.999324643209201,1.3512103138861812e-07,0.0006629681613383306,1.7252509636731485e-07,1.2080983331636323e-05
49.05679542763953,0.9993230726689242,1.392635627878638e-07,0.0006652958868848028,1.6722765368024653e-07,1.1324952973614989e-05
49.25702724571153,0.9993225370256509,1.4426228441429948e-07,0.0006729558960173533,1.92983170193588e-07,4.169832877799261e-06
49.457259063783525,0.9993000600966178,1.4985446361327605e-07,0.0006940800877743074,1.977709241401189e-07,5.512190221472873e-06
49.65749088185552,0.9992755872466161,1.5455336563007376e-07,0.0007046515658122907,1.7272949913634954e-07,1.9433904708398043e-05
49.85772269992752,0.9992898548949813,1.5908177251552653e-07,0.0007042453545033162,2.095751337044925e-07,5.531093611359532e-06
50.05795451799952,0.9992626693334358,1.6505129933530796e-07,0.0007311158577184168,2.2020918635040138e-07,5.82954836300132e-06
50.25818633607152,0.9992395162763444,1.695613347494089e-07,0.0007386145326137329,1.833579444724974e-07,2.151627176519383e-05
50.458418154143516,0.9992525829549778,1.7471906079181847e-07,0.0007422354166082344,2.2360005613257345e-07,4.783309299502192e-06
50.658649972215514,0.9992280272667557,1.813699865977274e-07,0.0007658953853101906,2.33870682167356e-07,5.662107265605928e-06
50.85888179028751,0.9992095557416478,1.8730840552097567e-07,0.0007771487683678122,2.130818336420743e-07,1.289509974490454e-05
51.05911360835951,0.9992079404352034,1.9322218513573313e-07,0.0007802464939609056,2.2355123042633283e-07,1.139629742033403e-05
51.25934542643151,0.999198056702968,2.0027608004835726e-07,0.0007993590666119394,2.614068444506134e-07,2.122547496941443e-06
51.45957724450351,0.999159310092382,2.069032220298059e-07,0.0008217626087465764,2.3022371817813536e-07,1.849017193239768e-05
51.659809062575505,0.9991694843913129,2.120249238721825e-07,0.0008159516193836527,2.3900883728603735e-07,1.4112955544459032e-05
51.8600408806475,0.9991588878553213,2.1947085047149354e-07,0.0008387847425885262,2.865918436233378e-07,1.821339397828839e-06
52.0602726987195,0.9991189793366374,2.2631464119603328e-07,0.0008603970614931494,2.4377999600336353e-07,2.015350723428832e-05
52.2605045167915,0.9991292100826349,2.3262351254737684e-07,0.0008599196019670072,2.605721912882451e-07,1.037711969746564e-05
52.4607363348635,0.9991193808544212,2.4103831092916333e-07,0.0008772993822706969,2.992857547763981e-07,2.779439244317537e-06
52.660968152935496,0.9990889127113666,2.495279548268428e-07,0.0008999067611093509,2.816534354340543e-07,1.0649346138559424e-05
52.861199971007494,0.9990736115519802,2.5681706914150416e-07,0.0009061472732190683,2.6086792946257924e-07,1.9723489806418458e-05
53.06143178907949,0.9990820943103671,2.6490547167596643e-07,0.0009146618237388987,3.2683976667296856e-07,2.652120659316647e-06
53.26166360715149,0.9990397093206114,2.741186721298105e-07,0.0009471942377709587,3.122199238331996e-07,1.2510103024401214e-05
53.46189542522349,0.9990292988623507,2.8061507427987033e-07,0.0009468731723045275,2.7528048006618573e-07,2.3272069792761248e-05
53.66212724329549,0.9990378497513606,2.892809686446626e-07,0.0009590414222505659,3.5017087268371505e-07,2.469374548659555e-06
53.862359061367485,0.9989960000297398,2.992500922604531e-07,0.000990240817064036,3.3065059665625884e-07,1.3129252507139475e-05
54.06259087943948,0.9989893183336661,3.0771196178779396e-07,0.0009950282066629637,3.1239093836228893e-07,1.5033356770937927e-05
54.26282269751148,0.9989892371404412,3.176429023352307e-07,0.0010032257822114937,3.5507702867703666e-07,6.864357417163505e-06
54.46305451558348,0.9989621422115381,3.2897467579451397e-07,0.0010312761343906445,3.733937189494408e-07,5.879285676311369e-06
54.66328633365548,0.9989263894005836,3.386868655265865e-07,0.0010492334699736912,3.256157970032876e-07,2.3712826779458016e-05
54.863518151727476,0.9989442755094551,3.474765462906509e-07,0.001045536937414467,3.803539955787495e-07,9.45972258749108e-06
55.063749969799474,0.9989136751485975,3.5943719731011776e-07,0.0010800887266872866,4.1390049781455e-07,5.462787018809939e-06
55.26398178787147,0.9988762027601994,3.687878152762143e-07,0.001095680549617795,3.4144721985549777e-07,2.740645514619439e-05
55.46421360594347,0.9988945543908869,3.787297621153288e-07,0.00109701626242799,4.0585010446411e-07,7.644766818917461e-06
55.66444542401547,0.9988664429963184,3.920210585091763e-07,0.0011271223958562867,4.355674564405167e-07,5.607019311861447e-06
55.86467724208747,0.9988377572513454,4.0406125124600967e-07,0.001145554220070457,3.9429167988218664e-07,1.5890175656587287e-05
56.064909060159465,0.9988329587309536,4.15645628758759e-07,0.001149901902870067,4.02352966408032e-07,1.6321367585004388e-05
56.26514087823146,0.9988251128825691,4.293599592151229e-07,0.0011715360211459484,4.797882905132107e-07,2.4419480396453647e-06
56.46537269630346,0.9987736008322866,4.4281667008471847e-07,0.0012048310333934384,4.2928482755708995e-07,2.069603282675638e-05
56.66560451437546,0.9987802968459876,4.527507211526926e-07,0.0011979160114157657,4.2385888182377734e-07,2.09105329991975e-05
56.86583633244746,0.9987733363324445,4.6702876108458786e-07,0.0012237271182358406,5.216770235646002e-07,1.9478435391157457e-06
57.066068150519456,0.9987185974171753,4.809259555659201e-07,0.0012571122607094667,4.5090571506173083e-07,2.3358490448452926e-05
57.266299968591454,0.9987284408778884,4.930895030863213e-07,0.0012559839939640474,4.6544699460170037e-07,1.4616591653803394e-05
57.46653178666345,0.9987193232427216,5.092778294561033e-07,0.0012756739322476163,5.380593996460794e-07,3.955487804421577e-06
57.66676360473545,0.9986790079205832,5.260588661027474e-07,0.0013078428764245961,5.141399831050728e-07,1.2109004146400963e-05
57.86699542280744,0.9986544274766781,5.403579599746212e-07,0.0013192887852463452,4.6830601053933396e-07,2.5275074108857845e-05
58.06722724087944,0.9986687139008759,5.555330238010102e-07,0.0013252325415653609,5.797217675689457e-07,4.9183027736196815e-06
58.26745905895144,0.9986171779007038,5.736095550933943e-07,0.0013689623973943666,5.706535981840312e-07,1.2715438754550879e-05
58.467690877023436,0.9985938314739676,5.864050585571489e-07,0.0013739571421599486,4.873967264044676e-07,3.113758209410025e-05
58.667922695095434,0.9986101688417811,6.024672053756096e-07,0.001384255690001108,6.177641104207507e-07,4.355236907451943e-06
58.86815451316743,0.998558827750937,6.219871131897091e-07,0.001426287655421257,6.003151622582618e-07,1.3662291371136132e-05
59.06838633123943,0.9985436286187934,6.384032603992302e-07,0.0014357138963501438,5.542478571544894e-07,1.9464833743659394e-05
59.26861814931143,0.9985437370781259,6.570302388543556e-07,0.0014442369619308234,6.185053376647126e-07,1.0750424370544585e-05
59.46884996738343,0.99851320662338,6.786322008234404e-07,0.001479313888875302,6.682784960425218e-07,6.132577051771131e-06
59.669081785455425,0.9984632725715793,6.976457485328442e-07,0.001507631853659798,5.84356981094489e-07,2.7813572035147108e-05
59.869313603527424,0.9984833908576808,7.138486226456635e-07,0.0015000909262389876,6.535919321723883e-07,1.515077552912946e-05
60.06954542159942,0.9984515174008572,7.363546162664335e-07,0.001541987431010712,7.369657429538535e-07,5.0218477763238576e-06
60.26977723967142,0.9983954263482817,7.547707654699573e-07,0.0015696787417930388,6.071940369245874e-07,3.353294512656131e-05
60.47000905774342,0.9984192158510036,7.729576744084346e-07,0.001567662471760161,6.996701965825949e-07,1.164904936904561e-05
60.670240875815416,0.9983888805185621,7.979755879454271e-07,0.001603949648414952,7.689820753459147e-07,5.6028753633655225e-06
60.870472693887415,0.9983468826258621,8.211221384958774e-07,0.0016325037041471882,6.95113818902662e-07,1.9097434037356515e-05
61.07070451195941,0.9983368428160582,8.427099621677787e-07,0.0016393009969830124,6.912681640689048e-07,2.2322208836287955e-05
61.27093633003141,0.9983333510540083,8.678861420105451e-07,0.0016616825310698524,8.35599409601303e-07,3.2629293736676405e-06
61.47116814810341,0.9982675185270528,8.937122388454671e-07,0.001708512020868671,7.624729276943088e-07,2.2313266915962932e-05
61.67139996617541,0.9982662795160754,9.121836376035197e-07,0.0017025759057546967,7.178269907813479e-07,2.9514567545405165e-05
61.871631784247406,0.9982662537891753,9.38003192310178e-07,0.001729298086030714,9.016302121662306e-07,2.6084913928867954e-06
62.071863602319404,0.9981947791484116,9.64717806761791e-07,0.0017774361180692947,7.963391648604106e-07,2.602367654930548e-05
62.2720954203914,0.9982014380217913,9.871400127266161e-07,0.0017767840964343293,7.937014184081695e-07,1.9997040345157975e-05
62.4723272384634,0.9981940888131445,1.0166146269860383e-06,0.0017979187187018592,9.190121970140819e-07,6.056841333262949e-06
62.6725590565354,0.9981433268989036,1.0480347075665693e-06,0.0018413421313399282,8.958303311340741e-07,1.3387104720790313e-05
62.8727908746074,0.9981062003803497,1.0748160759025581e-06,0.0018607303078732895,8.061327660695344e-07,3.118836293847456e-05
63.073022692679395,0.9981269963665045,1.1018689547924305e-06,0.0018622557114587363,9.77366326852041e-07,8.668686758507456e-06
63.27325451075139,0.9980672674714625,1.1353817612883541e-06,0.001918119303779151,9.94426161154399e-07,1.2483416838049218e-05
63.47348632882339,0.998025296014696,1.159566969467346e-06,0.0019327377411318418,8.29463658502293e-07,3.997721354613826e-05
63.67371814689539,0.9980516145636033,1.1878359116301887e-06,0.0019388283923264496,1.0386523589500706e-06,7.3305558048395045e-06
63.87394996496739,0.9979915113604247,1.224020053710332e-06,0.0019925031784024812,1.0404284235711942e-06,1.372101269802208e-05
64.07418178303939,0.9979634481060494,1.2544898448471668e-06,0.002009723958312694,9.420956854889066e-07,2.4631350111865994e-05
64.27441360111138,0.99796307820969,1.2877805577618272e-06,0.0020186134045704265,1.0297599770575022e-06,1.5990845207309765e-05
64.47464541918337,0.997931235262025,1.3268423459554762e-06,0.00205990990143722,1.1424707712436715e-06,6.385523422213354e-06
64.67487723725537,0.9978641623118355,1.3623247156096617e-06,0.0021019405790383425,1.0057175195962831e-06,3.152906689293857e-05
64.87510905532737,0.9978836043905784,1.3909674055616529e-06,0.0020909646899486246,1.0732489481566728e-06,2.296670312312487e-05
65.07534087339937,0.997853830206487,1.4310637534506345e-06,0.002138767298874598,1.2523770800279944e-06,4.719053810566028e-06
65.27557269147137,0.9977749624223852,1.4657010895898028e-06,0.002183054167950203,1.0384852062926177e-06,3.9479223372284346e-05
65.47580450954337,0.9978031905329375,1.497577147102345e-06,0.0021771182063585466,1.1549187538632199e-06,1.7038764807140465e-05
65.67603632761536,0.9977725313165562,1.5422789032740624e-06,0.002218672680539388,1.2958918327188982e-06,5.9578321726395516e-06
65.87626814568736,0.9977142109052562,1.5847463100736517e-06,0.0022606057649973447,1.1762897040280544e-06,2.2422293736877757e-05
66.07649996375936,0.9976962256943921,1.6233250489410987e-06,0.002271699525775066,1.1429617758502862e-06,2.9308493012422727e-05
66.27673178183136,0.997699580316814,1.6673261208628045e-06,0.0022923848414560695,1.3901553599340582e-06,4.9773602532566015e-06
66.47696359990336,0.9976185828236924,1.7144721271214068e-06,0.002355119233563694,1.2984959076265533e-06,2.328497471257132e-05
66.67719541797535,0.9976034074116177,1.7476394789670692e-06,0.00235376201837892,1.1710609915135554e-06,3.991186953626734e-05
66.87742723604735,0.9976142364320284,1.7920317072758245e-06,0.002378365350437977,1.4901036699949637e-06,4.116082161281937e-06
67.07765905411935,0.9975250730910309,1.84093390751532e-06,0.002443809448984214,1.3511427355227826e-06,2.792538334659218e-05
67.27789087219135,0.9975242471486614,1.8807503019336868e-06,0.0024459412439795116,1.3014834460950016e-06,2.662937361711926e-05
67.47812269026335,0.9975196881936859,1.9319397853251157e-06,0.0024674829522833286,1.5022484716079934e-06,9.394665779240402e-06
67.67835450833535,0.9974588813552291,1.9880353190051696e-06,0.002523181817557005,1.499532500202327e-06,1.4449259399330154e-05
67.87858632640734,0.9974054830160329,2.036214145235477e-06,0.002553898518080235,1.3388591950598652e-06,3.724339255129718e-05
68.07881814447934,0.9974323826908246,2.082427241786113e-06,0.002549539762896273,1.5771001708001784e-06,1.441801887236964e-05
68.27904996255134,0.9973667805945239,2.141526721123676e-06,0.0026174667961273946,1.6621962828709642e-06,1.1948886349871362e-05
68.47928178062334,0.9972999063705666,2.18559008115261e-06,0.002647140194800065,1.365810197556865e-06,4.9402034357711845e-05
68.67951359869534,0.9973377780110407,2.233233430576195e-06,0.0026465832096022116,1.6755459134755157e-06,1.1730000015526071e-05
68.87974541676734,0.9972706846293007,2.297138277374283e-06,0.0027118305476645757,1.730830979231146e-06,1.3456853781874117e-05
69.07997723483933,0.9972246508842301,2.3515469930000592e-06,0.0027409837263851506,1.5442227807949927e-06,3.0469619613697304e-05
69.28020905291133,0.9972225927876147,2.4086716274938473e-06,0.002750695472092754,1.6509799928648372e-06,2.2652088674918427e-05
69.48044087098333,0.9971924516970289,2.4761239410932027e-06,0.002796332377980357,1.8759703671140099e-06,6.86383068449925e-06
69.68067268905533,0.9971054733941271,2.5395636720729454e-06,0.002855600841441026,1.6689142697782255e-06,3.471728649302085e-05
69.88090450712733,0.9971194627157972,2.588501854354689e-06,0.002843049125192165,1.696905725490956e-06,3.3202751433929794e-05
70.08113632519932,0.9970964712535548,2.6565941745882796e-06,0.0028939879268951012,2.0429828766493976e-06,4.841242499460671e-06
70.28136814327132,0.9969913127231442,2.7190680142216517e-06,0.002959450377731976,1.7170319293334067e-06,4.480079918211795e-05
70.48159996134332,0.9970213001641488,2.7730189509507046e-06,0.002950026050930623,1.8369433011003569e-06,2.4063822671235096e-05
70.68183177941532,0.9969927285820164,2.849330799528462e-06,0.002995274584108512,2.096217606733105e-06,7.0512854688662826e-06
70.88206359748732,0.996915636872359,2.924079053615358e-06,0.0030537907749811446,1.9218823992685242e-06,2.5726391207139183e-05
71.08229541555932,0.9968863172485564,2.9906090833053395e-06,0.0030717683546336587,1.8300688589465788e-06,3.709371886684486e-05
71.28252723363131,0.9968986943486242,3.0643292512939136e-06,0.0030879312324488505,2.2211213460365625e-06,8.088968329586202e-06
71.48275905170331,0.9968027721733923,3.1466249828333566e-06,0.003168289653244765,2.1313672192508825e-06,2.36601811619591e-05
71.68299086977531,0.9967662259624429,3.2044364638815864e-06,0.003176768035972469,1.8533801236656566e-06,5.194818499807842e-05
71.88322268784731,0.9967921007743096,3.277514881235814e-06,0.003195401063063878,2.3685772883175817e-06,6.852070457180727e-06
72.0834545059193,0.9966856235056908,3.363179281404274e-06,0.0032798683676235597,2.2129545389895952e-06,2.8931992864078118e-05
72.2836863239913,0.9966713765595133,3.431675628043047e-06,0.0032885629962987593,2.0646115943203394e-06,3.456415696454119e-05
72.4839181420633,0.9966704266520913,3.5170353114420523e-06,0.0033094478418373486,2.365105748656268e-06,1.424336500924424e-05
72.6841499601353,0.9966012716034279,3.613050122778116e-06,0.003377375316304781,2.423711033218396e-06,1.5316319110456986e-05
72.8843817782073,0.9965275582975395,3.6966808418196996e-06,0.0034233827393261203,2.155756405197516e-06,4.320652588666973e-05
73.0846135962793,0.9965584703836337,3.772866093627151e-06,0.0034126262929398436,2.4505419483088297e-06,2.2679915384120084e-05
73.2848454143513,0.9964909532254935,3.872548175338218e-06,0.0034911521180041394,2.678192114403375e-06,1.1343916211204347e-05
73.4850772324233,0.9963927937217876,3.95017002119547e-06,0.003542130345213297,2.186933743796384e-06,5.8938829232235995e-05
73.68530905049529,0.996442525906204,4.0276288781108395e-06,0.0035328962327133766,2.6080852834754804e-06,1.794214692149123e-05
73.88554086856729,0.9963713669552311,4.135724026738202e-06,0.0036085785549835278,2.7760931744850204e-06,1.3142672583237479e-05
74.08577268663929,0.9963018891818157,4.229586425034852e-06,0.003654604794478716,2.4541365133088093e-06,3.682230076758637e-05
74.28600450471129,0.9962962372865717,4.324286678885841e-06,0.003666175742847046,2.5649555363639146e-06,3.069772836541938e-05
74.48623632278328,0.9962714679324681,4.436141983730766e-06,0.0037131983086792584,2.971829348222326e-06,7.92578751925209e-06
74.68646814085528,0.996162363084743,4.545258029093541e-06,0.003793106634837959,2.6820560431198755e-06,3.730296634562978e-05
74.88669995892728,0.9961640584335871,4.626575297627582e-06,0.0037826991992844167,2.600864156040484e-06,4.601492767454896e-05
75.08693177699928,0.9961537255721644,4.737429485219202e-06,0.0038325642633913267,3.2147747323181468e-06,5.757960225625857e-06
75.28716359507128,0.9960199341014706,4.845859209227648e-06,0.003923353542494243,2.7557148751578234e-06,4.9110781947334535e-05
75.48739541314328,0.9960468431137809,4.934603583257462e-06,0.003912419912379328,2.8307463247534622e-06,3.297162392846668e-05
75.68762723121527,0.9960231802282579,5.059751977016788e-06,0.0039591852628208,3.2707811032797354e-06,9.303975837372e-06
75.88785904928727,0.9959259912870276,5.1865045165863925e-06,0.004036938836262395,3.0460693290849336e-06,2.883730286017681e-05
76.08809086735927,0.9958812404131748,5.297762283920604e-06,0.004065190538811415,2.8514658048408235e-06,4.5419819920709174e-05
76.28832268543127,0.9959038676263517,5.4168627453428286e-06,0.004074104788861072,3.423771633931088e-06,1.3186950405495923e-05
76.48855450350327,0.9957947734985488,5.5548243979716764e-06,0.004172702802763274,3.38610798727462e-06,2.3582766300203528e-05
76.68878632157526,0.9957283240599212,5.652980674581927e-06,0.004197857364773948,2.861544837521591e-06,6.530404978903356e-05
76.88901813964726,0.9957731074404856,5.7688762825085654e-06,0.0042062112039067245,3.6383853602267825e-06,1.1274093962230031e-05
77.08924995771926,0.9956513170058593,5.913067603006944e-06,0.004310190948189424,3.5114103034102864e-06,2.9067568040119165e-05
77.28948177579126,0.9956161711519445,6.027696505836696e-06,0.004330841752626548,3.184325735785393e-06,4.377507318593463e-05
77.48971359386326,0.9956192500149789,6.1651301112013864e-06,0.004350160524955851,3.6058374771345454e-06,2.0818492474641833e-05
77.68994541193526,0.9955449122096344,6.3233968412148204e-06,0.0044288714835419305,3.7971484633879984e-06,1.6095761515837304e-05
77.89017723000725,0.9954467467630705,6.4639629075945185e-06,0.004494559668808197,3.37724163698256e-06,4.885236357404065e-05
78.09040904807925,0.9954773808380916,6.585901872575282e-06,0.0044784562970505825,3.6862756564553136e-06,3.389068732651069e-05
78.29064086615125,0.9954137131449508,6.747454991874853e-06,0.004564372698725325,4.175885195389512e-06,1.0990816133396949e-05
78.49087268422325,0.995278396629955,6.879961506543792e-06,0.00464322933008432,3.417226195409547e-06,6.807685225324613e-05
78.69110450229525,0.9953382828178073,7.002227811907742e-06,0.004624378940089206,3.9351768829676e-06,2.6400837403602073e-05
78.89133632036724,0.9952671577649408,7.17812645687063e-06,0.0047081803671848365,4.307960601997214e-06,1.317578081097658e-05
79.09156813843924,0.9951689980207232,7.335067669273915e-06,0.004776425604808579,3.7975072917352245e-06,4.344379950338097e-05
79.29179995651124,0.9951569779195976,7.487523375020579e-06,0.004791642516250782,3.8805928535014375e-06,4.001144791895209e-05
79.49203177458324,0.9951414707398626,7.666501498626014e-06,0.004836233165822859,4.5572754214369945e-06,1.0072317392654196e-05
79.69226359265524,0.9950090299540172,7.847663045474892e-06,0.004939660948084778,4.188256787550403e-06,3.927317806411837e-05
79.89249541072724,0.9949895662352843,7.979689799085937e-06,0.0049372244317985635,3.886395913757775e-06,6.134324720232985e-05
80.09272722879923,0.9949985703291435,8.153556371034869e-06,0.0049804534986813715,4.898365900824989e-06,7.924249902323116e-06
80.29295904687123,0.9948354803370661,8.335163409101242e-06,0.005099721865046988,4.305380874364558e-06,5.215725360354722e-05
80.49319086494323,0.9948519829745948,8.47775289501956e-06,0.005091313397648965,4.2451418886506786e-06,4.398073297212377e-05
80.69342268301523,0.9948363021058629,8.675843070155528e-06,0.005136934851598385,4.9429216489176944e-06,1.314427781985498e-05
80.89365450108723,0.9947193707041786,8.883633269536022e-06,0.005235457797174297,4.699179899588797e-06,3.158868547844714e-05
81.09388631915922,0.9946543877951088,9.064723038591547e-06,0.005278200201288688,4.338150647854482e-06,5.4009129917142695e-05
81.29411813723122,0.9946868491577746,9.251212517670755e-06,0.0052778844479100945,5.110681260229622e-06,2.0904500541311522e-05
81.49434995530322,0.994568295663978,9.4741551112319e-06,0.0053937340132640945,5.223101326428869e-06,2.3273066327103358e-05
81.69458177337522,0.9944628916460707,9.636849568072708e-06,0.005443670501540006,4.327028716179591e-06,7.947397411271993e-05
81.89481359144722,0.9945292567345586,9.814893700111851e-06,0.005437596555242591,5.421108247661738e-06,1.7910708257786105e-05
82.09504540951922,0.9943959711558984,1.004890915575183e-05,0.005560014021605275,5.411749985222943e-06,2.8554163362321668e-05
82.29527722759121,0.9943312856348101,1.0236072294488978e-05,0.005599538798964252,4.79374476637641e-06,5.414574917139467e-05
82.49550904566321,0.9943381817905241,1.0450756012983644e-05,0.005616754447575315,5.347578797703357e-06,2.926542709343105e-05
82.69574086373521,0.9942632633875237,1.070295072804698e-05,0.005703228657989826,5.781862256909465e-06,1.7023141506404826e-05
82.89597268180721,0.9941367342563385,1.0932343306753314e-05,0.0057931708300083375,5.161324492141068e-06,5.4001245862663006e-05
83.0962044998792,0.9941602580475697,1.1122794209407282e-05,0.005774890420143366,5.3938073781549115e-06,4.83349307081958e-05
83.2964363179512,0.994108001010107,1.137538161930359e-05,0.005863010410000978,6.320375752620965e-06,1.1292822528835281e-05
83.4966681360232,0.9939308803909161,1.1594950862468808e-05,0.005975993858440999,5.2233338181917235e-06,7.630746597157978e-05
83.6968999540952,0.9939964239550069,1.1783380368432147e-05,0.005948465444710592,5.777462444609434e-06,3.754975747830298e-05
83.8971317721672,0.993930527276811,1.2059794525358275e-05,0.006036866049934708,6.486476792115231e-06,1.4060401947851741e-05
84.0973635902392,0.993799442133585,1.2314764996611689e-05,0.006132469034511609,5.739951171984262e-06,5.0034115745054236e-05
84.2975954083112,0.9937772301077344,1.2554115052537773e-05,0.0061540411724365154,5.738986458205481e-06,5.043561832833146e-05
84.4978272263832,0.993774467393679,1.2831585958037999e-05,0.0061919725913294945,6.782956540407242e-06,1.3945472502049581e-05
84.69805904445519,0.9936190545432267,1.3122739258505794e-05,0.006320768715943029,6.3716981154472744e-06,4.068230346449719e-05
84.89829086252719,0.99356787870811,1.3332900401017748e-05,0.006334238306384889,5.6880287851264986e-06,7.886205632792607e-05
85.09852268059919,0.9936029980055265,1.3596773805286554e-05,0.006364274556344727,7.249283186553312e-06,1.1881381144328447e-05
85.29875449867119,0.9934120750073093,1.3891013179141546e-05,0.006513602921758326,6.561545981503517e-06,5.3869511780141644e-05
85.49898631674318,0.9934082728592218,1.4115653639378406e-05,0.0065141620343097915,6.218773376031676e-06,5.723067946031113e-05
85.69921813481518,0.9934036670143392,1.4419523130217195e-05,0.006555682923436277,7.261088245839518e-06,1.896945085605473e-05
85.89944995288718,0.9932694636652372,1.4749786990528156e-05,0.0066748254934947465,7.074128683540688e-06,3.3886925601638914e-05
86.09968177095918,0.9931788085002546,1.503746962531083e-05,0.0067370671007249425,6.460536590804801e-06,6.262639281389325e-05
86.29991358903118,0.9932183803646201,1.532174841599626e-05,0.006727017588008609,7.413007215364636e-06,3.1867291750537606e-05
86.50014540710318,0.9930964379630108,1.5670140172344178e-05,0.006857030639428956,7.842982905606302e-06,2.3018274493002393e-05
86.70037722517517,0.9929433048294852,1.593374035466549e-05,0.006940556610519973,6.426368295159507e-06,9.377845135419804e-05
86.90060904324717,0.9930316695531392,1.620002948855978e-05,0.006916930082463254,7.859905289874633e-06,2.73404296300721e-05
87.10084086131917,0.9928926076829755,1.6567322931646135e-05,0.007054894994728292,8.118196234663517e-06,2.7811803140512868e-05
87.30107267939117,0.992789260596691,1.6866083095689828e-05,0.007121349796451887,7.067405691833998e-06,6.545611807956906e-05
87.50130449746317,0.9927988521214404,1.719282846047266e-05,0.007136559307243606,7.744823039622162e-06,3.965091982657964e-05
87.70153631553517,0.9927290789432228,1.7582593453966242e-05,0.007226257729340067,8.575278262309396e-06,1.8505455732052478e-05
87.90176813360716,0.9925709364633398,1.7946837940435125e-05,0.00734484125322484,7.711619841800706e-06,5.8563825661285295e-05
88.10199995167916,0.9925778956491231,1.8238323088329498e-05,0.007330062533565803,7.711407874612453e-06,6.609208635985223e-05
88.30223176975116,0.9925461398336597,1.8620647478454374e-05,0.007413193170097334,9.310524445273571e-06,1.2735824331933144e-05
88.50246358782316,0.9923245519935685,1.897429916806434e-05,0.007565481723612002,7.824091950779337e-06,8.316789171465784e-05
88.70269540589516,0.9923878002182237,1.9259190721021116e-05,0.0075328781370726655,8.282108005340065e-06,5.1780345989447374e-05
88.90292722396715,0.9923332327366333,1.9680056454715022e-05,0.007621219884332917,9.50144082972787e-06,1.636588176048444e-05
89.10315904203915,0.9921667972007754,2.0083335078897464e-05,0.007748333805683399,8.496645690106566e-06,5.628901278106562e-05
89.30339086011115,0.9921293580061699,2.0451034091767998e-05,0.007780064235585229,8.321316148693002e-06,6.180540801315135e-05
89.50362267818315,0.9921416275571845,2.0869325778238126e-05,0.007807373809333645,9.82200250422599e-06,2.03073052085971e-05
89.70385449625513,0.9919657929698729,2.1323380091027285e-05,0.00796175187613435,9.46458513488254e-06,4.16671887764527e-05
89.90408631432713,0.9918712928467404,2.1652098024561282e-05,0.008000881081272303,8.18517634289217e-06,9.79887976265925e-05
90.10431813239913,0.9919383956367457,2.2041165524772014e-05,0.00801085485772711,1.0448143029695964e-05,1.8260196976986955e-05
90.30454995047113,0.9917236248271595,2.2503305223094176e-05,0.008189730312779264,9.770986069505281e-06,5.43705687707839e-05
90.50478176854313,0.9916873219924323,2.2851234411951488e-05,0.008208183746931368,8.929506622704734e-06,7.271351960238493e-05
90.70501358661512,0.9916965699843191,2.330465296371956e-05,0.008242616563069913,1.040351062585304e-05,2.7105289021212e-05
90.90524540468712,0.9915498771021048,2.381484633666797e-05,0.008380110041217552,1.041237693010667e-05,3.578563340663822e-05
91.10547722275912,0.9914276498516755,2.4261816056153506e-05,0.00846752602468334,9.43693985490701e-06,7.112536772699749e-05
91.30570904083112,0.9914687716627532,2.4685358172352564e-05,0.008449430675317204,1.0484415141491624e-05,4.6627888611514394e-05
91.50594085890312,0.9913521065050832,2.5213328641470985e-05,0.008588008726941487,1.14905495997634e-05,2.3180889724171137e-05
91.70617267697511,0.9911436782215773,2.563112124971424e-05,0.008713862117104744,9.392659089223972e-06,0.00010743588096837433
91.90640449504711,0.991251067689736,2.6020669386044344e-05,0.008671631336594309,1.112092031982248e-05,4.0159383951740525e-05
92.10663631311911,0.9911138349677966,2.6579620815877798e-05,0.008820290415416878,1.1874801336604195e-05,2.7420194620473923e-05
92.30686813119111,0.9909631900792353,2.704647469680027e-05,0.00892216432361388,1.0231944080663552e-05,7.73671783597167e-05
92.50709994926311,0.9909731046581243,2.7532811970797693e-05,0.008936415208197004,1.0990138374176122e-05,5.195718331615194e-05
92.7073317673351,0.9909147029988444,2.8118718158500137e-05,0.009023620287796439,1.2408512223656545e-05,2.114948295681273e-05
92.9075635854071,0.9907229357457219,2.8682444373682004e-05,0.009174527319242341,1.128439115290117e-05,6.257009949082573e-05
93.1077954034791,0.9907014880778057,2.9121068477095963e-05,0.009171565333073298,1.0816113194793243e-05,8.700940743039263e-05
93.3080272215511,0.9907002431040199,2.9683084483783366e-05,0.009240788718223297,1.3377798574277597e-05,1.5907294681168913e-05
93.5082590396231,0.990434241332203,3.023741311277179e-05,0.009435717602322249,1.1498950292224855e-05,8.83047020534043e-05
93.7084908576951,0.9904834021318675,3.066163455156721e-05,0.00940494913763996,1.1628608300305309e-05,6.935848762314039e-05
93.9087226757671,0.9904468673033955,3.128435977086248e-05,0.009487604466070894,1.357245141011791e-05,2.067141933472687e-05
94.1089544938391,0.9902452551566777,3.190634402414087e-05,0.009648547700164531,1.2340670265805234e-05,6.195012885168684e-05
94.30918631191109,0.9901862335725212,3.24605553360168e-05,0.009695482276348876,1.1855944451481754e-05,7.396765132989092e-05
94.50941812998309,0.99021377155615,3.3075718416126425e-05,0.00970930077580118,1.3867361645535878e-05,2.998458797700066e-05
94.70964994805509,0.9900228418791104,3.376429352559447e-05,0.009887179938267179,1.375180040920924e-05,4.246208867695251e-05
94.90988176612709,0.9898732113889837,3.427015730610657e-05,0.009962949329629033,1.1613949949797596e-05,0.00011795517412166693
95.11011358419908,0.9899759899608752,3.482957768011732e-05,0.009946696877127724,1.4697660605355047e-05,2.778592370140946e-05
95.31034540227108,0.9897441747650184,3.5534561008422486e-05,0.010152081911572741,1.4233870195551085e-05,5.397489219747656e-05
95.51057722034308,0.9896615853212495,3.60652154435061e-05,0.010199536781195917,1.260430243063862e-05,9.020837967462255e-05
95.71080903841508,0.9896866892318422,3.672555194684277e-05,0.010224225448999357,1.45816555999196e-05,3.777811160535484e-05
95.91104085648708,0.9895344786971813,3.749320222868865e-05,0.010375476869232554,1.500453490108444e-05,3.7546696453867934e-05
96.11127267455907,0.989374681108552,3.8173393058469014e-05,0.01049414531667879,1.3539783204306733e-05,7.946039850528209e-05
96.31150449263107,0.989408667010058,3.87922909645057e-05,0.010472455612966615,1.4505800835247067e-05,6.557928517529399e-05
96.51173631070307,0.9893084764851717,3.957017859546489e-05,0.010611275860198196,1.6453876918136216e-05,2.4223599119659288e-05
96.71196812877507,0.9890393571481739,4.021821706428744e-05,0.010787209989578878,1.3525018746675563e-05,0.00011968962644143765
96.91219994684707,0.9891583717123832,4.077797623489538e-05,0.010728512912004164,1.5393400948355463e-05,5.6943998435149824e-05
97.11243176491907,0.9890323462554632,4.160463557608954e-05,0.010881022386965648,1.696201943117224e-05,2.8064702573461568e-05
97.31266358299106,0.98882744326143,4.231942242199393e-05,0.011026246265538466,1.4576044000469913e-05,8.94150066178967e-05
97.51289540106306,0.9888336519995685,4.3029634933218724e-05,0.011041908661034171,1.531964199864088e-05,6.609006247649231e-05
97.71312721913506,0.9887924632686004,4.3888447309952523e-05,0.011120352949920637,1.7539939500934006e-05,2.5755394677554073e-05
97.91335903720706,0.9885670208772868,4.474003154061275e-05,0.011305880103593874,1.6194087241306292e-05,6.616490034916091e-05
98.11359085527906,0.9885034997558476,4.5390599685615304e-05,0.01132548426599269,1.4935705740899093e-05,0.00011068967274539048
98.31382267335105,0.9885426688540463,4.6195314641414005e-05,0.011370831378012985,1.8781504862690233e-05,2.1522948448991906e-05
98.51405449142305,0.9882356468598111,4.7041825134290104e-05,0.01160915762076248,1.6593981064358162e-05,9.155971324058515e-05
98.71428630949505,0.9882551581049877,4.766581097170277e-05,0.01159077725524355,1.6036984309830227e-05,9.036184449912196e-05
98.91451812756705,0.9882435287218354,4.856364166656976e-05,0.011661441823811219,1.894880878015228e-05,2.751700391711565e-05
99.11474994563905,0.9880101302026253,4.950033917441001e-05,0.011855908256143296,1.760928349852237e-05,6.685191857210496e-05
99.31498176371105,0.9879218482211566,5.0321564592709764e-05,0.011924417060323834,1.662498458043859e-05,8.67881693581753e-05
99.51521358178304,0.9879620479220909,5.1206724230978917e-05,0.011923841171390972,1.9129958071692875e-05,4.3774224228904614e-05
99.71544539985504,0.98776458375855,5.222408345213599e-05,0.012120212867001613,1.9573452701448482e-05,4.3405838306816165e-05
99.91567721792704,0.9875488500438842,5.299042184028336e-05,0.01224397162689391,1.6279375870805266e-05,0.000137908531523343
100.11590903599904,0.987687387979703,5.377766845443791e-05,0.012197342795336847,2.0218498316389307e-05,4.127305819920403e-05
100.31614085407104,0.987448317229436,5.482400656954008e-05,0.012423366601568562,2.0302205375845968e-05,5.318995705877252e-05
100.51637267214304,0.9873052317328547,5.5621677869203994e-05,0.012512365230463259,1.7531497614887815e-05,0.00010924986120511629
100.71660449021503,0.987346808671638,5.656319816054046e-05,0.01252546645246116,2.0044872984703145e-05,5.111680476135906e-05
100.91683630828703,0.9871977773336443,5.769024256547679e-05,0.012683671774729427,2.11871774451866e-05,3.9673471619744266e-05
101.11706812635903,0.9869949118639255,5.870518649215276e-05,0.01283961765510344,1.91027011949205e-05,8.766259328998627e-05
101.31729994443103,0.987009997565389,5.9594825144429515e-05,0.01282185985261615,1.9695744751954914e-05,8.885201210340194e-05
101.51753176250303,0.9869395037297626,6.071165773052564e-05,0.012949984364068154,2.3061927500550306e-05,2.673832094201763e-05
101.71776358057502,0.9866073662790077,6.16956235429827e-05,0.013181789481758681,1.919927388798037e-05,0.00012994934180621782
101.91799539864702,0.9867254457607972,6.248874305068953e-05,0.013112965121009073,2.089472960681946e-05,7.820564553679813e-05
102.11822721671902,0.9866215361603172,6.367940845321745e-05,0.01326060410285016,2.3694242439715836e-05,3.0486085941943943e-05
102.31845903479102,0.9863583759829715,6.475235479010335e-05,0.013455368100305122,2.0462947472259735e-05,0.00010104061446498735
102.51869085286302,0.98635475284998,6.57727241953526e-05,0.013476540600875941,2.1020962706159015e-05,8.191286224797702e-05
102.71892267093502,0.9863352078844576,6.700295964463275e-05,0.0135402726847927,2.4248919301417755e-05,3.3267551807822355e-05
102.91915448900701,0.9860788322030071,6.82601769225756e-05,0.013760511896456948,2.2820384128183148e-05,6.957533948363792e-05
103.11938630707901,0.9859586292181435,6.921286503730263e-05,0.013815311813545391,2.0365123580356783e-05,0.0001364809796923041
103.31961812515101,0.9860465443449139,7.033834403580985e-05,0.013826872325432428,2.580312539321642e-05,3.044186022437329e-05
103.51984994322301,0.9857056859841438,7.159908399456482e-05,0.014106132352843049,2.3526170135203792e-05,9.305640888494245e-05
103.720081761295,0.985676859294898,7.250753814182852e-05,0.014114210055856346,2.178146675333309e-05,0.00011464164434921327
103.920313579367,0.9856965851087385,7.377209872378193e-05,0.014166353847267752,2.591197155396711e-05,3.737697371345985e-05
104.120545397439,0.9854383355766997,7.515113624349541e-05,0.014390828612742964,2.470810553763175e-05,7.09765687746334e-05
104.320777215511,0.985311971014741,7.634922853910126e-05,0.01448854836412319,2.2972131081630254e-05,0.00010015926150874292
104.521009033583,0.9853588127100291,7.759869805119528e-05,0.014475420073524288,2.5842150802050102e-05,6.232636758942923e-05
104.721240851655,0.9851668033154228,7.906562865585708e-05,0.014681863091827006,2.7326265161580687e-05,4.494169892983476e-05
104.921472669727,0.9848759476610008,8.020851436435501e-05,0.014864273539524507,2.2569113513606843e-05,0.0001570011715918666
105.121704487799,0.985045259547324,8.129661087604578e-05,0.014786607051751537,2.7247674798300386e-05,5.958911524597441e-05
105.32193630587099,0.9848116946281126,8.281000072999178e-05,0.01502440391212408,2.837601503873471e-05,5.271544398914234e-05
105.52216812394299,0.9845950323400524,8.3992106195338e-05,0.015167742989153644,2.407663061282859e-05,0.00012915593397925027
105.72239994201499,0.9846515757620639,8.531015197799591e-05,0.01516883856967402,2.7087346775977193e-05,6.718816950697056e-05
105.92263176008699,0.9845153676459804,8.69274102799088e-05,0.015325455968349848,2.9335806933820574e-05,4.291316845504911e-05
106.12286357815898,0.9842652956887907,8.841359170787749e-05,0.0155239592883623,2.6528799259457383e-05,9.58026318783518e-05
106.32309539623098,0.9842470810364752,8.967476580812555e-05,0.015520695151608779,2.6326982177475996e-05,0.00011622206392931807
106.52332721430298,0.9842204891457472,9.124060752980519e-05,0.015625124628997945,3.167857708470017e-05,3.146704063564359e-05
106.72355903237498,0.9838268565666974,9.270340523846777e-05,0.015915667117415745,2.687677299898998e-05,0.00013789613764333283
106.92379085044698,0.9839260267025427,9.381516676901666e-05,0.01584795533654155,2.7880092236105e-05,0.00010432270190801491
107.12402266851898,0.983856240959223,9.548869940571263e-05,0.01598041472573904,3.2416118298977625e-05,3.543949733190611e-05
107.32425448659097,0.9835349677010112,9.706845383595378e-05,0.01622794400755547,2.8340355132296224e-05,0.00011167948246263583
107.52448630466297,0.9835129078001044,9.851397200152718e-05,0.016260836707709104,2.843941499028163e-05,9.930210519195105e-05
107.72471812273497,0.9835170179261775,0.00010023976364151661,0.01630522111559497,3.2827426917427356e-05,4.469376766637942e-05
107.92494994080697,0.9832360855276994,0.00010205569412355271,0.016557172148546663,3.161141222465578e-05,7.307521740080691e-05
108.12518175887897,0.9830448054805385,0.00010343446838450357,0.016660798186009393,2.748146476907992e-05,0.00016348040029538644
108.32541357695096,0.9831863943699025,0.00010497621010535663,0.01663024165570899,3.4735513540276423e-05,4.3652250741768374e-05
108.52564539502296,0.9828229233160071,0.0001068092313350362,0.016944242656969973,3.2779864593532353e-05,9.324493109466448e-05
108.72587721309496,0.9827251997907587,0.0001081198167132207,0.01699566886761416,2.9205428905671646e-05,0.00014180609600754053
108.92610903116696,0.9827815175231496,0.00010986398677171169,0.01702318589332789,3.47763455879364e-05,5.0656251159530894e-05
109.12634084923896,0.9825088191068352,0.00011185087564149906,0.01727069938163232,3.410677303080976e-05,7.452386285562512e-05
109.32657266731096,0.9823348565027151,0.00011357349778359213,0.017406246498388636,3.130784049064079e-05,0.00011401566061737002
109.52680448538295,0.9823786890303128,0.00011530790872889226,0.017385700572193078,3.426471763176928e-05,8.60377711320761e-05
109.72703630345495,0.9822073488760257,0.0001173753366805396,0.017590199563560307,3.745818920299556e-05,4.761803452824909e-05
109.92726812152695,0.981835452840307,0.00011905290667664995,0.017840076604285212,3.096339036642584e-05,0.00017445425836048282
110.12749993959895,0.9820242112569746,0.00012053497996575975,0.01773564822199341,3.6037339836612234e-05,8.356820122548661e-05
110.32773175767095,0.9818116468202136,0.00012267131653790212,0.017973371867925695,3.889272375946451e-05,5.341727156044239e-05
110.52796357574294,0.9815112192864028,0.0001243982544440802,0.018182570562672726,3.269547132249562e-05,0.00014911642515550452
110.72819539381494,0.9815782924654348,0.00012621464449138873,0.018173394813035804,3.605111146377491e-05,8.604696557772735e-05
110.92842721188694,0.9814644721662469,0.00012848626834017859,0.018318958542186844,3.984828950996342e-05,4.823473371823625e-05
111.12865902995894,0.9811654994654528,0.000130623276033322,0.01856361463851068,3.6294037246325e-05,0.00010396858275746588
111.32889084803094,0.9810977827593623,0.00013239007347340937,0.01858800956955796,3.474188863488002e-05,0.00014707570897012047
111.52912266610294,0.9811286961232978,0.0001345382098506378,0.018654766715040353,4.268643860051836e-05,3.931251320819521e-05
111.72935448417493,0.9806795895986047,0.00013666781833762706,0.019003115090648993,3.710423050908047e-05,0.0001435232618968374
111.92958630224693,0.9807368593545844,0.00013821366654487248,0.01895283489576955,3.66531875194919e-05,0.00013543889558136437
112.12981812031893,0.980713602249872,0.0001405134828497794,0.019058731489478616,4.349442267561424e-05,4.365835512341526e-05
112.33004993839093,0.9803393580685988,0.0001427958156645835,0.019358202959337996,3.874211865569869e-05,0.00012090103774114135
112.53028175646293,0.9802875986754805,0.00014481857229599774,0.019411400741288467,3.7979699261501936e-05,0.00011820231167103912
112.73051357453492,0.9803141164298571,0.00014719392575536822,0.01943410992840868,4.3571443135662666e-05,6.1008272840688135e-05
112.93074539260692,0.9800193341682012,0.00014976281205317252,0.01971085044373972,4.308139238961173e-05,7.697118361048361e-05
113.13097721067892,0.9797441179648848,0.0001517356920041785,0.01987680030016969,3.675579591992009e-05,0.00019059024701750896
113.33120902875092,0.9799389047842441,0.00015380965719957127,0.019799195327860685,4.586944500137269e-05,6.222078569087462e-05
113.53144084682292,0.9795681430900545,0.00015641377961577715,0.0201376723305855,4.489561941976612e-05,9.287518032025566e-05
113.73167266489492,0.9793809069793501,0.00015828794155710012,0.02025085515828435,3.873790604080235e-05,0.00017121201476169101
113.93190448296691,0.9794768245890807,0.0001606493883354399,0.020248940910921682,4.588948472547626e-05,6.76956269306983e-05
114.13213630103891,0.9792029848614412,0.00016345368795650622,0.020509250873807592,4.6325532006991007e-05,7.798504477895868e-05
114.33236811911091,0.978972020997168,0.0001658961515267762,0.02069161485624886,4.2113515423833566e-05,0.00012835447962371416
114.53259993718291,0.9789997670523178,0.00016826893732637018,0.020672280881378798,4.4699959664649335e-05,0.00011498316930472933
114.7328317552549,0.9788668050738687,0.00017112110321275653,0.02085951300063652,5.0456116160158e-05,5.2104706112889576e-05
114.9330635733269,0.9784121403270462,0.0001735438578887247,0.021182654285441936,4.204099450993723e-05,0.00018962053510428428
115.1332953913989,0.9786018763303072,0.0001755394920789255,0.021061846010189716,4.685854543355842e-05,0.00011387962197973283
115.3335272094709,0.9784280296480186,0.00017848692725862982,0.02128490309853296,5.2313162228683245e-05,5.6267163947718555e-05
115.53375902754289,0.9780382901514988,0.00018097323307628892,0.02156848212712542,4.394470038893922e-05,0.00016830978789732315
115.73399084561488,0.9781077542663262,0.00018344327036787483,0.021553702202507442,4.732768732792451e-05,0.00010777257345893658
115.93422266368688,0.9780246297624501,0.00018657096690441176,0.021678891844038664,5.3124863135054466e-05,5.6782563460740176e-05
116.13445448175888,0.9776787242463144,0.00018959010474249474,0.021970466546703468,4.8949918261551915e-05,0.00011226918396548577
116.33468629983088,0.9775446438338201,0.00019203980847081115,0.022037480020796106,4.537017955864193e-05,0.00018046615734163235
116.53491811790288,0.977644024521802,0.00019492885999391647,0.02205323728727738,5.646734456966904e-05,5.134198634132618e-05
116.73514993597487,0.9771504759027477,0.00019796582304434056,0.022453927712268725,5.050926160198099e-05,0.00014712130032444555
116.93538175404687,0.9771390107970686,0.00020010184045663587,0.022441960455186982,4.7585686846391536e-05,0.00017134122042964818
117.13561357211887,0.9771740345268267,0.00020319767430037756,0.022509634360369388,5.731405916433736e-05,5.5819379327797284e-05
117.33584539019087,0.9767573083316076,0.00020643431898377147,0.022855419994868665,5.228636990255067e-05,0.00012855098462499678
117.53607720826287,0.9766621107193856,0.00020923373298723224,0.022939895009182868,5.011109398273819e-05,0.000138649444448761
117.73630902633487,0.9767059898010921,0.00021244735967870378,0.022941738122881625,5.6783600299618135e-05,8.304111603397317e-05
117.93654084440686,0.9764127287468067,0.00021601010032927057,0.023231829416536884,5.7807510631827116e-05,8.162422568424975e-05
118.13677266247886,0.9760435938656007,0.00021880114605075403,0.02347218135360225,4.876606057394536e-05,0.00021665757416280338
118.33700448055086,0.9762838453178168,0.0002215478973296026,0.023347905402026057,5.9486750006272575e-05,8.72146328126077e-05
118.53723629862286,0.975925084701141,0.0002251661884621611,0.023696380613153302,6.0455929856308206e-05,9.291256737780977e-05
118.73746811669486,0.9756299066920474,0.00022782204786100097,0.023889397738168013,5.0913744770568925e-05,0.00020195977714521112
118.93769993476685,0.9757649711741663,0.0002309678309436706,0.02385564981815678,5.963438064143062e-05,8.87767960851092e-05
119.13793175283885,0.9755051689598508,0.00023484868910482158,0.024115875820239607,6.191439111045372e-05,8.219213968987877e-05
119.33816357091085,0.9752091152534881,0.00023826493202945705,0.02435343199672241,5.5947411332838557e-05,0.00014324040642403924
119.53839538898285,0.9752048999706142,0.00024147049109354778,0.02434722696568054,5.7512752628395615e-05,0.00014888981998240706
119.73862720705485,0.9751291549208314,0.0002453275349607445,0.024499457480594684,6.682733596974173e-05,5.923272764298463e-05
119.93885902512685,0.9745951283266254,0.0002487690354729282,0.02489754783617248,5.648141649341362e-05,0.000202073385235945
120.13909084319884,0.974760200255841,0.0002514329248178923,0.024777464213416537,6.001546357797854e-05,0.00015088714234656324
120.33932266127084,0.9746441823171199,0.00025541271456423867,0.024969032209050075,6.910838696233009e-05,6.226437230297234e-05
120.53955447934284,0.9741657416405535,0.000258939004235324,0.025330825010950016,5.849001784259843e-05,0.0001860043264173936
120.73978629741484,0.9742251506355687,0.0002622604443156871,0.025318754634410516,6.136102498502159e-05,0.00013247326072007623
120.94001811548684,0.9741785901344661,0.00026648734425437006,0.025415580563258537,6.955122540627424e-05,6.979073261424326e-05
121.14024993355883,0.9737925650183081,0.00027068026398975945,0.025750776198008158,6.512586180749026e-05,0.00012085265788674506
121.34048175163083,0.9735759130099026,0.00027404538512198595,0.02587604353393765,5.874740459944369e-05,0.00021525066644062342
121.54071356970283,0.97374976443371,0.00027786164466560466,0.025830212553006812,7.338162508299674e-05,6.877974353393006e-05
121.74094538777483,0.9732281644860864,0.0002821054848546891,0.02627269451460891,6.778847116631105e-05,0.0001492470432837987
121.94117720584683,0.9731192750498989,0.0002850415412661624,0.026323176895016676,6.114234205924325e-05,0.00021136417175650959
122.14140902391883,0.9732222525774015,0.0002891312545325186,0.026341822983922916,7.427431317357484e-05,7.251887096978242e-05
122.34164084199082,0.9727786401076914,0.00029363814459976986,0.026723212879411602,6.966177599027828e-05,0.00013484709230515942
122.54187266006282,0.9726244703539226,0.00029747303999775216,0.02685194165130828,6.537108701326623e-05,0.0001607438677584234
122.74210447813482,0.9726767188316218,0.00030175404219705715,0.02683739247139897,7.278294301304392e-05,0.00011135171176648898
122.94233629620682,0.97240474460243,0.0003066029042529167,0.027124730833416818,7.641542407357719e-05,8.750623582406802e-05
123.14256811427882,0.9719358066761289,0.00031050549360881385,0.02744881191922036,6.420135567754039e-05,0.0002406745553584159
123.34279993235081,0.972205169801595,0.0003140959945539951,0.027285265789346806,7.58561656508044e-05,0.00011961224884926438
123.54303175042281,0.971881312274102,0.00031901738375990796,0.02762516498925534,8.006055243763012e-05,9.444480043888787e-05
123.74326356849481,0.9714644230653836,0.00032274437545246195,0.02791353325221955,6.638669330708191e-05,0.0002329126136346144
123.94349538656681,0.9716333538017808,0.00032687705847167975,0.027849212154811467,7.642526409186677e-05,0.00011413172084086666
124.14372720463881,0.9714032570995552,0.0003321475433806328,0.028094869600996403,8.14187301373194e-05,8.830702592560127e-05
124.3439590227108,0.9710369041370182,0.0003368618410250463,0.028394011864740856,7.344554598159892e-05,0.00015877661122727616
124.5441908407828,0.9709830448497551,0.00034114566424472726,0.02841552217691636,7.315051225846472e-05,0.00018713679681979671
124.7444226588548,0.9709824419644577,0.0003462655916595241,0.02851418317554557,8.706778002681197e-05,7.004148830562563e-05
124.9446544769268,0.9703783216749157,0.0003510727517729077,0.02898383403125004,7.505481126938648e-05,0.00021171673079055798
125.1448862949988,0.970486865518189,0.0003546061464251371,0.028888118567140828,7.586533192222762e-05,0.00019454443631826643
125.3451181130708,0.9704479842524284,0.0003598723070105516,0.029030030845448845,8.97420543782364e-05,7.237054073045638e-05
125.5453499311428,0.969888695676032,0.0003647972199954323,0.02946777277819161,7.710134435955017e-05,0.00020163298141572742
125.7455817492148,0.969921029858593,0.00036922149969020906,0.02947084328429404,7.864486218778193e-05,0.00016026049522969136
125.94581356728679,0.9699134544185103,0.0003748356508804087,0.029533779302550967,8.94820617119424e-05,8.844856634485496e-05
126.14604538535879,0.969499883202172,0.0003805624414890667,0.029904103821877005,8.552047844178204e-05,0.00012993005601958093
126.34627720343079,0.9691864676889026,0.0003851447099415976,0.030102615961379496,7.552238969038098e-05,0.0002502492500842454
126.54650902150279,0.9694334801194427,0.00039010515347749137,0.02998970153046779,9.374079972208083e-05,9.297239688765942e-05
126.74674083957478,0.968905690053569,0.0003959188362739087,0.03045800231014743,8.967843361762843e-05,0.0001507103663895869
126.94697265764678,0.9686715373870368,0.0003999344424750946,0.030596247176869807,7.789991052757346e-05,0.00025438108308549994
127.14720447571878,0.9688483029586661,0.0004052462699810623,0.030557395603135893,9.477633297523164e-05,9.42788352391242e-05
127.34743629379078,0.9683977010983961,0.000411410195783648,0.030958887548865794,9.159249603365508e-05,0.00014040866091714042
127.54766811186278,0.9681685007599425,0.00041661251952026764,0.03114594681280407,8.43625617477119e-05,0.00018457734598272704
127.74789992993477,0.9682164667436449,0.0004222372237983045,0.03112327798034684,9.19178069787836e-05,0.00014610024522648227
127.94813174800677,0.9679888666879363,0.00042871933968377794,0.031387594349747146,9.954819394466926e-05,9.527142868213915e-05
128.14836356607879,0.967419376017255,0.00043410992906888185,0.031800698383406475,8.385437609520812e-05,0.0002619612941665668
128.34859538415077,0.9676923137425256,0.00043875361404335425,0.03161349390371933,9.523692247803562e-05,0.00016020181722813313
128.54882720222275,0.9674291765271966,0.00044531228206539535,0.03192259997082206,0.0001042954171910683,9.861580271770095e-05
128.74905902029477,0.9668838807908008,0.000450486955560313,0.032316913727171596,8.593421896324605e-05,0.0002627843074988544
128.94929083836675,0.9670752606981452,0.0004558526914190559,0.032228222400385156,9.669997555396879e-05,0.00014396423449019859
129.14952265643876,0.9668895124222937,0.0004628824332282182,0.03244453194782349,0.00010533944336241578,9.773375328500747e-05
129.34975447451075,0.9664523165849829,0.0004693012624906505,0.032808015293909434,9.532027208809645e-05,0.00017504658652104914
129.54998629258276,0.9663305726771686,0.0004749722411780526,0.03287352793294761,9.216111378796999e-05,0.00022876603491107076
129.75021811065474,0.9664194790665561,0.0004816523811255064,0.03290144515364572,0.00011162181617308862,8.580158249333349e-05
129.95044992872675,0.9657608630893924,0.0004882542396434461,0.0334334089713558,9.860045545078941e-05,0.0002188732441537038
130.15068174679874,0.9657767902065123,0.0004929195839000469,0.0333910937156626,9.484570835637711e-05,0.00024435078556280204
130.35091356487075,0.9658329345174693,0.0004997576020019886,0.033465172837499814,0.00011465188005803137,8.74831629636074e-05
130.55114538294274,0.9652083671452331,0.0005065286710521354,0.033969596388043706,0.00010063381145965529,0.0002148739842026947
130.75137720101475,0.9651923224974029,0.0005123744737160579,0.03400437132332891,9.971922430787345e-05,0.00019121248123764808
130.95160901908673,0.9652220426016751,0.0005197120260791058,0.03403126940396235,0.00011323499652049802,0.00011374097175833194
131.15184083715874,0.9647996466133534,0.0005274079628827897,0.03442226189152657,0.00011088398009205473,0.00013979955214206137
131.35207265523073,0.9643786232038507,0.000533593792352661,0.034706962628537945,9.645719941334947e-05,0.00028436317583830793
131.55230447330274,0.9646880900002316,0.0005399502058563142,0.03452887280384929,0.0001177882630414877,0.00012529872701276765
131.75253629137472,0.9641812152246665,0.0005477618049722346,0.03500153479247699,0.00011691982365933949,0.00015256835421405181
131.95276810944674,0.9637979687787147,0.0005532243806132976,0.03525132884112868,9.856554375769637e-05,0.0002989124557736878
132.15299992751872,0.9640485598542119,0.0005600201096091755,0.035150622085401755,0.00011921309603088707,0.00012158485473784607
132.35323174559073,0.9636138933264011,0.0005683028849666433,0.0355527789262969,0.00011879352388716027,0.0001462313384404762
132.55346356366272,0.9632949502052903,0.0005752926314742906,0.03581185474931387,0.00010775739957407866,0.00021014501433607428
132.75369538173473,0.9633230072188727,0.0005825929941915493,0.03579284967805469,0.00011459220673662724,0.00018695790213075076
132.9539271998067,0.963164240202841,0.0005911122267637423,0.036011005626751615,0.0001278288901120575,0.00010581305351578155
133.15415901787873,0.962499440416254,0.0005984634590292562,0.03651322969301658,0.00010861073368831182,0.000280255697996531
133.3543908359507,0.9627417041467002,0.0006044191752113544,0.0363265254443477,0.00011790443926674578,0.00020944679446024855
133.55462265402272,0.9625668388233006,0.0006129917194085453,0.036579874144411016,0.0001337061857835642,0.00010658912708382395
133.7548544720947,0.9618955043670272,0.0006200936884766976,0.03708361876948642,0.00011045744083513117,0.00029032573415866406
133.95508629016672,0.9620908300791493,0.0006269926766289341,0.03698277908384826,0.00012091664533569002,0.0001784815150193751
134.1553181082387,0.9619616327750614,0.0006362084779374014,0.037156081863166074,0.00013409982444604392,0.00011197705936753224
134.35554992631072,0.9614594783897006,0.0006448317097418415,0.03758126886095762,0.00012235785228342455,0.0001920631872951837
134.5557817443827,0.9612524318078448,0.0006522766593725823,0.03770755673871933,0.00011520706611719109,0.0002725277279268715
134.7560135624547,0.9614386639213757,0.0006608546265043743,0.03765165395665042,0.00014084052841299526,0.00010798696703913237
134.9562453805267,0.9607476918976672,0.0006697681927399385,0.03823024898865296,0.00012799445466658325,0.00022429646625379926
135.1564771985987,0.9606336359806039,0.0006759070255171649,0.038273597653518,0.00011750744264573452,0.0002993518976956426
135.3567090166707,0.9607992044277318,0.0006846321305195775,0.03826348518548981,0.00014423249450966311,0.00010844576172644635
135.5569408347427,0.9601323608996258,0.0006937942890688854,0.03881808877752809,0.00012999297926528114,0.000225763054489574
135.7571726528147,0.9600434104083401,0.0007014632602186072,0.038904610852984106,0.0001251712361313748,0.00022534424230313837
135.9574044708867,0.9601044032333337,0.0007109115614928886,0.0388972746184778,0.0001411022914726223,0.00014630829520089625
136.15763628895868,0.9596976785504753,0.0007210917557873772,0.039288365728948504,0.00014199091653009917,0.00015087304823481953
136.3578681070307,0.9591627954519197,0.0007293683975219456,0.039668772237271326,0.00012242068273284369,0.00031664323052925044
136.55809992510268,0.9595131889059674,0.0007374131007420279,0.03943669639878808,0.0001456985414761787,0.00016700305299996822
136.7583317431747,0.9590589098505848,0.0007477139812915878,0.03988707401411472,0.00015021778393145574,0.0001560843700500633
136.95856356124668,0.9585099657634419,0.000755098733866391,0.040267626146683534,0.00012398973389750293,0.00034331962208531156
137.1587953793187,0.9588266841332908,0.0007636786068250221,0.04010674724254078,0.0001479599570464017,0.0001549300602717763
137.35902719739067,0.9584322970568202,0.0007746179680342596,0.04048753579886978,0.00015191466082973803,0.0001536345154176605
137.5592590154627,0.9580126098345941,0.0007839186507024841,0.0408298830248841,0.00013629938648081235,0.00023728910331015078
137.75949083353467,0.9580031373077343,0.0007932926165584852,0.04082916714447826,0.00014129171485470864,0.00023311121634729686
137.95972265160668,0.9579363016485556,0.0008043093909247918,0.04097729065878721,0.00016180583965970174,0.00012029246204587025
138.15995446967867,0.957188146504852,0.0008142010450220297,0.04156253236325686,0.00013942100626194998,0.0002956990805809709
138.36018628775068,0.9573584496917367,0.0008217912821771059,0.04140826159122677,0.00014418501472470506,0.0002673124201085565
138.56041810582266,0.9572993289535051,0.0008327917447268163,0.04157959184444249,0.00016876350349383332,0.00011952395380600648
138.76064992389468,0.9565146061318813,0.0008424182149295719,0.04218744379669843,0.00014095818310556177,0.000314573673358995
138.96088174196666,0.9566880375204346,0.0008512177522747037,0.042093287781095785,0.00014954366979011573,0.0002179132763788519
139.16111356003867,0.9566240106582308,0.000863102038822317,0.04221238700156736,0.00016801524853498614,0.00013248505281828434
139.36134537811066,0.9560706164288205,0.0008745325432282671,0.04268968747701167,0.00015539952126584117,0.00020976402964740666
139.56157719618267,0.9557630315421154,0.0008842326610015676,0.04289267102877427,0.00014306118678069675,0.0003170035813025399
139.76180901425465,0.9560449479986911,0.0008950868459740749,0.042746841355459836,0.00017493703791329832,0.00013818676193600362
139.96204083232666,0.9553502619206696,0.00090691869407543,0.04334963889040819,0.000164098926198552,0.0002290815686232858
140.16227265039865,0.9550712364953975,0.0009149723903931975,0.04351110012265931,0.0001445386066298637,0.0003581523848965638
140.36250446847066,0.955354639176333,0.0009259282246561589,0.0434045560934715,0.00017881093574980184,0.00013606556976532766
140.56273628654264,0.9546748682049614,0.0009381285702415265,0.04398611771621616,0.00016607335714334916,0.00023481215141209119
140.76296810461466,0.9544872229505629,0.000948122720365502,0.04414643448042102,0.00015563299570686906,0.0002625868529167337
140.96319992268664,0.9545693498583138,0.000960123870962956,0.04411079634624557,0.00017336996926794728,0.00018635995518319047
141.16343174075865,0.9542072584672653,0.0009733851846341746,0.04447605003825886,0.00017958849022830435,0.00016371781958763256
141.36366355883064,0.9535579580984548,0.0009843565015612388,0.044956967270478765,0.00015436226328011582,0.00034635586620109307
141.56389537690265,0.9539165952860494,0.00099443014888359,0.0446924105016939,0.0001775890093423764,0.0002189750540049205
141.76412719497463,0.9535499548296728,0.0010077690833111765,0.04508944950934472,0.00019018831491533127,0.00016263826272920566
141.96435901304665,0.9528288047264115,0.0010176789087332947,0.04561235458911059,0.00015515572806336627,0.0003860060476535238
142.16459083111863,0.9531945751652129,0.0010283890685446242,0.045400853276213654,0.0001813536590070659,0.00019482883099255832
142.36482264919064,0.952864438011969,0.0010425955836391233,0.04573730426411139,0.000191468198906511,0.00016419394134379605
142.56505446726263,0.952339329076475,0.0010548492299669934,0.0461693251000021,0.00017079305363405328,0.00026570353989095405
142.76528628533464,0.9522738376258536,0.0010667731627860859,0.04620341352983593,0.00017259156494661728,0.00028338411654773714
142.96551810340662,0.9523174098551278,0.0010808019053619232,0.04625976854468118,0.00020187720076037625,0.0001401424940384364
143.16574992147864,0.9515051456790827,0.0010939282623458186,0.04691491055198496,0.00017724966977018778,0.0003087658367839271
143.36598173955062,0.9515580819836432,0.0011035567113306893,0.04683077512433284,0.00017449140067014908,0.00033309477998995704
143.56621355762263,0.9516395856676979,0.0011174296879815462,0.04689461479631203,0.00020982102833102493,0.00013854881964591665
143.76644537569462,0.9507646552248357,0.0011303064005883014,0.0475914895178335,0.0001784906056390212,0.0003350582510734634
143.96667719376663,0.9508837464661557,0.0011414566246714854,0.04752926434111771,0.00018305006913534784,0.00026248249888954705
144.1669090118386,0.9508891463552845,0.0011565441163704086,0.04758653990787187,0.0002072795477188205,0.00016049007272293128
144.36714082991062,0.9503067327800633,0.001171494892643787,0.048098392914113296,0.00019530726166960637,0.0002280721514758196
144.5673726479826,0.9498867646597977,0.0011840433463734155,0.048391784630710435,0.00017658761310369522,0.0003608197499810495
144.76760446605462,0.9502509768545575,0.001197593338662333,0.04815950311197965,0.0002139577112925127,0.00017796898347445105
144.9678362841266,0.9495873779197667,0.0012130360807381412,0.04875736830969729,0.00020770202273689777,0.00023451566702688452
145.16806810219862,0.9491147997607418,0.0012235684631863959,0.04906591435948856,0.00017677731331206868,0.00041894010324005027
145.3682999202706,0.9495156951222833,0.001237127034269601,0.04885744151448719,0.00021862053776962458,0.00017111579115812112
145.5685317383426,0.9488568982685492,0.0012531140147256134,0.049437237544102335,0.0002096758558486005,0.0002430743167403052
145.7687635564146,0.948546333297367,0.0012660540892965625,0.04969306900062492,0.0001917810284804664,0.0003027625841978522
145.9689953744866,0.9486359095415469,0.0012811095610376529,0.04963899161138886,0.00021034336192590758,0.00023364592406622178
146.1692271925586,0.9483495428744313,0.0012981291693127967,0.04994887558541478,0.00022432350248547187,0.0001791288683224147
146.3694590106306,0.947591878162797,0.001312529383880482,0.05052923401917063,0.0001932704284195463,0.00037308800570055715
146.5696908287026,0.9479160201346961,0.0013250313365579837,0.05026384758171384,0.00021355458797066523,0.0002815463590282645
146.7699226467746,0.9476735759978187,0.0013420041986500202,0.05057349324064253,0.00023730382805670948,0.0001736227347994408
146.9701544648466,0.9467859896629633,0.0013551874675972256,0.051240113299653695,0.00019315205526677793,0.0004255575144867097
147.1703862829186,0.9471733411125635,0.0013684303973073263,0.05099677701388491,0.00021967731476333182,0.00024177416144814236
147.37061810099058,0.9469292509898902,0.00138657975012726,0.05126676563410138,0.00023776841146671686,0.00017963521437955622
147.5708499190626,0.9463028457131584,0.0014025601983096061,0.05178751651022278,0.00021209122657925086,0.0002949863516965106
147.77108173713458,0.9461631061944356,0.0014176030850941935,0.05187370079044926,0.00020915895088080008,0.0003364309791064644
147.9713135552066,0.9463275154964096,0.0014352074394327519,0.05182201502444127,0.0002482239994684806,0.00016703804021634856
148.17154537327858,0.9454780669497905,0.0014523798072671964,0.052526334719821884,0.0002230198854424477,0.0003201986376451039
148.3717771913506,0.9453681213085618,0.0014645521606890949,0.052552616623334006,0.00020936843656503773,0.0004053414708187408
148.57200900942257,0.9456094029657413,0.0014817644996070933,0.052487009600421054,0.0002570838140564267,0.00016473912014166776
148.77224082749458,0.9446772419241829,0.0014987506603604617,0.05324802423901108,0.0002240974628260457,0.0003518857135865173
148.97247264556657,0.9447048240676813,0.0015128027665455132,0.05324815345372883,0.00022191195107419792,0.0003123077609377714
149.17270446363858,0.9447791375810244,0.0015316760828537738,0.05324035553169084,0.00025198180319028763,0.00019684900120804638
149.37293628171057,0.9441979866465662,0.001550973660646368,0.05376110549709185,0.0002429154790531354,0.00024701871660949803
149.57316809978258,0.9436582004773936,0.0015670927335386462,0.05415510432392164,0.00021671231668085,0.0004028901484326051
149.77339991785456,0.9440783927534948,0.0015838004309446433,0.05385130135928651,0.0002577854642469665,0.0002287199919968979
149.97363173592657,0.9434860395708258,0.0016036235365136388,0.054408930930514035,0.000259454592243231,0.00024195136987171002
150.17386355399856,0.9428016826052181,0.001617344001348321,0.054886188705985536,0.00021520823255200098,0.0004795764548655204
150.37409537207057,0.9433082936528421,0.0016339072452343777,0.05457969665970114,0.0002637774417501389,0.0002143250004409769
150.57432719014255,0.9427066739226923,0.0016545224193304255,0.05512528927231322,0.00026141263440891514,0.00025210175122525086
150.77455900821457,0.9422539963392025,0.0016711660496622751,0.05549496612766494,0.00023433783819095871,0.00034553364524880054
150.97479082628655,0.942334566134174,0.001689842902292875,0.05543575184795592,0.00025237350200001617,0.00028746561354734253
151.17502264435856,0.9421538335914997,0.001711372690880352,0.05565992522989753,0.00027665391601413956,0.0001982145716790712
151.37525446243055,0.9413012006227385,0.0017300761063626523,0.05633174490369952,0.00024012001487113934,0.0003968583523014645
151.57548628050256,0.9415406994825166,0.0017454778708135992,0.056105726846887576,0.00025372747020660703,0.0003543683295493874
151.77571809857454,0.9414579699279156,0.0017667134766935386,0.05629309874838074,0.00029184393586699736,0.00019037391111761633
151.97594991664656,0.9404232348702118,0.001784077463026619,0.05709273499121095,0.00023912674406389254,0.00046082593146136056
152.17618173471854,0.9407942795383464,0.00180032534273063,0.05684609482238235,0.00026315808567527866,0.0002961422108411577
152.37641355279055,0.9406542470436298,0.001823145957200459,0.05703005030698495,0.0002908945671995691,0.00020166212496015387
152.57664537086254,0.9399413521030563,0.001843768790351714,0.05762910162607705,0.00026107053957075246,0.00032470694091950384
152.77687718893455,0.9397104530615352,0.0018626076117757503,0.057784286424858375,0.00025173777135868453,0.0003909151304476075
152.97710900700653,0.9399949322096124,0.0018843937707531714,0.057617106259230125,0.0003007548238142578,0.00020281293656496336
153.17734082507855,0.9391429527186177,0.0019065369061849015,0.058341987885898026,0.0002775423983140312,0.0003309800909611007
153.37757264315053,0.9388292189291779,0.0019218843800186964,0.058517429885486714,0.0002495207394374057,0.0004819460658561311
153.57780446122254,0.9392402029155791,0.0019429163015942756,0.05830718909042945,0.0003105685345437798,0.00019912315783164502
153.77803627929453,0.9382919972832926,0.001965001070473793,0.05909858308888613,0.00027870920440578926,0.0003657093529184174
153.9782680973665,0.9381892569880538,0.0019826272027790664,0.05919424269512661,0.00026661546467940183,0.0003672576493388566
154.17849991543852,0.9383271076907769,0.0020059121171801426,0.05912294519943052,0.0003021292183637367,0.00024190577422681305
154.3787317335105,0.9377837816002232,0.0020304942934138664,0.05961988887736976,0.00029894444372276756,0.00026689078524822277
154.57896355158252,0.9371220639556744,0.0020510499316615935,0.06011994145401666,0.0002643656130931244,0.0004425790455328296
154.7791953696545,0.9375592687916661,0.0020714220431496547,0.059771682555005874,0.00030616695185549186,0.0002914596583036029
154.97942718772651,0.9370821801307593,0.0020964570451200795,0.060248821044375026,0.0003197932088471967,0.0002527485708781952
155.1796590057985,0.9361815461583979,0.0021142423396353386,0.060905478235069845,0.0002609251759293463,0.0005378080909484203
155.3798908238705,0.9367685696689424,0.002134245501282036,0.06051656836639854,0.00031425364070930507,0.00026636282264815486
155.5801226419425,0.9362602393276567,0.0021604068967729607,0.06099396163799003,0.0003216027656564177,0.0002637893719034155
155.7803544600145,0.9356550027029127,0.0021816651462286197,0.061488947978264125,0.0002840605084625064,0.00039032366411323065
155.9805862780865,0.9357081578075825,0.002204604260938666,0.06144066836040633,0.0002998633062166677,0.0003467062648363619
156.1808180961585,0.9356577807312924,0.0022314601239280096,0.06155157344092648,0.00033674191071832247,0.00022244379311295965
156.3810499142305,0.9347314999045864,0.002255484525456559,0.062299061530435476,0.00029579733190365955,0.0004181567075961104
156.5812817323025,0.9348328333580751,0.002274346649971796,0.062158102447301584,0.0002983363560883587,0.00043638118854060116
156.78151355037448,0.93494100595223,0.002300490079983646,0.0621905059261768,0.00035383599006289445,0.00021416205152292642
156.9817453684465,0.933792019208644,0.0023231075551264054,0.06309963892579591,0.0002942018845278682,0.0004910324258835046
157.18197718651848,0.9340998176552516,0.0023429180736046,0.06288721724582758,0.0003119634392737404,0.0003580835860208829
157.3822090045905,0.9340767890554291,0.0023711745105619666,0.06296962005567167,0.00035066865113735524,0.0002317477271797325
157.58244082266248,0.9333037144433364,0.0023975015553409137,0.06362574468941505,0.0003185693657497255,0.00035446994613816965
157.7826726407345,0.9329670500392657,0.002420936703168565,0.06386529619658336,0.0003010963452806807,0.00044562071568244016
157.98290445880647,0.9333572671263012,0.0024475447643152685,0.06358682566680554,0.000359063736407534,0.0002492987061521473
158.18313627687849,0.9325446696405927,0.0024756856919596285,0.06429591052579671,0.00034142168105479227,0.00034231246057867416
158.38336809495047,0.9319957024583283,0.002494989975565083,0.06465310112608175,0.00029580089681410283,0.0005604055431962798
158.58359991302248,0.9325735935138662,0.002520326583068444,0.06429330897776857,0.00037005380952316244,0.00024271711575881542
158.78383173109447,0.9316564788513101,0.0025486155639006343,0.06507423589361072,0.00034300931030361594,0.0003776603808613517
158.98406354916648,0.9313871152777705,0.00257062902155891,0.06529778700476846,0.0003176553316936658,0.0004268133641939338
159.18429536723846,0.9315783669616907,0.002598990175994722,0.06516954710876095,0.0003576724533036615,0.00029542330023276227
159.38452718531047,0.9311126060293129,0.0026298961203371626,0.06560527141967606,0.00036388396406147845,0.000288342466594932
159.58475900338246,0.9303330955130781,0.0026559078131770373,0.06621087916736221,0.0003204086043720516,0.00047970890199287776
159.78499082145447,0.9307376027940728,0.002680500269979769,0.06585650887394975,0.00035877602021110714,0.00036661204177062016
159.98522263952646,0.9304212274006033,0.002711620832258959,0.06621002487453896,0.0003888651096097072,0.0002682617829732963
160.18545445759847,0.9293158192893131,0.002734532702107265,0.06704299430935252,0.00031506781588552487,0.0005915858833263338
160.38568627567045,0.9299435102797405,0.00275845006586014,0.06660035459508824,0.00036986519893253536,0.00032781986036134
160.58591809374246,0.9295622219298375,0.00279112759902459,0.06697630510692555,0.0003901865322584212,0.00028015883193491757
160.78614991181445,0.9288061533520624,0.0028180780045750984,0.06759778697413753,0.00034171606873804834,0.0004362656004677907
160.98638172988646,0.9288122732797066,0.002846004333931254,0.0675785252569378,0.0003532510896911636,0.0004099460397140656
161.18661354795844,0.9289076217055877,0.002879049117427638,0.06755536409215347,0.00040435066357749134,0.00025361442123473474
161.38684536603046,0.9279373702644075,0.002909550783435807,0.06835420113508878,0.00036101256788896623,0.0004378652491572188
161.58707718410244,0.9278486838375187,0.002932542692843497,0.06834518387102392,0.00034775370103781874,0.0005258358975551233
161.78730900217445,0.9281706494536319,0.0029642371571306316,0.06819589026849138,0.0004229952643763757,0.0002462278563486371
161.98754082024644,0.9269527481428017,0.002993343162276735,0.06917862172644855,0.00035935572781136505,0.0005159312406400366
162.18777263831845,0.92714432701793,0.003017377110178187,0.06904464169614766,0.00036621135846532813,0.0004274428172575354
162.38800445639043,0.9272452817312314,0.003051850417686139,0.06901524630648523,0.00041666876811325483,0.00027095277646312056
162.58823627446245,0.9264492603984829,0.003085086579252378,0.06969637484006375,0.0003853013235670915,0.00038397685861180184
162.78846809253443,0.9259954939882862,0.0031140557985477988,0.07003297260635115,0.000357962214571534,0.0004995153922227296
162.98869991060644,0.9264625043770651,0.003146148927782193,0.06966082582011111,0.0004224446724238167,0.0003080762025972067
163.18893172867843,0.925737280463934,0.0031813974335232437,0.07031080262866288,0.00041497219797588893,0.00035554727588173245
163.38916354675044,0.9249354573275541,0.0032056143749044103,0.07087162851765386,0.000349178084707383,0.0006381216951614766
163.58939536482242,0.9256617288970946,0.003235738886447291,0.07037093234844773,0.00043505666981399796,0.00029654319817736804
163.78962718289444,0.9248260447159204,0.0032714299076285805,0.07109593362869285,0.00041730338387197923,0.0003892883638679515
163.98985900096642,0.9243611530195252,0.0032988043172044188,0.0714744858236234,0.0003755457047538885,0.000490011134871901
164.19009081903843,0.9245910910677964,0.003332942276952495,0.07130079504105931,0.00041854058656306235,0.00035663102760863694
164.39032263711042,0.9242416854627541,0.0033712934335188576,0.07163671198670137,0.000437869382851577,0.00031243973415414245
164.59055445518243,0.9233557902432856,0.003403937491541822,0.0723402598211551,0.0003855584613405461,0.0005144539826589432
164.7907862732544,0.9236707031225116,0.003433362169673166,0.07202686389765155,0.000415311614850418,0.0004537591952956154
164.99101809132642,0.9235584297079776,0.003471459221024973,0.0722138122945265,0.00046646123582969355,0.00028983754062487346
165.1912499093984,0.9222765734697469,0.0035007535488892397,0.07320455877189769,0.00037873311410109036,0.0006393810953513988
165.39148172747042,0.9228914966019864,0.003529107159473356,0.07274995106975865,0.0004302850978983272,0.00039916007086990534
165.5917135455424,0.9226666235140413,0.003569291222815457,0.07299425498362043,0.0004666763958912015,0.0003031538836171294
165.79194536361442,0.9217761452986164,0.003603185333773237,0.07373038588854462,0.00040803485322108346,0.00048224862582950026
165.9921771816864,0.9217150306595221,0.0036369188879905663,0.0737594268045728,0.000412968944385486,0.00047565470351362143
166.1924089997584,0.921958510141277,0.003677038183809355,0.0735919460177166,0.00047877129981734306,0.0002937343573644214
166.3926408178304,0.9209825091104226,0.003715297217778986,0.07440890175453499,0.0004362095117299081,0.0004570824055178687
166.5928726359024,0.9206591394370086,0.00374321878607547,0.07457478904650267,0.00040251818337329673,0.0006203345470238552
166.7931044539744,0.9212051015969647,0.003781086446088247,0.07422732332426103,0.0004986759019248625,0.0002878127307454613
166.9933362720464,0.9199737074104151,0.0038180620220800324,0.07523699158690886,0.00043528044684564763,0.0005359585337335767
167.1935680901184,0.9199947062471308,0.0038471021406522774,0.07522848475093755,0.00042599910036361237,0.0005037077609013146
167.3937999081904,0.9202200531416624,0.0038885692750742426,0.07508328917882626,0.0004882769829752891,0.00031981142144757956
167.5940317262624,0.919447069686774,0.003930050081322376,0.07574803040495054,0.000461741978183784,0.00041310784875570674
167.7942635443344,0.9188691400336982,0.003965638688769566,0.07619045190010683,0.00042294703422464684,0.0005518223431876928
167.99449536240638,0.9193701207284242,0.004003890938882248,0.0757558359024549,0.0004899654851915775,0.0003801869450327525
168.1947271804784,0.9187842710157698,0.004047411687529148,0.07629811759669969,0.0004981373691422719,0.0003720623308438942
168.39495899855038,0.9177291306684185,0.004077690153038084,0.07706988704335536,0.00041066983638285377,0.000712622298790674
168.5951908166224,0.9185675206576652,0.004113079552052374,0.076452994481292,0.0005048248104747175,0.00036158049850359725
168.79542263469438,0.9178637765773247,0.004157427225289656,0.07707490766433983,0.0005013876524233843,0.00040250088061192325
168.9956544527664,0.9171868472795034,0.004191312948554453,0.07762552848796224,0.00044080723812488985,0.0005555040458443319
169.19588627083837,0.9174363704497968,0.004231962977414317,0.07742263724185715,0.0004846429281502073,0.0004243864027722919
169.39611808891038,0.9172364925857479,0.0042789336046418144,0.0776233797398864,0.0005205354940961824,0.00034065857562017525
169.59634990698237,0.9162639468211906,0.004319538065201198,0.07840900184538013,0.000460289791195145,0.0005472234770259515
169.79658172505438,0.9164301670914352,0.004354472138277388,0.07818829846940459,0.0004755801228143143,0.0005514821780617977
169.99681354312636,0.9165588663967407,0.004400423634043121,0.07816996546874148,0.0005519348233646348,0.00031880967710387143
170.19704536119838,0.9151450145512013,0.004437546459056726,0.07928425100755045,0.000452839607901491,0.0006803483742843531
170.39727717927036,0.9156827396149914,0.0044709176197502,0.07887067390700879,0.0004950661965614412,0.00048060266168333416
170.59750899734237,0.9156374999052096,0.004519582948564346,0.07895831484752237,0.000550141754447653,0.0003344605442523865
170.79774081541436,0.9146447318142831,0.0045618459750912796,0.07978272072077261,0.00048362040375601927,0.0005270810860937775
170.99797263348637,0.9144962320672128,0.00460231148676557,0.07987964068089869,0.0004793665465300167,0.0005424492185898197
171.19820445155835,0.9148749177230902,0.004650383068535796,0.07957107851638369,0.0005587953390386971,0.0003448253529489302
171.39843626963037,0.9139396333193321,0.004697779381284324,0.08036419175233457,0.0005214678193754315,0.0004769277276713234
171.59866808770235,0.913349477957422,0.004731582541435642,0.08073870751146386,0.00046330512454278717,0.0007169268651329911
171.79889990577436,0.9141126641507062,0.0047762042341616025,0.0801911586714481,0.0005798260789283857,0.00034014686475086406
171.99913172384635,0.9129300403026741,0.004822544281817049,0.08117295529881524,0.0005222083002326191,0.0005522518164556154
172.19936354191836,0.912730610923819,0.004857514424041682,0.08133449354313305,0.0004914219315327491,0.000585959177467192
172.39959535999034,0.9130737374113029,0.004906729353239589,0.08107652298495914,0.0005647230771095681,0.0003782871733845706
172.59982717806236,0.9123747697513652,0.00495789702758641,0.08167731013593517,0.0005479667732415323,0.0004420563118689293
172.80005899613434,0.9116710400086062,0.005001341532160262,0.08222905205812935,0.0004964431491393771,0.0006021232519632653
173.00029081420635,0.9121520066413368,0.005046426077857424,0.08177509750764012,0.000560570200836197,0.00046589957232699356
173.20052263227834,0.9117584390631754,0.005099402798214622,0.0821586076437758,0.0005903913150617347,0.0003931591797700951
173.40075445035035,0.9104686220750479,0.005137094714586937,0.08313138554724629,0.00048121809223252083,0.0007816795708871023
173.60098626842233,0.9113647154338325,0.00517821714289338,0.08244009404683797,0.0005783383441567688,0.0004386350322804864
173.80121808649434,0.9108404953863661,0.00523248603394668,0.08291314173267281,0.0005944330013442267,0.00041944384567290115
174.00144990456633,0.9099517474256772,0.005274221432542544,0.0836384220106051,0.0005139134894101982,0.0006216956417691139
174.20168172263834,0.9101975827037082,0.0053221535813880675,0.08342706085896942,0.0005558290920786019,0.0004973737638592468
174.40191354071032,0.910170168979666,0.005378930566832105,0.08346517465509377,0.0006108811740013558,0.00037484462441121185
174.60214535878234,0.9091399642615549,0.005428960557436205,0.0843077572156292,0.0005447299918495152,0.0005785879735361475
174.80237717685432,0.9091020900554224,0.005470158987700367,0.08423080098815126,0.0005395484350845948,0.0006574015336484167
175.00260899492633,0.9094970469291555,0.005524794476923317,0.08397752694887585,0.0006441296639622068,0.0003565019810910759
175.20284081299832,0.9080097409026396,0.0055713613053582104,0.08516664544810394,0.0005379640416135808,0.0007142883022927658
175.40307263107033,0.9083995190243072,0.005610404156493587,0.08485446699140702,0.000563690326768872,0.0005719195010294693
175.6033044491423,0.9085493746694518,0.005668471742127805,0.08476757345983052,0.0006392466266412611,0.0003753335019539185
175.80353626721433,0.9075011524242337,0.005720691128004855,0.08563961149303004,0.0005688256785539119,0.000569719276182658
176.0037680852863,0.9072460071137488,0.005768923591484213,0.08582314977986168,0.0005526203907185302,0.0006092991241930248
176.20399990335832,0.9077310350250938,0.0058257829271066664,0.08539174582516618,0.0006427639512953696,0.00040867227134493893
176.4042317214303,0.9068900321226929,0.0058837636119280085,0.08611136866590872,0.000616410654025111,0.0004984249454524804
176.60446353950232,0.9060180708832005,0.005924572037137446,0.08671416042512976,0.0005308452367154056,0.0008123514178260288
176.8046953575743,0.9069713224292121,0.0059764650763017525,0.0859828316617815,0.0006649683875726461,0.0004044124451413951
177.00492717564632,0.9059028641751028,0.006033728628765706,0.08687715609608013,0.0006197348468463998,0.0005665162532153932
177.2051589937183,0.9054441681898487,0.006075711456934769,0.08724474560160511,0.0005625776768479469,0.0006727970747737337
177.4053908117903,0.9058909997985786,0.006133389539521203,0.0868847018411717,0.0006451187914460953,0.0004457900292931673
177.6056226298623,0.9053169523624397,0.006195754581787739,0.08737232764488667,0.000643471491754788,0.0004714939191414767
177.8058544479343,0.9044926097177705,0.0062484364745369475,0.08803001152396886,0.0005785229334917032,0.0006504193502444816
178.0060862660063,0.9048929288045653,0.006301016508789628,0.08760825453470646,0.0006332156800628156,0.0005645844718907706
178.2063180840783,0.9047412571052327,0.0063646094562500154,0.08778343287652896,0.0006906586663254721,0.00042004189567761667
178.4065499021503,0.9032548092659931,0.006411268017612806,0.08892897334972923,0.0005615476384808519,0.0008434017281993701
178.6067817202223,0.9041377696148556,0.0064585804713278,0.08822112217690195,0.0006543680830867296,0.0005281596538442042
178.80701353829429,0.90383479708116,0.006523988654347727,0.0885039834278811,0.0006949475881528195,0.0004422832484766433
179.0072453563663,0.9027540600737549,0.006575102721658722,0.0893887602245158,0.0005952234927692244,0.0006868534873166496
179.20747717443828,0.9029690970964825,0.006631122825588388,0.08919368407787764,0.0006318419864265001,0.0005742540136393354
179.40770899251027,0.903122933364269,0.006698855140087546,0.08905389804310612,0.0007072091924132469,0.00041710426013826483
179.60794081058228,0.9020738611204507,0.006759887870309435,0.08991844098519111,0.0006385805562753807,0.0006092294677875418
179.80817262865426,0.9017862339370832,0.006808198893057637,0.09002976341291469,0.0006073636104175577,0.0007684401465409928
180.00840444672627,0.9024560392235524,0.0068722600280394655,0.0895260990688324,0.0007413429718945562,0.0004042587076960382
180.20863626479826,0.9009647933978896,0.006930016918417298,0.09072948874944861,0.000634165447052274,0.0007415354872065468
180.40886808287027,0.9011360124963144,0.006975472769408338,0.09058065631031326,0.0006356374679474813,0.0006722209560308259
180.60909990094225,0.9014871770044651,0.0070437720900921805,0.09031026524906069,0.0007323294770270396,0.0004264561793706284
180.80933171901427,0.9004419480194447,0.007107669731720044,0.09117730533855016,0.0006635957095117049,0.0006094812007883457
181.00956353708625,0.9000630890630819,0.007164813593241711,0.09146387016971105,0.0006326389164922037,0.0006755882574871289
181.20979535515826,0.9006110441261094,0.007231217727988755,0.09094250857595572,0.0007286987793400849,0.0004865307906214508
181.41002717323025,0.8999226141109558,0.007301256329444851,0.0915335171594575,0.0007201212779270719,0.0005224911222313231
181.61025899130226,0.8987739418406236,0.007350379684245064,0.09236645835546564,0.0006057993107156736,0.0009034208089654422
181.81049080937424,0.8998680291571112,0.007409973415219322,0.09148806950995501,0.0007522289528800978,0.00048169896485122617
182.01072262744626,0.8989784563307818,0.007479718186797801,0.09223434016110076,0.0007266776548099949,0.0005808076665259847
182.21095444551824,0.8982389314886641,0.007529968947057603,0.09282928364018436,0.0006395510671105014,0.0007622648570014222
182.41118626359025,0.8987674570512386,0.007596774939001483,0.09238603458714119,0.0007284776680291172,0.0005212557546083467
182.61141808166224,0.8983634141421334,0.007671859841545171,0.09271504410468148,0.0007470104959429104,0.0005026714157158037
182.81164989973425,0.8974321260632723,0.0077352880527316505,0.09346667571577855,0.0006688580726713459,0.0006970520955629157
183.01188171780623,0.8976902926641098,0.007796012232617054,0.09313201588947459,0.0007070116373342444,0.0006746675764811224
183.21211353587825,0.8978216231012501,0.007871310929219567,0.09305594122649156,0.0007972535880376559,0.00045387115501571105
183.41234535395023,0.8961945565247826,0.00792867363095381,0.09432838285310804,0.0006520048139615929,0.0008963821772100468
183.61257717202224,0.896981376830908,0.00798262019124472,0.09367433465666096,0.0007315766704313466,0.0006300916507710174
183.81280899009423,0.89693287774806,0.008060277130504227,0.09373309186711705,0.0008008096011205758,0.0004729436532160361
184.01304080816624,0.895700397548941,0.008122479219318616,0.09474307417809068,0.0006848683593950114,0.0007491806942720379
184.21327262623822,0.8958543215894437,0.008187429377462608,0.09459225147792466,0.0007122390276090542,0.0006537585275765131
184.41350444431023,0.8961815178921595,0.008267167454287036,0.09427457688168099,0.0008071366841543099,0.0004696010877362259
184.61373626238222,0.8951619815763632,0.008340855846455487,0.09511625800908717,0.0007410320123910619,0.0006398725557213554
184.81396808045423,0.8945940683304698,0.008397237207004296,0.09544821916677074,0.0006792856466402844,0.0008811896491338226
185.01419989852621,0.8955261483572693,0.008471335329307357,0.09469772900619881,0.0008413001576442489,0.00046348714960101116
185.21443171659823,0.8941075033960486,0.008542101950075374,0.09584669560653157,0.000740780109120663,0.0007629189382442499
185.4146635346702,0.8939974103406044,0.008594813847355196,0.09591750652509898,0.000710423519916355,0.0007798457670467163
185.61489535274222,0.89454544955965,0.008674046575615718,0.09546513203474773,0.0008274782245941922,0.000487893605416194
185.8151271708142,0.8935683212627691,0.00875142996430581,0.09626680949333281,0.000767266484785275,0.0006461727948314761
186.01535898888622,0.8930527786062535,0.008818730397638428,0.09666851213277544,0.0007189602845324233,0.0007410185788276726
186.2155908069582,0.8936090508318496,0.008895323001339621,0.09610233695521704,0.0008144843500365892,0.0005788048615848871
186.41582262503022,0.8931323836989766,0.008978870395814778,0.09650771355926512,0.0008310592839104388,0.0005499730620607316
186.6160544431022,0.8917333419898129,0.00903780768496946,0.09755286505765472,0.0006885909480757617,0.0009873943195147412
186.8162862611742,0.8928976855321867,0.009105418757932915,0.096584556648099,0.0008394182180911605,0.0005729208437180146
187.0165180792462,0.8922473342457181,0.009189125748737046,0.0971252289995855,0.0008409903878245696,0.0005973206181632708
187.2167498973182,0.8912277868292608,0.009249080214915476,0.09794892206536651,0.000722348009592405,0.0008518628808948736
187.4169817153902,0.8918076926733214,0.009325618423352972,0.09744968466242133,0.0008136916458863114,0.0006033125950470666
187.6172135334622,0.8916073960162839,0.009414881751538633,0.0975838685528641,0.0008564651579364745,0.0005373885214065779
187.8174453515342,0.890593013389914,0.00949066373475457,0.09840719255917639,0.0007666384333734785,0.0007424918828118239
188.0176771696062,0.8906529710016219,0.00956016748668394,0.09821193611522298,0.0007812900028651104,0.0007936353936390719
188.2179089876782,0.8910940308409669,0.00964813808342576,0.09785416530086036,0.0009078130222189679,0.0004958527525609782
188.4181408057502,0.8893972580785896,0.009718089943634189,0.0991924125459406,0.0007523525945637329,0.0009398868373053097
188.61837262382218,0.8899994796342907,0.009779102489392332,0.09866904248381904,0.0008086175003440072,0.0007437578921864133
188.8186044418942,0.8902278381528551,0.009869946620353648,0.09847996770666778,0.0009093419722685912,0.0005129055478854337
189.01883625996618,0.8889026315366723,0.009945099572215099,0.09956278546909872,0.0007825735312658076,0.0008069098907784551
189.2190680780382,0.8889631041977696,0.010019854962738299,0.09948598225681206,0.0007962828677367193,0.000734775714974014
189.41929989611018,0.8894385517049804,0.010112481376432758,0.09900700624945999,0.0009076951454856248,0.0005342655236732301
189.6195317141822,0.8885052814032074,0.010200506193724604,0.09977236096957444,0.0008506808843487129,0.0006711705491773129
189.81976353225417,0.8876457163130516,0.010266038045666767,0.10034050449038863,0.0007555451184470438,0.0009921960324797599
190.01999535032618,0.8888032357875431,0.010350609177323248,0.09936933828884262,0.0009411815279336066,0.0005356352183909348
190.22022716839817,0.8875362438866996,0.010436205667031096,0.10039152603440496,0.0008562406285237344,0.0007797837833733449
190.42045898647018,0.8870980272968716,0.010497133368454361,0.10072481566261071,0.0007876081677684107,0.0008924155043264956
190.62069080454216,0.887826625227482,0.01058784061717062,0.10010376569874609,0.0009226054319673953,0.0005591630246652571
190.82092262261418,0.8869831738911297,0.010680531196255387,0.10077779593895779,0.0008783683317302394,0.0006801306419591984
191.02115444068616,0.8863245389329234,0.010759317271084985,0.10130002028739843,0.0008106778134240649,0.0008054456952038019
191.22138625875817,0.8868283507218695,0.010846598493736486,0.10074218803317986,0.0008980827051278871,0.0006847800461219402
191.42161807683016,0.8866183140014816,0.010945023685331644,0.10090797896215893,0.0009469953662720504,0.0005816879847911297
191.62184989490217,0.8850156564672712,0.011015448437578398,0.10212750706841127,0.000779223478022484,0.0010621645487497498
191.82208171297415,0.8861618146265835,0.011091259124440705,0.10114409539861437,0.0009241754623032482,0.000678655388092618
192.02231353104617,0.8858030636169789,0.011190253588098593,0.10142869271419618,0.0009597654417320016,0.0006182246390286474
192.22254534911815,0.8845296305912429,0.011261527571370307,0.10245932201858662,0.0008107807592933913,0.0009387390595424672
192.42277716719016,0.8851223847620385,0.011348331013106705,0.10193927276536857,0.0008994777983173184,0.0006905336612040859
192.62300898526215,0.8851438671774106,0.011453073464258867,0.10185640950631723,0.0009688000412611146,0.000577849810787152
192.82324080333416,0.8840817366646313,0.01154287683274211,0.10271777337816022,0.0008705129238010547,0.0007871002006999122
193.02347262140614,0.8838989302528939,0.01162178956901689,0.10270555506375151,0.0008555935540288001,0.0009181315603429005
193.22370443947815,0.884656249788579,0.011723212551195747,0.1020539566785928,0.00101927391267119,0.0005473070689956041
193.42393625755014,0.8829712871901512,0.011807724852490008,0.10338547381808326,0.0008615727337340361,0.0009739414055761103
193.62416807562215,0.8833036035772021,0.011876229172768767,0.10306811000550155,0.0008842466233476598,0.000867810621214679
193.82439989369414,0.8838182100479451,0.011980971203202306,0.10262026666097147,0.0010174583292676181,0.0005630937586483308
194.02463171176615,0.8824739013018628,0.012071045395392695,0.10370910127071144,0.0008874742415040064,0.0008584777905630837
194.22486352983813,0.8824085538821612,0.012156503430130222,0.10373562852210116,0.0008828705759624855,0.0008164435896803288
194.42509534791014,0.8829916615954377,0.012262661063733861,0.10312763924991021,0.001005569594092394,0.0006124684968612767
194.62532716598213,0.8822070093032071,0.01236667332642134,0.1037572414570681,0.0009654923612653067,0.0007035835520740458
194.82555898405414,0.8810658336649432,0.012442563948921341,0.10455731802796771,0.0008361824668258768,0.001098101891379459
195.02579080212612,0.8823867601456762,0.012537820006239885,0.10341561411577165,0.001037754389175481,0.0006220513431740274
195.22602262019814,0.8813482287032721,0.012639979189642851,0.10423985290677344,0.0009779809938695806,0.0007939582064801846
195.42625443827012,0.8805582598406377,0.01271021432991566,0.1048577424227288,0.0008667720485440037,0.0010070113582118414
195.62648625634213,0.881438314624508,0.012812749433578057,0.10409402446736397,0.0010155171242520787,0.0006393943503354294
195.82671807441412,0.8807879298976564,0.012922489366960692,0.10458284782281932,0.0009944730829988255,0.0007122598296054353
196.02694989248613,0.8799891448040903,0.013014148292582703,0.1052215478753906,0.0009064025876102367,0.0008687564403669751
196.2271817105581,0.8803796460141369,0.013112454424131349,0.10472761876790072,0.0009777230822578158,0.0008025577116135674
196.42741352863013,0.8804805809750285,0.013226972055643061,0.10460898838244109,0.0010649694441591188,0.0006184891427684868
196.6276453467021,0.8787389121868006,0.013310694855771178,0.10594707475234519,0.0008770937317501757,0.001126224473374441
196.82787716477412,0.8797668431439107,0.013394735474994705,0.10503536999115884,0.0010041626397190892,0.0007988887502604346
197.0281089828461,0.8797406606850301,0.013510108337140036,0.10502438010331985,0.0010793396551172251,0.0006455112194348644
197.22834080091812,0.8782648926390025,0.013594484129525373,0.10621630919168364,0.0009043169511743709,0.0010199970886552606
197.4285726189901,0.8788246984986421,0.013691999866022361,0.10571729859202901,0.0009843251191393586,0.0007816779242083126
197.62880443706212,0.879067776508236,0.01381325966413826,0.10541236720363448,0.001080162058202292,0.0006264345658296218
197.8290362551341,0.8780050860278695,0.013918767119636884,0.10626661941245018,0.0009785686962812015,0.0008309587438047766
198.0292680732061,0.8775514239142612,0.014007725361285027,0.10646704665833412,0.000929590774177975,0.0010442132919842551
198.2294998912781,0.8786065987948033,0.014123119625534598,0.10553266302369481,0.0011279337390488347,0.0006096848169602717
198.4297317093501,0.8770205969000149,0.014224164762047612,0.10677829680396847,0.000977708500497524,0.0009992330335141968
198.6299635274221,0.8770103319033397,0.014300593196463611,0.1067315258166448,0.0009574151647364787,0.0010001339188589835
198.8301953454941,0.877805563632925,0.014419669746371886,0.10602909183198861,0.0011218414057459405,0.0006238333830117349
199.0304271635661,0.8765240198589141,0.014526673785386957,0.1070486034530246,0.000997926825501412,0.0009027760772157224
199.2306589816381,0.8763034247535308,0.014623733748104339,0.10720414438387867,0.000970494063129919,0.0008982030513976732
199.43089079971008,0.8769419808812855,0.014743761424098755,0.10651210779582601,0.001097408565981037,0.0007047413328511979
199.6311226177821,0.8763696072101019,0.014865316965135753,0.10694496120284278,0.0010827646812036817,0.0007373499407581135
199.83135443585408,0.8749784618112744,0.014952898358922093,0.10795203266194833,0.0009208500960556842,0.001195757071843354
200.0315862539261,0.8763775244127584,0.015058773032159635,0.10671236188870487,0.0011275688383839929,0.0007237718280380162
200.23181807199808,0.8756373594374779,0.015179040819961725,0.10727358059594108,0.001102417245229398,0.0008076019014355491
200.4320498900701,0.8745003876556904,0.015259818329834904,0.10817203336112823,0.0009474103049713912,0.0011203503484217374
200.63228170814207,0.8754896793691107,0.015374325603141647,0.10730455798084348,0.0011039276641540276,0.000727509382797118
200.8325135262141,0.8750792948400417,0.015502664396641353,0.10756185705674891,0.0011120983284265082,0.0007440853781900214
201.03274534428607,0.874155366681864,0.015608607437158077,0.10830099694619741,0.0010042399027292372,0.0009307890321019715
201.23297716235808,0.8743779273121308,0.015718104093125535,0.10792273916630286,0.0010519925373989384,0.0009292368910926273
201.43320898043007,0.8748171657476368,0.015849688404411515,0.10749050305875484,0.0011812746231318763,0.0006613681661152437
201.63344079850208,0.873015024897464,0.01594859799218944,0.10887702484249363,0.0009808083524001266,0.0011785439155045391
201.83367261657406,0.8738217641738668,0.01604073466221094,0.1081275088271705,0.001077263600316499,0.00093272873648916
202.03390443464608,0.8741544280482222,0.016173267502960012,0.10779600930438567,0.0011954842446896604,0.0006808108997969629
202.23413625271806,0.8725502080681036,0.01627265917555166,0.10908227936742067,0.0010018969606170507,0.0010929564283615862
202.43436807079007,0.873026154128198,0.016381230455302927,0.10865036747609791,0.0010664494171319008,0.0008757985233249645
202.63459988886206,0.873472140080046,0.016519678715724555,0.10813667392555071,0.0011861202259591333,0.0006853870527759935
202.83483170693407,0.8724667194859405,0.016642538114634543,0.10892860954454145,0.0010883188129328584,0.0008738140420069255
203.03506352500605,0.8717337536061319,0.016742201262108743,0.10935337492934127,0.0010029013318997846,0.0011677688705737633
203.23529534307806,0.8730408793480016,0.016871736350803503,0.1081732561202446,0.0012295840779622707,0.0006845441030430199
203.43552716115005,0.8716414547072687,0.016991185599150426,0.10925267790669517,0.0010977456752483549,0.0010169361116956408
203.63575897922206,0.8712376848037706,0.01707599654792701,0.10952129264974612,0.0010272672252654668,0.0011377587733490515
203.83599079729404,0.8722911439948885,0.01720953244219174,0.1085853585989851,0.0012190823419362823,0.0006948826220565344
204.03622261536606,0.8711546805606323,0.01733541335451738,0.10945918843216271,0.0011113132591279767,0.0009394043936154351
204.23645443343804,0.8707562147848871,0.017444948556222386,0.10976188711176282,0.0010572129606146025,0.000979736586570654
204.43668625151005,0.8713917768820101,0.017578834030792804,0.10903868817532117,0.0011801187714227705,0.0008105821405116071
204.63691806958204,0.8710907905271493,0.01771931935926257,0.10921820097042165,0.0011990877439612998,0.0007726013992644686
204.83714988765405,0.869501064432186,0.017820028572212775,0.11038791284758447,0.0010086017522816764,0.0012823923957945352
205.03738170572603,0.8708750097754204,0.017936121771308662,0.10914034226535123,0.0012072138352243488,0.000841312352754012
205.23761352379802,0.8704918968896804,0.018075754007685983,0.10938433075711447,0.0012250481962554022,0.0008229701493235512
205.43784534187003,0.8690432737123782,0.018168454977182794,0.11053063159512097,0.0010287734922797805,0.0012288662230990853
205.63807715994201,0.8700870251738255,0.01829485121843784,0.10961030394322756,0.001185461684861943,0.0008223579797076055
205.83830897801403,0.8699461333342164,0.01844301503665793,0.10960637584380371,0.0012267556899473841,0.0007777200954340857
206.038540796086,0.868926197779396,0.01856463774442193,0.11041613277864229,0.0011018110352433667,0.0009912206623549724
206.23877261415802,0.8689379616476326,0.018685328767218016,0.11019565347801374,0.0011198282857203768,0.0010612278214753195
206.43900443223,0.8697199426198245,0.018834616090597046,0.1094423514418996,0.0012915226997591567,0.0007115671479803155
206.63923625030202,0.8679449031126473,0.01895060319734796,0.11079790657321888,0.0010880465334840504,0.001218540583363234
206.839468068374,0.8684348663819461,0.019050536517107034,0.11029460642453914,0.001141757776784811,0.0010782328996824645
207.03969988644602,0.8691350145025772,0.019200633071486815,0.10963544356410343,0.0013036623857145381,0.0007252464761778646
207.239931704518,0.8674925978882917,0.019317022660122484,0.11093333373562837,0.0011017500861412264,0.0011552956298777881
207.44016352259,0.8678321312121628,0.019436869231438232,0.11061501850383804,0.0011437832068281748,0.0009721978457951281
207.640395340662,0.8684457916175666,0.01959271479076339,0.10992300884398486,0.0012820330206995655,0.0007564517270472057
207.840627158734,0.8675629603262353,0.019734481811974385,0.11059071683006856,0.0011967024472491975,0.0009151385845338508
208.040858976806,0.866562933290247,0.019845543510592634,0.11123170287599127,0.0010748800382564174,0.0012849402849714623
208.241090794878,0.868049035890426,0.019988946417419565,0.10986877913172079,0.001319754844379661,0.0007734837161145028
208.44132261295,0.8669191566833269,0.020128462235687396,0.11070617262465171,0.0012176012455013161,0.001028607210893188
208.641554431022,0.8661001719173087,0.020222166975210856,0.11130770589659676,0.0010930607470582086,0.001276894463885364
208.84178624909399,0.8673715513728129,0.020369940292928955,0.11017713184906634,0.0013058112891663747,0.0007755651960866556
209.042018067166,0.8664548505179843,0.020516450379534437,0.11083594244339194,0.0012239391966748256,0.0009688174624761444
209.24224988523798,0.8658670151921035,0.020639278719656744,0.11129225702703206,0.0011407016453533058,0.0010607474159145499
209.44248170331,0.8664409640392405,0.02078663632674225,0.11059292857046225,0.0012511336845994862,0.0009283373790162069
209.64271352138198,0.8664589669937254,0.0209471814129027,0.11047391740294786,0.0013103729562406682,0.0008095612342459117
209.842945339454,0.8647382062345351,0.02106252153014649,0.11174571867125752,0.0010977547682048021,0.0013557987959188578
210.04317715752597,0.8659741477354628,0.021188054778179397,0.1105896473098748,0.0012736549870776043,0.0009744951894689887
210.243408975598,0.865991643358013,0.021347923926704284,0.11047752412650115,0.0013407229409074014,0.0008421856479390314
210.44364079366997,0.8642960383813867,0.02145406555681966,0.1118114137759261,0.001109717140446143,0.001328765145486793
210.64387261174198,0.8653287735283771,0.021592019555810832,0.11089868471904517,0.001257693714816156,0.0009228284820180923
210.84410442981397,0.8654665409017521,0.021760770064141722,0.1106238108736224,0.001333199727629376,0.0008156784329208462
211.04433624788598,0.8643945813129661,0.021899410479543895,0.11146027247288338,0.0011963213122166312,0.0010494144224570399
211.24456806595796,0.8641685250932182,0.022031160809507493,0.11142535299277707,0.0011804147300907412,0.001194546374473662
211.44479988402998,0.8652704781542511,0.02219834022197059,0.11036971152523216,0.0013908169588837701,0.0007706531397303543
211.64503170210196,0.8636136493262994,0.022333205755830043,0.1116114539827699,0.0011954939034411185,0.001246197031727642
211.84526352017397,0.863709293246694,0.022440489972955377,0.11142134590880379,0.001196413676678314,0.001232457194936863
212.04549533824596,0.8647655366697343,0.022608116709241562,0.11044761352870694,0.0013993136164853976,0.000779419475901141
212.24572715631797,0.8631834572854468,0.022743458706282364,0.1116666801286264,0.0012012417018968792,0.001205162177817429
212.44595897438995,0.8633370772041377,0.022874656149174232,0.11150395323037333,0.0012140221917989215,0.0010702912245868213
212.64619079246197,0.8640705423307039,0.0230475691559891,0.1106778749475855,0.0013635003773410854,0.0008405131884513464
212.84642261053395,0.8633779500909669,0.023209637614372943,0.11115804245309975,0.0013001173531124338,0.00095425248851916
213.04665442860596,0.8621427707696362,0.02333282476741561,0.11198764316646749,0.0011444302006995582,0.0013923310958529071
213.24688624667795,0.8637116085246395,0.02348929077160985,0.11052705593920815,0.0013940904180855616,0.0008779543465298679
213.44711806474996,0.8629246364517443,0.02365022446168913,0.11105672897118857,0.001332275535774339,0.0010361345796771491
213.64734988282194,0.8617024766451921,0.023753422054573366,0.11197693117958989,0.0011540420579888053,0.0014131280627308963
213.84758170089395,0.8631335942420113,0.023914828086531552,0.11070775346026598,0.0013788333982751536,0.0008649908129910198
214.04781351896594,0.8624965537081039,0.024083367683613077,0.11109665494831497,0.0013310834486927815,0.0009923402113521846
214.24804533703795,0.8617230018589652,0.024220227167009424,0.11169775720640797,0.001218355559224429,0.0011406582084688135
214.44827715510993,0.8621823314449824,0.024380305398141164,0.11107358093093561,0.0013085729029539447,0.0010552093230640131
214.64850897318195,0.8625482833399714,0.024561674667067837,0.11062933797248915,0.0014119463704429652,0.0008487576501060003
214.84874079125393,0.8607754220670069,0.024693150677755425,0.11193120528362292,0.0011858076556410613,0.001414414316053698
215.04897260932594,0.8617614180674807,0.024826948776480284,0.110964793890265,0.001324540738526566,0.001122298527327894
215.24920442739793,0.8622044333756692,0.025007469140037493,0.1104770149145086,0.001443988854765904,0.0008670937150994618
215.44943624546994,0.8603509474814274,0.025128677379753946,0.11191563013340175,0.0011885351560287194,0.0014162098494702904
215.64966806354192,0.8613000217967334,0.02527758353656273,0.1110762326076399,0.0013181910244360773,0.0010279710347113162
215.84989988161394,0.861704973255256,0.02546708175730154,0.1105415445143996,0.0014258300511788857,0.0008605704219478338
216.05013169968592,0.8606385521801619,0.025623978471329863,0.11134855187230715,0.001284618686447704,0.0011042987898362997
216.25036351775793,0.8601655966459708,0.025766547761145796,0.11150984331284132,0.001232981240414857,0.0013250310397107028
216.45059533582992,0.8615357808391524,0.025951235895024318,0.1101984671175068,0.001474028243835072,0.000840487904567565
216.65082715390193,0.8600861605878685,0.026106586444214597,0.11124621704399987,0.0012988667378316286,0.0012621691861731622
216.8510589719739,0.8597374103733545,0.02622067595213013,0.11140981941284595,0.0012404567716470668,0.0013916374901106904
217.05129079004593,0.86111678608806,0.02640531466379991,0.1101562603354888,0.0014781235278033139,0.000843515384938369
217.2515226081179,0.8596926454357516,0.026561413371636318,0.11120780148290217,0.0012967849052350512,0.001241354804566199
217.45175442618992,0.8596194514460956,0.026703874216716807,0.111232505983714,0.0012747237856154177,0.001169444567948487
217.6519862442619,0.8604174583655662,0.026892941980355953,0.11032545234650315,0.001426804350969407,0.0009373429566970458
217.85221806233392,0.8599783176361074,0.027076457483954246,0.11056026816807146,0.0013944788367215744,0.0009904778752364903
218.0524498804059,0.8585568112948532,0.0272125146087286,0.11153382764909646,0.001209867150850716,0.0014869792965624769
218.25268169847791,0.8600959757438503,0.027380631532293986,0.11007568256650906,0.0014487870588836599,0.0009989230985571929
218.4529135165499,0.8597109780011927,0.027563931764486967,0.11024730570951193,0.0014361392227332857,0.0010416453021718714
218.6531453346219,0.8581320900083541,0.027677346059609427,0.11143957380619049,0.001209264662081013,0.001541725463859827
218.8533771526939,0.8596485999261768,0.02785136243336561,0.11010249543892488,0.0014352332473044987,0.0009623089543240066
219.0536089707659,0.8593310665762669,0.02804281601551882,0.11018679818110588,0.001427197698298773,0.0010121215289060057
219.2538407888379,0.8583934429517092,0.02819435005537464,0.11090642977392877,0.001287391853503558,0.0012183853655809568
219.4540726069099,0.8586954578035929,0.028366069604292683,0.11039977011359027,0.00135121625372537,0.0011874862248944652
219.6543044249819,0.8594136052414243,0.028568524216088576,0.10962794359747227,0.001498703141493271,0.0008912238036181282
219.8545362430539,0.8576736528913461,0.02871755825643393,0.11088206931949394,0.0012694103328006387,0.0014573092000211782
220.05476806112588,0.8583101696596339,0.028858067359755192,0.11019068057316994,0.0013583848347720664,0.001282697572762751
220.2549998791979,0.8591819254769381,0.02905913773103007,0.10933027981916317,0.0015294738643167932,0.0008991831086473149
220.45523169726988,0.857276066937448,0.0291970939339385,0.11077638342337535,0.0012628208436140742,0.0014876348617206628
220.6554635153419,0.8580669627675784,0.02935604535758416,0.11007532337705718,0.0013645968785589264,0.0011370716193194385
220.85569533341388,0.8587091586075498,0.02956574381521477,0.10931112772506957,0.0014992369788608896,0.0009147328734033757
221.0559271514859,0.8577157788315716,0.029741994802341663,0.11002459951649006,0.0013632720808895776,0.0011543547688076887
221.25615896955787,0.8570048123770272,0.029895076063372144,0.11037497706450056,0.0012765987167311023,0.001448535778470667
221.45639078762989,0.8585641501516058,0.030096180898912327,0.10888038146348185,0.0015362212177320133,0.000923066268370784
221.65662260570187,0.8574032563500323,0.0302733215010961,0.10966257684114221,0.0013930971388213438,0.0012677481690122412
221.85685442377388,0.8565941568101327,0.030393644144832494,0.11018741958506229,0.0012734454787063734,0.0015513339813702162
222.05708624184587,0.8582417648289097,0.03059425584759879,0.10871024681272931,0.0015362834995148874,0.000917449011354543
222.25731805991788,0.8570630709668724,0.030772619984324363,0.10951682752882343,0.0013838810482627525,0.0012636004718259639
222.45754987798986,0.8567364866479196,0.030926085475811202,0.1097451487021273,0.0013234558981171588,0.0012688232761341833
222.65778169606187,0.8575420819717016,0.031129813846899175,0.10881330185446032,0.0014692490805708529,0.0010455532464786227
222.85801351413386,0.857407588338257,0.03133556754074542,0.10875814193316002,0.0014753273799879847,0.001023374807960408
223.05824533220587,0.8558614772761296,0.031485228066371926,0.10981811954790521,0.0012688634914383126,0.0015663116182674556
223.25847715027786,0.8572522608962881,0.03166292705550994,0.10846728192828285,0.001481020659335378,0.0011365094606951127
223.45870896834987,0.8573097991200009,0.03186905894378496,0.10825044769714243,0.0015233478629896318,0.0010473463761928358
223.65894078642185,0.8554515100049358,0.031993564825486286,0.10963963465590952,0.0012574191441318146,0.0016578713696471202
223.85917260449386,0.8569665596855209,0.03217872133285551,0.10831533589458182,0.0014724962228549634,0.001066886864298102
224.05940442256585,0.8569855038014932,0.03239330644057932,0.10808384582815367,0.0015063241606311428,0.0010310197692528203
224.25963624063786,0.8559242470613936,0.03256006136679597,0.10887846363675813,0.0013449779918656224,0.001292249943297679
224.45986805870984,0.8560395766573564,0.03274207893802531,0.10851901387837407,0.0013783760665056293,0.0013209544598486987
224.66009987678186,0.8570856992382733,0.032965215136759755,0.1074450184150583,0.0015654277980295761,0.0009386394119902815
224.86033169485384,0.8554643664053634,0.03313305706157037,0.10857393886646725,0.0013444848593073694,0.001484152807403115
225.06056351292585,0.8556750438528029,0.033278407190608233,0.10821937604542398,0.0013746432438245444,0.0014525296674525047
225.26079533099784,0.8569548247741374,0.03349936239504097,0.10701394378934156,0.0015923262665893485,0.0009395427750030062
225.46102714906985,0.8551084313269259,0.03365571428973281,0.10836633568365747,0.0013294535728707157,0.001540065126926929
225.66125896714183,0.8556714294567278,0.033823489286785004,0.10786069223573952,0.001394810782692044,0.001249578238168557
225.86149078521385,0.856506557635788,0.03405207656013615,0.10691267922848875,0.0015488416090894247,0.000979844966609487
226.06172260328583,0.8556576917122376,0.03424859357101547,0.1074672386069424,0.001428699774107288,0.00119777633580852
226.26195442135784,0.8547337029217772,0.03441184805839804,0.10798322384247526,0.0013100572238038824,0.0015611679536538725
226.46218623942983,0.8563811588198278,0.03462744161148241,0.10639790327232854,0.001573206265688252,0.0010202900307830934
226.66241805750184,0.855578190606353,0.03482728165708364,0.10685709817254184,0.001472690412971346,0.0012647391511598188
226.86264987557382,0.8543296545216044,0.03495333284934428,0.10771542415239764,0.0012950896005079473,0.0017064988762555268
227.06288169364583,0.8561699130305486,0.035168323684522204,0.10609001736506134,0.0015707283107737617,0.0010010176092027311
227.26311351171782,0.8553062065212468,0.035370001782918215,0.10659363325517504,0.001457333487981289,0.001272824952790042
227.46334532978983,0.8547189133725726,0.035534056128455775,0.10702182955151703,0.0013579730835652068,0.0013672278640034128
227.66357714786182,0.8554786711277166,0.035750422932135525,0.10611883483043788,0.0014893379407251897,0.0011627331690979188
227.86380896593383,0.8556806766709432,0.03597872219984539,0.10574951110520915,0.001538029115461939,0.0010530609086544978
228.0640407840058,0.8540797952679323,0.03614266932969879,0.10683078179452077,0.0013185176501589709,0.0016282359578043122
228.26427260207782,0.8552087263629196,0.03632722312587084,0.10568500652821541,0.0014893020016218089,0.0012897419814892185
228.4645044201498,0.8557273948577306,0.036556100716117104,0.10507277156737974,0.0015883701398224789,0.0010553627190681572
228.66473623822182,0.8536906532591712,0.03669272763500788,0.10656308967154725,0.0012967575930032985,0.0017567718413877224
228.8649680562938,0.8551104499598254,0.03688708516574299,0.10533545205941336,0.0014886925522477853,0.00117832026288952
229.06519987436582,0.8554597812985186,0.03712423245246739,0.10480093065737649,0.001562735693571842,0.0010523198981849146
229.2654316924378,0.8543322769604488,0.037306666351009224,0.10561267592114254,0.0013883930940802433,0.0013599876734381611
229.4656635105098,0.854245979530117,0.037497455588536614,0.10541552095995597,0.0013897368165830901,0.0014513071049267305
229.6658953285818,0.8555668624081204,0.03774003760815962,0.10409246168217556,0.0016072826060062925,0.0009933556956583443
229.8661271466538,0.8541453887941622,0.03792768726628962,0.10502516558590576,0.0014064949384743582,0.0014952634152868623
230.0663589647258,0.8538854902368929,0.03807580771822017,0.10503755114522854,0.0013736351087406283,0.0016275157910373137
230.2665907827978,0.8555277469431692,0.03831536997141954,0.10353933645309542,0.0016286227734577884,0.0009889238589785012
230.4668226008698,0.8538483410159835,0.03849160432415423,0.1047039460554651,0.0013846900504121268,0.001571418554106852
230.6670544189418,0.8541257361775267,0.038666682668344096,0.10443552316165815,0.0014071856097662907,0.0013648723828259218
230.8672862370138,0.8551002648931465,0.03891209260520965,0.10335959994919652,0.0015714439295937586,0.00105659862297605
231.06751805508577,0.8544636303848399,0.03912953731270902,0.10369671774161782,0.0014773033808808589,0.0012328111800746018
231.26774987315778,0.85336447668016,0.039302615169713506,0.1043415705933848,0.0013318196805803715,0.0016595178762835291
231.46798169122977,0.8549857554496056,0.03952984713053328,0.10276858886321652,0.0015820912259434396,0.0011337173308233117
231.66821350930178,0.8545933421995102,0.03975283307515564,0.10286626397450516,0.0015322003808562938,0.0012553603700950911
231.86844532737376,0.8529614612740799,0.03988428357389001,0.10399765175007136,0.001305050037258816,0.0018515533648223784
232.06867714544578,0.8549014180115684,0.040111463230901284,0.10231372204105682,0.0015793425825032742,0.001094054134093311
232.26890896351776,0.8543987869120023,0.04033687519117409,0.10248141654536579,0.0015116619827778722,0.0012712593688027501
232.46914078158977,0.8535657893551637,0.0405109923444152,0.1030839579354119,0.0013763895648706195,0.0014628708002605883
232.66937259966176,0.8542337680696382,0.040737550779322465,0.10225626189035045,0.001486768630917936,0.0012856506298933555
232.86960441773377,0.8547789366261025,0.04098806449887954,0.10157439351497267,0.001578096697357693,0.0010805086628097285
233.06983623580575,0.8531962228125997,0.041166884217214,0.10261002625938116,0.0013555498544628884,0.0016713168564641274
233.27006805387776,0.8539666268382291,0.04135498018726749,0.10174824826616083,0.001473658998607511,0.0014564857098572832
233.47029987194975,0.854940619736504,0.04160591754319788,0.10075925561926088,0.0016265393057199305,0.001067667795438858
233.67053169002176,0.8528400126000419,0.041755826372434704,0.10224525197324143,0.0013251149666672984,0.0018337940877370933
233.87076350809375,0.854070986651857,0.04195697118439417,0.10119305091600807,0.0014826735452419554,0.0012963177026204672
234.07099532616576,0.8547238736304686,0.04221525484984096,0.10038991652281962,0.00159166417174524,0.0010792908252465195
234.27122714423774,0.8535997830370817,0.0424137484882623,0.10115244667323824,0.0014151627770303155,0.0014188590245077857
234.47145896230975,0.8533106900078012,0.0426116898065766,0.1011180320822163,0.0013851783032485024,0.0015744098002764735
234.67169078038174,0.8548272220880015,0.04287149742197374,0.09962265024792344,0.0016203746417357227,0.0010582556004842044
234.87192259845375,0.8536775692137903,0.043079645677121935,0.10030025267015075,0.0014508196748413433,0.0014917127642144752
235.07215441652573,0.8529387113279115,0.04322843588352186,0.10067408283946093,0.0013562968847365534,0.0018024730644881205
235.27238623459775,0.8548740513378833,0.043484661970933265,0.09895764317555661,0.0016356901360999382,0.0010479533796469555
235.47261805266973,0.8534551077789485,0.04368195496581214,0.09985769176271794,0.0014243776254989785,0.0015808678671424404
235.67284987074174,0.8534078893685615,0.043862575039761716,0.09984687615714063,0.0014007028835516403,0.0014819565511058781
235.87308168881373,0.8544643819802741,0.044122063025197014,0.0987034695266824,0.001565581602961727,0.0011445038650059497
236.07331350688574,0.8540955952488802,0.04436074806674828,0.09877980954914214,0.0015056611278088637,0.0012581860075421417
236.27354532495772,0.8528680857440498,0.04454329490064752,0.09950774344172751,0.0013401123513169307,0.001740763562381397
236.47377714302974,0.8543464962602577,0.04477837926695927,0.09804912707253029,0.0015617634612418016,0.001264233939134684
236.67400896110172,0.8543970823575165,0.04502445846338188,0.09776950521894708,0.001566816664961289,0.0012421372953176294
236.87424077917373,0.852467120984109,0.04516126288915408,0.09908822830875393,0.0013028341815475737,0.001980553636560209
237.07447259724572,0.8544020176065588,0.04539780275735789,0.0974424337313754,0.0015611820347120804,0.0011965638701192257
237.27470441531773,0.854280646849786,0.045646601376520476,0.0972686752394661,0.0015417434765087866,0.0012623330578438432
237.4749362333897,0.8532395565905849,0.04583022611588098,0.09799969261527258,0.0013773483666485729,0.0015531763117384114
237.67516805146172,0.8537795762390675,0.046064248026133674,0.09728338221055288,0.0014622957720320435,0.0014104977523402308
237.8753998695337,0.8546462562262231,0.046335826689099,0.09631853940811318,0.001591648639134195,0.0011077290375555698
238.07563168760572,0.8531530074780072,0.04652996062633559,0.09724548156494521,0.0013766244455767542,0.001694925885261342
238.2758635056777,0.8534947546160573,0.04671786535421416,0.09671831685939919,0.0014355903677494538,0.0016334728027046473
238.47609532374972,0.8548927506393919,0.0469895430263739,0.09539700874554553,0.0016345573293976932,0.001086140259418023
238.6763271418217,0.8528451261954795,0.04715397377073603,0.09677598690456507,0.0013400463883014935,0.0018848667410490383
238.8765589598937,0.8538020465952821,0.047359043069478864,0.09596410232209071,0.0014542612113388322,0.0014205468019413544
239.0767907779657,0.854715201151966,0.04763618158604653,0.09494387902323756,0.0015900094575801338,0.001114728781302313
239.2770225960377,0.8536693678561177,0.04785103898983746,0.09559048196857735,0.0014232110888240167,0.001465900096775306
239.4772544141097,0.8531880737985023,0.04805451112225462,0.09570627913239184,0.0013646974105705157,0.00168643853641085
239.6774862321817,0.8548018412289576,0.04832822335622997,0.09413113451458868,0.0016023885240681586,0.0011364123762840446
239.8777180502537,0.8539824479172999,0.04855721280308167,0.0945117288993873,0.0014732832544261962,0.0014753271259349851
240.0779498683257,0.8527927686654189,0.048704755323281695,0.09520700896861825,0.001323931749925645,0.001971535292885265
240.2781816863977,0.8549311282245639,0.048974986585219,0.09336408043923396,0.0016124158461627378,0.0011173889049499904
240.4784135044697,0.8538444245800368,0.049194059775812565,0.0939478795288231,0.001444394856579047,0.001569241258878922
240.67864532254168,0.8534572685198397,0.049378326997574065,0.09419008218810902,0.0013751680624184866,0.0015991542321922639
240.8788771406137,0.854539091657006,0.049648609138769804,0.09303868137743815,0.0015317068092035226,0.0012419110177169402
241.07910895868568,0.8544741683130016,0.0499083600354539,0.09283307088497238,0.0015108639293154814,0.001273536837389732
241.2793407767577,0.8531700153186649,0.050100021809774964,0.09359405575544766,0.0013331957998029807,0.0018027113164420852
241.47957259482968,0.8543979309056965,0.05033832279651234,0.09233886761257698,0.001513213253841802,0.0014116654315057073
241.6798044129017,0.8549010402971882,0.05060692403645262,0.09169126857885619,0.0015730029752686805,0.0012277641123666634
241.88003623097367,0.8527779625349523,0.05074940602877225,0.09309732257092114,0.0012878463758898388,0.0020874624895972542
242.08026804904569,0.8545987423409279,0.05099182341572224,0.09158393427951396,0.0015166972978249474,0.0013088026661408551
242.28049986711767,0.8548535001206746,0.051262823092594216,0.09108966327549711,0.001543604426629436,0.0012504090847373537
242.48073168518968,0.8536615626785505,0.05145547815513978,0.0918880143733402,0.0013601735967209761,0.0016347711963817946
242.68096350326167,0.8540478053619931,0.05169411720450004,0.0913073116138707,0.0014175379430120267,0.0015332278767569093
242.88119532133368,0.8551865286929023,0.05198460469074938,0.0901150636149311,0.0015759932002657319,0.0011378098012838399
243.08142713940566,0.8538482128229767,0.052194320854458826,0.09087933629328128,0.0013787983285156002,0.0016993317009005996
243.28165895747767,0.853724081998585,0.05237813531524457,0.09070363230533826,0.0013778283171571614,0.0018163220638085938
243.48189077554966,0.8554898073277488,0.05266856360054139,0.08911802950453249,0.0016109344014541718,0.001112665165855626
243.68212259362167,0.8536030656682,0.05284875043631331,0.09030197031779875,0.0013391266214874055,0.0019070869563341296
243.88235441169365,0.8542170357906124,0.053054516365701854,0.08977358405421826,0.0014044374185205918,0.001550426371081863
244.08258622976567,0.855336075834604,0.053347463410023374,0.08859892805982136,0.0015569296951413257,0.0011606030005453505
244.28281804783765,0.8544399614248385,0.053578891538163066,0.08907171717287474,0.0014110902494275817,0.0014983396148326032
244.48304986590966,0.8537859756749907,0.05378635929468004,0.08931514854784467,0.0013285064654080787,0.001784010017211946
244.68328168398165,0.8553886431229342,0.05406950915061841,0.08775804630471913,0.001553192757508853,0.0012306086643560287
244.88351350205366,0.8549409775696436,0.05431931838696562,0.0878203645509369,0.0014707965022796037,0.0014485429903096456
245.08374532012564,0.8533607226651018,0.054464108595270164,0.08876886943530048,0.0012780549624848607,0.002128244341979044
245.28397713819766,0.8555966973740599,0.054744931802975204,0.08690058137847735,0.00155951681825583,0.0011982726263701298
245.48420895626964,0.8548875551305972,0.05498593601575701,0.08714593167496104,0.001441280913400314,0.001539296265423325
245.68444077434165,0.8541710633806598,0.05517198828964265,0.08761168070863312,0.001331356653648474,0.0017139109675552051
245.88467259241364,0.8552259580901806,0.05544943463529072,0.086506213465373,0.0014721248405557244,0.0013462689687407613
246.08490441048565,0.8554760418893721,0.05572942468656896,0.08602375064997936,0.0014909419929586842,0.0012798407812625629
246.28513622855763,0.8541480044686985,0.05592986741690229,0.08676845481893972,0.0013097320395820233,0.0018439412560209327
246.48536804662965,0.8550372106778078,0.0561661026295288,0.08578265213772976,0.001439548960338196,0.0015744855947381865
246.68559986470163,0.8559780495040714,0.05645611059284794,0.08480178622233281,0.0015490531815803175,0.0012150004993105553
246.88583168277364,0.8537750925612255,0.05660500162218785,0.08619382970819568,0.0012595669898721109,0.002166509118662014
247.08606350084563,0.8553769928307514,0.056849199139095016,0.0848947176446865,0.0014478922424464927,0.0014311981431625982
247.28629531891764,0.8559805433730165,0.05714039443719027,0.08412349735798591,0.001515215854634639,0.001240348977313806
247.48652713698962,0.8547085560954727,0.05734179484960722,0.08492093494671452,0.0013250053292982187,0.0017037087790483757
247.68675895506163,0.8549248420109785,0.05758224851443561,0.08448817221759176,0.001354818647304058,0.0016499186098317153
247.88699077313362,0.8562626397673315,0.05788833133054378,0.08314398259186843,0.0015302721077963763,0.0011747742026025486
248.08722259120563,0.8551353238616306,0.0581137359613465,0.08370513574937416,0.0013600650236219119,0.001685739404169532
248.28745440927761,0.8545429892353933,0.058289727560109104,0.08386374250701334,0.0013039972829246454,0.0019995434147036285
248.48768622734963,0.8565978698559146,0.058596188768509395,0.08210039725873522,0.0015563282575216245,0.001149215859463586
248.6879180454216,0.8549615394958245,0.05879324599399914,0.08302550134652134,0.0013203974026305147,0.001899315761169261
248.88814986349362,0.855186506682084,0.05899628498849255,0.0827969258947378,0.0013354659954404235,0.0016848164393887984
249.0883816815656,0.8564514085351311,0.05930141530882828,0.08153517835730859,0.0014941543224478214,0.0012178434764275653
249.28861349963762,0.8557644028605093,0.05954947042418077,0.08179369193412832,0.0013782572291366907,0.001514177552188053
249.4888453177096,0.8549630199491721,0.05975956165816907,0.08213577937671457,0.001277251225329709,0.0018643877907560075
249.68907713578162,0.8564471455181898,0.06004661216091401,0.08068815242742235,0.0014752110615159255,0.0013428788320991266
249.8893089538536,0.8563932503309075,0.06031686670325512,0.08043364899767277,0.001441960752593111,0.0014142732157118069
250.0895407719256,0.8545065569375511,0.06045803490277885,0.08154940871466826,0.001220347478748347,0.002265651966394112
250.2897725899976,0.8567265917194012,0.06074525819330519,0.07975652563022018,0.001479682827398509,0.0012919416298191432
250.4900044080696,0.8564124601616968,0.06100769859180954,0.07967121541519251,0.0014129566117523462,0.0014956692196940802
250.6902362261416,0.8554019585769214,0.06119392236118406,0.0803103507328812,0.001271071621196892,0.0018226967079609613
250.8904680442136,0.8563842228269594,0.06147478762317973,0.07929575973322141,0.0013907379586674702,0.0014544918581163835
251.0906998622856,0.8569335040158031,0.06177336973503462,0.07856800545604949,0.0014453611565903718,0.0012797596366665987
251.2909316803576,0.8556319251596596,0.06198232101589936,0.07925250234561972,0.0012692225688718112,0.0018640289100944594
251.4911634984296,0.8561212032170612,0.062210893994276095,0.078572460701231,0.0013457190523805092,0.0017497230351970448
251.6913953165016,0.8574610730825232,0.06252060862070936,0.07731609100713303,0.001495535770045912,0.0012066915197355586
251.89162713457358,0.8552881561875697,0.06267704258500277,0.07860421455506353,0.0012178839872642952,0.002212702685247885
252.0918589526456,0.8565792059885151,0.06291842336290682,0.077579900896984,0.0013584113021181709,0.0015640584496245226
252.29209077071758,0.8574869096923511,0.06322710007398823,0.07659192977821365,0.0014571672624754321,0.0012368931931193503
252.4923225887896,0.8562108918551053,0.06343724460386227,0.07732303972631105,0.0012729701438869024,0.001755853670982916
252.69255440686157,0.8562491359817967,0.06367690661377387,0.07703978420594014,0.0012771303026185093,0.0017570428960182484
252.8927862249336,0.8576970152369443,0.06399405973833734,0.07562964218283075,0.0014560537960548975,0.0012232290459799307
253.09301804300557,0.8568244015691433,0.06423515429861092,0.07596421979167114,0.0013199325513906673,0.0016562917893309533
253.29324986107758,0.8557937731170282,0.06440014169916485,0.07641115085888,0.0012182871719227865,0.0021766471531512294
253.49348167914957,0.8580418844438646,0.06471911468959135,0.07456728227421558,0.0014737483393310335,0.0011979702531428151
253.69371349722158,0.8567207497215945,0.06493392280794172,0.0751997256288619,0.0012829292242459353,0.0018626726175015231
253.89394531529356,0.8565372828586529,0.06513087651176876,0.07525927413697744,0.0012509063475436304,0.0018216601452031075
254.09417713336558,0.8578871364308578,0.06544424350331328,0.07397636920633802,0.0014059605187943614,0.0012862903408417017
254.29440895143756,0.8574492855833369,0.065708724929758,0.07400375209433341,0.001325408906581221,0.001512828486136577
254.49464076950957,0.8565286756099663,0.0659203013612897,0.07441300617468563,0.001212330809431719,0.001925686044773718
254.69487258758156,0.857798132256278,0.06620488296426284,0.07314937377495268,0.0013734721326195522,0.00147413887203523
254.89510440565357,0.8581393309070636,0.0664948854656567,0.07260231340380696,0.0013875902305791506,0.0013758799930409828
255.09533622372555,0.856043559494467,0.0666323907454199,0.07379457948917068,0.0011528047627566045,0.002376665508333629
255.29556804179757,0.8581343608562987,0.06692105381494279,0.07216703681239638,0.0013776351914418156,0.0013999133250691595
255.49579985986955,0.8582067177363153,0.06720378337790096,0.07178555118729603,0.0013595050947010536,0.0014444426039350127
255.69603167794156,0.8569575936785973,0.06738905669635172,0.07253514345883434,0.0011972109514910567,0.0019209952148754406
255.89626349601355,0.8578288914377975,0.06766972788617606,0.07164531547419947,0.0012927741899596268,0.001563291012017248
256.09649531408553,0.85863616306353,0.0679842876443065,0.07072624159446857,0.0013756012890050453,0.0012777064088425104
256.29672713215757,0.8574060785680536,0.06820160234999931,0.07131614330728404,0.0012125280756760156,0.0018636476991414318
256.49695895022955,0.8574647704287047,0.06841705484126255,0.07094709764378816,0.0012380764318351565,0.0019330006545636678
256.69719076830154,0.8591435177317429,0.06874414562582329,0.06949079054522754,0.001415613335891709,0.0012059327614682201
256.8974225863735,0.8570970791718975,0.068909629462715,0.07060708970656998,0.0011635633062748953,0.0022226383526960337
257.0976544044455,0.8580052658831243,0.06914330684175864,0.06989072164705326,0.00125352747099192,0.0017071781572233886
257.29788622251755,0.8591610665721148,0.06946623500939529,0.06875559332381516,0.0013730670298189613,0.0012440380650069948
257.49811804058953,0.8579531351984631,0.06968544377940422,0.06936760520012926,0.0012064018239912801,0.0017874139981641653
257.6983498586615,0.8578114347769498,0.06992205291152814,0.06922662985758438,0.001188231277999328,0.0018516511760921998
257.8985816767335,0.8592737472645797,0.07024462162950008,0.06783611150249133,0.0013577142860474603,0.0012878053175348738
258.09881349480554,0.8586849384757126,0.07050137990432857,0.06793973832489132,0.001259952252644439,0.0016139910425780547
258.2990453128775,0.8572714425884259,0.07065312387880142,0.06860979419369409,0.0011252651881814189,0.0023403741510534997
258.4992771309495,0.8596064072273778,0.07098022726794208,0.06678328929671873,0.0013686173761221475,0.0012614588319962096
258.6995089490215,0.858637744708453,0.0712133693718365,0.06712052009467356,0.0012274716913250922,0.001800894133869276
258.89974076709353,0.8580533288170802,0.07140128472991356,0.0674321266021285,0.0011555569807376242,0.0019577028702993417
259.0999725851655,0.8594299703695948,0.0717189061352788,0.06618741311408254,0.001298894345586983,0.0013648160356149136
259.3002044032375,0.8592575628138783,0.07199919852206686,0.06599268934849876,0.001254906121740305,0.001495643193974743
259.5004362213095,0.8582463560645844,0.07221144424609079,0.06643892564356553,0.0011363117864955344,0.0019669622594225998
259.7006680393815,0.8592245587440961,0.07248676282029577,0.06540949879723218,0.0012553420429692699,0.0016238375955679406
259.9008998574535,0.8599415682802815,0.07279551460266302,0.06461462666673358,0.0013111109531456714,0.0013371794973390933
260.1011316755255,0.8577358994185948,0.07293027932792517,0.06580103311802818,0.0010780867098212944,0.002454701425796413
260.3013634935975,0.8595929724639662,0.07321475156388722,0.06440852996970264,0.0012600777344987685,0.001523668268110551
260.5015953116695,0.8600219269280838,0.07351607173991595,0.06378566383070935,0.0012838456562474353,0.0013924918452083493
260.7018271297415,0.8586022236130244,0.07370000417488835,0.06458039414152061,0.0011138574793306954,0.0020035205914021325
260.9020589478135,0.85933128570064,0.07397723581844835,0.0638374277538037,0.0011845586882724358,0.0016694920390030999
261.10229076588547,0.860335017883667,0.07430409964361982,0.06279568119268543,0.0012856572062187857,0.001279544073977388
261.3025225839575,0.8592139600669031,0.07452985242557168,0.06326935545101582,0.0011423461733256258,0.0018444858833513592
261.5027544020295,0.8588410798042532,0.07472739695563521,0.06318908392280252,0.001123865852986338,0.0021185734644895452
261.7029862201015,0.8607814612720637,0.07506885296764637,0.06161827073247323,0.0013151355161242614,0.0012162795118609317
261.90321803817346,0.8589369466690603,0.07524522278719217,0.06252359345252957,0.0010987509324197882,0.002195486158968121
262.1034498562455,0.8594148955615789,0.0754663460731518,0.0621193282139862,0.0011399631321522142,0.0018594670193019217
262.3036816743175,0.8607573542329253,0.07580004277080762,0.060908415073202736,0.0012695364271737423,0.0012646514960631327
262.5039134923895,0.8596774729793324,0.07602893456682318,0.06136885044450979,0.0011290842320852172,0.0017956577774228381
262.70414531046146,0.8593581336471662,0.07626072651845887,0.061356760377739454,0.0010928280241948138,0.0019315514326159672
262.9043771285335,0.8607422850935424,0.07658216496194883,0.06006063696492354,0.0012424637736362313,0.0013724492061243062
263.1046089466055,0.8604506039255709,0.0768545963819525,0.05994818507148834,0.0011841162878270938,0.0015624983333375193
263.30484076467746,0.8587258099761962,0.07699214004396401,0.060769201816303804,0.0010298992317592612,0.0024829489319540864
263.50507258274945,0.861038682494976,0.0773221417098128,0.059047929298593906,0.0012486633481380706,0.0013425831486555825
263.7053044008215,0.8604330031193733,0.07757392627439184,0.05911560515760996,0.0011570946253811117,0.001720370823420729
263.9055362188935,0.8594787321945697,0.07775064941146194,0.059626852343078324,0.0010553584089228424,0.0020884076421435797
264.10576803696546,0.8608291594400014,0.07806878526301854,0.058469123118316965,0.0011813181854092906,0.0014516139934321725
264.30599985503744,0.8609140374146895,0.07836369694745907,0.058084865970739,0.0011711939178650557,0.0014662057494247184
264.5062316731095,0.8598393966177739,0.07857625292498205,0.05854277532181056,0.0010533174646367356,0.0019882576709745253
264.70646349118147,0.8604740616793488,0.07883564497103625,0.05777069954576639,0.001129937010284976,0.0017896567937423198
264.90669530925345,0.8615288458864345,0.07916181589097732,0.05678820784494144,0.001218710188071722,0.0013024201897553272
265.10692712732543,0.85930400656819,0.07929576799045623,0.05790576256003729,0.0009999299715603858,0.0024945329099371988
265.3071589453975,0.8608388875415268,0.07956999049643194,0.05679137937582791,0.001135429674510617,0.0016643129118852874
265.50739076346946,0.8615794286281749,0.07988787177407014,0.05599383983154413,0.0011920538280509683,0.0013468059383413538
265.70762258154144,0.8600609828835895,0.08007100592599259,0.056776835492783596,0.0010263492697447922,0.002064826428071723
265.9078543996134,0.8606226406787759,0.08034211417030976,0.056191539310824414,0.0010733235834862163,0.0017703822567890202
266.10808621768547,0.8617487243772484,0.08067657402170804,0.055100435868492,0.0011822786920345483,0.0012919870407032549
266.30831803575745,0.8607652622124533,0.08091118699491479,0.05545091945587396,0.0010635456803204178,0.0018090856566255378
266.50854985382944,0.8599846554308902,0.08108726286687917,0.055617940990318825,0.001010778218855078,0.0022993624932455352
266.7087816719014,0.8620982422862508,0.08143932458022683,0.05401812751396172,0.0012024856454853107,0.0012418199742660412
266.90901348997346,0.8605061383460197,0.08162868397223283,0.054704015909050364,0.001027460864094407,0.002133700908795787
267.10924530804544,0.8605324240270238,0.08183288743179104,0.05459051481892471,0.0010255933105764619,0.00201858041187986
267.30947712611743,0.8620000722112534,0.0821739359305128,0.0533697808017402,0.0011558232837480553,0.0013003877729412725
267.5097089441894,0.8610900978507307,0.08241336416444937,0.05367025258282752,0.0010465138280783164,0.001779771574109802
267.70994076226145,0.8605978148251091,0.08263922282276458,0.05377064308741945,0.0009967982095930436,0.0019955210553074423
267.91017258033344,0.8618227049065917,0.08295251206661378,0.052625080830748336,0.001119970584401814,0.0014797316118378655
268.1104043984054,0.8618259402585023,0.08324069702273788,0.05232838003987632,0.0010990538386641197,0.0015059288404130485
268.3106362164774,0.8598673620900281,0.083364620890035,0.05323376392581234,0.0009377738706588229,0.0025964792236589144
268.51086803454945,0.8620542815801746,0.08369153951437033,0.05168621061410284,0.0011235904719944683,0.0014443778195503746
268.71109985262143,0.8617991158815369,0.08396209748697829,0.05153148567426364,0.0010776525281796878,0.0016296484292355723
268.9113316706934,0.8605233661654077,0.08412667616736069,0.05218456664212442,0.0009572804749025816,0.002208110550398492
269.1115634887654,0.8618009972392656,0.08444208306104446,0.05114946142508247,0.001062871283294442,0.001544586991506792
269.31179530683744,0.8621135276768257,0.08474975591211176,0.050625235112580616,0.0010810848669270253,0.001430396431748076
269.5120271249094,0.8609996167959914,0.08496289918557556,0.05107751145309632,0.000969293250129379,0.0019906793154003716
269.7122589429814,0.8612635190341424,0.08520049154450318,0.05056122735526218,0.0010073555907648604,0.0019674064755207496
269.9124907610534,0.86260306296812,0.08554232021411158,0.04945912655534233,0.001119209249322016,0.0012762810132958499
270.11272257912543,0.8604337857637983,0.08567835424817825,0.050471119013189514,0.0009235503745768865,0.0024931906004510176
270.3129543971974,0.8615786849315411,0.08593623558952937,0.04964963384148156,0.001013370005552401,0.001822075632089481
270.5131862152694,0.8625774585660705,0.08626861596566927,0.04874684764182379,0.0010932513400303333,0.0013138264866002594
270.7134180333414,0.8610272317343526,0.08645254627336295,0.04947862044856616,0.000941385764948292,0.0021002157789654008
270.9136498514134,0.8614011960018575,0.08671556016517265,0.04905214019858906,0.0009671197412648128,0.0018639838933135152
271.1138816694854,0.8625717948422245,0.08705209120588829,0.047979411565288115,0.0010748789596024743,0.0013218234271933102
271.3141134875574,0.8617448558354074,0.08729649073679208,0.04821457665244086,0.0009833459974543054,0.0017607307781036317
271.5143453056294,0.8605975890328589,0.08744928870312844,0.04857917213516295,0.0009067424715413181,0.002467207657506921
271.7145771237014,0.8627916003544344,0.0878073731720975,0.04702576186961086,0.001088216065930701,0.0012870485381240725
271.9148089417734,0.8614774426828846,0.08801203701387532,0.04751142435107593,0.0009560001767516348,0.0020430957756112315
272.1150407598454,0.8610543039624704,0.08819597402548983,0.04765005663324342,0.0009191247522909757,0.0021805406267054617
272.31527257791737,0.8625896682716957,0.08854136266739013,0.04647402369830018,0.0010431319363028884,0.0013518134265127974
272.5155043959894,0.8618706241907523,0.08879231825539297,0.046629272032655114,0.0009661208700818666,0.0017416646513193955
272.7157362140614,0.8612109992809852,0.08901192409376521,0.046826250889383914,0.0009073686931834168,0.002043457042883031
272.9159680321334,0.8622127659594128,0.08931017601348107,0.04586509684829432,0.0010016130194123718,0.0016103481596003745
273.11619985020536,0.8624950008939694,0.08961427602089143,0.04542792744238242,0.0010139573137086918,0.0014488383292477424
273.3164316682774,0.8603767858511155,0.08972686710225354,0.04636712869762028,0.0008553996987053592,0.002673818650504108
273.5166634863494,0.8623452795713206,0.09004417429597246,0.04503647477923393,0.0010045085573232642,0.001569562796348735
273.71689530442137,0.8624113311770616,0.09033360159756516,0.044718735711617476,0.0009979173514269722,0.0015384141625277477
273.91712712249335,0.8608717501798754,0.09048662610894959,0.04546200724244927,0.0008692447244929328,0.00231037174443265
274.1173589405654,0.8620365731537185,0.09079678598852883,0.04457098645158772,0.0009539573933906557,0.0016416970129753362
274.3175907586374,0.8625313928680137,0.09111472486590443,0.04396396253184464,0.0009938035560111455,0.0013961161784297414
274.51782257670936,0.8613983147760372,0.09132956248755027,0.04440359150882599,0.0008921201121035715,0.001976411115687493
274.71805439478135,0.8612862802082196,0.09154096797787149,0.04412362240909905,0.0008979765652904874,0.002151152839724124
274.9182862128534,0.8628479326260824,0.09189613967376097,0.04296831156885679,0.0010236897039869969,0.0012639264275157236
275.1185180309254,0.8607890308881351,0.09203806250846079,0.04386607849145561,0.0008559874953505879,0.002450840616799891
275.31874984899736,0.8614982101065284,0.09227399698696045,0.043327795101387616,0.0009042854707990173,0.00199571233452641
275.51898166706934,0.8626999452175312,0.09261908501483257,0.04238305928416416,0.0009990659956260134,0.0012988444880489814
275.7192134851414,0.8611732926910823,0.09280644980090645,0.043046427592387256,0.0008671498784141178,0.0021066800374115063
275.91944530321337,0.8613428580807997,0.0930602556885817,0.04277296534125341,0.0008747799878722044,0.0019491409016946107
276.11967712128535,0.862484552487861,0.09339295568860596,0.0417724322043898,0.0009750107723075621,0.0013750488470374972
276.31990893935733,0.8618236794117385,0.09364871416923244,0.04191294538664021,0.0009112517793677449,0.0017034092532245452
276.5201407574294,0.8603592469528044,0.09377859857796322,0.042428676848000633,0.0008199325633346235,0.0026135450580983314
276.72037257550136,0.8625433070922373,0.09413729363444649,0.040978367000977664,0.000984408619740618,0.001356623652801212
276.92060439357334,0.8615113367137793,0.09435979879795575,0.04130334287042501,0.0008931554785021603,0.0019323661395441959
277.1208362116453,0.8606594795020419,0.09452169236660247,0.04164952837282104,0.0008297725216826553,0.002339527237058999
277.32106802971737,0.8622114583729084,0.09486909921699135,0.04055702918226192,0.000943752108563706,0.0014186611194854633
277.52129984778935,0.8616844100414789,0.09513257807645971,0.040599315410764926,0.0008973116655154111,0.0016863848059930457
277.72153166586133,0.8608629262912768,0.09534656942614039,0.04088106275658503,0.0008331387298027025,0.0020763027964070453
277.9217634839333,0.861597145446305,0.09562376934884294,0.04011680419896815,0.0008994888620483922,0.0017627921440447822
278.12199530200536,0.8621319722128344,0.09594400531664915,0.0395874356191953,0.0009401969271932523,0.0013963899243396509
278.32222712007734,0.8599178211924369,0.09604933125657424,0.040532455023476556,0.0007904913378727766,0.0027099011898512183
278.5224589381493,0.8615908093978073,0.09635029262006549,0.03943573075743034,0.0009031609880823633,0.0017200062368249284
278.7226907562213,0.8619395070119052,0.09665884034117482,0.039016090984726144,0.0009292625192562671,0.0014562991431463991
278.92292257429335,0.8601951401302926,0.09680267293038511,0.039813551121630805,0.0008000874379620685,0.0023885483799386265
279.12315439236534,0.8612127975553843,0.09710598018573978,0.03907471045570455,0.0008652950408751668,0.0017412167625040038
279.3233862104373,0.86183607202027,0.09743120972287697,0.03843953915414688,0.0009206551596828212,0.0013725239432336577
279.5236180285093,0.8606995457213068,0.0976498492770456,0.03887060158394797,0.0008315070387858644,0.0019484963791258378
279.72384984658134,0.8602226977537996,0.09783280680575769,0.03879907460505607,0.000811953717092137,0.0023334671185074015
279.92408166465333,0.8619400616433535,0.09819838111263508,0.037645691649904535,0.0009448131340400546,0.001271052460279309
280.1243134827253,0.8600261958025306,0.09835088890008825,0.03844516907289195,0.0008062438915348376,0.00237150233316639
280.3245453007973,0.8602741388639358,0.09856036706780444,0.03816477647308143,0.0008186595769183851,0.002182058018471185
280.52477711886934,0.8616270718696618,0.09891689165677495,0.0372277275609369,0.0009226700996432238,0.0013056388131947809
280.7250089369413,0.8601642889306668,0.09911124841785277,0.03782745077168489,0.0008133057195544059,0.0020837061604511435
280.9252407550133,0.8601149665203593,0.09935575666413442,0.03769802041559615,0.0008057863912246139,0.0020254700088975573
281.1254725730853,0.8611647486122341,0.09967895839007167,0.036804925679329956,0.0008953745209031174,0.0014559927976741417
281.32570439115733,0.8606715443821592,0.09994834626786098,0.036879672802183835,0.0008586625396684287,0.0016417740083386602
281.5259362092293,0.8589397036008699,0.10005809669461628,0.0375129536762233,0.0007588677274562506,0.002730378301046716
281.7261680273013,0.8610311239352498,0.10041131940658285,0.03619879044400887,0.0009037438504577645,0.0014550223639131713
281.9263998453733,0.8602705332869826,0.10065454820720933,0.03641261992312353,0.0008499904497842861,0.0018123081331150905
282.12663166344527,0.8590224238784828,0.10079469539657243,0.03692778289752057,0.0007669822522552273,0.002488115575384467
282.3268634815173,0.8605470187244176,0.10114265234042616,0.03594002904631345,0.0008701308875520458,0.0015001690015071579
282.5270952995893,0.860197243053419,0.10141953645116206,0.0359100952559428,0.0008512267582731793,0.0016218984814193784
282.7273271176613,0.8592187575905043,0.10162970558072508,0.03627190074434329,0.0007839032425416166,0.002095732842102231
282.92755893573326,0.8596591373235621,0.10188149586701142,0.0357008188871568,0.000825414011893665,0.0019331339105900663
283.1277907538053,0.8604138021748972,0.10221805929149615,0.0351230315965644,0.0008906258994104628,0.0013544810378458873
283.3280225718773,0.8581531121061061,0.10232191307583402,0.036069829777132606,0.0007520964945848946,0.0027030485465583147
283.52825438994927,0.8594699031000992,0.10260011458865231,0.03520278430203119,0.0008310451646983178,0.0018961528447342696
283.72848620802125,0.8600610637161743,0.10292844272137498,0.0347337358726843,0.0008848431688472156,0.0013919145211357387
283.9287180260933,0.8581662918035499,0.10306732832919992,0.035570102011474286,0.0007594929949970233,0.002436784860997118
284.1289498441653,0.8590063144916883,0.10336320457875935,0.034981047020063,0.0008074835042496928,0.001841950405458834
284.32918166223726,0.859703158235264,0.10369255845773154,0.03436120399342606,0.0008742134778361649,0.0013688658359603493
284.52941348030924,0.8585752443148911,0.10391823158580753,0.03479745523838494,0.0007986009981048376,0.001910467863028685
284.7296452983813,0.8577540943090168,0.1040731042359441,0.03490809360079486,0.0007589267537538804,0.002505781100708046
284.92987711645327,0.8595621393972827,0.10444551004964009,0.0337927827976768,0.0008958062280645879,0.0013037615275540836
285.13010893452525,0.8578108708112779,0.10461416949852767,0.03452663386512904,0.0007851031538729293,0.002263222671410759
285.33034075259724,0.8575879648833713,0.1047944416662483,0.03447522208114775,0.0007665069326436798,0.0023758644368084255
285.5305725706693,0.8590476375185027,0.10516183694828121,0.0335764840160822,0.0008775551808486577,0.0013364863365039885
285.73080438874126,0.8576741602092935,0.10536750326372328,0.03413361427269315,0.0007907854520021853,0.002033936802506595
285.93103620681325,0.857392339435454,0.10560382541692455,0.034140545140510216,0.0007699947981002325,0.002093295209228747
286.13126802488523,0.8583007125903047,0.10591280044070382,0.033371350452956756,0.0008485592252994601,0.001566577290955004
286.33149984295727,0.8579716315955469,0.10619870491573453,0.033410429087389726,0.0008382001587163137,0.0015810342428334559
286.53173166102926,0.8560165125235348,0.10629354955140215,0.03414616141585253,0.000732512552097817,0.002811263957333409
286.73196347910124,0.8579428390515019,0.10663489616942412,0.03297789917524917,0.0008583946550891343,0.0015859709489578634
286.9321952971732,0.8574352666518068,0.10690227267699347,0.03312847004311534,0.0008391966779166504,0.0016947939503886313
287.13242711524526,0.8558285877419963,0.10702344182974854,0.03378964434051733,0.0007402426288701625,0.0026180834590899186
287.33265893331725,0.8572881248919832,0.10737137733416913,0.03291103766971332,0.0008340167209321966,0.001595443383425894
287.53289075138923,0.8570914251736322,0.10766244103927004,0.032847706826167736,0.0008401205259371373,0.0015583064352183156
287.7331225694612,0.8559602859881537,0.1078719527043399,0.033293684980557556,0.0007702552202564453,0.0021038211069169532
287.93335438753326,0.8560947207412765,0.10809634930601968,0.03290375587959764,0.000790113333400862,0.002115060739928687
288.13358620560524,0.8570345726050979,0.1084492164575898,0.032307961666438505,0.0008785790464280273,0.001329670224668732
288.3338180236772,0.8547623329541192,0.10855892883549007,0.033272608427184776,0.0007504636684374559,0.002655666114992136
288.5340498417492,0.8556765479683363,0.10880895925215321,0.03261955299483952,0.0007985549702133853,0.0020963848146830803
288.73428165982125,0.8564747935241427,0.1091584079973569,0.03213617157186976,0.0008783325269357365,0.0013522943799204109
288.93451347789323,0.8544761138731105,0.10929846555005537,0.033016189587190437,0.000757806877947665,0.002451424111920573
289.1347452959652,0.8551097282424215,0.10958739304862326,0.032568920796714605,0.0007905427165391313,0.0019434151959267039
289.3349771140372,0.8558304078133736,0.10991796418649742,0.03199133891319682,0.0008670805575169672,0.001393208529642697
289.53520893210924,0.8547214366661819,0.11015509561088445,0.032452051090992216,0.00080533355449304,0.001866083077675855
289.7354407501812,0.8535794626571588,0.11028518357519047,0.03272836170304015,0.0007479137506654734,0.0026590783141740523
289.9356725682532,0.8554177799625033,0.11066025233544124,0.031664634368092366,0.0008891963876189819,0.0013681369465730821
290.1359043863252,0.8538353018472046,0.11085144278731082,0.032371357976192845,0.0008045815124267461,0.002137315877095236
290.33613620439723,0.8531423790634366,0.11100214518438054,0.03252864903905133,0.0007569801230411642,0.0025698465903199355
290.5363680224692,0.8546731524272583,0.11138067772641447,0.03167747914963576,0.0008762610735482318,0.0013924296233743868
290.7365998405412,0.8534027461208062,0.11160261678150071,0.03221977258111732,0.000811294970905192,0.0019635695459053184
290.9368316586132,0.8528747513215876,0.1118332172157112,0.03236123787414529,0.0007772105855345065,0.002153583003257258
291.1370634766852,0.8536058690596939,0.11212489847485993,0.031717550125734253,0.0008457959848946227,0.0017058863550546493
291.3372952947572,0.8534360659797835,0.11243064257937264,0.03174366813545252,0.0008627754360427401,0.0015268478695857736
291.5375271128292,0.8512934778996563,0.11251814155217219,0.032585878959647575,0.0007502271326783848,0.002852274456080545
291.7377589309012,0.8529919083406631,0.1128413648740158,0.031556216347744075,0.000858871675836817,0.0017516387619750152
291.9379907489732,0.8527189952072041,0.11313701210602535,0.03167852490708645,0.0008739624347071684,0.0015915053452135368
292.1382225670452,0.8507918833853498,0.11324464514459899,0.0324829689737643,0.0007589088850771685,0.0027215936114454164
292.3384543851172,0.852152817686186,0.11359286682522979,0.031704918042392394,0.0008456824713822651,0.001703714975047506
292.5386862031892,0.8520822273569694,0.11389897977409975,0.03163576978751597,0.0008762715481540394,0.0015067515335002233
292.7389180212612,0.8508032674067848,0.11411255644595841,0.03217833009241986,0.0008029470742603746,0.002102898980817097
292.9391498393332,0.8506285946412772,0.11431049227225566,0.03195780608503672,0.0008026908323577647,0.0023004161693123367
293.1393816574052,0.8517209384288142,0.11467919571207706,0.031354364902359246,0.0009165807939211888,0.0013289201630685746
293.33961347547717,0.8494611518497764,0.11480340385538165,0.032364733857121165,0.0007965632457966039,0.0025741471921653996
293.5398452935492,0.849936553731764,0.1150215717027777,0.0319112057147983,0.000814292640430274,0.0023163762104716655
293.7400771116212,0.8509154328207245,0.11539433141237664,0.03142520728048176,0.0009223943048514214,0.0013426341818078731
293.9403089296932,0.8488514483050644,0.11554339124044748,0.03236718044000614,0.0008056426148958443,0.002432337399830166
294.14054074776516,0.8492494127402033,0.11582691766109368,0.032054462104466566,0.0008234024086044174,0.002045805085876549
294.3407725658372,0.8499531655912753,0.11615666228745458,0.03152841297026087,0.0009104060610496755,0.0014513530902041261
294.5410043839092,0.8488747207466596,0.11641087711217157,0.03203154206129332,0.0008635358896980144,0.0018193241904228452
294.74123620198117,0.8474336764208197,0.11652251367272039,0.032471418020522995,0.0007872477989795221,0.002785144087204196
294.94146802005315,0.8492472702108168,0.11689557709291594,0.03145216664672232,0.0009354165934636504,0.0014695694563294644
295.1416998381252,0.8478358859190245,0.117116416923384,0.03216395134548243,0.0008769506598724182,0.0020067951524848585
295.3419316561972,0.8466794443190352,0.1172400418229348,0.03252743908948923,0.000798135052191432,0.002754939716597565
295.54216347426916,0.8482532948837977,0.11763084230218222,0.03171309302003907,0.0009291770313077215,0.0014735927629196302
295.74239529234114,0.8470930018310215,0.11787458164171784,0.032263811922392284,0.0008864177135948376,0.0018821868915227349
295.9426271104132,0.8463050687892445,0.11810338940527028,0.032547194858546034,0.0008365827553468017,0.0022077641918433638
296.14285892848517,0.846834447975397,0.11837702469287295,0.03202248690617637,0.0008959328614711773,0.0018701075643318362
296.34309074655715,0.8468217071268219,0.118706163509247,0.03204243966086205,0.0009443663105721887,0.0014853233927475816
296.54332256462914,0.8445196532162824,0.11879600760331925,0.033009926989894085,0.0008214079320459928,0.002853004258708066
296.7435543827012,0.8459339673677476,0.11909555856211743,0.03210567077531178,0.0009129791625010574,0.0019518241325725792
296.94378620077316,0.84588395898205,0.11942433430493476,0.032212622781195334,0.0009664288220340572,0.0015126551100344931
297.14401801884514,0.8436732875782255,0.11952649732582171,0.03317589939253357,0.0008319105215209,0.00279240518214664
297.34424983691713,0.8449027217108863,0.11987615179751626,0.03248353938088781,0.0009132041849861834,0.0018243829259725888
297.54448165498917,0.8449339483533177,0.12019862672072634,0.03241879367638473,0.0009704701964392614,0.0014781610533823306
297.74471347306115,0.8435146763732866,0.12042263254587186,0.03307510145646128,0.0008920516186469654,0.0020955380059843767
297.94494529113314,0.8430316066764397,0.12059822949510518,0.03301961543777577,0.0008703611543663003,0.0024801872365652127
298.1451771092051,0.8442477262876328,0.1209817194784833,0.032396490631643085,0.001014842972405186,0.0013592206300869147
298.34540892727716,0.84201930277414,0.12113019991690277,0.0334810599221964,0.0009012252497214369,0.0024682121372899372
298.54564074534915,0.8420253043321433,0.12131517386151286,0.03322609068966071,0.0008846584662771921,0.002548772650659407
298.74587256342113,0.8431685707548346,0.12171424167484174,0.03272384964438493,0.0010271228979140548,0.001366215028278164
298.9461043814931,0.8410729483686331,0.12188152355557623,0.0337488265674246,0.000913194105590194,0.0023835074030297545
299.14633619956516,0.841203834044534,0.12216229345877913,0.033570916604259884,0.0009133208741624022,0.0021496350185201065
299.34656801763714,0.84185981600149,0.12249068664441042,0.0330910436526583,0.0010124288955969127,0.0015460248061000147
299.5467998357091,0.8408282617791595,0.12276870971397413,0.03364460338814256,0.0009838362660094947,0.001774588852970509
299.7470316537811,0.8391060050461644,0.12287109101660271,0.03426040787538444,0.0008843695597436975,0.002878126502361984
299.94726347185315,0.8408434099123016,0.12323723154623806,0.03326591111980206,0.0010414447928330077,0.0016120026290836682
300.14749528992513,0.8396093383079728,0.12349555336707273,0.03399713218766074,0.0010133217467158747,0.0018846543908374537
300.3477271079971,0.837999151325,0.12359770499734733,0.034585342669121465,0.0008967384546677828,0.002921062554122845
300.5479589260691,0.8395918776953133,0.12400261945052962,0.03378255100655004,0.0010434870914069728,0.0015794647564591673
300.74819074414114,0.8385474411717728,0.12427415782218093,0.03435036179550255,0.0010262748170732099,0.0018017643937296053
300.9484225622131,0.8374871152957255,0.12450664121035832,0.034793043529038205,0.0009558491575152603,0.002257350807621409
301.1486543802851,0.8377979389541078,0.12476426740970897,0.03438024429827728,0.0010047818953689564,0.0020527674427952723
301.3488861983571,0.8379452650036815,0.1251203873379072,0.03437873206291989,0.001092555482555316,0.0014630601131963876
301.54911801642913,0.8355071467551625,0.1252241051271807,0.03549667844479045,0.0009547794125864789,0.0028172902605399716
301.7493498345011,0.8365834341054148,0.12549572388524413,0.03471233128940274,0.0010251115546581564,0.0021833991655418705
301.9495816525731,0.8367557482049821,0.12586315174120996,0.03478904315035448,0.0011259646736752134,0.0014660922300415715
302.1498134706451,0.8342988384034402,0.1259702887472852,0.035936660518801414,0.000967263134641485,0.002826949196096605
302.3500452887171,0.8353602904225773,0.1263232659834924,0.03531773843649993,0.0010418156493101087,0.001956889508384822
302.5502771067891,0.8354749782686114,0.1266642243209927,0.03524860358274047,0.0011303183287935483,0.0014818754991261591
302.7505089248611,0.8339290885280808,0.12690660110642527,0.03603384474092306,0.001046004588684602,0.0020844610361515506
302.9507407429331,0.8331385999522609,0.12706711870973877,0.03615034776788796,0.0009983221900031417,0.0026456113803744775
303.1509725610051,0.8344528094975988,0.12746378740547032,0.03547663508383488,0.0011797029595196377,0.0014270650538423931
303.3512043790771,0.8322764884657406,0.12764734778679496,0.03665235528530865,0.001073903940235307,0.002349904522186567
303.5514361971491,0.8317852100646629,0.12780066520420819,0.03661680665677648,0.0010137188146502577,0.0027835992599697023
303.75166801522107,0.8330850734840324,0.12822957807434932,0.03606214228533604,0.0011986597127989487,0.0014245464437504934
303.9518998332931,0.8309914581773039,0.12842531051567294,0.03718136842619024,0.0010891884220782249,0.0023126744590210445
304.1521316513651,0.8308209616965805,0.12870711213950145,0.03715144202259607,0.0010652511131817738,0.002255233028406891
304.3523634694371,0.8314067184689936,0.1290356818936227,0.03670385166536024,0.001177339056907377,0.001676408915384001
304.55259528750906,0.8304464667890784,0.1293450630796402,0.03729724154195967,0.0011743844480740977,0.0017368441415174913
304.7528271055811,0.8284577027685083,0.1294497985123072,0.03811142945770739,0.0010453620365313144,0.00293570722521738
304.9530589236531,0.8300667405558625,0.12980427840108058,0.037122089735993735,0.0012097371615465671,0.0017971541457890018
305.1532907417251,0.8290265591035832,0.13010864719072768,0.03786029182058557,0.0012219375825754811,0.0017825643028014935
305.35352255979706,0.8269765537842126,0.13019809261808962,0.038708712603876864,0.0010580072228339563,0.0030586337712604525
305.5537543778691,0.82856213750858,0.13061932609491914,0.03788702640488039,0.0012223505142854134,0.0017091594776071709
305.7539861959411,0.8276426748544027,0.13092506405747223,0.038459390945405694,0.0012378634895140702,0.0017350066534771865
305.95421801401307,0.8263019723299218,0.13116826257613431,0.039085774638680286,0.0011405361586605577,0.002303454296873942
306.15444983208505,0.8263811790268176,0.13141490434410158,0.03878376133136784,0.001174880777345628,0.002245274520636618
306.3546816501571,0.8266968534239941,0.13180136982362092,0.038721830816651245,0.0013129620134805558,0.0014669839225244937
306.5549134682291,0.8241467020684106,0.1319319031492985,0.040010990204392353,0.0011573845503394598,0.0027530200278287347
306.75514528630106,0.8248294923090209,0.13217322062046083,0.039361175975807905,0.001196055869471666,0.0024400552255105707
306.95537710437304,0.8252360763387583,0.13258535683597766,0.03936402368493709,0.0013575404087298616,0.0014570027318691022
307.1556089224451,0.8225749763044508,0.13270995956216136,0.040718462800868514,0.0011713298045824775,0.0028252715282087973
307.35584074051707,0.8234245247924683,0.13306869522394527,0.04017283619645596,0.0012333728695726998,0.0021005709178314575
307.55607255858905,0.8236111614097655,0.13343136191807228,0.04007442330164372,0.00135867976672257,0.0015243736040701393
307.75630437666103,0.8219629816165102,0.13370141599343796,0.040992647903266385,0.0012705822506033186,0.002072372236457471
307.956536194733,0.8208649524816222,0.13385691137299288,0.041299356136733786,0.0011895815102187456,0.002789198498711044
308.15676801280506,0.8222504240611951,0.13426469499592422,0.04053492993722582,0.0014122254784303852,0.0015377255275047957
308.35699983087704,0.8201554135497573,0.1344950095684064,0.04179617604955955,0.0013211484935077564,0.002232252339049459
308.557231648949,0.8191417090984916,0.13462139304986442,0.042024250822788496,0.0012032338427137464,0.0030094131864212515
308.757463467021,0.8205940289801438,0.13508382376367317,0.041366291512724904,0.0014381382753299737,0.001517717468408224
308.95769528509305,0.8185411390542626,0.13531895069111916,0.0425700491832518,0.0013394876887141353,0.00223037338293363
309.15792710316504,0.8180332840313392,0.13560671781355718,0.04271639569482529,0.0012812297356631253,0.00236237272489598
309.358158921237,0.8185317249276955,0.13593931706553128,0.04228606975381172,0.001404701984022489,0.00183818626921957
309.558390739309,0.8176772278170312,0.13628798401870584,0.042883740482952626,0.0014394883394180202,0.0017115593421738013
309.75862255738105,0.8154369731231551,0.13640847351895968,0.043920975438869615,0.0012742211806628684,0.0029593567386340704
309.95885437545303,0.8168594099157851,0.1367472191833077,0.04293195944989799,0.0014377335918127373,0.0020236778594775527
310.159086193525,0.816043699579206,0.13710687061659557,0.04363295736470952,0.0015064458558721714,0.0017100265838998817
310.359318011597,0.8135759040200405,0.13719536920696376,0.044783034584672046,0.0012851937988438472,0.0031604983897643695
310.55954982966904,0.8151201159809927,0.13763502170153707,0.043918904253713635,0.0014643867710633087,0.0018615712929785806
310.759781647741,0.8143408709424598,0.13798179471571312,0.04446047455278548,0.001523318527843929,0.0016935412614848323
310.960013465813,0.8127211915388315,0.13824428809852257,0.04529482548053935,0.0013931915293122587,0.002346503353080631
311.160245283885,0.8125563830725985,0.13848782092336975,0.045112308380672345,0.0014055389902830966,0.0024379486333632886
311.36047710195703,0.8130509936940478,0.13890742663522476,0.04493199369860438,0.0016057357468962207,0.0015038502255150942
311.560708920029,0.8104198558096134,0.1390786194031065,0.04639736966626022,0.0014333323838210902,0.0026708227374884117
311.760940738101,0.8106504879844738,0.13928964007046868,0.045924309344879954,0.00142326057592283,0.0027123020245428836
311.961172556173,0.8113130785486873,0.13975282520825988,0.045785592337267776,0.0016604222379765752,0.0014880816680981463
312.161404374245,0.8084996920732588,0.13990904100189877,0.0473518443126443,0.0014477941155593432,0.0027916284969295786
312.361636192317,0.809083926817698,0.1402762545933909,0.04689932754942367,0.0014859642089017748,0.002254526830877358
312.561868010389,0.8093366375492159,0.14066514891296442,0.04673716116856345,0.0016526248971555494,0.0016084274723926345
312.762099828461,0.8076254459938156,0.14097324520507212,0.047771570224281724,0.0015678399826173132,0.002061898594505542
312.962331646533,0.806219605076555,0.1411360190596808,0.048294062095094875,0.001444591960897102,0.0029057218080654383
313.162563464605,0.8076420178208148,0.1415524556500354,0.047403867132712614,0.0017072714700316028,0.0016943879267017762
313.362795282677,0.8056712947796957,0.1418417685542039,0.048714333519016766,0.001644968334839463,0.002127634812540413
313.56302710074897,0.8041164631160869,0.14194916430883175,0.04926692939506461,0.001452668692733292,0.0032147744875820118
313.763258918821,0.8057131670063901,0.14244845121255326,0.04845256632957608,0.0017410615155059224,0.001644753936274217
313.963490736893,0.8037481980632838,0.1427344433463554,0.04970321372710972,0.0016654647605042682,0.0021486801030478754
314.163722554965,0.8028691866006066,0.14303419157087846,0.05006658130891538,0.0015598856095237746,0.0024701549103765337
314.36395437303696,0.8032651519126949,0.14337693879203292,0.04964425878823624,0.001689512236929596,0.0020241382704068137
314.564186191109,0.8025604412586691,0.14377268962603226,0.05018418622208545,0.0017782640593675162,0.001704418834148756
314.764418009181,0.8000892795366588,0.14392348570577418,0.05146151212559363,0.0015719165893178077,0.0029538060429596495
314.96464982725297,0.8012565840181575,0.14424347033812948,0.05049541906587983,0.0017180850533976188,0.0022864415247396833
315.16488164532495,0.8007099240199094,0.14466801094712084,0.05108381047539831,0.001864440472193279,0.0016738140856818542
315.365113463397,0.7978604661026146,0.1447698746963898,0.0525673071135771,0.0015789483936377374,0.0032234036940843778
315.565345281469,0.7993149633569772,0.145229498212433,0.051656769143278485,0.0017634780453387817,0.0020352912422764787
315.76557709954096,0.7986973601667128,0.1456246790777337,0.05211306381364611,0.0018784173501164678,0.0016864795920956128
315.96580891761295,0.7968155426386289,0.14591647113582482,0.05316893612524536,0.00171266713282877,0.0023863829677777688
316.166040735685,0.796393415531906,0.14616711369892024,0.0531250034692512,0.0016929347153620277,0.0026215325848665126
316.36627255375697,0.797074049224942,0.14662171495065385,0.0527603558342341,0.0019643357830886657,0.0015795442073878493
316.56650437182896,0.7944062432172228,0.14684784755246152,0.05438130309810064,0.0017824049950230588,0.0025822011374973717
316.76673618990094,0.7941251029578864,0.14703120331459624,0.05415442212958532,0.0017013573768527145,0.002987914221383388
316.966968007973,0.7950683326623911,0.14755155862648558,0.053792835670183024,0.0020273611995758464,0.0015599118416715107
317.16719982604496,0.7921686674929048,0.14775466916941996,0.055546075722064485,0.0017963943596810631,0.0027341932562370613
317.36743164411695,0.7924256510393413,0.14813313470102737,0.05523009822542451,0.0017937376338745487,0.002417378400642657
317.56766346218893,0.7927413711860682,0.1485541165705126,0.0549685461715674,0.0020031478117736755,0.0017328182603891205
317.767895280261,0.7910239578261289,0.14891132676098082,0.05607389823126726,0.0019350752708666103,0.002055741911068997
317.96812709833296,0.789312737385338,0.14909518865638158,0.05683828781565082,0.0017606935648864426,0.0029930925780522546
318.16835891640494,0.7907237011448411,0.1495174285381616,0.055808174713203734,0.0020533649028391817,0.001897330701265091
318.3685907344769,0.7889369199586684,0.14987817196235137,0.0570973087415894,0.0020413795469214928,0.0020462197907827706
318.56882255254897,0.7868358121935247,0.14997750638148039,0.05803799531922501,0.0017590387654082154,0.003389647340673885
318.76905437062095,0.7885556136881354,0.1505160681606061,0.05702734401691665,0.002097175942832775,0.0018037981918221692
318.96928618869293,0.786734845628256,0.15086469727393598,0.058258318139489125,0.0020624028071497603,0.0020797361514812303
319.1695180067649,0.7854596924999163,0.1511834188874395,0.0588837466170772,0.0018961239896569525,0.0025770180062208875
319.36974982483696,0.7857370131906181,0.15154430063059263,0.058470811865967365,0.0020227185072853393,0.00222515580584709
319.56998164290894,0.7852317170814168,0.15199433644597696,0.05886954291105169,0.002183427639947895,0.0017209759219164854
319.7702134609809,0.7825615262658648,0.15219055738155793,0.06038638157212,0.0019353372105962907,0.0029261975701720213
319.9704452790529,0.7833940394046558,0.1524900333635802,0.05949999483268024,0.0020395403312550194,0.0025763920681383164
320.17067709712495,0.7831710122917036,0.15298885837195192,0.05987587945055737,0.0022865165711161125,0.0016777333149815507
320.37090891519694,0.7799965785527518,0.1531202955384821,0.061698295132376034,0.0019364642955135125,0.003248366481188725
320.5711407332689,0.7812949776726367,0.15360049293004022,0.06076733043113821,0.0021089130580728404,0.0022282859084240183
320.7713725513409,0.7808640364011362,0.15405198888099247,0.061072745427462036,0.002291731969999012,0.0017194973207229035
320.97160436941294,0.7787582872741252,0.15438427649117017,0.062341093843414484,0.002093493740905063,0.002422848650697171
321.1718361874849,0.7780649396965712,0.15465373966578783,0.06246252881150861,0.0020301192658165016,0.002788672560632404
321.3720680055569,0.7789273190010149,0.15514396784856604,0.06185543685460833,0.0023749408342757304,0.001698335461850315
321.5722998236289,0.7762850395126271,0.15543941573768597,0.06357890847992816,0.0021987694469428544,0.0024978668231307025
321.77253164170094,0.7754382318384256,0.1556003994249121,0.06368548097456919,0.00202270345349147,0.003253184308918364
321.9727634597729,0.7766795776151458,0.15618299768601598,0.06302160014958301,0.002444450544844195,0.0016713740047294842
322.1729952778449,0.7737758091473906,0.15644876905750213,0.06490021107009121,0.002211606013466803,0.0026636047118675774
322.3732270959169,0.7736397696925043,0.15684117093186856,0.06478518998925029,0.002147038446470579,0.0025868309402269757
322.57345891398893,0.7740145252774897,0.15730124617272498,0.06439592828922001,0.0023957661515818757,0.001892534109305785
322.7736907320609,0.7723643775994903,0.1577189010907514,0.06549589481465679,0.0023639291554507884,0.0020568973399760788
322.9739225501329,0.7703571147816655,0.15793826358967555,0.06652046782190633,0.002131474452464699,0.0030526793546158614
323.1741543682049,0.7716895331923153,0.15836310141073354,0.06537048028541402,0.0024335501517946698,0.002143334960073407
323.3743861862769,0.7701623855833505,0.15880750309850986,0.06653566938110994,0.0024994224474679193,0.0019950194898920286
323.5746180043489,0.7675323570971738,0.15891227162290292,0.06791215343258035,0.0021165210394379205,0.003526696808235755
323.7748498224209,0.7693318335607323,0.15949083107132053,0.06669427943684218,0.0024908756080697717,0.0019921803233679627
323.9750816404929,0.7677183478373812,0.15991378653628144,0.06781540785814485,0.002518279761748772,0.002034178006774032
324.1753134585649,0.7660395563246498,0.16025933150774507,0.06873939131715995,0.002280993238538305,0.0026807276122388073
324.3755452766369,0.7661791601665707,0.16064750319046045,0.0683499839492351,0.0023919524411595157,0.002431400252906925
324.5757770947089,0.7659207331272311,0.16115795058617646,0.06851451875665951,0.0026404723920818054,0.001766325138184306
324.77600891278087,0.7630997329225722,0.16141469829995866,0.07024417697059206,0.002356320562367006,0.0028850712448455483
324.9762407308529,0.7635106559631094,0.1616933209869078,0.06952645540241592,0.0023882708325259354,0.002881296815375841
325.1764725489249,0.7636678718889875,0.16227484683460844,0.06957839392992957,0.0027560669611847795,0.001722820385624347
325.3767043669969,0.7602505769113453,0.1624532669866969,0.07170562280478138,0.0023505621156308634,0.0032399711818810813
325.57693618506886,0.7613082349277949,0.16295328352798438,0.07081499694770228,0.0024859668836186453,0.002437517713237418
325.7771680031409,0.7610882143142808,0.16346926240829207,0.07090335335802582,0.002744828779850765,0.0017943411398907941
325.9773998212129,0.7588222047483251,0.1638540600923717,0.07234246903543952,0.0025254447022297435,0.0024558214219757173
326.17763163928487,0.7578452562173958,0.16415448819047782,0.07265860927877515,0.0024069442683659677,0.002934702045329564
326.37786345735685,0.7588654064500613,0.16467952097491953,0.07177610250766188,0.0028168610382028722,0.0018621090295005713
326.5780952754289,0.7563303749343516,0.1650584551628123,0.07351443647335355,0.002670105013661125,0.002426628416167362
326.7783270935009,0.7548798756275101,0.16520489194860816,0.07404253205779744,0.002377735667726235,0.0034949646987036216
326.97855891157286,0.7564181929609951,0.16585270618861533,0.07301730679444066,0.002891722799767614,0.0018200712565268177
327.17879072964485,0.7536075853234605,0.1661967423507044,0.07492324232729265,0.0026815027313608648,0.0025909272675286622
327.3790225477169,0.7530174827379015,0.16660560474630592,0.07508479397603275,0.0025328412839829653,0.0027592772561219957
327.57925436578887,0.7534426247157309,0.16711239016033422,0.07455369531493981,0.002811822308901687,0.002079467500438192
327.77948618386085,0.7519448364147201,0.1676014261859327,0.07554527482104126,0.002839737260353105,0.0020687253182962804
327.97971800193284,0.7496626990499716,0.16787033375019886,0.07683209805534073,0.0025461894426008235,0.0030886797022308585
328.1799498200049,0.7508300191301034,0.16829424686754874,0.07562316934774947,0.002827148136564147,0.002425416518376556
328.38018163807686,0.7496491429447563,0.16883388958346635,0.07653830420377439,0.003000879439884145,0.0019777838284607673
328.58041345614885,0.7465383739600024,0.16895966842339785,0.0783636934563067,0.002515899893098141,0.003622364267537658
328.78064527422083,0.7483459197156019,0.16957636318561026,0.07696903587876917,0.0029021686420942694,0.002206512578267897
328.98087709229287,0.7470049371710816,0.17008475289504366,0.07787713074843351,0.0030133796111583657,0.0020197995746269667
329.18110891036486,0.744941612053839,0.17046571974890234,0.07911258707847216,0.0027017388992538714,0.0027783422198745036
329.38134072843684,0.7449208823495174,0.1708905669607084,0.07877283788629014,0.0027822565580584344,0.002633456245767328
329.5815725465088,0.7449442035313127,0.17146584091753084,0.07861768015341933,0.0031275958132273188,0.0018446795848518864
329.78180436458086,0.7420404794129436,0.17179760516851628,0.0805018383808801,0.002821034331528777,0.0028390427064730276
329.98203618265285,0.7419447683831308,0.17205645695005725,0.08006238134323845,0.0027492827368594554,0.0031871105870556553
330.18226800072483,0.7425294166447236,0.17272725618987006,0.07968552272373243,0.0032499333393318035,0.0018078711026839663
330.3824998187968,0.7389780364079994,0.17297063772852272,0.08203728988916387,0.002808900249217731,0.0032051357254398193
330.58273163686886,0.7396970024764801,0.17348799179470667,0.08127933748828053,0.0028769182906242005,0.002658749950250849
330.78296345494084,0.7397063934300175,0.1740763073830036,0.08109490312064223,0.0032136158402322995,0.0019087802264468228
330.9831952730128,0.7373697396136606,0.1745259483456937,0.08262559976411026,0.002993303564510864,0.002485408712365495
331.1834270910848,0.7361017934100228,0.17486884037448996,0.08316181438101075,0.002809948776207509,0.0030576030586104384
331.38365890915685,0.7372296745134769,0.1754260828253132,0.08201050119112957,0.0032640807618064347,0.002069660708615883
331.58389072722883,0.734901058492932,0.17590205972818693,0.08364475414303374,0.0031773486624372804,0.0023747789737527903
331.7841225453008,0.7328362342029076,0.17604401538177158,0.08466199986821252,0.002754970277529645,0.0037027802699209854
331.9843543633728,0.734640963061108,0.1767568368907013,0.08325505274713974,0.003344409496370776,0.0020027378050241325
332.18458618144484,0.7320311259045927,0.17719402846588891,0.08506181179461174,0.0031870592933302944,0.0025259745419181166
332.3848179995168,0.7309423439935563,0.1776217409140672,0.08557076445899432,0.002935359052770366,0.002929791580953556
332.5850498175888,0.7314014679993514,0.1781825661911122,0.08490218927226216,0.0032301262583682034,0.0022836502792482043
332.7852816356608,0.7301435393539013,0.17875266149515406,0.08566773677749595,0.003341314642064169,0.002094747731725799
332.98551345373284,0.7276243114032699,0.1790839559327811,0.08719561595883701,0.002989428708462901,0.0031066879969917295
333.1857452718048,0.7285250604045518,0.17950307615683347,0.08602685398181946,0.0032120802988844298,0.0027329291582528256
333.3859770898768,0.7277784286852274,0.180148244912801,0.0865570280425471,0.003520867218037965,0.001995431141728453
333.5862089079488,0.7242711298693116,0.18031208182178404,0.08879557631428012,0.0029440605132615948,0.0036771514817053996
333.78644072602077,0.7259859364662731,0.18096169785081237,0.08730142881413963,0.003308214712005169,0.0024427221571136463
333.9866725440928,0.7249784890292068,0.18156552097102166,0.08789413493525669,0.0035210931743631796,0.0020407618904974777
334.1869043621648,0.7225835588618832,0.18199118604477446,0.08941689290315023,0.00314203075195304,0.002866331438585871
334.3871361802368,0.7223769985908522,0.18246119833925709,0.08916168947539338,0.0031766953413312027,0.0028234182535144666
334.58736799830876,0.7226937103737441,0.18310317142992436,0.08862762790194599,0.0036166721462868212,0.0019588181484467525
334.7875998163808,0.7197964088330443,0.18352330773364278,0.09057503804638964,0.0033098957950424635,0.002795349592228465
334.9878316344528,0.719123394924672,0.1837648194933753,0.09052477234269189,0.0031074707301956502,0.003479542509412037
335.1880634525248,0.7201597648353624,0.18452858840699482,0.08964171198457198,0.003739829074664825,0.0019301056987533181
335.38829527059676,0.7166061459136649,0.18485481190176178,0.09209376747841348,0.003293447351622718,0.0031518273548826903
335.5885270886688,0.7168856755460307,0.18538513639705345,0.09158021848940211,0.00326233122821349,0.0028866383396445408
335.7887589067408,0.7171324046448787,0.18605253595430488,0.0910873853173937,0.0036705652046841297,0.002057108879084516
335.98899072481277,0.7148361071649105,0.18657910757793036,0.09259607602504243,0.003476852402313532,0.002511856830147613
336.18922254288475,0.7132788985183296,0.18697434363255652,0.09336690399229715,0.0032223268506136747,0.0031575270065470427
336.3894543609568,0.7144365801637761,0.18755899011276767,0.0920003116644446,0.0036878343314006366,0.0023162837279529086
336.5896861790288,0.7124249007246485,0.18814437512778703,0.09338965385626072,0.0036952441541218345,0.0023458261375245417
336.78991799710076,0.7097727959224073,0.1882937120259289,0.09492276537677877,0.003140751425055063,0.0038699752501720848
336.99014981517274,0.7117761581663764,0.18906712936558537,0.09316642356712757,0.00377483763715477,0.0022154512640969555
337.1903816332448,0.7094769871081048,0.18961110873206805,0.09473318582601974,0.0037023253546307295,0.0024763929795160993
337.39061345131677,0.7078741850229496,0.19006010667696197,0.09563637674728497,0.0033367858699711694,0.0030925456831724326
337.59084526938875,0.7083412443877588,0.19068085313524935,0.09485450907922491,0.0036286443812864485,0.0024947490168211223
337.79107708746074,0.7074009361667318,0.1913394655174573,0.09527987281167195,0.0038414818393754185,0.0021382436651021146
337.9913089055328,0.7047025814370058,0.19174423819992412,0.09699977190317972,0.0034412724509115078,0.0031121360093175855
338.19154072360476,0.7052304599055289,0.1921542780686478,0.09599571846865862,0.0035672613866842267,0.0030522821708179795
338.39177254167674,0.7049943017281454,0.19291295452324056,0.0960167213588902,0.004029344930491781,0.002046677459568763
338.5920043597487,0.7012110868041851,0.1931325903589566,0.09857790240919238,0.003383747214560835,0.003694673213440834
338.79223617782077,0.702708457874936,0.1938061076843499,0.09710422852351555,0.003685298749471792,0.0026959071680621185
338.99246799589275,0.7020842618368895,0.1945136685969728,0.09729462470549409,0.004009980920652114,0.0020974639403281824
339.19269981396474,0.6994472508986697,0.19499391652832804,0.09903548166802055,0.0035823335342532827,0.0029410173710668133
339.3929316320367,0.6990285290982637,0.19551545869986311,0.0989034203425276,0.003556849541347486,0.0029957423183369684
339.59316345010876,0.6996188430434578,0.19622258480430846,0.09797359394424912,0.004075405545449888,0.002109572662873607
339.79339526818075,0.6968361494635076,0.19674297599806276,0.09986388194378772,0.003798174448240045,0.0027588181467406298
339.99362708625273,0.6955435330297952,0.196970819510814,0.10029195237948098,0.003448080893643382,0.003745614186606735
340.1938589043247,0.69702006285504,0.19782706716175483,0.09887259828281424,0.004194462570808532,0.0020858091299228274
340.39409072239675,0.693610889317968,0.19825309370969008,0.10126766157376532,0.003780495312216347,0.0030878600867002537
340.59432254046874,0.6933623844754229,0.1987903411910769,0.10110990728728081,0.003622457552007534,0.0031149094945513945
340.7945543585407,0.6938397436170302,0.19954154365935747,0.1003002072386503,0.004087438688087829,0.0022310667972126894
340.9947861766127,0.6917061351820215,0.20015622899738922,0.10165071417128609,0.003951305694594434,0.0025356159550459037
341.19501799468475,0.6898747683336895,0.20061125156267487,0.10265355323565119,0.0036242731903854113,0.003236153677935806
341.39524981275673,0.6909607592052407,0.20121589824178407,0.10116957247877485,0.00405993166528382,0.002593838409251769
341.5954816308287,0.68937790204081,0.20192118283965557,0.10216651724824899,0.004193848536031198,0.002340549335591238
341.7957134489007,0.6862096663169445,0.20209107151829234,0.10418669725935926,0.0035190863024516816,0.00399347860329032
341.99594526697274,0.6883043173584613,0.2029155128171743,0.10217166013308461,0.004154923549970196,0.00245358614164865
342.1961770850447,0.6864179596044222,0.20357795192081515,0.10336093028598177,0.004195844530299521,0.0024473136588215112
342.3964089031167,0.6843261239697007,0.20405105806031815,0.10466333194110396,0.0037181225022260896,0.003241363526991558
342.5966407211887,0.6847650411492883,0.20473491534219104,0.10381069091599567,0.003985990154550034,0.002703362438316409
342.79687253926073,0.6841973054145916,0.20548628248131773,0.10380594150527579,0.004308561116849373,0.0022019094823069445
342.9971043573327,0.6813993176687203,0.20597360403144846,0.10563973519028089,0.003878053194185084,0.003109289915705464
343.1973361754047,0.6814574696024797,0.20636987377124344,0.10492965062300727,0.003874469625605274,0.003368536378005769
343.3975679934767,0.6817817004202482,0.20724641337025085,0.10434967979185364,0.004493394139353882,0.002128812278633634
343.5977998115487,0.6778743694200997,0.2075394413707792,0.10709257763323575,0.003813735156132532,0.0036798764200922833
343.7980316296207,0.679017637808221,0.20822395956189022,0.10578733055567079,0.004010973474395515,0.002960098600161654
343.9982634476927,0.6788082129370705,0.20904110666533765,0.1055168623696172,0.004446873848686323,0.0021869441796280053
344.1984952657647,0.6760516742026763,0.20958622788868958,0.10736245725441831,0.004000494841946743,0.002999145812607985
344.3987270838367,0.6753970494011898,0.2101623996479986,0.10738970065246546,0.003903385702572617,0.0031474645961113218
344.5989589019087,0.6762063397508492,0.21092896863683008,0.10609864532498631,0.004470631262518667,0.002295415025155373
344.7991907199807,0.6736595438911898,0.21155984330912875,0.10779160293591698,0.004257431853523733,0.0027315780105809984
344.99942253805267,0.6717455977531621,0.21177889111115875,0.10874375121823063,0.0037567448815660773,0.003975015036224151
345.1996543561247,0.6736056090217724,0.2127214401461911,0.10681978776252023,0.004582325978476382,0.0022708370913826544
345.3998861741967,0.6704907730644298,0.2132624040484206,0.10898539000262836,0.004241564471069693,0.0030198684137953628
345.6001179922687,0.6696546119301143,0.21379945060068412,0.10927091116030212,0.003938610930144413,0.003336415379098786
345.80034981034066,0.6703383193149741,0.21463612440224739,0.10816656453047914,0.004438047139309319,0.0024209446133328888
346.0005816284127,0.6684866195347607,0.2153482906767127,0.1092191653933934,0.004388397146593825,0.0025575272488818006
346.2008134464847,0.6664133485679034,0.21586753124786295,0.11042934336071777,0.0039938625003277895,0.0032959143235303944
346.40104526455667,0.6673130381760328,0.21648203530398757,0.10895741452272464,0.004356138576208586,0.0028913734213878504
346.60127708262866,0.6662590129434929,0.21731506796645406,0.10942755056198976,0.004640832833173135,0.002357535695232449
346.8015089007007,0.6626903356856517,0.21751954674740182,0.11184559884818178,0.0038717782148618356,0.004072740504244644
347.0017407187727,0.6647344462070949,0.2183795082629471,0.10971531997478688,0.004458951439263253,0.0027117741162496806
347.20197253684466,0.6633450780946769,0.21916925387923322,0.11041100111584394,0.004633316937127509,0.002441349973459693
347.40220435491665,0.6608356441970731,0.21967010500224837,0.1120641720121155,0.004059962969872655,0.0033701158190318596
347.6024361729887,0.6612015797548432,0.2204164273314105,0.11119760976427918,0.004282558621297165,0.002901824528513082
347.8026679910607,0.6610273327308426,0.22126047643064406,0.11071557753090437,0.004708920360468543,0.00228769294748384
348.00289980913266,0.6582291893706361,0.22183733316974347,0.11255885288457629,0.004273758706666815,0.0031008658687250294
348.20313162720464,0.6577458102283853,0.22221494609186557,0.11225242963890286,0.004119322729391716,0.003667491311801418
348.4033634452767,0.658640477075994,0.22320861220878602,0.11103229510036729,0.00488008876024483,0.002238526854953929
348.60359526334867,0.6547813842294588,0.22359171820121787,0.11377989815783913,0.004209583697113192,0.003637415714719202
348.80382708142065,0.6554393503726242,0.22427084833958125,0.11279557621315467,0.004266084670150756,0.003228140404835821
349.00405889949263,0.6556524255478651,0.22520001059761935,0.11204343220547815,0.004800544136520339,0.002303587512862594
349.2042907175647,0.6529216020652656,0.22582022802196802,0.11384728066012326,0.004372688145386537,0.0030382011076017373
349.40452253563666,0.652014409698441,0.22645007053687652,0.11406101341514654,0.004196906082813051,0.0032776002670703427
349.60475435370864,0.6529560871391963,0.22726567501541065,0.11249377135925202,0.004772338325799903,0.0025121281606875715
349.8049861717806,0.6507696619118376,0.2280153996504137,0.11384377815685097,0.00465772448249528,0.002713435798748295
350.00521798985267,0.6482805888390529,0.22823172600431033,0.11530746849178962,0.004019366510161057,0.004160850155030763
350.20544980792465,0.6504194718923878,0.2292473501137261,0.1129773350127419,0.0048748653351624385,0.002480977646326868
350.40568162599664,0.6477387292699104,0.22991573269987908,0.11474738243367413,0.00464531390379431,0.002952841693088022
350.6059134440686,0.6462995118093738,0.23044535681109427,0.11551766957929947,0.004194234719806189,0.0035432270807728306
350.80614526214066,0.6471463964617121,0.2313650080730327,0.11417125983402711,0.004700494529412466,0.0026168411021611775
351.00637708021264,0.645676509059904,0.23218094921811994,0.11480530056224678,0.004758163938517858,0.0025790772215560577
351.2066088982846,0.6434133737732939,0.23276566698162077,0.11617343636196834,0.004308402699017047,0.003339120184445768
351.4068407163566,0.6440138962614882,0.23337734839393331,0.11485381597516207,0.0045587540582238285,0.003196185311539248
351.60707253442865,0.6435618730287223,0.23434235635885153,0.11469734197946405,0.0050042788968004785,0.002394149736507943
351.80730435250064,0.6397465040555949,0.23459587010936267,0.11737005330617482,0.004179008339625701,0.0041085641895878605
352.0075361705726,0.6415767730858689,0.23546966436057645,0.11530327183862715,0.004666254655438042,0.002984036059834584
352.2077679886446,0.6407417088345733,0.2363918685719055,0.11542634939466578,0.004981259222100208,0.0024588139770995907
352.40799980671665,0.6379313355023043,0.23692533637878718,0.11732717054739501,0.004343308366775549,0.0034728492050853984
352.60823162478863,0.6381737071914716,0.23772871684729352,0.11651164473765606,0.004501443027261766,0.0030844881966642585
352.8084634428606,0.6383733990610202,0.23865992013327772,0.11555952711128342,0.005010536411931122,0.002396617282833767
353.0086952609326,0.6356897065987098,0.239331322177359,0.11728897631764075,0.004602088394661295,0.003087906511974519
353.20892707900464,0.6346315638327603,0.23968560000427863,0.11745414345664269,0.004291410531026852,0.003937282175637153
353.4091588970766,0.6360570432999204,0.2407890743617831,0.11562156134395812,0.005159754050990229,0.00237256694369472
353.6093907151486,0.6324242602802616,0.24127733348462088,0.11818229482416602,0.004545104210603528,0.0035710072006946625
353.8096225332206,0.632491439636654,0.24193221707335458,0.1176480865678177,0.004436353902874774,0.003491902819647922
354.00985435129263,0.6331074232955468,0.24297135783034526,0.1164358820907034,0.005045244935819678,0.0024400918479329497
354.2100861693646,0.6305543477296398,0.24367605455782,0.11803832286967056,0.004674758668115042,0.003056516175103932
354.4103179874366,0.6293899231139157,0.2443542814054407,0.11845050288829106,0.004419116246588579,0.003386176346111974
354.6105498055086,0.6303548144256607,0.2452035843937379,0.11673122562981804,0.004957583465164984,0.002752792085968269
354.8107816235806,0.6286433258247843,0.24607822278994346,0.1176054794742542,0.004970281993610244,0.0027026899177569337
355.0110134416526,0.6256738173825832,0.24629905641915364,0.11950562021404443,0.004222167312402894,0.004299338672166376
355.2112452597246,0.6279442693942353,0.2473665830529229,0.11692738687188081,0.0050496258463501725,0.002712134834962538
355.4114770777966,0.6258139846898628,0.24817151656528977,0.11816366543993632,0.004960446273117253,0.0028903870321423148
355.6117088958686,0.6238104413954302,0.2486876760016061,0.11939927579704432,0.004375607392855884,0.003726999413412034
355.8119407139406,0.6247593054529966,0.24968255644137338,0.11788946405042418,0.0048587263459195975,0.0028099477096336545
356.0121725320126,0.623737256916735,0.2506040434716236,0.11802455864520613,0.0050315581456078584,0.0026025828211736547
356.21240435008457,0.6213566737117376,0.25125269877403456,0.1194771806691906,0.004546285751790354,0.003367161093594886
356.4126361681566,0.621563265755067,0.2518469304610164,0.11843678037554856,0.0046579557676714005,0.003495067641046918
356.6128679862286,0.6217454498628805,0.2529431799711698,0.11760795999027378,0.005255829515904122,0.0024475806601227616
356.8130998043006,0.6178624974543573,0.2532599788908988,0.1203548115174119,0.004420567703348026,0.004102144434337593
357.01333162237256,0.6193135988709183,0.25412033097572784,0.11853867893511547,0.004763483859036014,0.003263907359554691
357.2135634404446,0.6190567158103041,0.25517569499170084,0.11805834831286559,0.00521117927629927,0.002498061609182135
357.4137952585166,0.6160977193859347,0.2557481483808393,0.12005963444285371,0.004550584482648455,0.0035439133080771633
357.61402707658857,0.6161650037974663,0.25659782605820475,0.11936012005650283,0.004629355566665104,0.003247694521516028
357.81425889466055,0.6166790691807907,0.2576042683777025,0.11800094753219467,0.005187174466544636,0.0025285404431216216
358.0144907127326,0.61423123422355,0.2583735064610949,0.11948643383010213,0.004838963299215027,0.003069862186392161
358.2147225308046,0.612612055794936,0.2587005613239407,0.12013460399945562,0.004383884815273625,0.00416889406674555
358.41495434887656,0.6144756539841335,0.25989848251642,0.11778845385778398,0.005309266165964854,0.0025281434760499925
358.61518616694855,0.6112361582284939,0.26050459645032276,0.11998082955944209,0.004794546249443628,0.0034838695126485817
358.81541798502053,0.6106517953162078,0.2611156181394517,0.1199765539044786,0.004513246582287359,0.0037427860579257377
359.0156498030926,0.6116227513683531,0.2622572792506969,0.11836786200610548,0.005163466243846423,0.002588641131349202
359.21588162116456,0.6093873744480729,0.2630539493732881,0.11962107537332535,0.004884029086125271,0.0030535717195412167
359.41611343923654,0.6079776124505663,0.26377125903494725,0.12022332872404627,0.004554315750423481,0.0034734840403700114
359.6163452573085,0.6088483916657874,0.26463425706439003,0.11849552214085338,0.005013488342700093,0.003008340786623634
359.81657707538056,0.6077019386942378,0.26563682219617124,0.11879368288130311,0.0051704343169242,0.0026971219117182302
360.01680889345255,0.604388465236157,0.26587043911129554,0.12100033538269982,0.004352268107063363,0.0043884921631413285
360.21704071152453,0.6066139250983322,0.2669605309022635,0.1183723067564968,0.005093048724363995,0.002960188518900714
360.4172725295965,0.605115758271725,0.2679071427234298,0.11898234937672775,0.0051594788667317535,0.002835270761741716
360.61750434766856,0.6026422547658116,0.2684063401832264,0.12059953200267756,0.004472413954756607,0.0038794590938824786
360.81773616574054,0.6036173155686533,0.26946261331632254,0.11902308100098391,0.004903523756753719,0.0029934663576390843
361.0179679838125,0.6030654780642186,0.27048554256718427,0.11863393684350658,0.005183856460438687,0.0026311860650055268
361.2181998018845,0.6006578808721607,0.2711946437701441,0.12007816461338085,0.004689224346334541,0.0033800863983354814
361.41843161995655,0.6004082487602639,0.2717558560832114,0.11940845499910092,0.004651839792386468,0.003775600365390785
361.61866343802853,0.6012057054949754,0.2729759950016522,0.11792866996722776,0.0053738871379681846,0.0025157423985312085
361.8188952561005,0.5974426971879513,0.27336943326744373,0.12055560707033769,0.0045776567795132415,0.004054605695107228
362.0191270741725,0.5983699278494723,0.27418504300609975,0.11915463078370002,0.004745979898716926,0.0035444184623654768
362.21935889224454,0.598678037816277,0.27536912987348,0.1180934379925337,0.005303397289535608,0.0025559970285290797
362.4195907103165,0.5957414441067338,0.2759882918264061,0.12002494923862282,0.004666862628677994,0.003578452199913955
362.6198225283885,0.595587512748638,0.2768680860939832,0.11949724389020171,0.004657570472462703,0.003389586795068484
362.8200543464605,0.5963240258573246,0.2779311041992291,0.11784056107747805,0.005222338560398001,0.002681970305922783
363.02028616453254,0.5942287732549276,0.27880002977515683,0.11896099591199184,0.00496512116677521,0.0030450798914977515
363.2205179826045,0.5921105407142756,0.27909746326574336,0.1200432844265155,0.004392957154529252,0.004355754439283716
363.4207498006765,0.5942713891746945,0.28036520723346586,0.11734526974392129,0.005315007839273349,0.0027031260089908225
363.6209816187485,0.5915649959182,0.2810987243777684,0.11902121018150966,0.004935446838730373,0.0033796226841377374
363.8212134368205,0.5903264692861419,0.28164775770637873,0.11955955598672074,0.004494135481162553,0.003972081539940836
364.0214452548925,0.5915778548960694,0.28287830397124075,0.11765428014002209,0.005147598706330546,0.0027419622866814313
364.2216770729645,0.5897697524331595,0.2837712210077287,0.11844682390519588,0.004981630792956084,0.0030305718613059763
364.4219088910365,0.5881463683168394,0.2845152058734892,0.11920761979222143,0.004591149956595068,0.003539656061202946
364.6221407091085,0.5888140677210324,0.28536816986897884,0.11761047281967348,0.004938709817772763,0.003268579772889581
364.8223725271805,0.588284592653142,0.2864975922455397,0.11728235575120348,0.005240486017387981,0.002694973333072457
365.0226043452525,0.5847922914846791,0.286753179967773,0.1196289605260022,0.004398888557650341,0.00442667946423939
365.2228361633245,0.5867871131121118,0.2878290073967275,0.11716081905117744,0.005002410838361043,0.0032206496019688813
365.4230679813965,0.5859602727870205,0.2889177607863189,0.11710943996176616,0.005222742887155885,0.002789783578084641
365.6232997994685,0.5831585911155626,0.2894001671451582,0.11897018771390663,0.004478270247381205,0.003992783778338491
365.8235316175405,0.5840755145191894,0.29049758983907,0.11743100772307984,0.0048329669392194715,0.003162920979788537
366.02376343561247,0.5839697759264738,0.2916109540175135,0.11655228363985125,0.00519831938483218,0.0026686670316776492
366.2239952536845,0.5816377545580779,0.29237615569238057,0.11788485110547857,0.00472445255528165,0.003376786089132553
366.4242270717565,0.5809113403668565,0.2928891697097661,0.11762689585165914,0.0045453302015722435,0.004027263870495011
366.6244588898285,0.5822504753548083,0.2942175558403929,0.11558760144276439,0.0053463862428372476,0.002597981119547958
366.82469070790046,0.578784780114135,0.2946994585284084,0.11791336963152978,0.0046350009473712876,0.003967390778906368
367.0249225259725,0.5790856046753377,0.29543747408653676,0.11704100897799087,0.0046179032259160945,0.003818009034567654
367.2251543440445,0.5799082514514067,0.29674001808182776,0.11547326525870416,0.005249732009299631,0.0026287331991130245
367.42538616211647,0.5771624410798553,0.2974142172297503,0.11716882580252985,0.004681288337063977,0.003573227551149724
367.62561798018845,0.5767536067225794,0.29830322596265096,0.11685062386754008,0.004582887273573468,0.003509656174002752
367.8258497982605,0.5776016014030857,0.2993978472185832,0.11503451104693763,0.005112132881501788,0.002853907450238413
368.0260816163325,0.5759575204316519,0.3003669195780537,0.11569539417759463,0.004968515184875094,0.0030116506281722155
368.22631343440446,0.5734442405779414,0.3006344646070248,0.11711060092162312,0.004317800274477415,0.0044928936192801154
368.42654525247644,0.5757267580082451,0.30193764573707355,0.11426449281748004,0.0051751008385142435,0.0028960025990365473
368.6267770705485,0.5736531927983083,0.30280435254031296,0.11532756621551069,0.0049519005511504885,0.003262987895066069
368.82700888862047,0.5718203234346658,0.30327722425078474,0.11634953126358655,0.0043819725966260355,0.0041709484546846205
369.02724070669245,0.5732556990984038,0.30457633006540247,0.11427346770542914,0.005000439422900972,0.0028940637082150284
369.22747252476444,0.5719401572755007,0.3055650099952574,0.11454860247882788,0.00495517265504171,0.002991057595726858
369.4277043428365,0.570155568398219,0.3063216551401212,0.11541403055720993,0.004524309295934584,0.0035844366088691507
369.62793616090846,0.5705345648054155,0.30713875264133644,0.11406036277571846,0.0047430330569350615,0.0035232867209481103
369.82816797898045,0.5706256832139164,0.30838856452203306,0.11311778882278037,0.005172093498138624,0.0026958699434867814
370.02839979705243,0.5671308649904078,0.30867598990795614,0.11542599072561643,0.004354894497180107,0.004412259879193716
370.22863161512447,0.5687240399483435,0.30969506546643066,0.11330604573817234,0.0047863533876147035,0.0034884954597918637
370.42886343319645,0.5685620862533955,0.3109211843740057,0.11261907854921135,0.005141716001196275,0.002755934822542225
370.62909525126844,0.5656044708195297,0.3113912428646602,0.11455311418923186,0.00439125757187738,0.0040599145550518235
370.8293270693404,0.5663785063007718,0.31250350883580014,0.11314955859430917,0.0046524658791642255,0.0033159603903064367
371.02955888741246,0.5666531302155675,0.3136888894908668,0.11186954165376929,0.005069424371921445,0.00271901426822831
371.22979070548445,0.5645021854523368,0.314506068640776,0.11298956392829564,0.004646604618083119,0.0033555773608596722
371.43002252355643,0.5633224733630827,0.3149575682525887,0.11312950218295538,0.00434863451474451,0.004241821686980511
371.6302543416284,0.5650796649574431,0.3163689670686291,0.11068312137867847,0.005172883679683739,0.002695362915920118
371.83048615970046,0.5620610035732004,0.31694913851601847,0.11256328427019036,0.004583203534805505,0.003843370106138356
372.03071797777244,0.5616909229185133,0.3175783818440728,0.11226290132092323,0.004391299370111125,0.004076494546734101
372.2309497958444,0.5629438974984338,0.31898266527962094,0.11030637662257065,0.005054727026379435,0.0027123335733516174
372.4311816139164,0.5605330672114437,0.3197195433847879,0.11163110714863683,0.004588754258683719,0.003527527996804398
372.63141343198845,0.5598544617639362,0.32059370027518697,0.11153524577907066,0.0044085592630647,0.003608032919097402
372.83164525006043,0.5607000435646674,0.3216899343672251,0.10970391893977886,0.0048663484983773484,0.0030397546303078697
373.0318770681324,0.559574330677656,0.32275775156012604,0.10985324981753787,0.004846229556099735,0.0029684383889377886
373.2321088862044,0.5567995081283921,0.32299766889385884,0.1114656051807865,0.004161017232918035,0.004576200564402388
373.43234070427644,0.5590136301731101,0.3242928352123385,0.1086874860149079,0.0049004068730175545,0.003105641726984768
373.6325725223484,0.5576243364400758,0.3252944019314114,0.10910350319616968,0.004837657776700426,0.0031401006560046758
373.8328043404204,0.5553129972303205,0.3256831753597139,0.11048873828438689,0.004184721994623536,0.004330367131320172
374.0330361584924,0.5568217271201565,0.3270236611632156,0.10837919124312236,0.0047346473152261375,0.003040773158644109
374.23326797656443,0.5560131626790501,0.3281014562589978,0.10814278665518016,0.004801349003519459,0.002941245403617639
374.4334997946364,0.5541379943183685,0.3288571035692052,0.10904197017704483,0.004355845610970497,0.003607086324776704
374.6337316127084,0.5541763183159306,0.3296125228624058,0.10800280480348948,0.004445371470220676,0.003762982548320628
374.8339634307804,0.5548392044912305,0.3309692759303253,0.10652208300314667,0.0049679128660823175,0.0027015237095827584
375.0341952488524,0.5515103830179983,0.3312986766620626,0.10862794074380433,0.00421849379510566,0.004344505781395398
375.2344270669244,0.5525682644550626,0.3322159620631709,0.1069936712071709,0.0044639105798500315,0.0037581916951115214
375.4346588849964,0.5530206552546041,0.33356904514067837,0.10575367301313195,0.004921072045552571,0.002735554546398416
375.6348907030684,0.550087189878594,0.33403538011690925,0.10758767829317584,0.004214649787931552,0.004075101923755801
375.8351225211404,0.5506424255397193,0.3351312111600791,0.10639989564449988,0.004374594479127983,0.0034518731769423694
376.0353543392124,0.5512016100679923,0.3363630736013842,0.10484457464883239,0.004805025781183686,0.0027857159009763953
376.2355861572844,0.5493284895974088,0.33722913570845015,0.1056683832348469,0.004459102313336524,0.003314889146327189
376.4358179753564,0.5477581351719499,0.3376090773460478,0.10614407489046282,0.004075966388448495,0.004412746203460302
376.6360497934284,0.5497724743074154,0.33906804862531426,0.10348345345278614,0.004865667787373937,0.0028103558274798946
376.8362816115004,0.5473090757279729,0.33975385123308605,0.10482796160484226,0.004421071626890947,0.0036880398075763193
377.0365134295724,0.546288092118637,0.34024843084999196,0.10506787824726806,0.004084456907254446,0.0043111418772176285
377.23674524764436,0.5478605524531983,0.3417309293026609,0.10286964921968475,0.004735277655536687,0.002803591369290624
377.4369770657164,0.5458872079835614,0.3425358729248826,0.10374121398089554,0.004391561490459043,0.0034441436205743608
377.6372088837884,0.5449469441845451,0.343370249155175,0.10385304516402094,0.004144883265658321,0.003684878230974991
377.8374407018604,0.545688742369017,0.3444351663364854,0.1021351480145234,0.004507376860440362,0.003233566419909514
378.03767251993236,0.5451069055226234,0.3455973894750767,0.10177397335356099,0.004605593236538397,0.0029161384125773442
378.2379043380044,0.5422171468795364,0.3458145916694733,0.10343657158302069,0.003929475569683679,0.004602214298662408
378.4381361560764,0.5441818020831684,0.3470513173553296,0.10092216543779181,0.004513888693624343,0.00333082643046081
378.63836797414837,0.5434773026551162,0.3481850730326729,0.10072089993314735,0.004598365491455184,0.003018358887981865
378.83859979222035,0.5408432027041524,0.34848967243554135,0.10231081811578763,0.003914864789753492,0.004441441955138993
379.0388316102924,0.5423105885451222,0.34983795149682123,0.10029995643929103,0.004371474640692568,0.003180028878450128
379.2390634283644,0.5419744506875045,0.350991267911897,0.09961650663099052,0.004528023666182003,0.0028897511038048105
379.43929524643636,0.5400912075447318,0.35173473519446496,0.10047169864834038,0.004095925259078073,0.003606433353763464
379.63952706450834,0.539774296133791,0.352405021469839,0.09977050951503746,0.004070989656422564,0.003979183225291386
379.8397588825804,0.5409113515869813,0.3538466968865277,0.09788363098641963,0.004642380208550468,0.0027159403319050477
380.03999070065237,0.537891925212783,0.35422799186934545,0.0996601437857252,0.003994845087037358,0.004225094045493865
380.24022251872435,0.5383351937854328,0.3550000317190644,0.09857898159517942,0.004062256306679804,0.004023536594027333
380.44045433679634,0.539313215899332,0.35646381785002235,0.09691365515048436,0.004578983150292972,0.0027303279502513766
380.6406861548684,0.5365679451843868,0.3569383188836555,0.09850100668822805,0.003957710737042337,0.00403501850707017
380.84091797294036,0.5368462366898693,0.3579833978467111,0.09758067683517646,0.0040186402916607515,0.003571048336965147
381.04114979101234,0.5375797161329953,0.3592304369985695,0.09589216546265203,0.004426636317255155,0.002871045088909796
381.2413816090843,0.5360601230102693,0.36014362107785997,0.09636747402552916,0.004174701565945814,0.0032540803207794892
381.44161342715637,0.5341901952319857,0.3604464007822327,0.09708426941766708,0.0037447402213745167,0.004534394347122953
381.64184524522835,0.5362826395656943,0.36190770463319033,0.09441417122673151,0.004449384310937546,0.002946100263830821
381.84207706330034,0.5344330178948246,0.362703688073959,0.09519583461985458,0.004157346482412687,0.0035101129293356953
382.0423088813723,0.5328410281824116,0.3630464109219407,0.09587989733893199,0.0037199379244748846,0.004512725632626365
382.24254069944436,0.534605575535089,0.3645768761498566,0.09359812308515522,0.004318770713624346,0.0029006545166624354
382.44277251751635,0.5331202718095367,0.3654514606883084,0.09399737023634787,0.00410070257348219,0.003330194692714677
382.64300433558833,0.5319500954586923,0.3662230460644337,0.0942775935082084,0.0038091935385451223,0.00374007143051251
382.8432361536603,0.5325108943834636,0.36722345998743317,0.09276978182138365,0.004067230311373446,0.003428633496738189
383.04346797173235,0.5324519524363307,0.36847133147036437,0.09195424994969283,0.004264365823442696,0.002858100320563653
383.24369978980434,0.5295895739176291,0.36867334648539146,0.09353314720110159,0.0036352192878276197,0.004568713108444599
383.4439316078763,0.5311549823330047,0.36979768415114,0.09142948555816864,0.004048316952887815,0.0035695310051965866
383.6441634259483,0.5310879831604302,0.37105636729997454,0.09069751908763582,0.004252384703640445,0.0029057457487195342
383.84439524402035,0.5283039191154908,0.3712851075220954,0.09232572547113013,0.0035891513404643395,0.0044960965512181586
384.04462706209233,0.5296224379821092,0.3726025197626465,0.0905243046511355,0.003939034345946004,0.0033117032585627936
384.2448588801643,0.5296847036094806,0.3738109903905783,0.08950259554588362,0.004155137534039596,0.00284657292041563
384.4450906982363,0.5278781041208407,0.3745353816808827,0.09024250052962064,0.003762796159360689,0.0035812175096939796
384.6453225163083,0.5272258168195962,0.3751016185535606,0.08985951578628171,0.003648690243155752,0.0041643585978066045
384.8455543343803,0.5287021990738044,0.37659659559270175,0.08773477615750369,0.00422128436809039,0.0027451448082993065
385.0457861524523,0.5260973167588318,0.37703913729582234,0.08910694385627942,0.0036971262637267403,0.004059475825738934
385.2460179705243,0.525908599019097,0.3776286869420242,0.08857193890220579,0.0036135312092495228,0.004277243927821011
385.4462497885963,0.5272950459008684,0.37918085415570185,0.08663677226545657,0.004145458116218496,0.0027418695621545084
385.6464816066683,0.5248656106487797,0.3796769517338108,0.08788087180436051,0.0036362145249794363,0.003940351288468818
385.8467134247403,0.5248334074304275,0.3806367311118911,0.08724578215726533,0.003609647701884657,0.0036744315989306864
386.0469452428123,0.5256325257644248,0.3818642443652092,0.0855602133096833,0.003967431460852579,0.002975585100230077
386.24717706088427,0.5245105989129148,0.38282371411358745,0.08567621527711917,0.003815055754130333,0.003174415942650922
386.4474088789563,0.5224463206787446,0.383048884855731,0.0865277134138183,0.0033752191579046985,0.004601861894205591
386.6476406970283,0.5244419405347701,0.38445932342003547,0.08403417544687326,0.003959012363473222,0.003105548235252311
386.8478725151003,0.5232132147508569,0.38536702016886376,0.08428722681951203,0.003811411082628246,0.0033211271785425537
387.04810433317226,0.5211753113782633,0.38555200585035126,0.08527837406527639,0.0033228366729198115,0.004671472033592794
387.2483361512443,0.5229999246999231,0.38709405324265583,0.08306257289224311,0.003840256425934207,0.0030031927396467046
387.4485679693163,0.5219999261248851,0.38803477373534023,0.08303161899107957,0.0037364894491603113,0.0031971916999404605
387.64879978738827,0.5206516453557578,0.38872538777873683,0.08342469341971734,0.0034252077011902855,0.003773065745003965
387.84903160546025,0.5209841986308469,0.38963081100261043,0.08218347065959428,0.003583516238342728,0.0036180034690107355
388.0492634235323,0.5213828639450482,0.3909496054813014,0.08101691843721066,0.0038499463303363914,0.002800665806507693
388.2494952416043,0.518670238580154,0.39114640977331183,0.08241112285317077,0.0032960866944268963,0.004476142099341583
388.44972705967626,0.5197346276482125,0.3921055225781759,0.08079899816108542,0.003542627722616987,0.0038182238903164026
388.64995887774825,0.5202183653269885,0.39347700903816524,0.07966486463732585,0.00382976709223212,0.00280999390569546
388.8501906958203,0.5174497405751581,0.3936459022890366,0.08118767337638495,0.0032284429033927553,0.004488240856435209
389.0504225138923,0.5185295452182954,0.3948909913817969,0.07967230613399909,0.003470164417411175,0.0034369928489054965
389.25065433196426,0.5188913622652167,0.39612864617469223,0.07844460185536245,0.003713814483836061,0.0028215752213006265
389.45088615003624,0.517236947474109,0.39683237649086117,0.07901801246295954,0.0033818519816394685,0.003530811590839538
389.6511179681083,0.5162952714255555,0.39728188054461666,0.07890248121269444,0.0032084955155997448,0.004311871301942411
389.85134978618026,0.517956349411107,0.3987890524009595,0.0767181499746104,0.0037399291812327848,0.0027965190325005508
390.05158160425225,0.5158255020605338,0.3993015056555453,0.07766859194247575,0.003346765125401352,0.0038576352164533274
390.25181342232423,0.5150461564571349,0.3996820106433399,0.0776097834933921,0.003151506613064626,0.004510542793479125
390.4520452403963,0.5167078016196367,0.40129406080307606,0.07556712814888666,0.003659136588412152,0.002771872840398755
390.65227705846826,0.5146724913291195,0.40182458567597584,0.07643323470846926,0.0032725275356761925,0.0037971607511686797
390.85250887654024,0.5143238760640869,0.4026677549284674,0.0760685233747557,0.0031769980360720046,0.0037628475970278145
391.0527406946122,0.5150947999311261,0.4038407129592991,0.07449816601659233,0.003468402554837054,0.0030979185385564406
391.25297251268427,0.5143769083337412,0.404845307986126,0.07428841940128919,0.003409462405060326,0.003079901874193256
391.45320433075625,0.5122227890185195,0.40499772386576466,0.0751772615747432,0.002990464201432797,0.004611761339949801
391.65343614882823,0.5139717010628017,0.40629965013180547,0.07300166098318385,0.0034363925686242856,0.003290595253999369
391.8536679669002,0.5133241969146133,0.4073175877293916,0.07281130468400208,0.0034126332052998713,0.0031342774671087245
392.05389978497226,0.5109891554785816,0.40735164634823356,0.07396226006088459,0.0029195731301427446,0.004777364982572875
392.25413160304424,0.5127495492206098,0.408863926912833,0.07193525286252618,0.003339126066242246,0.0031121449382042095
392.4543634211162,0.5121861751883539,0.40986159769597785,0.0715641850151244,0.0033280914995728514,0.003059950601387343
392.6545952391882,0.5107240725783059,0.4104604784376934,0.07201088932691824,0.0030216657474704547,0.0037828939100262855
392.85482705726025,0.5108107382850607,0.4112459321051481,0.07105339401580836,0.0030952624166605057,0.00379467317773702
393.05505887533224,0.5115666167802593,0.41261363865387296,0.06966933786298973,0.0033974889684692715,0.002752917734824781
393.2552906934042,0.5090945655399096,0.41281730099643466,0.07082316273679701,0.002935648020743202,0.004329322706533604
393.4555225114762,0.5096119381767478,0.4135648193980152,0.06971421410560093,0.0030375558079225318,0.004071472512131464
393.65575432954824,0.5105324976704105,0.4150319615027209,0.06832809166474611,0.0033693893520403174,0.00273805981049907
393.85598614762023,0.5079160047232596,0.4151630307257342,0.06964808647766678,0.0028573895496545594,0.004415488524102218
394.0562179656922,0.5086928241330839,0.4162945978721419,0.06845497816496803,0.003000006673762403,0.0035575931564589968
394.2564497837642,0.5092470202571645,0.4175319307284019,0.0671546517486141,0.0032435394005750164,0.0028228578656595803
394.45668160183624,0.5078005142545109,0.4182186754349969,0.0675407764100956,0.0029839598706511692,0.003456074030159616
394.6569134199082,0.5066303243977823,0.41854606302402925,0.06762751245664406,0.002780120686851813,0.004415979435105725
394.8571452379802,0.5083216426854991,0.42001638718204565,0.06554433390006514,0.003239981808049593,0.0028776544247545058
395.0573770560522,0.5066776034188694,0.42060666595127305,0.06610928387258644,0.002972683873861278,0.003633762883825406
395.25760887412423,0.5053946779751286,0.4207658681771322,0.06641745131303668,0.002708864654018085,0.004713137881100639
395.4578406921962,0.5071960510272027,0.42240342037452455,0.06441507086364669,0.0031631962150945395,0.002822261519948608
395.6580725102682,0.5055802121272852,0.42297870400382426,0.06492873040110259,0.002895024458893623,0.003617329009309662
395.8583043283402,0.5049351825304801,0.423680828677837,0.06479511956186085,0.0027525540930399125,0.0038363151371976494
396.0585361464122,0.5056070874880162,0.4247671431118158,0.06341781163249574,0.0029734468568932723,0.003234510911195906
396.2587679644842,0.5052618634142549,0.42581344904160384,0.06295419192658115,0.0029928107251345616,0.00297768489284211
396.4589997825562,0.5031088802952092,0.42590296092372637,0.06380851911755123,0.002616094495882564,0.004563545168045926
396.6592316006282,0.5045016092764018,0.4270391778161959,0.062032359482780984,0.002925633882054505,0.0035012195429814704
396.8594634187002,0.5043586210494692,0.4281629004271167,0.06151742480663624,0.0029980453022702656,0.0029630084149206717
397.0596952367722,0.5018752636156941,0.4280653674244202,0.06270083717797738,0.0025370531089688652,0.004821478673351896
397.2599270548442,0.5034659023195466,0.4295035315631585,0.06094569726810722,0.0028555640254252193,0.0032293048241761406
397.46015887291617,0.5032583556110723,0.4305437643780418,0.0603517063093288,0.0029115710597568817,0.0029346026422158193
397.6603906909882,0.5017489385510309,0.4310493531936878,0.06080294626383941,0.002630315757564005,0.0037684462342942003
397.8606225090602,0.50159625120847,0.4316976105010253,0.06011515760356666,0.0026393696456162487,0.003951611041738966
398.0608543271322,0.5025885818975,0.433084216652901,0.05865449747138934,0.0029469556727009624,0.0027257483059259756
398.26108614520416,0.5004103559149812,0.4333084159230562,0.059560606716403876,0.0025822885112363756,0.004138332934740797
398.4613179632762,0.500388030041927,0.4338097072584994,0.05890914296010512,0.002571465071511592,0.00432165466837628
398.6615497813482,0.5016187617518255,0.4353503569866137,0.057420225748609416,0.0029147401098759272,0.0026959154034959837
398.86178159942017,0.4992480397856912,0.4354692906165274,0.058497852758579626,0.0025037286257043943,0.0042810882139178415
399.06201341749215,0.499686980703641,0.4364499943154475,0.0576246981134855,0.0025634627890906937,0.003674864078754084
399.2622452355642,0.500333078051462,0.4376567614485708,0.05636694242455189,0.002787761926086037,0.0028554561497488554
399.4624770536362,0.4991231230988978,0.43833435219947625,0.05657923392607377,0.0026032107586335166,0.0033600800173386224
399.66270887170816,0.49778847588481123,0.4385419965278527,0.05680530244928093,0.0023920314305468037,0.004472193707928846
399.86294068978015,0.49937430845408565,0.43992146686121564,0.054944216733392295,0.0027651850663732267,0.0029948228853532953
400.0631725078522,0.4981882408363518,0.4405965097585091,0.05520118507645686,0.002609315044244709,0.0034047492848577844
400.26340432592417,0.49651495609163,0.4405384626714168,0.05575748067348512,0.002315351232993803,0.004873749330895115
400.46363614399615,0.49833138570247876,0.4421622787736195,0.053910225502427966,0.0027008600491128755,0.002895249972782077
400.66386796206814,0.49711283322675365,0.4427889822119161,0.05414382368463434,0.0025364752466563276,0.0034178856304599133
400.8640997801402,0.4962110233387964,0.4433357152299462,0.05419112515032596,0.002368379012079692,0.0038937572692726973
401.06433159821216,0.49673861894782495,0.4443091933998486,0.053047858693041995,0.002524337915408367,0.0033799910442977653
401.26456341628415,0.4967036747606911,0.44538949740847245,0.05242619653225962,0.0026027361117082525,0.002877895187290507
401.46479523435613,0.4946203104066856,0.4454305042663088,0.05320896086450897,0.002279449990568037,0.004460774472351665
401.6650270524282,0.4955947436982567,0.4463498515502242,0.051852667283788366,0.0024681447225998222,0.003734592745553472
401.86525887050016,0.4958558922954786,0.4475716603081937,0.05114421963603664,0.0026085584167691816,0.0028196693439453495
402.06549068857214,0.49335233341857493,0.44737257835728783,0.052274958534473115,0.0022019428210862833,0.004798186869001146
402.2657225066441,0.49469416215067674,0.44869219715136593,0.050829788233118976,0.002427115593620219,0.003356736871642333
402.46595432471617,0.49474631962206933,0.4497570629706358,0.050133948536417526,0.0025264355546190343,0.002836233316683942
402.66618614278815,0.493247724843359,0.4501775830176803,0.05056205649721678,0.002283532375455824,0.0037291032667130758
402.86641796086013,0.4928779590237595,0.4506805066853202,0.050111322424028104,0.0022481680555876344,0.004082043811729645
403.0666497789321,0.4939830138579009,0.45204844899362057,0.048698892908259864,0.002539302871304332,0.0027303413693392175
403.26688159700416,0.4921143046077054,0.4523080803535072,0.04939232993268004,0.002267389354248784,0.0039178957522839055
403.46711341507614,0.4916015254400866,0.45254452074705065,0.0491181661101947,0.0021771604135567154,0.004558627289536325
403.6673452331481,0.49301749749921125,0.45413166925316834,0.047653379197255555,0.002509032548189565,0.0026884215025995365
403.8675770512201,0.49093787207841844,0.4542651163376194,0.04850479580285422,0.002196950774141958,0.004095265007389716
404.06780886929215,0.4910323065793482,0.4550653168600715,0.04792059907329365,0.0021926317825376406,0.0037891457051737235
404.26804068736413,0.4916874042432695,0.4562137141533154,0.04678949802343113,0.00238863702581174,0.002920746554597111
404.4682725054361,0.4907135358014238,0.4568922344208379,0.04687132724978256,0.0022741885828579593,0.0032487139455235803
404.6685043235081,0.48927159656003344,0.456990116297016,0.047189309519682705,0.0020706259084380015,0.004478351715255617
404.86873614158014,0.49064850650532854,0.4582240254949694,0.04561951968566526,0.0023564162011231117,0.0031515321133395425
405.0689679596521,0.48986020950334946,0.45898938825266145,0.04566902233485303,0.0022933954085959745,0.0031879845009659723
405.2691997777241,0.4879147673684912,0.4587345068078851,0.04637274676964441,0.0019967298123159645,0.004981249242089858
405.4694315957961,0.4896425768561813,0.4603022773580983,0.04475096480730541,0.0023110623017418425,0.00299311867709989
405.66966341386814,0.4887638949707142,0.46098304813605034,0.04480256377897699,0.002231348916374163,0.003219144198309684
405.8698952319401,0.48765517001578534,0.4613723593293678,0.04498490718812581,0.002054340377258442,0.003933223089886399
406.0701270500121,0.4880163120607753,0.4622149415951351,0.0440843738613786,0.00215661484254017,0.0035277576405962244
406.2703588680841,0.48821018579114994,0.4633158191005098,0.04340491327993887,0.002276222426762835,0.0027928594020653367
406.47059068615613,0.4862381264210883,0.46332683052772045,0.044115106458933476,0.0020081103024603667,0.004311826290223828
406.6708225042281,0.4867773287331928,0.46398967915634876,0.04315030041964296,0.0020983563010758934,0.003984335390165447
406.8710543223001,0.48733365850307514,0.4652980629468695,0.04236953356692338,0.002284351755303433,0.0027143932282541125
407.0712861403721,0.4849034769209638,0.46503506485835683,0.043414312705032904,0.0019398031889765392,0.004707342327094557
407.2715179584441,0.48594684536150323,0.4661953062868355,0.04227626636869002,0.002085676082755583,0.0034959059006404087
407.4717497765161,0.4861633559995056,0.46726578964077176,0.041583033103971816,0.00221110746737902,0.002776713788797057
407.6719815945881,0.48471706286351396,0.46761836846996385,0.04198704857701927,0.002011822251223813,0.0036656978387063885
407.8722134126601,0.48415914767255896,0.4679771964893313,0.041735359664306276,0.0019480154458598922,0.004180280728370477
408.0724452307321,0.4852665011385397,0.46928344724462456,0.04046148142141218,0.0022120837186281306,0.002776486477221434
408.2726770488041,0.48369078841331575,0.46959439698872746,0.04100653660533291,0.0020226250426008557,0.003685652950449965
408.4729088668761,0.4827618236386285,0.46956598292404134,0.04102231327453504,0.001880036668595296,0.004769843494627534
408.67314068494807,0.4842523541200792,0.4711680203304346,0.03967007055447248,0.0021903545280772597,0.0027192004673635517
408.8733725030201,0.48246477511550123,0.4713410044900658,0.040352976349143574,0.001966217492533083,0.0038750265531837
409.0736043210921,0.482230574424226,0.4719423274922508,0.04001340783705225,0.0019144519991893983,0.0038992382477106144
409.2738361391641,0.4828347953748294,0.4730099776186069,0.03905673045800336,0.0020819796730561662,0.003016516875933682
409.47406795723606,0.48207118061465143,0.4736993651156158,0.03906948472697633,0.0020289897289691413,0.0031309798142164866
409.6742997753081,0.4805653212129689,0.4737043202173335,0.039455018369432826,0.001839271521334262,0.004436068679359836
409.8745315933801,0.48166820625421225,0.4747424926765681,0.03819474614367689,0.002047015480363333,0.003347539445609355
410.07476341145207,0.4811996339044549,0.4756018940239549,0.03813927558105357,0.0020599708957991045,0.0029992255951680744
410.27499522952405,0.4790870675162847,0.4751851962830174,0.038927018922852046,0.0017742991579252462,0.00502641812035084
410.47522704759604,0.48064936146118514,0.47665389850345985,0.03755430035706232,0.002024828192785599,0.003117611485937871
410.6754588656681,0.48003400913429195,0.4773877974702806,0.03752416584175797,0.0020122594254453167,0.0030417681286561537
410.87569068374006,0.4787683095794554,0.47763077844046087,0.03781255920102174,0.0018359411878907115,0.003952411591604142
411.07592250181204,0.47895833069221105,0.4783338371340754,0.03714022955486919,0.0018969706719204646,0.003670631947358094
411.27615431988403,0.47929475183492204,0.4794358169933188,0.03648780557970213,0.0020458800159413875,0.0027357455765499817
411.47638613795607,0.4774492789995254,0.4794388977994744,0.03715427907471211,0.0018278060292417824,0.004129738097480325
411.67661795602805,0.4775716011974298,0.4798217873471229,0.036525324152715206,0.001840910055276249,0.004240377247891749
411.87684977410004,0.47832019700885176,0.48120087337523343,0.03576433074056082,0.0020601096298581436,0.0026544892459325264
412.077081592172,0.47601747375560216,0.48091558143770263,0.03673750597353957,0.0017737819073626966,0.004555656926229138
412.27731341024406,0.4767398592743388,0.48188305719970015,0.035875307603193074,0.0018550758512373157,0.0036467000719667742
412.47754522831605,0.4770387701796835,0.48294165621615226,0.03525835772526989,0.0019980316514697687,0.002763184227862338
412.67777704638803,0.4756658212084944,0.48325002266538747,0.03566127784063308,0.0018413735163608184,0.00358150476956293
412.87800886446,0.47494761139638836,0.4834747767658087,0.035576275578371265,0.0017585592469669205,0.004242777012902434
413.07824068253205,0.4759716774523379,0.4846744617713194,0.03448778476812737,0.0019950128574189154,0.002871063151234968
413.27847250060404,0.4746495138213291,0.485053315644822,0.0349604822795694,0.0018766376184531982,0.0034600506362654116
413.478704318676,0.47338562010274515,0.484779234589969,0.035196014648861525,0.001697526942605719,0.004941603716258872
413.678936136748,0.4748631247080871,0.48636065179054194,0.033998145374689634,0.001987557072156278,0.0027905210549651837
413.87916795482005,0.4733353995344042,0.4865947941262816,0.03459010064217552,0.0018376432234992084,0.0036420624740817436
414.07939977289203,0.4728020566147337,0.48699274178952023,0.034454281819825974,0.0017488609004995392,0.004002058875862093
414.279631590964,0.47331872897470106,0.48796488472447397,0.03368548406663552,0.0018934694196426878,0.003137432814989527
414.479863409036,0.4727227615294604,0.4886724169263531,0.03369196292867031,0.0018942200444408243,0.0030186385715190666
414.68009522710804,0.4711796123434212,0.48860696555267435,0.034144787121897065,0.001717062936042127,0.004351572046408578
414.88032704518,0.47197956932429597,0.48940921307585894,0.03317358602419751,0.0018592999692175264,0.003578331606872166
415.080558863252,0.47174923992678625,0.490364044350627,0.03309739841741664,0.001938166384133555,0.002851150921478432
415.280790681324,0.46954960870140106,0.48983200268871485,0.03394951692873924,0.0016645114054952125,0.005004360276092005
415.48102249939603,0.47089697750378445,0.49116072179319475,0.032810439684332914,0.0018626534944560698,0.0032692075246740994
415.681254317468,0.4704657756880373,0.49194439312447236,0.03278041392037956,0.0019059014615621583,0.0029035158059912917
415.88148613554,0.46908490043847445,0.49206444622169293,0.033168805626392246,0.0017324967082008478,0.003949351005683998
416.081717953612,0.4691095503699221,0.49262906418725977,0.032697778439295166,0.0017620769347014378,0.003801530069266033
416.281949771684,0.46951069979446475,0.49370741593682427,0.03212688987724284,0.0019361650430449102,0.002718829348866979
416.482181589756,0.46778526985862545,0.4937273484464174,0.03279654974572573,0.0017598633290483014,0.003930968620627862
416.682413407828,0.46752998497144527,0.49382597308901005,0.0324448074869782,0.0017096029303307581,0.00448963152268158
416.8826452259,0.4683856754433284,0.4952553749917389,0.031753705817804775,0.001960792278930939,0.002644451468643884
417.082877043972,0.466228430210361,0.49499010458782877,0.03270174628030723,0.0017227881930231218,0.0043569307289267984
417.283108862044,0.46662791266792075,0.49574228637742696,0.03207356672029325,0.0017495017735104717,0.0038067324612948514
417.483340680116,0.4669483222244931,0.4967752335314184,0.031569561900185804,0.001909434534513687,0.0027974478098354467
417.68357249818797,0.4656510227692966,0.4970664693525349,0.03200795681905196,0.0017918160632878907,0.0034827349962754752
417.88380431626,0.4647940867721253,0.49717485834843567,0.03206984310064658,0.001692307074520596,0.004268904704718728
418.084036134332,0.4656787832730581,0.4982257278911824,0.031172435864401497,0.0019063048827438458,0.003016748089061979
418.284267952404,0.46455936495296957,0.4986890552990316,0.03164178943397069,0.001851563119345849,0.003258227195131462
418.48449977047596,0.46303381629023227,0.49820604811516916,0.032059250963959604,0.001639438825209346,0.005061445805879869
418.684731588548,0.4644375454259024,0.4997289873590636,0.031012927419972625,0.001917361635437823,0.0029031781600750333
418.88496340662,0.4631194802722645,0.5000419705240683,0.031587965553615316,0.0018311717059800155,0.0034194119445234957
419.085195224692,0.46232061019046333,0.5002470625535104,0.03163190372459866,0.0017076466661324356,0.0040927768657449005
419.28542704276396,0.4627324674205453,0.5011175343652237,0.031037482239360398,0.0018366371975943989,0.003275878777726187
419.485658860836,0.4622560635169113,0.5018457875169148,0.031085058301240812,0.001888109409667616,0.0029249812557177106
419.685890678908,0.46068640835586216,0.5017368977530254,0.03162416516678504,0.0017172772228200583,0.004235251501960101
419.88612249697997,0.46118200474447385,0.5022776589507784,0.03090252788405363,0.0018028738575963093,0.003834934563551895
420.08635431505195,0.4611179070861568,0.5033262611162453,0.030855760373912744,0.0019473350253218517,0.0027527363988181335
420.286586133124,0.4588822565902172,0.5027326645523945,0.03178980021366811,0.0016783186975349077,0.004916959946637875
420.486817951196,0.45998862481440966,0.5038858170400734,0.03084590960897802,0.0018330752336919588,0.0034465733033007596
420.68704976926796,0.45967347257269126,0.5047152589967756,0.030865372171007346,0.0019291483059031482,0.002816747954075142
420.88728158733994,0.4582069208328545,0.5047458419671997,0.03136823937847867,0.001755743146418648,0.003923254675501197
421.087513405412,0.4580755953706193,0.5051820686356048,0.03106944972660654,0.0017585248378536535,0.00391436142977
421.28774522348397,0.4584815490533077,0.5062086595913838,0.030598049279018127,0.0019600958725261913,0.0027516462042176484
421.48797704155595,0.4568555670901364,0.5062718852974514,0.03132085655725701,0.0018185751536996737,0.003733115901908308
421.68820885962793,0.45626818229068566,0.5061018555799432,0.031204773962762757,0.0017079579682042637,0.004717230198856847
421.8884406777,0.4571702804194131,0.5075569941513416,0.030587882157653234,0.0019985967344146585,0.0026862465376294785
422.08867249577196,0.45515011203556416,0.5073520830279163,0.03156757139352577,0.001799357102940507,0.004130876440506282
422.28890431384394,0.4552365558992573,0.507879869683356,0.03113938777946409,0.0017729862099640898,0.003971200428411231
422.4891361319159,0.4555410025654343,0.5088786840949093,0.030749340659581254,0.00195465318520436,0.0028763194953241745
422.68936794998797,0.45430933710590177,0.5091798429306152,0.03125822399895064,0.0018743036774647105,0.0033782922875195084
422.88959976805995,0.45332656376398045,0.5091959124015806,0.03146197573425698,0.001754267182086535,0.004261280918547407
423.08983158613194,0.4540430383917346,0.5100628636341952,0.030732428243535857,0.0019505713404841115,0.0032110983905017073
423.2900634042039,0.45307631941974774,0.5106259604203415,0.031243635368349287,0.001959933878503151,0.003094150913510836
423.49029522227596,0.451345504656615,0.5099847224833796,0.031840379608962854,0.0017085711698018764,0.005120822081694681
423.69052704034794,0.4526395586821678,0.5114113508260115,0.03090987404466641,0.0019829277052372416,0.0030562887423704736
423.89075885841993,0.4514782706601465,0.5118173891843325,0.031518823331396835,0.0019574538743836753,0.003228062950195405
424.0909906764919,0.4504441297332405,0.5118546293416851,0.03174147478411849,0.0017940239638944892,0.004165742177516434
424.29122249456395,0.4507473045032058,0.5126255563228724,0.03129125409508225,0.0019126517405505558,0.0034232333387442834
424.49145431263594,0.4503479025152183,0.5133715358831895,0.031399550487566506,0.002018000394187972,0.002863010720293984
424.6916861307079,0.448750592381713,0.5132495321016125,0.03205397518514764,0.0018457569847015731,0.004100143347283562
424.8919179487799,0.4489558245885061,0.5135208633344028,0.03154414239314859,0.001874984554955383,0.004104185129445151
425.09214976685195,0.44900486378307913,0.5146574847181509,0.03153422559685502,0.0020942572425624605,0.0027091686598107504
425.29238158492393,0.446758587457364,0.5140588591392815,0.03258835973749026,0.0018202234941772347,0.004773970172146072
425.4926134029959,0.4476133685718111,0.5150094787062008,0.0317983597887686,0.0019326259859222246,0.003646166947755568
425.6928452210679,0.44736601182831975,0.5158819313138561,0.03187853298075172,0.0020862141890422136,0.002787309688488237
425.89307703913994,0.4458316706778431,0.5158632615013373,0.03252061182688533,0.0019089520661898906,0.003875503928203689
426.0933088572119,0.4455521758763167,0.5161884774175206,0.032370710034439636,0.0018834967202952476,0.004005139951887139
426.2935406752839,0.4459247763149569,0.5171346625401911,0.031983991610672245,0.0021171529304504027,0.002839416604191143
426.4937724933559,0.44437309353804183,0.5172681661807411,0.03279749611968946,0.002008960654719927,0.0035522835072720024
426.69400431142793,0.443494076166472,0.5168635295714663,0.03290335544584041,0.0018308417963875535,0.004908197020297623
426.8942361294999,0.444407204809926,0.5183162514414673,0.032325526534486115,0.0021715044432318365,0.0027795127713550636
427.0944679475719,0.44250219917158484,0.518208039712876,0.033381846373500466,0.002007504248848397,0.003900410493654894
427.2946997656439,0.4422886124817383,0.5185171136044135,0.03314103202619686,0.001919965784649246,0.0041332761034675305
427.4949315837159,0.44256084081522473,0.5194792947052702,0.032837662928037595,0.0021294690111509596,0.0029927325407824146
427.6951634017879,0.44138130095532285,0.5198145700643994,0.033435150821237505,0.0020899862887359564,0.003278991870770949
427.8953952198599,0.44027714928401,0.5197671324950784,0.03378836464858134,0.0019416033618589457,0.004225750210937518
428.0956270379319,0.4408162815506083,0.5204261536473245,0.033192386918611476,0.0021187910211293076,0.0034463868627921963
428.2958588560039,0.43996372650176957,0.5211015055230988,0.03375490657995029,0.002202465997079445,0.0029773953985684637
428.4960906740759,0.43806538699706143,0.520361938196556,0.03455444356046283,0.0019011614946612056,0.005117069751725729
428.6963224921479,0.4392317560961014,0.5216571221563349,0.033690157536930346,0.0021740161409568625,0.0032469480701427496
428.89655431021987,0.43818419590076924,0.5221678018490821,0.03434840345616041,0.002215369304546009,0.0030842294899083235
429.0967861282919,0.4369381897307463,0.5220745173946941,0.03476845735739255,0.002002873070935119,0.004215962446700585
429.2970179463639,0.43713565462239923,0.5227550083583092,0.03442652403866278,0.0021115503639162828,0.0035712626171812423
429.4972497644359,0.4367839350724101,0.5235107556164873,0.03458312094017275,0.0022786323420632155,0.002843556029337141
429.69748158250786,0.4351517257645199,0.5234082628539223,0.0353803502881087,0.0020996089874757242,0.003960052106444983
429.8977134005799,0.4350843797822227,0.5234208089242274,0.03506227491207258,0.0020626438808290432,0.004369892501118241
430.0979452186519,0.4352169992228108,0.5246345652476618,0.03505454174541553,0.0023718585026764535,0.00272203528190707
430.29817703672387,0.4329686508737513,0.524085992390495,0.03626638260714035,0.0020872106158227044,0.0045917635132618545
430.49840885479585,0.43356738768426134,0.5248184061656683,0.035605155773932244,0.0021471679081577493,0.0038618824684542074
430.6986406728679,0.4333625070338203,0.5257336571985554,0.035721557857710175,0.002367592584529923,0.002814685325858678
430.8988724909399,0.4317714495063687,0.5257087958877064,0.036522830372940664,0.0021865060110613987,0.0038104182223982473
431.09910430901186,0.43134700960204564,0.5259455630400399,0.036508826207766736,0.0021257791488273545,0.004072822001796141
431.29933612708385,0.4316678327300968,0.5267857391797071,0.036171363146870666,0.002392911576225872,0.0029821533675760273
431.4995679451559,0.4301702044008122,0.527015882004047,0.037087499835196505,0.0023252960011809543,0.003401117759239079
431.6997997632279,0.4290293102408381,0.5264258489810417,0.03742874184802481,0.002066348846217525,0.005049750084354232
431.90003158129986,0.4299386861642304,0.5278453060305796,0.03683080467804298,0.002463538693627793,0.0029216644339949563
432.10026339937184,0.4281265535924018,0.5278648966926085,0.03797972267313547,0.002340942363812472,0.0036878846785170466
432.3004952174439,0.4276230970686544,0.5279755545798442,0.03793986094997753,0.002176683011265736,0.004284804390731916
432.50072703551587,0.4278624551573288,0.5289042621794141,0.03767871868186502,0.0024173563402167244,0.0031372076416477583
432.70095885358785,0.4267264047703074,0.5292929554796935,0.03835518306790475,0.0024290250471919227,0.0031964316353748907
432.90119067165983,0.4254994299046406,0.5292138525283818,0.038872423330683595,0.002243461827291068,0.004170832409473774
433.1014224897319,0.4258619051010581,0.5296548298917466,0.038382512259970455,0.002390408721862757,0.0037103440258348104
433.30165430780386,0.4251039082972138,0.530450695280456,0.03896541116162524,0.002567138412274326,0.002912846848905655
433.50188612587584,0.4230614649459027,0.5296770000985364,0.04000026670259349,0.0022070419427911285,0.005054226310649627
433.7021179439478,0.4240902127140165,0.5308107681205086,0.039160396111774576,0.0024687572646943964,0.003469865789480737
433.90234976201987,0.42313118436133135,0.5314357666114854,0.039844593055756126,0.0025908780977585712,0.002997577874144737
434.10258158009185,0.42169107349453616,0.5312581306322481,0.04048892728227045,0.0023214594696836233,0.004240409121738453
434.30281339816383,0.42178672842643394,0.5318623948848741,0.04022341115586121,0.002414338629050004,0.003713126904259326
434.5030452162358,0.42146922453595004,0.5326166893630333,0.04038866941033138,0.0026516745068916035,0.002873742184272543
434.70327703430786,0.4197954941682466,0.5325673472733543,0.0413427783136471,0.002466560113005762,0.0038278201322256254
434.90350885237984,0.41946893147107345,0.5323492265124096,0.041221066163402785,0.0023457170284956873,0.00461505882509568
435.1037406704518,0.41967817564628024,0.5336236030313936,0.04114885811570772,0.00275957657708478,0.0027897866300104117
435.3039724885238,0.4174306369443558,0.5331756957767144,0.04253558020288657,0.0024678049383157967,0.004390282138203557
435.50420430659585,0.41776695334875547,0.5336870227111249,0.04200672926829438,0.0024543252185921056,0.0040849694537086175
435.70443612466784,0.4176001645023288,0.5346476161134065,0.042108126729006976,0.002751029151431961,0.002893063504300866
435.9046679427398,0.4159636723580225,0.5346584454462432,0.043068761737663094,0.0025738530840433886,0.0037352673745037657
436.1048997608118,0.41539229415968015,0.5348323571109599,0.04318914944797817,0.0024668870298261464,0.004119312252030608
436.3051315788838,0.4156560324820415,0.535547365220757,0.04286135756760514,0.0027606900167566274,0.0031745547133147766
436.50536339695583,0.41420483114821116,0.5358984818986005,0.04385796120983249,0.002750719654788148,0.003288006089044608
436.7055952150278,0.412821337552498,0.5351828964336814,0.044464421628258255,0.0023973736469349626,0.0051339707391038795
436.9058270330998,0.413723920629134,0.5365369087402041,0.043784421751708054,0.0028466888485792013,0.003108060030854359
437.1060588511718,0.41199262005982223,0.5367098764570061,0.04500392229310596,0.002782137351813815,0.003511443838731737
437.3062906692438,0.4112050049056302,0.5366553360451864,0.04519938325069089,0.0025230856629218567,0.004417190136050961
437.5065224873158,0.4114190588102123,0.5375580036950555,0.04493141964775722,0.002792171120930519,0.003299346726523147
437.7067543053878,0.4103282895589678,0.5380133208989376,0.04564648674812772,0.0028704140992959967,0.0031414886951483104
437.9069861234598,0.4089753675354909,0.537935730162159,0.04634132422662301,0.002641223552056618,0.004106354524149561
438.1072179415318,0.40916246362642095,0.538163603535249,0.04594938997454034,0.002737048898184299,0.003987493966085128
438.3074497596038,0.4085008694429534,0.5390828534453339,0.0464852884332383,0.0030297456751982766,0.002901243003756075
438.5076815776758,0.40633135412900806,0.5383390605717578,0.04777727027645669,0.002609639067511303,0.004942675955744955
438.70791339574777,0.40721077047011284,0.5392886821809888,0.04694646640334403,0.0028367945973352404,0.003717286348699468
438.9081452138198,0.4063358270709099,0.5400362010747985,0.04759966420319232,0.00305765222535062,0.002970655426227791
439.1083770318918,0.40471878662248606,0.5398250777911754,0.048487069933000004,0.002730384081513353,0.004238681572304301
439.3086088499638,0.4047129753446653,0.5403702723168964,0.048277473869825484,0.002795392102868683,0.003843886366224142
439.50884066803576,0.40442956892988713,0.5411107225609809,0.048396787660104766,0.0031068673574635975,0.002956053492043719
439.7090724861078,0.4027149297295351,0.5411475768569998,0.04949841164804124,0.0029251853061856895,0.00371389645971858
439.9093043041798,0.4021349833903998,0.5407413721403665,0.04959906067782818,0.002700018194506404,0.004824565597380469
440.10953612225177,0.4024301434331233,0.5420545006453276,0.04938163116800312,0.0032252773657711134,0.0029084473882563743
440.30976794032375,0.4001908982162562,0.5417516695828409,0.05092623734766792,0.0029415780996172353,0.0041896167540992615
440.5099997583958,0.40025225516759555,0.5420520221288092,0.05056450909928183,0.0028265526990134708,0.004304660905783756
440.7102315764678,0.40013439194699174,0.5430623479661602,0.05058596697673463,0.00320431254689615,0.0030129805637009273
440.91046339453976,0.3984707341957066,0.5431461425721854,0.05167601410036555,0.0030478743349636184,0.003659234797262748
441.11069521261174,0.3977465729712779,0.5432840202324587,0.05193850520160846,0.0028823174768763705,0.0041485841182658705
441.3109270306838,0.3979524860540109,0.5438635551368981,0.0515923423301966,0.0031851218588360495,0.0034064946205479194
441.51115884875577,0.39655732957284334,0.544356181998125,0.05261126669163049,0.003258100943946563,0.003217120793941114
441.71139066682775,0.39494496099033527,0.5435802932903255,0.05351239556065513,0.0028026999637123184,0.005159650195461618
441.91162248489974,0.39583858242620346,0.5448372575308833,0.05270763625423604,0.0032843148088938664,0.0033322089802723725
442.1118543029718,0.3941924925735026,0.5451840797519547,0.05393799966526759,0.0033026847524857948,0.003382743257280086
442.31208612104376,0.3931250158263532,0.5450076454903287,0.0544098908570961,0.0029348512508551596,0.0045225965758574046
442.51231793911575,0.3933220394651955,0.5458937306776929,0.05409340354475868,0.0032216008420699258,0.003469225470773843
442.71254975718773,0.39229023667828145,0.546422504260813,0.05478174408660774,0.0033828867244819556,0.0031226282503052454
442.91278157525977,0.39081166080995244,0.5463795080481669,0.05565789893278,0.003109370145822314,0.004041562063771015
443.11301339333176,0.3908193715017981,0.5464135638920361,0.05537940339366581,0.0031268743025607364,0.004260786910429754
443.31324521140374,0.39027456002028377,0.5474526313199213,0.0557768004687556,0.003555848578721838,0.0029401596128105457
443.5134770294757,0.387997365302144,0.5467987484737246,0.05732024703434655,0.003086070620132597,0.004797568570144087
443.71370884754776,0.38870677096591205,0.5475503640656734,0.05652018508563456,0.0032433043039171213,0.0039793755793540945
443.91394066561975,0.38793019316429084,0.5484272009727508,0.05706338409715486,0.0035795370388369526,0.0029996847274596575
444.11417248369173,0.3861595293472032,0.5482340771561509,0.05818867066541496,0.0032046080828225867,0.004213114748901032
444.3144043017637,0.38604652785462285,0.5487380630016926,0.05802984549514519,0.0032248288587638494,0.003960734790266625
444.51463611983576,0.38580438686163154,0.54945310658324,0.05804948937397876,0.003604941729176765,0.003088075452462188
444.71486793790774,0.38406212411748414,0.5496068591314524,0.05925962742011494,0.003446122472059547,0.003625266859376292
444.9150997559797,0.38322914098035404,0.5490653058494008,0.059618482435303044,0.003099746871830961,0.004987323863598685
445.1153315740517,0.38362539534114365,0.5503907474166239,0.05918301196872583,0.003728552246051916,0.003072293027945366
445.31556339212375,0.3814135940929502,0.5502703058098606,0.06082941665984868,0.003479516772074465,0.0040071666657569725
445.51579521019573,0.38118206418460804,0.5503818603363001,0.06069222618841177,0.0032343277845672523,0.004509521506601851
445.7160270282677,0.38113133902165813,0.5514464990696083,0.06056968964709453,0.003689303806171031,0.003163168455954874
445.9162588463397,0.37946990820371046,0.5516336788581846,0.06172687193671313,0.00357783408044768,0.0035917069214316077
446.11649066441174,0.37858612581117396,0.5517621429120101,0.06214318937032252,0.003343088624427676,0.004165453282553759
446.3167224824837,0.3787305261758671,0.5522057731725178,0.06177258698100926,0.003627062274771413,0.0036640513963244327
446.5169543005557,0.37741897067927727,0.5528546626260198,0.0627253796666106,0.003812124543932067,0.0031888624846496123
446.7171861186277,0.3755933408535789,0.5520839654045243,0.06393278814770716,0.003257734196864584,0.005132171397816247
446.91741793669974,0.37646646656158017,0.5532149003017796,0.06299711845145142,0.0037356090958817296,0.0035859055897948223
447.1176497547717,0.37492743643638,0.5537514441667859,0.06414935675468869,0.0038652556380719457,0.0033065070045592716
447.3178815728437,0.37358927575430123,0.553503006395494,0.06492709295198892,0.003385193508358686,0.00459543139034503
447.5181133909157,0.37377203592045477,0.5543813967990983,0.06453729296034778,0.003670688497508746,0.0036385858230779913
447.7183452089877,0.37282202201867254,0.5549847847710733,0.06512149530606154,0.003927085344023346,0.0031446125606565166
447.9185770270597,0.37122652062614403,0.5550082263981921,0.06616469257608597,0.003617021007469595,0.003983539392597011
448.1188088451317,0.3710442712332731,0.5548797911299795,0.066033837292179,0.003528536745447744,0.00451356359960962
448.3190406632037,0.37064757821333816,0.5560276935446463,0.06619579040495757,0.004103895026550389,0.003025042810995134
448.5192724812757,0.36829170241012216,0.5555166987194234,0.06794793933124502,0.0036076523642724415,0.004636007175425536
448.7195042993477,0.3687988713444634,0.5560662684922745,0.06723676039934455,0.003653240919979297,0.004244858844428071
448.9197361174197,0.3681476545938411,0.5570773456083964,0.06758415031794059,0.004114516071127521,0.0030763334091851733
449.1199679354917,0.3662584606881451,0.5569507947872958,0.06890763335540168,0.0037146019956574173,0.004168509173989215
449.3201997535637,0.36602625956432433,0.5574300774687261,0.06880987292366,0.0036708043704250367,0.004062985673352908
449.5204315716357,0.3658325222792247,0.558110676853166,0.0686917845867534,0.004102140733131254,0.003262875548212121
449.7206633897077,0.36409169312984496,0.5584080505758366,0.06994105296113547,0.003994242195362901,0.0035649611383043603
449.92089520777967,0.36300620317413174,0.5577892736578624,0.07058810310573715,0.003519059683548708,0.0050973603792035214
450.1211270258517,0.36351288217335365,0.5590969325624906,0.06989081438973453,0.004225102910475045,0.003274267964430856
450.3213588439237,0.3613622257045977,0.5591885740008123,0.07154803141974729,0.0040455433254339215,0.0038556255498923097
450.5215906619957,0.3608199233099311,0.559143688370355,0.0716984818532579,0.0036489140375463663,0.004688992429393912
450.72182248006766,0.36085349943477185,0.5602654334902053,0.07138247933314987,0.004166356656876382,0.0033322310854820374
450.9220542981397,0.3592347925568696,0.5605785090410897,0.0725189189600584,0.0041270393417592935,0.0035407401007085068
451.1222861162117,0.3581874404554123,0.5607228378975815,0.07309752252600366,0.0038176018933505636,0.004174597228138176
451.32251793428367,0.35825938114477046,0.5610396616055939,0.0727210033381425,0.004048741542717134,0.003931212369263174
451.52274975235565,0.357073363283872,0.5618520128791284,0.0735017436280988,0.004372260164248984,0.003200620045140232
451.7229815704277,0.3550593474054977,0.5611479877539405,0.07499601004322874,0.0037351187471295092,0.005061536050690557
451.9232133884997,0.35588426244893806,0.5621282000894631,0.07396774165846536,0.004160451011916514,0.003859344791703036
452.12344520657166,0.3544881477858966,0.5628656620120162,0.0749377192565584,0.004427003230171768,0.0032814677158435114
452.32367702464364,0.35290053201541616,0.5625979030228905,0.07602179837791549,0.003846275479469209,0.0046334911047938385
452.5239088427157,0.3530622945396716,0.5634746270109188,0.07555661689483362,0.004104969531365715,0.0038014920236947693
452.72414066078767,0.35222007546185385,0.5641494559048632,0.07596339058011362,0.004459040132865288,0.0032080379207849977
452.92437247885965,0.35052881500667543,0.5642689318453594,0.07713566261213847,0.004130103154333645,0.0039364873819723095
453.12460429693164,0.35014238968741873,0.5640179709118738,0.07719386419689343,0.003914004627719589,0.004731770576570927
453.3248361150037,0.34992564693838385,0.5652557313881096,0.07703936629311904,0.004629220813976865,0.003150034566886582
453.52506793307566,0.3475337914501443,0.5649317324916363,0.07891968302882754,0.004141093964618849,0.00447369906524939
453.72529975114765,0.3477978480305274,0.5652851112598305,0.07838028601201731,0.004035112242956739,0.004501642455145849
453.92553156921963,0.3473032368027049,0.566432256075903,0.07845527532741302,0.004619483255728173,0.003189748538727543
454.12576338729167,0.345344840719455,0.5664149958390851,0.0799010037294244,0.004227726551196701,0.004111433161315434
454.32599520536365,0.34497719081544603,0.5668832498952671,0.07988623036766704,0.004101715572352774,0.0041516133497436205
454.52622702343564,0.344832686884213,0.5675240427750634,0.0796177316273159,0.0045556059258626234,0.003469932788021207
454.7264588415076,0.34313786777546723,0.5679863283227204,0.08081191065003904,0.004531457916313941,0.003532435335934626
454.92669065957966,0.3418074952249902,0.5673492962113273,0.08175631499219313,0.003932864594880896,0.00515402897708404
455.12692247765165,0.34241803126047,0.5686064617288961,0.08079756444200158,0.004671640269694766,0.00350630229941371
455.32715429572363,0.3403755419539114,0.5689319947191019,0.08235132821560096,0.004599164372183134,0.0037419707396783323
455.5273861137956,0.3395129887309692,0.5687706477186567,0.08283758700909961,0.004044225665664095,0.004834550876084402
455.72761793186766,0.3396393977768391,0.5699484507218463,0.0823039337920527,0.00459829493136035,0.003509922778376864
455.92784974993964,0.33811085432002413,0.5704017083881326,0.08331996284798965,0.004655269987140058,0.0035122044571888446
456.1280815680116,0.3369032459612946,0.5705850090629279,0.08405810666485289,0.004273752449689607,0.004179885861712144
456.3283133860836,0.33688421306519695,0.5707921633447626,0.08371360513908481,0.004418032791716075,0.004191985659717496
456.52854520415565,0.33587261785005285,0.5717664056612907,0.08421689935817808,0.004896258652338928,0.0032478184786146353
456.72877702222763,0.3337093501773072,0.5711835559156283,0.08594182980537703,0.0042055571860454555,0.0049597069161170515
456.9290088402996,0.33444082257628155,0.5719938306125966,0.08489999384380971,0.00452394801470735,0.00414140495307864
457.1292406583716,0.3332308775678897,0.5729380135711856,0.08558521093353041,0.00494401853373742,0.003301879394131214
457.32947247644364,0.33143259260350777,0.5727027230007222,0.08693639467712612,0.004290320198721078,0.0046379695203957565
457.5297042945156,0.3315557866649618,0.5735793786989687,0.08641756117559043,0.004493068061302326,0.003954205399652225
457.7299361125876,0.33084340261332845,0.574319493580919,0.08659274637903548,0.004934734616925934,0.0033096228102660287
457.9301679306596,0.3290921054390773,0.5745613034064196,0.08783083358041209,0.004613960209303654,0.003901797365261023
458.13039974873163,0.32848924420623465,0.5742324432018947,0.08811248732943104,0.004260006431734823,0.004905818831178858
458.3306315668036,0.32847372257330376,0.5755332593953885,0.0875959008583426,0.005088499238298254,0.0033086179351399384
458.5308633848756,0.3261024030444136,0.5754308425165047,0.08949381717395777,0.004650456840028947,0.004322480425570632
458.7310952029476,0.32608156966967794,0.5756031212569668,0.08921407845986663,0.004363614884202507,0.004737615729762902
458.9313270210196,0.3257699913428896,0.5768831757826062,0.08896350109171768,0.005054884970783705,0.003328446812482116
459.1315588390916,0.32380428589125754,0.5770097696985728,0.09042695964396341,0.004709891229294309,0.004049093537389848
459.3317906571636,0.32328456904514363,0.5774772302245772,0.09052162008099883,0.004488232624912414,0.004228348024845734
459.5320224752356,0.32318029106620894,0.5780768618567,0.09011787076172291,0.004928530949983106,0.003696445365864053
459.7322542933076,0.3215875665514595,0.5787185036420479,0.09114941314323115,0.0050197854791552,0.003524731184587076
459.9324861113796,0.3200328935940586,0.5781190175484744,0.09236941959657016,0.004317196732476143,0.005161472528901815
460.1327179294516,0.32071896932677524,0.5792917778257265,0.0911989120994341,0.005030657553780953,0.0037596831947634165
460.33294974752357,0.31884032157130526,0.5798651318947312,0.09252784796377599,0.005099071534752401,0.003667627035913054
460.5331815655956,0.31766510242210116,0.579632128716321,0.09336473023967518,0.004397759640119089,0.004940278982260554
460.7334133836676,0.31787883298874275,0.5808591565792883,0.09262053462818916,0.00495354801908237,0.003687927785171768
460.9336452017396,0.3164879814498419,0.5814587118406055,0.09342180935309502,0.005122064030685638,0.0035094333262460187
461.13387701981156,0.3151347609216373,0.5817014930520248,0.09429878577208829,0.0046812205031225955,0.004183739751599987
461.3341088378836,0.31500187429869064,0.5818218415592955,0.09403294551202358,0.004711133782154027,0.004432204848309012
461.5343406559556,0.31421052340186495,0.5829469143663657,0.09417361909336185,0.005343910646046687,0.0033250324928327775
461.7345724740276,0.3119526993961181,0.5825309032983825,0.09603886354827043,0.004639133039907426,0.004838400717791936
461.93480429209956,0.3125326461096997,0.5831584567796159,0.09508862956900702,0.004799973621282712,0.004420293920861392
462.13503611017154,0.3115513132472012,0.5843086667207555,0.09540472147358171,0.005376098118755363,0.0033592004401744708
462.3352679282436,0.3096005187015605,0.5841536234682082,0.09694284415770307,0.00469059359951492,0.004612420073482217
462.53549974631557,0.3096581733308885,0.5850266101158547,0.0964118995106297,0.004808712786770331,0.004094604256326958
462.73573156438755,0.309087651222733,0.5858237877436615,0.09633045917836149,0.005315101643528854,0.003443000212184546
462.93596338245953,0.307326112994791,0.5862097964597468,0.09754946539829268,0.005036031669031611,0.0038785934786059457
463.1361952005316,0.3065027959652544,0.5858483258451285,0.09806934714643571,0.004548253218979994,0.005031277824667788
463.33642701860356,0.3066899578308585,0.5871784520425662,0.09719331633654585,0.005444124659015391,0.0034941491314825963
463.53665883667554,0.30440579923406036,0.5873227471190369,0.0989820232271446,0.0050998038178252545,0.004189626602402722
463.7368906547475,0.30406784435682016,0.5873371935112073,0.0990322818169906,0.004620807465757433,0.004941872849696297
463.93712247281957,0.30395300077990595,0.5887399461197531,0.09843667174102566,0.005388500421883046,0.003481880937903162
464.13735429089155,0.30204899842904703,0.5890353679382164,0.09979995991706223,0.005127619872405194,0.003988053843741389
464.33758610896354,0.3013651693796512,0.589509058245392,0.1000259836935535,0.004805163678111756,0.00429462500376627
464.5378179270355,0.30128221294567453,0.5900696655332138,0.09952523505067255,0.005194138192535339,0.003928748278379095
464.73804974510756,0.2998519259304871,0.5908967765417725,0.10028906094099459,0.005424426591295844,0.0035378099959240466
464.93828156317954,0.2981097412528186,0.5903842357040145,0.10172921314800865,0.0046496944304546374,0.005127115465177786
465.1385133812515,0.29882104525376846,0.591439294129543,0.10043985632768086,0.0052744885874294834,0.004025315702050928
465.3387451993235,0.29716353198542744,0.5922665665308431,0.10143291236368301,0.005507324494185939,0.0036296646263353207
465.53897701739555,0.29570639517979497,0.592008858909126,0.10259079010218626,0.0046908992932493485,0.005003056516118617
465.73920883546754,0.2959856810590442,0.593271030401412,0.10167473710041874,0.005208343114299183,0.0038602083253001566
465.9394406535395,0.29477270393140403,0.5940152244163774,0.1021882481180838,0.005490652568133203,0.0035331709664760194
466.1396724716115,0.29330259439102213,0.5943353424884195,0.10316175400319016,0.005013688800378273,0.004186620317466937
466.33990428968355,0.29303390111981314,0.5943947830572961,0.10301725823604388,0.004913396474492882,0.004640661112827152
466.54013610775553,0.29249513047386605,0.5956496850277956,0.10274752701489415,0.005680691401722398,0.0034269660821920245
466.7403679258275,0.290210542174174,0.5954362549953058,0.1046383745970868,0.005007105514732939,0.00470772271917033
466.9405997438995,0.29057750405681376,0.5958755690298838,0.10388938019083856,0.0049730541717864585,0.004684492551146832
467.14083156197154,0.28985804183442504,0.5972234229088348,0.10378377375954899,0.005690906570176785,0.0034438549274833563
467.3410633800435,0.2878294270713555,0.5971900536921492,0.10539653824500173,0.0050224049098063555,0.00456157608215721
467.5412951981155,0.2877891841365892,0.5980506251820195,0.1049063731677145,0.005032169917706346,0.004221647596439575
467.7415270161875,0.28735927495003555,0.5988950646133366,0.10457535751519993,0.005570545535231107,0.003599757386665515
467.94175883425953,0.28564791229113423,0.5994415788384411,0.10567780500079592,0.005368280048116981,0.0038644238219789134
468.1419906523315,0.2846134400425264,0.5990900200463377,0.1064234531093454,0.00476498926873285,0.005108097533522174
468.3422224704035,0.28497971403514993,0.6004100818166271,0.10524200705408338,0.005668084660182477,0.0037001124344237446
468.5424542884755,0.28285304107760445,0.6008169649670994,0.10679511163454189,0.005456386380826849,0.004078495940395524
468.7426861065475,0.2821853943402645,0.6007037175245296,0.10720896907964025,0.004795984668541976,0.005105934387490659
468.9429179246195,0.28226285778536764,0.6022103030428874,0.10628740352205568,0.005597996940215262,0.003641438709938525
469.1431497426915,0.28048876106757487,0.6026894063408296,0.10743789627449929,0.005450582299539916,0.003933354018018961
469.3433815607635,0.279638401190054,0.6031739769391649,0.1078037144562519,0.005033072980480029,0.004350834434512116
469.5436133788355,0.2795509575807617,0.6037000705917323,0.10725745800322099,0.005337779000308713,0.004153734824440372
469.7438451969075,0.27833859075886225,0.604709034754691,0.10766818107330096,0.005716582332086718,0.003567611081523392
469.9440770149795,0.2764618013591455,0.6043242926545322,0.1092440330583328,0.004910381326421117,0.005059491602034219
470.14430883305147,0.2771315399535237,0.6052309508465384,0.10795578692542614,0.00538791884061953,0.004293803434357194
470.3445406511235,0.2757460636804552,0.606310113775741,0.10852790821324373,0.005793337219575847,0.003622577111450535
470.5447724691955,0.2740624047674881,0.6060742545202438,0.109931909858017,0.004908840670701034,0.005022590184019175
470.7450042872675,0.274370620076046,0.607349770037708,0.10890872951817616,0.005347859199843302,0.004023021168693952
470.94523610533946,0.2733622779392001,0.6082299445309415,0.10909398389832595,0.0057319071914285966,0.0035818864405699835
471.1454679234115,0.27181853371528786,0.6086427384978949,0.11010106086457143,0.005250604023370618,0.004187062899342717
471.3456997414835,0.27139859972967717,0.6086675396891081,0.11010562718338492,0.005018524083791103,0.004809709314505531
471.54593155955547,0.2711229126060317,0.6100212338980395,0.10942582906534705,0.005880910892549503,0.003549113538499436
471.74616337762745,0.26888707106581944,0.6100358417596922,0.11121762792410843,0.005284030002898488,0.00457542924795043
471.9463951956995,0.26898803733134713,0.6102892860527309,0.1107607756513289,0.005038379488626365,0.004923521476437599
472.1466270137715,0.26854733517310575,0.6118175384336982,0.11022147641279498,0.005866893972968375,0.0035467560079061487
472.34685883184346,0.26652505509938496,0.6119391617774077,0.11178083139342179,0.0052643086660868815,0.004490643064168717
472.54709064991545,0.2663550896035818,0.6127744162192099,0.11138441279507247,0.005151159593210029,0.004334921789394472
472.7473224679875,0.2660513303749377,0.6136550223155649,0.11083906527840298,0.0056841303875238515,0.0037704516440389404
472.94755428605947,0.26445494148564713,0.6143717660911928,0.11172812758735624,0.0055891604662124,0.0038560043700629253
473.14778610413146,0.2632344258259674,0.6140673619047295,0.11265871943513749,0.004900456905516817,0.005139035929121807
473.34801792220344,0.2637314629239356,0.6153340496472507,0.11126960799555403,0.005744806389878495,0.003920073043855059
473.5482497402755,0.2618287374961094,0.6160102242483176,0.11247754116454901,0.005693912821161466,0.003989584270336452
473.74848155834746,0.26084541421195945,0.6158047357027663,0.11324096100744051,0.004884612703354527,0.005224276374954082
473.94871337641945,0.26109054906931933,0.6173868863711455,0.11204967883382556,0.005672070927937624,0.0038008147982473124
474.14894519449143,0.25950524584999146,0.6180544738445707,0.11289749210422288,0.005654319153684312,0.003888469048006286
474.3491770125635,0.25849963410112137,0.618553400291536,0.11339141770501465,0.005159366121354468,0.004396181781448737
474.54940883063546,0.2583797779790408,0.6190504848173392,0.11285268932278025,0.005356826804300281,0.0043602210770165494
474.74964064870744,0.2574267936826802,0.6202269795154723,0.11285972452981753,0.0058756647564247675,0.0036108375160800767
474.9498724667794,0.25548105654893266,0.6200014271728289,0.11446837524362512,0.005082688312138757,0.004966452722948811
475.15010428485147,0.256036039709994,0.6207335961218583,0.11330597898217681,0.005368818356878202,0.004555566829564559
475.35033610292345,0.25495961984401755,0.622053741067152,0.1134097034613067,0.0059369170127936,0.003640018615202267
475.55056792099543,0.25312577423337534,0.6218834095287792,0.11494929395642806,0.0050404633427778255,0.005001058939113515
475.7507997390674,0.2534160724608819,0.6231435893539303,0.1138993687594034,0.005366473679819009,0.004174495746441519
475.95103155713946,0.25262230770790145,0.6241450886798682,0.11375262648017644,0.005827652186295514,0.003652324946233453
476.15126337521144,0.25106026931474196,0.6246634042544801,0.11471564295297165,0.005378355041515463,0.004182328436764766
476.3514951932834,0.25048450539690936,0.6246778435078265,0.11487536799399753,0.005026893079080903,0.004935390022656843
476.5517270113554,0.2504562906438203,0.6260899185309415,0.11383570237707075,0.005930144489137823,0.003687943959499702
476.75195882942745,0.2483453680379507,0.626348081404514,0.11540980780784145,0.005450043536114849,0.004446699214048506
476.95219064749944,0.24814694379543067,0.6264262499643828,0.11529827847164019,0.005000263041903517,0.005128264727112577
477.1524224655714,0.24798077376831823,0.6281077216722472,0.11435648151954936,0.005894711879546461,0.0036603111608087056
477.3526542836434,0.2460488821638005,0.6284081447458612,0.11573836966596092,0.005399559535290061,0.004405043889556861
477.55288610171544,0.2457245510416496,0.6292029611259599,0.11547716090637299,0.00516122130178391,0.004434105624701804
477.7531179197874,0.2455221173786636,0.6301075295289377,0.11477209819892745,0.005652758678689271,0.0039454962152496225
477.9533497378594,0.24410174306232782,0.6309966340041844,0.1153664945080493,0.0056849537932805606,0.0038501746326255314
478.1535815559314,0.24273547577298002,0.630769744641663,0.11641782798682525,0.004948581374119711,0.0051283702248805215
478.35381337400344,0.24329598099455732,0.6319381098113463,0.11494586061672321,0.0056724196169119535,0.0041476289609296705
478.5540451920754,0.24167249885579878,0.6328811339440522,0.11572952151441976,0.005795262828780614,0.003921582857417731
478.7542770101474,0.24041598515930124,0.6326224106048046,0.11678074558969712,0.0048868273332970365,0.005294031313369181
478.9545088282194,0.24078550456727396,0.634242658359263,0.11540562757218543,0.0056102851735980045,0.0039559243281526045
479.15474064629143,0.23943154853241289,0.6350938415991356,0.11589595863128069,0.005722809081081257,0.0038558421565640295
479.3549724643634,0.2382976607498059,0.6356107339422138,0.11648393761224587,0.005178724933554135,0.004428942762655513
479.5552042824354,0.23812040203531137,0.6360839555387069,0.11599703679461743,0.005258789499422838,0.004539816132419193
479.7554361005074,0.23744692055728867,0.6374025982080471,0.11559415407522224,0.005890872016391169,0.0036654551435276236
479.9556679185794,0.23550475740178559,0.6373582156570813,0.11712781069342738,0.005154717275211622,0.004854498972968677
480.1558997366514,0.23587767548267782,0.6378964888002758,0.1161977730373518,0.005226888134378247,0.004801174545791285
480.3561315547234,0.23512775413385129,0.6394368994665554,0.11582931558132932,0.005929997007396918,0.0036760338113424346
480.5563633727954,0.23323297528656556,0.6393706186210549,0.11737562550457276,0.0050785013822026125,0.004942279206079606
480.7565951908674,0.23345521001865302,0.6405819802575143,0.11638166891817271,0.005267363486953731,0.004313777319179569
480.9568270089394,0.23286894803910793,0.6416851663632565,0.11593310231434739,0.0057727438016725975,0.003740039482087852
481.1570588270114,0.23135076225048232,0.6423189828460903,0.1167700140673343,0.005390854065272231,0.004169386771292692
481.35729064508337,0.23062757312781024,0.6423434877925429,0.11706822866314812,0.004943749510472136,0.005016960906497542
481.5575224631554,0.2308058269412122,0.6437658357609576,0.11576103652835101,0.005826607739697306,0.003840693030252993
481.7577542812274,0.22888918816223627,0.644273907734703,0.11701937247189388,0.005492923420354917,0.004324608211281556
481.9579860992994,0.2283853228199019,0.6441956327092904,0.11725824154595361,0.004869610672553562,0.005291192252771039
482.15821791737136,0.2284669472835385,0.6459925643963512,0.11598440780707263,0.0057770837663205935,0.0037789967471881947
482.3584497354434,0.22669962717970973,0.6464851238059802,0.11708722910137552,0.005417621205763141,0.004310398707640247
482.5586815535154,0.22620939467336454,0.6472247596143366,0.1169820346110216,0.005065417677721264,0.004518393424023252
482.75891337158737,0.22607756705010684,0.6481400764604158,0.11618029830776493,0.005486154716579932,0.004115903465598049
482.95914518965935,0.22488201988392267,0.649194961973039,0.11642761888611224,0.005650443042253599,0.0038449562151363827
483.1593770077314,0.2234220839942187,0.6490682661621754,0.11752143360578197,0.004907008600818899,0.005081207637469575
483.3596088258034,0.22396982897801074,0.6500947159169376,0.11609684097722679,0.00546220417871759,0.00437640994957264
483.55984064387536,0.22266370202174862,0.6512930339570149,0.1164167134914877,0.005754210018753526,0.0038723405114604544
483.76007246194735,0.22120130767995536,0.651021734464356,0.11765650037438229,0.00480611544896835,0.005314342032802151
483.9603042800194,0.22163823898635812,0.6526346599949654,0.11620058842751314,0.005422006225519731,0.004104506366106992
484.16053609809137,0.2205378664761345,0.6536555300768276,0.11631880603396795,0.005650514525608442,0.0038372828879240876
484.36076791616335,0.21931750391016824,0.6541952448175472,0.11694757157867108,0.005092952554231365,0.004446727139841607
484.56099973423534,0.21906482677185882,0.6546482952661069,0.11654146140796287,0.005058492363536083,0.004686924190993496
484.7612315523074,0.2186657471885919,0.656072918935396,0.1157684387713539,0.00576208415424549,0.0037308109508699563
484.96146337037936,0.2167994171126737,0.6562228696577371,0.11712809473975458,0.005120537688770534,0.004729080801523672
485.16169518845135,0.216940334441994,0.6565565411405575,0.11650037538898608,0.004980897836325229,0.005021851192596925
485.36192700652333,0.21651172427453827,0.6582860235569896,0.11569963379377764,0.0057768136405355695,0.0037258047346170435
485.5621588245954,0.21464765788266504,0.6583552606883473,0.11712609342173913,0.005019976075042122,0.004851011932663658
485.76239064266736,0.21475628053568732,0.6594825382582614,0.11625953439094024,0.005061473190474814,0.004440173625092818
485.96262246073934,0.214356085226105,0.6606637768521691,0.11556493870366577,0.005575301932558037,0.003839897285958724
486.1628542788113,0.21294342284005305,0.6614193274032784,0.11620188401241467,0.005289435565794314,0.0041459301789155325
486.36308609688336,0.21209396030231106,0.6614693483003028,0.11660307735129827,0.004777669745984517,0.0050559443005601355
486.56331791495535,0.21241780446597594,0.6628487755994728,0.1151474090374957,0.005581089868706329,0.004004921028806656
486.76354973302733,0.2107513137979444,0.6636047133044057,0.11602341417578821,0.0054094557614939795,0.004211102960825442
486.9637815510993,0.20996577438875133,0.6633965738591363,0.1165698475548699,0.004661104329658291,0.005406699868042478
487.1640133691713,0.21024819363347194,0.665260924809104,0.11506395726460517,0.005527390948141831,0.003899533345135671
487.36424518724334,0.20870184881123255,0.6659482231528516,0.11582190738116319,0.005315489168382119,0.004212531486828721
487.5644770053153,0.2080511147417574,0.6666210737869267,0.11586833170521967,0.004873425412459468,0.004586054354094206
487.7647088233873,0.207958047530627,0.6675329554417689,0.115031043092539,0.00520412385761709,0.004273830077905702
487.9649406414593,0.20701698737767302,0.6687372424409149,0.11491647041019593,0.005489044885630935,0.003840254886043025
488.16517245953133,0.20552203050148696,0.6687257528345725,0.11597173137275184,0.004777449804230469,0.005003035487416375
488.3654042776033,0.20598366778021546,0.669571473758577,0.11470863520443045,0.005136326603950194,0.0045998966532838585
488.5656360956753,0.20501181080438696,0.671004337414352,0.11456835558878659,0.005575850020636792,0.0038396461722954257
488.7658679137473,0.20342737187143956,0.6707606420777221,0.11587746451264952,0.004648491537695427,0.005286030000950854
488.9660997318193,0.2038685833042796,0.6723153565184389,0.11444580005482088,0.005124686876517878,0.00424557324640136
489.1663315498913,0.20302329904032373,0.6734841325136376,0.11421526326408556,0.005443311660741702,0.003833993521669541
489.3665633679633,0.20176915367060252,0.674053360580192,0.11482046738234356,0.004910194051027016,0.004446824316294029
489.5667951860353,0.2014323151621559,0.6744877360657897,0.1145066518649019,0.0047750335093329115,0.00479826339827662
489.7670270041073,0.20127782720876097,0.6759723962896013,0.11344253559587548,0.005499804916108911,0.003807435990111118
489.9672588221793,0.1995523409149275,0.6763219095443666,0.11454945624083737,0.004981071122573022,0.004595222177753823
490.1674906402513,0.19943675995819451,0.676450573988316,0.11424781351737986,0.00465497334801532,0.005209879188551858
490.36772245832327,0.19930161672536864,0.6783273051783075,0.11309247542200004,0.005492538428491312,0.0037860642462885074
490.5679542763953,0.19755149186830698,0.6785549851523581,0.11429386050181292,0.0048666813635178385,0.004732981114457122
490.7681860944673,0.19751292464020226,0.6795647760138905,0.11360376928927571,0.004765890230591964,0.004552639826490508
490.9684179125393,0.19726747816915433,0.6807974881823532,0.11273348845917133,0.0052549842972277735,0.003946560892544627
491.16864973061126,0.1960136662503049,0.6816760080109905,0.11311697603677837,0.005082215629233895,0.004111134073144883
491.3688815486833,0.19506947729495902,0.6817617194945927,0.11357413351413079,0.004539543184403241,0.005055126512366217
491.5691133667553,0.1954672666508791,0.6830433221206471,0.11209611091077136,0.005215407464288899,0.0041778928538652275
491.7693451848273,0.19408834248564755,0.6840371624551678,0.11256080031144841,0.005205880281687007,0.004107814466500371
491.96957700289926,0.1930715673134516,0.6837322585039457,0.1133340771290605,0.004390843420760308,0.005471253633232524
492.1698088209713,0.19349296351826908,0.6856072904165142,0.11171176369202795,0.005167442544518171,0.004020539829122217
492.3700406390433,0.19220152503360174,0.6864816615335201,0.11210085802357994,0.005098553141489869,0.004117402268259871
492.57027245711527,0.1914133781198099,0.6870816411368049,0.11227042655679802,0.0046001501557383275,0.004634404031298273
492.77050427518725,0.1913301385862196,0.6879749763590924,0.11144904865805837,0.004832868372767429,0.004412968024311112
492.9707360932593,0.19065025123730595,0.6893018559591898,0.11099749781241833,0.005212388566275585,0.0038380064252617843
493.1709679113313,0.18917948074656032,0.6894137192560216,0.11194131581848207,0.0045660298466255935,0.004899454332760425
493.37119972940326,0.18949551965484795,0.6900480905232804,0.11092102071078906,0.004724209389872672,0.004811159721658423
493.57143154747524,0.1888521549851269,0.691685288384229,0.11036512656509195,0.00527559191955223,0.003821838146448556
493.7716633655473,0.18723506981003263,0.6915064978266395,0.11162452702206195,0.004422120304025039,0.005211785037690557
493.97189518361927,0.18761993403183747,0.6929503443059699,0.11030929310045524,0.004741627945918411,0.004378800616268361
494.17212700169125,0.18701318241943285,0.6942389882109306,0.10978352721039863,0.0051178824485282135,0.0038464197111575363
494.37235881976324,0.1857824265800026,0.6948460368775689,0.11030097150631164,0.004643680311322291,0.004426884725242497
494.5725906378353,0.1853623897642394,0.6952606653670786,0.11007531257092983,0.004429155454999469,0.004872476843202766
494.77282245590726,0.18540280024951028,0.6967516787527691,0.10882486973155345,0.005124083284774766,0.0038965679818426724
494.97305427397924,0.18387015871618037,0.6972991281293633,0.10962847491072954,0.0047443676722401336,0.004457870571935254
495.1732860920512,0.18350205378807324,0.6972334890075992,0.10963097724306567,0.004274877944694232,0.005358602017018599
495.37351791012327,0.18361287782377056,0.6992055045513025,0.10822562648099922,0.00510088741689788,0.003855103727481477
495.57374972819525,0.1820425759463011,0.6996049263474069,0.10913157795408551,0.004625650127240028,0.0045952696254191894
495.77398154626724,0.1818405526464929,0.700469550017083,0.10863850273618832,0.004401907010571113,0.004649487590116606
495.9742133643392,0.18171367867828236,0.7017253636888738,0.10766634556429851,0.004839813426073655,0.004054798642925705
496.17444518241126,0.18065686374797987,0.7027216771139567,0.10777218757205104,0.0047831790733847065,0.004066092493082155
496.37467700048325,0.17965607758379623,0.7028483866190054,0.10823537644176873,0.004242104543916477,0.005018054811968143
496.57490881855523,0.18005611341214997,0.703979551127876,0.10684873246321179,0.004759573607052056,0.00435602939016579
496.7751406366272,0.17898111620132037,0.7051936175319622,0.1069115692902604,0.004897263935156344,0.0040164330417596875
496.97537245469925,0.17780249064183995,0.7048295877727775,0.10780986797177716,0.004074807561040089,0.0054832460530247215
497.17560427277124,0.17829387144339534,0.7066527036159642,0.10618684868703619,0.004724778633076739,0.0041417976209871836
497.3758360908432,0.17726783672466995,0.7076972327311676,0.10622337227033576,0.004780618276786215,0.004030939997499103
497.5760679089152,0.1763804258849946,0.7082252839086232,0.10646995747581442,0.004264014708777739,0.004660318022246607
497.77629972698725,0.17628374097903055,0.7090841657447642,0.10570212494497479,0.004401175749899188,0.004528792581788959
497.97653154505923,0.17584876934522137,0.7104966608898541,0.10497339252239903,0.00483930660522372,0.0038418706377604537
498.1767633631312,0.17445615168666706,0.7107344795462164,0.10574974632133287,0.004283371762925594,0.004776250683316919
498.3769951812032,0.17458881403029985,0.7111380492562951,0.10501200775934127,0.004258281657970889,0.005002847296552198
498.57722699927524,0.1742467301223238,0.7129396804460477,0.10411840695947629,0.004877007894582875,0.0038181745780275634
498.7774588173472,0.1726807684215888,0.7128578138809737,0.10522763025332921,0.004137307642794471,0.005096479801771824
498.9776906354192,0.17295928014333706,0.7141408959961478,0.10409654355164427,0.004299527005221395,0.004503753304105964
499.1779224534912,0.1725611188926195,0.7155169582947906,0.1033482342978158,0.004699672962529242,0.0038740155527007343
499.37815427156323,0.17140781688727275,0.7161705797192651,0.10372543934764836,0.0043103615418469765,0.0043858025044228805
499.5783860896352,0.170914146500981,0.7165618540468416,0.10357259671049225,0.004041486445137463,0.004909916297004367
499.7786179077072,0.1710878722003631,0.7180010477303084,0.10224918228612204,0.004662523263767358,0.003999374519894931
499.9788497257792,0.16978315315829062,0.7187390290630753,0.10273072537561918,0.004425194227380752,0.004321898176089626
500.1790815438512,0.16919269582188542,0.7185006797580462,0.10297925007544445,0.0038650901873703842,0.0054622841577081785
500.3793133619232,0.1694879728799786,0.7205071995153551,0.10144115749733076,0.004631225518842592,0.003932444588949057
500.5795451799952,0.16814054055578628,0.7210815386458016,0.1020221369543817,0.004309337631748472,0.004446446212738181
500.7797769980672,0.16777827950053986,0.7217825129028989,0.10171807515113061,0.003992933611248959,0.0047281988346370915
500.9800088161392,0.16773344129307471,0.7230324003690404,0.10071230869643438,0.004362205861556068,0.004159643780348438
501.1802406342112,0.1668922130803728,0.7241335491338853,0.10054915952860329,0.004411026131772394,0.00401405212581916
501.3804724522832,0.16587511048471523,0.7243026035867315,0.1009734182994654,0.003899697762605673,0.0049491698669355075
501.58070427035517,0.16621563242588844,0.725237331726859,0.09976433513706766,0.004247995156446318,0.004534705554193821
501.7809360884272,0.16543972459466946,0.7266463064387371,0.09946932870138996,0.004505782879086048,0.003938857386573178
501.9811679064992,0.16417722509764515,0.7262628069958649,0.10038889067643707,0.00372811506708545,0.005442962163422292
502.1813997245712,0.16467094982414152,0.7279694266124312,0.09886641072285328,0.004229788976073106,0.004263423864955296
502.38163154264316,0.1638998490516024,0.7291594280288232,0.09859922586210655,0.004382866451216505,0.003958630606707383
502.5818633607152,0.16296088705745673,0.7296238097431701,0.0988691282555532,0.0038851892296004886,0.004660985714675123
502.7820951787872,0.1628344739749047,0.7304318577217525,0.09817796044797206,0.003937226768800479,0.0046184810870249764
502.9823269968592,0.16260895395382197,0.7318841573541232,0.0972560931420456,0.004394301731817857,0.0038564938186465827
503.18255881493116,0.16133843774947076,0.7322464144418412,0.0978312523002489,0.00394429725364338,0.004639598255251366
503.3827906330032,0.16127498643655738,0.7324129902674135,0.09737449953379065,0.003770030768808924,0.005167492993886265
503.5830224510752,0.16118935748238947,0.7343297440753909,0.09624299310540745,0.004409028126800814,0.0038288772104660878
503.78325426914716,0.15974337685240872,0.734369585615038,0.09713311040813376,0.0038066434744328213,0.004947283650445112
503.98348608721915,0.15988221236292066,0.735449479414048,0.09622319596837518,0.003826040555352778,0.0046190716997619565
504.1837179052912,0.15965476816412605,0.7368779209594282,0.09533251835137588,0.004219734731423599,0.003915057794105086
504.3839497233632,0.1586227787964546,0.737585311155429,0.09553785043660674,0.003929560728389134,0.004324498883578054
504.58418154143516,0.15807152279501044,0.7379476384600964,0.09543684500298068,0.003631548150072883,0.004912445592296746
504.78441335950714,0.15831441893062798,0.7392765557385725,0.09414556388067732,0.004147400163946471,0.0041160612866333315
504.9846451775792,0.15725397473166752,0.7401926246624955,0.09431757934103685,0.0040437722866240285,0.004192048978634724
505.18487699565117,0.15649092044835108,0.7398126498280628,0.09473308360307964,0.0034469371827632487,0.00551640893820295
505.38510881372315,0.15690252840340568,0.7417865462590155,0.09317705000540305,0.0041154476824248375,0.004018427650210928
505.58534063179513,0.1557967011132211,0.7425292187273794,0.09344276355584862,0.003935159795087816,0.004296156808924814
505.7855724498672,0.15529550417409047,0.7430597192494253,0.09329692951468481,0.0035623970199521837,0.004785450042310409
505.98580426793916,0.15529917754356726,0.7442749697901028,0.09231435185755492,0.0038549571689295886,0.00425654364030794
506.18603608601114,0.1546715557610088,0.7454592271382317,0.09192107986960137,0.00398779546339266,0.003960341768228645
506.3862679040831,0.1536763195267244,0.7456693023347332,0.092272354883212,0.003528000819901599,0.004854022435891898
506.58649972215517,0.1539127597171295,0.7463722724025241,0.09129137743067144,0.003715360323051916,0.0047082301270863595
506.78673154022715,0.15341205131740362,0.7479432142597733,0.09070927487735814,0.004058249013298174,0.0038772105326298524
506.98696335829914,0.15214150283379205,0.7475790855477102,0.0915615137217856,0.003364924593836297,0.0053529733033396195
507.1871951763711,0.15257923085094624,0.7491073392416926,0.09021533276577716,0.003712969307687095,0.004385127834358277
507.38742699444316,0.15203652452938435,0.7504122771688262,0.08971454075159221,0.003931820431390569,0.0039048371192668798
507.58765881251514,0.15109614093799742,0.75082753901317,0.08995771011463978,0.0034840324878149913,0.004634577446839439
507.7878906305871,0.1509308088773221,0.7515684392892897,0.08935374433702468,0.0034664151352890834,0.004680592361535846
507.9881224486591,0.15086661184574263,0.7530083236092147,0.08833310930389343,0.003905509761020137,0.003886445480592502
508.18835426673115,0.14974893381587331,0.7534905774363011,0.08869743699090625,0.0035670042691315442,0.004496047488252337
508.38858608480314,0.1495002783856741,0.753427997658549,0.08848676866233716,0.003286978231457865,0.0052979770624441294
508.5888179028751,0.14961441084239438,0.7554022651400897,0.08722554619193915,0.003902849856406324,0.0038549279696315527
508.7890497209471,0.14833636318422572,0.7555801098102715,0.08786494788361145,0.00344492736198335,0.004773651760370231
508.98928153901915,0.1483218455502127,0.7564261195373864,0.08718250381092094,0.0033474751509557227,0.004722055950986365
509.18951335709113,0.14822450240229176,0.7578709679153456,0.08622681478142726,0.003710948137017331,0.003966766764380075
509.3897451751631,0.14734239211479452,0.7586354233720058,0.0862541497994726,0.003521660025976944,0.004246374688211383
509.5899769932351,0.14675345727579234,0.7589623036689975,0.08618375975767986,0.0032172365472395406,0.004883242750753647
509.79020881130714,0.14700752975214387,0.7601268394023034,0.0850083380262077,0.0036121935396190795,0.00424509928018816
509.9904406293791,0.1461893386311264,0.7612036855513878,0.08491026353186149,0.0036238195195990542,0.00407289276648784
510.1906724474511,0.14531392695118342,0.7607201148832173,0.08540972182520046,0.0030378336877845045,0.005518402653076945
510.3909042655231,0.14577503495935812,0.7625916266011515,0.0839346053055763,0.003585029820014953,0.004113703314361936
510.59113608359513,0.14490735968083732,0.7634875339831646,0.08392652244464913,0.0035243552305255182,0.0041542286612882545
510.7913679016671,0.14430206096177603,0.7638533713187422,0.0838951047405701,0.0031319832533409798,0.004817479726033071
510.9915997197391,0.14432585827518707,0.7650063539986822,0.08297822109315643,0.0033479915092150636,0.004341575124223223
511.1918315378111,0.14389173254534254,0.7662431646764224,0.08241595432267589,0.003537381423403942,0.003911767032620027
511.3920633558831,0.14295092275237797,0.766491805652366,0.08267458331940199,0.0031436059631493084,0.004739082313169952
511.5922951739551,0.14305927272575383,0.7669415272751557,0.08193639091593609,0.003193018101734092,0.004869790981883609
511.7925269920271,0.14279488846690772,0.7686338882416346,0.08115416240218641,0.0035833458685426665,0.0038337150211918054
511.9927588100991,0.14158087758369892,0.7683242666468587,0.08187740609853753,0.0029986692379153773,0.005218780433451486
512.1929906281711,0.14191956121610355,0.7696201072748164,0.0807521472470294,0.0032025191491428405,0.004505665113368881
512.393222446243,0.1415686235210796,0.7710058065939435,0.08009683869826072,0.0034565418292878203,0.0038721893578898946
512.5934542643151,0.1406721276853828,0.7713906015179249,0.08027651686405851,0.0030798511587169014,0.004580902774380335
512.7936860823871,0.14046501780476142,0.77204882551736,0.0797610618781259,0.0030101549705130464,0.004714939829702299
512.9939179004591,0.1405092468432027,0.7734211544625259,0.07873220637732582,0.003402220556934852,0.003935171760473418
513.1941497185311,0.13956054394410253,0.7740168630879644,0.07889865068746701,0.0031717155831176096,0.0043522266978128785
513.3943815366031,0.1391560552833203,0.7737462647488895,0.07887879703891491,0.002830917598936084,0.005387965330403805
513.5946133546751,0.1394081618209743,0.7757141318032251,0.07759106108968597,0.0033889751270156365,0.0038976701595636984
513.794845172747,0.13832295068605985,0.7760372638297318,0.07798402513547716,0.003068720306071584,0.0045870400431250015
513.995076990819,0.13816052957359573,0.7766336113005675,0.07751014803208738,0.0028868961200852646,0.004808814974129064
514.195308808891,0.13815413963837422,0.778059424514556,0.07655632504890608,0.0032044254024833803,0.004025685396146344
514.3955406269631,0.13743302189670686,0.7788782790686573,0.07642447200430087,0.0031069525249561047,0.004157274505843686
514.5957724450351,0.13682746567550122,0.7791637197226157,0.07636755794026094,0.00281462345313137,0.0048266332089549075
514.7960042631071,0.137047353005078,0.780118635823118,0.07536305117976239,0.0030881940037834994,0.0043827659887231115
514.9962360811791,0.1364533608588677,0.7813338159361772,0.07505385857538042,0.0031903078479163707,0.003968656782123946
515.196467899251,0.13552684904553786,0.7807883176626416,0.07556506321386956,0.0026514648917348796,0.005468305186682218
515.396699717323,0.13597897106936477,0.7824896833987685,0.07424427777018264,0.0030685753053357355,0.004218492456814421
515.596931535395,0.1353285055596671,0.7835170080626332,0.07402468684269,0.0031002725479969953,0.004029526987480027
515.797163353467,0.1346608889777498,0.7837358726715019,0.07406191531890621,0.0027204392073413865,0.004820883824968633
515.9973951715391,0.1346826140707694,0.7848007108122891,0.07323867263861537,0.00286625452522949,0.0044117479535650305
516.1976269896111,0.13440885912046246,0.7860519716354639,0.07257966383454663,0.0030839124197358466,0.0038755929902581474
516.3978588076831,0.13354689073290646,0.7863370702433674,0.0727414249301744,0.0027633202822548294,0.004611293811765635
516.598090625755,0.13352307166497937,0.7865276562962409,0.07223125566363633,0.0027063784723196102,0.005011637903292951
516.798322443827,0.13344661278412587,0.78829355765253,0.07134038743000867,0.003108918172536157,0.0038105239612696365
516.998554261899,0.13233647572760215,0.7880673946179634,0.07190474568712553,0.0026422349587632327,0.005049149009016267
517.198786079971,0.13255143220913942,0.7890894263065391,0.07101425351494929,0.002722404159292433,0.004622483810549488
517.399017898043,0.13235137863979232,0.790520210161009,0.07028158079810727,0.002985513862500376,0.0038613165390626327
517.5992497161151,0.13153343447614105,0.7908942646498198,0.07038018656353673,0.002690012858365577,0.004502101452609211
517.7994815341871,0.1312867883985528,0.7914559708226339,0.06994900956821953,0.002585487106013938,0.004722744105054767
517.999713352259,0.1313893364831864,0.7927070358774433,0.06898719283031629,0.002912246793959024,0.004004188015569933
518.199945170331,0.13061148813614165,0.7934079415689737,0.06898714691253469,0.002779026504083562,0.004214396878740984
518.400176988403,0.13009161644710437,0.7929616674432481,0.06909684658957038,0.0024174851620918985,0.005432384358460287
518.600408806475,0.1304216419462358,0.7948557801521975,0.06786961685859011,0.002894759991903258,0.003958201051550563
518.800640624547,0.12953262296478754,0.795322722384811,0.06804917069706552,0.0026955157292561835,0.0043999682245566595
519.000872442619,0.12924322152928563,0.7956701246154194,0.06774903507421316,0.0024628966714489043,0.004874722110107651
519.2011042606911,0.12929302536742548,0.7970432240603503,0.06684896452743198,0.0027267253890495185,0.004088060656217705
519.401336078763,0.12872748061844347,0.797906513104395,0.06659639642213151,0.0027046335191433795,0.004064976336363749
519.601567896835,0.12812505842234562,0.7981464680955551,0.06654267372544505,0.0024378323655622983,0.004747967391569593
519.801799714907,0.1282813266737435,0.7988592360375386,0.0657345248227095,0.0026016907566775538,0.004523221709809829
520.002031532979,0.1278813585233551,0.8001848150112705,0.06528357370944567,0.0027671920257789774,0.003883060730627421
520.202263351051,0.1269579607984092,0.7996192578424502,0.06575514653302598,0.002298401515823138,0.005369233310767794
520.402495169123,0.12735610116187537,0.801089690580332,0.06463249777296588,0.002589902171769378,0.004331808313534678
520.602726987195,0.1268904552206263,0.80222185270973,0.06427260090962736,0.00268618538381912,0.003928905776675544
520.802958805267,0.12620217766977165,0.8023208813901361,0.06434040262818133,0.002342884294451458,0.004793654017939521
521.003190623339,0.1262060653214998,0.803274222635771,0.06362575817435641,0.0024286846942959683,0.004465269174556215
521.203422441411,0.12605299476164275,0.8044968698350955,0.06294176933876644,0.002649971730043121,0.0038583943349315957
521.403654259483,0.12528474994296798,0.804817656069374,0.06301674918026247,0.0024031802057476914,0.004477664602127214
521.603886077555,0.1251407654811506,0.804758935830084,0.06270088412362772,0.0022736088559629167,0.0051258057096547705
521.804117895627,0.12520041035736548,0.8065441854077452,0.061786225602310826,0.0026596395007511056,0.0038095391323071785
522.004349713699,0.12422182139387174,0.8064227185433143,0.062191912202399245,0.002307880767310998,0.004855667093583488
522.2045815317709,0.12430658749223775,0.8071459559250882,0.061524889602172214,0.0022910672378541287,0.004731499743126125
522.404813349843,0.12421712800209998,0.8085863662449098,0.06078181041936333,0.0025438150600552226,0.003870880274052628
522.605045167915,0.12349843850058116,0.8089671049325853,0.06080202461372671,0.002329393230213077,0.004403038723373602
522.805276985987,0.12321816296705622,0.8094212945192556,0.06044866691109089,0.0022052044712772586,0.004706671131800513
523.005508804059,0.12333747962075112,0.8105034623184203,0.05960701180462157,0.002459505519084982,0.004092540737603151
523.205740622131,0.12271992857715633,0.8112994266014196,0.05948435912295222,0.002408189448076965,0.004088096250876161
523.405972440203,0.12212836878863347,0.8107178550368014,0.05966882693753488,0.0020567252025401705,0.005428224034968881
523.6062042582749,0.12248389750516438,0.8124712009641635,0.05856555225799539,0.002442587878685552,0.0040367613944697804
523.8064360763469,0.12177714073771354,0.8130728006157625,0.05858302583594245,0.0023424962713233036,0.004224536539738263
524.006667894419,0.12139140016481105,0.8131881283035417,0.05841644402969153,0.0020890178614590155,0.004915009640978149
524.206899712491,0.12146868859408759,0.8144775312394794,0.05760549778104582,0.0022981079555626843,0.004150174430304896
524.407131530563,0.12104026243390037,0.8153676345140227,0.05728198144206606,0.0023317865985154804,0.003978335011976901
524.607363348635,0.12045747301862766,0.8155612346803119,0.05722912995609641,0.0020987696429667947,0.004653392702480076
524.807595166707,0.1205366042894173,0.816014615165331,0.05661759966334559,0.002172087714069535,0.004659093168319018
525.007826984779,0.12029320115140091,0.8174170271063281,0.05609512618733041,0.0023753592500032348,0.0038192863054201404
525.2080588028509,0.11941454543665932,0.8168704017876742,0.056500610863227066,0.0019867169014614974,0.005227725011460456
525.4082906209229,0.11972979146002856,0.8180608683206366,0.05559160607524457,0.002166766615377726,0.00445096752919406
525.608522438995,0.11941132313671839,0.8192684481642963,0.055160720498800796,0.0023030092983457773,0.0038564989023186433
525.808754257067,0.1187378750352768,0.8192805749363283,0.05523495046738758,0.002010597879509892,0.004736001681977103
526.008986075139,0.11871421324850764,0.820102532037168,0.05463357675079089,0.0020481075283098433,0.004501570435702157
526.209217893211,0.11864195498556047,0.8212520339430482,0.05398621759253283,0.002254881903534152,0.0038649115758037623
526.409449711283,0.11797259213783902,0.8216092916969573,0.05399586768715226,0.002077387158844071,0.004344861319687038
526.6096815293549,0.11773081994511296,0.8213252163717262,0.05383311802661064,0.001905646056977718,0.005205199600051215
526.8099133474269,0.1178771278598971,0.8230714033348372,0.05296400578645554,0.0022553067119598846,0.003832156307330548
527.0101451654989,0.1170389674651353,0.823067764009423,0.05323477642488061,0.002006854545334685,0.00465163755570543
527.210376983571,0.11700232899345427,0.8234857728776379,0.052763807143390476,0.0019208975369638729,0.004827193449032694
527.410608801643,0.11698729529889768,0.8249017584687574,0.05206199219533899,0.0021510448531973573,0.0038979091842877025
527.610840619715,0.11637421515829373,0.8253013152019382,0.052023355846339506,0.0020100133880027083,0.004291100405905981
527.811072437787,0.11606836363276996,0.8256411838865886,0.0517417512905392,0.0018781732905842803,0.004670527899998337
528.0113042558589,0.11617461630329731,0.8265170527819803,0.05104960250606905,0.0020621389706137264,0.004196589438519236
528.2115360739309,0.11569734929317937,0.8273952903791646,0.050853796458386225,0.0020755435013393208,0.003978020368409742
528.4117678920029,0.11507428452101032,0.8267229774573767,0.051072988904435866,0.0017541373320257335,0.0053756117856324824
528.6119997100749,0.1154146568942434,0.8282734297176286,0.050130866717447875,0.00204869489355465,0.004132351777604855
528.812231528147,0.11486468389720268,0.8289946240980932,0.05004467921582662,0.0020250323015122817,0.004070980487845327
529.012463346219,0.11441650423317712,0.8289087220289806,0.049975440531764496,0.0017737749186489673,0.004925558287909247
529.212695164291,0.1144992635891588,0.8300867771134371,0.04927334701608021,0.001931893481501722,0.0042087188003018415
529.4129269823629,0.11418156568584162,0.8309792910447831,0.048930609405398506,0.0020024147235290115,0.003906119140926019
529.6131588004349,0.11363032407850429,0.8311297024538733,0.048883878568673045,0.0018067739959205977,0.0045493209035065265
529.8133906185069,0.11363205431825464,0.8313226580289128,0.04845184734040071,0.0018112403710970487,0.004782199941813194
530.0136224365789,0.11350552313211883,0.8327629343909191,0.04792048095321912,0.002031127413667977,0.0037799341105539223
530.2138542546509,0.11269807470491046,0.8322688806542907,0.04825685806914673,0.0017224434655499692,0.005053743106580196
530.414086072723,0.11291745069396569,0.8331461726707715,0.04755446237487047,0.0018103794203449364,0.004571534840524351
530.614317890795,0.11270865112659019,0.8343987039657098,0.047111733719017425,0.001967401313993691,0.0038135098751664494
530.8145497088669,0.11207543025659543,0.8343585319933026,0.047184097849447715,0.0017311906522845023,0.004650749248847511
531.0147815269389,0.11201972487087598,0.8350337030876652,0.046693614142152694,0.0017317823151840918,0.004521175584600781
531.2150133450109,0.11199336461361738,0.8360679881889412,0.04612821881125997,0.0019132993217826292,0.0038971290648792
531.4152451630829,0.11141928983440615,0.836463485222059,0.046101095332837204,0.0017973394744478098,0.004218790136731337
531.6154769811549,0.11110642390901676,0.8359891391116598,0.046052642871821606,0.0016071739565763086,0.00524462015140611
531.8157087992269,0.1112969683948074,0.8376366783071858,0.04527760754955096,0.0019098070785398102,0.00387893867039739
532.015940617299,0.11059263695760801,0.8377563616449071,0.04545156181392861,0.0017487224909669568,0.004450717093070172
532.2161724353709,0.11045374791561632,0.8378814928336826,0.04514304272707844,0.0016184076705861904,0.004903308853518755
532.4164042534429,0.11048326140416079,0.8392412152943964,0.04451684115653845,0.0018202187060513747,0.003938463439333173
532.6166360715149,0.10996997688819116,0.8396645650483977,0.04444929067158906,0.0017407440507578873,0.0041754233415443156
532.8168678895869,0.10964722529600465,0.8398887712912388,0.04423556375906303,0.0016096749371740033,0.0046187647170023985
533.0170997076589,0.10972278046125399,0.8405342042851507,0.04370130528819204,0.0017315003106310577,0.004310209655256348
533.2173315257309,0.10936009290819733,0.8414781721975986,0.043480388370825115,0.0017933381410354108,0.0038880083828301323
533.4175633438028,0.10873755060131646,0.8407599204329109,0.04371221140191085,0.0015118194698077857,0.0052784980945409015
533.6177951618749,0.10903564792101333,0.842054968757324,0.042944165517296615,0.001722730128165849,0.004242487676686268
533.8180269799469,0.10861137049622102,0.8428767644478583,0.042809918421365604,0.0017552687638036088,0.003946677871237483
534.0182587980189,0.10813210908598396,0.8426307801636059,0.0428120036486246,0.001521209594819901,0.004903897507453736
534.2184906160909,0.10820493438402935,0.8436737047201539,0.04222537510820658,0.0016348012679927486,0.004261184520106177
534.4187224341629,0.10796910031781154,0.8445396597893333,0.041908904642556935,0.0017266347865881723,0.003855700464200001
534.6189542522349,0.10745608433481996,0.8446543833306753,0.04187950527803436,0.0015682970844238093,0.0044417299725396
534.8191860703068,0.10738920534189748,0.844601267446679,0.041601268882925056,0.001523958084897268,0.004884300244094456
535.0194178883788,0.10734223787900739,0.8460357845775445,0.0411097559407901,0.0017453916422205647,0.003766829960929737
535.2196497064509,0.10661756185677321,0.845620924597252,0.04139182775576217,0.0015097391610612693,0.004859946629640505
535.4198815245229,0.1067414830692883,0.8461704066950192,0.04087482070766505,0.0015256557533843134,0.004687633775132252
535.6201133425949,0.10660894123314117,0.8474378584916507,0.04046413355086788,0.001690504033019492,0.003798562691810192
535.8203451606669,0.10602983776336934,0.8473777265261835,0.04054008945033441,0.0015089163202675342,0.004543429940333571
536.0205769787389,0.10594167986978595,0.8478961814079922,0.040154300132022654,0.0014822270645499732,0.004525611526136991
536.2208087968108,0.10593443826789727,0.8487795371547057,0.03969783984775309,0.001634287305876363,0.003953897424253666
536.4210406148828,0.10544525639206012,0.8492148964639277,0.039664664040861754,0.0015708674276842442,0.004104315675951196
536.6212724329548,0.1050871276527658,0.8485927360834089,0.03970056924111272,0.001378053244216145,0.005241513778980788
536.8215042510269,0.10528939982489072,0.8500844683162025,0.039046171866305386,0.001630733696686632,0.003949226296399686
537.0217360690989,0.10470157396413382,0.8503262903006559,0.03916610884001342,0.0015405589700768034,0.004265467925604846
537.2219678871709,0.10448437324662681,0.8501879297470122,0.0389887497719915,0.001384986115659867,0.004953961119193198
537.4221997052429,0.10453577059037336,0.851462413741316,0.03845577721088107,0.0015576494778728872,0.003988388980039017
537.6224315233148,0.10410811397931741,0.8519069707344762,0.038392082639221614,0.0015270549594954823,0.004065777687972801
537.8226633413868,0.10377635893003984,0.852020452027042,0.03824544767848772,0.0014017364888504694,0.004556004876062813
538.0228951594588,0.10381409535242854,0.8524261302424145,0.037862137458472334,0.001472152877838313,0.004425484069328771
538.2231269775308,0.1035386431617028,0.8534146218965883,0.03765666802505005,0.0015690738685583462,0.003820993048579069
538.4233587956028,0.10293831168222062,0.8526921987501728,0.037895624749367654,0.0013294071538274843,0.005144457664890082
538.6235906136749,0.10318000844145857,0.8536930814434571,0.03729593194134972,0.0014680120511520074,0.0043629661230619845
538.8238224317469,0.1028499376218567,0.8545942247040779,0.03715909383374099,0.001541054460235111,0.003855689380569652
539.0240542498188,0.1023642939937543,0.8542349435438795,0.03721888950719561,0.001331695903609948,0.00485017705204046
539.2242860678908,0.10241777029316008,0.85512351676784,0.036744715123519685,0.0014078791775327354,0.004306118638425268
539.4245178859628,0.10223710963518579,0.8559326230929232,0.0364882098275463,0.0015100783209532976,0.003831979123867556
539.6247497040348,0.10176379665768776,0.8560230237607507,0.03649081382810915,0.0013866449410027684,0.0043357208129260645
539.8249815221068,0.10164160800750738,0.8557512655084608,0.03633976083639209,0.0013092701528962993,0.004958095495219082
540.0252133401788,0.10164291282991499,0.8571332901981346,0.03591968103900791,0.0015233348418840235,0.003780781091535065
540.2254451582509,0.10100015065435929,0.8568166148709929,0.03617231982851171,0.0013507308043060964,0.00466018384230755
540.4256769763228,0.10103831319507454,0.8570431210330726,0.03581408486404807,0.00131203028115253,0.0047924506271288985
540.6259087943948,0.10095506873638169,0.8582968585506001,0.03546219690697809,0.0014774623659969729,0.0038084134405213625
540.8261406124668,0.10043336598211298,0.8582435777267352,0.035556022599075206,0.0013449595020008866,0.004422074190552729
541.0263724305388,0.10031514001148466,0.8586017634131311,0.03526773062301864,0.0012980951839722627,0.004517270768869951
541.2266042486108,0.10030936294235875,0.8593081605578904,0.03493026235843713,0.0014210526483278303,0.004031161493464392
541.4268360666828,0.09989047314353626,0.8597834593865163,0.03491903703119167,0.0014018063059185548,0.004005224133315626
541.6270678847548,0.09950844468810992,0.8590593912043047,0.03502086085460645,0.0012147932101465404,0.005196510043311058
541.8272997028268,0.0997008455715818,0.8603444266250799,0.03449432567412098,0.0014196385935847208,0.004040763536113693
542.0275315208988,0.09920668619586909,0.8607017775061808,0.0345993805113801,0.0013862300417843416,0.004105925745267509
542.2277633389708,0.09893483160529733,0.8603428463054852,0.03452965523287763,0.001218014141323938,0.00497465271549618
542.4279951570428,0.09899254498458844,0.8615065773553087,0.03409339941328087,0.0013636296412631284,0.004043848606040013
542.6282269751148,0.09863235075552486,0.8619630961605463,0.03406237509460828,0.0013708323664005258,0.003971345623401764
542.8284587931868,0.0982976085358147,0.8619771871509676,0.03398507054513686,0.0012534491599355292,0.004486684608630577
543.0286906112588,0.09829793067691292,0.8621485376054022,0.03373697716498877,0.0012827403416226727,0.004533814211560481
543.2289224293307,0.09808444411398005,0.8631554892058697,0.03357576308018053,0.0014053252658682961,0.0037789783345855226
543.4291542474028,0.09751767023078321,0.8624654108624419,0.033828431882454525,0.001204638615076271,0.004983848409727438
543.6293860654748,0.09769945624259498,0.8631500649494449,0.03338028635255114,0.001282351037243042,0.0044878414186480834
543.8296178835468,0.09743566547590947,0.8641081728009595,0.03327196523628146,0.0013853836295862414,0.0037988128577455295
544.0298497016188,0.09695977893608337,0.8636830737578907,0.03338673635342143,0.0012027360900203979,0.004767674863067415
544.2300815196908,0.09698943461813597,0.8644035474646112,0.033016238345504205,0.001247679205724996,0.004343100366508098
544.4303133377628,0.09684249898633726,0.8651277483986454,0.03283930375000741,0.0013536417990583107,0.003836807066436006
544.6305451558347,0.09640589508147525,0.8652077448805026,0.032888999735897005,0.0012618888815872625,0.004235471421022275
544.8307769739067,0.09624228170916176,0.8647544097625299,0.03284279596661479,0.0011620498546347237,0.00499846270754403
545.0310087919788,0.09626876659729276,0.8660366420743533,0.032508521068866425,0.001364678756117932,0.00382139150385497
545.2312406100508,0.09569838607007002,0.8658299530199934,0.03275874984615536,0.0012452254465701907,0.004467685617698276
545.4314724281228,0.0956651716133798,0.8657567131743606,0.03253453915143367,0.001164707746008133,0.004878868315305722
545.6317042461948,0.0956116136377308,0.8669699227056514,0.03225198880498186,0.0013277574154292305,0.003838717436692592
545.8319360642668,0.09514260489456595,0.8669426057681385,0.03238068332592773,0.0012376898755415487,0.004296416136309737
546.0321678823387,0.09499814066204894,0.8671440698943792,0.03218374345759859,0.0011750388964107206,0.0044990070900453715
546.2323997004107,0.09498441740948226,0.8676593465651623,0.03196222477082447,0.0012714368154042122,0.004122574439610483
546.4326315184827,0.09461983392584734,0.8681716591124354,0.03199414606059774,0.0012899745066906445,0.003924386394912401
546.6328633365548,0.09422897317139141,0.8673913677509513,0.0321541176117232,0.0011117816336649996,0.005113759832753495
546.8330951546268,0.09440001252685286,0.8684288953976848,0.03174868462794314,0.0012728434190526392,0.004149564028950052
547.0333269726988,0.09397593897733779,0.8688911540826815,0.03186833613901596,0.001285957954139249,0.0039786128473079906
547.2335587907708,0.09366916690377011,0.8683634768726802,0.03189228992670762,0.0011120721763837609,0.004962994120942273
547.4337906088427,0.09372382988599824,0.8693949260451682,0.031546027499765164,0.0012336075629292046,0.0041016090066212756
547.6340224269147,0.0934129083925912,0.86984936267843,0.031567817971702335,0.0012703337436796385,0.0038995772140777538
547.8342542449867,0.09307868720552698,0.8697811409654266,0.03156409550559043,0.0011613083961322815,0.004414767927805104
548.0344860630587,0.09304619822476773,0.8697367355840333,0.031432507222440086,0.001157426262072316,0.004627132707167666
548.2347178811308,0.09287425980023224,0.8707318991582069,0.03133075421409791,0.001300001042134366,0.0037630857858102795
548.4349496992028,0.09234362186401325,0.8701042375221608,0.03160980298869582,0.0011336000550397716,0.004808737570571159
548.6351815172748,0.09246915609184753,0.8704687752986439,0.031292878941052524,0.0011593228837584642,0.004609866785178831
548.8354133353467,0.09224979379877213,0.8714610433170328,0.031228591327251008,0.0012864756293508503,0.0037740959280737722
549.0356451534187,0.09179148716997695,0.871013945144425,0.031402370169018534,0.001129636369873538,0.004662561147188592
549.2358769714907,0.09179642327240248,0.8715589738625868,0.031124670524692786,0.001147499658569824,0.004372432682230374
549.4361087895627,0.09166829376279714,0.8721755973111052,0.03103347565230526,0.001253762070072341,0.0038688712042013107
549.6363406076347,0.09126229645641243,0.8722596894769682,0.031142613925377125,0.0011910442646998335,0.0041443558770244415
549.8365724257068,0.09106903799691034,0.8716674847784405,0.0311854489044065,0.0010746379151753002,0.005003390405548797
550.0368042437788,0.09110629684211406,0.8728053633700074,0.03093698255950152,0.0012644237513913898,0.00388693347746692
550.2370360618507,0.0905941637125917,0.8727143587752596,0.03120739529527742,0.0011904954174011015,0.0042935867999510866
550.4372678799227,0.09050453736668206,0.8723802100187174,0.031098767007215117,0.0010761195386724245,0.004940366069196534
550.6374996979947,0.09046817856292391,0.8735280544412082,0.030882851666740943,0.0012361752949385204,0.0038847400346707106
550.8377315160667,0.09004264293133245,0.873537401753811,0.031060516634801295,0.001182879159024025,0.004176559521513399
551.0379633341387,0.08987594029373838,0.8735930957826926,0.030950898503843853,0.0011065020184767163,0.004473563401730408
551.2381951522107,0.08985104043178693,0.8739156552339373,0.0308339565789638,0.0011790211072327513,0.004220326648560932
551.4384269702828,0.08952602756180039,0.8744577639834041,0.030920746413326296,0.001231491032288738,0.0038639710096629665
551.6386587883547,0.0891349134829959,0.8736636379831756,0.031138559310444503,0.001062112746594872,0.0050007764772721
551.8388906064267,0.0892809857605532,0.8744262093112986,0.030840035131660556,0.0011826520763704874,0.004270117720600184
552.0391224244987,0.08890636008849845,0.8749800681639464,0.030990921064743833,0.0012362810404156475,0.003886369642878128
552.2393542425707,0.08857865614505905,0.8743393641009934,0.031102730095009672,0.0010599988919406298,0.004919250767480041
552.4395860606427,0.08862574155534735,0.8752214899760938,0.030833998862016335,0.0011595689097922935,0.004159200697231477
552.6398178787147,0.0883488327738629,0.8756575265864528,0.030917980104173265,0.0012203888444890542,0.0038552716915023896
552.8400496967867,0.08801608830881671,0.8755284591522039,0.030992331375477255,0.001119626826576271,0.004343494337405629
553.0402815148587,0.0879567024091408,0.8752972583475291,0.030959628967026646,0.0010875509772969064,0.004698859299484452
553.2405133329307,0.08781223408838729,0.876247618671746,0.030919637589541946,0.0012469874387811047,0.003773522212019883
553.4407451510027,0.08731404905463254,0.8757055799761806,0.03123792355174716,0.0011108076729740854,0.004631639744942355
553.6409769690747,0.0873904616621491,0.8757641236487022,0.031034279488981582,0.0010898020625613343,0.004721333138081506
553.8412087871467,0.08720080829799517,0.8767678221331695,0.03101526351136783,0.001238442371217653,0.0037776636867286268
554.0414406052187,0.08676139149681122,0.876335761652845,0.03125373714133481,0.001106004812135055,0.004543104897351619
554.2416724232907,0.08674277495684887,0.876705091285875,0.03105882427952976,0.0010985527396914867,0.004394756738533896
554.4419042413626,0.08662482330239758,0.8771991497367237,0.031048813712940226,0.0012032085861552906,0.003924004662263424
554.6421360594347,0.0862420288955229,0.8773002040816483,0.031224267395809184,0.0011684631995231328,0.004065036427975886
554.8423678775067,0.08602750685285754,0.8766136133123592,0.031346535803909864,0.001038140769848277,0.004974203261503888
555.0425996955787,0.08606873718372737,0.8775687675023645,0.031174310187166543,0.0012139262089680286,0.003974258918253058
555.2428315136507,0.08559980370826054,0.8775941944703071,0.03147868023369506,0.0011812439041108274,0.004146077684106848
555.4430633317227,0.08546637938175906,0.8770494899039688,0.031474694476970634,0.0010372764322145278,0.0049721598055673735
555.6432951497947,0.08544082644683054,0.8781093610677655,0.031313726220670024,0.001194094288269565,0.003941991976945302
555.8435269678666,0.08504843458359423,0.8781584535690916,0.03154763547219382,0.0011739099837098218,0.004071566391889857
556.0437587859386,0.08486265495041333,0.8780863642999965,0.03152340054239711,0.0010844164704313733,0.004443163737240521
556.2439906040107,0.08482706388722004,0.8782263904228721,0.03149580477600396,0.0011345779730705771,0.004316162941312217
556.4442224220827,0.08453022928947883,0.8787860395262871,0.03163886166808706,0.001219340509226601,0.003825529007398362
556.6444542401547,0.08414200181178708,0.878015059467549,0.03191742663416946,0.0010580356562316037,0.004867476430740072
556.8446860582267,0.0842643629192312,0.8784907268279148,0.03171034336726244,0.0011388037686833738,0.0043957631173862
557.0449178762987,0.083923774870276,0.8791211170536591,0.031895772706945505,0.0012304583013472983,0.0038288770682522156
557.2451496943706,0.0835832488829422,0.8784222252558833,0.03209415952365691,0.0010536776502812885,0.004846688687716143
557.4453815124426,0.08362150102774565,0.8791430916023888,0.03188904999013984,0.0011314078516998114,0.004214949528506455
557.6456133305146,0.08336787904997205,0.8795449625414925,0.03203416862531659,0.0012129228175456026,0.0038400669661517585
557.8458451485867,0.08303555159415894,0.8793790018519287,0.03218915265139766,0.0011210240497156784,0.004275269853277031
558.0460769666587,0.08295448195199867,0.8789969577334584,0.032240836070733955,0.0010631580165265712,0.004744566227759229
558.2463087847307,0.08282990565609005,0.8798687538313985,0.03225486101057591,0.0012370695009495246,0.0038094100014637302
558.4465406028027,0.0823570911387272,0.8794288569809918,0.032620734388026464,0.0011292594158290215,0.004464058076902629
558.6467724208746,0.08239179480157922,0.8792116820228091,0.03251806175627416,0.0010634734775042671,0.00481498794231194
558.8470042389466,0.08222402105039406,0.8802045168919388,0.03253447079911285,0.0012323356066035098,0.0038046556524288628
559.0472360570186,0.08180083748648523,0.8798160227431249,0.03284036162081221,0.0011240654516246468,0.004418712698432576
559.2474678750906,0.08176050180158827,0.8800167878282099,0.03272094943306051,0.0010909601992591161,0.004410800738360765
559.4476996931627,0.0816491149583982,0.8803822073091092,0.0327804893753362,0.0011922410671160897,0.00399594729052067
559.6479315112347,0.08128272827145203,0.8805094985576514,0.03302186176548713,0.0011863482988738335,0.003999563107014747
559.8481633293067,0.0810518126399501,0.879771586448208,0.03321814995149519,0.0010432681279838618,0.0049151828328431275
560.0483951473786,0.08109564883062295,0.8805148602026514,0.03310850917221695,0.0012021869077831196,0.004078794887207436
560.2486269654506,0.08065686169680784,0.8806534056169023,0.03344982249679592,0.0012098406002155244,0.004030069589761178
560.4488587835226,0.0804884543008446,0.8799551394878692,0.03354544602198763,0.0010388172773122646,0.0049721429124698095
560.6490906015946,0.08047183119279652,0.8809071982545252,0.03342347983566594,0.001190847363551638,0.004006643353944322
560.8493224196666,0.08010375544628891,0.8809933756869933,0.03371236916842649,0.001202099563060854,0.003988400135714024
561.0495542377387,0.0799006758599818,0.8808173983458966,0.03377265435207242,0.001099841114494553,0.004409430328038702
561.2497860558107,0.07985636658619144,0.8807948587425112,0.033818679235239374,0.0011275917235019528,0.00440250371304194
561.4500178738826,0.0795809128518327,0.8813549410101599,0.03401012026871337,0.0012441248104674127,0.003809901059310062
561.6502496919546,0.07919500627905465,0.8806376908351895,0.03435147373012822,0.0010911724766464836,0.004724656679463086
561.8504815100266,0.07929671906646449,0.8808306221467128,0.034223573704319006,0.0011299934256868913,0.004519091657295527
562.0507133280986,0.07898090338602748,0.8815211043138966,0.034435260273652096,0.0012592638455728733,0.0038034681813308483
562.2509451461706,0.07863095518211675,0.8808139023332398,0.03471917355064503,0.001084524759003241,0.004751444175474701
562.4511769642426,0.07866080478229905,0.8813674335821198,0.03456579663953584,0.0011381450051013338,0.004267819991421845
562.6514087823147,0.07842453899260099,0.8817224983988974,0.0347626626755055,0.0012377938913696316,0.0038525060421031798
562.8516406003866,0.07809053637194908,0.8815438410724002,0.03499682388565356,0.0011569535070350327,0.004211845163436995
563.0518724184586,0.07799126555424045,0.8810503318142875,0.03512175655485375,0.0010741486279435635,0.004762497449149953
563.2521042365306,0.07788452272469996,0.8818115915366457,0.03517622123587655,0.001259024254698246,0.0038686402485554657
563.4523360546026,0.07742930057251877,0.881484326281388,0.035590628289506106,0.0011805769054254126,0.004315167951637287
563.6525678726746,0.07742787495751574,0.8810345777947078,0.03558265650024587,0.0010700869082784662,0.004884803839728738
563.8527996907466,0.0772798133338914,0.8819949231412636,0.035617861318829346,0.0012573647432023553,0.003850037463288927
564.0530315088185,0.0768688056473395,0.8816695404914026,0.03598784204550792,0.0011748929302356067,0.00429891888598942
564.2532633268905,0.07680817148610307,0.8817161032423905,0.035939911639005596,0.001114579327652207,0.00442123430532035
564.4534951449626,0.07670299338890857,0.8819558012126065,0.0360538706493103,0.001209950711015024,0.004077384038631147
564.6537269630346,0.07634842507748114,0.8821136753603155,0.03635303397264763,0.0012353558536646243,0.003949509736362743
564.8539587811066,0.07610312942738273,0.8813637587958131,0.036619414259936735,0.0010807905272286066,0.004832906990111943
565.0541905991786,0.07615103192889819,0.881877498354527,0.036559503718430926,0.001217259751217459,0.0041947062473989055
565.2544224172506,0.07573327512111258,0.882122407145125,0.036930214139960296,0.0012668738698408193,0.0039472297244335704
565.4546542353226,0.07553488704302426,0.8813292441847914,0.03712299108883366,0.0010716917897685674,0.0049411858940530875
565.6548860533945,0.07552797052763184,0.8821571647762187,0.03702425738995585,0.0012150089911588515,0.004075598315505235
565.8551178714665,0.07517837659017222,0.882274330503209,0.03735871028566376,0.0012572448730813746,0.003931337748343634
566.0553496895386,0.07495840351553258,0.8820224683953469,0.03750203073444094,0.0011435562657712021,0.004373541089380368
566.2555815076106,0.07490723852605388,0.8818643323371674,0.03760741725547077,0.0011475802004142274,0.004473431681365421
566.4558133256826,0.07465117538301068,0.88240410390294,0.03783270524835436,0.0012949314333224205,0.003817084032842766
566.6560451437546,0.07426518588725822,0.8817646904155292,0.03823490399413405,0.0011526588210284932,0.00458256088251912
566.8562769618266,0.07434870061547579,0.8816942703217733,0.038179257267841174,0.001145247756402457,0.0046325240389775875
567.0565087798985,0.0740543248218857,0.8824270597684638,0.038400616493126864,0.0013120102142774113,0.003805988702718109
567.2567405979705,0.07369553726151559,0.8817535202529202,0.03876547774273648,0.0011437281965990646,0.0046417365467013244
567.4569724160425,0.07371766620233508,0.8821401763782755,0.03865613068645882,0.0011689200251988204,0.0043171067082034215
567.6572042341146,0.07349685391319842,0.8824407037898705,0.038889969327842694,0.0012838587147150646,0.003888614254845117
567.8574360521866,0.07315924667992474,0.8822714704788865,0.039196361364125056,0.001218223666200015,0.004154697811334738
568.0576678702586,0.07304336069518474,0.881705996913299,0.03938583406802724,0.0011109937214920007,0.004753814602467018
568.2578996883306,0.07295610205435796,0.8823293429769623,0.03946586782603503,0.0013008074420858458,0.003947879701027861
568.4581315064025,0.07251214269513138,0.8821200787354132,0.0399213686952481,0.0012553343536464542,0.004191075521029533
568.6583633244745,0.07247749528767179,0.8814896104740144,0.04000596966497221,0.0011003275001250758,0.004926597073684764
568.8585951425465,0.07235083972046802,0.8823967321656276,0.040041180894468516,0.001302120178908618,0.003909127040998064
569.0588269606185,0.07194864385483744,0.8821456272201332,0.04046476214982596,0.001248705331207258,0.00419226144446842
569.2590587786906,0.07186809956041681,0.8820588785135847,0.040486837600083286,0.0011596827792459937,0.004426501547141134
569.4592905967626,0.07177029008039239,0.8821837628625351,0.040639436341057426,0.0012455656816572674,0.004160945034827594
569.6595224148346,0.07142610934221717,0.8823710354978284,0.04098151641401839,0.001305253620490995,0.003916085125916666
569.8597542329065,0.07116661787778056,0.8816431799527301,0.0413130057100985,0.0011417555351082482,0.004735440924754485
570.0599860509785,0.0712204084313752,0.881922584069802,0.04129409049018883,0.0012476186462614149,0.00431529836284426
570.2602178690505,0.0708194164649613,0.8822640988632159,0.04167812795497044,0.0013419319468809662,0.003896424770443862
570.4604496871225,0.07059326503676142,0.8814319996818933,0.04196440088047515,0.0011274732933033525,0.004882861108037329
570.6606815051945,0.07059764190549904,0.8821237415194203,0.041876783224741275,0.0012554783563305959,0.00414635499448004
570.8609133232666,0.07026411477971779,0.8822645674148915,0.042241140436933125,0.0013283734405859368,0.003901803928344348
571.0611451413386,0.07002681460516824,0.8819666801537815,0.04246349661213314,0.0012065553040658834,0.004336453325323787
571.2613769594105,0.06996970439559332,0.8817038530926206,0.042616150247241635,0.0011850077160642477,0.00452528454895359
571.4616087774825,0.06973503940308279,0.8822008865293847,0.0428576615153845,0.0013602383147315955,0.0038461742378881223
571.6618405955545,0.06934635931332432,0.8816573397600614,0.043313058820094355,0.0012333125455700226,0.0044499295614213365
571.8620724136265,0.06941209837176349,0.881355989851296,0.04332780492621465,0.0011749573815410697,0.00472914946965575
572.0623042316985,0.06914071261534512,0.882111977406548,0.04353809473349608,0.0013776085172071966,0.003831606727875164
572.2625360497705,0.06877286173580312,0.8815046670879786,0.04397349647848736,0.0012223487652397353,0.004526625932963501
572.4627678678426,0.0687871074761154,0.8817317523406963,0.043905293887481184,0.0012137463028549591,0.004362099993325428
572.6629996859145,0.06858256028198588,0.881975654827397,0.044158942089692295,0.0013401163754656429,0.003942726425931009
572.8632315039865,0.0682407222945929,0.881833819563461,0.044524667585411855,0.001295476783858388,0.004105313773149062
573.0634633220585,0.06810834996773366,0.8812333530768333,0.044770964605070504,0.0011650613401770588,0.004722271010659563
573.2636951401305,0.06804372295116173,0.8816985985154931,0.04486424524431799,0.001350738752790066,0.004042694536712501
573.4639269582025,0.06760751917900037,0.8816083974696907,0.04534571421566803,0.001343579264822338,0.0040947898712929585
573.6641587762745,0.06754015117440505,0.8808533139751273,0.04552172344533223,0.0011462495789166965,0.004938561826692968
573.8643905943464,0.06743848549073991,0.8816878106023748,0.04554021113321702,0.0013556457629821984,0.003977847011160142
574.0646224124185,0.06704377057999227,0.8815152487098182,0.04600046956677567,0.001335274825189702,0.004105236318697034
574.2648542304905,0.06694257843095545,0.8813213270091267,0.04609194171075248,0.0012174588908903377,0.004426693958749577
574.4650860485625,0.0668534397014354,0.8813484512325118,0.04626860178092234,0.0012894774504380552,0.0042400298351675325
574.6653178666345,0.06652154790352335,0.8815585373690753,0.04663420501738109,0.0013855613900712479,0.003900148320425408
574.8655496847065,0.06624732304881488,0.880880807284219,0.04702294906351515,0.0012175681287770392,0.004631352475151212
575.0657815027785,0.06630731736823232,0.8809341250581562,0.04704168159195766,0.0012832670917167944,0.004433608890412547
575.2660133208504,0.06592360272489735,0.8813597844336614,0.04741760860349851,0.0014244463305898862,0.003874557907827998
575.4662451389224,0.06567061771450679,0.880538658275217,0.04778942619836136,0.001198366342465724,0.004802931469922142
575.6664769569945,0.06568715956910716,0.8810871793193072,0.047706529151388344,0.001302286376152462,0.004216845584518533
575.8667087750665,0.06537031943782799,0.8812449323080539,0.04808157129910275,0.0014046113964099954,0.003898565559077662
576.0669405931385,0.06511529281039058,0.8809303483521063,0.04837489710615259,0.0012803906131102563,0.004299071118710454
576.2671724112105,0.06505200489011792,0.8805947900136729,0.04856470390138753,0.001231739695471083,0.004556761499820172
576.4674042292825,0.06484319881954623,0.8810272364318026,0.04880541066567269,0.001428815702083862,0.003895338381363807
576.6676360473544,0.06445026385126303,0.8805920476494922,0.04930034888665025,0.0013239068117349162,0.004333432801327535
576.8678678654264,0.0644962698631712,0.8801020562256716,0.0493866326004323,0.0012114625836759417,0.004803578727518797
577.0680996834984,0.06425269703625558,0.8808610923573478,0.049565219956092026,0.0014455245120078316,0.0038754661387668575
577.2683315015705,0.06387635712827011,0.8803430438413947,0.05005439978488494,0.00131142413329848,0.004414775112621195
577.4685633196425,0.06388112759432249,0.8804244916985865,0.0500284458834546,0.00126404246781565,0.004401892356292296
577.6687951377145,0.0636949704863237,0.8806150632931827,0.050284848741077685,0.001396743536138726,0.004008373943748334
577.8690269557865,0.06335040989548625,0.8805129791063265,0.05069179623483458,0.0013795963682224643,0.004065218395603024
578.0692587738585,0.06320094557850908,0.879910209887078,0.05098682141249373,0.001228676281049067,0.004673346841343885
578.2694905919304,0.06316149040771328,0.8802062339896768,0.05108596420084333,0.0013985551051257006,0.00414775629711695
578.4697224100024,0.06273294849818951,0.8802323238313382,0.051572555677669364,0.0014354588463017428,0.0040267131469767375
578.6699542280744,0.0626319447698059,0.879408683488,0.05183645869548695,0.0012012991698190844,0.004921613877362376
578.8701860461465,0.06255889614822908,0.8801532788248764,0.05182676822939201,0.0014082523008535736,0.00405280449712253
579.0704178642185,0.06217285425665928,0.8800586071806447,0.05230237269811182,0.0014244565178678965,0.0040417093471888325
579.2706496822905,0.06204955244905516,0.8797871183591891,0.05246138847603452,0.0012803059334738974,0.004421634782719807
579.4708815003625,0.06196967652739143,0.8797373521763698,0.05264964468924799,0.0013338503460879592,0.004309476261375787
579.6711133184344,0.06165476106890684,0.8799591409163899,0.05301784669779908,0.0014661540520722722,0.003902097265303046
579.8713451365064,0.06136552812468655,0.8793535346901963,0.0534522631759281,0.0013000587093923415,0.004528615300266887
580.0715769545784,0.06142954812581731,0.8792010265662705,0.05350996553686299,0.0013164645402598714,0.004542995231257924
580.2718087726504,0.0610675184654297,0.8796958353718812,0.053854643598097524,0.001504491504299024,0.003877511060759158
580.4720405907225,0.06078879303066235,0.8789273205891175,0.05429809006028357,0.0012770840081843106,0.004708712312217749
580.6722724087945,0.060816639665553875,0.879331198628973,0.05421971651637677,0.001347156165504087,0.0042852890240572625
580.8725042268665,0.06051925898664881,0.8795010196856347,0.05458541605011411,0.0014760807687278074,0.003918224509339342
581.0727360449384,0.060247089724379844,0.8791963409897537,0.05493681436346528,0.0013574029555467805,0.004262351967320655
581.2729678630104,0.060176479731572925,0.8788186672169324,0.05515501512804661,0.0012811466098929215,0.004568691314021406
581.4731996810824,0.0599986143936756,0.8791675019596323,0.055381498715330095,0.0014906025011759553,0.003961782430652201
581.6734314991544,0.059601726652490236,0.8788481459030361,0.05589721627726902,0.0014155692124358072,0.004237341955235195
581.8736633172264,0.059624209622736894,0.8782178953578518,0.05605622275671648,0.0012491925249323574,0.004852479738229773
582.0738951352985,0.05941465891493126,0.878959366617205,0.056186311540589215,0.0015065452084497904,0.003933117719292124
582.2741269533705,0.05903211782070714,0.878544914275389,0.05670721775525812,0.0014021754204120562,0.004313574728704396
582.4743587714424,0.059024384701394185,0.8785005482800187,0.056726700040752226,0.001312945310142242,0.0044354216681644345
582.6745905895144,0.058858878205679054,0.8786454379567031,0.05697067265667372,0.0014458458689757879,0.004079165312439693
582.8748224075864,0.0585155540271611,0.8785892131170886,0.057397331686351145,0.0014620416918270714,0.0040358594780433585
583.0750542256584,0.058348378010805606,0.8780116822123538,0.05773162839388092,0.0012950555552947768,0.004613255828137483
583.2752860437304,0.05833448725279052,0.8781373319992981,0.05783479854985712,0.001436215291728483,0.0042571669067972455
583.4755178618024,0.05791684878646206,0.8782732593644356,0.05830270628621544,0.0015218569416473686,0.003985328621711101
583.6757496798745,0.05778117228481695,0.8774333472796315,0.058646151981151376,0.0012600646608430192,0.004879263794028806
583.8759814979464,0.05773889063632747,0.8780739319521375,0.0586038921064398,0.001452071896329058,0.004131213409237864
584.0762133160184,0.05736498237330018,0.8780535695564828,0.05907171340783802,0.0015068297939824257,0.004002904868870782
584.2764451340904,0.05721813192461209,0.877735504005898,0.05929323822558559,0.0013419589326376892,0.004411166911740958
584.4766769521624,0.057147057052308374,0.8776311239944864,0.05948297501847213,0.0013728406399769223,0.004366003295230576
584.6769087702344,0.05685550271737857,0.8778505501719749,0.05983442553836047,0.0015378611593491168,0.003921660413412054
584.8771405883064,0.05655197444948512,0.8773334271654117,0.06029926912151052,0.0013816474069328068,0.0044336818571335136
585.0773724063783,0.056615306246831476,0.8770052735628977,0.06039976140885211,0.0013420420555218262,0.004637616726370476
585.2776042244504,0.05628185647594728,0.8775518363731155,0.06069194252927773,0.001573473948411642,0.0039008906737221538
585.4778360425224,0.05597972486841268,0.8768681688161719,0.06118712964513284,0.0013567618120679012,0.0046082148586881625
585.6780678605944,0.056015849189995096,0.8771320005969837,0.06111827727419692,0.0013838452459376384,0.004350027693362522
585.8782996786664,0.05574177007102523,0.8773114981160185,0.061456107323066916,0.0015346857174998003,0.003955938772863436
586.0785314967384,0.05545475959130794,0.8770388324874488,0.06184811663455948,0.0014308514315973673,0.004227439855558628
586.2787633148104,0.0553752012405835,0.8766465460450837,0.06208661047575646,0.001327982794724363,0.004563659444324396
586.4789951328823,0.05523228818685233,0.876897569448394,0.06229085647307172,0.0015374633046179626,0.004041822587536345
586.6792269509543,0.05483400605538473,0.8766969696763874,0.06280527299334457,0.001500229336751807,0.004163521938605073
586.8794587690264,0.05482846899850526,0.8759770580218116,0.06303532131008209,0.0012844156764639943,0.004874735993614147
587.0796905870984,0.054658684125088716,0.8766806736930008,0.06310661078542888,0.0015533002224543604,0.004000731174506203
587.2799224051704,0.054274162397314425,0.8763768128159182,0.06363405222249345,0.001486336731242668,0.0042286358335107774
587.4801542232424,0.05424996305696566,0.876231136890564,0.0637018418247278,0.0013553990495139934,0.004461659178708459
587.6803860413144,0.05410668799843904,0.8763408658837016,0.06392109794729185,0.001481827639077467,0.004149520531969993
587.8806178593863,0.053770722376205726,0.8763306132482587,0.06434505677406109,0.0015351399823503049,0.004018467619605475
588.0808496774583,0.053585752692726606,0.8758005157996206,0.06470734702831585,0.0013582500759079295,0.004548134403908404
588.2810814955303,0.0535949439985675,0.8757645271479247,0.06481725190286788,0.0014583752817916977,0.0043649016693284035
588.4813133136024,0.05319418674616477,0.8760002089757063,0.06524279346052707,0.0015949566308620959,0.003967854187218011
588.6815451316744,0.053023892671085024,0.8751897350749228,0.0656514966497061,0.001317935642215112,0.004816939962551441
588.8817769497464,0.053012020455981204,0.8757164062714073,0.06557952068710128,0.0014813863856691799,0.004210666200321476
589.0820087678184,0.05265524180220569,0.8757654253597537,0.06601718067185562,0.0015743717851847403,0.003987780381480058
589.2822405858903,0.052484281988997246,0.8754309964569946,0.066291778059573,0.0013974713174265809,0.004395472177488428
589.4824724039623,0.05242054221290602,0.8752935687804777,0.06647509025774657,0.0014024943758738839,0.004408304373474946
589.6827042220343,0.05215904451188723,0.8754956219820135,0.06679457840808,0.0015930241692668817,0.00395773092923137
589.8829360401063,0.05184332836481146,0.8750783203578925,0.06727173162649278,0.001455581027714925,0.0043510386235680164
590.0831678581783,0.05189945802372938,0.8746118310854012,0.06741852068199208,0.0013572843971036508,0.004712905812252277
590.2833996762504,0.05160235121222201,0.8751906466823318,0.06764188136767213,0.0016246041119345185,0.003940516626320401
590.4836314943224,0.05128094889779973,0.8746145513295311,0.06816439104247911,0.0014309572206357387,0.004509151510035942
590.6838633123944,0.05132029612532209,0.8747489434423165,0.06811313262436845,0.0014082340084711198,0.004409393800003688
590.8840951304663,0.05107339891022986,0.8749380714255639,0.0684076703006364,0.0015746118992153435,0.004006247464835495
591.0843269485383,0.050775883531100865,0.8747138280358999,0.06881954798882799,0.0014949419376357079,0.004195798507017064
591.2845587666103,0.050685736815716816,0.874330243519732,0.06907036253640256,0.0013681448057233927,0.0045455123229056595
591.4847905846823,0.050579473553872274,0.8744756034574404,0.06925011746698277,0.0015637094625034844,0.004131096059680316
591.6850224027543,0.05018457484171202,0.8743925080720819,0.06974010100436495,0.0015710183326007928,0.0041117977497188846
591.8852542208264,0.05014710975527112,0.8736322205816558,0.07003457054881547,0.0013147385344801077,0.004871360580254061
592.0854860388984,0.050020850863235426,0.874278976725598,0.07004452955966314,0.0015805434493782098,0.0040750994026006685
592.2857178569703,0.04964019488051158,0.8740869416878962,0.07055279161274891,0.0015565824278368058,0.004163489391481652
592.4859496750423,0.04959546780332171,0.8738675478854304,0.07066918126324045,0.0013880439950536966,0.004479759053430352
592.6861814931143,0.04947488390726931,0.8739538693857519,0.07085475300708963,0.001501387089154992,0.0042151066112114085
592.8864133111863,0.04915374982898921,0.8739846406445344,0.07125532671336558,0.0015923670542347284,0.004013915759354794
593.0866451292583,0.0489517864811873,0.8735190459975418,0.07163256044338796,0.0014131532076059013,0.0044834538707550515
593.2868769473303,0.04897879706644901,0.8733390752384611,0.07175434730833664,0.0014624738075083173,0.004465306579722471
593.4871087654024,0.048602656046828854,0.8736609530570797,0.0721169205866758,0.0016486372103567124,0.00397083309953603
593.6873405834743,0.04839972179873103,0.872917348507954,0.07257105309366194,0.001370794436799728,0.00474108216332986
593.8875724015463,0.04841497864664488,0.8733252326235197,0.07247815674863678,0.0014927253205321463,0.004288906661143883
594.0878042196183,0.048080952154891124,0.8734383553657235,0.07286609484703953,0.0016210045127453047,0.003993593120076972
594.2880360376903,0.04788692401969628,0.8731149989001915,0.07317975345902714,0.0014430536994745166,0.004375269922087002
594.4882678557623,0.04782833048564932,0.8729638104371257,0.07335065053106984,0.0014204109219800498,0.004436797624652852
594.6884996738343,0.04760250599030278,0.8731345806007401,0.0736286249227145,0.0016259333759440333,0.0040083551107766855
594.8887314919062,0.047278218566335954,0.8728239697963045,0.07409837419527553,0.0015161703800891746,0.004283267062473408
595.0889633099783,0.04732001570621796,0.8722604590493329,0.07429205563650043,0.0013614420103764437,0.004766027598052788
595.2891951280503,0.04706631925700687,0.8728505644909932,0.07443729921270252,0.0016531238254694524,0.003992693214307365
595.4894269461223,0.04673161038910231,0.8723960115439116,0.07496054794347677,0.0014937708647153318,0.00441805925927305
595.6896587641943,0.046767732773063266,0.8724170623144143,0.07493534545216392,0.0014181878997288567,0.004461671561108841
595.8898905822663,0.046551127524908656,0.8726174318611335,0.07517514236208028,0.0015924907918635413,0.004063807460492892
596.0901224003383,0.04624932072704264,0.872451764085087,0.07558490336149305,0.0015448316369971035,0.004169180189860649
596.2903542184102,0.046147333373308314,0.8720956200709482,0.07583992034605513,0.0013984517456661078,0.004518674464501749
596.4905860364822,0.04607648296062289,0.8721346232304478,0.07599772146490634,0.0015663483385033783,0.0042248240059987625
596.6908178545543,0.04569154767520745,0.8721638544973366,0.07644145348616947,0.0016225860834420147,0.004080558258324164
596.8910496726263,0.04561992687562143,0.8714082611808044,0.07678798839918702,0.0013385561982617179,0.004845267346606193
597.0912814906983,0.045537993015794385,0.8719815689763967,0.07674168583857488,0.0015852504902003075,0.004153501679517333
597.2915133087703,0.045168053358904135,0.8718984085495802,0.07720704695434848,0.0016069936574471635,0.004119497480205049
597.4917451268423,0.04509958018982737,0.8716341490677625,0.0773681530386874,0.0014089566418005563,0.004489161062407727
597.6919769449142,0.04500089767017027,0.8717085047822959,0.07751436399834066,0.001503224511639658,0.004273009038039852
597.8922087629862,0.04470230867841465,0.8717716669014213,0.07787480927189919,0.0016286199940311597,0.00402259515471801
598.0924405810582,0.04448520218689143,0.8713829735280058,0.0782526457121019,0.0014555726436461447,0.0044236059298399105
598.2926723991303,0.04452273514465889,0.8710838716719406,0.078391398963478,0.0014484316855044683,0.004553562534902076
598.4929042172023,0.04417949373818033,0.8714752668167907,0.07867589062546311,0.001678669614293898,0.003990679205758829
598.6931360352743,0.043948110868180235,0.870827000746898,0.07915167915486451,0.0014148365647855717,0.0046583726657564994
598.8933678533463,0.04398451237542408,0.8711167596537233,0.07905022675869658,0.001484759608754466,0.004363741603886384
599.0935996714182,0.04367863275467976,0.8712888086468854,0.07937310662348691,0.0016429202623301502,0.004016531713101476
599.2938314894902,0.04346458752286797,0.8709995816799924,0.07970814622963764,0.0014758543619361377,0.004351830206050297
599.4940633075622,0.04340858528557419,0.8708507136210909,0.07986220133824058,0.0014253442282264022,0.004453155527350291
599.6942951256342,0.043221876813823897,0.8709791357271707,0.0800950239256816,0.0016331359929461003,0.004070827540861752
599.8945269437063,0.04289403038663012,0.8707780015883793,0.08053760955360748,0.001559017090190752,0.004231341381677184
600.0947587617783,0.042915018141444425,0.8701596559000039,0.08077414489808937,0.0013550743681185746,0.004796106692827494
600.2949905798503,0.042709793878001175,0.8707396498783916,0.08083991931850501,0.0016563737193530646,0.004054263206233992
600.4952223979222,0.042369155250135966,0.8704131488231521,0.08133780298223983,0.0015401251653679403,0.0043397677795884385
600.6954542159942,0.04239517835009846,0.8703414623827915,0.08134488905398676,0.0014132787295129336,0.004505191484095379
600.8956860340662,0.04221069523262409,0.8705553471764415,0.08152274598607087,0.0015872788160096107,0.004123932789339486
601.0959178521382,0.041912119152479714,0.8704522839575407,0.08190952122809589,0.0015766831208959223,0.004149392541474759
601.2961496702102,0.04179770357227527,0.8701379138435535,0.08216043029955518,0.001416527782474227,0.004487424502628439
601.4963814882823,0.041758142285015606,0.8700770158863523,0.08230169929565521,0.0015450372205069068,0.004318105312957041
601.6966133063543,0.04139085087581267,0.8702096213493983,0.08268082273143877,0.0016512899215518507,0.004067415122283677
601.8968451244262,0.04128518640270261,0.8694974347465296,0.08306188783558414,0.001354595859586814,0.004800895156081441
602.0970769424982,0.041245051624023386,0.8699843044794158,0.08297055733735874,0.0015665486147753856,0.004233537944914194
602.2973087605702,0.040892932551386416,0.870004244671407,0.08337328844532613,0.0016334489908802173,0.004096085341489375
602.4975405786422,0.040799154739151716,0.8697233704566288,0.08357044055784484,0.0014172920695696052,0.004489742177293291
602.6977723967142,0.04072043178717367,0.8697956469083328,0.08367458945841387,0.001487579984955934,0.004321751861611062
602.8980042147862,0.04045121097158137,0.8698805139310363,0.08398351054044446,0.0016404574231118618,0.004044307134312435
603.0982360328583,0.04022189581555571,0.8695770050555706,0.0843471153347011,0.0014823338247886015,0.004371649969870517
603.2984678509303,0.040261750012489515,0.86918856508254,0.08450561352255379,0.0014180628403079507,0.004626008542595993
603.4986996690022,0.03995898478403147,0.869630261695551,0.0847039306976031,0.0016827468227413362,0.004024076000558197
603.6989314870742,0.03970534160781501,0.8690969594120755,0.08517597086559907,0.0014465820100993012,0.00457514610489376
603.8991633051462,0.039754938994492804,0.8692749210683547,0.08507904595536633,0.0014580443986725081,0.00443304958359585
604.0993951232182,0.03948169579064776,0.8695008468853239,0.08532650177887376,0.0016386553939780751,0.004052300151657255
604.2996269412902,0.03925268837177945,0.8692633847849397,0.08566330869792248,0.0014937761621573813,0.0043268419836812845
604.4998587593622,0.03919668704750553,0.869129377353637,0.08579728069621487,0.0014168728648448565,0.004459782038278722
604.7000905774343,0.0390497726844897,0.8692084903920227,0.08598632910772903,0.0016135739370568432,0.004141833879183186
604.9003223955062,0.038724488591774554,0.8691157771751831,0.08638359124854351,0.001581172546450608,0.0041949704385280525
605.1005542135782,0.03871990712285054,0.8684828269317416,0.08665378770479588,0.001339381465672153,0.004804096775418527
605.3007860316502,0.03856530286665783,0.8690321300168908,0.08664633249238092,0.0016337203554770184,0.00412251426907377
605.5010178497222,0.03822683752119658,0.8688341898787849,0.08709559547240389,0.0015660995216501392,0.004277277606445145
605.7012496677942,0.03823653006957598,0.8686935279997489,0.08713700293504069,0.0013943747558053706,0.004538564240311481
605.9014814858662,0.03808449883187098,0.868922847171183,0.08724984054078164,0.0015598712985932777,0.004182942158053022
606.1017133039381,0.03779714108931109,0.8688810523655993,0.0875960517823906,0.0015877355930896588,0.004138019170089464
606.3019451220102,0.03767051968375128,0.8686188966226336,0.08783445496724064,0.0014207432109699597,0.004455385515884815
606.5021769400822,0.03765585414847112,0.8684709369605395,0.08796521889667662,0.001501706844813668,0.004406283149979969
606.7024087581542,0.03731412897260217,0.8686943771253535,0.08826653591525782,0.00165520234866982,0.0040697556385964504
606.9026405762262,0.0371770405788481,0.8680566443305828,0.08866107020602834,0.0013616130978803018,0.004743631787140272
607.1028723942982,0.03717306886784317,0.8684487208158914,0.08853976705011851,0.0015254784918060046,0.004312964774821388
607.3031042123702,0.03684540108594128,0.8685641571078535,0.08886538803696221,0.0016338356033149802,0.004091218166405438
607.5033360304421,0.03672692306848162,0.8682926057336912,0.08908558483459861,0.0014128961154595897,0.0044819902482423546
607.7035678485141,0.03666530483916894,0.8683703466558594,0.0891474684767846,0.0014557281750488202,0.004361151853610667
607.9037996665862,0.036430465340486815,0.868465877029584,0.08939923410048985,0.001626267184511481,0.004078156345400048
608.1040314846582,0.03619288018034455,0.8682522488072344,0.08973425116815303,0.0014913668156704871,0.004329253029070401
608.3042633027302,0.03622716515066914,0.8678067243730485,0.08991146940121449,0.0013743355682818569,0.004680305507261185
608.5044951208022,0.035970644899996095,0.8682777988809486,0.09002302353862357,0.001660383611532023,0.004068149069374523
608.7047269388742,0.035702355278603055,0.8678709355013837,0.09046678143241034,0.001463039872159725,0.004496887915914925
608.9049587569461,0.03575629671181956,0.8679487845310508,0.09038548366428689,0.0014146212588019562,0.004494813834512493
609.1051905750181,0.03551881371038575,0.8682233961489694,0.09055228958964924,0.0016088835152527417,0.0040966170362143235
609.3054223930901,0.03528148392292052,0.8680494588800756,0.09087144980179435,0.0014953432388025228,0.004302264156878301
609.5056542111622,0.035223128349505306,0.8679394504178343,0.09098289819639262,0.0013951486737220442,0.004459374363020452
609.7058860292342,0.03511388959216786,0.8679670849062319,0.09113289515178784,0.0015684582049733354,0.0042176721453112765
609.9061178473062,0.03479797021819896,0.8679780726058346,0.09146982967289236,0.0015811441218335732,0.004172983381711373
610.1063496653782,0.034765446268976465,0.8673665205675058,0.09175999187126078,0.0013156134198110889,0.004792427872914217
610.3065814834501,0.03466028864968084,0.8678666951694877,0.09169163577279826,0.0015863331147898973,0.00419504729371202
610.5068133015221,0.034332071209877364,0.8677931966987379,0.0920736156377809,0.0015691968630414605,0.004231919591028782
610.7070451195941,0.03432078726688659,0.8676088990277899,0.09214624193779199,0.0013631365447396445,0.004560935223262
610.9072769376661,0.034200044208453184,0.8678544009899858,0.09219471215670932,0.001512547170301977,0.0042382954750194105
611.1075087557382,0.03393141758392782,0.8678683850790055,0.09248761643946259,0.0015763843036141537,0.004136196594459299
611.3077405738102,0.03379366511036554,0.8676656223560941,0.0927052240759052,0.001410194833220345,0.004425293624883939
611.5079723918822,0.033796205372373433,0.8674484796237248,0.09283004818565521,0.001439942885455786,0.00448532393325979
611.7082042099541,0.033487325210396796,0.8677470109026785,0.09304659586710869,0.001633988525931417,0.004085079494353578
611.9084360280261,0.03332367022560539,0.867206632821337,0.09343229322769374,0.0013583017223843675,0.004679102003450915
612.1086678460981,0.03334781024771034,0.867500891627442,0.09329711558741126,0.0014646440761954427,0.00438953846171343
612.3088996641701,0.03305015931048397,0.8677029620486273,0.09353688082467401,0.0016080580314914575,0.004101939785194386
612.5091314822421,0.03290984226033158,0.8674629364842288,0.0937641575671939,0.001395981322913635,0.00446708236580335
612.7093633003142,0.032861871490918515,0.86755107097448,0.09378551731246884,0.0014095442102300259,0.00439199601237181
612.9095951183862,0.03266405337876416,0.8676473992321617,0.0939797251215365,0.0015863183234442679,0.004122503944562489
613.1098269364581,0.03242295687468665,0.867525155525511,0.0942732799398208,0.0014817314466655514,0.00429687621378771
613.3100587545301,0.03244513005294312,0.8670548329640099,0.09446388083070517,0.001320627723121065,0.004715528429693093
613.5102905726021,0.0322380328369716,0.8675337360624893,0.09449503486287189,0.0016127150141209577,0.004120481224014861
613.7105223906741,0.03196339930264741,0.8672577152708018,0.0948890833956078,0.0014619452670778714,0.00442785676433369
613.9107542087461,0.03201309005906644,0.8672517239286928,0.09483047627337632,0.0013575134848807214,0.004547196254451352
614.1109860268181,0.03181287656812164,0.8675692660940539,0.094916245041859,0.001555982275413135,0.004145630021022773
614.3112178448902,0.03157472792081113,0.8674648278356255,0.09520060175867774,0.0014796441546232671,0.0042801983307323
614.5114496629621,0.03151211196085549,0.8673850336257761,0.09528753954693245,0.0013607400772401512,0.004454574789665592
614.7116814810341,0.03143607696231937,0.867363898218418,0.09540459989309488,0.0015009015894922844,0.004294523337143479
614.9119132991061,0.03113646622040436,0.8674703974389054,0.09567061654791345,0.0015587868632049005,0.004163732930041078
615.1121451171781,0.031076213203662918,0.8669104307771175,0.09596406958340371,0.0012846920548753719,0.004764594381407163
615.3123769352501,0.03101612882208929,0.8673464293993185,0.09585090926028168,0.0015168920119865295,0.004269640506792333
615.5126087533221,0.03070554264935508,0.8673897967658976,0.09615254124556279,0.0015485187796971125,0.004203600559956253
615.712840571394,0.0306708588799315,0.8671871188847771,0.09624835623495619,0.0013215535972471851,0.0045721124035620585
615.913072389466,0.03057891021357346,0.8674478987418356,0.09623626003625513,0.0014484249229413388,0.004288506085865288
616.1133042075381,0.030335206715975744,0.8675094435176399,0.09646859888743656,0.001542291502081322,0.004144459377336097
616.3135360256101,0.030188222647508797,0.867370579684597,0.09665751293222466,0.0013847270907671738,0.004398957645371795
616.5137678436821,0.03020005893275265,0.8671054512532366,0.09677810098312276,0.0013642771802292533,0.004552111651128335
616.7139996617541,0.02992985954742728,0.8674607843856802,0.09690948669109949,0.0015887235504914463,0.004111145825771812
616.9142314798261,0.02974614112787265,0.8670327311073432,0.09726516714038466,0.0013434068923369033,0.0046125537325333215
617.114463297898,0.029788950290146585,0.8672317303606785,0.09713056153395197,0.001387790123318283,0.00446096769237244
617.31469511597,0.029525418687081577,0.8675105453792675,0.09728130782449157,0.0015578394002059713,0.004124888709421821
617.514926934042,0.02936807835994165,0.8673194987639514,0.09749867980695798,0.0013669142255933455,0.004446828844025052
617.7151587521141,0.029330024356811275,0.867420538281731,0.09748261108019594,0.0013511868041365155,0.004415639477595143
617.9153905701861,0.029169344316227613,0.8675101310953496,0.09762281956654965,0.0015226525963291,0.004175052426016192
618.1156223882581,0.028930037972099587,0.8674778212666466,0.09786443676521708,0.0014535567674568625,0.00427414722905446
618.3158542063301,0.028935592164207054,0.8670128671518614,0.09805924672843985,0.001260108408295744,0.004732185547668897
618.5160860244021,0.028778128048524622,0.8674787109424018,0.0980218943661382,0.0015422387700199855,0.004179027873387188
618.716317842474,0.02850539830897097,0.8673321344662231,0.09834956674083817,0.0014420029653932796,0.004370897519048379
618.916549660546,0.028543548381214597,0.8672620028887302,0.09831558164883508,0.0012902024969710562,0.004588664584723659
619.116781478618,0.028380441255107705,0.867615752096051,0.09832411033671881,0.0014835044129189825,0.004196191899680537
619.3170132966901,0.028148994843782776,0.8675815638617947,0.0985603614132378,0.0014463783294401907,0.004262701552221432
619.5172451147621,0.028080823159451367,0.8675359400457018,0.09862100476099786,0.0013145769767895126,0.0044476550575352275
619.7174769328341,0.028031922915936487,0.867473139217421,0.09871085603259133,0.001415393157165889,0.00436868867736097
619.9177087509061,0.027755107731621556,0.8676637661960055,0.09890055275280765,0.0015151378428818433,0.004165435477159422
620.117940568978,0.02766969291590905,0.8671788567626479,0.09917961153658096,0.0012470918953286548,0.004724746890009235
620.31817238705,0.027647691680745292,0.8675400785033345,0.09903884792432495,0.0014292547985804403,0.004344127093491596
620.518404205122,0.027360938237246373,0.8676902008278975,0.09925298416096114,0.0015047906713891398,0.00419108610298479
620.718636023194,0.02730289290054012,0.8674927363440419,0.09936021287430877,0.0012715771388203245,0.004572580742768664
620.9188678412661,0.027236180096719347,0.8677661255388648,0.09929375143547096,0.0013709975309673212,0.004332945398455858
621.1190996593381,0.0270216786732369,0.8678657158455155,0.09946348881166395,0.0014864414301892321,0.004162675239869354
621.3193314774101,0.026868105497772486,0.8677930389009072,0.09961659691771034,0.0013449095184993045,0.0043773491655833595
621.519563295482,0.026882069340156335,0.8675025611428061,0.09973128189983121,0.0012794670247216393,0.00460462059295783
621.719795113554,0.026654326637436408,0.8678947779216952,0.09978323096281821,0.001521643113475753,0.00414602136504807
621.920026931626,0.026457936160782517,0.8675867984771296,0.10009084501181244,0.0013159287046888581,0.004548491646062107
622.120258749698,0.026509736287540994,0.8676984586352463,0.09996747652053753,0.0012993026413118574,0.0045250259158392
622.32049056777,0.026282763169751054,0.8680431368954077,0.10003103902737623,0.0014863249424827898,0.004156735965456405
622.5207223858421,0.026114569420442924,0.8679132456600229,0.10022258499000788,0.0013261114290072694,0.0044234885009940775
622.7209542039141,0.026082740222099242,0.86802781640374,0.10017292858661396,0.001282890779702703,0.004433624008319475
622.921186021986,0.025957029385160327,0.868106151253242,0.10026500181415152,0.001438796806527118,0.004233020741396112
623.121417840058,0.02572500832483074,0.8681595027403911,0.10044735251052268,0.0014078969795127728,0.004260239445218548
623.32164965813,0.02571174832780749,0.8677262558538508,0.10063461360035908,0.0011953301489767108,0.004732052069483598
623.521881476202,0.025601199943172906,0.8681601732244647,0.10054416579006421,0.0014525244102238082,0.00424193663255034
623.722113294274,0.025337929434015298,0.8681371018363103,0.10079446554391129,0.0014030578525933723,0.00432744533364639
623.922345112346,0.025359316486005458,0.8680245319711193,0.10078184822918189,0.0012161465862266982,0.004618156727944238
624.1225769304181,0.025231584646864775,0.8684065664910511,0.10072023899194256,0.001395638623473087,0.00424597124714634
624.32280874849,0.025013585969490243,0.8684390877674508,0.10089984554176054,0.0013959423513937414,0.004251538370382979
624.523040566562,0.024939281202352583,0.8684300107907724,0.10093250064724249,0.0012579191941007467,0.004440288166010332
624.723272384634,0.024910731782891538,0.8683361001244045,0.10099920165747965,0.0013171542447814573,0.004436812190922721
624.923504202706,0.024662163172533325,0.8685966881897215,0.10111254156267924,0.001452180636760697,0.0041764264387860175
625.123736020778,0.024555967164216194,0.8682033251812713,0.10136050790438876,0.001202895755323056,0.004677303995281877
625.32396783885,0.02456334292159761,0.8684843413657948,0.10120794079682004,0.001328039102193728,0.004416335814076247
625.524199656922,0.024305136711688165,0.8687292349379597,0.10133310697507837,0.001440171300736301,0.004192350075017401
625.724431474994,0.02422606693078803,0.8685575682655224,0.10143802218541846,0.0012148496713411884,0.004563492947407878
625.924663293066,0.02418029652293546,0.8688393819462872,0.10132492476675117,0.0012837553481493853,0.004371641416355538
626.124895111138,0.02399710699057497,0.8689674940240828,0.10143427398125911,0.001411063034708756,0.004190061969855799
626.32512692921,0.02384019299849733,0.8689613664172893,0.10154574481087171,0.0012919319283667627,0.004360763845454277
626.525358747282,0.023850552950348564,0.8686677916498915,0.10164983555205274,0.0011898683844591413,0.004641951463727709
626.725590565354,0.023666628815334448,0.86907646037177,0.10163300700670223,0.0014358656978764217,0.004188038108797158
626.925822383426,0.02346508548540308,0.868890083523573,0.10187899701604072,0.0012753465988419315,0.004490487376622913
627.1260542014979,0.02351704123039004,0.868927011344522,0.10177252302137779,0.0012036983984310772,0.004579726005757946
627.32628601957,0.023327370300558675,0.8693256727474064,0.10175490111516221,0.0013975885544087548,0.004194467282942058
627.526517837642,0.023155087002422588,0.8692637989317589,0.10190755583133092,0.0012740574851762482,0.004399500749790443
627.726749655714,0.023126107283630952,0.8693913477645363,0.10182830662208213,0.0012068638006994194,0.004447374529532041
627.926981473786,0.023031440725536468,0.8694571005830137,0.10187875902320224,0.0013393359425459956,0.004293363726180479
628.127213291858,0.02281200178501457,0.869589134811133,0.10199816877115087,0.0013465369578977014,0.00425415767528263
628.32744510993,0.022779944005469212,0.8692089461489024,0.10216522015371976,0.0011280587537776695,0.0047178309386088
628.5276769280019,0.022711078856115896,0.86959534692519,0.10203832917729148,0.0013478946646790725,0.004307350377201667
628.7279087460739,0.022463665748375498,0.8696864018707441,0.10220609386094448,0.001346129458426662,0.004297709061987622
628.928140564146,0.022465514733221947,0.8695535489885835,0.10220727993851864,0.0011383900200378474,0.004635266320116667
629.128372382218,0.02237008940351606,0.8699547882959365,0.10208495462210938,0.0012967260308776735,0.0042934416480365405
629.32860420029,0.02217089879824926,0.8700473425264198,0.10220429500534044,0.001329493414415283,0.004247970256050659
629.528836018362,0.022090648962029048,0.8700761640506812,0.10220738834354379,0.0011923034540978939,0.0044334951901198886
629.729067836434,0.02207578441751356,0.8699639040639233,0.10225270139995252,0.0012114777637210296,0.004496132355361886
629.9292996545059,0.021859404600910314,0.8702781119503301,0.10229458047709317,0.0013725902051825506,0.004195312766956508
630.1295314725779,0.02173793283843251,0.8699860810754757,0.1024974390029093,0.0011519776169986184,0.00462656946665686
630.3297632906499,0.021765301589866053,0.870186917391582,0.10234552240857782,0.001218174441441316,0.004484084169005
630.529995108722,0.021538731300979958,0.8705131668293198,0.1023852424112092,0.0013579238184116772,0.004204935640551121
630.730226926794,0.021442785139904875,0.8703838619718007,0.10247413327202781,0.0011525991525605903,0.004546620464175866
630.930458744866,0.021413291593763414,0.8706689425662745,0.10232274869637775,0.0011899618111076704,0.004405055332946477
631.130690562938,0.02126142899002151,0.8708170752932428,0.10237681093613116,0.0013194560943107674,0.004225228686765764
631.3309223810099,0.02110482854154013,0.8708760674098035,0.1024426207550945,0.0012274776394681835,0.004349005654564578
631.5311541990819,0.021107652790956125,0.8705996811413257,0.10252937373555206,0.001099035782219423,0.004664256550418563
631.7313860171539,0.020966449374387783,0.8710050888721589,0.10245763153447655,0.0013351529890193968,0.004235677230427423
631.9316178352259,0.020766762916125555,0.8709367485818245,0.10263358326680708,0.0012218252304462209,0.004441080005267946
632.131849653298,0.02081171689197896,0.8709151642933248,0.10254445493933317,0.0011051904606878822,0.0046234734151465035
632.33208147137,0.0206584938941623,0.8713549850887178,0.10245484361876261,0.0012961504224741497,0.004235526976355188
632.532313289442,0.02048870703899181,0.8713630579442119,0.1025595818334379,0.0012114181658700906,0.004377235017959207
632.7325451075139,0.02045975267767686,0.8715025751954992,0.1024543884251489,0.0011252524318343803,0.004458031270310837
632.9327769255859,0.020391128649517223,0.8715573644087832,0.10246906698045836,0.0012294030288363868,0.004353036932875036
633.1330087436579,0.020188972952069607,0.8717585805419978,0.10252571666021303,0.0012717814981585442,0.004254948348029773
633.3332405617299,0.02013996240113722,0.8714472288682729,0.10266071697311567,0.001059313611678798,0.004692778146264779
633.5334723798019,0.020105724998327787,0.8717748004400319,0.10251308607104424,0.0012330894677331351,0.004373299023334218
633.733704197874,0.01987913910966233,0.8719680545823371,0.10259853726856225,0.00127330360029394,0.004280965439615406
633.933936015946,0.0198611096077005,0.8718360092507217,0.1026031907729085,0.0010593193298382936,0.004640371039301059
634.134167834018,0.019793898455514103,0.8722465429249604,0.10243089104076035,0.0011909047859016146,0.004337762793333422
634.3343996520899,0.019617137501346242,0.8723905336948694,0.10249074056459717,0.0012489720160485378,0.004252616223609823
634.5346314701619,0.019531876629510357,0.8724579308090824,0.10246297534951909,0.0011194824217030084,0.004427734790655021
634.7348632882339,0.019524802008627398,0.8723409226912832,0.10248639142744247,0.00110318702438697,0.004544696848729883
634.9350951063059,0.019342745296163172,0.8726910644291644,0.10246568748186911,0.0012795239768376813,0.0042209788164355175
635.1353269243779,0.019211932873495437,0.8725041397489386,0.10261329333477769,0.001094265289199374,0.004576368754060014
635.33555874245,0.019250236450570585,0.8726300727574029,0.10246999098479566,0.0011044920474522929,0.0045452077602490685
635.535790560522,0.019056764186659268,0.8730231323129248,0.10243181381092277,0.0012620308874428854,0.004226258802520396
635.7360223785939,0.01894921778280022,0.872948117843922,0.10249274711138444,0.0010856943966141299,0.004524222865747663
635.9362541966659,0.018931327835390914,0.8732310621180828,0.10231121695842746,0.0010925607261332898,0.004433832362432524
636.1364860147379,0.018809044769497695,0.8733924181587489,0.10231656908725652,0.0012157132092849758,0.004266254775679163
636.3367178328099,0.018656558866919727,0.8735133217947031,0.10233494539721143,0.0011535723561646254,0.004341601585465796
636.5369496508819,0.01864975683627465,0.8732712246384167,0.10239684306338746,0.0010095466377518147,0.004672628824633977
636.7371814689538,0.018547969388731232,0.8736556188096936,0.10228528292620585,0.0012236701222849643,0.004287458753550607
636.937413287026,0.018356188831371627,0.8736977736442597,0.1023879529604585,0.0011563060999874408,0.004401778464387615
637.1376451050979,0.018389159727842434,0.8736361561772957,0.10231214219514992,0.0010073393991637972,0.0046552025010113945
637.3378769231699,0.01827012779685863,0.8741035591024967,0.10216189014081216,0.0011865383713812918,0.004277884588916334
637.5381087412419,0.01810859393210884,0.8741792799667015,0.10221416438095754,0.0011391615310192436,0.004358800189680268
637.7383405593139,0.018077569625421768,0.8743299116972644,0.1020860115209628,0.001040110886989397,0.004466396269826649
637.9385723773859,0.01802959424619642,0.87437768848453,0.10206932183276975,0.0011141405152683215,0.004409254921699105
638.1388041954579,0.017848469675369058,0.8746363849364188,0.10206707998732685,0.0011862484524590134,0.004261816948891628
638.3390360135298,0.017785635385181076,0.8744040156111095,0.10216043558844447,0.0009895490051532465,0.004660364410576944
638.5392678316019,0.01777799252473112,0.8746663648999191,0.1020050367853213,0.0011129205609621254,0.004437685229533218
638.7394996496739,0.01757568023727259,0.8749480405737894,0.10201292545019422,0.0011874997892045822,0.0042758539500067395
638.9397314677459,0.01753952633418521,0.8748354929391625,0.10200978445360974,0.0009805795394121745,0.004634616734099428
639.1399632858179,0.01749577463932718,0.8752451511021764,0.10179862067861793,0.001081889989002193,0.004378563591344396
639.3401951038899,0.017343245201199026,0.8754311890553621,0.10180314911471286,0.0011570392773674494,0.004265377351827402
639.5404269219619,0.017254560761398644,0.8755372856424473,0.1017437573163215,0.0010413340377832252,0.004423062242514524
639.7406587400338,0.01725056096289294,0.875428661631403,0.10174305150202487,0.0009962559358501833,0.004581469968294032
639.9408905581058,0.017103061701377292,0.8757967125463737,0.1016713145189048,0.00117643062372009,0.004252480610086102
640.1411223761779,0.01696867158373519,0.8757135906920729,0.10175798058575315,0.0010299636732291856,0.004529793465673278
640.3413541942499,0.017010005951304228,0.8757744849788218,0.10162648625551012,0.0009913442730409157,0.004597678541787603
640.5415860123219,0.016849575616921943,0.8762189373966386,0.10152085215200302,0.001156767989126128,0.004253866845773502
640.7418178303939,0.016736101056514702,0.8762053181878018,0.10154495888805144,0.0010147682225153242,0.00449885364557998
640.9420496484659,0.01672546780045882,0.8764812399216567,0.10134057811604451,0.0009941242880394565,0.004458589874264861
641.1422814665378,0.01662974016398058,0.8766510211750984,0.10130407041109257,0.001104323845876049,0.004310844404414575
641.3425132846098,0.0164850203975031,0.8768288137800767,0.10127573364594243,0.0010723991378277689,0.004338033039110948
641.5427451026818,0.016468133992589777,0.8766341424107578,0.1013057658061829,0.0009229988328880546,0.004668958958041937
641.7429769207538,0.016400738362514083,0.8769828523074862,0.10116883107456359,0.0011057203455940448,0.004341857910304258
641.9432087388259,0.01622169316072384,0.8771250054186701,0.10119969629082588,0.0010804565172003206,0.004373148613040211
642.1434405568979,0.016240014293217715,0.8770426046483343,0.10113007055378452,0.0009128241353700109,0.004674486369754387
642.3436723749699,0.01615178512327217,0.8775236309114004,0.10093160997744531,0.0010729455758408163,0.004320028412501188
642.5439041930418,0.0160029901467788,0.8776614001414642,0.10093109262517469,0.0010586467122411785,0.004345870374800934
642.7441360111138,0.015968630621765414,0.8778228533242561,0.1007822281171301,0.0009533616180887842,0.004472926319220431
642.9443678291858,0.01593609802940299,0.8778690652637112,0.10073694056166117,0.0009982275024214887,0.004459668643263493
643.1445996472578,0.015778530761143612,0.8781718277506136,0.10068280222243785,0.0010927008283800998,0.004274138437885708
643.3448314653298,0.015705700754917507,0.8780233135767835,0.10072809569957934,0.0009189074925803324,0.004623982476600528
643.5450632834019,0.01571649978957673,0.8782191796106887,0.10057403606225157,0.0009919402167624764,0.004498344321178973
643.7452951014739,0.015540422418624515,0.878574194051032,0.10051258968359554,0.0010921580902295046,0.004280635756978201
643.9455269195458,0.015489433204426771,0.8784963987491421,0.1004912467863035,0.0009031287606171423,0.004619792499972805
644.1457587376178,0.015464102286391654,0.8788954693369629,0.10025184606852887,0.0009728603751170106,0.004415721933462629
644.3459905556898,0.015335943884121723,0.8791142989671644,0.10020738639874739,0.0010569052259131778,0.0042854655245166415
644.5462223737618,0.015245913163015413,0.8792585895303139,0.10011642925248547,0.0009597412594816015,0.0044193267951646706
644.7464541918338,0.015241615087331508,0.8791699043882996,0.10008854188816683,0.000893606737981028,0.004606331898684089
644.9466860099058,0.015127122624564197,0.8795385849274142,0.09997851444523548,0.0010668670365178497,0.004288910966730517
645.1469178279779,0.014994296375999522,0.8795539049904255,0.10000301079898687,0.0009596862651248478,0.004489101569930457
645.3471496460498,0.015032469108841973,0.879563167519301,0.09988224540088407,0.00088230044269255,0.004639817528746575
645.5473814641218,0.014903695766522543,0.8800430372384477,0.09972131855885516,0.0010463168380851406,0.004285631598556609
645.7476132821938,0.014789704171121458,0.8800933156215349,0.09970347632417315,0.0009403831265065796,0.004473120757132831
645.9478451002658,0.014782581550302659,0.8803585047496921,0.09948230115346963,0.0008968415334823782,0.004479771013523416
646.1480769183378,0.014709640985683765,0.8805338540737127,0.09941021145178279,0.0009897624231297267,0.004356531066160548
646.3483087364098,0.01457589696709085,0.880761707605342,0.09933834034920293,0.000986156145485157,0.004337898933347715
646.5485405544817,0.014549737970553157,0.8806233134388429,0.09933106623721208,0.0008401787972720637,0.004655703556588055
646.7487723725538,0.014510618280556335,0.8809256202064616,0.09918103439644854,0.0009855082881196115,0.0043972188288834355
646.9490041906258,0.014347824193780266,0.881155176054815,0.09914551393054222,0.0009965365191878385,0.004354949302144719
647.1492360086978,0.014350961418776582,0.8810705453683375,0.09907350127908195,0.0008233882672707562,0.00468160366700495
647.3494678267698,0.014289341429677655,0.8815514131838855,0.09883931699920831,0.0009590363928945403,0.004360891994804265
647.5496996448418,0.014156300081522723,0.8817433566896992,0.09878913871809489,0.0009716682073735881,0.004339536303780176
647.7499314629138,0.014118180403432599,0.881916045150304,0.09862124033638707,0.0008667607725440788,0.004477773337800169
647.9501632809857,0.014096486369157094,0.8819667108420762,0.09854876555343546,0.0008855477757336112,0.004502489460066992
648.1503950990577,0.013963642917300317,0.8822990660492368,0.09845194839140628,0.0009939300006599273,0.00429141264186827
648.3506269171298,0.01388481798479857,0.882234670501472,0.09844631800571903,0.0008474751874889729,0.004586718320992033
648.5508587352018,0.013906532726993838,0.8823676755295793,0.09829846313945326,0.0008741533211063062,0.004553175283335252
648.7510905532738,0.013757292079589404,0.8827800829237258,0.09817828670090872,0.0009909066285008648,0.004293431667743555
648.9513223713458,0.013695636744963097,0.8827482001487509,0.09813059439187699,0.0008273994996574196,0.004598169215222561
649.1515541894178,0.013683770082976707,0.8831281813095322,0.09787240522419834,0.0008664312418667328,0.004449212141896587
649.3517860074897,0.013578783184568661,0.8833713472043632,0.09778625257370752,0.0009520840157718551,0.004311533022059848
649.5520178255617,0.01348975487749003,0.8835524973867481,0.09766490440472662,0.0008764883653582186,0.004416354966146266
649.7522496436337,0.01348308172721368,0.8834929264954453,0.09760691043329388,0.0007971056721105236,0.004619975672406894
649.9524814617058,0.01339855573992294,0.883846757813923,0.09747107589815938,0.0009543503058249607,0.00432926024263889
650.1527132797778,0.013271537760239548,0.8839520914152711,0.0974361496066744,0.000884506160317451,0.004455715057967116
650.3529450978498,0.01330231759625077,0.883925359388565,0.09732183693682621,0.0007799849846309207,0.004670501094197429
650.5531769159218,0.013202731968632067,0.8844245383569507,0.0971184119244733,0.0009344946124607541,0.0043198231379535
650.7534087339938,0.013092874169378498,0.8845371714028051,0.09705732273839043,0.0008632124001408547,0.004449419289753526
650.9536405520657,0.013086308715828995,0.8847895403821404,0.09682403701993031,0.00080254100088789,0.004497572881681131
651.1538723701377,0.013032133035351605,0.8849692072520302,0.09672162614172941,0.0008761332474985625,0.004400900323858798
651.3541041882097,0.012911886667074707,0.8852386183675214,0.09661154211165726,0.0008969709742864105,0.004340981879928553
651.5543360062818,0.012878114526546981,0.8851611667264061,0.09656380751978,0.0007613220728441547,0.004635589154890663
651.7545678243538,0.01286072980587571,0.8854108151637266,0.09640982700496298,0.0008669221495430885,0.004451705876359062
651.9547996424258,0.012716419200549431,0.8857137539110022,0.09631631180257061,0.0009071910976287625,0.004346323988717085
652.1550314604978,0.01270555607735751,0.8856434432327565,0.09623351490964074,0.0007399193811390834,0.0046775663995730216
652.3552632785697,0.012665899415176311,0.8861112411166039,0.09597524630549573,0.0008478532721738154,0.004399759891015324
652.5554950966417,0.012550171999883047,0.8863482116770861,0.09588098015175106,0.0008804034524422991,0.004340232719303897
652.7557269147137,0.012508626424820278,0.8865331445786723,0.09569548746166061,0.0007818444711664242,0.004480897064148848
652.9559587327857,0.012493998336721279,0.8865939732969196,0.09559642860550058,0.0007790021015857124,0.004536597659738889
653.1561905508578,0.012385698194894627,0.8869411842629926,0.09546725944324397,0.0008926587679010269,0.004313199331433465
653.3564223689298,0.012304645276777477,0.8869574096704127,0.09541130324307674,0.0007754682260684259,0.00455117358413198
653.5566541870018,0.012330922776491723,0.8870353779688762,0.09527061664164874,0.0007627899774002468,0.004600292636048645
653.7568860050737,0.01220793942851717,0.8874887711956687,0.09510363351775296,0.0008872560765738299,0.004312399781951564
653.9571178231457,0.012140033945065926,0.8875096055764516,0.09502454669433082,0.000753510569544057,0.004572303215074571
654.1573496412177,0.012137078567117134,0.8878638816094934,0.09475536554920358,0.000764674450870061,0.004478999823780605
654.3575814592897,0.012053126387231992,0.8881241140089774,0.09463481218655674,0.0008461092311339333,0.004341838186565416
654.5578132773617,0.011967474883199103,0.8883397269175797,0.09448554826363331,0.0007931847682587319,0.004414065167792975
654.7580450954338,0.011957454676427469,0.888315616149314,0.09439549765217596,0.0007077035564829273,0.0046237279660622755
654.9582769135058,0.011898789887455567,0.8886418441939565,0.09424484583107873,0.0008422167615985866,0.004372303326374024
655.1585087315777,0.011780811451805694,0.8888265801346046,0.09415642794079127,0.0008059025505269921,0.0044302779227338865
655.3587405496497,0.011801893506786497,0.8887802909074508,0.09404248856205456,0.0006860370600821045,0.004689289964089257
655.5589723677217,0.011728219207696398,0.8892830806989406,0.09380904410831097,0.000824573663946669,0.004355082321567885
655.7592041857937,0.01162608187414315,0.8894532552737665,0.09370680345819078,0.0007841500723329426,0.004429709322029034
655.9594360038657,0.011618007808197953,0.8896925116970069,0.09346481546483254,0.0007126887440780972,0.004511976286346641
656.1596678219377,0.011578709659827309,0.8898763405015883,0.09333624850713948,0.0007668741968724823,0.004441827135034601
656.3598996400098,0.011473629783861973,0.8901774287143819,0.09319486787749373,0.0008068273816412429,0.00434724624308373
656.5601314580817,0.011434345688774905,0.8901618275092441,0.09310613207151859,0.0006863579166765496,0.004611336814248851
656.7603632761537,0.011432342434681565,0.8903571268800309,0.09295386693854547,0.0007533131872382658,0.004503350559966851
656.9605950942257,0.011307579033106991,0.8907185325194535,0.09281267097421719,0.0008151865714261311,0.004346030902259304
657.1608269122977,0.011285081560194192,0.8906760678942678,0.09271217328624985,0.0006626064531953129,0.004664070806556313
657.3610587303697,0.011262636496018627,0.8911194902410277,0.09243993696564574,0.0007417847721756557,0.004436151525597347
657.5612905484417,0.011164507714631278,0.8913919357751632,0.09230855283487382,0.0007872673601757456,0.0043477363156203645
657.7615223665136,0.011120471177802783,0.8915904016267399,0.0921070463418422,0.0006998729993933165,0.004482207854687852
657.9617541845857,0.011110033869807774,0.8916660723191806,0.09198182622979328,0.0006804704634173448,0.004561597118265955
658.1619860026577,0.011024903211534582,0.8920140209360101,0.09183059881508851,0.0007914607144869415,0.0043390163233416055
658.3622178207297,0.010944887371546131,0.892104515248377,0.09172793633852692,0.0007033324653511556,0.004519328576659175
658.5624496388017,0.010970857302896358,0.892138452113511,0.09159236285538436,0.0006601710425648843,0.004638156686100887
658.7626814568737,0.010872581526163634,0.8926163814869748,0.09139083759900757,0.0007843638228782975,0.004335835565434143
658.9629132749457,0.010802566824816416,0.8926925000200354,0.09127865243838626,0.0006814776725481786,0.0045448030446737795
659.1631450930176,0.010804620698701946,0.893016830996501,0.0910044213079655,0.0006691540567526397,0.004504972940540171
659.3633769110896,0.01073903014526713,0.8932881590222792,0.0908561356983879,0.0007422483413444041,0.004374426793181207
659.5636087291617,0.01065891605020732,0.8935345861111664,0.09068274907868291,0.0007112170919781544,0.004412531668424209
659.7638405472337,0.010645414937919614,0.8935493472617511,0.09056022842397722,0.0006256503285041352,0.00461935904830589
659.9640723653057,0.010607924746858843,0.8938386357470746,0.09040339045088205,0.0007334729662039259,0.004416576089440841
660.1643041833777,0.01050121080787138,0.8940907211356713,0.0902696635450801,0.0007256194833076907,0.004412785028530947
660.3645360014497,0.010511964118331524,0.8940407282642141,0.09014965255172033,0.000601175627341332,0.004696479438854753
660.5647678195216,0.010460409031923459,0.8945324631164654,0.08989758999404941,0.0007191862052013636,0.004390351652822764
660.7649996375936,0.010368406041816405,0.8947529775092778,0.08975890541883622,0.0007043364437060969,0.004415374586824695
660.9652314556656,0.010357641035663008,0.8949805079659016,0.0895106196564133,0.0006283784075436558,0.0045228529349388945
661.1654632737377,0.01032972870519203,0.8951688630880532,0.08935916132481224,0.0006645760795736398,0.004477670802831738
661.3656950918097,0.01024056423608329,0.8954908400756791,0.08919429575154914,0.0007175295679988292,0.004356770369151756
661.5659269098817,0.010197972115472543,0.8955348820407183,0.08906658699705693,0.000615123571058595,0.00458543527615724
661.7661587279537,0.010205670041253768,0.8956783983233167,0.08891841635726025,0.0006473355907521533,0.004550179687879209
661.9663905460257,0.010100513920265178,0.8960829062141055,0.08874075055068582,0.000723180804239654,0.004352648511162517
662.1666223640976,0.010069380737548385,0.8960781431720617,0.08861797337421444,0.0005911708611088615,0.004643331855524763
662.3668541821696,0.010059599665649718,0.8964881578925433,0.08833995824647821,0.0006426053988988288,0.004469678796889352
662.5670860002416,0.00997835377939805,0.8967867862748418,0.08817890780758698,0.0006947367319424622,0.0043612154066916585
662.7673178183137,0.009933152241539355,0.8969999123119828,0.08796342275332117,0.0006218164984122002,0.004481696195204812
662.9675496363857,0.009924872606226673,0.8970935918873933,0.08781283155593604,0.0005909205036893999,0.004577783447211459
663.1677814544577,0.009860603514114781,0.8974296483455918,0.08764881616474783,0.0006927012922747631,0.004368230683728426
663.3680132725297,0.009784246871194127,0.8975860555166656,0.08750544538840668,0.0006317661139482894,0.004492486110241383
663.5682450906016,0.009806599543831666,0.8975889135346959,0.08737109116893003,0.0005676867947992892,0.004665708958199608
663.7684769086736,0.009730742438176383,0.8980753619514832,0.08714676892826885,0.0006848898405889953,0.004362236841939694
663.9687087267456,0.009662124283949396,0.8982055386447081,0.08700284875384946,0.000611385334404621,0.004518102983548356
664.1689405448176,0.00966609086838999,0.8984982820528066,0.08672772935428413,0.0005809687666149678,0.004526928958360499
664.3691723628897,0.009615996267204396,0.8987759206457128,0.08655748196566468,0.0006432709400241841,0.004407330181847697
664.5694041809617,0.009543167598320029,0.8990481871154291,0.08636489118626887,0.0006317434770227915,0.004412010623411145
664.7696359990337,0.009526611301025913,0.8991024953871969,0.08621125189708813,0.0005507423709358031,0.004608899044204579
664.9698678171056,0.009505496023816767,0.8993493069412708,0.0860540905202846,0.0006306691379261559,0.004460437377155314
665.1700996351776,0.009411350846221448,0.8996558426658307,0.08588455814849848,0.0006455013551569419,0.00440274698474634
665.3703314532496,0.009412432041100123,0.8996162221534131,0.08575290593525929,0.0005253716015786161,0.004693068269100893
665.5705632713216,0.00937897748615663,0.9000839254778391,0.0854919922236878,0.0006203247642625391,0.004424780048502812
665.7707950893936,0.009298405816668888,0.9003460796127536,0.08532324317219457,0.0006251274350369663,0.004407143963793753
665.9710269074657,0.009284557519038636,0.9005645816120641,0.08507043553981279,0.0005503479509425204,0.004530077378589936
666.1712587255377,0.009265071823154121,0.9007578153324923,0.08489879994054525,0.0005709487308174672,0.004507364173440898
666.3714905436096,0.009191685455921429,0.9010895873487841,0.08471840477434578,0.0006307049025681847,0.004369617518830835
666.5717223616816,0.009147845013056414,0.9011886815158073,0.08455597526687,0.0005475259215329181,0.004559972283182289
666.7719541797536,0.009160554076147067,0.9012865671035644,0.08441161855411893,0.0005508678856041171,0.004590392381012413
666.9721859978256,0.009074249763011905,0.9017187853034873,0.08420867681817765,0.0006335513997070541,0.004364736716059501
667.1724178158976,0.009037626922012695,0.9017576626403407,0.08406175289381346,0.0005251094877459727,0.004617848056528882
667.3726496339696,0.009036417871625043,0.9021280100013966,0.08378409430234972,0.0005515423034484514,0.0044999355216257895
667.5728814520415,0.008970647488725496,0.9024442206772262,0.08360061607543642,0.0006051557309927327,0.004379360028065778
667.7731132701136,0.008925771657351114,0.9026725111010783,0.08337381673553299,0.0005483638855709561,0.004479536620912703
667.9733450881856,0.008918331101677333,0.902785646602832,0.08319939351368735,0.0005105913680955144,0.004586037414151525
668.1735769062576,0.008871998165659369,0.9030994121210069,0.08303013367761776,0.0005984682572095287,0.0043999877789533855
668.3738087243296,0.00880123977304403,0.9033120903586923,0.08285369438111237,0.0005616611279811363,0.004471314359616237
668.5740405424016,0.008818111731539255,0.9032974648676377,0.08271604697556316,0.00048586484850009757,0.004682511577208599
668.7742723604736,0.008761884695877723,0.9037773934650227,0.08247945448551401,0.0005909261602400612,0.00439034119379388
668.9745041785455,0.008697344400869651,0.9039572994595606,0.08230761064368895,0.0005434843215432044,0.004494261174786958
669.1747359966175,0.0087009888711641,0.9042193298094106,0.08203428630713337,0.0005007899052716983,0.004544605107467422
669.3749678146896,0.008663590002760284,0.9044994216659371,0.08184694597006872,0.0005512968024678908,0.004438745559210672
669.5751996327616,0.008599251784310986,0.9047913201581647,0.08164081270517669,0.0005557151331122295,0.004412900219680109
669.7754314508336,0.008580379107843438,0.9048835431327027,0.08145909888031583,0.0004825481499657697,0.004594430729622674
669.9756632689056,0.008571119400679712,0.9050861627178454,0.08130475817730053,0.0005357999954541419,0.004502159709173752
670.1758950869776,0.008490053295665503,0.9054338696645211,0.08110940365205832,0.00056732860972268,0.0043993447784859705
670.3761269050495,0.008482969020702492,0.9054160151788185,0.08096228981186931,0.0004580710446055316,0.0046806549444561914
670.5763587231215,0.0084636389169072,0.9058490239543983,0.08070032175994274,0.0005293876584570702,0.0044576277107462306
670.7765905411935,0.008394847703745906,0.9061434312096002,0.08050864307067282,0.0005479941877545585,0.004405083828679524
670.9768223592656,0.008378153913010566,0.9063563635987469,0.08025285665860214,0.0004789993616018417,0.004533626468491476
671.1770541773376,0.008364704444626867,0.9065544081666815,0.08006358847455679,0.00048688013523662786,0.0045304187793557
671.3772859954096,0.008306194411449029,0.9068852452147014,0.07987506199225063,0.0005477899920294578,0.0043857083900239475
671.5775178134816,0.008262869586399255,0.9070331389113025,0.07968384400413403,0.0004836040918885239,0.00453654340673093
671.7777496315535,0.008277030866230278,0.9070941820592959,0.07954124292502582,0.000464986734216982,0.004622557415682592
671.9779814496255,0.008208199344247899,0.9075391177955824,0.07932346047034021,0.0005482636401116724,0.004380958750167984
672.1782132676975,0.00816900714371108,0.9076237800662234,0.07915316725923141,0.00046388107705827195,0.004590164454225279
672.3784450857695,0.008172911107598171,0.9079512315453263,0.07888006586896615,0.00046932713660368015,0.004526464341957504
672.5786769038416,0.008120809135339168,0.9082773325053779,0.0786807358903214,0.0005205424801013125,0.004400579989312747
672.7789087219136,0.008077706526066796,0.9085202893495392,0.0784459229928383,0.0004799441731049886,0.004476136958901668
672.9791405399856,0.00807034308369223,0.9086526622175387,0.07825014149244773,0.00043919949813863834,0.00458765370862841
673.1793723580575,0.008038729937924458,0.9089364972989376,0.07808109998884158,0.0005104940262821594,0.004433178748460259
673.3796041761295,0.007974857212216267,0.9091950831915633,0.07788012303477902,0.0004939969887607303,0.0044559395731261185
673.5798359942015,0.007985584326478497,0.9091759768440315,0.07773510343349119,0.00041451207590917805,0.004688823320537197
673.7800678122735,0.007945932789737925,0.9096359151919083,0.0774950557259633,0.0005039902870559663,0.004419106005783795
673.9802996303455,0.00788728620335854,0.9098589377510292,0.0773007658958976,0.0004782136452490505,0.004474796504915203
674.1805314484176,0.007889201072404718,0.9100932844994409,0.07703087822797365,0.0004289003937114498,0.0045577358069152744
674.3807632664896,0.007861931077686748,0.9103725870990574,0.07683056631844991,0.0004677351414404137,0.004467180363811784
674.5809950845616,0.007806696237401099,0.9106769563092523,0.07661679439104883,0.00048390618664000514,0.0044156468761012025
674.7812269026335,0.007786366702101333,0.9108037161819457,0.07641145586782662,0.00042057461979093684,0.00457788662878175
674.9814587207055,0.007785007160582473,0.9109639219172715,0.07626079217371724,0.00045023796013848194,0.004540040788736627
675.1816905387775,0.007716878700193291,0.9113395099946415,0.07604936292754085,0.0004926735650025686,0.004401574813065298
675.3819223568495,0.007703568428632729,0.9113515730567844,0.07588514860615832,0.0003984185312655312,0.004661291377601764
675.5821541749215,0.007694658010823206,0.9117420453177031,0.07562784689214837,0.0004472377489153113,0.004488212030853414
675.7823859929936,0.007637273546050791,0.9120592941914901,0.07542036907126157,0.00047437957938947556,0.0044086836122509505
675.9826178110656,0.007618406868050814,0.9122702483594705,0.07516324790822779,0.00041442953572455083,0.0045336673289684834
676.1828496291375,0.007609138508166162,0.9124723775498226,0.07495903162686991,0.00041256518298822363,0.00454688713259763
676.3830814472095,0.007564023573908448,0.912792579960667,0.07476865568587561,0.0004700066080638608,0.004404734171927028
676.5833132652815,0.007522613574854423,0.9129820011448571,0.07455563039990913,0.00042352524391546363,0.004516229636904868
676.7835450833535,0.007535786112133127,0.9130165184497071,0.0744119092745393,0.00039001809754811385,0.004645768066511356
676.9837769014255,0.007482609687462063,0.9134600250601823,0.07418841779627139,0.0004688122241220651,0.0044001352324050825
677.1840087194975,0.007443300571767323,0.9135892418916035,0.07399776846864496,0.00040704363902358134,0.004562645429402218
677.3842405375696,0.0074495859430527365,0.9138735814602877,0.07373179199611872,0.00039626023684847367,0.00454878036413655
677.5844723556415,0.007409188013397401,0.9142028373555049,0.07352230068482574,0.00044246148132643455,0.004423212465387887
677.7847041737135,0.007369099452039743,0.9144587423464531,0.07328326768432301,0.0004167835660195376,0.004472106951608187
677.9849359917855,0.007361450247112558,0.9146087264028132,0.07306953637932241,0.00037615288795605605,0.004584134083238557
678.1851678098575,0.007341345700350021,0.9148580133372843,0.07290408131576438,0.0004301040153977105,0.0044664556316501665
678.3853996279295,0.007285069903351422,0.9151518424508588,0.07268728562844641,0.00042973670330124136,0.004446065314490475
678.5856314460015,0.0072898756140585665,0.9151396280019705,0.07253200426700834,0.00035291583566701614,0.004685576281745645
678.7858632640734,0.0072636919794876464,0.9155682422100068,0.07229534388664911,0.00042507355101872266,0.004447648373284216
678.9860950821455,0.007211957494021944,0.9158263110940525,0.07208496219245239,0.0004161665389048275,0.004460602681014795
679.1863269002175,0.007211456411192447,0.9160375732783468,0.0718195747097121,0.0003652480122820635,0.004566147588910632
679.3865587182895,0.00719207079725587,0.9163131727550866,0.07160987215633254,0.00039331554670353486,0.004491568745069295
679.5867905363615,0.007145987673817977,0.9166223342867578,0.07139408915844146,0.0004169455643510116,0.004420643317079737
679.7870223544335,0.007125047958816917,0.9167791003703624,0.07117057774973078,0.0003643729076785779,0.0045609010138599965
679.9872541725055,0.0071283595623364065,0.9169015370705423,0.07102283487508032,0.00037472241482635737,0.004572546077663759
680.1874859905774,0.007072519426734886,0.9172920287594176,0.07080426373897893,0.00042280938507879736,0.004408378690238996
680.3877178086494,0.0070550107503392625,0.9173387259663394,0.07062350592951325,0.0003454631422999083,0.004637294211955757
680.5879496267215,0.007053256877607752,0.9176819479622246,0.07037462845958996,0.0003742797826372056,0.004515886918387908
680.7881814447935,0.0070064147999923405,0.9180130793925978,0.07015794326496037,0.0004055673191868624,0.004416995223712646
680.9884132628655,0.006986282896139804,0.9182251739359063,0.0699014408828913,0.00035649504169979067,0.004530607243812098
681.1886450809375,0.006979803474734467,0.9184299524279516,0.06968527728402621,0.0003476899660803312,0.00455727684765456
681.3888768990095,0.00694623812547223,0.9187314389014365,0.06949786762941258,0.00039834690261820327,0.004426108441507426
681.5891087170814,0.006907768869105354,0.9189546148619622,0.06927044700882305,0.00036755093307798637,0.00449961832747694
681.7893405351534,0.00691850326705016,0.9189733236742189,0.06912279227429116,0.000325667008640876,0.004659713776243307
681.9895723532254,0.006878897915032973,0.9194025663322816,0.06890107414208557,0.0003962327235130417,0.0044212288875323845
682.1898041712975,0.006841340853100692,0.9195723552418961,0.06869469655816049,0.0003543334632517245,0.004537273884038176
682.3900359893695,0.006848016761133514,0.9198160784295978,0.06843719087425526,0.00033228279641378674,0.004566431139048382
682.5902678074415,0.0068173795719438605,0.9201426451839901,0.06822230239867774,0.00037196625381257393,0.004445706592022077
682.7904996255135,0.006781233317598255,0.9204085322665516,0.06798308494283743,0.0003589704717224142,0.004468179001739463
682.9907314435854,0.006773197658374677,0.920573477089912,0.06775559535747575,0.0003207271260423875,0.004577002768642503
683.1909632616574,0.006761630870870221,0.9207865951551263,0.06759526506718881,0.0003581813916947731,0.0044983275155682945
683.3911950797294,0.006713184007657042,0.9211050139339427,0.06737095325164923,0.00036972931548710363,0.004441119491711615
683.5914268978014,0.0067128631565527945,0.9211086906067008,0.06720412425866154,0.00030005161686144497,0.004674270361672225
683.7916587158735,0.006697166433635697,0.9214972541924198,0.06697569096744488,0.0003547058431121548,0.004475182563834247
683.9918905339455,0.006652699562289716,0.9217815867583741,0.06675575498993792,0.0003580073403706575,0.004451951349474712
684.1921223520175,0.006649664964499724,0.9219752152187751,0.06649575108929211,0.0003095044329444828,0.004569864294934133
684.3923541700894,0.006636270573751184,0.9222443290899855,0.066279887484547,0.00032818078979849024,0.004511332062364742
684.5925859881614,0.006598909018741223,0.9225506210859425,0.06606700681633347,0.00035533416350008154,0.004428128915929737
684.7928178062334,0.006578111810149755,0.9227322454939829,0.06583133597947913,0.0003135822363821647,0.0045447244804549475
684.9930496243054,0.006583641298059911,0.922823595299399,0.06568490644765225,0.0003094024180246772,0.00459845453731108
685.1932814423774,0.006539071033069223,0.9232166537988552,0.06546687836837793,0.00035866839528614255,0.0044187284048608465
685.3935132604495,0.006519233679203127,0.923299416625954,0.06527202199544324,0.0002983137381696498,0.004611013961679434
685.5937450785215,0.006521918234785682,0.9235938549144574,0.06503365937422001,0.0003105359457185063,0.00454003153126719
685.7939768965934,0.006484469983002851,0.9239306546542754,0.06481351519756147,0.00034257406646064016,0.004428786099147998
685.9942087146654,0.006464037356880034,0.9241460432789882,0.06455994813960918,0.00030488370085261253,0.004525087524121294
686.1944405327374,0.006459332326047408,0.9243514440771299,0.0643351872071992,0.0002916125579278645,0.004562423832147189
686.3946723508094,0.006435317782373142,0.9246281818334253,0.06415398458668745,0.00033354413362006013,0.004448971664345486
686.5949041688814,0.0064004702445816224,0.9248772117929538,0.06391947314101101,0.0003159691860394344,0.004486875635864351
686.7951359869534,0.006408115799313217,0.924890210687252,0.06376581176633266,0.000271173282785705,0.004664688464768884
686.9953678050255,0.006379887267706421,0.9252941262258862,0.063551542192118,0.00033113361718522643,0.004443310697556252
687.1955996230975,0.006345356778946971,0.9254984831699488,0.06333497999155378,0.0003056629400894495,0.004515517119914279
687.3958314411694,0.006351118292792613,0.9257062499910369,0.06308651494392047,0.0002770328037102818,0.004579083968991142
687.5960632592414,0.006328434134843913,0.9260250548777749,0.0628701494442539,0.00030959007835682433,0.004466771465221122
687.7962950773134,0.006296799571325537,0.9262968719618673,0.06263472216726425,0.00030649832694416525,0.004465107973049915
687.9965268953854,0.006288432765178262,0.9264735302961024,0.06239819251835954,0.0002721762444115733,0.004567668176400736
688.1967587134574,0.006282830414922376,0.9266515571228156,0.0622431460158466,0.0002951487383221894,0.004527317708546152
688.3969905315294,0.0062420671570260445,0.9269841722373819,0.06201873300230521,0.0003146318662998095,0.004440395737437409
688.5972223496015,0.006237707557463928,0.9270099615831242,0.06184076493065457,0.0002547658441453976,0.004656800085063056
688.7974541676734,0.006229782137821671,0.9273526682628456,0.061623561912413805,0.00029302289992874035,0.004500964787442495
688.9976859857454,0.0061924389025354975,0.9276543852085961,0.06140025098510233,0.00030436930002139404,0.004448555604197887
689.1979178038174,0.006187151217330698,0.9278359357520355,0.06114660832109945,0.0002611319980220643,0.004569172711965369
689.3981496218894,0.006178195617309402,0.9280958378878743,0.060927598145279545,0.0002720164337525215,0.004526351916237616
689.5983814399614,0.006148767685019564,0.9283921626093069,0.060721527189093225,0.00029944527249845334,0.004438097244533284
689.7986132580334,0.00612873130254744,0.9285932995937982,0.060479847065091394,0.00026792596030064247,0.0045301960787134605
689.9988450761053,0.00613475981406057,0.9286613575118725,0.060332976103341644,0.0002539228318480553,0.004616983739328344
690.1990768941774,0.006100200815674051,0.9290456393626768,0.06012164986141394,0.0003008380683393902,0.004431671892348528
690.3993087122494,0.00607960095800627,0.9291630352481514,0.059916525673353864,0.00025622749914804536,0.004584610621791386
690.5995405303214,0.0060845897764098805,0.9294101183352076,0.05968951440513124,0.00025571107919668495,0.004560066404506363
690.7997723483934,0.006055266525928463,0.9297452538274552,0.05947069806256061,0.0002860768127511149,0.004442704771755807
691.0000041664654,0.006035416343466726,0.9299648105740541,0.059222654140290557,0.0002591800270920107,0.004517938915547812
691.2002359845374,0.006031767513133306,0.9301684547479816,0.05899291268978029,0.00024351353720550813,0.004563351512349631
691.4004678026093,0.006015331202004317,0.9304166702458297,0.05881969885458812,0.000276041910161714,0.004472257787866022
691.6006996206813,0.0059844879174721045,0.9306837659794471,0.05858486394972434,0.0002690234722711415,0.0044778586815340336
691.8009314387534,0.0059889758328714,0.9306997189321894,0.058424273302218145,0.00022547917294411126,0.004661552760224048
692.0011632568254,0.005969954985633806,0.9310694314442229,0.05822133125229182,0.0002737495254895646,0.004465532792807453
692.2013950748974,0.005939193243499666,0.9313010798479916,0.0580003835079625,0.0002610754012080745,0.004498267999784598
692.4016268929694,0.005943318838482419,0.931478997874494,0.057761165616465514,0.00022991056291922767,0.004586607108085232
692.6018587110414,0.005926976591012252,0.9317856244029786,0.057546539826233825,0.0002554004157784359,0.004485458764442281
692.8020905291133,0.00590007113174026,0.9320585549115628,0.05731851666412973,0.0002593042971729474,0.004463552995839199
693.0023223471853,0.005891509868937174,0.9322434837988951,0.05707788502456563,0.00022980364836025258,0.004557317659687789
693.2025541652573,0.005889774099781436,0.9323896714308374,0.05692743435142537,0.0002409972537454875,0.004552122864655986
693.4027859833293,0.0058562682581861265,0.9327265759461428,0.05670912564244196,0.0002648790856062847,0.00444315106806639
693.6030178014014,0.0058490322247548255,0.9327778434843595,0.05652194933275523,0.0002159309376082677,0.004635244020965941
693.8032496194734,0.005846522649746844,0.9330719203485339,0.056317450220274075,0.00023984414691804228,0.00452426263497102
694.0034814375454,0.005815821981746901,0.9333825079898087,0.0560962130977386,0.0002557700636011491,0.0044496868675506325
694.2037132556173,0.00580879566405583,0.9335569680971434,0.05585013719425995,0.00021946370507316327,0.004564635339911971
694.4039450736893,0.005803034548239792,0.9338050308496807,0.05563085465936779,0.00022419837182930226,0.004536881571326435
694.6041768917613,0.005780526474438153,0.9340853339922095,0.05543437408944328,0.00024951872768316395,0.0044502467166714675
694.8044087098333,0.005761723059670179,0.9343007193940649,0.0551925930606086,0.00022718558985769478,0.004517778896244903
695.0046405279053,0.00576716400960494,0.9343534844079815,0.055043924368776455,0.00020754702430941333,0.0046278801897742085
695.2048723459774,0.005741232042059677,0.9347190035524813,0.05484381580493496,0.0002495917960668623,0.004446356804905995
695.4051041640494,0.0057210718528732515,0.9348673307962294,0.0546330687625547,0.00021864468180121275,0.004559883906990513
695.6053359821213,0.005726798854127223,0.9350709883046915,0.05441744345934133,0.00020926166194597316,0.004575507720343622
695.8055678001933,0.005704329113114197,0.9353980411895017,0.05420378739206902,0.00023639630988926647,0.004457445995873644
696.0057996182653,0.005685774322735985,0.9356212618467947,0.05396393475887921,0.000218930350660159,0.004510098721378768
696.2060314363373,0.0056826903445744495,0.9358207140858769,0.05373294658117429,0.0002025191561916745,0.0045611298326311825
696.4062632544093,0.005672018796462803,0.936038868612562,0.05356833042271575,0.0002259900501190964,0.004494792118589512
696.6064950724813,0.0056453163371433055,0.9363165022814403,0.053339085758274875,0.00022686972602788594,0.0044722258975633065
696.8067268905534,0.005646952445167175,0.9363420883353317,0.053171925675944434,0.00018739943898187989,0.004651634105024994
697.0069587086253,0.005635104428366602,0.9366712288769492,0.0529825505067181,0.0002240147061242146,0.004487101482291426
697.2071905266973,0.005608423045591085,0.9369223066671395,0.05276273379454587,0.0002206859794333461,0.004485850513742241
697.4074223447693,0.005610646973580638,0.9370771428644912,0.05253293279165457,0.00019015826858663766,0.004589119102139269
697.6076541628413,0.005599254317126161,0.9373677626124373,0.052322705964987934,0.00020909832052331122,0.004501178785377441
697.8078859809133,0.005576990966661706,0.9376366516685471,0.05210509657797537,0.00021729487267657056,0.004463965914590811
698.0081177989853,0.0055684052778240374,0.9378265280287122,0.051865215809440535,0.00019299398947527494,0.004546856894999266
698.2083496170573,0.00556892429307461,0.9379456328205433,0.05171834609524309,0.0001953505764981446,0.0045717462150913395
698.4085814351293,0.005542054359681454,0.9382776305839551,0.05151096561731983,0.0002206832834395311,0.004448666156053291
698.6088132532013,0.005533027185202126,0.9383550838991729,0.051317680893293215,0.00018254690007727311,0.004611661122704256
698.8090450712733,0.005533988571890999,0.9386006775473753,0.05112621499358521,0.000194741904127522,0.004544376983469964
699.0092768893453,0.005509253626935653,0.9389122982366063,0.05091156095090031,0.00021254678174125808,0.004454340404265501
699.2095087074173,0.005501098667212133,0.9390835717573205,0.05067449304164096,0.0001837754614144998,0.004557061072860026
699.4097405254893,0.005497553954335515,0.9393173964365104,0.050457691718264155,0.00018392469993587054,0.004543433191402238
699.6099723435613,0.005480850790752553,0.93957701676287,0.050272494609187084,0.00020564605728782,0.004463991780350907
699.8102041616332,0.0054636125571556685,0.9398016205594705,0.050035966741049806,0.00019116286776917006,0.004507637275002142
700.0104359797053,0.005467879467542852,0.9398465040370179,0.049884882348606344,0.00016929132725829752,0.004631442820025783
700.2106677977773,0.005449160792772056,0.9401849775701774,0.04969890365126027,0.0002049353176155626,0.004462022668627394
700.4108996158493,0.005430280763185619,0.9403589349466599,0.04948744773574765,0.0001851758370969774,0.00453816071776344
700.6111314339213,0.005435690630764394,0.9405249518073473,0.0492828578848009,0.0001704633484928954,0.004586036329050599
700.8113632519933,0.005418876088171145,0.9408384041468539,0.04907731804179408,0.00019352286734357436,0.004471878856292612
701.0115950700653,0.005402118814712086,0.9410635197309981,0.04884817829182538,0.00018368891904238624,0.004502494243877663
701.2118268881372,0.005399279000757186,0.9412565721374321,0.04861962243481849,0.00016778040164510647,0.004556746025805558
701.4120587062092,0.005392800835469558,0.9414451231650075,0.04846341908297315,0.00018325689880999743,0.004515400018198887
701.6122905242813,0.005370181623932781,0.9417261282354951,0.04824461457859414,0.00018954862001730732,0.004469526942419805
701.8125223423533,0.005369471438056401,0.9417657768449383,0.04807242219786218,0.0001557547076498645,0.004636574811952348
702.0127541604253,0.005362974055352711,0.9420506531496948,0.04789748516319184,0.00018162495501815188,0.004507262677203006
702.2129859784973,0.005340367163629268,0.9423132771506985,0.04768365713801031,0.00018460663349817376,0.004478091914625708
702.4132177965693,0.005340747277886158,0.9424516979521723,0.04746361361510532,0.00015692799632333778,0.004587013158975779
702.6134496146412,0.0053331284526756655,0.942723067041592,0.04726000512455905,0.00017012008271996456,0.0045136792989161414
702.8136814327132,0.005315187819133286,0.9429828812631513,0.04705506430326479,0.00018034116174945306,0.004466525453164207
703.0139132507852,0.005306752566624682,0.9431747008677247,0.04682043751129983,0.0001612042391552524,0.00453690481566021
703.2141450688573,0.005308362479569072,0.9432722608723532,0.04667624088270179,0.00015754161583379108,0.0045855941500083505
703.4143768869293,0.005287384712130877,0.9435911008062836,0.04648319241511292,0.00018204708158701962,0.004456274985353343
703.6146087050013,0.00527748655578828,0.9436931937322929,0.04628761995056419,0.00015378337222412755,0.00458791638959786
703.8148405230733,0.005280393690162671,0.943893032321966,0.04610877525105499,0.00015709773328545385,0.004560701003999411
704.0150723411452,0.005260861974445711,0.9441987082261665,0.04590420430566333,0.00017481886663980626,0.004461406627553413
704.2153041592172,0.005252180265295757,0.9443693107031378,0.04567773615463221,0.00015334353636799804,0.004547429341034322
704.4155359772892,0.00525009722155102,0.9445869023584991,0.045466024924588955,0.00015031928926181046,0.004546656206570156
704.6157677953612,0.0052380872290467,0.944822758213357,0.045292877517109184,0.0001677571773323125,0.004478519863626832
704.8159996134333,0.00522262247211191,0.9450518431021803,0.045066168170381775,0.00015964472905227124,0.0044997215267451405
705.0162314315053,0.0052254928481824696,0.945095071456037,0.044912922061100265,0.00013805339023385634,0.004628460244918256
705.2164632495773,0.0052126199080526365,0.9454002055213285,0.04474255256046183,0.0001666574388743197,0.004477964571754814
705.4166950676492,0.0051955407855005,0.9455935459882837,0.04453511077797576,0.000155557442708082,0.004520245006005094
705.6169268857212,0.0052000054054917,0.945728811255831,0.04434114723148883,0.00013847460217771264,0.004591561505484206
705.8171587037932,0.005187763356140143,0.9460240264927647,0.04414591238849648,0.00015716946399408062,0.004485128299076687
706.0173905218652,0.005173093344548622,0.9462482857724656,0.043929655704571115,0.00015303956788747955,0.004495925611000682
706.2176223399372,0.00517030389378117,0.9464331709942172,0.04370699361576734,0.00013851082476023437,0.0045510206719479186
706.4178541580093,0.005166727343237054,0.9465941691559674,0.04355861468840576,0.0001474588516386583,0.004533029961223569
706.6180859760813,0.005147987796127581,0.9468718343399711,0.04335392385208251,0.0001569752491242275,0.0044692787631656515
706.8183177941532,0.00514550543683678,0.9469277328516389,0.043179144231712326,0.00012946162850656248,0.0046181558517758665
707.0185496122252,0.0051427954026052585,0.947167308397443,0.04301849168522019,0.00014609148215647574,0.0045253130330478565
707.2187814302972,0.0051240446074624696,0.9474339926409555,0.042814634226734996,0.0001528831791350945,0.004474445346186673
707.4190132483692,0.005122841179066948,0.9475619199222044,0.042604940671282204,0.00012934565526036566,0.004580952572661059
707.6192450664412,0.005118021601841074,0.9478114361720662,0.042409806938175754,0.0001377390534093887,0.004522996234981076
707.8194768845132,0.005103931949701221,0.9480576882094123,0.042218991863303336,0.00014826863961210407,0.004471119338443603
708.0197087025853,0.005095811055905617,0.9482488452202369,0.04199356979062088,0.00013394730806261576,0.004527826625646779
708.2199405206572,0.005097728720438004,0.948330499349375,0.04185154564766324,0.0001267104171457953,0.004593515865853062
708.4201723387292,0.005081838355043208,0.9486291182331689,0.041674884188207584,0.00014879944704118328,0.004465359777016576
708.6204041568012,0.0050717886758415275,0.9487525805582728,0.04148110438733217,0.00012898818231582427,0.0045655381967164965
708.8206359748732,0.005075511369793022,0.9489114447260186,0.04131409709874332,0.0001261642261299634,0.004572782579794931
709.0208677929452,0.005060411836916835,0.9492051517350409,0.04112213502112558,0.00014249328809366922,0.0044698081193019525
709.2210996110172,0.005051729362459604,0.9493761247699486,0.04090787091010297,0.0001274935209888718,0.004536781436978433
709.4213314290892,0.005050537777023243,0.9495760632547817,0.04070366095184523,0.0001225119085574596,0.00454722610827015
709.6215632471612,0.005042189241750982,0.949786662470148,0.04054263518481228,0.00013562404773659453,0.004492889056031421
709.8217950652332,0.005028602141248992,0.9500157885249295,0.04032937253274123,0.00013238523113255,0.004493851570426468
710.0220268833052,0.00503009542466971,0.9500620396176025,0.040175050343057316,0.00011272545864872158,0.0046200891565008105
710.2222587013772,0.0050218020958146745,0.95032971124707,0.04002059949942386,0.00013438383697421605,0.00449350332119425
710.4224905194492,0.005006786588076886,0.9505358157530882,0.03982135803060677,0.00012959966176657336,0.0045064399669369265
710.6227223375212,0.005010010480445958,0.9506475540930496,0.039637762773354325,0.00011240139441102432,0.00459227125921464
710.8229541555932,0.005001391759511395,0.9509207773233956,0.039454372771872234,0.000126846114448513,0.004496612031248834
711.0231859736651,0.004988911027588138,0.9511408318264083,0.03925267507116265,0.0001266040785040686,0.004490977996813281
711.2234177917372,0.004986071701530514,0.9513163348909526,0.03903901245843095,0.00011400331028584908,0.004544577639278011
711.4236496098092,0.004984385628423915,0.951452922632173,0.03889780037348063,0.00011801569142798339,0.00454687567496975
711.6238814278812,0.004969219396499062,0.9517211116996341,0.038709700281324456,0.00012895357884469235,0.00447101504417491
711.8241132459532,0.004965521091410282,0.9517934377997953,0.03853533631374937,0.0001075894810980815,0.004598115314426687
712.0243450640252,0.004965311412997399,0.9519891129111523,0.03838815456789472,0.00011679800819450725,0.004540623100241097
712.2245768820972,0.004950072401948594,0.9522530494955372,0.038197290806937484,0.0001254630724716426,0.004474124223582759
712.4248087001691,0.004947647545176597,0.9523751948361668,0.0379987638011471,0.00010657216444079542,0.0045718216535475835
712.6250405182411,0.0049448330286810584,0.9526009933412017,0.03781364063401105,0.00011116014737596431,0.004529372849207672
712.8252723363132,0.004934044917956649,0.9528300708895352,0.03763766937523437,0.00012085043982315947,0.004477364377927488
713.0255041543852,0.00492638291898211,0.9530183371620812,0.03742471561635791,0.00011077784528846761,0.004519786457770137
713.2257359724572,0.004928127021393162,0.9530892590295438,0.03728491962370861,0.0001019061214024774,0.004595788204433534
713.4259677905292,0.0049165084071871,0.9533620129172721,0.03712550937625781,0.00012063883202048436,0.004475330467744915
713.6261996086012,0.0049068280587020886,0.9535024214833985,0.03693745462788769,0.00010766646340119637,0.004545629367093139
713.8264314266731,0.004910583812309144,0.9536264871004614,0.0367814282757306,0.00010112287410775227,0.004580377937872235
714.0266632447451,0.004899184584896443,0.9539031910850123,0.03660372972827806,0.00011529421751374599,0.0044786003847803405
714.2268950628171,0.004890915293998452,0.9540742125304843,0.03640313474167876,0.00010562707898371529,0.004526110355335668
714.4271268808892,0.004890196727869352,0.9542557747080406,0.036208574194903344,9.968557623570465e-05,0.0045457687934338225
714.6273586989612,0.004884605406001209,0.954441061703484,0.03605930274394219,0.00010887446567089907,0.004506155681384087
714.8275905170332,0.0048729158749102625,0.9546660779074405,0.03586211597614648,0.00010909725063605473,0.004489792991349316
715.0278223351052,0.004873194547453141,0.954718352689034,0.03570846900569914,9.227571284984454e-05,0.004607708045445914
715.2280541531771,0.00486835271495179,0.9549466566151634,0.03556938686144156,0.00010762316899788194,0.004507980639927395
715.4282859712491,0.004855471955535567,0.9551589973329161,0.035381770744555174,0.00010713484794011302,0.0044966251195359365
715.6285177893211,0.004857399606778582,0.9552540734888367,0.035208530921011685,9.135377291828633e-05,0.0045886422109380235
715.8287496073931,0.004851590240480967,0.9555024564956014,0.035037992557255135,0.00010193567526706948,0.004506025031877591
716.0289814254652,0.004841251637115435,0.9557147784657223,0.034851970738644,0.00010403564487627532,0.004487963514127365
716.2292132435372,0.0048383303678630725,0.9558802399433179,0.03464994992698644,9.362873643108489e-05,0.004537851025885682
716.4294450616092,0.004837780064117208,0.9559961275301836,0.034515415629394954,9.421548550199304e-05,0.004556461291285418
716.6296768796811,0.004825815438782863,0.9562494329203055,0.03434525389699242,0.00010519780063545999,0.004474299943768603
716.8299086977531,0.00482139068048501,0.9563367389236901,0.03417450747942435,8.93764239332539e-05,0.0045779864929539425
717.0301405158251,0.0048226656391301154,0.9564919563397126,0.034039661429922506,9.304793653417753e-05,0.004552668655188696
717.2303723338971,0.004810533216501152,0.956747183861121,0.0338638711109847,0.0001021808870393163,0.004476230924841381
717.4306041519691,0.004807275340581593,0.9568667936622871,0.03367744977539344,8.784214399290739e-05,0.004560639078232622
717.6308359700411,0.004805830315156308,0.9570678419563453,0.03350357407822042,8.958447312923326e-05,0.004533169177637591
717.8310677881132,0.0047977773861160025,0.957277200338898,0.03334255899629382,9.779528507239151e-05,0.004484667994109918
718.0312996061851,0.004790694789693673,0.9574606390191215,0.03314457705945836,9.127318125822999e-05,0.0045128159509564255
718.2315314242571,0.004792008113040275,0.957525132870755,0.03300762883163811,8.216804712784238e-05,0.004593062137927282
718.4317632423291,0.004783874033516322,0.9577679818590289,0.03286536302428725,9.716589678049963e-05,0.00448561518687574
718.6319950604011,0.004774909795637557,0.9579203035925553,0.03268650428700942,8.943657135746606e-05,0.004528845753930008
718.8322268784731,0.004778205021452189,0.958016435123905,0.03254073713265468,8.113020505049989e-05,0.004583492517428369
719.0324586965451,0.004769838353252212,0.9582721030682398,0.032378221910085526,9.280280166376109e-05,0.004487033867249259
719.232690514617,0.004762273316078884,0.9584417501624692,0.032192488180476715,8.722576228121957e-05,0.004516262579184531
719.4329223326891,0.00476173400381187,0.9586049534896052,0.032009399669456755,8.109606632992526e-05,0.004542816771289097
719.6331541507611,0.004758144450881265,0.9587660326754521,0.03187131134751446,8.701632661272616e-05,0.004517495200031579
719.8333859688331,0.004748305947633101,0.9589830903256827,0.03169184691330983,8.945346440463889e-05,0.004487303349465539
720.0336177869051,0.004747601817212824,0.9590427869947105,0.031541052293837045,7.579619448692798e-05,0.004592762700249695
720.2338496049771,0.0047452418564862655,0.9592319340456296,0.03141624407981799,8.580598777813923e-05,0.0045207740307856474
720.4340814230491,0.004734436499123656,0.9594444187197387,0.031242806538611646,8.797762281713958e-05,0.004490360620207714
720.634313241121,0.004735170595452389,0.959528786212993,0.0310801533529184,7.449085094031443e-05,0.0045813989881936445
720.834545059193,0.004731484042342505,0.9597504284226152,0.030923046484612044,8.176028425676062e-05,0.004513280766671741
721.0347768772651,0.004723134042483964,0.9599516946233023,0.030753266250140937,8.500364443342303e-05,0.00448690144013628
721.2350086953371,0.004720147131335845,0.9601069204049689,0.030564990506957122,7.682500988897633e-05,0.00453111694734767
721.4352405134091,0.004720196210816568,0.9602059060707773,0.030436941756402016,7.527913727604941e-05,0.004561676825227056
721.6354723314811,0.0047110268317160356,0.9604398193133209,0.030285076916701178,8.535478888588345e-05,0.004478722149877799
721.8357041495531,0.0047062772840777735,0.9605394858156001,0.030121031210466127,7.421621871941553e-05,0.004558989471638384
722.035935967625,0.004708271945220135,0.9606592061072385,0.029997338716188517,7.410455181737709e-05,0.004561078680038392
722.236167785697,0.004698824729530019,0.9609006976977037,0.029837837233405974,8.27634124364732e-05,0.004479876927425696
722.436399603769,0.00469509815004367,0.9610195120247285,0.029664449795088803,7.248472425837492e-05,0.004548455306382315
722.6366314218411,0.004694524782805399,0.9611956660886569,0.029502772634540667,7.225179986956806e-05,0.004534784694628847
722.8368632399131,0.004688667571581755,0.9613838745762043,0.029356390959190234,7.874549452260088e-05,0.004492321399001139
723.0370950579851,0.004682258152441059,0.9615607339053635,0.029175103527037463,7.502437914437466e-05,0.00450688003651199
723.2373268760571,0.0046830391454593095,0.9616220127474441,0.02904208469695996,6.65908343153745e-05,0.004586272576321679
723.437558694129,0.004677659495719786,0.9618326240271153,0.02891613962323683,7.791724911628116e-05,0.0044956596053122855
723.637790512201,0.004669618209844904,0.961991680859244,0.028749283185576745,7.398942967714084e-05,0.004515428316159562
723.838022330273,0.004672186988668592,0.9620667578222812,0.028613298693883207,6.536384942188403e-05,0.004582392646246898
724.038254148345,0.004666258866484701,0.9622983658613178,0.028466294060720047,7.451007774445373e-05,0.004494571134234658
724.2384859664171,0.004659573407948412,0.9624644750746952,0.02829624767907628,7.184759437910894e-05,0.004507856244401242
724.4387177844891,0.00465902143669256,0.9626100283992614,0.028126080240011106,6.60814153574218e-05,0.004538788509178174
724.6389496025611,0.004656828532578154,0.9627488193579611,0.027998585873129186,6.947789443765666e-05,0.004526288342391723
724.839181420633,0.004648742966309234,0.9629544223514904,0.027837587358445874,7.309992152797383e-05,0.004486147402727602
725.039413238705,0.004647306721509303,0.9630215605962079,0.027691983412832643,6.252595521989749e-05,0.004576623314731934
725.239645056777,0.004646624507773121,0.9631736283005311,0.02758009280879342,6.832253573405579e-05,0.0045313318476701715
725.439876874849,0.00463775471776464,0.9633808298430777,0.027422501860935193,7.190530849353558e-05,0.004487008270230571
725.640108692921,0.004637489912841714,0.9634591686519314,0.02727084488117057,6.105579045862594e-05,0.004571440764098557
725.8403405109931,0.00463535504070191,0.9636531503821826,0.027127413427225855,6.563719328531117e-05,0.004518443957106108
726.0405723290651,0.0046287742531447235,0.9638405446155661,0.026973951970708863,6.918135129391925e-05,0.004487547809789691
726.240804147137,0.004625770479641617,0.9639856532199251,0.026800943530712315,6.308856299470495e-05,0.004524544207232385
726.441035965209,0.004626058157706517,0.96407124141058,0.026679513787527524,6.042278596269831e-05,0.0045627638587285866
726.641267783281,0.0046192668596203666,0.9642823107477317,0.02654550780881414,6.903042287335738e-05,0.004483884161465985
726.841499601353,0.004614503464791802,0.9643910026916865,0.026390878807923932,6.163369902455212e-05,0.004541981337078653
727.041731419425,0.004616673575494191,0.9644811083693491,0.02627729926984081,5.923180479422323e-05,0.004565686981027088
727.241963237497,0.0046095019171698,0.9647048136250176,0.02613455470541869,6.685525398307238e-05,0.004484274498915309
727.4421950555691,0.004605618245397694,0.9648232113946017,0.025974991429948264,5.99336576250412e-05,0.004536245272932794
727.642426873641,0.004605537200356206,0.9649752043504031,0.025826189235453923,5.846932218884958e-05,0.004534599892104683
727.842658691713,0.004601390781546383,0.9651418666256639,0.025693854164197182,6.329028284513318e-05,0.004499598146253658
728.042890509785,0.004595719967795186,0.9653104952048394,0.025530227446442552,6.163841389868393e-05,0.004501918967531413
728.243122327857,0.00459596768621222,0.9653706340422011,0.02540251375151267,5.437056997187629e-05,0.004576513950609463
728.443354145929,0.004592688160904781,0.9655483746651403,0.02529160892907046,6.239739569827878e-05,0.004504930849694961
728.643585964001,0.0045856713651850475,0.9657092018370557,0.02513879882132146,6.105594719262046e-05,0.004505272029755887
728.843817782073,0.004587417739684313,0.9657695457618092,0.025012388369514305,5.3061147987096683e-05,0.004577586981516451
729.0440496001451,0.004583408542119654,0.9659750901412233,0.024880762460637716,5.98674638374271e-05,0.00450087139269364
729.244281418217,0.0045776800618369,0.9661351462431947,0.02472682245715351,5.91143365976773e-05,0.004501236901727685
729.444513236289,0.004577005695615015,0.9662643146625625,0.024570624000091124,5.406061876935044e-05,0.004533995023473053
729.644745054361,0.004575743204944836,0.9663831947881798,0.02445323733285559,5.565014275323309e-05,0.004532174531777368
729.844976872433,0.004569273120938324,0.9665742876950918,0.024310672281531175,5.966974160485828e-05,0.004486097161347914
730.045208690505,0.004567343405502393,0.9666478240384655,0.024172510149108435,5.184862670214637e-05,0.004560473780738211
730.245440508577,0.004567696489331418,0.9667663787953998,0.024072147221509927,5.455315119103491e-05,0.004539224343086678
730.445672326649,0.004560578855177234,0.9669636697440606,0.02393124763569065,5.8651869326520144e-05,0.004485851896263037
730.645904144721,0.004559551753577213,0.9670392257085337,0.023791075549887023,5.039413711449261e-05,0.004559752851404038
730.846135962793,0.004558500031103387,0.9672056122201219,0.02366130084522231,5.2916634091405454e-05,0.004521670269980073
731.046367780865,0.004553437641652199,0.9673770207981922,0.023523842246333658,5.6236209263990354e-05,0.004489463105077226
731.246599598937,0.004550485155619772,0.9675122711699566,0.023367035341625438,5.1966443493099284e-05,0.004518241889825687
731.446831417009,0.004550785297656168,0.9675874184345359,0.02325263679380292,4.890644371051114e-05,0.004560253030812668
731.647063235081,0.004545961930977458,0.9677733675889745,0.02313547348416509,5.581095092667939e-05,0.0044893860454751225
731.847295053153,0.004541412432983997,0.9678874423277279,0.02299244107503943,5.1252303757694416e-05,0.004527451861009681
732.0475268712249,0.004543399513067788,0.9679541367608032,0.02288817487049668,4.772699211823145e-05,0.004566561864031341
732.247758689297,0.0045381208394319975,0.9681570002325912,0.022762045160857933,5.404843941423237e-05,0.004488785328220705
732.447990507369,0.004534326656149654,0.9682742759846673,0.02261686259113444,4.972078303626314e-05,0.004524813985526628
732.648222325441,0.004534459943952106,0.9684036284105992,0.022481348300064537,4.762157174218403e-05,0.004532941774159801
732.848454143513,0.004531608061859971,0.9685492107873729,0.022362352617653736,5.098198587581628e-05,0.00450584654775478
733.048685961585,0.004526712187541862,0.9687080199240977,0.022216659998082814,5.0738984063565526e-05,0.00449786890673214
733.248917779657,0.004526485436019773,0.96876805173972,0.02209573078859793,4.48229022475637e-05,0.004564909133933153
733.4491495977289,0.00452473767099304,0.9689138592771155,0.02199836802106131,5.00996154662573e-05,0.004512935415882616
733.6493814158009,0.004518771569129438,0.9690719514088445,0.02186087499953239,5.037933290292626e-05,0.00449802269010928
733.849613233873,0.00451971870652575,0.9691229030573901,0.021744053036199293,4.354134870601191e-05,0.004569783851696972
734.049845051945,0.004517179556966903,0.9693014028664103,0.021627332833164786,4.832355872348473e-05,0.0045057611852528994
734.250076870017,0.004512409777794265,0.969452898422308,0.021489520129921478,4.869161523463347e-05,0.004496480055258457
734.450308688089,0.004511568136802735,0.9695673078423205,0.02134793087781002,4.452456941240534e-05,0.004528668574171762
734.650540506161,0.004510890157597062,0.9696687929645114,0.02124032206341805,4.4923939873195076e-05,0.004535070875116285
734.8507723242329,0.004505869112619321,0.9698428758655019,0.02111553795898881,4.8793971263597495e-05,0.004486923092143541
735.0510041423049,0.004503656422465979,0.969921054185517,0.020986778888283437,4.327340735769565e-05,0.004545237096895581
735.2512359603769,0.004504552447840772,0.9700106865000084,0.020896680106508074,4.389284712660116e-05,0.0045441880990356705
735.451467778449,0.004498984555961241,0.9701943062930275,0.02077260511668821,4.7913524956603144e-05,0.0044861905098857
735.651699596521,0.004497437995272696,0.9702689168724559,0.02064437920508544,4.1957865856264784e-05,0.0045473080618475175
735.851931414593,0.004497091952073901,0.9704087127955855,0.020528035808167464,4.3004089323703006e-05,0.00452315535536991
736.052163232665,0.004493292320492554,0.9705628082781318,0.02040597729870352,4.582607712615101e-05,0.00449209602606538
736.2523950507369,0.004490467538953249,0.970688444881208,0.020265744977560708,4.305064374191011e-05,0.004512291959057228
736.4526268688089,0.004490653024720439,0.9707554391659572,0.020158973497279874,4.006602291300201e-05,0.004554868289651037
736.6528586868809,0.004487407697046535,0.9709152205385485,0.02005727553445454,4.5279221402018746e-05,0.004494817009069348
736.8530905049529,0.004483228901704297,0.9710310573108453,0.019927392175255833,4.276238982281217e-05,0.004515559222892984
737.053322323025,0.004484824439790921,0.9710803213398249,0.019831902545244695,3.8945012249946473e-05,0.004564006663410866
737.253554141097,0.004481089936471688,0.9712602846468498,0.01972177836485561,4.391174689500336e-05,0.004492935305449946
737.453785959169,0.004477565138436714,0.9713749932083123,0.019591244592296372,4.1460752847016186e-05,0.004514736308628935
737.6540177772409,0.004477721088122005,0.9714838495444809,0.019469178448091512,3.9170681103018745e-05,0.004530080238727934
737.8542495953129,0.004475819992623626,0.9716094582835383,0.019362794973762545,4.135734003274998e-05,0.004510569410565098
738.0544814133849,0.004471706524566006,0.971756940676708,0.01923471340715028,4.19703331749134e-05,0.004494669058920424
738.2547132314569,0.004471095537055573,0.9718170495537352,0.019121973381711635,3.7384618957502595e-05,0.004552496909060941
738.4549450495289,0.004470400855529504,0.9719331895873844,0.01903663197856332,4.052534203833104e-05,0.004519252237003988
738.655176867601,0.00446545968796091,0.9720846529261303,0.01891500531780959,4.17026006513109e-05,0.004493179467969102
738.855408685673,0.004465707237195432,0.972130325034183,0.018807923850942276,3.621983528943888e-05,0.004559824042909751
739.0556405037449,0.00446425499138924,0.9722818013106438,0.01870539576154946,3.935448692087995e-05,0.00450919345001719
739.2558723218169,0.00446039211700252,0.9724225241503888,0.01858338040208448,4.027569733410699e-05,0.0044934276337085894
739.4561041398889,0.004459387501666166,0.9725239426709614,0.01845664506173476,3.7030819446534096e-05,0.004522993946709532
739.6563359579609,0.004459047279112846,0.9726104408147422,0.018358635604952187,3.672509975169007e-05,0.004535151201957832
739.8565677760329,0.004455289342228395,0.9727656888900263,0.018250528506811442,4.0114727483066133e-05,0.004488378533968661
740.0567995941049,0.004452969842393459,0.9728463737124148,0.018132703667281716,3.6413041589114367e-05,0.004531539736839398
740.257031412177,0.004454050449928114,0.9729122014673725,0.018051822079745806,3.5775129572599966e-05,0.00454615087389804
740.4572632302489,0.004449825462947758,0.9730792808888449,0.017944130723472142,3.9365337684138125e-05,0.004487397587567965
740.6574950483209,0.004447984404347239,0.97315354816473,0.01782819117775785,3.5301417184811944e-05,0.004534974836495857
740.8577268663929,0.004448048023144836,0.9732685900617983,0.017724887796005957,3.5373387264819044e-05,0.004523100732303124
741.0579586844649,0.004445269118976187,0.9734048118830201,0.017617439762590937,3.7604674540450515e-05,0.004494874561388574
741.2581905025369,0.0044426471777806766,0.9735209563107992,0.017493650512166257,3.597710880636507e-05,0.00450676889096482
741.4584223206089,0.004442660802264974,0.9735814124298628,0.017395169059802318,3.333196672306542e-05,0.004547425741863839
741.6586541386808,0.004440633994205973,0.9737151765612243,0.017307391218547217,3.70298106860306e-05,0.004499768415853791
741.8588859567529,0.004436925065144006,0.9738294158865094,0.01719156033241411,3.589861805548791e-05,0.00450620009839461
742.0591177748249,0.004438036568403651,0.9738665751478692,0.01710453850724416,3.231718733736355e-05,0.004558532589664409
742.2593495928969,0.004435532630125331,0.9740225621964874,0.017009480193510923,3.601932635391246e-05,0.00449640565404068
742.4595814109689,0.0044323951025977545,0.9741328748123119,0.016893559828772144,3.483567588235552e-05,0.004506334580954589
742.6598132290409,0.004432454848830619,0.9742237863057944,0.01678486060785734,3.2654810476946545e-05,0.004526243427561293
742.8600450471129,0.00443123010762944,0.9743309361116018,0.016690397086554707,3.3962986289593485e-05,0.004513473708444602
743.0602768651848,0.0044278789426511755,0.9744657365617121,0.016579127850415164,3.500409808778291e-05,0.004492252547653421
743.2605086832568,0.004426986618131431,0.9745254973683299,0.016475763427746818,3.160559819147971e-05,0.004540146988121108
743.4607405013288,0.0044269555698328725,0.9746152364386372,0.01640103817529594,3.320298658448892e-05,0.004523566830168534
743.6609723194009,0.004422978531587072,0.9747568709735637,0.016295199123976076,3.4767989755797334e-05,0.004490183381635751
743.8612041374729,0.004422668350902238,0.9748000763052516,0.01619804885969801,3.061313410429441e-05,0.004548593350561329
744.0614359555449,0.004421980804859354,0.9749254907626923,0.016108841981807853,3.248458634601108e-05,0.004511201864813277
744.2616677736169,0.004418938936490434,0.9750537167887501,0.016002012525127743,3.3585080864775445e-05,0.004491746669283071
744.4618995916888,0.004417810249545042,0.9751438482138514,0.01589000841854985,3.119863590701749e-05,0.00451713448266382
744.6621314097608,0.004417639425070538,0.9752175027954552,0.01580152465572376,3.0538884543069634e-05,0.0045327942397228845
744.8623632278328,0.004414948305557312,0.9753528597246646,0.015708705764931646,3.329403121921215e-05,0.004490192174143155
745.0625950459048,0.0044126633329964774,0.9754338155265694,0.015602842436874079,3.095935640901171e-05,0.004519719347667002
745.2628268639769,0.0044136860499871785,0.975481010926378,0.015530375235145865,2.9688731290477106e-05,0.0045452390577133215
745.4630586820489,0.004410600369455044,0.9756295689907896,0.015438195946597448,3.267824557732563e-05,0.004488956448095864
745.6632905001209,0.004408657076924555,0.9757031314558517,0.015334693750497485,3.0068514058161213e-05,0.004523449203183197
745.8635223181928,0.004408907624881554,0.9757959174425442,0.015243903278169693,2.956950236143125e-05,0.00452170215255982
746.0637541362648,0.004406932141549825,0.9759143766945096,0.015150171738192974,3.123006211157247e-05,0.004497289364151595
746.2639859543368,0.004404578748659998,0.9760209821742195,0.015042268782849907,3.0424127817719874e-05,0.004501746166969748
746.4642177724088,0.0044044104064438205,0.9760759254286324,0.0149526914057375,2.8232898030435296e-05,0.004538739861672296
746.6644495904808,0.00440328093882551,0.9761849017378017,0.014877275222560781,3.067963085953836e-05,0.004503862470468297
746.8646814085529,0.004400095577089282,0.9762946025689688,0.014775786987686624,3.042385135687498e-05,0.00449909101541285
747.0649132266249,0.004400715965299289,0.9763240375137826,0.014697083881484146,2.7359959088149533e-05,0.004550802680859648
747.2651450446969,0.004399163315943511,0.9764559182500471,0.014615943167228331,2.9971006553151117e-05,0.004499004260742894
747.4653768627688,0.004396477078902468,0.9765599439435692,0.014514313583324213,2.9578264558044983e-05,0.004499687130161993
747.6656086808408,0.0043963817053868865,0.9766356273083896,0.014418672451482751,2.7681901661476343e-05,0.0045216366335975285
747.8658404989128,0.004395620943060881,0.9767260365383438,0.014335487959624478,2.837520806194212e-05,0.0045144793514234815
748.0660723169848,0.004392986735073311,0.9768470537402927,0.014239889715440995,2.9541559267856527e-05,0.0044905282504395395
748.2663041350568,0.004391916468724389,0.9769056729562589,0.01414676987422389,2.7130666861607082e-05,0.004528510034447086
748.4665359531289,0.004392245546908469,0.9769729040913846,0.014081448945334005,2.7699658889037098e-05,0.004525701757998272
748.6667677712009,0.004389148453126156,0.9771022370212563,0.013990808056994562,2.9319184783794004e-05,0.004488487284353558
748.8669995892728,0.004388438324791779,0.9771445675636127,0.013903727945203571,2.6331577680834703e-05,0.0045369345892256815
749.0672314073448,0.004388250205309399,0.9772457098683641,0.013826879839013862,2.72942727743162e-05,0.004511865815053015
749.2674632254168,0.004385924968412792,0.9773602968679593,0.013734418141318396,2.8353997956452655e-05,0.004491006024867486
749.4676950434888,0.004384732045610215,0.9774406185380766,0.013636696579729466,2.6701867104349085e-05,0.004511250969994165
749.6679268615608,0.0043846221264888735,0.9775032387457708,0.013557701824411796,2.5921219333953748e-05,0.004528516084508886
749.8681586796328,0.00438280000748655,0.9776184587378239,0.013478647989055596,2.8017801168063108e-05,0.004492075464979561
750.0683904977049,0.004380658191191601,0.9776975592078789,0.013385255122571346,2.666055216826181e-05,0.004509866926703486
750.2686223157768,0.004381477620141821,0.9777309472567087,0.013320622182158843,2.518697353561566e-05,0.004541765967966571
750.4688541338488,0.0043793347534165335,0.9778598707499364,0.013242788486230088,2.7533909365417263e-05,0.004490472101563273
750.6690859519208,0.004377441387224799,0.977931721838193,0.013151648066948733,2.5975050347179094e-05,0.0045132136577974045
750.8693177699928,0.004377721737706503,0.9780051928490747,0.013072730380902212,2.5205602343717056e-05,0.004519149430485836
751.0695495880648,0.004376362405496738,0.9781065351493294,0.012991775950007016,2.6375041508815195e-05,0.0044989514541687895
751.2697814061368,0.004374327197470582,0.9782034065042254,0.012898869985864555,2.6110448156074526e-05,0.004497285864793685
751.4700132242087,0.004373996565888848,0.9782534071141005,0.012818663051795702,2.4389158169231618e-05,0.004529544110556866
751.6702450422808,0.00437348766339032,0.9783397070378559,0.012754145665287289,2.587577755744171e-05,0.004506783856419647
751.8704768603528,0.004370844134647381,0.9784424351125561,0.012666754691466935,2.6120314135779174e-05,0.0044938457477042065
752.0707086784248,0.004371025003689738,0.9784674430353862,0.012596300170731371,2.3675265516960357e-05,0.004541556525184699
752.2709404964968,0.004370177604812371,0.9785759661973887,0.012527820131124657,2.5405144748532867e-05,0.004500630922436146
752.4711723145688,0.004367962667036094,0.9786720046448496,0.012439908047286067,2.545802755921446e-05,0.004494666613778312
752.6714041326408,0.0043677004416410896,0.97873510912439,0.012356807807129387,2.3922589723316708e-05,0.004516460037625655
752.8716359507127,0.004367244260297917,0.9788105427468979,0.012284301988367878,2.4214293038574447e-05,0.004513696711907476
753.0718677687847,0.004365259790863382,0.978917034621947,0.012203021990048692,2.531472302302842e-05,0.0044893688746267596
753.2720995868568,0.004364107687294457,0.9789735591963529,0.012120644749863801,2.368032983309309e-05,0.004518008037164522
753.4723314049288,0.0043645736328930184,0.9790224222476076,0.012063733845667376,2.3630267403239883e-05,0.004525640006937786
753.6725632230008,0.004362256913754371,0.9791377101131037,0.011987317778116416,2.5108509846956047e-05,0.004487606685686816
753.8727950410728,0.004361301418985891,0.979179730485055,0.011910326666541264,2.3068033210544483e-05,0.004525573396712437
754.0730268591448,0.0043614011129379775,0.979259052758492,0.011844831451909744,2.3423384041098336e-05,0.004511291293125874
754.2732586772167,0.004359681486814052,0.9793594505176391,0.011765780163051427,2.433321548847222e-05,0.004490754617512154
754.4734904952887,0.004358492541570242,0.9794311166083913,0.011681619042794852,2.3265015998635578e-05,0.004505506791747407
754.6737223133607,0.004358379413368208,0.9794841806800524,0.011612043046132189,2.250334963308634e-05,0.004522893511316092
754.8739541314328,0.004357235318944285,0.9795798056442959,0.011545219718385171,2.4001070649431746e-05,0.004493738248228141
755.0741859495048,0.004355315425831921,0.9796551728532384,0.011464320422906862,2.3306681698709146e-05,0.00450188461682791
755.2744177675768,0.004355864247331936,0.9796789345414393,0.011407110910486426,2.1893874583067295e-05,0.004536196426661343
755.4746495856488,0.004354477370648201,0.9797879411302237,0.011342280763745001,2.3638804531552073e-05,0.0044916619313537
755.6748814037207,0.00435274425811476,0.9798567454187884,0.011263192682285192,2.279432477492247e-05,0.004504523316538626
755.8751132217927,0.00435295494431223,0.9799140414594034,0.011195413177839831,2.195943538599959e-05,0.004515630983562736
756.0753450398647,0.004352055656578416,0.9799992993895189,0.011126285993894125,2.2739117668645783e-05,0.0044996198428445865
756.2755768579367,0.004350367471993665,0.9800861633829736,0.01104725238491896,2.2794433672619834e-05,0.004493422326945801
756.4758086760088,0.00434991133799585,0.980131486703055,0.010976664012327834,2.150208202575723e-05,0.004520435865101108
756.6760404940808,0.004349794488173196,0.9801978498554494,0.010921741026023703,2.230276651932815e-05,0.004508311864338897
756.8762723121528,0.004347683299268161,0.980291714985785,0.010847769866982224,2.2787863005541426e-05,0.004490043985463495
757.0765041302247,0.004347512013412039,0.9803145113982299,0.010785495839373355,2.0945964128078114e-05,0.004531534785361421
757.2767359482967,0.004347156904052507,0.9804011980905918,0.010728386509781486,2.2006686549572353e-05,0.0045012518095301195
757.4769677663687,0.004345399660704665,0.9804879098659673,0.01065341533107922,2.2273364474545256e-05,0.004491001778278919
757.6771995844407,0.004344993257914454,0.9805408241292325,0.010582157183157297,2.110474156047214e-05,0.004510920688641312
757.8774314025127,0.004344725839274973,0.9806029927180699,0.01051974441490384,2.1154303692290192e-05,0.0045113827245637575
758.0776632205848,0.004343306611534513,0.9806946603134851,0.01045133543027351,2.208784338419688e-05,0.004488609801827812
758.2778950386568,0.0043421565906540316,0.9807481384873787,0.010379816330368299,2.1034594068979626e-05,0.004508853998034804
758.4781268567287,0.004342608321962365,0.9807826758384797,0.010330521810900602,2.0664395925462894e-05,0.004523529633234476
758.6783586748007,0.004340962814816841,0.9808828888106446,0.01026709844495101,2.1905987862423364e-05,0.004487143942227021
758.8785904928727,0.004339900206375979,0.9809243959916597,0.010200054160917264,2.058490282771798e-05,0.004515064738720599
759.0788223109447,0.0043401268800520995,0.9809848063329656,0.010144894356308167,2.0570912624443283e-05,0.004509601518552934
759.2790541290167,0.004338903645753148,0.9810710064116068,0.0100782108666882,2.1294115504093215e-05,0.0044905849609501525
759.4792859470887,0.004337784367181963,0.981134823651467,0.010006676046411455,2.0659308540117446e-05,0.0045000566269002675
759.6795177651608,0.004337635998750618,0.9811795301290944,0.009946355666043794,1.998905809984761e-05,0.004516489148512833
759.8797495832328,0.004336993393228807,0.9812567999230798,0.00989030550146324,2.0991163885534632e-05,0.004494910018843792
760.0799814013047,0.004335347014661194,0.981326881754358,0.00982150241021487,2.0719461927102745e-05,0.004495549359338797
760.2802132193767,0.004335617150042036,0.98134437763293,0.009771406939550973,1.950361030100186e-05,0.004529094667675528
760.4804450374487,0.004334811826781009,0.9814339560754395,0.009718161695470295,2.0732521616829842e-05,0.004492337881192446
760.6806768555207,0.004333309754992396,0.9814983230655284,0.009650599751516645,2.0343031459389728e-05,0.004497424397003246
760.8809086735927,0.004333400305081606,0.9815425443340648,0.009593145953862691,1.956695796673834e-05,0.004511342449524403
761.0811404916647,0.004332834477080285,0.9816130019705582,0.009534900398680816,2.0056471712389922e-05,0.004499206682468512
761.2813723097368,0.004331499162889758,0.9816896075385835,0.00946847272157152,2.0270935824228593e-05,0.004490149641631901
761.4816041278087,0.004330962441345858,0.9817303519365466,0.009407495141195876,1.9339677638532993e-05,0.0045118508037764495
761.6818359458807,0.004331058712244165,0.9817798662371093,0.009361043003964788,1.9686223582549116e-05,0.004508345823600952
761.8820677639527,0.004329448344991255,0.9818635271521602,0.009299496266103257,2.0244284399451266e-05,0.004487283952847854
762.0822995820247,0.004329028751116383,0.9818853596215268,0.009245274093648961,1.8925733840725595e-05,0.004521411800368261
762.2825314000967,0.004328986991344651,0.9819523564740014,0.009198264938448905,1.950886815511489e-05,0.004500882728553007
762.4827632181687,0.004327650265857175,0.9820288533142765,0.00913530518155918,1.9846284572687408e-05,0.0044883449542372465
762.6829950362406,0.0043271442347118,0.98207357482737,0.009075043033307332,1.900663253836399e-05,0.004505231272575198
762.8832268543127,0.004326984555316179,0.9821240855174428,0.009022121952542832,1.8925176657438297e-05,0.004507882798543049
763.0834586723847,0.0043260347254258725,0.9822011176261002,0.00896513600441965,1.9656216222497653e-05,0.004488055428335971
763.2836904904567,0.0043249555433316385,0.9822507065515446,0.008904231705553186,1.901815086446914e-05,0.0045010880492083434
763.4839223085287,0.004325303971975477,0.9822745878544696,0.008861918128181235,1.8527214919927914e-05,0.004519662830953187
763.6841541266007,0.0043242156145115885,0.982359378299983,0.008810110647903636,1.95047552049074e-05,0.004486790682897238
763.8843859446727,0.004323159551516369,0.9823996801496271,0.008752694867994985,1.8698818449938803e-05,0.004505766612911736
764.0846177627446,0.0043234000271325885,0.9824443133675869,0.008706860167124344,1.8489824370904157e-05,0.0045069366142879465
764.2848495808166,0.004322571338235133,0.9825167632236707,0.00865145572235617,1.9031489467983297e-05,0.004490178226772395
764.4850813988887,0.004321576355656238,0.9825732302962733,0.00859146687994707,1.8696525017567658e-05,0.0044950299436071995
764.6853132169607,0.0043213833226983835,0.9826105710260991,0.008540105633958137,1.814549624386598e-05,0.004509794521504218
764.8855450350327,0.0043210865899581605,0.982671276148163,0.00849350094958558,1.8768003374455196e-05,0.004495368309422072
765.0857768531047,0.004319740548380488,0.982734878451781,0.008436060874485955,1.8745137293472128e-05,0.004490574988563403
765.2860086711767,0.004319764999461735,0.9827485918884402,0.008392804307472159,1.7774334835600093e-05,0.004521064470294336
765.4862404892486,0.0043193825321803745,0.9828199118063915,0.008349725448901408,1.8590912908222565e-05,0.004492389300123572
765.6864723073206,0.0043181476010328785,0.9828786055946681,0.008292979717878362,1.847002156928951e-05,0.0044917970653554655
765.8867041253926,0.004318106909116768,0.9829126066152041,0.008244977768996927,1.7815007729966872e-05,0.004506493699456164
766.0869359434647,0.004317774300460454,0.9829696918267201,0.00819667323765091,1.8100123180867124e-05,0.004497760512490581
766.2871677615367,0.004316775468120702,0.9830359164151828,0.008141526142062002,1.836754321930006e-05,0.004487414431916167
766.4873995796087,0.004316204866893149,0.9830721220530629,0.008089890059884043,1.7722646734076568e-05,0.004504060373926995
766.6876313976807,0.004316383625115246,0.9831079516512504,0.008050956937244285,1.7794265411779708e-05,0.004506913521478407
766.8878632157526,0.004315225071662241,0.9831806031171235,0.008000632985122071,1.8327011896254482e-05,0.004485211814696152
767.0880950338246,0.00431466183293666,0.9832019396994346,0.007954230699430877,1.742697609037515e-05,0.004511740792607333
767.2883268518966,0.004314789910796837,0.9832518378449089,0.007916103298355699,1.7691434573963773e-05,0.004499577511864412
767.4885586699686,0.00431382190152547,0.9833177043036057,0.007864120420049553,1.802022189277704e-05,0.0044863331534269095
767.6887904880407,0.004313270909903989,0.9833557798606246,0.007813900726161598,1.745033238725838e-05,0.004499598171422595
767.8890223061127,0.004313165071807227,0.9833961255543652,0.007769826951739816,1.7310103426622425e-05,0.00450357231916095
768.0892541241847,0.004312584465671073,0.9834591926996046,0.007722881431552146,1.784475842913821e-05,0.004487496645242383
768.2894859422566,0.004311628065277716,0.9835042181817236,0.007672039902993992,1.748970881737788e-05,0.004494624141687003
768.4897177603286,0.00431183438137739,0.983520554102938,0.007636176630451802,1.6997324085599926e-05,0.00451443756164742
768.6899495784006,0.004311188562368005,0.9835902063526032,0.007594559293526149,1.772500116160236e-05,0.00448632079084335
768.8901813964726,0.004310223891561007,0.9836283802023511,0.007546283195667849,1.7267985845942355e-05,0.004497844725076232
769.0904132145446,0.004310408428560985,0.9836603700727743,0.007508780562651941,1.6981604574623853e-05,0.004503459331942383
769.2906450326166,0.004309883074614406,0.9837198738087443,0.007463546633922144,1.7367119823236648e-05,0.004489329363398825
769.4908768506887,0.004309050369690985,0.9837692677561364,0.007413942136921952,1.7224242677204344e-05,0.004490515495075637
769.6911086687606,0.004308818519604797,0.9838000994182534,0.007371091152298882,1.679359026624718e-05,0.0045031973200803255
769.8913404868326,0.004308737925180291,0.9838463975194784,0.007332753578415093,1.714514694486919e-05,0.00449496583048559
770.0915723049046,0.004307696702598659,0.9839026898378401,0.007285700236559717,1.7252110491195956e-05,0.004486661113013339
770.2918041229766,0.004307532834349687,0.9839142737576714,0.007248986064998999,1.652075288117844e-05,0.004512686590601535
770.4920359410486,0.004307434030604049,0.9839690633802203,0.007214709612212789,1.7027585757303425e-05,0.004491765391708828
770.6922677591206,0.004306473878437633,0.9840211400072562,0.007167927281693123,1.705004378681032e-05,0.0044874087893313494
770.8924995771926,0.004306319646809981,0.9840473792108814,0.007128459760478966,1.6535347057878557e-05,0.004501306035277922
771.0927313952647,0.004306142669434501,0.9840925879349696,0.007089154654813801,1.6683813234118575e-05,0.004495430928054157
771.2929632133366,0.004305445248221484,0.9841485263949984,0.0070439710101314595,1.6941871504660484e-05,0.004485115475652213
771.4931950314086,0.004304884675864981,0.9841802458003975,0.007001167113766897,1.6513298454342524e-05,0.004497189112022403
771.6934268494806,0.004305059847377802,0.9842053973922648,0.006968943034390566,1.6437564180389183e-05,0.004504162162291581
771.8936586675526,0.004304290785422078,0.9842667449945536,0.00692853417208846,1.6895570126009225e-05,0.004483534478313974
772.0938904856246,0.004303677623033975,0.9842874980933358,0.006889595026595816,1.630934462199864e-05,0.004502919912915419
772.2941223036966,0.004303868207805363,0.9843231302901889,0.006859200510182895,1.6377481365398526e-05,0.004497423510960637
772.4943541217685,0.004303209860723536,0.9843783935165735,0.0068170968903258225,1.6660254789256872e-05,0.004484639478091436
772.6945859398406,0.004302668404201123,0.9844109282409501,0.00677590084225045,1.6295954770965074e-05,0.004494206558329389
772.8948177579126,0.004302583241450556,0.9844424984158371,0.006739968335325938,1.6140486407494795e-05,0.004498809521481173
773.0950495759846,0.004302274745790989,0.9844926955866419,0.0067017847964739655,1.6507085933099537e-05,0.004486737785663205
773.2952813940566,0.004301475645634844,0.9845326764705459,0.006660212930677536,1.6335309856040106e-05,0.004489299643788627
773.4955132121286,0.004301538823984214,0.9845439279186581,0.006630321558524651,1.5902528017115736e-05,0.00450830917131918
773.6957450302006,0.004301224864451304,0.9845992863019328,0.006597493275097558,1.6416151675095535e-05,0.004485579407346484
773.8959768482725,0.004300406873372663,0.9846343940463256,0.006557718204306137,1.6182589926609958e-05,0.004491298286573147
774.0962086663445,0.004300503170825509,0.9846566709664185,0.006527577811109098,1.5890650005086274e-05,0.0044993574021467125
774.2964404844166,0.004300202162131397,0.9847042946542662,0.006491403491398709,1.6152018788301458e-05,0.00448794767392073
774.4966723024886,0.004299550612828952,0.9847467807676161,0.006450998725603547,1.612117164869939e-05,0.004486548722809344
774.6969041205606,0.004299295227377116,0.9847718803108688,0.006416058051700791,1.579816732283774e-05,0.004496968243238279
774.8971359386326,0.0042993298735726935,0.9848061013282016,0.006384952823521125,1.596935967891218e-05,0.004493646615531469
775.0973677567046,0.00429857847742131,0.9848546087112221,0.006347158699128016,1.6129535235326164e-05,0.0044835245774991015
775.2975995747765,0.004298293621819426,0.9848650078455906,0.006316630796005281,1.5604666009568796e-05,0.004504463071080749
775.4978313928485,0.004298362346071524,0.9849054028146246,0.006289881207555449,1.5892092116918632e-05,0.0044904615401376675
775.6980632109205,0.004297662853879256,0.9849502792948228,0.006252108903715279,1.5979205808725e-05,0.004483969742280976
775.8982950289926,0.004297430588036827,0.9849707349200659,0.006220234625433724,1.559783759697809e-05,0.004496002029375144
776.0985268470646,0.0042973507930065494,0.9850055828606629,0.006188979928055516,1.565976838122226e-05,0.00449242665040186
776.2987586651366,0.004296906639655763,0.9850515999619309,0.006152499375441805,1.5877859879654165e-05,0.004483116163600573
776.4989904832086,0.004296393774694357,0.9850789336087327,0.006117819713244935,1.560584814691407e-05,0.004491247055691253
776.6992223012805,0.004296517876164789,0.9850960814869993,0.006091596854878979,1.5466305161674776e-05,0.004500337477305095
776.8994541193525,0.004296067194407765,0.9851463050142831,0.006059772461128545,1.583201859377752e-05,0.004482023312096258
777.0996859374245,0.004295479294798725,0.9851660562094912,0.006027812959204298,1.5468578775334366e-05,0.004495182958239125
777.2999177554965,0.004295660285220789,0.9851902911934911,0.006004078914870346,1.542817619687851e-05,0.004494541430729721
777.5001495735686,0.004295250948798465,0.9852353600177174,0.0059707285800106955,1.5652789461384847e-05,0.004483007664521779
777.7003813916406,0.004294765219359614,0.9852630825189554,0.005937512874961588,1.54352317329695e-05,0.004489204155499359
777.9006132097126,0.004294683120580337,0.9852871802003699,0.005908946926529645,1.5288359702910314e-05,0.004493901393326527
778.1008450277845,0.004294559424249842,0.985325928485906,0.0058783662570046046,1.5523280343430236e-05,0.00448562255300496
778.3010768458565,0.004293935019086079,0.9853605802435794,0.0058451054088721035,1.546302347639555e-05,0.00448491630549649
778.5013086639285,0.004293879369580182,0.9853685543933847,0.00582071592128598,1.5112749660938973e-05,0.004501737566598188
778.7015404820005,0.004293795255150602,0.9854109286289171,0.005795350986911166,1.545577127410485e-05,0.004484469358257319
778.9017723000725,0.004293151799752719,0.9854421740711371,0.0057633184748593505,1.53567546799612e-05,0.004485998900081643
779.1020041181446,0.004293157143961702,0.9854573092098563,0.005739598920538282,1.5097381116751676e-05,0.004494837345037686
779.3022359362166,0.004293014185425871,0.9854942989439845,0.0057113828780641735,1.5265535228763064e-05,0.004486038457807328
779.5024677542885,0.0042925440227868285,0.9855300395522596,0.0056790173036472946,1.5291709935907174e-05,0.0044831074118813164
779.7026995723605,0.004292285060229897,0.9855501360031018,0.005651254367979457,1.5058063988015796e-05,0.004491266505214558
779.9029313904325,0.004292363365477835,0.9855746000884075,0.005626468451847619,1.5117973433368059e-05,0.004491450121347725
780.1031632085045,0.0042918709448004945,0.9856151865434774,0.0055967383759747,1.528557836382886e-05,0.004480918557896092
780.3033950265765,0.004291531026518152,0.9856248028669835,0.005571961302924909,1.4924814943567373e-05,0.004496779989142573
780.5036268446485,0.00429167678459323,0.9856531755307618,0.005551568152160892,1.5065922378678137e-05,0.004488513610617713
780.7038586627206,0.004291208643491901,0.9856906429843435,0.00552179158494821,1.5171812427843732e-05,0.004481184975301804
780.9040904807925,0.004290941093040443,0.9857067976955274,0.005496566925105028,1.4903618155990516e-05,0.004490790668684348
781.1043222988645,0.0042909161523174795,0.9857327894300325,0.005472403592062309,1.4914173073640892e-05,0.004488976653027086
781.3045541169365,0.004290670645290932,0.9857695295035751,0.005443451879070849,1.508229526234317e-05,0.00448126567731191
781.5047859350085,0.004290234396454877,0.9857926362619743,0.005416043177732159,1.4919104505129767e-05,0.004486167059844666
781.7050177530805,0.004290290763479875,0.9858040169631095,0.005395175665425031,1.4765622389156543e-05,0.004495750986107048
781.9052495711525,0.0042900837518456995,0.9858437206661937,0.005370645561082849,1.5040381727259186e-05,0.004480509639662751
782.1054813892245,0.004289574192959172,0.985861919354529,0.005345068957620201,1.4827518824394173e-05,0.004488609976579343
782.3057132072965,0.004289705537337101,0.985877474833416,0.005327000017479171,1.4737209277824902e-05,0.0044910824030020245
782.5059450253685,0.004289487026748138,0.9859130663335168,0.005301276073833276,1.4905087833534307e-05,0.004481265478581718
782.7061768434405,0.004289089514261672,0.9859364297891783,0.005275008844479754,1.4785824002007437e-05,0.004484686028592111
782.9064086615125,0.004289004269893477,0.9859542823788118,0.00525297135782976,1.4658783271707154e-05,0.004489083210707049
783.1066404795845,0.0042889929297712966,0.9859832057023413,0.005228950973043542,1.4797622343244861e-05,0.004484052773012425
783.3068722976565,0.004288544670950578,0.9860124335249685,0.005202951747053343,1.479956475360273e-05,0.004481270492784355
783.5071041157285,0.004288408266691212,0.9860183485222656,0.005183571736071366,1.4532569710068459e-05,0.004495138905773044
783.7073359338004,0.004288465310411553,0.9860493961213634,0.0051644497111555535,1.4747421814287158e-05,0.004482941435766348
783.9075677518725,0.004288001058735858,0.9860762214035084,0.005139316165316592,1.4723400337529289e-05,0.004481737972613675
784.1077995699445,0.0042879332197188185,0.9860863301351416,0.005121110862855468,1.4512177873254802e-05,0.004490113604922853
784.3080313880165,0.00428789450452257,0.9861140447771259,0.00509977059798457,1.4613505521031933e-05,0.004483676615357474
784.5082632060885,0.0042875901874342105,0.9861432870667173,0.005074340999579652,1.4661883229964886e-05,0.004480119863549582
784.7084950241605,0.004287348371223955,0.9861590718965623,0.005052922019692507,1.4498657825227507e-05,0.00448615905520656
784.9087268422325,0.004287425936162919,0.9861759395937856,0.005033635073504604,1.4496162036198715e-05,0.004488503235020163
785.1089586603044,0.004287150223002361,0.9862087857064412,0.005010776119073745,1.4646592603488516e-05,0.004478641359388714
785.3091904783764,0.004286811700923619,0.9862176572045843,0.004991232195489211,1.440864586533395e-05,0.004489890253646303
785.5094222964485,0.004286970613765356,0.9862364409226185,0.0049761340395396,1.4458683443125616e-05,0.0044859957411425636
785.7096541145205,0.0042866953505541865,0.9862666392962942,0.004953313093878887,1.4559037725436777e-05,0.004478793222056239
785.9098859325925,0.004286433459583241,0.9862795240915668,0.004933813509613374,1.4379623696828991e-05,0.0044858493160478225
786.1101177506645,0.004286434655021173,0.9862981303346015,0.0049157757624420165,1.4362390995838041e-05,0.00448529685744857
786.3103495687365,0.0042863331582859154,0.9863264863725723,0.004893276867240843,1.4482329512716798e-05,0.004479421272896655
786.5105813868084,0.00428599197532348,0.9863455806652,0.00487219859560081,1.4391646867242673e-05,0.004481837117516909
786.7108132048804,0.004285985944154766,0.986352955632876,0.004856068753219582,1.4250653700546487e-05,0.004490739016557014
786.9110450229524,0.004285949916919459,0.9863831020231744,0.0048376266263306196,1.444549701961262e-05,0.004478875937066115
787.1112768410245,0.004285549492631569,0.9863992199748993,0.004817747129244071,1.4329620621033436e-05,0.0044831537831153765
787.3115086590965,0.00428561787606713,0.9864085129962938,0.004804422706342601,1.4225620562584806e-05,0.004487220801244559
787.5117404771685,0.004285537229220948,0.9864355774632887,0.004785218667818073,1.4344345614001914e-05,0.004479322294567907
787.7119722952405,0.0042852443872964,0.986454872884127,0.004764908209268931,1.4286568755210853e-05,0.00448068795106153
787.9122041133124,0.004285157760013888,0.9864676308561172,0.004748514018733649,1.4183098552353296e-05,0.004484514267093498
788.1124359313844,0.004285203923278141,0.9864884264860422,0.004730113659291155,1.4256228135034808e-05,0.004481999703764291
788.3126677494564,0.004284919395820447,0.9865123152823785,0.004710303171433186,1.42879641396614e-05,0.004478174186738756
788.5128995675284,0.004284744133928465,0.9865169098698368,0.0046954014988177615,1.4094160186141669e-05,0.004488850337741882
788.7131313856005,0.004284870897432781,0.9865385009417585,0.004681420213132495,1.4217782298793678e-05,0.004480990165888438
788.9133632036725,0.004284572807977643,0.9865606294150895,0.0046622927071096245,1.4230877822349277e-05,0.004478274192511166
789.1135950217445,0.004284460696733376,0.9865673385864275,0.004648737797616217,1.406983973442739e-05,0.004485393079999427
789.3138268398164,0.004284484324883504,0.9865871944367356,0.004633218282756828,1.4125245756072986e-05,0.00448097771037929
789.5140586578884,0.004284319127800583,0.9866103259959248,0.004613698230050128,1.4175783247572756e-05,0.004477480863487384
789.7142904759604,0.004284112759828828,0.9866224487345251,0.004597727847836154,1.4065841520666467e-05,0.004481644816801051
789.9145222940324,0.004284168027112613,0.9866336169871774,0.004583183483504401,1.4033249165901635e-05,0.004484998253551578
790.1147541121044,0.004284060382606533,0.9866591905198141,0.004566058071996533,1.4155533574658812e-05,0.004476535492519358
790.3149859301765,0.0042837654198005495,0.9866671575754383,0.004551157713504171,1.4005139064464566e-05,0.004483914152703536
790.5152177482485,0.004283899170269463,0.9866786834067882,0.004540398011837865,1.4003503513171147e-05,0.004483015908100656
790.7154495663204,0.004283774372505047,0.9867020525768097,0.004523496794335037,1.408719777127531e-05,0.004476589059087256
790.9156813843924,0.004283550668865827,0.9867123329020457,0.004508836565626253,1.3973142371742242e-05,0.004481306721596826
791.1159132024644,0.00428356069490269,0.9867249671265732,0.004495961387804358,1.3943314702839895e-05,0.004481567476522449
791.3161450205364,0.004283553957122069,0.9867460181566294,0.004478936424157202,1.4022438851671181e-05,0.0044774690237434625
791.5163768386084,0.004283315108188199,0.9867613626938727,0.004463217400826588,1.3977647130786175e-05,0.004478127150485998
791.7166086566804,0.004283265149003383,0.9867660391607517,0.004451212495256594,1.3860653221865158e-05,0.004485622542272495
791.9168404747525,0.0042833348372718115,0.9867878640810336,0.0044377610824568575,1.3990372215205103e-05,0.004477049627528588
792.1170722928244,0.004283054388067752,0.986801500012836,0.004422833929023125,1.3933683001228805e-05,0.004478677987578186
792.3173041108964,0.0042830663157996905,0.9868065477938783,0.004413405571928685,1.3836298063070252e-05,0.0044831440208362916
792.5175359289684,0.004283077596369177,0.9868261978649149,0.004399652170964294,1.3915356776566227e-05,0.004477157011480774
792.7177677470404,0.0042828904920976475,0.9868416595912087,0.004384367165078553,1.3892892592400898e-05,0.0044771898595302746
792.9179995651124,0.004282809177167917,0.9868503837480065,0.004372708628199947,1.38126335335783e-05,0.004480285813600748
793.1182313831844,0.0042828758478234185,0.98686470484762,0.004359071109520807,1.3843773673601868e-05,0.004479504421871396
793.3184632012563,0.004282731732496945,0.9868835094843366,0.004344408010408796,1.3885024354780213e-05,0.004475465748911838
793.5186950193284,0.004282555630292315,0.9868871730740549,0.004333412014913693,1.3750490897025292e-05,0.004483108790352516
793.7189268374004,0.004282700323381082,0.986901248180439,0.0043235884351006,1.3812733891071904e-05,0.0044786503276987005
793.9191586554724,0.0042825434902226,0.9869186863800586,0.00430955872235814,1.3840043854374772e-05,0.0044753713640174565
794.1193904735444,0.004282418665587897,0.9869231591093844,0.00429984174413537,1.372410696886094e-05,0.00448085637443443
794.3196222916164,0.004282473868256633,0.9869365821308212,0.00428912475068628,1.3749376644075398e-05,0.0044780698741029076
794.5198541096884,0.004282415283878022,0.9869541494367722,0.004274572141203454,1.3791991462083866e-05,0.004475071147196482
794.7200859277604,0.004282257789797443,0.9869632071223393,0.0042631362342394384,1.3720913127791495e-05,0.004477677941008394
794.9203177458323,0.004282286331363562,0.986970254848775,0.004252618713180928,1.3678179029316164e-05,0.004481161928162778
795.1205495639043,0.004282296955258672,0.9869892701025234,0.004240179975258098,1.3769577349047829e-05,0.00447448339012169
795.3207813819764,0.0042820715046498455,0.9869961117943614,0.004229281246782615,1.3678913202656013e-05,0.0044788565415130105
795.5210132000484,0.004282164125879363,0.9870024734075353,0.0042220006117840506,1.3652233793226214e-05,0.004479709621518708
795.7212450181204,0.0042821477417728454,0.9870196923781346,0.004210012399521132,1.3715699869376887e-05,0.004474431781212735
795.9214768361924,0.0042819826821968296,0.9870277755864553,0.004199360644554866,1.3647044900493586e-05,0.004477234042404239
796.1217086542644,0.004281993485317905,0.9870357664652362,0.00419070255924573,1.361402880539313e-05,0.004477923461906312
796.3219404723363,0.004282041357974546,0.9870506963430807,0.004178260342382638,1.3661493895465609e-05,0.0044753404631767595
796.5221722904083,0.004281901339579332,0.9870625978020465,0.004166948893732446,1.3643682701494935e-05,0.004474908282451548
796.7224041084803,0.004281831131635028,0.9870654913860651,0.004158449719717383,1.3553526389721417e-05,0.004480674236703341
796.9226359265524,0.004281953049899511,0.9870804036059381,0.004149010723267039,1.3633290669386643e-05,0.0044749993307379235
797.1228677446244,0.004281787361610014,0.9870913411429322,0.00413826403232928,1.3610207791881222e-05,0.004474997255848452
797.3230995626964,0.004281761440233147,0.9870937178437018,0.004131953773890064,1.3529197962291988e-05,0.004479037744725638
797.5233313807684,0.004281826907766133,0.9871071639238604,0.004122632654313638,1.3577886116680909e-05,0.004474798628455474
797.7235631988403,0.004281734255407132,0.9871190522842164,0.004111513837328764,1.357322829340526e-05,0.0044741263952669105
797.9237950169123,0.004281667036198236,0.9871246948988307,0.004103690180628541,1.3513790981407811e-05,0.00447643409387291
798.1240268349843,0.004281733248844072,0.9871340587071559,0.004094022373086776,1.3520312975644959e-05,0.004476665358450621
798.3242586530563,0.004281699051435801,0.9871481924735663,0.004083537168523744,1.355920734735343e-05,0.004473012099639496
798.5244904711284,0.004281551160787421,0.9871510931332224,0.004075841134049691,1.346996664307656e-05,0.00447804460581096
798.7247222892004,0.004281681921001444,0.9871595276977051,0.004069304688971804,1.3493718577992381e-05,0.004475991974258107
798.9249541072724,0.004281635081020943,0.9871725384333067,0.004059479421458214,1.3522218968045299e-05,0.004472824845760845
799.1251859253443,0.004281525030877438,0.9871755429833934,0.004052847567568382,1.3443290430823125e-05,0.004476641128245674
799.3254177434163,0.004281591226323392,0.9871839231337458,0.004045962318551851,1.3449995985842448e-05,0.004475073325907819
799.5256495614883,0.004281606206870621,0.9871966159300093,0.004035518156336973,1.3480879830549067e-05,0.004472778827467676
799.7258813795603,0.004281504545686081,0.987203144651973,0.004027725124970825,1.3437031484667065e-05,0.0044741886463993425
799.9261131976323,0.004281512931551148,0.9872073239874708,0.004020544281402968,1.3395527199845634e-05,0.004477223272889373
800.1263450157044,0.004281595714706668,0.9872206867552777,0.004011854921152241,1.345800598929351e-05,0.004472404603388944
800.3265768337764,0.004281450064365177,0.987226219433819,0.004004288546010063,1.3406223906196759e-05,0.00447463573241497
800.5268086518483,0.004281502833569962,0.9872291787472396,0.003999716471540136,1.337150575465777e-05,0.004476230442411482
800.7270404699203,0.004281556527496003,0.9872411014686477,0.003991683828842622,1.3415268223024345e-05,0.004472242907306848
800.9272722879923,0.0042814577502841965,0.9872472461516559,0.003984275644806599,1.3376245647949365e-05,0.004473644208121401
801.1275041060643,0.0042814682032365145,0.9872518061122856,0.003978925207264192,1.334556930631401e-05,0.004474454908423874
801.3277359241363,0.0042815414194866085,0.9872618196024597,0.003970249392823227,1.3370285838659427e-05,0.004473019299907923
801.5279677422083,0.004281487566820128,0.987270629616555,0.0039624536068422565,1.3366413580248113e-05,0.00447206279671883
801.7281995602804,0.004281419772413229,0.9872723500719495,0.0039568342040755275,1.3301329338656224e-05,0.0044760946227389645
801.9284313783523,0.0042815549054534534,0.987281822382009,0.00395054689716183,1.334503306112269e-05,0.0044727307828295
802.1286631964243,0.004281487344034031,0.9872900490875496,0.003943212295925675,1.3338860079066876e-05,0.004471912412927282
802.3288950144963,0.004281446745061087,0.9872908954457235,0.003939312380985855,1.3277361365100238e-05,0.004475068067379607
802.5291268325683,0.004281537546726147,0.9872993861285265,0.003933467771798018,1.3303940549297083e-05,0.004472304612914491
802.7293586506403,0.0042815201235797224,0.9873080380524651,0.003925732237825099,1.3306134618503713e-05,0.0044714034520270405
802.9295904687123,0.004281475270278768,0.9873114245932063,0.003920880026643485,1.3264224721717174e-05,0.004472955885664227
803.1298222867842,0.004281532795538127,0.9873171531348609,0.003914437880905834,1.3258176873737891e-05,0.004473618012335779
803.3300541048563,0.004281575070393572,0.9873271696708712,0.003907258251487725,1.3288572105258116e-05,0.004470708435656437
803.5302859229283,0.0042814730730518285,0.9873293645668154,0.0039022400780475415,1.3232234812938138e-05,0.004473690047787726
803.7305177410003,0.004281575957299532,0.9873338527915554,0.0038982224499091653,1.32343072957311e-05,0.0044731144944552366
803.9307495590723,0.004281606216223409,0.987342910830677,0.003891748459062618,1.3257300028805642e-05,0.0044704771945239564
804.1309813771443,0.00428153000555003,0.9873449160179725,0.0038875153174536413,1.3206613183479192e-05,0.0044728320463571945
804.3312131952163,0.004281595588643521,0.987349561910048,0.0038835505354973122,1.3203061273873178e-05,0.004472088905053416
804.5314450132882,0.004281654773169719,0.9873581725009306,0.0038764326022690935,1.322209069928515e-05,0.004470518033446969
804.7316768313602,0.004281608869453378,0.9873626472120304,0.003871449184812311,1.3196308797716563e-05,0.004471098425422697
804.9319086494323,0.004281608958516442,0.9873649101737264,0.0038669343852900107,1.3161711771128658e-05,0.004473384771210266
805.1321404675043,0.004281725465869361,0.987373649508977,0.00386117199083239,1.3199749163392514e-05,0.004470253285671536
805.3323722855763,0.00428165664543471,0.987377787764558,0.003856268440147067,1.317176410821086e-05,0.0044711153862641816
805.5326041036483,0.004281681811923458,0.9873787275860177,0.0038537163674670642,1.3139012436445305e-05,0.0044727352226673995
805.7328359217203,0.004281773392549535,0.9873863198169037,0.0038487468417570244,1.3165679118769983e-05,0.004469994270182103
805.9330677397922,0.004281737327164076,0.987390729829705,0.0038438893445000856,1.314452030609127e-05,0.004470498978834316
806.1332995578642,0.004281750719031807,0.9873929241705413,0.003840993389567453,1.3119090475042347e-05,0.004471212630893658
806.3335313759362,0.004281830808012572,0.9873991727552573,0.003835330242871127,1.3128774732423768e-05,0.004470537419635484
806.5337631940083,0.0042818439710787535,0.9874052915559236,0.003830246356185511,1.313021309389737e-05,0.004469487904228059
806.7339950120803,0.0042817960941010005,0.9874062333825464,0.003826882782282986,1.3086250920239918e-05,0.004472001490659343
806.9342268301523,0.004281920557662781,0.9874116951577985,0.00382299553557827,1.3105814179391664e-05,0.004470282935291066
807.1344586482243,0.004281927791064902,0.9874173924589539,0.003818335366667386,1.310612589576531e-05,0.004469238257928215
807.3346904662963,0.004281893903808301,0.9874174684320722,0.003816209003909127,1.306330181719915e-05,0.004471365358902318
807.5349222843682,0.004281990249898772,0.9874222335195588,0.003812958027088772,1.307477521195853e-05,0.004469743428751471
807.7351541024402,0.004282025591717802,0.9874280798128179,0.003807898116369246,1.3077603363547056e-05,0.004468918876241622
807.9353859205122,0.004282008729509708,0.9874298985614811,0.00380521946630061,1.3049595415474332e-05,0.004469823647803626
808.1356177385843,0.004282058040217791,0.9874330922379049,0.003801299211380208,1.3038837507939074e-05,0.0044705116734995234
808.3358495566563,0.004282144657759659,0.9874396574424982,0.003796661643925611,1.3058509009996896e-05,0.004468477747316604
808.5360813747283,0.004282094821375633,0.9874411771767986,0.0037937043565087767,1.3024783966784134e-05,0.0044699988618600636
808.7363131928003,0.004282169886665179,0.9874431473366803,0.0037915287794698512,1.3016919586044686e-05,0.004470137078107612
808.9365450108722,0.004282246462176365,0.9874488868752229,0.0037876128376826746,1.303174222970545e-05,0.004468222083196751
809.1367768289442,0.004282212926961576,0.9874501656562916,0.0037851628545687663,1.3001085438623556e-05,0.0044694574772473575
809.3370086470162,0.004282273675764937,0.9874522605125323,0.0037832796924645107,1.2993063799758483e-05,0.00446919305594637
809.5372404650882,0.004282354062119293,0.9874576300938185,0.003778774437933461,1.300209403922169e-05,0.0044682393125975
809.7374722831603,0.004282357325222162,0.9874604736920003,0.003775853169390217,1.2987337060899107e-05,0.004468328476835153
809.9377041012323,0.004282361598524991,0.9874615209953432,0.003773355618487244,1.2961640722803308e-05,0.004469800147430455
810.1379359193043,0.0042824837190221276,0.9874667115047545,0.003769808154873636,1.2980883921305224e-05,0.004468015737938301
810.3381677373762,0.004282479068882462,0.9874694958305307,0.0037669238971178034,1.2966158945592293e-05,0.004468135045031699
810.5383995554482,0.0042824934661313775,0.9874694192311946,0.003765780350013826,1.2940342271888967e-05,0.0044693666108958875
810.7386313735202,0.0042825983886971425,0.9874736968874952,0.0037630581780195844,1.2953511711629315e-05,0.0044676930345849035
810.9388631915922,0.004282613396113889,0.9874765890713469,0.0037601320865657813,1.2941955453102948e-05,0.004467723491028178
811.1390950096642,0.004282634889341808,0.987477311405055,0.003758913592672053,1.2922837812029931e-05,0.0044682172756269544
811.3393268277363,0.004282712604168047,0.9874808373294222,0.003755563099217669,1.2923659400937817e-05,0.004467963308297396
811.5395586458083,0.004282770522694232,0.9874847149361101,0.003752491614445836,1.2925197556456316e-05,0.00446709772969842
811.7397904638802,0.0042827528384266084,0.9874851394830376,0.0037507770695959296,1.2897581563774997e-05,0.004468433027882186
811.9400222819522,0.004282856543762436,0.9874878815620607,0.003748635618448937,1.290268224406784e-05,0.004467723593989628
812.1402541000242,0.0042829128957538685,0.9874913963806808,0.0037459652534851478,1.290351494746647e-05,0.004466821955638589
812.3404859180962,0.004282900955855963,0.9874911624274872,0.0037450477578977745,1.2876287602807304e-05,0.004468012571662543
812.5407177361682,0.004282991651779796,0.9874933580663782,0.0037435896374594826,1.2878399448768898e-05,0.004467182245440262
812.7409495542402,0.00428305811353667,0.9874969128745149,0.00374056870464012,1.2878983279630707e-05,0.004466581324534775
812.9411813723123,0.004283070826917658,0.9874977170925338,0.003739354483449788,1.2861234504585307e-05,0.004466996363099732
813.1414131903842,0.0042831170638678384,0.9874992565136613,0.003737290587599147,1.285040792658958e-05,0.004467485427450589
813.3416450084562,0.004283220925370282,0.987503108686704,0.003734540854851234,1.2859839881381816e-05,0.004466269693699828
813.5418768265282,0.00428321980750338,0.9875040128748678,0.003733055793531677,1.284056137409938e-05,0.00446687096322941
813.7421086446002,0.004283276082431219,0.9875045809184418,0.003732127810122681,1.2830282609237067e-05,0.004467184906901504
813.9423404626722,0.0042833730194323716,0.9875077401604174,0.003730050826737372,1.2836898390646795e-05,0.00446599909552929
814.1425722807442,0.004283381285148691,0.9875084645342956,0.0037288413355036193,1.2819244928602445e-05,0.004466493600629414
814.3428040988161,0.004283438348009857,0.9875090271572613,0.0037282862730058973,1.2810511807742979e-05,0.00446643771042268
814.5430359168882,0.00428352427890784,0.9875119900663276,0.003725741559259332,1.2812277156758707e-05,0.004465931818855435
814.7432677349602,0.004283565116809619,0.9875135888596673,0.003724238395435302,1.2803398017603194e-05,0.004465804230577679
814.9434995530322,0.004283583406818511,0.9875139275779972,0.003723140149564468,1.2786245844623663e-05,0.004466562620281192
815.1437313711042,0.004283694338554387,0.9875166086821029,0.003721195563293221,1.2792613680378528e-05,0.004465708802875048
815.3439631891762,0.004283735547444577,0.9875182074465348,0.0037197362198254412,1.2784204344572437e-05,0.0044655365823560635
815.5441950072482,0.004283755130628673,0.9875177768541618,0.0037194639748002753,1.2766674999649522e-05,0.00446623736591468
815.7444268253201,0.004283857078654627,0.9875197460752818,0.003718258361661671,1.2770309735277792e-05,0.0044653681751711674
815.9446586433921,0.004283907241444071,0.9875213880929051,0.0037167164337730562,1.2763059051119534e-05,0.00446522517333168
816.1448904614642,0.004283941552682056,0.9875213482503524,0.0037164919568141216,1.2749958923307085e-05,0.00446546828173506
816.3451222795362,0.004284014418508013,0.9875230502740857,0.0037148036677762636,1.274645467683052e-05,0.0044653851854613
816.5453540976082,0.004284095243977877,0.9875251807326968,0.0037131543214197244,1.2745614036696939e-05,0.0044648240883755535
816.7455859156802,0.004284110488350538,0.9875252815513468,0.0037125177646050245,1.2729502552857796e-05,0.004465360693651802
816.9458177337522,0.0042841941893379705,0.9875263839852324,0.0037115532534841337,1.272742232280478e-05,0.0044651411501294355
817.1460495518241,0.004284275322189647,0.9875281901400663,0.0037102577466835117,1.2726060071397143e-05,0.00446455073149712
817.3462813698961,0.004284292384902934,0.987527900302245,0.003710057502768309,1.2710284308579638e-05,0.004465039526284019
817.5465131879681,0.004284373639480937,0.9875285579481387,0.00370968170017841,1.2707504468235565e-05,0.004464679208241913
817.7467450060402,0.004284453255668973,0.9875303891887547,0.0037081289522708136,1.2705229577377196e-05,0.004464323374236838
817.9469768241122,0.0042844926361010685,0.9875306122763697,0.003707775082019612,1.2694327675603557e-05,0.0044644256783422775
818.1472086421842,0.004284542194505543,0.9875311796822126,0.0037069444005382196,1.2685611954978661e-05,0.004464648111297565
818.3474404602562,0.004284643796496148,0.9875330786996853,0.0037055301795492408,1.2687072168287075e-05,0.004464060252610204
818.5476722783282,0.004284680989258458,0.9875334851531928,0.0037049791040831793,1.2676106024775072e-05,0.004464178647951799
818.7479040964001,0.0042847312840518115,0.9875334479990104,0.003704779740186929,1.2667385683577714e-05,0.004464373591577537
818.9481359144721,0.004284829174129656,0.9875348126768566,0.003703905801345783,1.2667457190189076e-05,0.0044637848909865885
819.1483677325441,0.004284870943436858,0.9875351281670427,0.0037034669657360552,1.26573077415076e-05,0.004463876616549951
819.3485995506162,0.004284928514084239,0.9875349840018441,0.003703583536366157,1.264987482516906e-05,0.0044638540733874296
819.5488313686882,0.004285011234349664,0.9875363192859605,0.003702403947489496,1.2647243147729755e-05,0.004463618289559457
819.7490631867602,0.0042850753002523344,0.9875370398756033,0.003701785930322489,1.2640884863157965e-05,0.004463458009466944
819.9492950048322,0.004285113004008895,0.9875370391576607,0.00370151344940951,1.2630484263340485e-05,0.0044637039051661645
820.1495268229041,0.004285206496517025,0.9875381403641773,0.003700646956850419,1.2629420728858667e-05,0.004463376762235551
820.3497586409761,0.004285273507719746,0.9875388347111255,0.0037000857063465412,1.2623299212722435e-05,0.004463182776103683
820.5499904590481,0.00428530955879037,0.9875384390345007,0.0037002205387752676,1.2612903574664447e-05,0.004463417964865717
820.7502222771201,0.004285400144227752,0.9875390387994986,0.003699891109198504,1.2610851481253557e-05,0.004463059096102195
820.9504540951921,0.004285468912988253,0.9875397591215046,0.003699254889910086,1.2605054269760275e-05,0.004462912021835872
821.1506859132642,0.004285518531115214,0.987539486912823,0.0036994478168815683,1.2596691488763111e-05,0.0044629500481991905
821.3509177313362,0.0042855881755394405,0.9875401069210132,0.00369882165360519,1.2591789332778749e-05,0.004462891461016514
821.5511495494081,0.004285673531150318,0.9875410117661733,0.0036981094058416092,1.2588272905995064e-05,0.0044626170244353135
821.7513813674801,0.004285717910380431,0.9875409600414754,0.003698034883159506,1.2579264295170814e-05,0.004462707901197242
821.9516131855521,0.004285789255161608,0.9875412497597266,0.003697753728431302,1.257475846415391e-05,0.004462632498722907
822.1518450036241,0.004285874981415803,0.9875419037317168,0.003697298583126521,1.2570893689954422e-05,0.004462351810556842
822.3520768216961,0.004285920124653049,0.987541694892171,0.0036973974736413816,1.2562263015443978e-05,0.0044624252470250375
822.5523086397681,0.004285993688699628,0.9875416776510697,0.0036974905302201867,1.2557690052103659e-05,0.004462280440464394
822.7525404578402,0.004286073651989838,0.9875423679612793,0.0036968965622969953,1.2553357070520438e-05,0.0044621084678700875
822.9527722759121,0.004286132862999746,0.9875423485960729,0.003696912501643688,1.254642167740726e-05,0.004462059618113531
823.1530040939841,0.004286190978726942,0.9875424594690678,0.003696743254849647,1.2540145299429083e-05,0.004462066152563596
823.3532359120561,0.004286279434206765,0.9875431294265777,0.0036962022750471795,1.2536839898948123e-05,0.0044618520247752536
823.5534677301281,0.0042863407131852075,0.9875432231127389,0.003696116080306641,1.2530033026152272e-05,0.004461790061249062
823.7536995482001,0.004286397120549249,0.9875430871111802,0.0036961976311392745,1.252390592799486e-05,0.004461794231709608
823.9539313662721,0.0042864838739503554,0.9875434343056969,0.0036959785694994484,1.2520081479611063e-05,0.004461583169879647
824.154163184344,0.004286546693213981,0.9875435082692033,0.003695911881454456,1.2513664584736766e-05,0.004461519492047714
824.3543950024161,0.004286609654531116,0.9875432758161747,0.0036961500306538736,1.2508000585327879e-05,0.004461456498558269
824.5546268204881,0.0042866859343648105,0.9875436716626484,0.003695795451820587,1.2503454077129762e-05,0.0044613434975917365
824.7548586385601,0.004286758703224206,0.987543873373238,0.00369563945494737,1.2498005016675514e-05,0.004461230464076058
824.9550904566321,0.004286816358162883,0.9875438108321063,0.003695679358512659,1.2491829923438794e-05,0.004461201621798336
825.1553222747041,0.004286894455824241,0.9875440923094111,0.0036954411920400903,1.2487625239593322e-05,0.0044610844179909645
825.3555540927761,0.004286968789087075,0.9875442506011778,0.00369533136991196,1.2482208927076882e-05,0.0044609670314023474
825.555785910848,0.004287026108524979,0.9875440859821066,0.0036954818073333955,1.2476283557583854e-05,0.004460929818982544
825.75601772892,0.004287103768791423,0.9875441351933094,0.0036954817578800916,1.2471817407259202e-05,0.0044608074631176985
825.9562495469921,0.004287176858484854,0.9875443109506246,0.0036953379342889573,1.2466568837807204e-05,0.004460707688268924
826.1564813650641,0.00428724109771923,0.9875441759342747,0.00369548634877174,1.246109009687631e-05,0.00446063552964212
826.3567131831361,0.004287310887809765,0.9875443015705524,0.003695377698805599,1.2456213344045254e-05,0.004460553629992097
826.5569450012081,0.004287387967225098,0.9875445014513132,0.003695212511500631,1.2451342363589078e-05,0.004460446728101392
826.7571768192801,0.004287453038818466,0.9875444728376138,0.003695256769024865,1.2445887762241329e-05,0.004460371467284901
826.957408637352,0.004287522375783037,0.9875445139067259,0.0036952334147556305,1.2441154087871118e-05,0.004460289149150786
827.157640455424,0.004287598472532976,0.9875446076676774,0.0036951697619974975,1.2436215959668782e-05,0.0044601878823344685
827.357872273496,0.0042876646943235475,0.9875445733996957,0.0036952229749750492,1.243100901081807e-05,0.004460107922497914
827.5581040915681,0.004287735554923743,0.987544544592278,0.003695273668065704,1.2426243037221757e-05,0.004460019942197711
827.7583359096401,0.004287808450594675,0.9875446519366953,0.0036951876629906805,1.2421369310249796e-05,0.004459930580911994
827.9585677277121,0.0042878781869935476,0.9875446635596424,0.0036951972089898488,1.2416393615325881e-05,0.0044598446512626325
828.1587995457841,0.004287947625509264,0.9875447001302516,0.0036951810139738213,1.2411576168778224e-05,0.0044597596546002306
828.359031363856,0.004288020091242075,0.9875447728521813,0.00369512776936367,1.2406798967796055e-05,0.004459672488748999
828.559263181928,0.004288090471177029,0.9875448010091806,0.0036951201455194343,1.2401956955079322e-05,0.004459586417672281
828.759495,0.004288161193426213,0.9875448365931925,0.0036951043034815032,1.2397211453658342e-05,0.004459500698951599
