run_2q_fidelity.py

Current China Time: 2026-08-04 06:10:41.728259+08:00

params = np.array([
[20.042209, 0.049978, 0.039991] ,
[26.099981, 0.026182, 0.019529] ,
[32.057496, 0.047462, 0.021916] ,
[38.059233, 0.041072, 0.025351] ,
[44.046786, 0.033734, 0.028972] ,
[50.067794, 0.036383, 0.039999] ,
[56.065043, 0.028997, 0.039984] ,
[62.061713, 0.02096, 0.017575] ,
[68.034924, 0.018637, 0.016083] ,
[74.044345, 0.016515, 0.015571] ,
[80.08052, 0.022351, 0.025764] ,
[86.104958, 0.019856, 0.025527] ,
[91.947295, 0.017908, 0.025175] ,
[97.915742, 0.016361, 0.024639] ,
[104.063579, 0.015087, 0.022589] ,
[110.015207, 0.014187, 0.020769] ,
[116.085225, 0.013312, 0.020023] ,
[121.899104, 0.012552, 0.019398] ,
[127.98677, 0.011843, 0.018552] ,
[134.046451, 0.011217, 0.01769] ,
[140.026912, 0.010657, 0.016972] ,
[146.029202, 0.01015, 0.016335] ,
[151.996899, 0.009688, 0.01572] ,
[158.047613, 0.009264, 0.015093] ,
[164.005505, 0.008876, 0.014574] ,
[170.007553, 0.00852250264, 0.0140600433] ,
[175.998732, 0.00818837317, 0.0135697912] ,
[182.014628, 0.00788503432, 0.0131204538] ,
[188.022359, 0.00759988371, 0.0127024136] ,
[193.980284, 0.00733877891, 0.0123188142] ,
])

============================================================
 Configuration 
============================================================

[cz_run]
    True

[n_truc_list]
    [1000]

[reduced_model]
    charge_pick

[calculate_ideal]
    True

[calculate_noise]
    False

[max_step_ideal]
    0.001

[max_step_noisy]
    0.001

[apply_decay]
    True

[apply_dephase]
    True

[decay_enlarge]
    1

[filter_ratio]
    0.3

[t1_tphi_other]
    170

[noise_dephase_path]
    ../data/flux_derivative_truc500/gamma_phi_2Q_truc500.npz

[tg_para]
    False

[num_cpus_ideal]
    4

[num_cpus_noisy]
    16

[folder_load]
    ../data/Two_qubit_data_Sorted_Truc

[n_job]
    10

[use_qt_fidelity]
    False

[tg_list]
    type: np.ndarray, shape=(30,)
    preview: [0, 1, 2, 3, 4, 5, 6, 7, 8, 9, 10, 11, 12, 13, 14, 15, 16, 17, 18, 19, 20, 21, 22, 23, 24, 25, 26, 27, 28, 29]

[params]
    type: np.ndarray, shape=(30, 3)
      [20.042209, 0.049978, 0.039991]
      [26.099981, 0.026182, 0.019529]
      [32.057496, 0.047462, 0.021916]
      [38.059233, 0.041072, 0.025351]
      [44.046786, 0.033734, 0.028972]
      [50.067794, 0.036383, 0.039999]
      [56.065043, 0.028997, 0.039984]
      [62.061713, 0.02096, 0.017575]
      [68.034924, 0.018637, 0.016083]
      [74.044345, 0.016515, 0.015571]
      [80.08052, 0.022351, 0.025764]
      [86.104958, 0.019856, 0.025527]
      [91.947295, 0.017908, 0.025175]
      [97.915742, 0.016361, 0.024639]
      [104.063579, 0.015087, 0.022589]
      [110.015207, 0.014187, 0.020769]
      [116.085225, 0.013312, 0.020023]
      [121.899104, 0.012552, 0.019398]
      [127.98677, 0.011843, 0.018552]
      [134.046451, 0.011217, 0.01769]
      [140.026912, 0.010657, 0.016972]
      [146.029202, 0.01015, 0.016335]
      [151.996899, 0.009688, 0.01572]
      [158.047613, 0.009264, 0.015093]
      [164.005505, 0.008876, 0.014574]
      [170.007553, 0.00852250264, 0.0140600433]
      [175.998732, 0.00818837317, 0.0135697912]
      [182.014628, 0.00788503432, 0.0131204538]
      [188.022359, 0.00759988371, 0.0127024136]
      [193.980284, 0.00733877891, 0.0123188142]

============================================================


===== n_truc = 1000 =====

----- n_truc=1000, tg=0 -----

hspace_select (len=1000) = np.array([
'0-0', '0-1', '1-0', '0-2', '2-0', '0-4', '4-0', '1-1', '0-5', '2-1' ,
'5-0', '1-2', '0-8', '2-2', '8-0', '1-4', '4-1', '0-9', '2-4', '9-0' ,
'1-5', '5-1', '4-2', '0-12', '2-5', '1-8', '5-2', '12-0', '0-13', '0-16' ,
'8-1', '4-4', '13-0', '15-0', '2-8', '1-9', '9-1', '8-2', '5-4', '4-5' ,
'0-18', '2-9', '1-12', '0-20', '18-0', '0-21', '9-2', '12-1', '5-5', '0-24' ,
'4-8', '1-13', '20-0', '8-4', '1-16', '22-0', '2-12', '13-1', '24-0', '0-25' ,
'15-1', '0-26', '5-8', '4-9', '12-2', '2-13', '9-4', '2-16', '8-5', '13-2' ,
'25-0', '26-0', '1-18', '15-2', '0-28', '28-0', '5-9', '4-12', '0-30', '18-1' ,
'9-5', '12-4', '1-20', '1-21', '0-33', '8-8', '0-34', '0-35', '1-24', '2-18' ,
'0-36', '20-1', '4-13', '22-1', '4-16', '30-0', '13-4', '5-12', '15-4', '24-1' ,
'33-0', '18-2', '2-20', '2-21', '34-0', '8-9', '35-0', '1-25', '9-8', '1-26' ,
'0-39', '2-24', '12-5', '37-0', '5-13', '20-2', '5-16', '22-2', '13-5', '25-1' ,
'0-42', '24-2', '26-1', '15-5', '39-0', '2-25', '4-18', '2-26', '9-9', '8-12' ,
'28-1', '1-28', '18-4', '0-44', '41-0', '12-8', '1-30', '4-20', '0-45', '4-21' ,
'0-46', '25-2', '13-8', '1-33', '8-13', '20-4', '8-16', '22-4', '4-24', '26-2' ,
'5-18', '1-34', '15-8', '1-35', '30-1', '2-28', '1-36', '28-2', '9-12', '24-4' ,
'44-0', '12-9', '33-1', '45-0', '2-30', '18-5', '0-52', '0-53', '46-0', '34-1' ,
'5-20', '35-1', '5-21', '4-25', '4-26', '2-33', '13-9', '9-13', '1-39', '5-24' ,
'37-1', '9-16', '2-34', '2-35', '0-54', '20-5', '22-5', '2-36', '50-0', '51-0' ,
'30-2', '15-9', '25-4', '0-55', '26-4', '8-18', '24-5', '12-12', '39-1', '33-2' ,
'0-57', '1-42', '18-8', '34-2', '5-25', '28-4', '35-2', '54-0', '0-59', '5-26' ,
'4-28', '2-39', '41-1', '13-12', '37-2', '8-20', '0-60', '8-21', '12-16', '1-44' ,
'12-13', '20-8', '4-30', '56-0', '22-8', '25-5', '8-24', '1-45', '9-18', '15-12' ,
'26-5', '1-46', '0-64', '2-42', '4-33', '30-4', '24-8', '39-2', '58-0', '13-13' ,
'18-9', '4-34', '4-35', '0-65', '4-36', '13-16', '28-5', '59-0', '5-28', '33-4' ,
'15-13', '44-1', '60-0', '34-4', '41-2', '9-20', '2-44', '9-21', '45-1', '15-16' ,
'35-4', '8-25', '46-1', '5-30', '20-9', '8-26', '1-52', '1-53', '22-9', '2-45' ,
'64-0', '9-24', '0-66', '37-4', '2-46', '25-8', '5-33', '4-39', '0-69', '65-0' ,
'26-8', '0-70', '30-5', '5-34', '24-9', '5-35', '12-18', '50-1', '1-54', '51-1' ,
'5-36', '18-12', '28-8', '44-2', '1-55', '33-5', '39-4', '0-73', '45-2', '9-25' ,
'0-76', '34-5', '4-42', '46-2', '2-52', '2-53', '35-5', '0-77', '13-18', '9-26' ,
'12-20', '20-12', '1-57', '22-12', '54-1', '66-0', '8-28', '12-21', '18-13', '41-4' ,
'69-0', '25-9', '37-5', '0-78', '70-0', '5-39', '1-59', '12-24', '8-30', '18-16' ,
'15-18', '2-54', '26-9', '4-44', '24-12', '1-60', '50-2', '56-1', '51-2', '74-0' ,
'0-81', '13-20', '30-8', '13-21', '75-0', '20-13', '28-9', '2-55', '8-33', '4-45' ,
'77-0', '22-13', '8-34', '13-24', '8-35', '20-16', '39-5', '15-20', '33-8', '4-46' ,
'5-42', '8-36', '58-1', '2-57', '15-21', '22-16', '1-64', '34-8', '35-8', '9-28' ,
'54-2', '15-24', '24-13', '59-1', '12-25', '1-65', '44-4', '2-59', '45-4', '24-16' ,
'41-5', '0-82', '12-26', '60-1', '46-4', '79-0', '9-30', '0-83', '81-0', '37-8' ,
'25-12', '2-60', '5-44', '0-86', '26-12', '56-2', '13-25', '4-52', '30-9', '4-53' ,
'64-1', '8-39', '9-33', '5-45', '13-26', '18-18', '9-34', '28-12', '65-1', '1-66' ,
'9-35', '5-46', '50-4', '2-64', '15-25', '9-36', '51-4', '58-2', '33-9', '25-13' ,
'1-69', '39-8', '15-26', '4-54', '35-9', '34-9', '1-70', '2-65', '25-16', '59-2' ,
'26-13', '0-89', '18-20', '12-28', '20-18', '0-90', '84-0', '44-5', '26-16', '18-21' ,
'60-2', '45-5', '4-55', '8-42', '41-8', '85-0', '46-5', '22-18', '37-9', '54-4' ,
'28-13', '1-73', '12-30', '28-16', '18-24', '86-0', '5-52', '5-53', '66-1', '4-57' ,
'1-76', '64-2', '9-39', '1-77', '24-18', '30-12', '0-92', '13-28', '0-93', '69-1' ,
'2-66', '20-21', '12-33', '20-20', '70-1', '4-59', '65-2', '2-69', '56-4', '8-44' ,
'33-12', '20-24', '1-78', '2-70', '50-5', '12-35', '12-34', '22-20', '39-9', '51-5' ,
'15-28', '5-54', '13-30', '4-60', '34-12', '74-1', '35-12', '12-36', '89-0', '8-45' ,
'24-21', '75-1', '90-0', '1-81', '8-46', '22-24', '77-1', '18-25', '0-97', '24-20' ,
'30-13', '0-98', '44-8', '58-4', '5-55', '9-42', '13-33', '0-100', '25-18', '41-9' ,
'2-73', '15-30', '45-8', '18-26', '59-4', '2-76', '37-12', '93-0', '92-0', '54-5' ,
'13-34', '4-64', '13-35', '2-77', '30-16', '24-24', '5-57', '46-8', '33-13', '66-2' ,
'13-36', '0-102', '0-103', '60-4', '34-16', '26-18', '4-65', '15-33', '34-13', '69-2' ,
'20-25', '5-59', '35-13', '70-2', '79-1', '22-25', '2-78', '9-44', '81-1', '12-39' ,
'15-35', '33-16', '15-34', '1-82', '8-52', '15-36', '35-16', '28-18', '8-53', '64-4' ,
'9-45', '56-5', '5-60', '1-83', '51-8', '20-26', '74-2', '39-12', '50-8', '2-81' ,
'25-20', '22-26', '5-64', '37-13', '25-21', '98-0', '99-0', '75-2', '1-86', '9-46' ,
'0-105', '37-16', '26-21', '0-106', '100-0', '77-2', '65-4', '26-20', '24-25', '13-39' ,
'4-66', '44-9', '58-5', '8-54', '24-26', '18-28', '45-9', '102-0', '101-0', '25-24' ,
'4-69', '46-9', '41-12', '12-42', '28-20', '20-28', '28-21', '4-70', '26-24', '59-5' ,
'54-8', '15-39', '5-65', '18-30', '8-55', '0-109', '39-13', '84-1', '60-5', '39-16' ,
'2-82', '1-89', '30-18', '79-2', '28-24', '1-90', '85-1', '81-2', '2-83', '8-57' ,
'66-4', '9-53', '9-52', '13-42', '18-33', '0-111', '0-112', '4-73', '20-30', '12-44' ,
'64-5', '22-28', '86-1', '56-8', '33-18', '69-4', '41-13', '25-25', '105-0', '2-86' ,
'4-76', '106-0', '51-9', '18-34', '18-35', '50-9', '8-59', '4-77', '70-4', '25-26' ,
'34-18', '41-16', '26-25', '12-45', '35-18', '15-42', '18-36', '5-66', '30-21', '65-5' ,
'22-30', '35-20', '1-93', '1-92', '9-54', '24-28', '8-60', '26-26', '74-4', '44-12' ,
'45-12', '12-46', '30-20', '4-78', '5-69', '75-4', '58-8', '0-114', '13-44', '5-70' ,
'28-25', '30-24', '20-34', '24-30', '20-35', '46-12', '77-4', '37-18', '89-1', '34-21' ,
'54-9', '28-26', '90-1', '35-21', '9-55', '22-33', '109-0', '4-81', '2-89', '59-8' ,
'84-2', '13-45', '2-90', '0-116', '20-33', '60-8', '15-44', '13-46', '8-64', '33-20' ,
'85-2', '9-57', '20-36', '110-0', '111-0', '1-97', '1-98', '24-33', '34-20', '5-73' ,
'22-36', '93-1', '92-1', '8-65', '66-5', '1-100', '22-35', '22-34', '50-12', '44-13' ,
'24-35', '86-2', '12-52', '5-76', '51-12', '18-39', '35-24', '56-9', '12-53', '45-13' ,
'5-77', '37-21', '9-59', '15-45', '69-5', '64-8', '46-13', '79-4', '0-121', '39-18' ,
'44-16', '25-28', '70-5', '15-46', '2-92', '37-20', '33-24', '81-4', '2-93', '24-36' ,
'1-102', '24-34', '1-103', '34-24', '26-34', '30-26', '45-16', '9-60', '26-28', '46-16' ,
'65-8', '4-82', '5-78', '30-25', '74-5', '114-0', '58-9', '25-30', '4-83', '37-24' ,
'33-25', '75-5', '12-54', '13-52', '13-53', '116-0', '20-39', '99-1', '98-1', '89-2' ,
'41-18', '22-39', '54-12', '28-28', '26-30', '8-66', '5-81', '90-2', '77-5', '4-86' ,
'18-42', '59-9', '34-26', '100-1', '50-13', '34-25', '51-13', '39-20', '2-97', '12-55' ,
'2-98', '39-21', '9-64', '60-9', '1-105', '8-69', '0-123', '2-100', '25-33', '0-124' ,
'1-106', '35-25', '8-70', '102-1', '101-1', '0-125', '25-34', '25-35', '28-30', '93-2' ,
'92-2', '9-65', '24-39', '15-52', '35-26', '26-33', '56-12', '13-54', '84-4', '0-128' ,
'50-16', '15-53', '33-26', '51-16', '12-57', '39-24', '121-0', '41-20', '66-8', '25-36' ,
'46-18', '2-102', '2-103', '18-44', '64-9', '41-21', '20-42', '85-4', '0-129', '79-5' ,
'69-8', '37-25', '26-36', '54-13', '81-5', '12-59', '8-73', '28-33', '13-55', '1-109' ,
'70-8', '4-89', '9-66', '26-35', '22-42', '37-26', '18-45', '86-4', '4-90', '5-82' ,
'15-54', '8-76', '41-24', '28-34', '0-131', '65-9', '5-83', '28-35', '8-77', '12-60' ,
'54-16', '30-28', '18-46', '44-18', '28-36', '58-12', '105-1', '13-57', '45-18', '106-1' ,
'74-8', '0-132', '24-42', '98-2', '99-2', '1-111', '1-112', '75-8', '5-86', '15-55' ,
'56-13', '123-0', '2-105', '20-45', '100-2', '20-44', '30-30', '77-8', '8-78', '22-44' ,
'2-106', '59-12', '125-0', '39-25', '25-39', '13-59', '9-69', '33-28', '4-92', '60-12' ,
'15-57', '127-0', '4-93', '33-30', '9-70', '20-46', '39-26', '22-46', '102-2', '101-2' ,
'34-28', '89-4', '12-64', '22-45', '128-0', '56-16', '26-39', '90-4', '35-28', '45-21' ,
'44-21', '0-135', '13-60', '34-30', '30-34', '8-81', '30-35', '129-0', '35-30', '84-5' ,
'66-9', '12-65', '15-59', '41-25', '1-114', '0-136', '50-18', '58-13', '24-44', '51-18' ,
'44-20', '18-52', '109-1', '18-53', '2-109', '64-12', '24-45', '69-9', '41-26', '28-39' ,
])

index_select (len=1000) = np.array([
0, 1, 2, 3, 4, 5, 6, 7, 8, 9 ,
10, 11, 12, 13, 14, 15, 16, 17, 18, 19 ,
20, 21, 22, 23, 24, 25, 26, 27, 28, 29 ,
30, 31, 32, 33, 34, 35, 36, 37, 38, 39 ,
40, 41, 42, 43, 44, 45, 46, 47, 48, 49 ,
50, 51, 52, 53, 54, 55, 56, 57, 58, 59 ,
60, 61, 62, 63, 64, 65, 66, 67, 68, 69 ,
70, 71, 72, 73, 74, 75, 76, 77, 78, 79 ,
80, 81, 82, 83, 84, 85, 86, 87, 88, 89 ,
90, 91, 92, 93, 94, 95, 96, 97, 98, 99 ,
100, 101, 102, 103, 104, 105, 106, 107, 108, 109 ,
110, 111, 112, 113, 114, 115, 116, 117, 118, 119 ,
120, 121, 122, 123, 124, 125, 126, 127, 128, 129 ,
130, 131, 132, 133, 134, 135, 136, 137, 138, 139 ,
140, 141, 142, 143, 144, 145, 146, 147, 148, 149 ,
150, 151, 152, 153, 154, 155, 156, 157, 158, 159 ,
160, 161, 162, 163, 164, 165, 166, 167, 168, 169 ,
170, 171, 172, 173, 174, 175, 176, 177, 178, 179 ,
180, 181, 182, 183, 184, 185, 186, 187, 188, 189 ,
190, 191, 192, 193, 194, 195, 196, 197, 198, 199 ,
200, 201, 202, 203, 204, 205, 206, 207, 208, 209 ,
210, 211, 212, 213, 214, 215, 216, 217, 218, 219 ,
220, 221, 222, 223, 224, 225, 226, 227, 228, 229 ,
230, 231, 232, 233, 234, 235, 236, 237, 238, 239 ,
240, 241, 242, 243, 244, 245, 246, 247, 248, 249 ,
250, 251, 252, 253, 254, 255, 256, 257, 258, 259 ,
260, 261, 262, 263, 264, 265, 266, 267, 268, 269 ,
270, 271, 272, 273, 274, 275, 276, 277, 278, 279 ,
280, 281, 282, 283, 284, 285, 286, 287, 288, 289 ,
290, 291, 292, 293, 294, 295, 296, 297, 298, 299 ,
300, 301, 302, 303, 304, 305, 306, 307, 308, 309 ,
310, 311, 312, 313, 314, 315, 316, 317, 318, 319 ,
320, 321, 322, 323, 324, 325, 326, 327, 328, 329 ,
330, 331, 332, 333, 334, 335, 336, 337, 338, 339 ,
340, 341, 342, 343, 344, 345, 346, 347, 348, 349 ,
350, 351, 352, 353, 354, 355, 356, 357, 358, 359 ,
360, 361, 362, 363, 364, 365, 366, 367, 368, 369 ,
370, 371, 372, 373, 374, 375, 376, 377, 378, 379 ,
380, 381, 382, 383, 384, 385, 386, 387, 388, 389 ,
390, 391, 392, 393, 394, 395, 396, 397, 398, 399 ,
400, 401, 402, 403, 404, 405, 406, 407, 408, 409 ,
410, 411, 412, 413, 414, 415, 416, 417, 418, 419 ,
420, 421, 422, 423, 424, 425, 426, 427, 428, 429 ,
430, 431, 432, 433, 434, 435, 436, 437, 438, 439 ,
440, 441, 442, 443, 444, 445, 446, 447, 448, 449 ,
450, 451, 452, 453, 454, 455, 456, 457, 458, 459 ,
460, 461, 462, 463, 464, 465, 466, 467, 468, 469 ,
470, 471, 472, 473, 474, 475, 476, 477, 478, 479 ,
480, 481, 482, 483, 484, 485, 486, 487, 488, 489 ,
490, 491, 492, 493, 494, 495, 496, 497, 498, 499 ,
500, 501, 502, 503, 504, 505, 506, 507, 508, 509 ,
510, 511, 512, 513, 514, 515, 516, 517, 518, 519 ,
520, 521, 522, 523, 524, 525, 526, 527, 528, 529 ,
530, 531, 532, 533, 534, 535, 536, 537, 538, 539 ,
540, 541, 542, 543, 544, 545, 546, 547, 548, 549 ,
550, 551, 552, 553, 554, 555, 556, 557, 558, 559 ,
560, 561, 562, 563, 564, 565, 566, 567, 568, 569 ,
570, 571, 572, 573, 574, 575, 576, 577, 578, 579 ,
580, 581, 582, 583, 584, 585, 586, 587, 588, 589 ,
590, 591, 592, 593, 594, 595, 596, 597, 598, 599 ,
600, 601, 602, 603, 604, 605, 606, 607, 608, 609 ,
610, 611, 612, 613, 614, 615, 616, 617, 618, 619 ,
620, 621, 622, 623, 624, 625, 626, 627, 628, 629 ,
630, 631, 632, 633, 634, 635, 636, 637, 638, 639 ,
640, 641, 642, 643, 644, 645, 646, 647, 648, 649 ,
650, 651, 652, 653, 654, 655, 656, 657, 658, 659 ,
660, 661, 662, 663, 664, 665, 666, 667, 668, 669 ,
670, 671, 672, 673, 674, 675, 676, 677, 678, 679 ,
680, 681, 682, 683, 684, 685, 686, 687, 688, 689 ,
690, 691, 692, 693, 694, 695, 696, 697, 698, 699 ,
700, 701, 702, 703, 704, 705, 706, 707, 708, 709 ,
710, 711, 712, 713, 714, 715, 716, 717, 718, 719 ,
720, 721, 722, 723, 724, 725, 726, 727, 728, 729 ,
730, 731, 732, 733, 734, 735, 736, 737, 738, 739 ,
740, 741, 742, 743, 744, 745, 746, 747, 748, 749 ,
750, 751, 752, 753, 754, 755, 756, 757, 758, 759 ,
760, 761, 762, 763, 764, 765, 766, 767, 768, 769 ,
770, 771, 772, 773, 774, 775, 776, 777, 778, 779 ,
780, 781, 782, 783, 784, 785, 786, 787, 788, 789 ,
790, 791, 792, 793, 794, 795, 796, 797, 798, 799 ,
800, 801, 802, 803, 804, 805, 806, 807, 808, 809 ,
810, 811, 812, 813, 814, 815, 816, 817, 818, 819 ,
820, 821, 822, 823, 824, 825, 826, 827, 828, 829 ,
830, 831, 832, 833, 834, 835, 836, 837, 838, 839 ,
840, 841, 842, 843, 844, 845, 846, 847, 848, 849 ,
850, 851, 852, 853, 854, 855, 856, 857, 858, 859 ,
860, 861, 862, 863, 864, 865, 866, 867, 868, 869 ,
870, 871, 872, 873, 874, 875, 876, 877, 878, 879 ,
880, 881, 882, 883, 884, 885, 886, 887, 888, 889 ,
890, 891, 892, 893, 894, 895, 896, 897, 898, 899 ,
900, 901, 902, 903, 904, 905, 906, 907, 908, 909 ,
910, 911, 912, 913, 914, 915, 916, 917, 918, 919 ,
920, 921, 922, 923, 924, 925, 926, 927, 928, 929 ,
930, 931, 932, 933, 934, 935, 936, 937, 938, 939 ,
940, 941, 942, 943, 944, 945, 946, 947, 948, 949 ,
950, 951, 952, 953, 954, 955, 956, 957, 958, 959 ,
960, 961, 962, 963, 964, 965, 966, 967, 968, 969 ,
970, 971, 972, 973, 974, 975, 976, 977, 978, 979 ,
980, 981, 982, 983, 984, 985, 986, 987, 988, 989 ,
990, 991, 992, 993, 994, 995, 996, 997, 998, 999 ,
])

f_ideal_1000 = np.array([
-0.49270646 ,
])

===== Memory usage =====
[n_truc=1000, tg=0] Peak RSS: 10.18 GB
[n_truc=1000, tg=0] Peak PSS: 2.29 GB

Current China Time: 2026-08-04 06:16:54.745428+08:00

============================================================


----- n_truc=1000, tg=1 -----

hspace_select (len=1000) = np.array([
'0-0', '0-1', '1-0', '0-2', '2-0', '0-4', '4-0', '1-1', '0-5', '2-1' ,
'5-0', '1-2', '0-8', '2-2', '8-0', '1-4', '4-1', '0-9', '2-4', '9-0' ,
'1-5', '5-1', '4-2', '0-12', '2-5', '1-8', '5-2', '12-0', '0-13', '0-16' ,
'8-1', '4-4', '13-0', '15-0', '2-8', '1-9', '9-1', '8-2', '5-4', '4-5' ,
'0-18', '2-9', '1-12', '0-20', '18-0', '0-21', '9-2', '12-1', '5-5', '0-24' ,
'4-8', '1-13', '20-0', '8-4', '1-16', '22-0', '2-12', '13-1', '24-0', '0-25' ,
'15-1', '0-26', '5-8', '4-9', '12-2', '2-13', '9-4', '2-16', '8-5', '13-2' ,
'25-0', '26-0', '1-18', '15-2', '0-28', '28-0', '5-9', '4-12', '0-30', '18-1' ,
'9-5', '12-4', '1-20', '1-21', '0-33', '8-8', '0-34', '0-35', '1-24', '2-18' ,
'0-36', '20-1', '4-13', '22-1', '4-16', '30-0', '13-4', '5-12', '15-4', '24-1' ,
'33-0', '18-2', '2-20', '2-21', '34-0', '8-9', '35-0', '1-25', '9-8', '1-26' ,
'0-39', '2-24', '12-5', '37-0', '5-13', '20-2', '5-16', '22-2', '13-5', '25-1' ,
'0-42', '24-2', '26-1', '15-5', '39-0', '2-25', '4-18', '2-26', '9-9', '8-12' ,
'28-1', '1-28', '18-4', '0-44', '41-0', '12-8', '1-30', '4-20', '0-45', '4-21' ,
'0-46', '25-2', '13-8', '1-33', '8-13', '20-4', '8-16', '22-4', '4-24', '26-2' ,
'5-18', '1-34', '15-8', '1-35', '30-1', '2-28', '1-36', '28-2', '9-12', '24-4' ,
'44-0', '12-9', '33-1', '45-0', '2-30', '18-5', '0-52', '0-53', '46-0', '34-1' ,
'5-20', '35-1', '5-21', '4-25', '4-26', '2-33', '13-9', '9-13', '1-39', '5-24' ,
'37-1', '9-16', '2-34', '2-35', '0-54', '20-5', '22-5', '2-36', '50-0', '51-0' ,
'30-2', '15-9', '25-4', '0-55', '26-4', '8-18', '24-5', '12-12', '39-1', '33-2' ,
'0-57', '1-42', '18-8', '34-2', '5-25', '28-4', '35-2', '54-0', '0-59', '5-26' ,
'4-28', '2-39', '41-1', '13-12', '37-2', '8-20', '0-60', '8-21', '12-16', '1-44' ,
'12-13', '20-8', '4-30', '56-0', '22-8', '25-5', '8-24', '1-45', '9-18', '15-12' ,
'26-5', '1-46', '0-64', '2-42', '4-33', '30-4', '24-8', '39-2', '58-0', '13-13' ,
'18-9', '4-34', '4-35', '0-65', '4-36', '13-16', '28-5', '59-0', '5-28', '33-4' ,
'15-13', '44-1', '60-0', '34-4', '41-2', '9-20', '2-44', '9-21', '45-1', '15-16' ,
'35-4', '8-25', '46-1', '5-30', '20-9', '8-26', '1-52', '1-53', '22-9', '2-45' ,
'64-0', '9-24', '0-66', '37-4', '2-46', '25-8', '5-33', '4-39', '0-69', '65-0' ,
'26-8', '0-70', '30-5', '5-34', '24-9', '5-35', '12-18', '50-1', '1-54', '51-1' ,
'5-36', '18-12', '28-8', '44-2', '1-55', '33-5', '39-4', '0-73', '45-2', '9-25' ,
'0-76', '34-5', '4-42', '46-2', '2-52', '2-53', '35-5', '0-77', '13-18', '9-26' ,
'12-20', '20-12', '1-57', '22-12', '54-1', '66-0', '8-28', '12-21', '18-13', '41-4' ,
'69-0', '25-9', '37-5', '0-78', '70-0', '5-39', '1-59', '12-24', '8-30', '18-16' ,
'15-18', '2-54', '26-9', '4-44', '24-12', '1-60', '50-2', '56-1', '51-2', '74-0' ,
'0-81', '13-20', '30-8', '13-21', '75-0', '20-13', '28-9', '2-55', '8-33', '4-45' ,
'77-0', '22-13', '8-34', '13-24', '8-35', '20-16', '39-5', '15-20', '33-8', '4-46' ,
'5-42', '8-36', '58-1', '2-57', '15-21', '22-16', '1-64', '34-8', '35-8', '9-28' ,
'54-2', '15-24', '24-13', '59-1', '12-25', '1-65', '44-4', '2-59', '45-4', '24-16' ,
'41-5', '0-82', '12-26', '60-1', '46-4', '79-0', '9-30', '0-83', '81-0', '37-8' ,
'25-12', '2-60', '5-44', '0-86', '26-12', '56-2', '13-25', '4-52', '30-9', '4-53' ,
'64-1', '8-39', '9-33', '5-45', '13-26', '18-18', '9-34', '28-12', '65-1', '1-66' ,
'9-35', '5-46', '50-4', '2-64', '15-25', '9-36', '51-4', '58-2', '33-9', '25-13' ,
'1-69', '39-8', '15-26', '4-54', '35-9', '34-9', '1-70', '2-65', '25-16', '59-2' ,
'26-13', '0-89', '18-20', '12-28', '20-18', '0-90', '84-0', '44-5', '26-16', '18-21' ,
'60-2', '45-5', '4-55', '8-42', '41-8', '85-0', '46-5', '22-18', '37-9', '54-4' ,
'28-13', '1-73', '12-30', '28-16', '18-24', '86-0', '5-52', '5-53', '66-1', '4-57' ,
'1-76', '64-2', '9-39', '1-77', '24-18', '30-12', '0-92', '13-28', '0-93', '69-1' ,
'2-66', '20-21', '12-33', '20-20', '70-1', '4-59', '65-2', '2-69', '56-4', '8-44' ,
'33-12', '20-24', '1-78', '2-70', '50-5', '12-35', '12-34', '22-20', '39-9', '51-5' ,
'15-28', '5-54', '13-30', '4-60', '34-12', '74-1', '35-12', '12-36', '89-0', '8-45' ,
'24-21', '75-1', '90-0', '1-81', '8-46', '22-24', '77-1', '18-25', '0-97', '24-20' ,
'30-13', '0-98', '44-8', '58-4', '5-55', '9-42', '13-33', '0-100', '25-18', '41-9' ,
'2-73', '15-30', '45-8', '18-26', '59-4', '2-76', '37-12', '93-0', '92-0', '54-5' ,
'13-34', '4-64', '13-35', '2-77', '30-16', '24-24', '5-57', '46-8', '33-13', '66-2' ,
'13-36', '0-102', '0-103', '60-4', '34-16', '26-18', '4-65', '15-33', '34-13', '69-2' ,
'20-25', '5-59', '35-13', '70-2', '79-1', '22-25', '2-78', '9-44', '81-1', '12-39' ,
'15-35', '33-16', '15-34', '1-82', '8-52', '15-36', '35-16', '28-18', '8-53', '64-4' ,
'9-45', '56-5', '5-60', '1-83', '51-8', '20-26', '74-2', '39-12', '50-8', '2-81' ,
'25-20', '22-26', '5-64', '37-13', '25-21', '98-0', '99-0', '75-2', '1-86', '9-46' ,
'0-105', '37-16', '26-21', '0-106', '100-0', '77-2', '65-4', '26-20', '24-25', '13-39' ,
'4-66', '44-9', '58-5', '8-54', '24-26', '18-28', '45-9', '102-0', '101-0', '25-24' ,
'4-69', '46-9', '41-12', '12-42', '28-20', '20-28', '28-21', '4-70', '26-24', '59-5' ,
'54-8', '15-39', '5-65', '18-30', '8-55', '0-109', '39-13', '84-1', '60-5', '39-16' ,
'2-82', '1-89', '30-18', '79-2', '28-24', '1-90', '85-1', '81-2', '2-83', '8-57' ,
'66-4', '9-53', '9-52', '13-42', '18-33', '0-111', '0-112', '4-73', '20-30', '12-44' ,
'64-5', '22-28', '86-1', '56-8', '33-18', '69-4', '41-13', '25-25', '105-0', '2-86' ,
'4-76', '106-0', '51-9', '18-34', '18-35', '50-9', '8-59', '4-77', '70-4', '25-26' ,
'34-18', '41-16', '26-25', '12-45', '35-18', '15-42', '18-36', '5-66', '30-21', '65-5' ,
'22-30', '35-20', '1-93', '1-92', '9-54', '24-28', '8-60', '26-26', '74-4', '44-12' ,
'45-12', '12-46', '30-20', '4-78', '5-69', '75-4', '58-8', '0-114', '13-44', '5-70' ,
'28-25', '30-24', '20-34', '24-30', '20-35', '46-12', '77-4', '37-18', '89-1', '34-21' ,
'54-9', '28-26', '90-1', '35-21', '9-55', '22-33', '109-0', '4-81', '2-89', '59-8' ,
'84-2', '13-45', '2-90', '0-116', '20-33', '60-8', '15-44', '13-46', '8-64', '33-20' ,
'85-2', '9-57', '20-36', '110-0', '111-0', '1-97', '1-98', '24-33', '34-20', '5-73' ,
'22-36', '93-1', '92-1', '8-65', '66-5', '1-100', '22-35', '22-34', '50-12', '44-13' ,
'24-35', '86-2', '12-52', '5-76', '51-12', '18-39', '35-24', '56-9', '12-53', '45-13' ,
'5-77', '37-21', '9-59', '15-45', '69-5', '64-8', '46-13', '79-4', '0-121', '39-18' ,
'44-16', '25-28', '70-5', '15-46', '2-92', '37-20', '33-24', '81-4', '2-93', '24-36' ,
'1-102', '24-34', '1-103', '34-24', '26-34', '30-26', '45-16', '9-60', '26-28', '46-16' ,
'65-8', '4-82', '5-78', '30-25', '74-5', '114-0', '58-9', '25-30', '4-83', '37-24' ,
'33-25', '75-5', '12-54', '13-52', '13-53', '116-0', '20-39', '99-1', '98-1', '89-2' ,
'41-18', '22-39', '54-12', '28-28', '26-30', '8-66', '5-81', '90-2', '77-5', '4-86' ,
'18-42', '59-9', '34-26', '100-1', '50-13', '34-25', '51-13', '39-20', '2-97', '12-55' ,
'2-98', '39-21', '9-64', '60-9', '1-105', '8-69', '0-123', '2-100', '25-33', '0-124' ,
'1-106', '35-25', '8-70', '102-1', '101-1', '0-125', '25-34', '25-35', '28-30', '93-2' ,
'92-2', '9-65', '24-39', '15-52', '35-26', '26-33', '56-12', '13-54', '84-4', '0-128' ,
'50-16', '15-53', '33-26', '51-16', '12-57', '39-24', '121-0', '41-20', '66-8', '25-36' ,
'46-18', '2-102', '2-103', '18-44', '64-9', '41-21', '20-42', '85-4', '0-129', '79-5' ,
'69-8', '37-25', '26-36', '54-13', '81-5', '12-59', '8-73', '28-33', '13-55', '1-109' ,
'70-8', '4-89', '9-66', '26-35', '22-42', '37-26', '18-45', '86-4', '4-90', '5-82' ,
'15-54', '8-76', '41-24', '28-34', '0-131', '65-9', '5-83', '28-35', '8-77', '12-60' ,
'54-16', '30-28', '18-46', '44-18', '28-36', '58-12', '105-1', '13-57', '45-18', '106-1' ,
'74-8', '0-132', '24-42', '98-2', '99-2', '1-111', '1-112', '75-8', '5-86', '15-55' ,
'56-13', '123-0', '2-105', '20-45', '100-2', '20-44', '30-30', '77-8', '8-78', '22-44' ,
'2-106', '59-12', '125-0', '39-25', '25-39', '13-59', '9-69', '33-28', '4-92', '60-12' ,
'15-57', '127-0', '4-93', '33-30', '9-70', '20-46', '39-26', '22-46', '102-2', '101-2' ,
'34-28', '89-4', '12-64', '22-45', '128-0', '56-16', '26-39', '90-4', '35-28', '45-21' ,
'44-21', '0-135', '13-60', '34-30', '30-34', '8-81', '30-35', '129-0', '35-30', '84-5' ,
'66-9', '12-65', '15-59', '41-25', '1-114', '0-136', '50-18', '58-13', '24-44', '51-18' ,
'44-20', '18-52', '109-1', '18-53', '2-109', '64-12', '24-45', '69-9', '41-26', '28-39' ,
])

index_select (len=1000) = np.array([
0, 1, 2, 3, 4, 5, 6, 7, 8, 9 ,
10, 11, 12, 13, 14, 15, 16, 17, 18, 19 ,
20, 21, 22, 23, 24, 25, 26, 27, 28, 29 ,
30, 31, 32, 33, 34, 35, 36, 37, 38, 39 ,
40, 41, 42, 43, 44, 45, 46, 47, 48, 49 ,
50, 51, 52, 53, 54, 55, 56, 57, 58, 59 ,
60, 61, 62, 63, 64, 65, 66, 67, 68, 69 ,
70, 71, 72, 73, 74, 75, 76, 77, 78, 79 ,
80, 81, 82, 83, 84, 85, 86, 87, 88, 89 ,
90, 91, 92, 93, 94, 95, 96, 97, 98, 99 ,
100, 101, 102, 103, 104, 105, 106, 107, 108, 109 ,
110, 111, 112, 113, 114, 115, 116, 117, 118, 119 ,
120, 121, 122, 123, 124, 125, 126, 127, 128, 129 ,
130, 131, 132, 133, 134, 135, 136, 137, 138, 139 ,
140, 141, 142, 143, 144, 145, 146, 147, 148, 149 ,
150, 151, 152, 153, 154, 155, 156, 157, 158, 159 ,
160, 161, 162, 163, 164, 165, 166, 167, 168, 169 ,
170, 171, 172, 173, 174, 175, 176, 177, 178, 179 ,
180, 181, 182, 183, 184, 185, 186, 187, 188, 189 ,
190, 191, 192, 193, 194, 195, 196, 197, 198, 199 ,
200, 201, 202, 203, 204, 205, 206, 207, 208, 209 ,
210, 211, 212, 213, 214, 215, 216, 217, 218, 219 ,
220, 221, 222, 223, 224, 225, 226, 227, 228, 229 ,
230, 231, 232, 233, 234, 235, 236, 237, 238, 239 ,
240, 241, 242, 243, 244, 245, 246, 247, 248, 249 ,
250, 251, 252, 253, 254, 255, 256, 257, 258, 259 ,
260, 261, 262, 263, 264, 265, 266, 267, 268, 269 ,
270, 271, 272, 273, 274, 275, 276, 277, 278, 279 ,
280, 281, 282, 283, 284, 285, 286, 287, 288, 289 ,
290, 291, 292, 293, 294, 295, 296, 297, 298, 299 ,
300, 301, 302, 303, 304, 305, 306, 307, 308, 309 ,
310, 311, 312, 313, 314, 315, 316, 317, 318, 319 ,
320, 321, 322, 323, 324, 325, 326, 327, 328, 329 ,
330, 331, 332, 333, 334, 335, 336, 337, 338, 339 ,
340, 341, 342, 343, 344, 345, 346, 347, 348, 349 ,
350, 351, 352, 353, 354, 355, 356, 357, 358, 359 ,
360, 361, 362, 363, 364, 365, 366, 367, 368, 369 ,
370, 371, 372, 373, 374, 375, 376, 377, 378, 379 ,
380, 381, 382, 383, 384, 385, 386, 387, 388, 389 ,
390, 391, 392, 393, 394, 395, 396, 397, 398, 399 ,
400, 401, 402, 403, 404, 405, 406, 407, 408, 409 ,
410, 411, 412, 413, 414, 415, 416, 417, 418, 419 ,
420, 421, 422, 423, 424, 425, 426, 427, 428, 429 ,
430, 431, 432, 433, 434, 435, 436, 437, 438, 439 ,
440, 441, 442, 443, 444, 445, 446, 447, 448, 449 ,
450, 451, 452, 453, 454, 455, 456, 457, 458, 459 ,
460, 461, 462, 463, 464, 465, 466, 467, 468, 469 ,
470, 471, 472, 473, 474, 475, 476, 477, 478, 479 ,
480, 481, 482, 483, 484, 485, 486, 487, 488, 489 ,
490, 491, 492, 493, 494, 495, 496, 497, 498, 499 ,
500, 501, 502, 503, 504, 505, 506, 507, 508, 509 ,
510, 511, 512, 513, 514, 515, 516, 517, 518, 519 ,
520, 521, 522, 523, 524, 525, 526, 527, 528, 529 ,
530, 531, 532, 533, 534, 535, 536, 537, 538, 539 ,
540, 541, 542, 543, 544, 545, 546, 547, 548, 549 ,
550, 551, 552, 553, 554, 555, 556, 557, 558, 559 ,
560, 561, 562, 563, 564, 565, 566, 567, 568, 569 ,
570, 571, 572, 573, 574, 575, 576, 577, 578, 579 ,
580, 581, 582, 583, 584, 585, 586, 587, 588, 589 ,
590, 591, 592, 593, 594, 595, 596, 597, 598, 599 ,
600, 601, 602, 603, 604, 605, 606, 607, 608, 609 ,
610, 611, 612, 613, 614, 615, 616, 617, 618, 619 ,
620, 621, 622, 623, 624, 625, 626, 627, 628, 629 ,
630, 631, 632, 633, 634, 635, 636, 637, 638, 639 ,
640, 641, 642, 643, 644, 645, 646, 647, 648, 649 ,
650, 651, 652, 653, 654, 655, 656, 657, 658, 659 ,
660, 661, 662, 663, 664, 665, 666, 667, 668, 669 ,
670, 671, 672, 673, 674, 675, 676, 677, 678, 679 ,
680, 681, 682, 683, 684, 685, 686, 687, 688, 689 ,
690, 691, 692, 693, 694, 695, 696, 697, 698, 699 ,
700, 701, 702, 703, 704, 705, 706, 707, 708, 709 ,
710, 711, 712, 713, 714, 715, 716, 717, 718, 719 ,
720, 721, 722, 723, 724, 725, 726, 727, 728, 729 ,
730, 731, 732, 733, 734, 735, 736, 737, 738, 739 ,
740, 741, 742, 743, 744, 745, 746, 747, 748, 749 ,
750, 751, 752, 753, 754, 755, 756, 757, 758, 759 ,
760, 761, 762, 763, 764, 765, 766, 767, 768, 769 ,
770, 771, 772, 773, 774, 775, 776, 777, 778, 779 ,
780, 781, 782, 783, 784, 785, 786, 787, 788, 789 ,
790, 791, 792, 793, 794, 795, 796, 797, 798, 799 ,
800, 801, 802, 803, 804, 805, 806, 807, 808, 809 ,
810, 811, 812, 813, 814, 815, 816, 817, 818, 819 ,
820, 821, 822, 823, 824, 825, 826, 827, 828, 829 ,
830, 831, 832, 833, 834, 835, 836, 837, 838, 839 ,
840, 841, 842, 843, 844, 845, 846, 847, 848, 849 ,
850, 851, 852, 853, 854, 855, 856, 857, 858, 859 ,
860, 861, 862, 863, 864, 865, 866, 867, 868, 869 ,
870, 871, 872, 873, 874, 875, 876, 877, 878, 879 ,
880, 881, 882, 883, 884, 885, 886, 887, 888, 889 ,
890, 891, 892, 893, 894, 895, 896, 897, 898, 899 ,
900, 901, 902, 903, 904, 905, 906, 907, 908, 909 ,
910, 911, 912, 913, 914, 915, 916, 917, 918, 919 ,
920, 921, 922, 923, 924, 925, 926, 927, 928, 929 ,
930, 931, 932, 933, 934, 935, 936, 937, 938, 939 ,
940, 941, 942, 943, 944, 945, 946, 947, 948, 949 ,
950, 951, 952, 953, 954, 955, 956, 957, 958, 959 ,
960, 961, 962, 963, 964, 965, 966, 967, 968, 969 ,
970, 971, 972, 973, 974, 975, 976, 977, 978, 979 ,
980, 981, 982, 983, 984, 985, 986, 987, 988, 989 ,
990, 991, 992, 993, 994, 995, 996, 997, 998, 999 ,
])

f_ideal_1000 = np.array([
-0.28445594 ,
])

===== Memory usage =====
[n_truc=1000, tg=1] Peak RSS: 10.17 GB
[n_truc=1000, tg=1] Peak PSS: 2.28 GB

Current China Time: 2026-08-04 06:22:45.463623+08:00

============================================================


----- n_truc=1000, tg=2 -----

hspace_select (len=1000) = np.array([
'0-0', '0-1', '1-0', '0-2', '2-0', '0-4', '4-0', '1-1', '0-5', '2-1' ,
'5-0', '1-2', '0-8', '2-2', '8-0', '1-4', '4-1', '0-9', '2-4', '9-0' ,
'1-5', '5-1', '4-2', '0-12', '2-5', '1-8', '5-2', '12-0', '0-13', '0-16' ,
'8-1', '4-4', '13-0', '15-0', '2-8', '1-9', '9-1', '8-2', '5-4', '4-5' ,
'0-18', '2-9', '1-12', '0-20', '18-0', '0-21', '9-2', '12-1', '5-5', '0-24' ,
'4-8', '1-13', '20-0', '8-4', '1-16', '22-0', '2-12', '13-1', '24-0', '0-25' ,
'15-1', '0-26', '5-8', '4-9', '12-2', '2-13', '9-4', '2-16', '8-5', '13-2' ,
'25-0', '26-0', '1-18', '15-2', '0-28', '28-0', '5-9', '4-12', '0-30', '18-1' ,
'9-5', '12-4', '1-20', '1-21', '0-33', '8-8', '0-34', '0-35', '1-24', '2-18' ,
'0-36', '20-1', '4-13', '22-1', '4-16', '30-0', '13-4', '5-12', '15-4', '24-1' ,
'33-0', '18-2', '2-20', '2-21', '34-0', '8-9', '35-0', '1-25', '9-8', '1-26' ,
'0-39', '2-24', '12-5', '37-0', '5-13', '20-2', '5-16', '22-2', '13-5', '25-1' ,
'0-42', '24-2', '26-1', '15-5', '39-0', '2-25', '4-18', '2-26', '9-9', '8-12' ,
'28-1', '1-28', '18-4', '0-44', '41-0', '12-8', '1-30', '4-20', '0-45', '4-21' ,
'0-46', '25-2', '13-8', '1-33', '8-13', '20-4', '8-16', '22-4', '4-24', '26-2' ,
'5-18', '1-34', '15-8', '1-35', '30-1', '2-28', '1-36', '28-2', '9-12', '24-4' ,
'44-0', '12-9', '33-1', '45-0', '2-30', '18-5', '0-52', '0-53', '46-0', '34-1' ,
'5-20', '35-1', '5-21', '4-25', '4-26', '2-33', '13-9', '9-13', '1-39', '5-24' ,
'37-1', '9-16', '2-34', '2-35', '0-54', '20-5', '22-5', '2-36', '50-0', '51-0' ,
'30-2', '15-9', '25-4', '0-55', '26-4', '8-18', '24-5', '12-12', '39-1', '33-2' ,
'0-57', '1-42', '18-8', '34-2', '5-25', '28-4', '35-2', '54-0', '0-59', '5-26' ,
'4-28', '2-39', '41-1', '13-12', '37-2', '8-20', '0-60', '8-21', '12-16', '1-44' ,
'12-13', '20-8', '4-30', '56-0', '22-8', '25-5', '8-24', '1-45', '9-18', '15-12' ,
'26-5', '1-46', '0-64', '2-42', '4-33', '30-4', '24-8', '39-2', '58-0', '13-13' ,
'18-9', '4-34', '4-35', '0-65', '4-36', '13-16', '28-5', '59-0', '5-28', '33-4' ,
'15-13', '44-1', '60-0', '34-4', '41-2', '9-20', '2-44', '9-21', '45-1', '15-16' ,
'35-4', '8-25', '46-1', '5-30', '20-9', '8-26', '1-52', '1-53', '22-9', '2-45' ,
'64-0', '9-24', '0-66', '37-4', '2-46', '25-8', '5-33', '4-39', '0-69', '65-0' ,
'26-8', '0-70', '30-5', '5-34', '24-9', '5-35', '12-18', '50-1', '1-54', '51-1' ,
'5-36', '18-12', '28-8', '44-2', '1-55', '33-5', '39-4', '0-73', '45-2', '9-25' ,
'0-76', '34-5', '4-42', '46-2', '2-52', '2-53', '35-5', '0-77', '13-18', '9-26' ,
'12-20', '20-12', '1-57', '22-12', '54-1', '66-0', '8-28', '12-21', '18-13', '41-4' ,
'69-0', '25-9', '37-5', '0-78', '70-0', '5-39', '1-59', '12-24', '8-30', '18-16' ,
'15-18', '2-54', '26-9', '4-44', '24-12', '1-60', '50-2', '56-1', '51-2', '74-0' ,
'0-81', '13-20', '30-8', '13-21', '75-0', '20-13', '28-9', '2-55', '8-33', '4-45' ,
'77-0', '22-13', '8-34', '13-24', '8-35', '20-16', '39-5', '15-20', '33-8', '4-46' ,
'5-42', '8-36', '58-1', '2-57', '15-21', '22-16', '1-64', '34-8', '35-8', '9-28' ,
'54-2', '15-24', '24-13', '59-1', '12-25', '1-65', '44-4', '2-59', '45-4', '24-16' ,
'41-5', '0-82', '12-26', '60-1', '46-4', '79-0', '9-30', '0-83', '81-0', '37-8' ,
'25-12', '2-60', '5-44', '0-86', '26-12', '56-2', '13-25', '4-52', '30-9', '4-53' ,
'64-1', '8-39', '9-33', '5-45', '13-26', '18-18', '9-34', '28-12', '65-1', '1-66' ,
'9-35', '5-46', '50-4', '2-64', '15-25', '9-36', '51-4', '58-2', '33-9', '25-13' ,
'1-69', '39-8', '15-26', '4-54', '35-9', '34-9', '1-70', '2-65', '25-16', '59-2' ,
'26-13', '0-89', '18-20', '12-28', '20-18', '0-90', '84-0', '44-5', '26-16', '18-21' ,
'60-2', '45-5', '4-55', '8-42', '41-8', '85-0', '46-5', '22-18', '37-9', '54-4' ,
'28-13', '1-73', '12-30', '28-16', '18-24', '86-0', '5-52', '5-53', '66-1', '4-57' ,
'1-76', '64-2', '9-39', '1-77', '24-18', '30-12', '0-92', '13-28', '0-93', '69-1' ,
'2-66', '20-21', '12-33', '20-20', '70-1', '4-59', '65-2', '2-69', '56-4', '8-44' ,
'33-12', '20-24', '1-78', '2-70', '50-5', '12-35', '12-34', '22-20', '39-9', '51-5' ,
'15-28', '5-54', '13-30', '4-60', '34-12', '74-1', '35-12', '12-36', '89-0', '8-45' ,
'24-21', '75-1', '90-0', '1-81', '8-46', '22-24', '77-1', '18-25', '0-97', '24-20' ,
'30-13', '0-98', '44-8', '58-4', '5-55', '9-42', '13-33', '0-100', '25-18', '41-9' ,
'2-73', '15-30', '45-8', '18-26', '59-4', '2-76', '37-12', '93-0', '92-0', '54-5' ,
'13-34', '4-64', '13-35', '2-77', '30-16', '24-24', '5-57', '46-8', '33-13', '66-2' ,
'13-36', '0-102', '0-103', '60-4', '34-16', '26-18', '4-65', '15-33', '34-13', '69-2' ,
'20-25', '5-59', '35-13', '70-2', '79-1', '22-25', '2-78', '9-44', '81-1', '12-39' ,
'15-35', '33-16', '15-34', '1-82', '8-52', '15-36', '35-16', '28-18', '8-53', '64-4' ,
'9-45', '56-5', '5-60', '1-83', '51-8', '20-26', '74-2', '39-12', '50-8', '2-81' ,
'25-20', '22-26', '5-64', '37-13', '25-21', '98-0', '99-0', '75-2', '1-86', '9-46' ,
'0-105', '37-16', '26-21', '0-106', '100-0', '77-2', '65-4', '26-20', '24-25', '13-39' ,
'4-66', '44-9', '58-5', '8-54', '24-26', '18-28', '45-9', '102-0', '101-0', '25-24' ,
'4-69', '46-9', '41-12', '12-42', '28-20', '20-28', '28-21', '4-70', '26-24', '59-5' ,
'54-8', '15-39', '5-65', '18-30', '8-55', '0-109', '39-13', '84-1', '60-5', '39-16' ,
'2-82', '1-89', '30-18', '79-2', '28-24', '1-90', '85-1', '81-2', '2-83', '8-57' ,
'66-4', '9-53', '9-52', '13-42', '18-33', '0-111', '0-112', '4-73', '20-30', '12-44' ,
'64-5', '22-28', '86-1', '56-8', '33-18', '69-4', '41-13', '25-25', '105-0', '2-86' ,
'4-76', '106-0', '51-9', '18-34', '18-35', '50-9', '8-59', '4-77', '70-4', '25-26' ,
'34-18', '41-16', '26-25', '12-45', '35-18', '15-42', '18-36', '5-66', '30-21', '65-5' ,
'22-30', '35-20', '1-93', '1-92', '9-54', '24-28', '8-60', '26-26', '74-4', '44-12' ,
'45-12', '12-46', '30-20', '4-78', '5-69', '75-4', '58-8', '0-114', '13-44', '5-70' ,
'28-25', '30-24', '20-34', '24-30', '20-35', '46-12', '77-4', '37-18', '89-1', '34-21' ,
'54-9', '28-26', '90-1', '35-21', '9-55', '22-33', '109-0', '4-81', '2-89', '59-8' ,
'84-2', '13-45', '2-90', '0-116', '20-33', '60-8', '15-44', '13-46', '8-64', '33-20' ,
'85-2', '9-57', '20-36', '110-0', '111-0', '1-97', '1-98', '24-33', '34-20', '5-73' ,
'22-36', '93-1', '92-1', '8-65', '66-5', '1-100', '22-35', '22-34', '50-12', '44-13' ,
'24-35', '86-2', '12-52', '5-76', '51-12', '18-39', '35-24', '56-9', '12-53', '45-13' ,
'5-77', '37-21', '9-59', '15-45', '69-5', '64-8', '46-13', '79-4', '0-121', '39-18' ,
'44-16', '25-28', '70-5', '15-46', '2-92', '37-20', '33-24', '81-4', '2-93', '24-36' ,
'1-102', '24-34', '1-103', '34-24', '26-34', '30-26', '45-16', '9-60', '26-28', '46-16' ,
'65-8', '4-82', '5-78', '30-25', '74-5', '114-0', '58-9', '25-30', '4-83', '37-24' ,
'33-25', '75-5', '12-54', '13-52', '13-53', '116-0', '20-39', '99-1', '98-1', '89-2' ,
'41-18', '22-39', '54-12', '28-28', '26-30', '8-66', '5-81', '90-2', '77-5', '4-86' ,
'18-42', '59-9', '34-26', '100-1', '50-13', '34-25', '51-13', '39-20', '2-97', '12-55' ,
'2-98', '39-21', '9-64', '60-9', '1-105', '8-69', '0-123', '2-100', '25-33', '0-124' ,
'1-106', '35-25', '8-70', '102-1', '101-1', '0-125', '25-34', '25-35', '28-30', '93-2' ,
'92-2', '9-65', '24-39', '15-52', '35-26', '26-33', '56-12', '13-54', '84-4', '0-128' ,
'50-16', '15-53', '33-26', '51-16', '12-57', '39-24', '121-0', '41-20', '66-8', '25-36' ,
'46-18', '2-102', '2-103', '18-44', '64-9', '41-21', '20-42', '85-4', '0-129', '79-5' ,
'69-8', '37-25', '26-36', '54-13', '81-5', '12-59', '8-73', '28-33', '13-55', '1-109' ,
'70-8', '4-89', '9-66', '26-35', '22-42', '37-26', '18-45', '86-4', '4-90', '5-82' ,
'15-54', '8-76', '41-24', '28-34', '0-131', '65-9', '5-83', '28-35', '8-77', '12-60' ,
'54-16', '30-28', '18-46', '44-18', '28-36', '58-12', '105-1', '13-57', '45-18', '106-1' ,
'74-8', '0-132', '24-42', '98-2', '99-2', '1-111', '1-112', '75-8', '5-86', '15-55' ,
'56-13', '123-0', '2-105', '20-45', '100-2', '20-44', '30-30', '77-8', '8-78', '22-44' ,
'2-106', '59-12', '125-0', '39-25', '25-39', '13-59', '9-69', '33-28', '4-92', '60-12' ,
'15-57', '127-0', '4-93', '33-30', '9-70', '20-46', '39-26', '22-46', '102-2', '101-2' ,
'34-28', '89-4', '12-64', '22-45', '128-0', '56-16', '26-39', '90-4', '35-28', '45-21' ,
'44-21', '0-135', '13-60', '34-30', '30-34', '8-81', '30-35', '129-0', '35-30', '84-5' ,
'66-9', '12-65', '15-59', '41-25', '1-114', '0-136', '50-18', '58-13', '24-44', '51-18' ,
'44-20', '18-52', '109-1', '18-53', '2-109', '64-12', '24-45', '69-9', '41-26', '28-39' ,
])

index_select (len=1000) = np.array([
0, 1, 2, 3, 4, 5, 6, 7, 8, 9 ,
10, 11, 12, 13, 14, 15, 16, 17, 18, 19 ,
20, 21, 22, 23, 24, 25, 26, 27, 28, 29 ,
30, 31, 32, 33, 34, 35, 36, 37, 38, 39 ,
40, 41, 42, 43, 44, 45, 46, 47, 48, 49 ,
50, 51, 52, 53, 54, 55, 56, 57, 58, 59 ,
60, 61, 62, 63, 64, 65, 66, 67, 68, 69 ,
70, 71, 72, 73, 74, 75, 76, 77, 78, 79 ,
80, 81, 82, 83, 84, 85, 86, 87, 88, 89 ,
90, 91, 92, 93, 94, 95, 96, 97, 98, 99 ,
100, 101, 102, 103, 104, 105, 106, 107, 108, 109 ,
110, 111, 112, 113, 114, 115, 116, 117, 118, 119 ,
120, 121, 122, 123, 124, 125, 126, 127, 128, 129 ,
130, 131, 132, 133, 134, 135, 136, 137, 138, 139 ,
140, 141, 142, 143, 144, 145, 146, 147, 148, 149 ,
150, 151, 152, 153, 154, 155, 156, 157, 158, 159 ,
160, 161, 162, 163, 164, 165, 166, 167, 168, 169 ,
170, 171, 172, 173, 174, 175, 176, 177, 178, 179 ,
180, 181, 182, 183, 184, 185, 186, 187, 188, 189 ,
190, 191, 192, 193, 194, 195, 196, 197, 198, 199 ,
200, 201, 202, 203, 204, 205, 206, 207, 208, 209 ,
210, 211, 212, 213, 214, 215, 216, 217, 218, 219 ,
220, 221, 222, 223, 224, 225, 226, 227, 228, 229 ,
230, 231, 232, 233, 234, 235, 236, 237, 238, 239 ,
240, 241, 242, 243, 244, 245, 246, 247, 248, 249 ,
250, 251, 252, 253, 254, 255, 256, 257, 258, 259 ,
260, 261, 262, 263, 264, 265, 266, 267, 268, 269 ,
270, 271, 272, 273, 274, 275, 276, 277, 278, 279 ,
280, 281, 282, 283, 284, 285, 286, 287, 288, 289 ,
290, 291, 292, 293, 294, 295, 296, 297, 298, 299 ,
300, 301, 302, 303, 304, 305, 306, 307, 308, 309 ,
310, 311, 312, 313, 314, 315, 316, 317, 318, 319 ,
320, 321, 322, 323, 324, 325, 326, 327, 328, 329 ,
330, 331, 332, 333, 334, 335, 336, 337, 338, 339 ,
340, 341, 342, 343, 344, 345, 346, 347, 348, 349 ,
350, 351, 352, 353, 354, 355, 356, 357, 358, 359 ,
360, 361, 362, 363, 364, 365, 366, 367, 368, 369 ,
370, 371, 372, 373, 374, 375, 376, 377, 378, 379 ,
380, 381, 382, 383, 384, 385, 386, 387, 388, 389 ,
390, 391, 392, 393, 394, 395, 396, 397, 398, 399 ,
400, 401, 402, 403, 404, 405, 406, 407, 408, 409 ,
410, 411, 412, 413, 414, 415, 416, 417, 418, 419 ,
420, 421, 422, 423, 424, 425, 426, 427, 428, 429 ,
430, 431, 432, 433, 434, 435, 436, 437, 438, 439 ,
440, 441, 442, 443, 444, 445, 446, 447, 448, 449 ,
450, 451, 452, 453, 454, 455, 456, 457, 458, 459 ,
460, 461, 462, 463, 464, 465, 466, 467, 468, 469 ,
470, 471, 472, 473, 474, 475, 476, 477, 478, 479 ,
480, 481, 482, 483, 484, 485, 486, 487, 488, 489 ,
490, 491, 492, 493, 494, 495, 496, 497, 498, 499 ,
500, 501, 502, 503, 504, 505, 506, 507, 508, 509 ,
510, 511, 512, 513, 514, 515, 516, 517, 518, 519 ,
520, 521, 522, 523, 524, 525, 526, 527, 528, 529 ,
530, 531, 532, 533, 534, 535, 536, 537, 538, 539 ,
540, 541, 542, 543, 544, 545, 546, 547, 548, 549 ,
550, 551, 552, 553, 554, 555, 556, 557, 558, 559 ,
560, 561, 562, 563, 564, 565, 566, 567, 568, 569 ,
570, 571, 572, 573, 574, 575, 576, 577, 578, 579 ,
580, 581, 582, 583, 584, 585, 586, 587, 588, 589 ,
590, 591, 592, 593, 594, 595, 596, 597, 598, 599 ,
600, 601, 602, 603, 604, 605, 606, 607, 608, 609 ,
610, 611, 612, 613, 614, 615, 616, 617, 618, 619 ,
620, 621, 622, 623, 624, 625, 626, 627, 628, 629 ,
630, 631, 632, 633, 634, 635, 636, 637, 638, 639 ,
640, 641, 642, 643, 644, 645, 646, 647, 648, 649 ,
650, 651, 652, 653, 654, 655, 656, 657, 658, 659 ,
660, 661, 662, 663, 664, 665, 666, 667, 668, 669 ,
670, 671, 672, 673, 674, 675, 676, 677, 678, 679 ,
680, 681, 682, 683, 684, 685, 686, 687, 688, 689 ,
690, 691, 692, 693, 694, 695, 696, 697, 698, 699 ,
700, 701, 702, 703, 704, 705, 706, 707, 708, 709 ,
710, 711, 712, 713, 714, 715, 716, 717, 718, 719 ,
720, 721, 722, 723, 724, 725, 726, 727, 728, 729 ,
730, 731, 732, 733, 734, 735, 736, 737, 738, 739 ,
740, 741, 742, 743, 744, 745, 746, 747, 748, 749 ,
750, 751, 752, 753, 754, 755, 756, 757, 758, 759 ,
760, 761, 762, 763, 764, 765, 766, 767, 768, 769 ,
770, 771, 772, 773, 774, 775, 776, 777, 778, 779 ,
780, 781, 782, 783, 784, 785, 786, 787, 788, 789 ,
790, 791, 792, 793, 794, 795, 796, 797, 798, 799 ,
800, 801, 802, 803, 804, 805, 806, 807, 808, 809 ,
810, 811, 812, 813, 814, 815, 816, 817, 818, 819 ,
820, 821, 822, 823, 824, 825, 826, 827, 828, 829 ,
830, 831, 832, 833, 834, 835, 836, 837, 838, 839 ,
840, 841, 842, 843, 844, 845, 846, 847, 848, 849 ,
850, 851, 852, 853, 854, 855, 856, 857, 858, 859 ,
860, 861, 862, 863, 864, 865, 866, 867, 868, 869 ,
870, 871, 872, 873, 874, 875, 876, 877, 878, 879 ,
880, 881, 882, 883, 884, 885, 886, 887, 888, 889 ,
890, 891, 892, 893, 894, 895, 896, 897, 898, 899 ,
900, 901, 902, 903, 904, 905, 906, 907, 908, 909 ,
910, 911, 912, 913, 914, 915, 916, 917, 918, 919 ,
920, 921, 922, 923, 924, 925, 926, 927, 928, 929 ,
930, 931, 932, 933, 934, 935, 936, 937, 938, 939 ,
940, 941, 942, 943, 944, 945, 946, 947, 948, 949 ,
950, 951, 952, 953, 954, 955, 956, 957, 958, 959 ,
960, 961, 962, 963, 964, 965, 966, 967, 968, 969 ,
970, 971, 972, 973, 974, 975, 976, 977, 978, 979 ,
980, 981, 982, 983, 984, 985, 986, 987, 988, 989 ,
990, 991, 992, 993, 994, 995, 996, 997, 998, 999 ,
])

f_ideal_1000 = np.array([
-0.09398961 ,
])

===== Memory usage =====
[n_truc=1000, tg=2] Peak RSS: 10.27 GB
[n_truc=1000, tg=2] Peak PSS: 2.30 GB

Current China Time: 2026-08-04 06:28:26.152112+08:00

============================================================


----- n_truc=1000, tg=3 -----

hspace_select (len=1000) = np.array([
'0-0', '0-1', '1-0', '0-2', '2-0', '0-4', '4-0', '1-1', '0-5', '2-1' ,
'5-0', '1-2', '0-8', '2-2', '8-0', '1-4', '4-1', '0-9', '2-4', '9-0' ,
'1-5', '5-1', '4-2', '0-12', '2-5', '1-8', '5-2', '12-0', '0-13', '0-16' ,
'8-1', '4-4', '13-0', '15-0', '2-8', '1-9', '9-1', '8-2', '5-4', '4-5' ,
'0-18', '2-9', '1-12', '0-20', '18-0', '0-21', '9-2', '12-1', '5-5', '0-24' ,
'4-8', '1-13', '20-0', '8-4', '1-16', '22-0', '2-12', '13-1', '24-0', '0-25' ,
'15-1', '0-26', '5-8', '4-9', '12-2', '2-13', '9-4', '2-16', '8-5', '13-2' ,
'25-0', '26-0', '1-18', '15-2', '0-28', '28-0', '5-9', '4-12', '0-30', '18-1' ,
'9-5', '12-4', '1-20', '1-21', '0-33', '8-8', '0-34', '0-35', '1-24', '2-18' ,
'0-36', '20-1', '4-13', '22-1', '4-16', '30-0', '13-4', '5-12', '15-4', '24-1' ,
'33-0', '18-2', '2-20', '2-21', '34-0', '8-9', '35-0', '1-25', '9-8', '1-26' ,
'0-39', '2-24', '12-5', '37-0', '5-13', '20-2', '5-16', '22-2', '13-5', '25-1' ,
'0-42', '24-2', '26-1', '15-5', '39-0', '2-25', '4-18', '2-26', '9-9', '8-12' ,
'28-1', '1-28', '18-4', '0-44', '41-0', '12-8', '1-30', '4-20', '0-45', '4-21' ,
'0-46', '25-2', '13-8', '1-33', '8-13', '20-4', '8-16', '22-4', '4-24', '26-2' ,
'5-18', '1-34', '15-8', '1-35', '30-1', '2-28', '1-36', '28-2', '9-12', '24-4' ,
'44-0', '12-9', '33-1', '45-0', '2-30', '18-5', '0-52', '0-53', '46-0', '34-1' ,
'5-20', '35-1', '5-21', '4-25', '4-26', '2-33', '13-9', '9-13', '1-39', '5-24' ,
'37-1', '9-16', '2-34', '2-35', '0-54', '20-5', '22-5', '2-36', '50-0', '51-0' ,
'30-2', '15-9', '25-4', '0-55', '26-4', '8-18', '24-5', '12-12', '39-1', '33-2' ,
'0-57', '1-42', '18-8', '34-2', '5-25', '28-4', '35-2', '54-0', '0-59', '5-26' ,
'4-28', '2-39', '41-1', '13-12', '37-2', '8-20', '0-60', '8-21', '12-16', '1-44' ,
'12-13', '20-8', '4-30', '56-0', '22-8', '25-5', '8-24', '1-45', '9-18', '15-12' ,
'26-5', '1-46', '0-64', '2-42', '4-33', '30-4', '24-8', '39-2', '58-0', '13-13' ,
'18-9', '4-34', '4-35', '0-65', '4-36', '13-16', '28-5', '59-0', '5-28', '33-4' ,
'15-13', '44-1', '60-0', '34-4', '41-2', '9-20', '2-44', '9-21', '45-1', '15-16' ,
'35-4', '8-25', '46-1', '5-30', '20-9', '8-26', '1-52', '1-53', '22-9', '2-45' ,
'64-0', '9-24', '0-66', '37-4', '2-46', '25-8', '5-33', '4-39', '0-69', '65-0' ,
'26-8', '0-70', '30-5', '5-34', '24-9', '5-35', '12-18', '50-1', '1-54', '51-1' ,
'5-36', '18-12', '28-8', '44-2', '1-55', '33-5', '39-4', '0-73', '45-2', '9-25' ,
'0-76', '34-5', '4-42', '46-2', '2-52', '2-53', '35-5', '0-77', '13-18', '9-26' ,
'12-20', '20-12', '1-57', '22-12', '54-1', '66-0', '8-28', '12-21', '18-13', '41-4' ,
'69-0', '25-9', '37-5', '0-78', '70-0', '5-39', '1-59', '12-24', '8-30', '18-16' ,
'15-18', '2-54', '26-9', '4-44', '24-12', '1-60', '50-2', '56-1', '51-2', '74-0' ,
'0-81', '13-20', '30-8', '13-21', '75-0', '20-13', '28-9', '2-55', '8-33', '4-45' ,
'77-0', '22-13', '8-34', '13-24', '8-35', '20-16', '39-5', '15-20', '33-8', '4-46' ,
'5-42', '8-36', '58-1', '2-57', '15-21', '22-16', '1-64', '34-8', '35-8', '9-28' ,
'54-2', '15-24', '24-13', '59-1', '12-25', '1-65', '44-4', '2-59', '45-4', '24-16' ,
'41-5', '0-82', '12-26', '60-1', '46-4', '79-0', '9-30', '0-83', '81-0', '37-8' ,
'25-12', '2-60', '5-44', '0-86', '26-12', '56-2', '13-25', '4-52', '30-9', '4-53' ,
'64-1', '8-39', '9-33', '5-45', '13-26', '18-18', '9-34', '28-12', '65-1', '1-66' ,
'9-35', '5-46', '50-4', '2-64', '15-25', '9-36', '51-4', '58-2', '33-9', '25-13' ,
'1-69', '39-8', '15-26', '4-54', '35-9', '34-9', '1-70', '2-65', '25-16', '59-2' ,
'26-13', '0-89', '18-20', '12-28', '20-18', '0-90', '84-0', '44-5', '26-16', '18-21' ,
'60-2', '45-5', '4-55', '8-42', '41-8', '85-0', '46-5', '22-18', '37-9', '54-4' ,
'28-13', '1-73', '12-30', '28-16', '18-24', '86-0', '5-52', '5-53', '66-1', '4-57' ,
'1-76', '64-2', '9-39', '1-77', '24-18', '30-12', '0-92', '13-28', '0-93', '69-1' ,
'2-66', '20-21', '12-33', '20-20', '70-1', '4-59', '65-2', '2-69', '56-4', '8-44' ,
'33-12', '20-24', '1-78', '2-70', '50-5', '12-35', '12-34', '22-20', '39-9', '51-5' ,
'15-28', '5-54', '13-30', '4-60', '34-12', '74-1', '35-12', '12-36', '89-0', '8-45' ,
'24-21', '75-1', '90-0', '1-81', '8-46', '22-24', '77-1', '18-25', '0-97', '24-20' ,
'30-13', '0-98', '44-8', '58-4', '5-55', '9-42', '13-33', '0-100', '25-18', '41-9' ,
'2-73', '15-30', '45-8', '18-26', '59-4', '2-76', '37-12', '93-0', '92-0', '54-5' ,
'13-34', '4-64', '13-35', '2-77', '30-16', '24-24', '5-57', '46-8', '33-13', '66-2' ,
'13-36', '0-102', '0-103', '60-4', '34-16', '26-18', '4-65', '15-33', '34-13', '69-2' ,
'20-25', '5-59', '35-13', '70-2', '79-1', '22-25', '2-78', '9-44', '81-1', '12-39' ,
'15-35', '33-16', '15-34', '1-82', '8-52', '15-36', '35-16', '28-18', '8-53', '64-4' ,
'9-45', '56-5', '5-60', '1-83', '51-8', '20-26', '74-2', '39-12', '50-8', '2-81' ,
'25-20', '22-26', '5-64', '37-13', '25-21', '98-0', '99-0', '75-2', '1-86', '9-46' ,
'0-105', '37-16', '26-21', '0-106', '100-0', '77-2', '65-4', '26-20', '24-25', '13-39' ,
'4-66', '44-9', '58-5', '8-54', '24-26', '18-28', '45-9', '102-0', '101-0', '25-24' ,
'4-69', '46-9', '41-12', '12-42', '28-20', '20-28', '28-21', '4-70', '26-24', '59-5' ,
'54-8', '15-39', '5-65', '18-30', '8-55', '0-109', '39-13', '84-1', '60-5', '39-16' ,
'2-82', '1-89', '30-18', '79-2', '28-24', '1-90', '85-1', '81-2', '2-83', '8-57' ,
'66-4', '9-53', '9-52', '13-42', '18-33', '0-111', '0-112', '4-73', '20-30', '12-44' ,
'64-5', '22-28', '86-1', '56-8', '33-18', '69-4', '41-13', '25-25', '105-0', '2-86' ,
'4-76', '106-0', '51-9', '18-34', '18-35', '50-9', '8-59', '4-77', '70-4', '25-26' ,
'34-18', '41-16', '26-25', '12-45', '35-18', '15-42', '18-36', '5-66', '30-21', '65-5' ,
'22-30', '35-20', '1-93', '1-92', '9-54', '24-28', '8-60', '26-26', '74-4', '44-12' ,
'45-12', '12-46', '30-20', '4-78', '5-69', '75-4', '58-8', '0-114', '13-44', '5-70' ,
'28-25', '30-24', '20-34', '24-30', '20-35', '46-12', '77-4', '37-18', '89-1', '34-21' ,
'54-9', '28-26', '90-1', '35-21', '9-55', '22-33', '109-0', '4-81', '2-89', '59-8' ,
'84-2', '13-45', '2-90', '0-116', '20-33', '60-8', '15-44', '13-46', '8-64', '33-20' ,
'85-2', '9-57', '20-36', '110-0', '111-0', '1-97', '1-98', '24-33', '34-20', '5-73' ,
'22-36', '93-1', '92-1', '8-65', '66-5', '1-100', '22-35', '22-34', '50-12', '44-13' ,
'24-35', '86-2', '12-52', '5-76', '51-12', '18-39', '35-24', '56-9', '12-53', '45-13' ,
'5-77', '37-21', '9-59', '15-45', '69-5', '64-8', '46-13', '79-4', '0-121', '39-18' ,
'44-16', '25-28', '70-5', '15-46', '2-92', '37-20', '33-24', '81-4', '2-93', '24-36' ,
'1-102', '24-34', '1-103', '34-24', '26-34', '30-26', '45-16', '9-60', '26-28', '46-16' ,
'65-8', '4-82', '5-78', '30-25', '74-5', '114-0', '58-9', '25-30', '4-83', '37-24' ,
'33-25', '75-5', '12-54', '13-52', '13-53', '116-0', '20-39', '99-1', '98-1', '89-2' ,
'41-18', '22-39', '54-12', '28-28', '26-30', '8-66', '5-81', '90-2', '77-5', '4-86' ,
'18-42', '59-9', '34-26', '100-1', '50-13', '34-25', '51-13', '39-20', '2-97', '12-55' ,
'2-98', '39-21', '9-64', '60-9', '1-105', '8-69', '0-123', '2-100', '25-33', '0-124' ,
'1-106', '35-25', '8-70', '102-1', '101-1', '0-125', '25-34', '25-35', '28-30', '93-2' ,
'92-2', '9-65', '24-39', '15-52', '35-26', '26-33', '56-12', '13-54', '84-4', '0-128' ,
'50-16', '15-53', '33-26', '51-16', '12-57', '39-24', '121-0', '41-20', '66-8', '25-36' ,
'46-18', '2-102', '2-103', '18-44', '64-9', '41-21', '20-42', '85-4', '0-129', '79-5' ,
'69-8', '37-25', '26-36', '54-13', '81-5', '12-59', '8-73', '28-33', '13-55', '1-109' ,
'70-8', '4-89', '9-66', '26-35', '22-42', '37-26', '18-45', '86-4', '4-90', '5-82' ,
'15-54', '8-76', '41-24', '28-34', '0-131', '65-9', '5-83', '28-35', '8-77', '12-60' ,
'54-16', '30-28', '18-46', '44-18', '28-36', '58-12', '105-1', '13-57', '45-18', '106-1' ,
'74-8', '0-132', '24-42', '98-2', '99-2', '1-111', '1-112', '75-8', '5-86', '15-55' ,
'56-13', '123-0', '2-105', '20-45', '100-2', '20-44', '30-30', '77-8', '8-78', '22-44' ,
'2-106', '59-12', '125-0', '39-25', '25-39', '13-59', '9-69', '33-28', '4-92', '60-12' ,
'15-57', '127-0', '4-93', '33-30', '9-70', '20-46', '39-26', '22-46', '102-2', '101-2' ,
'34-28', '89-4', '12-64', '22-45', '128-0', '56-16', '26-39', '90-4', '35-28', '45-21' ,
'44-21', '0-135', '13-60', '34-30', '30-34', '8-81', '30-35', '129-0', '35-30', '84-5' ,
'66-9', '12-65', '15-59', '41-25', '1-114', '0-136', '50-18', '58-13', '24-44', '51-18' ,
'44-20', '18-52', '109-1', '18-53', '2-109', '64-12', '24-45', '69-9', '41-26', '28-39' ,
])

index_select (len=1000) = np.array([
0, 1, 2, 3, 4, 5, 6, 7, 8, 9 ,
10, 11, 12, 13, 14, 15, 16, 17, 18, 19 ,
20, 21, 22, 23, 24, 25, 26, 27, 28, 29 ,
30, 31, 32, 33, 34, 35, 36, 37, 38, 39 ,
40, 41, 42, 43, 44, 45, 46, 47, 48, 49 ,
50, 51, 52, 53, 54, 55, 56, 57, 58, 59 ,
60, 61, 62, 63, 64, 65, 66, 67, 68, 69 ,
70, 71, 72, 73, 74, 75, 76, 77, 78, 79 ,
80, 81, 82, 83, 84, 85, 86, 87, 88, 89 ,
90, 91, 92, 93, 94, 95, 96, 97, 98, 99 ,
100, 101, 102, 103, 104, 105, 106, 107, 108, 109 ,
110, 111, 112, 113, 114, 115, 116, 117, 118, 119 ,
120, 121, 122, 123, 124, 125, 126, 127, 128, 129 ,
130, 131, 132, 133, 134, 135, 136, 137, 138, 139 ,
140, 141, 142, 143, 144, 145, 146, 147, 148, 149 ,
150, 151, 152, 153, 154, 155, 156, 157, 158, 159 ,
160, 161, 162, 163, 164, 165, 166, 167, 168, 169 ,
170, 171, 172, 173, 174, 175, 176, 177, 178, 179 ,
180, 181, 182, 183, 184, 185, 186, 187, 188, 189 ,
190, 191, 192, 193, 194, 195, 196, 197, 198, 199 ,
200, 201, 202, 203, 204, 205, 206, 207, 208, 209 ,
210, 211, 212, 213, 214, 215, 216, 217, 218, 219 ,
220, 221, 222, 223, 224, 225, 226, 227, 228, 229 ,
230, 231, 232, 233, 234, 235, 236, 237, 238, 239 ,
240, 241, 242, 243, 244, 245, 246, 247, 248, 249 ,
250, 251, 252, 253, 254, 255, 256, 257, 258, 259 ,
260, 261, 262, 263, 264, 265, 266, 267, 268, 269 ,
270, 271, 272, 273, 274, 275, 276, 277, 278, 279 ,
280, 281, 282, 283, 284, 285, 286, 287, 288, 289 ,
290, 291, 292, 293, 294, 295, 296, 297, 298, 299 ,
300, 301, 302, 303, 304, 305, 306, 307, 308, 309 ,
310, 311, 312, 313, 314, 315, 316, 317, 318, 319 ,
320, 321, 322, 323, 324, 325, 326, 327, 328, 329 ,
330, 331, 332, 333, 334, 335, 336, 337, 338, 339 ,
340, 341, 342, 343, 344, 345, 346, 347, 348, 349 ,
350, 351, 352, 353, 354, 355, 356, 357, 358, 359 ,
360, 361, 362, 363, 364, 365, 366, 367, 368, 369 ,
370, 371, 372, 373, 374, 375, 376, 377, 378, 379 ,
380, 381, 382, 383, 384, 385, 386, 387, 388, 389 ,
390, 391, 392, 393, 394, 395, 396, 397, 398, 399 ,
400, 401, 402, 403, 404, 405, 406, 407, 408, 409 ,
410, 411, 412, 413, 414, 415, 416, 417, 418, 419 ,
420, 421, 422, 423, 424, 425, 426, 427, 428, 429 ,
430, 431, 432, 433, 434, 435, 436, 437, 438, 439 ,
440, 441, 442, 443, 444, 445, 446, 447, 448, 449 ,
450, 451, 452, 453, 454, 455, 456, 457, 458, 459 ,
460, 461, 462, 463, 464, 465, 466, 467, 468, 469 ,
470, 471, 472, 473, 474, 475, 476, 477, 478, 479 ,
480, 481, 482, 483, 484, 485, 486, 487, 488, 489 ,
490, 491, 492, 493, 494, 495, 496, 497, 498, 499 ,
500, 501, 502, 503, 504, 505, 506, 507, 508, 509 ,
510, 511, 512, 513, 514, 515, 516, 517, 518, 519 ,
520, 521, 522, 523, 524, 525, 526, 527, 528, 529 ,
530, 531, 532, 533, 534, 535, 536, 537, 538, 539 ,
540, 541, 542, 543, 544, 545, 546, 547, 548, 549 ,
550, 551, 552, 553, 554, 555, 556, 557, 558, 559 ,
560, 561, 562, 563, 564, 565, 566, 567, 568, 569 ,
570, 571, 572, 573, 574, 575, 576, 577, 578, 579 ,
580, 581, 582, 583, 584, 585, 586, 587, 588, 589 ,
590, 591, 592, 593, 594, 595, 596, 597, 598, 599 ,
600, 601, 602, 603, 604, 605, 606, 607, 608, 609 ,
610, 611, 612, 613, 614, 615, 616, 617, 618, 619 ,
620, 621, 622, 623, 624, 625, 626, 627, 628, 629 ,
630, 631, 632, 633, 634, 635, 636, 637, 638, 639 ,
640, 641, 642, 643, 644, 645, 646, 647, 648, 649 ,
650, 651, 652, 653, 654, 655, 656, 657, 658, 659 ,
660, 661, 662, 663, 664, 665, 666, 667, 668, 669 ,
670, 671, 672, 673, 674, 675, 676, 677, 678, 679 ,
680, 681, 682, 683, 684, 685, 686, 687, 688, 689 ,
690, 691, 692, 693, 694, 695, 696, 697, 698, 699 ,
700, 701, 702, 703, 704, 705, 706, 707, 708, 709 ,
710, 711, 712, 713, 714, 715, 716, 717, 718, 719 ,
720, 721, 722, 723, 724, 725, 726, 727, 728, 729 ,
730, 731, 732, 733, 734, 735, 736, 737, 738, 739 ,
740, 741, 742, 743, 744, 745, 746, 747, 748, 749 ,
750, 751, 752, 753, 754, 755, 756, 757, 758, 759 ,
760, 761, 762, 763, 764, 765, 766, 767, 768, 769 ,
770, 771, 772, 773, 774, 775, 776, 777, 778, 779 ,
780, 781, 782, 783, 784, 785, 786, 787, 788, 789 ,
790, 791, 792, 793, 794, 795, 796, 797, 798, 799 ,
800, 801, 802, 803, 804, 805, 806, 807, 808, 809 ,
810, 811, 812, 813, 814, 815, 816, 817, 818, 819 ,
820, 821, 822, 823, 824, 825, 826, 827, 828, 829 ,
830, 831, 832, 833, 834, 835, 836, 837, 838, 839 ,
840, 841, 842, 843, 844, 845, 846, 847, 848, 849 ,
850, 851, 852, 853, 854, 855, 856, 857, 858, 859 ,
860, 861, 862, 863, 864, 865, 866, 867, 868, 869 ,
870, 871, 872, 873, 874, 875, 876, 877, 878, 879 ,
880, 881, 882, 883, 884, 885, 886, 887, 888, 889 ,
890, 891, 892, 893, 894, 895, 896, 897, 898, 899 ,
900, 901, 902, 903, 904, 905, 906, 907, 908, 909 ,
910, 911, 912, 913, 914, 915, 916, 917, 918, 919 ,
920, 921, 922, 923, 924, 925, 926, 927, 928, 929 ,
930, 931, 932, 933, 934, 935, 936, 937, 938, 939 ,
940, 941, 942, 943, 944, 945, 946, 947, 948, 949 ,
950, 951, 952, 953, 954, 955, 956, 957, 958, 959 ,
960, 961, 962, 963, 964, 965, 966, 967, 968, 969 ,
970, 971, 972, 973, 974, 975, 976, 977, 978, 979 ,
980, 981, 982, 983, 984, 985, 986, 987, 988, 989 ,
990, 991, 992, 993, 994, 995, 996, 997, 998, 999 ,
])

f_ideal_1000 = np.array([
-0.36819905 ,
])

===== Memory usage =====
[n_truc=1000, tg=3] Peak RSS: 10.27 GB
[n_truc=1000, tg=3] Peak PSS: 2.34 GB

Current China Time: 2026-08-04 06:36:22.450700+08:00

============================================================


----- n_truc=1000, tg=4 -----

hspace_select (len=1000) = np.array([
'0-0', '0-1', '1-0', '0-2', '2-0', '0-4', '4-0', '1-1', '0-5', '2-1' ,
'5-0', '1-2', '0-8', '2-2', '8-0', '1-4', '4-1', '0-9', '2-4', '9-0' ,
'1-5', '5-1', '4-2', '0-12', '2-5', '1-8', '5-2', '12-0', '0-13', '0-16' ,
'8-1', '4-4', '13-0', '15-0', '2-8', '1-9', '9-1', '8-2', '5-4', '4-5' ,
'0-18', '2-9', '1-12', '0-20', '18-0', '0-21', '9-2', '12-1', '5-5', '0-24' ,
'4-8', '1-13', '20-0', '8-4', '1-16', '22-0', '2-12', '13-1', '24-0', '0-25' ,
'15-1', '0-26', '5-8', '4-9', '12-2', '2-13', '9-4', '2-16', '8-5', '13-2' ,
'25-0', '26-0', '1-18', '15-2', '0-28', '28-0', '5-9', '4-12', '0-30', '18-1' ,
'9-5', '12-4', '1-20', '1-21', '0-33', '8-8', '0-34', '0-35', '1-24', '2-18' ,
'0-36', '20-1', '4-13', '22-1', '4-16', '30-0', '13-4', '5-12', '15-4', '24-1' ,
'33-0', '18-2', '2-20', '2-21', '34-0', '8-9', '35-0', '1-25', '9-8', '1-26' ,
'0-39', '2-24', '12-5', '37-0', '5-13', '20-2', '5-16', '22-2', '13-5', '25-1' ,
'0-42', '24-2', '26-1', '15-5', '39-0', '2-25', '4-18', '2-26', '9-9', '8-12' ,
'28-1', '1-28', '18-4', '0-44', '41-0', '12-8', '1-30', '4-20', '0-45', '4-21' ,
'0-46', '25-2', '13-8', '1-33', '8-13', '20-4', '8-16', '22-4', '4-24', '26-2' ,
'5-18', '1-34', '15-8', '1-35', '30-1', '2-28', '1-36', '28-2', '9-12', '24-4' ,
'44-0', '12-9', '33-1', '45-0', '2-30', '18-5', '0-52', '0-53', '46-0', '34-1' ,
'5-20', '35-1', '5-21', '4-25', '4-26', '2-33', '13-9', '9-13', '1-39', '5-24' ,
'37-1', '9-16', '2-34', '2-35', '0-54', '20-5', '22-5', '2-36', '50-0', '51-0' ,
'30-2', '15-9', '25-4', '0-55', '26-4', '8-18', '24-5', '12-12', '39-1', '33-2' ,
'0-57', '1-42', '18-8', '34-2', '5-25', '28-4', '35-2', '54-0', '0-59', '5-26' ,
'4-28', '2-39', '41-1', '13-12', '37-2', '8-20', '0-60', '8-21', '12-16', '1-44' ,
'12-13', '20-8', '4-30', '56-0', '22-8', '25-5', '8-24', '1-45', '9-18', '15-12' ,
'26-5', '1-46', '0-64', '2-42', '4-33', '30-4', '24-8', '39-2', '58-0', '13-13' ,
'18-9', '4-34', '4-35', '0-65', '4-36', '13-16', '28-5', '59-0', '5-28', '33-4' ,
'15-13', '44-1', '60-0', '34-4', '41-2', '9-20', '2-44', '9-21', '45-1', '15-16' ,
'35-4', '8-25', '46-1', '5-30', '20-9', '8-26', '1-52', '1-53', '22-9', '2-45' ,
'64-0', '9-24', '0-66', '37-4', '2-46', '25-8', '5-33', '4-39', '0-69', '65-0' ,
'26-8', '0-70', '30-5', '5-34', '24-9', '5-35', '12-18', '50-1', '1-54', '51-1' ,
'5-36', '18-12', '28-8', '44-2', '1-55', '33-5', '39-4', '0-73', '45-2', '9-25' ,
'0-76', '34-5', '4-42', '46-2', '2-52', '2-53', '35-5', '0-77', '13-18', '9-26' ,
'12-20', '20-12', '1-57', '22-12', '54-1', '66-0', '8-28', '12-21', '18-13', '41-4' ,
'69-0', '25-9', '37-5', '0-78', '70-0', '5-39', '1-59', '12-24', '8-30', '18-16' ,
'15-18', '2-54', '26-9', '4-44', '24-12', '1-60', '50-2', '56-1', '51-2', '74-0' ,
'0-81', '13-20', '30-8', '13-21', '75-0', '20-13', '28-9', '2-55', '8-33', '4-45' ,
'77-0', '22-13', '8-34', '13-24', '8-35', '20-16', '39-5', '15-20', '33-8', '4-46' ,
'5-42', '8-36', '58-1', '2-57', '15-21', '22-16', '1-64', '34-8', '35-8', '9-28' ,
'54-2', '15-24', '24-13', '59-1', '12-25', '1-65', '44-4', '2-59', '45-4', '24-16' ,
'41-5', '0-82', '12-26', '60-1', '46-4', '79-0', '9-30', '0-83', '81-0', '37-8' ,
'25-12', '2-60', '5-44', '0-86', '26-12', '56-2', '13-25', '4-52', '30-9', '4-53' ,
'64-1', '8-39', '9-33', '5-45', '13-26', '18-18', '9-34', '28-12', '65-1', '1-66' ,
'9-35', '5-46', '50-4', '2-64', '15-25', '9-36', '51-4', '58-2', '33-9', '25-13' ,
'1-69', '39-8', '15-26', '4-54', '35-9', '34-9', '1-70', '2-65', '25-16', '59-2' ,
'26-13', '0-89', '18-20', '12-28', '20-18', '0-90', '84-0', '44-5', '26-16', '18-21' ,
'60-2', '45-5', '4-55', '8-42', '41-8', '85-0', '46-5', '22-18', '37-9', '54-4' ,
'28-13', '1-73', '12-30', '28-16', '18-24', '86-0', '5-52', '5-53', '66-1', '4-57' ,
'1-76', '64-2', '9-39', '1-77', '24-18', '30-12', '0-92', '13-28', '0-93', '69-1' ,
'2-66', '20-21', '12-33', '20-20', '70-1', '4-59', '65-2', '2-69', '56-4', '8-44' ,
'33-12', '20-24', '1-78', '2-70', '50-5', '12-35', '12-34', '22-20', '39-9', '51-5' ,
'15-28', '5-54', '13-30', '4-60', '34-12', '74-1', '35-12', '12-36', '89-0', '8-45' ,
'24-21', '75-1', '90-0', '1-81', '8-46', '22-24', '77-1', '18-25', '0-97', '24-20' ,
'30-13', '0-98', '44-8', '58-4', '5-55', '9-42', '13-33', '0-100', '25-18', '41-9' ,
'2-73', '15-30', '45-8', '18-26', '59-4', '2-76', '37-12', '93-0', '92-0', '54-5' ,
'13-34', '4-64', '13-35', '2-77', '30-16', '24-24', '5-57', '46-8', '33-13', '66-2' ,
'13-36', '0-102', '0-103', '60-4', '34-16', '26-18', '4-65', '15-33', '34-13', '69-2' ,
'20-25', '5-59', '35-13', '70-2', '79-1', '22-25', '2-78', '9-44', '81-1', '12-39' ,
'15-35', '33-16', '15-34', '1-82', '8-52', '15-36', '35-16', '28-18', '8-53', '64-4' ,
'9-45', '56-5', '5-60', '1-83', '51-8', '20-26', '74-2', '39-12', '50-8', '2-81' ,
'25-20', '22-26', '5-64', '37-13', '25-21', '98-0', '99-0', '75-2', '1-86', '9-46' ,
'0-105', '37-16', '26-21', '0-106', '100-0', '77-2', '65-4', '26-20', '24-25', '13-39' ,
'4-66', '44-9', '58-5', '8-54', '24-26', '18-28', '45-9', '102-0', '101-0', '25-24' ,
'4-69', '46-9', '41-12', '12-42', '28-20', '20-28', '28-21', '4-70', '26-24', '59-5' ,
'54-8', '15-39', '5-65', '18-30', '8-55', '0-109', '39-13', '84-1', '60-5', '39-16' ,
'2-82', '1-89', '30-18', '79-2', '28-24', '1-90', '85-1', '81-2', '2-83', '8-57' ,
'66-4', '9-53', '9-52', '13-42', '18-33', '0-111', '0-112', '4-73', '20-30', '12-44' ,
'64-5', '22-28', '86-1', '56-8', '33-18', '69-4', '41-13', '25-25', '105-0', '2-86' ,
'4-76', '106-0', '51-9', '18-34', '18-35', '50-9', '8-59', '4-77', '70-4', '25-26' ,
'34-18', '41-16', '26-25', '12-45', '35-18', '15-42', '18-36', '5-66', '30-21', '65-5' ,
'22-30', '35-20', '1-93', '1-92', '9-54', '24-28', '8-60', '26-26', '74-4', '44-12' ,
'45-12', '12-46', '30-20', '4-78', '5-69', '75-4', '58-8', '0-114', '13-44', '5-70' ,
'28-25', '30-24', '20-34', '24-30', '20-35', '46-12', '77-4', '37-18', '89-1', '34-21' ,
'54-9', '28-26', '90-1', '35-21', '9-55', '22-33', '109-0', '4-81', '2-89', '59-8' ,
'84-2', '13-45', '2-90', '0-116', '20-33', '60-8', '15-44', '13-46', '8-64', '33-20' ,
'85-2', '9-57', '20-36', '110-0', '111-0', '1-97', '1-98', '24-33', '34-20', '5-73' ,
'22-36', '93-1', '92-1', '8-65', '66-5', '1-100', '22-35', '22-34', '50-12', '44-13' ,
'24-35', '86-2', '12-52', '5-76', '51-12', '18-39', '35-24', '56-9', '12-53', '45-13' ,
'5-77', '37-21', '9-59', '15-45', '69-5', '64-8', '46-13', '79-4', '0-121', '39-18' ,
'44-16', '25-28', '70-5', '15-46', '2-92', '37-20', '33-24', '81-4', '2-93', '24-36' ,
'1-102', '24-34', '1-103', '34-24', '26-34', '30-26', '45-16', '9-60', '26-28', '46-16' ,
'65-8', '4-82', '5-78', '30-25', '74-5', '114-0', '58-9', '25-30', '4-83', '37-24' ,
'33-25', '75-5', '12-54', '13-52', '13-53', '116-0', '20-39', '99-1', '98-1', '89-2' ,
'41-18', '22-39', '54-12', '28-28', '26-30', '8-66', '5-81', '90-2', '77-5', '4-86' ,
'18-42', '59-9', '34-26', '100-1', '50-13', '34-25', '51-13', '39-20', '2-97', '12-55' ,
'2-98', '39-21', '9-64', '60-9', '1-105', '8-69', '0-123', '2-100', '25-33', '0-124' ,
'1-106', '35-25', '8-70', '102-1', '101-1', '0-125', '25-34', '25-35', '28-30', '93-2' ,
'92-2', '9-65', '24-39', '15-52', '35-26', '26-33', '56-12', '13-54', '84-4', '0-128' ,
'50-16', '15-53', '33-26', '51-16', '12-57', '39-24', '121-0', '41-20', '66-8', '25-36' ,
'46-18', '2-102', '2-103', '18-44', '64-9', '41-21', '20-42', '85-4', '0-129', '79-5' ,
'69-8', '37-25', '26-36', '54-13', '81-5', '12-59', '8-73', '28-33', '13-55', '1-109' ,
'70-8', '4-89', '9-66', '26-35', '22-42', '37-26', '18-45', '86-4', '4-90', '5-82' ,
'15-54', '8-76', '41-24', '28-34', '0-131', '65-9', '5-83', '28-35', '8-77', '12-60' ,
'54-16', '30-28', '18-46', '44-18', '28-36', '58-12', '105-1', '13-57', '45-18', '106-1' ,
'74-8', '0-132', '24-42', '98-2', '99-2', '1-111', '1-112', '75-8', '5-86', '15-55' ,
'56-13', '123-0', '2-105', '20-45', '100-2', '20-44', '30-30', '77-8', '8-78', '22-44' ,
'2-106', '59-12', '125-0', '39-25', '25-39', '13-59', '9-69', '33-28', '4-92', '60-12' ,
'15-57', '127-0', '4-93', '33-30', '9-70', '20-46', '39-26', '22-46', '102-2', '101-2' ,
'34-28', '89-4', '12-64', '22-45', '128-0', '56-16', '26-39', '90-4', '35-28', '45-21' ,
'44-21', '0-135', '13-60', '34-30', '30-34', '8-81', '30-35', '129-0', '35-30', '84-5' ,
'66-9', '12-65', '15-59', '41-25', '1-114', '0-136', '50-18', '58-13', '24-44', '51-18' ,
'44-20', '18-52', '109-1', '18-53', '2-109', '64-12', '24-45', '69-9', '41-26', '28-39' ,
])

index_select (len=1000) = np.array([
0, 1, 2, 3, 4, 5, 6, 7, 8, 9 ,
10, 11, 12, 13, 14, 15, 16, 17, 18, 19 ,
20, 21, 22, 23, 24, 25, 26, 27, 28, 29 ,
30, 31, 32, 33, 34, 35, 36, 37, 38, 39 ,
40, 41, 42, 43, 44, 45, 46, 47, 48, 49 ,
50, 51, 52, 53, 54, 55, 56, 57, 58, 59 ,
60, 61, 62, 63, 64, 65, 66, 67, 68, 69 ,
70, 71, 72, 73, 74, 75, 76, 77, 78, 79 ,
80, 81, 82, 83, 84, 85, 86, 87, 88, 89 ,
90, 91, 92, 93, 94, 95, 96, 97, 98, 99 ,
100, 101, 102, 103, 104, 105, 106, 107, 108, 109 ,
110, 111, 112, 113, 114, 115, 116, 117, 118, 119 ,
120, 121, 122, 123, 124, 125, 126, 127, 128, 129 ,
130, 131, 132, 133, 134, 135, 136, 137, 138, 139 ,
140, 141, 142, 143, 144, 145, 146, 147, 148, 149 ,
150, 151, 152, 153, 154, 155, 156, 157, 158, 159 ,
160, 161, 162, 163, 164, 165, 166, 167, 168, 169 ,
170, 171, 172, 173, 174, 175, 176, 177, 178, 179 ,
180, 181, 182, 183, 184, 185, 186, 187, 188, 189 ,
190, 191, 192, 193, 194, 195, 196, 197, 198, 199 ,
200, 201, 202, 203, 204, 205, 206, 207, 208, 209 ,
210, 211, 212, 213, 214, 215, 216, 217, 218, 219 ,
220, 221, 222, 223, 224, 225, 226, 227, 228, 229 ,
230, 231, 232, 233, 234, 235, 236, 237, 238, 239 ,
240, 241, 242, 243, 244, 245, 246, 247, 248, 249 ,
250, 251, 252, 253, 254, 255, 256, 257, 258, 259 ,
260, 261, 262, 263, 264, 265, 266, 267, 268, 269 ,
270, 271, 272, 273, 274, 275, 276, 277, 278, 279 ,
280, 281, 282, 283, 284, 285, 286, 287, 288, 289 ,
290, 291, 292, 293, 294, 295, 296, 297, 298, 299 ,
300, 301, 302, 303, 304, 305, 306, 307, 308, 309 ,
310, 311, 312, 313, 314, 315, 316, 317, 318, 319 ,
320, 321, 322, 323, 324, 325, 326, 327, 328, 329 ,
330, 331, 332, 333, 334, 335, 336, 337, 338, 339 ,
340, 341, 342, 343, 344, 345, 346, 347, 348, 349 ,
350, 351, 352, 353, 354, 355, 356, 357, 358, 359 ,
360, 361, 362, 363, 364, 365, 366, 367, 368, 369 ,
370, 371, 372, 373, 374, 375, 376, 377, 378, 379 ,
380, 381, 382, 383, 384, 385, 386, 387, 388, 389 ,
390, 391, 392, 393, 394, 395, 396, 397, 398, 399 ,
400, 401, 402, 403, 404, 405, 406, 407, 408, 409 ,
410, 411, 412, 413, 414, 415, 416, 417, 418, 419 ,
420, 421, 422, 423, 424, 425, 426, 427, 428, 429 ,
430, 431, 432, 433, 434, 435, 436, 437, 438, 439 ,
440, 441, 442, 443, 444, 445, 446, 447, 448, 449 ,
450, 451, 452, 453, 454, 455, 456, 457, 458, 459 ,
460, 461, 462, 463, 464, 465, 466, 467, 468, 469 ,
470, 471, 472, 473, 474, 475, 476, 477, 478, 479 ,
480, 481, 482, 483, 484, 485, 486, 487, 488, 489 ,
490, 491, 492, 493, 494, 495, 496, 497, 498, 499 ,
500, 501, 502, 503, 504, 505, 506, 507, 508, 509 ,
510, 511, 512, 513, 514, 515, 516, 517, 518, 519 ,
520, 521, 522, 523, 524, 525, 526, 527, 528, 529 ,
530, 531, 532, 533, 534, 535, 536, 537, 538, 539 ,
540, 541, 542, 543, 544, 545, 546, 547, 548, 549 ,
550, 551, 552, 553, 554, 555, 556, 557, 558, 559 ,
560, 561, 562, 563, 564, 565, 566, 567, 568, 569 ,
570, 571, 572, 573, 574, 575, 576, 577, 578, 579 ,
580, 581, 582, 583, 584, 585, 586, 587, 588, 589 ,
590, 591, 592, 593, 594, 595, 596, 597, 598, 599 ,
600, 601, 602, 603, 604, 605, 606, 607, 608, 609 ,
610, 611, 612, 613, 614, 615, 616, 617, 618, 619 ,
620, 621, 622, 623, 624, 625, 626, 627, 628, 629 ,
630, 631, 632, 633, 634, 635, 636, 637, 638, 639 ,
640, 641, 642, 643, 644, 645, 646, 647, 648, 649 ,
650, 651, 652, 653, 654, 655, 656, 657, 658, 659 ,
660, 661, 662, 663, 664, 665, 666, 667, 668, 669 ,
670, 671, 672, 673, 674, 675, 676, 677, 678, 679 ,
680, 681, 682, 683, 684, 685, 686, 687, 688, 689 ,
690, 691, 692, 693, 694, 695, 696, 697, 698, 699 ,
700, 701, 702, 703, 704, 705, 706, 707, 708, 709 ,
710, 711, 712, 713, 714, 715, 716, 717, 718, 719 ,
720, 721, 722, 723, 724, 725, 726, 727, 728, 729 ,
730, 731, 732, 733, 734, 735, 736, 737, 738, 739 ,
740, 741, 742, 743, 744, 745, 746, 747, 748, 749 ,
750, 751, 752, 753, 754, 755, 756, 757, 758, 759 ,
760, 761, 762, 763, 764, 765, 766, 767, 768, 769 ,
770, 771, 772, 773, 774, 775, 776, 777, 778, 779 ,
780, 781, 782, 783, 784, 785, 786, 787, 788, 789 ,
790, 791, 792, 793, 794, 795, 796, 797, 798, 799 ,
800, 801, 802, 803, 804, 805, 806, 807, 808, 809 ,
810, 811, 812, 813, 814, 815, 816, 817, 818, 819 ,
820, 821, 822, 823, 824, 825, 826, 827, 828, 829 ,
830, 831, 832, 833, 834, 835, 836, 837, 838, 839 ,
840, 841, 842, 843, 844, 845, 846, 847, 848, 849 ,
850, 851, 852, 853, 854, 855, 856, 857, 858, 859 ,
860, 861, 862, 863, 864, 865, 866, 867, 868, 869 ,
870, 871, 872, 873, 874, 875, 876, 877, 878, 879 ,
880, 881, 882, 883, 884, 885, 886, 887, 888, 889 ,
890, 891, 892, 893, 894, 895, 896, 897, 898, 899 ,
900, 901, 902, 903, 904, 905, 906, 907, 908, 909 ,
910, 911, 912, 913, 914, 915, 916, 917, 918, 919 ,
920, 921, 922, 923, 924, 925, 926, 927, 928, 929 ,
930, 931, 932, 933, 934, 935, 936, 937, 938, 939 ,
940, 941, 942, 943, 944, 945, 946, 947, 948, 949 ,
950, 951, 952, 953, 954, 955, 956, 957, 958, 959 ,
960, 961, 962, 963, 964, 965, 966, 967, 968, 969 ,
970, 971, 972, 973, 974, 975, 976, 977, 978, 979 ,
980, 981, 982, 983, 984, 985, 986, 987, 988, 989 ,
990, 991, 992, 993, 994, 995, 996, 997, 998, 999 ,
])

f_ideal_1000 = np.array([
-0.77511536 ,
])

===== Memory usage =====
[n_truc=1000, tg=4] Peak RSS: 10.32 GB
[n_truc=1000, tg=4] Peak PSS: 2.36 GB

Current China Time: 2026-08-04 06:43:47.274271+08:00

============================================================


----- n_truc=1000, tg=5 -----

hspace_select (len=1000) = np.array([
'0-0', '0-1', '1-0', '0-2', '2-0', '0-4', '4-0', '1-1', '0-5', '2-1' ,
'5-0', '1-2', '0-8', '2-2', '8-0', '1-4', '4-1', '0-9', '2-4', '9-0' ,
'1-5', '5-1', '4-2', '0-12', '2-5', '1-8', '5-2', '12-0', '0-13', '0-16' ,
'8-1', '4-4', '13-0', '15-0', '2-8', '1-9', '9-1', '8-2', '5-4', '4-5' ,
'0-18', '2-9', '1-12', '0-20', '18-0', '0-21', '9-2', '12-1', '5-5', '0-24' ,
'4-8', '1-13', '20-0', '8-4', '1-16', '22-0', '2-12', '13-1', '24-0', '0-25' ,
'15-1', '0-26', '5-8', '4-9', '12-2', '2-13', '9-4', '2-16', '8-5', '13-2' ,
'25-0', '26-0', '1-18', '15-2', '0-28', '28-0', '5-9', '4-12', '0-30', '18-1' ,
'9-5', '12-4', '1-20', '1-21', '0-33', '8-8', '0-34', '0-35', '1-24', '2-18' ,
'0-36', '20-1', '4-13', '22-1', '4-16', '30-0', '13-4', '5-12', '15-4', '24-1' ,
'33-0', '18-2', '2-20', '2-21', '34-0', '8-9', '35-0', '1-25', '9-8', '1-26' ,
'0-39', '2-24', '12-5', '37-0', '5-13', '20-2', '5-16', '22-2', '13-5', '25-1' ,
'0-42', '24-2', '26-1', '15-5', '39-0', '2-25', '4-18', '2-26', '9-9', '8-12' ,
'28-1', '1-28', '18-4', '0-44', '41-0', '12-8', '1-30', '4-20', '0-45', '4-21' ,
'0-46', '25-2', '13-8', '1-33', '8-13', '20-4', '8-16', '22-4', '4-24', '26-2' ,
'5-18', '1-34', '15-8', '1-35', '30-1', '2-28', '1-36', '28-2', '9-12', '24-4' ,
'44-0', '12-9', '33-1', '45-0', '2-30', '18-5', '0-52', '0-53', '46-0', '34-1' ,
'5-20', '35-1', '5-21', '4-25', '4-26', '2-33', '13-9', '9-13', '1-39', '5-24' ,
'37-1', '9-16', '2-34', '2-35', '0-54', '20-5', '22-5', '2-36', '50-0', '51-0' ,
'30-2', '15-9', '25-4', '0-55', '26-4', '8-18', '24-5', '12-12', '39-1', '33-2' ,
'0-57', '1-42', '18-8', '34-2', '5-25', '28-4', '35-2', '54-0', '0-59', '5-26' ,
'4-28', '2-39', '41-1', '13-12', '37-2', '8-20', '0-60', '8-21', '12-16', '1-44' ,
'12-13', '20-8', '4-30', '56-0', '22-8', '25-5', '8-24', '1-45', '9-18', '15-12' ,
'26-5', '1-46', '0-64', '2-42', '4-33', '30-4', '24-8', '39-2', '58-0', '13-13' ,
'18-9', '4-34', '4-35', '0-65', '4-36', '13-16', '28-5', '59-0', '5-28', '33-4' ,
'15-13', '44-1', '60-0', '34-4', '41-2', '9-20', '2-44', '9-21', '45-1', '15-16' ,
'35-4', '8-25', '46-1', '5-30', '20-9', '8-26', '1-52', '1-53', '22-9', '2-45' ,
'64-0', '9-24', '0-66', '37-4', '2-46', '25-8', '5-33', '4-39', '0-69', '65-0' ,
'26-8', '0-70', '30-5', '5-34', '24-9', '5-35', '12-18', '50-1', '1-54', '51-1' ,
'5-36', '18-12', '28-8', '44-2', '1-55', '33-5', '39-4', '0-73', '45-2', '9-25' ,
'0-76', '34-5', '4-42', '46-2', '2-52', '2-53', '35-5', '0-77', '13-18', '9-26' ,
'12-20', '20-12', '1-57', '22-12', '54-1', '66-0', '8-28', '12-21', '18-13', '41-4' ,
'69-0', '25-9', '37-5', '0-78', '70-0', '5-39', '1-59', '12-24', '8-30', '18-16' ,
'15-18', '2-54', '26-9', '4-44', '24-12', '1-60', '50-2', '56-1', '51-2', '74-0' ,
'0-81', '13-20', '30-8', '13-21', '75-0', '20-13', '28-9', '2-55', '8-33', '4-45' ,
'77-0', '22-13', '8-34', '13-24', '8-35', '20-16', '39-5', '15-20', '33-8', '4-46' ,
'5-42', '8-36', '58-1', '2-57', '15-21', '22-16', '1-64', '34-8', '35-8', '9-28' ,
'54-2', '15-24', '24-13', '59-1', '12-25', '1-65', '44-4', '2-59', '45-4', '24-16' ,
'41-5', '0-82', '12-26', '60-1', '46-4', '79-0', '9-30', '0-83', '81-0', '37-8' ,
'25-12', '2-60', '5-44', '0-86', '26-12', '56-2', '13-25', '4-52', '30-9', '4-53' ,
'64-1', '8-39', '9-33', '5-45', '13-26', '18-18', '9-34', '28-12', '65-1', '1-66' ,
'9-35', '5-46', '50-4', '2-64', '15-25', '9-36', '51-4', '58-2', '33-9', '25-13' ,
'1-69', '39-8', '15-26', '4-54', '35-9', '34-9', '1-70', '2-65', '25-16', '59-2' ,
'26-13', '0-89', '18-20', '12-28', '20-18', '0-90', '84-0', '44-5', '26-16', '18-21' ,
'60-2', '45-5', '4-55', '8-42', '41-8', '85-0', '46-5', '22-18', '37-9', '54-4' ,
'28-13', '1-73', '12-30', '28-16', '18-24', '86-0', '5-52', '5-53', '66-1', '4-57' ,
'1-76', '64-2', '9-39', '1-77', '24-18', '30-12', '0-92', '13-28', '0-93', '69-1' ,
'2-66', '20-21', '12-33', '20-20', '70-1', '4-59', '65-2', '2-69', '56-4', '8-44' ,
'33-12', '20-24', '1-78', '2-70', '50-5', '12-35', '12-34', '22-20', '39-9', '51-5' ,
'15-28', '5-54', '13-30', '4-60', '34-12', '74-1', '35-12', '12-36', '89-0', '8-45' ,
'24-21', '75-1', '90-0', '1-81', '8-46', '22-24', '77-1', '18-25', '0-97', '24-20' ,
'30-13', '0-98', '44-8', '58-4', '5-55', '9-42', '13-33', '0-100', '25-18', '41-9' ,
'2-73', '15-30', '45-8', '18-26', '59-4', '2-76', '37-12', '93-0', '92-0', '54-5' ,
'13-34', '4-64', '13-35', '2-77', '30-16', '24-24', '5-57', '46-8', '33-13', '66-2' ,
'13-36', '0-102', '0-103', '60-4', '34-16', '26-18', '4-65', '15-33', '34-13', '69-2' ,
'20-25', '5-59', '35-13', '70-2', '79-1', '22-25', '2-78', '9-44', '81-1', '12-39' ,
'15-35', '33-16', '15-34', '1-82', '8-52', '15-36', '35-16', '28-18', '8-53', '64-4' ,
'9-45', '56-5', '5-60', '1-83', '51-8', '20-26', '74-2', '39-12', '50-8', '2-81' ,
'25-20', '22-26', '5-64', '37-13', '25-21', '98-0', '99-0', '75-2', '1-86', '9-46' ,
'0-105', '37-16', '26-21', '0-106', '100-0', '77-2', '65-4', '26-20', '24-25', '13-39' ,
'4-66', '44-9', '58-5', '8-54', '24-26', '18-28', '45-9', '102-0', '101-0', '25-24' ,
'4-69', '46-9', '41-12', '12-42', '28-20', '20-28', '28-21', '4-70', '26-24', '59-5' ,
'54-8', '15-39', '5-65', '18-30', '8-55', '0-109', '39-13', '84-1', '60-5', '39-16' ,
'2-82', '1-89', '30-18', '79-2', '28-24', '1-90', '85-1', '81-2', '2-83', '8-57' ,
'66-4', '9-53', '9-52', '13-42', '18-33', '0-111', '0-112', '4-73', '20-30', '12-44' ,
'64-5', '22-28', '86-1', '56-8', '33-18', '69-4', '41-13', '25-25', '105-0', '2-86' ,
'4-76', '106-0', '51-9', '18-34', '18-35', '50-9', '8-59', '4-77', '70-4', '25-26' ,
'34-18', '41-16', '26-25', '12-45', '35-18', '15-42', '18-36', '5-66', '30-21', '65-5' ,
'22-30', '35-20', '1-93', '1-92', '9-54', '24-28', '8-60', '26-26', '74-4', '44-12' ,
'45-12', '12-46', '30-20', '4-78', '5-69', '75-4', '58-8', '0-114', '13-44', '5-70' ,
'28-25', '30-24', '20-34', '24-30', '20-35', '46-12', '77-4', '37-18', '89-1', '34-21' ,
'54-9', '28-26', '90-1', '35-21', '9-55', '22-33', '109-0', '4-81', '2-89', '59-8' ,
'84-2', '13-45', '2-90', '0-116', '20-33', '60-8', '15-44', '13-46', '8-64', '33-20' ,
'85-2', '9-57', '20-36', '110-0', '111-0', '1-97', '1-98', '24-33', '34-20', '5-73' ,
'22-36', '93-1', '92-1', '8-65', '66-5', '1-100', '22-35', '22-34', '50-12', '44-13' ,
'24-35', '86-2', '12-52', '5-76', '51-12', '18-39', '35-24', '56-9', '12-53', '45-13' ,
'5-77', '37-21', '9-59', '15-45', '69-5', '64-8', '46-13', '79-4', '0-121', '39-18' ,
'44-16', '25-28', '70-5', '15-46', '2-92', '37-20', '33-24', '81-4', '2-93', '24-36' ,
'1-102', '24-34', '1-103', '34-24', '26-34', '30-26', '45-16', '9-60', '26-28', '46-16' ,
'65-8', '4-82', '5-78', '30-25', '74-5', '114-0', '58-9', '25-30', '4-83', '37-24' ,
'33-25', '75-5', '12-54', '13-52', '13-53', '116-0', '20-39', '99-1', '98-1', '89-2' ,
'41-18', '22-39', '54-12', '28-28', '26-30', '8-66', '5-81', '90-2', '77-5', '4-86' ,
'18-42', '59-9', '34-26', '100-1', '50-13', '34-25', '51-13', '39-20', '2-97', '12-55' ,
'2-98', '39-21', '9-64', '60-9', '1-105', '8-69', '0-123', '2-100', '25-33', '0-124' ,
'1-106', '35-25', '8-70', '102-1', '101-1', '0-125', '25-34', '25-35', '28-30', '93-2' ,
'92-2', '9-65', '24-39', '15-52', '35-26', '26-33', '56-12', '13-54', '84-4', '0-128' ,
'50-16', '15-53', '33-26', '51-16', '12-57', '39-24', '121-0', '41-20', '66-8', '25-36' ,
'46-18', '2-102', '2-103', '18-44', '64-9', '41-21', '20-42', '85-4', '0-129', '79-5' ,
'69-8', '37-25', '26-36', '54-13', '81-5', '12-59', '8-73', '28-33', '13-55', '1-109' ,
'70-8', '4-89', '9-66', '26-35', '22-42', '37-26', '18-45', '86-4', '4-90', '5-82' ,
'15-54', '8-76', '41-24', '28-34', '0-131', '65-9', '5-83', '28-35', '8-77', '12-60' ,
'54-16', '30-28', '18-46', '44-18', '28-36', '58-12', '105-1', '13-57', '45-18', '106-1' ,
'74-8', '0-132', '24-42', '98-2', '99-2', '1-111', '1-112', '75-8', '5-86', '15-55' ,
'56-13', '123-0', '2-105', '20-45', '100-2', '20-44', '30-30', '77-8', '8-78', '22-44' ,
'2-106', '59-12', '125-0', '39-25', '25-39', '13-59', '9-69', '33-28', '4-92', '60-12' ,
'15-57', '127-0', '4-93', '33-30', '9-70', '20-46', '39-26', '22-46', '102-2', '101-2' ,
'34-28', '89-4', '12-64', '22-45', '128-0', '56-16', '26-39', '90-4', '35-28', '45-21' ,
'44-21', '0-135', '13-60', '34-30', '30-34', '8-81', '30-35', '129-0', '35-30', '84-5' ,
'66-9', '12-65', '15-59', '41-25', '1-114', '0-136', '50-18', '58-13', '24-44', '51-18' ,
'44-20', '18-52', '109-1', '18-53', '2-109', '64-12', '24-45', '69-9', '41-26', '28-39' ,
])

index_select (len=1000) = np.array([
0, 1, 2, 3, 4, 5, 6, 7, 8, 9 ,
10, 11, 12, 13, 14, 15, 16, 17, 18, 19 ,
20, 21, 22, 23, 24, 25, 26, 27, 28, 29 ,
30, 31, 32, 33, 34, 35, 36, 37, 38, 39 ,
40, 41, 42, 43, 44, 45, 46, 47, 48, 49 ,
50, 51, 52, 53, 54, 55, 56, 57, 58, 59 ,
60, 61, 62, 63, 64, 65, 66, 67, 68, 69 ,
70, 71, 72, 73, 74, 75, 76, 77, 78, 79 ,
80, 81, 82, 83, 84, 85, 86, 87, 88, 89 ,
90, 91, 92, 93, 94, 95, 96, 97, 98, 99 ,
100, 101, 102, 103, 104, 105, 106, 107, 108, 109 ,
110, 111, 112, 113, 114, 115, 116, 117, 118, 119 ,
120, 121, 122, 123, 124, 125, 126, 127, 128, 129 ,
130, 131, 132, 133, 134, 135, 136, 137, 138, 139 ,
140, 141, 142, 143, 144, 145, 146, 147, 148, 149 ,
150, 151, 152, 153, 154, 155, 156, 157, 158, 159 ,
160, 161, 162, 163, 164, 165, 166, 167, 168, 169 ,
170, 171, 172, 173, 174, 175, 176, 177, 178, 179 ,
180, 181, 182, 183, 184, 185, 186, 187, 188, 189 ,
190, 191, 192, 193, 194, 195, 196, 197, 198, 199 ,
200, 201, 202, 203, 204, 205, 206, 207, 208, 209 ,
210, 211, 212, 213, 214, 215, 216, 217, 218, 219 ,
220, 221, 222, 223, 224, 225, 226, 227, 228, 229 ,
230, 231, 232, 233, 234, 235, 236, 237, 238, 239 ,
240, 241, 242, 243, 244, 245, 246, 247, 248, 249 ,
250, 251, 252, 253, 254, 255, 256, 257, 258, 259 ,
260, 261, 262, 263, 264, 265, 266, 267, 268, 269 ,
270, 271, 272, 273, 274, 275, 276, 277, 278, 279 ,
280, 281, 282, 283, 284, 285, 286, 287, 288, 289 ,
290, 291, 292, 293, 294, 295, 296, 297, 298, 299 ,
300, 301, 302, 303, 304, 305, 306, 307, 308, 309 ,
310, 311, 312, 313, 314, 315, 316, 317, 318, 319 ,
320, 321, 322, 323, 324, 325, 326, 327, 328, 329 ,
330, 331, 332, 333, 334, 335, 336, 337, 338, 339 ,
340, 341, 342, 343, 344, 345, 346, 347, 348, 349 ,
350, 351, 352, 353, 354, 355, 356, 357, 358, 359 ,
360, 361, 362, 363, 364, 365, 366, 367, 368, 369 ,
370, 371, 372, 373, 374, 375, 376, 377, 378, 379 ,
380, 381, 382, 383, 384, 385, 386, 387, 388, 389 ,
390, 391, 392, 393, 394, 395, 396, 397, 398, 399 ,
400, 401, 402, 403, 404, 405, 406, 407, 408, 409 ,
410, 411, 412, 413, 414, 415, 416, 417, 418, 419 ,
420, 421, 422, 423, 424, 425, 426, 427, 428, 429 ,
430, 431, 432, 433, 434, 435, 436, 437, 438, 439 ,
440, 441, 442, 443, 444, 445, 446, 447, 448, 449 ,
450, 451, 452, 453, 454, 455, 456, 457, 458, 459 ,
460, 461, 462, 463, 464, 465, 466, 467, 468, 469 ,
470, 471, 472, 473, 474, 475, 476, 477, 478, 479 ,
480, 481, 482, 483, 484, 485, 486, 487, 488, 489 ,
490, 491, 492, 493, 494, 495, 496, 497, 498, 499 ,
500, 501, 502, 503, 504, 505, 506, 507, 508, 509 ,
510, 511, 512, 513, 514, 515, 516, 517, 518, 519 ,
520, 521, 522, 523, 524, 525, 526, 527, 528, 529 ,
530, 531, 532, 533, 534, 535, 536, 537, 538, 539 ,
540, 541, 542, 543, 544, 545, 546, 547, 548, 549 ,
550, 551, 552, 553, 554, 555, 556, 557, 558, 559 ,
560, 561, 562, 563, 564, 565, 566, 567, 568, 569 ,
570, 571, 572, 573, 574, 575, 576, 577, 578, 579 ,
580, 581, 582, 583, 584, 585, 586, 587, 588, 589 ,
590, 591, 592, 593, 594, 595, 596, 597, 598, 599 ,
600, 601, 602, 603, 604, 605, 606, 607, 608, 609 ,
610, 611, 612, 613, 614, 615, 616, 617, 618, 619 ,
620, 621, 622, 623, 624, 625, 626, 627, 628, 629 ,
630, 631, 632, 633, 634, 635, 636, 637, 638, 639 ,
640, 641, 642, 643, 644, 645, 646, 647, 648, 649 ,
650, 651, 652, 653, 654, 655, 656, 657, 658, 659 ,
660, 661, 662, 663, 664, 665, 666, 667, 668, 669 ,
670, 671, 672, 673, 674, 675, 676, 677, 678, 679 ,
680, 681, 682, 683, 684, 685, 686, 687, 688, 689 ,
690, 691, 692, 693, 694, 695, 696, 697, 698, 699 ,
700, 701, 702, 703, 704, 705, 706, 707, 708, 709 ,
710, 711, 712, 713, 714, 715, 716, 717, 718, 719 ,
720, 721, 722, 723, 724, 725, 726, 727, 728, 729 ,
730, 731, 732, 733, 734, 735, 736, 737, 738, 739 ,
740, 741, 742, 743, 744, 745, 746, 747, 748, 749 ,
750, 751, 752, 753, 754, 755, 756, 757, 758, 759 ,
760, 761, 762, 763, 764, 765, 766, 767, 768, 769 ,
770, 771, 772, 773, 774, 775, 776, 777, 778, 779 ,
780, 781, 782, 783, 784, 785, 786, 787, 788, 789 ,
790, 791, 792, 793, 794, 795, 796, 797, 798, 799 ,
800, 801, 802, 803, 804, 805, 806, 807, 808, 809 ,
810, 811, 812, 813, 814, 815, 816, 817, 818, 819 ,
820, 821, 822, 823, 824, 825, 826, 827, 828, 829 ,
830, 831, 832, 833, 834, 835, 836, 837, 838, 839 ,
840, 841, 842, 843, 844, 845, 846, 847, 848, 849 ,
850, 851, 852, 853, 854, 855, 856, 857, 858, 859 ,
860, 861, 862, 863, 864, 865, 866, 867, 868, 869 ,
870, 871, 872, 873, 874, 875, 876, 877, 878, 879 ,
880, 881, 882, 883, 884, 885, 886, 887, 888, 889 ,
890, 891, 892, 893, 894, 895, 896, 897, 898, 899 ,
900, 901, 902, 903, 904, 905, 906, 907, 908, 909 ,
910, 911, 912, 913, 914, 915, 916, 917, 918, 919 ,
920, 921, 922, 923, 924, 925, 926, 927, 928, 929 ,
930, 931, 932, 933, 934, 935, 936, 937, 938, 939 ,
940, 941, 942, 943, 944, 945, 946, 947, 948, 949 ,
950, 951, 952, 953, 954, 955, 956, 957, 958, 959 ,
960, 961, 962, 963, 964, 965, 966, 967, 968, 969 ,
970, 971, 972, 973, 974, 975, 976, 977, 978, 979 ,
980, 981, 982, 983, 984, 985, 986, 987, 988, 989 ,
990, 991, 992, 993, 994, 995, 996, 997, 998, 999 ,
])

f_ideal_1000 = np.array([
-0.48673286 ,
])

===== Memory usage =====
[n_truc=1000, tg=5] Peak RSS: 10.36 GB
[n_truc=1000, tg=5] Peak PSS: 2.35 GB

Current China Time: 2026-08-04 06:52:19.135105+08:00

============================================================


----- n_truc=1000, tg=6 -----

hspace_select (len=1000) = np.array([
'0-0', '0-1', '1-0', '0-2', '2-0', '0-4', '4-0', '1-1', '0-5', '2-1' ,
'5-0', '1-2', '0-8', '2-2', '8-0', '1-4', '4-1', '0-9', '2-4', '9-0' ,
'1-5', '5-1', '4-2', '0-12', '2-5', '1-8', '5-2', '12-0', '0-13', '0-16' ,
'8-1', '4-4', '13-0', '15-0', '2-8', '1-9', '9-1', '8-2', '5-4', '4-5' ,
'0-18', '2-9', '1-12', '0-20', '18-0', '0-21', '9-2', '12-1', '5-5', '0-24' ,
'4-8', '1-13', '20-0', '8-4', '1-16', '22-0', '2-12', '13-1', '24-0', '0-25' ,
'15-1', '0-26', '5-8', '4-9', '12-2', '2-13', '9-4', '2-16', '8-5', '13-2' ,
'25-0', '26-0', '1-18', '15-2', '0-28', '28-0', '5-9', '4-12', '0-30', '18-1' ,
'9-5', '12-4', '1-20', '1-21', '0-33', '8-8', '0-34', '0-35', '1-24', '2-18' ,
'0-36', '20-1', '4-13', '22-1', '4-16', '30-0', '13-4', '5-12', '15-4', '24-1' ,
'33-0', '18-2', '2-20', '2-21', '34-0', '8-9', '35-0', '1-25', '9-8', '1-26' ,
'0-39', '2-24', '12-5', '37-0', '5-13', '20-2', '5-16', '22-2', '13-5', '25-1' ,
'0-42', '24-2', '26-1', '15-5', '39-0', '2-25', '4-18', '2-26', '9-9', '8-12' ,
'28-1', '1-28', '18-4', '0-44', '41-0', '12-8', '1-30', '4-20', '0-45', '4-21' ,
'0-46', '25-2', '13-8', '1-33', '8-13', '20-4', '8-16', '22-4', '4-24', '26-2' ,
'5-18', '1-34', '15-8', '1-35', '30-1', '2-28', '1-36', '28-2', '9-12', '24-4' ,
'44-0', '12-9', '33-1', '45-0', '2-30', '18-5', '0-52', '0-53', '46-0', '34-1' ,
'5-20', '35-1', '5-21', '4-25', '4-26', '2-33', '13-9', '9-13', '1-39', '5-24' ,
'37-1', '9-16', '2-34', '2-35', '0-54', '20-5', '22-5', '2-36', '50-0', '51-0' ,
'30-2', '15-9', '25-4', '0-55', '26-4', '8-18', '24-5', '12-12', '39-1', '33-2' ,
'0-57', '1-42', '18-8', '34-2', '5-25', '28-4', '35-2', '54-0', '0-59', '5-26' ,
'4-28', '2-39', '41-1', '13-12', '37-2', '8-20', '0-60', '8-21', '12-16', '1-44' ,
'12-13', '20-8', '4-30', '56-0', '22-8', '25-5', '8-24', '1-45', '9-18', '15-12' ,
'26-5', '1-46', '0-64', '2-42', '4-33', '30-4', '24-8', '39-2', '58-0', '13-13' ,
'18-9', '4-34', '4-35', '0-65', '4-36', '13-16', '28-5', '59-0', '5-28', '33-4' ,
'15-13', '44-1', '60-0', '34-4', '41-2', '9-20', '2-44', '9-21', '45-1', '15-16' ,
'35-4', '8-25', '46-1', '5-30', '20-9', '8-26', '1-52', '1-53', '22-9', '2-45' ,
'64-0', '9-24', '0-66', '37-4', '2-46', '25-8', '5-33', '4-39', '0-69', '65-0' ,
'26-8', '0-70', '30-5', '5-34', '24-9', '5-35', '12-18', '50-1', '1-54', '51-1' ,
'5-36', '18-12', '28-8', '44-2', '1-55', '33-5', '39-4', '0-73', '45-2', '9-25' ,
'0-76', '34-5', '4-42', '46-2', '2-52', '2-53', '35-5', '0-77', '13-18', '9-26' ,
'12-20', '20-12', '1-57', '22-12', '54-1', '66-0', '8-28', '12-21', '18-13', '41-4' ,
'69-0', '25-9', '37-5', '0-78', '70-0', '5-39', '1-59', '12-24', '8-30', '18-16' ,
'15-18', '2-54', '26-9', '4-44', '24-12', '1-60', '50-2', '56-1', '51-2', '74-0' ,
'0-81', '13-20', '30-8', '13-21', '75-0', '20-13', '28-9', '2-55', '8-33', '4-45' ,
'77-0', '22-13', '8-34', '13-24', '8-35', '20-16', '39-5', '15-20', '33-8', '4-46' ,
'5-42', '8-36', '58-1', '2-57', '15-21', '22-16', '1-64', '34-8', '35-8', '9-28' ,
'54-2', '15-24', '24-13', '59-1', '12-25', '1-65', '44-4', '2-59', '45-4', '24-16' ,
'41-5', '0-82', '12-26', '60-1', '46-4', '79-0', '9-30', '0-83', '81-0', '37-8' ,
'25-12', '2-60', '5-44', '0-86', '26-12', '56-2', '13-25', '4-52', '30-9', '4-53' ,
'64-1', '8-39', '9-33', '5-45', '13-26', '18-18', '9-34', '28-12', '65-1', '1-66' ,
'9-35', '5-46', '50-4', '2-64', '15-25', '9-36', '51-4', '58-2', '33-9', '25-13' ,
'1-69', '39-8', '15-26', '4-54', '35-9', '34-9', '1-70', '2-65', '25-16', '59-2' ,
'26-13', '0-89', '18-20', '12-28', '20-18', '0-90', '84-0', '44-5', '26-16', '18-21' ,
'60-2', '45-5', '4-55', '8-42', '41-8', '85-0', '46-5', '22-18', '37-9', '54-4' ,
'28-13', '1-73', '12-30', '28-16', '18-24', '86-0', '5-52', '5-53', '66-1', '4-57' ,
'1-76', '64-2', '9-39', '1-77', '24-18', '30-12', '0-92', '13-28', '0-93', '69-1' ,
'2-66', '20-21', '12-33', '20-20', '70-1', '4-59', '65-2', '2-69', '56-4', '8-44' ,
'33-12', '20-24', '1-78', '2-70', '50-5', '12-35', '12-34', '22-20', '39-9', '51-5' ,
'15-28', '5-54', '13-30', '4-60', '34-12', '74-1', '35-12', '12-36', '89-0', '8-45' ,
'24-21', '75-1', '90-0', '1-81', '8-46', '22-24', '77-1', '18-25', '0-97', '24-20' ,
'30-13', '0-98', '44-8', '58-4', '5-55', '9-42', '13-33', '0-100', '25-18', '41-9' ,
'2-73', '15-30', '45-8', '18-26', '59-4', '2-76', '37-12', '93-0', '92-0', '54-5' ,
'13-34', '4-64', '13-35', '2-77', '30-16', '24-24', '5-57', '46-8', '33-13', '66-2' ,
'13-36', '0-102', '0-103', '60-4', '34-16', '26-18', '4-65', '15-33', '34-13', '69-2' ,
'20-25', '5-59', '35-13', '70-2', '79-1', '22-25', '2-78', '9-44', '81-1', '12-39' ,
'15-35', '33-16', '15-34', '1-82', '8-52', '15-36', '35-16', '28-18', '8-53', '64-4' ,
'9-45', '56-5', '5-60', '1-83', '51-8', '20-26', '74-2', '39-12', '50-8', '2-81' ,
'25-20', '22-26', '5-64', '37-13', '25-21', '98-0', '99-0', '75-2', '1-86', '9-46' ,
'0-105', '37-16', '26-21', '0-106', '100-0', '77-2', '65-4', '26-20', '24-25', '13-39' ,
'4-66', '44-9', '58-5', '8-54', '24-26', '18-28', '45-9', '102-0', '101-0', '25-24' ,
'4-69', '46-9', '41-12', '12-42', '28-20', '20-28', '28-21', '4-70', '26-24', '59-5' ,
'54-8', '15-39', '5-65', '18-30', '8-55', '0-109', '39-13', '84-1', '60-5', '39-16' ,
'2-82', '1-89', '30-18', '79-2', '28-24', '1-90', '85-1', '81-2', '2-83', '8-57' ,
'66-4', '9-53', '9-52', '13-42', '18-33', '0-111', '0-112', '4-73', '20-30', '12-44' ,
'64-5', '22-28', '86-1', '56-8', '33-18', '69-4', '41-13', '25-25', '105-0', '2-86' ,
'4-76', '106-0', '51-9', '18-34', '18-35', '50-9', '8-59', '4-77', '70-4', '25-26' ,
'34-18', '41-16', '26-25', '12-45', '35-18', '15-42', '18-36', '5-66', '30-21', '65-5' ,
'22-30', '35-20', '1-93', '1-92', '9-54', '24-28', '8-60', '26-26', '74-4', '44-12' ,
'45-12', '12-46', '30-20', '4-78', '5-69', '75-4', '58-8', '0-114', '13-44', '5-70' ,
'28-25', '30-24', '20-34', '24-30', '20-35', '46-12', '77-4', '37-18', '89-1', '34-21' ,
'54-9', '28-26', '90-1', '35-21', '9-55', '22-33', '109-0', '4-81', '2-89', '59-8' ,
'84-2', '13-45', '2-90', '0-116', '20-33', '60-8', '15-44', '13-46', '8-64', '33-20' ,
'85-2', '9-57', '20-36', '110-0', '111-0', '1-97', '1-98', '24-33', '34-20', '5-73' ,
'22-36', '93-1', '92-1', '8-65', '66-5', '1-100', '22-35', '22-34', '50-12', '44-13' ,
'24-35', '86-2', '12-52', '5-76', '51-12', '18-39', '35-24', '56-9', '12-53', '45-13' ,
'5-77', '37-21', '9-59', '15-45', '69-5', '64-8', '46-13', '79-4', '0-121', '39-18' ,
'44-16', '25-28', '70-5', '15-46', '2-92', '37-20', '33-24', '81-4', '2-93', '24-36' ,
'1-102', '24-34', '1-103', '34-24', '26-34', '30-26', '45-16', '9-60', '26-28', '46-16' ,
'65-8', '4-82', '5-78', '30-25', '74-5', '114-0', '58-9', '25-30', '4-83', '37-24' ,
'33-25', '75-5', '12-54', '13-52', '13-53', '116-0', '20-39', '99-1', '98-1', '89-2' ,
'41-18', '22-39', '54-12', '28-28', '26-30', '8-66', '5-81', '90-2', '77-5', '4-86' ,
'18-42', '59-9', '34-26', '100-1', '50-13', '34-25', '51-13', '39-20', '2-97', '12-55' ,
'2-98', '39-21', '9-64', '60-9', '1-105', '8-69', '0-123', '2-100', '25-33', '0-124' ,
'1-106', '35-25', '8-70', '102-1', '101-1', '0-125', '25-34', '25-35', '28-30', '93-2' ,
'92-2', '9-65', '24-39', '15-52', '35-26', '26-33', '56-12', '13-54', '84-4', '0-128' ,
'50-16', '15-53', '33-26', '51-16', '12-57', '39-24', '121-0', '41-20', '66-8', '25-36' ,
'46-18', '2-102', '2-103', '18-44', '64-9', '41-21', '20-42', '85-4', '0-129', '79-5' ,
'69-8', '37-25', '26-36', '54-13', '81-5', '12-59', '8-73', '28-33', '13-55', '1-109' ,
'70-8', '4-89', '9-66', '26-35', '22-42', '37-26', '18-45', '86-4', '4-90', '5-82' ,
'15-54', '8-76', '41-24', '28-34', '0-131', '65-9', '5-83', '28-35', '8-77', '12-60' ,
'54-16', '30-28', '18-46', '44-18', '28-36', '58-12', '105-1', '13-57', '45-18', '106-1' ,
'74-8', '0-132', '24-42', '98-2', '99-2', '1-111', '1-112', '75-8', '5-86', '15-55' ,
'56-13', '123-0', '2-105', '20-45', '100-2', '20-44', '30-30', '77-8', '8-78', '22-44' ,
'2-106', '59-12', '125-0', '39-25', '25-39', '13-59', '9-69', '33-28', '4-92', '60-12' ,
'15-57', '127-0', '4-93', '33-30', '9-70', '20-46', '39-26', '22-46', '102-2', '101-2' ,
'34-28', '89-4', '12-64', '22-45', '128-0', '56-16', '26-39', '90-4', '35-28', '45-21' ,
'44-21', '0-135', '13-60', '34-30', '30-34', '8-81', '30-35', '129-0', '35-30', '84-5' ,
'66-9', '12-65', '15-59', '41-25', '1-114', '0-136', '50-18', '58-13', '24-44', '51-18' ,
'44-20', '18-52', '109-1', '18-53', '2-109', '64-12', '24-45', '69-9', '41-26', '28-39' ,
])

index_select (len=1000) = np.array([
0, 1, 2, 3, 4, 5, 6, 7, 8, 9 ,
10, 11, 12, 13, 14, 15, 16, 17, 18, 19 ,
20, 21, 22, 23, 24, 25, 26, 27, 28, 29 ,
30, 31, 32, 33, 34, 35, 36, 37, 38, 39 ,
40, 41, 42, 43, 44, 45, 46, 47, 48, 49 ,
50, 51, 52, 53, 54, 55, 56, 57, 58, 59 ,
60, 61, 62, 63, 64, 65, 66, 67, 68, 69 ,
70, 71, 72, 73, 74, 75, 76, 77, 78, 79 ,
80, 81, 82, 83, 84, 85, 86, 87, 88, 89 ,
90, 91, 92, 93, 94, 95, 96, 97, 98, 99 ,
100, 101, 102, 103, 104, 105, 106, 107, 108, 109 ,
110, 111, 112, 113, 114, 115, 116, 117, 118, 119 ,
120, 121, 122, 123, 124, 125, 126, 127, 128, 129 ,
130, 131, 132, 133, 134, 135, 136, 137, 138, 139 ,
140, 141, 142, 143, 144, 145, 146, 147, 148, 149 ,
150, 151, 152, 153, 154, 155, 156, 157, 158, 159 ,
160, 161, 162, 163, 164, 165, 166, 167, 168, 169 ,
170, 171, 172, 173, 174, 175, 176, 177, 178, 179 ,
180, 181, 182, 183, 184, 185, 186, 187, 188, 189 ,
190, 191, 192, 193, 194, 195, 196, 197, 198, 199 ,
200, 201, 202, 203, 204, 205, 206, 207, 208, 209 ,
210, 211, 212, 213, 214, 215, 216, 217, 218, 219 ,
220, 221, 222, 223, 224, 225, 226, 227, 228, 229 ,
230, 231, 232, 233, 234, 235, 236, 237, 238, 239 ,
240, 241, 242, 243, 244, 245, 246, 247, 248, 249 ,
250, 251, 252, 253, 254, 255, 256, 257, 258, 259 ,
260, 261, 262, 263, 264, 265, 266, 267, 268, 269 ,
270, 271, 272, 273, 274, 275, 276, 277, 278, 279 ,
280, 281, 282, 283, 284, 285, 286, 287, 288, 289 ,
290, 291, 292, 293, 294, 295, 296, 297, 298, 299 ,
300, 301, 302, 303, 304, 305, 306, 307, 308, 309 ,
310, 311, 312, 313, 314, 315, 316, 317, 318, 319 ,
320, 321, 322, 323, 324, 325, 326, 327, 328, 329 ,
330, 331, 332, 333, 334, 335, 336, 337, 338, 339 ,
340, 341, 342, 343, 344, 345, 346, 347, 348, 349 ,
350, 351, 352, 353, 354, 355, 356, 357, 358, 359 ,
360, 361, 362, 363, 364, 365, 366, 367, 368, 369 ,
370, 371, 372, 373, 374, 375, 376, 377, 378, 379 ,
380, 381, 382, 383, 384, 385, 386, 387, 388, 389 ,
390, 391, 392, 393, 394, 395, 396, 397, 398, 399 ,
400, 401, 402, 403, 404, 405, 406, 407, 408, 409 ,
410, 411, 412, 413, 414, 415, 416, 417, 418, 419 ,
420, 421, 422, 423, 424, 425, 426, 427, 428, 429 ,
430, 431, 432, 433, 434, 435, 436, 437, 438, 439 ,
440, 441, 442, 443, 444, 445, 446, 447, 448, 449 ,
450, 451, 452, 453, 454, 455, 456, 457, 458, 459 ,
460, 461, 462, 463, 464, 465, 466, 467, 468, 469 ,
470, 471, 472, 473, 474, 475, 476, 477, 478, 479 ,
480, 481, 482, 483, 484, 485, 486, 487, 488, 489 ,
490, 491, 492, 493, 494, 495, 496, 497, 498, 499 ,
500, 501, 502, 503, 504, 505, 506, 507, 508, 509 ,
510, 511, 512, 513, 514, 515, 516, 517, 518, 519 ,
520, 521, 522, 523, 524, 525, 526, 527, 528, 529 ,
530, 531, 532, 533, 534, 535, 536, 537, 538, 539 ,
540, 541, 542, 543, 544, 545, 546, 547, 548, 549 ,
550, 551, 552, 553, 554, 555, 556, 557, 558, 559 ,
560, 561, 562, 563, 564, 565, 566, 567, 568, 569 ,
570, 571, 572, 573, 574, 575, 576, 577, 578, 579 ,
580, 581, 582, 583, 584, 585, 586, 587, 588, 589 ,
590, 591, 592, 593, 594, 595, 596, 597, 598, 599 ,
600, 601, 602, 603, 604, 605, 606, 607, 608, 609 ,
610, 611, 612, 613, 614, 615, 616, 617, 618, 619 ,
620, 621, 622, 623, 624, 625, 626, 627, 628, 629 ,
630, 631, 632, 633, 634, 635, 636, 637, 638, 639 ,
640, 641, 642, 643, 644, 645, 646, 647, 648, 649 ,
650, 651, 652, 653, 654, 655, 656, 657, 658, 659 ,
660, 661, 662, 663, 664, 665, 666, 667, 668, 669 ,
670, 671, 672, 673, 674, 675, 676, 677, 678, 679 ,
680, 681, 682, 683, 684, 685, 686, 687, 688, 689 ,
690, 691, 692, 693, 694, 695, 696, 697, 698, 699 ,
700, 701, 702, 703, 704, 705, 706, 707, 708, 709 ,
710, 711, 712, 713, 714, 715, 716, 717, 718, 719 ,
720, 721, 722, 723, 724, 725, 726, 727, 728, 729 ,
730, 731, 732, 733, 734, 735, 736, 737, 738, 739 ,
740, 741, 742, 743, 744, 745, 746, 747, 748, 749 ,
750, 751, 752, 753, 754, 755, 756, 757, 758, 759 ,
760, 761, 762, 763, 764, 765, 766, 767, 768, 769 ,
770, 771, 772, 773, 774, 775, 776, 777, 778, 779 ,
780, 781, 782, 783, 784, 785, 786, 787, 788, 789 ,
790, 791, 792, 793, 794, 795, 796, 797, 798, 799 ,
800, 801, 802, 803, 804, 805, 806, 807, 808, 809 ,
810, 811, 812, 813, 814, 815, 816, 817, 818, 819 ,
820, 821, 822, 823, 824, 825, 826, 827, 828, 829 ,
830, 831, 832, 833, 834, 835, 836, 837, 838, 839 ,
840, 841, 842, 843, 844, 845, 846, 847, 848, 849 ,
850, 851, 852, 853, 854, 855, 856, 857, 858, 859 ,
860, 861, 862, 863, 864, 865, 866, 867, 868, 869 ,
870, 871, 872, 873, 874, 875, 876, 877, 878, 879 ,
880, 881, 882, 883, 884, 885, 886, 887, 888, 889 ,
890, 891, 892, 893, 894, 895, 896, 897, 898, 899 ,
900, 901, 902, 903, 904, 905, 906, 907, 908, 909 ,
910, 911, 912, 913, 914, 915, 916, 917, 918, 919 ,
920, 921, 922, 923, 924, 925, 926, 927, 928, 929 ,
930, 931, 932, 933, 934, 935, 936, 937, 938, 939 ,
940, 941, 942, 943, 944, 945, 946, 947, 948, 949 ,
950, 951, 952, 953, 954, 955, 956, 957, 958, 959 ,
960, 961, 962, 963, 964, 965, 966, 967, 968, 969 ,
970, 971, 972, 973, 974, 975, 976, 977, 978, 979 ,
980, 981, 982, 983, 984, 985, 986, 987, 988, 989 ,
990, 991, 992, 993, 994, 995, 996, 997, 998, 999 ,
])

f_ideal_1000 = np.array([
-0.73010002 ,
])

===== Memory usage =====
[n_truc=1000, tg=6] Peak RSS: 10.34 GB
[n_truc=1000, tg=6] Peak PSS: 2.34 GB

Current China Time: 2026-08-04 07:03:26.905030+08:00

============================================================


----- n_truc=1000, tg=7 -----

hspace_select (len=1000) = np.array([
'0-0', '0-1', '1-0', '0-2', '2-0', '0-4', '4-0', '1-1', '0-5', '2-1' ,
'5-0', '1-2', '0-8', '2-2', '8-0', '1-4', '4-1', '0-9', '2-4', '9-0' ,
'1-5', '5-1', '4-2', '0-12', '2-5', '1-8', '5-2', '12-0', '0-13', '0-16' ,
'8-1', '4-4', '13-0', '15-0', '2-8', '1-9', '9-1', '8-2', '5-4', '4-5' ,
'0-18', '2-9', '1-12', '0-20', '18-0', '0-21', '9-2', '12-1', '5-5', '0-24' ,
'4-8', '1-13', '20-0', '8-4', '1-16', '22-0', '2-12', '13-1', '24-0', '0-25' ,
'15-1', '0-26', '5-8', '4-9', '12-2', '2-13', '9-4', '2-16', '8-5', '13-2' ,
'25-0', '26-0', '1-18', '15-2', '0-28', '28-0', '5-9', '4-12', '0-30', '18-1' ,
'9-5', '12-4', '1-20', '1-21', '0-33', '8-8', '0-34', '0-35', '1-24', '2-18' ,
'0-36', '20-1', '4-13', '22-1', '4-16', '30-0', '13-4', '5-12', '15-4', '24-1' ,
'33-0', '18-2', '2-20', '2-21', '34-0', '8-9', '35-0', '1-25', '9-8', '1-26' ,
'0-39', '2-24', '12-5', '37-0', '5-13', '20-2', '5-16', '22-2', '13-5', '25-1' ,
'0-42', '24-2', '26-1', '15-5', '39-0', '2-25', '4-18', '2-26', '9-9', '8-12' ,
'28-1', '1-28', '18-4', '0-44', '41-0', '12-8', '1-30', '4-20', '0-45', '4-21' ,
'0-46', '25-2', '13-8', '1-33', '8-13', '20-4', '8-16', '22-4', '4-24', '26-2' ,
'5-18', '1-34', '15-8', '1-35', '30-1', '2-28', '1-36', '28-2', '9-12', '24-4' ,
'44-0', '12-9', '33-1', '45-0', '2-30', '18-5', '0-52', '0-53', '46-0', '34-1' ,
'5-20', '35-1', '5-21', '4-25', '4-26', '2-33', '13-9', '9-13', '1-39', '5-24' ,
'37-1', '9-16', '2-34', '2-35', '0-54', '20-5', '22-5', '2-36', '50-0', '51-0' ,
'30-2', '15-9', '25-4', '0-55', '26-4', '8-18', '24-5', '12-12', '39-1', '33-2' ,
'0-57', '1-42', '18-8', '34-2', '5-25', '28-4', '35-2', '54-0', '0-59', '5-26' ,
'4-28', '2-39', '41-1', '13-12', '37-2', '8-20', '0-60', '8-21', '12-16', '1-44' ,
'12-13', '20-8', '4-30', '56-0', '22-8', '25-5', '8-24', '1-45', '9-18', '15-12' ,
'26-5', '1-46', '0-64', '2-42', '4-33', '30-4', '24-8', '39-2', '58-0', '13-13' ,
'18-9', '4-34', '4-35', '0-65', '4-36', '13-16', '28-5', '59-0', '5-28', '33-4' ,
'15-13', '44-1', '60-0', '34-4', '41-2', '9-20', '2-44', '9-21', '45-1', '15-16' ,
'35-4', '8-25', '46-1', '5-30', '20-9', '8-26', '1-52', '1-53', '22-9', '2-45' ,
'64-0', '9-24', '0-66', '37-4', '2-46', '25-8', '5-33', '4-39', '0-69', '65-0' ,
'26-8', '0-70', '30-5', '5-34', '24-9', '5-35', '12-18', '50-1', '1-54', '51-1' ,
'5-36', '18-12', '28-8', '44-2', '1-55', '33-5', '39-4', '0-73', '45-2', '9-25' ,
'0-76', '34-5', '4-42', '46-2', '2-52', '2-53', '35-5', '0-77', '13-18', '9-26' ,
'12-20', '20-12', '1-57', '22-12', '54-1', '66-0', '8-28', '12-21', '18-13', '41-4' ,
'69-0', '25-9', '37-5', '0-78', '70-0', '5-39', '1-59', '12-24', '8-30', '18-16' ,
'15-18', '2-54', '26-9', '4-44', '24-12', '1-60', '50-2', '56-1', '51-2', '74-0' ,
'0-81', '13-20', '30-8', '13-21', '75-0', '20-13', '28-9', '2-55', '8-33', '4-45' ,
'77-0', '22-13', '8-34', '13-24', '8-35', '20-16', '39-5', '15-20', '33-8', '4-46' ,
'5-42', '8-36', '58-1', '2-57', '15-21', '22-16', '1-64', '34-8', '35-8', '9-28' ,
'54-2', '15-24', '24-13', '59-1', '12-25', '1-65', '44-4', '2-59', '45-4', '24-16' ,
'41-5', '0-82', '12-26', '60-1', '46-4', '79-0', '9-30', '0-83', '81-0', '37-8' ,
'25-12', '2-60', '5-44', '0-86', '26-12', '56-2', '13-25', '4-52', '30-9', '4-53' ,
'64-1', '8-39', '9-33', '5-45', '13-26', '18-18', '9-34', '28-12', '65-1', '1-66' ,
'9-35', '5-46', '50-4', '2-64', '15-25', '9-36', '51-4', '58-2', '33-9', '25-13' ,
'1-69', '39-8', '15-26', '4-54', '35-9', '34-9', '1-70', '2-65', '25-16', '59-2' ,
'26-13', '0-89', '18-20', '12-28', '20-18', '0-90', '84-0', '44-5', '26-16', '18-21' ,
'60-2', '45-5', '4-55', '8-42', '41-8', '85-0', '46-5', '22-18', '37-9', '54-4' ,
'28-13', '1-73', '12-30', '28-16', '18-24', '86-0', '5-52', '5-53', '66-1', '4-57' ,
'1-76', '64-2', '9-39', '1-77', '24-18', '30-12', '0-92', '13-28', '0-93', '69-1' ,
'2-66', '20-21', '12-33', '20-20', '70-1', '4-59', '65-2', '2-69', '56-4', '8-44' ,
'33-12', '20-24', '1-78', '2-70', '50-5', '12-35', '12-34', '22-20', '39-9', '51-5' ,
'15-28', '5-54', '13-30', '4-60', '34-12', '74-1', '35-12', '12-36', '89-0', '8-45' ,
'24-21', '75-1', '90-0', '1-81', '8-46', '22-24', '77-1', '18-25', '0-97', '24-20' ,
'30-13', '0-98', '44-8', '58-4', '5-55', '9-42', '13-33', '0-100', '25-18', '41-9' ,
'2-73', '15-30', '45-8', '18-26', '59-4', '2-76', '37-12', '93-0', '92-0', '54-5' ,
'13-34', '4-64', '13-35', '2-77', '30-16', '24-24', '5-57', '46-8', '33-13', '66-2' ,
'13-36', '0-102', '0-103', '60-4', '34-16', '26-18', '4-65', '15-33', '34-13', '69-2' ,
'20-25', '5-59', '35-13', '70-2', '79-1', '22-25', '2-78', '9-44', '81-1', '12-39' ,
'15-35', '33-16', '15-34', '1-82', '8-52', '15-36', '35-16', '28-18', '8-53', '64-4' ,
'9-45', '56-5', '5-60', '1-83', '51-8', '20-26', '74-2', '39-12', '50-8', '2-81' ,
'25-20', '22-26', '5-64', '37-13', '25-21', '98-0', '99-0', '75-2', '1-86', '9-46' ,
'0-105', '37-16', '26-21', '0-106', '100-0', '77-2', '65-4', '26-20', '24-25', '13-39' ,
'4-66', '44-9', '58-5', '8-54', '24-26', '18-28', '45-9', '102-0', '101-0', '25-24' ,
'4-69', '46-9', '41-12', '12-42', '28-20', '20-28', '28-21', '4-70', '26-24', '59-5' ,
'54-8', '15-39', '5-65', '18-30', '8-55', '0-109', '39-13', '84-1', '60-5', '39-16' ,
'2-82', '1-89', '30-18', '79-2', '28-24', '1-90', '85-1', '81-2', '2-83', '8-57' ,
'66-4', '9-53', '9-52', '13-42', '18-33', '0-111', '0-112', '4-73', '20-30', '12-44' ,
'64-5', '22-28', '86-1', '56-8', '33-18', '69-4', '41-13', '25-25', '105-0', '2-86' ,
'4-76', '106-0', '51-9', '18-34', '18-35', '50-9', '8-59', '4-77', '70-4', '25-26' ,
'34-18', '41-16', '26-25', '12-45', '35-18', '15-42', '18-36', '5-66', '30-21', '65-5' ,
'22-30', '35-20', '1-93', '1-92', '9-54', '24-28', '8-60', '26-26', '74-4', '44-12' ,
'45-12', '12-46', '30-20', '4-78', '5-69', '75-4', '58-8', '0-114', '13-44', '5-70' ,
'28-25', '30-24', '20-34', '24-30', '20-35', '46-12', '77-4', '37-18', '89-1', '34-21' ,
'54-9', '28-26', '90-1', '35-21', '9-55', '22-33', '109-0', '4-81', '2-89', '59-8' ,
'84-2', '13-45', '2-90', '0-116', '20-33', '60-8', '15-44', '13-46', '8-64', '33-20' ,
'85-2', '9-57', '20-36', '110-0', '111-0', '1-97', '1-98', '24-33', '34-20', '5-73' ,
'22-36', '93-1', '92-1', '8-65', '66-5', '1-100', '22-35', '22-34', '50-12', '44-13' ,
'24-35', '86-2', '12-52', '5-76', '51-12', '18-39', '35-24', '56-9', '12-53', '45-13' ,
'5-77', '37-21', '9-59', '15-45', '69-5', '64-8', '46-13', '79-4', '0-121', '39-18' ,
'44-16', '25-28', '70-5', '15-46', '2-92', '37-20', '33-24', '81-4', '2-93', '24-36' ,
'1-102', '24-34', '1-103', '34-24', '26-34', '30-26', '45-16', '9-60', '26-28', '46-16' ,
'65-8', '4-82', '5-78', '30-25', '74-5', '114-0', '58-9', '25-30', '4-83', '37-24' ,
'33-25', '75-5', '12-54', '13-52', '13-53', '116-0', '20-39', '99-1', '98-1', '89-2' ,
'41-18', '22-39', '54-12', '28-28', '26-30', '8-66', '5-81', '90-2', '77-5', '4-86' ,
'18-42', '59-9', '34-26', '100-1', '50-13', '34-25', '51-13', '39-20', '2-97', '12-55' ,
'2-98', '39-21', '9-64', '60-9', '1-105', '8-69', '0-123', '2-100', '25-33', '0-124' ,
'1-106', '35-25', '8-70', '102-1', '101-1', '0-125', '25-34', '25-35', '28-30', '93-2' ,
'92-2', '9-65', '24-39', '15-52', '35-26', '26-33', '56-12', '13-54', '84-4', '0-128' ,
'50-16', '15-53', '33-26', '51-16', '12-57', '39-24', '121-0', '41-20', '66-8', '25-36' ,
'46-18', '2-102', '2-103', '18-44', '64-9', '41-21', '20-42', '85-4', '0-129', '79-5' ,
'69-8', '37-25', '26-36', '54-13', '81-5', '12-59', '8-73', '28-33', '13-55', '1-109' ,
'70-8', '4-89', '9-66', '26-35', '22-42', '37-26', '18-45', '86-4', '4-90', '5-82' ,
'15-54', '8-76', '41-24', '28-34', '0-131', '65-9', '5-83', '28-35', '8-77', '12-60' ,
'54-16', '30-28', '18-46', '44-18', '28-36', '58-12', '105-1', '13-57', '45-18', '106-1' ,
'74-8', '0-132', '24-42', '98-2', '99-2', '1-111', '1-112', '75-8', '5-86', '15-55' ,
'56-13', '123-0', '2-105', '20-45', '100-2', '20-44', '30-30', '77-8', '8-78', '22-44' ,
'2-106', '59-12', '125-0', '39-25', '25-39', '13-59', '9-69', '33-28', '4-92', '60-12' ,
'15-57', '127-0', '4-93', '33-30', '9-70', '20-46', '39-26', '22-46', '102-2', '101-2' ,
'34-28', '89-4', '12-64', '22-45', '128-0', '56-16', '26-39', '90-4', '35-28', '45-21' ,
'44-21', '0-135', '13-60', '34-30', '30-34', '8-81', '30-35', '129-0', '35-30', '84-5' ,
'66-9', '12-65', '15-59', '41-25', '1-114', '0-136', '50-18', '58-13', '24-44', '51-18' ,
'44-20', '18-52', '109-1', '18-53', '2-109', '64-12', '24-45', '69-9', '41-26', '28-39' ,
])

index_select (len=1000) = np.array([
0, 1, 2, 3, 4, 5, 6, 7, 8, 9 ,
10, 11, 12, 13, 14, 15, 16, 17, 18, 19 ,
20, 21, 22, 23, 24, 25, 26, 27, 28, 29 ,
30, 31, 32, 33, 34, 35, 36, 37, 38, 39 ,
40, 41, 42, 43, 44, 45, 46, 47, 48, 49 ,
50, 51, 52, 53, 54, 55, 56, 57, 58, 59 ,
60, 61, 62, 63, 64, 65, 66, 67, 68, 69 ,
70, 71, 72, 73, 74, 75, 76, 77, 78, 79 ,
80, 81, 82, 83, 84, 85, 86, 87, 88, 89 ,
90, 91, 92, 93, 94, 95, 96, 97, 98, 99 ,
100, 101, 102, 103, 104, 105, 106, 107, 108, 109 ,
110, 111, 112, 113, 114, 115, 116, 117, 118, 119 ,
120, 121, 122, 123, 124, 125, 126, 127, 128, 129 ,
130, 131, 132, 133, 134, 135, 136, 137, 138, 139 ,
140, 141, 142, 143, 144, 145, 146, 147, 148, 149 ,
150, 151, 152, 153, 154, 155, 156, 157, 158, 159 ,
160, 161, 162, 163, 164, 165, 166, 167, 168, 169 ,
170, 171, 172, 173, 174, 175, 176, 177, 178, 179 ,
180, 181, 182, 183, 184, 185, 186, 187, 188, 189 ,
190, 191, 192, 193, 194, 195, 196, 197, 198, 199 ,
200, 201, 202, 203, 204, 205, 206, 207, 208, 209 ,
210, 211, 212, 213, 214, 215, 216, 217, 218, 219 ,
220, 221, 222, 223, 224, 225, 226, 227, 228, 229 ,
230, 231, 232, 233, 234, 235, 236, 237, 238, 239 ,
240, 241, 242, 243, 244, 245, 246, 247, 248, 249 ,
250, 251, 252, 253, 254, 255, 256, 257, 258, 259 ,
260, 261, 262, 263, 264, 265, 266, 267, 268, 269 ,
270, 271, 272, 273, 274, 275, 276, 277, 278, 279 ,
280, 281, 282, 283, 284, 285, 286, 287, 288, 289 ,
290, 291, 292, 293, 294, 295, 296, 297, 298, 299 ,
300, 301, 302, 303, 304, 305, 306, 307, 308, 309 ,
310, 311, 312, 313, 314, 315, 316, 317, 318, 319 ,
320, 321, 322, 323, 324, 325, 326, 327, 328, 329 ,
330, 331, 332, 333, 334, 335, 336, 337, 338, 339 ,
340, 341, 342, 343, 344, 345, 346, 347, 348, 349 ,
350, 351, 352, 353, 354, 355, 356, 357, 358, 359 ,
360, 361, 362, 363, 364, 365, 366, 367, 368, 369 ,
370, 371, 372, 373, 374, 375, 376, 377, 378, 379 ,
380, 381, 382, 383, 384, 385, 386, 387, 388, 389 ,
390, 391, 392, 393, 394, 395, 396, 397, 398, 399 ,
400, 401, 402, 403, 404, 405, 406, 407, 408, 409 ,
410, 411, 412, 413, 414, 415, 416, 417, 418, 419 ,
420, 421, 422, 423, 424, 425, 426, 427, 428, 429 ,
430, 431, 432, 433, 434, 435, 436, 437, 438, 439 ,
440, 441, 442, 443, 444, 445, 446, 447, 448, 449 ,
450, 451, 452, 453, 454, 455, 456, 457, 458, 459 ,
460, 461, 462, 463, 464, 465, 466, 467, 468, 469 ,
470, 471, 472, 473, 474, 475, 476, 477, 478, 479 ,
480, 481, 482, 483, 484, 485, 486, 487, 488, 489 ,
490, 491, 492, 493, 494, 495, 496, 497, 498, 499 ,
500, 501, 502, 503, 504, 505, 506, 507, 508, 509 ,
510, 511, 512, 513, 514, 515, 516, 517, 518, 519 ,
520, 521, 522, 523, 524, 525, 526, 527, 528, 529 ,
530, 531, 532, 533, 534, 535, 536, 537, 538, 539 ,
540, 541, 542, 543, 544, 545, 546, 547, 548, 549 ,
550, 551, 552, 553, 554, 555, 556, 557, 558, 559 ,
560, 561, 562, 563, 564, 565, 566, 567, 568, 569 ,
570, 571, 572, 573, 574, 575, 576, 577, 578, 579 ,
580, 581, 582, 583, 584, 585, 586, 587, 588, 589 ,
590, 591, 592, 593, 594, 595, 596, 597, 598, 599 ,
600, 601, 602, 603, 604, 605, 606, 607, 608, 609 ,
610, 611, 612, 613, 614, 615, 616, 617, 618, 619 ,
620, 621, 622, 623, 624, 625, 626, 627, 628, 629 ,
630, 631, 632, 633, 634, 635, 636, 637, 638, 639 ,
640, 641, 642, 643, 644, 645, 646, 647, 648, 649 ,
650, 651, 652, 653, 654, 655, 656, 657, 658, 659 ,
660, 661, 662, 663, 664, 665, 666, 667, 668, 669 ,
670, 671, 672, 673, 674, 675, 676, 677, 678, 679 ,
680, 681, 682, 683, 684, 685, 686, 687, 688, 689 ,
690, 691, 692, 693, 694, 695, 696, 697, 698, 699 ,
700, 701, 702, 703, 704, 705, 706, 707, 708, 709 ,
710, 711, 712, 713, 714, 715, 716, 717, 718, 719 ,
720, 721, 722, 723, 724, 725, 726, 727, 728, 729 ,
730, 731, 732, 733, 734, 735, 736, 737, 738, 739 ,
740, 741, 742, 743, 744, 745, 746, 747, 748, 749 ,
750, 751, 752, 753, 754, 755, 756, 757, 758, 759 ,
760, 761, 762, 763, 764, 765, 766, 767, 768, 769 ,
770, 771, 772, 773, 774, 775, 776, 777, 778, 779 ,
780, 781, 782, 783, 784, 785, 786, 787, 788, 789 ,
790, 791, 792, 793, 794, 795, 796, 797, 798, 799 ,
800, 801, 802, 803, 804, 805, 806, 807, 808, 809 ,
810, 811, 812, 813, 814, 815, 816, 817, 818, 819 ,
820, 821, 822, 823, 824, 825, 826, 827, 828, 829 ,
830, 831, 832, 833, 834, 835, 836, 837, 838, 839 ,
840, 841, 842, 843, 844, 845, 846, 847, 848, 849 ,
850, 851, 852, 853, 854, 855, 856, 857, 858, 859 ,
860, 861, 862, 863, 864, 865, 866, 867, 868, 869 ,
870, 871, 872, 873, 874, 875, 876, 877, 878, 879 ,
880, 881, 882, 883, 884, 885, 886, 887, 888, 889 ,
890, 891, 892, 893, 894, 895, 896, 897, 898, 899 ,
900, 901, 902, 903, 904, 905, 906, 907, 908, 909 ,
910, 911, 912, 913, 914, 915, 916, 917, 918, 919 ,
920, 921, 922, 923, 924, 925, 926, 927, 928, 929 ,
930, 931, 932, 933, 934, 935, 936, 937, 938, 939 ,
940, 941, 942, 943, 944, 945, 946, 947, 948, 949 ,
950, 951, 952, 953, 954, 955, 956, 957, 958, 959 ,
960, 961, 962, 963, 964, 965, 966, 967, 968, 969 ,
970, 971, 972, 973, 974, 975, 976, 977, 978, 979 ,
980, 981, 982, 983, 984, 985, 986, 987, 988, 989 ,
990, 991, 992, 993, 994, 995, 996, 997, 998, 999 ,
])

f_ideal_1000 = np.array([
-0.96815104 ,
])

===== Memory usage =====
[n_truc=1000, tg=7] Peak RSS: 10.35 GB
[n_truc=1000, tg=7] Peak PSS: 2.37 GB

Current China Time: 2026-08-04 07:14:14.872370+08:00

============================================================


----- n_truc=1000, tg=8 -----

hspace_select (len=1000) = np.array([
'0-0', '0-1', '1-0', '0-2', '2-0', '0-4', '4-0', '1-1', '0-5', '2-1' ,
'5-0', '1-2', '0-8', '2-2', '8-0', '1-4', '4-1', '0-9', '2-4', '9-0' ,
'1-5', '5-1', '4-2', '0-12', '2-5', '1-8', '5-2', '12-0', '0-13', '0-16' ,
'8-1', '4-4', '13-0', '15-0', '2-8', '1-9', '9-1', '8-2', '5-4', '4-5' ,
'0-18', '2-9', '1-12', '0-20', '18-0', '0-21', '9-2', '12-1', '5-5', '0-24' ,
'4-8', '1-13', '20-0', '8-4', '1-16', '22-0', '2-12', '13-1', '24-0', '0-25' ,
'15-1', '0-26', '5-8', '4-9', '12-2', '2-13', '9-4', '2-16', '8-5', '13-2' ,
'25-0', '26-0', '1-18', '15-2', '0-28', '28-0', '5-9', '4-12', '0-30', '18-1' ,
'9-5', '12-4', '1-20', '1-21', '0-33', '8-8', '0-34', '0-35', '1-24', '2-18' ,
'0-36', '20-1', '4-13', '22-1', '4-16', '30-0', '13-4', '5-12', '15-4', '24-1' ,
'33-0', '18-2', '2-20', '2-21', '34-0', '8-9', '35-0', '1-25', '9-8', '1-26' ,
'0-39', '2-24', '12-5', '37-0', '5-13', '20-2', '5-16', '22-2', '13-5', '25-1' ,
'0-42', '24-2', '26-1', '15-5', '39-0', '2-25', '4-18', '2-26', '9-9', '8-12' ,
'28-1', '1-28', '18-4', '0-44', '41-0', '12-8', '1-30', '4-20', '0-45', '4-21' ,
'0-46', '25-2', '13-8', '1-33', '8-13', '20-4', '8-16', '22-4', '4-24', '26-2' ,
'5-18', '1-34', '15-8', '1-35', '30-1', '2-28', '1-36', '28-2', '9-12', '24-4' ,
'44-0', '12-9', '33-1', '45-0', '2-30', '18-5', '0-52', '0-53', '46-0', '34-1' ,
'5-20', '35-1', '5-21', '4-25', '4-26', '2-33', '13-9', '9-13', '1-39', '5-24' ,
'37-1', '9-16', '2-34', '2-35', '0-54', '20-5', '22-5', '2-36', '50-0', '51-0' ,
'30-2', '15-9', '25-4', '0-55', '26-4', '8-18', '24-5', '12-12', '39-1', '33-2' ,
'0-57', '1-42', '18-8', '34-2', '5-25', '28-4', '35-2', '54-0', '0-59', '5-26' ,
'4-28', '2-39', '41-1', '13-12', '37-2', '8-20', '0-60', '8-21', '12-16', '1-44' ,
'12-13', '20-8', '4-30', '56-0', '22-8', '25-5', '8-24', '1-45', '9-18', '15-12' ,
'26-5', '1-46', '0-64', '2-42', '4-33', '30-4', '24-8', '39-2', '58-0', '13-13' ,
'18-9', '4-34', '4-35', '0-65', '4-36', '13-16', '28-5', '59-0', '5-28', '33-4' ,
'15-13', '44-1', '60-0', '34-4', '41-2', '9-20', '2-44', '9-21', '45-1', '15-16' ,
'35-4', '8-25', '46-1', '5-30', '20-9', '8-26', '1-52', '1-53', '22-9', '2-45' ,
'64-0', '9-24', '0-66', '37-4', '2-46', '25-8', '5-33', '4-39', '0-69', '65-0' ,
'26-8', '0-70', '30-5', '5-34', '24-9', '5-35', '12-18', '50-1', '1-54', '51-1' ,
'5-36', '18-12', '28-8', '44-2', '1-55', '33-5', '39-4', '0-73', '45-2', '9-25' ,
'0-76', '34-5', '4-42', '46-2', '2-52', '2-53', '35-5', '0-77', '13-18', '9-26' ,
'12-20', '20-12', '1-57', '22-12', '54-1', '66-0', '8-28', '12-21', '18-13', '41-4' ,
'69-0', '25-9', '37-5', '0-78', '70-0', '5-39', '1-59', '12-24', '8-30', '18-16' ,
'15-18', '2-54', '26-9', '4-44', '24-12', '1-60', '50-2', '56-1', '51-2', '74-0' ,
'0-81', '13-20', '30-8', '13-21', '75-0', '20-13', '28-9', '2-55', '8-33', '4-45' ,
'77-0', '22-13', '8-34', '13-24', '8-35', '20-16', '39-5', '15-20', '33-8', '4-46' ,
'5-42', '8-36', '58-1', '2-57', '15-21', '22-16', '1-64', '34-8', '35-8', '9-28' ,
'54-2', '15-24', '24-13', '59-1', '12-25', '1-65', '44-4', '2-59', '45-4', '24-16' ,
'41-5', '0-82', '12-26', '60-1', '46-4', '79-0', '9-30', '0-83', '81-0', '37-8' ,
'25-12', '2-60', '5-44', '0-86', '26-12', '56-2', '13-25', '4-52', '30-9', '4-53' ,
'64-1', '8-39', '9-33', '5-45', '13-26', '18-18', '9-34', '28-12', '65-1', '1-66' ,
'9-35', '5-46', '50-4', '2-64', '15-25', '9-36', '51-4', '58-2', '33-9', '25-13' ,
'1-69', '39-8', '15-26', '4-54', '35-9', '34-9', '1-70', '2-65', '25-16', '59-2' ,
'26-13', '0-89', '18-20', '12-28', '20-18', '0-90', '84-0', '44-5', '26-16', '18-21' ,
'60-2', '45-5', '4-55', '8-42', '41-8', '85-0', '46-5', '22-18', '37-9', '54-4' ,
'28-13', '1-73', '12-30', '28-16', '18-24', '86-0', '5-52', '5-53', '66-1', '4-57' ,
'1-76', '64-2', '9-39', '1-77', '24-18', '30-12', '0-92', '13-28', '0-93', '69-1' ,
'2-66', '20-21', '12-33', '20-20', '70-1', '4-59', '65-2', '2-69', '56-4', '8-44' ,
'33-12', '20-24', '1-78', '2-70', '50-5', '12-35', '12-34', '22-20', '39-9', '51-5' ,
'15-28', '5-54', '13-30', '4-60', '34-12', '74-1', '35-12', '12-36', '89-0', '8-45' ,
'24-21', '75-1', '90-0', '1-81', '8-46', '22-24', '77-1', '18-25', '0-97', '24-20' ,
'30-13', '0-98', '44-8', '58-4', '5-55', '9-42', '13-33', '0-100', '25-18', '41-9' ,
'2-73', '15-30', '45-8', '18-26', '59-4', '2-76', '37-12', '93-0', '92-0', '54-5' ,
'13-34', '4-64', '13-35', '2-77', '30-16', '24-24', '5-57', '46-8', '33-13', '66-2' ,
'13-36', '0-102', '0-103', '60-4', '34-16', '26-18', '4-65', '15-33', '34-13', '69-2' ,
'20-25', '5-59', '35-13', '70-2', '79-1', '22-25', '2-78', '9-44', '81-1', '12-39' ,
'15-35', '33-16', '15-34', '1-82', '8-52', '15-36', '35-16', '28-18', '8-53', '64-4' ,
'9-45', '56-5', '5-60', '1-83', '51-8', '20-26', '74-2', '39-12', '50-8', '2-81' ,
'25-20', '22-26', '5-64', '37-13', '25-21', '98-0', '99-0', '75-2', '1-86', '9-46' ,
'0-105', '37-16', '26-21', '0-106', '100-0', '77-2', '65-4', '26-20', '24-25', '13-39' ,
'4-66', '44-9', '58-5', '8-54', '24-26', '18-28', '45-9', '102-0', '101-0', '25-24' ,
'4-69', '46-9', '41-12', '12-42', '28-20', '20-28', '28-21', '4-70', '26-24', '59-5' ,
'54-8', '15-39', '5-65', '18-30', '8-55', '0-109', '39-13', '84-1', '60-5', '39-16' ,
'2-82', '1-89', '30-18', '79-2', '28-24', '1-90', '85-1', '81-2', '2-83', '8-57' ,
'66-4', '9-53', '9-52', '13-42', '18-33', '0-111', '0-112', '4-73', '20-30', '12-44' ,
'64-5', '22-28', '86-1', '56-8', '33-18', '69-4', '41-13', '25-25', '105-0', '2-86' ,
'4-76', '106-0', '51-9', '18-34', '18-35', '50-9', '8-59', '4-77', '70-4', '25-26' ,
'34-18', '41-16', '26-25', '12-45', '35-18', '15-42', '18-36', '5-66', '30-21', '65-5' ,
'22-30', '35-20', '1-93', '1-92', '9-54', '24-28', '8-60', '26-26', '74-4', '44-12' ,
'45-12', '12-46', '30-20', '4-78', '5-69', '75-4', '58-8', '0-114', '13-44', '5-70' ,
'28-25', '30-24', '20-34', '24-30', '20-35', '46-12', '77-4', '37-18', '89-1', '34-21' ,
'54-9', '28-26', '90-1', '35-21', '9-55', '22-33', '109-0', '4-81', '2-89', '59-8' ,
'84-2', '13-45', '2-90', '0-116', '20-33', '60-8', '15-44', '13-46', '8-64', '33-20' ,
'85-2', '9-57', '20-36', '110-0', '111-0', '1-97', '1-98', '24-33', '34-20', '5-73' ,
'22-36', '93-1', '92-1', '8-65', '66-5', '1-100', '22-35', '22-34', '50-12', '44-13' ,
'24-35', '86-2', '12-52', '5-76', '51-12', '18-39', '35-24', '56-9', '12-53', '45-13' ,
'5-77', '37-21', '9-59', '15-45', '69-5', '64-8', '46-13', '79-4', '0-121', '39-18' ,
'44-16', '25-28', '70-5', '15-46', '2-92', '37-20', '33-24', '81-4', '2-93', '24-36' ,
'1-102', '24-34', '1-103', '34-24', '26-34', '30-26', '45-16', '9-60', '26-28', '46-16' ,
'65-8', '4-82', '5-78', '30-25', '74-5', '114-0', '58-9', '25-30', '4-83', '37-24' ,
'33-25', '75-5', '12-54', '13-52', '13-53', '116-0', '20-39', '99-1', '98-1', '89-2' ,
'41-18', '22-39', '54-12', '28-28', '26-30', '8-66', '5-81', '90-2', '77-5', '4-86' ,
'18-42', '59-9', '34-26', '100-1', '50-13', '34-25', '51-13', '39-20', '2-97', '12-55' ,
'2-98', '39-21', '9-64', '60-9', '1-105', '8-69', '0-123', '2-100', '25-33', '0-124' ,
'1-106', '35-25', '8-70', '102-1', '101-1', '0-125', '25-34', '25-35', '28-30', '93-2' ,
'92-2', '9-65', '24-39', '15-52', '35-26', '26-33', '56-12', '13-54', '84-4', '0-128' ,
'50-16', '15-53', '33-26', '51-16', '12-57', '39-24', '121-0', '41-20', '66-8', '25-36' ,
'46-18', '2-102', '2-103', '18-44', '64-9', '41-21', '20-42', '85-4', '0-129', '79-5' ,
'69-8', '37-25', '26-36', '54-13', '81-5', '12-59', '8-73', '28-33', '13-55', '1-109' ,
'70-8', '4-89', '9-66', '26-35', '22-42', '37-26', '18-45', '86-4', '4-90', '5-82' ,
'15-54', '8-76', '41-24', '28-34', '0-131', '65-9', '5-83', '28-35', '8-77', '12-60' ,
'54-16', '30-28', '18-46', '44-18', '28-36', '58-12', '105-1', '13-57', '45-18', '106-1' ,
'74-8', '0-132', '24-42', '98-2', '99-2', '1-111', '1-112', '75-8', '5-86', '15-55' ,
'56-13', '123-0', '2-105', '20-45', '100-2', '20-44', '30-30', '77-8', '8-78', '22-44' ,
'2-106', '59-12', '125-0', '39-25', '25-39', '13-59', '9-69', '33-28', '4-92', '60-12' ,
'15-57', '127-0', '4-93', '33-30', '9-70', '20-46', '39-26', '22-46', '102-2', '101-2' ,
'34-28', '89-4', '12-64', '22-45', '128-0', '56-16', '26-39', '90-4', '35-28', '45-21' ,
'44-21', '0-135', '13-60', '34-30', '30-34', '8-81', '30-35', '129-0', '35-30', '84-5' ,
'66-9', '12-65', '15-59', '41-25', '1-114', '0-136', '50-18', '58-13', '24-44', '51-18' ,
'44-20', '18-52', '109-1', '18-53', '2-109', '64-12', '24-45', '69-9', '41-26', '28-39' ,
])

index_select (len=1000) = np.array([
0, 1, 2, 3, 4, 5, 6, 7, 8, 9 ,
10, 11, 12, 13, 14, 15, 16, 17, 18, 19 ,
20, 21, 22, 23, 24, 25, 26, 27, 28, 29 ,
30, 31, 32, 33, 34, 35, 36, 37, 38, 39 ,
40, 41, 42, 43, 44, 45, 46, 47, 48, 49 ,
50, 51, 52, 53, 54, 55, 56, 57, 58, 59 ,
60, 61, 62, 63, 64, 65, 66, 67, 68, 69 ,
70, 71, 72, 73, 74, 75, 76, 77, 78, 79 ,
80, 81, 82, 83, 84, 85, 86, 87, 88, 89 ,
90, 91, 92, 93, 94, 95, 96, 97, 98, 99 ,
100, 101, 102, 103, 104, 105, 106, 107, 108, 109 ,
110, 111, 112, 113, 114, 115, 116, 117, 118, 119 ,
120, 121, 122, 123, 124, 125, 126, 127, 128, 129 ,
130, 131, 132, 133, 134, 135, 136, 137, 138, 139 ,
140, 141, 142, 143, 144, 145, 146, 147, 148, 149 ,
150, 151, 152, 153, 154, 155, 156, 157, 158, 159 ,
160, 161, 162, 163, 164, 165, 166, 167, 168, 169 ,
170, 171, 172, 173, 174, 175, 176, 177, 178, 179 ,
180, 181, 182, 183, 184, 185, 186, 187, 188, 189 ,
190, 191, 192, 193, 194, 195, 196, 197, 198, 199 ,
200, 201, 202, 203, 204, 205, 206, 207, 208, 209 ,
210, 211, 212, 213, 214, 215, 216, 217, 218, 219 ,
220, 221, 222, 223, 224, 225, 226, 227, 228, 229 ,
230, 231, 232, 233, 234, 235, 236, 237, 238, 239 ,
240, 241, 242, 243, 244, 245, 246, 247, 248, 249 ,
250, 251, 252, 253, 254, 255, 256, 257, 258, 259 ,
260, 261, 262, 263, 264, 265, 266, 267, 268, 269 ,
270, 271, 272, 273, 274, 275, 276, 277, 278, 279 ,
280, 281, 282, 283, 284, 285, 286, 287, 288, 289 ,
290, 291, 292, 293, 294, 295, 296, 297, 298, 299 ,
300, 301, 302, 303, 304, 305, 306, 307, 308, 309 ,
310, 311, 312, 313, 314, 315, 316, 317, 318, 319 ,
320, 321, 322, 323, 324, 325, 326, 327, 328, 329 ,
330, 331, 332, 333, 334, 335, 336, 337, 338, 339 ,
340, 341, 342, 343, 344, 345, 346, 347, 348, 349 ,
350, 351, 352, 353, 354, 355, 356, 357, 358, 359 ,
360, 361, 362, 363, 364, 365, 366, 367, 368, 369 ,
370, 371, 372, 373, 374, 375, 376, 377, 378, 379 ,
380, 381, 382, 383, 384, 385, 386, 387, 388, 389 ,
390, 391, 392, 393, 394, 395, 396, 397, 398, 399 ,
400, 401, 402, 403, 404, 405, 406, 407, 408, 409 ,
410, 411, 412, 413, 414, 415, 416, 417, 418, 419 ,
420, 421, 422, 423, 424, 425, 426, 427, 428, 429 ,
430, 431, 432, 433, 434, 435, 436, 437, 438, 439 ,
440, 441, 442, 443, 444, 445, 446, 447, 448, 449 ,
450, 451, 452, 453, 454, 455, 456, 457, 458, 459 ,
460, 461, 462, 463, 464, 465, 466, 467, 468, 469 ,
470, 471, 472, 473, 474, 475, 476, 477, 478, 479 ,
480, 481, 482, 483, 484, 485, 486, 487, 488, 489 ,
490, 491, 492, 493, 494, 495, 496, 497, 498, 499 ,
500, 501, 502, 503, 504, 505, 506, 507, 508, 509 ,
510, 511, 512, 513, 514, 515, 516, 517, 518, 519 ,
520, 521, 522, 523, 524, 525, 526, 527, 528, 529 ,
530, 531, 532, 533, 534, 535, 536, 537, 538, 539 ,
540, 541, 542, 543, 544, 545, 546, 547, 548, 549 ,
550, 551, 552, 553, 554, 555, 556, 557, 558, 559 ,
560, 561, 562, 563, 564, 565, 566, 567, 568, 569 ,
570, 571, 572, 573, 574, 575, 576, 577, 578, 579 ,
580, 581, 582, 583, 584, 585, 586, 587, 588, 589 ,
590, 591, 592, 593, 594, 595, 596, 597, 598, 599 ,
600, 601, 602, 603, 604, 605, 606, 607, 608, 609 ,
610, 611, 612, 613, 614, 615, 616, 617, 618, 619 ,
620, 621, 622, 623, 624, 625, 626, 627, 628, 629 ,
630, 631, 632, 633, 634, 635, 636, 637, 638, 639 ,
640, 641, 642, 643, 644, 645, 646, 647, 648, 649 ,
650, 651, 652, 653, 654, 655, 656, 657, 658, 659 ,
660, 661, 662, 663, 664, 665, 666, 667, 668, 669 ,
670, 671, 672, 673, 674, 675, 676, 677, 678, 679 ,
680, 681, 682, 683, 684, 685, 686, 687, 688, 689 ,
690, 691, 692, 693, 694, 695, 696, 697, 698, 699 ,
700, 701, 702, 703, 704, 705, 706, 707, 708, 709 ,
710, 711, 712, 713, 714, 715, 716, 717, 718, 719 ,
720, 721, 722, 723, 724, 725, 726, 727, 728, 729 ,
730, 731, 732, 733, 734, 735, 736, 737, 738, 739 ,
740, 741, 742, 743, 744, 745, 746, 747, 748, 749 ,
750, 751, 752, 753, 754, 755, 756, 757, 758, 759 ,
760, 761, 762, 763, 764, 765, 766, 767, 768, 769 ,
770, 771, 772, 773, 774, 775, 776, 777, 778, 779 ,
780, 781, 782, 783, 784, 785, 786, 787, 788, 789 ,
790, 791, 792, 793, 794, 795, 796, 797, 798, 799 ,
800, 801, 802, 803, 804, 805, 806, 807, 808, 809 ,
810, 811, 812, 813, 814, 815, 816, 817, 818, 819 ,
820, 821, 822, 823, 824, 825, 826, 827, 828, 829 ,
830, 831, 832, 833, 834, 835, 836, 837, 838, 839 ,
840, 841, 842, 843, 844, 845, 846, 847, 848, 849 ,
850, 851, 852, 853, 854, 855, 856, 857, 858, 859 ,
860, 861, 862, 863, 864, 865, 866, 867, 868, 869 ,
870, 871, 872, 873, 874, 875, 876, 877, 878, 879 ,
880, 881, 882, 883, 884, 885, 886, 887, 888, 889 ,
890, 891, 892, 893, 894, 895, 896, 897, 898, 899 ,
900, 901, 902, 903, 904, 905, 906, 907, 908, 909 ,
910, 911, 912, 913, 914, 915, 916, 917, 918, 919 ,
920, 921, 922, 923, 924, 925, 926, 927, 928, 929 ,
930, 931, 932, 933, 934, 935, 936, 937, 938, 939 ,
940, 941, 942, 943, 944, 945, 946, 947, 948, 949 ,
950, 951, 952, 953, 954, 955, 956, 957, 958, 959 ,
960, 961, 962, 963, 964, 965, 966, 967, 968, 969 ,
970, 971, 972, 973, 974, 975, 976, 977, 978, 979 ,
980, 981, 982, 983, 984, 985, 986, 987, 988, 989 ,
990, 991, 992, 993, 994, 995, 996, 997, 998, 999 ,
])

f_ideal_1000 = np.array([
-1.12839933 ,
])

===== Memory usage =====
[n_truc=1000, tg=8] Peak RSS: 10.38 GB
[n_truc=1000, tg=8] Peak PSS: 2.36 GB

Current China Time: 2026-08-04 07:27:15.141272+08:00

============================================================


----- n_truc=1000, tg=9 -----

hspace_select (len=1000) = np.array([
'0-0', '0-1', '1-0', '0-2', '2-0', '0-4', '4-0', '1-1', '0-5', '2-1' ,
'5-0', '1-2', '0-8', '2-2', '8-0', '1-4', '4-1', '0-9', '2-4', '9-0' ,
'1-5', '5-1', '4-2', '0-12', '2-5', '1-8', '5-2', '12-0', '0-13', '0-16' ,
'8-1', '4-4', '13-0', '15-0', '2-8', '1-9', '9-1', '8-2', '5-4', '4-5' ,
'0-18', '2-9', '1-12', '0-20', '18-0', '0-21', '9-2', '12-1', '5-5', '0-24' ,
'4-8', '1-13', '20-0', '8-4', '1-16', '22-0', '2-12', '13-1', '24-0', '0-25' ,
'15-1', '0-26', '5-8', '4-9', '12-2', '2-13', '9-4', '2-16', '8-5', '13-2' ,
'25-0', '26-0', '1-18', '15-2', '0-28', '28-0', '5-9', '4-12', '0-30', '18-1' ,
'9-5', '12-4', '1-20', '1-21', '0-33', '8-8', '0-34', '0-35', '1-24', '2-18' ,
'0-36', '20-1', '4-13', '22-1', '4-16', '30-0', '13-4', '5-12', '15-4', '24-1' ,
'33-0', '18-2', '2-20', '2-21', '34-0', '8-9', '35-0', '1-25', '9-8', '1-26' ,
'0-39', '2-24', '12-5', '37-0', '5-13', '20-2', '5-16', '22-2', '13-5', '25-1' ,
'0-42', '24-2', '26-1', '15-5', '39-0', '2-25', '4-18', '2-26', '9-9', '8-12' ,
'28-1', '1-28', '18-4', '0-44', '41-0', '12-8', '1-30', '4-20', '0-45', '4-21' ,
'0-46', '25-2', '13-8', '1-33', '8-13', '20-4', '8-16', '22-4', '4-24', '26-2' ,
'5-18', '1-34', '15-8', '1-35', '30-1', '2-28', '1-36', '28-2', '9-12', '24-4' ,
'44-0', '12-9', '33-1', '45-0', '2-30', '18-5', '0-52', '0-53', '46-0', '34-1' ,
'5-20', '35-1', '5-21', '4-25', '4-26', '2-33', '13-9', '9-13', '1-39', '5-24' ,
'37-1', '9-16', '2-34', '2-35', '0-54', '20-5', '22-5', '2-36', '50-0', '51-0' ,
'30-2', '15-9', '25-4', '0-55', '26-4', '8-18', '24-5', '12-12', '39-1', '33-2' ,
'0-57', '1-42', '18-8', '34-2', '5-25', '28-4', '35-2', '54-0', '0-59', '5-26' ,
'4-28', '2-39', '41-1', '13-12', '37-2', '8-20', '0-60', '8-21', '12-16', '1-44' ,
'12-13', '20-8', '4-30', '56-0', '22-8', '25-5', '8-24', '1-45', '9-18', '15-12' ,
'26-5', '1-46', '0-64', '2-42', '4-33', '30-4', '24-8', '39-2', '58-0', '13-13' ,
'18-9', '4-34', '4-35', '0-65', '4-36', '13-16', '28-5', '59-0', '5-28', '33-4' ,
'15-13', '44-1', '60-0', '34-4', '41-2', '9-20', '2-44', '9-21', '45-1', '15-16' ,
'35-4', '8-25', '46-1', '5-30', '20-9', '8-26', '1-52', '1-53', '22-9', '2-45' ,
'64-0', '9-24', '0-66', '37-4', '2-46', '25-8', '5-33', '4-39', '0-69', '65-0' ,
'26-8', '0-70', '30-5', '5-34', '24-9', '5-35', '12-18', '50-1', '1-54', '51-1' ,
'5-36', '18-12', '28-8', '44-2', '1-55', '33-5', '39-4', '0-73', '45-2', '9-25' ,
'0-76', '34-5', '4-42', '46-2', '2-52', '2-53', '35-5', '0-77', '13-18', '9-26' ,
'12-20', '20-12', '1-57', '22-12', '54-1', '66-0', '8-28', '12-21', '18-13', '41-4' ,
'69-0', '25-9', '37-5', '0-78', '70-0', '5-39', '1-59', '12-24', '8-30', '18-16' ,
'15-18', '2-54', '26-9', '4-44', '24-12', '1-60', '50-2', '56-1', '51-2', '74-0' ,
'0-81', '13-20', '30-8', '13-21', '75-0', '20-13', '28-9', '2-55', '8-33', '4-45' ,
'77-0', '22-13', '8-34', '13-24', '8-35', '20-16', '39-5', '15-20', '33-8', '4-46' ,
'5-42', '8-36', '58-1', '2-57', '15-21', '22-16', '1-64', '34-8', '35-8', '9-28' ,
'54-2', '15-24', '24-13', '59-1', '12-25', '1-65', '44-4', '2-59', '45-4', '24-16' ,
'41-5', '0-82', '12-26', '60-1', '46-4', '79-0', '9-30', '0-83', '81-0', '37-8' ,
'25-12', '2-60', '5-44', '0-86', '26-12', '56-2', '13-25', '4-52', '30-9', '4-53' ,
'64-1', '8-39', '9-33', '5-45', '13-26', '18-18', '9-34', '28-12', '65-1', '1-66' ,
'9-35', '5-46', '50-4', '2-64', '15-25', '9-36', '51-4', '58-2', '33-9', '25-13' ,
'1-69', '39-8', '15-26', '4-54', '35-9', '34-9', '1-70', '2-65', '25-16', '59-2' ,
'26-13', '0-89', '18-20', '12-28', '20-18', '0-90', '84-0', '44-5', '26-16', '18-21' ,
'60-2', '45-5', '4-55', '8-42', '41-8', '85-0', '46-5', '22-18', '37-9', '54-4' ,
'28-13', '1-73', '12-30', '28-16', '18-24', '86-0', '5-52', '5-53', '66-1', '4-57' ,
'1-76', '64-2', '9-39', '1-77', '24-18', '30-12', '0-92', '13-28', '0-93', '69-1' ,
'2-66', '20-21', '12-33', '20-20', '70-1', '4-59', '65-2', '2-69', '56-4', '8-44' ,
'33-12', '20-24', '1-78', '2-70', '50-5', '12-35', '12-34', '22-20', '39-9', '51-5' ,
'15-28', '5-54', '13-30', '4-60', '34-12', '74-1', '35-12', '12-36', '89-0', '8-45' ,
'24-21', '75-1', '90-0', '1-81', '8-46', '22-24', '77-1', '18-25', '0-97', '24-20' ,
'30-13', '0-98', '44-8', '58-4', '5-55', '9-42', '13-33', '0-100', '25-18', '41-9' ,
'2-73', '15-30', '45-8', '18-26', '59-4', '2-76', '37-12', '93-0', '92-0', '54-5' ,
'13-34', '4-64', '13-35', '2-77', '30-16', '24-24', '5-57', '46-8', '33-13', '66-2' ,
'13-36', '0-102', '0-103', '60-4', '34-16', '26-18', '4-65', '15-33', '34-13', '69-2' ,
'20-25', '5-59', '35-13', '70-2', '79-1', '22-25', '2-78', '9-44', '81-1', '12-39' ,
'15-35', '33-16', '15-34', '1-82', '8-52', '15-36', '35-16', '28-18', '8-53', '64-4' ,
'9-45', '56-5', '5-60', '1-83', '51-8', '20-26', '74-2', '39-12', '50-8', '2-81' ,
'25-20', '22-26', '5-64', '37-13', '25-21', '98-0', '99-0', '75-2', '1-86', '9-46' ,
'0-105', '37-16', '26-21', '0-106', '100-0', '77-2', '65-4', '26-20', '24-25', '13-39' ,
'4-66', '44-9', '58-5', '8-54', '24-26', '18-28', '45-9', '102-0', '101-0', '25-24' ,
'4-69', '46-9', '41-12', '12-42', '28-20', '20-28', '28-21', '4-70', '26-24', '59-5' ,
'54-8', '15-39', '5-65', '18-30', '8-55', '0-109', '39-13', '84-1', '60-5', '39-16' ,
'2-82', '1-89', '30-18', '79-2', '28-24', '1-90', '85-1', '81-2', '2-83', '8-57' ,
'66-4', '9-53', '9-52', '13-42', '18-33', '0-111', '0-112', '4-73', '20-30', '12-44' ,
'64-5', '22-28', '86-1', '56-8', '33-18', '69-4', '41-13', '25-25', '105-0', '2-86' ,
'4-76', '106-0', '51-9', '18-34', '18-35', '50-9', '8-59', '4-77', '70-4', '25-26' ,
'34-18', '41-16', '26-25', '12-45', '35-18', '15-42', '18-36', '5-66', '30-21', '65-5' ,
'22-30', '35-20', '1-93', '1-92', '9-54', '24-28', '8-60', '26-26', '74-4', '44-12' ,
'45-12', '12-46', '30-20', '4-78', '5-69', '75-4', '58-8', '0-114', '13-44', '5-70' ,
'28-25', '30-24', '20-34', '24-30', '20-35', '46-12', '77-4', '37-18', '89-1', '34-21' ,
'54-9', '28-26', '90-1', '35-21', '9-55', '22-33', '109-0', '4-81', '2-89', '59-8' ,
'84-2', '13-45', '2-90', '0-116', '20-33', '60-8', '15-44', '13-46', '8-64', '33-20' ,
'85-2', '9-57', '20-36', '110-0', '111-0', '1-97', '1-98', '24-33', '34-20', '5-73' ,
'22-36', '93-1', '92-1', '8-65', '66-5', '1-100', '22-35', '22-34', '50-12', '44-13' ,
'24-35', '86-2', '12-52', '5-76', '51-12', '18-39', '35-24', '56-9', '12-53', '45-13' ,
'5-77', '37-21', '9-59', '15-45', '69-5', '64-8', '46-13', '79-4', '0-121', '39-18' ,
'44-16', '25-28', '70-5', '15-46', '2-92', '37-20', '33-24', '81-4', '2-93', '24-36' ,
'1-102', '24-34', '1-103', '34-24', '26-34', '30-26', '45-16', '9-60', '26-28', '46-16' ,
'65-8', '4-82', '5-78', '30-25', '74-5', '114-0', '58-9', '25-30', '4-83', '37-24' ,
'33-25', '75-5', '12-54', '13-52', '13-53', '116-0', '20-39', '99-1', '98-1', '89-2' ,
'41-18', '22-39', '54-12', '28-28', '26-30', '8-66', '5-81', '90-2', '77-5', '4-86' ,
'18-42', '59-9', '34-26', '100-1', '50-13', '34-25', '51-13', '39-20', '2-97', '12-55' ,
'2-98', '39-21', '9-64', '60-9', '1-105', '8-69', '0-123', '2-100', '25-33', '0-124' ,
'1-106', '35-25', '8-70', '102-1', '101-1', '0-125', '25-34', '25-35', '28-30', '93-2' ,
'92-2', '9-65', '24-39', '15-52', '35-26', '26-33', '56-12', '13-54', '84-4', '0-128' ,
'50-16', '15-53', '33-26', '51-16', '12-57', '39-24', '121-0', '41-20', '66-8', '25-36' ,
'46-18', '2-102', '2-103', '18-44', '64-9', '41-21', '20-42', '85-4', '0-129', '79-5' ,
'69-8', '37-25', '26-36', '54-13', '81-5', '12-59', '8-73', '28-33', '13-55', '1-109' ,
'70-8', '4-89', '9-66', '26-35', '22-42', '37-26', '18-45', '86-4', '4-90', '5-82' ,
'15-54', '8-76', '41-24', '28-34', '0-131', '65-9', '5-83', '28-35', '8-77', '12-60' ,
'54-16', '30-28', '18-46', '44-18', '28-36', '58-12', '105-1', '13-57', '45-18', '106-1' ,
'74-8', '0-132', '24-42', '98-2', '99-2', '1-111', '1-112', '75-8', '5-86', '15-55' ,
'56-13', '123-0', '2-105', '20-45', '100-2', '20-44', '30-30', '77-8', '8-78', '22-44' ,
'2-106', '59-12', '125-0', '39-25', '25-39', '13-59', '9-69', '33-28', '4-92', '60-12' ,
'15-57', '127-0', '4-93', '33-30', '9-70', '20-46', '39-26', '22-46', '102-2', '101-2' ,
'34-28', '89-4', '12-64', '22-45', '128-0', '56-16', '26-39', '90-4', '35-28', '45-21' ,
'44-21', '0-135', '13-60', '34-30', '30-34', '8-81', '30-35', '129-0', '35-30', '84-5' ,
'66-9', '12-65', '15-59', '41-25', '1-114', '0-136', '50-18', '58-13', '24-44', '51-18' ,
'44-20', '18-52', '109-1', '18-53', '2-109', '64-12', '24-45', '69-9', '41-26', '28-39' ,
])

index_select (len=1000) = np.array([
0, 1, 2, 3, 4, 5, 6, 7, 8, 9 ,
10, 11, 12, 13, 14, 15, 16, 17, 18, 19 ,
20, 21, 22, 23, 24, 25, 26, 27, 28, 29 ,
30, 31, 32, 33, 34, 35, 36, 37, 38, 39 ,
40, 41, 42, 43, 44, 45, 46, 47, 48, 49 ,
50, 51, 52, 53, 54, 55, 56, 57, 58, 59 ,
60, 61, 62, 63, 64, 65, 66, 67, 68, 69 ,
70, 71, 72, 73, 74, 75, 76, 77, 78, 79 ,
80, 81, 82, 83, 84, 85, 86, 87, 88, 89 ,
90, 91, 92, 93, 94, 95, 96, 97, 98, 99 ,
100, 101, 102, 103, 104, 105, 106, 107, 108, 109 ,
110, 111, 112, 113, 114, 115, 116, 117, 118, 119 ,
120, 121, 122, 123, 124, 125, 126, 127, 128, 129 ,
130, 131, 132, 133, 134, 135, 136, 137, 138, 139 ,
140, 141, 142, 143, 144, 145, 146, 147, 148, 149 ,
150, 151, 152, 153, 154, 155, 156, 157, 158, 159 ,
160, 161, 162, 163, 164, 165, 166, 167, 168, 169 ,
170, 171, 172, 173, 174, 175, 176, 177, 178, 179 ,
180, 181, 182, 183, 184, 185, 186, 187, 188, 189 ,
190, 191, 192, 193, 194, 195, 196, 197, 198, 199 ,
200, 201, 202, 203, 204, 205, 206, 207, 208, 209 ,
210, 211, 212, 213, 214, 215, 216, 217, 218, 219 ,
220, 221, 222, 223, 224, 225, 226, 227, 228, 229 ,
230, 231, 232, 233, 234, 235, 236, 237, 238, 239 ,
240, 241, 242, 243, 244, 245, 246, 247, 248, 249 ,
250, 251, 252, 253, 254, 255, 256, 257, 258, 259 ,
260, 261, 262, 263, 264, 265, 266, 267, 268, 269 ,
270, 271, 272, 273, 274, 275, 276, 277, 278, 279 ,
280, 281, 282, 283, 284, 285, 286, 287, 288, 289 ,
290, 291, 292, 293, 294, 295, 296, 297, 298, 299 ,
300, 301, 302, 303, 304, 305, 306, 307, 308, 309 ,
310, 311, 312, 313, 314, 315, 316, 317, 318, 319 ,
320, 321, 322, 323, 324, 325, 326, 327, 328, 329 ,
330, 331, 332, 333, 334, 335, 336, 337, 338, 339 ,
340, 341, 342, 343, 344, 345, 346, 347, 348, 349 ,
350, 351, 352, 353, 354, 355, 356, 357, 358, 359 ,
360, 361, 362, 363, 364, 365, 366, 367, 368, 369 ,
370, 371, 372, 373, 374, 375, 376, 377, 378, 379 ,
380, 381, 382, 383, 384, 385, 386, 387, 388, 389 ,
390, 391, 392, 393, 394, 395, 396, 397, 398, 399 ,
400, 401, 402, 403, 404, 405, 406, 407, 408, 409 ,
410, 411, 412, 413, 414, 415, 416, 417, 418, 419 ,
420, 421, 422, 423, 424, 425, 426, 427, 428, 429 ,
430, 431, 432, 433, 434, 435, 436, 437, 438, 439 ,
440, 441, 442, 443, 444, 445, 446, 447, 448, 449 ,
450, 451, 452, 453, 454, 455, 456, 457, 458, 459 ,
460, 461, 462, 463, 464, 465, 466, 467, 468, 469 ,
470, 471, 472, 473, 474, 475, 476, 477, 478, 479 ,
480, 481, 482, 483, 484, 485, 486, 487, 488, 489 ,
490, 491, 492, 493, 494, 495, 496, 497, 498, 499 ,
500, 501, 502, 503, 504, 505, 506, 507, 508, 509 ,
510, 511, 512, 513, 514, 515, 516, 517, 518, 519 ,
520, 521, 522, 523, 524, 525, 526, 527, 528, 529 ,
530, 531, 532, 533, 534, 535, 536, 537, 538, 539 ,
540, 541, 542, 543, 544, 545, 546, 547, 548, 549 ,
550, 551, 552, 553, 554, 555, 556, 557, 558, 559 ,
560, 561, 562, 563, 564, 565, 566, 567, 568, 569 ,
570, 571, 572, 573, 574, 575, 576, 577, 578, 579 ,
580, 581, 582, 583, 584, 585, 586, 587, 588, 589 ,
590, 591, 592, 593, 594, 595, 596, 597, 598, 599 ,
600, 601, 602, 603, 604, 605, 606, 607, 608, 609 ,
610, 611, 612, 613, 614, 615, 616, 617, 618, 619 ,
620, 621, 622, 623, 624, 625, 626, 627, 628, 629 ,
630, 631, 632, 633, 634, 635, 636, 637, 638, 639 ,
640, 641, 642, 643, 644, 645, 646, 647, 648, 649 ,
650, 651, 652, 653, 654, 655, 656, 657, 658, 659 ,
660, 661, 662, 663, 664, 665, 666, 667, 668, 669 ,
670, 671, 672, 673, 674, 675, 676, 677, 678, 679 ,
680, 681, 682, 683, 684, 685, 686, 687, 688, 689 ,
690, 691, 692, 693, 694, 695, 696, 697, 698, 699 ,
700, 701, 702, 703, 704, 705, 706, 707, 708, 709 ,
710, 711, 712, 713, 714, 715, 716, 717, 718, 719 ,
720, 721, 722, 723, 724, 725, 726, 727, 728, 729 ,
730, 731, 732, 733, 734, 735, 736, 737, 738, 739 ,
740, 741, 742, 743, 744, 745, 746, 747, 748, 749 ,
750, 751, 752, 753, 754, 755, 756, 757, 758, 759 ,
760, 761, 762, 763, 764, 765, 766, 767, 768, 769 ,
770, 771, 772, 773, 774, 775, 776, 777, 778, 779 ,
780, 781, 782, 783, 784, 785, 786, 787, 788, 789 ,
790, 791, 792, 793, 794, 795, 796, 797, 798, 799 ,
800, 801, 802, 803, 804, 805, 806, 807, 808, 809 ,
810, 811, 812, 813, 814, 815, 816, 817, 818, 819 ,
820, 821, 822, 823, 824, 825, 826, 827, 828, 829 ,
830, 831, 832, 833, 834, 835, 836, 837, 838, 839 ,
840, 841, 842, 843, 844, 845, 846, 847, 848, 849 ,
850, 851, 852, 853, 854, 855, 856, 857, 858, 859 ,
860, 861, 862, 863, 864, 865, 866, 867, 868, 869 ,
870, 871, 872, 873, 874, 875, 876, 877, 878, 879 ,
880, 881, 882, 883, 884, 885, 886, 887, 888, 889 ,
890, 891, 892, 893, 894, 895, 896, 897, 898, 899 ,
900, 901, 902, 903, 904, 905, 906, 907, 908, 909 ,
910, 911, 912, 913, 914, 915, 916, 917, 918, 919 ,
920, 921, 922, 923, 924, 925, 926, 927, 928, 929 ,
930, 931, 932, 933, 934, 935, 936, 937, 938, 939 ,
940, 941, 942, 943, 944, 945, 946, 947, 948, 949 ,
950, 951, 952, 953, 954, 955, 956, 957, 958, 959 ,
960, 961, 962, 963, 964, 965, 966, 967, 968, 969 ,
970, 971, 972, 973, 974, 975, 976, 977, 978, 979 ,
980, 981, 982, 983, 984, 985, 986, 987, 988, 989 ,
990, 991, 992, 993, 994, 995, 996, 997, 998, 999 ,
])

f_ideal_1000 = np.array([
-1.26895168 ,
])

===== Memory usage =====
[n_truc=1000, tg=9] Peak RSS: 10.38 GB
[n_truc=1000, tg=9] Peak PSS: 2.35 GB

Current China Time: 2026-08-04 07:37:55.396489+08:00

============================================================


----- n_truc=1000, tg=10 -----

hspace_select (len=1000) = np.array([
'0-0', '0-1', '1-0', '0-2', '2-0', '0-4', '4-0', '1-1', '0-5', '2-1' ,
'5-0', '1-2', '0-8', '2-2', '8-0', '1-4', '4-1', '0-9', '2-4', '9-0' ,
'1-5', '5-1', '4-2', '0-12', '2-5', '1-8', '5-2', '12-0', '0-13', '0-16' ,
'8-1', '4-4', '13-0', '15-0', '2-8', '1-9', '9-1', '8-2', '5-4', '4-5' ,
'0-18', '2-9', '1-12', '0-20', '18-0', '0-21', '9-2', '12-1', '5-5', '0-24' ,
'4-8', '1-13', '20-0', '8-4', '1-16', '22-0', '2-12', '13-1', '24-0', '0-25' ,
'15-1', '0-26', '5-8', '4-9', '12-2', '2-13', '9-4', '2-16', '8-5', '13-2' ,
'25-0', '26-0', '1-18', '15-2', '0-28', '28-0', '5-9', '4-12', '0-30', '18-1' ,
'9-5', '12-4', '1-20', '1-21', '0-33', '8-8', '0-34', '0-35', '1-24', '2-18' ,
'0-36', '20-1', '4-13', '22-1', '4-16', '30-0', '13-4', '5-12', '15-4', '24-1' ,
'33-0', '18-2', '2-20', '2-21', '34-0', '8-9', '35-0', '1-25', '9-8', '1-26' ,
'0-39', '2-24', '12-5', '37-0', '5-13', '20-2', '5-16', '22-2', '13-5', '25-1' ,
'0-42', '24-2', '26-1', '15-5', '39-0', '2-25', '4-18', '2-26', '9-9', '8-12' ,
'28-1', '1-28', '18-4', '0-44', '41-0', '12-8', '1-30', '4-20', '0-45', '4-21' ,
'0-46', '25-2', '13-8', '1-33', '8-13', '20-4', '8-16', '22-4', '4-24', '26-2' ,
'5-18', '1-34', '15-8', '1-35', '30-1', '2-28', '1-36', '28-2', '9-12', '24-4' ,
'44-0', '12-9', '33-1', '45-0', '2-30', '18-5', '0-52', '0-53', '46-0', '34-1' ,
'5-20', '35-1', '5-21', '4-25', '4-26', '2-33', '13-9', '9-13', '1-39', '5-24' ,
'37-1', '9-16', '2-34', '2-35', '0-54', '20-5', '22-5', '2-36', '50-0', '51-0' ,
'30-2', '15-9', '25-4', '0-55', '26-4', '8-18', '24-5', '12-12', '39-1', '33-2' ,
'0-57', '1-42', '18-8', '34-2', '5-25', '28-4', '35-2', '54-0', '0-59', '5-26' ,
'4-28', '2-39', '41-1', '13-12', '37-2', '8-20', '0-60', '8-21', '12-16', '1-44' ,
'12-13', '20-8', '4-30', '56-0', '22-8', '25-5', '8-24', '1-45', '9-18', '15-12' ,
'26-5', '1-46', '0-64', '2-42', '4-33', '30-4', '24-8', '39-2', '58-0', '13-13' ,
'18-9', '4-34', '4-35', '0-65', '4-36', '13-16', '28-5', '59-0', '5-28', '33-4' ,
'15-13', '44-1', '60-0', '34-4', '41-2', '9-20', '2-44', '9-21', '45-1', '15-16' ,
'35-4', '8-25', '46-1', '5-30', '20-9', '8-26', '1-52', '1-53', '22-9', '2-45' ,
'64-0', '9-24', '0-66', '37-4', '2-46', '25-8', '5-33', '4-39', '0-69', '65-0' ,
'26-8', '0-70', '30-5', '5-34', '24-9', '5-35', '12-18', '50-1', '1-54', '51-1' ,
'5-36', '18-12', '28-8', '44-2', '1-55', '33-5', '39-4', '0-73', '45-2', '9-25' ,
'0-76', '34-5', '4-42', '46-2', '2-52', '2-53', '35-5', '0-77', '13-18', '9-26' ,
'12-20', '20-12', '1-57', '22-12', '54-1', '66-0', '8-28', '12-21', '18-13', '41-4' ,
'69-0', '25-9', '37-5', '0-78', '70-0', '5-39', '1-59', '12-24', '8-30', '18-16' ,
'15-18', '2-54', '26-9', '4-44', '24-12', '1-60', '50-2', '56-1', '51-2', '74-0' ,
'0-81', '13-20', '30-8', '13-21', '75-0', '20-13', '28-9', '2-55', '8-33', '4-45' ,
'77-0', '22-13', '8-34', '13-24', '8-35', '20-16', '39-5', '15-20', '33-8', '4-46' ,
'5-42', '8-36', '58-1', '2-57', '15-21', '22-16', '1-64', '34-8', '35-8', '9-28' ,
'54-2', '15-24', '24-13', '59-1', '12-25', '1-65', '44-4', '2-59', '45-4', '24-16' ,
'41-5', '0-82', '12-26', '60-1', '46-4', '79-0', '9-30', '0-83', '81-0', '37-8' ,
'25-12', '2-60', '5-44', '0-86', '26-12', '56-2', '13-25', '4-52', '30-9', '4-53' ,
'64-1', '8-39', '9-33', '5-45', '13-26', '18-18', '9-34', '28-12', '65-1', '1-66' ,
'9-35', '5-46', '50-4', '2-64', '15-25', '9-36', '51-4', '58-2', '33-9', '25-13' ,
'1-69', '39-8', '15-26', '4-54', '35-9', '34-9', '1-70', '2-65', '25-16', '59-2' ,
'26-13', '0-89', '18-20', '12-28', '20-18', '0-90', '84-0', '44-5', '26-16', '18-21' ,
'60-2', '45-5', '4-55', '8-42', '41-8', '85-0', '46-5', '22-18', '37-9', '54-4' ,
'28-13', '1-73', '12-30', '28-16', '18-24', '86-0', '5-52', '5-53', '66-1', '4-57' ,
'1-76', '64-2', '9-39', '1-77', '24-18', '30-12', '0-92', '13-28', '0-93', '69-1' ,
'2-66', '20-21', '12-33', '20-20', '70-1', '4-59', '65-2', '2-69', '56-4', '8-44' ,
'33-12', '20-24', '1-78', '2-70', '50-5', '12-35', '12-34', '22-20', '39-9', '51-5' ,
'15-28', '5-54', '13-30', '4-60', '34-12', '74-1', '35-12', '12-36', '89-0', '8-45' ,
'24-21', '75-1', '90-0', '1-81', '8-46', '22-24', '77-1', '18-25', '0-97', '24-20' ,
'30-13', '0-98', '44-8', '58-4', '5-55', '9-42', '13-33', '0-100', '25-18', '41-9' ,
'2-73', '15-30', '45-8', '18-26', '59-4', '2-76', '37-12', '93-0', '92-0', '54-5' ,
'13-34', '4-64', '13-35', '2-77', '30-16', '24-24', '5-57', '46-8', '33-13', '66-2' ,
'13-36', '0-102', '0-103', '60-4', '34-16', '26-18', '4-65', '15-33', '34-13', '69-2' ,
'20-25', '5-59', '35-13', '70-2', '79-1', '22-25', '2-78', '9-44', '81-1', '12-39' ,
'15-35', '33-16', '15-34', '1-82', '8-52', '15-36', '35-16', '28-18', '8-53', '64-4' ,
'9-45', '56-5', '5-60', '1-83', '51-8', '20-26', '74-2', '39-12', '50-8', '2-81' ,
'25-20', '22-26', '5-64', '37-13', '25-21', '98-0', '99-0', '75-2', '1-86', '9-46' ,
'0-105', '37-16', '26-21', '0-106', '100-0', '77-2', '65-4', '26-20', '24-25', '13-39' ,
'4-66', '44-9', '58-5', '8-54', '24-26', '18-28', '45-9', '102-0', '101-0', '25-24' ,
'4-69', '46-9', '41-12', '12-42', '28-20', '20-28', '28-21', '4-70', '26-24', '59-5' ,
'54-8', '15-39', '5-65', '18-30', '8-55', '0-109', '39-13', '84-1', '60-5', '39-16' ,
'2-82', '1-89', '30-18', '79-2', '28-24', '1-90', '85-1', '81-2', '2-83', '8-57' ,
'66-4', '9-53', '9-52', '13-42', '18-33', '0-111', '0-112', '4-73', '20-30', '12-44' ,
'64-5', '22-28', '86-1', '56-8', '33-18', '69-4', '41-13', '25-25', '105-0', '2-86' ,
'4-76', '106-0', '51-9', '18-34', '18-35', '50-9', '8-59', '4-77', '70-4', '25-26' ,
'34-18', '41-16', '26-25', '12-45', '35-18', '15-42', '18-36', '5-66', '30-21', '65-5' ,
'22-30', '35-20', '1-93', '1-92', '9-54', '24-28', '8-60', '26-26', '74-4', '44-12' ,
'45-12', '12-46', '30-20', '4-78', '5-69', '75-4', '58-8', '0-114', '13-44', '5-70' ,
'28-25', '30-24', '20-34', '24-30', '20-35', '46-12', '77-4', '37-18', '89-1', '34-21' ,
'54-9', '28-26', '90-1', '35-21', '9-55', '22-33', '109-0', '4-81', '2-89', '59-8' ,
'84-2', '13-45', '2-90', '0-116', '20-33', '60-8', '15-44', '13-46', '8-64', '33-20' ,
'85-2', '9-57', '20-36', '110-0', '111-0', '1-97', '1-98', '24-33', '34-20', '5-73' ,
'22-36', '93-1', '92-1', '8-65', '66-5', '1-100', '22-35', '22-34', '50-12', '44-13' ,
'24-35', '86-2', '12-52', '5-76', '51-12', '18-39', '35-24', '56-9', '12-53', '45-13' ,
'5-77', '37-21', '9-59', '15-45', '69-5', '64-8', '46-13', '79-4', '0-121', '39-18' ,
'44-16', '25-28', '70-5', '15-46', '2-92', '37-20', '33-24', '81-4', '2-93', '24-36' ,
'1-102', '24-34', '1-103', '34-24', '26-34', '30-26', '45-16', '9-60', '26-28', '46-16' ,
'65-8', '4-82', '5-78', '30-25', '74-5', '114-0', '58-9', '25-30', '4-83', '37-24' ,
'33-25', '75-5', '12-54', '13-52', '13-53', '116-0', '20-39', '99-1', '98-1', '89-2' ,
'41-18', '22-39', '54-12', '28-28', '26-30', '8-66', '5-81', '90-2', '77-5', '4-86' ,
'18-42', '59-9', '34-26', '100-1', '50-13', '34-25', '51-13', '39-20', '2-97', '12-55' ,
'2-98', '39-21', '9-64', '60-9', '1-105', '8-69', '0-123', '2-100', '25-33', '0-124' ,
'1-106', '35-25', '8-70', '102-1', '101-1', '0-125', '25-34', '25-35', '28-30', '93-2' ,
'92-2', '9-65', '24-39', '15-52', '35-26', '26-33', '56-12', '13-54', '84-4', '0-128' ,
'50-16', '15-53', '33-26', '51-16', '12-57', '39-24', '121-0', '41-20', '66-8', '25-36' ,
'46-18', '2-102', '2-103', '18-44', '64-9', '41-21', '20-42', '85-4', '0-129', '79-5' ,
'69-8', '37-25', '26-36', '54-13', '81-5', '12-59', '8-73', '28-33', '13-55', '1-109' ,
'70-8', '4-89', '9-66', '26-35', '22-42', '37-26', '18-45', '86-4', '4-90', '5-82' ,
'15-54', '8-76', '41-24', '28-34', '0-131', '65-9', '5-83', '28-35', '8-77', '12-60' ,
'54-16', '30-28', '18-46', '44-18', '28-36', '58-12', '105-1', '13-57', '45-18', '106-1' ,
'74-8', '0-132', '24-42', '98-2', '99-2', '1-111', '1-112', '75-8', '5-86', '15-55' ,
'56-13', '123-0', '2-105', '20-45', '100-2', '20-44', '30-30', '77-8', '8-78', '22-44' ,
'2-106', '59-12', '125-0', '39-25', '25-39', '13-59', '9-69', '33-28', '4-92', '60-12' ,
'15-57', '127-0', '4-93', '33-30', '9-70', '20-46', '39-26', '22-46', '102-2', '101-2' ,
'34-28', '89-4', '12-64', '22-45', '128-0', '56-16', '26-39', '90-4', '35-28', '45-21' ,
'44-21', '0-135', '13-60', '34-30', '30-34', '8-81', '30-35', '129-0', '35-30', '84-5' ,
'66-9', '12-65', '15-59', '41-25', '1-114', '0-136', '50-18', '58-13', '24-44', '51-18' ,
'44-20', '18-52', '109-1', '18-53', '2-109', '64-12', '24-45', '69-9', '41-26', '28-39' ,
])

index_select (len=1000) = np.array([
0, 1, 2, 3, 4, 5, 6, 7, 8, 9 ,
10, 11, 12, 13, 14, 15, 16, 17, 18, 19 ,
20, 21, 22, 23, 24, 25, 26, 27, 28, 29 ,
30, 31, 32, 33, 34, 35, 36, 37, 38, 39 ,
40, 41, 42, 43, 44, 45, 46, 47, 48, 49 ,
50, 51, 52, 53, 54, 55, 56, 57, 58, 59 ,
60, 61, 62, 63, 64, 65, 66, 67, 68, 69 ,
70, 71, 72, 73, 74, 75, 76, 77, 78, 79 ,
80, 81, 82, 83, 84, 85, 86, 87, 88, 89 ,
90, 91, 92, 93, 94, 95, 96, 97, 98, 99 ,
100, 101, 102, 103, 104, 105, 106, 107, 108, 109 ,
110, 111, 112, 113, 114, 115, 116, 117, 118, 119 ,
120, 121, 122, 123, 124, 125, 126, 127, 128, 129 ,
130, 131, 132, 133, 134, 135, 136, 137, 138, 139 ,
140, 141, 142, 143, 144, 145, 146, 147, 148, 149 ,
150, 151, 152, 153, 154, 155, 156, 157, 158, 159 ,
160, 161, 162, 163, 164, 165, 166, 167, 168, 169 ,
170, 171, 172, 173, 174, 175, 176, 177, 178, 179 ,
180, 181, 182, 183, 184, 185, 186, 187, 188, 189 ,
190, 191, 192, 193, 194, 195, 196, 197, 198, 199 ,
200, 201, 202, 203, 204, 205, 206, 207, 208, 209 ,
210, 211, 212, 213, 214, 215, 216, 217, 218, 219 ,
220, 221, 222, 223, 224, 225, 226, 227, 228, 229 ,
230, 231, 232, 233, 234, 235, 236, 237, 238, 239 ,
240, 241, 242, 243, 244, 245, 246, 247, 248, 249 ,
250, 251, 252, 253, 254, 255, 256, 257, 258, 259 ,
260, 261, 262, 263, 264, 265, 266, 267, 268, 269 ,
270, 271, 272, 273, 274, 275, 276, 277, 278, 279 ,
280, 281, 282, 283, 284, 285, 286, 287, 288, 289 ,
290, 291, 292, 293, 294, 295, 296, 297, 298, 299 ,
300, 301, 302, 303, 304, 305, 306, 307, 308, 309 ,
310, 311, 312, 313, 314, 315, 316, 317, 318, 319 ,
320, 321, 322, 323, 324, 325, 326, 327, 328, 329 ,
330, 331, 332, 333, 334, 335, 336, 337, 338, 339 ,
340, 341, 342, 343, 344, 345, 346, 347, 348, 349 ,
350, 351, 352, 353, 354, 355, 356, 357, 358, 359 ,
360, 361, 362, 363, 364, 365, 366, 367, 368, 369 ,
370, 371, 372, 373, 374, 375, 376, 377, 378, 379 ,
380, 381, 382, 383, 384, 385, 386, 387, 388, 389 ,
390, 391, 392, 393, 394, 395, 396, 397, 398, 399 ,
400, 401, 402, 403, 404, 405, 406, 407, 408, 409 ,
410, 411, 412, 413, 414, 415, 416, 417, 418, 419 ,
420, 421, 422, 423, 424, 425, 426, 427, 428, 429 ,
430, 431, 432, 433, 434, 435, 436, 437, 438, 439 ,
440, 441, 442, 443, 444, 445, 446, 447, 448, 449 ,
450, 451, 452, 453, 454, 455, 456, 457, 458, 459 ,
460, 461, 462, 463, 464, 465, 466, 467, 468, 469 ,
470, 471, 472, 473, 474, 475, 476, 477, 478, 479 ,
480, 481, 482, 483, 484, 485, 486, 487, 488, 489 ,
490, 491, 492, 493, 494, 495, 496, 497, 498, 499 ,
500, 501, 502, 503, 504, 505, 506, 507, 508, 509 ,
510, 511, 512, 513, 514, 515, 516, 517, 518, 519 ,
520, 521, 522, 523, 524, 525, 526, 527, 528, 529 ,
530, 531, 532, 533, 534, 535, 536, 537, 538, 539 ,
540, 541, 542, 543, 544, 545, 546, 547, 548, 549 ,
550, 551, 552, 553, 554, 555, 556, 557, 558, 559 ,
560, 561, 562, 563, 564, 565, 566, 567, 568, 569 ,
570, 571, 572, 573, 574, 575, 576, 577, 578, 579 ,
580, 581, 582, 583, 584, 585, 586, 587, 588, 589 ,
590, 591, 592, 593, 594, 595, 596, 597, 598, 599 ,
600, 601, 602, 603, 604, 605, 606, 607, 608, 609 ,
610, 611, 612, 613, 614, 615, 616, 617, 618, 619 ,
620, 621, 622, 623, 624, 625, 626, 627, 628, 629 ,
630, 631, 632, 633, 634, 635, 636, 637, 638, 639 ,
640, 641, 642, 643, 644, 645, 646, 647, 648, 649 ,
650, 651, 652, 653, 654, 655, 656, 657, 658, 659 ,
660, 661, 662, 663, 664, 665, 666, 667, 668, 669 ,
670, 671, 672, 673, 674, 675, 676, 677, 678, 679 ,
680, 681, 682, 683, 684, 685, 686, 687, 688, 689 ,
690, 691, 692, 693, 694, 695, 696, 697, 698, 699 ,
700, 701, 702, 703, 704, 705, 706, 707, 708, 709 ,
710, 711, 712, 713, 714, 715, 716, 717, 718, 719 ,
720, 721, 722, 723, 724, 725, 726, 727, 728, 729 ,
730, 731, 732, 733, 734, 735, 736, 737, 738, 739 ,
740, 741, 742, 743, 744, 745, 746, 747, 748, 749 ,
750, 751, 752, 753, 754, 755, 756, 757, 758, 759 ,
760, 761, 762, 763, 764, 765, 766, 767, 768, 769 ,
770, 771, 772, 773, 774, 775, 776, 777, 778, 779 ,
780, 781, 782, 783, 784, 785, 786, 787, 788, 789 ,
790, 791, 792, 793, 794, 795, 796, 797, 798, 799 ,
800, 801, 802, 803, 804, 805, 806, 807, 808, 809 ,
810, 811, 812, 813, 814, 815, 816, 817, 818, 819 ,
820, 821, 822, 823, 824, 825, 826, 827, 828, 829 ,
830, 831, 832, 833, 834, 835, 836, 837, 838, 839 ,
840, 841, 842, 843, 844, 845, 846, 847, 848, 849 ,
850, 851, 852, 853, 854, 855, 856, 857, 858, 859 ,
860, 861, 862, 863, 864, 865, 866, 867, 868, 869 ,
870, 871, 872, 873, 874, 875, 876, 877, 878, 879 ,
880, 881, 882, 883, 884, 885, 886, 887, 888, 889 ,
890, 891, 892, 893, 894, 895, 896, 897, 898, 899 ,
900, 901, 902, 903, 904, 905, 906, 907, 908, 909 ,
910, 911, 912, 913, 914, 915, 916, 917, 918, 919 ,
920, 921, 922, 923, 924, 925, 926, 927, 928, 929 ,
930, 931, 932, 933, 934, 935, 936, 937, 938, 939 ,
940, 941, 942, 943, 944, 945, 946, 947, 948, 949 ,
950, 951, 952, 953, 954, 955, 956, 957, 958, 959 ,
960, 961, 962, 963, 964, 965, 966, 967, 968, 969 ,
970, 971, 972, 973, 974, 975, 976, 977, 978, 979 ,
980, 981, 982, 983, 984, 985, 986, 987, 988, 989 ,
990, 991, 992, 993, 994, 995, 996, 997, 998, 999 ,
])

f_ideal_1000 = np.array([
-1.57569957 ,
])

===== Memory usage =====
[n_truc=1000, tg=10] Peak RSS: 10.45 GB
[n_truc=1000, tg=10] Peak PSS: 2.41 GB

Current China Time: 2026-08-04 07:54:49.927874+08:00

============================================================


----- n_truc=1000, tg=11 -----

hspace_select (len=1000) = np.array([
'0-0', '0-1', '1-0', '0-2', '2-0', '0-4', '4-0', '1-1', '0-5', '2-1' ,
'5-0', '1-2', '0-8', '2-2', '8-0', '1-4', '4-1', '0-9', '2-4', '9-0' ,
'1-5', '5-1', '4-2', '0-12', '2-5', '1-8', '5-2', '12-0', '0-13', '0-16' ,
'8-1', '4-4', '13-0', '15-0', '2-8', '1-9', '9-1', '8-2', '5-4', '4-5' ,
'0-18', '2-9', '1-12', '0-20', '18-0', '0-21', '9-2', '12-1', '5-5', '0-24' ,
'4-8', '1-13', '20-0', '8-4', '1-16', '22-0', '2-12', '13-1', '24-0', '0-25' ,
'15-1', '0-26', '5-8', '4-9', '12-2', '2-13', '9-4', '2-16', '8-5', '13-2' ,
'25-0', '26-0', '1-18', '15-2', '0-28', '28-0', '5-9', '4-12', '0-30', '18-1' ,
'9-5', '12-4', '1-20', '1-21', '0-33', '8-8', '0-34', '0-35', '1-24', '2-18' ,
'0-36', '20-1', '4-13', '22-1', '4-16', '30-0', '13-4', '5-12', '15-4', '24-1' ,
'33-0', '18-2', '2-20', '2-21', '34-0', '8-9', '35-0', '1-25', '9-8', '1-26' ,
'0-39', '2-24', '12-5', '37-0', '5-13', '20-2', '5-16', '22-2', '13-5', '25-1' ,
'0-42', '24-2', '26-1', '15-5', '39-0', '2-25', '4-18', '2-26', '9-9', '8-12' ,
'28-1', '1-28', '18-4', '0-44', '41-0', '12-8', '1-30', '4-20', '0-45', '4-21' ,
'0-46', '25-2', '13-8', '1-33', '8-13', '20-4', '8-16', '22-4', '4-24', '26-2' ,
'5-18', '1-34', '15-8', '1-35', '30-1', '2-28', '1-36', '28-2', '9-12', '24-4' ,
'44-0', '12-9', '33-1', '45-0', '2-30', '18-5', '0-52', '0-53', '46-0', '34-1' ,
'5-20', '35-1', '5-21', '4-25', '4-26', '2-33', '13-9', '9-13', '1-39', '5-24' ,
'37-1', '9-16', '2-34', '2-35', '0-54', '20-5', '22-5', '2-36', '50-0', '51-0' ,
'30-2', '15-9', '25-4', '0-55', '26-4', '8-18', '24-5', '12-12', '39-1', '33-2' ,
'0-57', '1-42', '18-8', '34-2', '5-25', '28-4', '35-2', '54-0', '0-59', '5-26' ,
'4-28', '2-39', '41-1', '13-12', '37-2', '8-20', '0-60', '8-21', '12-16', '1-44' ,
'12-13', '20-8', '4-30', '56-0', '22-8', '25-5', '8-24', '1-45', '9-18', '15-12' ,
'26-5', '1-46', '0-64', '2-42', '4-33', '30-4', '24-8', '39-2', '58-0', '13-13' ,
'18-9', '4-34', '4-35', '0-65', '4-36', '13-16', '28-5', '59-0', '5-28', '33-4' ,
'15-13', '44-1', '60-0', '34-4', '41-2', '9-20', '2-44', '9-21', '45-1', '15-16' ,
'35-4', '8-25', '46-1', '5-30', '20-9', '8-26', '1-52', '1-53', '22-9', '2-45' ,
'64-0', '9-24', '0-66', '37-4', '2-46', '25-8', '5-33', '4-39', '0-69', '65-0' ,
'26-8', '0-70', '30-5', '5-34', '24-9', '5-35', '12-18', '50-1', '1-54', '51-1' ,
'5-36', '18-12', '28-8', '44-2', '1-55', '33-5', '39-4', '0-73', '45-2', '9-25' ,
'0-76', '34-5', '4-42', '46-2', '2-52', '2-53', '35-5', '0-77', '13-18', '9-26' ,
'12-20', '20-12', '1-57', '22-12', '54-1', '66-0', '8-28', '12-21', '18-13', '41-4' ,
'69-0', '25-9', '37-5', '0-78', '70-0', '5-39', '1-59', '12-24', '8-30', '18-16' ,
'15-18', '2-54', '26-9', '4-44', '24-12', '1-60', '50-2', '56-1', '51-2', '74-0' ,
'0-81', '13-20', '30-8', '13-21', '75-0', '20-13', '28-9', '2-55', '8-33', '4-45' ,
'77-0', '22-13', '8-34', '13-24', '8-35', '20-16', '39-5', '15-20', '33-8', '4-46' ,
'5-42', '8-36', '58-1', '2-57', '15-21', '22-16', '1-64', '34-8', '35-8', '9-28' ,
'54-2', '15-24', '24-13', '59-1', '12-25', '1-65', '44-4', '2-59', '45-4', '24-16' ,
'41-5', '0-82', '12-26', '60-1', '46-4', '79-0', '9-30', '0-83', '81-0', '37-8' ,
'25-12', '2-60', '5-44', '0-86', '26-12', '56-2', '13-25', '4-52', '30-9', '4-53' ,
'64-1', '8-39', '9-33', '5-45', '13-26', '18-18', '9-34', '28-12', '65-1', '1-66' ,
'9-35', '5-46', '50-4', '2-64', '15-25', '9-36', '51-4', '58-2', '33-9', '25-13' ,
'1-69', '39-8', '15-26', '4-54', '35-9', '34-9', '1-70', '2-65', '25-16', '59-2' ,
'26-13', '0-89', '18-20', '12-28', '20-18', '0-90', '84-0', '44-5', '26-16', '18-21' ,
'60-2', '45-5', '4-55', '8-42', '41-8', '85-0', '46-5', '22-18', '37-9', '54-4' ,
'28-13', '1-73', '12-30', '28-16', '18-24', '86-0', '5-52', '5-53', '66-1', '4-57' ,
'1-76', '64-2', '9-39', '1-77', '24-18', '30-12', '0-92', '13-28', '0-93', '69-1' ,
'2-66', '20-21', '12-33', '20-20', '70-1', '4-59', '65-2', '2-69', '56-4', '8-44' ,
'33-12', '20-24', '1-78', '2-70', '50-5', '12-35', '12-34', '22-20', '39-9', '51-5' ,
'15-28', '5-54', '13-30', '4-60', '34-12', '74-1', '35-12', '12-36', '89-0', '8-45' ,
'24-21', '75-1', '90-0', '1-81', '8-46', '22-24', '77-1', '18-25', '0-97', '24-20' ,
'30-13', '0-98', '44-8', '58-4', '5-55', '9-42', '13-33', '0-100', '25-18', '41-9' ,
'2-73', '15-30', '45-8', '18-26', '59-4', '2-76', '37-12', '93-0', '92-0', '54-5' ,
'13-34', '4-64', '13-35', '2-77', '30-16', '24-24', '5-57', '46-8', '33-13', '66-2' ,
'13-36', '0-102', '0-103', '60-4', '34-16', '26-18', '4-65', '15-33', '34-13', '69-2' ,
'20-25', '5-59', '35-13', '70-2', '79-1', '22-25', '2-78', '9-44', '81-1', '12-39' ,
'15-35', '33-16', '15-34', '1-82', '8-52', '15-36', '35-16', '28-18', '8-53', '64-4' ,
'9-45', '56-5', '5-60', '1-83', '51-8', '20-26', '74-2', '39-12', '50-8', '2-81' ,
'25-20', '22-26', '5-64', '37-13', '25-21', '98-0', '99-0', '75-2', '1-86', '9-46' ,
'0-105', '37-16', '26-21', '0-106', '100-0', '77-2', '65-4', '26-20', '24-25', '13-39' ,
'4-66', '44-9', '58-5', '8-54', '24-26', '18-28', '45-9', '102-0', '101-0', '25-24' ,
'4-69', '46-9', '41-12', '12-42', '28-20', '20-28', '28-21', '4-70', '26-24', '59-5' ,
'54-8', '15-39', '5-65', '18-30', '8-55', '0-109', '39-13', '84-1', '60-5', '39-16' ,
'2-82', '1-89', '30-18', '79-2', '28-24', '1-90', '85-1', '81-2', '2-83', '8-57' ,
'66-4', '9-53', '9-52', '13-42', '18-33', '0-111', '0-112', '4-73', '20-30', '12-44' ,
'64-5', '22-28', '86-1', '56-8', '33-18', '69-4', '41-13', '25-25', '105-0', '2-86' ,
'4-76', '106-0', '51-9', '18-34', '18-35', '50-9', '8-59', '4-77', '70-4', '25-26' ,
'34-18', '41-16', '26-25', '12-45', '35-18', '15-42', '18-36', '5-66', '30-21', '65-5' ,
'22-30', '35-20', '1-93', '1-92', '9-54', '24-28', '8-60', '26-26', '74-4', '44-12' ,
'45-12', '12-46', '30-20', '4-78', '5-69', '75-4', '58-8', '0-114', '13-44', '5-70' ,
'28-25', '30-24', '20-34', '24-30', '20-35', '46-12', '77-4', '37-18', '89-1', '34-21' ,
'54-9', '28-26', '90-1', '35-21', '9-55', '22-33', '109-0', '4-81', '2-89', '59-8' ,
'84-2', '13-45', '2-90', '0-116', '20-33', '60-8', '15-44', '13-46', '8-64', '33-20' ,
'85-2', '9-57', '20-36', '110-0', '111-0', '1-97', '1-98', '24-33', '34-20', '5-73' ,
'22-36', '93-1', '92-1', '8-65', '66-5', '1-100', '22-35', '22-34', '50-12', '44-13' ,
'24-35', '86-2', '12-52', '5-76', '51-12', '18-39', '35-24', '56-9', '12-53', '45-13' ,
'5-77', '37-21', '9-59', '15-45', '69-5', '64-8', '46-13', '79-4', '0-121', '39-18' ,
'44-16', '25-28', '70-5', '15-46', '2-92', '37-20', '33-24', '81-4', '2-93', '24-36' ,
'1-102', '24-34', '1-103', '34-24', '26-34', '30-26', '45-16', '9-60', '26-28', '46-16' ,
'65-8', '4-82', '5-78', '30-25', '74-5', '114-0', '58-9', '25-30', '4-83', '37-24' ,
'33-25', '75-5', '12-54', '13-52', '13-53', '116-0', '20-39', '99-1', '98-1', '89-2' ,
'41-18', '22-39', '54-12', '28-28', '26-30', '8-66', '5-81', '90-2', '77-5', '4-86' ,
'18-42', '59-9', '34-26', '100-1', '50-13', '34-25', '51-13', '39-20', '2-97', '12-55' ,
'2-98', '39-21', '9-64', '60-9', '1-105', '8-69', '0-123', '2-100', '25-33', '0-124' ,
'1-106', '35-25', '8-70', '102-1', '101-1', '0-125', '25-34', '25-35', '28-30', '93-2' ,
'92-2', '9-65', '24-39', '15-52', '35-26', '26-33', '56-12', '13-54', '84-4', '0-128' ,
'50-16', '15-53', '33-26', '51-16', '12-57', '39-24', '121-0', '41-20', '66-8', '25-36' ,
'46-18', '2-102', '2-103', '18-44', '64-9', '41-21', '20-42', '85-4', '0-129', '79-5' ,
'69-8', '37-25', '26-36', '54-13', '81-5', '12-59', '8-73', '28-33', '13-55', '1-109' ,
'70-8', '4-89', '9-66', '26-35', '22-42', '37-26', '18-45', '86-4', '4-90', '5-82' ,
'15-54', '8-76', '41-24', '28-34', '0-131', '65-9', '5-83', '28-35', '8-77', '12-60' ,
'54-16', '30-28', '18-46', '44-18', '28-36', '58-12', '105-1', '13-57', '45-18', '106-1' ,
'74-8', '0-132', '24-42', '98-2', '99-2', '1-111', '1-112', '75-8', '5-86', '15-55' ,
'56-13', '123-0', '2-105', '20-45', '100-2', '20-44', '30-30', '77-8', '8-78', '22-44' ,
'2-106', '59-12', '125-0', '39-25', '25-39', '13-59', '9-69', '33-28', '4-92', '60-12' ,
'15-57', '127-0', '4-93', '33-30', '9-70', '20-46', '39-26', '22-46', '102-2', '101-2' ,
'34-28', '89-4', '12-64', '22-45', '128-0', '56-16', '26-39', '90-4', '35-28', '45-21' ,
'44-21', '0-135', '13-60', '34-30', '30-34', '8-81', '30-35', '129-0', '35-30', '84-5' ,
'66-9', '12-65', '15-59', '41-25', '1-114', '0-136', '50-18', '58-13', '24-44', '51-18' ,
'44-20', '18-52', '109-1', '18-53', '2-109', '64-12', '24-45', '69-9', '41-26', '28-39' ,
])

index_select (len=1000) = np.array([
0, 1, 2, 3, 4, 5, 6, 7, 8, 9 ,
10, 11, 12, 13, 14, 15, 16, 17, 18, 19 ,
20, 21, 22, 23, 24, 25, 26, 27, 28, 29 ,
30, 31, 32, 33, 34, 35, 36, 37, 38, 39 ,
40, 41, 42, 43, 44, 45, 46, 47, 48, 49 ,
50, 51, 52, 53, 54, 55, 56, 57, 58, 59 ,
60, 61, 62, 63, 64, 65, 66, 67, 68, 69 ,
70, 71, 72, 73, 74, 75, 76, 77, 78, 79 ,
80, 81, 82, 83, 84, 85, 86, 87, 88, 89 ,
90, 91, 92, 93, 94, 95, 96, 97, 98, 99 ,
100, 101, 102, 103, 104, 105, 106, 107, 108, 109 ,
110, 111, 112, 113, 114, 115, 116, 117, 118, 119 ,
120, 121, 122, 123, 124, 125, 126, 127, 128, 129 ,
130, 131, 132, 133, 134, 135, 136, 137, 138, 139 ,
140, 141, 142, 143, 144, 145, 146, 147, 148, 149 ,
150, 151, 152, 153, 154, 155, 156, 157, 158, 159 ,
160, 161, 162, 163, 164, 165, 166, 167, 168, 169 ,
170, 171, 172, 173, 174, 175, 176, 177, 178, 179 ,
180, 181, 182, 183, 184, 185, 186, 187, 188, 189 ,
190, 191, 192, 193, 194, 195, 196, 197, 198, 199 ,
200, 201, 202, 203, 204, 205, 206, 207, 208, 209 ,
210, 211, 212, 213, 214, 215, 216, 217, 218, 219 ,
220, 221, 222, 223, 224, 225, 226, 227, 228, 229 ,
230, 231, 232, 233, 234, 235, 236, 237, 238, 239 ,
240, 241, 242, 243, 244, 245, 246, 247, 248, 249 ,
250, 251, 252, 253, 254, 255, 256, 257, 258, 259 ,
260, 261, 262, 263, 264, 265, 266, 267, 268, 269 ,
270, 271, 272, 273, 274, 275, 276, 277, 278, 279 ,
280, 281, 282, 283, 284, 285, 286, 287, 288, 289 ,
290, 291, 292, 293, 294, 295, 296, 297, 298, 299 ,
300, 301, 302, 303, 304, 305, 306, 307, 308, 309 ,
310, 311, 312, 313, 314, 315, 316, 317, 318, 319 ,
320, 321, 322, 323, 324, 325, 326, 327, 328, 329 ,
330, 331, 332, 333, 334, 335, 336, 337, 338, 339 ,
340, 341, 342, 343, 344, 345, 346, 347, 348, 349 ,
350, 351, 352, 353, 354, 355, 356, 357, 358, 359 ,
360, 361, 362, 363, 364, 365, 366, 367, 368, 369 ,
370, 371, 372, 373, 374, 375, 376, 377, 378, 379 ,
380, 381, 382, 383, 384, 385, 386, 387, 388, 389 ,
390, 391, 392, 393, 394, 395, 396, 397, 398, 399 ,
400, 401, 402, 403, 404, 405, 406, 407, 408, 409 ,
410, 411, 412, 413, 414, 415, 416, 417, 418, 419 ,
420, 421, 422, 423, 424, 425, 426, 427, 428, 429 ,
430, 431, 432, 433, 434, 435, 436, 437, 438, 439 ,
440, 441, 442, 443, 444, 445, 446, 447, 448, 449 ,
450, 451, 452, 453, 454, 455, 456, 457, 458, 459 ,
460, 461, 462, 463, 464, 465, 466, 467, 468, 469 ,
470, 471, 472, 473, 474, 475, 476, 477, 478, 479 ,
480, 481, 482, 483, 484, 485, 486, 487, 488, 489 ,
490, 491, 492, 493, 494, 495, 496, 497, 498, 499 ,
500, 501, 502, 503, 504, 505, 506, 507, 508, 509 ,
510, 511, 512, 513, 514, 515, 516, 517, 518, 519 ,
520, 521, 522, 523, 524, 525, 526, 527, 528, 529 ,
530, 531, 532, 533, 534, 535, 536, 537, 538, 539 ,
540, 541, 542, 543, 544, 545, 546, 547, 548, 549 ,
550, 551, 552, 553, 554, 555, 556, 557, 558, 559 ,
560, 561, 562, 563, 564, 565, 566, 567, 568, 569 ,
570, 571, 572, 573, 574, 575, 576, 577, 578, 579 ,
580, 581, 582, 583, 584, 585, 586, 587, 588, 589 ,
590, 591, 592, 593, 594, 595, 596, 597, 598, 599 ,
600, 601, 602, 603, 604, 605, 606, 607, 608, 609 ,
610, 611, 612, 613, 614, 615, 616, 617, 618, 619 ,
620, 621, 622, 623, 624, 625, 626, 627, 628, 629 ,
630, 631, 632, 633, 634, 635, 636, 637, 638, 639 ,
640, 641, 642, 643, 644, 645, 646, 647, 648, 649 ,
650, 651, 652, 653, 654, 655, 656, 657, 658, 659 ,
660, 661, 662, 663, 664, 665, 666, 667, 668, 669 ,
670, 671, 672, 673, 674, 675, 676, 677, 678, 679 ,
680, 681, 682, 683, 684, 685, 686, 687, 688, 689 ,
690, 691, 692, 693, 694, 695, 696, 697, 698, 699 ,
700, 701, 702, 703, 704, 705, 706, 707, 708, 709 ,
710, 711, 712, 713, 714, 715, 716, 717, 718, 719 ,
720, 721, 722, 723, 724, 725, 726, 727, 728, 729 ,
730, 731, 732, 733, 734, 735, 736, 737, 738, 739 ,
740, 741, 742, 743, 744, 745, 746, 747, 748, 749 ,
750, 751, 752, 753, 754, 755, 756, 757, 758, 759 ,
760, 761, 762, 763, 764, 765, 766, 767, 768, 769 ,
770, 771, 772, 773, 774, 775, 776, 777, 778, 779 ,
780, 781, 782, 783, 784, 785, 786, 787, 788, 789 ,
790, 791, 792, 793, 794, 795, 796, 797, 798, 799 ,
800, 801, 802, 803, 804, 805, 806, 807, 808, 809 ,
810, 811, 812, 813, 814, 815, 816, 817, 818, 819 ,
820, 821, 822, 823, 824, 825, 826, 827, 828, 829 ,
830, 831, 832, 833, 834, 835, 836, 837, 838, 839 ,
840, 841, 842, 843, 844, 845, 846, 847, 848, 849 ,
850, 851, 852, 853, 854, 855, 856, 857, 858, 859 ,
860, 861, 862, 863, 864, 865, 866, 867, 868, 869 ,
870, 871, 872, 873, 874, 875, 876, 877, 878, 879 ,
880, 881, 882, 883, 884, 885, 886, 887, 888, 889 ,
890, 891, 892, 893, 894, 895, 896, 897, 898, 899 ,
900, 901, 902, 903, 904, 905, 906, 907, 908, 909 ,
910, 911, 912, 913, 914, 915, 916, 917, 918, 919 ,
920, 921, 922, 923, 924, 925, 926, 927, 928, 929 ,
930, 931, 932, 933, 934, 935, 936, 937, 938, 939 ,
940, 941, 942, 943, 944, 945, 946, 947, 948, 949 ,
950, 951, 952, 953, 954, 955, 956, 957, 958, 959 ,
960, 961, 962, 963, 964, 965, 966, 967, 968, 969 ,
970, 971, 972, 973, 974, 975, 976, 977, 978, 979 ,
980, 981, 982, 983, 984, 985, 986, 987, 988, 989 ,
990, 991, 992, 993, 994, 995, 996, 997, 998, 999 ,
])

f_ideal_1000 = np.array([
-2.16949171 ,
])

===== Memory usage =====
[n_truc=1000, tg=11] Peak RSS: 10.35 GB
[n_truc=1000, tg=11] Peak PSS: 2.36 GB

Current China Time: 2026-08-04 08:12:01.431779+08:00

============================================================


----- n_truc=1000, tg=12 -----

hspace_select (len=1000) = np.array([
'0-0', '0-1', '1-0', '0-2', '2-0', '0-4', '4-0', '1-1', '0-5', '2-1' ,
'5-0', '1-2', '0-8', '2-2', '8-0', '1-4', '4-1', '0-9', '2-4', '9-0' ,
'1-5', '5-1', '4-2', '0-12', '2-5', '1-8', '5-2', '12-0', '0-13', '0-16' ,
'8-1', '4-4', '13-0', '15-0', '2-8', '1-9', '9-1', '8-2', '5-4', '4-5' ,
'0-18', '2-9', '1-12', '0-20', '18-0', '0-21', '9-2', '12-1', '5-5', '0-24' ,
'4-8', '1-13', '20-0', '8-4', '1-16', '22-0', '2-12', '13-1', '24-0', '0-25' ,
'15-1', '0-26', '5-8', '4-9', '12-2', '2-13', '9-4', '2-16', '8-5', '13-2' ,
'25-0', '26-0', '1-18', '15-2', '0-28', '28-0', '5-9', '4-12', '0-30', '18-1' ,
'9-5', '12-4', '1-20', '1-21', '0-33', '8-8', '0-34', '0-35', '1-24', '2-18' ,
'0-36', '20-1', '4-13', '22-1', '4-16', '30-0', '13-4', '5-12', '15-4', '24-1' ,
'33-0', '18-2', '2-20', '2-21', '34-0', '8-9', '35-0', '1-25', '9-8', '1-26' ,
'0-39', '2-24', '12-5', '37-0', '5-13', '20-2', '5-16', '22-2', '13-5', '25-1' ,
'0-42', '24-2', '26-1', '15-5', '39-0', '2-25', '4-18', '2-26', '9-9', '8-12' ,
'28-1', '1-28', '18-4', '0-44', '41-0', '12-8', '1-30', '4-20', '0-45', '4-21' ,
'0-46', '25-2', '13-8', '1-33', '8-13', '20-4', '8-16', '22-4', '4-24', '26-2' ,
'5-18', '1-34', '15-8', '1-35', '30-1', '2-28', '1-36', '28-2', '9-12', '24-4' ,
'44-0', '12-9', '33-1', '45-0', '2-30', '18-5', '0-52', '0-53', '46-0', '34-1' ,
'5-20', '35-1', '5-21', '4-25', '4-26', '2-33', '13-9', '9-13', '1-39', '5-24' ,
'37-1', '9-16', '2-34', '2-35', '0-54', '20-5', '22-5', '2-36', '50-0', '51-0' ,
'30-2', '15-9', '25-4', '0-55', '26-4', '8-18', '24-5', '12-12', '39-1', '33-2' ,
'0-57', '1-42', '18-8', '34-2', '5-25', '28-4', '35-2', '54-0', '0-59', '5-26' ,
'4-28', '2-39', '41-1', '13-12', '37-2', '8-20', '0-60', '8-21', '12-16', '1-44' ,
'12-13', '20-8', '4-30', '56-0', '22-8', '25-5', '8-24', '1-45', '9-18', '15-12' ,
'26-5', '1-46', '0-64', '2-42', '4-33', '30-4', '24-8', '39-2', '58-0', '13-13' ,
'18-9', '4-34', '4-35', '0-65', '4-36', '13-16', '28-5', '59-0', '5-28', '33-4' ,
'15-13', '44-1', '60-0', '34-4', '41-2', '9-20', '2-44', '9-21', '45-1', '15-16' ,
'35-4', '8-25', '46-1', '5-30', '20-9', '8-26', '1-52', '1-53', '22-9', '2-45' ,
'64-0', '9-24', '0-66', '37-4', '2-46', '25-8', '5-33', '4-39', '0-69', '65-0' ,
'26-8', '0-70', '30-5', '5-34', '24-9', '5-35', '12-18', '50-1', '1-54', '51-1' ,
'5-36', '18-12', '28-8', '44-2', '1-55', '33-5', '39-4', '0-73', '45-2', '9-25' ,
'0-76', '34-5', '4-42', '46-2', '2-52', '2-53', '35-5', '0-77', '13-18', '9-26' ,
'12-20', '20-12', '1-57', '22-12', '54-1', '66-0', '8-28', '12-21', '18-13', '41-4' ,
'69-0', '25-9', '37-5', '0-78', '70-0', '5-39', '1-59', '12-24', '8-30', '18-16' ,
'15-18', '2-54', '26-9', '4-44', '24-12', '1-60', '50-2', '56-1', '51-2', '74-0' ,
'0-81', '13-20', '30-8', '13-21', '75-0', '20-13', '28-9', '2-55', '8-33', '4-45' ,
'77-0', '22-13', '8-34', '13-24', '8-35', '20-16', '39-5', '15-20', '33-8', '4-46' ,
'5-42', '8-36', '58-1', '2-57', '15-21', '22-16', '1-64', '34-8', '35-8', '9-28' ,
'54-2', '15-24', '24-13', '59-1', '12-25', '1-65', '44-4', '2-59', '45-4', '24-16' ,
'41-5', '0-82', '12-26', '60-1', '46-4', '79-0', '9-30', '0-83', '81-0', '37-8' ,
'25-12', '2-60', '5-44', '0-86', '26-12', '56-2', '13-25', '4-52', '30-9', '4-53' ,
'64-1', '8-39', '9-33', '5-45', '13-26', '18-18', '9-34', '28-12', '65-1', '1-66' ,
'9-35', '5-46', '50-4', '2-64', '15-25', '9-36', '51-4', '58-2', '33-9', '25-13' ,
'1-69', '39-8', '15-26', '4-54', '35-9', '34-9', '1-70', '2-65', '25-16', '59-2' ,
'26-13', '0-89', '18-20', '12-28', '20-18', '0-90', '84-0', '44-5', '26-16', '18-21' ,
'60-2', '45-5', '4-55', '8-42', '41-8', '85-0', '46-5', '22-18', '37-9', '54-4' ,
'28-13', '1-73', '12-30', '28-16', '18-24', '86-0', '5-52', '5-53', '66-1', '4-57' ,
'1-76', '64-2', '9-39', '1-77', '24-18', '30-12', '0-92', '13-28', '0-93', '69-1' ,
'2-66', '20-21', '12-33', '20-20', '70-1', '4-59', '65-2', '2-69', '56-4', '8-44' ,
'33-12', '20-24', '1-78', '2-70', '50-5', '12-35', '12-34', '22-20', '39-9', '51-5' ,
'15-28', '5-54', '13-30', '4-60', '34-12', '74-1', '35-12', '12-36', '89-0', '8-45' ,
'24-21', '75-1', '90-0', '1-81', '8-46', '22-24', '77-1', '18-25', '0-97', '24-20' ,
'30-13', '0-98', '44-8', '58-4', '5-55', '9-42', '13-33', '0-100', '25-18', '41-9' ,
'2-73', '15-30', '45-8', '18-26', '59-4', '2-76', '37-12', '93-0', '92-0', '54-5' ,
'13-34', '4-64', '13-35', '2-77', '30-16', '24-24', '5-57', '46-8', '33-13', '66-2' ,
'13-36', '0-102', '0-103', '60-4', '34-16', '26-18', '4-65', '15-33', '34-13', '69-2' ,
'20-25', '5-59', '35-13', '70-2', '79-1', '22-25', '2-78', '9-44', '81-1', '12-39' ,
'15-35', '33-16', '15-34', '1-82', '8-52', '15-36', '35-16', '28-18', '8-53', '64-4' ,
'9-45', '56-5', '5-60', '1-83', '51-8', '20-26', '74-2', '39-12', '50-8', '2-81' ,
'25-20', '22-26', '5-64', '37-13', '25-21', '98-0', '99-0', '75-2', '1-86', '9-46' ,
'0-105', '37-16', '26-21', '0-106', '100-0', '77-2', '65-4', '26-20', '24-25', '13-39' ,
'4-66', '44-9', '58-5', '8-54', '24-26', '18-28', '45-9', '102-0', '101-0', '25-24' ,
'4-69', '46-9', '41-12', '12-42', '28-20', '20-28', '28-21', '4-70', '26-24', '59-5' ,
'54-8', '15-39', '5-65', '18-30', '8-55', '0-109', '39-13', '84-1', '60-5', '39-16' ,
'2-82', '1-89', '30-18', '79-2', '28-24', '1-90', '85-1', '81-2', '2-83', '8-57' ,
'66-4', '9-53', '9-52', '13-42', '18-33', '0-111', '0-112', '4-73', '20-30', '12-44' ,
'64-5', '22-28', '86-1', '56-8', '33-18', '69-4', '41-13', '25-25', '105-0', '2-86' ,
'4-76', '106-0', '51-9', '18-34', '18-35', '50-9', '8-59', '4-77', '70-4', '25-26' ,
'34-18', '41-16', '26-25', '12-45', '35-18', '15-42', '18-36', '5-66', '30-21', '65-5' ,
'22-30', '35-20', '1-93', '1-92', '9-54', '24-28', '8-60', '26-26', '74-4', '44-12' ,
'45-12', '12-46', '30-20', '4-78', '5-69', '75-4', '58-8', '0-114', '13-44', '5-70' ,
'28-25', '30-24', '20-34', '24-30', '20-35', '46-12', '77-4', '37-18', '89-1', '34-21' ,
'54-9', '28-26', '90-1', '35-21', '9-55', '22-33', '109-0', '4-81', '2-89', '59-8' ,
'84-2', '13-45', '2-90', '0-116', '20-33', '60-8', '15-44', '13-46', '8-64', '33-20' ,
'85-2', '9-57', '20-36', '110-0', '111-0', '1-97', '1-98', '24-33', '34-20', '5-73' ,
'22-36', '93-1', '92-1', '8-65', '66-5', '1-100', '22-35', '22-34', '50-12', '44-13' ,
'24-35', '86-2', '12-52', '5-76', '51-12', '18-39', '35-24', '56-9', '12-53', '45-13' ,
'5-77', '37-21', '9-59', '15-45', '69-5', '64-8', '46-13', '79-4', '0-121', '39-18' ,
'44-16', '25-28', '70-5', '15-46', '2-92', '37-20', '33-24', '81-4', '2-93', '24-36' ,
'1-102', '24-34', '1-103', '34-24', '26-34', '30-26', '45-16', '9-60', '26-28', '46-16' ,
'65-8', '4-82', '5-78', '30-25', '74-5', '114-0', '58-9', '25-30', '4-83', '37-24' ,
'33-25', '75-5', '12-54', '13-52', '13-53', '116-0', '20-39', '99-1', '98-1', '89-2' ,
'41-18', '22-39', '54-12', '28-28', '26-30', '8-66', '5-81', '90-2', '77-5', '4-86' ,
'18-42', '59-9', '34-26', '100-1', '50-13', '34-25', '51-13', '39-20', '2-97', '12-55' ,
'2-98', '39-21', '9-64', '60-9', '1-105', '8-69', '0-123', '2-100', '25-33', '0-124' ,
'1-106', '35-25', '8-70', '102-1', '101-1', '0-125', '25-34', '25-35', '28-30', '93-2' ,
'92-2', '9-65', '24-39', '15-52', '35-26', '26-33', '56-12', '13-54', '84-4', '0-128' ,
'50-16', '15-53', '33-26', '51-16', '12-57', '39-24', '121-0', '41-20', '66-8', '25-36' ,
'46-18', '2-102', '2-103', '18-44', '64-9', '41-21', '20-42', '85-4', '0-129', '79-5' ,
'69-8', '37-25', '26-36', '54-13', '81-5', '12-59', '8-73', '28-33', '13-55', '1-109' ,
'70-8', '4-89', '9-66', '26-35', '22-42', '37-26', '18-45', '86-4', '4-90', '5-82' ,
'15-54', '8-76', '41-24', '28-34', '0-131', '65-9', '5-83', '28-35', '8-77', '12-60' ,
'54-16', '30-28', '18-46', '44-18', '28-36', '58-12', '105-1', '13-57', '45-18', '106-1' ,
'74-8', '0-132', '24-42', '98-2', '99-2', '1-111', '1-112', '75-8', '5-86', '15-55' ,
'56-13', '123-0', '2-105', '20-45', '100-2', '20-44', '30-30', '77-8', '8-78', '22-44' ,
'2-106', '59-12', '125-0', '39-25', '25-39', '13-59', '9-69', '33-28', '4-92', '60-12' ,
'15-57', '127-0', '4-93', '33-30', '9-70', '20-46', '39-26', '22-46', '102-2', '101-2' ,
'34-28', '89-4', '12-64', '22-45', '128-0', '56-16', '26-39', '90-4', '35-28', '45-21' ,
'44-21', '0-135', '13-60', '34-30', '30-34', '8-81', '30-35', '129-0', '35-30', '84-5' ,
'66-9', '12-65', '15-59', '41-25', '1-114', '0-136', '50-18', '58-13', '24-44', '51-18' ,
'44-20', '18-52', '109-1', '18-53', '2-109', '64-12', '24-45', '69-9', '41-26', '28-39' ,
])

index_select (len=1000) = np.array([
0, 1, 2, 3, 4, 5, 6, 7, 8, 9 ,
10, 11, 12, 13, 14, 15, 16, 17, 18, 19 ,
20, 21, 22, 23, 24, 25, 26, 27, 28, 29 ,
30, 31, 32, 33, 34, 35, 36, 37, 38, 39 ,
40, 41, 42, 43, 44, 45, 46, 47, 48, 49 ,
50, 51, 52, 53, 54, 55, 56, 57, 58, 59 ,
60, 61, 62, 63, 64, 65, 66, 67, 68, 69 ,
70, 71, 72, 73, 74, 75, 76, 77, 78, 79 ,
80, 81, 82, 83, 84, 85, 86, 87, 88, 89 ,
90, 91, 92, 93, 94, 95, 96, 97, 98, 99 ,
100, 101, 102, 103, 104, 105, 106, 107, 108, 109 ,
110, 111, 112, 113, 114, 115, 116, 117, 118, 119 ,
120, 121, 122, 123, 124, 125, 126, 127, 128, 129 ,
130, 131, 132, 133, 134, 135, 136, 137, 138, 139 ,
140, 141, 142, 143, 144, 145, 146, 147, 148, 149 ,
150, 151, 152, 153, 154, 155, 156, 157, 158, 159 ,
160, 161, 162, 163, 164, 165, 166, 167, 168, 169 ,
170, 171, 172, 173, 174, 175, 176, 177, 178, 179 ,
180, 181, 182, 183, 184, 185, 186, 187, 188, 189 ,
190, 191, 192, 193, 194, 195, 196, 197, 198, 199 ,
200, 201, 202, 203, 204, 205, 206, 207, 208, 209 ,
210, 211, 212, 213, 214, 215, 216, 217, 218, 219 ,
220, 221, 222, 223, 224, 225, 226, 227, 228, 229 ,
230, 231, 232, 233, 234, 235, 236, 237, 238, 239 ,
240, 241, 242, 243, 244, 245, 246, 247, 248, 249 ,
250, 251, 252, 253, 254, 255, 256, 257, 258, 259 ,
260, 261, 262, 263, 264, 265, 266, 267, 268, 269 ,
270, 271, 272, 273, 274, 275, 276, 277, 278, 279 ,
280, 281, 282, 283, 284, 285, 286, 287, 288, 289 ,
290, 291, 292, 293, 294, 295, 296, 297, 298, 299 ,
300, 301, 302, 303, 304, 305, 306, 307, 308, 309 ,
310, 311, 312, 313, 314, 315, 316, 317, 318, 319 ,
320, 321, 322, 323, 324, 325, 326, 327, 328, 329 ,
330, 331, 332, 333, 334, 335, 336, 337, 338, 339 ,
340, 341, 342, 343, 344, 345, 346, 347, 348, 349 ,
350, 351, 352, 353, 354, 355, 356, 357, 358, 359 ,
360, 361, 362, 363, 364, 365, 366, 367, 368, 369 ,
370, 371, 372, 373, 374, 375, 376, 377, 378, 379 ,
380, 381, 382, 383, 384, 385, 386, 387, 388, 389 ,
390, 391, 392, 393, 394, 395, 396, 397, 398, 399 ,
400, 401, 402, 403, 404, 405, 406, 407, 408, 409 ,
410, 411, 412, 413, 414, 415, 416, 417, 418, 419 ,
420, 421, 422, 423, 424, 425, 426, 427, 428, 429 ,
430, 431, 432, 433, 434, 435, 436, 437, 438, 439 ,
440, 441, 442, 443, 444, 445, 446, 447, 448, 449 ,
450, 451, 452, 453, 454, 455, 456, 457, 458, 459 ,
460, 461, 462, 463, 464, 465, 466, 467, 468, 469 ,
470, 471, 472, 473, 474, 475, 476, 477, 478, 479 ,
480, 481, 482, 483, 484, 485, 486, 487, 488, 489 ,
490, 491, 492, 493, 494, 495, 496, 497, 498, 499 ,
500, 501, 502, 503, 504, 505, 506, 507, 508, 509 ,
510, 511, 512, 513, 514, 515, 516, 517, 518, 519 ,
520, 521, 522, 523, 524, 525, 526, 527, 528, 529 ,
530, 531, 532, 533, 534, 535, 536, 537, 538, 539 ,
540, 541, 542, 543, 544, 545, 546, 547, 548, 549 ,
550, 551, 552, 553, 554, 555, 556, 557, 558, 559 ,
560, 561, 562, 563, 564, 565, 566, 567, 568, 569 ,
570, 571, 572, 573, 574, 575, 576, 577, 578, 579 ,
580, 581, 582, 583, 584, 585, 586, 587, 588, 589 ,
590, 591, 592, 593, 594, 595, 596, 597, 598, 599 ,
600, 601, 602, 603, 604, 605, 606, 607, 608, 609 ,
610, 611, 612, 613, 614, 615, 616, 617, 618, 619 ,
620, 621, 622, 623, 624, 625, 626, 627, 628, 629 ,
630, 631, 632, 633, 634, 635, 636, 637, 638, 639 ,
640, 641, 642, 643, 644, 645, 646, 647, 648, 649 ,
650, 651, 652, 653, 654, 655, 656, 657, 658, 659 ,
660, 661, 662, 663, 664, 665, 666, 667, 668, 669 ,
670, 671, 672, 673, 674, 675, 676, 677, 678, 679 ,
680, 681, 682, 683, 684, 685, 686, 687, 688, 689 ,
690, 691, 692, 693, 694, 695, 696, 697, 698, 699 ,
700, 701, 702, 703, 704, 705, 706, 707, 708, 709 ,
710, 711, 712, 713, 714, 715, 716, 717, 718, 719 ,
720, 721, 722, 723, 724, 725, 726, 727, 728, 729 ,
730, 731, 732, 733, 734, 735, 736, 737, 738, 739 ,
740, 741, 742, 743, 744, 745, 746, 747, 748, 749 ,
750, 751, 752, 753, 754, 755, 756, 757, 758, 759 ,
760, 761, 762, 763, 764, 765, 766, 767, 768, 769 ,
770, 771, 772, 773, 774, 775, 776, 777, 778, 779 ,
780, 781, 782, 783, 784, 785, 786, 787, 788, 789 ,
790, 791, 792, 793, 794, 795, 796, 797, 798, 799 ,
800, 801, 802, 803, 804, 805, 806, 807, 808, 809 ,
810, 811, 812, 813, 814, 815, 816, 817, 818, 819 ,
820, 821, 822, 823, 824, 825, 826, 827, 828, 829 ,
830, 831, 832, 833, 834, 835, 836, 837, 838, 839 ,
840, 841, 842, 843, 844, 845, 846, 847, 848, 849 ,
850, 851, 852, 853, 854, 855, 856, 857, 858, 859 ,
860, 861, 862, 863, 864, 865, 866, 867, 868, 869 ,
870, 871, 872, 873, 874, 875, 876, 877, 878, 879 ,
880, 881, 882, 883, 884, 885, 886, 887, 888, 889 ,
890, 891, 892, 893, 894, 895, 896, 897, 898, 899 ,
900, 901, 902, 903, 904, 905, 906, 907, 908, 909 ,
910, 911, 912, 913, 914, 915, 916, 917, 918, 919 ,
920, 921, 922, 923, 924, 925, 926, 927, 928, 929 ,
930, 931, 932, 933, 934, 935, 936, 937, 938, 939 ,
940, 941, 942, 943, 944, 945, 946, 947, 948, 949 ,
950, 951, 952, 953, 954, 955, 956, 957, 958, 959 ,
960, 961, 962, 963, 964, 965, 966, 967, 968, 969 ,
970, 971, 972, 973, 974, 975, 976, 977, 978, 979 ,
980, 981, 982, 983, 984, 985, 986, 987, 988, 989 ,
990, 991, 992, 993, 994, 995, 996, 997, 998, 999 ,
])

f_ideal_1000 = np.array([
-2.79422688 ,
])

===== Memory usage =====
[n_truc=1000, tg=12] Peak RSS: 10.40 GB
[n_truc=1000, tg=12] Peak PSS: 2.36 GB

Current China Time: 2026-08-04 08:33:27.427147+08:00

============================================================


----- n_truc=1000, tg=13 -----

hspace_select (len=1000) = np.array([
'0-0', '0-1', '1-0', '0-2', '2-0', '0-4', '4-0', '1-1', '0-5', '2-1' ,
'5-0', '1-2', '0-8', '2-2', '8-0', '1-4', '4-1', '0-9', '2-4', '9-0' ,
'1-5', '5-1', '4-2', '0-12', '2-5', '1-8', '5-2', '12-0', '0-13', '0-16' ,
'8-1', '4-4', '13-0', '15-0', '2-8', '1-9', '9-1', '8-2', '5-4', '4-5' ,
'0-18', '2-9', '1-12', '0-20', '18-0', '0-21', '9-2', '12-1', '5-5', '0-24' ,
'4-8', '1-13', '20-0', '8-4', '1-16', '22-0', '2-12', '13-1', '24-0', '0-25' ,
'15-1', '0-26', '5-8', '4-9', '12-2', '2-13', '9-4', '2-16', '8-5', '13-2' ,
'25-0', '26-0', '1-18', '15-2', '0-28', '28-0', '5-9', '4-12', '0-30', '18-1' ,
'9-5', '12-4', '1-20', '1-21', '0-33', '8-8', '0-34', '0-35', '1-24', '2-18' ,
'0-36', '20-1', '4-13', '22-1', '4-16', '30-0', '13-4', '5-12', '15-4', '24-1' ,
'33-0', '18-2', '2-20', '2-21', '34-0', '8-9', '35-0', '1-25', '9-8', '1-26' ,
'0-39', '2-24', '12-5', '37-0', '5-13', '20-2', '5-16', '22-2', '13-5', '25-1' ,
'0-42', '24-2', '26-1', '15-5', '39-0', '2-25', '4-18', '2-26', '9-9', '8-12' ,
'28-1', '1-28', '18-4', '0-44', '41-0', '12-8', '1-30', '4-20', '0-45', '4-21' ,
'0-46', '25-2', '13-8', '1-33', '8-13', '20-4', '8-16', '22-4', '4-24', '26-2' ,
'5-18', '1-34', '15-8', '1-35', '30-1', '2-28', '1-36', '28-2', '9-12', '24-4' ,
'44-0', '12-9', '33-1', '45-0', '2-30', '18-5', '0-52', '0-53', '46-0', '34-1' ,
'5-20', '35-1', '5-21', '4-25', '4-26', '2-33', '13-9', '9-13', '1-39', '5-24' ,
'37-1', '9-16', '2-34', '2-35', '0-54', '20-5', '22-5', '2-36', '50-0', '51-0' ,
'30-2', '15-9', '25-4', '0-55', '26-4', '8-18', '24-5', '12-12', '39-1', '33-2' ,
'0-57', '1-42', '18-8', '34-2', '5-25', '28-4', '35-2', '54-0', '0-59', '5-26' ,
'4-28', '2-39', '41-1', '13-12', '37-2', '8-20', '0-60', '8-21', '12-16', '1-44' ,
'12-13', '20-8', '4-30', '56-0', '22-8', '25-5', '8-24', '1-45', '9-18', '15-12' ,
'26-5', '1-46', '0-64', '2-42', '4-33', '30-4', '24-8', '39-2', '58-0', '13-13' ,
'18-9', '4-34', '4-35', '0-65', '4-36', '13-16', '28-5', '59-0', '5-28', '33-4' ,
'15-13', '44-1', '60-0', '34-4', '41-2', '9-20', '2-44', '9-21', '45-1', '15-16' ,
'35-4', '8-25', '46-1', '5-30', '20-9', '8-26', '1-52', '1-53', '22-9', '2-45' ,
'64-0', '9-24', '0-66', '37-4', '2-46', '25-8', '5-33', '4-39', '0-69', '65-0' ,
'26-8', '0-70', '30-5', '5-34', '24-9', '5-35', '12-18', '50-1', '1-54', '51-1' ,
'5-36', '18-12', '28-8', '44-2', '1-55', '33-5', '39-4', '0-73', '45-2', '9-25' ,
'0-76', '34-5', '4-42', '46-2', '2-52', '2-53', '35-5', '0-77', '13-18', '9-26' ,
'12-20', '20-12', '1-57', '22-12', '54-1', '66-0', '8-28', '12-21', '18-13', '41-4' ,
'69-0', '25-9', '37-5', '0-78', '70-0', '5-39', '1-59', '12-24', '8-30', '18-16' ,
'15-18', '2-54', '26-9', '4-44', '24-12', '1-60', '50-2', '56-1', '51-2', '74-0' ,
'0-81', '13-20', '30-8', '13-21', '75-0', '20-13', '28-9', '2-55', '8-33', '4-45' ,
'77-0', '22-13', '8-34', '13-24', '8-35', '20-16', '39-5', '15-20', '33-8', '4-46' ,
'5-42', '8-36', '58-1', '2-57', '15-21', '22-16', '1-64', '34-8', '35-8', '9-28' ,
'54-2', '15-24', '24-13', '59-1', '12-25', '1-65', '44-4', '2-59', '45-4', '24-16' ,
'41-5', '0-82', '12-26', '60-1', '46-4', '79-0', '9-30', '0-83', '81-0', '37-8' ,
'25-12', '2-60', '5-44', '0-86', '26-12', '56-2', '13-25', '4-52', '30-9', '4-53' ,
'64-1', '8-39', '9-33', '5-45', '13-26', '18-18', '9-34', '28-12', '65-1', '1-66' ,
'9-35', '5-46', '50-4', '2-64', '15-25', '9-36', '51-4', '58-2', '33-9', '25-13' ,
'1-69', '39-8', '15-26', '4-54', '35-9', '34-9', '1-70', '2-65', '25-16', '59-2' ,
'26-13', '0-89', '18-20', '12-28', '20-18', '0-90', '84-0', '44-5', '26-16', '18-21' ,
'60-2', '45-5', '4-55', '8-42', '41-8', '85-0', '46-5', '22-18', '37-9', '54-4' ,
'28-13', '1-73', '12-30', '28-16', '18-24', '86-0', '5-52', '5-53', '66-1', '4-57' ,
'1-76', '64-2', '9-39', '1-77', '24-18', '30-12', '0-92', '13-28', '0-93', '69-1' ,
'2-66', '20-21', '12-33', '20-20', '70-1', '4-59', '65-2', '2-69', '56-4', '8-44' ,
'33-12', '20-24', '1-78', '2-70', '50-5', '12-35', '12-34', '22-20', '39-9', '51-5' ,
'15-28', '5-54', '13-30', '4-60', '34-12', '74-1', '35-12', '12-36', '89-0', '8-45' ,
'24-21', '75-1', '90-0', '1-81', '8-46', '22-24', '77-1', '18-25', '0-97', '24-20' ,
'30-13', '0-98', '44-8', '58-4', '5-55', '9-42', '13-33', '0-100', '25-18', '41-9' ,
'2-73', '15-30', '45-8', '18-26', '59-4', '2-76', '37-12', '93-0', '92-0', '54-5' ,
'13-34', '4-64', '13-35', '2-77', '30-16', '24-24', '5-57', '46-8', '33-13', '66-2' ,
'13-36', '0-102', '0-103', '60-4', '34-16', '26-18', '4-65', '15-33', '34-13', '69-2' ,
'20-25', '5-59', '35-13', '70-2', '79-1', '22-25', '2-78', '9-44', '81-1', '12-39' ,
'15-35', '33-16', '15-34', '1-82', '8-52', '15-36', '35-16', '28-18', '8-53', '64-4' ,
'9-45', '56-5', '5-60', '1-83', '51-8', '20-26', '74-2', '39-12', '50-8', '2-81' ,
'25-20', '22-26', '5-64', '37-13', '25-21', '98-0', '99-0', '75-2', '1-86', '9-46' ,
'0-105', '37-16', '26-21', '0-106', '100-0', '77-2', '65-4', '26-20', '24-25', '13-39' ,
'4-66', '44-9', '58-5', '8-54', '24-26', '18-28', '45-9', '102-0', '101-0', '25-24' ,
'4-69', '46-9', '41-12', '12-42', '28-20', '20-28', '28-21', '4-70', '26-24', '59-5' ,
'54-8', '15-39', '5-65', '18-30', '8-55', '0-109', '39-13', '84-1', '60-5', '39-16' ,
'2-82', '1-89', '30-18', '79-2', '28-24', '1-90', '85-1', '81-2', '2-83', '8-57' ,
'66-4', '9-53', '9-52', '13-42', '18-33', '0-111', '0-112', '4-73', '20-30', '12-44' ,
'64-5', '22-28', '86-1', '56-8', '33-18', '69-4', '41-13', '25-25', '105-0', '2-86' ,
'4-76', '106-0', '51-9', '18-34', '18-35', '50-9', '8-59', '4-77', '70-4', '25-26' ,
'34-18', '41-16', '26-25', '12-45', '35-18', '15-42', '18-36', '5-66', '30-21', '65-5' ,
'22-30', '35-20', '1-93', '1-92', '9-54', '24-28', '8-60', '26-26', '74-4', '44-12' ,
'45-12', '12-46', '30-20', '4-78', '5-69', '75-4', '58-8', '0-114', '13-44', '5-70' ,
'28-25', '30-24', '20-34', '24-30', '20-35', '46-12', '77-4', '37-18', '89-1', '34-21' ,
'54-9', '28-26', '90-1', '35-21', '9-55', '22-33', '109-0', '4-81', '2-89', '59-8' ,
'84-2', '13-45', '2-90', '0-116', '20-33', '60-8', '15-44', '13-46', '8-64', '33-20' ,
'85-2', '9-57', '20-36', '110-0', '111-0', '1-97', '1-98', '24-33', '34-20', '5-73' ,
'22-36', '93-1', '92-1', '8-65', '66-5', '1-100', '22-35', '22-34', '50-12', '44-13' ,
'24-35', '86-2', '12-52', '5-76', '51-12', '18-39', '35-24', '56-9', '12-53', '45-13' ,
'5-77', '37-21', '9-59', '15-45', '69-5', '64-8', '46-13', '79-4', '0-121', '39-18' ,
'44-16', '25-28', '70-5', '15-46', '2-92', '37-20', '33-24', '81-4', '2-93', '24-36' ,
'1-102', '24-34', '1-103', '34-24', '26-34', '30-26', '45-16', '9-60', '26-28', '46-16' ,
'65-8', '4-82', '5-78', '30-25', '74-5', '114-0', '58-9', '25-30', '4-83', '37-24' ,
'33-25', '75-5', '12-54', '13-52', '13-53', '116-0', '20-39', '99-1', '98-1', '89-2' ,
'41-18', '22-39', '54-12', '28-28', '26-30', '8-66', '5-81', '90-2', '77-5', '4-86' ,
'18-42', '59-9', '34-26', '100-1', '50-13', '34-25', '51-13', '39-20', '2-97', '12-55' ,
'2-98', '39-21', '9-64', '60-9', '1-105', '8-69', '0-123', '2-100', '25-33', '0-124' ,
'1-106', '35-25', '8-70', '102-1', '101-1', '0-125', '25-34', '25-35', '28-30', '93-2' ,
'92-2', '9-65', '24-39', '15-52', '35-26', '26-33', '56-12', '13-54', '84-4', '0-128' ,
'50-16', '15-53', '33-26', '51-16', '12-57', '39-24', '121-0', '41-20', '66-8', '25-36' ,
'46-18', '2-102', '2-103', '18-44', '64-9', '41-21', '20-42', '85-4', '0-129', '79-5' ,
'69-8', '37-25', '26-36', '54-13', '81-5', '12-59', '8-73', '28-33', '13-55', '1-109' ,
'70-8', '4-89', '9-66', '26-35', '22-42', '37-26', '18-45', '86-4', '4-90', '5-82' ,
'15-54', '8-76', '41-24', '28-34', '0-131', '65-9', '5-83', '28-35', '8-77', '12-60' ,
'54-16', '30-28', '18-46', '44-18', '28-36', '58-12', '105-1', '13-57', '45-18', '106-1' ,
'74-8', '0-132', '24-42', '98-2', '99-2', '1-111', '1-112', '75-8', '5-86', '15-55' ,
'56-13', '123-0', '2-105', '20-45', '100-2', '20-44', '30-30', '77-8', '8-78', '22-44' ,
'2-106', '59-12', '125-0', '39-25', '25-39', '13-59', '9-69', '33-28', '4-92', '60-12' ,
'15-57', '127-0', '4-93', '33-30', '9-70', '20-46', '39-26', '22-46', '102-2', '101-2' ,
'34-28', '89-4', '12-64', '22-45', '128-0', '56-16', '26-39', '90-4', '35-28', '45-21' ,
'44-21', '0-135', '13-60', '34-30', '30-34', '8-81', '30-35', '129-0', '35-30', '84-5' ,
'66-9', '12-65', '15-59', '41-25', '1-114', '0-136', '50-18', '58-13', '24-44', '51-18' ,
'44-20', '18-52', '109-1', '18-53', '2-109', '64-12', '24-45', '69-9', '41-26', '28-39' ,
])

index_select (len=1000) = np.array([
0, 1, 2, 3, 4, 5, 6, 7, 8, 9 ,
10, 11, 12, 13, 14, 15, 16, 17, 18, 19 ,
20, 21, 22, 23, 24, 25, 26, 27, 28, 29 ,
30, 31, 32, 33, 34, 35, 36, 37, 38, 39 ,
40, 41, 42, 43, 44, 45, 46, 47, 48, 49 ,
50, 51, 52, 53, 54, 55, 56, 57, 58, 59 ,
60, 61, 62, 63, 64, 65, 66, 67, 68, 69 ,
70, 71, 72, 73, 74, 75, 76, 77, 78, 79 ,
80, 81, 82, 83, 84, 85, 86, 87, 88, 89 ,
90, 91, 92, 93, 94, 95, 96, 97, 98, 99 ,
100, 101, 102, 103, 104, 105, 106, 107, 108, 109 ,
110, 111, 112, 113, 114, 115, 116, 117, 118, 119 ,
120, 121, 122, 123, 124, 125, 126, 127, 128, 129 ,
130, 131, 132, 133, 134, 135, 136, 137, 138, 139 ,
140, 141, 142, 143, 144, 145, 146, 147, 148, 149 ,
150, 151, 152, 153, 154, 155, 156, 157, 158, 159 ,
160, 161, 162, 163, 164, 165, 166, 167, 168, 169 ,
170, 171, 172, 173, 174, 175, 176, 177, 178, 179 ,
180, 181, 182, 183, 184, 185, 186, 187, 188, 189 ,
190, 191, 192, 193, 194, 195, 196, 197, 198, 199 ,
200, 201, 202, 203, 204, 205, 206, 207, 208, 209 ,
210, 211, 212, 213, 214, 215, 216, 217, 218, 219 ,
220, 221, 222, 223, 224, 225, 226, 227, 228, 229 ,
230, 231, 232, 233, 234, 235, 236, 237, 238, 239 ,
240, 241, 242, 243, 244, 245, 246, 247, 248, 249 ,
250, 251, 252, 253, 254, 255, 256, 257, 258, 259 ,
260, 261, 262, 263, 264, 265, 266, 267, 268, 269 ,
270, 271, 272, 273, 274, 275, 276, 277, 278, 279 ,
280, 281, 282, 283, 284, 285, 286, 287, 288, 289 ,
290, 291, 292, 293, 294, 295, 296, 297, 298, 299 ,
300, 301, 302, 303, 304, 305, 306, 307, 308, 309 ,
310, 311, 312, 313, 314, 315, 316, 317, 318, 319 ,
320, 321, 322, 323, 324, 325, 326, 327, 328, 329 ,
330, 331, 332, 333, 334, 335, 336, 337, 338, 339 ,
340, 341, 342, 343, 344, 345, 346, 347, 348, 349 ,
350, 351, 352, 353, 354, 355, 356, 357, 358, 359 ,
360, 361, 362, 363, 364, 365, 366, 367, 368, 369 ,
370, 371, 372, 373, 374, 375, 376, 377, 378, 379 ,
380, 381, 382, 383, 384, 385, 386, 387, 388, 389 ,
390, 391, 392, 393, 394, 395, 396, 397, 398, 399 ,
400, 401, 402, 403, 404, 405, 406, 407, 408, 409 ,
410, 411, 412, 413, 414, 415, 416, 417, 418, 419 ,
420, 421, 422, 423, 424, 425, 426, 427, 428, 429 ,
430, 431, 432, 433, 434, 435, 436, 437, 438, 439 ,
440, 441, 442, 443, 444, 445, 446, 447, 448, 449 ,
450, 451, 452, 453, 454, 455, 456, 457, 458, 459 ,
460, 461, 462, 463, 464, 465, 466, 467, 468, 469 ,
470, 471, 472, 473, 474, 475, 476, 477, 478, 479 ,
480, 481, 482, 483, 484, 485, 486, 487, 488, 489 ,
490, 491, 492, 493, 494, 495, 496, 497, 498, 499 ,
500, 501, 502, 503, 504, 505, 506, 507, 508, 509 ,
510, 511, 512, 513, 514, 515, 516, 517, 518, 519 ,
520, 521, 522, 523, 524, 525, 526, 527, 528, 529 ,
530, 531, 532, 533, 534, 535, 536, 537, 538, 539 ,
540, 541, 542, 543, 544, 545, 546, 547, 548, 549 ,
550, 551, 552, 553, 554, 555, 556, 557, 558, 559 ,
560, 561, 562, 563, 564, 565, 566, 567, 568, 569 ,
570, 571, 572, 573, 574, 575, 576, 577, 578, 579 ,
580, 581, 582, 583, 584, 585, 586, 587, 588, 589 ,
590, 591, 592, 593, 594, 595, 596, 597, 598, 599 ,
600, 601, 602, 603, 604, 605, 606, 607, 608, 609 ,
610, 611, 612, 613, 614, 615, 616, 617, 618, 619 ,
620, 621, 622, 623, 624, 625, 626, 627, 628, 629 ,
630, 631, 632, 633, 634, 635, 636, 637, 638, 639 ,
640, 641, 642, 643, 644, 645, 646, 647, 648, 649 ,
650, 651, 652, 653, 654, 655, 656, 657, 658, 659 ,
660, 661, 662, 663, 664, 665, 666, 667, 668, 669 ,
670, 671, 672, 673, 674, 675, 676, 677, 678, 679 ,
680, 681, 682, 683, 684, 685, 686, 687, 688, 689 ,
690, 691, 692, 693, 694, 695, 696, 697, 698, 699 ,
700, 701, 702, 703, 704, 705, 706, 707, 708, 709 ,
710, 711, 712, 713, 714, 715, 716, 717, 718, 719 ,
720, 721, 722, 723, 724, 725, 726, 727, 728, 729 ,
730, 731, 732, 733, 734, 735, 736, 737, 738, 739 ,
740, 741, 742, 743, 744, 745, 746, 747, 748, 749 ,
750, 751, 752, 753, 754, 755, 756, 757, 758, 759 ,
760, 761, 762, 763, 764, 765, 766, 767, 768, 769 ,
770, 771, 772, 773, 774, 775, 776, 777, 778, 779 ,
780, 781, 782, 783, 784, 785, 786, 787, 788, 789 ,
790, 791, 792, 793, 794, 795, 796, 797, 798, 799 ,
800, 801, 802, 803, 804, 805, 806, 807, 808, 809 ,
810, 811, 812, 813, 814, 815, 816, 817, 818, 819 ,
820, 821, 822, 823, 824, 825, 826, 827, 828, 829 ,
830, 831, 832, 833, 834, 835, 836, 837, 838, 839 ,
840, 841, 842, 843, 844, 845, 846, 847, 848, 849 ,
850, 851, 852, 853, 854, 855, 856, 857, 858, 859 ,
860, 861, 862, 863, 864, 865, 866, 867, 868, 869 ,
870, 871, 872, 873, 874, 875, 876, 877, 878, 879 ,
880, 881, 882, 883, 884, 885, 886, 887, 888, 889 ,
890, 891, 892, 893, 894, 895, 896, 897, 898, 899 ,
900, 901, 902, 903, 904, 905, 906, 907, 908, 909 ,
910, 911, 912, 913, 914, 915, 916, 917, 918, 919 ,
920, 921, 922, 923, 924, 925, 926, 927, 928, 929 ,
930, 931, 932, 933, 934, 935, 936, 937, 938, 939 ,
940, 941, 942, 943, 944, 945, 946, 947, 948, 949 ,
950, 951, 952, 953, 954, 955, 956, 957, 958, 959 ,
960, 961, 962, 963, 964, 965, 966, 967, 968, 969 ,
970, 971, 972, 973, 974, 975, 976, 977, 978, 979 ,
980, 981, 982, 983, 984, 985, 986, 987, 988, 989 ,
990, 991, 992, 993, 994, 995, 996, 997, 998, 999 ,
])

f_ideal_1000 = np.array([
-2.30141695 ,
])

===== Memory usage =====
[n_truc=1000, tg=13] Peak RSS: 10.40 GB
[n_truc=1000, tg=13] Peak PSS: 2.40 GB

Current China Time: 2026-08-04 08:45:58.201555+08:00

============================================================


----- n_truc=1000, tg=14 -----

hspace_select (len=1000) = np.array([
'0-0', '0-1', '1-0', '0-2', '2-0', '0-4', '4-0', '1-1', '0-5', '2-1' ,
'5-0', '1-2', '0-8', '2-2', '8-0', '1-4', '4-1', '0-9', '2-4', '9-0' ,
'1-5', '5-1', '4-2', '0-12', '2-5', '1-8', '5-2', '12-0', '0-13', '0-16' ,
'8-1', '4-4', '13-0', '15-0', '2-8', '1-9', '9-1', '8-2', '5-4', '4-5' ,
'0-18', '2-9', '1-12', '0-20', '18-0', '0-21', '9-2', '12-1', '5-5', '0-24' ,
'4-8', '1-13', '20-0', '8-4', '1-16', '22-0', '2-12', '13-1', '24-0', '0-25' ,
'15-1', '0-26', '5-8', '4-9', '12-2', '2-13', '9-4', '2-16', '8-5', '13-2' ,
'25-0', '26-0', '1-18', '15-2', '0-28', '28-0', '5-9', '4-12', '0-30', '18-1' ,
'9-5', '12-4', '1-20', '1-21', '0-33', '8-8', '0-34', '0-35', '1-24', '2-18' ,
'0-36', '20-1', '4-13', '22-1', '4-16', '30-0', '13-4', '5-12', '15-4', '24-1' ,
'33-0', '18-2', '2-20', '2-21', '34-0', '8-9', '35-0', '1-25', '9-8', '1-26' ,
'0-39', '2-24', '12-5', '37-0', '5-13', '20-2', '5-16', '22-2', '13-5', '25-1' ,
'0-42', '24-2', '26-1', '15-5', '39-0', '2-25', '4-18', '2-26', '9-9', '8-12' ,
'28-1', '1-28', '18-4', '0-44', '41-0', '12-8', '1-30', '4-20', '0-45', '4-21' ,
'0-46', '25-2', '13-8', '1-33', '8-13', '20-4', '8-16', '22-4', '4-24', '26-2' ,
'5-18', '1-34', '15-8', '1-35', '30-1', '2-28', '1-36', '28-2', '9-12', '24-4' ,
'44-0', '12-9', '33-1', '45-0', '2-30', '18-5', '0-52', '0-53', '46-0', '34-1' ,
'5-20', '35-1', '5-21', '4-25', '4-26', '2-33', '13-9', '9-13', '1-39', '5-24' ,
'37-1', '9-16', '2-34', '2-35', '0-54', '20-5', '22-5', '2-36', '50-0', '51-0' ,
'30-2', '15-9', '25-4', '0-55', '26-4', '8-18', '24-5', '12-12', '39-1', '33-2' ,
'0-57', '1-42', '18-8', '34-2', '5-25', '28-4', '35-2', '54-0', '0-59', '5-26' ,
'4-28', '2-39', '41-1', '13-12', '37-2', '8-20', '0-60', '8-21', '12-16', '1-44' ,
'12-13', '20-8', '4-30', '56-0', '22-8', '25-5', '8-24', '1-45', '9-18', '15-12' ,
'26-5', '1-46', '0-64', '2-42', '4-33', '30-4', '24-8', '39-2', '58-0', '13-13' ,
'18-9', '4-34', '4-35', '0-65', '4-36', '13-16', '28-5', '59-0', '5-28', '33-4' ,
'15-13', '44-1', '60-0', '34-4', '41-2', '9-20', '2-44', '9-21', '45-1', '15-16' ,
'35-4', '8-25', '46-1', '5-30', '20-9', '8-26', '1-52', '1-53', '22-9', '2-45' ,
'64-0', '9-24', '0-66', '37-4', '2-46', '25-8', '5-33', '4-39', '0-69', '65-0' ,
'26-8', '0-70', '30-5', '5-34', '24-9', '5-35', '12-18', '50-1', '1-54', '51-1' ,
'5-36', '18-12', '28-8', '44-2', '1-55', '33-5', '39-4', '0-73', '45-2', '9-25' ,
'0-76', '34-5', '4-42', '46-2', '2-52', '2-53', '35-5', '0-77', '13-18', '9-26' ,
'12-20', '20-12', '1-57', '22-12', '54-1', '66-0', '8-28', '12-21', '18-13', '41-4' ,
'69-0', '25-9', '37-5', '0-78', '70-0', '5-39', '1-59', '12-24', '8-30', '18-16' ,
'15-18', '2-54', '26-9', '4-44', '24-12', '1-60', '50-2', '56-1', '51-2', '74-0' ,
'0-81', '13-20', '30-8', '13-21', '75-0', '20-13', '28-9', '2-55', '8-33', '4-45' ,
'77-0', '22-13', '8-34', '13-24', '8-35', '20-16', '39-5', '15-20', '33-8', '4-46' ,
'5-42', '8-36', '58-1', '2-57', '15-21', '22-16', '1-64', '34-8', '35-8', '9-28' ,
'54-2', '15-24', '24-13', '59-1', '12-25', '1-65', '44-4', '2-59', '45-4', '24-16' ,
'41-5', '0-82', '12-26', '60-1', '46-4', '79-0', '9-30', '0-83', '81-0', '37-8' ,
'25-12', '2-60', '5-44', '0-86', '26-12', '56-2', '13-25', '4-52', '30-9', '4-53' ,
'64-1', '8-39', '9-33', '5-45', '13-26', '18-18', '9-34', '28-12', '65-1', '1-66' ,
'9-35', '5-46', '50-4', '2-64', '15-25', '9-36', '51-4', '58-2', '33-9', '25-13' ,
'1-69', '39-8', '15-26', '4-54', '35-9', '34-9', '1-70', '2-65', '25-16', '59-2' ,
'26-13', '0-89', '18-20', '12-28', '20-18', '0-90', '84-0', '44-5', '26-16', '18-21' ,
'60-2', '45-5', '4-55', '8-42', '41-8', '85-0', '46-5', '22-18', '37-9', '54-4' ,
'28-13', '1-73', '12-30', '28-16', '18-24', '86-0', '5-52', '5-53', '66-1', '4-57' ,
'1-76', '64-2', '9-39', '1-77', '24-18', '30-12', '0-92', '13-28', '0-93', '69-1' ,
'2-66', '20-21', '12-33', '20-20', '70-1', '4-59', '65-2', '2-69', '56-4', '8-44' ,
'33-12', '20-24', '1-78', '2-70', '50-5', '12-35', '12-34', '22-20', '39-9', '51-5' ,
'15-28', '5-54', '13-30', '4-60', '34-12', '74-1', '35-12', '12-36', '89-0', '8-45' ,
'24-21', '75-1', '90-0', '1-81', '8-46', '22-24', '77-1', '18-25', '0-97', '24-20' ,
'30-13', '0-98', '44-8', '58-4', '5-55', '9-42', '13-33', '0-100', '25-18', '41-9' ,
'2-73', '15-30', '45-8', '18-26', '59-4', '2-76', '37-12', '93-0', '92-0', '54-5' ,
'13-34', '4-64', '13-35', '2-77', '30-16', '24-24', '5-57', '46-8', '33-13', '66-2' ,
'13-36', '0-102', '0-103', '60-4', '34-16', '26-18', '4-65', '15-33', '34-13', '69-2' ,
'20-25', '5-59', '35-13', '70-2', '79-1', '22-25', '2-78', '9-44', '81-1', '12-39' ,
'15-35', '33-16', '15-34', '1-82', '8-52', '15-36', '35-16', '28-18', '8-53', '64-4' ,
'9-45', '56-5', '5-60', '1-83', '51-8', '20-26', '74-2', '39-12', '50-8', '2-81' ,
'25-20', '22-26', '5-64', '37-13', '25-21', '98-0', '99-0', '75-2', '1-86', '9-46' ,
'0-105', '37-16', '26-21', '0-106', '100-0', '77-2', '65-4', '26-20', '24-25', '13-39' ,
'4-66', '44-9', '58-5', '8-54', '24-26', '18-28', '45-9', '102-0', '101-0', '25-24' ,
'4-69', '46-9', '41-12', '12-42', '28-20', '20-28', '28-21', '4-70', '26-24', '59-5' ,
'54-8', '15-39', '5-65', '18-30', '8-55', '0-109', '39-13', '84-1', '60-5', '39-16' ,
'2-82', '1-89', '30-18', '79-2', '28-24', '1-90', '85-1', '81-2', '2-83', '8-57' ,
'66-4', '9-53', '9-52', '13-42', '18-33', '0-111', '0-112', '4-73', '20-30', '12-44' ,
'64-5', '22-28', '86-1', '56-8', '33-18', '69-4', '41-13', '25-25', '105-0', '2-86' ,
'4-76', '106-0', '51-9', '18-34', '18-35', '50-9', '8-59', '4-77', '70-4', '25-26' ,
'34-18', '41-16', '26-25', '12-45', '35-18', '15-42', '18-36', '5-66', '30-21', '65-5' ,
'22-30', '35-20', '1-93', '1-92', '9-54', '24-28', '8-60', '26-26', '74-4', '44-12' ,
'45-12', '12-46', '30-20', '4-78', '5-69', '75-4', '58-8', '0-114', '13-44', '5-70' ,
'28-25', '30-24', '20-34', '24-30', '20-35', '46-12', '77-4', '37-18', '89-1', '34-21' ,
'54-9', '28-26', '90-1', '35-21', '9-55', '22-33', '109-0', '4-81', '2-89', '59-8' ,
'84-2', '13-45', '2-90', '0-116', '20-33', '60-8', '15-44', '13-46', '8-64', '33-20' ,
'85-2', '9-57', '20-36', '110-0', '111-0', '1-97', '1-98', '24-33', '34-20', '5-73' ,
'22-36', '93-1', '92-1', '8-65', '66-5', '1-100', '22-35', '22-34', '50-12', '44-13' ,
'24-35', '86-2', '12-52', '5-76', '51-12', '18-39', '35-24', '56-9', '12-53', '45-13' ,
'5-77', '37-21', '9-59', '15-45', '69-5', '64-8', '46-13', '79-4', '0-121', '39-18' ,
'44-16', '25-28', '70-5', '15-46', '2-92', '37-20', '33-24', '81-4', '2-93', '24-36' ,
'1-102', '24-34', '1-103', '34-24', '26-34', '30-26', '45-16', '9-60', '26-28', '46-16' ,
'65-8', '4-82', '5-78', '30-25', '74-5', '114-0', '58-9', '25-30', '4-83', '37-24' ,
'33-25', '75-5', '12-54', '13-52', '13-53', '116-0', '20-39', '99-1', '98-1', '89-2' ,
'41-18', '22-39', '54-12', '28-28', '26-30', '8-66', '5-81', '90-2', '77-5', '4-86' ,
'18-42', '59-9', '34-26', '100-1', '50-13', '34-25', '51-13', '39-20', '2-97', '12-55' ,
'2-98', '39-21', '9-64', '60-9', '1-105', '8-69', '0-123', '2-100', '25-33', '0-124' ,
'1-106', '35-25', '8-70', '102-1', '101-1', '0-125', '25-34', '25-35', '28-30', '93-2' ,
'92-2', '9-65', '24-39', '15-52', '35-26', '26-33', '56-12', '13-54', '84-4', '0-128' ,
'50-16', '15-53', '33-26', '51-16', '12-57', '39-24', '121-0', '41-20', '66-8', '25-36' ,
'46-18', '2-102', '2-103', '18-44', '64-9', '41-21', '20-42', '85-4', '0-129', '79-5' ,
'69-8', '37-25', '26-36', '54-13', '81-5', '12-59', '8-73', '28-33', '13-55', '1-109' ,
'70-8', '4-89', '9-66', '26-35', '22-42', '37-26', '18-45', '86-4', '4-90', '5-82' ,
'15-54', '8-76', '41-24', '28-34', '0-131', '65-9', '5-83', '28-35', '8-77', '12-60' ,
'54-16', '30-28', '18-46', '44-18', '28-36', '58-12', '105-1', '13-57', '45-18', '106-1' ,
'74-8', '0-132', '24-42', '98-2', '99-2', '1-111', '1-112', '75-8', '5-86', '15-55' ,
'56-13', '123-0', '2-105', '20-45', '100-2', '20-44', '30-30', '77-8', '8-78', '22-44' ,
'2-106', '59-12', '125-0', '39-25', '25-39', '13-59', '9-69', '33-28', '4-92', '60-12' ,
'15-57', '127-0', '4-93', '33-30', '9-70', '20-46', '39-26', '22-46', '102-2', '101-2' ,
'34-28', '89-4', '12-64', '22-45', '128-0', '56-16', '26-39', '90-4', '35-28', '45-21' ,
'44-21', '0-135', '13-60', '34-30', '30-34', '8-81', '30-35', '129-0', '35-30', '84-5' ,
'66-9', '12-65', '15-59', '41-25', '1-114', '0-136', '50-18', '58-13', '24-44', '51-18' ,
'44-20', '18-52', '109-1', '18-53', '2-109', '64-12', '24-45', '69-9', '41-26', '28-39' ,
])

index_select (len=1000) = np.array([
0, 1, 2, 3, 4, 5, 6, 7, 8, 9 ,
10, 11, 12, 13, 14, 15, 16, 17, 18, 19 ,
20, 21, 22, 23, 24, 25, 26, 27, 28, 29 ,
30, 31, 32, 33, 34, 35, 36, 37, 38, 39 ,
40, 41, 42, 43, 44, 45, 46, 47, 48, 49 ,
50, 51, 52, 53, 54, 55, 56, 57, 58, 59 ,
60, 61, 62, 63, 64, 65, 66, 67, 68, 69 ,
70, 71, 72, 73, 74, 75, 76, 77, 78, 79 ,
80, 81, 82, 83, 84, 85, 86, 87, 88, 89 ,
90, 91, 92, 93, 94, 95, 96, 97, 98, 99 ,
100, 101, 102, 103, 104, 105, 106, 107, 108, 109 ,
110, 111, 112, 113, 114, 115, 116, 117, 118, 119 ,
120, 121, 122, 123, 124, 125, 126, 127, 128, 129 ,
130, 131, 132, 133, 134, 135, 136, 137, 138, 139 ,
140, 141, 142, 143, 144, 145, 146, 147, 148, 149 ,
150, 151, 152, 153, 154, 155, 156, 157, 158, 159 ,
160, 161, 162, 163, 164, 165, 166, 167, 168, 169 ,
170, 171, 172, 173, 174, 175, 176, 177, 178, 179 ,
180, 181, 182, 183, 184, 185, 186, 187, 188, 189 ,
190, 191, 192, 193, 194, 195, 196, 197, 198, 199 ,
200, 201, 202, 203, 204, 205, 206, 207, 208, 209 ,
210, 211, 212, 213, 214, 215, 216, 217, 218, 219 ,
220, 221, 222, 223, 224, 225, 226, 227, 228, 229 ,
230, 231, 232, 233, 234, 235, 236, 237, 238, 239 ,
240, 241, 242, 243, 244, 245, 246, 247, 248, 249 ,
250, 251, 252, 253, 254, 255, 256, 257, 258, 259 ,
260, 261, 262, 263, 264, 265, 266, 267, 268, 269 ,
270, 271, 272, 273, 274, 275, 276, 277, 278, 279 ,
280, 281, 282, 283, 284, 285, 286, 287, 288, 289 ,
290, 291, 292, 293, 294, 295, 296, 297, 298, 299 ,
300, 301, 302, 303, 304, 305, 306, 307, 308, 309 ,
310, 311, 312, 313, 314, 315, 316, 317, 318, 319 ,
320, 321, 322, 323, 324, 325, 326, 327, 328, 329 ,
330, 331, 332, 333, 334, 335, 336, 337, 338, 339 ,
340, 341, 342, 343, 344, 345, 346, 347, 348, 349 ,
350, 351, 352, 353, 354, 355, 356, 357, 358, 359 ,
360, 361, 362, 363, 364, 365, 366, 367, 368, 369 ,
370, 371, 372, 373, 374, 375, 376, 377, 378, 379 ,
380, 381, 382, 383, 384, 385, 386, 387, 388, 389 ,
390, 391, 392, 393, 394, 395, 396, 397, 398, 399 ,
400, 401, 402, 403, 404, 405, 406, 407, 408, 409 ,
410, 411, 412, 413, 414, 415, 416, 417, 418, 419 ,
420, 421, 422, 423, 424, 425, 426, 427, 428, 429 ,
430, 431, 432, 433, 434, 435, 436, 437, 438, 439 ,
440, 441, 442, 443, 444, 445, 446, 447, 448, 449 ,
450, 451, 452, 453, 454, 455, 456, 457, 458, 459 ,
460, 461, 462, 463, 464, 465, 466, 467, 468, 469 ,
470, 471, 472, 473, 474, 475, 476, 477, 478, 479 ,
480, 481, 482, 483, 484, 485, 486, 487, 488, 489 ,
490, 491, 492, 493, 494, 495, 496, 497, 498, 499 ,
500, 501, 502, 503, 504, 505, 506, 507, 508, 509 ,
510, 511, 512, 513, 514, 515, 516, 517, 518, 519 ,
520, 521, 522, 523, 524, 525, 526, 527, 528, 529 ,
530, 531, 532, 533, 534, 535, 536, 537, 538, 539 ,
540, 541, 542, 543, 544, 545, 546, 547, 548, 549 ,
550, 551, 552, 553, 554, 555, 556, 557, 558, 559 ,
560, 561, 562, 563, 564, 565, 566, 567, 568, 569 ,
570, 571, 572, 573, 574, 575, 576, 577, 578, 579 ,
580, 581, 582, 583, 584, 585, 586, 587, 588, 589 ,
590, 591, 592, 593, 594, 595, 596, 597, 598, 599 ,
600, 601, 602, 603, 604, 605, 606, 607, 608, 609 ,
610, 611, 612, 613, 614, 615, 616, 617, 618, 619 ,
620, 621, 622, 623, 624, 625, 626, 627, 628, 629 ,
630, 631, 632, 633, 634, 635, 636, 637, 638, 639 ,
640, 641, 642, 643, 644, 645, 646, 647, 648, 649 ,
650, 651, 652, 653, 654, 655, 656, 657, 658, 659 ,
660, 661, 662, 663, 664, 665, 666, 667, 668, 669 ,
670, 671, 672, 673, 674, 675, 676, 677, 678, 679 ,
680, 681, 682, 683, 684, 685, 686, 687, 688, 689 ,
690, 691, 692, 693, 694, 695, 696, 697, 698, 699 ,
700, 701, 702, 703, 704, 705, 706, 707, 708, 709 ,
710, 711, 712, 713, 714, 715, 716, 717, 718, 719 ,
720, 721, 722, 723, 724, 725, 726, 727, 728, 729 ,
730, 731, 732, 733, 734, 735, 736, 737, 738, 739 ,
740, 741, 742, 743, 744, 745, 746, 747, 748, 749 ,
750, 751, 752, 753, 754, 755, 756, 757, 758, 759 ,
760, 761, 762, 763, 764, 765, 766, 767, 768, 769 ,
770, 771, 772, 773, 774, 775, 776, 777, 778, 779 ,
780, 781, 782, 783, 784, 785, 786, 787, 788, 789 ,
790, 791, 792, 793, 794, 795, 796, 797, 798, 799 ,
800, 801, 802, 803, 804, 805, 806, 807, 808, 809 ,
810, 811, 812, 813, 814, 815, 816, 817, 818, 819 ,
820, 821, 822, 823, 824, 825, 826, 827, 828, 829 ,
830, 831, 832, 833, 834, 835, 836, 837, 838, 839 ,
840, 841, 842, 843, 844, 845, 846, 847, 848, 849 ,
850, 851, 852, 853, 854, 855, 856, 857, 858, 859 ,
860, 861, 862, 863, 864, 865, 866, 867, 868, 869 ,
870, 871, 872, 873, 874, 875, 876, 877, 878, 879 ,
880, 881, 882, 883, 884, 885, 886, 887, 888, 889 ,
890, 891, 892, 893, 894, 895, 896, 897, 898, 899 ,
900, 901, 902, 903, 904, 905, 906, 907, 908, 909 ,
910, 911, 912, 913, 914, 915, 916, 917, 918, 919 ,
920, 921, 922, 923, 924, 925, 926, 927, 928, 929 ,
930, 931, 932, 933, 934, 935, 936, 937, 938, 939 ,
940, 941, 942, 943, 944, 945, 946, 947, 948, 949 ,
950, 951, 952, 953, 954, 955, 956, 957, 958, 959 ,
960, 961, 962, 963, 964, 965, 966, 967, 968, 969 ,
970, 971, 972, 973, 974, 975, 976, 977, 978, 979 ,
980, 981, 982, 983, 984, 985, 986, 987, 988, 989 ,
990, 991, 992, 993, 994, 995, 996, 997, 998, 999 ,
])

f_ideal_1000 = np.array([
-2.00387113 ,
])

===== Memory usage =====
[n_truc=1000, tg=14] Peak RSS: 10.40 GB
[n_truc=1000, tg=14] Peak PSS: 2.37 GB

Current China Time: 2026-08-04 08:58:12.043646+08:00

============================================================


----- n_truc=1000, tg=15 -----

hspace_select (len=1000) = np.array([
'0-0', '0-1', '1-0', '0-2', '2-0', '0-4', '4-0', '1-1', '0-5', '2-1' ,
'5-0', '1-2', '0-8', '2-2', '8-0', '1-4', '4-1', '0-9', '2-4', '9-0' ,
'1-5', '5-1', '4-2', '0-12', '2-5', '1-8', '5-2', '12-0', '0-13', '0-16' ,
'8-1', '4-4', '13-0', '15-0', '2-8', '1-9', '9-1', '8-2', '5-4', '4-5' ,
'0-18', '2-9', '1-12', '0-20', '18-0', '0-21', '9-2', '12-1', '5-5', '0-24' ,
'4-8', '1-13', '20-0', '8-4', '1-16', '22-0', '2-12', '13-1', '24-0', '0-25' ,
'15-1', '0-26', '5-8', '4-9', '12-2', '2-13', '9-4', '2-16', '8-5', '13-2' ,
'25-0', '26-0', '1-18', '15-2', '0-28', '28-0', '5-9', '4-12', '0-30', '18-1' ,
'9-5', '12-4', '1-20', '1-21', '0-33', '8-8', '0-34', '0-35', '1-24', '2-18' ,
'0-36', '20-1', '4-13', '22-1', '4-16', '30-0', '13-4', '5-12', '15-4', '24-1' ,
'33-0', '18-2', '2-20', '2-21', '34-0', '8-9', '35-0', '1-25', '9-8', '1-26' ,
'0-39', '2-24', '12-5', '37-0', '5-13', '20-2', '5-16', '22-2', '13-5', '25-1' ,
'0-42', '24-2', '26-1', '15-5', '39-0', '2-25', '4-18', '2-26', '9-9', '8-12' ,
'28-1', '1-28', '18-4', '0-44', '41-0', '12-8', '1-30', '4-20', '0-45', '4-21' ,
'0-46', '25-2', '13-8', '1-33', '8-13', '20-4', '8-16', '22-4', '4-24', '26-2' ,
'5-18', '1-34', '15-8', '1-35', '30-1', '2-28', '1-36', '28-2', '9-12', '24-4' ,
'44-0', '12-9', '33-1', '45-0', '2-30', '18-5', '0-52', '0-53', '46-0', '34-1' ,
'5-20', '35-1', '5-21', '4-25', '4-26', '2-33', '13-9', '9-13', '1-39', '5-24' ,
'37-1', '9-16', '2-34', '2-35', '0-54', '20-5', '22-5', '2-36', '50-0', '51-0' ,
'30-2', '15-9', '25-4', '0-55', '26-4', '8-18', '24-5', '12-12', '39-1', '33-2' ,
'0-57', '1-42', '18-8', '34-2', '5-25', '28-4', '35-2', '54-0', '0-59', '5-26' ,
'4-28', '2-39', '41-1', '13-12', '37-2', '8-20', '0-60', '8-21', '12-16', '1-44' ,
'12-13', '20-8', '4-30', '56-0', '22-8', '25-5', '8-24', '1-45', '9-18', '15-12' ,
'26-5', '1-46', '0-64', '2-42', '4-33', '30-4', '24-8', '39-2', '58-0', '13-13' ,
'18-9', '4-34', '4-35', '0-65', '4-36', '13-16', '28-5', '59-0', '5-28', '33-4' ,
'15-13', '44-1', '60-0', '34-4', '41-2', '9-20', '2-44', '9-21', '45-1', '15-16' ,
'35-4', '8-25', '46-1', '5-30', '20-9', '8-26', '1-52', '1-53', '22-9', '2-45' ,
'64-0', '9-24', '0-66', '37-4', '2-46', '25-8', '5-33', '4-39', '0-69', '65-0' ,
'26-8', '0-70', '30-5', '5-34', '24-9', '5-35', '12-18', '50-1', '1-54', '51-1' ,
'5-36', '18-12', '28-8', '44-2', '1-55', '33-5', '39-4', '0-73', '45-2', '9-25' ,
'0-76', '34-5', '4-42', '46-2', '2-52', '2-53', '35-5', '0-77', '13-18', '9-26' ,
'12-20', '20-12', '1-57', '22-12', '54-1', '66-0', '8-28', '12-21', '18-13', '41-4' ,
'69-0', '25-9', '37-5', '0-78', '70-0', '5-39', '1-59', '12-24', '8-30', '18-16' ,
'15-18', '2-54', '26-9', '4-44', '24-12', '1-60', '50-2', '56-1', '51-2', '74-0' ,
'0-81', '13-20', '30-8', '13-21', '75-0', '20-13', '28-9', '2-55', '8-33', '4-45' ,
'77-0', '22-13', '8-34', '13-24', '8-35', '20-16', '39-5', '15-20', '33-8', '4-46' ,
'5-42', '8-36', '58-1', '2-57', '15-21', '22-16', '1-64', '34-8', '35-8', '9-28' ,
'54-2', '15-24', '24-13', '59-1', '12-25', '1-65', '44-4', '2-59', '45-4', '24-16' ,
'41-5', '0-82', '12-26', '60-1', '46-4', '79-0', '9-30', '0-83', '81-0', '37-8' ,
'25-12', '2-60', '5-44', '0-86', '26-12', '56-2', '13-25', '4-52', '30-9', '4-53' ,
'64-1', '8-39', '9-33', '5-45', '13-26', '18-18', '9-34', '28-12', '65-1', '1-66' ,
'9-35', '5-46', '50-4', '2-64', '15-25', '9-36', '51-4', '58-2', '33-9', '25-13' ,
'1-69', '39-8', '15-26', '4-54', '35-9', '34-9', '1-70', '2-65', '25-16', '59-2' ,
'26-13', '0-89', '18-20', '12-28', '20-18', '0-90', '84-0', '44-5', '26-16', '18-21' ,
'60-2', '45-5', '4-55', '8-42', '41-8', '85-0', '46-5', '22-18', '37-9', '54-4' ,
'28-13', '1-73', '12-30', '28-16', '18-24', '86-0', '5-52', '5-53', '66-1', '4-57' ,
'1-76', '64-2', '9-39', '1-77', '24-18', '30-12', '0-92', '13-28', '0-93', '69-1' ,
'2-66', '20-21', '12-33', '20-20', '70-1', '4-59', '65-2', '2-69', '56-4', '8-44' ,
'33-12', '20-24', '1-78', '2-70', '50-5', '12-35', '12-34', '22-20', '39-9', '51-5' ,
'15-28', '5-54', '13-30', '4-60', '34-12', '74-1', '35-12', '12-36', '89-0', '8-45' ,
'24-21', '75-1', '90-0', '1-81', '8-46', '22-24', '77-1', '18-25', '0-97', '24-20' ,
'30-13', '0-98', '44-8', '58-4', '5-55', '9-42', '13-33', '0-100', '25-18', '41-9' ,
'2-73', '15-30', '45-8', '18-26', '59-4', '2-76', '37-12', '93-0', '92-0', '54-5' ,
'13-34', '4-64', '13-35', '2-77', '30-16', '24-24', '5-57', '46-8', '33-13', '66-2' ,
'13-36', '0-102', '0-103', '60-4', '34-16', '26-18', '4-65', '15-33', '34-13', '69-2' ,
'20-25', '5-59', '35-13', '70-2', '79-1', '22-25', '2-78', '9-44', '81-1', '12-39' ,
'15-35', '33-16', '15-34', '1-82', '8-52', '15-36', '35-16', '28-18', '8-53', '64-4' ,
'9-45', '56-5', '5-60', '1-83', '51-8', '20-26', '74-2', '39-12', '50-8', '2-81' ,
'25-20', '22-26', '5-64', '37-13', '25-21', '98-0', '99-0', '75-2', '1-86', '9-46' ,
'0-105', '37-16', '26-21', '0-106', '100-0', '77-2', '65-4', '26-20', '24-25', '13-39' ,
'4-66', '44-9', '58-5', '8-54', '24-26', '18-28', '45-9', '102-0', '101-0', '25-24' ,
'4-69', '46-9', '41-12', '12-42', '28-20', '20-28', '28-21', '4-70', '26-24', '59-5' ,
'54-8', '15-39', '5-65', '18-30', '8-55', '0-109', '39-13', '84-1', '60-5', '39-16' ,
'2-82', '1-89', '30-18', '79-2', '28-24', '1-90', '85-1', '81-2', '2-83', '8-57' ,
'66-4', '9-53', '9-52', '13-42', '18-33', '0-111', '0-112', '4-73', '20-30', '12-44' ,
'64-5', '22-28', '86-1', '56-8', '33-18', '69-4', '41-13', '25-25', '105-0', '2-86' ,
'4-76', '106-0', '51-9', '18-34', '18-35', '50-9', '8-59', '4-77', '70-4', '25-26' ,
'34-18', '41-16', '26-25', '12-45', '35-18', '15-42', '18-36', '5-66', '30-21', '65-5' ,
'22-30', '35-20', '1-93', '1-92', '9-54', '24-28', '8-60', '26-26', '74-4', '44-12' ,
'45-12', '12-46', '30-20', '4-78', '5-69', '75-4', '58-8', '0-114', '13-44', '5-70' ,
'28-25', '30-24', '20-34', '24-30', '20-35', '46-12', '77-4', '37-18', '89-1', '34-21' ,
'54-9', '28-26', '90-1', '35-21', '9-55', '22-33', '109-0', '4-81', '2-89', '59-8' ,
'84-2', '13-45', '2-90', '0-116', '20-33', '60-8', '15-44', '13-46', '8-64', '33-20' ,
'85-2', '9-57', '20-36', '110-0', '111-0', '1-97', '1-98', '24-33', '34-20', '5-73' ,
'22-36', '93-1', '92-1', '8-65', '66-5', '1-100', '22-35', '22-34', '50-12', '44-13' ,
'24-35', '86-2', '12-52', '5-76', '51-12', '18-39', '35-24', '56-9', '12-53', '45-13' ,
'5-77', '37-21', '9-59', '15-45', '69-5', '64-8', '46-13', '79-4', '0-121', '39-18' ,
'44-16', '25-28', '70-5', '15-46', '2-92', '37-20', '33-24', '81-4', '2-93', '24-36' ,
'1-102', '24-34', '1-103', '34-24', '26-34', '30-26', '45-16', '9-60', '26-28', '46-16' ,
'65-8', '4-82', '5-78', '30-25', '74-5', '114-0', '58-9', '25-30', '4-83', '37-24' ,
'33-25', '75-5', '12-54', '13-52', '13-53', '116-0', '20-39', '99-1', '98-1', '89-2' ,
'41-18', '22-39', '54-12', '28-28', '26-30', '8-66', '5-81', '90-2', '77-5', '4-86' ,
'18-42', '59-9', '34-26', '100-1', '50-13', '34-25', '51-13', '39-20', '2-97', '12-55' ,
'2-98', '39-21', '9-64', '60-9', '1-105', '8-69', '0-123', '2-100', '25-33', '0-124' ,
'1-106', '35-25', '8-70', '102-1', '101-1', '0-125', '25-34', '25-35', '28-30', '93-2' ,
'92-2', '9-65', '24-39', '15-52', '35-26', '26-33', '56-12', '13-54', '84-4', '0-128' ,
'50-16', '15-53', '33-26', '51-16', '12-57', '39-24', '121-0', '41-20', '66-8', '25-36' ,
'46-18', '2-102', '2-103', '18-44', '64-9', '41-21', '20-42', '85-4', '0-129', '79-5' ,
'69-8', '37-25', '26-36', '54-13', '81-5', '12-59', '8-73', '28-33', '13-55', '1-109' ,
'70-8', '4-89', '9-66', '26-35', '22-42', '37-26', '18-45', '86-4', '4-90', '5-82' ,
'15-54', '8-76', '41-24', '28-34', '0-131', '65-9', '5-83', '28-35', '8-77', '12-60' ,
'54-16', '30-28', '18-46', '44-18', '28-36', '58-12', '105-1', '13-57', '45-18', '106-1' ,
'74-8', '0-132', '24-42', '98-2', '99-2', '1-111', '1-112', '75-8', '5-86', '15-55' ,
'56-13', '123-0', '2-105', '20-45', '100-2', '20-44', '30-30', '77-8', '8-78', '22-44' ,
'2-106', '59-12', '125-0', '39-25', '25-39', '13-59', '9-69', '33-28', '4-92', '60-12' ,
'15-57', '127-0', '4-93', '33-30', '9-70', '20-46', '39-26', '22-46', '102-2', '101-2' ,
'34-28', '89-4', '12-64', '22-45', '128-0', '56-16', '26-39', '90-4', '35-28', '45-21' ,
'44-21', '0-135', '13-60', '34-30', '30-34', '8-81', '30-35', '129-0', '35-30', '84-5' ,
'66-9', '12-65', '15-59', '41-25', '1-114', '0-136', '50-18', '58-13', '24-44', '51-18' ,
'44-20', '18-52', '109-1', '18-53', '2-109', '64-12', '24-45', '69-9', '41-26', '28-39' ,
])

index_select (len=1000) = np.array([
0, 1, 2, 3, 4, 5, 6, 7, 8, 9 ,
10, 11, 12, 13, 14, 15, 16, 17, 18, 19 ,
20, 21, 22, 23, 24, 25, 26, 27, 28, 29 ,
30, 31, 32, 33, 34, 35, 36, 37, 38, 39 ,
40, 41, 42, 43, 44, 45, 46, 47, 48, 49 ,
50, 51, 52, 53, 54, 55, 56, 57, 58, 59 ,
60, 61, 62, 63, 64, 65, 66, 67, 68, 69 ,
70, 71, 72, 73, 74, 75, 76, 77, 78, 79 ,
80, 81, 82, 83, 84, 85, 86, 87, 88, 89 ,
90, 91, 92, 93, 94, 95, 96, 97, 98, 99 ,
100, 101, 102, 103, 104, 105, 106, 107, 108, 109 ,
110, 111, 112, 113, 114, 115, 116, 117, 118, 119 ,
120, 121, 122, 123, 124, 125, 126, 127, 128, 129 ,
130, 131, 132, 133, 134, 135, 136, 137, 138, 139 ,
140, 141, 142, 143, 144, 145, 146, 147, 148, 149 ,
150, 151, 152, 153, 154, 155, 156, 157, 158, 159 ,
160, 161, 162, 163, 164, 165, 166, 167, 168, 169 ,
170, 171, 172, 173, 174, 175, 176, 177, 178, 179 ,
180, 181, 182, 183, 184, 185, 186, 187, 188, 189 ,
190, 191, 192, 193, 194, 195, 196, 197, 198, 199 ,
200, 201, 202, 203, 204, 205, 206, 207, 208, 209 ,
210, 211, 212, 213, 214, 215, 216, 217, 218, 219 ,
220, 221, 222, 223, 224, 225, 226, 227, 228, 229 ,
230, 231, 232, 233, 234, 235, 236, 237, 238, 239 ,
240, 241, 242, 243, 244, 245, 246, 247, 248, 249 ,
250, 251, 252, 253, 254, 255, 256, 257, 258, 259 ,
260, 261, 262, 263, 264, 265, 266, 267, 268, 269 ,
270, 271, 272, 273, 274, 275, 276, 277, 278, 279 ,
280, 281, 282, 283, 284, 285, 286, 287, 288, 289 ,
290, 291, 292, 293, 294, 295, 296, 297, 298, 299 ,
300, 301, 302, 303, 304, 305, 306, 307, 308, 309 ,
310, 311, 312, 313, 314, 315, 316, 317, 318, 319 ,
320, 321, 322, 323, 324, 325, 326, 327, 328, 329 ,
330, 331, 332, 333, 334, 335, 336, 337, 338, 339 ,
340, 341, 342, 343, 344, 345, 346, 347, 348, 349 ,
350, 351, 352, 353, 354, 355, 356, 357, 358, 359 ,
360, 361, 362, 363, 364, 365, 366, 367, 368, 369 ,
370, 371, 372, 373, 374, 375, 376, 377, 378, 379 ,
380, 381, 382, 383, 384, 385, 386, 387, 388, 389 ,
390, 391, 392, 393, 394, 395, 396, 397, 398, 399 ,
400, 401, 402, 403, 404, 405, 406, 407, 408, 409 ,
410, 411, 412, 413, 414, 415, 416, 417, 418, 419 ,
420, 421, 422, 423, 424, 425, 426, 427, 428, 429 ,
430, 431, 432, 433, 434, 435, 436, 437, 438, 439 ,
440, 441, 442, 443, 444, 445, 446, 447, 448, 449 ,
450, 451, 452, 453, 454, 455, 456, 457, 458, 459 ,
460, 461, 462, 463, 464, 465, 466, 467, 468, 469 ,
470, 471, 472, 473, 474, 475, 476, 477, 478, 479 ,
480, 481, 482, 483, 484, 485, 486, 487, 488, 489 ,
490, 491, 492, 493, 494, 495, 496, 497, 498, 499 ,
500, 501, 502, 503, 504, 505, 506, 507, 508, 509 ,
510, 511, 512, 513, 514, 515, 516, 517, 518, 519 ,
520, 521, 522, 523, 524, 525, 526, 527, 528, 529 ,
530, 531, 532, 533, 534, 535, 536, 537, 538, 539 ,
540, 541, 542, 543, 544, 545, 546, 547, 548, 549 ,
550, 551, 552, 553, 554, 555, 556, 557, 558, 559 ,
560, 561, 562, 563, 564, 565, 566, 567, 568, 569 ,
570, 571, 572, 573, 574, 575, 576, 577, 578, 579 ,
580, 581, 582, 583, 584, 585, 586, 587, 588, 589 ,
590, 591, 592, 593, 594, 595, 596, 597, 598, 599 ,
600, 601, 602, 603, 604, 605, 606, 607, 608, 609 ,
610, 611, 612, 613, 614, 615, 616, 617, 618, 619 ,
620, 621, 622, 623, 624, 625, 626, 627, 628, 629 ,
630, 631, 632, 633, 634, 635, 636, 637, 638, 639 ,
640, 641, 642, 643, 644, 645, 646, 647, 648, 649 ,
650, 651, 652, 653, 654, 655, 656, 657, 658, 659 ,
660, 661, 662, 663, 664, 665, 666, 667, 668, 669 ,
670, 671, 672, 673, 674, 675, 676, 677, 678, 679 ,
680, 681, 682, 683, 684, 685, 686, 687, 688, 689 ,
690, 691, 692, 693, 694, 695, 696, 697, 698, 699 ,
700, 701, 702, 703, 704, 705, 706, 707, 708, 709 ,
710, 711, 712, 713, 714, 715, 716, 717, 718, 719 ,
720, 721, 722, 723, 724, 725, 726, 727, 728, 729 ,
730, 731, 732, 733, 734, 735, 736, 737, 738, 739 ,
740, 741, 742, 743, 744, 745, 746, 747, 748, 749 ,
750, 751, 752, 753, 754, 755, 756, 757, 758, 759 ,
760, 761, 762, 763, 764, 765, 766, 767, 768, 769 ,
770, 771, 772, 773, 774, 775, 776, 777, 778, 779 ,
780, 781, 782, 783, 784, 785, 786, 787, 788, 789 ,
790, 791, 792, 793, 794, 795, 796, 797, 798, 799 ,
800, 801, 802, 803, 804, 805, 806, 807, 808, 809 ,
810, 811, 812, 813, 814, 815, 816, 817, 818, 819 ,
820, 821, 822, 823, 824, 825, 826, 827, 828, 829 ,
830, 831, 832, 833, 834, 835, 836, 837, 838, 839 ,
840, 841, 842, 843, 844, 845, 846, 847, 848, 849 ,
850, 851, 852, 853, 854, 855, 856, 857, 858, 859 ,
860, 861, 862, 863, 864, 865, 866, 867, 868, 869 ,
870, 871, 872, 873, 874, 875, 876, 877, 878, 879 ,
880, 881, 882, 883, 884, 885, 886, 887, 888, 889 ,
890, 891, 892, 893, 894, 895, 896, 897, 898, 899 ,
900, 901, 902, 903, 904, 905, 906, 907, 908, 909 ,
910, 911, 912, 913, 914, 915, 916, 917, 918, 919 ,
920, 921, 922, 923, 924, 925, 926, 927, 928, 929 ,
930, 931, 932, 933, 934, 935, 936, 937, 938, 939 ,
940, 941, 942, 943, 944, 945, 946, 947, 948, 949 ,
950, 951, 952, 953, 954, 955, 956, 957, 958, 959 ,
960, 961, 962, 963, 964, 965, 966, 967, 968, 969 ,
970, 971, 972, 973, 974, 975, 976, 977, 978, 979 ,
980, 981, 982, 983, 984, 985, 986, 987, 988, 989 ,
990, 991, 992, 993, 994, 995, 996, 997, 998, 999 ,
])

f_ideal_1000 = np.array([
-2.22442895 ,
])

===== Memory usage =====
[n_truc=1000, tg=15] Peak RSS: 10.42 GB
[n_truc=1000, tg=15] Peak PSS: 2.38 GB

Current China Time: 2026-08-04 09:23:53.741905+08:00

============================================================


----- n_truc=1000, tg=16 -----

hspace_select (len=1000) = np.array([
'0-0', '0-1', '1-0', '0-2', '2-0', '0-4', '4-0', '1-1', '0-5', '2-1' ,
'5-0', '1-2', '0-8', '2-2', '8-0', '1-4', '4-1', '0-9', '2-4', '9-0' ,
'1-5', '5-1', '4-2', '0-12', '2-5', '1-8', '5-2', '12-0', '0-13', '0-16' ,
'8-1', '4-4', '13-0', '15-0', '2-8', '1-9', '9-1', '8-2', '5-4', '4-5' ,
'0-18', '2-9', '1-12', '0-20', '18-0', '0-21', '9-2', '12-1', '5-5', '0-24' ,
'4-8', '1-13', '20-0', '8-4', '1-16', '22-0', '2-12', '13-1', '24-0', '0-25' ,
'15-1', '0-26', '5-8', '4-9', '12-2', '2-13', '9-4', '2-16', '8-5', '13-2' ,
'25-0', '26-0', '1-18', '15-2', '0-28', '28-0', '5-9', '4-12', '0-30', '18-1' ,
'9-5', '12-4', '1-20', '1-21', '0-33', '8-8', '0-34', '0-35', '1-24', '2-18' ,
'0-36', '20-1', '4-13', '22-1', '4-16', '30-0', '13-4', '5-12', '15-4', '24-1' ,
'33-0', '18-2', '2-20', '2-21', '34-0', '8-9', '35-0', '1-25', '9-8', '1-26' ,
'0-39', '2-24', '12-5', '37-0', '5-13', '20-2', '5-16', '22-2', '13-5', '25-1' ,
'0-42', '24-2', '26-1', '15-5', '39-0', '2-25', '4-18', '2-26', '9-9', '8-12' ,
'28-1', '1-28', '18-4', '0-44', '41-0', '12-8', '1-30', '4-20', '0-45', '4-21' ,
'0-46', '25-2', '13-8', '1-33', '8-13', '20-4', '8-16', '22-4', '4-24', '26-2' ,
'5-18', '1-34', '15-8', '1-35', '30-1', '2-28', '1-36', '28-2', '9-12', '24-4' ,
'44-0', '12-9', '33-1', '45-0', '2-30', '18-5', '0-52', '0-53', '46-0', '34-1' ,
'5-20', '35-1', '5-21', '4-25', '4-26', '2-33', '13-9', '9-13', '1-39', '5-24' ,
'37-1', '9-16', '2-34', '2-35', '0-54', '20-5', '22-5', '2-36', '50-0', '51-0' ,
'30-2', '15-9', '25-4', '0-55', '26-4', '8-18', '24-5', '12-12', '39-1', '33-2' ,
'0-57', '1-42', '18-8', '34-2', '5-25', '28-4', '35-2', '54-0', '0-59', '5-26' ,
'4-28', '2-39', '41-1', '13-12', '37-2', '8-20', '0-60', '8-21', '12-16', '1-44' ,
'12-13', '20-8', '4-30', '56-0', '22-8', '25-5', '8-24', '1-45', '9-18', '15-12' ,
'26-5', '1-46', '0-64', '2-42', '4-33', '30-4', '24-8', '39-2', '58-0', '13-13' ,
'18-9', '4-34', '4-35', '0-65', '4-36', '13-16', '28-5', '59-0', '5-28', '33-4' ,
'15-13', '44-1', '60-0', '34-4', '41-2', '9-20', '2-44', '9-21', '45-1', '15-16' ,
'35-4', '8-25', '46-1', '5-30', '20-9', '8-26', '1-52', '1-53', '22-9', '2-45' ,
'64-0', '9-24', '0-66', '37-4', '2-46', '25-8', '5-33', '4-39', '0-69', '65-0' ,
'26-8', '0-70', '30-5', '5-34', '24-9', '5-35', '12-18', '50-1', '1-54', '51-1' ,
'5-36', '18-12', '28-8', '44-2', '1-55', '33-5', '39-4', '0-73', '45-2', '9-25' ,
'0-76', '34-5', '4-42', '46-2', '2-52', '2-53', '35-5', '0-77', '13-18', '9-26' ,
'12-20', '20-12', '1-57', '22-12', '54-1', '66-0', '8-28', '12-21', '18-13', '41-4' ,
'69-0', '25-9', '37-5', '0-78', '70-0', '5-39', '1-59', '12-24', '8-30', '18-16' ,
'15-18', '2-54', '26-9', '4-44', '24-12', '1-60', '50-2', '56-1', '51-2', '74-0' ,
'0-81', '13-20', '30-8', '13-21', '75-0', '20-13', '28-9', '2-55', '8-33', '4-45' ,
'77-0', '22-13', '8-34', '13-24', '8-35', '20-16', '39-5', '15-20', '33-8', '4-46' ,
'5-42', '8-36', '58-1', '2-57', '15-21', '22-16', '1-64', '34-8', '35-8', '9-28' ,
'54-2', '15-24', '24-13', '59-1', '12-25', '1-65', '44-4', '2-59', '45-4', '24-16' ,
'41-5', '0-82', '12-26', '60-1', '46-4', '79-0', '9-30', '0-83', '81-0', '37-8' ,
'25-12', '2-60', '5-44', '0-86', '26-12', '56-2', '13-25', '4-52', '30-9', '4-53' ,
'64-1', '8-39', '9-33', '5-45', '13-26', '18-18', '9-34', '28-12', '65-1', '1-66' ,
'9-35', '5-46', '50-4', '2-64', '15-25', '9-36', '51-4', '58-2', '33-9', '25-13' ,
'1-69', '39-8', '15-26', '4-54', '35-9', '34-9', '1-70', '2-65', '25-16', '59-2' ,
'26-13', '0-89', '18-20', '12-28', '20-18', '0-90', '84-0', '44-5', '26-16', '18-21' ,
'60-2', '45-5', '4-55', '8-42', '41-8', '85-0', '46-5', '22-18', '37-9', '54-4' ,
'28-13', '1-73', '12-30', '28-16', '18-24', '86-0', '5-52', '5-53', '66-1', '4-57' ,
'1-76', '64-2', '9-39', '1-77', '24-18', '30-12', '0-92', '13-28', '0-93', '69-1' ,
'2-66', '20-21', '12-33', '20-20', '70-1', '4-59', '65-2', '2-69', '56-4', '8-44' ,
'33-12', '20-24', '1-78', '2-70', '50-5', '12-35', '12-34', '22-20', '39-9', '51-5' ,
'15-28', '5-54', '13-30', '4-60', '34-12', '74-1', '35-12', '12-36', '89-0', '8-45' ,
'24-21', '75-1', '90-0', '1-81', '8-46', '22-24', '77-1', '18-25', '0-97', '24-20' ,
'30-13', '0-98', '44-8', '58-4', '5-55', '9-42', '13-33', '0-100', '25-18', '41-9' ,
'2-73', '15-30', '45-8', '18-26', '59-4', '2-76', '37-12', '93-0', '92-0', '54-5' ,
'13-34', '4-64', '13-35', '2-77', '30-16', '24-24', '5-57', '46-8', '33-13', '66-2' ,
'13-36', '0-102', '0-103', '60-4', '34-16', '26-18', '4-65', '15-33', '34-13', '69-2' ,
'20-25', '5-59', '35-13', '70-2', '79-1', '22-25', '2-78', '9-44', '81-1', '12-39' ,
'15-35', '33-16', '15-34', '1-82', '8-52', '15-36', '35-16', '28-18', '8-53', '64-4' ,
'9-45', '56-5', '5-60', '1-83', '51-8', '20-26', '74-2', '39-12', '50-8', '2-81' ,
'25-20', '22-26', '5-64', '37-13', '25-21', '98-0', '99-0', '75-2', '1-86', '9-46' ,
'0-105', '37-16', '26-21', '0-106', '100-0', '77-2', '65-4', '26-20', '24-25', '13-39' ,
'4-66', '44-9', '58-5', '8-54', '24-26', '18-28', '45-9', '102-0', '101-0', '25-24' ,
'4-69', '46-9', '41-12', '12-42', '28-20', '20-28', '28-21', '4-70', '26-24', '59-5' ,
'54-8', '15-39', '5-65', '18-30', '8-55', '0-109', '39-13', '84-1', '60-5', '39-16' ,
'2-82', '1-89', '30-18', '79-2', '28-24', '1-90', '85-1', '81-2', '2-83', '8-57' ,
'66-4', '9-53', '9-52', '13-42', '18-33', '0-111', '0-112', '4-73', '20-30', '12-44' ,
'64-5', '22-28', '86-1', '56-8', '33-18', '69-4', '41-13', '25-25', '105-0', '2-86' ,
'4-76', '106-0', '51-9', '18-34', '18-35', '50-9', '8-59', '4-77', '70-4', '25-26' ,
'34-18', '41-16', '26-25', '12-45', '35-18', '15-42', '18-36', '5-66', '30-21', '65-5' ,
'22-30', '35-20', '1-93', '1-92', '9-54', '24-28', '8-60', '26-26', '74-4', '44-12' ,
'45-12', '12-46', '30-20', '4-78', '5-69', '75-4', '58-8', '0-114', '13-44', '5-70' ,
'28-25', '30-24', '20-34', '24-30', '20-35', '46-12', '77-4', '37-18', '89-1', '34-21' ,
'54-9', '28-26', '90-1', '35-21', '9-55', '22-33', '109-0', '4-81', '2-89', '59-8' ,
'84-2', '13-45', '2-90', '0-116', '20-33', '60-8', '15-44', '13-46', '8-64', '33-20' ,
'85-2', '9-57', '20-36', '110-0', '111-0', '1-97', '1-98', '24-33', '34-20', '5-73' ,
'22-36', '93-1', '92-1', '8-65', '66-5', '1-100', '22-35', '22-34', '50-12', '44-13' ,
'24-35', '86-2', '12-52', '5-76', '51-12', '18-39', '35-24', '56-9', '12-53', '45-13' ,
'5-77', '37-21', '9-59', '15-45', '69-5', '64-8', '46-13', '79-4', '0-121', '39-18' ,
'44-16', '25-28', '70-5', '15-46', '2-92', '37-20', '33-24', '81-4', '2-93', '24-36' ,
'1-102', '24-34', '1-103', '34-24', '26-34', '30-26', '45-16', '9-60', '26-28', '46-16' ,
'65-8', '4-82', '5-78', '30-25', '74-5', '114-0', '58-9', '25-30', '4-83', '37-24' ,
'33-25', '75-5', '12-54', '13-52', '13-53', '116-0', '20-39', '99-1', '98-1', '89-2' ,
'41-18', '22-39', '54-12', '28-28', '26-30', '8-66', '5-81', '90-2', '77-5', '4-86' ,
'18-42', '59-9', '34-26', '100-1', '50-13', '34-25', '51-13', '39-20', '2-97', '12-55' ,
'2-98', '39-21', '9-64', '60-9', '1-105', '8-69', '0-123', '2-100', '25-33', '0-124' ,
'1-106', '35-25', '8-70', '102-1', '101-1', '0-125', '25-34', '25-35', '28-30', '93-2' ,
'92-2', '9-65', '24-39', '15-52', '35-26', '26-33', '56-12', '13-54', '84-4', '0-128' ,
'50-16', '15-53', '33-26', '51-16', '12-57', '39-24', '121-0', '41-20', '66-8', '25-36' ,
'46-18', '2-102', '2-103', '18-44', '64-9', '41-21', '20-42', '85-4', '0-129', '79-5' ,
'69-8', '37-25', '26-36', '54-13', '81-5', '12-59', '8-73', '28-33', '13-55', '1-109' ,
'70-8', '4-89', '9-66', '26-35', '22-42', '37-26', '18-45', '86-4', '4-90', '5-82' ,
'15-54', '8-76', '41-24', '28-34', '0-131', '65-9', '5-83', '28-35', '8-77', '12-60' ,
'54-16', '30-28', '18-46', '44-18', '28-36', '58-12', '105-1', '13-57', '45-18', '106-1' ,
'74-8', '0-132', '24-42', '98-2', '99-2', '1-111', '1-112', '75-8', '5-86', '15-55' ,
'56-13', '123-0', '2-105', '20-45', '100-2', '20-44', '30-30', '77-8', '8-78', '22-44' ,
'2-106', '59-12', '125-0', '39-25', '25-39', '13-59', '9-69', '33-28', '4-92', '60-12' ,
'15-57', '127-0', '4-93', '33-30', '9-70', '20-46', '39-26', '22-46', '102-2', '101-2' ,
'34-28', '89-4', '12-64', '22-45', '128-0', '56-16', '26-39', '90-4', '35-28', '45-21' ,
'44-21', '0-135', '13-60', '34-30', '30-34', '8-81', '30-35', '129-0', '35-30', '84-5' ,
'66-9', '12-65', '15-59', '41-25', '1-114', '0-136', '50-18', '58-13', '24-44', '51-18' ,
'44-20', '18-52', '109-1', '18-53', '2-109', '64-12', '24-45', '69-9', '41-26', '28-39' ,
])

index_select (len=1000) = np.array([
0, 1, 2, 3, 4, 5, 6, 7, 8, 9 ,
10, 11, 12, 13, 14, 15, 16, 17, 18, 19 ,
20, 21, 22, 23, 24, 25, 26, 27, 28, 29 ,
30, 31, 32, 33, 34, 35, 36, 37, 38, 39 ,
40, 41, 42, 43, 44, 45, 46, 47, 48, 49 ,
50, 51, 52, 53, 54, 55, 56, 57, 58, 59 ,
60, 61, 62, 63, 64, 65, 66, 67, 68, 69 ,
70, 71, 72, 73, 74, 75, 76, 77, 78, 79 ,
80, 81, 82, 83, 84, 85, 86, 87, 88, 89 ,
90, 91, 92, 93, 94, 95, 96, 97, 98, 99 ,
100, 101, 102, 103, 104, 105, 106, 107, 108, 109 ,
110, 111, 112, 113, 114, 115, 116, 117, 118, 119 ,
120, 121, 122, 123, 124, 125, 126, 127, 128, 129 ,
130, 131, 132, 133, 134, 135, 136, 137, 138, 139 ,
140, 141, 142, 143, 144, 145, 146, 147, 148, 149 ,
150, 151, 152, 153, 154, 155, 156, 157, 158, 159 ,
160, 161, 162, 163, 164, 165, 166, 167, 168, 169 ,
170, 171, 172, 173, 174, 175, 176, 177, 178, 179 ,
180, 181, 182, 183, 184, 185, 186, 187, 188, 189 ,
190, 191, 192, 193, 194, 195, 196, 197, 198, 199 ,
200, 201, 202, 203, 204, 205, 206, 207, 208, 209 ,
210, 211, 212, 213, 214, 215, 216, 217, 218, 219 ,
220, 221, 222, 223, 224, 225, 226, 227, 228, 229 ,
230, 231, 232, 233, 234, 235, 236, 237, 238, 239 ,
240, 241, 242, 243, 244, 245, 246, 247, 248, 249 ,
250, 251, 252, 253, 254, 255, 256, 257, 258, 259 ,
260, 261, 262, 263, 264, 265, 266, 267, 268, 269 ,
270, 271, 272, 273, 274, 275, 276, 277, 278, 279 ,
280, 281, 282, 283, 284, 285, 286, 287, 288, 289 ,
290, 291, 292, 293, 294, 295, 296, 297, 298, 299 ,
300, 301, 302, 303, 304, 305, 306, 307, 308, 309 ,
310, 311, 312, 313, 314, 315, 316, 317, 318, 319 ,
320, 321, 322, 323, 324, 325, 326, 327, 328, 329 ,
330, 331, 332, 333, 334, 335, 336, 337, 338, 339 ,
340, 341, 342, 343, 344, 345, 346, 347, 348, 349 ,
350, 351, 352, 353, 354, 355, 356, 357, 358, 359 ,
360, 361, 362, 363, 364, 365, 366, 367, 368, 369 ,
370, 371, 372, 373, 374, 375, 376, 377, 378, 379 ,
380, 381, 382, 383, 384, 385, 386, 387, 388, 389 ,
390, 391, 392, 393, 394, 395, 396, 397, 398, 399 ,
400, 401, 402, 403, 404, 405, 406, 407, 408, 409 ,
410, 411, 412, 413, 414, 415, 416, 417, 418, 419 ,
420, 421, 422, 423, 424, 425, 426, 427, 428, 429 ,
430, 431, 432, 433, 434, 435, 436, 437, 438, 439 ,
440, 441, 442, 443, 444, 445, 446, 447, 448, 449 ,
450, 451, 452, 453, 454, 455, 456, 457, 458, 459 ,
460, 461, 462, 463, 464, 465, 466, 467, 468, 469 ,
470, 471, 472, 473, 474, 475, 476, 477, 478, 479 ,
480, 481, 482, 483, 484, 485, 486, 487, 488, 489 ,
490, 491, 492, 493, 494, 495, 496, 497, 498, 499 ,
500, 501, 502, 503, 504, 505, 506, 507, 508, 509 ,
510, 511, 512, 513, 514, 515, 516, 517, 518, 519 ,
520, 521, 522, 523, 524, 525, 526, 527, 528, 529 ,
530, 531, 532, 533, 534, 535, 536, 537, 538, 539 ,
540, 541, 542, 543, 544, 545, 546, 547, 548, 549 ,
550, 551, 552, 553, 554, 555, 556, 557, 558, 559 ,
560, 561, 562, 563, 564, 565, 566, 567, 568, 569 ,
570, 571, 572, 573, 574, 575, 576, 577, 578, 579 ,
580, 581, 582, 583, 584, 585, 586, 587, 588, 589 ,
590, 591, 592, 593, 594, 595, 596, 597, 598, 599 ,
600, 601, 602, 603, 604, 605, 606, 607, 608, 609 ,
610, 611, 612, 613, 614, 615, 616, 617, 618, 619 ,
620, 621, 622, 623, 624, 625, 626, 627, 628, 629 ,
630, 631, 632, 633, 634, 635, 636, 637, 638, 639 ,
640, 641, 642, 643, 644, 645, 646, 647, 648, 649 ,
650, 651, 652, 653, 654, 655, 656, 657, 658, 659 ,
660, 661, 662, 663, 664, 665, 666, 667, 668, 669 ,
670, 671, 672, 673, 674, 675, 676, 677, 678, 679 ,
680, 681, 682, 683, 684, 685, 686, 687, 688, 689 ,
690, 691, 692, 693, 694, 695, 696, 697, 698, 699 ,
700, 701, 702, 703, 704, 705, 706, 707, 708, 709 ,
710, 711, 712, 713, 714, 715, 716, 717, 718, 719 ,
720, 721, 722, 723, 724, 725, 726, 727, 728, 729 ,
730, 731, 732, 733, 734, 735, 736, 737, 738, 739 ,
740, 741, 742, 743, 744, 745, 746, 747, 748, 749 ,
750, 751, 752, 753, 754, 755, 756, 757, 758, 759 ,
760, 761, 762, 763, 764, 765, 766, 767, 768, 769 ,
770, 771, 772, 773, 774, 775, 776, 777, 778, 779 ,
780, 781, 782, 783, 784, 785, 786, 787, 788, 789 ,
790, 791, 792, 793, 794, 795, 796, 797, 798, 799 ,
800, 801, 802, 803, 804, 805, 806, 807, 808, 809 ,
810, 811, 812, 813, 814, 815, 816, 817, 818, 819 ,
820, 821, 822, 823, 824, 825, 826, 827, 828, 829 ,
830, 831, 832, 833, 834, 835, 836, 837, 838, 839 ,
840, 841, 842, 843, 844, 845, 846, 847, 848, 849 ,
850, 851, 852, 853, 854, 855, 856, 857, 858, 859 ,
860, 861, 862, 863, 864, 865, 866, 867, 868, 869 ,
870, 871, 872, 873, 874, 875, 876, 877, 878, 879 ,
880, 881, 882, 883, 884, 885, 886, 887, 888, 889 ,
890, 891, 892, 893, 894, 895, 896, 897, 898, 899 ,
900, 901, 902, 903, 904, 905, 906, 907, 908, 909 ,
910, 911, 912, 913, 914, 915, 916, 917, 918, 919 ,
920, 921, 922, 923, 924, 925, 926, 927, 928, 929 ,
930, 931, 932, 933, 934, 935, 936, 937, 938, 939 ,
940, 941, 942, 943, 944, 945, 946, 947, 948, 949 ,
950, 951, 952, 953, 954, 955, 956, 957, 958, 959 ,
960, 961, 962, 963, 964, 965, 966, 967, 968, 969 ,
970, 971, 972, 973, 974, 975, 976, 977, 978, 979 ,
980, 981, 982, 983, 984, 985, 986, 987, 988, 989 ,
990, 991, 992, 993, 994, 995, 996, 997, 998, 999 ,
])

f_ideal_1000 = np.array([
-2.72349633 ,
])

===== Memory usage =====
[n_truc=1000, tg=16] Peak RSS: 10.56 GB
[n_truc=1000, tg=16] Peak PSS: 2.46 GB

Current China Time: 2026-08-04 09:39:35.776450+08:00

============================================================


----- n_truc=1000, tg=17 -----

hspace_select (len=1000) = np.array([
'0-0', '0-1', '1-0', '0-2', '2-0', '0-4', '4-0', '1-1', '0-5', '2-1' ,
'5-0', '1-2', '0-8', '2-2', '8-0', '1-4', '4-1', '0-9', '2-4', '9-0' ,
'1-5', '5-1', '4-2', '0-12', '2-5', '1-8', '5-2', '12-0', '0-13', '0-16' ,
'8-1', '4-4', '13-0', '15-0', '2-8', '1-9', '9-1', '8-2', '5-4', '4-5' ,
'0-18', '2-9', '1-12', '0-20', '18-0', '0-21', '9-2', '12-1', '5-5', '0-24' ,
'4-8', '1-13', '20-0', '8-4', '1-16', '22-0', '2-12', '13-1', '24-0', '0-25' ,
'15-1', '0-26', '5-8', '4-9', '12-2', '2-13', '9-4', '2-16', '8-5', '13-2' ,
'25-0', '26-0', '1-18', '15-2', '0-28', '28-0', '5-9', '4-12', '0-30', '18-1' ,
'9-5', '12-4', '1-20', '1-21', '0-33', '8-8', '0-34', '0-35', '1-24', '2-18' ,
'0-36', '20-1', '4-13', '22-1', '4-16', '30-0', '13-4', '5-12', '15-4', '24-1' ,
'33-0', '18-2', '2-20', '2-21', '34-0', '8-9', '35-0', '1-25', '9-8', '1-26' ,
'0-39', '2-24', '12-5', '37-0', '5-13', '20-2', '5-16', '22-2', '13-5', '25-1' ,
'0-42', '24-2', '26-1', '15-5', '39-0', '2-25', '4-18', '2-26', '9-9', '8-12' ,
'28-1', '1-28', '18-4', '0-44', '41-0', '12-8', '1-30', '4-20', '0-45', '4-21' ,
'0-46', '25-2', '13-8', '1-33', '8-13', '20-4', '8-16', '22-4', '4-24', '26-2' ,
'5-18', '1-34', '15-8', '1-35', '30-1', '2-28', '1-36', '28-2', '9-12', '24-4' ,
'44-0', '12-9', '33-1', '45-0', '2-30', '18-5', '0-52', '0-53', '46-0', '34-1' ,
'5-20', '35-1', '5-21', '4-25', '4-26', '2-33', '13-9', '9-13', '1-39', '5-24' ,
'37-1', '9-16', '2-34', '2-35', '0-54', '20-5', '22-5', '2-36', '50-0', '51-0' ,
'30-2', '15-9', '25-4', '0-55', '26-4', '8-18', '24-5', '12-12', '39-1', '33-2' ,
'0-57', '1-42', '18-8', '34-2', '5-25', '28-4', '35-2', '54-0', '0-59', '5-26' ,
'4-28', '2-39', '41-1', '13-12', '37-2', '8-20', '0-60', '8-21', '12-16', '1-44' ,
'12-13', '20-8', '4-30', '56-0', '22-8', '25-5', '8-24', '1-45', '9-18', '15-12' ,
'26-5', '1-46', '0-64', '2-42', '4-33', '30-4', '24-8', '39-2', '58-0', '13-13' ,
'18-9', '4-34', '4-35', '0-65', '4-36', '13-16', '28-5', '59-0', '5-28', '33-4' ,
'15-13', '44-1', '60-0', '34-4', '41-2', '9-20', '2-44', '9-21', '45-1', '15-16' ,
'35-4', '8-25', '46-1', '5-30', '20-9', '8-26', '1-52', '1-53', '22-9', '2-45' ,
'64-0', '9-24', '0-66', '37-4', '2-46', '25-8', '5-33', '4-39', '0-69', '65-0' ,
'26-8', '0-70', '30-5', '5-34', '24-9', '5-35', '12-18', '50-1', '1-54', '51-1' ,
'5-36', '18-12', '28-8', '44-2', '1-55', '33-5', '39-4', '0-73', '45-2', '9-25' ,
'0-76', '34-5', '4-42', '46-2', '2-52', '2-53', '35-5', '0-77', '13-18', '9-26' ,
'12-20', '20-12', '1-57', '22-12', '54-1', '66-0', '8-28', '12-21', '18-13', '41-4' ,
'69-0', '25-9', '37-5', '0-78', '70-0', '5-39', '1-59', '12-24', '8-30', '18-16' ,
'15-18', '2-54', '26-9', '4-44', '24-12', '1-60', '50-2', '56-1', '51-2', '74-0' ,
'0-81', '13-20', '30-8', '13-21', '75-0', '20-13', '28-9', '2-55', '8-33', '4-45' ,
'77-0', '22-13', '8-34', '13-24', '8-35', '20-16', '39-5', '15-20', '33-8', '4-46' ,
'5-42', '8-36', '58-1', '2-57', '15-21', '22-16', '1-64', '34-8', '35-8', '9-28' ,
'54-2', '15-24', '24-13', '59-1', '12-25', '1-65', '44-4', '2-59', '45-4', '24-16' ,
'41-5', '0-82', '12-26', '60-1', '46-4', '79-0', '9-30', '0-83', '81-0', '37-8' ,
'25-12', '2-60', '5-44', '0-86', '26-12', '56-2', '13-25', '4-52', '30-9', '4-53' ,
'64-1', '8-39', '9-33', '5-45', '13-26', '18-18', '9-34', '28-12', '65-1', '1-66' ,
'9-35', '5-46', '50-4', '2-64', '15-25', '9-36', '51-4', '58-2', '33-9', '25-13' ,
'1-69', '39-8', '15-26', '4-54', '35-9', '34-9', '1-70', '2-65', '25-16', '59-2' ,
'26-13', '0-89', '18-20', '12-28', '20-18', '0-90', '84-0', '44-5', '26-16', '18-21' ,
'60-2', '45-5', '4-55', '8-42', '41-8', '85-0', '46-5', '22-18', '37-9', '54-4' ,
'28-13', '1-73', '12-30', '28-16', '18-24', '86-0', '5-52', '5-53', '66-1', '4-57' ,
'1-76', '64-2', '9-39', '1-77', '24-18', '30-12', '0-92', '13-28', '0-93', '69-1' ,
'2-66', '20-21', '12-33', '20-20', '70-1', '4-59', '65-2', '2-69', '56-4', '8-44' ,
'33-12', '20-24', '1-78', '2-70', '50-5', '12-35', '12-34', '22-20', '39-9', '51-5' ,
'15-28', '5-54', '13-30', '4-60', '34-12', '74-1', '35-12', '12-36', '89-0', '8-45' ,
'24-21', '75-1', '90-0', '1-81', '8-46', '22-24', '77-1', '18-25', '0-97', '24-20' ,
'30-13', '0-98', '44-8', '58-4', '5-55', '9-42', '13-33', '0-100', '25-18', '41-9' ,
'2-73', '15-30', '45-8', '18-26', '59-4', '2-76', '37-12', '93-0', '92-0', '54-5' ,
'13-34', '4-64', '13-35', '2-77', '30-16', '24-24', '5-57', '46-8', '33-13', '66-2' ,
'13-36', '0-102', '0-103', '60-4', '34-16', '26-18', '4-65', '15-33', '34-13', '69-2' ,
'20-25', '5-59', '35-13', '70-2', '79-1', '22-25', '2-78', '9-44', '81-1', '12-39' ,
'15-35', '33-16', '15-34', '1-82', '8-52', '15-36', '35-16', '28-18', '8-53', '64-4' ,
'9-45', '56-5', '5-60', '1-83', '51-8', '20-26', '74-2', '39-12', '50-8', '2-81' ,
'25-20', '22-26', '5-64', '37-13', '25-21', '98-0', '99-0', '75-2', '1-86', '9-46' ,
'0-105', '37-16', '26-21', '0-106', '100-0', '77-2', '65-4', '26-20', '24-25', '13-39' ,
'4-66', '44-9', '58-5', '8-54', '24-26', '18-28', '45-9', '102-0', '101-0', '25-24' ,
'4-69', '46-9', '41-12', '12-42', '28-20', '20-28', '28-21', '4-70', '26-24', '59-5' ,
'54-8', '15-39', '5-65', '18-30', '8-55', '0-109', '39-13', '84-1', '60-5', '39-16' ,
'2-82', '1-89', '30-18', '79-2', '28-24', '1-90', '85-1', '81-2', '2-83', '8-57' ,
'66-4', '9-53', '9-52', '13-42', '18-33', '0-111', '0-112', '4-73', '20-30', '12-44' ,
'64-5', '22-28', '86-1', '56-8', '33-18', '69-4', '41-13', '25-25', '105-0', '2-86' ,
'4-76', '106-0', '51-9', '18-34', '18-35', '50-9', '8-59', '4-77', '70-4', '25-26' ,
'34-18', '41-16', '26-25', '12-45', '35-18', '15-42', '18-36', '5-66', '30-21', '65-5' ,
'22-30', '35-20', '1-93', '1-92', '9-54', '24-28', '8-60', '26-26', '74-4', '44-12' ,
'45-12', '12-46', '30-20', '4-78', '5-69', '75-4', '58-8', '0-114', '13-44', '5-70' ,
'28-25', '30-24', '20-34', '24-30', '20-35', '46-12', '77-4', '37-18', '89-1', '34-21' ,
'54-9', '28-26', '90-1', '35-21', '9-55', '22-33', '109-0', '4-81', '2-89', '59-8' ,
'84-2', '13-45', '2-90', '0-116', '20-33', '60-8', '15-44', '13-46', '8-64', '33-20' ,
'85-2', '9-57', '20-36', '110-0', '111-0', '1-97', '1-98', '24-33', '34-20', '5-73' ,
'22-36', '93-1', '92-1', '8-65', '66-5', '1-100', '22-35', '22-34', '50-12', '44-13' ,
'24-35', '86-2', '12-52', '5-76', '51-12', '18-39', '35-24', '56-9', '12-53', '45-13' ,
'5-77', '37-21', '9-59', '15-45', '69-5', '64-8', '46-13', '79-4', '0-121', '39-18' ,
'44-16', '25-28', '70-5', '15-46', '2-92', '37-20', '33-24', '81-4', '2-93', '24-36' ,
'1-102', '24-34', '1-103', '34-24', '26-34', '30-26', '45-16', '9-60', '26-28', '46-16' ,
'65-8', '4-82', '5-78', '30-25', '74-5', '114-0', '58-9', '25-30', '4-83', '37-24' ,
'33-25', '75-5', '12-54', '13-52', '13-53', '116-0', '20-39', '99-1', '98-1', '89-2' ,
'41-18', '22-39', '54-12', '28-28', '26-30', '8-66', '5-81', '90-2', '77-5', '4-86' ,
'18-42', '59-9', '34-26', '100-1', '50-13', '34-25', '51-13', '39-20', '2-97', '12-55' ,
'2-98', '39-21', '9-64', '60-9', '1-105', '8-69', '0-123', '2-100', '25-33', '0-124' ,
'1-106', '35-25', '8-70', '102-1', '101-1', '0-125', '25-34', '25-35', '28-30', '93-2' ,
'92-2', '9-65', '24-39', '15-52', '35-26', '26-33', '56-12', '13-54', '84-4', '0-128' ,
'50-16', '15-53', '33-26', '51-16', '12-57', '39-24', '121-0', '41-20', '66-8', '25-36' ,
'46-18', '2-102', '2-103', '18-44', '64-9', '41-21', '20-42', '85-4', '0-129', '79-5' ,
'69-8', '37-25', '26-36', '54-13', '81-5', '12-59', '8-73', '28-33', '13-55', '1-109' ,
'70-8', '4-89', '9-66', '26-35', '22-42', '37-26', '18-45', '86-4', '4-90', '5-82' ,
'15-54', '8-76', '41-24', '28-34', '0-131', '65-9', '5-83', '28-35', '8-77', '12-60' ,
'54-16', '30-28', '18-46', '44-18', '28-36', '58-12', '105-1', '13-57', '45-18', '106-1' ,
'74-8', '0-132', '24-42', '98-2', '99-2', '1-111', '1-112', '75-8', '5-86', '15-55' ,
'56-13', '123-0', '2-105', '20-45', '100-2', '20-44', '30-30', '77-8', '8-78', '22-44' ,
'2-106', '59-12', '125-0', '39-25', '25-39', '13-59', '9-69', '33-28', '4-92', '60-12' ,
'15-57', '127-0', '4-93', '33-30', '9-70', '20-46', '39-26', '22-46', '102-2', '101-2' ,
'34-28', '89-4', '12-64', '22-45', '128-0', '56-16', '26-39', '90-4', '35-28', '45-21' ,
'44-21', '0-135', '13-60', '34-30', '30-34', '8-81', '30-35', '129-0', '35-30', '84-5' ,
'66-9', '12-65', '15-59', '41-25', '1-114', '0-136', '50-18', '58-13', '24-44', '51-18' ,
'44-20', '18-52', '109-1', '18-53', '2-109', '64-12', '24-45', '69-9', '41-26', '28-39' ,
])

index_select (len=1000) = np.array([
0, 1, 2, 3, 4, 5, 6, 7, 8, 9 ,
10, 11, 12, 13, 14, 15, 16, 17, 18, 19 ,
20, 21, 22, 23, 24, 25, 26, 27, 28, 29 ,
30, 31, 32, 33, 34, 35, 36, 37, 38, 39 ,
40, 41, 42, 43, 44, 45, 46, 47, 48, 49 ,
50, 51, 52, 53, 54, 55, 56, 57, 58, 59 ,
60, 61, 62, 63, 64, 65, 66, 67, 68, 69 ,
70, 71, 72, 73, 74, 75, 76, 77, 78, 79 ,
80, 81, 82, 83, 84, 85, 86, 87, 88, 89 ,
90, 91, 92, 93, 94, 95, 96, 97, 98, 99 ,
100, 101, 102, 103, 104, 105, 106, 107, 108, 109 ,
110, 111, 112, 113, 114, 115, 116, 117, 118, 119 ,
120, 121, 122, 123, 124, 125, 126, 127, 128, 129 ,
130, 131, 132, 133, 134, 135, 136, 137, 138, 139 ,
140, 141, 142, 143, 144, 145, 146, 147, 148, 149 ,
150, 151, 152, 153, 154, 155, 156, 157, 158, 159 ,
160, 161, 162, 163, 164, 165, 166, 167, 168, 169 ,
170, 171, 172, 173, 174, 175, 176, 177, 178, 179 ,
180, 181, 182, 183, 184, 185, 186, 187, 188, 189 ,
190, 191, 192, 193, 194, 195, 196, 197, 198, 199 ,
200, 201, 202, 203, 204, 205, 206, 207, 208, 209 ,
210, 211, 212, 213, 214, 215, 216, 217, 218, 219 ,
220, 221, 222, 223, 224, 225, 226, 227, 228, 229 ,
230, 231, 232, 233, 234, 235, 236, 237, 238, 239 ,
240, 241, 242, 243, 244, 245, 246, 247, 248, 249 ,
250, 251, 252, 253, 254, 255, 256, 257, 258, 259 ,
260, 261, 262, 263, 264, 265, 266, 267, 268, 269 ,
270, 271, 272, 273, 274, 275, 276, 277, 278, 279 ,
280, 281, 282, 283, 284, 285, 286, 287, 288, 289 ,
290, 291, 292, 293, 294, 295, 296, 297, 298, 299 ,
300, 301, 302, 303, 304, 305, 306, 307, 308, 309 ,
310, 311, 312, 313, 314, 315, 316, 317, 318, 319 ,
320, 321, 322, 323, 324, 325, 326, 327, 328, 329 ,
330, 331, 332, 333, 334, 335, 336, 337, 338, 339 ,
340, 341, 342, 343, 344, 345, 346, 347, 348, 349 ,
350, 351, 352, 353, 354, 355, 356, 357, 358, 359 ,
360, 361, 362, 363, 364, 365, 366, 367, 368, 369 ,
370, 371, 372, 373, 374, 375, 376, 377, 378, 379 ,
380, 381, 382, 383, 384, 385, 386, 387, 388, 389 ,
390, 391, 392, 393, 394, 395, 396, 397, 398, 399 ,
400, 401, 402, 403, 404, 405, 406, 407, 408, 409 ,
410, 411, 412, 413, 414, 415, 416, 417, 418, 419 ,
420, 421, 422, 423, 424, 425, 426, 427, 428, 429 ,
430, 431, 432, 433, 434, 435, 436, 437, 438, 439 ,
440, 441, 442, 443, 444, 445, 446, 447, 448, 449 ,
450, 451, 452, 453, 454, 455, 456, 457, 458, 459 ,
460, 461, 462, 463, 464, 465, 466, 467, 468, 469 ,
470, 471, 472, 473, 474, 475, 476, 477, 478, 479 ,
480, 481, 482, 483, 484, 485, 486, 487, 488, 489 ,
490, 491, 492, 493, 494, 495, 496, 497, 498, 499 ,
500, 501, 502, 503, 504, 505, 506, 507, 508, 509 ,
510, 511, 512, 513, 514, 515, 516, 517, 518, 519 ,
520, 521, 522, 523, 524, 525, 526, 527, 528, 529 ,
530, 531, 532, 533, 534, 535, 536, 537, 538, 539 ,
540, 541, 542, 543, 544, 545, 546, 547, 548, 549 ,
550, 551, 552, 553, 554, 555, 556, 557, 558, 559 ,
560, 561, 562, 563, 564, 565, 566, 567, 568, 569 ,
570, 571, 572, 573, 574, 575, 576, 577, 578, 579 ,
580, 581, 582, 583, 584, 585, 586, 587, 588, 589 ,
590, 591, 592, 593, 594, 595, 596, 597, 598, 599 ,
600, 601, 602, 603, 604, 605, 606, 607, 608, 609 ,
610, 611, 612, 613, 614, 615, 616, 617, 618, 619 ,
620, 621, 622, 623, 624, 625, 626, 627, 628, 629 ,
630, 631, 632, 633, 634, 635, 636, 637, 638, 639 ,
640, 641, 642, 643, 644, 645, 646, 647, 648, 649 ,
650, 651, 652, 653, 654, 655, 656, 657, 658, 659 ,
660, 661, 662, 663, 664, 665, 666, 667, 668, 669 ,
670, 671, 672, 673, 674, 675, 676, 677, 678, 679 ,
680, 681, 682, 683, 684, 685, 686, 687, 688, 689 ,
690, 691, 692, 693, 694, 695, 696, 697, 698, 699 ,
700, 701, 702, 703, 704, 705, 706, 707, 708, 709 ,
710, 711, 712, 713, 714, 715, 716, 717, 718, 719 ,
720, 721, 722, 723, 724, 725, 726, 727, 728, 729 ,
730, 731, 732, 733, 734, 735, 736, 737, 738, 739 ,
740, 741, 742, 743, 744, 745, 746, 747, 748, 749 ,
750, 751, 752, 753, 754, 755, 756, 757, 758, 759 ,
760, 761, 762, 763, 764, 765, 766, 767, 768, 769 ,
770, 771, 772, 773, 774, 775, 776, 777, 778, 779 ,
780, 781, 782, 783, 784, 785, 786, 787, 788, 789 ,
790, 791, 792, 793, 794, 795, 796, 797, 798, 799 ,
800, 801, 802, 803, 804, 805, 806, 807, 808, 809 ,
810, 811, 812, 813, 814, 815, 816, 817, 818, 819 ,
820, 821, 822, 823, 824, 825, 826, 827, 828, 829 ,
830, 831, 832, 833, 834, 835, 836, 837, 838, 839 ,
840, 841, 842, 843, 844, 845, 846, 847, 848, 849 ,
850, 851, 852, 853, 854, 855, 856, 857, 858, 859 ,
860, 861, 862, 863, 864, 865, 866, 867, 868, 869 ,
870, 871, 872, 873, 874, 875, 876, 877, 878, 879 ,
880, 881, 882, 883, 884, 885, 886, 887, 888, 889 ,
890, 891, 892, 893, 894, 895, 896, 897, 898, 899 ,
900, 901, 902, 903, 904, 905, 906, 907, 908, 909 ,
910, 911, 912, 913, 914, 915, 916, 917, 918, 919 ,
920, 921, 922, 923, 924, 925, 926, 927, 928, 929 ,
930, 931, 932, 933, 934, 935, 936, 937, 938, 939 ,
940, 941, 942, 943, 944, 945, 946, 947, 948, 949 ,
950, 951, 952, 953, 954, 955, 956, 957, 958, 959 ,
960, 961, 962, 963, 964, 965, 966, 967, 968, 969 ,
970, 971, 972, 973, 974, 975, 976, 977, 978, 979 ,
980, 981, 982, 983, 984, 985, 986, 987, 988, 989 ,
990, 991, 992, 993, 994, 995, 996, 997, 998, 999 ,
])

f_ideal_1000 = np.array([
-3.05098060 ,
])

===== Memory usage =====
[n_truc=1000, tg=17] Peak RSS: 10.44 GB
[n_truc=1000, tg=17] Peak PSS: 2.44 GB

Current China Time: 2026-08-04 09:51:30.900696+08:00

============================================================


----- n_truc=1000, tg=18 -----

hspace_select (len=1000) = np.array([
'0-0', '0-1', '1-0', '0-2', '2-0', '0-4', '4-0', '1-1', '0-5', '2-1' ,
'5-0', '1-2', '0-8', '2-2', '8-0', '1-4', '4-1', '0-9', '2-4', '9-0' ,
'1-5', '5-1', '4-2', '0-12', '2-5', '1-8', '5-2', '12-0', '0-13', '0-16' ,
'8-1', '4-4', '13-0', '15-0', '2-8', '1-9', '9-1', '8-2', '5-4', '4-5' ,
'0-18', '2-9', '1-12', '0-20', '18-0', '0-21', '9-2', '12-1', '5-5', '0-24' ,
'4-8', '1-13', '20-0', '8-4', '1-16', '22-0', '2-12', '13-1', '24-0', '0-25' ,
'15-1', '0-26', '5-8', '4-9', '12-2', '2-13', '9-4', '2-16', '8-5', '13-2' ,
'25-0', '26-0', '1-18', '15-2', '0-28', '28-0', '5-9', '4-12', '0-30', '18-1' ,
'9-5', '12-4', '1-20', '1-21', '0-33', '8-8', '0-34', '0-35', '1-24', '2-18' ,
'0-36', '20-1', '4-13', '22-1', '4-16', '30-0', '13-4', '5-12', '15-4', '24-1' ,
'33-0', '18-2', '2-20', '2-21', '34-0', '8-9', '35-0', '1-25', '9-8', '1-26' ,
'0-39', '2-24', '12-5', '37-0', '5-13', '20-2', '5-16', '22-2', '13-5', '25-1' ,
'0-42', '24-2', '26-1', '15-5', '39-0', '2-25', '4-18', '2-26', '9-9', '8-12' ,
'28-1', '1-28', '18-4', '0-44', '41-0', '12-8', '1-30', '4-20', '0-45', '4-21' ,
'0-46', '25-2', '13-8', '1-33', '8-13', '20-4', '8-16', '22-4', '4-24', '26-2' ,
'5-18', '1-34', '15-8', '1-35', '30-1', '2-28', '1-36', '28-2', '9-12', '24-4' ,
'44-0', '12-9', '33-1', '45-0', '2-30', '18-5', '0-52', '0-53', '46-0', '34-1' ,
'5-20', '35-1', '5-21', '4-25', '4-26', '2-33', '13-9', '9-13', '1-39', '5-24' ,
'37-1', '9-16', '2-34', '2-35', '0-54', '20-5', '22-5', '2-36', '50-0', '51-0' ,
'30-2', '15-9', '25-4', '0-55', '26-4', '8-18', '24-5', '12-12', '39-1', '33-2' ,
'0-57', '1-42', '18-8', '34-2', '5-25', '28-4', '35-2', '54-0', '0-59', '5-26' ,
'4-28', '2-39', '41-1', '13-12', '37-2', '8-20', '0-60', '8-21', '12-16', '1-44' ,
'12-13', '20-8', '4-30', '56-0', '22-8', '25-5', '8-24', '1-45', '9-18', '15-12' ,
'26-5', '1-46', '0-64', '2-42', '4-33', '30-4', '24-8', '39-2', '58-0', '13-13' ,
'18-9', '4-34', '4-35', '0-65', '4-36', '13-16', '28-5', '59-0', '5-28', '33-4' ,
'15-13', '44-1', '60-0', '34-4', '41-2', '9-20', '2-44', '9-21', '45-1', '15-16' ,
'35-4', '8-25', '46-1', '5-30', '20-9', '8-26', '1-52', '1-53', '22-9', '2-45' ,
'64-0', '9-24', '0-66', '37-4', '2-46', '25-8', '5-33', '4-39', '0-69', '65-0' ,
'26-8', '0-70', '30-5', '5-34', '24-9', '5-35', '12-18', '50-1', '1-54', '51-1' ,
'5-36', '18-12', '28-8', '44-2', '1-55', '33-5', '39-4', '0-73', '45-2', '9-25' ,
'0-76', '34-5', '4-42', '46-2', '2-52', '2-53', '35-5', '0-77', '13-18', '9-26' ,
'12-20', '20-12', '1-57', '22-12', '54-1', '66-0', '8-28', '12-21', '18-13', '41-4' ,
'69-0', '25-9', '37-5', '0-78', '70-0', '5-39', '1-59', '12-24', '8-30', '18-16' ,
'15-18', '2-54', '26-9', '4-44', '24-12', '1-60', '50-2', '56-1', '51-2', '74-0' ,
'0-81', '13-20', '30-8', '13-21', '75-0', '20-13', '28-9', '2-55', '8-33', '4-45' ,
'77-0', '22-13', '8-34', '13-24', '8-35', '20-16', '39-5', '15-20', '33-8', '4-46' ,
'5-42', '8-36', '58-1', '2-57', '15-21', '22-16', '1-64', '34-8', '35-8', '9-28' ,
'54-2', '15-24', '24-13', '59-1', '12-25', '1-65', '44-4', '2-59', '45-4', '24-16' ,
'41-5', '0-82', '12-26', '60-1', '46-4', '79-0', '9-30', '0-83', '81-0', '37-8' ,
'25-12', '2-60', '5-44', '0-86', '26-12', '56-2', '13-25', '4-52', '30-9', '4-53' ,
'64-1', '8-39', '9-33', '5-45', '13-26', '18-18', '9-34', '28-12', '65-1', '1-66' ,
'9-35', '5-46', '50-4', '2-64', '15-25', '9-36', '51-4', '58-2', '33-9', '25-13' ,
'1-69', '39-8', '15-26', '4-54', '35-9', '34-9', '1-70', '2-65', '25-16', '59-2' ,
'26-13', '0-89', '18-20', '12-28', '20-18', '0-90', '84-0', '44-5', '26-16', '18-21' ,
'60-2', '45-5', '4-55', '8-42', '41-8', '85-0', '46-5', '22-18', '37-9', '54-4' ,
'28-13', '1-73', '12-30', '28-16', '18-24', '86-0', '5-52', '5-53', '66-1', '4-57' ,
'1-76', '64-2', '9-39', '1-77', '24-18', '30-12', '0-92', '13-28', '0-93', '69-1' ,
'2-66', '20-21', '12-33', '20-20', '70-1', '4-59', '65-2', '2-69', '56-4', '8-44' ,
'33-12', '20-24', '1-78', '2-70', '50-5', '12-35', '12-34', '22-20', '39-9', '51-5' ,
'15-28', '5-54', '13-30', '4-60', '34-12', '74-1', '35-12', '12-36', '89-0', '8-45' ,
'24-21', '75-1', '90-0', '1-81', '8-46', '22-24', '77-1', '18-25', '0-97', '24-20' ,
'30-13', '0-98', '44-8', '58-4', '5-55', '9-42', '13-33', '0-100', '25-18', '41-9' ,
'2-73', '15-30', '45-8', '18-26', '59-4', '2-76', '37-12', '93-0', '92-0', '54-5' ,
'13-34', '4-64', '13-35', '2-77', '30-16', '24-24', '5-57', '46-8', '33-13', '66-2' ,
'13-36', '0-102', '0-103', '60-4', '34-16', '26-18', '4-65', '15-33', '34-13', '69-2' ,
'20-25', '5-59', '35-13', '70-2', '79-1', '22-25', '2-78', '9-44', '81-1', '12-39' ,
'15-35', '33-16', '15-34', '1-82', '8-52', '15-36', '35-16', '28-18', '8-53', '64-4' ,
'9-45', '56-5', '5-60', '1-83', '51-8', '20-26', '74-2', '39-12', '50-8', '2-81' ,
'25-20', '22-26', '5-64', '37-13', '25-21', '98-0', '99-0', '75-2', '1-86', '9-46' ,
'0-105', '37-16', '26-21', '0-106', '100-0', '77-2', '65-4', '26-20', '24-25', '13-39' ,
'4-66', '44-9', '58-5', '8-54', '24-26', '18-28', '45-9', '102-0', '101-0', '25-24' ,
'4-69', '46-9', '41-12', '12-42', '28-20', '20-28', '28-21', '4-70', '26-24', '59-5' ,
'54-8', '15-39', '5-65', '18-30', '8-55', '0-109', '39-13', '84-1', '60-5', '39-16' ,
'2-82', '1-89', '30-18', '79-2', '28-24', '1-90', '85-1', '81-2', '2-83', '8-57' ,
'66-4', '9-53', '9-52', '13-42', '18-33', '0-111', '0-112', '4-73', '20-30', '12-44' ,
'64-5', '22-28', '86-1', '56-8', '33-18', '69-4', '41-13', '25-25', '105-0', '2-86' ,
'4-76', '106-0', '51-9', '18-34', '18-35', '50-9', '8-59', '4-77', '70-4', '25-26' ,
'34-18', '41-16', '26-25', '12-45', '35-18', '15-42', '18-36', '5-66', '30-21', '65-5' ,
'22-30', '35-20', '1-93', '1-92', '9-54', '24-28', '8-60', '26-26', '74-4', '44-12' ,
'45-12', '12-46', '30-20', '4-78', '5-69', '75-4', '58-8', '0-114', '13-44', '5-70' ,
'28-25', '30-24', '20-34', '24-30', '20-35', '46-12', '77-4', '37-18', '89-1', '34-21' ,
'54-9', '28-26', '90-1', '35-21', '9-55', '22-33', '109-0', '4-81', '2-89', '59-8' ,
'84-2', '13-45', '2-90', '0-116', '20-33', '60-8', '15-44', '13-46', '8-64', '33-20' ,
'85-2', '9-57', '20-36', '110-0', '111-0', '1-97', '1-98', '24-33', '34-20', '5-73' ,
'22-36', '93-1', '92-1', '8-65', '66-5', '1-100', '22-35', '22-34', '50-12', '44-13' ,
'24-35', '86-2', '12-52', '5-76', '51-12', '18-39', '35-24', '56-9', '12-53', '45-13' ,
'5-77', '37-21', '9-59', '15-45', '69-5', '64-8', '46-13', '79-4', '0-121', '39-18' ,
'44-16', '25-28', '70-5', '15-46', '2-92', '37-20', '33-24', '81-4', '2-93', '24-36' ,
'1-102', '24-34', '1-103', '34-24', '26-34', '30-26', '45-16', '9-60', '26-28', '46-16' ,
'65-8', '4-82', '5-78', '30-25', '74-5', '114-0', '58-9', '25-30', '4-83', '37-24' ,
'33-25', '75-5', '12-54', '13-52', '13-53', '116-0', '20-39', '99-1', '98-1', '89-2' ,
'41-18', '22-39', '54-12', '28-28', '26-30', '8-66', '5-81', '90-2', '77-5', '4-86' ,
'18-42', '59-9', '34-26', '100-1', '50-13', '34-25', '51-13', '39-20', '2-97', '12-55' ,
'2-98', '39-21', '9-64', '60-9', '1-105', '8-69', '0-123', '2-100', '25-33', '0-124' ,
'1-106', '35-25', '8-70', '102-1', '101-1', '0-125', '25-34', '25-35', '28-30', '93-2' ,
'92-2', '9-65', '24-39', '15-52', '35-26', '26-33', '56-12', '13-54', '84-4', '0-128' ,
'50-16', '15-53', '33-26', '51-16', '12-57', '39-24', '121-0', '41-20', '66-8', '25-36' ,
'46-18', '2-102', '2-103', '18-44', '64-9', '41-21', '20-42', '85-4', '0-129', '79-5' ,
'69-8', '37-25', '26-36', '54-13', '81-5', '12-59', '8-73', '28-33', '13-55', '1-109' ,
'70-8', '4-89', '9-66', '26-35', '22-42', '37-26', '18-45', '86-4', '4-90', '5-82' ,
'15-54', '8-76', '41-24', '28-34', '0-131', '65-9', '5-83', '28-35', '8-77', '12-60' ,
'54-16', '30-28', '18-46', '44-18', '28-36', '58-12', '105-1', '13-57', '45-18', '106-1' ,
'74-8', '0-132', '24-42', '98-2', '99-2', '1-111', '1-112', '75-8', '5-86', '15-55' ,
'56-13', '123-0', '2-105', '20-45', '100-2', '20-44', '30-30', '77-8', '8-78', '22-44' ,
'2-106', '59-12', '125-0', '39-25', '25-39', '13-59', '9-69', '33-28', '4-92', '60-12' ,
'15-57', '127-0', '4-93', '33-30', '9-70', '20-46', '39-26', '22-46', '102-2', '101-2' ,
'34-28', '89-4', '12-64', '22-45', '128-0', '56-16', '26-39', '90-4', '35-28', '45-21' ,
'44-21', '0-135', '13-60', '34-30', '30-34', '8-81', '30-35', '129-0', '35-30', '84-5' ,
'66-9', '12-65', '15-59', '41-25', '1-114', '0-136', '50-18', '58-13', '24-44', '51-18' ,
'44-20', '18-52', '109-1', '18-53', '2-109', '64-12', '24-45', '69-9', '41-26', '28-39' ,
])

index_select (len=1000) = np.array([
0, 1, 2, 3, 4, 5, 6, 7, 8, 9 ,
10, 11, 12, 13, 14, 15, 16, 17, 18, 19 ,
20, 21, 22, 23, 24, 25, 26, 27, 28, 29 ,
30, 31, 32, 33, 34, 35, 36, 37, 38, 39 ,
40, 41, 42, 43, 44, 45, 46, 47, 48, 49 ,
50, 51, 52, 53, 54, 55, 56, 57, 58, 59 ,
60, 61, 62, 63, 64, 65, 66, 67, 68, 69 ,
70, 71, 72, 73, 74, 75, 76, 77, 78, 79 ,
80, 81, 82, 83, 84, 85, 86, 87, 88, 89 ,
90, 91, 92, 93, 94, 95, 96, 97, 98, 99 ,
100, 101, 102, 103, 104, 105, 106, 107, 108, 109 ,
110, 111, 112, 113, 114, 115, 116, 117, 118, 119 ,
120, 121, 122, 123, 124, 125, 126, 127, 128, 129 ,
130, 131, 132, 133, 134, 135, 136, 137, 138, 139 ,
140, 141, 142, 143, 144, 145, 146, 147, 148, 149 ,
150, 151, 152, 153, 154, 155, 156, 157, 158, 159 ,
160, 161, 162, 163, 164, 165, 166, 167, 168, 169 ,
170, 171, 172, 173, 174, 175, 176, 177, 178, 179 ,
180, 181, 182, 183, 184, 185, 186, 187, 188, 189 ,
190, 191, 192, 193, 194, 195, 196, 197, 198, 199 ,
200, 201, 202, 203, 204, 205, 206, 207, 208, 209 ,
210, 211, 212, 213, 214, 215, 216, 217, 218, 219 ,
220, 221, 222, 223, 224, 225, 226, 227, 228, 229 ,
230, 231, 232, 233, 234, 235, 236, 237, 238, 239 ,
240, 241, 242, 243, 244, 245, 246, 247, 248, 249 ,
250, 251, 252, 253, 254, 255, 256, 257, 258, 259 ,
260, 261, 262, 263, 264, 265, 266, 267, 268, 269 ,
270, 271, 272, 273, 274, 275, 276, 277, 278, 279 ,
280, 281, 282, 283, 284, 285, 286, 287, 288, 289 ,
290, 291, 292, 293, 294, 295, 296, 297, 298, 299 ,
300, 301, 302, 303, 304, 305, 306, 307, 308, 309 ,
310, 311, 312, 313, 314, 315, 316, 317, 318, 319 ,
320, 321, 322, 323, 324, 325, 326, 327, 328, 329 ,
330, 331, 332, 333, 334, 335, 336, 337, 338, 339 ,
340, 341, 342, 343, 344, 345, 346, 347, 348, 349 ,
350, 351, 352, 353, 354, 355, 356, 357, 358, 359 ,
360, 361, 362, 363, 364, 365, 366, 367, 368, 369 ,
370, 371, 372, 373, 374, 375, 376, 377, 378, 379 ,
380, 381, 382, 383, 384, 385, 386, 387, 388, 389 ,
390, 391, 392, 393, 394, 395, 396, 397, 398, 399 ,
400, 401, 402, 403, 404, 405, 406, 407, 408, 409 ,
410, 411, 412, 413, 414, 415, 416, 417, 418, 419 ,
420, 421, 422, 423, 424, 425, 426, 427, 428, 429 ,
430, 431, 432, 433, 434, 435, 436, 437, 438, 439 ,
440, 441, 442, 443, 444, 445, 446, 447, 448, 449 ,
450, 451, 452, 453, 454, 455, 456, 457, 458, 459 ,
460, 461, 462, 463, 464, 465, 466, 467, 468, 469 ,
470, 471, 472, 473, 474, 475, 476, 477, 478, 479 ,
480, 481, 482, 483, 484, 485, 486, 487, 488, 489 ,
490, 491, 492, 493, 494, 495, 496, 497, 498, 499 ,
500, 501, 502, 503, 504, 505, 506, 507, 508, 509 ,
510, 511, 512, 513, 514, 515, 516, 517, 518, 519 ,
520, 521, 522, 523, 524, 525, 526, 527, 528, 529 ,
530, 531, 532, 533, 534, 535, 536, 537, 538, 539 ,
540, 541, 542, 543, 544, 545, 546, 547, 548, 549 ,
550, 551, 552, 553, 554, 555, 556, 557, 558, 559 ,
560, 561, 562, 563, 564, 565, 566, 567, 568, 569 ,
570, 571, 572, 573, 574, 575, 576, 577, 578, 579 ,
580, 581, 582, 583, 584, 585, 586, 587, 588, 589 ,
590, 591, 592, 593, 594, 595, 596, 597, 598, 599 ,
600, 601, 602, 603, 604, 605, 606, 607, 608, 609 ,
610, 611, 612, 613, 614, 615, 616, 617, 618, 619 ,
620, 621, 622, 623, 624, 625, 626, 627, 628, 629 ,
630, 631, 632, 633, 634, 635, 636, 637, 638, 639 ,
640, 641, 642, 643, 644, 645, 646, 647, 648, 649 ,
650, 651, 652, 653, 654, 655, 656, 657, 658, 659 ,
660, 661, 662, 663, 664, 665, 666, 667, 668, 669 ,
670, 671, 672, 673, 674, 675, 676, 677, 678, 679 ,
680, 681, 682, 683, 684, 685, 686, 687, 688, 689 ,
690, 691, 692, 693, 694, 695, 696, 697, 698, 699 ,
700, 701, 702, 703, 704, 705, 706, 707, 708, 709 ,
710, 711, 712, 713, 714, 715, 716, 717, 718, 719 ,
720, 721, 722, 723, 724, 725, 726, 727, 728, 729 ,
730, 731, 732, 733, 734, 735, 736, 737, 738, 739 ,
740, 741, 742, 743, 744, 745, 746, 747, 748, 749 ,
750, 751, 752, 753, 754, 755, 756, 757, 758, 759 ,
760, 761, 762, 763, 764, 765, 766, 767, 768, 769 ,
770, 771, 772, 773, 774, 775, 776, 777, 778, 779 ,
780, 781, 782, 783, 784, 785, 786, 787, 788, 789 ,
790, 791, 792, 793, 794, 795, 796, 797, 798, 799 ,
800, 801, 802, 803, 804, 805, 806, 807, 808, 809 ,
810, 811, 812, 813, 814, 815, 816, 817, 818, 819 ,
820, 821, 822, 823, 824, 825, 826, 827, 828, 829 ,
830, 831, 832, 833, 834, 835, 836, 837, 838, 839 ,
840, 841, 842, 843, 844, 845, 846, 847, 848, 849 ,
850, 851, 852, 853, 854, 855, 856, 857, 858, 859 ,
860, 861, 862, 863, 864, 865, 866, 867, 868, 869 ,
870, 871, 872, 873, 874, 875, 876, 877, 878, 879 ,
880, 881, 882, 883, 884, 885, 886, 887, 888, 889 ,
890, 891, 892, 893, 894, 895, 896, 897, 898, 899 ,
900, 901, 902, 903, 904, 905, 906, 907, 908, 909 ,
910, 911, 912, 913, 914, 915, 916, 917, 918, 919 ,
920, 921, 922, 923, 924, 925, 926, 927, 928, 929 ,
930, 931, 932, 933, 934, 935, 936, 937, 938, 939 ,
940, 941, 942, 943, 944, 945, 946, 947, 948, 949 ,
950, 951, 952, 953, 954, 955, 956, 957, 958, 959 ,
960, 961, 962, 963, 964, 965, 966, 967, 968, 969 ,
970, 971, 972, 973, 974, 975, 976, 977, 978, 979 ,
980, 981, 982, 983, 984, 985, 986, 987, 988, 989 ,
990, 991, 992, 993, 994, 995, 996, 997, 998, 999 ,
])

f_ideal_1000 = np.array([
-2.90017530 ,
])

===== Memory usage =====
[n_truc=1000, tg=18] Peak RSS: 10.53 GB
[n_truc=1000, tg=18] Peak PSS: 2.43 GB

Current China Time: 2026-08-04 10:02:51.682434+08:00

============================================================


----- n_truc=1000, tg=19 -----

hspace_select (len=1000) = np.array([
'0-0', '0-1', '1-0', '0-2', '2-0', '0-4', '4-0', '1-1', '0-5', '2-1' ,
'5-0', '1-2', '0-8', '2-2', '8-0', '1-4', '4-1', '0-9', '2-4', '9-0' ,
'1-5', '5-1', '4-2', '0-12', '2-5', '1-8', '5-2', '12-0', '0-13', '0-16' ,
'8-1', '4-4', '13-0', '15-0', '2-8', '1-9', '9-1', '8-2', '5-4', '4-5' ,
'0-18', '2-9', '1-12', '0-20', '18-0', '0-21', '9-2', '12-1', '5-5', '0-24' ,
'4-8', '1-13', '20-0', '8-4', '1-16', '22-0', '2-12', '13-1', '24-0', '0-25' ,
'15-1', '0-26', '5-8', '4-9', '12-2', '2-13', '9-4', '2-16', '8-5', '13-2' ,
'25-0', '26-0', '1-18', '15-2', '0-28', '28-0', '5-9', '4-12', '0-30', '18-1' ,
'9-5', '12-4', '1-20', '1-21', '0-33', '8-8', '0-34', '0-35', '1-24', '2-18' ,
'0-36', '20-1', '4-13', '22-1', '4-16', '30-0', '13-4', '5-12', '15-4', '24-1' ,
'33-0', '18-2', '2-20', '2-21', '34-0', '8-9', '35-0', '1-25', '9-8', '1-26' ,
'0-39', '2-24', '12-5', '37-0', '5-13', '20-2', '5-16', '22-2', '13-5', '25-1' ,
'0-42', '24-2', '26-1', '15-5', '39-0', '2-25', '4-18', '2-26', '9-9', '8-12' ,
'28-1', '1-28', '18-4', '0-44', '41-0', '12-8', '1-30', '4-20', '0-45', '4-21' ,
'0-46', '25-2', '13-8', '1-33', '8-13', '20-4', '8-16', '22-4', '4-24', '26-2' ,
'5-18', '1-34', '15-8', '1-35', '30-1', '2-28', '1-36', '28-2', '9-12', '24-4' ,
'44-0', '12-9', '33-1', '45-0', '2-30', '18-5', '0-52', '0-53', '46-0', '34-1' ,
'5-20', '35-1', '5-21', '4-25', '4-26', '2-33', '13-9', '9-13', '1-39', '5-24' ,
'37-1', '9-16', '2-34', '2-35', '0-54', '20-5', '22-5', '2-36', '50-0', '51-0' ,
'30-2', '15-9', '25-4', '0-55', '26-4', '8-18', '24-5', '12-12', '39-1', '33-2' ,
'0-57', '1-42', '18-8', '34-2', '5-25', '28-4', '35-2', '54-0', '0-59', '5-26' ,
'4-28', '2-39', '41-1', '13-12', '37-2', '8-20', '0-60', '8-21', '12-16', '1-44' ,
'12-13', '20-8', '4-30', '56-0', '22-8', '25-5', '8-24', '1-45', '9-18', '15-12' ,
'26-5', '1-46', '0-64', '2-42', '4-33', '30-4', '24-8', '39-2', '58-0', '13-13' ,
'18-9', '4-34', '4-35', '0-65', '4-36', '13-16', '28-5', '59-0', '5-28', '33-4' ,
'15-13', '44-1', '60-0', '34-4', '41-2', '9-20', '2-44', '9-21', '45-1', '15-16' ,
'35-4', '8-25', '46-1', '5-30', '20-9', '8-26', '1-52', '1-53', '22-9', '2-45' ,
'64-0', '9-24', '0-66', '37-4', '2-46', '25-8', '5-33', '4-39', '0-69', '65-0' ,
'26-8', '0-70', '30-5', '5-34', '24-9', '5-35', '12-18', '50-1', '1-54', '51-1' ,
'5-36', '18-12', '28-8', '44-2', '1-55', '33-5', '39-4', '0-73', '45-2', '9-25' ,
'0-76', '34-5', '4-42', '46-2', '2-52', '2-53', '35-5', '0-77', '13-18', '9-26' ,
'12-20', '20-12', '1-57', '22-12', '54-1', '66-0', '8-28', '12-21', '18-13', '41-4' ,
'69-0', '25-9', '37-5', '0-78', '70-0', '5-39', '1-59', '12-24', '8-30', '18-16' ,
'15-18', '2-54', '26-9', '4-44', '24-12', '1-60', '50-2', '56-1', '51-2', '74-0' ,
'0-81', '13-20', '30-8', '13-21', '75-0', '20-13', '28-9', '2-55', '8-33', '4-45' ,
'77-0', '22-13', '8-34', '13-24', '8-35', '20-16', '39-5', '15-20', '33-8', '4-46' ,
'5-42', '8-36', '58-1', '2-57', '15-21', '22-16', '1-64', '34-8', '35-8', '9-28' ,
'54-2', '15-24', '24-13', '59-1', '12-25', '1-65', '44-4', '2-59', '45-4', '24-16' ,
'41-5', '0-82', '12-26', '60-1', '46-4', '79-0', '9-30', '0-83', '81-0', '37-8' ,
'25-12', '2-60', '5-44', '0-86', '26-12', '56-2', '13-25', '4-52', '30-9', '4-53' ,
'64-1', '8-39', '9-33', '5-45', '13-26', '18-18', '9-34', '28-12', '65-1', '1-66' ,
'9-35', '5-46', '50-4', '2-64', '15-25', '9-36', '51-4', '58-2', '33-9', '25-13' ,
'1-69', '39-8', '15-26', '4-54', '35-9', '34-9', '1-70', '2-65', '25-16', '59-2' ,
'26-13', '0-89', '18-20', '12-28', '20-18', '0-90', '84-0', '44-5', '26-16', '18-21' ,
'60-2', '45-5', '4-55', '8-42', '41-8', '85-0', '46-5', '22-18', '37-9', '54-4' ,
'28-13', '1-73', '12-30', '28-16', '18-24', '86-0', '5-52', '5-53', '66-1', '4-57' ,
'1-76', '64-2', '9-39', '1-77', '24-18', '30-12', '0-92', '13-28', '0-93', '69-1' ,
'2-66', '20-21', '12-33', '20-20', '70-1', '4-59', '65-2', '2-69', '56-4', '8-44' ,
'33-12', '20-24', '1-78', '2-70', '50-5', '12-35', '12-34', '22-20', '39-9', '51-5' ,
'15-28', '5-54', '13-30', '4-60', '34-12', '74-1', '35-12', '12-36', '89-0', '8-45' ,
'24-21', '75-1', '90-0', '1-81', '8-46', '22-24', '77-1', '18-25', '0-97', '24-20' ,
'30-13', '0-98', '44-8', '58-4', '5-55', '9-42', '13-33', '0-100', '25-18', '41-9' ,
'2-73', '15-30', '45-8', '18-26', '59-4', '2-76', '37-12', '93-0', '92-0', '54-5' ,
'13-34', '4-64', '13-35', '2-77', '30-16', '24-24', '5-57', '46-8', '33-13', '66-2' ,
'13-36', '0-102', '0-103', '60-4', '34-16', '26-18', '4-65', '15-33', '34-13', '69-2' ,
'20-25', '5-59', '35-13', '70-2', '79-1', '22-25', '2-78', '9-44', '81-1', '12-39' ,
'15-35', '33-16', '15-34', '1-82', '8-52', '15-36', '35-16', '28-18', '8-53', '64-4' ,
'9-45', '56-5', '5-60', '1-83', '51-8', '20-26', '74-2', '39-12', '50-8', '2-81' ,
'25-20', '22-26', '5-64', '37-13', '25-21', '98-0', '99-0', '75-2', '1-86', '9-46' ,
'0-105', '37-16', '26-21', '0-106', '100-0', '77-2', '65-4', '26-20', '24-25', '13-39' ,
'4-66', '44-9', '58-5', '8-54', '24-26', '18-28', '45-9', '102-0', '101-0', '25-24' ,
'4-69', '46-9', '41-12', '12-42', '28-20', '20-28', '28-21', '4-70', '26-24', '59-5' ,
'54-8', '15-39', '5-65', '18-30', '8-55', '0-109', '39-13', '84-1', '60-5', '39-16' ,
'2-82', '1-89', '30-18', '79-2', '28-24', '1-90', '85-1', '81-2', '2-83', '8-57' ,
'66-4', '9-53', '9-52', '13-42', '18-33', '0-111', '0-112', '4-73', '20-30', '12-44' ,
'64-5', '22-28', '86-1', '56-8', '33-18', '69-4', '41-13', '25-25', '105-0', '2-86' ,
'4-76', '106-0', '51-9', '18-34', '18-35', '50-9', '8-59', '4-77', '70-4', '25-26' ,
'34-18', '41-16', '26-25', '12-45', '35-18', '15-42', '18-36', '5-66', '30-21', '65-5' ,
'22-30', '35-20', '1-93', '1-92', '9-54', '24-28', '8-60', '26-26', '74-4', '44-12' ,
'45-12', '12-46', '30-20', '4-78', '5-69', '75-4', '58-8', '0-114', '13-44', '5-70' ,
'28-25', '30-24', '20-34', '24-30', '20-35', '46-12', '77-4', '37-18', '89-1', '34-21' ,
'54-9', '28-26', '90-1', '35-21', '9-55', '22-33', '109-0', '4-81', '2-89', '59-8' ,
'84-2', '13-45', '2-90', '0-116', '20-33', '60-8', '15-44', '13-46', '8-64', '33-20' ,
'85-2', '9-57', '20-36', '110-0', '111-0', '1-97', '1-98', '24-33', '34-20', '5-73' ,
'22-36', '93-1', '92-1', '8-65', '66-5', '1-100', '22-35', '22-34', '50-12', '44-13' ,
'24-35', '86-2', '12-52', '5-76', '51-12', '18-39', '35-24', '56-9', '12-53', '45-13' ,
'5-77', '37-21', '9-59', '15-45', '69-5', '64-8', '46-13', '79-4', '0-121', '39-18' ,
'44-16', '25-28', '70-5', '15-46', '2-92', '37-20', '33-24', '81-4', '2-93', '24-36' ,
'1-102', '24-34', '1-103', '34-24', '26-34', '30-26', '45-16', '9-60', '26-28', '46-16' ,
'65-8', '4-82', '5-78', '30-25', '74-5', '114-0', '58-9', '25-30', '4-83', '37-24' ,
'33-25', '75-5', '12-54', '13-52', '13-53', '116-0', '20-39', '99-1', '98-1', '89-2' ,
'41-18', '22-39', '54-12', '28-28', '26-30', '8-66', '5-81', '90-2', '77-5', '4-86' ,
'18-42', '59-9', '34-26', '100-1', '50-13', '34-25', '51-13', '39-20', '2-97', '12-55' ,
'2-98', '39-21', '9-64', '60-9', '1-105', '8-69', '0-123', '2-100', '25-33', '0-124' ,
'1-106', '35-25', '8-70', '102-1', '101-1', '0-125', '25-34', '25-35', '28-30', '93-2' ,
'92-2', '9-65', '24-39', '15-52', '35-26', '26-33', '56-12', '13-54', '84-4', '0-128' ,
'50-16', '15-53', '33-26', '51-16', '12-57', '39-24', '121-0', '41-20', '66-8', '25-36' ,
'46-18', '2-102', '2-103', '18-44', '64-9', '41-21', '20-42', '85-4', '0-129', '79-5' ,
'69-8', '37-25', '26-36', '54-13', '81-5', '12-59', '8-73', '28-33', '13-55', '1-109' ,
'70-8', '4-89', '9-66', '26-35', '22-42', '37-26', '18-45', '86-4', '4-90', '5-82' ,
'15-54', '8-76', '41-24', '28-34', '0-131', '65-9', '5-83', '28-35', '8-77', '12-60' ,
'54-16', '30-28', '18-46', '44-18', '28-36', '58-12', '105-1', '13-57', '45-18', '106-1' ,
'74-8', '0-132', '24-42', '98-2', '99-2', '1-111', '1-112', '75-8', '5-86', '15-55' ,
'56-13', '123-0', '2-105', '20-45', '100-2', '20-44', '30-30', '77-8', '8-78', '22-44' ,
'2-106', '59-12', '125-0', '39-25', '25-39', '13-59', '9-69', '33-28', '4-92', '60-12' ,
'15-57', '127-0', '4-93', '33-30', '9-70', '20-46', '39-26', '22-46', '102-2', '101-2' ,
'34-28', '89-4', '12-64', '22-45', '128-0', '56-16', '26-39', '90-4', '35-28', '45-21' ,
'44-21', '0-135', '13-60', '34-30', '30-34', '8-81', '30-35', '129-0', '35-30', '84-5' ,
'66-9', '12-65', '15-59', '41-25', '1-114', '0-136', '50-18', '58-13', '24-44', '51-18' ,
'44-20', '18-52', '109-1', '18-53', '2-109', '64-12', '24-45', '69-9', '41-26', '28-39' ,
])

index_select (len=1000) = np.array([
0, 1, 2, 3, 4, 5, 6, 7, 8, 9 ,
10, 11, 12, 13, 14, 15, 16, 17, 18, 19 ,
20, 21, 22, 23, 24, 25, 26, 27, 28, 29 ,
30, 31, 32, 33, 34, 35, 36, 37, 38, 39 ,
40, 41, 42, 43, 44, 45, 46, 47, 48, 49 ,
50, 51, 52, 53, 54, 55, 56, 57, 58, 59 ,
60, 61, 62, 63, 64, 65, 66, 67, 68, 69 ,
70, 71, 72, 73, 74, 75, 76, 77, 78, 79 ,
80, 81, 82, 83, 84, 85, 86, 87, 88, 89 ,
90, 91, 92, 93, 94, 95, 96, 97, 98, 99 ,
100, 101, 102, 103, 104, 105, 106, 107, 108, 109 ,
110, 111, 112, 113, 114, 115, 116, 117, 118, 119 ,
120, 121, 122, 123, 124, 125, 126, 127, 128, 129 ,
130, 131, 132, 133, 134, 135, 136, 137, 138, 139 ,
140, 141, 142, 143, 144, 145, 146, 147, 148, 149 ,
150, 151, 152, 153, 154, 155, 156, 157, 158, 159 ,
160, 161, 162, 163, 164, 165, 166, 167, 168, 169 ,
170, 171, 172, 173, 174, 175, 176, 177, 178, 179 ,
180, 181, 182, 183, 184, 185, 186, 187, 188, 189 ,
190, 191, 192, 193, 194, 195, 196, 197, 198, 199 ,
200, 201, 202, 203, 204, 205, 206, 207, 208, 209 ,
210, 211, 212, 213, 214, 215, 216, 217, 218, 219 ,
220, 221, 222, 223, 224, 225, 226, 227, 228, 229 ,
230, 231, 232, 233, 234, 235, 236, 237, 238, 239 ,
240, 241, 242, 243, 244, 245, 246, 247, 248, 249 ,
250, 251, 252, 253, 254, 255, 256, 257, 258, 259 ,
260, 261, 262, 263, 264, 265, 266, 267, 268, 269 ,
270, 271, 272, 273, 274, 275, 276, 277, 278, 279 ,
280, 281, 282, 283, 284, 285, 286, 287, 288, 289 ,
290, 291, 292, 293, 294, 295, 296, 297, 298, 299 ,
300, 301, 302, 303, 304, 305, 306, 307, 308, 309 ,
310, 311, 312, 313, 314, 315, 316, 317, 318, 319 ,
320, 321, 322, 323, 324, 325, 326, 327, 328, 329 ,
330, 331, 332, 333, 334, 335, 336, 337, 338, 339 ,
340, 341, 342, 343, 344, 345, 346, 347, 348, 349 ,
350, 351, 352, 353, 354, 355, 356, 357, 358, 359 ,
360, 361, 362, 363, 364, 365, 366, 367, 368, 369 ,
370, 371, 372, 373, 374, 375, 376, 377, 378, 379 ,
380, 381, 382, 383, 384, 385, 386, 387, 388, 389 ,
390, 391, 392, 393, 394, 395, 396, 397, 398, 399 ,
400, 401, 402, 403, 404, 405, 406, 407, 408, 409 ,
410, 411, 412, 413, 414, 415, 416, 417, 418, 419 ,
420, 421, 422, 423, 424, 425, 426, 427, 428, 429 ,
430, 431, 432, 433, 434, 435, 436, 437, 438, 439 ,
440, 441, 442, 443, 444, 445, 446, 447, 448, 449 ,
450, 451, 452, 453, 454, 455, 456, 457, 458, 459 ,
460, 461, 462, 463, 464, 465, 466, 467, 468, 469 ,
470, 471, 472, 473, 474, 475, 476, 477, 478, 479 ,
480, 481, 482, 483, 484, 485, 486, 487, 488, 489 ,
490, 491, 492, 493, 494, 495, 496, 497, 498, 499 ,
500, 501, 502, 503, 504, 505, 506, 507, 508, 509 ,
510, 511, 512, 513, 514, 515, 516, 517, 518, 519 ,
520, 521, 522, 523, 524, 525, 526, 527, 528, 529 ,
530, 531, 532, 533, 534, 535, 536, 537, 538, 539 ,
540, 541, 542, 543, 544, 545, 546, 547, 548, 549 ,
550, 551, 552, 553, 554, 555, 556, 557, 558, 559 ,
560, 561, 562, 563, 564, 565, 566, 567, 568, 569 ,
570, 571, 572, 573, 574, 575, 576, 577, 578, 579 ,
580, 581, 582, 583, 584, 585, 586, 587, 588, 589 ,
590, 591, 592, 593, 594, 595, 596, 597, 598, 599 ,
600, 601, 602, 603, 604, 605, 606, 607, 608, 609 ,
610, 611, 612, 613, 614, 615, 616, 617, 618, 619 ,
620, 621, 622, 623, 624, 625, 626, 627, 628, 629 ,
630, 631, 632, 633, 634, 635, 636, 637, 638, 639 ,
640, 641, 642, 643, 644, 645, 646, 647, 648, 649 ,
650, 651, 652, 653, 654, 655, 656, 657, 658, 659 ,
660, 661, 662, 663, 664, 665, 666, 667, 668, 669 ,
670, 671, 672, 673, 674, 675, 676, 677, 678, 679 ,
680, 681, 682, 683, 684, 685, 686, 687, 688, 689 ,
690, 691, 692, 693, 694, 695, 696, 697, 698, 699 ,
700, 701, 702, 703, 704, 705, 706, 707, 708, 709 ,
710, 711, 712, 713, 714, 715, 716, 717, 718, 719 ,
720, 721, 722, 723, 724, 725, 726, 727, 728, 729 ,
730, 731, 732, 733, 734, 735, 736, 737, 738, 739 ,
740, 741, 742, 743, 744, 745, 746, 747, 748, 749 ,
750, 751, 752, 753, 754, 755, 756, 757, 758, 759 ,
760, 761, 762, 763, 764, 765, 766, 767, 768, 769 ,
770, 771, 772, 773, 774, 775, 776, 777, 778, 779 ,
780, 781, 782, 783, 784, 785, 786, 787, 788, 789 ,
790, 791, 792, 793, 794, 795, 796, 797, 798, 799 ,
800, 801, 802, 803, 804, 805, 806, 807, 808, 809 ,
810, 811, 812, 813, 814, 815, 816, 817, 818, 819 ,
820, 821, 822, 823, 824, 825, 826, 827, 828, 829 ,
830, 831, 832, 833, 834, 835, 836, 837, 838, 839 ,
840, 841, 842, 843, 844, 845, 846, 847, 848, 849 ,
850, 851, 852, 853, 854, 855, 856, 857, 858, 859 ,
860, 861, 862, 863, 864, 865, 866, 867, 868, 869 ,
870, 871, 872, 873, 874, 875, 876, 877, 878, 879 ,
880, 881, 882, 883, 884, 885, 886, 887, 888, 889 ,
890, 891, 892, 893, 894, 895, 896, 897, 898, 899 ,
900, 901, 902, 903, 904, 905, 906, 907, 908, 909 ,
910, 911, 912, 913, 914, 915, 916, 917, 918, 919 ,
920, 921, 922, 923, 924, 925, 926, 927, 928, 929 ,
930, 931, 932, 933, 934, 935, 936, 937, 938, 939 ,
940, 941, 942, 943, 944, 945, 946, 947, 948, 949 ,
950, 951, 952, 953, 954, 955, 956, 957, 958, 959 ,
960, 961, 962, 963, 964, 965, 966, 967, 968, 969 ,
970, 971, 972, 973, 974, 975, 976, 977, 978, 979 ,
980, 981, 982, 983, 984, 985, 986, 987, 988, 989 ,
990, 991, 992, 993, 994, 995, 996, 997, 998, 999 ,
])

f_ideal_1000 = np.array([
-2.95314666 ,
])

===== Memory usage =====
[n_truc=1000, tg=19] Peak RSS: 10.44 GB
[n_truc=1000, tg=19] Peak PSS: 2.42 GB

Current China Time: 2026-08-04 10:13:23.859166+08:00

============================================================


----- n_truc=1000, tg=20 -----

hspace_select (len=1000) = np.array([
'0-0', '0-1', '1-0', '0-2', '2-0', '0-4', '4-0', '1-1', '0-5', '2-1' ,
'5-0', '1-2', '0-8', '2-2', '8-0', '1-4', '4-1', '0-9', '2-4', '9-0' ,
'1-5', '5-1', '4-2', '0-12', '2-5', '1-8', '5-2', '12-0', '0-13', '0-16' ,
'8-1', '4-4', '13-0', '15-0', '2-8', '1-9', '9-1', '8-2', '5-4', '4-5' ,
'0-18', '2-9', '1-12', '0-20', '18-0', '0-21', '9-2', '12-1', '5-5', '0-24' ,
'4-8', '1-13', '20-0', '8-4', '1-16', '22-0', '2-12', '13-1', '24-0', '0-25' ,
'15-1', '0-26', '5-8', '4-9', '12-2', '2-13', '9-4', '2-16', '8-5', '13-2' ,
'25-0', '26-0', '1-18', '15-2', '0-28', '28-0', '5-9', '4-12', '0-30', '18-1' ,
'9-5', '12-4', '1-20', '1-21', '0-33', '8-8', '0-34', '0-35', '1-24', '2-18' ,
'0-36', '20-1', '4-13', '22-1', '4-16', '30-0', '13-4', '5-12', '15-4', '24-1' ,
'33-0', '18-2', '2-20', '2-21', '34-0', '8-9', '35-0', '1-25', '9-8', '1-26' ,
'0-39', '2-24', '12-5', '37-0', '5-13', '20-2', '5-16', '22-2', '13-5', '25-1' ,
'0-42', '24-2', '26-1', '15-5', '39-0', '2-25', '4-18', '2-26', '9-9', '8-12' ,
'28-1', '1-28', '18-4', '0-44', '41-0', '12-8', '1-30', '4-20', '0-45', '4-21' ,
'0-46', '25-2', '13-8', '1-33', '8-13', '20-4', '8-16', '22-4', '4-24', '26-2' ,
'5-18', '1-34', '15-8', '1-35', '30-1', '2-28', '1-36', '28-2', '9-12', '24-4' ,
'44-0', '12-9', '33-1', '45-0', '2-30', '18-5', '0-52', '0-53', '46-0', '34-1' ,
'5-20', '35-1', '5-21', '4-25', '4-26', '2-33', '13-9', '9-13', '1-39', '5-24' ,
'37-1', '9-16', '2-34', '2-35', '0-54', '20-5', '22-5', '2-36', '50-0', '51-0' ,
'30-2', '15-9', '25-4', '0-55', '26-4', '8-18', '24-5', '12-12', '39-1', '33-2' ,
'0-57', '1-42', '18-8', '34-2', '5-25', '28-4', '35-2', '54-0', '0-59', '5-26' ,
'4-28', '2-39', '41-1', '13-12', '37-2', '8-20', '0-60', '8-21', '12-16', '1-44' ,
'12-13', '20-8', '4-30', '56-0', '22-8', '25-5', '8-24', '1-45', '9-18', '15-12' ,
'26-5', '1-46', '0-64', '2-42', '4-33', '30-4', '24-8', '39-2', '58-0', '13-13' ,
'18-9', '4-34', '4-35', '0-65', '4-36', '13-16', '28-5', '59-0', '5-28', '33-4' ,
'15-13', '44-1', '60-0', '34-4', '41-2', '9-20', '2-44', '9-21', '45-1', '15-16' ,
'35-4', '8-25', '46-1', '5-30', '20-9', '8-26', '1-52', '1-53', '22-9', '2-45' ,
'64-0', '9-24', '0-66', '37-4', '2-46', '25-8', '5-33', '4-39', '0-69', '65-0' ,
'26-8', '0-70', '30-5', '5-34', '24-9', '5-35', '12-18', '50-1', '1-54', '51-1' ,
'5-36', '18-12', '28-8', '44-2', '1-55', '33-5', '39-4', '0-73', '45-2', '9-25' ,
'0-76', '34-5', '4-42', '46-2', '2-52', '2-53', '35-5', '0-77', '13-18', '9-26' ,
'12-20', '20-12', '1-57', '22-12', '54-1', '66-0', '8-28', '12-21', '18-13', '41-4' ,
'69-0', '25-9', '37-5', '0-78', '70-0', '5-39', '1-59', '12-24', '8-30', '18-16' ,
'15-18', '2-54', '26-9', '4-44', '24-12', '1-60', '50-2', '56-1', '51-2', '74-0' ,
'0-81', '13-20', '30-8', '13-21', '75-0', '20-13', '28-9', '2-55', '8-33', '4-45' ,
'77-0', '22-13', '8-34', '13-24', '8-35', '20-16', '39-5', '15-20', '33-8', '4-46' ,
'5-42', '8-36', '58-1', '2-57', '15-21', '22-16', '1-64', '34-8', '35-8', '9-28' ,
'54-2', '15-24', '24-13', '59-1', '12-25', '1-65', '44-4', '2-59', '45-4', '24-16' ,
'41-5', '0-82', '12-26', '60-1', '46-4', '79-0', '9-30', '0-83', '81-0', '37-8' ,
'25-12', '2-60', '5-44', '0-86', '26-12', '56-2', '13-25', '4-52', '30-9', '4-53' ,
'64-1', '8-39', '9-33', '5-45', '13-26', '18-18', '9-34', '28-12', '65-1', '1-66' ,
'9-35', '5-46', '50-4', '2-64', '15-25', '9-36', '51-4', '58-2', '33-9', '25-13' ,
'1-69', '39-8', '15-26', '4-54', '35-9', '34-9', '1-70', '2-65', '25-16', '59-2' ,
'26-13', '0-89', '18-20', '12-28', '20-18', '0-90', '84-0', '44-5', '26-16', '18-21' ,
'60-2', '45-5', '4-55', '8-42', '41-8', '85-0', '46-5', '22-18', '37-9', '54-4' ,
'28-13', '1-73', '12-30', '28-16', '18-24', '86-0', '5-52', '5-53', '66-1', '4-57' ,
'1-76', '64-2', '9-39', '1-77', '24-18', '30-12', '0-92', '13-28', '0-93', '69-1' ,
'2-66', '20-21', '12-33', '20-20', '70-1', '4-59', '65-2', '2-69', '56-4', '8-44' ,
'33-12', '20-24', '1-78', '2-70', '50-5', '12-35', '12-34', '22-20', '39-9', '51-5' ,
'15-28', '5-54', '13-30', '4-60', '34-12', '74-1', '35-12', '12-36', '89-0', '8-45' ,
'24-21', '75-1', '90-0', '1-81', '8-46', '22-24', '77-1', '18-25', '0-97', '24-20' ,
'30-13', '0-98', '44-8', '58-4', '5-55', '9-42', '13-33', '0-100', '25-18', '41-9' ,
'2-73', '15-30', '45-8', '18-26', '59-4', '2-76', '37-12', '93-0', '92-0', '54-5' ,
'13-34', '4-64', '13-35', '2-77', '30-16', '24-24', '5-57', '46-8', '33-13', '66-2' ,
'13-36', '0-102', '0-103', '60-4', '34-16', '26-18', '4-65', '15-33', '34-13', '69-2' ,
'20-25', '5-59', '35-13', '70-2', '79-1', '22-25', '2-78', '9-44', '81-1', '12-39' ,
'15-35', '33-16', '15-34', '1-82', '8-52', '15-36', '35-16', '28-18', '8-53', '64-4' ,
'9-45', '56-5', '5-60', '1-83', '51-8', '20-26', '74-2', '39-12', '50-8', '2-81' ,
'25-20', '22-26', '5-64', '37-13', '25-21', '98-0', '99-0', '75-2', '1-86', '9-46' ,
'0-105', '37-16', '26-21', '0-106', '100-0', '77-2', '65-4', '26-20', '24-25', '13-39' ,
'4-66', '44-9', '58-5', '8-54', '24-26', '18-28', '45-9', '102-0', '101-0', '25-24' ,
'4-69', '46-9', '41-12', '12-42', '28-20', '20-28', '28-21', '4-70', '26-24', '59-5' ,
'54-8', '15-39', '5-65', '18-30', '8-55', '0-109', '39-13', '84-1', '60-5', '39-16' ,
'2-82', '1-89', '30-18', '79-2', '28-24', '1-90', '85-1', '81-2', '2-83', '8-57' ,
'66-4', '9-53', '9-52', '13-42', '18-33', '0-111', '0-112', '4-73', '20-30', '12-44' ,
'64-5', '22-28', '86-1', '56-8', '33-18', '69-4', '41-13', '25-25', '105-0', '2-86' ,
'4-76', '106-0', '51-9', '18-34', '18-35', '50-9', '8-59', '4-77', '70-4', '25-26' ,
'34-18', '41-16', '26-25', '12-45', '35-18', '15-42', '18-36', '5-66', '30-21', '65-5' ,
'22-30', '35-20', '1-93', '1-92', '9-54', '24-28', '8-60', '26-26', '74-4', '44-12' ,
'45-12', '12-46', '30-20', '4-78', '5-69', '75-4', '58-8', '0-114', '13-44', '5-70' ,
'28-25', '30-24', '20-34', '24-30', '20-35', '46-12', '77-4', '37-18', '89-1', '34-21' ,
'54-9', '28-26', '90-1', '35-21', '9-55', '22-33', '109-0', '4-81', '2-89', '59-8' ,
'84-2', '13-45', '2-90', '0-116', '20-33', '60-8', '15-44', '13-46', '8-64', '33-20' ,
'85-2', '9-57', '20-36', '110-0', '111-0', '1-97', '1-98', '24-33', '34-20', '5-73' ,
'22-36', '93-1', '92-1', '8-65', '66-5', '1-100', '22-35', '22-34', '50-12', '44-13' ,
'24-35', '86-2', '12-52', '5-76', '51-12', '18-39', '35-24', '56-9', '12-53', '45-13' ,
'5-77', '37-21', '9-59', '15-45', '69-5', '64-8', '46-13', '79-4', '0-121', '39-18' ,
'44-16', '25-28', '70-5', '15-46', '2-92', '37-20', '33-24', '81-4', '2-93', '24-36' ,
'1-102', '24-34', '1-103', '34-24', '26-34', '30-26', '45-16', '9-60', '26-28', '46-16' ,
'65-8', '4-82', '5-78', '30-25', '74-5', '114-0', '58-9', '25-30', '4-83', '37-24' ,
'33-25', '75-5', '12-54', '13-52', '13-53', '116-0', '20-39', '99-1', '98-1', '89-2' ,
'41-18', '22-39', '54-12', '28-28', '26-30', '8-66', '5-81', '90-2', '77-5', '4-86' ,
'18-42', '59-9', '34-26', '100-1', '50-13', '34-25', '51-13', '39-20', '2-97', '12-55' ,
'2-98', '39-21', '9-64', '60-9', '1-105', '8-69', '0-123', '2-100', '25-33', '0-124' ,
'1-106', '35-25', '8-70', '102-1', '101-1', '0-125', '25-34', '25-35', '28-30', '93-2' ,
'92-2', '9-65', '24-39', '15-52', '35-26', '26-33', '56-12', '13-54', '84-4', '0-128' ,
'50-16', '15-53', '33-26', '51-16', '12-57', '39-24', '121-0', '41-20', '66-8', '25-36' ,
'46-18', '2-102', '2-103', '18-44', '64-9', '41-21', '20-42', '85-4', '0-129', '79-5' ,
'69-8', '37-25', '26-36', '54-13', '81-5', '12-59', '8-73', '28-33', '13-55', '1-109' ,
'70-8', '4-89', '9-66', '26-35', '22-42', '37-26', '18-45', '86-4', '4-90', '5-82' ,
'15-54', '8-76', '41-24', '28-34', '0-131', '65-9', '5-83', '28-35', '8-77', '12-60' ,
'54-16', '30-28', '18-46', '44-18', '28-36', '58-12', '105-1', '13-57', '45-18', '106-1' ,
'74-8', '0-132', '24-42', '98-2', '99-2', '1-111', '1-112', '75-8', '5-86', '15-55' ,
'56-13', '123-0', '2-105', '20-45', '100-2', '20-44', '30-30', '77-8', '8-78', '22-44' ,
'2-106', '59-12', '125-0', '39-25', '25-39', '13-59', '9-69', '33-28', '4-92', '60-12' ,
'15-57', '127-0', '4-93', '33-30', '9-70', '20-46', '39-26', '22-46', '102-2', '101-2' ,
'34-28', '89-4', '12-64', '22-45', '128-0', '56-16', '26-39', '90-4', '35-28', '45-21' ,
'44-21', '0-135', '13-60', '34-30', '30-34', '8-81', '30-35', '129-0', '35-30', '84-5' ,
'66-9', '12-65', '15-59', '41-25', '1-114', '0-136', '50-18', '58-13', '24-44', '51-18' ,
'44-20', '18-52', '109-1', '18-53', '2-109', '64-12', '24-45', '69-9', '41-26', '28-39' ,
])

index_select (len=1000) = np.array([
0, 1, 2, 3, 4, 5, 6, 7, 8, 9 ,
10, 11, 12, 13, 14, 15, 16, 17, 18, 19 ,
20, 21, 22, 23, 24, 25, 26, 27, 28, 29 ,
30, 31, 32, 33, 34, 35, 36, 37, 38, 39 ,
40, 41, 42, 43, 44, 45, 46, 47, 48, 49 ,
50, 51, 52, 53, 54, 55, 56, 57, 58, 59 ,
60, 61, 62, 63, 64, 65, 66, 67, 68, 69 ,
70, 71, 72, 73, 74, 75, 76, 77, 78, 79 ,
80, 81, 82, 83, 84, 85, 86, 87, 88, 89 ,
90, 91, 92, 93, 94, 95, 96, 97, 98, 99 ,
100, 101, 102, 103, 104, 105, 106, 107, 108, 109 ,
110, 111, 112, 113, 114, 115, 116, 117, 118, 119 ,
120, 121, 122, 123, 124, 125, 126, 127, 128, 129 ,
130, 131, 132, 133, 134, 135, 136, 137, 138, 139 ,
140, 141, 142, 143, 144, 145, 146, 147, 148, 149 ,
150, 151, 152, 153, 154, 155, 156, 157, 158, 159 ,
160, 161, 162, 163, 164, 165, 166, 167, 168, 169 ,
170, 171, 172, 173, 174, 175, 176, 177, 178, 179 ,
180, 181, 182, 183, 184, 185, 186, 187, 188, 189 ,
190, 191, 192, 193, 194, 195, 196, 197, 198, 199 ,
200, 201, 202, 203, 204, 205, 206, 207, 208, 209 ,
210, 211, 212, 213, 214, 215, 216, 217, 218, 219 ,
220, 221, 222, 223, 224, 225, 226, 227, 228, 229 ,
230, 231, 232, 233, 234, 235, 236, 237, 238, 239 ,
240, 241, 242, 243, 244, 245, 246, 247, 248, 249 ,
250, 251, 252, 253, 254, 255, 256, 257, 258, 259 ,
260, 261, 262, 263, 264, 265, 266, 267, 268, 269 ,
270, 271, 272, 273, 274, 275, 276, 277, 278, 279 ,
280, 281, 282, 283, 284, 285, 286, 287, 288, 289 ,
290, 291, 292, 293, 294, 295, 296, 297, 298, 299 ,
300, 301, 302, 303, 304, 305, 306, 307, 308, 309 ,
310, 311, 312, 313, 314, 315, 316, 317, 318, 319 ,
320, 321, 322, 323, 324, 325, 326, 327, 328, 329 ,
330, 331, 332, 333, 334, 335, 336, 337, 338, 339 ,
340, 341, 342, 343, 344, 345, 346, 347, 348, 349 ,
350, 351, 352, 353, 354, 355, 356, 357, 358, 359 ,
360, 361, 362, 363, 364, 365, 366, 367, 368, 369 ,
370, 371, 372, 373, 374, 375, 376, 377, 378, 379 ,
380, 381, 382, 383, 384, 385, 386, 387, 388, 389 ,
390, 391, 392, 393, 394, 395, 396, 397, 398, 399 ,
400, 401, 402, 403, 404, 405, 406, 407, 408, 409 ,
410, 411, 412, 413, 414, 415, 416, 417, 418, 419 ,
420, 421, 422, 423, 424, 425, 426, 427, 428, 429 ,
430, 431, 432, 433, 434, 435, 436, 437, 438, 439 ,
440, 441, 442, 443, 444, 445, 446, 447, 448, 449 ,
450, 451, 452, 453, 454, 455, 456, 457, 458, 459 ,
460, 461, 462, 463, 464, 465, 466, 467, 468, 469 ,
470, 471, 472, 473, 474, 475, 476, 477, 478, 479 ,
480, 481, 482, 483, 484, 485, 486, 487, 488, 489 ,
490, 491, 492, 493, 494, 495, 496, 497, 498, 499 ,
500, 501, 502, 503, 504, 505, 506, 507, 508, 509 ,
510, 511, 512, 513, 514, 515, 516, 517, 518, 519 ,
520, 521, 522, 523, 524, 525, 526, 527, 528, 529 ,
530, 531, 532, 533, 534, 535, 536, 537, 538, 539 ,
540, 541, 542, 543, 544, 545, 546, 547, 548, 549 ,
550, 551, 552, 553, 554, 555, 556, 557, 558, 559 ,
560, 561, 562, 563, 564, 565, 566, 567, 568, 569 ,
570, 571, 572, 573, 574, 575, 576, 577, 578, 579 ,
580, 581, 582, 583, 584, 585, 586, 587, 588, 589 ,
590, 591, 592, 593, 594, 595, 596, 597, 598, 599 ,
600, 601, 602, 603, 604, 605, 606, 607, 608, 609 ,
610, 611, 612, 613, 614, 615, 616, 617, 618, 619 ,
620, 621, 622, 623, 624, 625, 626, 627, 628, 629 ,
630, 631, 632, 633, 634, 635, 636, 637, 638, 639 ,
640, 641, 642, 643, 644, 645, 646, 647, 648, 649 ,
650, 651, 652, 653, 654, 655, 656, 657, 658, 659 ,
660, 661, 662, 663, 664, 665, 666, 667, 668, 669 ,
670, 671, 672, 673, 674, 675, 676, 677, 678, 679 ,
680, 681, 682, 683, 684, 685, 686, 687, 688, 689 ,
690, 691, 692, 693, 694, 695, 696, 697, 698, 699 ,
700, 701, 702, 703, 704, 705, 706, 707, 708, 709 ,
710, 711, 712, 713, 714, 715, 716, 717, 718, 719 ,
720, 721, 722, 723, 724, 725, 726, 727, 728, 729 ,
730, 731, 732, 733, 734, 735, 736, 737, 738, 739 ,
740, 741, 742, 743, 744, 745, 746, 747, 748, 749 ,
750, 751, 752, 753, 754, 755, 756, 757, 758, 759 ,
760, 761, 762, 763, 764, 765, 766, 767, 768, 769 ,
770, 771, 772, 773, 774, 775, 776, 777, 778, 779 ,
780, 781, 782, 783, 784, 785, 786, 787, 788, 789 ,
790, 791, 792, 793, 794, 795, 796, 797, 798, 799 ,
800, 801, 802, 803, 804, 805, 806, 807, 808, 809 ,
810, 811, 812, 813, 814, 815, 816, 817, 818, 819 ,
820, 821, 822, 823, 824, 825, 826, 827, 828, 829 ,
830, 831, 832, 833, 834, 835, 836, 837, 838, 839 ,
840, 841, 842, 843, 844, 845, 846, 847, 848, 849 ,
850, 851, 852, 853, 854, 855, 856, 857, 858, 859 ,
860, 861, 862, 863, 864, 865, 866, 867, 868, 869 ,
870, 871, 872, 873, 874, 875, 876, 877, 878, 879 ,
880, 881, 882, 883, 884, 885, 886, 887, 888, 889 ,
890, 891, 892, 893, 894, 895, 896, 897, 898, 899 ,
900, 901, 902, 903, 904, 905, 906, 907, 908, 909 ,
910, 911, 912, 913, 914, 915, 916, 917, 918, 919 ,
920, 921, 922, 923, 924, 925, 926, 927, 928, 929 ,
930, 931, 932, 933, 934, 935, 936, 937, 938, 939 ,
940, 941, 942, 943, 944, 945, 946, 947, 948, 949 ,
950, 951, 952, 953, 954, 955, 956, 957, 958, 959 ,
960, 961, 962, 963, 964, 965, 966, 967, 968, 969 ,
970, 971, 972, 973, 974, 975, 976, 977, 978, 979 ,
980, 981, 982, 983, 984, 985, 986, 987, 988, 989 ,
990, 991, 992, 993, 994, 995, 996, 997, 998, 999 ,
])

f_ideal_1000 = np.array([
-3.17697408 ,
])

===== Memory usage =====
[n_truc=1000, tg=20] Peak RSS: 10.62 GB
[n_truc=1000, tg=20] Peak PSS: 2.46 GB

Current China Time: 2026-08-04 10:30:39.227411+08:00

============================================================


----- n_truc=1000, tg=21 -----

hspace_select (len=1000) = np.array([
'0-0', '0-1', '1-0', '0-2', '2-0', '0-4', '4-0', '1-1', '0-5', '2-1' ,
'5-0', '1-2', '0-8', '2-2', '8-0', '1-4', '4-1', '0-9', '2-4', '9-0' ,
'1-5', '5-1', '4-2', '0-12', '2-5', '1-8', '5-2', '12-0', '0-13', '0-16' ,
'8-1', '4-4', '13-0', '15-0', '2-8', '1-9', '9-1', '8-2', '5-4', '4-5' ,
'0-18', '2-9', '1-12', '0-20', '18-0', '0-21', '9-2', '12-1', '5-5', '0-24' ,
'4-8', '1-13', '20-0', '8-4', '1-16', '22-0', '2-12', '13-1', '24-0', '0-25' ,
'15-1', '0-26', '5-8', '4-9', '12-2', '2-13', '9-4', '2-16', '8-5', '13-2' ,
'25-0', '26-0', '1-18', '15-2', '0-28', '28-0', '5-9', '4-12', '0-30', '18-1' ,
'9-5', '12-4', '1-20', '1-21', '0-33', '8-8', '0-34', '0-35', '1-24', '2-18' ,
'0-36', '20-1', '4-13', '22-1', '4-16', '30-0', '13-4', '5-12', '15-4', '24-1' ,
'33-0', '18-2', '2-20', '2-21', '34-0', '8-9', '35-0', '1-25', '9-8', '1-26' ,
'0-39', '2-24', '12-5', '37-0', '5-13', '20-2', '5-16', '22-2', '13-5', '25-1' ,
'0-42', '24-2', '26-1', '15-5', '39-0', '2-25', '4-18', '2-26', '9-9', '8-12' ,
'28-1', '1-28', '18-4', '0-44', '41-0', '12-8', '1-30', '4-20', '0-45', '4-21' ,
'0-46', '25-2', '13-8', '1-33', '8-13', '20-4', '8-16', '22-4', '4-24', '26-2' ,
'5-18', '1-34', '15-8', '1-35', '30-1', '2-28', '1-36', '28-2', '9-12', '24-4' ,
'44-0', '12-9', '33-1', '45-0', '2-30', '18-5', '0-52', '0-53', '46-0', '34-1' ,
'5-20', '35-1', '5-21', '4-25', '4-26', '2-33', '13-9', '9-13', '1-39', '5-24' ,
'37-1', '9-16', '2-34', '2-35', '0-54', '20-5', '22-5', '2-36', '50-0', '51-0' ,
'30-2', '15-9', '25-4', '0-55', '26-4', '8-18', '24-5', '12-12', '39-1', '33-2' ,
'0-57', '1-42', '18-8', '34-2', '5-25', '28-4', '35-2', '54-0', '0-59', '5-26' ,
'4-28', '2-39', '41-1', '13-12', '37-2', '8-20', '0-60', '8-21', '12-16', '1-44' ,
'12-13', '20-8', '4-30', '56-0', '22-8', '25-5', '8-24', '1-45', '9-18', '15-12' ,
'26-5', '1-46', '0-64', '2-42', '4-33', '30-4', '24-8', '39-2', '58-0', '13-13' ,
'18-9', '4-34', '4-35', '0-65', '4-36', '13-16', '28-5', '59-0', '5-28', '33-4' ,
'15-13', '44-1', '60-0', '34-4', '41-2', '9-20', '2-44', '9-21', '45-1', '15-16' ,
'35-4', '8-25', '46-1', '5-30', '20-9', '8-26', '1-52', '1-53', '22-9', '2-45' ,
'64-0', '9-24', '0-66', '37-4', '2-46', '25-8', '5-33', '4-39', '0-69', '65-0' ,
'26-8', '0-70', '30-5', '5-34', '24-9', '5-35', '12-18', '50-1', '1-54', '51-1' ,
'5-36', '18-12', '28-8', '44-2', '1-55', '33-5', '39-4', '0-73', '45-2', '9-25' ,
'0-76', '34-5', '4-42', '46-2', '2-52', '2-53', '35-5', '0-77', '13-18', '9-26' ,
'12-20', '20-12', '1-57', '22-12', '54-1', '66-0', '8-28', '12-21', '18-13', '41-4' ,
'69-0', '25-9', '37-5', '0-78', '70-0', '5-39', '1-59', '12-24', '8-30', '18-16' ,
'15-18', '2-54', '26-9', '4-44', '24-12', '1-60', '50-2', '56-1', '51-2', '74-0' ,
'0-81', '13-20', '30-8', '13-21', '75-0', '20-13', '28-9', '2-55', '8-33', '4-45' ,
'77-0', '22-13', '8-34', '13-24', '8-35', '20-16', '39-5', '15-20', '33-8', '4-46' ,
'5-42', '8-36', '58-1', '2-57', '15-21', '22-16', '1-64', '34-8', '35-8', '9-28' ,
'54-2', '15-24', '24-13', '59-1', '12-25', '1-65', '44-4', '2-59', '45-4', '24-16' ,
'41-5', '0-82', '12-26', '60-1', '46-4', '79-0', '9-30', '0-83', '81-0', '37-8' ,
'25-12', '2-60', '5-44', '0-86', '26-12', '56-2', '13-25', '4-52', '30-9', '4-53' ,
'64-1', '8-39', '9-33', '5-45', '13-26', '18-18', '9-34', '28-12', '65-1', '1-66' ,
'9-35', '5-46', '50-4', '2-64', '15-25', '9-36', '51-4', '58-2', '33-9', '25-13' ,
'1-69', '39-8', '15-26', '4-54', '35-9', '34-9', '1-70', '2-65', '25-16', '59-2' ,
'26-13', '0-89', '18-20', '12-28', '20-18', '0-90', '84-0', '44-5', '26-16', '18-21' ,
'60-2', '45-5', '4-55', '8-42', '41-8', '85-0', '46-5', '22-18', '37-9', '54-4' ,
'28-13', '1-73', '12-30', '28-16', '18-24', '86-0', '5-52', '5-53', '66-1', '4-57' ,
'1-76', '64-2', '9-39', '1-77', '24-18', '30-12', '0-92', '13-28', '0-93', '69-1' ,
'2-66', '20-21', '12-33', '20-20', '70-1', '4-59', '65-2', '2-69', '56-4', '8-44' ,
'33-12', '20-24', '1-78', '2-70', '50-5', '12-35', '12-34', '22-20', '39-9', '51-5' ,
'15-28', '5-54', '13-30', '4-60', '34-12', '74-1', '35-12', '12-36', '89-0', '8-45' ,
'24-21', '75-1', '90-0', '1-81', '8-46', '22-24', '77-1', '18-25', '0-97', '24-20' ,
'30-13', '0-98', '44-8', '58-4', '5-55', '9-42', '13-33', '0-100', '25-18', '41-9' ,
'2-73', '15-30', '45-8', '18-26', '59-4', '2-76', '37-12', '93-0', '92-0', '54-5' ,
'13-34', '4-64', '13-35', '2-77', '30-16', '24-24', '5-57', '46-8', '33-13', '66-2' ,
'13-36', '0-102', '0-103', '60-4', '34-16', '26-18', '4-65', '15-33', '34-13', '69-2' ,
'20-25', '5-59', '35-13', '70-2', '79-1', '22-25', '2-78', '9-44', '81-1', '12-39' ,
'15-35', '33-16', '15-34', '1-82', '8-52', '15-36', '35-16', '28-18', '8-53', '64-4' ,
'9-45', '56-5', '5-60', '1-83', '51-8', '20-26', '74-2', '39-12', '50-8', '2-81' ,
'25-20', '22-26', '5-64', '37-13', '25-21', '98-0', '99-0', '75-2', '1-86', '9-46' ,
'0-105', '37-16', '26-21', '0-106', '100-0', '77-2', '65-4', '26-20', '24-25', '13-39' ,
'4-66', '44-9', '58-5', '8-54', '24-26', '18-28', '45-9', '102-0', '101-0', '25-24' ,
'4-69', '46-9', '41-12', '12-42', '28-20', '20-28', '28-21', '4-70', '26-24', '59-5' ,
'54-8', '15-39', '5-65', '18-30', '8-55', '0-109', '39-13', '84-1', '60-5', '39-16' ,
'2-82', '1-89', '30-18', '79-2', '28-24', '1-90', '85-1', '81-2', '2-83', '8-57' ,
'66-4', '9-53', '9-52', '13-42', '18-33', '0-111', '0-112', '4-73', '20-30', '12-44' ,
'64-5', '22-28', '86-1', '56-8', '33-18', '69-4', '41-13', '25-25', '105-0', '2-86' ,
'4-76', '106-0', '51-9', '18-34', '18-35', '50-9', '8-59', '4-77', '70-4', '25-26' ,
'34-18', '41-16', '26-25', '12-45', '35-18', '15-42', '18-36', '5-66', '30-21', '65-5' ,
'22-30', '35-20', '1-93', '1-92', '9-54', '24-28', '8-60', '26-26', '74-4', '44-12' ,
'45-12', '12-46', '30-20', '4-78', '5-69', '75-4', '58-8', '0-114', '13-44', '5-70' ,
'28-25', '30-24', '20-34', '24-30', '20-35', '46-12', '77-4', '37-18', '89-1', '34-21' ,
'54-9', '28-26', '90-1', '35-21', '9-55', '22-33', '109-0', '4-81', '2-89', '59-8' ,
'84-2', '13-45', '2-90', '0-116', '20-33', '60-8', '15-44', '13-46', '8-64', '33-20' ,
'85-2', '9-57', '20-36', '110-0', '111-0', '1-97', '1-98', '24-33', '34-20', '5-73' ,
'22-36', '93-1', '92-1', '8-65', '66-5', '1-100', '22-35', '22-34', '50-12', '44-13' ,
'24-35', '86-2', '12-52', '5-76', '51-12', '18-39', '35-24', '56-9', '12-53', '45-13' ,
'5-77', '37-21', '9-59', '15-45', '69-5', '64-8', '46-13', '79-4', '0-121', '39-18' ,
'44-16', '25-28', '70-5', '15-46', '2-92', '37-20', '33-24', '81-4', '2-93', '24-36' ,
'1-102', '24-34', '1-103', '34-24', '26-34', '30-26', '45-16', '9-60', '26-28', '46-16' ,
'65-8', '4-82', '5-78', '30-25', '74-5', '114-0', '58-9', '25-30', '4-83', '37-24' ,
'33-25', '75-5', '12-54', '13-52', '13-53', '116-0', '20-39', '99-1', '98-1', '89-2' ,
'41-18', '22-39', '54-12', '28-28', '26-30', '8-66', '5-81', '90-2', '77-5', '4-86' ,
'18-42', '59-9', '34-26', '100-1', '50-13', '34-25', '51-13', '39-20', '2-97', '12-55' ,
'2-98', '39-21', '9-64', '60-9', '1-105', '8-69', '0-123', '2-100', '25-33', '0-124' ,
'1-106', '35-25', '8-70', '102-1', '101-1', '0-125', '25-34', '25-35', '28-30', '93-2' ,
'92-2', '9-65', '24-39', '15-52', '35-26', '26-33', '56-12', '13-54', '84-4', '0-128' ,
'50-16', '15-53', '33-26', '51-16', '12-57', '39-24', '121-0', '41-20', '66-8', '25-36' ,
'46-18', '2-102', '2-103', '18-44', '64-9', '41-21', '20-42', '85-4', '0-129', '79-5' ,
'69-8', '37-25', '26-36', '54-13', '81-5', '12-59', '8-73', '28-33', '13-55', '1-109' ,
'70-8', '4-89', '9-66', '26-35', '22-42', '37-26', '18-45', '86-4', '4-90', '5-82' ,
'15-54', '8-76', '41-24', '28-34', '0-131', '65-9', '5-83', '28-35', '8-77', '12-60' ,
'54-16', '30-28', '18-46', '44-18', '28-36', '58-12', '105-1', '13-57', '45-18', '106-1' ,
'74-8', '0-132', '24-42', '98-2', '99-2', '1-111', '1-112', '75-8', '5-86', '15-55' ,
'56-13', '123-0', '2-105', '20-45', '100-2', '20-44', '30-30', '77-8', '8-78', '22-44' ,
'2-106', '59-12', '125-0', '39-25', '25-39', '13-59', '9-69', '33-28', '4-92', '60-12' ,
'15-57', '127-0', '4-93', '33-30', '9-70', '20-46', '39-26', '22-46', '102-2', '101-2' ,
'34-28', '89-4', '12-64', '22-45', '128-0', '56-16', '26-39', '90-4', '35-28', '45-21' ,
'44-21', '0-135', '13-60', '34-30', '30-34', '8-81', '30-35', '129-0', '35-30', '84-5' ,
'66-9', '12-65', '15-59', '41-25', '1-114', '0-136', '50-18', '58-13', '24-44', '51-18' ,
'44-20', '18-52', '109-1', '18-53', '2-109', '64-12', '24-45', '69-9', '41-26', '28-39' ,
])

index_select (len=1000) = np.array([
0, 1, 2, 3, 4, 5, 6, 7, 8, 9 ,
10, 11, 12, 13, 14, 15, 16, 17, 18, 19 ,
20, 21, 22, 23, 24, 25, 26, 27, 28, 29 ,
30, 31, 32, 33, 34, 35, 36, 37, 38, 39 ,
40, 41, 42, 43, 44, 45, 46, 47, 48, 49 ,
50, 51, 52, 53, 54, 55, 56, 57, 58, 59 ,
60, 61, 62, 63, 64, 65, 66, 67, 68, 69 ,
70, 71, 72, 73, 74, 75, 76, 77, 78, 79 ,
80, 81, 82, 83, 84, 85, 86, 87, 88, 89 ,
90, 91, 92, 93, 94, 95, 96, 97, 98, 99 ,
100, 101, 102, 103, 104, 105, 106, 107, 108, 109 ,
110, 111, 112, 113, 114, 115, 116, 117, 118, 119 ,
120, 121, 122, 123, 124, 125, 126, 127, 128, 129 ,
130, 131, 132, 133, 134, 135, 136, 137, 138, 139 ,
140, 141, 142, 143, 144, 145, 146, 147, 148, 149 ,
150, 151, 152, 153, 154, 155, 156, 157, 158, 159 ,
160, 161, 162, 163, 164, 165, 166, 167, 168, 169 ,
170, 171, 172, 173, 174, 175, 176, 177, 178, 179 ,
180, 181, 182, 183, 184, 185, 186, 187, 188, 189 ,
190, 191, 192, 193, 194, 195, 196, 197, 198, 199 ,
200, 201, 202, 203, 204, 205, 206, 207, 208, 209 ,
210, 211, 212, 213, 214, 215, 216, 217, 218, 219 ,
220, 221, 222, 223, 224, 225, 226, 227, 228, 229 ,
230, 231, 232, 233, 234, 235, 236, 237, 238, 239 ,
240, 241, 242, 243, 244, 245, 246, 247, 248, 249 ,
250, 251, 252, 253, 254, 255, 256, 257, 258, 259 ,
260, 261, 262, 263, 264, 265, 266, 267, 268, 269 ,
270, 271, 272, 273, 274, 275, 276, 277, 278, 279 ,
280, 281, 282, 283, 284, 285, 286, 287, 288, 289 ,
290, 291, 292, 293, 294, 295, 296, 297, 298, 299 ,
300, 301, 302, 303, 304, 305, 306, 307, 308, 309 ,
310, 311, 312, 313, 314, 315, 316, 317, 318, 319 ,
320, 321, 322, 323, 324, 325, 326, 327, 328, 329 ,
330, 331, 332, 333, 334, 335, 336, 337, 338, 339 ,
340, 341, 342, 343, 344, 345, 346, 347, 348, 349 ,
350, 351, 352, 353, 354, 355, 356, 357, 358, 359 ,
360, 361, 362, 363, 364, 365, 366, 367, 368, 369 ,
370, 371, 372, 373, 374, 375, 376, 377, 378, 379 ,
380, 381, 382, 383, 384, 385, 386, 387, 388, 389 ,
390, 391, 392, 393, 394, 395, 396, 397, 398, 399 ,
400, 401, 402, 403, 404, 405, 406, 407, 408, 409 ,
410, 411, 412, 413, 414, 415, 416, 417, 418, 419 ,
420, 421, 422, 423, 424, 425, 426, 427, 428, 429 ,
430, 431, 432, 433, 434, 435, 436, 437, 438, 439 ,
440, 441, 442, 443, 444, 445, 446, 447, 448, 449 ,
450, 451, 452, 453, 454, 455, 456, 457, 458, 459 ,
460, 461, 462, 463, 464, 465, 466, 467, 468, 469 ,
470, 471, 472, 473, 474, 475, 476, 477, 478, 479 ,
480, 481, 482, 483, 484, 485, 486, 487, 488, 489 ,
490, 491, 492, 493, 494, 495, 496, 497, 498, 499 ,
500, 501, 502, 503, 504, 505, 506, 507, 508, 509 ,
510, 511, 512, 513, 514, 515, 516, 517, 518, 519 ,
520, 521, 522, 523, 524, 525, 526, 527, 528, 529 ,
530, 531, 532, 533, 534, 535, 536, 537, 538, 539 ,
540, 541, 542, 543, 544, 545, 546, 547, 548, 549 ,
550, 551, 552, 553, 554, 555, 556, 557, 558, 559 ,
560, 561, 562, 563, 564, 565, 566, 567, 568, 569 ,
570, 571, 572, 573, 574, 575, 576, 577, 578, 579 ,
580, 581, 582, 583, 584, 585, 586, 587, 588, 589 ,
590, 591, 592, 593, 594, 595, 596, 597, 598, 599 ,
600, 601, 602, 603, 604, 605, 606, 607, 608, 609 ,
610, 611, 612, 613, 614, 615, 616, 617, 618, 619 ,
620, 621, 622, 623, 624, 625, 626, 627, 628, 629 ,
630, 631, 632, 633, 634, 635, 636, 637, 638, 639 ,
640, 641, 642, 643, 644, 645, 646, 647, 648, 649 ,
650, 651, 652, 653, 654, 655, 656, 657, 658, 659 ,
660, 661, 662, 663, 664, 665, 666, 667, 668, 669 ,
670, 671, 672, 673, 674, 675, 676, 677, 678, 679 ,
680, 681, 682, 683, 684, 685, 686, 687, 688, 689 ,
690, 691, 692, 693, 694, 695, 696, 697, 698, 699 ,
700, 701, 702, 703, 704, 705, 706, 707, 708, 709 ,
710, 711, 712, 713, 714, 715, 716, 717, 718, 719 ,
720, 721, 722, 723, 724, 725, 726, 727, 728, 729 ,
730, 731, 732, 733, 734, 735, 736, 737, 738, 739 ,
740, 741, 742, 743, 744, 745, 746, 747, 748, 749 ,
750, 751, 752, 753, 754, 755, 756, 757, 758, 759 ,
760, 761, 762, 763, 764, 765, 766, 767, 768, 769 ,
770, 771, 772, 773, 774, 775, 776, 777, 778, 779 ,
780, 781, 782, 783, 784, 785, 786, 787, 788, 789 ,
790, 791, 792, 793, 794, 795, 796, 797, 798, 799 ,
800, 801, 802, 803, 804, 805, 806, 807, 808, 809 ,
810, 811, 812, 813, 814, 815, 816, 817, 818, 819 ,
820, 821, 822, 823, 824, 825, 826, 827, 828, 829 ,
830, 831, 832, 833, 834, 835, 836, 837, 838, 839 ,
840, 841, 842, 843, 844, 845, 846, 847, 848, 849 ,
850, 851, 852, 853, 854, 855, 856, 857, 858, 859 ,
860, 861, 862, 863, 864, 865, 866, 867, 868, 869 ,
870, 871, 872, 873, 874, 875, 876, 877, 878, 879 ,
880, 881, 882, 883, 884, 885, 886, 887, 888, 889 ,
890, 891, 892, 893, 894, 895, 896, 897, 898, 899 ,
900, 901, 902, 903, 904, 905, 906, 907, 908, 909 ,
910, 911, 912, 913, 914, 915, 916, 917, 918, 919 ,
920, 921, 922, 923, 924, 925, 926, 927, 928, 929 ,
930, 931, 932, 933, 934, 935, 936, 937, 938, 939 ,
940, 941, 942, 943, 944, 945, 946, 947, 948, 949 ,
950, 951, 952, 953, 954, 955, 956, 957, 958, 959 ,
960, 961, 962, 963, 964, 965, 966, 967, 968, 969 ,
970, 971, 972, 973, 974, 975, 976, 977, 978, 979 ,
980, 981, 982, 983, 984, 985, 986, 987, 988, 989 ,
990, 991, 992, 993, 994, 995, 996, 997, 998, 999 ,
])

f_ideal_1000 = np.array([
-3.23917234 ,
])

===== Memory usage =====
[n_truc=1000, tg=21] Peak RSS: 10.62 GB
[n_truc=1000, tg=21] Peak PSS: 2.47 GB

Current China Time: 2026-08-04 10:44:19.894152+08:00

============================================================


----- n_truc=1000, tg=22 -----

hspace_select (len=1000) = np.array([
'0-0', '0-1', '1-0', '0-2', '2-0', '0-4', '4-0', '1-1', '0-5', '2-1' ,
'5-0', '1-2', '0-8', '2-2', '8-0', '1-4', '4-1', '0-9', '2-4', '9-0' ,
'1-5', '5-1', '4-2', '0-12', '2-5', '1-8', '5-2', '12-0', '0-13', '0-16' ,
'8-1', '4-4', '13-0', '15-0', '2-8', '1-9', '9-1', '8-2', '5-4', '4-5' ,
'0-18', '2-9', '1-12', '0-20', '18-0', '0-21', '9-2', '12-1', '5-5', '0-24' ,
'4-8', '1-13', '20-0', '8-4', '1-16', '22-0', '2-12', '13-1', '24-0', '0-25' ,
'15-1', '0-26', '5-8', '4-9', '12-2', '2-13', '9-4', '2-16', '8-5', '13-2' ,
'25-0', '26-0', '1-18', '15-2', '0-28', '28-0', '5-9', '4-12', '0-30', '18-1' ,
'9-5', '12-4', '1-20', '1-21', '0-33', '8-8', '0-34', '0-35', '1-24', '2-18' ,
'0-36', '20-1', '4-13', '22-1', '4-16', '30-0', '13-4', '5-12', '15-4', '24-1' ,
'33-0', '18-2', '2-20', '2-21', '34-0', '8-9', '35-0', '1-25', '9-8', '1-26' ,
'0-39', '2-24', '12-5', '37-0', '5-13', '20-2', '5-16', '22-2', '13-5', '25-1' ,
'0-42', '24-2', '26-1', '15-5', '39-0', '2-25', '4-18', '2-26', '9-9', '8-12' ,
'28-1', '1-28', '18-4', '0-44', '41-0', '12-8', '1-30', '4-20', '0-45', '4-21' ,
'0-46', '25-2', '13-8', '1-33', '8-13', '20-4', '8-16', '22-4', '4-24', '26-2' ,
'5-18', '1-34', '15-8', '1-35', '30-1', '2-28', '1-36', '28-2', '9-12', '24-4' ,
'44-0', '12-9', '33-1', '45-0', '2-30', '18-5', '0-52', '0-53', '46-0', '34-1' ,
'5-20', '35-1', '5-21', '4-25', '4-26', '2-33', '13-9', '9-13', '1-39', '5-24' ,
'37-1', '9-16', '2-34', '2-35', '0-54', '20-5', '22-5', '2-36', '50-0', '51-0' ,
'30-2', '15-9', '25-4', '0-55', '26-4', '8-18', '24-5', '12-12', '39-1', '33-2' ,
'0-57', '1-42', '18-8', '34-2', '5-25', '28-4', '35-2', '54-0', '0-59', '5-26' ,
'4-28', '2-39', '41-1', '13-12', '37-2', '8-20', '0-60', '8-21', '12-16', '1-44' ,
'12-13', '20-8', '4-30', '56-0', '22-8', '25-5', '8-24', '1-45', '9-18', '15-12' ,
'26-5', '1-46', '0-64', '2-42', '4-33', '30-4', '24-8', '39-2', '58-0', '13-13' ,
'18-9', '4-34', '4-35', '0-65', '4-36', '13-16', '28-5', '59-0', '5-28', '33-4' ,
'15-13', '44-1', '60-0', '34-4', '41-2', '9-20', '2-44', '9-21', '45-1', '15-16' ,
'35-4', '8-25', '46-1', '5-30', '20-9', '8-26', '1-52', '1-53', '22-9', '2-45' ,
'64-0', '9-24', '0-66', '37-4', '2-46', '25-8', '5-33', '4-39', '0-69', '65-0' ,
'26-8', '0-70', '30-5', '5-34', '24-9', '5-35', '12-18', '50-1', '1-54', '51-1' ,
'5-36', '18-12', '28-8', '44-2', '1-55', '33-5', '39-4', '0-73', '45-2', '9-25' ,
'0-76', '34-5', '4-42', '46-2', '2-52', '2-53', '35-5', '0-77', '13-18', '9-26' ,
'12-20', '20-12', '1-57', '22-12', '54-1', '66-0', '8-28', '12-21', '18-13', '41-4' ,
'69-0', '25-9', '37-5', '0-78', '70-0', '5-39', '1-59', '12-24', '8-30', '18-16' ,
'15-18', '2-54', '26-9', '4-44', '24-12', '1-60', '50-2', '56-1', '51-2', '74-0' ,
'0-81', '13-20', '30-8', '13-21', '75-0', '20-13', '28-9', '2-55', '8-33', '4-45' ,
'77-0', '22-13', '8-34', '13-24', '8-35', '20-16', '39-5', '15-20', '33-8', '4-46' ,
'5-42', '8-36', '58-1', '2-57', '15-21', '22-16', '1-64', '34-8', '35-8', '9-28' ,
'54-2', '15-24', '24-13', '59-1', '12-25', '1-65', '44-4', '2-59', '45-4', '24-16' ,
'41-5', '0-82', '12-26', '60-1', '46-4', '79-0', '9-30', '0-83', '81-0', '37-8' ,
'25-12', '2-60', '5-44', '0-86', '26-12', '56-2', '13-25', '4-52', '30-9', '4-53' ,
'64-1', '8-39', '9-33', '5-45', '13-26', '18-18', '9-34', '28-12', '65-1', '1-66' ,
'9-35', '5-46', '50-4', '2-64', '15-25', '9-36', '51-4', '58-2', '33-9', '25-13' ,
'1-69', '39-8', '15-26', '4-54', '35-9', '34-9', '1-70', '2-65', '25-16', '59-2' ,
'26-13', '0-89', '18-20', '12-28', '20-18', '0-90', '84-0', '44-5', '26-16', '18-21' ,
'60-2', '45-5', '4-55', '8-42', '41-8', '85-0', '46-5', '22-18', '37-9', '54-4' ,
'28-13', '1-73', '12-30', '28-16', '18-24', '86-0', '5-52', '5-53', '66-1', '4-57' ,
'1-76', '64-2', '9-39', '1-77', '24-18', '30-12', '0-92', '13-28', '0-93', '69-1' ,
'2-66', '20-21', '12-33', '20-20', '70-1', '4-59', '65-2', '2-69', '56-4', '8-44' ,
'33-12', '20-24', '1-78', '2-70', '50-5', '12-35', '12-34', '22-20', '39-9', '51-5' ,
'15-28', '5-54', '13-30', '4-60', '34-12', '74-1', '35-12', '12-36', '89-0', '8-45' ,
'24-21', '75-1', '90-0', '1-81', '8-46', '22-24', '77-1', '18-25', '0-97', '24-20' ,
'30-13', '0-98', '44-8', '58-4', '5-55', '9-42', '13-33', '0-100', '25-18', '41-9' ,
'2-73', '15-30', '45-8', '18-26', '59-4', '2-76', '37-12', '93-0', '92-0', '54-5' ,
'13-34', '4-64', '13-35', '2-77', '30-16', '24-24', '5-57', '46-8', '33-13', '66-2' ,
'13-36', '0-102', '0-103', '60-4', '34-16', '26-18', '4-65', '15-33', '34-13', '69-2' ,
'20-25', '5-59', '35-13', '70-2', '79-1', '22-25', '2-78', '9-44', '81-1', '12-39' ,
'15-35', '33-16', '15-34', '1-82', '8-52', '15-36', '35-16', '28-18', '8-53', '64-4' ,
'9-45', '56-5', '5-60', '1-83', '51-8', '20-26', '74-2', '39-12', '50-8', '2-81' ,
'25-20', '22-26', '5-64', '37-13', '25-21', '98-0', '99-0', '75-2', '1-86', '9-46' ,
'0-105', '37-16', '26-21', '0-106', '100-0', '77-2', '65-4', '26-20', '24-25', '13-39' ,
'4-66', '44-9', '58-5', '8-54', '24-26', '18-28', '45-9', '102-0', '101-0', '25-24' ,
'4-69', '46-9', '41-12', '12-42', '28-20', '20-28', '28-21', '4-70', '26-24', '59-5' ,
'54-8', '15-39', '5-65', '18-30', '8-55', '0-109', '39-13', '84-1', '60-5', '39-16' ,
'2-82', '1-89', '30-18', '79-2', '28-24', '1-90', '85-1', '81-2', '2-83', '8-57' ,
'66-4', '9-53', '9-52', '13-42', '18-33', '0-111', '0-112', '4-73', '20-30', '12-44' ,
'64-5', '22-28', '86-1', '56-8', '33-18', '69-4', '41-13', '25-25', '105-0', '2-86' ,
'4-76', '106-0', '51-9', '18-34', '18-35', '50-9', '8-59', '4-77', '70-4', '25-26' ,
'34-18', '41-16', '26-25', '12-45', '35-18', '15-42', '18-36', '5-66', '30-21', '65-5' ,
'22-30', '35-20', '1-93', '1-92', '9-54', '24-28', '8-60', '26-26', '74-4', '44-12' ,
'45-12', '12-46', '30-20', '4-78', '5-69', '75-4', '58-8', '0-114', '13-44', '5-70' ,
'28-25', '30-24', '20-34', '24-30', '20-35', '46-12', '77-4', '37-18', '89-1', '34-21' ,
'54-9', '28-26', '90-1', '35-21', '9-55', '22-33', '109-0', '4-81', '2-89', '59-8' ,
'84-2', '13-45', '2-90', '0-116', '20-33', '60-8', '15-44', '13-46', '8-64', '33-20' ,
'85-2', '9-57', '20-36', '110-0', '111-0', '1-97', '1-98', '24-33', '34-20', '5-73' ,
'22-36', '93-1', '92-1', '8-65', '66-5', '1-100', '22-35', '22-34', '50-12', '44-13' ,
'24-35', '86-2', '12-52', '5-76', '51-12', '18-39', '35-24', '56-9', '12-53', '45-13' ,
'5-77', '37-21', '9-59', '15-45', '69-5', '64-8', '46-13', '79-4', '0-121', '39-18' ,
'44-16', '25-28', '70-5', '15-46', '2-92', '37-20', '33-24', '81-4', '2-93', '24-36' ,
'1-102', '24-34', '1-103', '34-24', '26-34', '30-26', '45-16', '9-60', '26-28', '46-16' ,
'65-8', '4-82', '5-78', '30-25', '74-5', '114-0', '58-9', '25-30', '4-83', '37-24' ,
'33-25', '75-5', '12-54', '13-52', '13-53', '116-0', '20-39', '99-1', '98-1', '89-2' ,
'41-18', '22-39', '54-12', '28-28', '26-30', '8-66', '5-81', '90-2', '77-5', '4-86' ,
'18-42', '59-9', '34-26', '100-1', '50-13', '34-25', '51-13', '39-20', '2-97', '12-55' ,
'2-98', '39-21', '9-64', '60-9', '1-105', '8-69', '0-123', '2-100', '25-33', '0-124' ,
'1-106', '35-25', '8-70', '102-1', '101-1', '0-125', '25-34', '25-35', '28-30', '93-2' ,
'92-2', '9-65', '24-39', '15-52', '35-26', '26-33', '56-12', '13-54', '84-4', '0-128' ,
'50-16', '15-53', '33-26', '51-16', '12-57', '39-24', '121-0', '41-20', '66-8', '25-36' ,
'46-18', '2-102', '2-103', '18-44', '64-9', '41-21', '20-42', '85-4', '0-129', '79-5' ,
'69-8', '37-25', '26-36', '54-13', '81-5', '12-59', '8-73', '28-33', '13-55', '1-109' ,
'70-8', '4-89', '9-66', '26-35', '22-42', '37-26', '18-45', '86-4', '4-90', '5-82' ,
'15-54', '8-76', '41-24', '28-34', '0-131', '65-9', '5-83', '28-35', '8-77', '12-60' ,
'54-16', '30-28', '18-46', '44-18', '28-36', '58-12', '105-1', '13-57', '45-18', '106-1' ,
'74-8', '0-132', '24-42', '98-2', '99-2', '1-111', '1-112', '75-8', '5-86', '15-55' ,
'56-13', '123-0', '2-105', '20-45', '100-2', '20-44', '30-30', '77-8', '8-78', '22-44' ,
'2-106', '59-12', '125-0', '39-25', '25-39', '13-59', '9-69', '33-28', '4-92', '60-12' ,
'15-57', '127-0', '4-93', '33-30', '9-70', '20-46', '39-26', '22-46', '102-2', '101-2' ,
'34-28', '89-4', '12-64', '22-45', '128-0', '56-16', '26-39', '90-4', '35-28', '45-21' ,
'44-21', '0-135', '13-60', '34-30', '30-34', '8-81', '30-35', '129-0', '35-30', '84-5' ,
'66-9', '12-65', '15-59', '41-25', '1-114', '0-136', '50-18', '58-13', '24-44', '51-18' ,
'44-20', '18-52', '109-1', '18-53', '2-109', '64-12', '24-45', '69-9', '41-26', '28-39' ,
])

index_select (len=1000) = np.array([
0, 1, 2, 3, 4, 5, 6, 7, 8, 9 ,
10, 11, 12, 13, 14, 15, 16, 17, 18, 19 ,
20, 21, 22, 23, 24, 25, 26, 27, 28, 29 ,
30, 31, 32, 33, 34, 35, 36, 37, 38, 39 ,
40, 41, 42, 43, 44, 45, 46, 47, 48, 49 ,
50, 51, 52, 53, 54, 55, 56, 57, 58, 59 ,
60, 61, 62, 63, 64, 65, 66, 67, 68, 69 ,
70, 71, 72, 73, 74, 75, 76, 77, 78, 79 ,
80, 81, 82, 83, 84, 85, 86, 87, 88, 89 ,
90, 91, 92, 93, 94, 95, 96, 97, 98, 99 ,
100, 101, 102, 103, 104, 105, 106, 107, 108, 109 ,
110, 111, 112, 113, 114, 115, 116, 117, 118, 119 ,
120, 121, 122, 123, 124, 125, 126, 127, 128, 129 ,
130, 131, 132, 133, 134, 135, 136, 137, 138, 139 ,
140, 141, 142, 143, 144, 145, 146, 147, 148, 149 ,
150, 151, 152, 153, 154, 155, 156, 157, 158, 159 ,
160, 161, 162, 163, 164, 165, 166, 167, 168, 169 ,
170, 171, 172, 173, 174, 175, 176, 177, 178, 179 ,
180, 181, 182, 183, 184, 185, 186, 187, 188, 189 ,
190, 191, 192, 193, 194, 195, 196, 197, 198, 199 ,
200, 201, 202, 203, 204, 205, 206, 207, 208, 209 ,
210, 211, 212, 213, 214, 215, 216, 217, 218, 219 ,
220, 221, 222, 223, 224, 225, 226, 227, 228, 229 ,
230, 231, 232, 233, 234, 235, 236, 237, 238, 239 ,
240, 241, 242, 243, 244, 245, 246, 247, 248, 249 ,
250, 251, 252, 253, 254, 255, 256, 257, 258, 259 ,
260, 261, 262, 263, 264, 265, 266, 267, 268, 269 ,
270, 271, 272, 273, 274, 275, 276, 277, 278, 279 ,
280, 281, 282, 283, 284, 285, 286, 287, 288, 289 ,
290, 291, 292, 293, 294, 295, 296, 297, 298, 299 ,
300, 301, 302, 303, 304, 305, 306, 307, 308, 309 ,
310, 311, 312, 313, 314, 315, 316, 317, 318, 319 ,
320, 321, 322, 323, 324, 325, 326, 327, 328, 329 ,
330, 331, 332, 333, 334, 335, 336, 337, 338, 339 ,
340, 341, 342, 343, 344, 345, 346, 347, 348, 349 ,
350, 351, 352, 353, 354, 355, 356, 357, 358, 359 ,
360, 361, 362, 363, 364, 365, 366, 367, 368, 369 ,
370, 371, 372, 373, 374, 375, 376, 377, 378, 379 ,
380, 381, 382, 383, 384, 385, 386, 387, 388, 389 ,
390, 391, 392, 393, 394, 395, 396, 397, 398, 399 ,
400, 401, 402, 403, 404, 405, 406, 407, 408, 409 ,
410, 411, 412, 413, 414, 415, 416, 417, 418, 419 ,
420, 421, 422, 423, 424, 425, 426, 427, 428, 429 ,
430, 431, 432, 433, 434, 435, 436, 437, 438, 439 ,
440, 441, 442, 443, 444, 445, 446, 447, 448, 449 ,
450, 451, 452, 453, 454, 455, 456, 457, 458, 459 ,
460, 461, 462, 463, 464, 465, 466, 467, 468, 469 ,
470, 471, 472, 473, 474, 475, 476, 477, 478, 479 ,
480, 481, 482, 483, 484, 485, 486, 487, 488, 489 ,
490, 491, 492, 493, 494, 495, 496, 497, 498, 499 ,
500, 501, 502, 503, 504, 505, 506, 507, 508, 509 ,
510, 511, 512, 513, 514, 515, 516, 517, 518, 519 ,
520, 521, 522, 523, 524, 525, 526, 527, 528, 529 ,
530, 531, 532, 533, 534, 535, 536, 537, 538, 539 ,
540, 541, 542, 543, 544, 545, 546, 547, 548, 549 ,
550, 551, 552, 553, 554, 555, 556, 557, 558, 559 ,
560, 561, 562, 563, 564, 565, 566, 567, 568, 569 ,
570, 571, 572, 573, 574, 575, 576, 577, 578, 579 ,
580, 581, 582, 583, 584, 585, 586, 587, 588, 589 ,
590, 591, 592, 593, 594, 595, 596, 597, 598, 599 ,
600, 601, 602, 603, 604, 605, 606, 607, 608, 609 ,
610, 611, 612, 613, 614, 615, 616, 617, 618, 619 ,
620, 621, 622, 623, 624, 625, 626, 627, 628, 629 ,
630, 631, 632, 633, 634, 635, 636, 637, 638, 639 ,
640, 641, 642, 643, 644, 645, 646, 647, 648, 649 ,
650, 651, 652, 653, 654, 655, 656, 657, 658, 659 ,
660, 661, 662, 663, 664, 665, 666, 667, 668, 669 ,
670, 671, 672, 673, 674, 675, 676, 677, 678, 679 ,
680, 681, 682, 683, 684, 685, 686, 687, 688, 689 ,
690, 691, 692, 693, 694, 695, 696, 697, 698, 699 ,
700, 701, 702, 703, 704, 705, 706, 707, 708, 709 ,
710, 711, 712, 713, 714, 715, 716, 717, 718, 719 ,
720, 721, 722, 723, 724, 725, 726, 727, 728, 729 ,
730, 731, 732, 733, 734, 735, 736, 737, 738, 739 ,
740, 741, 742, 743, 744, 745, 746, 747, 748, 749 ,
750, 751, 752, 753, 754, 755, 756, 757, 758, 759 ,
760, 761, 762, 763, 764, 765, 766, 767, 768, 769 ,
770, 771, 772, 773, 774, 775, 776, 777, 778, 779 ,
780, 781, 782, 783, 784, 785, 786, 787, 788, 789 ,
790, 791, 792, 793, 794, 795, 796, 797, 798, 799 ,
800, 801, 802, 803, 804, 805, 806, 807, 808, 809 ,
810, 811, 812, 813, 814, 815, 816, 817, 818, 819 ,
820, 821, 822, 823, 824, 825, 826, 827, 828, 829 ,
830, 831, 832, 833, 834, 835, 836, 837, 838, 839 ,
840, 841, 842, 843, 844, 845, 846, 847, 848, 849 ,
850, 851, 852, 853, 854, 855, 856, 857, 858, 859 ,
860, 861, 862, 863, 864, 865, 866, 867, 868, 869 ,
870, 871, 872, 873, 874, 875, 876, 877, 878, 879 ,
880, 881, 882, 883, 884, 885, 886, 887, 888, 889 ,
890, 891, 892, 893, 894, 895, 896, 897, 898, 899 ,
900, 901, 902, 903, 904, 905, 906, 907, 908, 909 ,
910, 911, 912, 913, 914, 915, 916, 917, 918, 919 ,
920, 921, 922, 923, 924, 925, 926, 927, 928, 929 ,
930, 931, 932, 933, 934, 935, 936, 937, 938, 939 ,
940, 941, 942, 943, 944, 945, 946, 947, 948, 949 ,
950, 951, 952, 953, 954, 955, 956, 957, 958, 959 ,
960, 961, 962, 963, 964, 965, 966, 967, 968, 969 ,
970, 971, 972, 973, 974, 975, 976, 977, 978, 979 ,
980, 981, 982, 983, 984, 985, 986, 987, 988, 989 ,
990, 991, 992, 993, 994, 995, 996, 997, 998, 999 ,
])

f_ideal_1000 = np.array([
-3.22958477 ,
])

===== Memory usage =====
[n_truc=1000, tg=22] Peak RSS: 10.64 GB
[n_truc=1000, tg=22] Peak PSS: 2.52 GB

Current China Time: 2026-08-04 10:57:15.424210+08:00

============================================================


----- n_truc=1000, tg=23 -----

hspace_select (len=1000) = np.array([
'0-0', '0-1', '1-0', '0-2', '2-0', '0-4', '4-0', '1-1', '0-5', '2-1' ,
'5-0', '1-2', '0-8', '2-2', '8-0', '1-4', '4-1', '0-9', '2-4', '9-0' ,
'1-5', '5-1', '4-2', '0-12', '2-5', '1-8', '5-2', '12-0', '0-13', '0-16' ,
'8-1', '4-4', '13-0', '15-0', '2-8', '1-9', '9-1', '8-2', '5-4', '4-5' ,
'0-18', '2-9', '1-12', '0-20', '18-0', '0-21', '9-2', '12-1', '5-5', '0-24' ,
'4-8', '1-13', '20-0', '8-4', '1-16', '22-0', '2-12', '13-1', '24-0', '0-25' ,
'15-1', '0-26', '5-8', '4-9', '12-2', '2-13', '9-4', '2-16', '8-5', '13-2' ,
'25-0', '26-0', '1-18', '15-2', '0-28', '28-0', '5-9', '4-12', '0-30', '18-1' ,
'9-5', '12-4', '1-20', '1-21', '0-33', '8-8', '0-34', '0-35', '1-24', '2-18' ,
'0-36', '20-1', '4-13', '22-1', '4-16', '30-0', '13-4', '5-12', '15-4', '24-1' ,
'33-0', '18-2', '2-20', '2-21', '34-0', '8-9', '35-0', '1-25', '9-8', '1-26' ,
'0-39', '2-24', '12-5', '37-0', '5-13', '20-2', '5-16', '22-2', '13-5', '25-1' ,
'0-42', '24-2', '26-1', '15-5', '39-0', '2-25', '4-18', '2-26', '9-9', '8-12' ,
'28-1', '1-28', '18-4', '0-44', '41-0', '12-8', '1-30', '4-20', '0-45', '4-21' ,
'0-46', '25-2', '13-8', '1-33', '8-13', '20-4', '8-16', '22-4', '4-24', '26-2' ,
'5-18', '1-34', '15-8', '1-35', '30-1', '2-28', '1-36', '28-2', '9-12', '24-4' ,
'44-0', '12-9', '33-1', '45-0', '2-30', '18-5', '0-52', '0-53', '46-0', '34-1' ,
'5-20', '35-1', '5-21', '4-25', '4-26', '2-33', '13-9', '9-13', '1-39', '5-24' ,
'37-1', '9-16', '2-34', '2-35', '0-54', '20-5', '22-5', '2-36', '50-0', '51-0' ,
'30-2', '15-9', '25-4', '0-55', '26-4', '8-18', '24-5', '12-12', '39-1', '33-2' ,
'0-57', '1-42', '18-8', '34-2', '5-25', '28-4', '35-2', '54-0', '0-59', '5-26' ,
'4-28', '2-39', '41-1', '13-12', '37-2', '8-20', '0-60', '8-21', '12-16', '1-44' ,
'12-13', '20-8', '4-30', '56-0', '22-8', '25-5', '8-24', '1-45', '9-18', '15-12' ,
'26-5', '1-46', '0-64', '2-42', '4-33', '30-4', '24-8', '39-2', '58-0', '13-13' ,
'18-9', '4-34', '4-35', '0-65', '4-36', '13-16', '28-5', '59-0', '5-28', '33-4' ,
'15-13', '44-1', '60-0', '34-4', '41-2', '9-20', '2-44', '9-21', '45-1', '15-16' ,
'35-4', '8-25', '46-1', '5-30', '20-9', '8-26', '1-52', '1-53', '22-9', '2-45' ,
'64-0', '9-24', '0-66', '37-4', '2-46', '25-8', '5-33', '4-39', '0-69', '65-0' ,
'26-8', '0-70', '30-5', '5-34', '24-9', '5-35', '12-18', '50-1', '1-54', '51-1' ,
'5-36', '18-12', '28-8', '44-2', '1-55', '33-5', '39-4', '0-73', '45-2', '9-25' ,
'0-76', '34-5', '4-42', '46-2', '2-52', '2-53', '35-5', '0-77', '13-18', '9-26' ,
'12-20', '20-12', '1-57', '22-12', '54-1', '66-0', '8-28', '12-21', '18-13', '41-4' ,
'69-0', '25-9', '37-5', '0-78', '70-0', '5-39', '1-59', '12-24', '8-30', '18-16' ,
'15-18', '2-54', '26-9', '4-44', '24-12', '1-60', '50-2', '56-1', '51-2', '74-0' ,
'0-81', '13-20', '30-8', '13-21', '75-0', '20-13', '28-9', '2-55', '8-33', '4-45' ,
'77-0', '22-13', '8-34', '13-24', '8-35', '20-16', '39-5', '15-20', '33-8', '4-46' ,
'5-42', '8-36', '58-1', '2-57', '15-21', '22-16', '1-64', '34-8', '35-8', '9-28' ,
'54-2', '15-24', '24-13', '59-1', '12-25', '1-65', '44-4', '2-59', '45-4', '24-16' ,
'41-5', '0-82', '12-26', '60-1', '46-4', '79-0', '9-30', '0-83', '81-0', '37-8' ,
'25-12', '2-60', '5-44', '0-86', '26-12', '56-2', '13-25', '4-52', '30-9', '4-53' ,
'64-1', '8-39', '9-33', '5-45', '13-26', '18-18', '9-34', '28-12', '65-1', '1-66' ,
'9-35', '5-46', '50-4', '2-64', '15-25', '9-36', '51-4', '58-2', '33-9', '25-13' ,
'1-69', '39-8', '15-26', '4-54', '35-9', '34-9', '1-70', '2-65', '25-16', '59-2' ,
'26-13', '0-89', '18-20', '12-28', '20-18', '0-90', '84-0', '44-5', '26-16', '18-21' ,
'60-2', '45-5', '4-55', '8-42', '41-8', '85-0', '46-5', '22-18', '37-9', '54-4' ,
'28-13', '1-73', '12-30', '28-16', '18-24', '86-0', '5-52', '5-53', '66-1', '4-57' ,
'1-76', '64-2', '9-39', '1-77', '24-18', '30-12', '0-92', '13-28', '0-93', '69-1' ,
'2-66', '20-21', '12-33', '20-20', '70-1', '4-59', '65-2', '2-69', '56-4', '8-44' ,
'33-12', '20-24', '1-78', '2-70', '50-5', '12-35', '12-34', '22-20', '39-9', '51-5' ,
'15-28', '5-54', '13-30', '4-60', '34-12', '74-1', '35-12', '12-36', '89-0', '8-45' ,
'24-21', '75-1', '90-0', '1-81', '8-46', '22-24', '77-1', '18-25', '0-97', '24-20' ,
'30-13', '0-98', '44-8', '58-4', '5-55', '9-42', '13-33', '0-100', '25-18', '41-9' ,
'2-73', '15-30', '45-8', '18-26', '59-4', '2-76', '37-12', '93-0', '92-0', '54-5' ,
'13-34', '4-64', '13-35', '2-77', '30-16', '24-24', '5-57', '46-8', '33-13', '66-2' ,
'13-36', '0-102', '0-103', '60-4', '34-16', '26-18', '4-65', '15-33', '34-13', '69-2' ,
'20-25', '5-59', '35-13', '70-2', '79-1', '22-25', '2-78', '9-44', '81-1', '12-39' ,
'15-35', '33-16', '15-34', '1-82', '8-52', '15-36', '35-16', '28-18', '8-53', '64-4' ,
'9-45', '56-5', '5-60', '1-83', '51-8', '20-26', '74-2', '39-12', '50-8', '2-81' ,
'25-20', '22-26', '5-64', '37-13', '25-21', '98-0', '99-0', '75-2', '1-86', '9-46' ,
'0-105', '37-16', '26-21', '0-106', '100-0', '77-2', '65-4', '26-20', '24-25', '13-39' ,
'4-66', '44-9', '58-5', '8-54', '24-26', '18-28', '45-9', '102-0', '101-0', '25-24' ,
'4-69', '46-9', '41-12', '12-42', '28-20', '20-28', '28-21', '4-70', '26-24', '59-5' ,
'54-8', '15-39', '5-65', '18-30', '8-55', '0-109', '39-13', '84-1', '60-5', '39-16' ,
'2-82', '1-89', '30-18', '79-2', '28-24', '1-90', '85-1', '81-2', '2-83', '8-57' ,
'66-4', '9-53', '9-52', '13-42', '18-33', '0-111', '0-112', '4-73', '20-30', '12-44' ,
'64-5', '22-28', '86-1', '56-8', '33-18', '69-4', '41-13', '25-25', '105-0', '2-86' ,
'4-76', '106-0', '51-9', '18-34', '18-35', '50-9', '8-59', '4-77', '70-4', '25-26' ,
'34-18', '41-16', '26-25', '12-45', '35-18', '15-42', '18-36', '5-66', '30-21', '65-5' ,
'22-30', '35-20', '1-93', '1-92', '9-54', '24-28', '8-60', '26-26', '74-4', '44-12' ,
'45-12', '12-46', '30-20', '4-78', '5-69', '75-4', '58-8', '0-114', '13-44', '5-70' ,
'28-25', '30-24', '20-34', '24-30', '20-35', '46-12', '77-4', '37-18', '89-1', '34-21' ,
'54-9', '28-26', '90-1', '35-21', '9-55', '22-33', '109-0', '4-81', '2-89', '59-8' ,
'84-2', '13-45', '2-90', '0-116', '20-33', '60-8', '15-44', '13-46', '8-64', '33-20' ,
'85-2', '9-57', '20-36', '110-0', '111-0', '1-97', '1-98', '24-33', '34-20', '5-73' ,
'22-36', '93-1', '92-1', '8-65', '66-5', '1-100', '22-35', '22-34', '50-12', '44-13' ,
'24-35', '86-2', '12-52', '5-76', '51-12', '18-39', '35-24', '56-9', '12-53', '45-13' ,
'5-77', '37-21', '9-59', '15-45', '69-5', '64-8', '46-13', '79-4', '0-121', '39-18' ,
'44-16', '25-28', '70-5', '15-46', '2-92', '37-20', '33-24', '81-4', '2-93', '24-36' ,
'1-102', '24-34', '1-103', '34-24', '26-34', '30-26', '45-16', '9-60', '26-28', '46-16' ,
'65-8', '4-82', '5-78', '30-25', '74-5', '114-0', '58-9', '25-30', '4-83', '37-24' ,
'33-25', '75-5', '12-54', '13-52', '13-53', '116-0', '20-39', '99-1', '98-1', '89-2' ,
'41-18', '22-39', '54-12', '28-28', '26-30', '8-66', '5-81', '90-2', '77-5', '4-86' ,
'18-42', '59-9', '34-26', '100-1', '50-13', '34-25', '51-13', '39-20', '2-97', '12-55' ,
'2-98', '39-21', '9-64', '60-9', '1-105', '8-69', '0-123', '2-100', '25-33', '0-124' ,
'1-106', '35-25', '8-70', '102-1', '101-1', '0-125', '25-34', '25-35', '28-30', '93-2' ,
'92-2', '9-65', '24-39', '15-52', '35-26', '26-33', '56-12', '13-54', '84-4', '0-128' ,
'50-16', '15-53', '33-26', '51-16', '12-57', '39-24', '121-0', '41-20', '66-8', '25-36' ,
'46-18', '2-102', '2-103', '18-44', '64-9', '41-21', '20-42', '85-4', '0-129', '79-5' ,
'69-8', '37-25', '26-36', '54-13', '81-5', '12-59', '8-73', '28-33', '13-55', '1-109' ,
'70-8', '4-89', '9-66', '26-35', '22-42', '37-26', '18-45', '86-4', '4-90', '5-82' ,
'15-54', '8-76', '41-24', '28-34', '0-131', '65-9', '5-83', '28-35', '8-77', '12-60' ,
'54-16', '30-28', '18-46', '44-18', '28-36', '58-12', '105-1', '13-57', '45-18', '106-1' ,
'74-8', '0-132', '24-42', '98-2', '99-2', '1-111', '1-112', '75-8', '5-86', '15-55' ,
'56-13', '123-0', '2-105', '20-45', '100-2', '20-44', '30-30', '77-8', '8-78', '22-44' ,
'2-106', '59-12', '125-0', '39-25', '25-39', '13-59', '9-69', '33-28', '4-92', '60-12' ,
'15-57', '127-0', '4-93', '33-30', '9-70', '20-46', '39-26', '22-46', '102-2', '101-2' ,
'34-28', '89-4', '12-64', '22-45', '128-0', '56-16', '26-39', '90-4', '35-28', '45-21' ,
'44-21', '0-135', '13-60', '34-30', '30-34', '8-81', '30-35', '129-0', '35-30', '84-5' ,
'66-9', '12-65', '15-59', '41-25', '1-114', '0-136', '50-18', '58-13', '24-44', '51-18' ,
'44-20', '18-52', '109-1', '18-53', '2-109', '64-12', '24-45', '69-9', '41-26', '28-39' ,
])

index_select (len=1000) = np.array([
0, 1, 2, 3, 4, 5, 6, 7, 8, 9 ,
10, 11, 12, 13, 14, 15, 16, 17, 18, 19 ,
20, 21, 22, 23, 24, 25, 26, 27, 28, 29 ,
30, 31, 32, 33, 34, 35, 36, 37, 38, 39 ,
40, 41, 42, 43, 44, 45, 46, 47, 48, 49 ,
50, 51, 52, 53, 54, 55, 56, 57, 58, 59 ,
60, 61, 62, 63, 64, 65, 66, 67, 68, 69 ,
70, 71, 72, 73, 74, 75, 76, 77, 78, 79 ,
80, 81, 82, 83, 84, 85, 86, 87, 88, 89 ,
90, 91, 92, 93, 94, 95, 96, 97, 98, 99 ,
100, 101, 102, 103, 104, 105, 106, 107, 108, 109 ,
110, 111, 112, 113, 114, 115, 116, 117, 118, 119 ,
120, 121, 122, 123, 124, 125, 126, 127, 128, 129 ,
130, 131, 132, 133, 134, 135, 136, 137, 138, 139 ,
140, 141, 142, 143, 144, 145, 146, 147, 148, 149 ,
150, 151, 152, 153, 154, 155, 156, 157, 158, 159 ,
160, 161, 162, 163, 164, 165, 166, 167, 168, 169 ,
170, 171, 172, 173, 174, 175, 176, 177, 178, 179 ,
180, 181, 182, 183, 184, 185, 186, 187, 188, 189 ,
190, 191, 192, 193, 194, 195, 196, 197, 198, 199 ,
200, 201, 202, 203, 204, 205, 206, 207, 208, 209 ,
210, 211, 212, 213, 214, 215, 216, 217, 218, 219 ,
220, 221, 222, 223, 224, 225, 226, 227, 228, 229 ,
230, 231, 232, 233, 234, 235, 236, 237, 238, 239 ,
240, 241, 242, 243, 244, 245, 246, 247, 248, 249 ,
250, 251, 252, 253, 254, 255, 256, 257, 258, 259 ,
260, 261, 262, 263, 264, 265, 266, 267, 268, 269 ,
270, 271, 272, 273, 274, 275, 276, 277, 278, 279 ,
280, 281, 282, 283, 284, 285, 286, 287, 288, 289 ,
290, 291, 292, 293, 294, 295, 296, 297, 298, 299 ,
300, 301, 302, 303, 304, 305, 306, 307, 308, 309 ,
310, 311, 312, 313, 314, 315, 316, 317, 318, 319 ,
320, 321, 322, 323, 324, 325, 326, 327, 328, 329 ,
330, 331, 332, 333, 334, 335, 336, 337, 338, 339 ,
340, 341, 342, 343, 344, 345, 346, 347, 348, 349 ,
350, 351, 352, 353, 354, 355, 356, 357, 358, 359 ,
360, 361, 362, 363, 364, 365, 366, 367, 368, 369 ,
370, 371, 372, 373, 374, 375, 376, 377, 378, 379 ,
380, 381, 382, 383, 384, 385, 386, 387, 388, 389 ,
390, 391, 392, 393, 394, 395, 396, 397, 398, 399 ,
400, 401, 402, 403, 404, 405, 406, 407, 408, 409 ,
410, 411, 412, 413, 414, 415, 416, 417, 418, 419 ,
420, 421, 422, 423, 424, 425, 426, 427, 428, 429 ,
430, 431, 432, 433, 434, 435, 436, 437, 438, 439 ,
440, 441, 442, 443, 444, 445, 446, 447, 448, 449 ,
450, 451, 452, 453, 454, 455, 456, 457, 458, 459 ,
460, 461, 462, 463, 464, 465, 466, 467, 468, 469 ,
470, 471, 472, 473, 474, 475, 476, 477, 478, 479 ,
480, 481, 482, 483, 484, 485, 486, 487, 488, 489 ,
490, 491, 492, 493, 494, 495, 496, 497, 498, 499 ,
500, 501, 502, 503, 504, 505, 506, 507, 508, 509 ,
510, 511, 512, 513, 514, 515, 516, 517, 518, 519 ,
520, 521, 522, 523, 524, 525, 526, 527, 528, 529 ,
530, 531, 532, 533, 534, 535, 536, 537, 538, 539 ,
540, 541, 542, 543, 544, 545, 546, 547, 548, 549 ,
550, 551, 552, 553, 554, 555, 556, 557, 558, 559 ,
560, 561, 562, 563, 564, 565, 566, 567, 568, 569 ,
570, 571, 572, 573, 574, 575, 576, 577, 578, 579 ,
580, 581, 582, 583, 584, 585, 586, 587, 588, 589 ,
590, 591, 592, 593, 594, 595, 596, 597, 598, 599 ,
600, 601, 602, 603, 604, 605, 606, 607, 608, 609 ,
610, 611, 612, 613, 614, 615, 616, 617, 618, 619 ,
620, 621, 622, 623, 624, 625, 626, 627, 628, 629 ,
630, 631, 632, 633, 634, 635, 636, 637, 638, 639 ,
640, 641, 642, 643, 644, 645, 646, 647, 648, 649 ,
650, 651, 652, 653, 654, 655, 656, 657, 658, 659 ,
660, 661, 662, 663, 664, 665, 666, 667, 668, 669 ,
670, 671, 672, 673, 674, 675, 676, 677, 678, 679 ,
680, 681, 682, 683, 684, 685, 686, 687, 688, 689 ,
690, 691, 692, 693, 694, 695, 696, 697, 698, 699 ,
700, 701, 702, 703, 704, 705, 706, 707, 708, 709 ,
710, 711, 712, 713, 714, 715, 716, 717, 718, 719 ,
720, 721, 722, 723, 724, 725, 726, 727, 728, 729 ,
730, 731, 732, 733, 734, 735, 736, 737, 738, 739 ,
740, 741, 742, 743, 744, 745, 746, 747, 748, 749 ,
750, 751, 752, 753, 754, 755, 756, 757, 758, 759 ,
760, 761, 762, 763, 764, 765, 766, 767, 768, 769 ,
770, 771, 772, 773, 774, 775, 776, 777, 778, 779 ,
780, 781, 782, 783, 784, 785, 786, 787, 788, 789 ,
790, 791, 792, 793, 794, 795, 796, 797, 798, 799 ,
800, 801, 802, 803, 804, 805, 806, 807, 808, 809 ,
810, 811, 812, 813, 814, 815, 816, 817, 818, 819 ,
820, 821, 822, 823, 824, 825, 826, 827, 828, 829 ,
830, 831, 832, 833, 834, 835, 836, 837, 838, 839 ,
840, 841, 842, 843, 844, 845, 846, 847, 848, 849 ,
850, 851, 852, 853, 854, 855, 856, 857, 858, 859 ,
860, 861, 862, 863, 864, 865, 866, 867, 868, 869 ,
870, 871, 872, 873, 874, 875, 876, 877, 878, 879 ,
880, 881, 882, 883, 884, 885, 886, 887, 888, 889 ,
890, 891, 892, 893, 894, 895, 896, 897, 898, 899 ,
900, 901, 902, 903, 904, 905, 906, 907, 908, 909 ,
910, 911, 912, 913, 914, 915, 916, 917, 918, 919 ,
920, 921, 922, 923, 924, 925, 926, 927, 928, 929 ,
930, 931, 932, 933, 934, 935, 936, 937, 938, 939 ,
940, 941, 942, 943, 944, 945, 946, 947, 948, 949 ,
950, 951, 952, 953, 954, 955, 956, 957, 958, 959 ,
960, 961, 962, 963, 964, 965, 966, 967, 968, 969 ,
970, 971, 972, 973, 974, 975, 976, 977, 978, 979 ,
980, 981, 982, 983, 984, 985, 986, 987, 988, 989 ,
990, 991, 992, 993, 994, 995, 996, 997, 998, 999 ,
])

f_ideal_1000 = np.array([
-3.39015146 ,
])

===== Memory usage =====
[n_truc=1000, tg=23] Peak RSS: 10.73 GB
[n_truc=1000, tg=23] Peak PSS: 2.53 GB

Current China Time: 2026-08-04 11:24:38.307797+08:00

============================================================


----- n_truc=1000, tg=24 -----

hspace_select (len=1000) = np.array([
'0-0', '0-1', '1-0', '0-2', '2-0', '0-4', '4-0', '1-1', '0-5', '2-1' ,
'5-0', '1-2', '0-8', '2-2', '8-0', '1-4', '4-1', '0-9', '2-4', '9-0' ,
'1-5', '5-1', '4-2', '0-12', '2-5', '1-8', '5-2', '12-0', '0-13', '0-16' ,
'8-1', '4-4', '13-0', '15-0', '2-8', '1-9', '9-1', '8-2', '5-4', '4-5' ,
'0-18', '2-9', '1-12', '0-20', '18-0', '0-21', '9-2', '12-1', '5-5', '0-24' ,
'4-8', '1-13', '20-0', '8-4', '1-16', '22-0', '2-12', '13-1', '24-0', '0-25' ,
'15-1', '0-26', '5-8', '4-9', '12-2', '2-13', '9-4', '2-16', '8-5', '13-2' ,
'25-0', '26-0', '1-18', '15-2', '0-28', '28-0', '5-9', '4-12', '0-30', '18-1' ,
'9-5', '12-4', '1-20', '1-21', '0-33', '8-8', '0-34', '0-35', '1-24', '2-18' ,
'0-36', '20-1', '4-13', '22-1', '4-16', '30-0', '13-4', '5-12', '15-4', '24-1' ,
'33-0', '18-2', '2-20', '2-21', '34-0', '8-9', '35-0', '1-25', '9-8', '1-26' ,
'0-39', '2-24', '12-5', '37-0', '5-13', '20-2', '5-16', '22-2', '13-5', '25-1' ,
'0-42', '24-2', '26-1', '15-5', '39-0', '2-25', '4-18', '2-26', '9-9', '8-12' ,
'28-1', '1-28', '18-4', '0-44', '41-0', '12-8', '1-30', '4-20', '0-45', '4-21' ,
'0-46', '25-2', '13-8', '1-33', '8-13', '20-4', '8-16', '22-4', '4-24', '26-2' ,
'5-18', '1-34', '15-8', '1-35', '30-1', '2-28', '1-36', '28-2', '9-12', '24-4' ,
'44-0', '12-9', '33-1', '45-0', '2-30', '18-5', '0-52', '0-53', '46-0', '34-1' ,
'5-20', '35-1', '5-21', '4-25', '4-26', '2-33', '13-9', '9-13', '1-39', '5-24' ,
'37-1', '9-16', '2-34', '2-35', '0-54', '20-5', '22-5', '2-36', '50-0', '51-0' ,
'30-2', '15-9', '25-4', '0-55', '26-4', '8-18', '24-5', '12-12', '39-1', '33-2' ,
'0-57', '1-42', '18-8', '34-2', '5-25', '28-4', '35-2', '54-0', '0-59', '5-26' ,
'4-28', '2-39', '41-1', '13-12', '37-2', '8-20', '0-60', '8-21', '12-16', '1-44' ,
'12-13', '20-8', '4-30', '56-0', '22-8', '25-5', '8-24', '1-45', '9-18', '15-12' ,
'26-5', '1-46', '0-64', '2-42', '4-33', '30-4', '24-8', '39-2', '58-0', '13-13' ,
'18-9', '4-34', '4-35', '0-65', '4-36', '13-16', '28-5', '59-0', '5-28', '33-4' ,
'15-13', '44-1', '60-0', '34-4', '41-2', '9-20', '2-44', '9-21', '45-1', '15-16' ,
'35-4', '8-25', '46-1', '5-30', '20-9', '8-26', '1-52', '1-53', '22-9', '2-45' ,
'64-0', '9-24', '0-66', '37-4', '2-46', '25-8', '5-33', '4-39', '0-69', '65-0' ,
'26-8', '0-70', '30-5', '5-34', '24-9', '5-35', '12-18', '50-1', '1-54', '51-1' ,
'5-36', '18-12', '28-8', '44-2', '1-55', '33-5', '39-4', '0-73', '45-2', '9-25' ,
'0-76', '34-5', '4-42', '46-2', '2-52', '2-53', '35-5', '0-77', '13-18', '9-26' ,
'12-20', '20-12', '1-57', '22-12', '54-1', '66-0', '8-28', '12-21', '18-13', '41-4' ,
'69-0', '25-9', '37-5', '0-78', '70-0', '5-39', '1-59', '12-24', '8-30', '18-16' ,
'15-18', '2-54', '26-9', '4-44', '24-12', '1-60', '50-2', '56-1', '51-2', '74-0' ,
'0-81', '13-20', '30-8', '13-21', '75-0', '20-13', '28-9', '2-55', '8-33', '4-45' ,
'77-0', '22-13', '8-34', '13-24', '8-35', '20-16', '39-5', '15-20', '33-8', '4-46' ,
'5-42', '8-36', '58-1', '2-57', '15-21', '22-16', '1-64', '34-8', '35-8', '9-28' ,
'54-2', '15-24', '24-13', '59-1', '12-25', '1-65', '44-4', '2-59', '45-4', '24-16' ,
'41-5', '0-82', '12-26', '60-1', '46-4', '79-0', '9-30', '0-83', '81-0', '37-8' ,
'25-12', '2-60', '5-44', '0-86', '26-12', '56-2', '13-25', '4-52', '30-9', '4-53' ,
'64-1', '8-39', '9-33', '5-45', '13-26', '18-18', '9-34', '28-12', '65-1', '1-66' ,
'9-35', '5-46', '50-4', '2-64', '15-25', '9-36', '51-4', '58-2', '33-9', '25-13' ,
'1-69', '39-8', '15-26', '4-54', '35-9', '34-9', '1-70', '2-65', '25-16', '59-2' ,
'26-13', '0-89', '18-20', '12-28', '20-18', '0-90', '84-0', '44-5', '26-16', '18-21' ,
'60-2', '45-5', '4-55', '8-42', '41-8', '85-0', '46-5', '22-18', '37-9', '54-4' ,
'28-13', '1-73', '12-30', '28-16', '18-24', '86-0', '5-52', '5-53', '66-1', '4-57' ,
'1-76', '64-2', '9-39', '1-77', '24-18', '30-12', '0-92', '13-28', '0-93', '69-1' ,
'2-66', '20-21', '12-33', '20-20', '70-1', '4-59', '65-2', '2-69', '56-4', '8-44' ,
'33-12', '20-24', '1-78', '2-70', '50-5', '12-35', '12-34', '22-20', '39-9', '51-5' ,
'15-28', '5-54', '13-30', '4-60', '34-12', '74-1', '35-12', '12-36', '89-0', '8-45' ,
'24-21', '75-1', '90-0', '1-81', '8-46', '22-24', '77-1', '18-25', '0-97', '24-20' ,
'30-13', '0-98', '44-8', '58-4', '5-55', '9-42', '13-33', '0-100', '25-18', '41-9' ,
'2-73', '15-30', '45-8', '18-26', '59-4', '2-76', '37-12', '93-0', '92-0', '54-5' ,
'13-34', '4-64', '13-35', '2-77', '30-16', '24-24', '5-57', '46-8', '33-13', '66-2' ,
'13-36', '0-102', '0-103', '60-4', '34-16', '26-18', '4-65', '15-33', '34-13', '69-2' ,
'20-25', '5-59', '35-13', '70-2', '79-1', '22-25', '2-78', '9-44', '81-1', '12-39' ,
'15-35', '33-16', '15-34', '1-82', '8-52', '15-36', '35-16', '28-18', '8-53', '64-4' ,
'9-45', '56-5', '5-60', '1-83', '51-8', '20-26', '74-2', '39-12', '50-8', '2-81' ,
'25-20', '22-26', '5-64', '37-13', '25-21', '98-0', '99-0', '75-2', '1-86', '9-46' ,
'0-105', '37-16', '26-21', '0-106', '100-0', '77-2', '65-4', '26-20', '24-25', '13-39' ,
'4-66', '44-9', '58-5', '8-54', '24-26', '18-28', '45-9', '102-0', '101-0', '25-24' ,
'4-69', '46-9', '41-12', '12-42', '28-20', '20-28', '28-21', '4-70', '26-24', '59-5' ,
'54-8', '15-39', '5-65', '18-30', '8-55', '0-109', '39-13', '84-1', '60-5', '39-16' ,
'2-82', '1-89', '30-18', '79-2', '28-24', '1-90', '85-1', '81-2', '2-83', '8-57' ,
'66-4', '9-53', '9-52', '13-42', '18-33', '0-111', '0-112', '4-73', '20-30', '12-44' ,
'64-5', '22-28', '86-1', '56-8', '33-18', '69-4', '41-13', '25-25', '105-0', '2-86' ,
'4-76', '106-0', '51-9', '18-34', '18-35', '50-9', '8-59', '4-77', '70-4', '25-26' ,
'34-18', '41-16', '26-25', '12-45', '35-18', '15-42', '18-36', '5-66', '30-21', '65-5' ,
'22-30', '35-20', '1-93', '1-92', '9-54', '24-28', '8-60', '26-26', '74-4', '44-12' ,
'45-12', '12-46', '30-20', '4-78', '5-69', '75-4', '58-8', '0-114', '13-44', '5-70' ,
'28-25', '30-24', '20-34', '24-30', '20-35', '46-12', '77-4', '37-18', '89-1', '34-21' ,
'54-9', '28-26', '90-1', '35-21', '9-55', '22-33', '109-0', '4-81', '2-89', '59-8' ,
'84-2', '13-45', '2-90', '0-116', '20-33', '60-8', '15-44', '13-46', '8-64', '33-20' ,
'85-2', '9-57', '20-36', '110-0', '111-0', '1-97', '1-98', '24-33', '34-20', '5-73' ,
'22-36', '93-1', '92-1', '8-65', '66-5', '1-100', '22-35', '22-34', '50-12', '44-13' ,
'24-35', '86-2', '12-52', '5-76', '51-12', '18-39', '35-24', '56-9', '12-53', '45-13' ,
'5-77', '37-21', '9-59', '15-45', '69-5', '64-8', '46-13', '79-4', '0-121', '39-18' ,
'44-16', '25-28', '70-5', '15-46', '2-92', '37-20', '33-24', '81-4', '2-93', '24-36' ,
'1-102', '24-34', '1-103', '34-24', '26-34', '30-26', '45-16', '9-60', '26-28', '46-16' ,
'65-8', '4-82', '5-78', '30-25', '74-5', '114-0', '58-9', '25-30', '4-83', '37-24' ,
'33-25', '75-5', '12-54', '13-52', '13-53', '116-0', '20-39', '99-1', '98-1', '89-2' ,
'41-18', '22-39', '54-12', '28-28', '26-30', '8-66', '5-81', '90-2', '77-5', '4-86' ,
'18-42', '59-9', '34-26', '100-1', '50-13', '34-25', '51-13', '39-20', '2-97', '12-55' ,
'2-98', '39-21', '9-64', '60-9', '1-105', '8-69', '0-123', '2-100', '25-33', '0-124' ,
'1-106', '35-25', '8-70', '102-1', '101-1', '0-125', '25-34', '25-35', '28-30', '93-2' ,
'92-2', '9-65', '24-39', '15-52', '35-26', '26-33', '56-12', '13-54', '84-4', '0-128' ,
'50-16', '15-53', '33-26', '51-16', '12-57', '39-24', '121-0', '41-20', '66-8', '25-36' ,
'46-18', '2-102', '2-103', '18-44', '64-9', '41-21', '20-42', '85-4', '0-129', '79-5' ,
'69-8', '37-25', '26-36', '54-13', '81-5', '12-59', '8-73', '28-33', '13-55', '1-109' ,
'70-8', '4-89', '9-66', '26-35', '22-42', '37-26', '18-45', '86-4', '4-90', '5-82' ,
'15-54', '8-76', '41-24', '28-34', '0-131', '65-9', '5-83', '28-35', '8-77', '12-60' ,
'54-16', '30-28', '18-46', '44-18', '28-36', '58-12', '105-1', '13-57', '45-18', '106-1' ,
'74-8', '0-132', '24-42', '98-2', '99-2', '1-111', '1-112', '75-8', '5-86', '15-55' ,
'56-13', '123-0', '2-105', '20-45', '100-2', '20-44', '30-30', '77-8', '8-78', '22-44' ,
'2-106', '59-12', '125-0', '39-25', '25-39', '13-59', '9-69', '33-28', '4-92', '60-12' ,
'15-57', '127-0', '4-93', '33-30', '9-70', '20-46', '39-26', '22-46', '102-2', '101-2' ,
'34-28', '89-4', '12-64', '22-45', '128-0', '56-16', '26-39', '90-4', '35-28', '45-21' ,
'44-21', '0-135', '13-60', '34-30', '30-34', '8-81', '30-35', '129-0', '35-30', '84-5' ,
'66-9', '12-65', '15-59', '41-25', '1-114', '0-136', '50-18', '58-13', '24-44', '51-18' ,
'44-20', '18-52', '109-1', '18-53', '2-109', '64-12', '24-45', '69-9', '41-26', '28-39' ,
])

index_select (len=1000) = np.array([
0, 1, 2, 3, 4, 5, 6, 7, 8, 9 ,
10, 11, 12, 13, 14, 15, 16, 17, 18, 19 ,
20, 21, 22, 23, 24, 25, 26, 27, 28, 29 ,
30, 31, 32, 33, 34, 35, 36, 37, 38, 39 ,
40, 41, 42, 43, 44, 45, 46, 47, 48, 49 ,
50, 51, 52, 53, 54, 55, 56, 57, 58, 59 ,
60, 61, 62, 63, 64, 65, 66, 67, 68, 69 ,
70, 71, 72, 73, 74, 75, 76, 77, 78, 79 ,
80, 81, 82, 83, 84, 85, 86, 87, 88, 89 ,
90, 91, 92, 93, 94, 95, 96, 97, 98, 99 ,
100, 101, 102, 103, 104, 105, 106, 107, 108, 109 ,
110, 111, 112, 113, 114, 115, 116, 117, 118, 119 ,
120, 121, 122, 123, 124, 125, 126, 127, 128, 129 ,
130, 131, 132, 133, 134, 135, 136, 137, 138, 139 ,
140, 141, 142, 143, 144, 145, 146, 147, 148, 149 ,
150, 151, 152, 153, 154, 155, 156, 157, 158, 159 ,
160, 161, 162, 163, 164, 165, 166, 167, 168, 169 ,
170, 171, 172, 173, 174, 175, 176, 177, 178, 179 ,
180, 181, 182, 183, 184, 185, 186, 187, 188, 189 ,
190, 191, 192, 193, 194, 195, 196, 197, 198, 199 ,
200, 201, 202, 203, 204, 205, 206, 207, 208, 209 ,
210, 211, 212, 213, 214, 215, 216, 217, 218, 219 ,
220, 221, 222, 223, 224, 225, 226, 227, 228, 229 ,
230, 231, 232, 233, 234, 235, 236, 237, 238, 239 ,
240, 241, 242, 243, 244, 245, 246, 247, 248, 249 ,
250, 251, 252, 253, 254, 255, 256, 257, 258, 259 ,
260, 261, 262, 263, 264, 265, 266, 267, 268, 269 ,
270, 271, 272, 273, 274, 275, 276, 277, 278, 279 ,
280, 281, 282, 283, 284, 285, 286, 287, 288, 289 ,
290, 291, 292, 293, 294, 295, 296, 297, 298, 299 ,
300, 301, 302, 303, 304, 305, 306, 307, 308, 309 ,
310, 311, 312, 313, 314, 315, 316, 317, 318, 319 ,
320, 321, 322, 323, 324, 325, 326, 327, 328, 329 ,
330, 331, 332, 333, 334, 335, 336, 337, 338, 339 ,
340, 341, 342, 343, 344, 345, 346, 347, 348, 349 ,
350, 351, 352, 353, 354, 355, 356, 357, 358, 359 ,
360, 361, 362, 363, 364, 365, 366, 367, 368, 369 ,
370, 371, 372, 373, 374, 375, 376, 377, 378, 379 ,
380, 381, 382, 383, 384, 385, 386, 387, 388, 389 ,
390, 391, 392, 393, 394, 395, 396, 397, 398, 399 ,
400, 401, 402, 403, 404, 405, 406, 407, 408, 409 ,
410, 411, 412, 413, 414, 415, 416, 417, 418, 419 ,
420, 421, 422, 423, 424, 425, 426, 427, 428, 429 ,
430, 431, 432, 433, 434, 435, 436, 437, 438, 439 ,
440, 441, 442, 443, 444, 445, 446, 447, 448, 449 ,
450, 451, 452, 453, 454, 455, 456, 457, 458, 459 ,
460, 461, 462, 463, 464, 465, 466, 467, 468, 469 ,
470, 471, 472, 473, 474, 475, 476, 477, 478, 479 ,
480, 481, 482, 483, 484, 485, 486, 487, 488, 489 ,
490, 491, 492, 493, 494, 495, 496, 497, 498, 499 ,
500, 501, 502, 503, 504, 505, 506, 507, 508, 509 ,
510, 511, 512, 513, 514, 515, 516, 517, 518, 519 ,
520, 521, 522, 523, 524, 525, 526, 527, 528, 529 ,
530, 531, 532, 533, 534, 535, 536, 537, 538, 539 ,
540, 541, 542, 543, 544, 545, 546, 547, 548, 549 ,
550, 551, 552, 553, 554, 555, 556, 557, 558, 559 ,
560, 561, 562, 563, 564, 565, 566, 567, 568, 569 ,
570, 571, 572, 573, 574, 575, 576, 577, 578, 579 ,
580, 581, 582, 583, 584, 585, 586, 587, 588, 589 ,
590, 591, 592, 593, 594, 595, 596, 597, 598, 599 ,
600, 601, 602, 603, 604, 605, 606, 607, 608, 609 ,
610, 611, 612, 613, 614, 615, 616, 617, 618, 619 ,
620, 621, 622, 623, 624, 625, 626, 627, 628, 629 ,
630, 631, 632, 633, 634, 635, 636, 637, 638, 639 ,
640, 641, 642, 643, 644, 645, 646, 647, 648, 649 ,
650, 651, 652, 653, 654, 655, 656, 657, 658, 659 ,
660, 661, 662, 663, 664, 665, 666, 667, 668, 669 ,
670, 671, 672, 673, 674, 675, 676, 677, 678, 679 ,
680, 681, 682, 683, 684, 685, 686, 687, 688, 689 ,
690, 691, 692, 693, 694, 695, 696, 697, 698, 699 ,
700, 701, 702, 703, 704, 705, 706, 707, 708, 709 ,
710, 711, 712, 713, 714, 715, 716, 717, 718, 719 ,
720, 721, 722, 723, 724, 725, 726, 727, 728, 729 ,
730, 731, 732, 733, 734, 735, 736, 737, 738, 739 ,
740, 741, 742, 743, 744, 745, 746, 747, 748, 749 ,
750, 751, 752, 753, 754, 755, 756, 757, 758, 759 ,
760, 761, 762, 763, 764, 765, 766, 767, 768, 769 ,
770, 771, 772, 773, 774, 775, 776, 777, 778, 779 ,
780, 781, 782, 783, 784, 785, 786, 787, 788, 789 ,
790, 791, 792, 793, 794, 795, 796, 797, 798, 799 ,
800, 801, 802, 803, 804, 805, 806, 807, 808, 809 ,
810, 811, 812, 813, 814, 815, 816, 817, 818, 819 ,
820, 821, 822, 823, 824, 825, 826, 827, 828, 829 ,
830, 831, 832, 833, 834, 835, 836, 837, 838, 839 ,
840, 841, 842, 843, 844, 845, 846, 847, 848, 849 ,
850, 851, 852, 853, 854, 855, 856, 857, 858, 859 ,
860, 861, 862, 863, 864, 865, 866, 867, 868, 869 ,
870, 871, 872, 873, 874, 875, 876, 877, 878, 879 ,
880, 881, 882, 883, 884, 885, 886, 887, 888, 889 ,
890, 891, 892, 893, 894, 895, 896, 897, 898, 899 ,
900, 901, 902, 903, 904, 905, 906, 907, 908, 909 ,
910, 911, 912, 913, 914, 915, 916, 917, 918, 919 ,
920, 921, 922, 923, 924, 925, 926, 927, 928, 929 ,
930, 931, 932, 933, 934, 935, 936, 937, 938, 939 ,
940, 941, 942, 943, 944, 945, 946, 947, 948, 949 ,
950, 951, 952, 953, 954, 955, 956, 957, 958, 959 ,
960, 961, 962, 963, 964, 965, 966, 967, 968, 969 ,
970, 971, 972, 973, 974, 975, 976, 977, 978, 979 ,
980, 981, 982, 983, 984, 985, 986, 987, 988, 989 ,
990, 991, 992, 993, 994, 995, 996, 997, 998, 999 ,
])

f_ideal_1000 = np.array([
-3.62252320 ,
])

===== Memory usage =====
[n_truc=1000, tg=24] Peak RSS: 10.91 GB
[n_truc=1000, tg=24] Peak PSS: 2.58 GB

Current China Time: 2026-08-04 11:34:51.250806+08:00

============================================================


----- n_truc=1000, tg=25 -----

hspace_select (len=1000) = np.array([
'0-0', '0-1', '1-0', '0-2', '2-0', '0-4', '4-0', '1-1', '0-5', '2-1' ,
'5-0', '1-2', '0-8', '2-2', '8-0', '1-4', '4-1', '0-9', '2-4', '9-0' ,
'1-5', '5-1', '4-2', '0-12', '2-5', '1-8', '5-2', '12-0', '0-13', '0-16' ,
'8-1', '4-4', '13-0', '15-0', '2-8', '1-9', '9-1', '8-2', '5-4', '4-5' ,
'0-18', '2-9', '1-12', '0-20', '18-0', '0-21', '9-2', '12-1', '5-5', '0-24' ,
'4-8', '1-13', '20-0', '8-4', '1-16', '22-0', '2-12', '13-1', '24-0', '0-25' ,
'15-1', '0-26', '5-8', '4-9', '12-2', '2-13', '9-4', '2-16', '8-5', '13-2' ,
'25-0', '26-0', '1-18', '15-2', '0-28', '28-0', '5-9', '4-12', '0-30', '18-1' ,
'9-5', '12-4', '1-20', '1-21', '0-33', '8-8', '0-34', '0-35', '1-24', '2-18' ,
'0-36', '20-1', '4-13', '22-1', '4-16', '30-0', '13-4', '5-12', '15-4', '24-1' ,
'33-0', '18-2', '2-20', '2-21', '34-0', '8-9', '35-0', '1-25', '9-8', '1-26' ,
'0-39', '2-24', '12-5', '37-0', '5-13', '20-2', '5-16', '22-2', '13-5', '25-1' ,
'0-42', '24-2', '26-1', '15-5', '39-0', '2-25', '4-18', '2-26', '9-9', '8-12' ,
'28-1', '1-28', '18-4', '0-44', '41-0', '12-8', '1-30', '4-20', '0-45', '4-21' ,
'0-46', '25-2', '13-8', '1-33', '8-13', '20-4', '8-16', '22-4', '4-24', '26-2' ,
'5-18', '1-34', '15-8', '1-35', '30-1', '2-28', '1-36', '28-2', '9-12', '24-4' ,
'44-0', '12-9', '33-1', '45-0', '2-30', '18-5', '0-52', '0-53', '46-0', '34-1' ,
'5-20', '35-1', '5-21', '4-25', '4-26', '2-33', '13-9', '9-13', '1-39', '5-24' ,
'37-1', '9-16', '2-34', '2-35', '0-54', '20-5', '22-5', '2-36', '50-0', '51-0' ,
'30-2', '15-9', '25-4', '0-55', '26-4', '8-18', '24-5', '12-12', '39-1', '33-2' ,
'0-57', '1-42', '18-8', '34-2', '5-25', '28-4', '35-2', '54-0', '0-59', '5-26' ,
'4-28', '2-39', '41-1', '13-12', '37-2', '8-20', '0-60', '8-21', '12-16', '1-44' ,
'12-13', '20-8', '4-30', '56-0', '22-8', '25-5', '8-24', '1-45', '9-18', '15-12' ,
'26-5', '1-46', '0-64', '2-42', '4-33', '30-4', '24-8', '39-2', '58-0', '13-13' ,
'18-9', '4-34', '4-35', '0-65', '4-36', '13-16', '28-5', '59-0', '5-28', '33-4' ,
'15-13', '44-1', '60-0', '34-4', '41-2', '9-20', '2-44', '9-21', '45-1', '15-16' ,
'35-4', '8-25', '46-1', '5-30', '20-9', '8-26', '1-52', '1-53', '22-9', '2-45' ,
'64-0', '9-24', '0-66', '37-4', '2-46', '25-8', '5-33', '4-39', '0-69', '65-0' ,
'26-8', '0-70', '30-5', '5-34', '24-9', '5-35', '12-18', '50-1', '1-54', '51-1' ,
'5-36', '18-12', '28-8', '44-2', '1-55', '33-5', '39-4', '0-73', '45-2', '9-25' ,
'0-76', '34-5', '4-42', '46-2', '2-52', '2-53', '35-5', '0-77', '13-18', '9-26' ,
'12-20', '20-12', '1-57', '22-12', '54-1', '66-0', '8-28', '12-21', '18-13', '41-4' ,
'69-0', '25-9', '37-5', '0-78', '70-0', '5-39', '1-59', '12-24', '8-30', '18-16' ,
'15-18', '2-54', '26-9', '4-44', '24-12', '1-60', '50-2', '56-1', '51-2', '74-0' ,
'0-81', '13-20', '30-8', '13-21', '75-0', '20-13', '28-9', '2-55', '8-33', '4-45' ,
'77-0', '22-13', '8-34', '13-24', '8-35', '20-16', '39-5', '15-20', '33-8', '4-46' ,
'5-42', '8-36', '58-1', '2-57', '15-21', '22-16', '1-64', '34-8', '35-8', '9-28' ,
'54-2', '15-24', '24-13', '59-1', '12-25', '1-65', '44-4', '2-59', '45-4', '24-16' ,
'41-5', '0-82', '12-26', '60-1', '46-4', '79-0', '9-30', '0-83', '81-0', '37-8' ,
'25-12', '2-60', '5-44', '0-86', '26-12', '56-2', '13-25', '4-52', '30-9', '4-53' ,
'64-1', '8-39', '9-33', '5-45', '13-26', '18-18', '9-34', '28-12', '65-1', '1-66' ,
'9-35', '5-46', '50-4', '2-64', '15-25', '9-36', '51-4', '58-2', '33-9', '25-13' ,
'1-69', '39-8', '15-26', '4-54', '35-9', '34-9', '1-70', '2-65', '25-16', '59-2' ,
'26-13', '0-89', '18-20', '12-28', '20-18', '0-90', '84-0', '44-5', '26-16', '18-21' ,
'60-2', '45-5', '4-55', '8-42', '41-8', '85-0', '46-5', '22-18', '37-9', '54-4' ,
'28-13', '1-73', '12-30', '28-16', '18-24', '86-0', '5-52', '5-53', '66-1', '4-57' ,
'1-76', '64-2', '9-39', '1-77', '24-18', '30-12', '0-92', '13-28', '0-93', '69-1' ,
'2-66', '20-21', '12-33', '20-20', '70-1', '4-59', '65-2', '2-69', '56-4', '8-44' ,
'33-12', '20-24', '1-78', '2-70', '50-5', '12-35', '12-34', '22-20', '39-9', '51-5' ,
'15-28', '5-54', '13-30', '4-60', '34-12', '74-1', '35-12', '12-36', '89-0', '8-45' ,
'24-21', '75-1', '90-0', '1-81', '8-46', '22-24', '77-1', '18-25', '0-97', '24-20' ,
'30-13', '0-98', '44-8', '58-4', '5-55', '9-42', '13-33', '0-100', '25-18', '41-9' ,
'2-73', '15-30', '45-8', '18-26', '59-4', '2-76', '37-12', '93-0', '92-0', '54-5' ,
'13-34', '4-64', '13-35', '2-77', '30-16', '24-24', '5-57', '46-8', '33-13', '66-2' ,
'13-36', '0-102', '0-103', '60-4', '34-16', '26-18', '4-65', '15-33', '34-13', '69-2' ,
'20-25', '5-59', '35-13', '70-2', '79-1', '22-25', '2-78', '9-44', '81-1', '12-39' ,
'15-35', '33-16', '15-34', '1-82', '8-52', '15-36', '35-16', '28-18', '8-53', '64-4' ,
'9-45', '56-5', '5-60', '1-83', '51-8', '20-26', '74-2', '39-12', '50-8', '2-81' ,
'25-20', '22-26', '5-64', '37-13', '25-21', '98-0', '99-0', '75-2', '1-86', '9-46' ,
'0-105', '37-16', '26-21', '0-106', '100-0', '77-2', '65-4', '26-20', '24-25', '13-39' ,
'4-66', '44-9', '58-5', '8-54', '24-26', '18-28', '45-9', '102-0', '101-0', '25-24' ,
'4-69', '46-9', '41-12', '12-42', '28-20', '20-28', '28-21', '4-70', '26-24', '59-5' ,
'54-8', '15-39', '5-65', '18-30', '8-55', '0-109', '39-13', '84-1', '60-5', '39-16' ,
'2-82', '1-89', '30-18', '79-2', '28-24', '1-90', '85-1', '81-2', '2-83', '8-57' ,
'66-4', '9-53', '9-52', '13-42', '18-33', '0-111', '0-112', '4-73', '20-30', '12-44' ,
'64-5', '22-28', '86-1', '56-8', '33-18', '69-4', '41-13', '25-25', '105-0', '2-86' ,
'4-76', '106-0', '51-9', '18-34', '18-35', '50-9', '8-59', '4-77', '70-4', '25-26' ,
'34-18', '41-16', '26-25', '12-45', '35-18', '15-42', '18-36', '5-66', '30-21', '65-5' ,
'22-30', '35-20', '1-93', '1-92', '9-54', '24-28', '8-60', '26-26', '74-4', '44-12' ,
'45-12', '12-46', '30-20', '4-78', '5-69', '75-4', '58-8', '0-114', '13-44', '5-70' ,
'28-25', '30-24', '20-34', '24-30', '20-35', '46-12', '77-4', '37-18', '89-1', '34-21' ,
'54-9', '28-26', '90-1', '35-21', '9-55', '22-33', '109-0', '4-81', '2-89', '59-8' ,
'84-2', '13-45', '2-90', '0-116', '20-33', '60-8', '15-44', '13-46', '8-64', '33-20' ,
'85-2', '9-57', '20-36', '110-0', '111-0', '1-97', '1-98', '24-33', '34-20', '5-73' ,
'22-36', '93-1', '92-1', '8-65', '66-5', '1-100', '22-35', '22-34', '50-12', '44-13' ,
'24-35', '86-2', '12-52', '5-76', '51-12', '18-39', '35-24', '56-9', '12-53', '45-13' ,
'5-77', '37-21', '9-59', '15-45', '69-5', '64-8', '46-13', '79-4', '0-121', '39-18' ,
'44-16', '25-28', '70-5', '15-46', '2-92', '37-20', '33-24', '81-4', '2-93', '24-36' ,
'1-102', '24-34', '1-103', '34-24', '26-34', '30-26', '45-16', '9-60', '26-28', '46-16' ,
'65-8', '4-82', '5-78', '30-25', '74-5', '114-0', '58-9', '25-30', '4-83', '37-24' ,
'33-25', '75-5', '12-54', '13-52', '13-53', '116-0', '20-39', '99-1', '98-1', '89-2' ,
'41-18', '22-39', '54-12', '28-28', '26-30', '8-66', '5-81', '90-2', '77-5', '4-86' ,
'18-42', '59-9', '34-26', '100-1', '50-13', '34-25', '51-13', '39-20', '2-97', '12-55' ,
'2-98', '39-21', '9-64', '60-9', '1-105', '8-69', '0-123', '2-100', '25-33', '0-124' ,
'1-106', '35-25', '8-70', '102-1', '101-1', '0-125', '25-34', '25-35', '28-30', '93-2' ,
'92-2', '9-65', '24-39', '15-52', '35-26', '26-33', '56-12', '13-54', '84-4', '0-128' ,
'50-16', '15-53', '33-26', '51-16', '12-57', '39-24', '121-0', '41-20', '66-8', '25-36' ,
'46-18', '2-102', '2-103', '18-44', '64-9', '41-21', '20-42', '85-4', '0-129', '79-5' ,
'69-8', '37-25', '26-36', '54-13', '81-5', '12-59', '8-73', '28-33', '13-55', '1-109' ,
'70-8', '4-89', '9-66', '26-35', '22-42', '37-26', '18-45', '86-4', '4-90', '5-82' ,
'15-54', '8-76', '41-24', '28-34', '0-131', '65-9', '5-83', '28-35', '8-77', '12-60' ,
'54-16', '30-28', '18-46', '44-18', '28-36', '58-12', '105-1', '13-57', '45-18', '106-1' ,
'74-8', '0-132', '24-42', '98-2', '99-2', '1-111', '1-112', '75-8', '5-86', '15-55' ,
'56-13', '123-0', '2-105', '20-45', '100-2', '20-44', '30-30', '77-8', '8-78', '22-44' ,
'2-106', '59-12', '125-0', '39-25', '25-39', '13-59', '9-69', '33-28', '4-92', '60-12' ,
'15-57', '127-0', '4-93', '33-30', '9-70', '20-46', '39-26', '22-46', '102-2', '101-2' ,
'34-28', '89-4', '12-64', '22-45', '128-0', '56-16', '26-39', '90-4', '35-28', '45-21' ,
'44-21', '0-135', '13-60', '34-30', '30-34', '8-81', '30-35', '129-0', '35-30', '84-5' ,
'66-9', '12-65', '15-59', '41-25', '1-114', '0-136', '50-18', '58-13', '24-44', '51-18' ,
'44-20', '18-52', '109-1', '18-53', '2-109', '64-12', '24-45', '69-9', '41-26', '28-39' ,
])

index_select (len=1000) = np.array([
0, 1, 2, 3, 4, 5, 6, 7, 8, 9 ,
10, 11, 12, 13, 14, 15, 16, 17, 18, 19 ,
20, 21, 22, 23, 24, 25, 26, 27, 28, 29 ,
30, 31, 32, 33, 34, 35, 36, 37, 38, 39 ,
40, 41, 42, 43, 44, 45, 46, 47, 48, 49 ,
50, 51, 52, 53, 54, 55, 56, 57, 58, 59 ,
60, 61, 62, 63, 64, 65, 66, 67, 68, 69 ,
70, 71, 72, 73, 74, 75, 76, 77, 78, 79 ,
80, 81, 82, 83, 84, 85, 86, 87, 88, 89 ,
90, 91, 92, 93, 94, 95, 96, 97, 98, 99 ,
100, 101, 102, 103, 104, 105, 106, 107, 108, 109 ,
110, 111, 112, 113, 114, 115, 116, 117, 118, 119 ,
120, 121, 122, 123, 124, 125, 126, 127, 128, 129 ,
130, 131, 132, 133, 134, 135, 136, 137, 138, 139 ,
140, 141, 142, 143, 144, 145, 146, 147, 148, 149 ,
150, 151, 152, 153, 154, 155, 156, 157, 158, 159 ,
160, 161, 162, 163, 164, 165, 166, 167, 168, 169 ,
170, 171, 172, 173, 174, 175, 176, 177, 178, 179 ,
180, 181, 182, 183, 184, 185, 186, 187, 188, 189 ,
190, 191, 192, 193, 194, 195, 196, 197, 198, 199 ,
200, 201, 202, 203, 204, 205, 206, 207, 208, 209 ,
210, 211, 212, 213, 214, 215, 216, 217, 218, 219 ,
220, 221, 222, 223, 224, 225, 226, 227, 228, 229 ,
230, 231, 232, 233, 234, 235, 236, 237, 238, 239 ,
240, 241, 242, 243, 244, 245, 246, 247, 248, 249 ,
250, 251, 252, 253, 254, 255, 256, 257, 258, 259 ,
260, 261, 262, 263, 264, 265, 266, 267, 268, 269 ,
270, 271, 272, 273, 274, 275, 276, 277, 278, 279 ,
280, 281, 282, 283, 284, 285, 286, 287, 288, 289 ,
290, 291, 292, 293, 294, 295, 296, 297, 298, 299 ,
300, 301, 302, 303, 304, 305, 306, 307, 308, 309 ,
310, 311, 312, 313, 314, 315, 316, 317, 318, 319 ,
320, 321, 322, 323, 324, 325, 326, 327, 328, 329 ,
330, 331, 332, 333, 334, 335, 336, 337, 338, 339 ,
340, 341, 342, 343, 344, 345, 346, 347, 348, 349 ,
350, 351, 352, 353, 354, 355, 356, 357, 358, 359 ,
360, 361, 362, 363, 364, 365, 366, 367, 368, 369 ,
370, 371, 372, 373, 374, 375, 376, 377, 378, 379 ,
380, 381, 382, 383, 384, 385, 386, 387, 388, 389 ,
390, 391, 392, 393, 394, 395, 396, 397, 398, 399 ,
400, 401, 402, 403, 404, 405, 406, 407, 408, 409 ,
410, 411, 412, 413, 414, 415, 416, 417, 418, 419 ,
420, 421, 422, 423, 424, 425, 426, 427, 428, 429 ,
430, 431, 432, 433, 434, 435, 436, 437, 438, 439 ,
440, 441, 442, 443, 444, 445, 446, 447, 448, 449 ,
450, 451, 452, 453, 454, 455, 456, 457, 458, 459 ,
460, 461, 462, 463, 464, 465, 466, 467, 468, 469 ,
470, 471, 472, 473, 474, 475, 476, 477, 478, 479 ,
480, 481, 482, 483, 484, 485, 486, 487, 488, 489 ,
490, 491, 492, 493, 494, 495, 496, 497, 498, 499 ,
500, 501, 502, 503, 504, 505, 506, 507, 508, 509 ,
510, 511, 512, 513, 514, 515, 516, 517, 518, 519 ,
520, 521, 522, 523, 524, 525, 526, 527, 528, 529 ,
530, 531, 532, 533, 534, 535, 536, 537, 538, 539 ,
540, 541, 542, 543, 544, 545, 546, 547, 548, 549 ,
550, 551, 552, 553, 554, 555, 556, 557, 558, 559 ,
560, 561, 562, 563, 564, 565, 566, 567, 568, 569 ,
570, 571, 572, 573, 574, 575, 576, 577, 578, 579 ,
580, 581, 582, 583, 584, 585, 586, 587, 588, 589 ,
590, 591, 592, 593, 594, 595, 596, 597, 598, 599 ,
600, 601, 602, 603, 604, 605, 606, 607, 608, 609 ,
610, 611, 612, 613, 614, 615, 616, 617, 618, 619 ,
620, 621, 622, 623, 624, 625, 626, 627, 628, 629 ,
630, 631, 632, 633, 634, 635, 636, 637, 638, 639 ,
640, 641, 642, 643, 644, 645, 646, 647, 648, 649 ,
650, 651, 652, 653, 654, 655, 656, 657, 658, 659 ,
660, 661, 662, 663, 664, 665, 666, 667, 668, 669 ,
670, 671, 672, 673, 674, 675, 676, 677, 678, 679 ,
680, 681, 682, 683, 684, 685, 686, 687, 688, 689 ,
690, 691, 692, 693, 694, 695, 696, 697, 698, 699 ,
700, 701, 702, 703, 704, 705, 706, 707, 708, 709 ,
710, 711, 712, 713, 714, 715, 716, 717, 718, 719 ,
720, 721, 722, 723, 724, 725, 726, 727, 728, 729 ,
730, 731, 732, 733, 734, 735, 736, 737, 738, 739 ,
740, 741, 742, 743, 744, 745, 746, 747, 748, 749 ,
750, 751, 752, 753, 754, 755, 756, 757, 758, 759 ,
760, 761, 762, 763, 764, 765, 766, 767, 768, 769 ,
770, 771, 772, 773, 774, 775, 776, 777, 778, 779 ,
780, 781, 782, 783, 784, 785, 786, 787, 788, 789 ,
790, 791, 792, 793, 794, 795, 796, 797, 798, 799 ,
800, 801, 802, 803, 804, 805, 806, 807, 808, 809 ,
810, 811, 812, 813, 814, 815, 816, 817, 818, 819 ,
820, 821, 822, 823, 824, 825, 826, 827, 828, 829 ,
830, 831, 832, 833, 834, 835, 836, 837, 838, 839 ,
840, 841, 842, 843, 844, 845, 846, 847, 848, 849 ,
850, 851, 852, 853, 854, 855, 856, 857, 858, 859 ,
860, 861, 862, 863, 864, 865, 866, 867, 868, 869 ,
870, 871, 872, 873, 874, 875, 876, 877, 878, 879 ,
880, 881, 882, 883, 884, 885, 886, 887, 888, 889 ,
890, 891, 892, 893, 894, 895, 896, 897, 898, 899 ,
900, 901, 902, 903, 904, 905, 906, 907, 908, 909 ,
910, 911, 912, 913, 914, 915, 916, 917, 918, 919 ,
920, 921, 922, 923, 924, 925, 926, 927, 928, 929 ,
930, 931, 932, 933, 934, 935, 936, 937, 938, 939 ,
940, 941, 942, 943, 944, 945, 946, 947, 948, 949 ,
950, 951, 952, 953, 954, 955, 956, 957, 958, 959 ,
960, 961, 962, 963, 964, 965, 966, 967, 968, 969 ,
970, 971, 972, 973, 974, 975, 976, 977, 978, 979 ,
980, 981, 982, 983, 984, 985, 986, 987, 988, 989 ,
990, 991, 992, 993, 994, 995, 996, 997, 998, 999 ,
])

f_ideal_1000 = np.array([
-3.73539849 ,
])

===== Memory usage =====
[n_truc=1000, tg=25] Peak RSS: 10.93 GB
[n_truc=1000, tg=25] Peak PSS: 2.59 GB

Current China Time: 2026-08-04 11:52:57.962891+08:00

============================================================


----- n_truc=1000, tg=26 -----

hspace_select (len=1000) = np.array([
'0-0', '0-1', '1-0', '0-2', '2-0', '0-4', '4-0', '1-1', '0-5', '2-1' ,
'5-0', '1-2', '0-8', '2-2', '8-0', '1-4', '4-1', '0-9', '2-4', '9-0' ,
'1-5', '5-1', '4-2', '0-12', '2-5', '1-8', '5-2', '12-0', '0-13', '0-16' ,
'8-1', '4-4', '13-0', '15-0', '2-8', '1-9', '9-1', '8-2', '5-4', '4-5' ,
'0-18', '2-9', '1-12', '0-20', '18-0', '0-21', '9-2', '12-1', '5-5', '0-24' ,
'4-8', '1-13', '20-0', '8-4', '1-16', '22-0', '2-12', '13-1', '24-0', '0-25' ,
'15-1', '0-26', '5-8', '4-9', '12-2', '2-13', '9-4', '2-16', '8-5', '13-2' ,
'25-0', '26-0', '1-18', '15-2', '0-28', '28-0', '5-9', '4-12', '0-30', '18-1' ,
'9-5', '12-4', '1-20', '1-21', '0-33', '8-8', '0-34', '0-35', '1-24', '2-18' ,
'0-36', '20-1', '4-13', '22-1', '4-16', '30-0', '13-4', '5-12', '15-4', '24-1' ,
'33-0', '18-2', '2-20', '2-21', '34-0', '8-9', '35-0', '1-25', '9-8', '1-26' ,
'0-39', '2-24', '12-5', '37-0', '5-13', '20-2', '5-16', '22-2', '13-5', '25-1' ,
'0-42', '24-2', '26-1', '15-5', '39-0', '2-25', '4-18', '2-26', '9-9', '8-12' ,
'28-1', '1-28', '18-4', '0-44', '41-0', '12-8', '1-30', '4-20', '0-45', '4-21' ,
'0-46', '25-2', '13-8', '1-33', '8-13', '20-4', '8-16', '22-4', '4-24', '26-2' ,
'5-18', '1-34', '15-8', '1-35', '30-1', '2-28', '1-36', '28-2', '9-12', '24-4' ,
'44-0', '12-9', '33-1', '45-0', '2-30', '18-5', '0-52', '0-53', '46-0', '34-1' ,
'5-20', '35-1', '5-21', '4-25', '4-26', '2-33', '13-9', '9-13', '1-39', '5-24' ,
'37-1', '9-16', '2-34', '2-35', '0-54', '20-5', '22-5', '2-36', '50-0', '51-0' ,
'30-2', '15-9', '25-4', '0-55', '26-4', '8-18', '24-5', '12-12', '39-1', '33-2' ,
'0-57', '1-42', '18-8', '34-2', '5-25', '28-4', '35-2', '54-0', '0-59', '5-26' ,
'4-28', '2-39', '41-1', '13-12', '37-2', '8-20', '0-60', '8-21', '12-16', '1-44' ,
'12-13', '20-8', '4-30', '56-0', '22-8', '25-5', '8-24', '1-45', '9-18', '15-12' ,
'26-5', '1-46', '0-64', '2-42', '4-33', '30-4', '24-8', '39-2', '58-0', '13-13' ,
'18-9', '4-34', '4-35', '0-65', '4-36', '13-16', '28-5', '59-0', '5-28', '33-4' ,
'15-13', '44-1', '60-0', '34-4', '41-2', '9-20', '2-44', '9-21', '45-1', '15-16' ,
'35-4', '8-25', '46-1', '5-30', '20-9', '8-26', '1-52', '1-53', '22-9', '2-45' ,
'64-0', '9-24', '0-66', '37-4', '2-46', '25-8', '5-33', '4-39', '0-69', '65-0' ,
'26-8', '0-70', '30-5', '5-34', '24-9', '5-35', '12-18', '50-1', '1-54', '51-1' ,
'5-36', '18-12', '28-8', '44-2', '1-55', '33-5', '39-4', '0-73', '45-2', '9-25' ,
'0-76', '34-5', '4-42', '46-2', '2-52', '2-53', '35-5', '0-77', '13-18', '9-26' ,
'12-20', '20-12', '1-57', '22-12', '54-1', '66-0', '8-28', '12-21', '18-13', '41-4' ,
'69-0', '25-9', '37-5', '0-78', '70-0', '5-39', '1-59', '12-24', '8-30', '18-16' ,
'15-18', '2-54', '26-9', '4-44', '24-12', '1-60', '50-2', '56-1', '51-2', '74-0' ,
'0-81', '13-20', '30-8', '13-21', '75-0', '20-13', '28-9', '2-55', '8-33', '4-45' ,
'77-0', '22-13', '8-34', '13-24', '8-35', '20-16', '39-5', '15-20', '33-8', '4-46' ,
'5-42', '8-36', '58-1', '2-57', '15-21', '22-16', '1-64', '34-8', '35-8', '9-28' ,
'54-2', '15-24', '24-13', '59-1', '12-25', '1-65', '44-4', '2-59', '45-4', '24-16' ,
'41-5', '0-82', '12-26', '60-1', '46-4', '79-0', '9-30', '0-83', '81-0', '37-8' ,
'25-12', '2-60', '5-44', '0-86', '26-12', '56-2', '13-25', '4-52', '30-9', '4-53' ,
'64-1', '8-39', '9-33', '5-45', '13-26', '18-18', '9-34', '28-12', '65-1', '1-66' ,
'9-35', '5-46', '50-4', '2-64', '15-25', '9-36', '51-4', '58-2', '33-9', '25-13' ,
'1-69', '39-8', '15-26', '4-54', '35-9', '34-9', '1-70', '2-65', '25-16', '59-2' ,
'26-13', '0-89', '18-20', '12-28', '20-18', '0-90', '84-0', '44-5', '26-16', '18-21' ,
'60-2', '45-5', '4-55', '8-42', '41-8', '85-0', '46-5', '22-18', '37-9', '54-4' ,
'28-13', '1-73', '12-30', '28-16', '18-24', '86-0', '5-52', '5-53', '66-1', '4-57' ,
'1-76', '64-2', '9-39', '1-77', '24-18', '30-12', '0-92', '13-28', '0-93', '69-1' ,
'2-66', '20-21', '12-33', '20-20', '70-1', '4-59', '65-2', '2-69', '56-4', '8-44' ,
'33-12', '20-24', '1-78', '2-70', '50-5', '12-35', '12-34', '22-20', '39-9', '51-5' ,
'15-28', '5-54', '13-30', '4-60', '34-12', '74-1', '35-12', '12-36', '89-0', '8-45' ,
'24-21', '75-1', '90-0', '1-81', '8-46', '22-24', '77-1', '18-25', '0-97', '24-20' ,
'30-13', '0-98', '44-8', '58-4', '5-55', '9-42', '13-33', '0-100', '25-18', '41-9' ,
'2-73', '15-30', '45-8', '18-26', '59-4', '2-76', '37-12', '93-0', '92-0', '54-5' ,
'13-34', '4-64', '13-35', '2-77', '30-16', '24-24', '5-57', '46-8', '33-13', '66-2' ,
'13-36', '0-102', '0-103', '60-4', '34-16', '26-18', '4-65', '15-33', '34-13', '69-2' ,
'20-25', '5-59', '35-13', '70-2', '79-1', '22-25', '2-78', '9-44', '81-1', '12-39' ,
'15-35', '33-16', '15-34', '1-82', '8-52', '15-36', '35-16', '28-18', '8-53', '64-4' ,
'9-45', '56-5', '5-60', '1-83', '51-8', '20-26', '74-2', '39-12', '50-8', '2-81' ,
'25-20', '22-26', '5-64', '37-13', '25-21', '98-0', '99-0', '75-2', '1-86', '9-46' ,
'0-105', '37-16', '26-21', '0-106', '100-0', '77-2', '65-4', '26-20', '24-25', '13-39' ,
'4-66', '44-9', '58-5', '8-54', '24-26', '18-28', '45-9', '102-0', '101-0', '25-24' ,
'4-69', '46-9', '41-12', '12-42', '28-20', '20-28', '28-21', '4-70', '26-24', '59-5' ,
'54-8', '15-39', '5-65', '18-30', '8-55', '0-109', '39-13', '84-1', '60-5', '39-16' ,
'2-82', '1-89', '30-18', '79-2', '28-24', '1-90', '85-1', '81-2', '2-83', '8-57' ,
'66-4', '9-53', '9-52', '13-42', '18-33', '0-111', '0-112', '4-73', '20-30', '12-44' ,
'64-5', '22-28', '86-1', '56-8', '33-18', '69-4', '41-13', '25-25', '105-0', '2-86' ,
'4-76', '106-0', '51-9', '18-34', '18-35', '50-9', '8-59', '4-77', '70-4', '25-26' ,
'34-18', '41-16', '26-25', '12-45', '35-18', '15-42', '18-36', '5-66', '30-21', '65-5' ,
'22-30', '35-20', '1-93', '1-92', '9-54', '24-28', '8-60', '26-26', '74-4', '44-12' ,
'45-12', '12-46', '30-20', '4-78', '5-69', '75-4', '58-8', '0-114', '13-44', '5-70' ,
'28-25', '30-24', '20-34', '24-30', '20-35', '46-12', '77-4', '37-18', '89-1', '34-21' ,
'54-9', '28-26', '90-1', '35-21', '9-55', '22-33', '109-0', '4-81', '2-89', '59-8' ,
'84-2', '13-45', '2-90', '0-116', '20-33', '60-8', '15-44', '13-46', '8-64', '33-20' ,
'85-2', '9-57', '20-36', '110-0', '111-0', '1-97', '1-98', '24-33', '34-20', '5-73' ,
'22-36', '93-1', '92-1', '8-65', '66-5', '1-100', '22-35', '22-34', '50-12', '44-13' ,
'24-35', '86-2', '12-52', '5-76', '51-12', '18-39', '35-24', '56-9', '12-53', '45-13' ,
'5-77', '37-21', '9-59', '15-45', '69-5', '64-8', '46-13', '79-4', '0-121', '39-18' ,
'44-16', '25-28', '70-5', '15-46', '2-92', '37-20', '33-24', '81-4', '2-93', '24-36' ,
'1-102', '24-34', '1-103', '34-24', '26-34', '30-26', '45-16', '9-60', '26-28', '46-16' ,
'65-8', '4-82', '5-78', '30-25', '74-5', '114-0', '58-9', '25-30', '4-83', '37-24' ,
'33-25', '75-5', '12-54', '13-52', '13-53', '116-0', '20-39', '99-1', '98-1', '89-2' ,
'41-18', '22-39', '54-12', '28-28', '26-30', '8-66', '5-81', '90-2', '77-5', '4-86' ,
'18-42', '59-9', '34-26', '100-1', '50-13', '34-25', '51-13', '39-20', '2-97', '12-55' ,
'2-98', '39-21', '9-64', '60-9', '1-105', '8-69', '0-123', '2-100', '25-33', '0-124' ,
'1-106', '35-25', '8-70', '102-1', '101-1', '0-125', '25-34', '25-35', '28-30', '93-2' ,
'92-2', '9-65', '24-39', '15-52', '35-26', '26-33', '56-12', '13-54', '84-4', '0-128' ,
'50-16', '15-53', '33-26', '51-16', '12-57', '39-24', '121-0', '41-20', '66-8', '25-36' ,
'46-18', '2-102', '2-103', '18-44', '64-9', '41-21', '20-42', '85-4', '0-129', '79-5' ,
'69-8', '37-25', '26-36', '54-13', '81-5', '12-59', '8-73', '28-33', '13-55', '1-109' ,
'70-8', '4-89', '9-66', '26-35', '22-42', '37-26', '18-45', '86-4', '4-90', '5-82' ,
'15-54', '8-76', '41-24', '28-34', '0-131', '65-9', '5-83', '28-35', '8-77', '12-60' ,
'54-16', '30-28', '18-46', '44-18', '28-36', '58-12', '105-1', '13-57', '45-18', '106-1' ,
'74-8', '0-132', '24-42', '98-2', '99-2', '1-111', '1-112', '75-8', '5-86', '15-55' ,
'56-13', '123-0', '2-105', '20-45', '100-2', '20-44', '30-30', '77-8', '8-78', '22-44' ,
'2-106', '59-12', '125-0', '39-25', '25-39', '13-59', '9-69', '33-28', '4-92', '60-12' ,
'15-57', '127-0', '4-93', '33-30', '9-70', '20-46', '39-26', '22-46', '102-2', '101-2' ,
'34-28', '89-4', '12-64', '22-45', '128-0', '56-16', '26-39', '90-4', '35-28', '45-21' ,
'44-21', '0-135', '13-60', '34-30', '30-34', '8-81', '30-35', '129-0', '35-30', '84-5' ,
'66-9', '12-65', '15-59', '41-25', '1-114', '0-136', '50-18', '58-13', '24-44', '51-18' ,
'44-20', '18-52', '109-1', '18-53', '2-109', '64-12', '24-45', '69-9', '41-26', '28-39' ,
])

index_select (len=1000) = np.array([
0, 1, 2, 3, 4, 5, 6, 7, 8, 9 ,
10, 11, 12, 13, 14, 15, 16, 17, 18, 19 ,
20, 21, 22, 23, 24, 25, 26, 27, 28, 29 ,
30, 31, 32, 33, 34, 35, 36, 37, 38, 39 ,
40, 41, 42, 43, 44, 45, 46, 47, 48, 49 ,
50, 51, 52, 53, 54, 55, 56, 57, 58, 59 ,
60, 61, 62, 63, 64, 65, 66, 67, 68, 69 ,
70, 71, 72, 73, 74, 75, 76, 77, 78, 79 ,
80, 81, 82, 83, 84, 85, 86, 87, 88, 89 ,
90, 91, 92, 93, 94, 95, 96, 97, 98, 99 ,
100, 101, 102, 103, 104, 105, 106, 107, 108, 109 ,
110, 111, 112, 113, 114, 115, 116, 117, 118, 119 ,
120, 121, 122, 123, 124, 125, 126, 127, 128, 129 ,
130, 131, 132, 133, 134, 135, 136, 137, 138, 139 ,
140, 141, 142, 143, 144, 145, 146, 147, 148, 149 ,
150, 151, 152, 153, 154, 155, 156, 157, 158, 159 ,
160, 161, 162, 163, 164, 165, 166, 167, 168, 169 ,
170, 171, 172, 173, 174, 175, 176, 177, 178, 179 ,
180, 181, 182, 183, 184, 185, 186, 187, 188, 189 ,
190, 191, 192, 193, 194, 195, 196, 197, 198, 199 ,
200, 201, 202, 203, 204, 205, 206, 207, 208, 209 ,
210, 211, 212, 213, 214, 215, 216, 217, 218, 219 ,
220, 221, 222, 223, 224, 225, 226, 227, 228, 229 ,
230, 231, 232, 233, 234, 235, 236, 237, 238, 239 ,
240, 241, 242, 243, 244, 245, 246, 247, 248, 249 ,
250, 251, 252, 253, 254, 255, 256, 257, 258, 259 ,
260, 261, 262, 263, 264, 265, 266, 267, 268, 269 ,
270, 271, 272, 273, 274, 275, 276, 277, 278, 279 ,
280, 281, 282, 283, 284, 285, 286, 287, 288, 289 ,
290, 291, 292, 293, 294, 295, 296, 297, 298, 299 ,
300, 301, 302, 303, 304, 305, 306, 307, 308, 309 ,
310, 311, 312, 313, 314, 315, 316, 317, 318, 319 ,
320, 321, 322, 323, 324, 325, 326, 327, 328, 329 ,
330, 331, 332, 333, 334, 335, 336, 337, 338, 339 ,
340, 341, 342, 343, 344, 345, 346, 347, 348, 349 ,
350, 351, 352, 353, 354, 355, 356, 357, 358, 359 ,
360, 361, 362, 363, 364, 365, 366, 367, 368, 369 ,
370, 371, 372, 373, 374, 375, 376, 377, 378, 379 ,
380, 381, 382, 383, 384, 385, 386, 387, 388, 389 ,
390, 391, 392, 393, 394, 395, 396, 397, 398, 399 ,
400, 401, 402, 403, 404, 405, 406, 407, 408, 409 ,
410, 411, 412, 413, 414, 415, 416, 417, 418, 419 ,
420, 421, 422, 423, 424, 425, 426, 427, 428, 429 ,
430, 431, 432, 433, 434, 435, 436, 437, 438, 439 ,
440, 441, 442, 443, 444, 445, 446, 447, 448, 449 ,
450, 451, 452, 453, 454, 455, 456, 457, 458, 459 ,
460, 461, 462, 463, 464, 465, 466, 467, 468, 469 ,
470, 471, 472, 473, 474, 475, 476, 477, 478, 479 ,
480, 481, 482, 483, 484, 485, 486, 487, 488, 489 ,
490, 491, 492, 493, 494, 495, 496, 497, 498, 499 ,
500, 501, 502, 503, 504, 505, 506, 507, 508, 509 ,
510, 511, 512, 513, 514, 515, 516, 517, 518, 519 ,
520, 521, 522, 523, 524, 525, 526, 527, 528, 529 ,
530, 531, 532, 533, 534, 535, 536, 537, 538, 539 ,
540, 541, 542, 543, 544, 545, 546, 547, 548, 549 ,
550, 551, 552, 553, 554, 555, 556, 557, 558, 559 ,
560, 561, 562, 563, 564, 565, 566, 567, 568, 569 ,
570, 571, 572, 573, 574, 575, 576, 577, 578, 579 ,
580, 581, 582, 583, 584, 585, 586, 587, 588, 589 ,
590, 591, 592, 593, 594, 595, 596, 597, 598, 599 ,
600, 601, 602, 603, 604, 605, 606, 607, 608, 609 ,
610, 611, 612, 613, 614, 615, 616, 617, 618, 619 ,
620, 621, 622, 623, 624, 625, 626, 627, 628, 629 ,
630, 631, 632, 633, 634, 635, 636, 637, 638, 639 ,
640, 641, 642, 643, 644, 645, 646, 647, 648, 649 ,
650, 651, 652, 653, 654, 655, 656, 657, 658, 659 ,
660, 661, 662, 663, 664, 665, 666, 667, 668, 669 ,
670, 671, 672, 673, 674, 675, 676, 677, 678, 679 ,
680, 681, 682, 683, 684, 685, 686, 687, 688, 689 ,
690, 691, 692, 693, 694, 695, 696, 697, 698, 699 ,
700, 701, 702, 703, 704, 705, 706, 707, 708, 709 ,
710, 711, 712, 713, 714, 715, 716, 717, 718, 719 ,
720, 721, 722, 723, 724, 725, 726, 727, 728, 729 ,
730, 731, 732, 733, 734, 735, 736, 737, 738, 739 ,
740, 741, 742, 743, 744, 745, 746, 747, 748, 749 ,
750, 751, 752, 753, 754, 755, 756, 757, 758, 759 ,
760, 761, 762, 763, 764, 765, 766, 767, 768, 769 ,
770, 771, 772, 773, 774, 775, 776, 777, 778, 779 ,
780, 781, 782, 783, 784, 785, 786, 787, 788, 789 ,
790, 791, 792, 793, 794, 795, 796, 797, 798, 799 ,
800, 801, 802, 803, 804, 805, 806, 807, 808, 809 ,
810, 811, 812, 813, 814, 815, 816, 817, 818, 819 ,
820, 821, 822, 823, 824, 825, 826, 827, 828, 829 ,
830, 831, 832, 833, 834, 835, 836, 837, 838, 839 ,
840, 841, 842, 843, 844, 845, 846, 847, 848, 849 ,
850, 851, 852, 853, 854, 855, 856, 857, 858, 859 ,
860, 861, 862, 863, 864, 865, 866, 867, 868, 869 ,
870, 871, 872, 873, 874, 875, 876, 877, 878, 879 ,
880, 881, 882, 883, 884, 885, 886, 887, 888, 889 ,
890, 891, 892, 893, 894, 895, 896, 897, 898, 899 ,
900, 901, 902, 903, 904, 905, 906, 907, 908, 909 ,
910, 911, 912, 913, 914, 915, 916, 917, 918, 919 ,
920, 921, 922, 923, 924, 925, 926, 927, 928, 929 ,
930, 931, 932, 933, 934, 935, 936, 937, 938, 939 ,
940, 941, 942, 943, 944, 945, 946, 947, 948, 949 ,
950, 951, 952, 953, 954, 955, 956, 957, 958, 959 ,
960, 961, 962, 963, 964, 965, 966, 967, 968, 969 ,
970, 971, 972, 973, 974, 975, 976, 977, 978, 979 ,
980, 981, 982, 983, 984, 985, 986, 987, 988, 989 ,
990, 991, 992, 993, 994, 995, 996, 997, 998, 999 ,
])

f_ideal_1000 = np.array([
-3.87979563 ,
])

===== Memory usage =====
[n_truc=1000, tg=26] Peak RSS: 10.96 GB
[n_truc=1000, tg=26] Peak PSS: 2.60 GB

Current China Time: 2026-08-04 12:00:46.284700+08:00

============================================================


----- n_truc=1000, tg=27 -----

hspace_select (len=1000) = np.array([
'0-0', '0-1', '1-0', '0-2', '2-0', '0-4', '4-0', '1-1', '0-5', '2-1' ,
'5-0', '1-2', '0-8', '2-2', '8-0', '1-4', '4-1', '0-9', '2-4', '9-0' ,
'1-5', '5-1', '4-2', '0-12', '2-5', '1-8', '5-2', '12-0', '0-13', '0-16' ,
'8-1', '4-4', '13-0', '15-0', '2-8', '1-9', '9-1', '8-2', '5-4', '4-5' ,
'0-18', '2-9', '1-12', '0-20', '18-0', '0-21', '9-2', '12-1', '5-5', '0-24' ,
'4-8', '1-13', '20-0', '8-4', '1-16', '22-0', '2-12', '13-1', '24-0', '0-25' ,
'15-1', '0-26', '5-8', '4-9', '12-2', '2-13', '9-4', '2-16', '8-5', '13-2' ,
'25-0', '26-0', '1-18', '15-2', '0-28', '28-0', '5-9', '4-12', '0-30', '18-1' ,
'9-5', '12-4', '1-20', '1-21', '0-33', '8-8', '0-34', '0-35', '1-24', '2-18' ,
'0-36', '20-1', '4-13', '22-1', '4-16', '30-0', '13-4', '5-12', '15-4', '24-1' ,
'33-0', '18-2', '2-20', '2-21', '34-0', '8-9', '35-0', '1-25', '9-8', '1-26' ,
'0-39', '2-24', '12-5', '37-0', '5-13', '20-2', '5-16', '22-2', '13-5', '25-1' ,
'0-42', '24-2', '26-1', '15-5', '39-0', '2-25', '4-18', '2-26', '9-9', '8-12' ,
'28-1', '1-28', '18-4', '0-44', '41-0', '12-8', '1-30', '4-20', '0-45', '4-21' ,
'0-46', '25-2', '13-8', '1-33', '8-13', '20-4', '8-16', '22-4', '4-24', '26-2' ,
'5-18', '1-34', '15-8', '1-35', '30-1', '2-28', '1-36', '28-2', '9-12', '24-4' ,
'44-0', '12-9', '33-1', '45-0', '2-30', '18-5', '0-52', '0-53', '46-0', '34-1' ,
'5-20', '35-1', '5-21', '4-25', '4-26', '2-33', '13-9', '9-13', '1-39', '5-24' ,
'37-1', '9-16', '2-34', '2-35', '0-54', '20-5', '22-5', '2-36', '50-0', '51-0' ,
'30-2', '15-9', '25-4', '0-55', '26-4', '8-18', '24-5', '12-12', '39-1', '33-2' ,
'0-57', '1-42', '18-8', '34-2', '5-25', '28-4', '35-2', '54-0', '0-59', '5-26' ,
'4-28', '2-39', '41-1', '13-12', '37-2', '8-20', '0-60', '8-21', '12-16', '1-44' ,
'12-13', '20-8', '4-30', '56-0', '22-8', '25-5', '8-24', '1-45', '9-18', '15-12' ,
'26-5', '1-46', '0-64', '2-42', '4-33', '30-4', '24-8', '39-2', '58-0', '13-13' ,
'18-9', '4-34', '4-35', '0-65', '4-36', '13-16', '28-5', '59-0', '5-28', '33-4' ,
'15-13', '44-1', '60-0', '34-4', '41-2', '9-20', '2-44', '9-21', '45-1', '15-16' ,
'35-4', '8-25', '46-1', '5-30', '20-9', '8-26', '1-52', '1-53', '22-9', '2-45' ,
'64-0', '9-24', '0-66', '37-4', '2-46', '25-8', '5-33', '4-39', '0-69', '65-0' ,
'26-8', '0-70', '30-5', '5-34', '24-9', '5-35', '12-18', '50-1', '1-54', '51-1' ,
'5-36', '18-12', '28-8', '44-2', '1-55', '33-5', '39-4', '0-73', '45-2', '9-25' ,
'0-76', '34-5', '4-42', '46-2', '2-52', '2-53', '35-5', '0-77', '13-18', '9-26' ,
'12-20', '20-12', '1-57', '22-12', '54-1', '66-0', '8-28', '12-21', '18-13', '41-4' ,
'69-0', '25-9', '37-5', '0-78', '70-0', '5-39', '1-59', '12-24', '8-30', '18-16' ,
'15-18', '2-54', '26-9', '4-44', '24-12', '1-60', '50-2', '56-1', '51-2', '74-0' ,
'0-81', '13-20', '30-8', '13-21', '75-0', '20-13', '28-9', '2-55', '8-33', '4-45' ,
'77-0', '22-13', '8-34', '13-24', '8-35', '20-16', '39-5', '15-20', '33-8', '4-46' ,
'5-42', '8-36', '58-1', '2-57', '15-21', '22-16', '1-64', '34-8', '35-8', '9-28' ,
'54-2', '15-24', '24-13', '59-1', '12-25', '1-65', '44-4', '2-59', '45-4', '24-16' ,
'41-5', '0-82', '12-26', '60-1', '46-4', '79-0', '9-30', '0-83', '81-0', '37-8' ,
'25-12', '2-60', '5-44', '0-86', '26-12', '56-2', '13-25', '4-52', '30-9', '4-53' ,
'64-1', '8-39', '9-33', '5-45', '13-26', '18-18', '9-34', '28-12', '65-1', '1-66' ,
'9-35', '5-46', '50-4', '2-64', '15-25', '9-36', '51-4', '58-2', '33-9', '25-13' ,
'1-69', '39-8', '15-26', '4-54', '35-9', '34-9', '1-70', '2-65', '25-16', '59-2' ,
'26-13', '0-89', '18-20', '12-28', '20-18', '0-90', '84-0', '44-5', '26-16', '18-21' ,
'60-2', '45-5', '4-55', '8-42', '41-8', '85-0', '46-5', '22-18', '37-9', '54-4' ,
'28-13', '1-73', '12-30', '28-16', '18-24', '86-0', '5-52', '5-53', '66-1', '4-57' ,
'1-76', '64-2', '9-39', '1-77', '24-18', '30-12', '0-92', '13-28', '0-93', '69-1' ,
'2-66', '20-21', '12-33', '20-20', '70-1', '4-59', '65-2', '2-69', '56-4', '8-44' ,
'33-12', '20-24', '1-78', '2-70', '50-5', '12-35', '12-34', '22-20', '39-9', '51-5' ,
'15-28', '5-54', '13-30', '4-60', '34-12', '74-1', '35-12', '12-36', '89-0', '8-45' ,
'24-21', '75-1', '90-0', '1-81', '8-46', '22-24', '77-1', '18-25', '0-97', '24-20' ,
'30-13', '0-98', '44-8', '58-4', '5-55', '9-42', '13-33', '0-100', '25-18', '41-9' ,
'2-73', '15-30', '45-8', '18-26', '59-4', '2-76', '37-12', '93-0', '92-0', '54-5' ,
'13-34', '4-64', '13-35', '2-77', '30-16', '24-24', '5-57', '46-8', '33-13', '66-2' ,
'13-36', '0-102', '0-103', '60-4', '34-16', '26-18', '4-65', '15-33', '34-13', '69-2' ,
'20-25', '5-59', '35-13', '70-2', '79-1', '22-25', '2-78', '9-44', '81-1', '12-39' ,
'15-35', '33-16', '15-34', '1-82', '8-52', '15-36', '35-16', '28-18', '8-53', '64-4' ,
'9-45', '56-5', '5-60', '1-83', '51-8', '20-26', '74-2', '39-12', '50-8', '2-81' ,
'25-20', '22-26', '5-64', '37-13', '25-21', '98-0', '99-0', '75-2', '1-86', '9-46' ,
'0-105', '37-16', '26-21', '0-106', '100-0', '77-2', '65-4', '26-20', '24-25', '13-39' ,
'4-66', '44-9', '58-5', '8-54', '24-26', '18-28', '45-9', '102-0', '101-0', '25-24' ,
'4-69', '46-9', '41-12', '12-42', '28-20', '20-28', '28-21', '4-70', '26-24', '59-5' ,
'54-8', '15-39', '5-65', '18-30', '8-55', '0-109', '39-13', '84-1', '60-5', '39-16' ,
'2-82', '1-89', '30-18', '79-2', '28-24', '1-90', '85-1', '81-2', '2-83', '8-57' ,
'66-4', '9-53', '9-52', '13-42', '18-33', '0-111', '0-112', '4-73', '20-30', '12-44' ,
'64-5', '22-28', '86-1', '56-8', '33-18', '69-4', '41-13', '25-25', '105-0', '2-86' ,
'4-76', '106-0', '51-9', '18-34', '18-35', '50-9', '8-59', '4-77', '70-4', '25-26' ,
'34-18', '41-16', '26-25', '12-45', '35-18', '15-42', '18-36', '5-66', '30-21', '65-5' ,
'22-30', '35-20', '1-93', '1-92', '9-54', '24-28', '8-60', '26-26', '74-4', '44-12' ,
'45-12', '12-46', '30-20', '4-78', '5-69', '75-4', '58-8', '0-114', '13-44', '5-70' ,
'28-25', '30-24', '20-34', '24-30', '20-35', '46-12', '77-4', '37-18', '89-1', '34-21' ,
'54-9', '28-26', '90-1', '35-21', '9-55', '22-33', '109-0', '4-81', '2-89', '59-8' ,
'84-2', '13-45', '2-90', '0-116', '20-33', '60-8', '15-44', '13-46', '8-64', '33-20' ,
'85-2', '9-57', '20-36', '110-0', '111-0', '1-97', '1-98', '24-33', '34-20', '5-73' ,
'22-36', '93-1', '92-1', '8-65', '66-5', '1-100', '22-35', '22-34', '50-12', '44-13' ,
'24-35', '86-2', '12-52', '5-76', '51-12', '18-39', '35-24', '56-9', '12-53', '45-13' ,
'5-77', '37-21', '9-59', '15-45', '69-5', '64-8', '46-13', '79-4', '0-121', '39-18' ,
'44-16', '25-28', '70-5', '15-46', '2-92', '37-20', '33-24', '81-4', '2-93', '24-36' ,
'1-102', '24-34', '1-103', '34-24', '26-34', '30-26', '45-16', '9-60', '26-28', '46-16' ,
'65-8', '4-82', '5-78', '30-25', '74-5', '114-0', '58-9', '25-30', '4-83', '37-24' ,
'33-25', '75-5', '12-54', '13-52', '13-53', '116-0', '20-39', '99-1', '98-1', '89-2' ,
'41-18', '22-39', '54-12', '28-28', '26-30', '8-66', '5-81', '90-2', '77-5', '4-86' ,
'18-42', '59-9', '34-26', '100-1', '50-13', '34-25', '51-13', '39-20', '2-97', '12-55' ,
'2-98', '39-21', '9-64', '60-9', '1-105', '8-69', '0-123', '2-100', '25-33', '0-124' ,
'1-106', '35-25', '8-70', '102-1', '101-1', '0-125', '25-34', '25-35', '28-30', '93-2' ,
'92-2', '9-65', '24-39', '15-52', '35-26', '26-33', '56-12', '13-54', '84-4', '0-128' ,
'50-16', '15-53', '33-26', '51-16', '12-57', '39-24', '121-0', '41-20', '66-8', '25-36' ,
'46-18', '2-102', '2-103', '18-44', '64-9', '41-21', '20-42', '85-4', '0-129', '79-5' ,
'69-8', '37-25', '26-36', '54-13', '81-5', '12-59', '8-73', '28-33', '13-55', '1-109' ,
'70-8', '4-89', '9-66', '26-35', '22-42', '37-26', '18-45', '86-4', '4-90', '5-82' ,
'15-54', '8-76', '41-24', '28-34', '0-131', '65-9', '5-83', '28-35', '8-77', '12-60' ,
'54-16', '30-28', '18-46', '44-18', '28-36', '58-12', '105-1', '13-57', '45-18', '106-1' ,
'74-8', '0-132', '24-42', '98-2', '99-2', '1-111', '1-112', '75-8', '5-86', '15-55' ,
'56-13', '123-0', '2-105', '20-45', '100-2', '20-44', '30-30', '77-8', '8-78', '22-44' ,
'2-106', '59-12', '125-0', '39-25', '25-39', '13-59', '9-69', '33-28', '4-92', '60-12' ,
'15-57', '127-0', '4-93', '33-30', '9-70', '20-46', '39-26', '22-46', '102-2', '101-2' ,
'34-28', '89-4', '12-64', '22-45', '128-0', '56-16', '26-39', '90-4', '35-28', '45-21' ,
'44-21', '0-135', '13-60', '34-30', '30-34', '8-81', '30-35', '129-0', '35-30', '84-5' ,
'66-9', '12-65', '15-59', '41-25', '1-114', '0-136', '50-18', '58-13', '24-44', '51-18' ,
'44-20', '18-52', '109-1', '18-53', '2-109', '64-12', '24-45', '69-9', '41-26', '28-39' ,
])

index_select (len=1000) = np.array([
0, 1, 2, 3, 4, 5, 6, 7, 8, 9 ,
10, 11, 12, 13, 14, 15, 16, 17, 18, 19 ,
20, 21, 22, 23, 24, 25, 26, 27, 28, 29 ,
30, 31, 32, 33, 34, 35, 36, 37, 38, 39 ,
40, 41, 42, 43, 44, 45, 46, 47, 48, 49 ,
50, 51, 52, 53, 54, 55, 56, 57, 58, 59 ,
60, 61, 62, 63, 64, 65, 66, 67, 68, 69 ,
70, 71, 72, 73, 74, 75, 76, 77, 78, 79 ,
80, 81, 82, 83, 84, 85, 86, 87, 88, 89 ,
90, 91, 92, 93, 94, 95, 96, 97, 98, 99 ,
100, 101, 102, 103, 104, 105, 106, 107, 108, 109 ,
110, 111, 112, 113, 114, 115, 116, 117, 118, 119 ,
120, 121, 122, 123, 124, 125, 126, 127, 128, 129 ,
130, 131, 132, 133, 134, 135, 136, 137, 138, 139 ,
140, 141, 142, 143, 144, 145, 146, 147, 148, 149 ,
150, 151, 152, 153, 154, 155, 156, 157, 158, 159 ,
160, 161, 162, 163, 164, 165, 166, 167, 168, 169 ,
170, 171, 172, 173, 174, 175, 176, 177, 178, 179 ,
180, 181, 182, 183, 184, 185, 186, 187, 188, 189 ,
190, 191, 192, 193, 194, 195, 196, 197, 198, 199 ,
200, 201, 202, 203, 204, 205, 206, 207, 208, 209 ,
210, 211, 212, 213, 214, 215, 216, 217, 218, 219 ,
220, 221, 222, 223, 224, 225, 226, 227, 228, 229 ,
230, 231, 232, 233, 234, 235, 236, 237, 238, 239 ,
240, 241, 242, 243, 244, 245, 246, 247, 248, 249 ,
250, 251, 252, 253, 254, 255, 256, 257, 258, 259 ,
260, 261, 262, 263, 264, 265, 266, 267, 268, 269 ,
270, 271, 272, 273, 274, 275, 276, 277, 278, 279 ,
280, 281, 282, 283, 284, 285, 286, 287, 288, 289 ,
290, 291, 292, 293, 294, 295, 296, 297, 298, 299 ,
300, 301, 302, 303, 304, 305, 306, 307, 308, 309 ,
310, 311, 312, 313, 314, 315, 316, 317, 318, 319 ,
320, 321, 322, 323, 324, 325, 326, 327, 328, 329 ,
330, 331, 332, 333, 334, 335, 336, 337, 338, 339 ,
340, 341, 342, 343, 344, 345, 346, 347, 348, 349 ,
350, 351, 352, 353, 354, 355, 356, 357, 358, 359 ,
360, 361, 362, 363, 364, 365, 366, 367, 368, 369 ,
370, 371, 372, 373, 374, 375, 376, 377, 378, 379 ,
380, 381, 382, 383, 384, 385, 386, 387, 388, 389 ,
390, 391, 392, 393, 394, 395, 396, 397, 398, 399 ,
400, 401, 402, 403, 404, 405, 406, 407, 408, 409 ,
410, 411, 412, 413, 414, 415, 416, 417, 418, 419 ,
420, 421, 422, 423, 424, 425, 426, 427, 428, 429 ,
430, 431, 432, 433, 434, 435, 436, 437, 438, 439 ,
440, 441, 442, 443, 444, 445, 446, 447, 448, 449 ,
450, 451, 452, 453, 454, 455, 456, 457, 458, 459 ,
460, 461, 462, 463, 464, 465, 466, 467, 468, 469 ,
470, 471, 472, 473, 474, 475, 476, 477, 478, 479 ,
480, 481, 482, 483, 484, 485, 486, 487, 488, 489 ,
490, 491, 492, 493, 494, 495, 496, 497, 498, 499 ,
500, 501, 502, 503, 504, 505, 506, 507, 508, 509 ,
510, 511, 512, 513, 514, 515, 516, 517, 518, 519 ,
520, 521, 522, 523, 524, 525, 526, 527, 528, 529 ,
530, 531, 532, 533, 534, 535, 536, 537, 538, 539 ,
540, 541, 542, 543, 544, 545, 546, 547, 548, 549 ,
550, 551, 552, 553, 554, 555, 556, 557, 558, 559 ,
560, 561, 562, 563, 564, 565, 566, 567, 568, 569 ,
570, 571, 572, 573, 574, 575, 576, 577, 578, 579 ,
580, 581, 582, 583, 584, 585, 586, 587, 588, 589 ,
590, 591, 592, 593, 594, 595, 596, 597, 598, 599 ,
600, 601, 602, 603, 604, 605, 606, 607, 608, 609 ,
610, 611, 612, 613, 614, 615, 616, 617, 618, 619 ,
620, 621, 622, 623, 624, 625, 626, 627, 628, 629 ,
630, 631, 632, 633, 634, 635, 636, 637, 638, 639 ,
640, 641, 642, 643, 644, 645, 646, 647, 648, 649 ,
650, 651, 652, 653, 654, 655, 656, 657, 658, 659 ,
660, 661, 662, 663, 664, 665, 666, 667, 668, 669 ,
670, 671, 672, 673, 674, 675, 676, 677, 678, 679 ,
680, 681, 682, 683, 684, 685, 686, 687, 688, 689 ,
690, 691, 692, 693, 694, 695, 696, 697, 698, 699 ,
700, 701, 702, 703, 704, 705, 706, 707, 708, 709 ,
710, 711, 712, 713, 714, 715, 716, 717, 718, 719 ,
720, 721, 722, 723, 724, 725, 726, 727, 728, 729 ,
730, 731, 732, 733, 734, 735, 736, 737, 738, 739 ,
740, 741, 742, 743, 744, 745, 746, 747, 748, 749 ,
750, 751, 752, 753, 754, 755, 756, 757, 758, 759 ,
760, 761, 762, 763, 764, 765, 766, 767, 768, 769 ,
770, 771, 772, 773, 774, 775, 776, 777, 778, 779 ,
780, 781, 782, 783, 784, 785, 786, 787, 788, 789 ,
790, 791, 792, 793, 794, 795, 796, 797, 798, 799 ,
800, 801, 802, 803, 804, 805, 806, 807, 808, 809 ,
810, 811, 812, 813, 814, 815, 816, 817, 818, 819 ,
820, 821, 822, 823, 824, 825, 826, 827, 828, 829 ,
830, 831, 832, 833, 834, 835, 836, 837, 838, 839 ,
840, 841, 842, 843, 844, 845, 846, 847, 848, 849 ,
850, 851, 852, 853, 854, 855, 856, 857, 858, 859 ,
860, 861, 862, 863, 864, 865, 866, 867, 868, 869 ,
870, 871, 872, 873, 874, 875, 876, 877, 878, 879 ,
880, 881, 882, 883, 884, 885, 886, 887, 888, 889 ,
890, 891, 892, 893, 894, 895, 896, 897, 898, 899 ,
900, 901, 902, 903, 904, 905, 906, 907, 908, 909 ,
910, 911, 912, 913, 914, 915, 916, 917, 918, 919 ,
920, 921, 922, 923, 924, 925, 926, 927, 928, 929 ,
930, 931, 932, 933, 934, 935, 936, 937, 938, 939 ,
940, 941, 942, 943, 944, 945, 946, 947, 948, 949 ,
950, 951, 952, 953, 954, 955, 956, 957, 958, 959 ,
960, 961, 962, 963, 964, 965, 966, 967, 968, 969 ,
970, 971, 972, 973, 974, 975, 976, 977, 978, 979 ,
980, 981, 982, 983, 984, 985, 986, 987, 988, 989 ,
990, 991, 992, 993, 994, 995, 996, 997, 998, 999 ,
])

f_ideal_1000 = np.array([
-4.18220420 ,
])

===== Memory usage =====
[n_truc=1000, tg=27] Peak RSS: 10.98 GB
[n_truc=1000, tg=27] Peak PSS: 2.61 GB

Current China Time: 2026-08-04 12:07:32.549892+08:00

============================================================


----- n_truc=1000, tg=28 -----

hspace_select (len=1000) = np.array([
'0-0', '0-1', '1-0', '0-2', '2-0', '0-4', '4-0', '1-1', '0-5', '2-1' ,
'5-0', '1-2', '0-8', '2-2', '8-0', '1-4', '4-1', '0-9', '2-4', '9-0' ,
'1-5', '5-1', '4-2', '0-12', '2-5', '1-8', '5-2', '12-0', '0-13', '0-16' ,
'8-1', '4-4', '13-0', '15-0', '2-8', '1-9', '9-1', '8-2', '5-4', '4-5' ,
'0-18', '2-9', '1-12', '0-20', '18-0', '0-21', '9-2', '12-1', '5-5', '0-24' ,
'4-8', '1-13', '20-0', '8-4', '1-16', '22-0', '2-12', '13-1', '24-0', '0-25' ,
'15-1', '0-26', '5-8', '4-9', '12-2', '2-13', '9-4', '2-16', '8-5', '13-2' ,
'25-0', '26-0', '1-18', '15-2', '0-28', '28-0', '5-9', '4-12', '0-30', '18-1' ,
'9-5', '12-4', '1-20', '1-21', '0-33', '8-8', '0-34', '0-35', '1-24', '2-18' ,
'0-36', '20-1', '4-13', '22-1', '4-16', '30-0', '13-4', '5-12', '15-4', '24-1' ,
'33-0', '18-2', '2-20', '2-21', '34-0', '8-9', '35-0', '1-25', '9-8', '1-26' ,
'0-39', '2-24', '12-5', '37-0', '5-13', '20-2', '5-16', '22-2', '13-5', '25-1' ,
'0-42', '24-2', '26-1', '15-5', '39-0', '2-25', '4-18', '2-26', '9-9', '8-12' ,
'28-1', '1-28', '18-4', '0-44', '41-0', '12-8', '1-30', '4-20', '0-45', '4-21' ,
'0-46', '25-2', '13-8', '1-33', '8-13', '20-4', '8-16', '22-4', '4-24', '26-2' ,
'5-18', '1-34', '15-8', '1-35', '30-1', '2-28', '1-36', '28-2', '9-12', '24-4' ,
'44-0', '12-9', '33-1', '45-0', '2-30', '18-5', '0-52', '0-53', '46-0', '34-1' ,
'5-20', '35-1', '5-21', '4-25', '4-26', '2-33', '13-9', '9-13', '1-39', '5-24' ,
'37-1', '9-16', '2-34', '2-35', '0-54', '20-5', '22-5', '2-36', '50-0', '51-0' ,
'30-2', '15-9', '25-4', '0-55', '26-4', '8-18', '24-5', '12-12', '39-1', '33-2' ,
'0-57', '1-42', '18-8', '34-2', '5-25', '28-4', '35-2', '54-0', '0-59', '5-26' ,
'4-28', '2-39', '41-1', '13-12', '37-2', '8-20', '0-60', '8-21', '12-16', '1-44' ,
'12-13', '20-8', '4-30', '56-0', '22-8', '25-5', '8-24', '1-45', '9-18', '15-12' ,
'26-5', '1-46', '0-64', '2-42', '4-33', '30-4', '24-8', '39-2', '58-0', '13-13' ,
'18-9', '4-34', '4-35', '0-65', '4-36', '13-16', '28-5', '59-0', '5-28', '33-4' ,
'15-13', '44-1', '60-0', '34-4', '41-2', '9-20', '2-44', '9-21', '45-1', '15-16' ,
'35-4', '8-25', '46-1', '5-30', '20-9', '8-26', '1-52', '1-53', '22-9', '2-45' ,
'64-0', '9-24', '0-66', '37-4', '2-46', '25-8', '5-33', '4-39', '0-69', '65-0' ,
'26-8', '0-70', '30-5', '5-34', '24-9', '5-35', '12-18', '50-1', '1-54', '51-1' ,
'5-36', '18-12', '28-8', '44-2', '1-55', '33-5', '39-4', '0-73', '45-2', '9-25' ,
'0-76', '34-5', '4-42', '46-2', '2-52', '2-53', '35-5', '0-77', '13-18', '9-26' ,
'12-20', '20-12', '1-57', '22-12', '54-1', '66-0', '8-28', '12-21', '18-13', '41-4' ,
'69-0', '25-9', '37-5', '0-78', '70-0', '5-39', '1-59', '12-24', '8-30', '18-16' ,
'15-18', '2-54', '26-9', '4-44', '24-12', '1-60', '50-2', '56-1', '51-2', '74-0' ,
'0-81', '13-20', '30-8', '13-21', '75-0', '20-13', '28-9', '2-55', '8-33', '4-45' ,
'77-0', '22-13', '8-34', '13-24', '8-35', '20-16', '39-5', '15-20', '33-8', '4-46' ,
'5-42', '8-36', '58-1', '2-57', '15-21', '22-16', '1-64', '34-8', '35-8', '9-28' ,
'54-2', '15-24', '24-13', '59-1', '12-25', '1-65', '44-4', '2-59', '45-4', '24-16' ,
'41-5', '0-82', '12-26', '60-1', '46-4', '79-0', '9-30', '0-83', '81-0', '37-8' ,
'25-12', '2-60', '5-44', '0-86', '26-12', '56-2', '13-25', '4-52', '30-9', '4-53' ,
'64-1', '8-39', '9-33', '5-45', '13-26', '18-18', '9-34', '28-12', '65-1', '1-66' ,
'9-35', '5-46', '50-4', '2-64', '15-25', '9-36', '51-4', '58-2', '33-9', '25-13' ,
'1-69', '39-8', '15-26', '4-54', '35-9', '34-9', '1-70', '2-65', '25-16', '59-2' ,
'26-13', '0-89', '18-20', '12-28', '20-18', '0-90', '84-0', '44-5', '26-16', '18-21' ,
'60-2', '45-5', '4-55', '8-42', '41-8', '85-0', '46-5', '22-18', '37-9', '54-4' ,
'28-13', '1-73', '12-30', '28-16', '18-24', '86-0', '5-52', '5-53', '66-1', '4-57' ,
'1-76', '64-2', '9-39', '1-77', '24-18', '30-12', '0-92', '13-28', '0-93', '69-1' ,
'2-66', '20-21', '12-33', '20-20', '70-1', '4-59', '65-2', '2-69', '56-4', '8-44' ,
'33-12', '20-24', '1-78', '2-70', '50-5', '12-35', '12-34', '22-20', '39-9', '51-5' ,
'15-28', '5-54', '13-30', '4-60', '34-12', '74-1', '35-12', '12-36', '89-0', '8-45' ,
'24-21', '75-1', '90-0', '1-81', '8-46', '22-24', '77-1', '18-25', '0-97', '24-20' ,
'30-13', '0-98', '44-8', '58-4', '5-55', '9-42', '13-33', '0-100', '25-18', '41-9' ,
'2-73', '15-30', '45-8', '18-26', '59-4', '2-76', '37-12', '93-0', '92-0', '54-5' ,
'13-34', '4-64', '13-35', '2-77', '30-16', '24-24', '5-57', '46-8', '33-13', '66-2' ,
'13-36', '0-102', '0-103', '60-4', '34-16', '26-18', '4-65', '15-33', '34-13', '69-2' ,
'20-25', '5-59', '35-13', '70-2', '79-1', '22-25', '2-78', '9-44', '81-1', '12-39' ,
'15-35', '33-16', '15-34', '1-82', '8-52', '15-36', '35-16', '28-18', '8-53', '64-4' ,
'9-45', '56-5', '5-60', '1-83', '51-8', '20-26', '74-2', '39-12', '50-8', '2-81' ,
'25-20', '22-26', '5-64', '37-13', '25-21', '98-0', '99-0', '75-2', '1-86', '9-46' ,
'0-105', '37-16', '26-21', '0-106', '100-0', '77-2', '65-4', '26-20', '24-25', '13-39' ,
'4-66', '44-9', '58-5', '8-54', '24-26', '18-28', '45-9', '102-0', '101-0', '25-24' ,
'4-69', '46-9', '41-12', '12-42', '28-20', '20-28', '28-21', '4-70', '26-24', '59-5' ,
'54-8', '15-39', '5-65', '18-30', '8-55', '0-109', '39-13', '84-1', '60-5', '39-16' ,
'2-82', '1-89', '30-18', '79-2', '28-24', '1-90', '85-1', '81-2', '2-83', '8-57' ,
'66-4', '9-53', '9-52', '13-42', '18-33', '0-111', '0-112', '4-73', '20-30', '12-44' ,
'64-5', '22-28', '86-1', '56-8', '33-18', '69-4', '41-13', '25-25', '105-0', '2-86' ,
'4-76', '106-0', '51-9', '18-34', '18-35', '50-9', '8-59', '4-77', '70-4', '25-26' ,
'34-18', '41-16', '26-25', '12-45', '35-18', '15-42', '18-36', '5-66', '30-21', '65-5' ,
'22-30', '35-20', '1-93', '1-92', '9-54', '24-28', '8-60', '26-26', '74-4', '44-12' ,
'45-12', '12-46', '30-20', '4-78', '5-69', '75-4', '58-8', '0-114', '13-44', '5-70' ,
'28-25', '30-24', '20-34', '24-30', '20-35', '46-12', '77-4', '37-18', '89-1', '34-21' ,
'54-9', '28-26', '90-1', '35-21', '9-55', '22-33', '109-0', '4-81', '2-89', '59-8' ,
'84-2', '13-45', '2-90', '0-116', '20-33', '60-8', '15-44', '13-46', '8-64', '33-20' ,
'85-2', '9-57', '20-36', '110-0', '111-0', '1-97', '1-98', '24-33', '34-20', '5-73' ,
'22-36', '93-1', '92-1', '8-65', '66-5', '1-100', '22-35', '22-34', '50-12', '44-13' ,
'24-35', '86-2', '12-52', '5-76', '51-12', '18-39', '35-24', '56-9', '12-53', '45-13' ,
'5-77', '37-21', '9-59', '15-45', '69-5', '64-8', '46-13', '79-4', '0-121', '39-18' ,
'44-16', '25-28', '70-5', '15-46', '2-92', '37-20', '33-24', '81-4', '2-93', '24-36' ,
'1-102', '24-34', '1-103', '34-24', '26-34', '30-26', '45-16', '9-60', '26-28', '46-16' ,
'65-8', '4-82', '5-78', '30-25', '74-5', '114-0', '58-9', '25-30', '4-83', '37-24' ,
'33-25', '75-5', '12-54', '13-52', '13-53', '116-0', '20-39', '99-1', '98-1', '89-2' ,
'41-18', '22-39', '54-12', '28-28', '26-30', '8-66', '5-81', '90-2', '77-5', '4-86' ,
'18-42', '59-9', '34-26', '100-1', '50-13', '34-25', '51-13', '39-20', '2-97', '12-55' ,
'2-98', '39-21', '9-64', '60-9', '1-105', '8-69', '0-123', '2-100', '25-33', '0-124' ,
'1-106', '35-25', '8-70', '102-1', '101-1', '0-125', '25-34', '25-35', '28-30', '93-2' ,
'92-2', '9-65', '24-39', '15-52', '35-26', '26-33', '56-12', '13-54', '84-4', '0-128' ,
'50-16', '15-53', '33-26', '51-16', '12-57', '39-24', '121-0', '41-20', '66-8', '25-36' ,
'46-18', '2-102', '2-103', '18-44', '64-9', '41-21', '20-42', '85-4', '0-129', '79-5' ,
'69-8', '37-25', '26-36', '54-13', '81-5', '12-59', '8-73', '28-33', '13-55', '1-109' ,
'70-8', '4-89', '9-66', '26-35', '22-42', '37-26', '18-45', '86-4', '4-90', '5-82' ,
'15-54', '8-76', '41-24', '28-34', '0-131', '65-9', '5-83', '28-35', '8-77', '12-60' ,
'54-16', '30-28', '18-46', '44-18', '28-36', '58-12', '105-1', '13-57', '45-18', '106-1' ,
'74-8', '0-132', '24-42', '98-2', '99-2', '1-111', '1-112', '75-8', '5-86', '15-55' ,
'56-13', '123-0', '2-105', '20-45', '100-2', '20-44', '30-30', '77-8', '8-78', '22-44' ,
'2-106', '59-12', '125-0', '39-25', '25-39', '13-59', '9-69', '33-28', '4-92', '60-12' ,
'15-57', '127-0', '4-93', '33-30', '9-70', '20-46', '39-26', '22-46', '102-2', '101-2' ,
'34-28', '89-4', '12-64', '22-45', '128-0', '56-16', '26-39', '90-4', '35-28', '45-21' ,
'44-21', '0-135', '13-60', '34-30', '30-34', '8-81', '30-35', '129-0', '35-30', '84-5' ,
'66-9', '12-65', '15-59', '41-25', '1-114', '0-136', '50-18', '58-13', '24-44', '51-18' ,
'44-20', '18-52', '109-1', '18-53', '2-109', '64-12', '24-45', '69-9', '41-26', '28-39' ,
])

index_select (len=1000) = np.array([
0, 1, 2, 3, 4, 5, 6, 7, 8, 9 ,
10, 11, 12, 13, 14, 15, 16, 17, 18, 19 ,
20, 21, 22, 23, 24, 25, 26, 27, 28, 29 ,
30, 31, 32, 33, 34, 35, 36, 37, 38, 39 ,
40, 41, 42, 43, 44, 45, 46, 47, 48, 49 ,
50, 51, 52, 53, 54, 55, 56, 57, 58, 59 ,
60, 61, 62, 63, 64, 65, 66, 67, 68, 69 ,
70, 71, 72, 73, 74, 75, 76, 77, 78, 79 ,
80, 81, 82, 83, 84, 85, 86, 87, 88, 89 ,
90, 91, 92, 93, 94, 95, 96, 97, 98, 99 ,
100, 101, 102, 103, 104, 105, 106, 107, 108, 109 ,
110, 111, 112, 113, 114, 115, 116, 117, 118, 119 ,
120, 121, 122, 123, 124, 125, 126, 127, 128, 129 ,
130, 131, 132, 133, 134, 135, 136, 137, 138, 139 ,
140, 141, 142, 143, 144, 145, 146, 147, 148, 149 ,
150, 151, 152, 153, 154, 155, 156, 157, 158, 159 ,
160, 161, 162, 163, 164, 165, 166, 167, 168, 169 ,
170, 171, 172, 173, 174, 175, 176, 177, 178, 179 ,
180, 181, 182, 183, 184, 185, 186, 187, 188, 189 ,
190, 191, 192, 193, 194, 195, 196, 197, 198, 199 ,
200, 201, 202, 203, 204, 205, 206, 207, 208, 209 ,
210, 211, 212, 213, 214, 215, 216, 217, 218, 219 ,
220, 221, 222, 223, 224, 225, 226, 227, 228, 229 ,
230, 231, 232, 233, 234, 235, 236, 237, 238, 239 ,
240, 241, 242, 243, 244, 245, 246, 247, 248, 249 ,
250, 251, 252, 253, 254, 255, 256, 257, 258, 259 ,
260, 261, 262, 263, 264, 265, 266, 267, 268, 269 ,
270, 271, 272, 273, 274, 275, 276, 277, 278, 279 ,
280, 281, 282, 283, 284, 285, 286, 287, 288, 289 ,
290, 291, 292, 293, 294, 295, 296, 297, 298, 299 ,
300, 301, 302, 303, 304, 305, 306, 307, 308, 309 ,
310, 311, 312, 313, 314, 315, 316, 317, 318, 319 ,
320, 321, 322, 323, 324, 325, 326, 327, 328, 329 ,
330, 331, 332, 333, 334, 335, 336, 337, 338, 339 ,
340, 341, 342, 343, 344, 345, 346, 347, 348, 349 ,
350, 351, 352, 353, 354, 355, 356, 357, 358, 359 ,
360, 361, 362, 363, 364, 365, 366, 367, 368, 369 ,
370, 371, 372, 373, 374, 375, 376, 377, 378, 379 ,
380, 381, 382, 383, 384, 385, 386, 387, 388, 389 ,
390, 391, 392, 393, 394, 395, 396, 397, 398, 399 ,
400, 401, 402, 403, 404, 405, 406, 407, 408, 409 ,
410, 411, 412, 413, 414, 415, 416, 417, 418, 419 ,
420, 421, 422, 423, 424, 425, 426, 427, 428, 429 ,
430, 431, 432, 433, 434, 435, 436, 437, 438, 439 ,
440, 441, 442, 443, 444, 445, 446, 447, 448, 449 ,
450, 451, 452, 453, 454, 455, 456, 457, 458, 459 ,
460, 461, 462, 463, 464, 465, 466, 467, 468, 469 ,
470, 471, 472, 473, 474, 475, 476, 477, 478, 479 ,
480, 481, 482, 483, 484, 485, 486, 487, 488, 489 ,
490, 491, 492, 493, 494, 495, 496, 497, 498, 499 ,
500, 501, 502, 503, 504, 505, 506, 507, 508, 509 ,
510, 511, 512, 513, 514, 515, 516, 517, 518, 519 ,
520, 521, 522, 523, 524, 525, 526, 527, 528, 529 ,
530, 531, 532, 533, 534, 535, 536, 537, 538, 539 ,
540, 541, 542, 543, 544, 545, 546, 547, 548, 549 ,
550, 551, 552, 553, 554, 555, 556, 557, 558, 559 ,
560, 561, 562, 563, 564, 565, 566, 567, 568, 569 ,
570, 571, 572, 573, 574, 575, 576, 577, 578, 579 ,
580, 581, 582, 583, 584, 585, 586, 587, 588, 589 ,
590, 591, 592, 593, 594, 595, 596, 597, 598, 599 ,
600, 601, 602, 603, 604, 605, 606, 607, 608, 609 ,
610, 611, 612, 613, 614, 615, 616, 617, 618, 619 ,
620, 621, 622, 623, 624, 625, 626, 627, 628, 629 ,
630, 631, 632, 633, 634, 635, 636, 637, 638, 639 ,
640, 641, 642, 643, 644, 645, 646, 647, 648, 649 ,
650, 651, 652, 653, 654, 655, 656, 657, 658, 659 ,
660, 661, 662, 663, 664, 665, 666, 667, 668, 669 ,
670, 671, 672, 673, 674, 675, 676, 677, 678, 679 ,
680, 681, 682, 683, 684, 685, 686, 687, 688, 689 ,
690, 691, 692, 693, 694, 695, 696, 697, 698, 699 ,
700, 701, 702, 703, 704, 705, 706, 707, 708, 709 ,
710, 711, 712, 713, 714, 715, 716, 717, 718, 719 ,
720, 721, 722, 723, 724, 725, 726, 727, 728, 729 ,
730, 731, 732, 733, 734, 735, 736, 737, 738, 739 ,
740, 741, 742, 743, 744, 745, 746, 747, 748, 749 ,
750, 751, 752, 753, 754, 755, 756, 757, 758, 759 ,
760, 761, 762, 763, 764, 765, 766, 767, 768, 769 ,
770, 771, 772, 773, 774, 775, 776, 777, 778, 779 ,
780, 781, 782, 783, 784, 785, 786, 787, 788, 789 ,
790, 791, 792, 793, 794, 795, 796, 797, 798, 799 ,
800, 801, 802, 803, 804, 805, 806, 807, 808, 809 ,
810, 811, 812, 813, 814, 815, 816, 817, 818, 819 ,
820, 821, 822, 823, 824, 825, 826, 827, 828, 829 ,
830, 831, 832, 833, 834, 835, 836, 837, 838, 839 ,
840, 841, 842, 843, 844, 845, 846, 847, 848, 849 ,
850, 851, 852, 853, 854, 855, 856, 857, 858, 859 ,
860, 861, 862, 863, 864, 865, 866, 867, 868, 869 ,
870, 871, 872, 873, 874, 875, 876, 877, 878, 879 ,
880, 881, 882, 883, 884, 885, 886, 887, 888, 889 ,
890, 891, 892, 893, 894, 895, 896, 897, 898, 899 ,
900, 901, 902, 903, 904, 905, 906, 907, 908, 909 ,
910, 911, 912, 913, 914, 915, 916, 917, 918, 919 ,
920, 921, 922, 923, 924, 925, 926, 927, 928, 929 ,
930, 931, 932, 933, 934, 935, 936, 937, 938, 939 ,
940, 941, 942, 943, 944, 945, 946, 947, 948, 949 ,
950, 951, 952, 953, 954, 955, 956, 957, 958, 959 ,
960, 961, 962, 963, 964, 965, 966, 967, 968, 969 ,
970, 971, 972, 973, 974, 975, 976, 977, 978, 979 ,
980, 981, 982, 983, 984, 985, 986, 987, 988, 989 ,
990, 991, 992, 993, 994, 995, 996, 997, 998, 999 ,
])

f_ideal_1000 = np.array([
-4.32497543 ,
])

===== Memory usage =====
[n_truc=1000, tg=28] Peak RSS: 11.01 GB
[n_truc=1000, tg=28] Peak PSS: 2.62 GB

Current China Time: 2026-08-04 12:15:04.784462+08:00

============================================================


----- n_truc=1000, tg=29 -----

hspace_select (len=1000) = np.array([
'0-0', '0-1', '1-0', '0-2', '2-0', '0-4', '4-0', '1-1', '0-5', '2-1' ,
'5-0', '1-2', '0-8', '2-2', '8-0', '1-4', '4-1', '0-9', '2-4', '9-0' ,
'1-5', '5-1', '4-2', '0-12', '2-5', '1-8', '5-2', '12-0', '0-13', '0-16' ,
'8-1', '4-4', '13-0', '15-0', '2-8', '1-9', '9-1', '8-2', '5-4', '4-5' ,
'0-18', '2-9', '1-12', '0-20', '18-0', '0-21', '9-2', '12-1', '5-5', '0-24' ,
'4-8', '1-13', '20-0', '8-4', '1-16', '22-0', '2-12', '13-1', '24-0', '0-25' ,
'15-1', '0-26', '5-8', '4-9', '12-2', '2-13', '9-4', '2-16', '8-5', '13-2' ,
'25-0', '26-0', '1-18', '15-2', '0-28', '28-0', '5-9', '4-12', '0-30', '18-1' ,
'9-5', '12-4', '1-20', '1-21', '0-33', '8-8', '0-34', '0-35', '1-24', '2-18' ,
'0-36', '20-1', '4-13', '22-1', '4-16', '30-0', '13-4', '5-12', '15-4', '24-1' ,
'33-0', '18-2', '2-20', '2-21', '34-0', '8-9', '35-0', '1-25', '9-8', '1-26' ,
'0-39', '2-24', '12-5', '37-0', '5-13', '20-2', '5-16', '22-2', '13-5', '25-1' ,
'0-42', '24-2', '26-1', '15-5', '39-0', '2-25', '4-18', '2-26', '9-9', '8-12' ,
'28-1', '1-28', '18-4', '0-44', '41-0', '12-8', '1-30', '4-20', '0-45', '4-21' ,
'0-46', '25-2', '13-8', '1-33', '8-13', '20-4', '8-16', '22-4', '4-24', '26-2' ,
'5-18', '1-34', '15-8', '1-35', '30-1', '2-28', '1-36', '28-2', '9-12', '24-4' ,
'44-0', '12-9', '33-1', '45-0', '2-30', '18-5', '0-52', '0-53', '46-0', '34-1' ,
'5-20', '35-1', '5-21', '4-25', '4-26', '2-33', '13-9', '9-13', '1-39', '5-24' ,
'37-1', '9-16', '2-34', '2-35', '0-54', '20-5', '22-5', '2-36', '50-0', '51-0' ,
'30-2', '15-9', '25-4', '0-55', '26-4', '8-18', '24-5', '12-12', '39-1', '33-2' ,
'0-57', '1-42', '18-8', '34-2', '5-25', '28-4', '35-2', '54-0', '0-59', '5-26' ,
'4-28', '2-39', '41-1', '13-12', '37-2', '8-20', '0-60', '8-21', '12-16', '1-44' ,
'12-13', '20-8', '4-30', '56-0', '22-8', '25-5', '8-24', '1-45', '9-18', '15-12' ,
'26-5', '1-46', '0-64', '2-42', '4-33', '30-4', '24-8', '39-2', '58-0', '13-13' ,
'18-9', '4-34', '4-35', '0-65', '4-36', '13-16', '28-5', '59-0', '5-28', '33-4' ,
'15-13', '44-1', '60-0', '34-4', '41-2', '9-20', '2-44', '9-21', '45-1', '15-16' ,
'35-4', '8-25', '46-1', '5-30', '20-9', '8-26', '1-52', '1-53', '22-9', '2-45' ,
'64-0', '9-24', '0-66', '37-4', '2-46', '25-8', '5-33', '4-39', '0-69', '65-0' ,
'26-8', '0-70', '30-5', '5-34', '24-9', '5-35', '12-18', '50-1', '1-54', '51-1' ,
'5-36', '18-12', '28-8', '44-2', '1-55', '33-5', '39-4', '0-73', '45-2', '9-25' ,
'0-76', '34-5', '4-42', '46-2', '2-52', '2-53', '35-5', '0-77', '13-18', '9-26' ,
'12-20', '20-12', '1-57', '22-12', '54-1', '66-0', '8-28', '12-21', '18-13', '41-4' ,
'69-0', '25-9', '37-5', '0-78', '70-0', '5-39', '1-59', '12-24', '8-30', '18-16' ,
'15-18', '2-54', '26-9', '4-44', '24-12', '1-60', '50-2', '56-1', '51-2', '74-0' ,
'0-81', '13-20', '30-8', '13-21', '75-0', '20-13', '28-9', '2-55', '8-33', '4-45' ,
'77-0', '22-13', '8-34', '13-24', '8-35', '20-16', '39-5', '15-20', '33-8', '4-46' ,
'5-42', '8-36', '58-1', '2-57', '15-21', '22-16', '1-64', '34-8', '35-8', '9-28' ,
'54-2', '15-24', '24-13', '59-1', '12-25', '1-65', '44-4', '2-59', '45-4', '24-16' ,
'41-5', '0-82', '12-26', '60-1', '46-4', '79-0', '9-30', '0-83', '81-0', '37-8' ,
'25-12', '2-60', '5-44', '0-86', '26-12', '56-2', '13-25', '4-52', '30-9', '4-53' ,
'64-1', '8-39', '9-33', '5-45', '13-26', '18-18', '9-34', '28-12', '65-1', '1-66' ,
'9-35', '5-46', '50-4', '2-64', '15-25', '9-36', '51-4', '58-2', '33-9', '25-13' ,
'1-69', '39-8', '15-26', '4-54', '35-9', '34-9', '1-70', '2-65', '25-16', '59-2' ,
'26-13', '0-89', '18-20', '12-28', '20-18', '0-90', '84-0', '44-5', '26-16', '18-21' ,
'60-2', '45-5', '4-55', '8-42', '41-8', '85-0', '46-5', '22-18', '37-9', '54-4' ,
'28-13', '1-73', '12-30', '28-16', '18-24', '86-0', '5-52', '5-53', '66-1', '4-57' ,
'1-76', '64-2', '9-39', '1-77', '24-18', '30-12', '0-92', '13-28', '0-93', '69-1' ,
'2-66', '20-21', '12-33', '20-20', '70-1', '4-59', '65-2', '2-69', '56-4', '8-44' ,
'33-12', '20-24', '1-78', '2-70', '50-5', '12-35', '12-34', '22-20', '39-9', '51-5' ,
'15-28', '5-54', '13-30', '4-60', '34-12', '74-1', '35-12', '12-36', '89-0', '8-45' ,
'24-21', '75-1', '90-0', '1-81', '8-46', '22-24', '77-1', '18-25', '0-97', '24-20' ,
'30-13', '0-98', '44-8', '58-4', '5-55', '9-42', '13-33', '0-100', '25-18', '41-9' ,
'2-73', '15-30', '45-8', '18-26', '59-4', '2-76', '37-12', '93-0', '92-0', '54-5' ,
'13-34', '4-64', '13-35', '2-77', '30-16', '24-24', '5-57', '46-8', '33-13', '66-2' ,
'13-36', '0-102', '0-103', '60-4', '34-16', '26-18', '4-65', '15-33', '34-13', '69-2' ,
'20-25', '5-59', '35-13', '70-2', '79-1', '22-25', '2-78', '9-44', '81-1', '12-39' ,
'15-35', '33-16', '15-34', '1-82', '8-52', '15-36', '35-16', '28-18', '8-53', '64-4' ,
'9-45', '56-5', '5-60', '1-83', '51-8', '20-26', '74-2', '39-12', '50-8', '2-81' ,
'25-20', '22-26', '5-64', '37-13', '25-21', '98-0', '99-0', '75-2', '1-86', '9-46' ,
'0-105', '37-16', '26-21', '0-106', '100-0', '77-2', '65-4', '26-20', '24-25', '13-39' ,
'4-66', '44-9', '58-5', '8-54', '24-26', '18-28', '45-9', '102-0', '101-0', '25-24' ,
'4-69', '46-9', '41-12', '12-42', '28-20', '20-28', '28-21', '4-70', '26-24', '59-5' ,
'54-8', '15-39', '5-65', '18-30', '8-55', '0-109', '39-13', '84-1', '60-5', '39-16' ,
'2-82', '1-89', '30-18', '79-2', '28-24', '1-90', '85-1', '81-2', '2-83', '8-57' ,
'66-4', '9-53', '9-52', '13-42', '18-33', '0-111', '0-112', '4-73', '20-30', '12-44' ,
'64-5', '22-28', '86-1', '56-8', '33-18', '69-4', '41-13', '25-25', '105-0', '2-86' ,
'4-76', '106-0', '51-9', '18-34', '18-35', '50-9', '8-59', '4-77', '70-4', '25-26' ,
'34-18', '41-16', '26-25', '12-45', '35-18', '15-42', '18-36', '5-66', '30-21', '65-5' ,
'22-30', '35-20', '1-93', '1-92', '9-54', '24-28', '8-60', '26-26', '74-4', '44-12' ,
'45-12', '12-46', '30-20', '4-78', '5-69', '75-4', '58-8', '0-114', '13-44', '5-70' ,
'28-25', '30-24', '20-34', '24-30', '20-35', '46-12', '77-4', '37-18', '89-1', '34-21' ,
'54-9', '28-26', '90-1', '35-21', '9-55', '22-33', '109-0', '4-81', '2-89', '59-8' ,
'84-2', '13-45', '2-90', '0-116', '20-33', '60-8', '15-44', '13-46', '8-64', '33-20' ,
'85-2', '9-57', '20-36', '110-0', '111-0', '1-97', '1-98', '24-33', '34-20', '5-73' ,
'22-36', '93-1', '92-1', '8-65', '66-5', '1-100', '22-35', '22-34', '50-12', '44-13' ,
'24-35', '86-2', '12-52', '5-76', '51-12', '18-39', '35-24', '56-9', '12-53', '45-13' ,
'5-77', '37-21', '9-59', '15-45', '69-5', '64-8', '46-13', '79-4', '0-121', '39-18' ,
'44-16', '25-28', '70-5', '15-46', '2-92', '37-20', '33-24', '81-4', '2-93', '24-36' ,
'1-102', '24-34', '1-103', '34-24', '26-34', '30-26', '45-16', '9-60', '26-28', '46-16' ,
'65-8', '4-82', '5-78', '30-25', '74-5', '114-0', '58-9', '25-30', '4-83', '37-24' ,
'33-25', '75-5', '12-54', '13-52', '13-53', '116-0', '20-39', '99-1', '98-1', '89-2' ,
'41-18', '22-39', '54-12', '28-28', '26-30', '8-66', '5-81', '90-2', '77-5', '4-86' ,
'18-42', '59-9', '34-26', '100-1', '50-13', '34-25', '51-13', '39-20', '2-97', '12-55' ,
'2-98', '39-21', '9-64', '60-9', '1-105', '8-69', '0-123', '2-100', '25-33', '0-124' ,
'1-106', '35-25', '8-70', '102-1', '101-1', '0-125', '25-34', '25-35', '28-30', '93-2' ,
'92-2', '9-65', '24-39', '15-52', '35-26', '26-33', '56-12', '13-54', '84-4', '0-128' ,
'50-16', '15-53', '33-26', '51-16', '12-57', '39-24', '121-0', '41-20', '66-8', '25-36' ,
'46-18', '2-102', '2-103', '18-44', '64-9', '41-21', '20-42', '85-4', '0-129', '79-5' ,
'69-8', '37-25', '26-36', '54-13', '81-5', '12-59', '8-73', '28-33', '13-55', '1-109' ,
'70-8', '4-89', '9-66', '26-35', '22-42', '37-26', '18-45', '86-4', '4-90', '5-82' ,
'15-54', '8-76', '41-24', '28-34', '0-131', '65-9', '5-83', '28-35', '8-77', '12-60' ,
'54-16', '30-28', '18-46', '44-18', '28-36', '58-12', '105-1', '13-57', '45-18', '106-1' ,
'74-8', '0-132', '24-42', '98-2', '99-2', '1-111', '1-112', '75-8', '5-86', '15-55' ,
'56-13', '123-0', '2-105', '20-45', '100-2', '20-44', '30-30', '77-8', '8-78', '22-44' ,
'2-106', '59-12', '125-0', '39-25', '25-39', '13-59', '9-69', '33-28', '4-92', '60-12' ,
'15-57', '127-0', '4-93', '33-30', '9-70', '20-46', '39-26', '22-46', '102-2', '101-2' ,
'34-28', '89-4', '12-64', '22-45', '128-0', '56-16', '26-39', '90-4', '35-28', '45-21' ,
'44-21', '0-135', '13-60', '34-30', '30-34', '8-81', '30-35', '129-0', '35-30', '84-5' ,
'66-9', '12-65', '15-59', '41-25', '1-114', '0-136', '50-18', '58-13', '24-44', '51-18' ,
'44-20', '18-52', '109-1', '18-53', '2-109', '64-12', '24-45', '69-9', '41-26', '28-39' ,
])

index_select (len=1000) = np.array([
0, 1, 2, 3, 4, 5, 6, 7, 8, 9 ,
10, 11, 12, 13, 14, 15, 16, 17, 18, 19 ,
20, 21, 22, 23, 24, 25, 26, 27, 28, 29 ,
30, 31, 32, 33, 34, 35, 36, 37, 38, 39 ,
40, 41, 42, 43, 44, 45, 46, 47, 48, 49 ,
50, 51, 52, 53, 54, 55, 56, 57, 58, 59 ,
60, 61, 62, 63, 64, 65, 66, 67, 68, 69 ,
70, 71, 72, 73, 74, 75, 76, 77, 78, 79 ,
80, 81, 82, 83, 84, 85, 86, 87, 88, 89 ,
90, 91, 92, 93, 94, 95, 96, 97, 98, 99 ,
100, 101, 102, 103, 104, 105, 106, 107, 108, 109 ,
110, 111, 112, 113, 114, 115, 116, 117, 118, 119 ,
120, 121, 122, 123, 124, 125, 126, 127, 128, 129 ,
130, 131, 132, 133, 134, 135, 136, 137, 138, 139 ,
140, 141, 142, 143, 144, 145, 146, 147, 148, 149 ,
150, 151, 152, 153, 154, 155, 156, 157, 158, 159 ,
160, 161, 162, 163, 164, 165, 166, 167, 168, 169 ,
170, 171, 172, 173, 174, 175, 176, 177, 178, 179 ,
180, 181, 182, 183, 184, 185, 186, 187, 188, 189 ,
190, 191, 192, 193, 194, 195, 196, 197, 198, 199 ,
200, 201, 202, 203, 204, 205, 206, 207, 208, 209 ,
210, 211, 212, 213, 214, 215, 216, 217, 218, 219 ,
220, 221, 222, 223, 224, 225, 226, 227, 228, 229 ,
230, 231, 232, 233, 234, 235, 236, 237, 238, 239 ,
240, 241, 242, 243, 244, 245, 246, 247, 248, 249 ,
250, 251, 252, 253, 254, 255, 256, 257, 258, 259 ,
260, 261, 262, 263, 264, 265, 266, 267, 268, 269 ,
270, 271, 272, 273, 274, 275, 276, 277, 278, 279 ,
280, 281, 282, 283, 284, 285, 286, 287, 288, 289 ,
290, 291, 292, 293, 294, 295, 296, 297, 298, 299 ,
300, 301, 302, 303, 304, 305, 306, 307, 308, 309 ,
310, 311, 312, 313, 314, 315, 316, 317, 318, 319 ,
320, 321, 322, 323, 324, 325, 326, 327, 328, 329 ,
330, 331, 332, 333, 334, 335, 336, 337, 338, 339 ,
340, 341, 342, 343, 344, 345, 346, 347, 348, 349 ,
350, 351, 352, 353, 354, 355, 356, 357, 358, 359 ,
360, 361, 362, 363, 364, 365, 366, 367, 368, 369 ,
370, 371, 372, 373, 374, 375, 376, 377, 378, 379 ,
380, 381, 382, 383, 384, 385, 386, 387, 388, 389 ,
390, 391, 392, 393, 394, 395, 396, 397, 398, 399 ,
400, 401, 402, 403, 404, 405, 406, 407, 408, 409 ,
410, 411, 412, 413, 414, 415, 416, 417, 418, 419 ,
420, 421, 422, 423, 424, 425, 426, 427, 428, 429 ,
430, 431, 432, 433, 434, 435, 436, 437, 438, 439 ,
440, 441, 442, 443, 444, 445, 446, 447, 448, 449 ,
450, 451, 452, 453, 454, 455, 456, 457, 458, 459 ,
460, 461, 462, 463, 464, 465, 466, 467, 468, 469 ,
470, 471, 472, 473, 474, 475, 476, 477, 478, 479 ,
480, 481, 482, 483, 484, 485, 486, 487, 488, 489 ,
490, 491, 492, 493, 494, 495, 496, 497, 498, 499 ,
500, 501, 502, 503, 504, 505, 506, 507, 508, 509 ,
510, 511, 512, 513, 514, 515, 516, 517, 518, 519 ,
520, 521, 522, 523, 524, 525, 526, 527, 528, 529 ,
530, 531, 532, 533, 534, 535, 536, 537, 538, 539 ,
540, 541, 542, 543, 544, 545, 546, 547, 548, 549 ,
550, 551, 552, 553, 554, 555, 556, 557, 558, 559 ,
560, 561, 562, 563, 564, 565, 566, 567, 568, 569 ,
570, 571, 572, 573, 574, 575, 576, 577, 578, 579 ,
580, 581, 582, 583, 584, 585, 586, 587, 588, 589 ,
590, 591, 592, 593, 594, 595, 596, 597, 598, 599 ,
600, 601, 602, 603, 604, 605, 606, 607, 608, 609 ,
610, 611, 612, 613, 614, 615, 616, 617, 618, 619 ,
620, 621, 622, 623, 624, 625, 626, 627, 628, 629 ,
630, 631, 632, 633, 634, 635, 636, 637, 638, 639 ,
640, 641, 642, 643, 644, 645, 646, 647, 648, 649 ,
650, 651, 652, 653, 654, 655, 656, 657, 658, 659 ,
660, 661, 662, 663, 664, 665, 666, 667, 668, 669 ,
670, 671, 672, 673, 674, 675, 676, 677, 678, 679 ,
680, 681, 682, 683, 684, 685, 686, 687, 688, 689 ,
690, 691, 692, 693, 694, 695, 696, 697, 698, 699 ,
700, 701, 702, 703, 704, 705, 706, 707, 708, 709 ,
710, 711, 712, 713, 714, 715, 716, 717, 718, 719 ,
720, 721, 722, 723, 724, 725, 726, 727, 728, 729 ,
730, 731, 732, 733, 734, 735, 736, 737, 738, 739 ,
740, 741, 742, 743, 744, 745, 746, 747, 748, 749 ,
750, 751, 752, 753, 754, 755, 756, 757, 758, 759 ,
760, 761, 762, 763, 764, 765, 766, 767, 768, 769 ,
770, 771, 772, 773, 774, 775, 776, 777, 778, 779 ,
780, 781, 782, 783, 784, 785, 786, 787, 788, 789 ,
790, 791, 792, 793, 794, 795, 796, 797, 798, 799 ,
800, 801, 802, 803, 804, 805, 806, 807, 808, 809 ,
810, 811, 812, 813, 814, 815, 816, 817, 818, 819 ,
820, 821, 822, 823, 824, 825, 826, 827, 828, 829 ,
830, 831, 832, 833, 834, 835, 836, 837, 838, 839 ,
840, 841, 842, 843, 844, 845, 846, 847, 848, 849 ,
850, 851, 852, 853, 854, 855, 856, 857, 858, 859 ,
860, 861, 862, 863, 864, 865, 866, 867, 868, 869 ,
870, 871, 872, 873, 874, 875, 876, 877, 878, 879 ,
880, 881, 882, 883, 884, 885, 886, 887, 888, 889 ,
890, 891, 892, 893, 894, 895, 896, 897, 898, 899 ,
900, 901, 902, 903, 904, 905, 906, 907, 908, 909 ,
910, 911, 912, 913, 914, 915, 916, 917, 918, 919 ,
920, 921, 922, 923, 924, 925, 926, 927, 928, 929 ,
930, 931, 932, 933, 934, 935, 936, 937, 938, 939 ,
940, 941, 942, 943, 944, 945, 946, 947, 948, 949 ,
950, 951, 952, 953, 954, 955, 956, 957, 958, 959 ,
960, 961, 962, 963, 964, 965, 966, 967, 968, 969 ,
970, 971, 972, 973, 974, 975, 976, 977, 978, 979 ,
980, 981, 982, 983, 984, 985, 986, 987, 988, 989 ,
990, 991, 992, 993, 994, 995, 996, 997, 998, 999 ,
])

f_ideal_1000 = np.array([
-4.26454926 ,
])

===== Memory usage =====
[n_truc=1000, tg=29] Peak RSS: 11.05 GB
[n_truc=1000, tg=29] Peak PSS: 2.64 GB

Current China Time: 2026-08-04 12:21:38.757704+08:00

============================================================


===== Memory usage by n_truc and tg =====
n_truc=1000, tg=0: Peak RSS=10.18 GB, Peak PSS=2.29 GB
n_truc=1000, tg=1: Peak RSS=10.17 GB, Peak PSS=2.28 GB
n_truc=1000, tg=2: Peak RSS=10.27 GB, Peak PSS=2.30 GB
n_truc=1000, tg=3: Peak RSS=10.27 GB, Peak PSS=2.34 GB
n_truc=1000, tg=4: Peak RSS=10.32 GB, Peak PSS=2.36 GB
n_truc=1000, tg=5: Peak RSS=10.36 GB, Peak PSS=2.35 GB
n_truc=1000, tg=6: Peak RSS=10.34 GB, Peak PSS=2.34 GB
n_truc=1000, tg=7: Peak RSS=10.35 GB, Peak PSS=2.37 GB
n_truc=1000, tg=8: Peak RSS=10.38 GB, Peak PSS=2.36 GB
n_truc=1000, tg=9: Peak RSS=10.38 GB, Peak PSS=2.35 GB
n_truc=1000, tg=10: Peak RSS=10.45 GB, Peak PSS=2.41 GB
n_truc=1000, tg=11: Peak RSS=10.35 GB, Peak PSS=2.36 GB
n_truc=1000, tg=12: Peak RSS=10.40 GB, Peak PSS=2.36 GB
n_truc=1000, tg=13: Peak RSS=10.40 GB, Peak PSS=2.40 GB
n_truc=1000, tg=14: Peak RSS=10.40 GB, Peak PSS=2.37 GB
n_truc=1000, tg=15: Peak RSS=10.42 GB, Peak PSS=2.38 GB
n_truc=1000, tg=16: Peak RSS=10.56 GB, Peak PSS=2.46 GB
n_truc=1000, tg=17: Peak RSS=10.44 GB, Peak PSS=2.44 GB
n_truc=1000, tg=18: Peak RSS=10.53 GB, Peak PSS=2.43 GB
n_truc=1000, tg=19: Peak RSS=10.44 GB, Peak PSS=2.42 GB
n_truc=1000, tg=20: Peak RSS=10.62 GB, Peak PSS=2.46 GB
n_truc=1000, tg=21: Peak RSS=10.62 GB, Peak PSS=2.47 GB
n_truc=1000, tg=22: Peak RSS=10.64 GB, Peak PSS=2.52 GB
n_truc=1000, tg=23: Peak RSS=10.73 GB, Peak PSS=2.53 GB
n_truc=1000, tg=24: Peak RSS=10.91 GB, Peak PSS=2.58 GB
n_truc=1000, tg=25: Peak RSS=10.93 GB, Peak PSS=2.59 GB
n_truc=1000, tg=26: Peak RSS=10.96 GB, Peak PSS=2.60 GB
n_truc=1000, tg=27: Peak RSS=10.98 GB, Peak PSS=2.61 GB
n_truc=1000, tg=28: Peak RSS=11.01 GB, Peak PSS=2.62 GB
n_truc=1000, tg=29: Peak RSS=11.05 GB, Peak PSS=2.64 GB

fidelity_ideal_list = np.array([
[-0.49270646467067936] ,
[-0.28445594214851905] ,
[-0.09398961429748241] ,
[-0.3681990515854797] ,
[-0.7751153630712369] ,
[-0.4867328588233545] ,
[-0.7301000183993722] ,
[-0.9681510448790124] ,
[-1.12839933086896] ,
[-1.2689516756704022] ,
[-1.5756995741891913] ,
[-2.1694917093199004] ,
[-2.7942268755672233] ,
[-2.3014169530481188] ,
[-2.0038711268886398] ,
[-2.2244289506670065] ,
[-2.723496327151172] ,
[-3.0509806011881127] ,
[-2.9001752965450067] ,
[-2.9531466607396117] ,
[-3.1769740818275736] ,
[-3.2391723398546675] ,
[-3.2295847691945454] ,
[-3.390151455223333] ,
[-3.6225232006469623] ,
[-3.7353984924521506] ,
[-3.8797956285908377] ,
[-4.182204196144167] ,
[-4.324975433119123] ,
[-4.264549257670166] ,
])
