tg,0,2,7,25,other
0.0,1.0,0.0,0.0,0.0,0.0
0.03421010778443114,0.999999994703352,3.6445377050138675e-21,7.514731171893325e-12,7.986678861376767e-21,5.289135374150684e-09
0.06842021556886228,0.9999999871824095,1.650102106066785e-20,5.393484391703388e-11,7.524665995571942e-20,1.2763658446996074e-08
0.10263032335329342,0.9999997286209784,8.951988859902359e-18,4.5167177176088924e-10,6.3355626816582015e-18,2.709273508380273e-07
0.13684043113772457,0.999999834728398,1.642795802445712e-18,7.391903548348958e-10,2.5110355143577412e-17,1.6453241303883127e-07
0.17105053892215571,0.9999996592534253,9.415856924201681e-18,2.078503063331188e-09,8.065298396541094e-17,3.386680723089116e-07
0.20526064670658684,0.9999999936536261,4.864263946442774e-18,3.4421775147873372e-09,2.6867790008727005e-16,2.904198221377075e-09
0.23947075449101798,0.9999990317441889,1.0802313827313051e-16,9.084659592182523e-09,1.9339369364982423e-16,9.591711528683765e-07
0.27368086227544913,0.9999995516180546,5.711388666385785e-17,1.3188571194801673e-08,5.857295382136772e-16,4.3519337468317133e-07
0.30789097005988025,0.999994588189869,1.579131410320344e-15,3.432595905615554e-08,4.447361030344641e-15,5.3774841684713255e-06
0.34210107784431143,0.9999943425633269,1.935096300377337e-15,3.988090164006669e-08,1.1783591607334512e-14,5.6175557591563135e-06
0.37631118562874255,0.9999961998062766,2.2625827421726295e-15,7.649887868995551e-08,5.158160126469108e-14,3.7236947929194633e-06
0.41052129341317367,0.9999947483623567,2.533362338284072e-15,8.535621461764573e-08,6.657063043029279e-14,5.166281360909203e-06
0.44473140119760485,0.9999995106148314,5.711220995778882e-15,1.2541206196277309e-07,1.4557325551331437e-13,3.6397295649180027e-07
0.47894150898203597,0.9999995332437775,4.031304603238637e-15,1.368687763824484e-07,1.6938529380899294e-13,3.2988727494817997e-07
0.5131516167664671,0.9999912585724405,6.095343092584719e-14,2.1297922845502543e-07,2.1921035709845907e-13,8.528448051280658e-06
0.5473617245508983,0.9999897855675912,7.890262762968388e-14,2.3496778769497104e-07,1.894415450141186e-13,9.9794643541351e-06
0.5815718323353294,0.9999823135954836,8.152544248410076e-14,3.863378649895528e-07,3.136696553304991e-13,1.7300066257250914e-05
0.6157819401197605,0.9999636298978134,2.567308797256379e-13,4.5202195984089546e-07,6.40926324714341e-13,3.5918079330741314e-05
0.6499920479041917,0.9999882192728936,2.369209566149448e-13,6.174677562268538e-07,2.027394476580516e-12,1.1163257087335518e-05
0.6842021556886229,0.9999859811829502,3.620100100129496e-13,7.382674123693355e-07,2.911753200972056e-12,1.3280546365579959e-05
0.718412263473054,0.9999955702917,2.2087536166080796e-13,8.648213842327734e-07,4.5909474310028405e-12,3.5648821049679103e-06
0.7526223712574851,0.9999983893767892,3.1084305150856813e-13,9.836761668228183e-07,5.151168916417236e-12,6.269415830995676e-07
0.7868324790419162,0.999986866029364,8.96744818334544e-14,1.173476143971084e-06,6.667556504087144e-12,1.1960487735878768e-05
0.8210425868263473,0.999964331343268,9.07050062374037e-13,1.3628191323016806e-06,7.180028501709109e-12,3.4305829515559484e-05
0.8552526946107786,0.9999803952093155,7.559593236759141e-13,1.6586046212654258e-06,8.477232942947006e-12,1.7946176833440744e-05
0.8894628023952097,0.9999341980546507,4.549117444001975e-12,2.117668854302853e-06,1.501195463874587e-11,6.368425693605852e-05
0.9236729101796408,0.999967315052959,3.601477785657602e-12,2.362369126553905e-06,2.109256619503994e-11,3.0322553222879317e-05
0.9578830179640719,0.9999807230505693,5.133431184161184e-12,3.0198842145532516e-06,3.927607185217401e-11,1.625702080991197e-05
0.9920931257485031,0.9999850417891886,4.829883619900056e-12,3.168677758767163e-06,4.544711373960385e-11,1.1789482777372806e-05
1.0263032335329343,0.9999955304850542,3.694837964556128e-12,3.741521935429051e-06,6.291055600532764e-11,7.279264070001544e-07
1.0605133413173653,0.9999944483734227,2.3526928447957655e-12,3.931481555768466e-06,6.951252082601652e-11,1.620073159564124e-06
1.0947234491017965,0.9999573052678788,1.14921511996237e-12,4.68944530199722e-06,8.756157732533937e-11,3.800519811051354e-05
1.1289335568862278,0.9999746661140098,2.0434953515749968e-12,4.941660400176099e-06,9.036456642929578e-11,2.039213318478241e-05
1.1631436646706588,0.9999199546648242,2.2136479026967772e-11,6.359011522466955e-06,1.3638383222053655e-10,7.368616513552971e-05
1.19735377245509,0.9999109030864285,2.629212248259806e-11,6.657154900429513e-06,1.515595580575125e-10,8.243958082272455e-05
1.231563880239521,0.999963742599793,2.8455398070769716e-11,8.320064047218858e-06,2.634586581231797e-10,2.7937044248706906e-05
1.2657739880239522,0.9999343803353639,3.774271985749984e-11,8.747285634592448e-06,3.0564481206883296e-10,5.6872035616422355e-05
1.2999840958083835,0.9999856204152708,2.8992363741031647e-11,9.983654001860841e-06,4.2444245260409474e-10,4.395477295675062e-06
1.3341942035928145,0.9999883505658632,2.972475506602294e-11,1.0417535954091665e-05,4.6036762123080254e-10,1.231408092234266e-06
1.3684043113772457,0.9999609654159409,5.8785893742581e-12,1.1838850317592384e-05,5.79465046739749e-10,2.719514840064988e-05
1.4026144191616767,0.9999445763821,3.2402635594078803e-12,1.2335886795582594e-05,6.043750703289378e-10,4.3087123492313736e-05
1.436824526946108,0.9999064974083631,6.204664884557688e-11,1.4619548218980224e-05,7.51959143884597e-10,7.888222941389924e-05
1.4710346347305392,0.999785679292656,1.3456460084258506e-10,1.5867370922182857e-05,8.886466369119457e-10,0.00019845231321437694
1.5052447425149702,0.9999196608043861,1.170785025416354e-10,1.811126321729364e-05,1.145538468504004e-09,6.222666978195574e-05
1.5394548502994014,0.9998624615367914,1.973467779258028e-10,2.025370991733974e-05,1.5686011578174374e-09,0.00011728298734412624
1.5736649580838324,0.9999332533304375,1.6459164368396558e-10,2.1577589165111477e-05,1.8459467916792562e-09,4.5167069858626814e-05
1.6078750658682637,0.9999742906118444,1.7180126359759387e-10,2.3546918318476984e-05,2.24967537773583e-09,2.1600483626662134e-06
1.6420851736526947,0.9999600145918922,9.802376282984209e-11,2.4881323912566427e-05,2.51323938948664e-09,1.5101472936773773e-05
1.676295281437126,0.9998907275974961,2.0648291046482242e-11,2.6940709729131686e-05,2.843757132186961e-09,8.232882837193138e-05
1.7105053892215571,0.9999108643424826,1.2844154106690726e-10,2.889502383998154e-05,3.035803204082175e-09,6.023746943424295e-05
1.7447154970059882,0.9996889405426969,4.415088727828365e-10,3.299826286706137e-05,3.804732626069794e-09,0.0002780569481977211
1.7789256047904194,0.9998158296859726,4.005152448491256e-10,3.467767035295435e-05,4.015260571854943e-09,0.0001494882278995771
1.8131357125748504,0.9998368477967969,6.936613581017455e-10,4.051847170494883e-05,5.889288934924323e-09,0.00012262714855302857
1.8473458203592816,0.9998316706832615,7.35252740242449e-10,4.152829254379037e-05,6.345456610194458e-09,0.0001267939434889813
1.8815559281437129,0.9999494089288621,6.555835792916926e-10,4.6343563069479877e-05,8.261813462357467e-09,4.238590673228801e-06
1.9157660359281439,0.9999508067334321,6.212313620714385e-10,4.735250361780766e-05,8.651063095375611e-09,1.8314906569288594e-06
1.949976143712575,0.9998803832603188,2.22640345992375e-10,5.190733400648329e-05,1.0224871325657893e-08,6.769895816599876e-05
1.9841862514970061,0.999895858353559,2.991896014700499e-10,5.3049235609571485e-05,1.0382173235206933e-08,5.108172947247106e-05
2.0183963592814376,0.9997042407819887,9.48595561032751e-10,6.062371493430061e-05,1.2713036173137881e-08,0.00023512184144939465
2.0526064670658686,0.9996519991952277,1.1093221396736004e-09,6.237776219547895e-05,1.3295012983142456e-08,0.000285608638243284
2.0868165748502996,0.9998145412960106,1.7202976890881072e-09,7.160069105368618e-05,1.7269502690707616e-08,0.00011383902314036445
2.1210266826347306,0.9996502246636806,2.5099369640624538e-09,7.477021539291911e-05,1.98693205620042e-08,0.00027498274167307035
2.155236790419162,0.9998739107754904,2.093437974978639e-09,8.127135018124082e-05,2.3893877746868392e-08,4.479188701680925e-05
2.189446898203593,0.9998890207594303,2.3364877930941302e-09,8.474340041542967e-05,2.671350375096413e-08,2.6206790165566258e-05
2.223657005988024,0.9998911143846055,1.3731724375959028e-09,9.011046409107898e-05,3.003196605346186e-08,1.874374616878754e-05
2.2578671137724555,0.9998451395406213,9.322677393278984e-10,9.310705413652606e-05,3.194289539067293e-08,6.172053008350802e-05
2.2920772215568865,0.9997415571406942,1.8522080851269284e-09,0.00010121287305104657,3.563751507099632e-08,0.00015719249653411998
2.3262873293413175,0.9994221694262422,2.6870171152467134e-09,0.00010722754738198218,3.985399857631528e-08,0.00047056048536525555
2.3604974371257486,0.999720672517539,3.494295703857944e-09,0.00011589189867156138,4.334718909351799e-08,0.000163388742306756
2.39470754491018,0.9994376899324973,6.806412757606192e-09,0.00012689325500471138,5.490068391271539e-08,0.0004353551054050832
2.428917652694611,0.9996471071793391,6.117210923152704e-09,0.00013179746728078778,5.8931499084137355e-08,0.00022103030467081984
2.463127760479042,0.9998115331566629,6.670324995691722e-09,0.00014267387160760465,7.25663559756885e-08,4.571373505091893e-05
2.4973378682634735,0.9998329455973148,5.662127108383657e-09,0.0001461173394162883,7.602544217142473e-08,2.0855375701980868e-05
2.5315479760479045,0.9997723559819494,3.2169389613865596e-09,0.00015505281155605308,8.603395093102544e-08,7.250195560949858e-05
2.5657580838323355,0.9997554704081492,4.121248064122906e-09,0.00015988924493445718,8.832374479192104e-08,8.454790192487034e-05
2.599968191616767,0.9992591066061282,5.7718217183654095e-09,0.00017435303351694866,1.0244422354136561e-07,0.0005664321443136643
2.634178299401198,0.9994846775906243,6.609163501488527e-09,0.0001792889496036701,1.0282775030778234e-07,0.00033592402285950984
2.668388407185629,0.9993773371484025,1.4482864997123024e-08,0.0002013255827784162,1.3005623589024244e-07,0.0004211927297220176
2.70259851497006,0.9992819110771367,1.6194371383395512e-08,0.00020514312755815804,1.3760041391290816e-07,0.0005127920005230264
2.7368086227544914,0.9997136343108624,1.5825614287922518e-08,0.00022431659464116022,1.6887099678562874e-07,6.186439788893824e-05
2.7710187305389224,0.999703574235335,1.7229480295084123e-08,0.00022840425501407705,1.788295356054064e-07,6.782545063541379e-05
2.8052288383233535,0.9997204771293418,1.0904751258126317e-08,0.00024268603616620175,2.0178157039013324e-07,3.6624148174342615e-05
2.839438946107785,0.9997021442723882,1.0245528350418324e-08,0.00024637581243446406,2.0651494712815223e-07,5.1263154703451554e-05
2.873649053892216,0.9993243322328187,1.1511769829729409e-08,0.00026664396568979864,2.3253950095893932e-07,0.00040877975022252284
2.907859161676647,0.9991650006277223,1.2052534973489863e-08,0.0002723514811505017,2.406573925462832e-07,0.000562395181201826
2.9420692694610784,0.9993963359378271,2.513593351683656e-08,0.0002994150621675584,2.740373605016451e-07,0.00030394982671316925
2.9762793772455094,0.9988667561915613,3.7445423297730865e-08,0.0003115941413345454,3.110901155718984e-07,0.000821301131568229
3.0104894850299404,0.999475740941611,3.411233755548384e-08,0.00033169304273625663,3.453966513333664e-07,0.00019218650666479473
3.0446995928143714,0.9994837855988133,4.164337808605411e-08,0.00034734146495318135,3.9770846978867305e-07,0.00016843358438775445
3.078909700598803,0.999615540569545,3.262868077750494e-08,0.00035980532897002607,4.229218621338157e-07,2.4198550947205292e-05
3.113119808383234,0.999586721068477,2.5737301381281837e-08,0.0003720142131424039,4.587127464963271e-07,4.078026833469961e-05
3.147329916167665,0.9994284745775166,2.5395124339057002e-08,0.00038845662690290347,4.823209684866679e-07,0.00018256107948662394
3.1815400239520963,0.9988657951220622,2.2209958615390286e-08,0.0004058815459092466,5.290128855240873e-07,0.0007277721091874129
3.2157501317365274,0.9992798059001786,3.8510942312827354e-08,0.00042609005691243414,5.410110459040215e-07,0.00029352452092346173
3.2499602395209584,0.9984878852813847,7.470857352100529e-08,0.00045918259879466656,6.4534983748588e-07,0.001052212061411762
3.2841703473053894,0.998908729929475,7.127648265838383e-08,0.00047172619995475333,6.63851146037391e-07,0.0006188087429433273
3.318380455089821,0.9992610598972216,8.546393280524326e-08,0.0005091507123325565,8.053471112652957e-07,0.0002288985794040554
3.352590562874252,0.9992923969120915,8.386552513044342e-08,0.0005160470232758357,8.321911342427592e-07,0.00019064000797412676
3.386800670658683,0.9994391395793034,6.221862341326308e-08,0.0005435709392065052,9.36278454020371e-07,1.6290984416775606e-05
3.4210107784431143,0.9993964918445926,5.996703628619579e-08,0.0005517802854870413,9.488648295837426e-07,5.0719038056399686e-05
3.4552208862275453,0.9986842779147915,4.5782737691524414e-08,0.000585510527340786,1.0580136851948382e-06,0.0007291077614460762
3.4894309940119763,0.998910066890425,5.738743637342988e-08,0.0005954562576135102,1.0528178041676584e-06,0.0004933666467216382
3.5236411017964078,0.9984052784504595,1.2576149645086043e-07,0.0006496353179649681,1.2163709125491982e-06,0.0009437440991694721
3.557851209580839,0.998068784401506,1.4243135824562784e-07,0.0006600354796295042,1.273777177935947e-06,0.0012697639103305361
3.59206131736527,0.9990275573063351,1.5543210156681794e-07,0.0007135107122711061,1.471891581734461e-06,0.0002573046577129546
3.626271425149701,0.9988381088877535,1.8492175543191365e-07,0.0007280115312115363,1.5971236959808699e-06,0.00043209753558657443
3.6604815329341323,0.999208578678764,1.4392624466307115e-07,0.0007625527397066155,1.741061349554143e-06,2.6983593939042495e-05
3.6946916407185633,0.9992092148841886,1.3392960822856407e-07,0.0007753631280728458,1.8214375803748527e-06,1.346662054927439e-05
3.7289017485029943,0.9987516815714922,1.0463694030065697e-07,0.0008134120675628802,1.952728307058845e-06,0.0004328489957011229
3.7631118562874257,0.998414769362328,9.21852514775719e-08,0.000827828706397478,2.026192323258696e-06,0.0007552835536983732
3.7973219640718567,0.9985262124269814,1.8626343803425534e-07,0.000883294429049457,2.1500657753741946e-06,0.0005881568147573059
3.8315320718562877,0.9973255115370907,2.604658108498895e-07,0.0009142074509577465,2.3926689507508322e-06,0.0017576278771916467
3.865742179640719,0.9985303929059669,2.636883473262049e-07,0.0009617420427279596,2.511266481067016e-06,0.0005050900964769782
3.89995228742515,0.9983538380418637,3.5410966529815405e-07,0.001010229461033474,2.9267879308970576e-06,0.000632651599506757
3.934162395209581,0.9987225774133901,3.139042439910673e-07,0.001034392225976161,3.0282507096135116e-06,0.00023968820567990743
3.9683725029940122,0.9989112130990812,2.7598166954510306e-07,0.0010740802155833372,3.348172609335311e-06,1.1082531057193553e-05
4.002582610778443,0.9987923414534225,2.4161696104580013e-07,0.0010984540971161162,3.4189353572867493e-06,0.00010554389714400222
4.036792718562875,0.9980609709756124,1.7010675727530087e-07,0.0011378483440213502,3.71024436985459e-06,0.0007973003292410854
4.071002826347306,0.9984255804011752,2.6493738982411583e-07,0.001172123827125593,3.698009354290232e-06,0.0003983328249558435
4.105212934131737,0.9968533028954657,4.33066967536234e-07,0.0012426652084346747,4.207510356940689e-06,0.0018993913187754664
4.139423041916168,0.9975023310642245,4.3895783366375427e-07,0.0012689556034134642,4.230976131236082e-06,0.0012240433983990422
4.173633149700599,0.997942009965694,5.978940603696804e-07,0.0013647370882375028,4.965098882316124e-06,0.0006876899531257564
4.20784325748503,0.9977805086157407,6.337755293692784e-07,0.0013784842181778073,5.152957524774577e-06,0.0008352204330271102
4.242053365269461,0.9985198869769647,5.358588916660841e-07,0.0014495981463217187,5.736288259386832e-06,2.4242729564820868e-05
4.276263473053893,0.9985197635846291,5.174380142849458e-07,0.001464270136212803,5.864083797120113e-06,9.584757347106678e-06
4.310473580838324,0.9978630231446267,3.5983729944688534e-07,0.0015278844817026415,6.3509813590645885e-06,0.0006023815550133512
4.344683688622755,0.9979331638938597,3.924052614389529e-07,0.0015445766366858336,6.353028248632452e-06,0.0005155140359458548
4.378893796407186,0.9968059608665909,6.56503429868174e-07,0.0016436908397425701,6.932428058987169e-06,0.0015427593621774275
4.413103904191617,0.9960606407899283,7.221368310340444e-07,0.0016648358243887239,7.2077467817473065e-06,0.002266593502071722
4.447314011976048,0.9975537551302757,9.117036691966162e-07,0.0017839046884918998,7.864453238873791e-06,0.000653564024325349
4.481524119760479,0.9967095305467366,1.160318573709485e-06,0.0018226218921654391,8.671399288039939e-06,0.0014580158432374675
4.515734227544911,0.9978300583336555,1.0012341774388385e-06,0.0018972899441286033,9.188678322938672e-06,0.0002624618097155783
4.549944335329342,0.9980094534440535,9.966522994368513e-07,0.0019393293095209714,9.888618127083727e-06,4.033197600018284e-05
4.584154443113773,0.9977491411419832,7.873439492374916e-07,0.00199834478272138,1.0274584202547988e-05,0.00024145214714476414
4.618364550898204,0.9972472769963275,6.446916798189084e-07,0.0020319279945729893,1.0752655640694e-05,0.0007093976617815138
4.652574658682635,0.997025134721736,9.506387990854047e-07,0.002118827507742633,1.0982394390980908e-05,0.0008441047373331003
4.686784766467066,0.9949363270587683,1.1392769535140257e-06,0.002176093897508378,1.198413643394446e-05,0.002874455630338704
4.720994874251497,0.9967559881834015,1.3101588098742246e-06,0.002270871761310619,1.209317013000577e-05,0.0009597367263479733
4.755204982035929,0.9959070787143621,1.9133886675770326e-06,0.0023825255747509677,1.3960212134062603e-05,0.0016945221100913821
4.78941508982036,0.9965781585682287,1.812025204652476e-06,0.0024270933868931655,1.4236414924398666e-05,0.000978699604747739
4.823625197604791,0.9973575866335368,1.7553056397274117e-06,0.002535353072051631,1.593115671708046e-05,8.937383205496652e-05
4.857835305389222,0.9973757915074084,1.618621746725672e-06,0.0025667893994090704,1.6148064405840004e-05,3.965240703066875e-05
4.892045413173653,0.996746723305784,1.1814098558455437e-06,0.0026476980141706755,1.739709575683055e-05,0.0005870001744332197
4.926255520958084,0.99688789443217,1.409387982262205e-06,0.002692968363998377,1.7224475252190798e-05,0.0004005033406004666
4.960465628742516,0.9944848504208277,1.7332563555512285e-06,0.002809380799017443,1.8897214848627267e-05,0.00268513830895333
4.994675736526947,0.995244532402056,1.8554644834146496e-06,0.002856728845750627,1.880539708801994e-05,0.0018780778906217401
5.028885844311378,0.995388355022186,2.8406798223856385e-06,0.00305123130732599,2.1137586299443983e-05,0.0015364354043666578
5.063095952095809,0.9946307713625817,3.142001626792163e-06,0.003074850183605998,2.207028139319107e-05,0.0022691661707932797
5.09730605988024,0.9964847864875974,2.9160021743013715e-06,0.003239615758022809,2.413627457828086e-05,0.0002485454776255261
5.131516167664671,0.9964834078150067,3.0143505536895233e-06,0.003273032278666714,2.5206964643672025e-05,0.0002153385911294619
5.165726275449102,0.9963267410678156,2.2932893100189004e-06,0.0033843063672463446,2.6678828208487046e-05,0.0002599804474214328
5.199936383233534,0.9961898687847331,2.20525576634782e-06,0.003413473096936256,2.705937612235718e-05,0.00036739348644507263
5.234146491017965,0.9945208566969306,2.613808782885835e-06,0.0035582283627138347,2.8446677898087896e-05,0.0018898544536750694
5.268356598802396,0.9932495448607733,2.6690184985349485e-06,0.0035911691146481304,2.947558447254538e-05,0.003127141421607354
5.302566706586827,0.9949164080161789,3.855342788902404e-06,0.0038124507766137943,3.067646782000166e-05,0.0012366093966008113
5.336776814371258,0.9926655922544186,5.074638507486504e-06,0.003883580856415472,3.3853720097268275e-05,0.0034118985305640805
5.370986922155689,0.9949658655841772,4.6963938431482115e-06,0.0040377421599498515,3.496530425258573e-05,0.0009567305577766335
5.40519702994012,0.9953879732011686,5.08570263244278e-06,0.004152614387369503,3.855517881417251e-05,0.000415771530016977
5.439407137724552,0.995613666379637,4.383864234069273e-06,0.0042388418193349126,3.935908154971123e-05,0.00010374885524541515
5.473617245508983,0.9952139562623475,3.6399643221061746e-06,0.004318925102954475,4.167685256052008e-05,0.00042180181781668565
5.507827353293414,0.994667053735105,4.0142009483478604e-06,0.0044283500227171105,4.1786141534216905e-05,0.0008587958996956372
5.542037461077845,0.9917648344113046,3.922651414522596e-06,0.004512676239007171,4.490123617545754e-05,0.0036736654621012175
5.576247568862276,0.9938541125759182,4.991386459207869e-06,0.004675388394550851,4.42724235665211e-05,0.0014212352195055408
5.610457676646707,0.9915623945113948,7.524237936188697e-06,0.004869534277688675,4.979267746879256e-05,0.0035107542955139415
5.644667784431138,0.9925231731509524,7.426915080993727e-06,0.004949717375549413,5.030621853297599e-05,0.0024693763398844137
5.67887789221557,0.9942440385069474,7.913950554374474e-06,0.0052036974043426125,5.624764690358392e-05,0.0004881024912522672
5.713088000000001,0.9942673746384203,7.862636288130986e-06,0.0052431398681868375,5.739763507006368e-05,0.0004242252220349269
5.747298107784432,0.994303401990059,6.241423428729215e-06,0.005410419283207053,6.145726083298255e-05,0.00021848004247568772
5.781508215568863,0.9942204235709395,6.320772874262982e-06,0.005461766531532908,6.128077288348472e-05,0.00025020835176988376
5.815718323353294,0.9913373457957576,5.9772808896765015e-06,0.005624659535427768,6.543694472291048e-05,0.0029665804432050065
5.849928431137725,0.991909214462036,6.4784774852118635e-06,0.00569628651677732,6.50429589228236e-05,0.002322977584777674
5.884138538922157,0.9911521197164235,1.026116877448927e-05,0.006014888125275809,6.998540478681611e-05,0.002752745584737753
5.918348646706588,0.9893129504235154,1.1471032114472969e-05,0.0060365989742024,7.316679773327687e-05,0.0045658127724366795
5.952558754491019,0.9927179972882341,1.1649321030543894e-05,0.006387733591224019,7.806772513829844e-05,0.0008045520743757051
5.98676886227545,0.9922643886723973,1.2979889776615616e-05,0.006458823143403882,8.342244097616359e-05,0.0011803858534461375
6.020978970059881,0.9931487192028997,1.0811815391829035e-05,0.006658752740067307,8.673213833514123e-05,9.498410330895268e-05
6.055189077844312,0.993032199049653,1.0044440169781879e-05,0.006725009601999454,8.975316455350172e-05,0.0001429937436232504
6.089399185628743,0.9913211701940188,9.50559319016111e-06,0.006909635558784857,9.213712153783275e-05,0.0016675515324662282
6.123609293413175,0.9895229563894271,8.82713298553061e-06,0.006951646752223245,9.552459932364234e-05,0.003421045126042075
6.157819401197606,0.9907276958854324,1.310809457287493e-05,0.0072946726457974115,9.61509562975322e-05,0.001868372417899833
6.192029508982037,0.9863649775063267,1.686437576969559e-05,0.0073674853878318925,0.00010489232057596918,0.006145780409496706
6.226239616766468,0.9900858103038312,1.6683246123129126e-05,0.007675738512989639,0.00010588767552953517,0.0021158802615263367
6.260449724550899,0.9903367034277616,1.9704885663921457e-05,0.007927034314037443,0.00011809663061142537,0.0015984607419269475
6.29465983233533,0.9911179961334259,1.8264592322837127e-05,0.008055474704440891,0.00011965161553303892,0.0006886129542775508
6.328869940119761,0.991491633327958,1.5928060556388877e-05,0.00825409719378347,0.00012815768206897376,0.00011018373563324633
6.363080047904193,0.9909588994266786,1.5380347865003792e-05,0.008374871196198766,0.00012793579281394313,0.0005229132364459043
6.397290155688624,0.9877286104182439,1.2969654006719665e-05,0.00849242514313571,0.00013600060694296092,0.003629994177669136
6.431500263473055,0.9894406445575968,1.6387667826459793e-05,0.008725106439345454,0.00013292287288269565,0.001684938462348659
6.465710371257486,0.985027793033433,2.3258884763786524e-05,0.008970360437406151,0.00014476600512487744,0.005833821639275086
6.499920479041917,0.986142205265284,2.3637396380344506e-05,0.009106204546871128,0.00014527094504355545,0.0045826818464208795
6.534130586826348,0.9887099138503749,2.7816712975963156e-05,0.009622868741009306,0.0001599194339769332,0.0014794812616632034
6.568340694610779,0.9881141727221671,2.9351827189782238e-05,0.009656715096161384,0.00016518262145699358,0.0020345777330277085
6.602550802395211,0.9897281283669079,2.5143872091187554e-05,0.010017507796048684,0.0001755534883718304,5.36664765811189e-05
6.636760910179642,0.9896548341437593,2.447479959117197e-05,0.010082959687979159,0.0001780314425228553,5.969992614894405e-05
6.670971017964073,0.9870597911578238,2.0478742968231838e-05,0.010310206717768508,0.00018642003381324836,0.002423103347628855
6.705181125748504,0.9870721434254253,2.1105298522443956e-05,0.010394909425918714,0.00018646352398577897,0.0023253783261480807
6.739391233532935,0.984918267015079,3.0397992582363907e-05,0.010814183505934596,0.0001935420811418716,0.004043609405260282
6.773601341317366,0.981639468585934,3.317145597891988e-05,0.010783426554389096,0.00020167425961696144,0.007342259144080867
6.807811449101798,0.9865705026767521,3.718843221643329e-05,0.011467235711150624,0.00020913890672812625,0.0017159342731521776
6.842021556886229,0.9845991499393185,4.418359800180971e-05,0.011560672986281056,0.0002268281279383047,0.0035691653484610044
6.87623166467066,0.987094879796844,3.9348596109829064e-05,0.011943709688217006,0.00023252043931969814,0.0006895414795107263
6.910441772455091,0.9874889996871725,3.7619995651111504e-05,0.012119468088024426,0.00024588360400071,0.00010802862515186649
6.944651880239522,0.9864502694783176,3.339548959191489e-05,0.012356872794460941,0.0002490713361498236,0.0009103909014793096
6.978861988023953,0.9843532927296109,2.913698788889863e-05,0.012416001306027146,0.0002592360385253738,0.002942332937948124
7.013072095808384,0.9845746434817794,3.8626657633149196e-05,0.012852796987181694,0.00025612780918707974,0.0022778050642178094
7.0472822035928155,0.977913495747127,4.547564720832465e-05,0.012828287548082632,0.00027480555360251825,0.008937935503979083
7.0814923113772466,0.9828101263786579,4.8374665183039667e-05,0.013404619085857699,0.0002724554066387936,0.0034644244636617442
7.115702419161678,0.9817566018429318,6.184579687700237e-05,0.013827712414587377,0.00030216507663218586,0.004051674868972156
7.149912526946109,0.9828352579635402,6.0215175355011163e-05,0.014017533051699102,0.00030552605664706424,0.002781467752759686
7.18412263473054,0.9849612751214536,5.59669632825202e-05,0.014502996847818125,0.00032949360847268585,0.0001502674589760616
7.218332742514971,0.984812661396814,5.349491223024413e-05,0.014633899980219847,0.0003309030279887594,0.00016904068274823476
7.252542850299402,0.9821463203085735,4.3525812215911946e-05,0.014842073061319808,0.0003491258145177426,0.0026189550033718333
7.2867529580838335,0.9829299231012962,4.9494860984853776e-05,0.015103702911349673,0.00034230217467283756,0.0015745769516974316
7.3209630658682645,0.9764068328757897,6.05528553109677e-05,0.015303573450064181,0.00036234570837278234,0.00786669511046375
7.3551731736526955,0.9773444026095639,6.267330018684468e-05,0.015505375277267221,0.0003622166425543621,0.006725332170429537
7.3893832814371265,0.9798553551613545,8.09741684986852e-05,0.01640461980608434,0.000387943105349017,0.003271107758715757
7.4235933892215575,0.9775057219310386,8.881935864393221e-05,0.01634461411183769,0.0004045170457464486,0.005656327552732937
7.4578034970059885,0.9818181120539372,8.140605417336717e-05,0.017133618424473196,0.000425429972290935,0.0005414334951259396
7.4920136047904204,0.9819217682576312,8.17748394011286e-05,0.017238655845820555,0.0004406967600810762,0.00031710429706740926
7.5262237125748515,0.9806062911014554,6.843666727734179e-05,0.0176168899822459,0.0004551093151630957,0.0012532729338594136
7.5604338203592825,0.9799469547826002,6.600690432156532e-05,0.0176947430287124,0.00046080224519756924,0.0018314930391715722
7.5946439281437135,0.9764893053723551,7.946856919202703e-05,0.01814483689818215,0.00046726412142783155,0.004819125038842939
7.6288540359281445,0.9717247998418419,8.187706288707146e-05,0.017961757654015503,0.00048473463276609,0.00974683080848888
7.6630641437125755,0.9773828897163429,0.0001007362718217241,0.019141875630758167,0.0004888783824308864,0.00288561999864893
7.6972742514970065,0.9723763208553118,0.00012448048195070837,0.019102412339464667,0.0005307246989040757,0.007866061624369479
7.731484359281438,0.9769776861674636,0.00011672415943032647,0.01986032079792184,0.0005376847769984634,0.002507584098187191
7.765694467065869,0.9782665929238742,0.00011854105442542393,0.020289124299852464,0.0005785971031334785,0.0007471446187153715
7.7999045748503,0.978365087693578,0.00010785060461236894,0.02062624193186324,0.000583038015787471,0.00031778175415730377
7.834114682634731,0.9766258052055724,9.298691345229452e-05,0.020778651975113208,0.0006104108606076246,0.0018921450452555083
7.868324790419162,0.9758995567757767,0.00010478204796353245,0.021238776341155913,0.0006003817810369588,0.0021565030540673597
7.9025348982035934,0.9675816149157233,0.00010812248760270942,0.020988491681774836,0.0006347175175326915,0.010687053397365323
7.9367450059880245,0.972763361033236,0.0001223203102925494,0.021933466472703934,0.0006221694430240694,0.004558682740742726
7.970955113772456,0.9688388162739342,0.00016390334076698,0.02241688313430876,0.0006756566888531267,0.00790474056213642
8.005165221556886,0.9697319204529633,0.00016459909467166184,0.022667194928979298,0.000682679938250946,0.00675360558513517
8.039375329341318,0.9743882012838992,0.00016446201762474879,0.023767038415428703,0.0007356428009795914,0.0009446554820684912
8.07358543712575,0.9743797068736766,0.00016373731204535934,0.023877028731402513,0.0007476406449587287,0.000831886437916375
8.10779554491018,0.9735125872462965,0.00013718677796614306,0.024373743639399217,0.000783962133383004,0.0011925202029555864
8.142005652694612,0.9734031950839999,0.0001405415188575935,0.024596542997224056,0.0007782915062341188,0.0010814288936842574
8.176215760479042,0.9658465809841367,0.0001447609083657889,0.024678879788755007,0.0008080870033275577,0.008521691315412097
8.210425868263474,0.9660729345749218,0.00014954854031133186,0.024905062942535708,0.0008078946176379549,0.008064559324593122
8.244635976047904,0.9669821808884727,0.00020355469365428153,0.02619733071235937,0.0008376412844915968,0.005779292421022182
8.278846083832336,0.9616570451670262,0.00022617142626384985,0.025779108228573308,0.0008749667794091472,0.011462708398729997
8.313056191616768,0.969485969290055,0.00022158164865970567,0.027437272112412606,0.0009078008354432779,0.001947376113427036
8.347266299401198,0.9692090764668332,0.00023563237956207247,0.027556235878330775,0.0009588504554493436,0.0020402048198258915
8.38147640718563,0.9700881726223228,0.00020624495468624714,0.02829549266047218,0.0009804659570259071,0.0004296238054918475
8.41568651497006,0.9693040565764925,0.00019253218973018597,0.028407738655773507,0.0010084015033970145,0.0010872710746051366
8.449896622754492,0.9654791074195204,0.00019728697734624557,0.02886409790683016,0.0010120370601890702,0.004447470636113917
8.484106730538922,0.9595824469901378,0.00018890279951855327,0.02841554625571277,0.001047292208991988,0.010765811745639895
8.518316838323354,0.9645070939539611,0.00024273413990195505,0.0301478477431669,0.0010332535333410912,0.004069070629629044
8.552526946107786,0.9551647461115255,0.00029918887581850906,0.029552333963553876,0.0011074611357319581,0.013876269913370667
8.586737053892216,0.9620351490044033,0.0002938149964305934,0.031007993965377668,0.0011109128325112335,0.00555212920127866
8.620947161676648,0.9638426286495483,0.0003208403769787507,0.03185983878291761,0.001205746071263511,0.0027709461192929035
8.655157269461078,0.9648504670716959,0.00030558056594478156,0.032329244346177274,0.001215284215851608,0.0012994238003327663
8.68936737724551,0.9647362196249264,0.000269368273827655,0.032857306784829295,0.0012794743717828743,0.0008576309446332357
8.72357748502994,0.9637386913197991,0.0002717888494668938,0.03329292009637529,0.001266418744940911,0.0014301809894173064
8.757787592814372,0.9551731732025782,0.00024967003584610203,0.03280918742712893,0.0013258235025081283,0.01044214583193996
8.791997700598804,0.9593407949839869,0.00028612751646735495,0.0340750413821753,0.0012949859385964911,0.005003050178773739
8.826207808383234,0.9514209889336894,0.0003774024001570082,0.03424416286804081,0.0013660340912145992,0.012591411706900832
8.860417916167666,0.9516181084288788,0.0003854271688547723,0.03449404204219526,0.0013779747282353105,0.012124447631837159
8.894628023952096,0.958607796072774,0.00041687505657080857,0.036698862916405006,0.0014709111135590546,0.002805554840692375
8.928838131736528,0.9573690123933215,0.00043534974814892586,0.03656492762986346,0.0015141777397725891,0.004116532488892214
8.963048239520958,0.9597789341109783,0.0003821933061611172,0.03783164323871473,0.0015778611208229958,0.000429368223325603
8.99725834730539,0.9594804545374968,0.00037398752210312543,0.03799509913106367,0.0015940874567021768,0.0005563713526341701
9.031468455089822,0.9527942595224377,0.00034390395759980333,0.038109086007832506,0.001638013318923535,0.007114737193205218
9.065678562874252,0.951797532417529,0.0003450753114636455,0.038212972440703825,0.0016451292408166242,0.007999290589487087
9.099888670658684,0.9498034403205634,0.0004566169804754702,0.039673788587967294,0.0016581814666247387,0.008407972644369256
9.134098778443114,0.9408967939582616,0.0004984885137755778,0.038398483635265025,0.0017224685357457841,0.018483765356952078
9.168308886227546,0.9519847868989088,0.0005244410607134133,0.041576299819683464,0.0017590988280070843,0.004155373392687905
9.202518994011976,0.9495089831388247,0.0005905565611102298,0.04141888431516707,0.001879820182486462,0.006601755802412932
9.236729101796408,0.953182394672478,0.0005417469504812849,0.04289193674179142,0.0019088345655791943,0.0014750870696693373
9.27093920958084,0.9535254225578167,0.000510649721749499,0.043286438686328484,0.0019932233627865522,0.0006842656713202676
9.30514931736527,0.9507600020963594,0.0004838463985317857,0.043892570026040564,0.001998083510680448,0.0028654979683896678
9.339359425149702,0.9445353435887798,0.0004380819150070379,0.043169111813454605,0.002069116415920066,0.009788346266839708
9.373569532934132,0.9473241653203358,0.0005407692277981688,0.04524900539325984,0.0020186892592538638,0.0048673707993508505
9.407779640718564,0.933479938641499,0.0006312646323104156,0.04343069187514208,0.002122209081482772,0.020335895769566258
9.441989748502994,0.9420605040525157,0.0006489234151221059,0.04598182447353763,0.0021115644692596934,0.009197183589564529
9.476199856287426,0.9427481056582714,0.0007607824918600582,0.04725171251308598,0.0022824930130205213,0.006956906323760284
9.510409964071858,0.9436555849370201,0.0007534383348527448,0.04773492376524429,0.0023069102073580597,0.005549142755525432
9.544620071856288,0.9469188140706012,0.0006924439308354323,0.049342586429603666,0.0024359947059112035,0.0006101608630489536
9.57883017964072,0.9464271724021561,0.0006760686668585245,0.04974930572312897,0.0024390143776133926,0.0007084388302441779
9.61304028742515,0.9394466052144314,0.0005893421601498618,0.049374845351453436,0.0025394962321641902,0.008049711041800038
9.647250395209582,0.9415668998066311,0.000644319127329235,0.050648766012203264,0.0024928205371753495,0.004647194516659303
9.681460502994014,0.9299497527415308,0.0007797668760497947,0.04998111650829729,0.0025626695494116065,0.01672669432470923
9.715670610778444,0.9290147427750317,0.0007993597382016851,0.05006234240353516,0.002579209487948555,0.017544345595283825
9.749880718562876,0.9366792829117544,0.0009353940721118384,0.053826030405512336,0.0027032873462202282,0.005856005264401169
9.784090826347306,0.9319241241991896,0.0010128920311185243,0.05274127083179586,0.002805490430376889,0.01151622250752081
9.818300934131738,0.939048959359369,0.0009334928138829903,0.05572526395770182,0.00290448273967884,0.0013878011293685687
9.852511041916168,0.9392750707171064,0.0009218057706539243,0.05587218635695232,0.0029851002269650363,0.0009458369283235185
9.8867211497006,0.9354004061280754,0.0008228344698871181,0.05654156598157221,0.0030510190529245995,0.004184174367543066
9.920931257485032,0.9331985955999167,0.000792951986324889,0.05632559267550094,0.0030908034139754776,0.006592056324282199
9.955141365269462,0.928329342613466,0.0009471264262470812,0.05758816659943003,0.0030669481002836407,0.010068416260573957
9.989351473053894,0.9163375727037796,0.0009861069068632148,0.054853051585883196,0.003160594927225484,0.02466267387624824
10.023561580838324,0.9288697574218073,0.0011125982930493168,0.060161533338662455,0.003173354777627987,0.006682756168852646
10.057771688622756,0.921456526412336,0.001306134738237857,0.0588229555605159,0.0033851149896634352,0.01502926829924763
10.091981796407186,0.9280826433479255,0.001246053617668172,0.06158672531063689,0.0034216402907492932,0.0056629374330212185
10.126191904191618,0.9308062248223228,0.0012227710004200825,0.06282301404791564,0.0036133952795086603,0.0015345948498348295
10.16040201197605,0.930063092799092,0.0011531035434978892,0.06381974695424483,0.003631078611773192,0.0013329780913911978
10.19461211976048,0.9248845144492641,0.0010240236881649916,0.06316819624628313,0.003770691097118191,0.0071525745191708115
10.228822227544912,0.9251567475002419,0.0011488958918652544,0.06516583099155107,0.003685784159593765,0.004842741456749402
10.263032335329342,0.9083253682941427,0.0012202004234123836,0.061601317925634766,0.0038133640124625597,0.025039749344344924
10.297242443113774,0.9171100776774184,0.0013042064490070278,0.06545638748781299,0.003771200277634919,0.01235812810812784
10.331452550898204,0.9141005678694153,0.0016093391099761655,0.0666015862926465,0.003999635664288162,0.01368887106367378
10.365662658682636,0.9135364045256097,0.00163457237502759,0.06666747679774572,0.004050112991809161,0.01411143330980851
10.399872766467068,0.9216696207861177,0.0015860650155618537,0.07064406229820759,0.004276157186204361,0.0018240947139084819
10.434082874251498,0.9215589688560917,0.0015768767329669246,0.07080999764299804,0.004331093929710337,0.0017230628382326155
10.46829298203593,0.918059951412763,0.0013806476780269424,0.0714698218577136,0.00449251246341097,0.004597066588084004
10.50250308982036,0.9181094695488587,0.001412639004179737,0.07229518254192971,0.0044638446991607265,0.0037188642058710087
10.536713197604792,0.904845136590714,0.0015147652779040175,0.07064394176720454,0.004527856336544808,0.018468300027632098
10.570923305389222,0.9024136850973807,0.0015363724027487877,0.07021883910243305,0.004551830345285437,0.02127927305215144
10.605133413173654,0.9080718420476477,0.001900195340669588,0.07549936101812187,0.0046501210336819965,0.009878480559880965
10.639343520958086,0.8977046076475281,0.002089347791661376,0.07203255706019447,0.004819255255494979,0.023354232245120697
10.673553628742516,0.9102889041852713,0.0020242157168167242,0.07824128183583502,0.004959841797633863,0.0044857564644435665
10.707763736526948,0.9106206897090161,0.00207947840735059,0.07822460051478057,0.005165869458591172,0.003909361910261433
10.741973844311378,0.910696597916536,0.0018936786093184956,0.08027474807473198,0.0052591705497245485,0.0018758048496889503
10.77618395209581,0.9083320416021643,0.0017793392262944695,0.07982698442527925,0.005383792354169222,0.00467784239209106
10.81039405988024,0.902288782880863,0.0018903058056287119,0.08082417446077154,0.005339603368331434,0.00965713348440424
10.844604167664672,0.8887302681674475,0.0018484460914028234,0.07629247500194387,0.005476368124790053,0.02765244261441494
10.878814275449104,0.8998132064958323,0.0021792565816092604,0.08373334820871342,0.0054115277238498734,0.008862660989996225
10.913024383233534,0.885299180077766,0.002585224924463061,0.07947748464733626,0.0056767564583912085,0.026961353892045542
10.947234491017966,0.8944637116199482,0.002549032306146708,0.08422824013759794,0.005721017465001246,0.013037998471307493
10.981444598802396,0.8995057991269364,0.002647153545321291,0.0870153205774662,0.0060778991344734214,0.004753827615804791
11.015654706586828,0.9002959485300377,0.0025663891124999773,0.08830167492128074,0.006124717422731095,0.0027112700134497517
11.049864814371258,0.8982129760061089,0.0023038923072859403,0.08885103078750094,0.006375823188639185,0.004256277710465883
11.08407492215569,0.8969974598687542,0.0023716578292267455,0.09043342995351102,0.006304675485968486,0.0038927768625414906
11.118285029940122,0.8800757963563939,0.0022895169342838145,0.08545188496566074,0.006479732468535908,0.025703069275123527
11.152495137724552,0.8869919838277764,0.002481392007724484,0.09017210812960622,0.0063902408363908465,0.013964275198501469
11.186705245508984,0.8781884072006587,0.003085482288767027,0.08988949074669257,0.00657962384364876,0.02225699592023233
11.220915353293414,0.8751227331179467,0.0031673628687429343,0.0887506133829814,0.0066531174773567245,0.02630617315297098
11.255125461077846,0.8880860140559994,0.0032724961391426585,0.09679611456724435,0.007002309124023865,0.004843066113587769
11.289335568862276,0.886509888933203,0.0033718226596602904,0.09567965690482047,0.007157628341221332,0.007281003161093896
11.323545676646708,0.8882195416996805,0.0030417533391039024,0.09905481579141125,0.0073947633652311886,0.0022891258045742873
11.35775578443114,0.8873808881482095,0.0029870787781775877,0.09923600176000955,0.007453535212421085,0.002942496101183478
11.39196589221557,0.8755789730535828,0.0029059268080910677,0.09749842289266894,0.007555075666845065,0.016461601578813156
11.426176000000002,0.8714719747821725,0.0028767022539380803,0.09603692548532786,0.007607753149783957,0.022006644328775263
11.460386107784432,0.8728448129706614,0.003565391070639599,0.10192038326469435,0.007574366254150429,0.0140950464398541
11.494596215568864,0.8563455589984109,0.0038743532732974954,0.0941276822290857,0.007765524684969728,0.037886880814235024
11.528806323353296,0.8735595422201768,0.003958575656323607,0.10533473020207346,0.007947639521334364,0.009199512400090462
11.563016431137726,0.8716892341140621,0.0042672096746132196,0.10419795298494872,0.00833943061606016,0.011506172610318924
11.597226538922158,0.8756793736319489,0.004016747141867108,0.10846698177481048,0.008461914183994366,0.0033749832673798425
11.631436646706588,0.8751697830569595,0.003780515256528389,0.10872445628262338,0.008737521080959234,0.003587724322928969
11.66564675449102,0.8704180980160198,0.003728113685253052,0.11005063201658422,0.008737723287162132,0.007065432994980794
11.69985686227545,0.8573622152651028,0.0034640708806142504,0.10415292074276741,0.008965691870810817,0.026055101240706854
11.734066970059882,0.8644844054994183,0.004046565399230854,0.11261266586824385,0.008772897868648483,0.010083465364458437
11.768277077844314,0.8430534997559296,0.004649205266692769,0.10337347557669231,0.008980027645902553,0.03994379175478408
11.802487185628744,0.8535702865487442,0.00472059750104857,0.11068723982576902,0.009026108272655417,0.021995767851783393
11.836697293413176,0.8585937866858571,0.005209543951621182,0.11525322175514913,0.009572019222630289,0.011371428384739602
11.870907401197606,0.8587998663205081,0.0052066035260698315,0.1157759583786701,0.009668916855592532,0.010548654919160684
11.905117508982038,0.8622507419214656,0.004812911039121626,0.1198877898382392,0.010072049790093001,0.0029765074110809807
11.939327616766468,0.8611999193899731,0.0047625086117706475,0.12098013036805474,0.010086991194336117,0.002970450435866283
11.9735377245509,0.8474850948841107,0.004351913771537692,0.11636874980073732,0.010378523071694064,0.021415718471920926
12.007747832335331,0.8509454183216483,0.0046117205191630395,0.12060865710866131,0.010260455765109226,0.013573748285418696
12.041957940119762,0.836443964399711,0.005464509112172563,0.11738569139079191,0.01028359835106501,0.030422236746259088
12.076168047904194,0.8306474626043411,0.0055893723028680835,0.11406377434567036,0.01035433162846547,0.03934505911865484
12.110378155688624,0.8459439356297929,0.006162108878616902,0.1274817420041987,0.010798511358035568,0.00961370212935554
12.144588263473056,0.8396058221618894,0.006555029914407305,0.1225424330853164,0.011084946293735182,0.02021176854465162
12.178798371257486,0.8478023173975441,0.006134823773293799,0.13111024505726265,0.01141285720298139,0.003539756568918014
12.213008479041918,0.8476923242444019,0.006007345605098195,0.13094229210561006,0.011626545116385003,0.0037314929285041103
12.24721858682635,0.8401573988653395,0.005611920770631607,0.13114854358349232,0.011836428065668952,0.011245708714867433
12.28142869461078,0.8347679762093037,0.005400900099039872,0.12822008993558498,0.011978196541439827,0.01963283721463229
12.315638802395211,0.8314984815665559,0.006319635066520209,0.13330674118415434,0.011759941199747458,0.017115200983022865
12.349848910179642,0.8105208381481683,0.00660447991944037,0.11965328355770323,0.011899863331487964,0.05132153504320191
12.384059017964073,0.8295515640958341,0.007113827700091815,0.1369543536845404,0.012081655614225917,0.014298598905309741
12.418269125748504,0.8219262004739456,0.00798460082105474,0.132218537376851,0.012635486577362761,0.025235174750785516
12.452479233532936,0.8288409465657202,0.007746312824365181,0.13926958229013814,0.012798540781974432,0.011344617537800993
12.486689341317367,0.8322138727968903,0.007486669493804887,0.14229520006677499,0.013284708205313052,0.004719549437216636
12.520899449101798,0.8302989860877193,0.007241024491696616,0.14466906566202423,0.013378345249595828,0.004412578508963998
12.55510955688623,0.819965311860613,0.006588287461361858,0.1391414241856316,0.01377526521926359,0.020529711273130462
12.58931966467066,0.8224767545720744,0.007274958707729591,0.14669479062603574,0.01350143985571717,0.010052056238444075
12.623529772455091,0.797206457717325,0.007800336657054225,0.13162109546904288,0.013572907985926641,0.0497992021706524
12.657739880239522,0.8071099308188923,0.008108182008653396,0.14134738049131046,0.013595058550690008,0.029839448130452906
12.691949988023953,0.8081831118516876,0.009407917372051924,0.14646772628481017,0.014203879025456948,0.021737365465994685
12.726160095808385,0.8051454626484678,0.009598439060075346,0.14397459397726392,0.014351189774516505,0.02693031453967558
12.760370203592815,0.8158781231967605,0.009245789894851694,0.15525421479546603,0.014958990924181997,0.004662881188740454
12.794580311377247,0.8156009268056202,0.009177384103117697,0.15532756909081438,0.015090361100891073,0.00480375889955693
12.828790419161678,0.8077597370387617,0.008327221210019236,0.15432146161237628,0.015563033046921226,0.014028547091922965
12.86300052694611,0.8077576602867419,0.008461544193260968,0.15643167568373628,0.015511094557968853,0.011838025278292013
12.89721063473054,0.790415482318038,0.009203498184036707,0.1501405467912447,0.015389023822908899,0.03485144888377301
12.931420742514971,0.7823776476522897,0.009261168580833607,0.14374238628219646,0.015434592569656142,0.04918420491502259
12.965630850299403,0.7956880961937909,0.010750720144234982,0.16213650613779673,0.01579414367151225,0.015630533852664646
12.999840958083833,0.7816391452397546,0.01162157280645519,0.1493373755105213,0.01612199427081998,0.041279912172447975
13.034051065868265,0.7965297322453333,0.011304090304608308,0.16606036979179534,0.016588053678459964,0.0095177539798036
13.068261173652695,0.7976417061571928,0.011357873347428273,0.16573770331614363,0.017000018275183923,0.008262698904051242
13.102471281437127,0.7956119469828704,0.01066288484010641,0.17003125026241048,0.017332903300326448,0.0063610146142856466
13.136681389221557,0.7903543767401382,0.010078838008175366,0.16625532728534415,0.017653198980645275,0.01565825898569664
13.17089149700599,0.7843953991857697,0.01084834972666265,0.16996259420747198,0.017401983426242433,0.017391673453853417
13.205101604790421,0.762104487880499,0.01073850419462971,0.1506145477498132,0.0174987585450235,0.059043701630035555
13.239311712574851,0.7789744058696981,0.012008107720687819,0.1730915862811436,0.01754954967110559,0.018376350457364868
13.273521820359283,0.7629980163222292,0.013717021960864339,0.16076640314204052,0.018006047691364574,0.044512510883503005
13.307731928143713,0.7713989014275974,0.013630909813494489,0.1707441075327785,0.01823090778925377,0.02599517343687803
13.341942035928145,0.7790301965888284,0.013761169617992028,0.17903546540149182,0.019004401521853065,0.009168766869834975
13.376152143712577,0.779237100840912,0.013494688375581838,0.1817117428393615,0.01916518769907528,0.0063912802450678645
13.410362251497007,0.7738489476768706,0.012353064906364362,0.18010311748013427,0.01978549280610743,0.013909377130523403
13.44457235928144,0.7732405184198243,0.012798618679599172,0.1852630183291204,0.01961807727111082,0.009079767300346995
13.47878246706587,0.7488655743305697,0.012699080138622143,0.16654927925017216,0.01969246533999484,0.052193600940640385
13.512992574850301,0.7559827457022712,0.013315193643549854,0.17706112158327492,0.019646763052992056,0.03399417601791115
13.547202682634731,0.7500257019182872,0.015755724305912627,0.17964624661095105,0.019940235902619,0.03463209126223079
13.581412790419163,0.7422702859778445,0.01618510603857103,0.17125490123190226,0.020055654949262605,0.05023405180242096
13.615622898203595,0.7597259407405375,0.016380645919555452,0.193524641799377,0.020960758406942826,0.009408013133588742
13.649833005988025,0.7584337784383379,0.016658256162108084,0.190129439033668,0.021201190497787903,0.013577335868097732
13.684043113772457,0.7579230149601125,0.015423895206496233,0.1966909267240275,0.021849491540223778,0.008112671569140455
13.718253221556887,0.7562420261667044,0.015175605414672232,0.19619763512562713,0.021983868466721866,0.010400864826274085
13.75246332934132,0.7404439338159826,0.01523699677212311,0.18962472912826117,0.022008651529543816,0.032685688754089365
13.78667343712575,0.7310526297560822,0.014968083512634303,0.17963475916440652,0.02206801751621057,0.05227651005066476
13.820883544910181,0.7385525249620915,0.017646137563136485,0.20008353660330802,0.022021378541443582,0.02169642233002138
13.855093652694613,0.7164846952980646,0.018943124050950534,0.175231143424746,0.022107147374465355,0.06723388985177309
13.889303760479043,0.7363884000233291,0.019174207533805214,0.20255420311836875,0.02278272126177075,0.01910046806272585
13.923513868263475,0.7367596087937959,0.02002165387205279,0.20078173516326042,0.02344234430364483,0.018994657867246804
13.957723976047905,0.7394259004037156,0.019232495052366377,0.20983851773830536,0.023842745576368972,0.007660341229243757
13.991934083832337,0.7367233473602086,0.018184794598541457,0.20814065719969152,0.02438697590036472,0.012564224941193346
14.026144191616767,0.7311539612152739,0.018351476773367868,0.21162349194100194,0.02439773417363112,0.014473335896724933
14.0603542994012,0.7109417854266084,0.017343885522446492,0.1894217099673073,0.024631502831016314,0.05766111625262204
14.094564407185631,0.7223932487328627,0.019447692075840312,0.2134001512857649,0.02440403010206856,0.02035487780346245
14.128774514970061,0.6986666501761056,0.021846914589941323,0.1896984593884753,0.02431083628242651,0.0654771395630514
14.162984622754493,0.707013701069437,0.022110508959132105,0.20218322324174628,0.024591377830673708,0.044101188899009734
14.197194730538923,0.7164121074246714,0.0234901974798825,0.21683405046765883,0.025720097195769086,0.017543547432020235
14.231404838323355,0.7158018937071977,0.023550040960256563,0.2162175082101578,0.02589760726600707,0.018532949856378576
14.265614946107785,0.7173782730444456,0.022048108437690075,0.22399694172726994,0.02674419577779673,0.009832481012797987
14.299825053892217,0.7160440780079858,0.021994310133039773,0.22654792866524098,0.02681736122619798,0.008596321967536853
14.334035161676649,0.6969119910192246,0.020740890751913724,0.20999047521223654,0.027234551688889257,0.04512209132773684
14.36824526946108,0.6999272515550089,0.021464501300339472,0.21808159098777224,0.027125147834397678,0.03340150832248225
14.402455377245511,0.6870807953289007,0.024781907609244314,0.2146778910192954,0.026708347597273644,0.046751058445285924
14.436665485029941,0.6752296681552195,0.02526780810738649,0.19814179055099573,0.026635429913437706,0.07472530327296079
14.470875592814373,0.6957269953368399,0.026956008059464007,0.2332400875771067,0.02785936768266635,0.0162175413439225
14.505085700598803,0.6896399304641497,0.028139845237874907,0.22107986893568224,0.02818072686408034,0.03295962849821319
14.539295808383235,0.6965620107533528,0.026813900140472025,0.23891913051979669,0.02898593097181082,0.008719027614568045
14.573505916167667,0.6956916167241723,0.02619242712087004,0.23741198901379099,0.029295836755644268,0.011408130385521287
14.607716023952097,0.6851217603129067,0.025224507360898818,0.2356156976023649,0.02978571395618245,0.024252320767646243
14.641926131736529,0.6755642445539427,0.024230110593762507,0.22251635596629782,0.02999409324861514,0.04769519563738187
14.67613623952096,0.6762731235000754,0.02768844715264254,0.24063010979999525,0.029406213296786367,0.026002106250500315
14.710346347305391,0.6492431995419006,0.0288109467389914,0.20192889038592238,0.028969758917532347,0.09104720441565375
14.744556455089821,0.6704458644157751,0.030313470594461756,0.24009020953953195,0.02982049138240516,0.029329964067827865
14.778766562874253,0.666134786144246,0.03283040735324412,0.23287827158747743,0.030638844715500786,0.03751769019953268
14.812976670658685,0.6712159311126289,0.032272218993022864,0.2452159320262774,0.031078344415092732,0.020217573452976416
14.847186778443115,0.6735380595864935,0.031105095762275894,0.25092906870260606,0.03183509910427301,0.012592676844349936
14.881396886227547,0.6705604697640426,0.030595821278172914,0.25567050809492514,0.03217838120090453,0.010994819661954678
14.915606994011977,0.655116293940109,0.02832883513901366,0.2363452026796108,0.032807938450484485,0.0474017297907808
14.949817101796409,0.660283152800289,0.03071929155358886,0.256489690283337,0.032382132432849584,0.020125732929936052
14.984027209580841,0.6328233687385217,0.0328470435373946,0.2211414137054822,0.031575600562445766,0.08161257345615444
15.018237317365271,0.6395926328224001,0.033643760233055695,0.23476293332109877,0.03183883331331111,0.06016184031013589
15.052447425149703,0.6461990494757599,0.03742416110451027,0.2534200427722509,0.033084902177159224,0.029871844470319927
15.086657532934133,0.6413658872332169,0.038126926224051845,0.24358150518202099,0.033202257249319946,0.04372342411139068
15.120867640718565,0.6509338899098699,0.03687181409623644,0.26708850783193766,0.03434369836604493,0.010762089795913555
15.155077748502995,0.6502787559521381,0.03657472344793755,0.26682430955221753,0.034510759869648494,0.011811451178056693
15.189287856287427,0.6388885085031442,0.034084659639867405,0.2600693152812088,0.03548001179203024,0.03147750478375048
15.223497964071859,0.6381624097092502,0.03433082108140319,0.26254703428219117,0.03544771598781477,0.029512018939340846
15.257708071856289,0.621941265506404,0.03734694608760971,0.2527468980842028,0.03451752325727409,0.053447367064509935
15.29191817964072,0.6080761882054908,0.03735237071329578,0.2276416054115737,0.03418280026443963,0.09274703540519919
15.326128287425151,0.6261684658510662,0.04166933582579077,0.2730713749109225,0.03539381120080992,0.023697012211410455
15.360338395209583,0.6121273506481665,0.04417816837839174,0.24503631124948205,0.03553364915421784,0.06312452056974176
15.394548502994013,0.6251826443483783,0.043366657017340306,0.276696329956788,0.036593938522042305,0.01816043015544966
15.428758610778445,0.6264211923547285,0.043059192013226846,0.27648633515357784,0.03697724508837818,0.01705603539008815
15.462968718562877,0.6223055413457599,0.04132416433936629,0.2832609982594896,0.03786269425679984,0.015246601798586168
15.497178826347307,0.6141813420553548,0.03922280168061195,0.2698865471519257,0.03836952968131338,0.03833977943079455
15.531388934131739,0.6103645491326956,0.04225159411406819,0.28288700260583144,0.03769935433725336,0.02679749981015052
15.565599041916169,0.5832226793295502,0.041994836416414674,0.2334138699057683,0.036873449359497004,0.10449516498876979
15.5998091497006,0.6012578846502279,0.045466712432393606,0.2788183044781358,0.037625005944937125,0.036832092494305954
15.634019257485031,0.5891472023498623,0.050269536795862976,0.2599500675898829,0.03801614022683367,0.06261705303755816
15.668229365269463,0.5942022279725028,0.05026085554530024,0.2727753976249156,0.03849715213169267,0.04426436672558814
15.702439473053895,0.6022086043779431,0.05012363381894248,0.2913416498588548,0.039586921930393086,0.016739190013867106
15.736649580838325,0.601603101742417,0.049501130012485975,0.2956583061798879,0.03995534987476292,0.013282112190445549
15.770859688622757,0.5926845777830252,0.0460446517721696,0.2870793447685748,0.04105797420884383,0.03313345146738473
15.805069796407187,0.5932453133050104,0.04767183327431801,0.299492989559769,0.04081890769770616,0.018770956163194807
15.839279904191619,0.5674600727658505,0.04794704509993681,0.2586128221365978,0.03990134520909156,0.08607871478852398
15.873490011976049,0.5713972139885776,0.04921986879320282,0.27056380549747544,0.04003147957413971,0.06878763214660404
15.90770011976048,0.571479140034358,0.05609986581638202,0.28716502613046874,0.04057987718350031,0.04467609083528961
15.941910227544913,0.561013985441307,0.057384633620840994,0.26252930546591513,0.04038113355435248,0.07869094191758363
15.976120335329343,0.5773325689403379,0.0577127832070419,0.30632022792214036,0.042067533052486464,0.016566886877994895
16.010330443113773,0.5764484690806791,0.05811654669917047,0.30032090139125034,0.04210254481525824,0.023011538013641836
16.044540550898205,0.5731345023715164,0.054928694212307214,0.3094628255339067,0.04346107534119847,0.01901290254107031
16.078750658682637,0.5705684562206343,0.054047565626398474,0.3062231220511785,0.04366059176103711,0.02550026434075204
16.11296076646707,0.5557092383723841,0.05519432606024072,0.2951704532392951,0.04315895482633366,0.050767027501746484
16.1471708742515,0.5420611844701861,0.0538938573993063,0.2634008775536708,0.042738368575624415,0.09790571200121236
16.18138098203593,0.5535463236729372,0.06129719234795434,0.3118076779911306,0.04322006363331984,0.030128742354659493
16.21559108982036,0.5319082732502086,0.06477983945278717,0.2623526103684449,0.04253038247900253,0.09842889444955745
16.249801197604793,0.5483967596652843,0.06547053393194548,0.3081381737769735,0.04400226693582541,0.03399226568997087
16.284011305389225,0.5503669239564318,0.06699301093453668,0.3091753817397589,0.044540228145918764,0.02892445522335201
16.318221413173653,0.551141489426252,0.06527709021607556,0.3232662629592558,0.045448635124810136,0.014866522273605371
16.352431520958085,0.5463767649655676,0.06208928073439935,0.31605267294227724,0.04623822757416911,0.02924305378358692
16.386641628742517,0.541693820464595,0.06342717190179537,0.3250718395719262,0.04622540470762544,0.023581763354057806
16.42085173652695,0.5187166928921983,0.06054322548743316,0.2734887730065161,0.045692450030937116,0.10155885858291579
16.45506184431138,0.53053069912509,0.06590645473541537,0.3184556752308918,0.04595166244917473,0.03915550845942838
16.48927195209581,0.5111953797861595,0.07240318555907894,0.2827157334126015,0.04498075563309842,0.08870494560906161
16.52348205988024,0.5147135928157965,0.0731252399084934,0.29332254258174484,0.04542869274482735,0.07340993194913624
16.557692167664673,0.5258319569052428,0.07605892479479147,0.3263647499601199,0.0471082594858169,0.024636108854028293
16.591902275449105,0.5249046424600516,0.07623664009012313,0.3233936380486519,0.047212606165522204,0.028252473235650014
16.626112383233536,0.5233992607321901,0.07230711454645279,0.33374557797969834,0.04863618936743072,0.021911857374229064
16.660322491017965,0.5221540625393666,0.07243456447213809,0.33844521366730806,0.048789993455625943,0.018176165865562068
16.694532598802397,0.5023231390399493,0.06970511519879373,0.30395018228580295,0.04880848467414272,0.0752130788013107
16.72874270658683,0.5029758497807856,0.07083293950652858,0.3102524778718653,0.048769449754708684,0.06716928308611436
16.76295281437126,0.49623027229394645,0.07990878043815364,0.31806158880143454,0.04779533425796963,0.058004024208495035
16.79716292215569,0.4817104445647145,0.08098592571257003,0.2765746718949464,0.04693703863165893,0.11379191919610858
16.83137302994012,0.5008021111386457,0.08492812416827192,0.3401378841962165,0.04930903122821631,0.024822849268649538
16.865583137724553,0.4967848245276796,0.08730443052028393,0.32155905862564627,0.04919818481599306,0.045153501510397015
16.899793245508985,0.5001854967791919,0.08442791746529438,0.3485054758548525,0.05069224230439378,0.016188867596267458
16.934003353293416,0.49819585317581117,0.08247690175962004,0.3440940938215926,0.05099490814419521,0.024238243098780813
16.968213461077845,0.4880718701816544,0.08104807065850418,0.3402733356136438,0.05169013984311063,0.03891658370308565
17.002423568862277,0.47624741804958914,0.07765880027041745,0.30620756363924806,0.051575779852218284,0.08831043818852845
17.03663367664671,0.48040521790719604,0.08688166484149044,0.34815513564098033,0.05091917589504286,0.03363880571529063
17.07084378443114,0.45524434530631736,0.08964645161980078,0.277604244320137,0.04891887343271964,0.12858608532102436
17.105053892215572,0.47156034802596747,0.0930756616883358,0.3344271088841038,0.050731321939210594,0.05020555946238317
17.139264,0.4707680727605198,0.09832492314874201,0.3320390279980422,0.051489418418665875,0.04737855767403036
17.173474107784433,0.4732630704116658,0.09744556552782938,0.3471186790588957,0.05220709635930798,0.029965588642301637
17.207684215568865,0.47345651414436773,0.0941676249992311,0.3549293026508695,0.05314748699182634,0.024299071213706665
17.241894323353296,0.47050066351231645,0.0936480687198489,0.3627604013215953,0.05382790980431031,0.01926295664192815
17.276104431137725,0.45403929605120813,0.08777110168777807,0.3213899357348046,0.05430397561898696,0.08249569090722068
17.310314538922157,0.4593829233378119,0.09355917956558886,0.3566268687117753,0.05402029530655906,0.036410733078264035
17.34452464670659,0.43705346945306167,0.09932868029691755,0.3048817018035441,0.051479652225272815,0.10725649622120366
17.37873475449102,0.4385691577352111,0.10067524465677327,0.31127254024935413,0.051744242229698784,0.09773881512896329
17.412944862275452,0.4479836458299037,0.10898453008729353,0.3538015157964194,0.053792080502679814,0.035438227783702404
17.44715497005988,0.4434571617744065,0.11053630893614981,0.3340705932656658,0.05353106539678641,0.058404870626989985
17.481365077844313,0.44910624793585585,0.10768978537324707,0.3692081248409935,0.05525139747228738,0.018744444377615885
17.515575185628744,0.44813373222465763,0.10684355217422559,0.36839633195250465,0.05538403596681929,0.021242347681791687
17.549785293413176,0.43607945481699245,0.10146989892339596,0.3527266563697091,0.05677289265966539,0.052951097230236374
17.58399540119761,0.43414295594470276,0.10126214249298622,0.3504470888942984,0.05674369082908042,0.05740412183893323
17.618205508982037,0.42363717813127705,0.10966600731089579,0.3473561704760889,0.05461566547234271,0.06472497860939572
17.65241561676647,0.4082503118107533,0.10898119920500145,0.2920578519710247,0.053090936289103455,0.1376197007241186
17.6866257245509,0.4249700522223555,0.11849864729002986,0.3681172800965596,0.05562618959276819,0.0327878307982873
17.720835832335332,0.41528169948120003,0.12355290838823368,0.32867134528833447,0.05514472908688552,0.07734931775534719
17.755045940119764,0.4230159994394156,0.1222545033578142,0.3710970835116503,0.056798831955417885,0.02683358173570357
17.789256047904193,0.42314432415818637,0.12075263625146332,0.3717048839493151,0.0569525885978589,0.027445567043175773
17.823466155688624,0.41850653651923436,0.11767233411548352,0.3800518460102524,0.05848929795657315,0.02527998539845704
17.857676263473056,0.40949598129544346,0.1119286575441676,0.35078506748523336,0.05899252476553602,0.0687977689096207
17.89188637125749,0.4087406264871324,0.12008948413730383,0.3800224438505013,0.057883447449667974,0.0332639980753922
17.926096479041917,0.3851886250258158,0.11941439281837182,0.29713817318228153,0.055099725530745075,0.14315908344278697
17.96030658682635,0.3980590683764867,0.12641596744254494,0.35798807314074765,0.0567829261487598,0.06075396489146105
17.99451669461078,0.3917668746834765,0.13641989500907076,0.34409707796427835,0.05704601990861226,0.07067013243456163
18.028726802395212,0.39323020515608087,0.13673654588421347,0.3528447096808506,0.057539037160063825,0.05964950211879185
18.062936910179644,0.39843017768938505,0.13579708800450954,0.3823686793666197,0.05877551741518128,0.024628537524302368
18.097147017964073,0.3974315701815982,0.1347162468081876,0.387815631458001,0.059341913455379286,0.020694638096832287
18.131357125748504,0.38795907917021266,0.126842563225165,0.3684987172500438,0.06086315872783575,0.0558364816267424
18.165567233532936,0.3888864267131168,0.13074607342792793,0.38825830997663535,0.060568133851633676,0.03154105603068432
18.19977734131737,0.3686901360499384,0.1324551592835162,0.3307668823068644,0.05778704986812553,0.11030077249155722
18.2339874491018,0.36833350557161865,0.1338298350114222,0.33134816183185783,0.05776701588878867,0.10872148169631284
18.26819755688623,0.3722379718996341,0.14846752697392684,0.37278901907798206,0.05899737722839477,0.047508104820062375
18.30240766467066,0.3629942794593155,0.15088978962382552,0.3299095483509895,0.05808023130664565,0.09812615125922361
18.336617772455092,0.37379259801370973,0.1516096932882003,0.39049879910873714,0.060389834519533434,0.023709075069819813
18.370827880239524,0.3732384617072092,0.15173708415971326,0.3837952735734068,0.06003376358511939,0.031195416974550153
18.405037988023953,0.36842365251590514,0.14555553976188818,0.3927556324594916,0.06215599231896906,0.031109182943744488
18.439248095808384,0.3654465623993582,0.14299314386303205,0.38375390109060825,0.06237817594547936,0.04542821670152486
18.473458203592816,0.35526407074886424,0.14742842560857672,0.3756474518747698,0.06078721292455881,0.060872838843230276
18.507668311377248,0.34172559019954496,0.1432524279347625,0.31414235645222066,0.059146307420205976,0.14173331799326716
18.54187841916168,0.3525444144527202,0.1585955981476854,0.3901183371833461,0.06070333802014014,0.03803831219610983
18.57608852694611,0.3376340307502052,0.16529497898991236,0.3253327784293988,0.059014468262870025,0.11272374356761264
18.61029863473054,0.3469666885159835,0.16695214524360866,0.3782016588408957,0.060960400151283935,0.04691910724822864
18.644508742514972,0.34871321428339375,0.16888477528015838,0.38587666803076875,0.06114768541738556,0.03537765698829373
18.678718850299404,0.3479825630154986,0.16606625114569135,0.40222421188287877,0.06252952241351929,0.02119745154241196
18.712928958083836,0.34243695125826634,0.15871180112633887,0.38709809531759276,0.06356027279810392,0.04819287949969837
18.747139065868264,0.34004504935472846,0.1631406426112157,0.40433037796216054,0.06320743431950289,0.02927649575239249
18.781349173652696,0.32154677342578064,0.15688530067173934,0.3249403946769288,0.06108272769822738,0.13554480352732323
18.815559281437128,0.3294019404057436,0.16676539176136682,0.37988921187614677,0.062012388777799445,0.06193106717894369
18.84976938922156,0.31816004766932565,0.18000585546549858,0.34815954337353217,0.0604226312278856,0.09325192226375825
18.88397949700599,0.31765653487215856,0.18117551615650393,0.3465098615118343,0.06057492407635269,0.0940831633831513
18.91818960479042,0.3255586274179116,0.18619546306694928,0.39699398527737717,0.06250738149026537,0.02874454274749688
18.952399712574852,0.3247115483507004,0.1863907243195288,0.3923514066667244,0.06238674394546145,0.03415957671758627
18.986609820359284,0.3215061564125365,0.17863482792056842,0.40194970095942884,0.06438674441015743,0.03352257029730978
19.020819928143716,0.3206123250276639,0.17921756000319894,0.40794158901946065,0.06449024289908818,0.02773828305059018
19.055030035928144,0.3058375295454216,0.1750426888009492,0.36149642462051584,0.06336021441271647,0.09426314262039795
19.089240143712576,0.3040705411022972,0.17522816535847352,0.3550147014496009,0.0631232997867986,0.10256329230282964
19.123450251497008,0.30216977117395544,0.19395114970399652,0.38447020652937247,0.06221059825376439,0.05719827433891023
19.15766035928144,0.29015006209171135,0.19527260176801248,0.31945925038001427,0.0602587718775202,0.13485931388274197
19.191870467065872,0.302484566698686,0.20255330984740072,0.399329873731491,0.06325588138080071,0.03237636834162227
19.2260805748503,0.3006661963879876,0.20601384231365003,0.3814423607312195,0.06255611647380308,0.04932148409334004
19.260290682634732,0.3010309391419651,0.2012897791111951,0.41115885172205,0.06460008447658623,0.02192034554820533
19.294500790419164,0.2986761881929833,0.1967888558043265,0.4032043351574701,0.06497454007929483,0.036356080765925315
19.328710898203596,0.2915300584660587,0.19608522697211186,0.40046199779231445,0.06520133921960138,0.046721377549913894
19.362921005988028,0.28112574238695986,0.18756435768888013,0.34305575274972494,0.06427093831226835,0.12398320886216894
19.397131113772456,0.28575027056568864,0.20584317960578247,0.40566291085217904,0.06406763223933307,0.038676006737015274
19.431341221556888,0.2690023435458845,0.21083465971328322,0.3194528160068397,0.0606198735749784,0.14009030715901108
19.46555132934132,0.277490672041465,0.21662628542953505,0.37631166479386774,0.06268527456823805,0.06688610316689456
19.499761437125752,0.2785334525470637,0.22522005242980195,0.3858361423605853,0.06322541394753096,0.04718493871501842
19.53397154491018,0.27905455859329353,0.22413032921785617,0.3990798788781973,0.06398291723337163,0.033752316077280395
19.568181652694612,0.2773127470007471,0.21738737961366195,0.4067040433637688,0.06522152144445077,0.033374308577372405
19.602391760479044,0.2754206582054792,0.21773865362433784,0.4169754251851826,0.0658043471057664,0.02406091587923517
19.636601868263476,0.26294964666269804,0.20618834141151557,0.3583730315957931,0.06551225722084554,0.10697672310914814
19.670811976047908,0.26631520490497246,0.21615073064857793,0.3978454106301157,0.06549809057523819,0.05419056324109532
19.705022083832336,0.2534075098759236,0.22806060033650388,0.3496976236336419,0.06173603439108418,0.10709823176284752
19.739232191616768,0.2515171808120803,0.22906492781892454,0.3378759344370463,0.06144286201544542,0.12009909491650246
19.7734422994012,0.25851068703446495,0.24337991730460143,0.3996975482732501,0.06387632260032393,0.03453552478736011
19.807652407185632,0.25563621396928404,0.2457304737644663,0.3751668315317839,0.06315601686531033,0.06031046386915656
19.841862514970064,0.25725900178708305,0.24088406047735372,0.41335556977724064,0.06526759595424222,0.023233772004079736
19.876072622754492,0.25627547142134927,0.23911410567013414,0.4120599753080938,0.06538541969737934,0.02716502790304324
19.910282730538924,0.24757731677738679,0.23049283241451035,0.3908009621387847,0.066437385052596,0.06469150361672274
19.944492838323356,0.24510941576098325,0.22798262394451593,0.3777487458706843,0.06626919706293596,0.0828900173608813
19.978702946107788,0.24005610279595507,0.2454118562166594,0.39072455545376567,0.06346005085941399,0.06034743467420605
20.012913053892216,0.22840968736825673,0.24268448593412367,0.31221210820892925,0.0606877083963883,0.1560060100923008
20.047123161676648,0.2385910189646783,0.2586570953397538,0.39937300336346343,0.06370893014509285,0.039669952187011706
20.08133326946108,0.23378254382607824,0.2664830972385372,0.36320024610957924,0.06276674443332095,0.07376736839248585
20.115543377245512,0.23676388477878893,0.2649528115738041,0.4039763432760917,0.06454229444348558,0.029764665927830933
20.149753485029944,0.23603294010133413,0.2612460152636034,0.40569986512349143,0.06479645103996219,0.03222472847160901
20.183963592814372,0.2324706039023552,0.2573753455172281,0.41397186441483635,0.06626365204787693,0.02991853411770312
20.218173700598804,0.2253442906713136,0.24528084766743352,0.3713113483671816,0.06650746524195304,0.09155604805211846
20.252383808383236,0.22592839915253804,0.2612725253903244,0.41266301882181033,0.06514521426955058,0.03499084236577469
20.286593916167668,0.2111068837149403,0.2601244016585527,0.3182511872407789,0.06081362093680062,0.14970390644892714
20.3208040239521,0.2171759285478801,0.2702793071415466,0.371854425918415,0.06250231200971765,0.07818802638243948
20.355014131736528,0.21542087367450827,0.28674739239276825,0.3735744317486654,0.06277664962715498,0.061480652556904415
20.38922423952096,0.2151181407650832,0.28741187912888294,0.37385081738531245,0.06297758553792104,0.060641577182798785
20.423434347305392,0.21675921794140257,0.2851218393698448,0.40714778923081624,0.06441392727172468,0.026557226186212396
20.457644455089824,0.21586453189289526,0.28371673964211347,0.41252836530339304,0.0649389910328309,0.02295137212876837
20.491854562874252,0.20874162316985145,0.2698145431631306,0.3861407740911356,0.06633858686865199,0.06896447270723002
20.526064670658684,0.20933296918365643,0.276212961089992,0.40598489717696695,0.06594562793103896,0.04252354461834516
20.560274778443116,0.19815079924108225,0.2814572953487437,0.35280992649012466,0.06172545604892865,0.10585652287112163
20.594484886227548,0.1957954626909597,0.2808714945080806,0.33370258537227865,0.061105391444510666,0.12852506598416777
20.62869499401198,0.19936805591993623,0.30501455479060924,0.3923534776675638,0.06275198530788544,0.040511926314005756
20.662905101796408,0.19389270357772304,0.30835023262970646,0.34353577050334116,0.061404524271218106,0.09281676901800977
20.69711520958084,0.19832542856538904,0.3095426717469533,0.40342850768979593,0.06371821894243877,0.024985173055422277
20.731325317365272,0.197693303623436,0.30872352110415063,0.3988108966787205,0.06336369525689714,0.03140858333679579
20.765535425149704,0.19389752393502935,0.29946169184057086,0.4053048949772866,0.06543628267137912,0.03589960657573427
20.799745532934136,0.19148029678132045,0.29349933751377094,0.39015429063816953,0.06564990696533729,0.05921616810140109
20.833955640718564,0.18637700627211376,0.3042415648164686,0.3918211302616143,0.06296047504502167,0.05459982360478083
20.868165748502996,0.17721823086826333,0.29511097938730163,0.3131331455840533,0.06031634683067637,0.1542212973297063
20.902375856287428,0.1833302918115641,0.3189858620063539,0.3931587617601247,0.062200595813965406,0.04232448860799105
20.93658596407186,0.17578171170058746,0.32929294017035954,0.33587477501563456,0.06033267673237445,0.09871789638104368
20.970796071856288,0.17924482002444983,0.3318706171356979,0.37825765691582824,0.061930009160338875,0.04869689676368454
21.00500617964072,0.179873076101878,0.33350883527578173,0.39181017661751544,0.062197807993368326,0.032610104011455386
21.039216287425152,0.17883008284979687,0.32988604404943944,0.4060976556765251,0.06347649743288074,0.021709719991355535
21.073426395209584,0.17462188850763682,0.3166082628031408,0.38637280995520823,0.06461994279369268,0.05777709594032203
21.107636502994016,0.17370462081728233,0.3259992461383949,0.40795429494258734,0.06358573639125811,0.028756101710477388
21.141846610778444,0.16282743217843781,0.3161570896082688,0.3240784150732833,0.06022878355642865,0.1367082795835817
21.176056718562876,0.16611275774037648,0.3289953560471757,0.3671710672955007,0.06108067516912922,0.07664014374781766
21.210266826347308,0.16158255381288145,0.3504488736056109,0.35374514819868486,0.059707688540519784,0.07451573584230485
21.24447693413174,0.16000545231964314,0.35140807134155994,0.33848414346445016,0.059382314843632315,0.09072001803071401
21.27868704191617,0.16347099602340268,0.3581872036281093,0.39148199171091524,0.061232968477640946,0.02562684015993133
21.3128971497006,0.16290041278518844,0.3581511280412521,0.3875229018744909,0.061043099229528185,0.030382458069539823
21.347107257485032,0.15982953876487832,0.3459724215488347,0.3941095208681077,0.06307233308799762,0.037016185730181145
21.381317365269464,0.15928579512985502,0.34689035271255686,0.3987614030730243,0.06297596373652509,0.03208648534803846
21.415527473053896,0.15148367561047038,0.3432218694683036,0.3570757842176029,0.06050728112533984,0.08771138957828369
21.449737580838327,0.14925176240692,0.33964779825342273,0.33449152640662067,0.0598688966156561,0.11674001631738061
21.483947688622756,0.14938248002062127,0.369414504484724,0.3775655438136067,0.05935278081973597,0.04428469086131282
21.518157796407188,0.1427367612503975,0.37045635713864267,0.3093217448200599,0.05713572608330813,0.12034941070759131
21.55236790419162,0.14773427266923153,0.3804909268772399,0.3797797303261733,0.059610252804511314,0.03238481732284163
21.58657801197605,0.14686162735994046,0.3843305127297265,0.3694348070171367,0.058977455641310544,0.04039559725188505
21.62078811976048,0.14609118019999373,0.3780222349440867,0.39401766323712256,0.06081023000091803,0.021058691617878236
21.65499822754491,0.1442797951298443,0.36986874844411927,0.38474014757632696,0.06138880662906244,0.039722502220647556
21.689208335329344,0.14080249077430068,0.37230265199639223,0.38560488714881136,0.06041892703809367,0.040871043042399996
21.723418443113776,0.13457957934597806,0.3567508740154101,0.3204004086633135,0.058903721770129765,0.1293654162051671
21.757628550898207,0.13701477876053886,0.38371490195319413,0.3812515164051758,0.05892344574101639,0.03909535714007461
21.791838658682636,0.128839207325433,0.39156966151226436,0.3083936445689082,0.055576470671820984,0.11562101592157387
21.826048766467068,0.1315675507308835,0.3983511391469721,0.34615977522822367,0.056888189685697005,0.06703334520822313
21.8602588742515,0.1322290053817411,0.40951150350057,0.364976170600341,0.05740705451549917,0.0358762660018484
21.89446898203593,0.13205602116056603,0.40830210795780325,0.37375759127018054,0.05792672898258017,0.027957550628870332
21.928679089820363,0.13025652159424883,0.3974601163506861,0.37980221512302303,0.059388659084218934,0.033092487847821726
21.96288919760479,0.12934587658444405,0.39979822536377174,0.3895295916018372,0.05929326927140398,0.022033037178542835
21.997099305389224,0.12249824293174043,0.38293132087067017,0.33260456303573394,0.05811835109049977,0.10384752207135627
22.031309413173656,0.1236616390435748,0.39476565166542366,0.3599909389390688,0.058075327467378535,0.06350644288455541
22.065519520958087,0.11814171368059517,0.4144885347749665,0.3320061975156732,0.054639461080416826,0.08072409294834695
22.099729628742516,0.11601818610895606,0.41353173066532417,0.3055085337977679,0.053868317932626496,0.1110732314953246
22.133939736526948,0.11923652034272583,0.43259904339014843,0.36531561349385794,0.05582412058309868,0.027024702190168132
22.16814984431138,0.11801584046895464,0.43536854943387643,0.3453546420176419,0.05513898707394174,0.04612198100558613
22.20235995209581,0.11760916942134123,0.4285295291726809,0.3763347273051682,0.05705889506579748,0.020467679035010487
22.236570059880243,0.11690879435557766,0.4255778394482957,0.37503233185221496,0.05723670973633113,0.025244324607581824
22.27078016766467,0.11241271100332713,0.41568807131829555,0.3564141512243703,0.05707754049597412,0.05840752595803086
22.304990275449104,0.11055086780610317,0.40832728107514626,0.3345615132150166,0.05676667474166233,0.08979366316206912
22.339200383233536,0.10889194723099997,0.43589852729160106,0.3576327705827674,0.05421163788946112,0.04336511700516906
22.373410491017967,0.10298285941529178,0.430702489927978,0.28198304094763293,0.05146055247894602,0.13287105723015089
22.4076205988024,0.10683386254056725,0.4506238695037414,0.35074318090914963,0.05354021388785688,0.03825887315868267
22.441830706586828,0.10499936626055661,0.4605574966234923,0.32914597035536064,0.0528513842104401,0.052445782550149374
22.47604081437126,0.10550610200399121,0.458823721921957,0.35804715174380025,0.05412580820877611,0.023497216121471345
22.51025092215569,0.10454549988975478,0.4522704087280961,0.36093091428396423,0.05481284272050165,0.027440334377683392
22.544461029940123,0.10281552860093837,0.4493491420440091,0.3674433355359147,0.055221494696246896,0.02517049912289135
22.57867113772455,0.09898852915550188,0.4301143045855195,0.3253002781479691,0.0551432629777767,0.09045362513323259
22.612881245508984,0.09936433731872671,0.4531201049295133,0.3620682951833349,0.05380249525002748,0.03164476731839912
22.647091353293415,0.0926416348874507,0.45299073048120336,0.28675208910118966,0.049776184347529416,0.11783936118262694
22.681301461077847,0.09425981371260628,0.46304433509995196,0.31647713030914143,0.05059052204321714,0.07562819883508229
22.71551156886228,0.09380165803939611,0.4845563270691576,0.3301049331922308,0.050883191160487964,0.04065389053872694
22.749721676646708,0.09331586929742794,0.4853119012766496,0.3249624317821995,0.05084622773012758,0.045563569913595864
22.78393178443114,0.09324392120082996,0.48122505238655217,0.35272045553134984,0.05233566890224001,0.02047490197902814
22.81814189221557,0.09273719311325238,0.4799174974497328,0.3567637723041316,0.052557377803490096,0.018024159329392542
22.852352000000003,0.08901708959674079,0.4611894598903282,0.33321020538531176,0.05319146299527421,0.06339178213234363
22.886562107784435,0.08906946914248823,0.46804450652432666,0.34474432689529433,0.052757705941834265,0.04538399149605518
22.920772215568864,0.0843674413304436,0.4792049833576905,0.3113454684948377,0.048682691187378516,0.07639941562965064
22.954982323353295,0.08247469817060335,0.4744681894869326,0.28078383892467057,0.04778969989568277,0.11448357352211194
22.989192431137727,0.08413947342157885,0.5049984339857264,0.33344424550805574,0.048896984218931384,0.028520862865708194
23.02340253892216,0.08196264306931589,0.5090010716961476,0.2956842649592561,0.04787622701788989,0.06547579325738964
23.05761264670659,0.08290410302128814,0.509989391296148,0.3387893252256127,0.0495563044725246,0.018760875984426415
23.09182275449102,0.08240554449078794,0.5077248940551958,0.3374861539473305,0.04966054725288846,0.022722860253797918
23.12603286227545,0.0803240399679009,0.49712306902323006,0.34134453712350954,0.050654110807993494,0.03055424307736494
23.160242970059883,0.0789052733447011,0.4864524311462777,0.3249527801375576,0.05087547663138198,0.058814038740083084
23.194453077844315,0.07708778688394638,0.5048697751858809,0.3328718264017987,0.04795999672597981,0.03721061480239461
23.228663185628744,0.0728676907935199,0.4913353050764431,0.2639596898512893,0.04559066934183327,0.12624664493691393
23.262873293413175,0.07497349240129808,0.5188458729954145,0.3206074252741037,0.04660222167709702,0.03897098765208697
23.297083401197607,0.07226202407733613,0.5323341925693881,0.2855400266973115,0.04538535106720462,0.06447840558875903
23.33129350898204,0.07292725513032838,0.5348184565053099,0.30931458811445783,0.04622702228754732,0.03671267796235666
23.36550361676647,0.07266222565014,0.5350892751344652,0.32361024964297574,0.046914214461925036,0.021724035110492142
23.3997137245509,0.07204929300263928,0.5315492889798209,0.3331104998574098,0.047499568216587684,0.015791349943541498
23.43392383233533,0.06989011598857198,0.5128923117115964,0.31669265914071504,0.048393494863766755,0.05213141829534808
23.468133940119763,0.06961815870787881,0.5267838802449596,0.3334386706933605,0.047010804599645996,0.02314848575415357
23.502344047904195,0.06512662157437474,0.516430039631491,0.27116942311832865,0.0438715810881531,0.10340233458765069
23.536554155688627,0.06579724808532211,0.527516456607802,0.29108765751982696,0.044113478299612326,0.07148515948743567
23.570764263473055,0.0642207604342093,0.555128007093469,0.2923594398863878,0.0432214328569861,0.045070359728948066
23.604974371257487,0.06323576869389547,0.5553438837698678,0.27333215021116997,0.04280170888848239,0.0652864884365841
23.63918447904192,0.06398123561387106,0.5619484715265886,0.3130141802598342,0.04422299641027235,0.016833116189434495
23.67339458682635,0.06367048452219497,0.5614530322136069,0.311294157339099,0.04420282707766168,0.019379498847437258
23.70760469461078,0.06200959846850039,0.546404172513661,0.31552459954261847,0.045476700305771306,0.030584929169447023
23.74181480239521,0.06169884309586787,0.5466948661035684,0.31706616815629285,0.045296399954495505,0.029243722689774744
23.776024910179643,0.05858052263710106,0.5469428638930673,0.2907301004174139,0.04243827411319908,0.061308238939218
23.810235017964075,0.05721556004566727,0.5377959105440104,0.26280538821754035,0.04179130421167694,0.10039183698110368
23.844445125748507,0.05736163188274124,0.5738713590003615,0.29898804523297595,0.0412973704468637,0.02848159343705707
23.878655233532935,0.05482107925289703,0.5751352245475229,0.24924527767186982,0.03981685663823305,0.08098156188947703
23.912865341317367,0.05603831872362629,0.5850718340338319,0.29341271277939585,0.041181980280227265,0.024295154182917948
23.9470754491018,0.05563530647100052,0.5881889127786889,0.2910727357798937,0.04117497995279262,0.023928065017621746
23.98128555688623,0.05495495197440942,0.5813169964767477,0.306737996266394,0.0421291515169299,0.014860903765520458
24.015495664670663,0.05398170513191282,0.5696106914209832,0.299978267490899,0.04280108877138963,0.033628247184815926
24.04970577245509,0.05274750677849324,0.5769818855478714,0.30228433980240377,0.04101459778266112,0.02697167008857151
24.083915880239523,0.05013049577755022,0.5565794322308458,0.2512915425592936,0.03971305890077815,0.10228547053153247
24.118125988023955,0.05087448525459393,0.5858903249646709,0.2897438765394507,0.0394586991224754,0.03403261411880951
24.152336095808387,0.04809556403359168,0.5971399892954382,0.24569302153752925,0.03730407480328328,0.07176735033015641
24.186546203592815,0.048505318498630344,0.602401036319113,0.2613752235179341,0.03777537516366192,0.049943046500660934
24.220756311377247,0.04845954477898399,0.6134664153170966,0.2795977968072597,0.03840401408467357,0.020072229011987425
24.25496641916168,0.048256468848090234,0.6122353484394547,0.28437444668117867,0.03863381506998127,0.01649992096129554
24.28917652694611,0.0471913897566845,0.5983781879230723,0.2894643839435325,0.03982852484185148,0.02513751353485953
24.323386634730543,0.046904949879404155,0.6028862769120082,0.29537183319671584,0.03919509568146294,0.01564184433040869
24.35759674251497,0.04432406165325695,0.5852491247341971,0.2567680060861916,0.037729394080162265,0.07592941344619164
24.391806850299403,0.04443919142366476,0.5941726030144877,0.2668319982854398,0.037540111143361865,0.057016096133047284
24.426016958083835,0.042570668879034136,0.6199796216448513,0.25599241487710406,0.035226048013446525,0.04623124658556374
24.460227065868267,0.04150971421036342,0.6167605251627574,0.2294948232317068,0.03457729123149422,0.07765764616367654
24.4944371736527,0.04221617916278542,0.6357440219421245,0.26946272030054236,0.03565885374898151,0.016918224845565967
24.528647281437127,0.041772433412558624,0.6383257329411816,0.2587180487913857,0.035432566828919036,0.025751218025956348
24.56285738922156,0.041267312820303825,0.6303526730523098,0.2783915013367391,0.036583088953298974,0.01340542383734882
24.59706749700599,0.040937547376456045,0.6262812540519602,0.2778010137098617,0.03681732816904967,0.018162856692672626
24.631277604790423,0.03925433059367214,0.6189986926619825,0.2662462529208524,0.03568833727428349,0.039812386549208365
24.665487712574855,0.03836716010446892,0.6062925805281858,0.24558074603789762,0.035479243131829985,0.0742802701976179
24.699697820359283,0.03779589023377129,0.6391582082118811,0.2635927158519716,0.03361078585661957,0.025842399845755298
24.733907928143715,0.03566804906240657,0.6336523979601102,0.21230679327430657,0.03189600940651532,0.08647675029666116
24.768118035928147,0.03653863239259217,0.651785030803775,0.24983036939240794,0.03272769223831495,0.029118275172909998
24.80232814371258,0.03597272215680926,0.661924729406884,0.2419996766552956,0.03261276070511967,0.02749011107589232
24.836538251497007,0.0358769167433664,0.6599938236566618,0.2576333869569412,0.03319663150879402,0.013299241134233792
24.87074835928144,0.035313043393293254,0.6511796020692154,0.26150422182053346,0.034041734085272654,0.01796139863168623
24.90495846706587,0.03468825255423765,0.6509602245282589,0.2649038155177141,0.03347001742471571,0.015977689975072373
24.939168574850303,0.03318808763930676,0.6281573063568643,0.23645961303969565,0.03325639735943745,0.06893859560469594
24.973378682634735,0.03327443639990556,0.6523231803878622,0.2566265700210823,0.03219738849808116,0.025578424693069084
25.007588790419163,0.031131790459432852,0.6556762756594183,0.2129503196681865,0.02962902390577814,0.07061259030718393
25.041798898203595,0.031282850399379024,0.6619293042283495,0.2214667078948186,0.029781620179400264,0.05553951729805288
25.076009005988027,0.03105327159017008,0.6836977741036949,0.23487763752181548,0.030025210263854147,0.020346106520464792
25.11021911377246,0.030828104247546003,0.684372380623438,0.22991483939680463,0.029988977584284426,0.024895698147926464
25.14442922155689,0.030432759608790553,0.6786395387979651,0.24810284683116443,0.03107917695368792,0.011745677808391645
25.17863932934132,0.030244621838633787,0.6778395049194127,0.250323248905164,0.031028762915734663,0.01056386142105382
25.21284943712575,0.02891824389221721,0.6591014554494774,0.2363275089807346,0.030860495245452403,0.04479229643211615
25.247059544910183,0.0288234999119793,0.663119556229967,0.23895164234264465,0.030564671957411645,0.03854062955799907
25.281269652694615,0.02737081254555103,0.6799979772069668,0.2226606430270675,0.027782582655460727,0.04218798456495422
25.315479760479043,0.02658100011518605,0.6717849685754007,0.19643821767084224,0.027193106563559614,0.07800270707501283
25.349689868263475,0.02684412242069572,0.7008457986447408,0.22757197542882807,0.0275554669716219,0.017182636534110993
25.383899976047907,0.02617846960245579,0.7052042525764143,0.2070413499581667,0.027176865803542102,0.034399062059420685
25.41811008383234,0.026173217516219573,0.705151487868338,0.2305465132142617,0.028011255897484412,0.010117525503696016
25.45232019161677,0.025918088741314023,0.7015685685874635,0.2318361818129006,0.028418310888769588,0.01225884996955137
25.4865302994012,0.025178669038089727,0.6927960413347634,0.2337132775029202,0.0283071666283343,0.020004845495892293
25.52074040718563,0.024626981930364538,0.6785465124173389,0.22240833505494614,0.028521053601233245,0.04589711699611883
25.554950514970063,0.024036435250542575,0.7012451900085074,0.2274820712977077,0.026371890638463555,0.02086441280478069
25.589160622754495,0.02263984541907641,0.6876415828038314,0.18476212118530755,0.024985990112713352,0.07997046047907119
25.623370730538927,0.02302807279451092,0.7108366703254384,0.21153079555463206,0.025170456627432232,0.029434004697985426
25.657580838323355,0.022264117352475868,0.7252542245758452,0.19607207673929744,0.024681236237487598,0.03172834509489413
25.691790946107787,0.022282343207767345,0.726766903885346,0.20555978722556306,0.024973261799180906,0.02041770388214259
25.72600105389222,0.02202262172337396,0.7251353326058491,0.21646915334332584,0.025737672046870278,0.010635220280579052
25.76021116167665,0.021780026927337586,0.7227245811390128,0.22112733523833514,0.025701067046853456,0.00866698964846149
25.79442126946108,0.020970858387867948,0.7026146288899622,0.21270933870992792,0.02612494252022612,0.037580231492015836
25.82863137724551,0.020883848637034436,0.7171794607013449,0.21998658687270772,0.025065500007334873,0.016884603781577436
25.862841485029943,0.019538456617630203,0.710901161807389,0.1860862565118413,0.023018684073677277,0.06045544098946198
25.897051592814375,0.01954010477059577,0.7163417827434798,0.18945136998824225,0.022967358572246546,0.05169938392543402
25.931261700598807,0.019090152209140898,0.7438903108521544,0.19339010367783668,0.02244973150412674,0.021179701756741443
25.965471808383235,0.01877172445234513,0.7437584073396827,0.17992344398189755,0.02224169055170063,0.03530473367437315
25.999681916167667,0.018702683469310446,0.7480334307953387,0.20209654169560934,0.02305393368499748,0.008113410354744558
26.0338920239521,0.018569706985978682,0.7470761618813994,0.20220385500805413,0.023173878812842646,0.008976397311727245
26.06810213173653,0.01796121785076631,0.7327919713806976,0.2053648269089778,0.023525887447866073,0.02035609641169262
26.102312239520963,0.01782948343653787,0.7313508268075389,0.2049419746229389,0.023442176650105166,0.02243553848287898
26.13652234730539,0.016969187144491693,0.7371260255804793,0.19141518861225015,0.02132658305769909,0.033163015605079234
26.170732455089823,0.016494192457940586,0.7245205050184157,0.1710614819616785,0.021005747766442977,0.06691807279552146
26.204942562874255,0.016399746520133162,0.7574595966367891,0.18931128720997092,0.020517670453362773,0.01631169917974391
26.239152670658687,0.015702890754221467,0.7598678418632082,0.16293171399822862,0.019892106007703077,0.04160544737663827
26.273362778443115,0.01580967412779822,0.7668302530150829,0.1832265229391137,0.020398238581753984,0.013735311336251435
26.307572886227547,0.015605311887214443,0.768261660219998,0.1850244002375835,0.020753524570039872,0.010355103085163605
26.34178299401198,0.015351872319199485,0.762498586649944,0.19289750437293576,0.02091231131022536,0.008339725347695537
26.37599310179641,0.015018251524322661,0.7493968776262008,0.1905783939116718,0.021395160300441148,0.023611316637362177
26.410203209580843,0.014664126041610904,0.7603037975789488,0.19058111608068892,0.019911679837851946,0.014539280460900538
26.44441331736527,0.013884974221181982,0.7410840243443568,0.16242832334664187,0.019173417987817392,0.06342926010000274
26.478623425149703,0.01395610345014079,0.7643466443316637,0.1776785800111424,0.018832500178494496,0.025186172028558274
26.512833532934135,0.013206647576110172,0.7774705108637658,0.15710101630287057,0.017820822238997103,0.03440100301825716
26.547043640718567,0.013192084506745586,0.7800422471258303,0.16034075832426226,0.017911949062267736,0.028512960980896652
26.581253748503,0.013067288260218328,0.7880780253931825,0.17207880929588198,0.018428434377563793,0.008347442673153493
26.615463856287427,0.012981795034097212,0.7870244813335595,0.1743795905290994,0.018484199658727822,0.007129933444514328
26.64967396407186,0.012586240905805105,0.7732238729756862,0.1789632569265142,0.019075468035769618,0.01615116115622472
26.68388407185629,0.012503779944274403,0.7783874438849013,0.18063901785346725,0.018520423738789572,0.009949334578566033
26.718094179640723,0.011767873536295407,0.7656328015327962,0.16136933309649282,0.017400739250621987,0.043829252583794776
26.752304287425154,0.011715130012779126,0.7686842768053537,0.16160279204957903,0.017272214885956476,0.04072558624633047
26.786514395209583,0.011243932403726922,0.7945435595413741,0.15706083081719358,0.01606400323428431,0.021087674003422117
26.820724502994015,0.010944963395276569,0.7908456406661764,0.14033176167734687,0.015766006493565646,0.04211162776763494
26.854934610778447,0.010954573066468994,0.8048333567635729,0.15942464534540476,0.016206666615772948,0.008580758208780829
26.88914471856288,0.01082518062592795,0.806594892055015,0.15578313091827234,0.016307630628374883,0.010489165772409412
26.923354826347307,0.010586940575581946,0.7992257211216035,0.1661098320296441,0.01668932717066377,0.00738817910250717
26.95756493413174,0.010468917222297775,0.7945716603741817,0.1665098198042711,0.016884658585853328,0.011564944013399922
26.99177504191617,0.010047211423660657,0.7923941499171924,0.16031039743577022,0.015770377975771733,0.02147786324760635
27.025985149700603,0.009781766640309008,0.7776610932871857,0.14810906340569227,0.01572033651616446,0.04872774015064892
27.060195257485034,0.009590106624722332,0.8069468942265003,0.15473292172903946,0.014686770853615487,0.014043306566122538
27.094405365269463,0.009070205498961733,0.803948894911647,0.12892791837107578,0.013929329130216756,0.044123652088097286
27.128615473053895,0.009133065072404918,0.8159382376537087,0.143254881354961,0.014131066972697157,0.017542748946228242
27.162825580838327,0.008932619802199466,0.8237973470265857,0.14219371308405854,0.0143108725354921,0.010765447551663747
27.19703568862276,0.008863662280775082,0.8220352107012958,0.1489989511655846,0.014448372969483437,0.00565380288286003
27.23124579640719,0.008669882023883038,0.8129339835035042,0.15312727670744128,0.014988133046627885,0.010280724718542966
27.26545590419162,0.008516637803921857,0.8154193484025519,0.1534121292485793,0.014312887346513913,0.008338997198434481
27.29966601197605,0.008119121958199903,0.7953806377087361,0.14023900885482005,0.014108282721263653,0.04215294875698107
27.333876119760482,0.008081756033128645,0.8137543285924933,0.1462330456366832,0.013541652580525879,0.018389217157170134
27.368086227544914,0.007540764880351001,0.8206546540662092,0.1259076027927634,0.012323699523842628,0.03357327873683138
27.402296335329343,0.007502392142301883,0.8224518330263471,0.12543629866760445,0.01230883094385494,0.03230064521989286
27.436506443113775,0.007382217932394135,0.839115857365687,0.1328907984919036,0.012471609986162768,0.008139516223850169
27.470716550898207,0.00731903960967953,0.8396310781155478,0.1303910916845077,0.012499274826453188,0.010159515763812759
27.50492665868264,0.007153797622982585,0.8336562045955305,0.14039912668784282,0.012992653335449071,0.005798217758197052
27.53913676646707,0.0071010710471514265,0.8333485119190094,0.14122808744245702,0.012895541874523658,0.005426787716859075
27.5733468742515,0.0067396682989194455,0.8196571155575122,0.1352780791425917,0.012479704864051176,0.02584543213692462
27.60755698203593,0.006684737389769859,0.8194557547984975,0.13434721820459497,0.012383814904679175,0.027128474702457602
27.641767089820362,0.006345970197932003,0.8376194656374977,0.12599435225950872,0.01102042463868461,0.019019787266377302
27.675977197604794,0.006144071441978501,0.8294148307635707,0.11122275379274431,0.010776970882202742,0.04244137311950319
27.710187305389226,0.006123102723459439,0.8501702786149941,0.12357752379704189,0.01082940784702193,0.009299687017481465
27.744397413173655,0.005982344054410745,0.8540342286075808,0.11546554188362095,0.010817585384866811,0.013700300069519271
27.778607520958086,0.005906678980829719,0.853082983849799,0.1257440118894267,0.011075486117177527,0.004190839162767419
27.81281762874252,0.005815575291501345,0.8490799290820786,0.12796971267981988,0.011386934206749367,0.005747848739850655
27.84702773652695,0.005636568653093075,0.844264035749204,0.1282904626719531,0.010963226261064593,0.010845706664684202
27.88123784431138,0.005484506475293877,0.8301236290847857,0.12363226402437381,0.011089011599383431,0.02967058881616196
27.91544795209581,0.005349659304748486,0.8504834012503348,0.12334572622601586,0.010046766127872758,0.01077444709102922
27.949658059880242,0.005049529136817987,0.8413260366511899,0.1035018864573335,0.009438665273288946,0.04068388248136755
27.983868167664674,0.005054692280365836,0.8555524867505961,0.11171170837340277,0.009409524260122346,0.01827158833551225
28.018078275449106,0.00486023330497892,0.8674559271208004,0.10627553843777066,0.009316797003898987,0.012091504132550513
28.052288383233535,0.004834472186701352,0.8680360902622284,0.10914558449266812,0.009383381361376755,0.008600471697023505
28.086498491017966,0.004725690574451706,0.8652029272793341,0.11591721841811131,0.009807176203601973,0.0043469875245020495
28.1207085988024,0.004672454468138883,0.8643332443217528,0.11737097746749343,0.009617059370507778,0.004006264372107476
28.15491870658683,0.004479432956787667,0.8479061728672257,0.1152011213763712,0.009686220039279547,0.022727052760335577
28.189128814371262,0.0044422247223462035,0.8587173827841585,0.11607992070766572,0.009214794671582356,0.011545677114247026
28.22333892215569,0.004137454773581583,0.8580268979188851,0.10086785316068017,0.008250003920742778,0.028717790226108958
28.257549029940122,0.004102291440912368,0.8582068164585239,0.09912044197700098,0.008210945978013279,0.030359504145548947
28.291759137724554,0.003965459371374535,0.8790953021687921,0.10054790056678459,0.008007573327139784,0.008383764565910154
28.325969245508986,0.0038934903907574515,0.8791576866391563,0.09409317317140603,0.00796665457502055,0.014888995223660353
28.360179353293418,0.003833795008515562,0.8807833560674948,0.10402657856354589,0.0082699946482571,0.0030862757121877006
28.394389461077846,0.00379960337806062,0.8796564194551144,0.10480964273330746,0.00836925799370496,0.003365076439811911
28.42859956886228,0.003644305024463602,0.8694645159274784,0.10685477989911492,0.00829227396910418,0.011744125179841572
28.46280967664671,0.003603395366428927,0.8663890151059053,0.10645859823983819,0.00829949880704976,0.015249492480776656
28.497019784431142,0.003415029949956058,0.8751513079099971,0.09917750863719059,0.007286263581802335,0.014969889921052838
28.53122989221557,0.003302834875314979,0.8637257166107425,0.08924255214241857,0.007171570550489303,0.03655732582103443
28.565440000000002,0.0032527755524648307,0.8863394651430737,0.0945279042968614,0.006931265063593976,0.00894858994400508
28.599650107784434,0.003125082655738725,0.8894793797296998,0.08373922984276332,0.006759085818587766,0.016897221953209012
28.633860215568866,0.0031043736167649504,0.8929841787662707,0.09096699192874928,0.006883853796520095,0.006060601891695788
28.668070323353298,0.003041692523230995,0.8928428105859905,0.09343255983918225,0.0071437188248842185,0.0035392182267160424
28.702280431137726,0.0029764704861837583,0.8893082863308474,0.09647615215802732,0.007036221787257468,0.004202869237685282
28.73649053892216,0.0028878503246646476,0.8779604644540048,0.09707273106687034,0.00723736826147121,0.014841585892989255
28.77070064670659,0.002824723370601707,0.8884720369457566,0.09492209104592532,0.00654852524094137,0.0072326233967770805
28.804910754491022,0.002674464488518013,0.8755018287464794,0.08325245019207478,0.006207887626140463,0.03236336894678604
28.839120862275454,0.002656958533361844,0.8888551155629203,0.08657149839991554,0.006055330338180906,0.015861097165620754
28.873330970059882,0.002506638962326183,0.900375385222586,0.07814666296200523,0.0057133370365087255,0.013257975816574712
28.907541077844314,0.0024875551116336717,0.9010476329678907,0.07782248444840487,0.0057211424030355375,0.012921185069035715
28.941751185628746,0.0024232935827973438,0.905175098796037,0.08368992788595025,0.005963422412069538,0.002748257323145072
28.975961293413178,0.002403144701501125,0.9044723223696617,0.08468629670639202,0.0059618591892737546,0.00247637703316893
29.010171401197606,0.0023141361748175997,0.8939380554879535,0.08810157372150162,0.006111216781595691,0.009535017834131274
29.04438150898204,0.0022957635649157745,0.8978004223320185,0.08772481127960642,0.005882340649711904,0.006296662173746374
29.07859161676647,0.002153228481488083,0.8919406766133883,0.07955093226518195,0.005325807663083089,0.021029354976859
29.112801724550902,0.002129992238662518,0.8904443346284213,0.07798223496974158,0.005297764101848239,0.024145674061327317
29.147011832335334,0.0020162959451949704,0.9099546329913596,0.07481493426256627,0.004864585741029532,0.008349551059849922
29.181221940119762,0.0019562480640164795,0.907520875019025,0.06721163073396921,0.0047728204497737405,0.018538425733213935
29.215432047904194,0.0019300058123689827,0.9151988546273233,0.0742719049402106,0.004900469350847947,0.003698765269249595
29.249642155688626,0.0019016939593518262,0.915923293996271,0.07384058174288775,0.005013263347726907,0.00332116695376082
29.283852263473058,0.0018462209927909514,0.9107743974694522,0.07836854736079223,0.0050479803043268455,0.003962853872636417
29.31806237125749,0.001819196569644462,0.9064881524769093,0.07929576502179225,0.0051456896714728705,0.0072511962601821585
29.35227247904192,0.0017332160160911266,0.9082377160097751,0.07552700942331061,0.004596947116784129,0.009905111434037692
29.38648258682635,0.0016752697295424432,0.896112641898052,0.07074644797601608,0.004580943888391153,0.02688469650799911
29.420692694610782,0.0016294462792592853,0.9156227060113175,0.07094476557509619,0.004222281902239633,0.00758080023208791
29.454902802395214,0.001540420745815845,0.9154824194095339,0.060531625598981606,0.003972363800427862,0.018473170445239218
29.489112910179642,0.0015322745867480737,0.9212915650934936,0.06450764749869467,0.004005110994955821,0.008663401826109701
29.523323017964074,0.0014896733546803343,0.9257885446219231,0.0652588160817288,0.0041421259190831524,0.0033208400225842485
29.557533125748506,0.0014695689130303608,0.9246029250906461,0.0677251870033245,0.004140941160279677,0.002061377832719596
29.591743233532938,0.001420874711735757,0.9173866125242769,0.0708805992859552,0.0043315705024758394,0.0059803429755557
29.62595334131737,0.0013967077643947008,0.9207803240012551,0.06970697415220138,0.0040165817006805405,0.00409941238146739
29.6601634491018,0.0013235591654386745,0.9077413762948456,0.06522064194697141,0.0038774268418519317,0.021836995750892995
29.69437355688623,0.0013092700577396342,0.9177186394317935,0.06555811581916829,0.00370742093954602,0.011706553751753224
29.728583664670662,0.0012209934021931751,0.9252048075868773,0.056999343212233614,0.003301479698090373,0.013273376100606166
29.762793772455094,0.0012080122741961739,0.9246290755563307,0.055391239448955354,0.003287716171027663,0.015483956549489091
29.797003880239526,0.0011654527551729723,0.9342502086910349,0.05838033906771041,0.0033667627312667704,0.0028372367548131347
29.831213988023954,0.0011522717058602583,0.9345283007758589,0.05763490173722146,0.0033979637652049753,0.003286562015853944
29.865424095808386,0.0011134862161119917,0.9299518947188686,0.062361323132146096,0.0035232252011225757,0.00305007073175073
29.899634203592818,0.0011040955732204605,0.9298119503712317,0.06257146919516027,0.0034838026984753447,0.0030286821619147464
29.93384431137725,0.0010457060104015223,0.9227351531521911,0.06022906331645613,0.0032309243575126337,0.012759153163439504
29.968054419161682,0.0010325172257833754,0.9199681647292313,0.05946194764605001,0.003224156076887812,0.016313214322046334
30.00226452694611,0.0009662106728899169,0.9340300891280736,0.05461538899660913,0.0027910521536523318,0.0075972590487751734
30.036474634730542,0.0009316120183228356,0.9286045947478823,0.04839997232710791,0.0027094197830866895,0.019354401123599076
30.070684742514974,0.0009118885875246444,0.9397727735467035,0.05195324503047857,0.0027209374992052788,0.00464115533608892
30.104894850299406,0.0008852977404357449,0.9422741085651672,0.049642535567034136,0.002767148201957791,0.004430909925405458
30.139104958083834,0.0008687840114738858,0.9412662007391578,0.05342235961381461,0.002809190428144125,0.0016334652074078537
30.173315065868266,0.000852103004298075,0.9379627637201344,0.055252193666238306,0.002926427613167152,0.003006511996162416
30.207525173652698,0.0008200000058376769,0.9366319480012649,0.054612268585380604,0.0026981237580032172,0.005237659649513469
30.24173528143713,0.0007909913188281154,0.9261503596742138,0.05365736937719714,0.0027284012318435982,0.016672878397919196
30.27594538922156,0.000764457994644922,0.9395391354371194,0.05161791468314199,0.002424543568482685,0.005653948316611936
30.31015549700599,0.0007152211017543362,0.9356040806105603,0.0439435035813237,0.002220859577481905,0.017516335128879356
30.344365604790422,0.0007091502937311133,0.9418891172365011,0.04553148161040341,0.0022094954008596034,0.009660755458505569
30.378575712574854,0.0006789096246131338,0.949267353630728,0.04396750517279955,0.0022217412183433705,0.0038644903535145557
30.412785820359286,0.0006725203713193828,0.9494021479453604,0.044705877994814715,0.0022329536218127677,0.0029865000666916258
30.446995928143718,0.0006488284818279869,0.9467712945604886,0.048191153470315856,0.002361776971290033,0.002026946516078928
30.481206035928146,0.0006400915686267169,0.9469160586777452,0.048259678627542525,0.002269045213622314,0.0019151259124641782
30.515416143712578,0.000605014805277889,0.9367818918581191,0.048230137749701155,0.0022357102845093797,0.012147245302393302
30.54962625149701,0.000598525187981052,0.942366642533681,0.04752096240003249,0.0021208829585804725,0.007392986919725332
30.58383635928144,0.0005571266843922189,0.9448128663564277,0.04115826235346193,0.001819534094835935,0.011652210510883082
30.61804646706587,0.0005502734934413688,0.9428606641123602,0.03967574385949432,0.0018090540956859833,0.015104264439019216
30.652256574850302,0.0005225605617925794,0.954852322780035,0.03969601809285647,0.0017752943945946854,0.0031538041707199036
30.686466682634734,0.000512348162063195,0.9550912427540611,0.03741797395407282,0.001778146941868826,0.005200288187932535
30.720676790419166,0.0004958886196120835,0.9552418811905575,0.04121719864021338,0.0018475028885005665,0.0011975286611182296
30.754886898203598,0.0004891737241862139,0.9543007770848966,0.041886864270694706,0.0018834176979700347,0.0014397672222516726
30.789097005988026,0.00046751392325650697,0.9489750798991481,0.042666193356467645,0.0017959481528380613,0.006095264668289979
30.823307113772458,0.00046027408121042656,0.9456255596570946,0.042794252106452706,0.0018119228170727743,0.009307991338169964
30.85751722155689,0.0004323212272914802,0.9532260412406047,0.03876598525585616,0.001524211709098705,0.00605144056714827
30.89172732934132,0.00041730277450356885,0.9459716298866823,0.03504523633557689,0.001480062502436296,0.01708576850080315
30.925937437125754,0.00040197157468588047,0.9576403134672415,0.035788520024701766,0.0014320858652955549,0.004737109068074998
30.960147544910182,0.00038122625336289075,0.9602088442383264,0.03222889795406964,0.001405815919395203,0.005775215634845578
30.994357652694614,0.00037620355185438665,0.9615163459180069,0.03438861513617775,0.0014259416432549302,0.0022928937507077363
31.028567760479046,0.00036606852747113127,0.9607373754389221,0.03606807593718212,0.0015104877656729914,0.0013179923307524385
31.062777868263478,0.0003567756769641205,0.9592805196129681,0.03682335631852796,0.0014431064394696451,0.0020962419520689614
31.096987976047906,0.00034331018355367995,0.9517553610955894,0.037889906522692654,0.0014866304936990106,0.008524791704465472
31.131198083832338,0.0003322654386097603,0.9587854500626125,0.03589389818546875,0.0013122051954106801,0.003676181117898375
31.16540819161677,0.00030932807811503066,0.952581136553491,0.03166856521439482,0.001195823459021332,0.014245146694977886
31.1996182994012,0.00030488070591211126,0.957965335849789,0.03186806201084704,0.0011699625800285001,0.008691758853424075
31.233828407185634,0.0002848613885019052,0.9653645269426329,0.028825768552990894,0.0011033385999640846,0.004421504515913278
31.268038514970062,0.0002817878745762811,0.9653499926298198,0.028322273602664295,0.0011031915776629532,0.004942754315276945
31.302248622754494,0.00027147488518012767,0.9668244183321241,0.030802363782764138,0.0011680325478630104,0.0009337104520689756
31.336458730538926,0.00026841968416740187,0.9664777377419929,0.031162975568177244,0.0011632983167957323,0.0009275686888682115
31.370668838323358,0.0002533473617102035,0.9603717386402625,0.0328799313232679,0.0011729687036582798,0.005322013971101916
31.40487894610779,0.0002507652238910951,0.962227300263568,0.032395856646832304,0.0011267534871840334,0.0039993243785247665
31.439089053892218,0.0002335417476647806,0.961085734006188,0.028970537629944587,0.0009624066477228904,0.008747779968478088
31.47329916167665,0.0002301608383548119,0.9583519247391518,0.02815390662880743,0.0009584640672788886,0.012305543726407159
31.50750926946108,0.0002153000869234238,0.9693595222307214,0.026357560190258162,0.0008757868358122276,0.0031918306562833043
31.541719377245514,0.0002092172931333055,0.9683621025017288,0.023655598533577515,0.0008555910047523395,0.006917490666809043
31.575929485029945,0.00020209225555040843,0.9715582540801206,0.025891458081668272,0.0008827690598012484,0.0014654265228593812
31.610139592814374,0.00019723668164647388,0.971620953444873,0.026224423482074075,0.0009219434076863021,0.0010354429837188736
31.644349700598806,0.00018988194992654889,0.9689774985189723,0.027768454032000553,0.0009056099004302805,0.002158555598671417
31.678559808383238,0.0001857008959088624,0.9658956825278496,0.028532131743299338,0.0009325636226103745,0.0044539212103325
31.71276991616767,0.00017682692599038798,0.9686053388455542,0.026336116566828188,0.0007906557003177954,0.004091061961308953
31.746980023952098,0.0001710289856507695,0.9613729225213888,0.02488318114472705,0.0007740723801347908,0.012798794968097443
31.78119013173653,0.00016241605908248193,0.9710334768286945,0.024072657455172876,0.0007122684329807808,0.004019181224070593
31.81540023952096,0.00015077808858139055,0.9720748350972375,0.020516041041414846,0.0006589736211861586,0.006599372151579234
31.849610347305394,0.00014862880814698947,0.9741436855427619,0.021399493520096374,0.0006643143716558595,0.0036438777573384127
31.883820455089825,0.00014218187626872944,0.9760120440663487,0.02215164827422944,0.0007068462492336302,0.0009872795339194366
31.918030562874254,0.0001400486860940811,0.9754634346734696,0.022867601698320764,0.0006983114555917865,0.0008306034865241775
31.952240670658686,0.00013448390645422136,0.9711319261244848,0.024502386313987424,0.0007342389811907112,0.00349696467388033
31.986450778443118,0.0001310658467170863,0.9736469591775794,0.023495796579274312,0.0006631366800792045,0.0020630417163507533
32.020660886227546,0.00012184026243641412,0.9674182572504781,0.022024690605902144,0.0006102751707644178,0.009824936710417382
32.05487099401198,0.0001194075942495753,0.9710998208794797,0.021664199581266665,0.0005865993215939444,0.006529972623411508
32.08908110179641,0.00010849058177349724,0.9763264248877185,0.018494281632286863,0.0005082887915362718,0.0045625141066845815
32.12329120958084,0.00010677895758856362,0.9754202647495634,0.017646881257116075,0.0005037869950525076,0.006322288040679808
32.15750131736527,0.00010220367423682164,0.9796428085024067,0.018730625592745468,0.0005272961224793777,0.0009970661081319624
32.191711425149705,0.0001009689778046088,0.9797221956010643,0.018646533644775205,0.0005381321777822622,0.0009921695985703248
32.22592153293414,9.570830358899608e-05,0.9771738104327365,0.02041689285688783,0.0005540186208062597,0.0017595697859823902
32.26013164071857,9.447479466580295e-05,0.9769918093891948,0.020487200791533128,0.0005482052477459529,0.0018783097768614115
32.294341748503,8.767960442129146e-05,0.9745865669975051,0.019363878613500633,0.0004764025376040365,0.005485472246969501
32.328551856287426,8.592403126647907e-05,0.9717904631599905,0.0191790651027033,0.00047712048695180954,0.008467427219088422
32.36276196407186,7.977935261951227e-05,0.9796623670247322,0.0169845608992943,0.0004031628895935427,0.0028701298337603493
32.39697207185629,7.709000022576282e-05,0.9771749145014925,0.014846090160702527,0.0003830570611566151,0.007518848276422986
32.43118217964072,7.399485430807798e-05,0.9817228088262211,0.01573085849188147,0.00038964396205448107,0.0020826938655358687
32.46539228742515,7.115983226267891e-05,0.9828825634314452,0.01534497121044665,0.00040716961156300193,0.0012941359142830799
32.499602395209585,6.888122398840576e-05,0.9822992705183365,0.016484518329284208,0.0004092785160640423,0.0007380514123272188
32.53381250299402,6.650834781924039e-05,0.9802643235607229,0.017436081678470446,0.0004321020963388077,0.0018009843166490777
32.56802261077845,6.416499359045364e-05,0.9805352527940394,0.016757650640175717,0.0003778393970142852,0.0022650921751804216
32.60223271856288,6.173081901551981e-05,0.9747816232223175,0.016705755050343482,0.00037549488770973545,0.008075396020613865
32.636442826347306,5.8557762828357775e-05,0.9811742081781141,0.015523243220362627,0.00033059940901603935,0.0029133914296773523
32.67065293413174,5.403613415555977e-05,0.9803122232804886,0.012919035358438262,0.00028948009098889746,0.00642522513592735
32.70486304191617,5.295142869545657e-05,0.9822304548400581,0.013109072623136016,0.0002896692480713238,0.004317851860038818
32.7390731497006,4.9041475106525086e-05,0.9856330509087813,0.012862709058371473,0.0003004147470982512,0.001154783810643041
32.77328325748503,4.842440734128773e-05,0.9856463891014533,0.01304216703490808,0.0003019844918241651,0.0009610349644741807
32.807493365269465,4.6299585410306024e-05,0.9840545501026158,0.014421299474825542,0.0003224130253224989,0.001155437811826211
32.8417034730539,4.5506313719247074e-05,0.9844261561554695,0.014235173196884455,0.00030331727044958975,0.000989847063477587
32.87591358083833,4.24163477012461e-05,0.9797874258130503,0.014274072089723214,0.0002850920759100505,0.005610993673614327
32.91012368862276,4.1462368489471125e-05,0.9816352996259303,0.013905053113132762,0.00027203061271480693,0.00414615427973388
32.944333796407186,3.684067537096232e-05,0.984097380125257,0.011572840894279249,0.0002208120929913417,0.004072126212101622
32.97854390419162,3.6094084054321754e-05,0.9824378346344917,0.010945555112130101,0.0002174261392917989,0.006363090030032058
33.01275401197605,3.3792811978733516e-05,0.9876057429923437,0.010926708144466165,0.00021929036413030243,0.001214465687080746
33.04696411976048,3.301760201618152e-05,0.9877897022823006,0.010350187234945405,0.00022213569613822683,0.0016049571845995858
33.08117422754491,3.160726820128887e-05,0.9876136793114164,0.011539144737414993,0.00023093668988270432,0.0005846319930859669
33.115384335329345,3.1058012606487916e-05,0.9870432407131918,0.01187416906945125,0.00023750828902718689,0.0008140239157231401
33.14959444311378,2.8720421438985234e-05,0.9850783500824496,0.011921803144463537,0.0002133530462525523,0.0027577733053945636
33.18380455089821,2.7875936426263354e-05,0.9827303026099893,0.012122182987436048,0.00021677082430785328,0.004902867641842155
33.21801465868264,2.5796267257111022e-05,0.9870814920138036,0.010470999395431859,0.0001749151284422844,0.0022467971950669414
33.25222476646707,2.4750558125806573e-05,0.9838072481200479,0.00926193272415476,0.00016282148159158525,0.006743247116079668
33.2864348742515,2.3542534970799345e-05,0.9882657126456913,0.00930659561516164,0.0001610143743174542,0.0022431348298576435
33.32064498203593,2.227849734169214e-05,0.9896633054711801,0.008426072485607831,0.00016058764711491467,0.0017277558987547294
33.35485508982036,2.1654791723046426e-05,0.9900395675524921,0.00896752460982566,0.00016261475996823304,0.0008086382859882358
33.38906519760479,2.0542095919427218e-05,0.9894166058291148,0.00970538845488741,0.0001760850849180034,0.0006813785351602855
33.423275305389225,1.9920250599761153e-05,0.9890920394859121,0.00973867741286405,0.00016143294090829738,0.0009879299097166276
33.45748541317366,1.882954775547647e-05,0.9853695781585381,0.010236456603122284,0.00016421801525775764,0.004210917675327862
33.49169552095809,1.810688212520161e-05,0.9886349485143375,0.009378800418991905,0.0001428209993846174,0.0018253231851622503
33.52590562874252,1.687234534666368e-05,0.9866232404273161,0.007970963491013842,0.00012071654238064853,0.005268207193944463
33.56011573652695,1.6418284551262833e-05,0.9879992555203199,0.00789351632940597,0.0001193821410264788,0.003971427724694998
33.59432584431138,1.4573126232852399e-05,0.9914373244515293,0.007091957890444373,0.0001146120412045556,0.0013415324905868193
33.62853595209581,1.431864108336845e-05,0.9913460483170962,0.006892974820438039,0.00011447325284490571,0.0016321849685359162
33.66274605988024,1.3485802244681292e-05,0.9916987260547887,0.007730403720270445,0.00012348869361365227,0.00043389572908365164
33.69695616766467,1.3291772444371265e-05,0.9915786116415417,0.007827022958741851,0.00012239227693930277,0.00045868135033183614
33.731166275449105,1.2469060756034337e-05,0.9889787297171674,0.008338636232646688,0.0001188840359521608,0.0025512809534785335
33.76537638323354,1.2205387088119246e-05,0.9894487738481368,0.008190241584893782,0.00011494256622933475,0.002233836613652408
33.79958649101797,1.076986171523096e-05,0.9898903923490122,0.006937904293247928,9.048711505484146e-05,0.003070446380967528
33.8337965988024,1.0555289163174045e-05,0.9880329517563917,0.006660900536757959,8.855336114629302e-05,0.005207039056541367
33.86800670658683,9.42423453556209e-06,0.9925733915632233,0.006111147700276138,8.26243773136187e-05,0.001223412124649758
33.902216814371265,8.950369906572018e-06,0.9923330868119125,0.005388408266626296,8.013390573063432e-05,0.002189420645826655
33.93642692215569,8.643400134548135e-06,0.9933536989430878,0.00598376590837887,8.353839410247034e-05,0.0005703533542963362
33.97063702994012,8.456445577916088e-06,0.9932492258317429,0.0062219962305112625,8.96323273235015e-05,0.0004306891648427001
34.00484713772455,7.875582412968535e-06,0.9922898936486,0.006560500279854073,8.445227375949543e-05,0.0010572782153737306
34.039057245508985,7.572501193042693e-06,0.9906434892336966,0.006896824651587024,8.771892398609077e-05,0.0023643946895364333
34.07326735329342,6.919870177890297e-06,0.9923919298226516,0.006033530394190863,7.035925103004419e-05,0.0014972606619489642
34.10747746107785,6.5109879383390445e-06,0.9893178783978093,0.005592830031085139,6.452181325768918e-05,0.005018258769908987
34.14168756886228,6.123377740574201e-06,0.9927476315806119,0.005297411859103636,6.0674711525219246e-05,0.0018881584710172638
34.17589767664671,5.6858751972849095e-06,0.9935827113425474,0.004379310636339262,5.5274505513714384e-05,0.0019770176404050304
34.210107784431145,5.548211088108481e-06,0.9941104735087472,0.004537203814766386,5.5896024006613586e-05,0.0012908784413929477
34.24431789221557,5.190703808475284e-06,0.994676069268477,0.004889432134267474,6.203113194954698e-05,0.00036727676149705686
34.278528,5.030964365317716e-06,0.9945126476659347,0.005030878640501451,6.0187700117987725e-05,0.0003912550290808909
34.31273810778443,4.613400426415094e-06,0.9926105763720392,0.0055547276886156885,6.269206556312663e-05,0.001767390473354985
34.346948215568865,4.497166343161119e-06,0.9937774968505428,0.0051695802819453,5.55647510263894e-05,0.000992860950144174
34.3811583233533,4.210110431365845e-06,0.9916927133756134,0.0046618671524777154,4.5957202841663734e-05,0.0035952521586375516
34.41536843113773,4.0794906978396766e-06,0.9924577830690253,0.004545682099483911,4.466705549105898e-05,0.002947788285302047
34.44957853892216,3.521540601783967e-06,0.9948977023140713,0.003712421981783047,3.824146013249387e-05,0.0013481127034117057
34.48378864670659,3.4690015686726847e-06,0.99441141656365,0.0034397805783353856,3.745468563782978e-05,0.0021078791708093987
34.517998754491025,3.145934741120774e-06,0.9957914978610264,0.0037821339812438752,4.084771411151508e-05,0.0003823745088764487
34.55220886227545,3.0647214254426943e-06,0.9957924345468351,0.003814645020635475,4.244072940842703e-05,0.00034741498169624577
34.58641897005988,2.8761422663676327e-06,0.994799152298275,0.004262176558242681,4.250301970680895e-05,0.0008932919815093537
34.62062907784431,2.819887797577776e-06,0.9946176812737199,0.004303167703922951,4.2247339765517727e-05,0.0010340837947940642
34.654839185628745,2.5339116636377e-06,0.9941990421063462,0.0038486492501107914,3.2899180662106055e-05,0.001916875551217239
34.68904929341318,2.513918149496663e-06,0.9926378167443782,0.0038159670808632926,3.216430035229387e-05,0.0035115379562586494
34.72325940119761,2.0874407102380254e-06,0.9957153781400887,0.0032292005738631677,2.7254697509765553e-05,0.0010260791478285038
34.75746950898204,1.9158284579765033e-06,0.9949511011470047,0.002674325179687037,2.4876167764321177e-05,0.0023477816770868724
34.79167961676647,1.8328647231804518e-06,0.9962995005410467,0.002877680595295056,2.6090092838020643e-05,0.0007948959060986487
34.825889724550905,1.7619298750315823e-06,0.9966811420991747,0.0028938703807544846,2.864409082401247e-05,0.0003945814993721696
34.86009983233534,1.6799004942823388e-06,0.9964750365077534,0.0031324945129609385,2.8102243274772668e-05,0.00036268683551680676
34.89430994011976,1.6235111644115803e-06,0.9955829685195076,0.0034317767276915204,2.980853153918045e-05,0.0009538227100985805
34.92852004790419,1.4465455357883183e-06,0.9959995978053715,0.0031381439879792548,2.4237619817383533e-05,0.0008365740412977715
34.962730155688625,1.3324430648609496e-06,0.9937768496243329,0.0031106010064060503,2.2162451198892073e-05,0.003089054474996242
34.99694026347306,1.2142480940426184e-06,0.9958650246050953,0.0028096805336148725,1.9809663874892613e-05,0.0013042709493217314
35.03115037125749,1.0767070428348513e-06,0.995946361556991,0.002165825171461622,1.6299323671429456e-05,0.0018704372408328855
35.06536047904192,1.0556389913342904e-06,0.9962902626328249,0.002170550470057717,1.643829176421286e-05,0.0015216929663608816
35.09957058682635,1.0023574730420077e-06,0.9974197392846741,0.0022046042168865324,1.8276575920202522e-05,0.0003563775650457324
35.133780694610785,9.830508029934858e-07,0.9974180107085362,0.0022423657503446723,1.8376732335153225e-05,0.0003202637579792533
35.16799080239522,8.812094524920503e-07,0.9967805775609507,0.0025931573553313637,1.9376844678508425e-05,0.0006060070295867363
35.20220091017964,8.498138839853901e-07,0.9969864776581236,0.0025107518595351855,1.7778956602667774e-05,0.0004841417118540765
35.23641101796407,7.648053991915764e-07,0.9955212159188236,0.0024533820908003642,1.463565335776333e-05,0.0020100015316189134
35.270621125748505,7.408321428344423e-07,0.9957934307228019,0.0023869068045956976,1.4109479090089306e-05,0.0018048121613707723
35.30483123353294,6.54765658563516e-07,0.9970176251324312,0.0018217488404282966,1.0866423511711082e-05,0.0011491048379720225
35.33904134131737,6.67353948508019e-07,0.9962806341454364,0.0016453202709811262,1.0260585276712159e-05,0.002063117644355482
35.3732514491018,5.847444080025783e-07,0.9978565508636741,0.0016832048678522681,1.1150831371171552e-05,0.00044850869269379026
35.40746155688623,5.739301829386306e-07,0.997935857167497,0.0016010034570907185,1.1642819153424967e-05,0.00045092262607273443
35.441671664670665,5.240785382829235e-07,0.9978369282930659,0.001849503919046075,1.180006443833587e-05,0.00030124364491203906
35.4758817724551,5.09866514360169e-07,0.9975973150160542,0.0019473255136377625,1.2213075173308047e-05,0.0004426365286204762
35.51009188023953,4.801553412206843e-07,0.9971429121239963,0.0018762887002743464,9.60893129668529e-06,0.0009707100890914299
35.54430198802395,4.937762254111418e-07,0.9960946677500881,0.0019421491778484322,9.50372325136195e-06,0.001953185572587552
35.578512095808385,3.9920583394221167e-07,0.9976935087954871,0.0015599367490928895,7.538991792307755e-06,0.0007386162577946306
35.61272220359282,3.9100998882856897e-07,0.9967162707958745,0.0012696098372123447,6.268804189080145e-06,0.0020074595527363724
35.64693231137725,3.579301208206307e-07,0.9978724900813235,0.0012846209897329451,6.566692044552577e-06,0.0008359643067771422
35.68114241916168,3.313887071285367e-07,0.9983716358363915,0.0011643419306668179,6.953555196611713e-06,0.0004567372890376412
35.71535252694611,3.2546090929739345e-07,0.9984540529615547,0.0012563092359901568,6.921695699828611e-06,0.0002823906458452339
35.749562634730545,3.283415728021426e-07,0.998193816766659,0.0014408378772826022,7.579379369561256e-06,0.000357437635115973
35.78377274251498,3.0261164383911294e-07,0.9981956464055136,0.0013992849799312416,6.409781930318008e-06,0.00039835622098064973
35.81798285029941,3.0789939037172735e-07,0.9969455956766999,0.0014953659449136911,5.9304490879541274e-06,0.0015528000299077813
35.85219295808383,2.659664117823337e-07,0.9979084350460177,0.0013204955773561532,5.220077267270376e-06,0.0007655833329471147
35.886403065868265,2.2736111540541375e-07,0.9975482354967732,0.001002527099335791,3.7639645862565527e-06,0.0014452460781888376
35.9206131736527,2.2582516442499135e-07,0.9976840962719642,0.000978286311958143,3.7228783748409225e-06,0.0013336687125412043
35.95482328143713,2.2874696520186768e-07,0.9987487762986489,0.0008707577644987605,3.912027058382293e-06,0.0003763251628289349
35.98903338922156,2.3273122649074743e-07,0.998712416476622,0.000832698839359128,3.943070387930672e-06,0.00045070888240414267
36.02324349700599,2.3438131191389606e-07,0.9987635737033813,0.0010032128978209594,4.236931184147047e-06,0.00022874208630282858
36.057453604790425,2.3033597284723415e-07,0.9987355222037946,0.0010186183821251451,4.151342229512122e-06,0.00024147773587738123
36.09166371257486,2.094916023404943e-07,0.9980082233189865,0.0010852848612521449,3.46915148515849e-06,0.0009028131766746887
36.12587382035929,2.061391012668506e-07,0.9979977943023717,0.0010729804268677086,3.3756423996027432e-06,0.0009256434892591922
36.16008392814371,1.9035833349526404e-07,0.9983765530566018,0.0008059673727740121,2.3194306963579004e-06,0.0008149697815941905
36.194294035928145,1.9580654362584523e-07,0.9976835024362847,0.0007402284391122794,2.006355235146466e-06,0.0015740669628233096
36.22850414371258,2.0271578463784353e-07,0.9989063118673549,0.0006671366842255919,2.0897550794979136e-06,0.0004242589775555698
36.26271425149701,2.236087620715319e-07,0.9988938898268341,0.0005577596897462585,2.1228386616884254e-06,0.0005460040359970356
36.29692435928144,2.1301614567574203e-07,0.999119317421335,0.0006547671200541065,2.178393344683169e-06,0.00022352404912043882
36.33113446706587,2.1528587942343812e-07,0.9990606619945378,0.0007171359844164619,2.438050813680561e-06,0.00021954868435243374
36.365344574850305,2.060488098787311e-07,0.9988483943902002,0.0007462344316145872,1.994498677397114e-06,0.000403170630696396
36.39955468263474,2.110847353086533e-07,0.9982847221111368,0.0008163257168517813,1.9569031159841255e-06,0.0008967841841609831
36.43376479041917,2.0702357635054923e-07,0.9988874719573059,0.0006491500842122768,1.4734163813372116e-06,0.0004616975185214933
36.4679748982036,2.297923676967478e-07,0.9980718462953314,0.0005533074269587647,1.009452964534835e-06,0.0013736070323783114
36.502185005988025,2.2265007335203054e-07,0.9988222726400027,0.0005157774314405954,1.038079061628239e-06,0.0006606891994220027
36.53639511377246,2.3038807131704557e-07,0.9991416395575172,0.00039001786839268387,1.0556063295388882e-06,0.00046705657968854254
36.57060522155689,2.292051817108679e-07,0.9992238398755278,0.00040564883570093135,1.0631739249535045e-06,0.0003692189096646077
36.60481532934132,2.2788205189412512e-07,0.9993368120256064,0.0004800667554738972,1.251153113028668e-06,0.00018164218375386237
36.63902543712575,2.288072845065896e-07,0.9993119823665122,0.0004917146853105093,1.1402479247708018e-06,0.00019493389296797755
36.673235544910185,2.466434843300317e-07,0.9987895470703952,0.0005713553637426929,1.0021398647977103e-06,0.0006378487825113111
36.70744565269462,2.366907760892134e-07,0.9990899245056426,0.0005095093698483735,8.80751687230823e-07,0.00039944868204632193
36.74165576047905,2.4109447319863756e-07,0.9986876695326957,0.0004072023865050667,4.867659188675396e-07,0.0009044002204059109
36.77586586826348,2.4225906436066503e-07,0.9987015040387187,0.0003931327651096131,4.595907462146999e-07,0.0009046613463612234
36.810075976047905,2.3592864235509944e-07,0.9993698291741604,0.0002881546968100938,4.901883339905198e-07,0.0003412900120536497
36.84428608383234,2.344785072968948e-07,0.9992389844480116,0.0002463090618792125,5.003613157283725e-07,0.0005139716502848591
36.87849619161677,2.461792592360466e-07,0.9995259815933654,0.00030107408639266724,5.628464582300107e-07,0.00017213529452395174
36.9127062994012,2.5140186250529985e-07,0.9995210496722241,0.000312977089231652,6.049476701013727e-07,0.00016511688901099414
36.94691640718563,2.557442456091756e-07,0.999292114084779,0.0003648639043949426,4.690855211846503e-07,0.00034229718105861816
36.981126514970065,2.5839239253532114e-07,0.9992051006666307,0.0003765330393103956,4.4684883381597877e-07,0.0004176610528333004
37.015336622754496,2.421743973899352e-07,0.9992251845517639,0.0002946681781671613,2.4812081582230347e-07,0.0004796569748557761
37.04954673053893,2.407687858079043e-07,0.9987661249700251,0.00028758179054390375,1.7667209495252792e-07,0.0009458757985489993
37.08375683832336,2.512313557419443e-07,0.9994553956557097,0.00022110990662057033,2.1350250736519951e-07,0.0003230297038076149
37.11796694610779,2.601028857399242e-07,0.9993338772568731,0.00015336854560084318,2.3386537530427858e-07,0.0005122602292633862
37.15217705389222,2.645733057838615e-07,0.9995698835074232,0.00017662873690393776,2.416086694580547e-07,0.0002529815736973816
37.18638716167665,2.774000363827796e-07,0.9996464369027487,0.0001915270402351669,2.8262783190173206e-07,0.00016147602914333103
37.22059726946108,2.706697642360807e-07,0.999608800500264,0.0002129985335334467,2.2460811058982183e-07,0.00017770568832792516
37.25480737724551,2.701798859857235e-07,0.9993859964616946,0.00025306658278208537,1.8588829642687344e-07,0.0003604808873408263
37.289017485029945,2.701243136287875e-07,0.999529847402989,0.00020821693779602196,1.3538304446574923e-07,0.00026153015185720194
37.323227592814376,2.7715110549472114e-07,0.9990554091727367,0.00019733928603900817,7.072894215951675e-08,0.0007469036611766961
37.35743770059881,2.809183488662068e-07,0.9994160981001374,0.00016912987328389606,9.115072957696859e-08,0.0004143999575006764
37.39164780838324,2.9899584595264613e-07,0.999514139591026,0.00010174599560304578,1.2784220533422543e-07,0.00038368757532014755
37.42585791616767,3.0002930350269154e-07,0.9995294264452755,9.880618419720351e-05,1.269520173200856e-07,0.0003713403892083547
37.4600680239521,2.9710604222602463e-07,0.999739464170681,0.00011103117540656605,1.3027819529010316e-07,0.0001490772696746283
37.49427813173653,2.972602326089167e-07,0.9997398864683473,0.00011489685941904954,1.2469587421551076e-07,0.00014479471612618636
37.52848823952096,2.996963048941192e-07,0.9996074972799245,0.00014984256244857753,7.96032936582483e-08,0.00024228085802998568
37.56269834730539,3.005778860854767e-07,0.9996522264771825,0.0001401499896793269,7.617911937264433e-08,0.00020724677613186972
37.596908455089824,3.146168381524515e-07,0.9994159118126403,0.00012551723594046268,5.729322963019718e-08,0.00045819904135262646
37.631118562874256,3.164955391229279e-07,0.999388892879333,0.00012258648309245164,5.691001328360343e-08,0.00048814723202312546
37.66532867065869,3.0995586200150923e-07,0.9996692904663589,7.210236433154389e-05,9.521743668853099e-08,0.0002582019960121927
37.69953877844312,3.085543909724228e-07,0.9995225402025133,5.467624425779822e-05,1.021240581745097e-07,0.00042237287478357426
37.73374888622755,3.095153711436245e-07,0.9997701687922461,6.047553697644945e-05,8.858943255265764e-08,0.00016895756597344746
37.76795899401198,3.0907586720570725e-07,0.9997887581292844,5.7910877368255555e-05,9.195136728831598e-08,0.00015292996611305734
37.80216910179641,3.1546190532584613e-07,0.9997690448593104,7.592149140457119e-05,6.870876730786629e-08,0.00015464947861168599
37.83637920958084,3.19916947215038e-07,0.9997187319807053,8.576888896615696e-05,6.041303520384673e-08,0.00019511880034743975
37.87058931736527,3.1364802649823425e-07,0.9996788969697404,7.377662288887163e-05,7.414392216403121e-08,0.00024693861542192185
37.904799425149704,3.1485317024368e-07,0.999466497230028,8.014515768072752e-05,6.813206701338628e-08,0.0004529746270536265
37.939009532934136,3.1173702057344845e-07,0.9997328302021677,5.2254059216826766e-05,9.008197611154651e-08,0.0002145139196180905
37.97321964071857,3.0578394732353503e-07,0.9996048817880234,3.0960074722143364e-05,1.0911007719130237e-07,0.0003637432432297536
38.007429748503,3.112422509772846e-07,0.9997410214420103,3.152651921562367e-05,9.971799234470872e-08,0.00022704107853040506
38.04163985628743,3.216473420400832e-07,0.9998259936664362,2.731285901575772e-05,9.632131965197669e-08,0.00014627550588806347
38.075849964071864,3.206690333058411e-07,0.9998347469399065,3.191819856140997e-05,9.208148103567739e-08,0.00013292211101839703
38.11006007185629,3.2169824105298117e-07,0.9997901600712222,4.4706804491310864e-05,7.800719768241854e-08,0.00016473341884743644
38.14427017964072,3.18400608853794e-07,0.999803893272459,3.9743313966638436e-05,9.164485546757201e-08,0.0001559533681114422
38.17848028742515,3.146812346805934e-07,0.9996235809465901,4.5141431268200195e-05,9.422255678733576e-08,0.0003308687183494615
38.212690395209584,3.1799465724506406e-07,0.9997360481152483,3.5952308476270695e-05,9.971481234357013e-08,0.00022758186680677507
38.246900502994016,3.274327028191422e-07,0.999728509897958,1.8063975708338072e-05,1.2143315457174992e-07,0.0002529772604746527
38.28111061077845,3.2857329321177244e-07,0.9997136241742957,1.645702188839037e-05,1.2359190158023014e-07,0.0002694666386225746
38.31532071856288,3.310151350452808e-07,0.9998504834282076,1.2143411094989297e-05,1.1616224605045326e-07,0.00013692598331705073
38.34953082634731,3.322348302318017e-07,0.9998470452268022,1.0670842223130077e-05,1.1667196923928913e-07,0.0001418350241740636
38.383740934131744,3.2816029688919895e-07,0.9998495397734348,1.8092167941724847e-05,1.0756285201591425e-07,0.00013193233547528101
38.41795104191617,3.2826337026105936e-07,0.9998464528528554,1.8774043816116083e-05,1.0776006416189063e-07,0.00013433707989190792
38.4521611497006,3.345333512299332e-07,0.9997705695687282,2.0854194954773334e-05,1.1662756264183738e-07,0.00020812507540399417
38.48637125748503,3.3566674571179735e-07,0.9997481393973398,2.153667004797106e-05,1.1632282499649141e-07,0.0002298719430407819
38.520581365269464,3.367539388795427e-07,0.9998165917392974,1.053763883337826e-05,1.2935305697884366e-07,0.00017240451487289069
38.554791473053896,3.386912341390737e-07,0.9997339455673099,8.819438944311537e-06,1.4156553566719353e-07,0.00025675473697711116
38.58900158083833,3.3494734378293475e-07,0.999848751742896,5.575149145565408e-06,1.3610109237476472e-07,0.0001452020595207325
38.62321168862276,3.3114945247183263e-07,0.9998551650025873,2.6682073450902865e-06,1.3416475190851495e-07,0.0001417014758635655
38.65742179640719,3.3317576197391234e-07,0.99987273208439,4.810769200985668e-06,1.3112117571269646e-07,0.00012199284946890774
38.691631904191624,3.3473459727653517e-07,0.9998656954410039,6.84329568562613e-06,1.2349197292319345e-07,0.00012700303673974608
38.725842011976056,3.357586162880773e-07,0.9998518062850873,7.3018894317398534e-06,1.2947047651391385e-07,0.00014042659638765118
38.76005211976048,3.3846781937562953e-07,0.9997928915037535,1.0172893520569544e-05,1.3107552316394388e-07,0.00019646605938189373
38.79426222754491,3.3376290510304727e-07,0.9998509616411938,5.716454673230673e-06,1.3519171381138731e-07,0.00014285294951723768
38.828472335329344,3.2805523786852034e-07,0.9997925388836439,4.659969377484913e-06,1.4973951250769524e-07,0.00020232335222603135
38.862682443113776,3.2971918826156873e-07,0.9998363120686992,3.2650823658730743e-06,1.4840731633577908e-07,0.0001599447224290443
38.89689255089821,3.3163267028837645e-07,0.9998698185155179,6.65057270207796e-07,1.4373216608295078e-07,0.00012904106237482233
38.93110265868264,3.319534474288667e-07,0.9998729009133324,6.612015842677458e-07,1.4244026861417657e-07,0.0001259634913676244
38.96531276646707,3.345183025697773e-07,0.9998792470383755,1.3920976681113194e-06,1.3541417276286435e-07,0.00011889093148177524
38.999522874251504,3.3329196003676436e-07,0.9998785859677629,1.5743370492409806e-06,1.3628760438640299e-07,0.00011937011562276916
39.033732982035936,3.303431327001029e-07,0.999844913436164,3.302672697070681e-06,1.3980296024493756e-07,0.0001513137450464625
39.06794308982036,3.309088452076592e-07,0.9998605149677356,2.5690578567212995e-06,1.4078009206141646e-07,0.00013644428547074
39.10215319760479,3.314369325399788e-07,0.9998486603937551,2.3241792671686794e-06,1.50196702439776e-07,0.0001485337933425056
39.136363305389224,3.314978161760888e-07,0.9998402812162599,2.4924735175116984e-06,1.5138884601476887e-07,0.00015674342356155962
39.170573413173656,3.3514744132479506e-07,0.9998782504587325,7.662152852860126e-07,1.4695525810719034e-07,0.00012050122328349616
39.20478352095809,3.3672810751758074e-07,0.9998734708973489,6.203994702257775e-07,1.4515079293941916e-07,0.00012542682428098804
39.23899362874252,3.347533896802266e-07,0.9998843286911081,2.5762890582715087e-07,1.416861240694222e-07,0.00011493724047272657
39.27320373652695,3.341586304276559e-07,0.9998839355177915,1.676811336227397e-07,1.4063067892956618e-07,0.00011542201176538987
39.307413844311384,3.3432279738508286e-07,0.9998758264962307,7.343987647860263e-07,1.4307132927069492e-07,0.00012296171087887816
39.341623952095816,3.34243163647026e-07,0.9998702552295436,9.478147993214095e-07,1.440690694105023e-07,0.0001283186434239409
39.37583405988024,3.3674042384255827e-07,0.9998764185259693,1.2312603170924919e-06,1.4771407825986226e-07,0.00012186575921195619
39.41004416766467,3.3838757886382824e-07,0.9998609307422667,2.0202531758279205e-06,1.4888009044476072e-07,0.00013656173688793147
39.444254275449104,3.3687578024503713e-07,0.9998795416719085,1.273483252740269e-06,1.4667431419833058e-07,0.00011870129474505395
39.478464383233536,3.35744812521924e-07,0.9998795601767051,1.319245589695816e-06,1.4469238524543283e-07,0.00011864014050749125
39.51267449101797,3.3561949654808845e-07,0.9998835656326039,9.97247880168733e-07,1.4373618989644303e-07,0.00011495776382945634
39.5468845988024,3.3496443997528055e-07,0.999885312840171,5.745265474528883e-07,1.43146888446989e-07,0.00011363452195176563
39.58109470658683,3.3577878900830755e-07,0.9998846849473494,6.912202288934096e-07,1.4386762320049229e-07,0.00011414418600873121
39.615304814371264,3.367782344173751e-07,0.999880486453604,7.40854807922193e-07,1.4468749296224067e-07,0.00011829122586113788
39.649514922155696,3.3601246254861454e-07,0.9998835366992773,1.0091912384635064e-06,1.455547976666408e-07,0.00011497254222470986
39.68372502994013,3.35342653276638e-07,0.9998792708581529,1.6338074206922696e-06,1.45662852398578e-07,0.00011861432892028977
39.71793513772455,3.3522879575681164e-07,0.9998818462273218,1.5264577426933686e-06,1.4511884984993988e-07,0.00011614696728920319
39.752145245508984,3.344632356789047e-07,0.9998843859287311,1.574542386907407e-06,1.4411155760113645e-07,0.00011356095408665083
39.786355353293416,3.3436116999702966e-07,0.9998843813013273,1.5926872222541281e-06,1.441276555152393e-07,0.00011354752262509266
39.82056546107785,3.3498731585273307e-07,0.9998853282189166,1.303671155026882e-06,1.440832589206615e-07,0.00011288903935362214
39.85477556886228,3.3502880363556593e-07,0.9998853647845306,1.2784193907498524e-06,1.441386593688528e-07,0.00011287762861508572
39.88898567664671,3.349100193159269e-07,0.9998849924778856,1.259468118875929e-06,1.4428308203765914e-07,0.00011326886089458217
39.923195784431144,3.3488435219585964e-07,0.9998850440687092,1.2838330894968972e-06,1.4431353058507302e-07,0.00011319290031992546
39.957405892215576,3.347265401337579e-07,0.9998851548263243,1.3890557595530108e-06,1.4424914954246703e-07,0.0001129771422275123
39.991616,3.3469495545291806e-07,0.9998851362277075,1.4020864984471068e-06,1.4423214977175128e-07,0.00011298275869001226
