0,1,2,3,4,5,6,7,8,9
0.9999396276511486,0.010978830541629219,0.000208631861466723,0.0001859934900672357,0.00017913031735955552,0.0001684336933267275,0.00014182575102227846,0.00012764377175376719,0.00012145341614321928,6.156488721555671e-05
0.950506749456789,0.3103106445854714,0.014771324230451677,0.004969963810927779,0.00043881767624013695,0.0004386285978848633,0.00042295034388860266,0.00040631772686917754,0.0003446767884581892,0.00031078497850832985
0.9505080560060715,0.3103161725990709,0.014696846237287274,0.004636245501755202,0.0004081765998623949,0.0003338921892901034,0.00030786675825180283,0.0002604932677568253,0.0002225580670389996,0.00021245104842103463
0.9999396538850895,0.010922907321187983,0.0008189381871268783,0.0005023122552320955,0.00045905960733285013,0.00023732400396544328,0.00018361019631216201,0.00017646777069823549,0.00017251208767053423,0.0001660293234924796
0.9999397187527178,0.010959224491516152,0.00041011275751532214,0.00022597004247651895,0.0002027486285264232,0.0001917748925249431,0.00018439180667716737,0.00017903460847871198,0.00016615747925031999,0.000126226079502842
0.9999395989404024,0.010962583018695835,0.00042570969844977976,0.00036599957098828177,0.00027494756343898145,0.00020713096783643603,0.0002070036438885226,0.00017729433873062435,0.00016606386901217435,0.0001404915437227608
0.9999396195381064,0.01097270421737972,0.0003372038185454083,0.00020739804811955182,0.0001956087233713139,0.00017735454904573838,0.00016891193063752724,0.00015148627096232687,0.00014068734825956977,0.0001195792855196982
0.9659533282555972,0.25118633294962883,0.05879058885301801,0.018098349830328653,0.00565808034394017,0.0029456419704920896,0.0026979445974404334,0.001650971726305724,0.0016187288952723507,0.0008521139659581271
0.7066260182137606,0.672805521506547,0.21803177921669414,0.014819428521030367,0.013408344983955729,0.007470632429135159,0.0034177961582802997,0.0011913051568067704,0.0009840296811350993,0.0008879366450343629
0.7048840398382198,0.6954354738431959,0.13797651673742342,0.01508789185619857,0.013150030165341503,0.007490919562087108,0.0027732014568766306,0.0012162748915852666,0.0009181267815061896,0.0008132031634451809
0.9753921515663025,0.21985415024735092,0.013637341616360711,0.006493369336608888,0.005299463992287801,0.0035557382745490342,0.0016961043692320782,0.0007675331902020921,0.0006823823915088742,0.000524283979512294
0.9735495387348684,0.22794689306892993,0.014728877698928113,0.0036836321711453566,0.0028433940818944673,0.0009043773000883972,0.0008662521696802196,0.0004997259729607322,0.0004315588764479056,0.0004116253343815305
0.9064807381134667,0.42195068158058896,0.014092021098744772,0.006420243125855028,0.0016674137300120649,0.00154396030917255,0.001480214661445486,0.0008140871262509684,0.0006600020351739587,0.0005386269836980189
0.9101841136199514,0.4139070343103627,0.014159814963492893,0.006480806964780314,0.000859753935328968,0.0007568079554351064,0.0005046732450948481,0.0004657787859021711,0.00045811744981902916,0.00040436751885647757
0.9064789503939367,0.42195626162432787,0.013376000319600621,0.0063675837247623495,0.0037289122170623564,0.003267524210313996,0.0013827667527284372,0.000960194762546442,0.0006178894938512795,0.0005975017306965657
0.9101868120205123,0.4139121224078022,0.013850389001914244,0.0062507715483146225,0.0018428670380163563,0.0009529772241858671,0.0007419284812121273,0.0005082080991209377,0.000320418480412538,0.0003094994036911988
0.9753888644955828,0.21985268192477714,0.015025312899741615,0.006021139353367865,0.002824790100127271,0.002153862390627862,0.0012071275480669476,0.0011572847975889575,0.0010155664158151365,0.0008938765664966137
0.9735487001135248,0.22795311100236362,0.015048382646257089,0.0032615593832429927,0.0008900378872123958,0.0006813673852433049,0.0006268681857976295,0.0005172691487814371,0.0004661486717187736,0.00041595427011525797
0.9999412260509521,0.010671602248857496,0.0012906677342220607,0.001237920142327382,0.00035923049911779374,0.0002724966182942727,0.0002169198621827058,0.0001835377440498903,0.00016866609501684713,0.00015971234142887335
0.9999400914059846,0.010841048984369024,0.0010043361882151821,0.000905340711409714,0.00037856292500904623,0.0002425167443764656,0.0001931736271433568,0.00018815606095918185,0.00016818236108218776,0.000156361747827341
0.9814160818813159,0.1875397780500493,0.032004036764771426,0.017049121864849043,0.01403338195131286,0.006118167541927368,0.006083353494305285,0.0051231158759001754,0.003231633495644573,0.0029489128386644345
0.9999395978619571,0.010908760412012592,0.0008161415057408416,0.0005151777292893916,0.0004560204415098459,0.0004222321943849571,0.00036154883313443644,0.00028362087918888093,0.000235472250564213,0.0002042191853789472
0.9999396219842989,0.010918712149698086,0.0008169902483845099,0.0005148284792499314,0.0004565856907388709,0.0003330791490795046,0.00023577873893902265,0.0001930306598789698,0.0001753874762714566,0.0001708269172439556
0.9999396705333854,0.010944809241787676,0.00042378175468476864,0.0004073739759795347,0.00036304648127319855,0.0002834306797706456,0.00022425432141629054,0.00020508767491630842,0.00020171783319308795,0.00019027346406180645
0.9999396941438587,0.010954807055828068,0.0004078811417960844,0.00033446314237894377,0.00022454062129227245,0.00020194866775458096,0.0001938395822126402,0.00019052213349576576,0.00017727922743876896,0.00016664738133555864
0.6096701809555418,0.589535269524291,0.5119648028841911,0.13327542726407204,0.016092364474728733,0.013827756079061344,0.012752608338211895,0.009398106877261569,0.00818231204003457,0.006852542541672737
0.721478848595535,0.678798526778775,0.12673084292992937,0.044104757285662044,0.017391668885375026,0.013167302418015435,0.010216316644822988,0.006851164453001731,0.004561791180161367,0.003594746764279396
0.8566911815193028,0.39429381249291645,0.3274528049425822,0.04942450651760272,0.02267607343623593,0.013145978695856387,0.01034045111197944,0.006442717826042866,0.006063703760914331,0.003746764092820202
0.9917236478370305,0.12254237001770626,0.03202311940300462,0.014966522651901718,0.01015848123458107,0.009435214958762235,0.0029106154094275445,0.0022676994000485977,0.0017522446115581776,0.0015414572813357186
0.987822984816575,0.1529465266486625,0.0207862738603938,0.01496662653587439,0.009244219562971232,0.0064939997182043244,0.0034028551872714572,0.002421884689707019,0.0020531268231170074,0.0018642194485565288
0.9980787221399474,0.05971878713676232,0.010134068111021672,0.010082098928321738,0.00737888707851132,0.0030326798080650107,0.001083222521138939,0.0010400673565611372,0.0008964319513640479,0.0007252278580824277
0.9206238160518567,0.3268940397598271,0.21240269684285432,0.017344424840980588,0.007078562935748801,0.0066644354419875896,0.005182027813622099,0.003939053456342114,0.003791187178440528,0.0025969347875428816
0.9355057654930876,0.3153892757241244,0.1579555107271054,0.017606170481974163,0.006983280761608587,0.0036594725507663075,0.003597139826355783,0.002634574771437029,0.0023183951237292708,0.0015622234364606256
0.9190570592520763,0.30174663956706826,0.2520637874444571,0.021022287293897303,0.011961695510192752,0.00872689249535613,0.005531526160560298,0.005041222762353977,0.0035001460848629747,0.0028745881030940563
0.9051208295871479,0.33201266337040863,0.2648247235190061,0.014862940740389253,0.00726756043779788,0.005854485402723679,0.005666593556108956,0.004318275184945785,0.0037541751940332853,0.0027361848681412677
0.8605728516404265,0.49340259981193185,0.11374488491652117,0.048058592440201005,0.016973513167622595,0.009483839900937416,0.009465635563582382,0.00911038299498516,0.00787011492679659,0.006778338729275076
0.8404062072774984,0.5225536592016962,0.14120563828557195,0.0180251961832214,0.013149015149513324,0.010013971011352703,0.009276450474129363,0.0034576929515677483,0.001939173596975725,0.0016510880934024145
0.9101856650139956,0.3306642395984416,0.24704202172133663,0.020663548396006242,0.018898106193006258,0.011453002054279501,0.00987627639420015,0.006790329224123716,0.005939702217751387,0.0048246952044548866
0.8885935096850041,0.3942629473748111,0.23310110245487106,0.019098089738013364,0.009642395266823789,0.0078099140845819485,0.006456453464381559,0.004286523788329237,0.003445381610321253,0.0028612449073122945
0.8693312137790258,0.4896167708754595,0.04705220636341974,0.04078984675363258,0.016176732180350428,0.012912099278296616,0.009312214203856552,0.006762447263723239,0.005185889224680768,0.005178713079936803
0.8521382412712213,0.5190821260292519,0.062454765002615535,0.01592830086305644,0.010927236327871806,0.009466779807376842,0.005533866238152285,0.002088288787488002,0.0017772024523431938,0.0015838645520191647
0.9946038391345684,0.10245153522059762,0.013533155065452268,0.007999492931629075,0.0030806069264951385,0.002167225118120726,0.0017159938315306923,0.0009396390970490126,0.0005860491058690618,0.00047350322382002253
0.9980554351669932,0.059721758398362614,0.015102318256816797,0.008883177750172748,0.0018635566416336676,0.001823850666310784,0.0010585776267811801,0.0010030539785166005,0.0009140411406330252,0.0004934983850155912
0.9856295011863165,0.15081917713917425,0.06231824428523634,0.031211711088373534,0.021111532933337913,0.012925761218746324,0.010452068111009587,0.008263466302605247,0.0055533744406800825,0.005235853398821267
0.9946040443278401,0.10245511426679468,0.015250425455147452,0.004857078531127219,0.0014070287170532163,0.0013998218829055261,0.0011476706217253831,0.0011076684212457779,0.0009247825655559082,0.0005773923424537748
0.9602218600493725,0.27873512559677155,0.013430904789093711,0.006536269909497526,0.005202716905938975,0.0042877258070740405,0.0016644417154043209,0.0016636982355531064,0.001022358961958829,0.001014713404371133
0.9614045038390417,0.27463471731385297,0.013457653017674792,0.0065411090132157885,0.005214122658583671,0.0043429239087320074,0.0016681142280538979,0.0009978319199916846,0.0007283433104124593,0.0006703532729674831
0.9566041179654734,0.290967057240342,0.014473556567098258,0.004473535615411056,0.0027854011638267246,0.001673248158061047,0.0010676902934620598,0.0009864075187613682,0.0008847765393074817,0.0008561862868432475
0.9579372172779966,0.28655398325851056,0.014505025855525336,0.004529437450437907,0.002791975635954982,0.0008869286308876953,0.0008577616046727359,0.0007337667357795782,0.0005982783201575335,0.000543153678520238
0.8182696200624772,0.37264512210445794,0.34329410851598674,0.21391123422246883,0.1346152727691368,0.08541029072448224,0.027261967674578665,0.020423643830378677,0.01704212467481055,0.0153412199398879
0.8781605960916361,0.41080368088234237,0.21554714705766317,0.06898371174452822,0.06360998254037549,0.055973220911557285,0.02397241717798829,0.018601201479776903,0.013360263734520374,0.009728019787629466
0.9602182416510396,0.2787330442208285,0.014138433756471138,0.005493914959144408,0.004041483644717725,0.0036552164096193903,0.003438298804672093,0.0025651785264430176,0.00151609721233147,0.001454703216586901
0.956599344853556,0.2909732869518692,0.014132270023106974,0.0042151655001802886,0.004027589656556996,0.0034383282905785083,0.0014547937728722736,0.0008289189288944181,0.0008080380611648773,0.0006844076509693708
0.9614059229582637,0.274632540104532,0.014592694932311379,0.005529372208815822,0.003603300294883356,0.0025405724127086395,0.0019330774026601796,0.001496819349588692,0.0011238769912554247,0.0010011733804974002
0.9579375948358265,0.2865600633149053,0.01458911470886484,0.004154883484581991,0.0019335168863922909,0.0010013131621284777,0.0008338391981179235,0.0007965982550603522,0.0007786122417025364,0.0006380576530963359
0.9942971706354953,0.08571415241330035,0.05200618345101057,0.023118817143163703,0.019081697906844258,0.010347495593714007,0.010086230734749615,0.009088027973867357,0.008959565365382833,0.004603279617179411
0.9990356486425941,0.02850381633516451,0.02209208132263358,0.01633788744771012,0.016173859422799156,0.006842790769972914,0.006455272917648739,0.0020939944878980293,0.0011648011507710179,0.0011361195251005942
0.9984933896040638,0.04175300242007876,0.0249651296759929,0.023671213539670753,0.007905669095999894,0.0020140707184240765,0.001994137386499173,0.0018720155153317244,0.0018097358723884963,0.0016787075291478568
0.9970274210566039,0.05543979916463928,0.05051648770158153,0.010253137140714687,0.009761728271855294,0.005456804988103038,0.005431169336024668,0.00445663280922927,0.003402724520065401,0.0024250724175502733
0.6959605329979547,0.58847510134634,0.3042962535641582,0.26847842544425243,0.035930361208808076,0.031181357175880033,0.023922273741329242,0.01886213206131066,0.01884516583949961,0.01769083200032109
0.996210942164921,0.079280017653385,0.02671430210003109,0.017819530871463377,0.008921641255530766,0.007198671830439834,0.0066670853190690235,0.006301157573409541,0.0036683484270451333,0.002271821120062539
0.9999409396871135,0.010674101925223473,0.0012861317672743509,0.001255949317659995,0.0004022094278441306,0.0003830262966570103,0.00035710215190230555,0.00033373079548336274,0.0002700938572435982,0.00021520910286025702
0.9999410247988377,0.01068286199459649,0.00128747056368818,0.0012559211419175245,0.000357529500610365,0.00030729330673430456,0.00027046179833776905,0.00021549030092771836,0.0001821340333258483,0.00017669557243865677
0.7158685055210208,0.6307791648339606,0.19187119588577273,0.18825384178934285,0.12373165733113663,0.022786230707481078,0.017210675070294515,0.015541419293591084,0.014935404636228621,0.013711347895460923
0.9805945865026303,0.1518882947027589,0.11680906901178785,0.027864695195192885,0.025036705388590222,0.010336022333132895,0.008643640879342336,0.005456486046438908,0.005074735918316438,0.003910467369405447
0.9998657750056343,0.00955906765059815,0.008591730467998174,0.008154010582791827,0.005180659410751488,0.002258119093544906,0.0017520236669087469,0.0008408242536943002,0.0004946463196662473,0.000399105687532048
0.9999397229254019,0.010808940501600365,0.0009963860615144872,0.0009253795318022723,0.0007910153892323007,0.000720404671777468,0.00042770729630146165,0.00037441216017003286,0.00023891760370958894,0.0002182575368669073
0.9999399554782439,0.010842356275582528,0.0010000302378923797,0.0009256945428540437,0.00038186846973852715,0.0003759177813696746,0.00023996824887066292,0.00020828171709009346,0.00019215652619558122,0.0001859022693158688
0.9907340973050661,0.11844294743185316,0.0529086647570631,0.028515423448566033,0.022509731058235723,0.010305214256886195,0.009097036080728302,0.006406931432145811,0.0037898242024492165,0.003706323493451797
0.9967981154316762,0.07432708387664128,0.026976561971042926,0.006776295452029127,0.0054101200934736126,0.0047857461633039325,0.0039002379757598856,0.0029585165188928363,0.002435368937406393,0.00223065302741235
0.9830657764006234,0.15689674798924322,0.07474924345680893,0.04868529944969151,0.02763413507725961,0.009300213291899855,0.006872782130376506,0.004921893459794846,0.004201140009521139,0.0039004040103516103
0.975302528954392,0.21190787575724515,0.045846132843665385,0.03386802481810557,0.016958097093464408,0.014008129051654892,0.005589013319497909,0.005557614149267594,0.0035832483467620334,0.003576639482213254
0.9733582868448344,0.20724891863252787,0.08942773035677205,0.03209765498931996,0.016920910218714107,0.013973520532356327,0.005596044928687299,0.005526450742782489,0.0034659805567758936,0.0029145224626817992
0.9663393235980371,0.21863884715971177,0.09671837270616952,0.05710066760078989,0.05014610693171302,0.047084149951054366,0.014079452906552324,0.013926355679211518,0.01353173853608813,0.012962933525056093
0.9479905034138161,0.2881416024826547,0.09477444712367827,0.07779438266969624,0.044339176504805844,0.020480778653888553,0.014381880889218124,0.01314020032151117,0.012929039630224017,0.009709825732501013
0.9933088950769001,0.09840812749300287,0.04236423919121242,0.027515624740944353,0.018024852579579354,0.01467471027718329,0.014300573158497103,0.010606616645565725,0.010421836806437214,0.009376746625747752
0.7394198128136251,0.6385334808445879,0.17742810549247162,0.10319491294662873,0.041495747440192805,0.02475089400373288,0.01651806712607547,0.013907815714112147,0.01102002724518874,0.009978237485614494
0.7159405800652787,0.6597239094842038,0.1860303471309121,0.12686558718110544,0.019844848251108396,0.018728733432445077,0.015477646955063245,0.011046921360461273,0.01012073270146804,0.007463559639164498
0.8532201296204471,0.49412756131763425,0.15840822973614221,0.03282820994260957,0.029284569019762393,0.016575388970394223,0.011879202509646096,0.008774056679768955,0.007877321762300058,0.007127341391132964
0.8719634281795,0.4370123183348014,0.2182626033759059,0.016858421762147194,0.013521129253287818,0.01341409674282958,0.011473526617090517,0.00889876199918849,0.007984069063685113,0.007016271134097576
0.7377610021210481,0.6561710977419049,0.12732270968579626,0.05872454152213009,0.04644315802246867,0.030254872312179215,0.02951037077461175,0.018120028578456595,0.016316381228140713,0.01344522147590454
0.7327485210040416,0.6640116385465599,0.10873618614763231,0.09228065711692424,0.02550433552523151,0.017097047625297644,0.017010361536380397,0.011093645238863414,0.01019081773736723,0.007901205476948545
0.8341315913323862,0.5169019747018323,0.14770617434836206,0.0922794053120006,0.06759576424326098,0.022895762728937452,0.01949278426797731,0.01626636793227623,0.014274432195478436,0.014160601861223745
0.851148962908846,0.479772761159218,0.2090167848641332,0.021999564304164457,0.018048079030498394,0.017873876944687596,0.013023780201000356,0.010434843144162119,0.009161824133707629,0.005151756636372686
0.9776951997008563,0.19408599605383572,0.07386371065706075,0.018847760106079726,0.01472837570584884,0.011613244168872907,0.010618395281107309,0.00792311224466866,0.006578368952358139,0.0042885523113058285
0.9880500638085732,0.11445103282622275,0.07591261755360525,0.04235116700712453,0.03896216765285066,0.026002657360064418,0.020694038824156706,0.01573347984388806,0.009905041771859396,0.006881450499493728
0.994896269960206,0.09828918655987573,0.018368806305893822,0.01096144422398342,0.005084405351205772,0.002452969044879255,0.0023337497627452185,0.002207509500565979,0.0020598165885654437,0.0017745934253138107
0.9896481782844315,0.13679178919018334,0.032764069906945296,0.02405012475763925,0.010105775790401695,0.009440405673922769,0.003100492094787391,0.002256517081459656,0.002125355385033046,0.002083540119607632
0.9108112318426769,0.36718694441842104,0.17992154373715605,0.04974411432862918,0.01677069866130148,0.013920698994424803,0.008870959555064744,0.008424853582035976,0.006123247260752755,0.003783328343118401
0.9191867362244115,0.3637640631581688,0.12645688404363586,0.07209078515007321,0.029700552251100514,0.020902521635257333,0.009392965015462433,0.008810578168544712,0.006932577862514265,0.0035650002187876248
0.9969508805357936,0.049028800039240324,0.03984119630624727,0.03805624848614463,0.018194877269976005,0.015240439792131473,0.00776691482708128,0.0023206590868528497,0.0019994394006314932,0.0018259397793374003
0.983851966822403,0.1740403174151352,0.03664801272045966,0.014936423687269692,0.009297033310794428,0.006442377531848633,0.0037227011318457094,0.002599625494913308,0.0024101317131796206,0.002359012932082513
0.9842236188708449,0.1725705428094706,0.03366583305146084,0.014950768245090595,0.009301650281446014,0.006452206354681924,0.0037801739168694267,0.0024125156567800492,0.0022487117971534665,0.002078884332133324
0.908499514919877,0.30681885257501806,0.2501796067268841,0.06809586841443627,0.0633282855391402,0.05214035890246955,0.04844078582202599,0.041487854497850404,0.024965087229648016,0.01909343318012669
0.997828337451206,0.0637257282735219,0.01018798806498315,0.010141724986628575,0.007386921523407263,0.0030206593823237193,0.001110089262486183,0.0010748007433293084,0.0010687952665831345,0.0008912537529551489
0.9978420744358352,0.06352403776292989,0.01019032488437026,0.010149682557683051,0.007392524957762493,0.0030239027606280295,0.0010893235919638346,0.0010761874965087715,0.0008922797631495253,0.0006974952193563754
0.9984148033946766,0.032476801090572896,0.03088854879680345,0.02703263203454793,0.014723554308462812,0.010541966525333303,0.007581746229863672,0.0032896493403093774,0.003056840788964132,0.0018790710160944129
0.9969835190520712,0.0573362749409426,0.047289461168765035,0.014997212363676902,0.014486952591179592,0.0042604067994106345,0.00326220611677133,0.0026256123611867518,0.002393277376101507,0.002135865635582785
0.8255951087819631,0.48008290034929035,0.23472138193951503,0.11970471174682383,0.09374419951540201,0.061639568545101685,0.038824499950567144,0.033991701356456,0.027163834558042114,0.026626901898448182
0.8564662460122496,0.4660511905041747,0.15106011286710677,0.12764089399320172,0.054772120220192344,0.049115657016666626,0.04626106086700258,0.02312271961819231,0.021238043913278864,0.01714011445335769
0.997233202856316,0.049489529356428114,0.045605444715478984,0.0233260885221186,0.01857018343319159,0.006374653560780819,0.0042170429605773415,0.0037099437469218875,0.0026575178979162694,0.0024749440247466945
0.8636906284004447,0.4946362356380996,0.08949557929439873,0.021860087465481227,0.02042019579462783,0.011594527754617681,0.00962096603808388,0.008098714280225471,0.007591193333317449,0.00553717532081112
0.8800512894793873,0.45996745541551004,0.11429092344149414,0.020769717213336057,0.011777692047483712,0.00969521383144968,0.008285000005883272,0.007031114785408242,0.006346284381607958,0.005172308426417885
0.801618323518393,0.5884802814393733,0.09910866377582934,0.027074158962918756,0.01338017183567431,0.011563860633982454,0.006549334831978579,0.006142665369111585,0.005272068692968198,0.004958639717586156
0.8250084416119216,0.5506758502653571,0.12486068754940435,0.013746199459621434,0.011729052673789353,0.007759012830420349,0.00615454324423186,0.005418028709379781,0.005127394813799981,0.0043141382455750875
0.6084334049008231,0.5453784843532445,0.5041644465860506,0.20571000868466713,0.1386682329629686,0.08890732892535605,0.04746110595088214,0.03538502884835376,0.027494817452748243,0.026805332630489516
0.8557854248997087,0.502434631377407,0.10582232111228909,0.04978462468440401,0.017891268643172923,0.015814140459456366,0.015237316632914886,0.01267614797653603,0.01070925598662323,0.009223461497159007
0.9983011709168403,0.03989907487010499,0.030367901305564205,0.01646212720595856,0.015622062571386286,0.014629440628060635,0.006583439277842474,0.005912039283813474,0.004768553520247546,0.0033957773618234336
0.8699497128488659,0.47248372468746824,0.13637020898776625,0.01843400205350171,0.01760115652402843,0.014759567788548766,0.013687501127760038,0.009414881269270153,0.007474005389514691,0.0057455382372270025
0.7945583156108472,0.5970209628489963,0.09520820734182499,0.0479525291430154,0.015199142229819265,0.012967736112667569,0.010298975865948487,0.009645508630216675,0.008551769545089393,0.0073955192017226635
0.8161167627878055,0.563790864054444,0.123871734540269,0.017106971256534213,0.013048447461664628,0.0091881558979451,0.008823442242909135,0.0067507012445597835,0.003956126880435523,0.0032488719037427824
0.9954249141549405,0.08232351093184799,0.03237435128775143,0.027597012245997966,0.01725768124623109,0.014505320846611812,0.00282899988570493,0.0022192383710548397,0.002159149980259579,0.002000199152954431
0.6783566271080577,0.6735209483700318,0.18890649550614666,0.15426808781762286,0.09666760430732878,0.09110701949533,0.055508360072482596,0.03502617251606622,0.03289895994034022,0.02872214553402544
0.9926631010930573,0.11974590526506465,0.013487644327590307,0.008101280568324971,0.0030512265705012437,0.0029179839587628116,0.0021629125403618194,0.001835345403258502,0.001102973513982106,0.0009684438919192743
0.992893022839802,0.11786755518313045,0.013529357947706445,0.008112206948249883,0.0030627910654667306,0.002169238279262557,0.001917884343565208,0.0009297504435207216,0.0007537447876808158,0.0005810841610233904
0.8006356768195675,0.5345651318303474,0.23635501179770962,0.0962721078373817,0.06593476010380081,0.03458536275064427,0.03039256070623997,0.020103799207539363,0.014491048335064543,0.013114758168710168
0.9948481063256391,0.057990159516031474,0.045792159390928594,0.04113336792404919,0.03802881502717634,0.02407953811390516,0.020170263856142574,0.018917171948668782,0.009501233369782912,0.009078196704456035
0.77109963643818,0.5836796525020789,0.1551989160326744,0.15317587927149745,0.0841396935564336,0.08305192438718577,0.02551123877842826,0.023499699938622512,0.023128835173315255,0.021876806206650022
0.991168886382979,0.10820951972910194,0.05891860359477659,0.04646879827739875,0.010241894327718189,0.005962033742251287,0.005793075210484509,0.0052681155339394424,0.0028887245006478236,0.002126483672912329
0.772598819880364,0.40878118731698043,0.3702383083285816,0.27872443923173373,0.1018343330845784,0.06540403008255068,0.04128093609635543,0.027719393884737296,0.02529902578864378,0.022487039484900502
0.9800234895496933,0.1517922095394864,0.08126286254501655,0.08066950866458844,0.031193638201302356,0.03104372330368915,0.015216239534034386,0.014382042014359265,0.013704605899433127,0.013197593361883466
0.9961589350030237,0.06265856687059372,0.0438059163140289,0.0352033859445946,0.01345319799150037,0.010086677194725436,0.009592659553488692,0.009362526685413142,0.00692674621328935,0.004946386274593332
0.994754076320179,0.06524751259145203,0.04485189789952509,0.039790686136117755,0.03559953301027429,0.026004271025491965,0.01269774110451866,0.011604072069171646,0.011367612438043568,0.009754946688761429
0.997728117910247,0.06372964593245935,0.014517118680941599,0.012022934281095922,0.008214008858710865,0.005000079209347352,0.003422806601889704,0.0018759823482124495,0.001738565106464153,0.0017020109253182598
0.9978253559214711,0.06352684956669066,0.014941274767380308,0.008252248678499429,0.0019125128505992608,0.001910596127772076,0.0017878732696635865,0.001081727824308412,0.000988767041063723,0.0009705535510869147
0.9944921105546348,0.0865700782409659,0.04912471697591517,0.023511795016850877,0.01545077460916692,0.012902079788267438,0.006893488702352856,0.0030993585691760353,0.0030776736726261834,0.002939791871164399
0.9871533255140768,0.12926791704584634,0.05010028301121473,0.0460743137984585,0.03840835431904108,0.02592329523896295,0.025169393957716283,0.018477318625109956,0.015591036920495495,0.014904448752257085
0.9829247478134934,0.16855273577852736,0.05442944858333548,0.031310822967706584,0.030618081730225698,0.010699338830062091,0.010689506562703927,0.00824270610201253,0.007031307732372089,0.005703536581104047
0.9831466101022638,0.1674451918341671,0.05509970067408489,0.03133412380469525,0.029594692240500715,0.01070480884468724,0.009206942549783959,0.008249125665078629,0.00797084331977501,0.005702205268833258
0.9915561237909177,0.09025630795827624,0.06780342111309867,0.054491619352472556,0.01925322949188554,0.014648597923227443,0.011290968230747447,0.010206439463274472,0.009726592149751646,0.00791000470539918
0.992307785457445,0.1196988567949205,0.02478051169082153,0.013772930708241557,0.010377568781505824,0.005243482782390462,0.0044711408178240725,0.0033086976596624473,0.0029022385655925417,0.001929229368093278
0.9901199104577515,0.10840371444571331,0.08197737564635675,0.02497903492131875,0.01348911720462123,0.012177054173353881,0.010728370781619461,0.00706931881293382,0.0036308271257703187,0.0032771463541000703
0.9928965918646402,0.11787074969743146,0.014908463263813385,0.004529092142194571,0.0027725265532301964,0.0014665225832581562,0.0013587806846895477,0.0013345743421424143,0.0012756242490327872,0.0009653675838928701
0.9988909743989469,0.02878448255842159,0.026645208948633547,0.016602849465166738,0.013606445013093276,0.011446144267533877,0.006609582833653527,0.0035393632840821933,0.002254909559309187,0.0020697107398569624
0.9871875862806804,0.14974221771521176,0.03103111395612097,0.0238258416620781,0.02359355622044282,0.02231682732050995,0.014170235305451874,0.009606145641665415,0.006142259549215888,0.005789346523343781
0.9571973205051866,0.2287304737562006,0.11058962009433052,0.07754624331547308,0.07557382728126914,0.06311181075105184,0.03735500456466412,0.026645255204531208,0.014099020663238608,0.0138203920724996
0.9990448996017778,0.028025834345724934,0.024610385167120576,0.01986658379990249,0.00741780530122466,0.0035942139412441176,0.0035416890702125265,0.003206474724206254,0.0026268971825662998,0.001850355544607877
0.9886063603790526,0.12390107147196615,0.05902054238891208,0.038972577925727656,0.027839610659161903,0.027822086141876104,0.013416972627262087,0.012864617886426823,0.00965728232431074,0.009419748804673217
0.924631674419432,0.30915910500274996,0.1867665909031425,0.08553968585042991,0.05060666423653299,0.03833475239300745,0.03651458348540026,0.02540179061254321,0.015496675025099759,0.012747409961867821
0.9999388035870233,0.010750670359904515,0.001496487136873916,0.001244975670565325,0.0011732604129445151,0.0009514546627852585,0.0003488768273877711,0.0003372565476092298,0.000247859066461198,0.00021594281454957365
0.8159623981061778,0.38525614013188714,0.25341642847350276,0.19408960857818974,0.17806669540068387,0.15204444195642847,0.14611883719319113,0.05535050849616678,0.027375566034719946,0.026767188023831663
0.6678292612870165,0.5162597323706057,0.39390358077617826,0.29680336659047307,0.15025325843182774,0.0710923043969823,0.06364256779554875,0.0634018995931079,0.05183713483294252,0.05045978074778896
0.8807510371331513,0.3248639141297285,0.293720100436053,0.1579332727720973,0.06595729102841916,0.029824350990998453,0.021000067308241027,0.018343932032127832,0.017533859684090807,0.016113982126696708
0.8275097513294489,0.41611054333256065,0.36894014178983575,0.058611075152181974,0.024658615688131016,0.019826699713220156,0.018506370234205465,0.013293518936163881,0.012051248158185451,0.011603474110092488
0.7894440140053605,0.6046025878153722,0.07070014511538725,0.04776079565562696,0.036818432753325414,0.02704417370976752,0.019491814313519235,0.0175757701967555,0.013446708470311122,0.01259620869636599
0.8116951212150868,0.504895556354306,0.2652005566035955,0.10907135967097854,0.0441510427935068,0.02048099908363175,0.016988598821497194,0.016027826923514222,0.013976636943836362,0.013417064883939194
0.9955414118605397,0.0871123747685703,0.0225964162594112,0.01894430941199486,0.0103536068707461,0.010027611677291319,0.008613597228602351,0.006287530488481012,0.0049175325814946064,0.00466852377147192
0.996906283952712,0.05785772051045113,0.045624954685849116,0.020227106710085235,0.010386268733411306,0.009646052248933815,0.008883371770641151,0.00464369896193337,0.003820644089776245,0.0022135426934647684
0.9989843508535117,0.029750312128005642,0.022515927615701127,0.016334648062436556,0.015377477983279954,0.00684483562813177,0.006450568409125662,0.00495224412917558,0.003146028885266994,0.0020827652806376397
0.9990039121249303,0.029712685642667297,0.02250044704399384,0.016325377956657606,0.01536332063850986,0.006846540558462929,0.006458542694147424,0.002085475328575628,0.0012764365853854328,0.0008867711672528306
0.9954441579310203,0.0755033002296813,0.051638866718218455,0.018872115583113826,0.0149355284896742,0.005903865987155612,0.005125905319415289,0.004688737799090666,0.004383261445115817,0.003027651167016647
0.984042292824708,0.15334081804481814,0.06687384378438992,0.04282489680776975,0.02184121068847472,0.01847272600810898,0.017301425512977562,0.014928837408806255,0.013498325407018456,0.012624108914162636
0.866475046890504,0.4467078471782698,0.14904603121586368,0.0843720086908192,0.06992162187443181,0.06787813875142555,0.05224145802019504,0.05008241158236296,0.03952515493549564,0.03202793770428374
0.9983847802439131,0.04378966648216904,0.02518665882301497,0.024216497135373462,0.007912783840912032,0.0020470467538684285,0.0020016544634955035,0.0019836121337243897,0.0018684680284671124,0.001580622260533865
0.9983910108030121,0.043700514443279465,0.025192731189261918,0.02419160262880105,0.007919272071761092,0.0020479533445497125,0.0020040404373129457,0.0019858091609328736,0.0018703865378041638,0.001579233732326328
0.996783125760091,0.056499633872350824,0.0538272408879019,0.010224972987698597,0.009857334598007408,0.006605016872127024,0.005229602812198599,0.004458757419994066,0.0033845048818627052,0.002445998601669594
0.9967950253022594,0.05648416003117382,0.05366340696635236,0.010234906065809889,0.009859560835836147,0.006549780808433627,0.005248208152176918,0.0044621433054971,0.003388407522592872,0.0024949830529061197
0.8892919187719465,0.39535778920839454,0.21418916220441436,0.04176138003243531,0.03788004694063985,0.036605348824587915,0.02488663879716216,0.019090004000771533,0.012906448617310082,0.01236976316855255
0.995768505464032,0.08435236230994272,0.02698707822688287,0.018035302507413493,0.008883793492429825,0.008257166937078637,0.006642457746706399,0.006303123233394259,0.003649657151954094,0.0023245168621395056
0.9957936150333421,0.08411033711702451,0.026990197833228115,0.018035597063038117,0.008777451789815366,0.00829372006668228,0.006649482717863311,0.006308899307320059,0.003653760536914877,0.0023682227584720735
0.896916355579904,0.30972799105508525,0.2755382366481445,0.08162790775136518,0.06722378682472346,0.06346557544665135,0.05557177462640945,0.04001075550686701,0.03257582578421975,0.021587627602909765
0.8658939232148621,0.42713677921817816,0.242577995622391,0.06263624593670417,0.0396820342015786,0.030806618984285924,0.022969330438458693,0.020385156144143,0.019581931987010363,0.016203388575184396
0.9087113697030859,0.39808513788076727,0.11882680918335058,0.021245927945842284,0.017024985619665246,0.014046832281731843,0.013722829304845014,0.011869814549339719,0.009016396974744356,0.0089412424786529
0.9944691553404394,0.08074572732898472,0.04843093714808931,0.03512386243860059,0.020110621569083578,0.012260953537912735,0.009591631584631461,0.008471484633776661,0.007594040987725094,0.007431683837883227
0.998246870690211,0.05486661788478507,0.010290757400516071,0.009885353777767556,0.007780666146556683,0.007608700839559039,0.005947020276117859,0.0059209899653040665,0.005387819142271646,0.004672595403426825
0.9978192089783563,0.06133483768785055,0.016297652417819542,0.010330175329413539,0.008834584719243992,0.007888482773486258,0.005928617193155115,0.005382692219728436,0.0015321406568858784,0.0015039763864064097
0.9998630738245453,0.009530950756972679,0.008636597478633266,0.008006259647441862,0.005161539760264618,0.0022748483044881126,0.0022683300325263196,0.0018320248495728299,0.0008320387959370295,0.0006999295671095257
0.9998655333122664,0.009561215506407749,0.008603309352434377,0.008095668996752028,0.005177586972828617,0.002282185667400269,0.001831315091321099,0.0008352662528451038,0.0005234301165025746,0.0004906128667895182
0.9169185981490485,0.3962477118809323,0.037335037935035884,0.015658839359823786,0.013625479496491138,0.008808295105078016,0.008687762912302659,0.008202518840652574,0.007040264437490396,0.005804257909317962
0.9989406281712733,0.03242757450993684,0.022897683510568832,0.015644212780814765,0.015006387959252012,0.005134640028194512,0.003689278623470863,0.0019271062354045917,0.0018227808331737945,0.0017888078139510542
0.9878264201884744,0.15305869532956062,0.018832411727815072,0.011473914755845005,0.01066686744988714,0.006001198609595079,0.005766290732010614,0.004104137748292314,0.0038958937939462465,0.0031835217144257407
0.9725732309789996,0.14666361470061884,0.12025769466194751,0.08674894288093153,0.058722417438737504,0.033367243255151294,0.03295949096081903,0.031622974283057735,0.03042843563020749,0.029460175516024534
0.9859917897791105,0.14220335104637485,0.06471082793141594,0.054534643418363345,0.01017086946213729,0.008984038139049758,0.006439622203923632,0.006029012022846424,0.005913004297585408,0.004391198356154654
0.9875896858886324,0.13790891396912022,0.05440429231923792,0.04815278005851116,0.01023074357885558,0.009087157074575029,0.007041528226364902,0.006441481088115276,0.00402896888009553,0.003862575711084775
0.9962435943539202,0.08109761237855503,0.027260773426155648,0.006757183367778381,0.006451409646202278,0.005402788177500655,0.003662489331071405,0.0029808204009416123,0.0029296690049163986,0.0026101795784780973
0.9962989423696703,0.08051486072406784,0.027303835623518007,0.006777388589042607,0.006264413057565108,0.00541817779349126,0.0036994096397406527,0.0029407842678885092,0.002599704272529965,0.002214590675460935
0.9740543862488041,0.1922256658074769,0.11373877622167966,0.02791069504297765,0.009332324693307645,0.009233577744726171,0.008805837257632343,0.008418852183750282,0.0067314387538605,0.005162668221857598
0.9794433790148133,0.18384715856140624,0.07575670913948139,0.027985670275449064,0.009614797371545143,0.009338952727732963,0.006812311179540687,0.004677793689104166,0.004628416286519215,0.004286846979881094
0.9929723613569518,0.10606869198367667,0.039875381110912184,0.024375833921211825,0.01863429369415434,0.009283125182252794,0.007089042752580697,0.004981413167791952,0.004250322251803619,0.003732079672202869
0.9993833629305532,0.03155586096993192,0.009500258442320813,0.007340374306105324,0.005710747444188409,0.004886247907412587,0.0032299041031005012,0.002325217666218729,0.0022669433049284896,0.0014972568655521575
0.9996732489824135,0.022436238936436828,0.009747658001585347,0.00500269143146295,0.0029429937068007296,0.002537775910525342,0.0014894235430542178,0.0014631541536465791,0.0013768724743070393,0.0012933144294209756
0.9459260138636687,0.28402422355525286,0.1047030631387137,0.0843613621771405,0.05292984634858247,0.04710636354788005,0.013646827724295357,0.01323144946892695,0.013161875535224875,0.012509331329686504
0.9496587339527526,0.24263995214809875,0.1606639789614809,0.08568066257300273,0.052533967146414236,0.04750243612494684,0.01371551570912924,0.013683550072759421,0.013178600502194167,0.012351806619859977
0.8267261818776351,0.4546099908941168,0.22030749770617505,0.16703602524049713,0.08068432344488356,0.07208294333624066,0.06857774534630261,0.0645127973981545,0.05124650448151213,0.0479542518321598
0.9999252764310241,0.008979453217821653,0.006223055253330018,0.0029976548524532497,0.0023824217829142833,0.0022842789428519257,0.001834008800952971,0.0012826108987876418,0.0011256475094420931,0.0009548269386997445
0.999432217182128,0.027475841748502424,0.012766757359576818,0.009874920592839528,0.006974394333009631,0.006482032914019424,0.004345967999985033,0.0021535559957687276,0.0010733329972310419,0.0010247720880496136
0.9075792663340895,0.39522995159467067,0.10083845745941154,0.08051502740960889,0.03882773199373075,0.01880079337012989,0.0182752488476882,0.013674177045427689,0.01247005198664005,0.012114785282124708
0.9245638132399665,0.34188381765988224,0.13686988261048919,0.0811153136575642,0.03993758718556267,0.019512829629922547,0.013911266301160257,0.01253438686945993,0.01198012345337598,0.009583782756212758
0.9897162013764194,0.07493579482075303,0.0663326381601635,0.06128659643217344,0.05727356345399837,0.02707779729566275,0.025895944704636957,0.02296957757058877,0.02269201741117599,0.021548748501263634
0.9865333781180403,0.14903956345327435,0.03463079955929793,0.030972868784970818,0.02532467560768041,0.019659779915773952,0.019136198550997987,0.014597272803746427,0.013706358101634345,0.013332258681468631
0.851798424045399,0.3955507159753167,0.24293695844433455,0.1443298726642215,0.09308016835173709,0.07895717817126993,0.07610994753371178,0.07555396491807109,0.04678366449860671,0.04288743411968037
0.9905795852638027,0.1211035955241188,0.044400221157076335,0.028674710012545245,0.016761345020075754,0.014532078028324333,0.013750522774529119,0.010784261909421522,0.010584074831362119,0.010032842417798858
0.9911242332641133,0.11738835231707791,0.04431762340152176,0.028631667263370894,0.016855187091029615,0.014863752202804054,0.014147200909642388,0.01059729271695006,0.010318041588117164,0.009446861251040045
0.5657970033377858,0.4975670464274414,0.47242747094082493,0.3269660726743026,0.28490360456025055,0.08501736899274258,0.050314574030944983,0.0453921476560876,0.04419323673249111,0.03375258587593813
0.9428182398678356,0.29097242017406855,0.11595019119369593,0.05372254991981992,0.05123147765578357,0.04708461431789844,0.03877915096051677,0.034767212149970896,0.023519631281126382,0.01897224244530766
0.9580425490690766,0.26490114280801436,0.05004035055886553,0.04735558196874374,0.04266650092176221,0.039056447484324984,0.03464368498354204,0.027828501331864135,0.02141686652992016,0.020917290121957626
0.9046171076923176,0.4035947948338618,0.1054678499950244,0.053385407764253906,0.04018777318697489,0.025916826021199834,0.022671153874384724,0.022296420442724944,0.015783869705411922,0.015235135732415002
0.9476270803058019,0.26266871976602374,0.15607033478045645,0.05647356264754981,0.049088614323525515,0.02856921444027627,0.024927116233364403,0.019578298984711258,0.018339097809453246,0.014341969219555883
0.9301266012294135,0.3417590606533977,0.09865389404056904,0.06390831765232753,0.0463458096499564,0.024512854501736243,0.02226173160411797,0.016816796391526778,0.014373103948930698,0.008915116370782352
0.9202469059357417,0.3590973401484286,0.14477522459682746,0.028444285982094846,0.02207300153178462,0.02113275074005692,0.020961916182863007,0.016614562560360844,0.013975633010669897,0.009229483981713266
0.9232670126813411,0.2509026145787047,0.23497622509752242,0.0830935256755191,0.07692306782433812,0.06881569864130758,0.044778663329681466,0.04335457994207094,0.037830076130154336,0.03756962203638511
0.9370410819399797,0.3392440496775234,0.05909837583465595,0.03443811636634508,0.026875871524926712,0.024189533303849656,0.017298550881322546,0.01334588963135587,0.011479186374167123,0.011124618380526665
0.9688307429979828,0.2371399653997989,0.0619268672259692,0.016998126912810427,0.016845698374882857,0.016075032691655895,0.011427026163824818,0.009355025948868974,0.008624902701910854,0.006119080392953225
0.9582605562377042,0.23870624121418912,0.09460165985508255,0.07794614140202832,0.06906194356756203,0.04566115302162728,0.033120041978208246,0.02216608879228911,0.018004837182778823,0.017589240232645322
0.9404463472720508,0.2672295797589903,0.19856723890276046,0.04319499870315905,0.03712823765846806,0.02578689216969831,0.023187880177398472,0.009556712911368333,0.005658228427798371,0.004591878306614596
0.978885118828147,0.15349237073907182,0.10554404265167572,0.04475357585929071,0.03918217169939959,0.028672995989847544,0.027536257823718508,0.024441727108019805,0.022795218335989145,0.020279580302101557
0.8863690314765812,0.45494544974720125,0.07524641876284459,0.019648536300013664,0.016743436077415155,0.015814084292060913,0.012202081477208427,0.011831998490487257,0.010207465058129143,0.009653800772917194
0.7055857472966578,0.6016401121297191,0.24978327484238508,0.197648216385753,0.09865108449799695,0.09494185517021735,0.08288420023636953,0.05496134530766874,0.041285048407776914,0.04062861445042887
0.9364957095375586,0.3404268583666213,0.07787877174506228,0.01777056982972973,0.013086940361889378,0.011355150300416863,0.010197510667379875,0.00854162914322604,0.00808500047025812,0.006383077189685779
0.9168588644028205,0.3734368432167301,0.10743176078293701,0.05616555472508238,0.03851281346560349,0.032441093733787243,0.025715969758757437,0.024819707197569634,0.018532944463418334,0.014878241866558783
0.9974150611066074,0.061050597618533375,0.032242640398129165,0.011289278189678056,0.009977417591285492,0.009093839179294752,0.006398528238530457,0.003126837635533096,0.002714361263756993,0.0024869847381136997
0.8996901493608248,0.38880747296936446,0.1758102444950214,0.052735463842158395,0.041515574125134375,0.029081954426303847,0.025745382254739272,0.024292124203426465,0.02148102065039056,0.019373470200161374
0.889001853178034,0.45352004661323053,0.04441505013713752,0.030927931654359843,0.017779659486812868,0.014370342550323243,0.009031468806369822,0.008785280931748463,0.00793476976826952,0.00756066803541497
0.9923149035229726,0.09527454075897883,0.05450276182650285,0.040011227440173436,0.02214758762293232,0.020859042596110884,0.01579031734027433,0.009924830734672596,0.009023620039359383,0.008489247748424187
0.9922400265285144,0.09684058470255912,0.053141423481328415,0.04000818289539213,0.026918081750316923,0.020874496596413893,0.015803591081404778,0.00993204061516915,0.007099300442402647,0.006128948347429001
0.9938403873406632,0.07580752825230734,0.062299080063737224,0.03310362268957535,0.028837945347470518,0.01801402267297795,0.0094527469717171,0.007945989631857532,0.007665416689350574,0.007156431241353223
0.9900799513604597,0.12029837736378005,0.04985814314613241,0.04105106697070842,0.024929554194142764,0.012744016553600504,0.00887516437001056,0.008346371428515454,0.007364041993174566,0.004559269917373891
0.9397225860531542,0.33947106686222195,0.026481734881200047,0.021365575620966692,0.014155532246639783,0.010175954478741063,0.006125028368106712,0.005871108722133447,0.005828676685915854,0.0055610572559837285
0.9235944643148261,0.231950379129015,0.20354138013764964,0.14860019809652147,0.10831509997225577,0.0838776738410883,0.04647660434555787,0.04534617752552327,0.0333926566314528,0.03100876701256229
0.9924873242975483,0.11727138974552127,0.02373266745323186,0.016309394126662203,0.01249909255207597,0.009279377453487446,0.007101727278227665,0.005680478827138164,0.003943142100791414,0.002901443473559726
0.9852668501915101,0.10619567001185554,0.06480690253627946,0.06429639471074552,0.06119203888780737,0.05354520832308833,0.031007514541038294,0.028354930322425403,0.02075855421121411,0.01246723849284485
0.9794442388150653,0.13207356097678916,0.07606639682538033,0.07565297741881905,0.0597914808970058,0.05579274844583185,0.05018285883825192,0.024693003295489402,0.01910548195473458,0.017980909287393623
0.9919038106162711,0.0962447819677,0.0749325704647538,0.021317019651013604,0.018671105623396796,0.009995554148877386,0.008705506252902975,0.00787612302860224,0.007212655697707893,0.006465064138296338
0.9367282383534719,0.31289030874105145,0.10692767515392528,0.06481223551146074,0.05682734359934634,0.04763176464733,0.0436135949966795,0.020192817715154906,0.018041028225090263,0.013831896954180634
0.9751380192354046,0.22086540597178178,0.01128617118892236,0.010090197607550483,0.007375631592535091,0.0032177983229011264,0.0028572053778240015,0.00269446167451976,0.0019251565043885465,0.001132172718488653
0.9799481170345827,0.1262454071782164,0.10024446209047383,0.06526901285910716,0.05047105598962778,0.04249273725246211,0.035670580033346604,0.03255377125876749,0.026332770107919866,0.020493889441921737
0.9684241171004094,0.14868567438386124,0.12425235163684915,0.10327243846305355,0.05538489578056807,0.0460803921281849,0.04391333536090152,0.04294721426229008,0.034739345396310496,0.02932246117670944
0.9866923667605842,0.1130933911390057,0.09392261809242022,0.03540571104164123,0.03173212563527333,0.030158218003689074,0.02976122722848055,0.01486625023179042,0.011026215737393721,0.009250661562925751
0.9883968895453276,0.09151330719068815,0.07268310708367166,0.06603461026172767,0.043660173982905635,0.03683986602883854,0.024205760475578843,0.019737591400031524,0.01411335779990679,0.013493629490957549
0.9766412017269028,0.17067505179261483,0.0703850506024646,0.05149249360340365,0.04732483176134086,0.046004036325034615,0.043988383218939185,0.03512166881930239,0.021206522643721058,0.01965298939282795
0.9639067474230654,0.23797504687466497,0.09083988220069368,0.05289532892157337,0.04089040922237538,0.017257652025982693,0.012764217048419178,0.012413505875032734,0.011757292793210833,0.011598496616242125
0.9366323098095132,0.3128985668354314,0.1470003832459516,0.030765172309148738,0.02787413592953685,0.017652910997395747,0.016336585355361942,0.015895440867958435,0.013239957629855307,0.011995893946466708
0.9709371882438076,0.19613039356555978,0.08046799426675669,0.05668355621172615,0.04759918088801141,0.04231735843592121,0.035910940805324996,0.03258505962368886,0.02224994751609956,0.020879639420940437
0.9952347186866949,0.06551249822512899,0.06286221669243643,0.025128565209496617,0.015287655011868526,0.012959833060773768,0.011339446715218826,0.005261510265729791,0.0042552023011606524,0.003589107431086828
0.9965650702517547,0.06826478700988169,0.04427401214184125,0.009676135802014624,0.005995125589948062,0.0051344155332072846,0.0037264874592032138,0.0035733742689001715,0.0032589504624549975,0.002552512915374319
0.9751363915763721,0.2208634872754357,0.01323716616258154,0.00942593306053565,0.004441410333664511,0.0028492485119366332,0.002826978069032321,0.002242813952164588,0.002149629421375818,0.002050942603292112
0.9969418026661627,0.044622871187144836,0.04240938462308837,0.04024039240877073,0.018322822290659308,0.015263358999087229,0.008003641319463909,0.0038392656740600523,0.0034561571014769146,0.002878194306531537
0.9969734878003766,0.044984698466338464,0.042281621060414006,0.04019883820917755,0.01832663093988552,0.015265725446833191,0.004606803554769865,0.002311075217636761,0.001991931457563766,0.0018764627263771175
0.7638930161758269,0.4350868935015506,0.4140496422094192,0.1567689029962381,0.08380120424915881,0.05501447134625491,0.054303433171952034,0.04926703371423023,0.04849247413695694,0.045668637096153895
0.8495132958979579,0.38399523366415333,0.27551717554393457,0.18502463574231415,0.08679937275032394,0.054771707456309035,0.052087402475036286,0.050347871447078155,0.04001255448851421,0.030252800921461657
0.8174682226630636,0.5090655073557748,0.16493480321521337,0.10748228840047674,0.0994714182677539,0.07774735913855707,0.07449204883849028,0.07363648528843654,0.03296936234711906,0.028090603988775435
0.941189047268725,0.3100243526943369,0.0975948036847381,0.03940924442260713,0.03713692144868853,0.03541132797204945,0.031803135174857916,0.029713483937911435,0.021322783952757697,0.019061659654618063
0.9704349904865829,0.1930288405109152,0.1114071494019812,0.048017762388945145,0.04574597700440991,0.039920597479877466,0.025581327145096193,0.019241441467126686,0.018712237027176462,0.018598445771188413
0.9442865760852313,0.31040695124954815,0.06663428508685763,0.05172792827333405,0.0371176400716655,0.030229612227203002,0.02886868988550267,0.021836882699793326,0.0167781995896004,0.012340763119202455
0.8405690688330895,0.3752245290050347,0.2879118739408992,0.19754093608403722,0.15219645487820457,0.041019229916317575,0.03996556022963644,0.033437539972383606,0.01978668513354875,0.019339893968847128
0.9997941137282776,0.013418642132117542,0.009265113921143361,0.009260933024537916,0.004936299789191143,0.0038605978060080605,0.002535920489869874,0.0019688327479235614,0.0019387061151677474,0.0015827654675743836
0.9983011051005309,0.033577443239371244,0.03302478820843994,0.027288100824725974,0.014720362530587635,0.010128444343133347,0.0075643399026434225,0.0036136998684744483,0.003303490557559742,0.0018671012093431796
0.9983050304185372,0.03343037990969804,0.033021275208034315,0.027295921008499657,0.014726978395035874,0.010174447365235227,0.007571482796267112,0.0036401546084296236,0.0033061827529719564,0.002194233900064781
0.9309322422339545,0.2664876071396119,0.20505367372374766,0.06428955095858692,0.05801111560105024,0.05317663261660917,0.052481915260901645,0.03683615741182074,0.032623704128777534,0.027434032669370622
0.9630349108570134,0.22692184169768773,0.10246267912365942,0.060419716498978336,0.05762533915304287,0.035905850607279244,0.027232253431677,0.022430360083025694,0.017061878397072044,0.012583859543685268
0.9979181564913944,0.058523598510465326,0.01898189685095234,0.009691685317131478,0.009169123844808768,0.00860957369383968,0.005471355732560471,0.004659827645880415,0.003671998946491173,0.003264169370535593
0.9964457560014619,0.0639125692252021,0.04771028359247888,0.016418191335745524,0.013399851052529818,0.012271146259260296,0.005804169622887768,0.004446879776014823,0.004254280797889041,0.0032544195589907024
0.9965791615745766,0.0635056903710049,0.04773072096743248,0.016372888509965624,0.013547031375164742,0.004262542839759012,0.003176573965900647,0.002540796100160109,0.0023805321709952226,0.002211197513581783
0.9592129124339701,0.17133546686560322,0.15195143571715644,0.10399364581123947,0.079350957202018,0.067194562271962,0.04943677751492549,0.031155678388864887,0.02485954781152746,0.0202534955707076
0.9584530373102839,0.22480972339510383,0.14465428443646308,0.06949945122849467,0.046696993159867535,0.031575381617494444,0.025758079335357464,0.018898068591495547,0.013698060983641553,0.011861577421080058
0.7664858373352923,0.44578558391386414,0.3185511552711105,0.18690694893120516,0.14578742755876573,0.11762377555303748,0.10326238515845651,0.07812265658942501,0.07682320931258085,0.07097204262143879
0.9874296192877436,0.10471296344711402,0.09957821567979772,0.045054803543771775,0.0244882096619663,0.019464378109404438,0.019154677362050676,0.013181311760182108,0.011958500094073943,0.010070640897091256
0.9970065848677285,0.049997462155107496,0.04982026413895926,0.0236537624890645,0.017224972468102877,0.006357372149620457,0.005220210549761046,0.004370631945061817,0.002641872032724914,0.002431008719938264
0.9970285319882103,0.05000726868898266,0.04960103944083617,0.023652494553467476,0.017344315588339845,0.00636477465921997,0.005120170882270702,0.002644625731537462,0.002465520616155556,0.002429410217293745
0.8951457404280992,0.361649841467903,0.15938009725149263,0.1329292993251298,0.08924914657144575,0.06185952465659941,0.05173853133718186,0.04324495721061211,0.038963125066579056,0.033635439907717085
0.6774203784316998,0.6655573085890207,0.2414555172271015,0.16321659263870594,0.08102557093469824,0.04009555403415936,0.03483081199387281,0.026138535455559407,0.01885833631695715,0.018297336683617865
0.8433439535933265,0.30351386618745446,0.2998718271722547,0.26271757812997937,0.09713993795539223,0.06709153250416763,0.057513253876387546,0.0542873371662411,0.05347630046882431,0.046936139095595825
0.9974528904091423,0.0415303697211548,0.03581697408294907,0.024629217627275407,0.02283340260231435,0.01456922132066067,0.014128569947331313,0.011159647284508578,0.010021186133033082,0.007910726428645294
0.8663303070176668,0.39820491753660925,0.2718758369268829,0.061687357670708806,0.05117129778645182,0.04209202443899085,0.040203432987699024,0.0370046399199345,0.031040569925354998,0.02463073756428471
0.9290095857278086,0.36270874868756675,0.04481354143514426,0.026364482902426503,0.02427372020848453,0.018788746625219163,0.018473221797278474,0.014396703620972387,0.013328215191031792,0.012146935040193442
0.7663351381934652,0.5503323548631724,0.1996300805629278,0.15972840856167686,0.10973464924453752,0.09376539519617581,0.07693368469581921,0.07364592982408413,0.04714576662992829,0.04653619194900994
0.9934934522095533,0.09462375593425677,0.03782459250698631,0.03010503463745762,0.02916698952305203,0.017269760890960398,0.014428189316809411,0.012535669908945885,0.008787341492685303,0.004347988931359449
0.9944505210339816,0.0934809296987243,0.02993531230113075,0.02969248782281543,0.017374321317110242,0.014505315293530642,0.002827369004903009,0.002211997057019407,0.0021469798948480614,0.001985108032620814
0.9982207932936493,0.04041728791387253,0.031042063159404092,0.018492798763031316,0.016386183441689958,0.014685036154459754,0.006574858404035932,0.004609858206320087,0.004271098127182887,0.0026579891604983706
0.998229226893008,0.04042018843276296,0.031030421794175683,0.018329792481773723,0.016403073739899056,0.014692962238793062,0.006580335688789756,0.004630018152014816,0.0031247777656439996,0.0027297703206704514
0.9675259472935006,0.21651334789909968,0.09603401601862792,0.06001652402092457,0.03506812488609056,0.02225610138091006,0.019567465270287854,0.018188329279947697,0.017953388236284257,0.017628202741798035
0.7019349796283512,0.6679516275382122,0.17832375829577032,0.11113821040085058,0.07858065181437565,0.05228869620509357,0.04309096454035326,0.03288443842357242,0.03007103399798903,0.026539793423529547
0.825813584903957,0.5308897120194078,0.17790687574244812,0.039103364483477294,0.018290441266803847,0.01811434895519598,0.017295950122463617,0.01669933083364471,0.015667669629482517,0.01566544210501303
0.9929161182074364,0.09846469549893563,0.05172144764796628,0.0305939371228882,0.020415677934671958,0.008665691261697167,0.006973802127503138,0.0068659543313102905,0.0059806927283980104,0.005912524440737006
0.9991973343710953,0.027071845460418846,0.0251078824905575,0.008917395525459655,0.008428731156604861,0.006050609633114935,0.004693491280749948,0.003527862866083253,0.0019219814099565827,0.0017606077596948086
0.9965692189685168,0.04524018812402292,0.04431010509260596,0.040181809366345675,0.014338026430140483,0.012936319809864885,0.01055020387300254,0.01002957409005819,0.009954660468198723,0.008857806795655435
0.9930252068077983,0.06452638615411983,0.051381250659561374,0.042478835048817686,0.04046464948213433,0.03374383084247724,0.025050914859009434,0.023622021689600016,0.019135337480002002,0.01629276464250497
0.9961608661563416,0.05417307174355748,0.044738179885034556,0.04013699036952092,0.01470994005441487,0.013583046177191645,0.012436791623946475,0.01114422492338264,0.010141279036987635,0.010075768954983848
0.9937864844707766,0.06424156963807104,0.050986290522576944,0.04378382860728054,0.040332981986295424,0.024371643034622952,0.019685820408229273,0.019185951871588173,0.017388950057929318,0.009364689770371222
0.8451887241438908,0.5242490766031475,0.0807723102974934,0.03815518392735783,0.028390270591078362,0.02095240528064073,0.01948808763458749,0.011556873113521798,0.011439633659301186,0.010597747504884349
0.9757113191764444,0.16670607552251526,0.12277549494230548,0.0454393666570306,0.033031426214757104,0.020964443488815772,0.017230230815619356,0.015407733452662543,0.015203572964641443,0.011314324334697623
0.9713678424538155,0.18534466202382435,0.11510218851147706,0.07441444176860575,0.03346243932505027,0.02623795596122938,0.021029908799664324,0.01812360193928232,0.015066125592824272,0.009534041067513216
0.9792442670081766,0.1290206572433965,0.10040732638210303,0.0826299435652229,0.05238302298880603,0.03404256122902969,0.031170858645777493,0.028964973348258607,0.017893556213889935,0.014646101877944458
0.983653467126094,0.15850583137506474,0.06791565018266693,0.0467459858144913,0.012200198902903369,0.009741602730968368,0.008577869326577215,0.008257922182923821,0.005141151032462567,0.003130161926351102
0.9848481226826445,0.1510595385874342,0.06701461006589882,0.046856246430692104,0.012096619527793324,0.011229576423896347,0.009895559214600103,0.00838538264341925,0.006745645858335276,0.005175860415282859
0.979762609268748,0.1303205264565654,0.09815078734628074,0.08360977774537794,0.035219959345682374,0.03390207509524085,0.03119220756739553,0.026717015584473407,0.026459123490204562,0.017730394139772333
0.9911126277444029,0.0741014129043597,0.0730625122730878,0.046930643957594005,0.04204946062442932,0.0350467661626502,0.0261604143574619,0.013753673238283543,0.013371741589325225,0.010884693257849905
0.9939094714058306,0.07336318696554067,0.04822962853990513,0.04214089943291837,0.03589595511083367,0.026210045855400554,0.013632718565060514,0.011283265865876288,0.009739467685232489,0.007629517136350241
0.9832871010374065,0.12045372620257952,0.07449907236462588,0.0735632130356059,0.05915473347701574,0.04628225323816006,0.026541604541773383,0.023111402141099222,0.015026007950411957,0.009172151942421344
0.9938524673407488,0.07291974356688687,0.055393901192042384,0.04458048152674742,0.03555317542836259,0.01343725962281736,0.009781844636917902,0.009289426712592459,0.009052368428564004,0.0078075768283186985
0.994180937263948,0.07465664566510695,0.045103187662401636,0.04257048694732375,0.03563188161298392,0.020817248142996014,0.013596501495694508,0.009312908563564579,0.009310714763581439,0.004981798215664917
0.9925158580154436,0.10107546203172876,0.04964874665103129,0.03070800980042164,0.023926220520777274,0.01691133907207725,0.014244689958413138,0.007161904020556712,0.0068417367817659,0.004812409648718857
0.9180455341057621,0.36872937048327037,0.10648175238426892,0.0745627345608245,0.04644391471921653,0.023704507463160232,0.019133475465606693,0.01713686152718077,0.014720141819836026,0.014343587080529487
0.9643335676808041,0.1804141857680761,0.15227005357377674,0.04940665618529797,0.04840299342473546,0.04481737609831898,0.04385378539630932,0.03783555112776122,0.03714303658345716,0.025788400862677044
0.9112813010184738,0.3788180628794177,0.1354012457706156,0.04632305849204972,0.042662032400066094,0.03590552468557145,0.02402298080617555,0.023464105873368706,0.017883150629103842,0.014524215064755203
0.9586700464537837,0.21125021110982659,0.18194432500248844,0.0356652568584759,0.0281091351405024,0.013780427772651776,0.011928478982235842,0.010850928616494993,0.009307571483368972,0.008987798775264875
0.988793035331743,0.12617876293344787,0.058273312115878856,0.02938038740424657,0.025131734130493043,0.017688936154979018,0.014819823598563386,0.0131337408030537,0.009541341888925175,0.009527632899448007
0.9998605937251611,0.010421160430199203,0.009564514418849385,0.0061793558029653,0.005066594283567732,0.0023789709891551005,0.0014667693926648149,0.0014417064239172753,0.0010812108404838012,0.0008800092502040892
0.9899430546372766,0.12067732114043098,0.05817740268458977,0.03514952150940074,0.014260182847408842,0.01408101244275486,0.010769817271561045,0.00941859015875328,0.007386996631239204,0.006967537095715957
0.9823337309635797,0.1590522213962001,0.09388318383355647,0.013908108135498143,0.012181171734313262,0.01114237962433317,0.009261989336671824,0.00854012718721931,0.007968482965052764,0.006474536637561985
0.9835950971761644,0.1516768529685327,0.09266954410469593,0.017816231152889234,0.014003264861005366,0.01317744180900775,0.00909332041098373,0.006766687409145823,0.0056116565258817475,0.005513762444983332
0.9978819936127621,0.05795505538518734,0.015063824660614757,0.014691795550954428,0.011394293619556397,0.008984140566566825,0.007659130504106598,0.006675002776826508,0.00433908327854563,0.0041162792283167045
0.9749992565234785,0.1466245213706078,0.08997207838809143,0.0725877787016359,0.07227998851324446,0.05923982140437409,0.03639092763997485,0.030058758534399294,0.028479572589409526,0.022895670206623774
0.9957419323429086,0.08946260221345159,0.011660504148190773,0.009238856540067937,0.007009538823997031,0.006889300332537576,0.006368948349444681,0.005615599673344099,0.005342162484111084,0.004660147795146635
0.9915408309606534,0.12094056867421796,0.025642597954214624,0.02471753193358173,0.018502545237511905,0.016239611487621406,0.013924144416798227,0.0069929727245477665,0.003831129672287776,0.003196671265378224
0.9965388038933847,0.04898225717707927,0.03347188229958485,0.03250187255089015,0.024395393770405192,0.020390598864684403,0.01913185813107304,0.015270983780309862,0.013997396671491934,0.013570225183364103
0.9963244975128739,0.05473914204494246,0.03244805920100881,0.03010201334995677,0.029046805647789505,0.02820078562326593,0.020583328317462315,0.013683327013312574,0.005680309835135387,0.003878880346776827
0.9981946120753913,0.03343477121271421,0.02919746563564969,0.02774567339619841,0.018690651096776093,0.015826416338146927,0.013696293403893825,0.006057284624487511,0.0035053139697795777,0.0020497649302132627
0.9067910244468005,0.385239159694228,0.07389991031043917,0.07224141090518175,0.06425835318773303,0.06320700904762917,0.0573104750186248,0.057135422156895196,0.028021673826609517,0.025400515226408887
0.9426598497758722,0.29074095126078003,0.08545314720870459,0.07650736188588234,0.07343928996701912,0.06694593380840574,0.0383506095513033,0.02636896097275411,0.013685740461472359,0.013407188074221197
0.9423387151035745,0.22454628307306018,0.13980753599897308,0.11843473473770466,0.08625385306310059,0.08076216030812867,0.04620258221472877,0.04508492588072856,0.038520445693403696,0.0381518977517007
0.9791879341543593,0.1723067294491236,0.06828165697562807,0.04567708742554946,0.03701950794217509,0.030087936189108145,0.027958834423380336,0.02381160766336592,0.013305592609863874,0.011635602812616422
0.7893393792790052,0.46482401253641054,0.3820771999553281,0.0915612440759261,0.03131396797086916,0.028351694202809922,0.027991823440792433,0.02682795955089423,0.022147966504777693,0.021832555346978214
0.9884724750700147,0.12958719283602552,0.05815099020964006,0.03177679325287127,0.025891179661727774,0.022591396909047653,0.012844235490688576,0.01136754445183373,0.009606773359375759,0.00584643292594776
0.98151867931288,0.16211415132302542,0.06733029298418643,0.04210497356319177,0.03928295086130279,0.02995889029156825,0.028039522329460484,0.013362823933910124,0.009803174586579047,0.009191266343845346
0.9134568580044586,0.3334107621231555,0.16720873764260846,0.14608616002002156,0.03828081417675475,0.03723311723310189,0.027459157547002525,0.021047118261162373,0.013002738169403255,0.01207680833032695
0.9761786505009327,0.1576835281446998,0.14265839939099736,0.02969107206299409,0.014178975531727046,0.013550286835092172,0.012977381661281678,0.009213868073567272,0.009156227314022245,0.0075934787531638645
0.9105630537385164,0.38213297634382243,0.09945735875235184,0.09468826821896816,0.037011463834407295,0.034780317263745454,0.033201870350722806,0.025356812300168664,0.015837028588232917,0.015051060949103686
0.9995494489288294,0.01658780693356344,0.015467685441555754,0.010662040814436715,0.010130884785571911,0.00934041035955576,0.005519688593474871,0.00459843990191771,0.0031219038771630207,0.0030196047139393286
0.9969295863559732,0.05707938103466601,0.031388420830952536,0.030839690309859426,0.01841225520885149,0.017142393039123294,0.009358844890488651,0.007928278445425567,0.006844078000141794,0.006448022023393176
0.8671335019246686,0.35389666626802563,0.29498559367643584,0.1212497650297675,0.0919541059261497,0.052282000624512784,0.040478710114334626,0.03835413077275936,0.03132926969333281,0.02679534617404703
0.9990299565625445,0.02861122950208246,0.024887569567132856,0.018626285103025317,0.007649290168441477,0.005284570118370916,0.0032155283451933405,0.0031958606346770622,0.002592323564778516,0.0025122117644068792
0.6193708058702952,0.5175377777106566,0.4961363008426387,0.20207407355630433,0.1599311733829919,0.0910497074694795,0.07072655578410063,0.06647000520048134,0.05613799663799986,0.051502603192999444
0.9241278272352688,0.30855450474911067,0.17167707566564008,0.09115344468892203,0.08495532209031185,0.04381255884136727,0.0363056789508262,0.029970054816433958,0.023788109414997344,0.019442290924180077
0.9072087514127987,0.3876758143545544,0.08299543063292732,0.08112627213177914,0.05401473425404862,0.04725177016250072,0.03484838070074928,0.033892550391434836,0.032613620339449284,0.02588638528111446
0.9997271626934667,0.014206721505708113,0.010254062118238176,0.008794938336012742,0.008440019242265938,0.005393704369101613,0.004302923680231572,0.003749592010023839,0.0029257243825677407,0.0026293516680706668
0.9990523235121052,0.03499118900219937,0.020344956711480944,0.00947685271249991,0.008138019470960194,0.005204706841289605,0.005118518520733597,0.0036580974938245454,0.0034465840679730087,0.002635479310730956
0.9937140718294339,0.09261463293323707,0.037125014103192806,0.03706479506096458,0.027782704356004086,0.01773615309347267,0.008056367924487669,0.0033917662266967686,0.0025939388692549476,0.001934803714161428
0.9846086839562954,0.14236063525329581,0.07238564806723873,0.06817275354702466,0.011470729803914278,0.009984172666924784,0.00441507582041499,0.004097483617690234,0.003978754984116847,0.003794143689487697
0.8696266801543777,0.3768069987184385,0.3032173512117384,0.08255223333792526,0.04120945465675807,0.017523219639780166,0.01473432382730776,0.011712329648281191,0.010118315603618614,0.009977137984713561
0.8533976156922459,0.49817344870165253,0.08554397104561004,0.07086689746848135,0.06671026877675323,0.037462210733293005,0.03250487277768928,0.02451457855681887,0.020697339121814123,0.019278984322865324
0.9375704783333018,0.2975605019803883,0.13740242803859298,0.05723721208930834,0.056701869965511076,0.04191082738756742,0.03823843835742356,0.028505727544256995,0.019706081865167608,0.018989979531080958
0.9717401404696083,0.2250097300096924,0.04068225464738888,0.039348642080543825,0.025227985084113395,0.024328660033209194,0.015222252476771187,0.01508973352655307,0.008643869667068082,0.003813667648241993
0.9721446549627776,0.21703277393550677,0.07769743500939974,0.02956398381040445,0.019221041671963875,0.015349805902394384,0.006425975237267399,0.00610827370234235,0.005907098397109073,0.004925591131832965
0.9391903563521884,0.32401894567508277,0.07438044805353426,0.04640892928486141,0.03767888204867194,0.032626374353467665,0.02776061910564899,0.016848502369324964,0.01663375958905124,0.014278904219136707
0.907373757180253,0.3917958230976899,0.12620502130747788,0.044668779215663715,0.030508038197465396,0.02702853352832925,0.021311234735805044,0.020443405218793332,0.019037111181050982,0.018552728706997684
0.8346227518923798,0.4149289945054303,0.2587358619741103,0.12491875054177175,0.09440012897198705,0.09403355764401573,0.08574053756538307,0.05664682677869011,0.05468164316173441,0.04528769740904324
0.9431522652960455,0.2591371945343566,0.15521036492585852,0.10631122007926183,0.05674395627949598,0.040229301046743035,0.03740329954478306,0.01897865137151671,0.014480856896058053,0.013045926033083443
0.9916652890137508,0.12023713019190044,0.022865762572178292,0.02205415470424682,0.019077681184277655,0.013571075066417245,0.013261023789548309,0.011651120325657753,0.00783754422095842,0.006981723838382474
0.9636227754192819,0.22831801714900601,0.1025693496911154,0.08579813494348557,0.02319019587724821,0.01324263697160444,0.012567147359622735,0.009747192562910343,0.009141536983133925,0.00886798303033928
0.919844597319797,0.3848566593554661,0.05485574289198033,0.0419352362299898,0.023786605018893445,0.012971716263689783,0.008106176046899463,0.006451500069780054,0.0053133137316437465,0.00525093513556348
0.9344444337067798,0.3396673069193057,0.07298218209124481,0.04580956867386728,0.03530194064000568,0.02547041807989954,0.017859777988979555,0.017347215964088794,0.016286140369197656,0.014751033081183104
0.972743697304532,0.12065280779780845,0.1105289761725652,0.10460726421083413,0.09171512598126741,0.05597225758139345,0.03275589894513169,0.03151302094657963,0.025969009070649505,0.02402049825570809
0.9923796060582466,0.10240716438095611,0.03588753843652135,0.03241549509674495,0.027203786349609328,0.02621690585358955,0.02203658945640546,0.009009030023687779,0.008622687617733901,0.007507152110439462
0.7153232133954202,0.45360790952317837,0.44393823761653806,0.15943545035045262,0.13639438795233516,0.11986928578979683,0.061601250307925313,0.05491628448137037,0.052699217811470044,0.04525466533088297
0.9693446908557297,0.16313420137972212,0.151051827985896,0.07823627781101884,0.042851475393181085,0.02365550554902222,0.020398867845384628,0.014860085129552872,0.014528276952949271,0.013955929171185471
0.9602845863387865,0.2634265365856548,0.0697701771920921,0.027120212768308342,0.026765031603917723,0.02398746330719955,0.02114719136272258,0.015951957752436078,0.015545184842035572,0.013446259413157554
0.947871654420915,0.3122284240466067,0.04744058974584791,0.02907162527313429,0.0243138513494833,0.008470475345585234,0.006545904980034648,0.006422683500461048,0.005693220947392942,0.00532496454697111
0.9425772363605159,0.321287145333434,0.07277752411393719,0.028758481269305056,0.026915910460691212,0.01868377549937214,0.014537583925371241,0.012462684608672028,0.01198038008745645,0.011221284111983998
0.9319639761862448,0.2418754812214011,0.21884862712573505,0.14233448850514885,0.045109465677862254,0.022511120048103007,0.021505273268229947,0.016893819186225793,0.015529332946053322,0.015101361740561472
0.9953823965615659,0.07950701772255046,0.046697756958314754,0.01890401304540058,0.015686827555549454,0.0051015217829936295,0.00475160001272363,0.003827696439412495,0.003049888216290226,0.0027512585105827396
0.9953845410896104,0.07937026406237552,0.04704938337441515,0.01891661988347307,0.01562755783798697,0.0051081404256088335,0.004942315585595763,0.003050490101034608,0.00278051840518055,0.001972606824367271
0.9081391617257778,0.33821565800439957,0.2329708496415434,0.05553575145702928,0.041870627342269144,0.02617523553806743,0.020261790609020964,0.01318614265798397,0.00865101966915557,0.007267272311510485
0.9363753045624356,0.2898714876633578,0.13850799927904656,0.09912031949204919,0.047973721067934676,0.042877505218200086,0.0411224291328483,0.027730770185544998,0.02325415375029188,0.02051338092603412
0.9700110907088534,0.186216574135773,0.09084614763494087,0.062163148101919474,0.04950525058037687,0.04606758261385825,0.04227166366749138,0.040690691750936994,0.030537499305736664,0.02492476138081278
0.9245734256494567,0.31343632594777654,0.18380996561664031,0.0636756357637095,0.05639812254577216,0.03792434391645007,0.03121427844171789,0.02774659782514174,0.02561830236260357,0.023361406410683294
0.9505844122607541,0.28126689178641134,0.07812468414482539,0.06713327221939917,0.04467126241497038,0.0359713388671655,0.034767544905721974,0.02746651057474402,0.020511190414462036,0.013717103612083427
0.94248105285983,0.31620455695719263,0.08453352723698755,0.048813850091677935,0.025718227748445812,0.015501316927422352,0.014893617364229632,0.012114769932769536,0.010142581337775416,0.010052238801402274
0.9688548175407574,0.20247558304230806,0.08454829827008806,0.07114132944051338,0.05004306783333825,0.04873144502404722,0.021371700263387444,0.021139865361889,0.019140686538224552,0.018592192747266784
0.9459263182477978,0.19685381492016826,0.13627466597645402,0.11782251313368707,0.07847383827396494,0.07740889718080743,0.058477192650373926,0.0574434349904021,0.050289307501982364,0.04530407351646514
0.9746817467999932,0.13963731987087505,0.09576066135605688,0.0885506186878517,0.06756363872432611,0.05502714658873852,0.0435986000336185,0.026147130839848213,0.024984068747884083,0.02337538350012822
0.9954434050361266,0.07085421523651271,0.054401303893880426,0.017870642468002743,0.014098626667075446,0.013254833646425882,0.009601746939521162,0.007864892946664629,0.006525076601094553,0.005313190986914329
0.9869213083991958,0.13598959239000002,0.05180267396541449,0.038303796023854225,0.029088007993212445,0.026712066754678816,0.022946795390027145,0.01823923980221537,0.013994866622352489,0.012051421317284556
0.9460443906136665,0.2984778446224905,0.0869423135756765,0.06152774650657415,0.0464404284703458,0.02438906850112587,0.019698107296787733,0.018838805799974462,0.0157059668796325,0.012401190212991792
0.8862655940783456,0.44244432413956153,0.08439979265584735,0.062006219524269934,0.05734676966150893,0.044000562880117736,0.034358438987791284,0.01828020273787631,0.017440789787137184,0.015360814680964643
0.8607489335474302,0.4603747219877678,0.13165303645834936,0.10442574398807443,0.06543169950653678,0.05819379218922553,0.05216943592065374,0.035382078844363,0.035035425658855236,0.03430863513130961
0.890510133544158,0.43913724251548475,0.07727714661980434,0.04751000165106041,0.03941442628920872,0.03490880519520049,0.030480405836855653,0.026237226053488164,0.023023887007240514,0.014254157652826172
0.9947360258018663,0.07029917781437554,0.05115665376758907,0.036605371746287134,0.023375125193391036,0.020303032373204053,0.013630282085353206,0.008409734916606026,0.007611389476715294,0.007544510239329168
0.8567129280297582,0.41078977974473446,0.28058011842101943,0.10294579000113005,0.0433206882354119,0.03988149525264155,0.032316542193251516,0.0290096390906382,0.024633957696080483,0.01911318498881624
0.9948795221118989,0.07156461288742741,0.050623698464528515,0.03770051385205079,0.020319283725956035,0.012019450246655815,0.0114553439147685,0.008447619235574718,0.007578397188990889,0.0075228785075153095
0.698685861399655,0.6613410737957716,0.16524952717242522,0.15563375953552933,0.07666126241506625,0.058651187322233206,0.04968448032471773,0.04281795102680438,0.03497135589215161,0.029631468562906663
0.9525641370940222,0.2967660503793836,0.03430685306979073,0.033280351708550336,0.02730943690191362,0.021084717542072865,0.018190192983023226,0.011935683490157322,0.011863743145464357,0.01083632119173776
0.9811049681967718,0.14451769468914144,0.08529049280290471,0.06455429021024858,0.042022236849559615,0.025449562679874582,0.018698339980154452,0.017481695814778733,0.017296233128577074,0.015809507533967638
0.9635197463045908,0.20853195817095818,0.09340225910186827,0.08026307810537761,0.0770290356803763,0.040071842310494966,0.03607379039830904,0.033067196219574616,0.027147112379076924,0.019479678177527396
0.8620696874573529,0.4764317524682845,0.11391087962814998,0.06579415172799255,0.054627542462685905,0.04930002089647667,0.04094108321479371,0.035320643083907165,0.03169739261113171,0.029068878984900463
0.6272183854575644,0.6139584082031714,0.2883655317536512,0.2366416406156403,0.15979728911391086,0.09836814046695828,0.097508179744623,0.09468701417680876,0.08408207898415788,0.07739600483905294
0.8721561673789265,0.40696055316059904,0.2043430239884203,0.13380489196903722,0.07016783852195976,0.05886349298306429,0.049153794372578406,0.029667102095815794,0.02361379459276128,0.017217597233394118
0.6744755593728143,0.6253485962745556,0.23284449962758857,0.1493440206742942,0.1219384826559139,0.09871005540889762,0.093647036767557,0.08830775858147906,0.08300423996475643,0.07568009199354465
0.7145476424951314,0.6255811517800259,0.18428348448321494,0.1649282996724981,0.08354437725126417,0.06634093266668696,0.056760479817878656,0.05447316094155109,0.051801955241435535,0.04997950062603486
0.9791820142736426,0.11177354966450095,0.10158796432106176,0.09161830355979385,0.04538717433576469,0.04532884387222358,0.041859001719686775,0.038420899010973425,0.031902982007679256,0.02165801343927044
0.9065864788502765,0.36449755790762517,0.14198661992461478,0.08206243658992432,0.06253715686153255,0.053882069280472455,0.04375338333938928,0.041134702653085095,0.04072094025852737,0.024194257217644143
0.9988687894307732,0.03353532220956643,0.023213435409700084,0.01641574914270418,0.014088831886554487,0.005374328250113577,0.005140310309210521,0.0036583866531380775,0.003309024723124493,0.0019076382717739995
0.9988677355880987,0.033506702142564945,0.023241884086792133,0.016375891070926088,0.014282173409451496,0.006908696382100922,0.005152527883623545,0.0036715894557346695,0.001956456495978986,0.0019148076081697575
0.94647982619689,0.24891912208711783,0.14476584277686946,0.05628080933831863,0.05574876744706624,0.04943966600356285,0.045580135778166414,0.04403310721764483,0.03459287282692775,0.0336078184051609
0.8927544032444723,0.24657803399327868,0.20419989823305776,0.16956751234216785,0.12515786043688307,0.11232401192514886,0.09931943098400761,0.09352500619682423,0.08373613788123581,0.05801626668481027
0.9646145714987846,0.15051008016123807,0.12375409286957555,0.09726148588185085,0.09346758433920326,0.0642521928766172,0.049481696253562794,0.032187547252920175,0.031188447508548146,0.029845649254900828
0.9746058225268975,0.13589639444182527,0.08386758779944901,0.0805313854825167,0.05902306608045416,0.05595008467315184,0.05357290805629841,0.05102270402894957,0.03539875036968393,0.02695582683952276
0.9910303228285413,0.08784967376264653,0.07082974985387099,0.059804170611846966,0.017498434103191452,0.016547344848972387,0.014545559739539415,0.013654542402650228,0.013015994936010529,0.00925718551671938
0.9944619658672986,0.07066215632331768,0.060768702561355,0.028725595216875417,0.026050066026975707,0.015218555300955432,0.011057317456181496,0.009506947672758096,0.009278409386691971,0.008980308459521177
0.7892082225467627,0.3686874280592895,0.29335358378117155,0.2615157220597662,0.18003216616722878,0.15167118599330975,0.095626131621831,0.06982901226774793,0.051327744161531366,0.04469453401688898
0.9982583495521613,0.0341594029255736,0.03337169465628477,0.025444712259423078,0.014827235034837563,0.009918015435001058,0.00815685511029982,0.005658973898063003,0.00548203484962368,0.005397493213799044
0.9834921336261968,0.10810126539799653,0.09125519061993224,0.04627009919026109,0.04545784742715875,0.04378368704286277,0.0436317027703161,0.042330206318280175,0.025070279785760482,0.021875613499161818
0.9410912440322103,0.23043613871285917,0.1999815194104263,0.07359824220372223,0.06503169437804461,0.056979738681590744,0.0478830186086991,0.04408954344504053,0.03207198127617987,0.023288567979334537
0.7436138974444925,0.5105378818192031,0.3744554459572869,0.15933432905663988,0.05906165000540718,0.04872529468414827,0.04704978006874254,0.044830509510585564,0.03721133447169273,0.035819971825776044
0.9934939017646426,0.08093338268311404,0.0413425492849279,0.03466472056427239,0.02659249030230911,0.023672007117925366,0.022969389738638202,0.02286392171228944,0.01701902618182802,0.01432375973991962
0.9900718114651236,0.09534951456815335,0.06820746003455258,0.04302091060130275,0.03777307185883535,0.03009176524362239,0.025637694195078907,0.018039393273959307,0.01777662734597977,0.01274376347475004
0.9907474259851703,0.12051196943353938,0.037349261737846924,0.030162336063379914,0.025968911967576207,0.018548596722933183,0.01186319433796513,0.010378857295612972,0.010347213378406541,0.005763475029726053
0.9916524658133115,0.11808390019124616,0.036713264659187984,0.02604592923257003,0.018648224081854434,0.010261396729269913,0.009936656149104358,0.004956156054150396,0.004905970659462988,0.0037133472498972215
0.9772224745959355,0.11597475248994663,0.09338981021588043,0.09124101763770247,0.06260952141815017,0.058549406345783976,0.05662748436051041,0.029942677167763648,0.026760709591122585,0.023582751220387048
0.9994751196651304,0.020620046367628597,0.01846698056976339,0.009499734686970471,0.008853818766234488,0.0048766636812757865,0.004553786449545419,0.004213283439512245,0.003453248759215489,0.0031279378030626298
0.9996294696158615,0.022759474941609913,0.009508791067387301,0.0060531854142512305,0.005070133932899701,0.004875555619496827,0.0032894841260092188,0.003076593572776423,0.0023903995542165924,0.0018967524703872416
0.9903112367602713,0.09888558054954467,0.06554940136081829,0.054516932717512026,0.02390674271917514,0.020231902604612557,0.018107940596728832,0.01598767935457239,0.012204316906585638,0.008881319446620966
0.9993587749750547,0.033128279767021526,0.009739232668473246,0.005008517286490415,0.0035212392235178494,0.003442098330928681,0.002939213743956902,0.0023013484225458633,0.002120068418354637,0.0020653856871761687
0.9994072727426394,0.03197149092182422,0.009747223408064113,0.005013115095255602,0.0034186403998663403,0.0029433662355138044,0.002018645183578437,0.00198274045245616,0.0016424002268539308,0.001508155063973373
0.8124080936483947,0.3515295303085497,0.30419260690606015,0.2449037023080157,0.1211884850820457,0.11230283284189582,0.07871478865051383,0.07381364715229008,0.0699677409385075,0.05493221273296225
0.9335106867731263,0.27159933871059677,0.12087142627767393,0.09018552549514028,0.08008441104193278,0.07800733661670789,0.07091418986157186,0.045803094357243106,0.04542873118194022,0.043261192275961466
0.8049925126378538,0.5385787538396192,0.1616767869976901,0.08853911326286873,0.08362945423426157,0.06449125708025064,0.040858441452056256,0.038709702193700464,0.037724074862193854,0.0339236754585233
0.9340473612270103,0.28803681705982903,0.15404668298108815,0.11361501632907674,0.05110903352276494,0.04042765728840147,0.02705866349986634,0.023092435567216508,0.021679238351916284,0.020780112680531537
0.7487461151753513,0.4976691098737719,0.3081667788630114,0.17663774826636539,0.16090886476299338,0.07444475757165546,0.06612787395845346,0.06448791775413147,0.060177487564260855,0.0545290699406944
0.9995976849212785,0.019148924477944262,0.011579862007674897,0.008932583117627976,0.008743372053932654,0.006197567310926441,0.005195350472243362,0.004667025411926527,0.004075203521623138,0.003677887688996871
0.9999266730334472,0.008974109016688226,0.006213066031578754,0.0032469140940419388,0.002160117510150674,0.0018590248222008078,0.0015725683250825224,0.0012886999718888165,0.0012304059997602498,0.0009486488234060615
0.998982447477799,0.0316146421603406,0.01920705110857196,0.014328965645060076,0.01421108414362872,0.009830123973502244,0.0069422673304229965,0.005260087348471453,0.005016886082488321,0.004095909256197833
0.999264363718223,0.03199736102111128,0.014643080696315062,0.009869178093462178,0.00695497755783622,0.005963706223238593,0.004699902426138321,0.0034084279251083605,0.003059507198039195,0.0012932735485508733
0.9263403334575132,0.275239131417831,0.18782581963503014,0.09532505059032595,0.0745983840116642,0.07195285031890607,0.06195884127670947,0.03249147037767123,0.03229491010359929,0.029474218283834966
0.9879798289338858,0.07907483246631092,0.0790392876386231,0.07126494276494029,0.0478065531601312,0.03234133732078105,0.02598872254375669,0.023231012045841732,0.022020223565610772,0.02130700935122536
0.6724115362756339,0.6115312123187138,0.332577121989161,0.18051405177862104,0.06642848873216838,0.06523673601714575,0.05732017126325947,0.05371319047124185,0.05203852862760537,0.05144556518529202
0.9729227471992743,0.20152921062970716,0.09237410486012257,0.04143791734697748,0.041407668907197395,0.01325564784011009,0.011920383010651393,0.00942687915707364,0.009232498686718695,0.009024069248798212
0.8534270763856313,0.39985251049070825,0.27601187235349106,0.12305374378176034,0.07142521629325199,0.058869724722646934,0.056447282678889654,0.05345234100120437,0.04401875870496468,0.031599614794784146
0.9954916205408938,0.06931120208624825,0.05773619585279384,0.018191450895844747,0.009756576969556502,0.00920585653760622,0.009177171043243667,0.007377896168680934,0.006375880636576219,0.0058948158277363945
0.9970686980904812,0.07028678707823366,0.01756700918156912,0.01196929877023377,0.011762084216429375,0.010401664978468141,0.006964635699689278,0.006850359005949333,0.005984612469412356,0.005509631221791412
0.8299111444866643,0.42804973764592025,0.19048946083578175,0.16587146281334306,0.13572436324843523,0.12251991700010331,0.07223717686910898,0.06915310103123413,0.0655608737740828,0.057497031296032675
0.9713830113667397,0.14624188025413004,0.13012830901715108,0.09670685635507563,0.05281191202869492,0.03923661552247324,0.034281869034467,0.029491207169337126,0.01971527916807994,0.019422041682656592
0.9899477952416614,0.127218998679606,0.03898688807538381,0.03502504391769154,0.01915979180877059,0.013377133508681157,0.012289668753881324,0.009741059674214726,0.007368253217316632,0.006897099494512465
0.9968667836669818,0.07213769970953421,0.02310596799604034,0.014491509311830469,0.008631716156351613,0.007271219032973906,0.006141292130396865,0.004734177859745032,0.004575633729859996,0.0043784257463701645
0.9964401552390372,0.07236998754893303,0.0323002623582988,0.0196190689412989,0.012544380359912606,0.008062076126179372,0.0066813105820519355,0.005714610803053026,0.003660414591215248,0.003613201011645671
0.6922326700602949,0.6750614377966011,0.1506724810898566,0.09990254535733267,0.09348674469267775,0.08120234583653073,0.06260384148298204,0.04914823727909601,0.038236408729733565,0.034338825517838414
0.951793402380279,0.20080385865908473,0.1904370624092554,0.07103891418757347,0.0676001434733191,0.05277609658003163,0.041492954840957094,0.02111581605228282,0.018728252436081456,0.018161429775974004
0.885875514666392,0.3989099293341086,0.18341361837110462,0.11148907107121046,0.04649234785015024,0.04378419227379031,0.03762440573504208,0.03695139596794619,0.02661671155079852,0.019268044631828626
0.9769390905363607,0.11960266912662552,0.09787322047695451,0.07271411154327434,0.07054686907811925,0.06052253600491671,0.04759378312867497,0.04643868731436668,0.02774409153853964,0.020555999183002834
0.9730907003781466,0.2029226707487427,0.08384997364924046,0.053454209842553356,0.026568337657535437,0.01897973229752226,0.011175779465773932,0.010714993730493547,0.010642051937927317,0.0101261666050454
0.9749284087271268,0.191510552460084,0.06964533932825835,0.048668998794382745,0.03894559901347574,0.03437426015040055,0.028203357215149924,0.021204378601051697,0.0188050692529758,0.011887712477206769
0.9734769078616893,0.19473712003452387,0.06401061628744845,0.049581519852501775,0.03993974363506519,0.03919545423396658,0.03561474345088353,0.028763560644092894,0.02822612919794152,0.021204207662220812
0.946150412539395,0.21517394456106922,0.17392406538741584,0.09982633085888178,0.072381661487823,0.06302798775007101,0.03944142399260949,0.03703359571270073,0.029541353944560342,0.028589370044225976
0.9148693644643389,0.24790652936804933,0.24531912316451832,0.1374001228422317,0.0633298463562659,0.0582988453756212,0.057631196240394325,0.05572224815016035,0.0382209999157209,0.03320341618643278
0.9783690408719135,0.16221444892143314,0.07363443738951297,0.06717839907526199,0.04961637612868837,0.037944155533639765,0.027112334665076974,0.015449249351410725,0.014760111964852616,0.01320189688606481
0.9806420945547981,0.14920562864038348,0.07709960822796097,0.0684844083907982,0.04964088055945548,0.03624828116963258,0.015996695611512127,0.01503233936301915,0.015032312169294551,0.012926316212567781
0.9765572802161337,0.18547570407986785,0.07434553366248393,0.043488568800070446,0.042249850429465316,0.029586881898842086,0.02180381628923637,0.017175551310671888,0.015904909590929227,0.013009504773344541
0.9404583186072302,0.24417259274158984,0.1399454587408339,0.11687846369601204,0.06925714570078165,0.06437543624984733,0.04467733645154856,0.038991350292668626,0.037638935885211194,0.03494656115280069
0.9712123610367285,0.16739507072529441,0.10220647750270295,0.06724843910414399,0.047379885466729825,0.040243826277148204,0.040132003824873745,0.0390405936003116,0.03568498758121212,0.03418521178301312
0.9992139388798339,0.0263749489978016,0.016453192447693932,0.01319503636314987,0.01091779217680309,0.009335354800505903,0.007070453581230126,0.006840431200134095,0.005684838126556291,0.005482957371854166
0.9775877184718476,0.1153507023067387,0.10927093755592023,0.079786563976576,0.07010690025935475,0.04709377098651114,0.04698031671314776,0.03422094343841372,0.018501170133943316,0.018199919893681592
0.9780879560148783,0.12388401209916029,0.10420688769338979,0.08042846714350962,0.07150959093706323,0.04712470066165199,0.03494148950169908,0.020783078459138717,0.019509791806404064,0.018218033729298665
0.9904706405010102,0.12030135390719016,0.04107785563502481,0.031194296501260117,0.024631227230909037,0.01867908755655871,0.017760491471788074,0.013170691337474413,0.011449096942459618,0.008475874000292594
0.9947875516013623,0.0720303289018357,0.0635142941003059,0.022550674490349552,0.014156857172785682,0.012362301956955375,0.012318191563685547,0.006307192839194409,0.005630355284623844,0.004265613114584998
0.9945095953278729,0.07576362129199386,0.06351909648065406,0.022591765852590075,0.014170329710839091,0.012438044070079294,0.011317605139351407,0.006472999316622861,0.006007880109042856,0.005731775934187586
0.9969860095383757,0.04187105236723216,0.037560664905442846,0.03726109168320932,0.031134949196242913,0.015583407495899851,0.010740541153862386,0.005792672190742182,0.004681842745101715,0.0039710134568771175
0.9285521408992118,0.33365118790324605,0.11565302283880165,0.05559983835442327,0.047561065738913264,0.04051611932071624,0.03336422210182884,0.02797270015908262,0.02592158868935698,0.02118515707382521
0.9910548770704,0.11254104392029111,0.06499437047683461,0.017371182497364683,0.01613327560309123,0.008174858943373114,0.007718805290076532,0.006301612474429682,0.005297700436704392,0.004478787472553158
0.9900297283661065,0.12113768268386037,0.06495751177623742,0.017460848615754282,0.01693364156513281,0.008956451139333592,0.007716124839233761,0.006207007699551769,0.005712009686947943,0.004585950962620605
0.9534275669572345,0.25491131396487404,0.11628095504626278,0.06404177262944236,0.05471839985940966,0.03327356559006385,0.03143868341451486,0.02344304536705016,0.023425836760721925,0.022364853237832313
0.9950567168500498,0.053992542364415794,0.04524902677719065,0.03309241409670359,0.03278215812632741,0.025580955417947943,0.020711352298377984,0.01797053326190604,0.016658313768198645,0.01486591881390354
0.9309536741098926,0.29964162106043474,0.19039135812459743,0.049363791195482905,0.04370432207789609,0.03729576795344457,0.023298975341078637,0.019969070084965734,0.00992884281189104,0.009425062785389076
0.9328936692507879,0.29248733694874307,0.19498194794160045,0.04373006206651257,0.04183779300625007,0.037123917134001316,0.023324849169741826,0.009463572799426558,0.009365472772455495,0.007442458149484281
0.9589985215443189,0.23368410697594047,0.12022448130223401,0.05603031541438767,0.03750764817260255,0.034260105266581894,0.033305666329358705,0.02926535382070398,0.020752048927810726,0.02052668561479054
0.8003065795403039,0.575321401835342,0.09611116740904203,0.06752641524617356,0.056233418682116405,0.05477787395623005,0.042185540468191035,0.03704118209815819,0.036695076622628754,0.032247537801500546
0.9869106399915918,0.11646018119944584,0.06692498238481755,0.04850933841337167,0.03850662388791423,0.02270673505820395,0.02072451798674518,0.01999315833820489,0.01989958736036876,0.01705788711048934
0.9743706834734392,0.1651339335899344,0.07671279992969356,0.07353667982058505,0.05776649161283251,0.04244275419307249,0.035179252517912415,0.03327142006104399,0.03176195470562636,0.0265136950709972
0.911566808971853,0.31873712941500754,0.1873552398999023,0.10867337071784233,0.09705749312464977,0.052646828627379245,0.048640650576559134,0.037488037451779775,0.023710235073913236,0.02204825142592894
0.9649492385738566,0.23245755000075585,0.09593408626892848,0.05285990316485566,0.029121486130397473,0.026715474380636876,0.024037675950239583,0.012807246515913548,0.012160081187461666,0.009792053037085063
0.7784973436647187,0.5850785840884858,0.12770032687970545,0.10121958996653393,0.094147707260287,0.054048502709101325,0.052806470396073835,0.04471381215223613,0.041792526133168945,0.03914585931401309
0.9187275724647951,0.28695409020953694,0.24824568103904668,0.05238723866392267,0.0394869088762574,0.03440406718343895,0.034042486882553145,0.029877259249625115,0.027925154309648297,0.02560320035733615
0.9849019449150026,0.10367085808869443,0.08194310991654068,0.06865797222514279,0.06741137585074514,0.024785795973932632,0.024338095811363387,0.023509726892482027,0.016262402257685937,0.01463870958829742
0.9593331565990769,0.15376210537403487,0.15200720052965894,0.09527311331534483,0.0814889096490787,0.08009897082086564,0.06715305373745027,0.045904899184698617,0.029319819353827836,0.028165183139899
0.9534765995007167,0.27016092398466035,0.09066386679181321,0.04833393583446647,0.04430590529027479,0.035138168417999854,0.030450316625075552,0.027308254243326373,0.018543505256482917,0.016799174233884856
0.879274897551653,0.29345250876652285,0.2913781715982941,0.1609037421294773,0.13766983678752287,0.05445370224425011,0.04266477919425769,0.03350884648869947,0.03016221924072123,0.025620271173013066
0.9286147035036179,0.2971760850946702,0.17874245863343455,0.08537493837782081,0.05802301633278195,0.04589485028676076,0.031630662685205715,0.028868151982193887,0.02618676041430213,0.019178724721335035
0.8744375703378476,0.45482996051934205,0.10697207847744217,0.07064028871491121,0.06336395709905546,0.04404232572997191,0.033245429578714146,0.026109598186803425,0.025378252823312613,0.02307897381054536
0.8906374141731559,0.3320693686051363,0.24442709198551152,0.1617610627523508,0.07472982744333383,0.03395396673005571,0.029121587317856603,0.028513995422827204,0.02274906932212272,0.01873430952638129
0.8930858153370905,0.24560373778094588,0.2387474538777438,0.19042369030754527,0.11899386348307894,0.10747817511291473,0.08362370848688883,0.0783308234460635,0.04180009627254149,0.03575902925989034
0.9707505507998085,0.19107479090774873,0.1039954296276876,0.05990892955464602,0.05089716067907409,0.030509663245979975,0.030327277436138885,0.02142101986953408,0.02017208369978818,0.018985691322822726
0.950523319721203,0.26354399666577205,0.1249208282411418,0.06986924603792757,0.05398430678265935,0.0373828103171538,0.023908232829043287,0.017289353522824614,0.01714810149097017,0.016091423768484516
0.9831463822759853,0.1258794280407806,0.07563591481801138,0.043901207029434834,0.043504939169618194,0.0373353260391528,0.034252104237938785,0.033111033046913645,0.03263218924994813,0.031966259871841436
0.9815631572799718,0.15152824368564682,0.10750321788988812,0.023195743365653457,0.019686973230947303,0.019221927497790798,0.017851516636184995,0.015187560836856987,0.008489399183607702,0.0053963146776171
0.9973585235944074,0.06166011026661913,0.03215069505737768,0.010868292487665498,0.010659185190123613,0.009210360956044113,0.006394318926146954,0.003705922303017912,0.0031399418012414836,0.0028678378390103857
0.9973729046981721,0.06166137986093385,0.0321283374954676,0.01084959419761825,0.010617579952935993,0.0092206050464518,0.00640189666760202,0.003151725286812918,0.002754691982139466,0.0024799398679304797
0.9569591211979418,0.23736461958944713,0.08857872142295664,0.06382721872614493,0.053766988339769485,0.0494986079099914,0.04227729478330227,0.039054485603530704,0.0330841375833763,0.02807078394067125
0.9224568143144535,0.26417064230779114,0.13820378701415773,0.13334127787560462,0.10355176636240787,0.1035029840033505,0.06919270513613142,0.06747466550752182,0.06690948837457932,0.041182823968580945
0.9553318761037064,0.2800979358453142,0.06296049153464091,0.0470151213373751,0.027237279605052758,0.021000365601242566,0.01885148187641335,0.016302519245947094,0.012805235073861191,0.011668001464812488
0.9768354085303553,0.1379994361237032,0.09884371663113135,0.07814817083405172,0.06814910539824648,0.039356518537180085,0.036390012769201445,0.026538372294240654,0.025286018817962618,0.022839430226682146
0.8746385243636035,0.46380112702939785,0.09504849137640006,0.046309398368428685,0.044973069691779395,0.04051851704085889,0.030962099967981497,0.029317330673539303,0.026004138645022726,0.02504439463626524
0.8508019257434871,0.36098465944081365,0.33952310716346207,0.1058086213965917,0.05897505190964103,0.056768907212611776,0.039665559286061455,0.035566589054379066,0.034617607890764644,0.032546975436351676
0.9394523076528749,0.2521135579602253,0.18721603485728894,0.06374407463930627,0.06051662147425872,0.056897132384493614,0.046054504140197884,0.032802730705029357,0.0293395212687631,0.021593902867912268
0.6302638527232388,0.6295602213877364,0.2901070871557056,0.24723171670804914,0.13795308783723226,0.12672554593010535,0.0939486205372473,0.08525372326426944,0.04572952152192038,0.038732467035943456
0.7318157982622954,0.5457495724183784,0.23862514213095695,0.21957979993163296,0.21048526401657552,0.06744073000402508,0.0565913422469395,0.04415533751042988,0.04193622573817784,0.026556573205200173
0.9689834007146074,0.23065655791197182,0.05819718005772169,0.04792179996233475,0.02249975510788605,0.017472909813405147,0.013944742926839632,0.01180506075162421,0.011376807818142428,0.011251898063552838
0.9416219650678734,0.24495281558745416,0.18881178807720742,0.08167305680116839,0.05665138505366803,0.045858381898340315,0.0314655937058922,0.02521843901685937,0.023731575609747306,0.022996425834498978
0.9113925093355659,0.3404531570306561,0.18330511594981996,0.09065099128899246,0.06073990695492955,0.04387762935583589,0.03547378121904323,0.03286902712815654,0.0312962544082826,0.030452798666351477
0.9963251839124796,0.06861835417158539,0.0330396373863983,0.028852083366332153,0.017854560462739952,0.012845070553945357,0.007892086970965263,0.005558529702344126,0.004494952498886513,0.004339546795926796
0.9961499408810106,0.06979201548933144,0.03305188476602592,0.028813093109629293,0.017846306141537434,0.017582380006143226,0.007883595699006414,0.0073536328913918845,0.005576999546999866,0.00501329111554254
0.9140989472741405,0.3828459891225128,0.08165875937072344,0.046290284053615086,0.046288394760642906,0.041089422398115985,0.03672320647773046,0.03058083151144227,0.02410050931199034,0.01881043327474462
0.9247574377738114,0.27798002269040684,0.21019266226839967,0.09759409280985044,0.06332623165237405,0.044078586030185565,0.043456252144062846,0.028848829394442832,0.028654701937592023,0.024061658514753673
0.9964466878835273,0.07561818928417646,0.028695480299862013,0.01625569816605373,0.007394104312480763,0.00659060099351897,0.005527240536557974,0.005299032067878465,0.004826760538646423,0.004079977461475374
0.9945444285993081,0.07618073925650813,0.04540228688674412,0.03590844045713612,0.028212149794512073,0.021719039235581068,0.009149676315781806,0.008590006292769698,0.007202826470328568,0.005456238316883179
0.9099122977192762,0.38689408675472814,0.08374470037249787,0.06331546249193218,0.05209413423877139,0.043390583256061904,0.04312670725540496,0.034928159430506256,0.024364094846882803,0.022897305813805523
0.9929500772548627,0.08125523160393369,0.0781212808462516,0.021411511227845962,0.018865205249630056,0.010208908058909621,0.007744946815559919,0.00761387184558145,0.0072210556965040034,0.005987009269009146
0.9927800595508843,0.08126813335831277,0.07754287995940137,0.021431888736522162,0.018735077775959307,0.014805817489665335,0.013767576079722153,0.010188881378294918,0.010155525602676286,0.007974220065307635
0.9701400082993888,0.1789759284599772,0.11629357445156906,0.05765496868310722,0.051732413182125736,0.04207335878889258,0.03340034491112304,0.03208985721633802,0.03197345255038054,0.021084204585344844
0.9165923996076152,0.25355490903928707,0.16654635130549927,0.13881567229821745,0.13529517585823103,0.10103806658815086,0.08822791231438733,0.07202434021700008,0.058282418723951,0.029150792232160567
0.9838600566276082,0.13480811581984548,0.08162977238255656,0.05089224111665843,0.03194324579390884,0.03042989554766368,0.027802719714033263,0.018102462801646242,0.015735779434486896,0.015537131012656556
0.9928620768886693,0.08642787314964312,0.04547628824128745,0.04102709383532815,0.03220475847791652,0.030912209198280884,0.014873915875509241,0.013748910768052219,0.009965923112922652,0.009943009438017042
0.9702739936946019,0.1982048232602667,0.09720686349947283,0.07217214778488894,0.05209159614407608,0.016402734760406566,0.01548161634902086,0.015132426242489587,0.013613760288965708,0.012685872833624993
0.9563230939832404,0.1417115043178519,0.12746766261889722,0.09785245097917102,0.09250899435431208,0.08554197840854612,0.07804804208102499,0.057597627671445994,0.05441119956390225,0.04937661692800637
0.9947944746132994,0.07211866214227042,0.05586110037366477,0.02124202043396891,0.019985728217556502,0.01609480316830441,0.015344721993428668,0.014582204194908965,0.013913035656389811,0.008607394787284941
0.82638112899999,0.4438220239380424,0.2532509370869893,0.20216529239062428,0.050010076936952794,0.04998751131309523,0.04368500449132632,0.04090497209236731,0.033132108933628196,0.026999448904318154
0.9265931443691532,0.28160505419225995,0.20327621137889185,0.06001151895606789,0.05847088738966021,0.045447078470520194,0.044789967687145354,0.03819867767288946,0.033889819072517986,0.02868061775914356
0.9968376221911956,0.057711306017383904,0.03458676456501648,0.025489562240000502,0.01875125845068323,0.015822867446365546,0.01324746737403124,0.01157064638081141,0.010087730547843695,0.005374890500758722
0.9482515295052889,0.24573007631929153,0.12015838180710978,0.11216137260320583,0.08386338882921159,0.04308352132783438,0.03705133599224767,0.03298188192393721,0.026636434581575316,0.01973653288217585
0.9500540727010124,0.2779263917163769,0.1187791335938487,0.055810844434335316,0.0266574964762223,0.026419111622881783,0.016636182884374726,0.014172987923929178,0.013222760046824789,0.010900219781921917
0.808647986643393,0.506115115722773,0.19350618785024384,0.15434857383986642,0.11003262874769659,0.07350682622842276,0.049530116863105086,0.04114275286125241,0.04112929917858428,0.03439699737054891
0.8760097959565405,0.28352954350091086,0.2546368116882859,0.2056147695291408,0.1251150330731678,0.12310477821356275,0.08885998871502664,0.052104048510895805,0.03005291048416851,0.027687502439504293
0.8804841718273878,0.3067823610284434,0.2600201472522891,0.19722632897860357,0.08599204324725669,0.056396172602009575,0.05572673615239937,0.034199163646501725,0.033880216172214386,0.03251684989810111
0.9962084352886356,0.0664928743774012,0.03943581040942533,0.02366204271049154,0.023572114268313498,0.012903507293407048,0.012170856044911704,0.00544269539604432,0.004334897686127155,0.00417603579944457
0.9958246556845948,0.06673294777232507,0.04388649377102384,0.025095206803194044,0.02089713355601403,0.020820732607652104,0.013665853674648296,0.009299560739536382,0.00850723926310464,0.004454124802148888
0.9418076621332648,0.24663160507812767,0.18293458064966814,0.09199894488273679,0.057417864980707826,0.05722726273014679,0.03418002897665345,0.028935566744302706,0.019255433020861416,0.0162409396167269
0.9163285616755079,0.3188260947267886,0.17216306327031056,0.09904737431072322,0.06884165858004807,0.05781739361539961,0.05127656458565204,0.03624951558737507,0.028069368011934232,0.024716705243274153
0.9294726309519714,0.250005795480376,0.19677537764963943,0.16262634290728115,0.052460569491235044,0.04825005475454784,0.03620800595445371,0.022900513903925862,0.02172227020764662,0.01669676223598589
0.9988765251852809,0.03406452893352387,0.018622505618509932,0.01482638617274145,0.012069006486404448,0.009812491763121944,0.007589471482753993,0.007381080607578201,0.006049808581459789,0.005886621075397715
0.9962706575751827,0.06373744413512354,0.035638155319098995,0.023481736779278336,0.02298204386659876,0.02195498380998386,0.013386477192057182,0.009312891213421869,0.007600084103792463,0.0056314313632644455
0.8746463421432249,0.3976092366695481,0.23069912766222742,0.09685886184826252,0.05310259593416193,0.04533980271783894,0.03643010516237401,0.035591983995952675,0.029277506211404923,0.02842749230975561
0.9971287084283341,0.06917696466135435,0.02622913713236203,0.009239172016970783,0.0060119921842278785,0.0055002797921838206,0.004281130709549987,0.0034415771271644005,0.0031856736514600014,0.002525069396896738
0.9968385101628263,0.06942665193430418,0.03069356338100739,0.011318928011867579,0.010241183335516596,0.009811455606352026,0.006319476280702225,0.006036560729498814,0.006002335279236088,0.005932790212772909
0.9318692081708737,0.2812841351020341,0.19907550454586337,0.0849164694473593,0.050439160659832095,0.040968353181066806,0.019124949771099426,0.013590589567024535,0.011000978048958696,0.010524732610426071
0.9897560860458413,0.09799474626125626,0.064755449137946,0.0419588453876543,0.03378882837033991,0.029501404638808345,0.021329102491987197,0.020061331401478935,0.01921541785415687,0.01917385899980393
0.7891861310986775,0.45522338142568,0.27370319293820106,0.201239429815187,0.18796092679897344,0.056671852016711884,0.05411110345861747,0.05311024763783256,0.044519181522606824,0.031483116247398774
0.9711930888081272,0.1324604419971832,0.12886822270128742,0.07877142386597341,0.07117349419904091,0.06414308900115129,0.04793275790933014,0.03558201319179667,0.028166142020860454,0.024686366511974422
0.9644162208630087,0.25636838643694543,0.041279166507908756,0.031160651165218673,0.02522889321890551,0.015434483469196965,0.014003282367830383,0.01001027025275176,0.007381343489303204,0.005787777327491169
0.7449280947113368,0.4772377790420223,0.32884760228969334,0.30492225496001896,0.0776587567303846,0.04754820791031464,0.037614687881292144,0.03355803768699927,0.02779291077092324,0.022130677757617807
0.7526039234303146,0.5759072938990204,0.18420511393330066,0.09622698935983674,0.08359417049681521,0.08101469773362499,0.0758971198770908,0.07006334824011817,0.06157218556857752,0.06011260037514073
0.7678811316778434,0.4589071832521021,0.2965142007158126,0.21790706221766443,0.17000100184882222,0.121698900706331,0.0916999062046358,0.0817334881033651,0.04143744067179779,0.023236203554856002
0.9847376009725426,0.09705741783296232,0.09420711403600843,0.07008627250684943,0.04124585152311214,0.04080169263554125,0.03258199704029148,0.02937313054411333,0.020176254274952014,0.017630812444371112
0.9782860482564634,0.14404870856438629,0.10025145009765069,0.07075600402814604,0.04216397346827791,0.040022131377850385,0.034020992824794836,0.032287324336623915,0.019895696268400993,0.01850188908447414
0.8173300211223051,0.3653828031895801,0.3286889243783885,0.22026756825319574,0.14276845847920228,0.10211943337192166,0.08023454912326052,0.03548145198904294,0.023359663981059795,0.017627253643649782
0.985211615615882,0.14289377824313607,0.057640221049703816,0.048442646909867694,0.03645422838190022,0.022706956302983475,0.01690118144894538,0.016112221341302996,0.015614159528934784,0.014551014749990814
0.971839625229602,0.20793516298569117,0.08617718006613306,0.035456429679671456,0.022332413583640923,0.022024706004925634,0.021171910810399264,0.02100831747685339,0.017134487745493813,0.016042234145843756
0.6522263192896852,0.6068834994764638,0.38251986028378004,0.09039535045922412,0.08575232687844908,0.07533337144407287,0.07226060031591297,0.0715941373820222,0.07113729579361051,0.06557437596510136
0.951167557251424,0.25796395993174154,0.1612648732877457,0.027636887400092243,0.01636777358096193,0.015655974228641272,0.015123175396197121,0.012919090186447772,0.012055370350121292,0.011024294273424258
0.9705703369608845,0.21548407611265327,0.05539720481139124,0.051667238246071986,0.04814006163354245,0.04106764655224705,0.02359767023577468,0.02215379857553575,0.020899590729479087,0.007116267518151364
0.9920648752610584,0.09433910503818048,0.05500198560458479,0.04215125326396617,0.03904747981556546,0.012292911303214069,0.008535288803642968,0.006844803771716545,0.006836637180898397,0.006624580504174242
0.9913256406661161,0.10191182962463094,0.05499153798668132,0.04201149500231615,0.0382087450395154,0.016815083215633346,0.00857270166877288,0.00665147084682151,0.006640957088618553,0.006227319906453114
0.9962645558430852,0.05464807986042823,0.0523605570424263,0.02694876231426385,0.02287543628710466,0.014124074432935084,0.006606050818115736,0.006517494028050445,0.006508166134889934,0.006452806794771699
0.9883590581857085,0.13008590524699393,0.05662714781721203,0.041436324793500574,0.017773466017265243,0.014787300688249154,0.01329265123438401,0.008928387586698875,0.008720422254480824,0.007730637007834133
0.9974249274969267,0.0465859609985172,0.039709556106527995,0.021646992037276287,0.020059176847860852,0.015527433596627099,0.01155716483278554,0.0065046499873140816,0.006135463984278169,0.003109380556349143
0.919722675572145,0.31369327301734423,0.1555731983715345,0.1276358879362829,0.055152827874510486,0.0495289744466272,0.045756325960399795,0.045275942280257456,0.034334567957250206,0.02936324482552044
0.8780219283396343,0.3413368374422499,0.2905155442947204,0.10668631758062791,0.08459703216037325,0.06282493000915071,0.04389595212234923,0.024891700450170806,0.020267520951480454,0.019432583187517803
0.9764555309925265,0.20730303133079095,0.048119631359687894,0.022901100072278587,0.017750682110959176,0.009392568807234342,0.006498449386464007,0.005408052885105404,0.005332365062614086,0.00497404248114021
0.9698988850446993,0.22805559520506347,0.055590623779916915,0.03511450388229477,0.028992458335079952,0.02783245575783764,0.022575007615684536,0.01427719465611534,0.013734202502044247,0.00811275988215109
0.8623801121838893,0.4070579358587388,0.14679262675474752,0.09653968891105162,0.09254173458911252,0.0889384931001861,0.07384696702379402,0.06567797026918594,0.06548519114747672,0.06017081820487885
0.9998025746114251,0.01247860812312568,0.009285497638988902,0.008494681154292959,0.004958963137517474,0.004287775667720305,0.0039491670736441645,0.002581118612894278,0.0015116909854499068,0.0014475929749620477
0.9998126911144534,0.012559941719983982,0.009289781932753042,0.008563672213010291,0.004961065646973728,0.003945943196392689,0.0025744816874889824,0.0015211206001228253,0.0012464536140013233,0.001152926063905197
0.9973518513321317,0.05925147168746849,0.029257737785567412,0.019182623426071264,0.009398002659251458,0.008648919653458145,0.008258591799672008,0.00777875974860901,0.0058782462212293015,0.004629755774808233
0.997866324664727,0.05936448958081836,0.019214205950488786,0.009094552978944513,0.008845094028054383,0.008289422494451965,0.005879220670295717,0.004654208063390464,0.0032745033308323695,0.0031943577803484518
0.9630781862992482,0.24087723571212766,0.05501792810545943,0.053398040936146536,0.05162973610318222,0.036198676761667714,0.026683220411282304,0.026463274970699082,0.026050231196782816,0.025794655709694733
0.9536719401750624,0.26003955720067545,0.10678022665922565,0.04640078137063119,0.04322390130429831,0.03887573109511437,0.03809692620154884,0.0313855703167807,0.03092972663183997,0.023965165125878738
0.9519393811790172,0.2667995875251171,0.11489249297163427,0.0461046824582662,0.0448736600451493,0.038491824846338535,0.03147768341682655,0.02390720186984862,0.021045977980637256,0.019632417250970778
0.9912759871605559,0.08484061336652443,0.07163694242480415,0.04627488121239574,0.029783635142715332,0.02559754974614646,0.0197740951701404,0.01938991768494663,0.00936555508773664,0.00919065053110179
0.9915013462088942,0.08623878539918335,0.07384925554164987,0.04625840763677777,0.02561105425126752,0.019811045050039326,0.019426497095050028,0.010472578698444448,0.009227958227966092,0.008488176716351636
0.8038955256396375,0.5664936460464194,0.13892088354962648,0.05896444615731377,0.05632219762799532,0.05528310672581465,0.029837814527453686,0.029736287850365854,0.02087593081896302,0.0140323842905229
0.8137199590509812,0.5756130727063824,0.05603824241979333,0.04199818685266414,0.026727764156672558,0.021155347719955732,0.011810952993300495,0.008512852502395623,0.007019989273017503,0.006035810810617664
0.7226659196951879,0.49756694341262825,0.44853599399161836,0.14971623732404085,0.05995260758962941,0.021554626296725228,0.019843564093154055,0.019093558222698676,0.016067772085380804,0.01567021777086514
0.9565118359786446,0.17741137715207203,0.1507831547321974,0.12393638583208265,0.059333063960791715,0.048029799825748405,0.04170579390959974,0.038331053423005905,0.03293999274323598,0.026443425315745638
0.9967897206657494,0.042603480964421084,0.035502954411783125,0.028866847946423944,0.023013859241213266,0.019655466274438343,0.0189715824279461,0.014621133154479715,0.01340243711420211,0.011635447305794137
0.9970111165991091,0.04334090523007327,0.03643052347535732,0.025864232074297663,0.02302531928599329,0.021175029462936364,0.014651745953687165,0.013456229159855112,0.01209547703349727,0.010663758349641242
0.9968933835763107,0.061532539183752635,0.027649777405995883,0.026526157092506976,0.015876504409335718,0.01550964710711471,0.011492974846022783,0.007541756818246309,0.007492706880851903,0.007170003165044273
0.7951703034995812,0.5711140103011023,0.15452687042698546,0.10589881587769562,0.053229139368776275,0.03375906325615332,0.023952592062712157,0.0210572066646325,0.015518143556366985,0.01361393417879989
0.9982361879548194,0.038455839992635105,0.03574648032490508,0.017607168434033607,0.014069551230233738,0.008395457590722827,0.007520478279127098,0.005357723616974857,0.003609876278774646,0.0034531826517856354
0.8284822095951104,0.4298320011267807,0.3070455831055219,0.14028319055826585,0.06486235962135867,0.042268472119587716,0.03718096256374505,0.03492036537202832,0.029320858103231484,0.026937018659645654
0.9643855402223318,0.25749834667422233,0.0289698190851297,0.022918354969253117,0.022063329642369164,0.0196386599256628,0.015332273881928654,0.01397313411778242,0.01240256274520138,0.010556349091074077
0.9627236288205407,0.2646922932389289,0.028659175310450372,0.02457243687942707,0.019629409611151245,0.015039662665537828,0.013994540172977068,0.012637120366202374,0.009567303471481851,0.009057697485534054
0.9488963644462519,0.26020786981062094,0.15953089964933997,0.06246805699888927,0.02611041453839822,0.016284214518297098,0.015962624542139175,0.014978922078418368,0.014773034476502179,0.013805320268824053
0.9688181556707064,0.23754722677598927,0.050864310642826635,0.029191054876238853,0.02281586487322243,0.015587271516080156,0.01228464724226644,0.008949638864755645,0.008581388963839615,0.007831384827543104
0.9921141044696636,0.10748019417982049,0.0464154104459867,0.0327231372549168,0.02040660636994804,0.010613736202570582,0.0076006196551372165,0.007104687710243803,0.006278563413223845,0.0059377595293280214
0.9922669194369088,0.10663991065362471,0.04681395635606728,0.032553203377135805,0.020462834108497353,0.007444877310649118,0.007081054689874037,0.006904560406938159,0.005957887151339904,0.005785168793633572
0.9180143450665393,0.2514965537835925,0.16682721762520367,0.14223409715251725,0.10846830059271216,0.0938979280270837,0.06750030275148618,0.06009475256421827,0.048492155286277996,0.04729748080068164
0.9013180432434806,0.26872563634652613,0.24641278531908425,0.13474625037949567,0.11306610758657912,0.09894444119779663,0.05818536765817404,0.03362341556736453,0.0320847063511525,0.02919431976616768
0.9592683446482994,0.2605942609580897,0.05168807097923077,0.04455679156069794,0.03803644476657953,0.03390487097679649,0.03090665067859706,0.028064590064747496,0.023902776876197466,0.022345365267174486
0.987174339596479,0.1457567294132302,0.03844097779013614,0.025204195471516942,0.02519316231918565,0.02467833450392214,0.011702073419222298,0.010828218786325559,0.008788989599997625,0.008428729896960566
0.9992287844254913,0.02555710819575855,0.024616741931777687,0.008983787280168902,0.008571327817675953,0.0060808880067525686,0.005194008737291444,0.004339926030748314,0.0035837775855870513,0.003458826118943996
0.95861246011291,0.16230976770984692,0.14280309404668184,0.12341502037833499,0.07605289115393347,0.05334666735271732,0.046983910292010315,0.0399139215481751,0.0371945408513567,0.030064232141018662
0.9835465076967318,0.16012356034791508,0.04150854971807569,0.040447671534495966,0.03832702158605147,0.034230911705025784,0.022780394762032433,0.009157483678204934,0.00777448470467671,0.00717963955706732
0.8813228680100857,0.4286459338666602,0.08715508709884161,0.08405886061438508,0.08218664996023356,0.0701949740213678,0.05482317323759248,0.04415816423147985,0.04383691050717862,0.03962132445397323
0.8647237045356776,0.4039337286127303,0.25486645073039643,0.0821749355982582,0.07739580656276908,0.0416233212803742,0.03905236553265451,0.032480595543794004,0.031066667027362972,0.026485548027275898
0.9919788728617562,0.0810730945646476,0.0638806813429684,0.03725632601770839,0.035465437435168716,0.023406446670032565,0.02220166852326027,0.018403396632657592,0.016184185789012512,0.013864676294358915
0.8505820226833403,0.3804929119781195,0.27065180818631124,0.11417027230008304,0.11096992788482504,0.06604711537174401,0.05964597650231526,0.05611142297251032,0.05508896081142527,0.053803237424524544
0.6584535523234932,0.6023811083829177,0.2984448996034446,0.22098622392441022,0.12237432245368676,0.08102958817257676,0.07805970162553275,0.07193168810266842,0.06917902330403175,0.060191576284872934
0.9498934777368113,0.23589835391736905,0.09122410412841854,0.08318976695257907,0.08241214266308765,0.08138794385269976,0.048052614980257834,0.04532087943530663,0.03280833753999007,0.032080102951738534
0.9633521186746651,0.16116935446044003,0.13131060311704454,0.07071544473311987,0.06691096998329862,0.06336553441554996,0.0614451213977638,0.04568451908743677,0.03722706180631243,0.03700249691371762
0.6796769337098537,0.5943720921963297,0.31999959334034883,0.17904244173437137,0.11392597189055653,0.10969903177561993,0.07533440505245675,0.045576609737524074,0.04544229396193235,0.04208850972210185
0.6280282030892165,0.5405607271402219,0.4533808135937217,0.22852508399930954,0.1666613190850376,0.0825726175166825,0.058266481967320344,0.04124781605154767,0.03774804929391409,0.036333363426428886
0.7283782965929922,0.5201470349420521,0.3554853279007661,0.1505662501052215,0.11219697458051328,0.10053093741084058,0.09582160099889923,0.05017185029379883,0.04883985335761562,0.037620193260313024
0.8788086705482566,0.43745515753885644,0.12872763783027952,0.07102397416411163,0.059500803540581425,0.03826739473736486,0.03800994073799468,0.03353795611330705,0.033489410737833,0.03062234295892889
0.9039388595675976,0.2808267744058315,0.2433110634389479,0.11927131397933684,0.08706743537048632,0.07783790952722354,0.07627354084960021,0.06789410891552605,0.03699206689453283,0.0324662326387512
0.9238710943523767,0.2687250281581259,0.14420718679931116,0.09321184815730439,0.09042320611736133,0.07783887351915963,0.07129870277444528,0.06661669427113319,0.06440385006840323,0.058943044874553444
0.9736912843030182,0.1423680908963021,0.12451333512346188,0.07762064629484715,0.05516372775415006,0.04694970874971762,0.04106872482583106,0.025752766911986143,0.02110328907698884,0.018263188680668292
0.9836335743625628,0.14035308808385918,0.07798657368455345,0.04946990402062562,0.04192934669877975,0.026324292510115345,0.025537567947843818,0.0153217233164945,0.01504569360993331,0.010815444424060657
0.9953690612146356,0.07255270546690458,0.051528287774331695,0.016857860591257913,0.0148262288710351,0.014040841785941286,0.011272762475894291,0.010276784884669658,0.00846948674088803,0.006520104972743489
0.883639938318864,0.40988700278424944,0.10050835402921825,0.07706645302588928,0.07295436766951893,0.0662321558657059,0.06302127158380551,0.05871763291706488,0.058184949692997597,0.054441782483243814
0.9714471188757443,0.13538669204309478,0.11765932554242496,0.07670185190990082,0.07370483519614827,0.06171398637387978,0.0498187123073928,0.04812297439413061,0.030934878241360635,0.021972801731907146
0.9227078855290664,0.2349470406297387,0.14325868231433503,0.13198092987783844,0.11551302296289738,0.09997685090715817,0.09262621642934031,0.08116032244922282,0.049567042707303124,0.04682791946931328
0.9185006378269783,0.22571851869543877,0.19508902770876074,0.11356398668975165,0.09619124870151645,0.09445263377073312,0.08859118733633631,0.07122653389192482,0.06906334999721828,0.0652419456797058
0.9876766919714121,0.12068445122482968,0.06017035035227968,0.04763622165668945,0.03837966667183124,0.03731979902731045,0.02389969944285941,0.012066319777235945,0.009517868499744547,0.008820783268636268
0.953398735974681,0.24756252419419786,0.10306916872945764,0.09532546864227569,0.05478615311097901,0.03602381846370782,0.0336638840072469,0.031101957485541256,0.024634851011898776,0.02034571736536725
0.9504444317454913,0.18195713394389504,0.1092081272087979,0.10647348990829723,0.10015018759218694,0.09615525562431046,0.0680666026694928,0.061145225508525386,0.05011794412921391,0.038313288368510647
0.9954002772640134,0.0647827118256313,0.051319413711179145,0.03969269242695858,0.020823850500927516,0.008382676900718752,0.006573293949563637,0.006422057226088987,0.006088325538001194,0.005773342986013942
0.9201879684971376,0.2908464036847636,0.1556222993826788,0.12679008901409627,0.10626843853863761,0.06350543914427169,0.0487854019930848,0.046415461336768354,0.044679298051581676,0.03164590069246996
0.9756897777943765,0.11381686068542145,0.08790036450703159,0.07944273615618656,0.07050152903289644,0.06824304169852383,0.06415386017531709,0.03999862820555846,0.03945132453086446,0.029962937273124438
0.9956061217387868,0.06504121271888873,0.049952450453992055,0.03480149627911328,0.02313694157740449,0.008200996008219129,0.007174328807935024,0.006331304938371531,0.004609223204566222,0.003904500879225838
0.9676726834531095,0.13728886071680782,0.1342794277870994,0.07879187785310689,0.0664665774174817,0.0655883018165068,0.05668482906688034,0.05392182275670304,0.0509263003440733,0.03143248273812669
0.9998526763572005,0.010423789258710885,0.008899235289884806,0.005617080846037668,0.005234864258717419,0.003944811855841783,0.0026940740681905113,0.002394404656667278,0.001977192327525198,0.0018904014496841412
0.9998670022637254,0.01045299225111708,0.008973591974273635,0.005732971341129846,0.005236251721760628,0.002398780131584697,0.0014941075812535233,0.0013856617710869391,0.0010771639498845288,0.0008892857596285783
0.8485171722870943,0.42033399188193743,0.20547383728937366,0.1605505367325877,0.09438176571978515,0.06641899621869508,0.055713485041256804,0.054355413221230005,0.04226038165692735,0.04211246794234565
0.975788935349899,0.14722636124958277,0.11328323303700309,0.09207380414459844,0.02796886480985433,0.027702430365943217,0.027022385841465345,0.02542494094620649,0.02000705393692082,0.018488606888573927
0.9813098765076016,0.11579344755704332,0.09106150342692855,0.08395875234299348,0.062170064567274856,0.03547613640774344,0.03318491715077918,0.02521495171615451,0.017261557878668697,0.016546216373049337
0.9971422667008066,0.05245035346012618,0.037015072195435456,0.027927736355169087,0.016424830195048448,0.010789216612774892,0.010355191264094742,0.009360805168954598,0.006460713172823659,0.005876334817509537
0.9977275229486567,0.05969805879082441,0.015254776132166855,0.01510349428352644,0.011502009154940615,0.008574603344979021,0.0076641007822455575,0.007342450290389878,0.006717355429498665,0.00433135727709127
0.9977686141494083,0.0596915231565774,0.015373604438053254,0.015117407655873875,0.011509045682416355,0.00861291377927117,0.007371380245123979,0.006719781089815354,0.004336152461042709,0.0041457790646368285
0.9668175676620188,0.2444956341532715,0.053729586404964,0.03394089300043728,0.026242793664022275,0.014719235992246888,0.008619276088558895,0.0076074535312218175,0.006976595427309661,0.006026526844333778
0.6065639935586264,0.5336420828929286,0.48285893175107614,0.15447040638476836,0.131514889038277,0.12819952272142265,0.09631634898560451,0.08304570352987296,0.06585443271830727,0.06538817581035691
0.744032625238223,0.41978808043556914,0.2558929107366716,0.25336411462705466,0.2407896399334455,0.13237745824943997,0.12076686115904628,0.09211334078391038,0.08722361220993755,0.08348651890226058
0.9985925139247259,0.02967983490304032,0.029206903403175808,0.025941301160210935,0.010843625426009591,0.00835141895425655,0.00713022609033932,0.005943635263306509,0.005588680425861798,0.004970410806402757
0.9947563110663411,0.09979483848897164,0.011758213033900448,0.009418142241156018,0.007029781470162382,0.006872978968526111,0.0056316430722152516,0.005002457378459672,0.004854948779418948,0.004346337543493658
0.9948228266433434,0.0991919557522887,0.011766719087472392,0.009412794549795227,0.0070355936957218375,0.006879666501514417,0.00563445965569938,0.005043048467315995,0.004882816535857973,0.004512206331134109
0.995645872167174,0.050570536259031004,0.042053544459051184,0.03228052581809966,0.025921213848812418,0.020586117126481458,0.01581791414268517,0.01473580643906982,0.014612844732586599,0.014238477789643883
0.9036538120924178,0.3203307830079058,0.21819483154713265,0.0706700548593223,0.07052877188235955,0.05957444895274036,0.056417923264166225,0.05019535345287833,0.04650515838893162,0.04323968893727364
0.9963437990979771,0.05306121943092334,0.03407450907915774,0.027884729785759378,0.02531597497111677,0.02062718937170378,0.01627784124180881,0.014524596208118669,0.014394390105549004,0.013627288317002448
0.9501508071047328,0.20785507326423136,0.11282107652670442,0.11011728450444952,0.09569076507907585,0.06515920475434493,0.04507016567511984,0.04452188987596884,0.04408620263511919,0.04285093018054255
0.8706567203311463,0.2806455716703793,0.226874778943747,0.1579122189575464,0.15696133582462735,0.1231299901331524,0.11390641037027406,0.085784665662604,0.07775471868633325,0.06355791956990042
0.9959108112075141,0.05564518671742038,0.04302778892551323,0.04005871281093907,0.021280826895081213,0.018910889686550858,0.014441581027743108,0.012465214178226994,0.00896299229863593,0.00783257761660888
0.9420315827769402,0.20088018890048198,0.1743603152292953,0.09107712143521816,0.07830528432799959,0.06837240305216118,0.060303359874132885,0.04653363857853714,0.045979265498524095,0.045258185991612604
0.9793245821002168,0.0989495290118774,0.08860281173752509,0.06679475741393613,0.06196444566708902,0.057373170159180475,0.0539350644349126,0.0444327974606793,0.04277493761030892,0.02960564632032392
0.972798068294914,0.1886635922305929,0.0828968933730145,0.04891078016951087,0.0361697170710379,0.03538595099152279,0.03434620766877826,0.028368511732100952,0.025889694312120345,0.024363761826406854
0.9890658851249919,0.14039887681512583,0.02421369088946287,0.021480484725792292,0.018655778188041053,0.013918751536428286,0.011416596665743437,0.008007751998770537,0.006903539658833834,0.006118993960779837
0.9892411804270113,0.13897997660892608,0.02302057012801427,0.02116689904215044,0.019694741043959563,0.01869937578016142,0.013916821480881136,0.006885024533221283,0.003795811136373744,0.003451308709201622
0.9827221082596146,0.14708758996376592,0.05250525126782844,0.051575383137805804,0.035602673943877255,0.03478662437510835,0.031597521140335254,0.02780207600043622,0.025583849758488535,0.01896537160786088
0.9981009257774278,0.03394391260835704,0.02701339426079249,0.023160299166127937,0.022604710152326405,0.022408472148213912,0.013331909796438147,0.007801741443022257,0.006861909739708695,0.0029259008220653077
0.9738232022301699,0.152213617740945,0.11731252306353011,0.09793952967052501,0.040005836962252204,0.026663470850218682,0.025692728963037845,0.024147799470118046,0.01825547473358752,0.015319389106267543
0.9846806132902692,0.14478720924046293,0.06994675010257932,0.03403740167146902,0.03235283770899691,0.02578104375272515,0.018745867652065994,0.016999629931108394,0.013256880555584636,0.010009457975253117
0.9992230580611167,0.021762032702663702,0.01205150592702959,0.010371876088417477,0.010317553628543585,0.010123650795368946,0.010121198388349831,0.00934252896547292,0.00918223128761077,0.008751518501209045
0.9215601266782789,0.32974143683145474,0.10096921881423025,0.09248828675537987,0.08082955153914241,0.058327667304203454,0.058228866344593275,0.03874522590002364,0.03287597195106314,0.030738734697319473
0.9966773582832998,0.07470828169749667,0.01375918135307554,0.012590351412887875,0.012063967158299785,0.009230264766513317,0.009199067770269947,0.006147143390983465,0.006062814463291995,0.005710849013399433
0.9973476761810299,0.054822653817211686,0.03075077033859012,0.018951407588188817,0.016337411241477265,0.011561481162738554,0.009778396591910097,0.008151941015934954,0.007881823081872802,0.007068148437142034
0.9789987487006699,0.1390772004132929,0.10869861451478241,0.08516697350879199,0.0259590538645213,0.018329218702837432,0.016531381422377305,0.01608122673739088,0.015652210593286517,0.01252545983243447
0.9840973516533,0.15048474215509677,0.052652759812318754,0.03910084680792232,0.038924957266749834,0.024366527977077182,0.021281572317921684,0.0187784400628025,0.018543342854560902,0.015233824857587517
0.7678573156424441,0.4172883981740146,0.3255020190555848,0.20521346570888993,0.2023230368425013,0.10531003273780859,0.08730333116118126,0.06223602507339936,0.05556026995387147,0.05262347660415142
0.875884794333843,0.3598808959912836,0.1939531640230542,0.14640347641790463,0.13203845984907414,0.09290381321599371,0.09036809724353792,0.050182565813706864,0.03478880432417219,0.029095349660232084
0.9677004579122227,0.2040465063147873,0.10230837701701005,0.08844344719818827,0.035061632244581184,0.028007946872894044,0.024132030145865128,0.01565107861946853,0.014388879982419462,0.009395537006857682
0.9923599348418897,0.06847527308546622,0.048713205758855044,0.048189574673169235,0.04517753539152465,0.03482148631112202,0.03083932084792766,0.02892388753898659,0.011602440576120079,0.01008753572781354
0.9758674529673261,0.12265976968869557,0.10274603149352718,0.09401849363844846,0.09078398199107467,0.03121268015422362,0.027297360032196898,0.022704757497869713,0.02016442980420422,0.018775227604215655
0.9054412523078439,0.3059938324660955,0.18723738255831404,0.115689843215394,0.10069525022859942,0.09712231862202542,0.06131846796124934,0.05944034280085857,0.055708283853059995,0.039837589391653855
0.8629613149055371,0.356155793724747,0.27701790843216306,0.1148767680350938,0.08761054949427556,0.0862170841508865,0.06957555267585504,0.05768345102957127,0.053742423629695876,0.0427098674807399
0.9311512059397788,0.2790254786382237,0.12902055214108488,0.128098327682507,0.10261645478347073,0.04896768252495486,0.04858229663704672,0.04566296604713842,0.03897012833669278,0.027337076801871665
0.9098027534207186,0.3357794904355062,0.19048733726589792,0.12472363945952883,0.04520089298720832,0.04501865837123199,0.02788549768297846,0.02267949271672114,0.018757651796625557,0.017522000726253876
0.9913539525004076,0.06878405448479505,0.06733432115634805,0.05207628716398385,0.035644562328080116,0.03388607191551347,0.02622678125381546,0.02270852576832027,0.02125082559477913,0.013939538323444644
0.9652679674370584,0.20215884551720711,0.07650180104982704,0.06258189633504732,0.06050907975420591,0.05329629843235371,0.04731122130440683,0.03962715205062364,0.03909293552961515,0.03819600891266309
0.9935410743331404,0.09141185509098324,0.036732969035082795,0.028493494954507866,0.024892971159702765,0.02017546583701451,0.019679528646352223,0.01724782971982506,0.014485062029600643,0.01230341362416007
0.9644354493210248,0.22104161355430393,0.08580528513195985,0.06831374348573246,0.056540209876829686,0.04896688892682173,0.02663726133485974,0.026487242261857558,0.020277869198355964,0.018767640086102617
0.9190615173527208,0.32951858114945926,0.09171813072317923,0.0887611453446218,0.07127126088030762,0.07059028713402972,0.06244596711201089,0.06028138869129532,0.057942032923244506,0.0473112020038326
0.9437567333048082,0.2657521284419117,0.1660236708117332,0.07369741563770349,0.04325525644577399,0.03816479543565116,0.03672231958126585,0.02159212473828431,0.007949228626894508,0.007876324050660265
0.8439927114402226,0.49214483019772487,0.11396433027264127,0.09132180168959392,0.08749245109774985,0.05541607335948344,0.045413143188777656,0.044843455380282164,0.038171112405756644,0.03389351321336073
0.9738702899699665,0.21252479491285417,0.05161876973740242,0.030985116204841828,0.02933848090311147,0.02458892694849967,0.02295969515368432,0.019005160950558906,0.01105381919756471,0.008214461135706924
0.7827950578629042,0.4766811633895887,0.26240249587056974,0.1916141274918752,0.12553233236769698,0.10828135598507416,0.0765654821454337,0.0688083788708047,0.059003061063470794,0.04396474494353755
0.9454690352407906,0.20575855644231514,0.19414395479824914,0.1358958558268867,0.04889127494837268,0.030895148153340272,0.023776026580646762,0.02035806112391089,0.01906714209289116,0.018971498366578
0.7531026117909205,0.6371566666417424,0.11140415770795009,0.08048740750742309,0.07683777346258337,0.029504128910069698,0.014476850061365539,0.012662812041811054,0.008767137866056365,0.008530898662460186
0.6157180154554386,0.5882437874833054,0.4631331645535723,0.19133801819581267,0.12102004657145261,0.06294414577411969,0.0411990390595802,0.033342864266088505,0.027487700659920053,0.015570835554848875
0.7985809271865075,0.4894943268763782,0.19922781258189254,0.1526862851192328,0.13410713203249894,0.12119717569797223,0.07484334716241596,0.0691065132323738,0.059857860658019825,0.04750148902291799
0.7346520884800551,0.5105142474632263,0.3870821759221775,0.20099798839312102,0.0751254304435718,0.03186788675400338,0.03038651090600259,0.020138159383198514,0.019802984756549336,0.01016324908994096
0.924291832408106,0.2237731600424971,0.17363634760186575,0.13151676491358988,0.10607514344999842,0.08855075271663784,0.0788144655698079,0.07194632106470143,0.06297184112063403,0.060282933211994835
0.9031521089660576,0.2992578021678261,0.24729549485429497,0.10397963801172062,0.07039450560017002,0.056903776525632714,0.0519568644502745,0.04386511336962199,0.03726990476934093,0.03668462784640176
0.7564641734803806,0.43941934058288834,0.4041801781175483,0.1786750687117391,0.12616328313122388,0.06801257541293598,0.05365240216311935,0.04612323629774674,0.04136500001158692,0.038914951986127246
0.81618622866949,0.43061521664279806,0.2923369286001244,0.13768758386961436,0.10186331870545695,0.07645095671950632,0.07547023186189147,0.06719435063458713,0.06672687705313325,0.05854301695493404
0.9622511712309062,0.21219069740736293,0.1579321987955575,0.03583516495135098,0.02811603539473303,0.02549426608150087,0.015426904602164655,0.013806398320575024,0.013224072188823965,0.012937580246834656
0.963544260365083,0.20489343175817062,0.1663615629627108,0.027416988683833327,0.0213713700136564,0.012178240664584105,0.011951865482867093,0.008618302515408011,0.00808204923442153,0.006771762663639124
0.7487872775012757,0.6432086782518819,0.11416463263570846,0.10372558155702867,0.026301302567083733,0.015403886194613678,0.010678861589763371,0.010213899607990053,0.009698782729878836,0.008505038205355961
0.7365349374048202,0.6669234697196292,0.07006357093320406,0.047559966831076654,0.04385808140086438,0.03837986756951402,0.021346299926142568,0.017501135430630494,0.01686690998356646,0.016550093221617487
0.7743688746777779,0.6216106365630095,0.06523897598242044,0.06439390502843698,0.042373127099509834,0.02704681607191961,0.02446945307953126,0.023588086823924694,0.022577747693857873,0.018527954431318196
0.7872789096244884,0.6066762653983393,0.07638035713121485,0.05114065358250366,0.032660056863708674,0.029536491817371936,0.021538477464226834,0.020734211258181985,0.018926857003346412,0.010932612480873072
0.9973284183939337,0.04869697550282178,0.030636272111296315,0.027273613565878273,0.02075954956445789,0.01326202456400839,0.009865072892084463,0.009014153755465121,0.00878190077816253,0.008767500659299666
0.9847367951843861,0.13985522965991282,0.09600967267897478,0.019560963992644998,0.01652746026906193,0.012679121145945027,0.01094339911147989,0.008637094686298231,0.008068376710075834,0.006610031855411063
0.9896521538932076,0.13906293270442488,0.019763452074672706,0.013067394476676788,0.012818808631924635,0.011746561338442266,0.010716074488069254,0.006882592076878155,0.006316421575124072,0.005793754019254649
0.8517408856340773,0.342906145826,0.22481276761781127,0.1878831051126858,0.09769844233356449,0.09159721898028007,0.09101295511122322,0.0889874716475203,0.08222968741063938,0.0704408543315091
0.9259294681351268,0.27292132544846714,0.1531527828120211,0.11953227560134674,0.09370637551193754,0.07626817283180916,0.07488962024341148,0.05387495382292607,0.043562737797634254,0.0381039310493069
0.6251217393690468,0.45739449741890303,0.42102750340655404,0.39960968677980585,0.18089294399592512,0.05378777502107695,0.052949818944688365,0.051526814211135384,0.050439324911435705,0.04766838420681445
0.7088919543978898,0.6590124311663222,0.2218887980871106,0.06840512214032686,0.05555245503239061,0.04736640807465053,0.03143560632376447,0.02443726485462146,0.02211724650723109,0.017505841560031377
0.7731060568313213,0.6271859344415627,0.07426742665748458,0.03680930852881249,0.023741831895673457,0.016174063206537755,0.01603548439683545,0.014708582100110964,0.011488245407333009,0.010776932225305885
0.895314248633077,0.26052822098787065,0.20367890522844645,0.19720462336908987,0.13559547056022195,0.09132313019042032,0.08974593082107897,0.04364589304140043,0.04147055391983362,0.038483647331497096
0.9601541109126742,0.199269155228118,0.1744965376522095,0.06027734592151114,0.03393689640614822,0.023224245878327613,0.021742425060520335,0.01848334376699217,0.013273106161880079,0.011895033854490249
0.7529341083593811,0.4309409786994213,0.3027300559414535,0.2519729604873579,0.25116180342881017,0.08129136905904327,0.07003278424906895,0.06431295236052895,0.055004338684613956,0.039183650735466556
0.8008931182303123,0.496944073280494,0.2937592441490603,0.08350329702594406,0.062286006057316996,0.062032087148563245,0.042594964796662645,0.031828775398725945,0.031773834991435226,0.03118160596798453
0.8987339634171404,0.274052831208173,0.20090610110921878,0.16469285584660515,0.1395635216476356,0.089054564706376,0.06642370302226687,0.05718882722212032,0.05244722725273587,0.04449938777575942
0.8894131294372865,0.31835034376750976,0.22630742056354206,0.1593007851759822,0.11108071917877654,0.07926812452757602,0.051344004733211025,0.04177355231430963,0.03908340320345155,0.027828671128268596
0.8999740905933378,0.40471672069621,0.1332346800935173,0.044156971197463514,0.04302382491205029,0.03222474175197118,0.02700450662332774,0.019964497301635457,0.01883872083685945,0.017692174144472803
0.7910683393650857,0.36429735938644486,0.36053606220000045,0.21527936453411467,0.1475157904759277,0.13478765617585703,0.11125081867749671,0.07402576235688792,0.04475441305517756,0.0347471788337353
0.827008315586939,0.5118702073386536,0.116611857884641,0.1058966568207964,0.05754195042111604,0.054962816152925004,0.05271882801917143,0.047925931427014457,0.04745669620817608,0.04737489327433431
0.7618624585690384,0.5858971839001649,0.14110401981519327,0.10637215793816727,0.08235853410484849,0.07328286363521046,0.06977916434196936,0.06379544827298153,0.05797293443492508,0.052260814179921115
0.8375805244820488,0.40813970083950524,0.3141521389888245,0.08784569639321683,0.06409733647316403,0.052351590975084794,0.051908373879452574,0.05087647800512304,0.05055729230709231,0.04766774027013216
0.681839997607368,0.6574975484740958,0.2454970742779023,0.15929096097896656,0.047506822418228824,0.04497704452552593,0.043217083519683175,0.04255587712410837,0.035744070588446364,0.03227411530666327
0.8206234318328469,0.36721045789222534,0.22651101223902356,0.22094781890731455,0.1899624608625822,0.1333262667071202,0.09640295878564173,0.09017401114507295,0.08867365696876438,0.05790902085348047
0.8987439904032184,0.3585044362041134,0.13592674558520146,0.12843265255939915,0.10419418519894917,0.06083646616945605,0.05458465347237115,0.04256907023202624,0.03348070573211416,0.031108553836808394
0.9566108529650301,0.24900858386527078,0.1101370792620867,0.04306265417951488,0.039419480473432654,0.03445079018599251,0.031809219659008986,0.028459010099843446,0.02811160834444892,0.025385453204669527
0.7596543040565813,0.48031746909451484,0.2714820956091736,0.22541400824966434,0.1664960202673235,0.08976054211327708,0.08082057114619495,0.06493347975989665,0.05969826412393071,0.047114158676896147
0.6984092104011977,0.44432911751594234,0.34215294671720015,0.3344019655165043,0.18237675165963563,0.17544146741619104,0.09104538485167471,0.07346030798473255,0.03513640332419114,0.029214238319500794
0.7193474858060654,0.6243869396047742,0.27356649843634906,0.04741880737546083,0.044207521236471155,0.04273431260570341,0.0419653166778388,0.04162700930351163,0.04075841948432835,0.03718217934419914
0.9451749009685665,0.21080823530282045,0.15531317828654448,0.14145445203679444,0.0821251409078827,0.06016332561551707,0.056807299022972144,0.02438828958280855,0.020698461934538916,0.02025760614539418
0.9823402947245778,0.16877552622733324,0.06219374730838194,0.02798166998968598,0.021704571756277734,0.02096487255764002,0.014403110393937102,0.014026485416519187,0.012521127003505043,0.011550959030190672
0.7912010940536714,0.5279472161310584,0.22998608739728177,0.09047054823159284,0.09027667233240347,0.0632443358388458,0.05642953567426382,0.04730383539272236,0.042936721494355526,0.03619155513444469
0.7967933170557848,0.5601240663524195,0.12171436985241532,0.11073925375821249,0.08696079616940858,0.05778706220374421,0.05090024780993213,0.04758632157891813,0.04616177984644789,0.03874621652434065
0.9032132448195289,0.3092554398818246,0.16115856096892847,0.15960627677049635,0.1066098464602535,0.09131400331175536,0.053670814007589364,0.04663302395861158,0.043317816337476604,0.04197959677246557
0.8950630004646491,0.341493338457862,0.21913988917967536,0.08263574508694549,0.07716569536141853,0.06424598347528496,0.0633560333670416,0.05887698761661107,0.052001897767971275,0.03333836071781844
0.7500028006991177,0.6225785402007875,0.11594259775559664,0.09294273841381041,0.053565499360253566,0.049819775160507014,0.04737906383768602,0.044191224151224874,0.0436055083648495,0.04236646792606107
0.7737088607511152,0.5757653710053893,0.13918147149357424,0.1241241937222647,0.058180785978136786,0.056163211139981205,0.05577686345597261,0.05441328841216775,0.051139374214714,0.04855729313592911
0.8485365881272458,0.35572571596092006,0.25867619152892485,0.1935297949009142,0.16509017036727605,0.10281933488206212,0.06725847596468587,0.030630163676339424,0.027317001873077083,0.027211692655201253
0.9411168505164396,0.23439274252641853,0.1108098722245966,0.10808320934042365,0.08246211458232443,0.05916223208637527,0.05612103277381704,0.05546732041642108,0.052390122795931665,0.051734305928666416
0.9216128141242147,0.2782128126825688,0.14681321235216105,0.13504936810686177,0.10981886908568333,0.0819208490637031,0.07546520480736764,0.0651997101772774,0.03556448291412486,0.031087318346722338
0.9211804323960173,0.2841377299628307,0.1708192458603458,0.1032522989315547,0.08010513815869418,0.06989735981720918,0.06618727484129558,0.057461228157959836,0.0503893119373906,0.04000699086689509
0.9993156895618429,0.018980500796622907,0.015904198632027994,0.015417424497477107,0.0126198081662263,0.011792559592544922,0.007624777712581614,0.006963666438753433,0.005717876680507461,0.005392683529085579
0.8722982836558691,0.36996551643851905,0.16919609987805176,0.16049954240619274,0.14113635458441928,0.07133690524991072,0.05893485945193555,0.05832537590343701,0.05825325848654666,0.04497623965061911
0.8197866505697222,0.33578232844686273,0.27087730202615695,0.21883418196382598,0.16417943888776648,0.14740319961575,0.12327067119620147,0.07912083705533607,0.07618236133445924,0.06024881766141916
0.9566001147490234,0.17359403319019334,0.1467597712844475,0.10194625170380468,0.08503995171819789,0.051801765807095945,0.0479304505851357,0.04407504713080055,0.03627808245420497,0.029316864503065712
0.9671774821593774,0.1558178038347049,0.11411310043591474,0.11371193537238346,0.049120078744759134,0.044504584567093095,0.041552074251935335,0.03876112414618915,0.03158526684225918,0.0294959860688947
0.7630027113421106,0.6096851207501723,0.12212335955934163,0.07770993538060181,0.061831874975850916,0.05223588123137385,0.051336269191956385,0.05098277446955391,0.045616871475669396,0.04351686901203567
0.9758887008059177,0.17487529780124178,0.05762293828473744,0.0553734682449083,0.04797498699665538,0.04300910675332966,0.0410676025000001,0.0256723293130035,0.025496548934135877,0.0250922628806391
0.9303513462390369,0.18834892778146153,0.17967426344587503,0.10706704068251931,0.08857357892905322,0.08632423217175407,0.0856595796121027,0.07990720695335582,0.05229571452803185,0.046680180397429376
0.8070955182924247,0.5512509354127233,0.1216655442325858,0.0977494055650317,0.08493114636033343,0.06699949432198506,0.04869434283685409,0.0388925219627152,0.027847364940046783,0.023069472965470274
0.988953814963131,0.1000607168426185,0.06987394681448723,0.05054982872139681,0.04820630275076608,0.026653243447642583,0.01638615051304175,0.013609437139564723,0.01129910358411664,0.01127160090831434
0.9925665127969119,0.07850867308711962,0.06338864910599337,0.06316719080764384,0.015523785802410138,0.00837153980186629,0.007870296918144264,0.0062416249057608226,0.006142574182211497,0.005412357544556209
0.9887732111563995,0.09783223679320784,0.07258563206702308,0.06302212434076036,0.04884574521018469,0.019659212988524737,0.010899348326346682,0.009846857785333936,0.00972359948575632,0.00970396673286366
0.7108063729559261,0.5817212393135092,0.23398005143931175,0.20101768088575558,0.13522574352602412,0.12212157596514846,0.11863264224006266,0.049688602953308035,0.04255422436342915,0.035059404463471396
0.9893695190044779,0.1014895246599449,0.06919371571756558,0.05203740381463056,0.03028255350488802,0.028160886452281424,0.017599955498044672,0.017207680074936185,0.014540375180460727,0.01282882068966303
0.9724267013312713,0.1843338066176817,0.10225851887486868,0.07120373217444856,0.04177346039917863,0.026572980368263145,0.022989049109116647,0.019159931664997135,0.017616360549381496,0.015843975126637523
0.9875350485841627,0.10430153000056777,0.07170301596946252,0.07040538452617498,0.03592738187159361,0.02092031103064159,0.019695577469998404,0.01939453338248783,0.015784769543283592,0.01513530881402651
0.7491967270606142,0.3934248314396997,0.38028466513289455,0.25943731787263596,0.18580275410477015,0.12319569066668642,0.0873636649384668,0.0404312127656919,0.03539740943995778,0.031876760289760095
0.9628957916288409,0.1965615879282882,0.08496276859650012,0.07128947656062735,0.06283040553391198,0.05168244555228965,0.04893893582842771,0.04850310144478601,0.04455240766834539,0.04255157908698685
0.8500680003206573,0.33586592802574805,0.32539204495516266,0.1360616381593957,0.10257089695072925,0.07862183263432419,0.06057940630174435,0.042680303668641326,0.04060893969443204,0.03787806048466569
0.9980976837185926,0.040240527206561336,0.029987825097674985,0.016882698271277127,0.0161908129962799,0.013822513567918259,0.01094229084279186,0.008729954916715089,0.00815845331786975,0.007278442100958174
0.9798616676608201,0.10862874804014937,0.06859841619595616,0.06719547633315896,0.05031198807449145,0.05027520606672036,0.04581409025079357,0.044313256510223824,0.03737725616217049,0.03464396338973068
0.7685834417100508,0.4534504697113095,0.403588692104219,0.08327199370090825,0.07511109497017199,0.07382929015743525,0.06780790168493304,0.05333513332675294,0.04317518772639723,0.03943401379138195
0.9823627994926055,0.15059762344741232,0.07904825956625237,0.04689448424541949,0.039626566837175976,0.037913351576313196,0.013527322464574823,0.013267523517839951,0.007909403924293144,0.0066480609752608
0.9921908947699819,0.08518014746792343,0.06343071228732022,0.045907790409464105,0.025778186501327686,0.024346257651993747,0.014123000080420597,0.012911920747541931,0.009427694035150461,0.00899303082534807
0.9813471315840337,0.15712069562816877,0.0784574806570064,0.0468389289622285,0.039093842109530964,0.03785500778898777,0.015495086899745759,0.013109048528683859,0.01016285561258863,0.008759434248283314
0.9882861687065357,0.06410833602003298,0.060307163482260694,0.0552645111442089,0.053287855875272384,0.047274823834393576,0.0417018491763426,0.04080272189328523,0.04001836920001082,0.021539521736436723
0.7320390818037217,0.6143443021165574,0.2082565931119904,0.12460154293774138,0.06412660141766457,0.05985313788306661,0.05902374189819435,0.056658129360816226,0.0536570279169314,0.04454567567813848
0.9139395410189288,0.3011160494068806,0.21949801986073228,0.06580143726724566,0.06428735787645737,0.06337848258748566,0.06047755039343881,0.0500767856099914,0.03844649959508397,0.02474932666384948
0.9778226843252489,0.16815706921851598,0.1160785255720319,0.026380337423255327,0.014572480853947337,0.013336078002143986,0.01313413760928622,0.010956012411512776,0.010762402496734403,0.01037975910317686
0.9946858032727467,0.06268199358531375,0.05325882139214953,0.051258776833853006,0.026908710140898337,0.009927758565820646,0.009606352264781829,0.007100295144559293,0.006615592457464846,0.005112317317075733
0.8968391800384029,0.29781061550640864,0.22984127561295462,0.13398213706877404,0.09104008315390291,0.05837717646623356,0.05730718651364605,0.04608796744885356,0.04361947135460699,0.04303325375054491
0.9827477569934902,0.11036762811582002,0.09613497987714031,0.05824829910839981,0.04586752458169371,0.041813400868249834,0.03086840703366512,0.029842400670099273,0.024803719909138832,0.022041451269916464
0.794675603266177,0.5241453418315845,0.20223872749823713,0.11931905852356582,0.08630854220445504,0.0851871647638581,0.06155836659953538,0.0586026179546306,0.05670777673055934,0.05577016420332947
0.6950083922706368,0.570368529677131,0.3667819976079536,0.12692445127161583,0.11000635592967202,0.1076349282505442,0.04664581103485608,0.03525649101322585,0.034858863677318504,0.03326727214755501
0.9386699241142643,0.2558751810617569,0.1718131813206952,0.05728192218034824,0.05199393096665789,0.050189706465861884,0.04529845692847294,0.04305929444747238,0.039981756593179624,0.039527384320693214
0.7136374505876801,0.5680119004200793,0.2989532960409072,0.18264420782440927,0.09328788169884147,0.07916665082968606,0.07709077641799787,0.0729777550975668,0.05525499366601543,0.05021272802478095
0.9799904144997923,0.18351031313201777,0.049229071679997904,0.035235115731082574,0.024716810230299327,0.018832011067653354,0.017380251331838525,0.016781106359130372,0.0155417485093835,0.012283546315970515
0.9960867856800711,0.04702186661819633,0.032797266681317536,0.02784741568179945,0.022496267015366268,0.02207286827352636,0.020170523462131273,0.018305595046064733,0.016981146797557432,0.01638212307311257
0.9997377939249641,0.017002365427921023,0.011332725917417612,0.004560731373207848,0.004106981262567488,0.00401895226271305,0.0036160540330133634,0.0025870358488209793,0.0025793380277653,0.0023820876817572337
0.910112991743448,0.23413893250232926,0.2000616422211929,0.15416991238868957,0.1305368778885618,0.11390946465431714,0.07827725958674114,0.06558804448128802,0.05295547692905793,0.05144833934384794
0.9925135394438225,0.07150742527289641,0.06210457509411541,0.05137524965843506,0.04173989822033043,0.017802490599346635,0.015254427957480339,0.01442656582884324,0.0135791464962317,0.009777411359199767
0.9853239784740484,0.08823822924321476,0.08245020429171313,0.07012725557529262,0.06295436659862468,0.06055812540290262,0.021499040998207816,0.017590071931767086,0.01718656500644279,0.014461434856507053
0.7631698192320032,0.6148652995257691,0.10698061888005553,0.06510778173970469,0.06465120359836515,0.05320869376557935,0.052461889415987034,0.041196817091632615,0.03714910248433756,0.03558607694617292
0.7044290092342992,0.629986089835905,0.2909051509792371,0.05292293851269738,0.04965102782657065,0.04381170203152479,0.04271420411373729,0.03674175321363179,0.033611064662282544,0.03289546650652198
0.9776651777944905,0.16941263936677764,0.08935608640079716,0.06408936914949531,0.024332328271423353,0.020161398734608364,0.01957981947103279,0.017619203196690886,0.01678399198166476,0.015776175589428728
0.9753333918726227,0.173009315522127,0.09084908298718077,0.06395079245679611,0.06153674193009839,0.020642562903221518,0.01953571402087575,0.017936541631130013,0.01629248118927569,0.015767216798801473
0.9832509120176571,0.1206348015673249,0.09191001162442367,0.06346212695143565,0.05578569442526075,0.022732289715094254,0.022614431875330087,0.017955552529711278,0.01705147127691566,0.016742128211293488
0.982337709873272,0.1263128908466952,0.0935156454410796,0.0634439125796125,0.056328218378861046,0.0316125369431231,0.023048701254136595,0.017189553923107368,0.01536716881189883,0.013185673101317219
0.9682688629961477,0.13394079712064022,0.11285693565994648,0.11163023182139917,0.07679147906554022,0.05425777710735119,0.051784332368457676,0.03794001737306279,0.03303925290674034,0.03070334414530233
0.9796345131807818,0.1697853701074343,0.06947398441381362,0.05218006463864332,0.03979919940951605,0.027018196881081463,0.01815007272362202,0.015317942515423552,0.015132628613534137,0.01430006024576564
0.9803759736331964,0.16789904459524133,0.062461635980581125,0.052198867563251955,0.03975527622257592,0.0270417638841927,0.018179506595128833,0.016687961960146176,0.015336085987728326,0.013876621985108502
0.9446164572942728,0.20571366404581354,0.10565974964467316,0.10056242693709526,0.09230668728900467,0.08600877855384303,0.07365735313069481,0.0721180018007512,0.059817922112216836,0.045440686772259944
0.9687213595489016,0.193242135769512,0.06153179724658356,0.0607721505356182,0.04831646917841895,0.04731941931620278,0.041572888295418914,0.037417811747871704,0.0355298624136195,0.03336952445107079
0.98626089239356,0.09353588167810595,0.07609992386255277,0.05989029001160693,0.04906386474307312,0.03610848762387536,0.02864381480689681,0.02837369519633667,0.027980988066276448,0.02539601664252918
0.7671053024540546,0.5954392915538143,0.15548089215696215,0.08888234680854663,0.057739956379530014,0.053009604310874855,0.046668391309613824,0.044450089759201,0.04375201624649928,0.04356461133215649
0.9855176896373745,0.12037784166312704,0.10611193408581925,0.03484824507336732,0.024892235060435253,0.016171682383073906,0.01563327503208668,0.012896303842255423,0.010714482235928595,0.009460809904733462
0.9849287139670019,0.1258500533096536,0.10442373836513023,0.03482653620511549,0.024898631541017652,0.019137719304455597,0.015584679187000447,0.012811802253099303,0.011082339807315471,0.00925636640970175
0.9359093312433516,0.28423933417517433,0.09969874700338802,0.09777205707898264,0.0784112841625462,0.05615392060591945,0.05341040344411996,0.04926057712079651,0.04500500315376244,0.042717442191168555
0.9451468027422094,0.26196612594266827,0.1039928778178699,0.10322599137586944,0.06677592643076462,0.06241395639906106,0.03332924784482106,0.032147283898548776,0.030576166531808977,0.028347735046111162
0.8619004042915279,0.43921557471933853,0.16563343796218802,0.14478969410452036,0.0584381389495401,0.051487778633044205,0.04470987544524749,0.04008652355995241,0.02598836466268192,0.02428794499738595
0.9242387054458351,0.31986389053440123,0.11168428467259908,0.09918710580092631,0.07638667485304719,0.06191854484430051,0.06155135615027868,0.03253589068224632,0.03216210576097341,0.030697723969667617
0.8941681378344479,0.4304170562356777,0.08112285141180711,0.041138460701017,0.034889711090138324,0.03441540621316353,0.02634421112822669,0.02406512461061668,0.02391310623758538,0.019831807195049497
0.9837209267130953,0.16862705882198514,0.035831139352858914,0.03562458849072523,0.022008312641439924,0.01544117554085206,0.012130131266604817,0.011025767070822473,0.009979511736796532,0.006060988753011062
0.9830062276900172,0.17268620710463148,0.03580746002669424,0.035531140726766,0.021995301945773902,0.016135422289155512,0.012142329050245369,0.011096706080295721,0.010248012277186842,0.006097145445717231
0.9999058290405328,0.009463097308436953,0.005734643521342605,0.004917502176494619,0.0034874711409224467,0.003323814911498828,0.0017187765180734747,0.0016629024355725836,0.0013262990891987204,0.0010948023391196598
0.9998852914564452,0.009731763136173325,0.008819441621995197,0.005311263421601405,0.0028881265028711067,0.0016834965659906413,0.001577976873216491,0.0013354979256591994,0.001301844354053916,0.0013015302221637607
0.9617855412185217,0.257808873593686,0.054309267602907406,0.03254597992124023,0.02995252226549072,0.028620521620281485,0.02786018467545882,0.022199615160272346,0.016722338067608544,0.01646429020369651
0.9978085863905699,0.04273154635097351,0.026891597835252537,0.02395950278550205,0.01955995896289574,0.01720058391860585,0.012961233642383028,0.010677968330980045,0.008508406202288798,0.006328309675872502
0.7840820649054134,0.6087015699135604,0.04681334800292538,0.04568044785626389,0.041719686765698455,0.033068410679238804,0.032127852167353824,0.030289710010009196,0.025318737512333087,0.023946817402068624
0.949468034805389,0.23263819260632088,0.16443442958736343,0.0569629651426082,0.05132081862582732,0.04933323784887535,0.03763292999892723,0.03667581282668466,0.03291575761468473,0.02522222930359164
0.9959209926487316,0.06671223046973183,0.04894450050268016,0.021637540257238047,0.02139075488204684,0.011303017972076076,0.00523160249865668,0.005026724165749966,0.005002865605790418,0.004262864007024528
0.988983658573806,0.0660676378369412,0.06331473134317146,0.06175987187474871,0.05569762316072309,0.03682475590535104,0.03534638957163665,0.026170175685910367,0.025983636866911353,0.020326193384493287
0.784231564887914,0.6044197621962555,0.049169486316960595,0.04493792616957175,0.042840561860318184,0.04030307565948979,0.03907073639542,0.03896390017417842,0.03660839944523215,0.031305465261727235
0.8891249051247981,0.34157170709741635,0.24520995255646585,0.06201419859501187,0.05705144131514407,0.05541422236939137,0.04226677266054407,0.03996247446044574,0.03850387697790232,0.03842811104634781
0.9724806788772741,0.17276356094138282,0.08410570586957895,0.07894621424157594,0.059608102920909886,0.037212083620666525,0.034635225128027025,0.027022018551322524,0.025748134480267387,0.02322125240911049
0.9734595111566345,0.17063723330456573,0.08574213852746698,0.0751738049412816,0.059675717041507245,0.03913002730101227,0.037127202608061405,0.027386010832143353,0.02624014722177359,0.019248778256231953
0.9873986670207989,0.08717704805056743,0.08087377497468866,0.060127484141442075,0.054400880418414815,0.040958083970645286,0.021221936068797596,0.016872274122884796,0.014935619249556732,0.013552868957320606
0.987063507284104,0.081887137900913,0.07379410024563895,0.0465991935862861,0.046158962116601934,0.04427170360197103,0.04312110044033364,0.028670817017168573,0.027865261107863394,0.027072107875188902
0.9900301372564823,0.08890980007286625,0.08048477425865802,0.060290937396524455,0.01975895460100167,0.014898931116237094,0.013947903962338316,0.01339320803022819,0.01222777101325267,0.009316515042301746
0.9880196943031921,0.0835756677638112,0.05745812480826088,0.0522724704140674,0.052066873936014293,0.04963113257851945,0.039260454205609946,0.029422781994218078,0.020854515801481687,0.02039502077249321
0.8917187561531915,0.32049914910167865,0.16831487979600313,0.10000652023722684,0.0978731686181705,0.08582015380555541,0.07391707310017137,0.06240368829329433,0.061166253016521004,0.0609546018846934
0.9855359949834716,0.10897613053090456,0.086133555962736,0.07567030437048347,0.03632775963577165,0.021950738918131655,0.021125703074777426,0.02018395531321557,0.014580834330359291,0.012610819849847186
0.9532699676455819,0.2603774230197721,0.10618683380365364,0.07205883773152026,0.044482951094600764,0.038998927645306436,0.02428732696657593,0.02274953112805715,0.019930432790088156,0.019381571756321207
0.9973575050052674,0.053079170543522805,0.03605503492000783,0.018055551797164438,0.01362774212962128,0.012533911768103142,0.010098579085374971,0.009935914494254353,0.007770524604899588,0.007301365249032755
0.9956349004666674,0.07075472317999698,0.03555045913979652,0.029209329339360938,0.0235879672653278,0.01879208875128382,0.014781516069930434,0.010010643877059557,0.0075751883502244355,0.0075394183652861095
0.9966922366002087,0.06250006991003837,0.03559906950774647,0.03002354401153763,0.014846258945034186,0.010021557774984079,0.0058768278325155516,0.005661025124801867,0.005498492229239838,0.0054169150075052425
0.9917421548683839,0.10317469878443843,0.05585630670363674,0.029203973861572276,0.026486102934159428,0.015480611233831796,0.015343627662029269,0.012547444781894807,0.010367907806447987,0.009470133034025302
0.992200352851733,0.09862153986823363,0.05644841927059889,0.029215070411554342,0.026479134693857282,0.015474895782493066,0.014687052769816281,0.011840152810691236,0.010211151300116643,0.009448489909316812
0.978811520599402,0.13778873581178036,0.08943176331615478,0.0582445102358848,0.04685132070881293,0.04086505068344059,0.03890009963292353,0.03535354982006363,0.031081289410662596,0.024075477256817777
0.9769705716500542,0.16706456222985253,0.06314841960646399,0.04884102987937066,0.04329607069235897,0.04115058681080478,0.03881991788999337,0.02983545355080389,0.025010978050474142,0.023452742104717664
0.9831473838939849,0.10992172798709451,0.08000904008227482,0.07205872213119922,0.05666972356066868,0.03609295554912784,0.031967828312147305,0.029768127250922562,0.02389291875742906,0.022667838852609413
0.9941164254497689,0.060861546850376286,0.04235986947469286,0.03880420447280623,0.03421989214920318,0.02712274453492708,0.023854906097631075,0.02127416052031663,0.01938548021508692,0.017286003127043745
0.9850044741986962,0.09102631319721254,0.06886995572353238,0.06875161652002316,0.06495248402578363,0.044105813324563946,0.0344289089699982,0.032179478031016735,0.027784938600816877,0.026372572159217303
0.8689159543685607,0.2763469319287784,0.26696785416566354,0.18693580048518563,0.09984213395067652,0.07739966118334958,0.07337419240098153,0.07243134101319694,0.07165458137360133,0.07053933106816565
0.9974906325846078,0.049424971070130753,0.038516691240914294,0.014435562690977247,0.013091781048522499,0.011568995945105992,0.011136077201630026,0.01003766242955571,0.010020203722190878,0.007790980795186493
0.9891622511078292,0.09632002225448343,0.06908725957830533,0.0629150485195393,0.032762665648105586,0.024240047202657457,0.02117918737958781,0.016465131331066116,0.014897898979031701,0.014477568348143887
0.9875608352224539,0.08346119863676991,0.07927673139404096,0.05599592120160096,0.05432617417256706,0.0372557486194048,0.036305080790883626,0.023331410248708013,0.01974792784592582,0.015890924142179012
0.9924833700836165,0.05142111219705509,0.04850647439000081,0.046569295259419635,0.03877415987143372,0.038060315103644514,0.030203372809202607,0.027369015605854363,0.022403535503816137,0.022132017675173275
0.9894745580953911,0.09554667971880258,0.06624995224917818,0.06342702461820719,0.02890203040496279,0.024537521687993866,0.01763739245478919,0.015111594606658767,0.014449685809491731,0.013559649536533389
0.876004776754768,0.3590868250998801,0.23675131891717643,0.10388060015852037,0.08877616075778524,0.07317499483064857,0.07240323978844401,0.06346190843479856,0.04969272363863382,0.0396945385336227
0.9893683231277908,0.10059638528587896,0.06631837902947034,0.06260331336901721,0.02131825515920252,0.020532920226136224,0.017886327202200503,0.015375669010747038,0.014903513778829269,0.01483618055180015
0.9716267538904113,0.1307130333592206,0.10757924913059687,0.10601112968962577,0.06756464880002465,0.05806244208463732,0.04555279387124282,0.03625999017504448,0.028835789754502624,0.026883480653185295
0.9727455123711672,0.12984039133647815,0.10637428210212439,0.10128138818337606,0.0725508495425842,0.05803655987285088,0.046295085166973456,0.029674760186293173,0.027359774219028916,0.022059496060543537
0.9959263435997047,0.058332584722635056,0.05788083338390266,0.021517729882873017,0.014763282670321645,0.013558206601001495,0.011294709534005711,0.008810667152948917,0.006996847711743464,0.006603106710870655
0.9939618487765375,0.07852284789021322,0.060282795184799724,0.033548876682821915,0.023346448858479935,0.015679614097784268,0.007074402806787179,0.005827547327394742,0.005198055373310816,0.00510626561316059
0.8103116539450911,0.5621636117214125,0.105504940599731,0.09783011947087182,0.05929938193356467,0.035129922110685934,0.013897083653109257,0.013015033327923234,0.012996482052689075,0.012345095348459494
0.9307635882995239,0.28458362699926487,0.20499969036386267,0.07632638012459515,0.03497611121068154,0.02315428293379271,0.016403620527203552,0.014714382746531108,0.014539566893036215,0.01445073377252276
0.7457411618309495,0.6253027251255783,0.17224600408822052,0.10085300373831457,0.04889962902476784,0.043313045094309235,0.04084798220530049,0.03600037010067479,0.03502110253954429,0.03366436796694713
0.7775083029380288,0.5867340578996524,0.17248521980488385,0.09626326752900911,0.0484693290650445,0.04233501402857017,0.04027225147220601,0.03715041903512715,0.03567205039338493,0.03273228623235279
0.9971112924596068,0.07152812267656147,0.015448467976688487,0.008947598422014116,0.00834730806054655,0.007888971053209059,0.007215039240932089,0.0063134886208523885,0.004919607847183546,0.0041827788222902375
0.9729303615024191,0.1610141544390192,0.09702171407214245,0.06528514561104158,0.050889812986818314,0.04416295599228663,0.03833039382460925,0.037136032995343786,0.03250236583533647,0.030770624773193752
0.993701099722836,0.05719498048606915,0.05634897389138169,0.05263457765182077,0.02874791313718118,0.02820286124661055,0.02037049853931529,0.02007576938785669,0.016473233831330283,0.01299800051029914
0.7284621704118345,0.5984037361673087,0.22949596684512094,0.20240538507903755,0.07416689624616343,0.062310025623538524,0.04815093603157146,0.03113320791814155,0.029354084960370078,0.023803592652639816
0.9971001150361862,0.07325729484340256,0.011437875634520303,0.007754431328570138,0.007507121508415975,0.005978638641590501,0.004996211317060362,0.004801155798702378,0.0038745512369622232,0.003669819708418896
0.746201652795114,0.5783686240246181,0.21539949153836882,0.15782528531265835,0.15769487945403907,0.061604169273360515,0.036666997052482,0.030995402694075348,0.029682680905804493,0.028446989002874762
0.7571055286304474,0.5650140111511114,0.21526057418928513,0.20692888407678459,0.0704255414369834,0.06721978819209595,0.04952684595515597,0.03419686625698858,0.033779291050270756,0.030790156023864083
0.8669502977333285,0.4695274375229987,0.12317508678930114,0.0568222843911407,0.0563334177529198,0.03922488338979881,0.029911716909509656,0.029364803516184756,0.019201567751293593,0.018929869615770742
0.8590405089789214,0.48591884326900237,0.10431984957891476,0.07437050181447148,0.044754849052498574,0.030489991039434526,0.030121536004501733,0.02870109209453696,0.027447633329177174,0.023018504050031415
0.9387719818350929,0.2284594609344027,0.11445627354678377,0.11403267740211276,0.08509713794960849,0.059613532761959256,0.05935878183506062,0.05782748307911812,0.052839631308755894,0.0512548648816394
0.7737251845115231,0.5693225137379988,0.22198384207418684,0.08465766731266425,0.08031689524738139,0.06531555425633753,0.05222922629546365,0.043506228933943826,0.030763720072532894,0.02680786311833125
0.8602612572253028,0.4870137380578136,0.08221752948315954,0.0702810055467999,0.06007452910428329,0.03755179243234049,0.037257793334804105,0.03721441162760693,0.02716928063634964,0.025961873901683506
0.8896069613286877,0.44317899386187765,0.07228521228551861,0.03868814681804523,0.03856843089109784,0.03543171148423515,0.03127866583251375,0.023533332559497886,0.014859596444251446,0.011453472529975701
0.8774476158779868,0.358507546661492,0.18838023593998499,0.11998712978526002,0.09772157513214239,0.09771762089143489,0.09375048338038416,0.07686811554437963,0.0517679489627692,0.048822581047774566
0.9539115028778463,0.17030404083979653,0.1446587686294321,0.09974698737029424,0.08163586842530053,0.0634528706476918,0.056590678349211984,0.056094633114989106,0.04522087635497869,0.03442322167001312
0.9242524111224051,0.3070048021268832,0.1788332403990226,0.11323273580171342,0.06293181814622378,0.027635282245245453,0.023151893776870998,0.013180569962932098,0.011691979894770447,0.010821365870438115
0.9940655762288308,0.0623118429752493,0.04020477703060511,0.036240356455938885,0.034984089681888896,0.03347449132278121,0.029761073364942544,0.02279463459464646,0.019053909301873312,0.01718417517495289
0.9949027148272751,0.062036462192649605,0.05342435585406387,0.04473980626233431,0.02635952252222131,0.011790173774331591,0.010011944056548573,0.009895175534202513,0.008868847194831738,0.007541957292956113
0.9837972071797528,0.15909842724516152,0.058499975116875005,0.0461460312984342,0.01679321177687169,0.016484033468824263,0.010513722241029056,0.009547182436536841,0.008955511162671478,0.0068318105827398536
0.9672758735559381,0.16762649993403927,0.07808239731816428,0.07798079686573524,0.0770769199386116,0.06685562654299741,0.05863515991653992,0.055307855784563785,0.037945148175145015,0.03533069008316677
0.8629264199148248,0.49332797130256545,0.07270041824419339,0.04817308089294507,0.023186158075358027,0.02199961043268269,0.02169973531258841,0.02089656784487963,0.01991384570345256,0.017752219325999952
0.8883588355932663,0.44559369323832765,0.07867070705804456,0.04962650895982725,0.02400594765079759,0.02006185462334516,0.018783294676103835,0.018019552840890914,0.01776680312487099,0.01703043358209466
0.9960774804560255,0.0700231247093907,0.04507958290712115,0.018512710873563404,0.010140042748602324,0.009776004970977912,0.00847120148020441,0.00763742847097876,0.006195719449520989,0.006128996572639775
0.9960693668386593,0.07003309754954073,0.04563761602743265,0.018517455734299592,0.009781874708491218,0.009729335611642425,0.008507641375812777,0.007627703273354731,0.006184585216187968,0.006135380857311078
0.772612102821695,0.4768825115933293,0.3359060536788706,0.2233178180827612,0.055131064286068725,0.046553857330573566,0.03738671645643227,0.03611974766298014,0.032017633711758926,0.028909737296290254
0.9969394443122681,0.07100214027983547,0.01851717470209775,0.012190369045464694,0.011933270896631345,0.010403570547283168,0.008435450048544183,0.006713978424135757,0.006305365146327442,0.005896949102932766
0.9969833422156396,0.07100724727996045,0.01847802495676419,0.012175597863296675,0.011932375051076076,0.010414848145695937,0.007937222946234685,0.006674401068596999,0.006344812277338903,0.005903454081503092
0.7248343677105523,0.5615501051624685,0.25431771486764654,0.18053117352898249,0.16812924293716477,0.07639709534946974,0.06493509759397217,0.062488432428509474,0.059297415123269116,0.056392882587081306
0.7264083113167472,0.6027611960311433,0.21666630030201905,0.211323758154375,0.06294077501252772,0.05734279641459738,0.048074375383577284,0.04149106821012547,0.0368791264495258,0.03479475464048605
0.9966224957412922,0.07291608235043265,0.022679770886882306,0.019430592399083752,0.013263078099052542,0.007437863605762212,0.007058211854461193,0.006172961986091213,0.0058023066955538325,0.004658592249043699
0.9968465625387384,0.07289159416131426,0.019565322490493222,0.01342246998281686,0.01108343611661929,0.0073512329601701345,0.007196326871454042,0.006161051226791414,0.004616900238392877,0.004612093882188576
0.9965051902604682,0.07306972963534378,0.029017391139387044,0.01628043356338973,0.012339138397873161,0.00805469503736671,0.007215654928634882,0.006253026946308444,0.005790082475372309,0.005334884973550519
0.9964932804244772,0.07305024705586359,0.02907352709476128,0.015924904660919472,0.013784049157895592,0.010918416699135838,0.008058591328802553,0.006088880684365749,0.005830601750975535,0.004076626582636199
0.8129351482356788,0.5292792480663643,0.14076076834283385,0.11303903515713844,0.08177815121009664,0.0682567296020968,0.05888233927635614,0.044128618932765276,0.03827802850329698,0.035448528160741156
0.7692249726442878,0.49025703615540633,0.2168240357129294,0.20873007689667092,0.14470630645622115,0.1160481335921159,0.10790656297410654,0.09975583694046071,0.05860304588687662,0.0474557792052556
0.9395092789183261,0.21593636553268028,0.16468093127159064,0.1358105352231707,0.08943862362486593,0.07634951596035863,0.04630841433322679,0.034583096186028194,0.029504983866299,0.02944514094759514
0.8150038853569278,0.36366395666277057,0.248642367254609,0.17877245612987883,0.13579950427781343,0.13530272877884894,0.12672211071710113,0.1109668596261927,0.097299243887036,0.09674218130094177
0.7324821211370582,0.6394642416369124,0.16826104054171015,0.10010699707645769,0.05774491982265796,0.04532289374758655,0.045051866809272624,0.04069296782030105,0.03316270855762737,0.030201161082302592
0.9651720845504662,0.2456374069437902,0.048497703302360314,0.04098346228151944,0.038345621458829894,0.03239959796398978,0.01882544201681415,0.014173334153084055,0.01316210926929428,0.009825505179694551
0.9664059581261987,0.13897421531100476,0.13770155113737514,0.07765264077741303,0.06669762952750295,0.06024759071215634,0.0550685212136855,0.04473380386906541,0.04003447355344716,0.0312996726616033
0.9967733883890942,0.07497809255919592,0.019911070524799835,0.009560779513500348,0.008942869790449174,0.008707752928744268,0.006493351969383288,0.00501194332987334,0.004534983073838044,0.003926880828484236
0.9711067082887906,0.14199991445522986,0.12941802182821338,0.08894801221571001,0.06813421811125348,0.044338807329026224,0.03744151770527954,0.02691327374118579,0.023007502826954594,0.019893252233293603
0.9340983753455716,0.29240662997335404,0.12653306599651773,0.10166526493875486,0.06998489037516394,0.06661755819245786,0.04590603005509459,0.02445247927792747,0.022174408720933302,0.019563305668506076
0.7086775538388426,0.607517725697635,0.2077983673088794,0.12016757187829208,0.11426871921060872,0.08546168802386835,0.0830706066306896,0.08033660128810842,0.07488736776194334,0.06270455643761429
0.942965522797992,0.17347999471522055,0.1690821103174888,0.12265411693121823,0.11251452724421279,0.10087795273760274,0.05503563587496109,0.04441493594748117,0.04185105020530397,0.040205896549032796
0.741323716062528,0.46306178589836094,0.2587275576703763,0.2527544799088981,0.16653729806715462,0.15544734717037026,0.11519724663559865,0.06328312034229357,0.05995217210447872,0.0577977363426517
0.9965815466595818,0.07896598253654821,0.015817721202212153,0.00846342188122148,0.006704419372195769,0.006424573427261126,0.0060385883666241955,0.00576696579963586,0.004744536657364218,0.0033264194722774573
0.9604023875160665,0.20016897657684646,0.1713951269863851,0.06499966968912063,0.02452229284664029,0.02063598744667279,0.019960309230417386,0.019031203511591724,0.01583529435473204,0.015492674255134599
0.9948435056998173,0.05982138561867711,0.05826196501066296,0.03703370400503678,0.025406460815150658,0.02415243958247929,0.012089022320118124,0.011011327218238299,0.00999923878435883,0.008675210722411075
0.9140109976540302,0.24816267945511697,0.20648057919940416,0.18755101209642103,0.08957392931551766,0.05490903281035789,0.04857393648669271,0.04242729830653333,0.037970782056234394,0.036603669630730196
0.9591909362339599,0.2431832924597845,0.09139445137466524,0.05497271783813934,0.054185621074504024,0.03820761906464958,0.03374419523985767,0.031609798573167175,0.02659509281913086,0.022313436953467304
0.9671806895929255,0.231722841412921,0.055273174200818016,0.05138171055062818,0.03724069714717102,0.02633845977341576,0.02281683503494383,0.021366894647804027,0.01749301670313703,0.01570520828725303
0.9958488348154351,0.06944615127654939,0.03634864482679501,0.03234365450397104,0.02159612467809751,0.010587923225185107,0.010082342060399766,0.007918669157798076,0.007898419571699379,0.007867489719733308
0.99912714691099,0.027189414255926993,0.014176515343046623,0.013150270507739918,0.013119799471565914,0.009520299050563896,0.009199102102916759,0.00789719756209059,0.007064519839846407,0.00634430662569504
0.6060357922888489,0.5272227180467154,0.48714855268798835,0.18435100235221416,0.12409312818030323,0.10565474683047757,0.09733620461970448,0.09015468416566508,0.08868853457599586,0.05362851792938458
0.790339839861728,0.38421368765502956,0.34548733881909843,0.20762325786781127,0.12094323255338672,0.09896435140718417,0.07395143334740731,0.06582621867103108,0.059066014384194204,0.058336966752262076
0.9337309310321531,0.2421692429792779,0.15699143854863506,0.09268763390288222,0.08955317091449788,0.08709595026855767,0.06290095010278111,0.04176204615927039,0.03896173543063069,0.03864536558285293
0.9784599953935552,0.1272475013827225,0.0807771760779093,0.07079988823699432,0.07058345663408201,0.05662475541897885,0.04177134168383307,0.0383582169889282,0.037915361694623124,0.020548419793390435
0.9369714628666523,0.24018434147068596,0.12831959923683545,0.10125030979592624,0.08679720311574335,0.079160175457473,0.07375091093765455,0.0646362135797044,0.04370055770622348,0.04231006398462761
0.9376034977204967,0.3211605635570666,0.09559918119774817,0.07342275063690515,0.024900675189319738,0.021914168779568793,0.02134201562382089,0.016180763412063443,0.015238838327814598,0.012667949176736401
0.8619586672290277,0.2797188396524923,0.256923794007617,0.2096145726230904,0.1831316816111518,0.09293596500488409,0.07406415899712085,0.05614083796523399,0.05062903869847754,0.04407976283066403
0.9996453549557899,0.021881935316195533,0.01198934401566206,0.0043966001143414405,0.003315057815642745,0.0027646720321546597,0.002747507283937241,0.0025874846835290638,0.0022259566985591644,0.0021865735164377717
0.9348837825445592,0.28878238539566886,0.14658777359862965,0.09119976955960517,0.057587392310007236,0.041153825493344225,0.04007335559869463,0.03371178421483243,0.02989945478733936,0.02483988855906169
0.9778840023108728,0.19452458222611466,0.04083534059261141,0.03686775223241812,0.032653179449476044,0.025312383709188768,0.019373677297528143,0.016182663318077516,0.011059912197730566,0.010162603107538783
0.8360743713923031,0.5351001182436957,0.061048689689750954,0.05438811965098035,0.04363211723591842,0.04122359864179592,0.040141317197893656,0.019403882191034626,0.018274248293203087,0.018168291024151403
0.9981679870194035,0.03397297959217328,0.033636794819163526,0.025386761443391966,0.020304294468460136,0.010689305878475927,0.00840588299666122,0.006122536838556215,0.0043110958772313674,0.0036593233329882176
0.9969997472121611,0.04236064970560872,0.037614541108350316,0.03218924761088612,0.03208531337647156,0.01565705686470993,0.011443987274016661,0.010463197598464162,0.00667118038211861,0.004641445418404012
0.9970828002722897,0.04242920688852948,0.03768213416117967,0.03260389825339223,0.03214664953291156,0.0157033851796995,0.010516508650238041,0.006538902374363081,0.004486025336776625,0.0037572889382409963
0.9409944329151015,0.20239904682064924,0.20076496672454816,0.13028361767653626,0.06598580580799836,0.05814061203047687,0.0433124762677332,0.03339813387650507,0.026490462038568526,0.024822409375364413
0.9558711682686549,0.18558727770658456,0.15573324139839545,0.07780807330217523,0.06985713347227926,0.04930197302140434,0.04775054698687889,0.04450729496121947,0.03872009295741897,0.03776491385316614
0.9554618076901776,0.17794465403983195,0.1753533412486638,0.11968120371652144,0.04102228145992838,0.03274601204427071,0.03193392260341082,0.02588093326249428,0.025491463764289943,0.019961335786978476
0.99460788839916,0.08327401605063102,0.029004182302539757,0.02734437628590336,0.025094843227734084,0.022458936197141934,0.015623207083145628,0.014435452103747479,0.012719055792185395,0.011154762835496936
0.9448960063682487,0.3129708618472548,0.051915051702178805,0.036171236498944666,0.031196599855175845,0.026805822884698117,0.025290397061177517,0.024078838267833528,0.022287143641995813,0.017711961301253708
0.9154182304558397,0.3091867906519723,0.15161924725557485,0.10920095650316101,0.08062262621336715,0.070959856566355,0.0708183926643485,0.06867278250044061,0.0426772516118982,0.03525113760976301
0.9859712782312581,0.15666422038961664,0.031793332696492704,0.0238760145438045,0.022320404144534286,0.0221106373018622,0.013323802545274746,0.011664964243424811,0.008425870832207947,0.007180521735052955
0.6361273300455595,0.526094551433633,0.37274609214251353,0.36935316372749283,0.11141613456508419,0.06210130039781086,0.052139834299704244,0.04531463918481777,0.04292346404240312,0.04212162909046869
0.9106912199993114,0.22022311552227966,0.20574048254370067,0.13543620502269282,0.12967665016952268,0.1275172737589642,0.06814891710685018,0.06711559734242308,0.060196283402351385,0.058004009963425966
0.9362697579222868,0.20218929148111942,0.19627817363892644,0.1553740812295873,0.06994747089104256,0.05989051376445081,0.05636658219889622,0.047199741314627654,0.04065138617227903,0.029162050166511657
0.983500136179124,0.13990063367192002,0.06432209154216662,0.06153144044067925,0.04862269196969748,0.02663613366584923,0.021597032178018626,0.01822418358323279,0.015704280264341022,0.01226194338538484
0.921256663158599,0.3217264177061416,0.1315912639692676,0.07481127606764758,0.06403655933488896,0.060501449856373075,0.054787877924731714,0.047988622235905325,0.04769659915115618,0.044003908397477046
0.9796398276031868,0.1127868292333778,0.07550184419978484,0.07060292333084857,0.06570433388235096,0.05800494694326582,0.03996939366670491,0.034954771026099986,0.03372682074421612,0.03280766399054797
0.9224479257192711,0.37104084219168787,0.05223634280036144,0.044889075845105174,0.043377078598178576,0.03314133975974004,0.027513723217655037,0.0272996388442787,0.02281913547214069,0.013440762074342411
0.9931118984864276,0.07114846736528097,0.05868089461071466,0.03569131300065087,0.020801856664442935,0.019466427604857194,0.0191722802981258,0.01886747302184864,0.01545184272676826,0.01488429240539042
0.9930804370083973,0.09315623631439944,0.05849632972745516,0.02944904370906377,0.014215216136107128,0.010135552470442682,0.009330738283537771,0.008131938516312007,0.007537493525462962,0.006115389836978858
0.9969632702785539,0.03798464409981176,0.026380449576192923,0.02590171534760418,0.022542734254704256,0.02016991235180722,0.01956897264715632,0.019158015347439415,0.015526860229595112,0.014983381152831815
0.6442181825136746,0.62793135072967,0.24629455205697845,0.18469640531446802,0.14568715820404027,0.10974828698621011,0.10132649889921301,0.09057935913105009,0.07865547229878968,0.0656626709408171
0.9508724353667009,0.19632937301259512,0.12727617523640372,0.09468469584449327,0.07724059155983368,0.06850070864854792,0.0667398487973077,0.05810317953989036,0.046543506160590546,0.04431669130524726
0.7455986626975973,0.4811089604402942,0.3727364993849454,0.141041083114229,0.11104703386056158,0.09321356697112729,0.06172209771489391,0.0588741586039789,0.04419057207305059,0.04198841141106351
0.9041980532711916,0.37121799679224976,0.143957659026275,0.08553226074545996,0.06813895070205436,0.04461678432404806,0.039015350654044545,0.03711906795148262,0.027448940221450908,0.025758400660600204
0.9834134554314854,0.11558214636779714,0.0968437268705871,0.04962673704367333,0.041025349030249826,0.04002519452941406,0.03072296550689255,0.028001585424272148,0.020160784304702896,0.01930643772501924
0.9849461618512434,0.1476776318181971,0.049923709110955665,0.04086289892250977,0.033097383826611766,0.03200167882434783,0.02009276949453481,0.01936527833799522,0.017642793197740134,0.015736224681584074
0.9546936559381475,0.1466827241918185,0.13700004629405227,0.126061350778274,0.11068265061966923,0.05543624246136022,0.051217608012889465,0.04741923057332122,0.04619701832057659,0.040655257183975356
0.9152141799251383,0.3200182445395484,0.1486821700871606,0.12943144413328814,0.056460833955958446,0.05602330191719295,0.0457708511336789,0.04293596195210427,0.035801187692225074,0.0345639696395563
0.879440410686046,0.30895102157623877,0.1442619835233496,0.1355754401365836,0.13352853619319774,0.13208526664670928,0.10690335861112536,0.08774076759744849,0.07892988638924663,0.07208310528264811
0.9757951784787,0.1783275885539833,0.1080497517618404,0.030333015921060608,0.02790092610837388,0.025465997265701222,0.01994329605528287,0.01698550603908447,0.01570421254068059,0.01376077904832023
0.9734851963678881,0.10315188452360098,0.08544809827448259,0.0826500514807194,0.07893105999131737,0.06526803380259923,0.06095262127478296,0.05078775896840662,0.04115768341329625,0.03635373795906369
0.9295261196640291,0.30401792408080025,0.13685647213289426,0.0862724288394428,0.06574589902090976,0.05077893471369551,0.04917202154272616,0.040103081886676516,0.03763179308446541,0.02958322734048587
0.9294490579459719,0.3161236610529684,0.1545976427710905,0.0440870576505705,0.03668077021922326,0.03659180291282584,0.031836171415757765,0.029577785743437217,0.02890918689802741,0.024983321698215443
0.7738478303179355,0.3601582447980642,0.35056007489977914,0.27496737113654324,0.12892681790790433,0.092410414957185,0.08672878029066727,0.08662575896970455,0.07439934523307377,0.06906104781460128
0.9867893101416775,0.09912124014032621,0.05446268641347265,0.05310751426570627,0.04301168995840306,0.04050425421839133,0.03583410091398959,0.032771682045418964,0.02826610629045015,0.02763179533266784
0.6790636253892967,0.48950994523046054,0.33545621048144053,0.22737620056107646,0.20787711555707133,0.15958125767255008,0.10713194222298004,0.08951501424923487,0.08254448847531623,0.08085048356651885
0.9766115293561577,0.1277267044636242,0.08333696685001991,0.07628350337972918,0.06791524593571732,0.05797656785938032,0.05462901879615325,0.054585622231154526,0.04058718562827361,0.01824419173444927
0.9970799842087518,0.04174546899496757,0.03713534085044825,0.03340458330401236,0.024325516415515645,0.022213819833045996,0.01155090751227225,0.010919493837287776,0.008775057009000406,0.0073051274191412805
0.9671468018171956,0.22796450888216285,0.05598962225842623,0.04236797857600768,0.03477584048853891,0.03313837030327643,0.03210819615493357,0.03044048058690979,0.03042906102346691,0.021008795898589838
0.8176703336895006,0.45357881815777495,0.26282688690396866,0.10816248339333903,0.10764396375296655,0.06971952745989428,0.06679927573605948,0.058121317164863705,0.05018077555247675,0.046686056809959346
0.6403976359661636,0.5041919310723293,0.3323320412421854,0.2109582558583166,0.19167947145860348,0.17782748359362863,0.16663723456820814,0.16197915809540206,0.1280939576350108,0.09663402752779893
0.9256458940640953,0.31466864044662857,0.12731949641797283,0.12247656351928221,0.040943808148514,0.0401021183614352,0.038249943623466245,0.036276561065332516,0.03334895904661371,0.03324436746081069
0.9959379457573004,0.0785253245733104,0.02654208226260093,0.020359127428731274,0.017778808652301723,0.010514146336957145,0.0090949436725536,0.008256796910122991,0.007899683653795096,0.005587007936819683
0.9948340246769759,0.07822149309285703,0.052475706834303464,0.02551379362740709,0.014671506323339887,0.012635265273372706,0.009611305880487234,0.008016720152598989,0.006267781381376483,0.005811907864497873
0.987178337899757,0.1114638337762324,0.043265988756264875,0.041143263033074626,0.031063311551918885,0.029317215832922027,0.02779727168688057,0.024303039978864887,0.024013345646202895,0.023364222118053994
0.8515566178459139,0.39099750289127516,0.23276616026530428,0.1319803114315433,0.12834576671097545,0.12677457254230198,0.07364715643972199,0.047913534598103415,0.04118479072793958,0.033560870663824224
0.9976602497310026,0.03915965212869158,0.03781932995494531,0.03061748787969348,0.017854854086581648,0.014662744632353866,0.0069087131370099576,0.0060808422161483956,0.00442310803649322,0.0043012316628724045
0.6863045450944911,0.6343374814127136,0.22971372254995784,0.1304372517246452,0.1200977456225903,0.09324131392073665,0.08380754336286594,0.0681088890564921,0.05596047315526405,0.04735925862011794
0.9849220397455078,0.15526463328778647,0.05548826285223362,0.028578835214228708,0.022043554406305413,0.020959282204236034,0.018577541985044955,0.011980069240446969,0.009459498483183535,0.008568639654247902
0.7544834183073389,0.5747737772970937,0.19092988702217756,0.12493878275795933,0.11269919709314932,0.09759284327241434,0.08352018470672319,0.061410183116617965,0.04942904896194193,0.03715183110633229
0.9481507975026983,0.1584093763935841,0.15618282892972493,0.13469236993085876,0.11154358598985453,0.08580257573660681,0.0672380237510318,0.03438646460232346,0.031947286910258214,0.030312883632603493
0.9831799726581071,0.11653094804531149,0.09447816425891656,0.07050430601470005,0.03337431022185002,0.02729545900266118,0.027251397672635177,0.020244733296130475,0.020205350205333476,0.017877184757475822
0.8536067622860586,0.35923227813158076,0.3155025937193662,0.10009920238794007,0.09998372499960921,0.05887613657923337,0.057614083931513044,0.046777005505409246,0.0444310330961076,0.043153993768958676
0.9358514401805472,0.21274604246273748,0.15131125142058868,0.14646215675026508,0.10439661491697617,0.08691537663789015,0.05427622094912113,0.04738410396130701,0.0322483553328713,0.03194177678840912
0.9101692475422055,0.38286928973262735,0.05559582435056462,0.05533876804518196,0.05220187606187672,0.048606011000531545,0.046419382133226876,0.04069542465682925,0.038175686175233196,0.037292196042258474
0.9017425038144194,0.3835413258929614,0.16338633945605538,0.059006654367837925,0.0513915459233981,0.0296901077053493,0.028310112627077576,0.02505502171601698,0.021857902422834394,0.020855110692713664
0.9951430756334034,0.07638549451077331,0.052434225290681404,0.02014265942284104,0.015423849634871,0.007362354461185157,0.006268201133099426,0.005635618003829911,0.005156129756073675,0.004859990067504272
0.9954060574563298,0.07632937450784803,0.046172797627233614,0.02107917583706079,0.016164733416799436,0.01405349746639302,0.007271933127215682,0.0060490048623776885,0.004712521856120311,0.004398307832464087
0.945878843112545,0.26196537717624263,0.11356791668662498,0.08899315949957129,0.07225560490946255,0.05884131565408392,0.03340346721378833,0.02536636853155849,0.024507320339933508,0.0244067243903806
0.9817847213782971,0.12031529541950735,0.11648089340433626,0.04699663115128336,0.0359047901464391,0.03467216122688674,0.025149837007562608,0.02459755110013662,0.01968167627419196,0.019587318812511325
0.9958438927178663,0.06329279135766597,0.035167131964357834,0.02948005558237722,0.02274554872670229,0.020996692843758755,0.015219538885010628,0.015152806482367274,0.013210316958772299,0.010078633006537155
0.9957387101697143,0.07694539907648947,0.032348128352856304,0.026131670369749848,0.016002793868426915,0.009373575878606006,0.008529134566911158,0.00805907199262966,0.005783185714573754,0.0056985834350684475
0.9957531600230078,0.07704350430255737,0.03299959812419615,0.025236084584418617,0.016000469232185,0.010852051993012937,0.00912771347236093,0.008553538401997173,0.005725767112358923,0.005720286992153776
0.8897137832174066,0.31240735208081005,0.15316968676159848,0.14827516269334096,0.12381775991567666,0.12366402815082071,0.11403248558506962,0.07361240341945845,0.06471282723017766,0.05410666664522358
0.7278170744750874,0.5792543882877297,0.2766518041918645,0.11841281455497082,0.114398923399441,0.08957152613461992,0.07249259768619647,0.055302777803959015,0.045093194110118265,0.04504777622901658
0.9727856305866472,0.12075068351959604,0.11633267303724039,0.10006609476037627,0.09442475278798544,0.036118375382686335,0.026951353038718054,0.025639741503499146,0.01904180306538399,0.017709188345672
0.965449877726071,0.11552763972958818,0.0844792873068277,0.07830850934744024,0.07697884946117925,0.0755105959144525,0.07342129792174759,0.059011965415542496,0.055679430954720305,0.05388162927513961
0.981155729672631,0.0852151737677281,0.080573952964205,0.06998115768401694,0.06943210828995014,0.048726018215313874,0.04819841817316193,0.042465736755832546,0.04135963929215973,0.028607659349732525
0.9178210972429188,0.3665836379572961,0.10574396025694914,0.07332452532703265,0.03996087299049854,0.023017399340498387,0.022812317587922803,0.021567502839795298,0.02128229962375997,0.01996349797354319
0.9717373221564106,0.12350465058440058,0.11402513112038036,0.10325883624005669,0.06294401117260448,0.049837965564307654,0.04510038758564343,0.036046364891501544,0.03545629603976063,0.028368459411799815
0.7999655953712965,0.490563000000327,0.2427669777156745,0.19304553983133962,0.08449788535958809,0.05771669919707653,0.05700253982547917,0.051704063569306895,0.033025595987073594,0.028560681506972108
0.6794409703824623,0.6203198332007924,0.27905195982851777,0.17347731320997994,0.12034569158847327,0.09881852692648198,0.09382737480237255,0.05088474702406462,0.037360959624781066,0.03407071858107163
0.9755759189222625,0.1402569112835058,0.1360351061215771,0.06262411303651394,0.055446777278828734,0.02537606378721996,0.019636850634613855,0.015482916616096583,0.014465589394584265,0.013609806065065531
0.7389772630084134,0.5257339802688085,0.3229099184657135,0.10837658342147131,0.10558737707329154,0.10377662367975166,0.10321852476811927,0.09025552231110741,0.0732377494450964,0.06377013036722191
0.9850688288355121,0.10302240386404157,0.07834655259614572,0.051354571523485354,0.03835167886736993,0.03555682474134619,0.034818842848898926,0.03397203785373355,0.03250119364304719,0.030213746364213364
0.9768920543015431,0.14660384377958202,0.10460537131491282,0.05296839778333901,0.04841662489961287,0.042472349687296754,0.037620771881428025,0.03355891389397305,0.03239237186590536,0.02542125039035822
0.7276603479265412,0.5851695181403954,0.212329349810658,0.16508352152789163,0.12206804759297028,0.11694051970032719,0.09659291119810227,0.08032648217111563,0.046354706542010814,0.042485946531395896
0.9733738587400289,0.1390490345991118,0.08384794962226924,0.0775101894762211,0.05768603576485469,0.052308610792560446,0.04911580182134232,0.04793710669166853,0.040436051441449405,0.038080090377762256
0.9852122566654219,0.11412310858004732,0.07088305008594876,0.04977210617957012,0.046206853043580846,0.03172267014328441,0.030089462555888874,0.029013826271265555,0.0269509071717227,0.02558625308278845
0.9675298316869918,0.15001164237233194,0.10818190362078844,0.10168391399762812,0.06601277235285075,0.06386839123289244,0.05235678743332194,0.04464274857577435,0.03543438395346445,0.03441701534973419
0.9568380632375197,0.2777580889310092,0.056077752012954465,0.03503050318647221,0.026583467278324,0.02497213943756407,0.023355655843065863,0.015509739587506175,0.011628230829577195,0.010452696033769244
0.9898461167126689,0.11548211773189433,0.05808017777163921,0.036139668264061266,0.025809086244100915,0.023475700515782197,0.016037657859130288,0.01191517976090863,0.010721524105018957,0.010021004715282918
0.9559588522945053,0.2759620079057189,0.06229704018899996,0.0412794988100449,0.034110026030162686,0.031225140133332142,0.020576408660021504,0.016257536833178925,0.015883588928273813,0.015081296562157285
0.9914223347183437,0.11482309204718617,0.03536718218199453,0.02956221837641701,0.023386301194728804,0.01456038652189058,0.011014331613710212,0.010327637063250102,0.00992426979547491,0.009547663920011593
0.9618699649905896,0.25750019547406555,0.06365682255366983,0.03176383363057874,0.03157993647662072,0.030187330367702596,0.021223682888171787,0.01806036679703148,0.01169345842971975,0.009053741821235452
0.6766642620304755,0.6318408783396371,0.21078456680850047,0.15828264113503324,0.12839745938768932,0.11743611560353018,0.09456196213004633,0.09124745482287652,0.07872827962496053,0.06991658141556321
0.9701643909012497,0.13465660759347312,0.12375816895476693,0.11115982658463319,0.055463792858821144,0.04404880076994024,0.03980634341989886,0.03625442908496901,0.022328325561369534,0.02071910892274885
0.7384804913455699,0.5968621281713314,0.18821618463436252,0.16955029003039007,0.08894836033288794,0.08218479907347152,0.06859738724175728,0.058913030060359396,0.050341068408907876,0.04677106483740837
0.781679342813833,0.4434041585985368,0.177723514523011,0.17207417156720764,0.17100607433152515,0.16959794831504016,0.14309700488928626,0.13285469082928886,0.11913065903781925,0.08643121725077561
0.9043779405183754,0.3404058110432687,0.12830548403329498,0.11848640430401837,0.10022976815459965,0.09251302772284281,0.0670355970646113,0.06466269388786275,0.04870585511284709,0.0440727411517025
0.9886606627245741,0.14155754148599728,0.02475001484068204,0.018833961258102494,0.018549127535146658,0.014756130512924166,0.014188441363719445,0.012633739863628252,0.011234582497371253,0.010055423848894206
0.9946571169021712,0.07563546704143215,0.05223887155747175,0.03244457516895047,0.022570897051004225,0.012362916126675082,0.011559612007086826,0.01010888944204952,0.005713028091646656,0.0055414497655941
0.6714077686443243,0.5363190200189497,0.3232414474904202,0.24113403405832043,0.21308053715132258,0.10982824224548712,0.09986422841522712,0.08928117937614774,0.081123356612656,0.07072016491501736
0.8939521273995849,0.3233035228883112,0.13327854862329347,0.1323443996234564,0.09543245275481921,0.09449804590317751,0.08466822631528359,0.07910570255416702,0.07819952818474839,0.05575604828935057
0.6920756755368137,0.5769752754352391,0.2512348211632662,0.20521337590809044,0.12749661931275494,0.10848493782236157,0.10296888357470686,0.09140484727468383,0.08478459563386989,0.0810123001399094
0.9062392253638667,0.2473542108697162,0.19375393448111905,0.1689761395541926,0.15868106264789167,0.08488440068546493,0.0676028942333896,0.04396436792845372,0.04071893561548403,0.04071371397778231
0.6593887564267211,0.6407231571955639,0.26995271895200573,0.12918658613418443,0.09979280636884441,0.08684453513366241,0.07873941948901281,0.0773365350588442,0.07472836031644114,0.07419278520404562
0.8234116072865146,0.3653988406119696,0.3221044817031836,0.18253236037915926,0.1233842832690455,0.07594618599307182,0.07152457922880187,0.06324629827503031,0.05866878985901364,0.05838479059559471
0.9097318958857771,0.33801909173044786,0.11980605715909587,0.11695212165116199,0.09341371384985794,0.0740015265117563,0.04161441114603956,0.04135849892232203,0.03578322788051666,0.035365669306931496
0.6046798190968569,0.39708669281195125,0.3507886043982448,0.2836243116349776,0.26349555959669646,0.25233930585817177,0.23218955896411353,0.19368570677662378,0.12707565521389552,0.10980434435771493
0.9972071649442352,0.043002173857672125,0.031451912913592436,0.02842625060472761,0.020783706035939084,0.015834014566902165,0.015079421549460278,0.01404480911154725,0.013371147061098983,0.01263425785265585
0.6910390780776515,0.49722712320234286,0.2956859790590903,0.28001342334754625,0.24352409340656356,0.1289474056282216,0.08507399289148149,0.06842153339818711,0.06812318161627075,0.05812572969098858
0.9959833699517369,0.0664111037478376,0.03610500824127569,0.025071006403839243,0.02316456904542868,0.022049150045090435,0.012761024812429436,0.009706510814077899,0.008865750789622599,0.007611367442218479
0.9960543725115036,0.06627543824124443,0.03610209771241206,0.025014494891794758,0.023173244520800856,0.02206445119951088,0.012691650641230453,0.008925473831416892,0.007618265823974934,0.005630455856961229
0.552565752915628,0.4930859648261188,0.45609671387733514,0.32268971838852145,0.3069095140674388,0.11790197600538604,0.08981997385824614,0.084024345569889,0.06889199868048426,0.05464074119764102
0.9570026354390504,0.17878900908477321,0.16008344929233698,0.08641801275779824,0.07532879216059002,0.06171070081708956,0.05589081930057996,0.044828743633882125,0.031666922393194005,0.027262526154906333
0.9681158447155414,0.15542156801482987,0.13384121923491912,0.0830976265704376,0.07918246486477386,0.03961819491849628,0.037853047286484615,0.02735982921825981,0.02732438595477346,0.021923225124714278
0.67606757485011,0.5965842672456162,0.2906909067403001,0.19691296399774527,0.12182759376937925,0.09296532770682019,0.07492262140111075,0.06902522972703752,0.0670394443499416,0.05896045444617509
0.719718424150982,0.48020372993300753,0.319225726856987,0.17102884709631597,0.1554643316430278,0.12625777219525755,0.11138340465595158,0.08411660039611109,0.0804063755725825,0.08028527354612557
0.8838917166369059,0.3088888417501456,0.296966676396946,0.10305481178751867,0.08551522218121836,0.07140489880805036,0.045092296004513734,0.037961863403739256,0.03714076983755829,0.03268171012544251
0.8360307068276461,0.32033347513565,0.3011055222061581,0.2264830077257825,0.12775404902556992,0.07426180569706467,0.07420700821535123,0.07350162426005294,0.05287049114775369,0.05006847425185625
0.9947131025845631,0.05290108502030884,0.04351562868627336,0.041625670681770394,0.03516097978887828,0.03471975277994708,0.031436693489413844,0.015914890846857647,0.00962373789065871,0.00896126330874211
0.9321252694780959,0.3469873749199566,0.07078103463756154,0.05190345572627625,0.029021780318189295,0.02552349477994183,0.018143253177019567,0.013513707652673956,0.012927548474813139,0.010390251668674595
0.9025479946222359,0.41774573007603866,0.08323529629557473,0.03915150010017694,0.022600097844351734,0.017871221899651984,0.016979556693266708,0.013714399469902569,0.013598389705859087,0.013174583649732077
0.7264706234704813,0.42579333054012375,0.4180151135772344,0.25259781709067247,0.12431102865860565,0.10144272015108736,0.07189278825406668,0.05702632984669877,0.055977958948873495,0.04788268780282826
0.9102010036620604,0.40264276163631335,0.07311030237209294,0.03946429599856018,0.022884329161603788,0.022839021054044173,0.014264331303186922,0.013980419498205773,0.013771146112567639,0.013256422137712116
0.9677298762048056,0.17660392372902528,0.07766715345425591,0.07572746008465958,0.06894589190952005,0.06130971909054824,0.05379268923965868,0.05194470521298683,0.037103117398926355,0.031498454089180346
0.9828790351481369,0.10249043171399623,0.09292380980982007,0.08237061862041592,0.06447625809412902,0.03044551314580916,0.024398892764967667,0.02311557252430741,0.01802600823611208,0.01712021684359802
0.669052682322387,0.4734095660340116,0.3637969582224626,0.31213295647564826,0.26857771849559064,0.08659075819406546,0.05744229820123694,0.04326914657872409,0.04259332140976139,0.04004498391088884
0.6248551990151328,0.38554284582588966,0.3380767361194917,0.333969891448649,0.32244084050899724,0.22392106124129293,0.19529857810274925,0.10617178130651725,0.1023253443728379,0.09679039600385639
0.9753320711659356,0.14510192609690997,0.09316304826902491,0.08146169520239897,0.06357972426999912,0.05336112073456867,0.034129784450987286,0.030951998717285444,0.029494351790869077,0.01784086825548641
0.7484788327380827,0.5746818414135954,0.19556427790535624,0.1772653947864231,0.11849143848637776,0.06456126795287942,0.04923106661432288,0.04740034142280077,0.04609618525024493,0.04547585248449554
0.5950781633887976,0.4170887436271186,0.4008441018091771,0.3559091505483823,0.2911994383910186,0.21920979566633658,0.15923332978027074,0.0934321560076378,0.08048950134780015,0.04832489773813399
0.6591219920581781,0.5930134090147609,0.41662134205641527,0.1067542230154776,0.07817046838243114,0.06387388954929041,0.049823454983024894,0.04844366730179993,0.04786717225364163,0.04602879783766141
0.6180459098648442,0.5566978024572808,0.43516116643312647,0.24307992823939184,0.14734911190766517,0.11325088259312818,0.10288762983145647,0.04082343227007463,0.0406439375648315,0.04034417860219888
0.5865615948929196,0.4925238792530764,0.3290263627062481,0.30398833403995784,0.26511350026205516,0.25128034911671904,0.17433222662339898,0.15315469244288593,0.09926281679652797,0.05888800546960539
0.9116341778625283,0.33464134573834775,0.10444325774407039,0.09907782169981907,0.09728812888250789,0.09062912386776663,0.08310897175712066,0.03817975074143309,0.03480329610112394,0.03317529955661654
0.981771934662528,0.13443819507276977,0.09202713720895742,0.05438573194160555,0.03664768989580093,0.0303166340173196,0.02440647941840647,0.021233441694273016,0.020596931723453265,0.0204471578221619
0.9805851372026354,0.13736647567871085,0.09102375249270164,0.0617443678259555,0.04043191329556595,0.03655884855205589,0.025903028293983398,0.021280797939644946,0.021194906501430036,0.020515970880841294
0.7088751338143878,0.41064932011716,0.3100082549286158,0.26794617797476755,0.20978164485283535,0.16566522203160786,0.1367291323430177,0.12120894415731491,0.11782795072497608,0.10792743688762903
0.8285369085954762,0.5410111194018734,0.09659133462554843,0.08141083908695329,0.04883220161387689,0.022619089128241142,0.018335209470809195,0.01717119826558709,0.013990545067535576,0.01136905058075841
0.9907968197411701,0.07410674331197581,0.0700370439891406,0.03879855201058277,0.03608759329676547,0.03143770478956233,0.0286717930834642,0.026027970274902716,0.021152947585421633,0.02014114451030258
0.5948644478139562,0.591477150470065,0.3036794094923623,0.19895173928753654,0.19885886536620212,0.16480571568203886,0.16266332531411484,0.13653490555360434,0.12983336230860076,0.08700381404473292
0.8873411432296209,0.2130731070048257,0.2042104354147364,0.15463444942737647,0.12468655212407043,0.10473939007347718,0.09277942509819469,0.09258163587530531,0.09257852465006387,0.08443750167724635
0.9534329588706619,0.15311079868327715,0.11987429311593521,0.11722881678315634,0.07552168265583722,0.07145945073542762,0.07003811219554668,0.06661715623169646,0.0546017673658148,0.05056704986791044
0.9908258152551179,0.10018954143285284,0.042802535868852264,0.03858106058698177,0.035192274851155704,0.02335210428207156,0.022368067277571183,0.020671694768365806,0.019160306257135218,0.01880852510670375
0.8914834714872891,0.31636052713864415,0.18983515671918402,0.15686280304719316,0.11173314419953366,0.1004573144454656,0.08866510123557156,0.08679302101138901,0.030904770990837462,0.028211329706896278
0.6901030382094582,0.5628658202065622,0.25203833456433833,0.2346642801181067,0.1954261306248838,0.18662947719867964,0.05684477748127358,0.048322086894560204,0.04270669684015497,0.04105867577044374
0.7756608583153911,0.45574776992380345,0.28871103082314814,0.1653457252355477,0.14784569800866537,0.12620264640275894,0.1026637183727121,0.08467416816177095,0.058375346711235156,0.054248598540048126
0.9245261671859927,0.22720620460288302,0.20020549377140734,0.14734660383510853,0.09295715459085045,0.07629163654805499,0.07285321368437774,0.07240210623620424,0.03712612276655328,0.03213832782359687
0.8200703926908877,0.3919308946217835,0.2892871133639254,0.2244858640013529,0.16843599796956416,0.049290504992289604,0.03978078164603499,0.02964567900243882,0.026948014127354585,0.024160509485977505
0.8820124871422731,0.40722754626226165,0.22166793397000853,0.037129081693678574,0.029536460803665204,0.024567513049706974,0.024018078747707106,0.021741097467099495,0.021606161450295678,0.0170974551731766
0.8040338339102355,0.5389895136543699,0.10320520494237369,0.07979207860748407,0.0768335513203137,0.06386950641030849,0.06261810253136393,0.05884264981835592,0.05761604169376911,0.0560721575530162
0.9654133544876481,0.151016956438344,0.11118098284614557,0.09961894415673839,0.06064756373832187,0.05618354691205337,0.05153394743106737,0.04106842435925889,0.04104384684788399,0.038959032609184215
0.9954015542078292,0.061781164588789704,0.04917705449603281,0.038798762294894505,0.01875520931106061,0.016510846235344018,0.01293010908674161,0.011076124116575695,0.010359132503568678,0.009011238711508211
0.99182966829876,0.07966141520461502,0.05305582425948188,0.051645717988901246,0.03230452670599213,0.02684516634853079,0.024689892348268506,0.019586000570557868,0.016842698016439592,0.016780378000216783
0.8316316156181183,0.3222937451575263,0.2787287050863442,0.20751533098560543,0.1511423307756126,0.14075517186625106,0.09573254658737036,0.07795704744308075,0.0692297560643402,0.045217848825954254
0.7791071753332401,0.601962758904508,0.09147113855464145,0.07447492850840426,0.05504010829325994,0.05081746743299273,0.044280814958612746,0.03921422223313249,0.032134582844999954,0.030782198685219732
0.6730584601766215,0.34293857895818647,0.33183457873096256,0.2925225889946051,0.2582890960607174,0.18848398046114698,0.16121336673172243,0.13248927704516314,0.10786115889838437,0.08926581122786385
0.9359173694286569,0.16705653287048663,0.16107754528958085,0.1294520601285896,0.10322743215857622,0.08752394935988207,0.08418202711565141,0.07956298977669767,0.04580323783651659,0.04412421153154556
0.7944816618972445,0.5931845960991456,0.05535370718159092,0.0469341792114593,0.043654679720838446,0.04060371815885523,0.03190072996654072,0.03158293755498319,0.031466403594105005,0.024765219379803794
0.8647993207747462,0.2360260987296962,0.22126840366174716,0.21751986058044606,0.15433438603445462,0.14353420283349597,0.13688960186357887,0.07849938582565276,0.07067065346876733,0.06547368249087644
0.6524048290748015,0.4499806074987175,0.3744007473899891,0.33199776615732207,0.243087769845246,0.18474339938081538,0.07639854174413512,0.06944397088147862,0.05358447368818513,0.0487049130433701
0.7893589397156899,0.5446484328947215,0.23150073955867334,0.09826697570107495,0.06913170508111445,0.05440551500842331,0.05337513129554059,0.04284327508517003,0.025132214244089346,0.018958756504862843
0.9722541900808491,0.20286890506173474,0.09045187405362762,0.050124623799525814,0.026444560473876846,0.022684772490670715,0.0161857053285777,0.014999825206709772,0.013684637692523642,0.013565432345987036
0.9837523048274442,0.15508038728682969,0.05337097049057603,0.04991463319393519,0.026729289292739003,0.02288979779919838,0.01639567568873997,0.014996445004472605,0.014375397109304725,0.01427784246724872
0.7362456541404313,0.5064588768480293,0.3227682226407699,0.2569792878963973,0.09684371251099108,0.07052138975548192,0.062404795509684544,0.04711478402162354,0.03985067344524613,0.03485745880999556
0.9609305883232588,0.14566219380999745,0.12624754782482628,0.09717222726755916,0.09522258017149357,0.07391809537825947,0.06360504110147763,0.042073115806518326,0.037244843406278996,0.036386176492570005
0.9942100029909873,0.09346094818318229,0.035543249391347675,0.03184888328073029,0.009037232844467924,0.008376813863724662,0.007377970975780864,0.00685384412977222,0.0061159370956304325,0.005768807019282968
0.5803359138142159,0.49296594475294175,0.48346162321575875,0.29938705721207565,0.1986310796445555,0.1718415910032718,0.06808073100003012,0.06466570711554188,0.04748215274114285,0.045429649435090876
0.8407562791982452,0.4775920687832666,0.2239934688299936,0.0504310475270488,0.041956123758249225,0.04105043791125427,0.039786767333295725,0.03338414693396514,0.026391073558709077,0.02380332441797977
0.9890583384338435,0.097275487841681,0.0720857108148501,0.06354306606717744,0.03136248088783528,0.02181576850406043,0.02177165591539165,0.018338643878889966,0.010976716471387649,0.010684090119307713
0.6361828623179471,0.5327714506238803,0.2587195120083937,0.23417705850264342,0.21941470985621236,0.19716169289483393,0.18351265911224188,0.17677739290842556,0.09923508809258225,0.06730149549779355
0.8903136464201632,0.40531236893517497,0.16242507351180785,0.05280016584336747,0.04602052702397552,0.04448733771255697,0.04285825231127291,0.03694104791950567,0.0346031499293387,0.030327599577753692
0.8752334851838458,0.36451729432923863,0.19448344622557098,0.1472759577209285,0.10217973429376387,0.06311109950376197,0.06151854851808546,0.05881837195526842,0.053326741631659506,0.04419235429741405
0.8265807604789277,0.39145651160487405,0.18744496042592237,0.1690177870922886,0.1172422448416399,0.10836928341832727,0.09123076862920136,0.09121847671947536,0.08338331425184975,0.08138101916859898
0.759345366222193,0.4334635009196622,0.29222398397582267,0.175066593345657,0.16015658380085693,0.1250514027615511,0.11082061329382838,0.09478071458540434,0.0941872662396982,0.08870430425975566
0.9888943853944974,0.13462507398772863,0.04936409968949242,0.024864190420780013,0.014659738640212113,0.012575101090700593,0.009905447454361246,0.009119441976979194,0.008920592203744289,0.006134730291231555
0.9887283140369315,0.137407533595773,0.049361737778657475,0.024701035651047337,0.0122461030639924,0.009965310583562119,0.006167982132521674,0.005078131729545815,0.004567450451925502,0.004410430393092992
0.9893065821015662,0.07134663443187243,0.06832821365926946,0.06153620831961229,0.04767336274117266,0.044688592373018254,0.028941482111440927,0.024980863814346613,0.018200446869369436,0.016181396616575416
0.882064779519258,0.2837129239491008,0.2335292044614452,0.17434967829790704,0.16968851957843972,0.09974899627150283,0.07310877869535587,0.0395522968536445,0.03946334088990956,0.032715652905257915
0.8155995829629744,0.3901830212290669,0.3162189514125561,0.15508645237003935,0.14713991153729838,0.09891594884080944,0.09726896286653623,0.05733873541001307,0.04211897879723506,0.041545766287124225
0.9997860541134287,0.010626158303775194,0.00881882383553106,0.00766473832914572,0.006710445500805468,0.005803840263749668,0.005285452705633939,0.004876429516208425,0.003226809944525477,0.0028442120392979725
0.6950923251666559,0.6900474238233969,0.10233693924119043,0.09696128144024661,0.04564069556376204,0.04317727746770532,0.04111617068428747,0.03989672959707692,0.03610893254405801,0.03364098715510549
0.5754644948372357,0.5202231445801204,0.4209529461929241,0.3940188207967588,0.1964520672884669,0.08151992356091682,0.0531791289576771,0.05047153366973217,0.05036003950789206,0.046644360997636324
0.9716348916277628,0.183998916722072,0.1100527667248073,0.050290564378553594,0.04690377528858968,0.034733706839566406,0.032645111147374666,0.01764135100283849,0.017557921295515456,0.016967690351575002
0.759765302855501,0.5476207208845922,0.2578320735689409,0.09932068526359851,0.08091722809833098,0.0717346250618675,0.06779084748044245,0.05765015030529771,0.05617013334858291,0.05543958019973225
0.9519160282499926,0.2543944028521785,0.10719584595243474,0.0842389900101003,0.07434284494994899,0.032567601604841984,0.03164497014971493,0.027264315866452307,0.01869420282618258,0.016175689869100722
0.6065479423716399,0.5456173267279966,0.39873827623961083,0.34971176901481266,0.15345672792489568,0.07443258833994208,0.06866268969859987,0.047591459530369626,0.0453025784418373,0.04381454093450144
0.7579280016213136,0.3257789806631719,0.32191976264111777,0.23088262113082428,0.20365870935604682,0.1817864122529953,0.14440548912375475,0.13598408190745548,0.11024985913158422,0.08271974527430812
0.9544118900612053,0.2521905679514219,0.11506658731672262,0.0629277483248627,0.045358042196686585,0.035573390363754384,0.031646987374782595,0.030979121752603807,0.02073974344168296,0.01844090583694452
0.5058056147316462,0.4589456294447342,0.40564091367542116,0.35832694560620443,0.2766595277285246,0.26244147584656374,0.13668752681401802,0.12002559445740812,0.11531520640554048,0.10517209422239521
0.9074758731223507,0.29183965351948415,0.21447713882940292,0.15965434555775326,0.07315474247041552,0.06531278001561733,0.04428647175122825,0.040075284586309934,0.0321143642294638,0.028732204371788313
0.613082851727576,0.4684304482537579,0.3643711034961104,0.3606250498236044,0.1852282968076773,0.18409845993876017,0.1431489956836731,0.10632548934510931,0.09171350646058607,0.06758677527835229
0.8859920787525553,0.38000040684029546,0.22040681201179357,0.07270472092062924,0.06922167178416727,0.06715824992025823,0.04281828909029316,0.03668917841528076,0.031715289268444066,0.026469332372050094
0.8723106029603853,0.37986832478519345,0.18504491547994384,0.16500976995634314,0.11172683346874392,0.10159980761937415,0.04120537802809161,0.036551669562730565,0.031037126641651563,0.025215552599538477
0.9827468224160806,0.09701296250776263,0.09175953709034396,0.05480610628632136,0.049719332708668615,0.04580959225573731,0.0339374058646569,0.03159662594992128,0.03151204452157917,0.03073875851410986
0.5858468277140118,0.5423016413584912,0.4204489535185179,0.35957375893411825,0.17729321844605883,0.09651014307744701,0.06617571772426811,0.04482333458808426,0.037665893516939365,0.036516050774337644
0.9664965286612943,0.23251953253412574,0.09629711438005606,0.026068260474729783,0.016723921619774172,0.016259492843515556,0.015414161017389096,0.014437569169840148,0.014269831127180267,0.011705760429291558
0.5890661106219122,0.5791269845684669,0.40843982530270107,0.3192280110516692,0.16147562382082245,0.07933162301349782,0.06124098923793683,0.04398418895810223,0.037683610232438505,0.03642016908856415
0.9630074992972055,0.19816014979649021,0.12211655533920317,0.06802888382223889,0.049319419311805536,0.04283611660903427,0.041448265297955415,0.041144520153007284,0.03992256346825304,0.02958961313385203
0.9107833412956116,0.4068685859287109,0.03420552946563761,0.03185817073742747,0.031423858085638266,0.01912901348649411,0.013942325427921799,0.012710206255927703,0.011106207602385882,0.010175392927646791
0.8094486022844627,0.37834377073833036,0.3758267456796125,0.12013396897689163,0.0932335324862229,0.0871833519800276,0.07808743196421186,0.058721059553758025,0.048771158021609404,0.046420416029721565
0.9455190115085184,0.21514566542825675,0.14879384112748464,0.07385239850223034,0.07269195670330934,0.0706426356187537,0.06725126087019039,0.06329644030330646,0.05555887107757262,0.054842593136129
0.9934116897599952,0.09902375801523,0.03781077331151532,0.03200620850873559,0.016620072225736485,0.016198866298232795,0.00998961214170721,0.007132606616597035,0.005615279431983507,0.005000634153504967
0.9370692850640718,0.3021017786487639,0.09629573695782365,0.06040171318915371,0.05044433282362515,0.04887606216548983,0.04669197630593426,0.04456589455658266,0.02961453512321376,0.02840778539536583
0.9957435744398909,0.07572177910922533,0.02880849173764474,0.027956892224139957,0.016450132254782625,0.01581160600623033,0.011585823660739864,0.011182856504981818,0.007556819955098708,0.0074373252333376026
0.9956653668010068,0.0753441368834325,0.028703046509136975,0.02795777011271653,0.01644507566200539,0.015833354253393155,0.014525160700017135,0.01243285717546895,0.011601518409806505,0.007573273104741908
0.8903276467306529,0.39882425091981305,0.10455489054055661,0.07410006778875404,0.07390433490584329,0.07288525462298334,0.054069546259905364,0.05307803745503712,0.04526137933465852,0.03860329704371623
0.9439696804941777,0.24505151429398656,0.12868740551767902,0.08574263496582403,0.07252715030729613,0.06512469887243928,0.06079015137741788,0.05256263934688108,0.036869234516579044,0.03184642340023371
0.9197634699408963,0.3242723802038078,0.11238856409679071,0.08011805842173406,0.07948842658197304,0.07156668391358276,0.055094755273893396,0.053337530267571875,0.04322756861172114,0.0417167627813234
0.9771093217751923,0.19474780016828525,0.05485466585915413,0.03580854896997073,0.03139172554827328,0.019636353013968946,0.018276236438191158,0.01513860574301982,0.01386887266184577,0.01130265277212106
0.6943780438562099,0.6844687506467381,0.10434272814518245,0.10063889685931406,0.07256575353555889,0.0574063423926902,0.0558803751879999,0.0396391317911117,0.03487281522555944,0.03476646634523591
0.6772709480918733,0.5457467693468961,0.3450940135926964,0.194236885101719,0.17089413848122043,0.10594769038521105,0.07726020379799875,0.07344113276150477,0.06909858475769576,0.054083965547081926
0.9295975113034214,0.30000916046657367,0.1287080207547818,0.0940477390106079,0.08836241418587978,0.04718810766287321,0.0422831806146278,0.040825474552788926,0.031881811175088086,0.025811081773102772
0.9685209126059787,0.15812721948125674,0.08542146638616749,0.07935850147517363,0.0725928465796895,0.0645753295830059,0.056252530795577,0.046089465314142083,0.034594967894988955,0.0333565850075037
0.8855966668993607,0.4071355469062307,0.20088140219884612,0.04214328582273389,0.03363757279256648,0.029161756922025814,0.025970867552024234,0.021070169347738893,0.019773694553465455,0.019213926949544217
0.7364351801069294,0.5756962098971222,0.20381554021459472,0.1755272807041251,0.08470087033871404,0.08133281338051591,0.07975684674437454,0.0751901927832085,0.06646405239603723,0.05820243624966302
0.9848605054527203,0.09489314076107544,0.06435056420042876,0.06363385892307433,0.0616306622086492,0.05707312378649231,0.03076520986063183,0.028030963786800586,0.023528182485084453,0.023440766131729743
0.907518869998096,0.23944433387995717,0.23592841329281636,0.14605049348538668,0.1067083105822915,0.06472658379385306,0.05472808536757054,0.05455181957580187,0.051394024407578356,0.04941632720765152
0.9655674147821,0.14263297556019833,0.09421348710784629,0.06397968219044355,0.06222162928865305,0.06190351626058136,0.05946994278471161,0.05673926464506096,0.05360495189575529,0.05194016554822724
0.9967866125067163,0.05868474875047305,0.031396545642762036,0.026642179706770474,0.022618672270676966,0.015767255732671702,0.010307101406945348,0.009579447771492283,0.006758200920544063,0.006369400687219229
0.9914580401388607,0.07928037199148869,0.04259796271065873,0.040959123067120545,0.040737921554952705,0.029440222241147774,0.027091455642726726,0.025987919892071994,0.024721053872734076,0.022320751006445417
0.9910868176908281,0.09700076036947558,0.044169048280166295,0.04286895331708577,0.02944041742009552,0.026398408042777093,0.024730679139649905,0.022830808890300355,0.02235925742654696,0.017379869302546622
0.9919730308969655,0.06838255949232301,0.044937564907130585,0.039969004517433994,0.03448254551404555,0.03134431262692014,0.029606427866991226,0.029281466923635056,0.02633594639820653,0.026169535456122824
0.9963063048511727,0.06687514572901422,0.037145054016448034,0.02767479469906964,0.018091571802326168,0.011539235078461128,0.008551495094006326,0.006879017625122527,0.006363620465194518,0.0038830108778905286
0.9492320863747598,0.312663206518514,0.022025757820779583,0.012793637089290488,0.011729785475420633,0.007843461469694628,0.0075318289160131585,0.006454699796973698,0.00638147611421995,0.005894817291852408
0.9860611997031512,0.15959440873888206,0.0378781325987376,0.012070347457348092,0.011860781842369796,0.010898709435807558,0.007428629353389685,0.006260570536972887,0.006023667663515666,0.0049969381291814835
0.9914694199320544,0.10633264710353196,0.03733278611469195,0.0362699270565822,0.026543316303992596,0.02562489649837347,0.023800205241625613,0.020369553041347018,0.01107537563381176,0.00950809161590578
0.9939465603201595,0.09352043902290377,0.037998032465940496,0.025692023459817026,0.02063818813509572,0.019938219147909407,0.008941436308470276,0.0076329019043384835,0.005987105202870029,0.005479075620702292
0.9782391470739399,0.07841537646259647,0.07710720340400168,0.06678182799540157,0.06060901999019401,0.05983079450200763,0.05652809915481997,0.05607770797134945,0.053247610817919025,0.048392353396515556
0.9020502580591163,0.400452913052042,0.11423483950313709,0.07365354970605993,0.042081735128183896,0.03441641466637243,0.029391625650983803,0.024598374265092742,0.018564032027034813,0.0178048474741092
0.9011871903069699,0.2901441841745269,0.19353520207117375,0.10515836922072479,0.09846259614924284,0.08685171553159514,0.0722888265557929,0.06451827218538515,0.06097242678573621,0.05950723341302809
0.9964018158556002,0.06848001866998331,0.03169067700347987,0.023327525812024765,0.021851533793341964,0.011028127953271454,0.010290482472187307,0.007040834975627817,0.0052101853992357105,0.005170373271474634
0.9902625765434486,0.10888168054910156,0.04483328776982469,0.040916937917331746,0.03856113684964935,0.031682044710077524,0.02488320885213397,0.012053880372213837,0.011299124172308474,0.008182690096602122
0.9907950846780376,0.11534284263158454,0.04320070693391713,0.04100570944278811,0.031534872582456096,0.015184346031954706,0.006670420416532452,0.006516860974426356,0.004771543153880273,0.004694030670601043
0.9973137125007087,0.05478361631804954,0.0230536627003969,0.01805997644068373,0.016828885816025853,0.015135554391107144,0.012532039740695448,0.01028394835475152,0.009799245726377005,0.00919327243966086
0.994864915834368,0.08906152882715677,0.033901566881910115,0.017095960128169833,0.015751813013671605,0.012842946127027797,0.0077104695977052076,0.0076111617949888586,0.007283695596358603,0.005433969852031372
0.9923544846154915,0.09509358118139459,0.05213200702395073,0.03866871575313412,0.01939413129755759,0.018272824383098456,0.01628735698406458,0.013941763753205553,0.01237734101954848,0.010336417300584422
0.9921889939832921,0.092745774066749,0.053655428253512404,0.03877443230621413,0.03192995476512421,0.018210584327439144,0.01598438280716309,0.013953129290171345,0.012383597250982026,0.01120543792674974
0.984511415661967,0.12549568606327396,0.09732760494266395,0.03717065347795983,0.030680431070471005,0.02362876200932719,0.023497522372911726,0.022938349272310418,0.012889958518493167,0.012323320760746522
0.9467013498402157,0.27956905657277425,0.07684780368688884,0.07532226970009408,0.04385713143845737,0.04074192100371889,0.0369533843845427,0.03690464483574735,0.03363225926917925,0.030801073044754514
0.9495245257419863,0.2586281635908728,0.07917073733366922,0.07593492689377107,0.06839538360154881,0.05757373253955808,0.04542176041842844,0.03779044324537354,0.03710844257848835,0.034523585398203084
0.9386148917605897,0.2162266505640772,0.19065907513702907,0.07419724961022318,0.07095324173392807,0.07006483512523122,0.0609725401855801,0.05068956141195659,0.04626154226365309,0.04250037341960653
0.9506568326241285,0.2272755479064604,0.11518625645604379,0.07389452973693827,0.06548014595891591,0.06239662053096873,0.059975343204914135,0.05802492225433576,0.057820673557036524,0.033648578401513585
0.949502594312668,0.3125451970057692,0.012698288508474867,0.012008979274634415,0.011205384492022347,0.00848485057015867,0.006872118057427014,0.006419805042844036,0.005261930527877467,0.004776068218495216
0.9542714573446727,0.22137388351727963,0.1374562539393067,0.08832274993214366,0.06506128814739595,0.06086188749692511,0.042286603619883956,0.031988325389893074,0.024752518395306254,0.02292205591623054
0.9468954314505489,0.1919950686570081,0.14945083480852764,0.12334752086377686,0.09813556614193013,0.08747644707138302,0.0614868707055645,0.06036997967509148,0.028375592983391693,0.027397197292429516
0.9316343770119649,0.29932748931792036,0.16239516529641732,0.06131625802562941,0.039911190107459714,0.036749607414339656,0.030554859670549703,0.025001909354822525,0.022905402418353232,0.02247568512831346
0.9789377227945895,0.12481515478780898,0.10062371389885981,0.0819316858046171,0.061271232899627236,0.0346335117905927,0.03128754534330518,0.02696911446534695,0.01865985170540464,0.016939754075101236
0.996485573067848,0.07409298786379526,0.02319315963643795,0.020367866581862248,0.012460006178107224,0.009434189163672672,0.009208320948127109,0.008444454084621226,0.006249839291875775,0.005843662970942721
0.9963958689008809,0.05219589825167767,0.0403352046175183,0.030548106267138338,0.02663521854499141,0.018500272635521387,0.012088613072802377,0.011454196815140488,0.01105600996702622,0.010802814153865775
0.9807244320440464,0.12717306428647646,0.09977404656327188,0.0841560936665439,0.04212572934665871,0.022622383796534768,0.021948090737891324,0.019115669224750345,0.01741490528538591,0.012748175265566708
0.9741880484762392,0.12953639916552048,0.12124782184531406,0.10360479559605532,0.07057464614702974,0.02418350518102029,0.020108646460088506,0.019621296498751335,0.019300644284166776,0.0177254387914
0.970573843398413,0.12954872418687183,0.12855031376068074,0.10247186249432558,0.06670104559020046,0.052310764721616415,0.03445280358316173,0.034251873873242474,0.022938642844311793,0.022432975956034364
0.968783469602207,0.13628250802415623,0.10277297253201802,0.09047097124742716,0.0901192750648406,0.08073943686842883,0.04593059471697011,0.03574278484120006,0.03163105574480992,0.030331263037996218
0.6858670037745414,0.5638319831229515,0.3900647244640817,0.10908435352893292,0.09323441455407591,0.08499260786239007,0.05729159529701458,0.05398388732202787,0.05195668070919211,0.04779855129215011
0.9944928004216183,0.07777455895189418,0.052471893663446845,0.019885969616931162,0.018563236270825605,0.016972712858231497,0.01647260892189653,0.014094317668653183,0.0106945520669018,0.010273469131495225
0.994892256668555,0.077846660684338,0.052609399704580576,0.016993449529282778,0.016291623415186716,0.014120131015239816,0.010964310770522928,0.01029612561626149,0.006524573879132595,0.0060618909256129365
0.9660964590404348,0.185467474463595,0.10573383732746007,0.09260381186547036,0.08478563543080266,0.029727346164383137,0.028753341033194168,0.024670198941961027,0.023147100783837617,0.01829126759090587
0.7977537650898371,0.5426333725999805,0.15014408320486128,0.11606951770009706,0.08285502120249896,0.06321028635174222,0.05785212703026069,0.047504999585340005,0.04413149883804847,0.039875478541599514
0.8964752137723274,0.34577242668703045,0.20050699505329186,0.12376901455163963,0.0669327808210847,0.04903475554904292,0.047225854821540195,0.046984071878818846,0.04255200671084467,0.036643234938975554
0.9820077120793972,0.09712507141713557,0.09429659343367705,0.09001659769867487,0.0469422484013477,0.04202738884672013,0.03725787184786819,0.03385701343425124,0.025708949109481752,0.023333165247460593
0.9935789611100077,0.05477783931957109,0.050850965726962884,0.03998718690842477,0.03878064387880128,0.03420319206424051,0.0224755590266876,0.02119692325126336,0.017868938030523755,0.016233802432283385
0.968195099966716,0.17573501477450035,0.12233600085579724,0.0642475252623062,0.05416920587891728,0.05334819702050201,0.03646386528569289,0.035711398475656346,0.03286533648286219,0.024397460118126327
0.9551466584964856,0.19647411858629904,0.13644920240973668,0.11964699675956536,0.06898587639705242,0.03574653177554976,0.032006925656224434,0.03192727353891506,0.03177486307683394,0.02489185953845177
0.961456870099221,0.22007764839285138,0.10735744301827879,0.09054065898673173,0.04284577748382273,0.041121093059648124,0.030040476116610856,0.027593929313268414,0.017516714632243347,0.016525105708606342
0.9576913354310852,0.19152781526134574,0.1430493456678562,0.12050493763718446,0.059309241870987156,0.035622027254190405,0.03218574081478326,0.02614075281482618,0.021318602360625806,0.021036132162471913
0.9436255636162004,0.20408733520197983,0.13365997624708786,0.10866771054856667,0.10589196176956568,0.05842396156757757,0.05779966296069775,0.05368551573875888,0.04862839512876745,0.044499467931861096
0.923359085592877,0.3299933324231263,0.14520212679522665,0.10314693912530432,0.0598709223177977,0.017651355591595575,0.01761663455702681,0.01751693774233917,0.01623332418162559,0.015847244218437525
0.9707970780010865,0.15139179033435282,0.11382620386091313,0.07597893457050345,0.05311402564717145,0.04480753873192771,0.038533921069130506,0.03549754331118343,0.03542996519975269,0.03376832847327085
0.9715241489749733,0.09887781173281453,0.0861350790610717,0.06925534967628015,0.06834861720759688,0.06452289389538556,0.06373678326764996,0.06281918936509974,0.058621677439816236,0.0541114317537836
0.9039658869478283,0.3031616930962813,0.1336995577170067,0.11862613502995624,0.0998357301573869,0.084631486885757,0.08222125388328416,0.07002655794416894,0.06798085674989973,0.061088039708594145
0.9200997241253165,0.276641629892745,0.18866251398756018,0.06873935286789418,0.06792467845096985,0.06543811405103057,0.061328845944778776,0.0607106683392223,0.051414307800971996,0.0490115681510271
0.8940864223245938,0.3110358995496187,0.2317537594641637,0.09166378226374153,0.0755682309494981,0.07348221485492765,0.06938740353535074,0.057549352747064575,0.05552019866078404,0.05294317870869412
0.9710523210543158,0.1804711277793499,0.12122264653193968,0.04465670247972464,0.03980789993594537,0.038167846660633185,0.03791302124171064,0.02740053198437468,0.017679096296269625,0.016630370512402255
0.9492083055735412,0.23513824474687772,0.09651918155237112,0.09585656338618735,0.07562252101820677,0.06619996867266183,0.05392786513975939,0.051614465725908734,0.0505527860486004,0.039922373670912684
0.7380754193605225,0.664229372974135,0.07422462690279706,0.0544547826356671,0.032709438241114185,0.028740796142933914,0.024102256972962276,0.02313184292932179,0.021534781147817664,0.017843265138030015
0.7426327751717106,0.6604435353806534,0.0659006847547931,0.0500673557323064,0.0339798357658785,0.027032275929667025,0.0228951354142126,0.02248804516011288,0.019406895192528507,0.018615482235777286
0.9699723950611585,0.14245216040671707,0.11216388082131198,0.09382876201919226,0.07439583888525027,0.05301621706556523,0.05215635253912635,0.04169120586949474,0.027190812648888552,0.025848777556124056
0.9128248712725986,0.25026360137589126,0.23003715910471226,0.1050500847650714,0.08822795405208446,0.08270678458819995,0.07362289791585404,0.06443333944610417,0.044030273103126155,0.03743745812467063
0.995099009460553,0.06529624466520353,0.05406223031027187,0.046468324648486124,0.009275907253240508,0.007196938480537185,0.006506699509953694,0.006183179248693189,0.0061456022217031454,0.005592013587936581
0.9951449366296106,0.06531715137989069,0.05402025910569187,0.04551339999922338,0.010355925473582484,0.007213442800989414,0.006516377162698631,0.006200549127606686,0.006096419754036128,0.005724035914686401
0.8180172584046032,0.5596111534875673,0.0805551383331618,0.05576375493887519,0.03336602299656702,0.030377500218309608,0.02857309227537005,0.02474114388804726,0.018986560027689166,0.0188904634623431
0.9095936397843523,0.38544101250326324,0.09389242078332447,0.09388803881042311,0.031341949091925995,0.031229591099213274,0.028110461068415776,0.02693812055047306,0.019731130655047252,0.017553412471006266
0.9947436571945041,0.06569190020056473,0.05306897961527564,0.04878075403379961,0.022213106296868696,0.010467202566310839,0.008489400564075118,0.007154159066164228,0.006430869649521234,0.004800472265180935
0.9948717140543365,0.06570557592042336,0.05298708339795553,0.04724603531598904,0.02210431724178302,0.008459124530906689,0.008440228129126539,0.007168557067234722,0.006443708352180584,0.004849117366089881
0.8657645486690936,0.4083846787831035,0.12331330241660546,0.1184982753243906,0.07707730826495365,0.06996720648831885,0.05776550326476865,0.05627868978366148,0.052372422468881574,0.051979348112185235
0.7958600684118554,0.571087743094385,0.13466919519110646,0.08869876476578334,0.04575062758208759,0.0432471838762929,0.030805197146021066,0.029295350472859607,0.028784195748662058,0.0265777621092552
0.7718909153494564,0.5716675576562352,0.17564819385071723,0.16465177945836723,0.08056311235501443,0.076523775148257,0.04753120066149512,0.0340871044229484,0.027308226752265175,0.02729246989986241
0.9391266045098676,0.19838071098201734,0.16903771553800775,0.12646479001792188,0.10458906299043963,0.08640319002226307,0.07474190181165248,0.05220988433518103,0.037593497768040995,0.03723892489087338
0.9246373098171793,0.23705536303417313,0.12752419711026106,0.10942999288408223,0.10328048795260211,0.09302773299164842,0.08657988631367049,0.08598219295241953,0.05874597565419974,0.05789538685175353
0.7479530844184831,0.5764112727863369,0.2339386446099375,0.08715603458896755,0.07286474046379837,0.07076363905980997,0.06720976644528685,0.06645222535239381,0.0545299939499427,0.05434756951209057
0.6508019305800536,0.5639929010291512,0.37532949457933273,0.22423621076370945,0.09703041220725185,0.09156808225607273,0.09038729895761294,0.08262700688519929,0.06664076195912103,0.05907621178983877
0.8929106293608657,0.26534302462578635,0.23151678671033385,0.17068657067615264,0.15984663506661045,0.09044650708446784,0.05006535112172809,0.040602279141326546,0.03948794327067572,0.03627269423896743
0.9719949895065744,0.1702733558385072,0.10457433888743546,0.10391660707698364,0.05475513779930675,0.021156928827248046,0.018143484888637873,0.010285884545735105,0.008967131530668316,0.008697896345764629
0.7021936620454041,0.6811274406045458,0.09840333405063599,0.08299817899887625,0.0803624453991851,0.0602317034105154,0.056035583603320165,0.04273895600480862,0.04088939623924194,0.03696038134305976
0.9837960991283266,0.12096435516488831,0.07336584055904355,0.05124377467565244,0.04322166961663167,0.04034854339000413,0.033423163198312476,0.030156524383705637,0.02807096776086224,0.025072197066692174
0.9992495888113916,0.02764698110320254,0.016349655405639048,0.012922291282321493,0.006881130176204718,0.005113488181669099,0.00453592433270974,0.004495918316097292,0.003907215423033599,0.0037321422657529777
0.9490691692417479,0.2369945311980469,0.11535388648402965,0.08596703081987547,0.0818626154596256,0.07903744105409896,0.049322593309794785,0.04127152892554392,0.026721037863316668,0.023755160453692373
0.9608522970511508,0.21775502119528709,0.09859366988248226,0.09000600603355577,0.07071085977328306,0.03498334251242296,0.02782447223992707,0.02685067382941506,0.02227219909850052,0.02225112315903989
0.9068390498911362,0.38611985807122196,0.10766216150717803,0.08541611912197286,0.05201510255131226,0.03665791580106051,0.0322908577128801,0.02406866715067242,0.023592114856493242,0.023122180544077473
0.9978556839163611,0.05021908825418292,0.026926817805145453,0.02575088993367258,0.009070545915877484,0.008395925906374653,0.006112148602396199,0.005044070878375131,0.0049704333336910034,0.004597921633194591
0.9977656613750273,0.04895768149828403,0.027160587645432485,0.02595308169420953,0.01811583224075308,0.00895583267128725,0.008399056232811128,0.006081333870029725,0.004969826951594416,0.0045856442476800655
0.9628896001148982,0.17928657346405835,0.13391514806753477,0.10770760317342862,0.04921762433242389,0.039544399001169364,0.03709270699439629,0.034592253970811775,0.030261410438795013,0.02433795915256974
0.9281580938560792,0.23338643215164498,0.1953537143955288,0.11088249906140239,0.09719832932289806,0.08124790313440496,0.07772345424455131,0.05835026236150561,0.040937383616816106,0.03709348663401525
0.8913607301037251,0.36207895198856843,0.142157447013963,0.13859296468956883,0.06982623719974695,0.06479555759502652,0.06330236545204561,0.05584244307203926,0.05563620135429452,0.045186052422879174
0.6826231133471745,0.6111609546654362,0.30485205522997005,0.15717787147830886,0.09568327518730457,0.08357570430761752,0.06269678768583345,0.057996302675823834,0.046528095112976946,0.04462665041963496
0.9706972441529166,0.17633806304628247,0.10177865657257455,0.08083672435452324,0.06970374374869143,0.03287491239105497,0.03019028901034356,0.021946606244313445,0.021678708618322436,0.018380904546708904
0.8633049108566145,0.4731911408951521,0.08653188218543766,0.07757456386992194,0.05041917398511048,0.0498013502447681,0.04340804432992048,0.03648883430371542,0.03386779016196154,0.03165785751817055
0.6950816970779066,0.5217309306895861,0.3703529949767842,0.28767136662837595,0.0676285974004396,0.04775377858772968,0.045042670717265,0.0408842775819653,0.04049737139233034,0.037125833511173816
0.9475525637118107,0.19409847217816617,0.13664727162198634,0.10543367079225392,0.09980790344522711,0.08290285102023379,0.06262132340629435,0.05605135913196705,0.03510650413346543,0.0343921165616007
0.9200237354840941,0.3590848764409677,0.07424005266973592,0.06714814836086752,0.048332295644175245,0.04634690246476873,0.03991306682770901,0.035943211398777125,0.032343327021158705,0.029715886496593305
0.6601180903985049,0.5477107553085675,0.4170514053125129,0.18788507739327454,0.09753086210922361,0.09524553051838759,0.07539316768600826,0.06666681958056732,0.05473974014260352,0.047346408705878903
0.9772111059320278,0.12706536048585182,0.07755582301562505,0.07309404380807569,0.07169436287702703,0.04141560820097505,0.036337499583383545,0.033889071739020296,0.0327931508486815,0.03225225382066754
0.5888987190841172,0.5247608466376056,0.4547661616869578,0.33324445193120295,0.16153307201811137,0.0732312970160978,0.0520943162139821,0.05074104314801348,0.04579221771873679,0.045259139926230284
0.7830967505120594,0.5474021249396127,0.20711543157278217,0.09269710564023467,0.08175149152770182,0.07286059053333875,0.06971812180396265,0.059944977269633375,0.05115127483712821,0.046322831517092274
0.8006239412801882,0.5748995863696242,0.08052690495154581,0.0720162764281737,0.06805328434846339,0.062424006875218443,0.05471279154278662,0.05345383085341848,0.019395242119892377,0.018689185730092383
0.9694306439805555,0.13213663148640267,0.10057346631622069,0.0816729414111802,0.07625722463793826,0.07399407819213877,0.06667034670932358,0.0555099233411477,0.03636753063534986,0.024925207328271807
0.7065849369818924,0.6773642532764315,0.09511246541221106,0.09443206633337833,0.0731478947894401,0.058925987405291834,0.05324425085903045,0.04123346650545206,0.041061927201934356,0.03496533545293319
0.9961529964633662,0.04665013276664462,0.04363981831021941,0.04333240000613757,0.01995214052612802,0.01929506366929386,0.014427110834922811,0.012811135174410295,0.010772604320574506,0.009607390440320811
0.9961836406511895,0.04576548762470258,0.043235631539005,0.04319412911142946,0.019947249187747,0.019452452356813494,0.017420569776161403,0.012642082377638312,0.010244787652998357,0.0096173900474151
0.9883616894006066,0.07946995792727837,0.055990862883479146,0.05167774736416581,0.05119812837420129,0.04641470730405982,0.035329929214194485,0.031397543193523954,0.025996941613973285,0.019409775274044926
0.8954967878713675,0.3778930432146338,0.17074986621529353,0.08075393413522383,0.06726009490914166,0.0641670814607782,0.06079334020502972,0.0580709826716946,0.03713562959332688,0.018765110089723355
0.9851472093915774,0.0973565205770629,0.06486606381442972,0.056079281091802956,0.052513469475930684,0.0482949920287327,0.045336643559575354,0.03521665886413416,0.03211347941548635,0.025946337664386025
0.972990687876209,0.14347213747006984,0.10372346996581025,0.08041982399721227,0.0781217407294161,0.047183427420978474,0.03002659636582762,0.029534715572903106,0.02835298606751945,0.023180647245957597
0.9976000852510971,0.04178490414949114,0.02766946859666361,0.023446626674189827,0.02115767629286674,0.017162546678376595,0.016585912971586826,0.01484830362355543,0.014033318323687297,0.012069060238346526
0.9861586628531432,0.08296793160522377,0.0763575959614218,0.060173174072885006,0.045624697669807236,0.04361500813883385,0.029175991268569956,0.025173028871969393,0.02489258263368331,0.024721697063379688
0.9470779389419781,0.14194967952283088,0.13701187363408385,0.12146549647928032,0.08913181856633891,0.08523066599834855,0.0781235660475676,0.05770674543410167,0.05728015794902434,0.05484747666988106
0.8157210529371495,0.5279217544638994,0.17406955497677945,0.07405437360366698,0.06153463728544224,0.04901166865631795,0.044185841038344484,0.039867661109303565,0.03569111111035239,0.0350819042326964
0.9929278725064521,0.059698036015142106,0.05015001870626114,0.04368848275431122,0.03832845782605095,0.03090780695267572,0.02515532785321066,0.024969485160916648,0.021124862954816557,0.019767766620483615
0.9976428085834377,0.04429621719975584,0.022883165171396633,0.020822017495644326,0.02007541775152582,0.017980045290867875,0.016645777029911435,0.013440252170880036,0.012442305573402023,0.011945463829306361
0.9958456187627575,0.06076216170041025,0.044771189251207745,0.023435277448969834,0.022866815749856075,0.020134221621515642,0.019424391955652973,0.01332817229134281,0.010350047099036582,0.00959354320832849
0.9558598774219681,0.19432049909950122,0.12974919623809278,0.08218918851999567,0.07795858177791677,0.0641919088944454,0.04766124336607412,0.04301230391401056,0.029574169252157143,0.02931574068482245
0.6874680674590646,0.45719044674369863,0.4239791362823776,0.16085251053959237,0.16058148160484143,0.15714111029451253,0.13015234707309586,0.07820615173169228,0.0645226614497845,0.06398539389997959
0.9203493850653752,0.2704805404592417,0.13885186127809498,0.1384771486481253,0.12581812415155647,0.0663698102409708,0.057090714357676,0.0453729917481078,0.044360728109298725,0.04239036459637446
0.7633535940760618,0.43524179177054456,0.24819782344781682,0.2134734031126916,0.1843024592792234,0.13233262415188457,0.11351781548820054,0.1035853911653916,0.08712784546956832,0.0692971238071152
0.9652786593016163,0.20244063886383806,0.08783256190365347,0.06562752250646187,0.0569419713317501,0.047910476874730455,0.03898258258713628,0.034176901449216535,0.0334804129717391,0.031048089664236462
0.9602107902660105,0.12572542197609712,0.11751890592403483,0.11098860574111544,0.06977998651215243,0.05821023507290283,0.05608024755810514,0.05277635047707877,0.04879237336511264,0.04822403589838785
0.9698398219429921,0.10903430180349423,0.10108219901146545,0.08660461243773783,0.07287723609414751,0.05983591998240272,0.0527074722442657,0.050845002823983514,0.047528313107406,0.038914671832880006
0.9480975225148053,0.28868826333892983,0.0773866290433103,0.07452076365322913,0.030433876180407004,0.02874738704312041,0.02736007787804319,0.021672281807080637,0.021465200600481803,0.018932042849219875
0.7218665188840984,0.4534983137939068,0.2650946572588388,0.2581345725875403,0.2327151451889876,0.21850566630613089,0.07889822196844168,0.06599472932506895,0.06317910543964388,0.061535110552612814
0.9519815823799571,0.28689288030686,0.06574985277880123,0.0489616040489932,0.03435617127540539,0.03330460718214106,0.026469247043493956,0.017879623130351997,0.015022568902448649,0.01443112188744724
0.8816618803343145,0.3736316862271487,0.22232533694872303,0.08625163737371541,0.08303347298045069,0.0710652894542967,0.04462283330473006,0.03638191542199412,0.035508260430519904,0.034502539259967546
0.8317098751563651,0.3604185987497108,0.3072850669792519,0.14500035798096286,0.13149096988952494,0.10454412271065364,0.09095144106608949,0.06715859624975584,0.06022905141159226,0.05933446367034761
0.9910846829599775,0.10637630210796171,0.05044720582543522,0.036071325650186364,0.03297424976069342,0.017276084239927377,0.017049979492543995,0.016317338601877483,0.014887440962919813,0.008430279408694915
0.9273310094675576,0.2748526876829834,0.12308277275027518,0.1044342864119508,0.09612385454567995,0.07074511202171851,0.0622309345957588,0.05905702429065409,0.04929574956514771,0.044430660510857756
0.8795385502832861,0.2720019185477659,0.23968857467236082,0.15885921909357895,0.1275145354632095,0.0647492664936379,0.06298291867728187,0.061728903246637296,0.06057500527958193,0.0605121618515621
0.6193863693337843,0.5652173749952701,0.26250791410824315,0.25640390305262734,0.2562400609883131,0.24805823570501806,0.08938886684662446,0.07433520840472427,0.06166163511510072,0.04729954632232027
0.9492178359098197,0.20081609236709588,0.16486334483044163,0.08970105980369354,0.07191061433425969,0.05141710191039546,0.05046435520656422,0.050004207715514754,0.04213589233931318,0.041897743725494284
0.8251961146913209,0.5340620841975626,0.09530040782836105,0.0716356928620046,0.05841741265517874,0.057869299050423,0.0571386227222691,0.029140859899062926,0.02777457121254318,0.025445979257679614
0.9735153645763319,0.1697377935739841,0.13901785296319846,0.04044085011868381,0.02218762558552214,0.02025116467213801,0.018513856733556003,0.014486842028033286,0.01437883865122658,0.010942199751469303
0.9826958250097768,0.13691011673729844,0.07028480165263101,0.06950547448808612,0.04594444721824907,0.03030851218514533,0.028932403067229384,0.0210314302962354,0.01532052476911801,0.010208809921646092
0.6649819484673506,0.560272113328778,0.3901452756008303,0.19874040547197078,0.16254076783403876,0.08491095973630941,0.05537642161834905,0.053112256942573766,0.04581012075954409,0.041507672440224914
0.8631293443072288,0.38790302497108425,0.23166625317042974,0.10893152591364341,0.08040449059954502,0.08007118903793572,0.07083013538071971,0.06224950919365134,0.05517933087812356,0.05226527464279339
0.9936857612473313,0.07694911951783003,0.048732744221939524,0.032704659399778645,0.03098692625748576,0.029485069557797162,0.023215165973382884,0.012071704450775704,0.011312363136401325,0.00812580135580758
0.993619595366436,0.0766828179002329,0.048726642514794326,0.03309133030689928,0.031003048972647124,0.02947053034402284,0.023155097717467824,0.01425478894581842,0.012041720743231905,0.011317564729002394
0.8129075018443501,0.3931248326056923,0.3547286247513389,0.13278978885226747,0.12258546574478793,0.08914825923469916,0.059175241075957154,0.056592130701312214,0.052683463417891215,0.03372903873466114
0.9698405112084341,0.217079133370026,0.0697253171739315,0.05431908792744569,0.030488440802313648,0.02751682087868623,0.026459030294744276,0.01997460826827335,0.016672095446666257,0.014606791434288148
0.6216663392293983,0.5730589469484527,0.3178758805350343,0.2450306663915638,0.19166903045563968,0.18913102819749406,0.09394192766383691,0.08933057434506055,0.08571545804549957,0.05847262732219199
0.6811027979840736,0.6615731246741233,0.1766254063690506,0.13679823791464774,0.11608289346734331,0.10127984973185428,0.06662301553963661,0.060572511075402534,0.04700584988237628,0.03837099883807605
0.9600858164252707,0.19078841080454195,0.13561733315375132,0.09503658428201374,0.06597363557786982,0.0632729531512916,0.03619001664456526,0.032053414156654,0.02647387728590638,0.02079844769853155
0.7592138649305965,0.5709676546277498,0.14920767099624208,0.14227858573595312,0.12492547050567845,0.11308981875746633,0.08071027060557608,0.07264697911212586,0.07191759500735831,0.050609976573992806
0.7883361046048427,0.3605485931622517,0.3266145901923583,0.25101964822877193,0.14266638080438085,0.11600072889775483,0.08471560463281771,0.0739714260916121,0.07247297040257908,0.06036574953940091
0.8242185234740096,0.5119982980041253,0.14560935686463233,0.08880104997855665,0.07088129855677018,0.05786273970524107,0.057642882097755525,0.05334944841987977,0.044491591293202126,0.040684555092670556
0.9956849138387539,0.07264869114055264,0.04205529098491486,0.030859092922134942,0.01273557744667289,0.011301656475895297,0.008769729560891408,0.007842582588934359,0.00584573494222135,0.005520075545578078
0.9926748161149136,0.052974273963003,0.04993312474921247,0.043433224821884865,0.0420426891420399,0.03794135844928701,0.0245885734026111,0.024552071276138267,0.022117974942795746,0.018517404996423674
0.9916215190047674,0.08540473475577123,0.044714864489103986,0.044314034256444326,0.03745347939644485,0.027887692273665263,0.026023771938060755,0.025072864034115603,0.02173475654342728,0.01587404046411224
0.6374857303101411,0.6368515683713569,0.2286807129961344,0.20024394815022975,0.15339670657811288,0.14200465426647854,0.09871965695117946,0.097594449083177,0.09406830331352488,0.07624537998225005
0.7188524111792876,0.45893026587091973,0.45427428063812625,0.155106796902999,0.10673428611452052,0.088360832248366,0.07433863490032454,0.0573534243073141,0.051033140833070846,0.04386313459255019
0.590448216367534,0.47803294338617086,0.3371217154808019,0.3343514960996649,0.2370695208295647,0.17961012423644326,0.15183740885276337,0.13947010098343676,0.12871212550251004,0.11999881770051746
0.727825298797225,0.5697405091226225,0.21947895465681644,0.19057586281316033,0.1338725716756923,0.06911254446664747,0.062000143718962765,0.061087536276037566,0.05748228970926623,0.056148490033793616
0.9046729358382936,0.25105672289982955,0.18601397069256653,0.15398496325728622,0.15006027990312965,0.09924240791501046,0.08254278268558571,0.0605471543558156,0.056948213048196875,0.04817982429485168
0.815015165526495,0.5325749539249431,0.1907395159641693,0.04202797990352701,0.041926170586965864,0.0341793951780744,0.033572928735574055,0.02923264307609597,0.026726896554882192,0.02628074332956807
0.9952501170350788,0.0692501863348304,0.03876462366580555,0.03380858296087558,0.024271797703896487,0.02358711525676093,0.015936809971524756,0.014047908271843986,0.009452289787274467,0.007326831513295097
0.9674852228587052,0.14800537820834994,0.1379438546632685,0.10245976742984243,0.06236100495092141,0.047782265204850634,0.033626009001243296,0.025397356867792494,0.02245900603003304,0.021309622629444032
0.9951170963083761,0.07530622551045976,0.052970239319841274,0.022766760323507444,0.012196371549085115,0.0111732436618196,0.011016754142460868,0.007609477961131043,0.0070447863036943404,0.006858241432601506
0.986335781747769,0.1213339835846583,0.049801785304465565,0.04833030760088395,0.04379632756462324,0.03791339252099629,0.027519163572366008,0.026374473883223296,0.023092852259947443,0.01845432003764904
0.8523709170560123,0.32441353060574385,0.2051113420703301,0.17543578438345245,0.13089961410499895,0.1245181088294024,0.10977161394750945,0.08278368776457906,0.08204619481984682,0.07278021840156883
0.9978499066328301,0.039225895996444105,0.03434967607082249,0.024953336955439,0.018989943645020053,0.013345419618332487,0.010083131436962954,0.0072818338634803165,0.006293246818588051,0.006283034947350317
0.9341916048785834,0.17914388063276446,0.15536144934239632,0.14976680058247394,0.10788417817247412,0.0889093585157028,0.08831385314937482,0.06873236818780841,0.04222881792852946,0.03970412451945278
0.9574229461564671,0.215119461652545,0.10419164718919352,0.09686253397606767,0.06821399399565088,0.059390062973243785,0.0334860018560953,0.03266281929132462,0.03061768806608508,0.02418441310593167
0.994414950321986,0.058256905114210736,0.05008173584046563,0.04802793105069757,0.040107063697739365,0.016335221768274538,0.015876201886397164,0.012666578053966695,0.012442749913737226,0.012015949681559945
0.8735611642984307,0.42702645177888726,0.1560484273974212,0.09706846601511247,0.08290586639435713,0.04597733675489708,0.04275955438131517,0.03134149196633855,0.030043497085211666,0.029930300610849336
0.9057924325593388,0.2754308153245078,0.1973732254387288,0.16548523479813496,0.08550512300842403,0.08415802497919653,0.06774453654045003,0.05630158878265596,0.05167530133061038,0.047346830580217845
0.8341244007599365,0.41310140834247827,0.18063896962395498,0.1397454566845593,0.12469062334946067,0.11920200241801024,0.09265391454864787,0.06586294053712605,0.059586184960235614,0.05716053388011464
0.9357148696225286,0.21715185283706975,0.15567548559786554,0.13269963074733415,0.08283200995035281,0.07676326911248157,0.06400670588062284,0.057164220961510574,0.038776724813639155,0.038400622081376165
0.8577569861256623,0.4659303894880662,0.12390245792361639,0.11628229788367939,0.07390690192084276,0.046582859269794,0.044213807735941184,0.034246006304502793,0.02989120208290123,0.025447839879835513
0.9135077429790448,0.2839617167461545,0.197184493056547,0.1465317330153432,0.10589920836212433,0.04899890449538279,0.04228651128203993,0.037823270510811365,0.03351269990627745,0.023959211335377543
0.91643446222741,0.28387909586899457,0.12442405787131856,0.11686715724123903,0.09330880296921414,0.09192791316804415,0.0705346937797514,0.06714789205885562,0.05087022538989235,0.04759462912369816
0.8235166064572728,0.45068960954091414,0.21855728041563194,0.11573133467061797,0.11067680997719287,0.08676118213608354,0.08518002972789654,0.060102694975190676,0.057647256646925334,0.05148000452818198
0.6870074830193,0.4082741099841304,0.38370475006133065,0.2535506933121038,0.2080014380363804,0.13902591099415848,0.13751720686223406,0.12707729456522113,0.12128280093869805,0.07243862509156797
0.7920221051976678,0.4456754503599949,0.215245358025793,0.19998837014243065,0.12901075055184666,0.11597599052855226,0.11315512115696312,0.08183609211362523,0.0811335661585939,0.06564340641756322
0.8344558750844918,0.3442458202931601,0.320084270959912,0.10439377346328134,0.08859350212919553,0.0856034599743207,0.07702754330692921,0.07350349242524595,0.06561348874654939,0.061161149384991266
0.565323959229784,0.5440073852082337,0.35329430867751777,0.3360701629269656,0.2765109289751627,0.12297770081594203,0.10535616593436892,0.10114129243868598,0.08239762673856038,0.06868307275395168
0.7395943406125797,0.4330672151656242,0.254858147306705,0.233121616076946,0.16991725948075134,0.15599336064357078,0.15562458563836631,0.13166822874125092,0.09901953424047173,0.08801391564048004
0.9276642725218639,0.3060313774318185,0.10199535296393472,0.09379198842225848,0.05601423151543876,0.0547240449077252,0.049298613584026624,0.04854043516738609,0.04841991041428398,0.0432127015048915
0.9800132728564882,0.13058718871205563,0.12609262579335967,0.051713568267853796,0.04357343446929156,0.023399318130994204,0.017195982889298373,0.016849462091089694,0.014706559770382757,0.011252250708495046
0.7938827236001169,0.48591528842763093,0.21319649199722165,0.1957329299680473,0.17095524988155184,0.06499217972570184,0.05965765259298911,0.04905619908615791,0.04004169697574363,0.030931653356555757
0.906402642952422,0.3585184418274841,0.14932234534382113,0.05948628535691298,0.057411150835274795,0.056423082709068956,0.054262186083050834,0.05392041901498065,0.049499991173948925,0.04221339740272682
0.9803315690285299,0.11028637999806139,0.10718282029013707,0.08271796230346368,0.05992874243230864,0.03666135865947362,0.030442905955405587,0.0199213121310864,0.018614062269711087,0.016793022785618995
0.9633712307895805,0.13776155429565623,0.13673433304126456,0.08823187208526011,0.06450155613082245,0.061567084083206526,0.05439221968327694,0.04619798002729749,0.04599922072415065,0.040619141764512014
0.8068730816977498,0.4419631072187751,0.32657820815744565,0.1373373261584815,0.09724380157769186,0.075524339624362,0.07508490200923147,0.033356548275152206,0.03272618600227998,0.025516898742532903
0.9390636235244856,0.25144066159894135,0.11938334851542153,0.08426253054608454,0.0831453221394161,0.07183901466479156,0.05161449396006085,0.04522254549125013,0.043577655806345234,0.043412558056226694
0.9949962390821443,0.05313378546541405,0.04537669979338218,0.03790399330735156,0.035552079083034115,0.03360290490781703,0.01995552216580645,0.017290567471412922,0.013302694827073566,0.008027496631810464
0.7503773060789685,0.42520301018967843,0.4016539949560866,0.14378882968333456,0.12993472366758302,0.10578009332167336,0.10031712689306675,0.07577995522363933,0.07241178246277442,0.06577225657976299
0.950308221882276,0.302009188526262,0.02817930203610175,0.025060732283805173,0.025006433218042672,0.022777290905644766,0.018112625365136165,0.017427162132719543,0.016621934190109277,0.014930290475370856
0.9315038207749359,0.3546643093609139,0.041582004605765256,0.024543363709579182,0.022862688300827484,0.02264901003547911,0.02194467409957347,0.02042469914659646,0.016238440657902316,0.01552065545277617
0.6686405222491113,0.655574181604005,0.22791734453106782,0.1459037182586001,0.12158976862894498,0.09605961959967393,0.07161394934408156,0.0524985729246557,0.0512363547614262,0.04003743930004078
0.782903563914599,0.3718902044362569,0.30926517854059427,0.27453201683404593,0.16729014177807508,0.10503459334366859,0.0851862055495795,0.0735267391209435,0.07219288648675444,0.06528459545207052
0.9474190149494662,0.17973837861157324,0.15762542881898756,0.14864901923079413,0.08549347149544874,0.06751498959385026,0.055428379197650285,0.04381618087552874,0.038424103146614985,0.035557347797951624
0.9715686007977644,0.15371038949770718,0.12935349533266566,0.09846434257957712,0.02671239228842063,0.02552309076628241,0.020919887244326443,0.020658401557633918,0.019809408647881797,0.01893819093274828
0.6928774372290372,0.6543610699356032,0.19375938880119692,0.08806571322353557,0.08279934242125243,0.08246931973209848,0.07477238000794081,0.06905741340950641,0.06483524387991259,0.05467855183904968
0.676683192717597,0.469231380668605,0.46397807135105357,0.20001067892532026,0.11471565180502498,0.11339319071153091,0.09572651267969871,0.09037968920140174,0.07992145243554927,0.06848316052572642
0.8800553772874214,0.3706107347882891,0.23218604124469827,0.10836669620779574,0.06254922701268448,0.05844230474197285,0.050957589767126193,0.05095422243074513,0.048131002467414585,0.045104669090247476
0.9107130795316937,0.21189779962154265,0.2092126196848657,0.13629301393581764,0.13554688674140597,0.12487411064410135,0.1082366074734788,0.05689093239355825,0.043945600804476535,0.041889488769215104
0.9635198441379085,0.15237679959532896,0.09022807368535891,0.0878643543056618,0.07600690646927803,0.07540015689106769,0.0655660449875667,0.06223211339777911,0.05245670723524294,0.04161537919517782
0.9641452855088886,0.1464552904826229,0.11444514778429064,0.09114364241174364,0.08924901619641303,0.07481428489362718,0.06571407053938626,0.04302053306180609,0.04164073459885501,0.031083408958253737
0.6681457130197961,0.5560497955591892,0.3211673052555797,0.23330170670567982,0.19319027289544097,0.11002554882767679,0.08758738852143004,0.06890788652880261,0.06363683163643757,0.04837578710940808
0.7707545348870458,0.4470372216995627,0.29217588892403484,0.2294075522242733,0.14966000913452585,0.11328159139977964,0.09933180870013551,0.06182240080890667,0.045646151352617875,0.043612824313435945
0.9793984597137122,0.14909900791895536,0.06954587156601716,0.05569266893949599,0.04399071990278444,0.04295452148772279,0.042749565085390566,0.031080266812312234,0.02739122763106547,0.025325514837131878
0.7935436936028939,0.37161053177203207,0.3609896404078036,0.1767097791692266,0.17350971305663393,0.13698882879784535,0.07808500042698284,0.04600790864736104,0.04587404882843404,0.043727763161366756
0.8598415381442451,0.31569770402325514,0.23222050312645218,0.17972480460861653,0.16384999521226426,0.13511893664358068,0.09578896782356626,0.06836337198014517,0.06106961305287251,0.05715984629223143
0.9901630738563462,0.09196058712183557,0.0733576896828727,0.060119408699540806,0.034912796174478435,0.018559805618913405,0.00967897541907393,0.008972223048080914,0.008548131379000385,0.007310592780632518
0.9865268475986925,0.08615121717525819,0.07258467484063143,0.06080645830087413,0.060259926998987454,0.05601213838453124,0.043838608565855794,0.01879011698334188,0.017593209122932683,0.01602882091823183
0.5899929251346039,0.5871761547556809,0.3058367840331733,0.2547839491482182,0.2490193446283221,0.22064182507013552,0.10786378030646598,0.08110114032890857,0.058974992028386686,0.05319156296946276
0.9035865236558388,0.29287335836246564,0.22158864253566762,0.16332805074088577,0.07469449062272814,0.057353133367516386,0.05336573215280211,0.038730675085326106,0.03646404417847866,0.030464255097494335
0.9191303249264066,0.3164168675646669,0.15196904912017462,0.06990309990784693,0.06859884976844813,0.06358358889346633,0.05830076143182622,0.051525527820600665,0.04453748048627748,0.04110453217347262
0.8003186326701655,0.41304447282148055,0.24072252953505308,0.19285922118390747,0.1826936535916932,0.15530297053463207,0.10245819757640985,0.06919550017211704,0.06849103261716126,0.06826983983621303
0.9667260529763231,0.1956917852715444,0.10610866716951245,0.04559406089033203,0.041430165461928486,0.040772379919490835,0.032876506494472046,0.03165503193138074,0.02927671362706069,0.02804476397690333
0.970703510963222,0.1740276686791759,0.07856919115397284,0.0672570137831576,0.05807860902999033,0.05696448249169541,0.04186667233247321,0.04162490942350303,0.029717646633669974,0.029387592757521404
0.8479734531579302,0.36977087597803626,0.238326032274689,0.18690293332421115,0.15010360201216255,0.07390395935489459,0.07070813209335255,0.06758667468240667,0.04880388069648561,0.04064194840629813
0.998992285098072,0.028731212130214512,0.017488783419250347,0.014947073998379839,0.013156762026108125,0.010524769139400246,0.009364527869566161,0.007639205119487702,0.007146378886406813,0.006941613609557604
0.9990426432128873,0.02662257611951349,0.01761187817939116,0.015069291210743744,0.013024918173892884,0.0112649589251608,0.010748840563663051,0.007658296982020299,0.007166489050855382,0.005724613458187871
0.9680139821268345,0.1991696402557383,0.09023357966600891,0.06497998192868193,0.052341931123423766,0.04672865217806885,0.03749680034538884,0.032987123875689014,0.028027300151628118,0.019436682103997044
0.9807059543588684,0.15376546603906602,0.09654980876896826,0.03984286536644103,0.03153218424902675,0.022030875337753546,0.020995466241648206,0.01891231547483994,0.013528190193668823,0.010941654838909758
0.9960719375617,0.06805908585995887,0.038938501023526875,0.025554575735030765,0.018123244562754798,0.009656396654670479,0.008668020662053282,0.008455494962343294,0.006685840119944915,0.006377223053731514
0.9980782974877448,0.03448380173069325,0.0264795575943722,0.023879967735586597,0.017028577529237934,0.016178299796276076,0.014394214005812445,0.00991753815425812,0.009203411337786398,0.008976018121408504
0.9156291587049631,0.2246144215039085,0.15677673299560346,0.1498405060419278,0.1415046846031633,0.13433595302408588,0.09727386093342362,0.09212837462876546,0.05144849393332052,0.03343896629536501
0.758844366069426,0.35090205283973924,0.3401358672341797,0.32779253408542086,0.13076945480394653,0.10413168721992311,0.09597800720202695,0.09552856381438672,0.0955280977808916,0.06675103157111731
0.9295578245681619,0.1815661743677966,0.14781391597575094,0.14169209561819276,0.13704125491828847,0.08725705043571512,0.06818379310963299,0.05904872402124931,0.05436477580572438,0.05198286401967594
0.9945452552207834,0.08768197206703847,0.032747352376748404,0.02122595616964842,0.01563683034461111,0.0134959043668093,0.010650329186463475,0.009755801384740316,0.009465617047375849,0.009348744459796762
0.9887905515773929,0.09949085566274765,0.07060739054114612,0.053716813220804974,0.03617445075188014,0.027011881590226695,0.019410882039699307,0.0174855563597354,0.013227595296065578,0.01211044955929142
0.9423938446050457,0.31614118718700296,0.047982208162276004,0.038482581068684206,0.032902541601968024,0.03224093452854892,0.03144424289106224,0.02629115993227625,0.023571864365927918,0.023204228718342507
0.9239117999483696,0.324529890908385,0.09552685662618383,0.08219728153400462,0.07130337685131942,0.0659788091022587,0.06157726133474107,0.05809833169091269,0.05006123154355979,0.04275662924173367
0.6007213870442575,0.4086528068105362,0.3776003079176729,0.3113071035783763,0.28250255720564343,0.27239605028244573,0.15929183464401958,0.15768472928079091,0.1099297494331,0.05830750919498997
0.9845090591637087,0.10038541156861185,0.08374672048008823,0.06958757992002751,0.05487804062370031,0.03231238421631976,0.024471977675525853,0.02149550990616514,0.019562815368533115,0.019343786768965514
0.9944702318805082,0.07031689682878203,0.0547889783182877,0.04371234545881698,0.016937715529534755,0.011473969078232258,0.011400073091706214,0.011218769219951486,0.008519258544198681,0.007635158572499504
0.9502613797514987,0.18741724785430644,0.12168229441019662,0.10927593194313494,0.09749346069089744,0.0818239035282906,0.06713974932986272,0.061544468093789544,0.052778683643578544,0.04544362245666577
0.6065816298206794,0.42217552137153647,0.40295773693473147,0.3787667261424206,0.24279837562097675,0.16113961360128415,0.14677227555098432,0.1370462790465275,0.10691893358265123,0.03949935575977691
0.9831021743248731,0.11558141998760614,0.08620171143028699,0.043567172642836875,0.04055316662986979,0.0384145032861604,0.035853148223722375,0.034529433346282425,0.03367391242726898,0.032855377223938775
0.8034810401086919,0.5747310928180678,0.07324451386301388,0.06066205780494393,0.055369889927473416,0.05229647010307652,0.03766754414123274,0.03715696210736082,0.03221259987757255,0.03212117112637645
0.9088480561671362,0.20998373780605292,0.17562066772146745,0.17122630030608557,0.15334748256224476,0.09398987659756543,0.08167047817940562,0.0753870343464892,0.05822521250986665,0.05428193080422924
0.9640266061256726,0.23927830600476913,0.08686150297775344,0.06206778618720656,0.015889547039309896,0.015353232912740126,0.012970284924449129,0.01293000887501623,0.012709555518319739,0.011962718411815426
0.9681762207243166,0.14393490176217774,0.12275486183633079,0.10115053253955181,0.07150396640028171,0.06562708989406754,0.044197204375188925,0.026301335442889023,0.02273551311498931,0.022427500313271505
0.8612669961690752,0.39908921002645836,0.1412068990784724,0.13691198755463949,0.13473297096099496,0.11383055452420607,0.11227251045999947,0.07389491368727995,0.0577507411985557,0.05592902549016831
0.9750491425884269,0.18983572979359417,0.08739618336095259,0.0629028485499649,0.01688087925370049,0.013528856245956714,0.013449671946747418,0.011691292732731064,0.011461373843657743,0.011088146180033771
0.9694383939730556,0.182271705774947,0.09238850446246508,0.06112718609873641,0.05509884057347481,0.047849713189175525,0.04394997209317727,0.037593479384644725,0.03463751531868874,0.031075902701472296
0.9776038646009075,0.12580162261591693,0.10473280178797056,0.07692444792356809,0.07221468860252707,0.04459897301862359,0.022251653231237532,0.020909241150021098,0.020177821421789022,0.017772334499639934
0.9840706851090555,0.08583614614914795,0.08540033579397513,0.0670948677616665,0.054954155467291085,0.04987170787603494,0.04458163837802007,0.03211085163659146,0.025948901651345904,0.023475987334764473
0.9840857624154961,0.10319469631910366,0.07807244370373706,0.07217556150024826,0.05740832814550912,0.03412140652017111,0.026883184434228578,0.02483677295247229,0.021290390254690476,0.020407493751298016
0.9140483505593052,0.24320109927012948,0.19186883352763973,0.13657271627079645,0.1123236862291626,0.10212280888819422,0.05777001454117684,0.054468002684916784,0.048061882494192326,0.047972218904945525
0.9797564418885492,0.10529572074789952,0.10103245604034014,0.07732050653975363,0.07183466624763982,0.03883906300464168,0.03579200265517314,0.03186642337646289,0.024999210469759905,0.022591443598517783
0.9430102376763267,0.24765079191388817,0.16736076256476734,0.06746017718272104,0.05493053380100168,0.04876161547908825,0.04724678056122031,0.039088075735407055,0.038120702777202344,0.0353511860040169
0.7950833494985304,0.580726004751678,0.09717916380210431,0.06189261452045392,0.05264645622424638,0.04361178167891759,0.041211248546864886,0.04120453385994419,0.03990952510311531,0.03677404853747684
0.9941791770567749,0.059450905881182375,0.037439897067110955,0.033606858644627965,0.02585917857283315,0.023755876575698557,0.02196930185161501,0.021634612749714288,0.01969088229972246,0.01917362740943345
0.9150895594050195,0.1836827455050561,0.17881282529418907,0.1481995249336878,0.135073217051561,0.10284910610840095,0.09021036175981266,0.08770457775305113,0.07608083201468303,0.052503264582691736
0.7192708417554117,0.4613843343304819,0.44471432885902884,0.15050535602555193,0.1311588448804572,0.10176404107918224,0.06827653355697395,0.06717673610187087,0.04080400202486076,0.03972847602124035
0.9562538324410222,0.23951146716262872,0.08552298156001063,0.05592688903462735,0.04896742718180999,0.048744271622017735,0.04385528141975596,0.04034343343110318,0.03967630743442408,0.03186298616552846
0.737440599590203,0.41051401294491113,0.35372765111163973,0.19643912343036696,0.18567957084346462,0.17713013385741927,0.14905139774952444,0.1205610597226639,0.09391243708263874,0.04663904679366859
0.9546725922797387,0.18909687781819576,0.1276053580911929,0.10153002454153993,0.05851290159889904,0.05825923886646145,0.051977347190948965,0.051102440677769825,0.04562223777331311,0.04472141298103842
0.6464603650294272,0.4741987739107165,0.46248533593535557,0.20767647254875135,0.17584405459546626,0.15242706878840317,0.1343925068982254,0.07772004862593729,0.06924825177241559,0.06583092634845493
0.9967725402970882,0.053152765096690646,0.027647039475035683,0.025667481685909727,0.025294226860268672,0.022148201999471484,0.017633557519845782,0.015551043589562717,0.014242541453366694,0.007915939993093023
0.64224335301607,0.5461179384600798,0.47865402796885603,0.13031805680035266,0.09400267093894069,0.09352715355554447,0.0836322239830695,0.05363237667194673,0.049576385926200096,0.042787874956940634
0.9591189140799405,0.20135099825156802,0.11145746157078636,0.08796328852078303,0.08322674728476796,0.059075069661556755,0.055203091519732836,0.03802759086411892,0.02620443819311658,0.020812961347156086
0.9933943617617677,0.07630183287832544,0.05284011216881736,0.03168017594295196,0.029004474565691087,0.028267875582378935,0.017698903194278453,0.016853442602170324,0.014529936597154477,0.01272739503271716
0.9687546723214413,0.16095063427338943,0.08724237664560162,0.0803181372344585,0.06810168769921811,0.055066101071880987,0.05244183158497663,0.048403496417733394,0.039686318881600235,0.03296261609947065
0.8024188139960127,0.4027144534171435,0.34907685350609763,0.16762195677857772,0.096060631741461,0.0937602540183362,0.06216633540706422,0.05771426570467893,0.049386440035811364,0.04254060449190135
0.9980062768710966,0.04040704894841275,0.031098911708428194,0.018926276851246197,0.01703712707554804,0.012724561691769854,0.009372017844261973,0.009372001010850402,0.0072927449509507134,0.005673532054391133
0.762672938622358,0.42653061562275457,0.3355128107214273,0.23247804637428174,0.2044669477597764,0.08109004820657602,0.06634837680087007,0.05299359820806423,0.05228358109786717,0.03425027021674916
0.9891230140470753,0.10446111150987139,0.05909169471558394,0.05001287613002942,0.046208190662184394,0.026013972305204348,0.024754171634940637,0.015939636560608463,0.011250972752733178,0.010600675645026609
0.9914651919103047,0.10143176704749428,0.048439166744914254,0.04622913176402732,0.026114138935729697,0.025116180371499826,0.015944293863654785,0.011334884113641017,0.01035253010806541,0.0080693874555367
0.8559390284139249,0.3653360933119513,0.2971514399863378,0.09983271639049182,0.07558895883611452,0.06423503636711424,0.05427341648381435,0.04567294663828238,0.04426136494479304,0.04287140217783646
0.9420533201518159,0.15588465393004416,0.13085937724825764,0.09004502748047367,0.08853504329192449,0.08345647084142299,0.08118041275745014,0.07990173029685561,0.06955315896742799,0.06690904159541916
0.9419408922487966,0.24294276679644036,0.1808009721899067,0.06716806805196696,0.05526128580261356,0.04836412945606867,0.04765076138479999,0.04321785303728732,0.04226012078877642,0.02892048590517977
0.954208979205375,0.13219712431830527,0.12413918269381118,0.11696927551974981,0.07254896919133604,0.06696370471840517,0.06641195921402929,0.06299074693622767,0.06040538604579433,0.05837450871860892
0.9924237392168664,0.0874474415780132,0.04589364515691372,0.045760723855577445,0.037754917141191516,0.026319270160011576,0.013993351275639178,0.013034651263164151,0.01106014322537298,0.009678810350310492
0.6344970796345805,0.6302643593295607,0.24951751324019222,0.19106427607863802,0.17952316661970233,0.15536204626371383,0.08515811942304781,0.07695785379789842,0.0605362000078492,0.05939116428141742
0.9188670961792241,0.3333274024870226,0.11839010538099201,0.09394880586180229,0.07883306952759177,0.05193210637740058,0.0457583226690234,0.04382942023769739,0.0351688264822738,0.03292028877175629
0.99047550950646,0.11639792102409212,0.04483122756284829,0.02872604544319226,0.02388229955731365,0.016104277515321473,0.015180663072207562,0.015035193043068303,0.011127797035039773,0.010848945118985645
0.8118613573294299,0.3675139343873216,0.33580389840867036,0.17104752307121018,0.16021649212268965,0.10236817553508665,0.08811471513885555,0.06448461020126707,0.06139409883445145,0.06137428210670927
0.8346003378228404,0.5246641996204263,0.07374898222177005,0.055386142909980195,0.05383300925465994,0.05309696057537735,0.044367526594829024,0.042811511993549524,0.0381261044418753,0.03461232953898429
0.9700760515587653,0.21550922543290407,0.048006865589164276,0.043402446749705705,0.040754561639437255,0.03759099091260618,0.03502506407947384,0.03359511333968777,0.0221941515419558,0.021947920335922615
0.7976210301760849,0.5163624735794416,0.24222000074614386,0.10609034432993249,0.050381818317982684,0.049977485986842665,0.04698902463212219,0.04576506182371062,0.04274474023625243,0.039897117205216416
0.8361277605962926,0.48779984314998365,0.15096777984295104,0.06630969777645801,0.0645900321852408,0.06368804405801606,0.056791338609303944,0.050857412896380065,0.04898673791478668,0.04540028777770758
0.9712788358500875,0.09420528913690879,0.07966198138384828,0.07624882755172634,0.07553948827722116,0.0719425467233533,0.06318446807361673,0.06256456538031648,0.04837377348090832,0.04450342049327431
0.9773370780737727,0.17423227951764472,0.07385123417857431,0.07256268688594456,0.03640846487458448,0.024159351912927653,0.02223631071384818,0.013885879975620468,0.012008314116374208,0.01070427665344292
0.9875592516819861,0.08069333261187789,0.0591130220712409,0.05871085791289058,0.053899206106445836,0.05007653249312877,0.04098645889722073,0.03109429235856095,0.025763387412045365,0.024684745583643156
0.5424280340481283,0.5042004510224612,0.4688639739691316,0.24445237643849738,0.23871155117359816,0.1948536957293259,0.15453852920619296,0.13954475581650222,0.11875824191574283,0.053501150154139525
0.9853662401273328,0.09391629594989319,0.0747427503695057,0.06313135174421149,0.05729790038924764,0.04550355839526954,0.03199253480977198,0.027624061115620796,0.022546512195469194,0.020887766152137808
0.8355506864682443,0.3772551819285681,0.2731715031260873,0.19676624946347465,0.13943977971724866,0.07450497150877837,0.0738045144328664,0.052535314595012816,0.04771147404837779,0.046173796848753196
0.6225888032302818,0.5347298751874301,0.2919493016414712,0.2316344647728462,0.20626112778347638,0.17994760001821386,0.15492387912892083,0.13111547212263389,0.11485922054793743,0.10529450152726094
0.9310518974191614,0.30026874514083274,0.12342945765981381,0.061918706501617155,0.05719928150861541,0.0537703696419686,0.051146524594132096,0.04877331753406108,0.04680796882940061,0.03669226069713942
0.8601907804226405,0.3493952339792872,0.19018216933435905,0.18896011086560197,0.13544488041724143,0.0972121151675847,0.09040629327449597,0.05948567426251526,0.05540538202620025,0.05321949037581075
0.8079696259991049,0.4280064479839788,0.3409385576948065,0.15035624695126543,0.07925632360352793,0.054923375661210964,0.0468017287411607,0.03919414015505997,0.0376514955421492,0.03511133532106825
0.8758311548836542,0.232181612321131,0.2160196283488219,0.18185427416197797,0.17970086672508392,0.1172308729547783,0.09119852314708722,0.08791455291081132,0.07058456925342567,0.06708818481351425
0.9980571131684817,0.038043148358081556,0.02997213137293204,0.024772637839779458,0.01763068166172005,0.0174011290851876,0.009853626354341047,0.006412513013674506,0.005436085120529457,0.004458760509068703
0.6134990898674976,0.4619262532628731,0.3793165923625352,0.30048105868090924,0.25374731982906723,0.23116422429237998,0.13745942961716212,0.10420082067155403,0.09213110466131177,0.06869578065629657
0.7026120815180474,0.5492132246411346,0.4122859033309816,0.08938090566746174,0.06343786531729,0.05717384540805869,0.05409930542467516,0.05090073993746032,0.04229447252096201,0.03660931541234453
0.9891728220983033,0.12398849595812038,0.05056291728179376,0.03576029002527164,0.027293034644223776,0.0176711769108666,0.017116905667889155,0.013376968260264058,0.01294941548213805,0.012449181465873564
0.9880704896615886,0.12558868698071016,0.0504827775243564,0.03572729098583757,0.02714917607209031,0.023623356372209765,0.02290672895687104,0.021338873803091095,0.017653883291642473,0.01710627535149708
0.9751422369330903,0.13851890349150786,0.1055573847143909,0.08235903402563585,0.04837167273342146,0.04708328843110094,0.04210938810976599,0.03558684219471199,0.031054516045404445,0.026597274659031812
0.6673697313886259,0.5053329187452491,0.39083048117457875,0.21142715995313408,0.20358299101155086,0.14927928312084224,0.11975662912192123,0.07372242116054883,0.05534780025510547,0.047668816101683595
0.9746454240905525,0.15219058942211683,0.07646048419906724,0.07240976761697208,0.06681285218199523,0.06016870947914671,0.03626422822594038,0.030220353626061017,0.02904573352184843,0.028345700986657098
0.7373062488640066,0.414493495805754,0.4083736371613304,0.30607464646710847,0.0673099153623339,0.0645929027624165,0.04900215921543007,0.04321806750317401,0.04243162169507,0.036944579062510224
0.7840951368824326,0.40574598040573784,0.30117942593576313,0.23814320506975797,0.17895002274935046,0.13884761043173574,0.06781039646481013,0.04304126255791868,0.04068669805959033,0.032948372847929015
0.9996879198803135,0.017963255298283628,0.011424225033895017,0.005828367420574127,0.0046748519941044965,0.004657288265939296,0.0038321083089361374,0.003436970057786221,0.0032738288514913907,0.002898074068614247
0.9991740565266919,0.024064494221748778,0.017939189413900904,0.014846202157387103,0.013296543844547717,0.011417823524372228,0.010212238644593405,0.004661639772296671,0.0038281696732927113,0.0034370606136414276
0.6348962029079547,0.6169994137016336,0.2511267403184633,0.246912643309741,0.14849473406958552,0.1253284796513302,0.07752389603422127,0.07724982197755563,0.07435598088567784,0.07262208797859945
0.6127958386167143,0.43505533127591767,0.3475692744802523,0.3293184762551071,0.19553708849708695,0.18776973219003124,0.1848176604807279,0.13683610193251713,0.11985390576069135,0.10972367374908286
0.9533196245365205,0.2628229845336142,0.0831912020173278,0.05403136202902768,0.0428069349403034,0.037935654468985995,0.03666966746326324,0.03465920702885911,0.034091662730600464,0.03302448401917518
0.5698180107229682,0.5470755928517167,0.5146728081879881,0.2876426539661789,0.10177994969166133,0.0620255264302997,0.05342064622629599,0.04878105074790673,0.039741101533899814,0.03758583599741803
0.999400811400604,0.028168998432566473,0.008970071987084667,0.006848576163229221,0.00481160308835276,0.004787256193557077,0.004767374088145107,0.004711014913766329,0.004609372879518605,0.004364454056186899
0.9988193050541142,0.03796604501003892,0.021206081905872528,0.009243541878704015,0.008464151447695105,0.007214492005133364,0.005581902474065512,0.005421128331683188,0.004889253377253416,0.004383664108835191
0.9995680338889217,0.022576592101440737,0.008721002493382401,0.00834000410484635,0.006214127035995013,0.004872228151694372,0.004507681744680795,0.004337810258328508,0.0037100581145433687,0.003600320433307871
0.9993121595770899,0.02835057229192995,0.010942434574024712,0.009996108413921515,0.00857359748261062,0.006357245143739409,0.00571023719848185,0.0054627565259086925,0.005339903572361624,0.0047417568071040014
0.9962385860149722,0.05998535157239266,0.028088822804337332,0.022548587649707574,0.022528028716371083,0.02182035561160709,0.01745130680674502,0.014969497576280402,0.012783388803316146,0.012446227564698304
0.9050622781351944,0.34122183653385146,0.11474649213927685,0.11374922128632814,0.09771543535328396,0.07942828571367634,0.07673281092363742,0.046231653293795714,0.038999320238052484,0.034200931781422444
0.9924303317611133,0.08733863409346994,0.05168545396256392,0.03946672805856787,0.03908762574314211,0.028110573473561128,0.01577541737224451,0.009735036376233607,0.009279677593452128,0.009115248762063257
0.8663909632913797,0.4719275714311359,0.06481982779691477,0.06190427760793426,0.059643474749552984,0.058065924040250745,0.05058269666244482,0.036589641378795855,0.034188543103700904,0.03301437728901208
0.8111993128118361,0.41576261163942413,0.26825748590076587,0.12232172679023305,0.11227645090367708,0.0996066996494727,0.09715539599433891,0.09164379604362669,0.06827780653015335,0.06522709715380381
0.9058986372619319,0.4108577061674801,0.05216582947515338,0.04636664816513824,0.03414488424093855,0.03097173621210828,0.026430519781814637,0.022916597054350243,0.02273199909431156,0.01848082297724614
0.44059225402242636,0.4084986921573885,0.37229539622508107,0.35005981287502974,0.33353818921309747,0.2039138852224198,0.2009735681621908,0.18273378017241532,0.13672634732053662,0.13054317251978956
0.7332374647227806,0.6499195149343963,0.15000004840693143,0.06887627428278685,0.0661135860808003,0.048814613867452956,0.039599181633479086,0.03247144081006662,0.028915246513674626,0.025244204504128544
0.562549697818218,0.46151526246377667,0.4022620439675585,0.301318651269152,0.17006702023981968,0.16370448719198588,0.15626278687802603,0.14483104125314789,0.12872998576993602,0.12569264951377582
0.7085137782252583,0.40314777113700945,0.2832216789523073,0.21108969766652957,0.20768711007646173,0.19753747986251688,0.1487812449040149,0.10193354804843685,0.1016787229262148,0.10123674923524595
0.99310139454609,0.06863211237796253,0.04713152755527874,0.0402787039756157,0.03416991835942687,0.03184205023310002,0.02265552314831089,0.015995281975479798,0.014829279348342422,0.01428723657755128
0.994942243408172,0.06517786989176155,0.04719543864058787,0.04031782933800915,0.022558069865201407,0.01880921593028225,0.016001483738534432,0.013601401809469936,0.01177809909389379,0.011708473658742348
0.996784092532797,0.06427962896676724,0.02512455161509689,0.02288614706464118,0.014787039551943834,0.011322097230548108,0.010831606614528224,0.010771268460558571,0.010246456703424986,0.009008761044484961
0.9859777288094141,0.11317630246600724,0.07744505273105555,0.05443705960072533,0.04738827406685481,0.03614968347061957,0.027226500064727505,0.020870678373421058,0.019653086409304396,0.013399485416871778
0.997646667670191,0.04790306993433599,0.02455091516725688,0.022156789368582397,0.02015063188724151,0.017326675487048394,0.013107077444941108,0.010116736640164594,0.007030425047777149,0.006307754205695788
0.9976817867776745,0.047541292219949544,0.02467959938296818,0.022295964722477343,0.02011166893901933,0.017331038187141462,0.013114777555712328,0.010206706698019454,0.007168819561654449,0.006314846129099584
0.47251929610458443,0.46023503677049876,0.4260225774845449,0.28459655763092917,0.2594017157231741,0.2521167374055001,0.20358189477824323,0.16102942616415464,0.14059316697220126,0.0955954339471305
0.7419955430419222,0.6326992706419393,0.18129269296869924,0.09129738670928901,0.062498940015047987,0.034583372408170075,0.030245670899849197,0.026458912458754327,0.012793758601972422,0.012288757842926542
0.7998043139758679,0.4458939311698558,0.2495180784412846,0.1725891531857365,0.16961295995991446,0.10500451065193454,0.057972671754973705,0.05555310782499514,0.04925532994861971,0.047002863281835255
0.9580748256385394,0.11846991222327673,0.09745724757339773,0.09534316748690162,0.09043321740165865,0.08887299805700158,0.07861065558893542,0.0675901309263967,0.049906989930150435,0.045542102475776926
0.8891340411880838,0.3065180877820635,0.25559019079322015,0.1265348080730395,0.07777817634863604,0.07492016360424181,0.0700743820005056,0.06629171478347091,0.049445367808776265,0.03635860752326067
0.9763220988208375,0.13152707786290116,0.10031043344324897,0.07207181644891991,0.059526850392770114,0.05062023443489354,0.036964850584587025,0.032027468142945874,0.027115654621051557,0.025645230306231472
0.7583136625449591,0.25441445676555613,0.24096420016199147,0.23766128935301437,0.22004500331518767,0.21329116068471637,0.17803154791800033,0.13376685079553546,0.1234575143405163,0.1186395259108093
0.9828324695295432,0.10491585996243334,0.104562782390242,0.07634803743799934,0.03168031045961867,0.031095339338545715,0.02820313130209092,0.02658287867536179,0.023145725646890474,0.020564162122380724
0.9835277930564527,0.11042597135163658,0.10301796463478102,0.07648911060291888,0.03159539382123716,0.02300915791486163,0.019865365654301248,0.01686326770852874,0.01654936761521883,0.016518976386499844
0.9326808177217939,0.32183612378858256,0.06296974653589985,0.05467405939803915,0.05403340286137067,0.0525728260697529,0.04232841300647094,0.04222542256646533,0.03579273461267743,0.03572470828355537
0.9951244827728756,0.0773983610654461,0.04947225692695443,0.021740333862293012,0.018023194968484934,0.010317096902905458,0.006626740238575426,0.006485938768210165,0.00507068162740869,0.0050659167583521885
0.9952157166473208,0.07678878356372038,0.049470921113232695,0.021749323639058564,0.01819287141155734,0.010362937711633703,0.006381799484526513,0.005089841385673041,0.0050778228997625284,0.004574513452783308
0.8572862295405622,0.43238984886702,0.2116522712290038,0.09216931677803156,0.07725542510380483,0.065138314909492,0.05880575582278552,0.03330944242847027,0.030835624122816385,0.02870199361712227
0.6327476339441636,0.5486364350233095,0.42756312954782943,0.30991877919047106,0.07668373442407576,0.0663536686370152,0.04432768110244028,0.026654871177503398,0.026615198045743655,0.025773331034683555
0.8938935163208998,0.4147233731911078,0.10091827802351352,0.08707671625926788,0.0680607877585911,0.04737568644466815,0.02601841839837612,0.023056970753474838,0.022947272580203088,0.019492591293333326
0.9968442632130794,0.07092591489518875,0.019192397365467222,0.015460602702252238,0.01335274830838022,0.010737419871847995,0.010547470039781645,0.007185038199444407,0.006406887638325017,0.005600797660890144
0.9957157790639524,0.07094232867730348,0.04826155559155837,0.021683898842586098,0.015613009237688099,0.010404565707039024,0.008667525613955809,0.007365202644874122,0.0073208844024494615,0.0062961526578855335
0.9940554214927283,0.07011394884152837,0.04752283110278046,0.04348796243617291,0.031448795993880896,0.031259279902543874,0.012871337429231588,0.011881225763918393,0.011012122398764188,0.009361723440898749
0.8282499277943679,0.4000936439736035,0.3445277068790203,0.09737025787104082,0.09417341396184031,0.07980459907586246,0.044241715244323195,0.03685413706503033,0.03416019915611599,0.032049450600048754
0.9875461237856089,0.08334634932533212,0.07816665565923478,0.05770302174024576,0.03885155226894286,0.029650078872149543,0.02355999761706462,0.022444985244712477,0.02233841829123097,0.02209499478483794
0.9314887363207385,0.3497429851977285,0.044449714274921726,0.04176921276911974,0.038901610215923255,0.028842554539781642,0.02760869972967816,0.025101914469242335,0.020401022864097496,0.01995588918529124
0.5558443727352128,0.5350437455235311,0.3497191234113122,0.34183716704942413,0.2953475526817026,0.15737777596137484,0.10329137258798372,0.08697096073399696,0.07612066355393426,0.07383680692823606
0.6874664414511528,0.617209877606871,0.2177037280269765,0.2125745014185556,0.13159387556013333,0.07428005279434939,0.06668645702093545,0.05864484242323924,0.054455776543184925,0.053591178401393345
0.924602917408795,0.3525979591099426,0.07748868259043713,0.07701530494887304,0.05418473098832138,0.04369036404990226,0.029887511039933954,0.02046318555179539,0.01896045629108973,0.018589278600536073
0.6102568902801305,0.490542534127684,0.4300964744472931,0.23780962412295684,0.23644557756797702,0.20541350005655226,0.07439091781326511,0.07292901672073467,0.07051190232461663,0.0655842358951633
0.8518746504975468,0.4466074948607897,0.2277977151325154,0.06103369801076616,0.059577662127454835,0.04702450462390435,0.04572783773994058,0.04545780945502298,0.03683908173414569,0.03251539358481
0.9536322489526309,0.21193464833123596,0.10396124997700644,0.08645953426680486,0.07252608294181039,0.05794416945356574,0.043242116396378066,0.04319407859230128,0.042315789095241516,0.035588178815061544
0.9801207952900619,0.15007164202756715,0.0619372318608061,0.059785232732766785,0.038678120793510955,0.038473650988131027,0.038116413878940984,0.03349052203881474,0.025881971059909536,0.02187513839652182
0.9858026050114572,0.09016030509005626,0.08060610563480695,0.061274681750602175,0.05659355562457521,0.0365591557478178,0.024289741082927956,0.02412182886186212,0.02077522137868889,0.020175144469479406
0.9891158722504108,0.07691836782188805,0.05847306199390248,0.0535493963365617,0.04874997835994288,0.04823991420907,0.03878409091464357,0.03466297492569161,0.021321678746087373,0.017168176680595868
0.9624291199094647,0.14457690317752694,0.11820340451115563,0.11737643231396643,0.07930203644534141,0.07253150199205695,0.04485587740467738,0.04416529585813676,0.03599172366479777,0.03228081666533791
0.9815850547085746,0.09070037563468394,0.08180051119083802,0.0722647577105283,0.06683330722837856,0.050885407635637786,0.04080861194722488,0.03449340959103824,0.030882861734677535,0.028470346699512348
0.9856505243864983,0.08922849713250572,0.08471197930076214,0.062380950124623115,0.05661976261292402,0.038238521019772896,0.032011557753248536,0.02421205167498179,0.019972542466192657,0.019698421389217805
0.9477927606818458,0.21746929324491032,0.15136248547590428,0.07998582008526012,0.0665445527302235,0.06564680054244221,0.04533693710862567,0.041979676983949867,0.04123654465052253,0.04007043953832491
0.9775015664283156,0.1313157229264333,0.08288112592299339,0.07198268656819662,0.06682458822900486,0.047457449392278556,0.04141989126246461,0.035867182641278826,0.03386732642150476,0.03298875584151967
0.9839629812681585,0.13873210046237222,0.06822991559523689,0.059736895464392405,0.04684580157884061,0.022566773084223637,0.01943560230521844,0.019106304490234347,0.012168834239903014,0.011794175909051591
0.7708614233952109,0.33099952468550636,0.27908854426856444,0.2744865029189857,0.18317088088809041,0.15468699352218473,0.10453576033187839,0.08563705601065823,0.08423632766005365,0.07528449166195736
0.9079099715532706,0.26926119171154317,0.23758675175503724,0.11391878808325195,0.08371691683656363,0.07676508033267224,0.07041656072697634,0.054813767827131,0.047712308623084315,0.042586063125914515
0.7848890157765558,0.4264671234834573,0.279434742283047,0.2244048891527788,0.1450929691823903,0.14224271449853815,0.0856438346456402,0.07929343355490459,0.057630155943579855,0.04092679964616313
0.9542135798452186,0.24247243634696472,0.11996857254159615,0.05709331261193372,0.04702184694151409,0.04420686826681899,0.0389618439038912,0.037335676121979,0.030327237897949156,0.02837418236159773
0.6674038425994189,0.44548036766006543,0.42805137591244213,0.28570388595932783,0.19050159056893248,0.1432858859321208,0.10560900718372157,0.1007170970393848,0.048874283648569,0.04880708660583729
0.991618268140495,0.11395186428709836,0.02578075917251699,0.025376249456996874,0.022948572175467093,0.022637541857360045,0.020548010603561675,0.016986113321423094,0.010362759197889404,0.00962436151149935
0.9851354783024077,0.12000174442202889,0.0638778462645322,0.05640020342559841,0.04105273896783967,0.03696895755282472,0.03605986750422169,0.02614050394231391,0.022464469545709,0.021234223004088268
0.9863233569823814,0.12936533014467627,0.08539867006060063,0.030936428043477685,0.024441928814581588,0.014468014195694627,0.01422438550072751,0.013835993490622459,0.013243827874613293,0.011187864373708336
0.6895644860095099,0.5098875443784273,0.4090288968229329,0.1608592468149277,0.11342217444882087,0.1101694316555364,0.09261026261208156,0.06567798614218427,0.06326090212861175,0.05975172411810099
0.73505882580249,0.6587600272789133,0.10227929226052579,0.07165190868398712,0.046654943848752475,0.03451507233009207,0.031126370507537617,0.028943216499809007,0.027700131233640034,0.025144324757977465
0.8279760487068732,0.3741048484353496,0.36520541779356824,0.15063565241212784,0.08135606578620995,0.04861946487321286,0.04359842341417928,0.0314797736130396,0.02808418073636972,0.02750908286010718
0.9733636582357195,0.13635094871391643,0.11588581174247035,0.09235143480066701,0.04852707492910357,0.03737595884094424,0.03204426252728074,0.03182235963820722,0.030909688133317313,0.028046961655386483
0.9179205502758803,0.38530713472151207,0.06154486588085999,0.02768979504190453,0.024696107422040023,0.024336015920850017,0.023324661672691087,0.021773442217676638,0.01589755826052838,0.014158005418156792
0.5703871050135196,0.528457580148611,0.5005734586784157,0.25429786161937984,0.09819472529519412,0.09460151362989404,0.08638168766811447,0.08285379201698491,0.07106466533541114,0.06593984737145772
0.8734036198862988,0.4466563576234241,0.0929369818065877,0.08064533080995294,0.0674055812061727,0.06485896685308186,0.05126477456117762,0.04030215152705286,0.03799242382933605,0.03486356873897343
0.9959217807037413,0.07864221595011621,0.023256051517619707,0.022685395831264468,0.015058098082526072,0.011332803419519316,0.009927267561985415,0.00915795172301619,0.00900642578540655,0.006937753978109908
0.9706726653340101,0.20157692006919775,0.10331249641146928,0.05298270355268818,0.031426964013814944,0.024763884831860362,0.016940667742009533,0.014734701520294127,0.013375543632828248,0.01110215420919171
0.9951211319348657,0.07987490435367564,0.04376262887065737,0.023241306104762764,0.015091327943151748,0.014167962283715346,0.010531164166727907,0.008515414272189452,0.00691436446392881,0.005532596674159893
0.7477013615503311,0.6474403057506387,0.08379315496967811,0.06277278103484481,0.0424056616159674,0.03967571016977359,0.03611176354345446,0.032545049280109324,0.028524084825729774,0.02848207864055986
0.9962995009476441,0.0818400675912314,0.009088836806797099,0.008994499201334915,0.007845034907955899,0.007793862616350365,0.007389672125760822,0.0065905071211070105,0.006188124517411526,0.005679253370561674
0.9960484513477643,0.0822204331340218,0.019668716468070318,0.014196849288365414,0.008950457376330023,0.008557978675002229,0.008072372285779901,0.007319417343421089,0.005954278144078228,0.005685365905921268
0.7729511739090996,0.4835315479042483,0.22232915928496957,0.16294449352516552,0.13346499106882143,0.10816559626611205,0.0905470771551487,0.08657786290118281,0.07754503645766914,0.07272322992167507
0.9866817093696344,0.14697550172773374,0.0489956527403381,0.02548669714952919,0.023144359242429493,0.01920878216812643,0.014743086556870429,0.013634145050905433,0.010903010909058975,0.008465724285431502
0.9934310049097367,0.06816820816164794,0.059089427842417566,0.039804848517378255,0.03933098817937421,0.024511803988375592,0.02208771707267832,0.012841367721878919,0.009946983065251781,0.008613763047829579
0.9726323301441228,0.14008871233481754,0.12316031005002238,0.07536362907063072,0.07277809350019204,0.052179247938495266,0.04651173580687362,0.036749662581727,0.024583601298028987,0.015990053442110595
0.9281414972042985,0.3236898918063102,0.10061186920874393,0.06942517949283242,0.055630147864578774,0.041643282728135875,0.03907381949578835,0.03609862771135784,0.031952477334996995,0.028973560917440654
0.7197232215442647,0.6355577666107509,0.21514485779144438,0.09519400838259844,0.06258155496217813,0.060969411217365856,0.0569366332275603,0.04936898146064267,0.04491867451498898,0.044419710605814684
0.9148355726121273,0.18996605826690913,0.15309163389132166,0.1286791765636144,0.10548030586822466,0.09839816861657037,0.09554438562888604,0.09480563672539095,0.08036596747420253,0.07445700291351334
0.9901053329297437,0.11842023716819916,0.056006156185502934,0.0306415256919643,0.019141075000442178,0.017393006880995,0.01442998660825808,0.014374366070407976,0.009235155430090904,0.009043801370731621
0.9780227222462134,0.09401917040269107,0.07240055041023677,0.06676739464085749,0.06331567621197269,0.060602162644371474,0.05875666908103289,0.05839881616569889,0.0575064827968158,0.033133594950992565
0.914591596737686,0.2976782575838416,0.16261782426794116,0.12600188627160924,0.12342928014787724,0.05903103512603667,0.05214846317427875,0.03677223256579145,0.03658330446751292,0.03402104026785837
0.98696781774131,0.0875543544782158,0.056113231003807516,0.053600136544840304,0.05208275457608506,0.046308073911011695,0.03908299152307003,0.03280847490637842,0.026744165125017566,0.020716640085718004
0.8743930001244857,0.4309671447830087,0.12167849642670191,0.09919306712230538,0.07296761895801317,0.05902047027144944,0.05708800621151528,0.04736288204929616,0.03483667381990167,0.03120413896312389
0.9947180116835072,0.062138683159873545,0.05860615474105713,0.043023168311358856,0.02116938884448155,0.013039508652578491,0.012851113113443707,0.010906366770401174,0.01084399370267934,0.007256681442715988
0.8974379257833635,0.42759853172458673,0.05924374694463442,0.05162493760282234,0.03322591407597258,0.027645822114560854,0.0272202959692107,0.023558238578155116,0.018301038231434225,0.014301712314713782
0.8817902408724932,0.2694630904542921,0.25427183036400997,0.2135259058830036,0.15249932642054362,0.0462597029910001,0.044200453980593364,0.03603714928314691,0.03405088131754519,0.029507862944624538
0.6439176362703578,0.5332822581455393,0.34311471023163015,0.28894953385326927,0.1231492756742028,0.12256536826618533,0.11699935174816832,0.0997234652297273,0.09651590121645574,0.08319128287495403
0.9754883768954306,0.12047456630276143,0.10563677696810059,0.08186106222378974,0.06796140836607398,0.0662072584790415,0.038127808227483156,0.034011172262604104,0.02635210847092286,0.02588392639454813
0.7224345836009224,0.4802531759316017,0.26574709012137676,0.2140144745177129,0.14622086318686825,0.1290392826339428,0.12281927518756976,0.09353465095661781,0.08757024067761005,0.07406733063515286
0.9473976725043443,0.27461180839280375,0.1279055477962828,0.06708679276649074,0.04567365924550404,0.03524675572454178,0.027542474717217703,0.019865408623150095,0.01774394164229811,0.0121431365913723
0.687910976011627,0.6783126916854554,0.1534111739301996,0.14515103412340774,0.07549881073122343,0.07027027042561686,0.04665941795065938,0.039054621525471414,0.031740872534447837,0.028366819307770044
0.9963531892072285,0.0660800022927515,0.03622154080707188,0.019435813222732894,0.01801731080925262,0.017694652623332176,0.016208981942906597,0.006813783827495192,0.006726536553755763,0.006496132242939859
0.6624267759664682,0.5285604529040107,0.48741962525424376,0.11849077897948468,0.11812036978273797,0.06479151397983074,0.03852921778704712,0.03808880772547057,0.03422280233661389,0.028430229939047293
0.6880135476235978,0.6877866142740502,0.16624782488060566,0.0735226388889173,0.05891909581047981,0.053760400224834,0.044111980495497784,0.037455934311194254,0.034253355269070404,0.03313867493609574
0.8407952379125367,0.4179786823353118,0.31323788720745344,0.08001778977361323,0.06620369648595635,0.05226392503144831,0.040703220984508376,0.03151055672750766,0.029183834508804993,0.01787145685828883
0.9255989056766448,0.2757362684089851,0.14324500388380199,0.0982708644183979,0.07514559756617552,0.07486455582859913,0.06794758171717341,0.06538222369234835,0.061074740675579414,0.05333312252444976
0.931448712594968,0.20760516407322846,0.1705208373028304,0.1313718985979949,0.10055626005173986,0.09483031167571147,0.07624280762675373,0.05955846603700932,0.05854165469046234,0.03378655446673675
0.7219297930145522,0.5080393190159382,0.3262043885913281,0.3106149537929297,0.05555840730513747,0.05496643683231525,0.04636372242896935,0.03235832047549857,0.02777417847696057,0.026916038745442534
0.9809210408931789,0.11620342350619062,0.0724720432511359,0.04959388062933438,0.04714261086100031,0.04686095933084822,0.046649946222625256,0.03647736264490331,0.036343100406711765,0.035207960365096776
0.5949711898160939,0.5361640697080755,0.33617827372669307,0.30491009025588556,0.21000750389707945,0.15703041818435662,0.15330882615724403,0.1352400215371427,0.09310471137880462,0.07038540742749473
0.8509187209705626,0.3536614332973953,0.31301876372475396,0.11428216583603362,0.07704871437225941,0.06136265802705681,0.054667910101662824,0.05007802108692883,0.048458769050754726,0.048168538513489324
0.8304193225095735,0.3909708725400717,0.21540281620571805,0.18444884106834675,0.16679703991910794,0.11184472077750429,0.10141723688107018,0.07853201642066646,0.05887223758261149,0.05141645048568165
0.8485581449983014,0.4538892791221054,0.19409165566982695,0.1291146519280412,0.08630073126887565,0.05448945643812809,0.03926122302240832,0.028731660282416416,0.02845396022645819,0.02775245122447003
0.6957557505876146,0.6819784397867185,0.1544571806835865,0.09081407192587168,0.04561129447375582,0.04230241095007657,0.04089780986584946,0.03723732709637366,0.036761563626123976,0.03614701169286365
0.673127993456008,0.47336706764399594,0.3673679246114935,0.17966787875218607,0.17701205130303854,0.17365607030514763,0.13524539027442098,0.11233349607384566,0.10729642655171144,0.10654499626292177
0.9767495567123664,0.1075913843228391,0.08968866122973461,0.08460040669269735,0.07361500507961188,0.062285668786976466,0.04159272951317506,0.03602165341700304,0.033538536079089847,0.03324623694988779
0.8766781892208385,0.29832768829460843,0.2666113681595915,0.13371871189514514,0.09728475659211215,0.0925462363103003,0.08293345176294951,0.06806024457858938,0.0525485389301893,0.04796185841382907
0.6390095925214982,0.5518912005951139,0.5097388023652647,0.09302840467077313,0.07517986880944535,0.04998369420234858,0.04009563109318011,0.036790197177249864,0.030366019846318055,0.026844162244747657
0.9957595919692377,0.05970028684819513,0.042086257761124166,0.03672335392356913,0.021570976218453542,0.015067080023796645,0.014150650238685777,0.012192075796908227,0.011777517398611713,0.010652632455077662
0.9500258731285476,0.1441983994150751,0.11975952960069025,0.11128031843750968,0.10046765569275468,0.08906312954032697,0.08551105420443672,0.077016021228263,0.05735945523876987,0.056574562270076484
0.7687183044770016,0.40735388846205095,0.2140091458518213,0.1893506726047504,0.18044889287600088,0.1685580920844134,0.1428101605224623,0.10004699066206296,0.0973380155021227,0.09238121219053207
0.6122331465304959,0.5439765572821532,0.4980891395769505,0.22320442583141903,0.0842417454440795,0.08284684888128326,0.05694175514362224,0.05350220879439363,0.04206932617213505,0.0402827971328069
0.7926302375645226,0.37921050311095467,0.23440997466055896,0.22110303541803897,0.18335863609994188,0.1433937183652578,0.11429010649272911,0.10758225819103781,0.0821126070322226,0.06961259384368815
0.647917254720711,0.6011267938263727,0.2450590531554284,0.2176800238250392,0.18065276769150782,0.1605686497488827,0.10143635743384387,0.06918056216414184,0.05866441580484755,0.05412297653988064
0.9769684685202202,0.10529390031116505,0.0974270271293005,0.07673380428715207,0.05125638145934116,0.050943236458120204,0.03861682735949773,0.03793818662339831,0.0323525158800608,0.03000599887193898
0.9738346539473722,0.10743059070680618,0.09951857057729856,0.08047138829191072,0.07580069561053117,0.05157006022201258,0.04159120472417934,0.0402104443295959,0.03877256122178467,0.03782957591375825
0.9087771355487329,0.3487392671336781,0.11865546198950978,0.10852958972317764,0.08629758281696151,0.07879752154495721,0.04613978837150919,0.04560710938019392,0.0322041389505811,0.02748977814330468
0.802824586766729,0.3295699559288914,0.2846396724372446,0.22308564071075138,0.15285481758071587,0.12941297541601007,0.11180864144471907,0.09678568211033213,0.08699043696531075,0.07421937272752832
0.953730258837246,0.18219567119663851,0.12452629332979079,0.11480880639363976,0.09014754897883853,0.06706404365245025,0.049359508884455165,0.04870694872463976,0.04583405511266377,0.03127216992351972
0.7801204655726524,0.40121594351605455,0.30907748720161077,0.19607122947192993,0.15739665846814946,0.129703034893914,0.12085423461894088,0.10923624987429269,0.1012460415828358,0.060942935635637234
0.5264287049517061,0.5079684023971489,0.2852389050154499,0.2752661332907287,0.22544500159939304,0.2252409874158319,0.22364191935636066,0.1816917379181437,0.108659393522611,0.10846814295815825
0.660404975080896,0.6063226573273917,0.25066269587810475,0.22365607574652882,0.1523246862815334,0.1181314279192096,0.09928990056162111,0.09343538858730553,0.09164136604241446,0.07043924082235996
0.9823647839855975,0.15000222463437277,0.08824710578901038,0.04035682315771817,0.031684717067739246,0.03104184093863269,0.014360065338837548,0.013855070573480979,0.01095681376764392,0.008306545880486583
0.6941449993882883,0.5990333028176014,0.20572587162156142,0.1564661383898125,0.15510596807070906,0.1465714760908305,0.09201908738898636,0.08687435425626654,0.08527974531834381,0.06211370173453458
0.5964128655476163,0.5216469366371328,0.2753209118903801,0.2604505706342326,0.20889287535801562,0.205562594854477,0.1716184978032002,0.12992090576468113,0.11323521954201521,0.10293776578390572
0.9691641969855349,0.16757591471424776,0.09371881293896826,0.08328205328193493,0.048151745036394286,0.04201641147887429,0.04131044772562961,0.04106884101637207,0.0373641423416353,0.03211531003340726
0.9655454175301904,0.20454478216578695,0.11070312677773528,0.07338681114234918,0.05817207147037093,0.037883196911451436,0.03434347785973965,0.026735863709255823,0.012106371854347221,0.011881799448966583
0.6291644059620184,0.5419181751581629,0.3623695027782118,0.16715227618080333,0.16235189889524324,0.13478115194025578,0.10981976948256213,0.10216292467169782,0.09699356860855089,0.09082188178773423
0.8250407991295435,0.2823367213272248,0.24187367103466392,0.2254919394819068,0.17545833052720036,0.13462470000481844,0.13401528775514587,0.11354232080702106,0.09882355480740758,0.08052825507806226
0.9369268217044553,0.2337890856656205,0.0953046788551678,0.09305369301977487,0.08536673058523968,0.07868348402274097,0.06916273339010859,0.06837207170319021,0.06739997686855707,0.06532780380883783
0.9767252940043818,0.10973959889021812,0.10044725690764622,0.07167399984062377,0.05930149852250112,0.05611067616222707,0.054385092348261645,0.03174807655534019,0.028802582667602425,0.028546260826254527
0.9925131995398845,0.06842046930533638,0.05660268808711516,0.044976951730202865,0.03150128063165061,0.0293082751649768,0.02865624180873145,0.020678856935071398,0.019496849552749558,0.018525201609895917
0.9698198500835241,0.19332894177332474,0.08320821206412661,0.06841135074586731,0.05970544414768771,0.04114940933725425,0.03230245368149031,0.029881040852862167,0.02410806107849881,0.019509347893380807
0.981570410963221,0.14640397953931214,0.07138504540006609,0.04661706784602652,0.03894201967147462,0.0327877023402677,0.029484179583221738,0.0287942302180177,0.022075452006250395,0.017870887031119928
0.9942827455150506,0.0873647877035339,0.04683012419951522,0.022186753398347296,0.019120763580553653,0.013900283917490241,0.010701842895474496,0.008403432732738858,0.007667061222894097,0.0074259451720182865
0.6656387248533238,0.46964921769277096,0.39205424146322476,0.17895417540328187,0.15631585878838417,0.13485408674732943,0.12336504038393482,0.11152141117090852,0.10614448470014932,0.09730933862804467
0.8147143267083005,0.40034707142988907,0.35717767604295025,0.13716088599126797,0.09182761076657836,0.06276901728959593,0.04997788929009438,0.04301562531429284,0.0392989160454999,0.03697636005848354
0.9919951525185324,0.09312677415532288,0.06450451629816865,0.035629229906170505,0.0319756755489823,0.014621648584686333,0.010485213298003823,0.009147196064965684,0.008073295611733627,0.006555163028369508
0.9813750810450804,0.10751475176788375,0.09247262928592868,0.09134479622874309,0.06386194192620198,0.03522008156801895,0.0319141733611684,0.027269124821442288,0.012850758380320276,0.01228957789382405
0.6802550249352772,0.6378360421088758,0.2901451854637495,0.1001266469290938,0.08881064692910615,0.08061840008016673,0.07954384743942458,0.07760670460875702,0.03996422163998799,0.03154928143103988
0.9320815001212663,0.2751442734813912,0.14897885706167105,0.11868153674920061,0.07616902978713479,0.07350920740766904,0.045937246025024255,0.03661556619250306,0.02115234251041756,0.02113819390879405
0.9846043298824746,0.12203517093512493,0.10970506780601189,0.04986299953654425,0.014741477550915176,0.014118780906673341,0.01215061664759127,0.010610784067260638,0.010103678370969076,0.008125611595519363
0.7119833385093465,0.5926377061392666,0.2490729568100812,0.15362538896110128,0.14517671930408663,0.09744781947851314,0.0801876717798122,0.07515913793029899,0.05447360476255825,0.04144093905870871
0.902345192369728,0.3031716977898599,0.2352332943125145,0.0908719179937851,0.0837656423179457,0.06709132146654344,0.05738592355941071,0.05510226458690014,0.04511743405130152,0.04228704008317148
0.8784716469958158,0.3351348724684798,0.3012670958367578,0.07723060977814793,0.06756733576214358,0.055488283800996956,0.05240525039578904,0.043904408630074186,0.040325993766052864,0.03266725102858351
0.9425790916816733,0.20372860242017712,0.1493047499258577,0.10921925867836937,0.0828142023894504,0.07479113701708259,0.060840588123988265,0.05184522000216226,0.04521842170811586,0.0405768601347582
0.6692613024719797,0.6468590792392892,0.21803270475521563,0.20838602820934773,0.17927697495862646,0.06846447447431994,0.02916612988296471,0.024191001550813346,0.022446084191112554,0.02212467506406717
0.9961333766369541,0.06400530216701251,0.02733125634625134,0.02476449792583974,0.0208771444539079,0.02070613013843364,0.0195048029034863,0.016919885658029984,0.015771421726120175,0.010226311842819497
0.9651400634292425,0.20370366676655546,0.07003113429362709,0.06490815053473038,0.053464472980987165,0.04525120438161697,0.044532091890407806,0.03791720776501424,0.037360670063916565,0.0294220834465498
0.9934158617763655,0.07757608384925876,0.03479767022372271,0.031724427773030785,0.029402036050190684,0.028804019555063724,0.02762802583388733,0.02177129388825428,0.02058015663412698,0.01906422227916435
0.6291090797941955,0.538952570020764,0.48322596588997996,0.1554328246646349,0.10664972931572746,0.10231497998377366,0.09719902869626765,0.09049388979412994,0.07951269432112698,0.061461551200846266
0.9184492436975705,0.1718803427989237,0.16347743137829712,0.13784920205382076,0.13260622696622218,0.09150340385642176,0.08619521501233633,0.07765078195791195,0.07620742840729451,0.07494120601896295
0.9201249099481222,0.2646206547123791,0.26429097406095947,0.060689541826115974,0.05390532509371349,0.04124547220178666,0.03587923849245685,0.029273923764843383,0.016647479398168973,0.015072721094444626
0.6348825761599224,0.4815108283339384,0.3438994983243972,0.2979744214627461,0.2733644294841896,0.1599735739407217,0.15759368209729266,0.08623473232308361,0.08484048493024884,0.07748589853605217
0.8481604513426265,0.31188867156084676,0.23855066136496875,0.22490682668307443,0.20459685680004336,0.09855276881917072,0.06968765119633043,0.062226859968410826,0.06127894110671786,0.05856241239457956
0.8268937020010979,0.3598684139747303,0.29885709058061166,0.159635773861749,0.13604036978480635,0.11542618005055462,0.09486140779278442,0.09403923350432439,0.09155454774685227,0.05436551297916751
0.634983987254639,0.4532170772461578,0.3921255615154105,0.24912330547637646,0.24119062112849296,0.20348955221084938,0.1399322037335988,0.112009363478898,0.06737538229740003,0.05979075726626458
0.9919340835501687,0.0959044903040163,0.059599212002013555,0.04714807145572799,0.013027814611086019,0.01204979833316736,0.011558705663582705,0.011143751600398233,0.009707461045208846,0.006304699062727178
0.9339931861652294,0.2331892727152669,0.15012309421959105,0.1426937380184752,0.08546966333438795,0.06692293456196344,0.0580425447743721,0.05093642412499886,0.046370262729444306,0.037233806030730794
0.9917858177539329,0.09815498552978705,0.059607638477711555,0.04714826941774639,0.013156958734422117,0.01198577072305483,0.011863928345399047,0.009707473436207363,0.0061684351665140325,0.006064506557327557
0.9944293399684062,0.07066496112514042,0.05747100744430898,0.02752467243903158,0.024231573077269458,0.023099534721113018,0.017458091653172882,0.013591562126849425,0.011662620356294926,0.008906209377509109
0.9937733927030072,0.07086586216883388,0.045442240519732495,0.02987914059069462,0.026656880802591022,0.02582739669028278,0.0225560848572048,0.021533393349280113,0.018541628631745164,0.017030864002331215
0.9368738398528338,0.246887288679448,0.09229975204916288,0.09174681495795688,0.08926112245355902,0.08307021988632689,0.08212855977688145,0.07822948556544447,0.044370397719056404,0.04207879777848448
0.9618071560482252,0.12465480234217753,0.1091543768752603,0.09904611234373027,0.0747382632924225,0.06510682388135137,0.0628363507916443,0.0621061835110385,0.058303200671981754,0.04926463666066245
0.9565253927221818,0.262549088893031,0.05752596450158514,0.04763325232628438,0.04139461189492659,0.03606985869497571,0.028923637308574526,0.02650875292567482,0.024869455106189337,0.022833533859177305
0.7662794623300249,0.5295380188798213,0.19884656478597112,0.1948161795073199,0.10240385394356909,0.08768415577184328,0.08754911241247249,0.06663755151165128,0.0629462033385364,0.062166012797730014
0.988434261923037,0.11236525074746563,0.06252360856991539,0.03407617251938081,0.03245885305591446,0.024160135570696864,0.023465226468919353,0.021469269793983736,0.01949103660490615,0.018395591634958772
0.6394074918083099,0.6131483912459809,0.297553080515654,0.24975553544002352,0.11493000149686704,0.09837403355521679,0.09051546604470051,0.08435586118388372,0.08242620450780425,0.053840643860758104
0.6759976429625466,0.43395491951939996,0.32491003872973623,0.266782597747904,0.2021526845041515,0.16867522828169002,0.15434165344369266,0.1383726876240357,0.10342309397273212,0.10014686264439879
0.9733992137522193,0.1407723471359376,0.11490083152611294,0.07563290527231435,0.0678985492355973,0.03825986870564438,0.030604377645969103,0.026583729438278626,0.02446968051819638,0.023560664811287504
0.9922142144871502,0.0697960328406886,0.06076214030150712,0.04064261280541053,0.03304280141549693,0.03178385507865816,0.03161226882706741,0.0209677599807128,0.020738989616352704,0.016854472376846015
0.5701314547007622,0.5397211763008339,0.390088063373858,0.3334559231011418,0.18200879369372622,0.09945341804105733,0.09532920669137877,0.07869949761760112,0.06806911286277088,0.0649682511979557
0.7459620235339328,0.6481946814770033,0.06280798837297842,0.05095945122392102,0.04770401375322047,0.045009409889855884,0.04170550274027752,0.03559086145981932,0.032146857259076775,0.029438989730798316
0.781415308599238,0.34353291659671126,0.21449384738223712,0.2130248759217598,0.20664551892342994,0.18061841538527418,0.11837638366575118,0.10590400209913509,0.10324455968315402,0.08660360472053688
0.7061011203826748,0.7003578141698614,0.040449592430660014,0.03804130282455344,0.033403691618378424,0.03338515243958383,0.02843982613503491,0.02733886268482428,0.023182790346595806,0.023057180457784255
0.9484786758791022,0.24128899520555147,0.1333944377590198,0.05922927598769669,0.05540323765969937,0.05107139435645411,0.04942820492006364,0.04887653020454834,0.04669933005193588,0.03572695366374501
0.48637259814641265,0.4832084844879893,0.43391055860256644,0.3491368558617358,0.30304336648296676,0.14710863497476512,0.12284357951024542,0.11488306954192039,0.09554970144971679,0.08667869307734495
0.753307243797655,0.6478380065096749,0.05619773452597788,0.03519298183560081,0.03137332139482806,0.030068298098874097,0.02780160147091401,0.02756159760394473,0.027084953834195874,0.02668858715532086
0.7021905495169224,0.6848695708086067,0.14535314877169622,0.057329045262574034,0.04910004838394022,0.03830396041760095,0.03235924947958589,0.02922733388622205,0.028959348450157837,0.028555025602593376
0.8976362913343023,0.25659750924142893,0.12859130782428904,0.11257605618046984,0.10451441909054175,0.10359847446141018,0.0953300890741384,0.09165423427281745,0.0875159591898708,0.08437026593514384
0.9942153780133878,0.06977154698482743,0.059694502318243095,0.032003194765015015,0.0255497250455238,0.024283631017846575,0.012116510092404192,0.011603037018101217,0.010059149101643636,0.008006602878067766
0.9940876561462382,0.06920244024706321,0.05971334872299382,0.032430861306237686,0.025598870574769783,0.024348469166542312,0.01218487462450811,0.01213295501189882,0.011508146877524331,0.010543527468239517
0.9311856683892673,0.2018372484344992,0.19738387497423812,0.1806759008703263,0.08349078494977717,0.04283670086780495,0.03673374961906298,0.028535515978892756,0.028375403575518345,0.02769423692822866
0.9557140454341776,0.26207886604521996,0.06676371856868475,0.05333798348212588,0.044475375718989366,0.04094376032037799,0.03818370939499866,0.027834810520427546,0.02534632920542258,0.0253050305411769
0.958872819888904,0.225055390014773,0.09107580082051953,0.07194304836924398,0.06908165706130326,0.06436766847182214,0.04519055503423965,0.04127149857225406,0.031680983364036644,0.02335672208825336
0.9957418212530531,0.044991215094603715,0.0432671841097268,0.04157150516571315,0.041547200194197095,0.01797428167410678,0.013946638571498296,0.013778166507706656,0.010867363886310044,0.007836241208555536
0.9845145230729366,0.09168683090777438,0.0800784267587398,0.0721574516979366,0.06532728144334603,0.043966895707059236,0.04237984914374447,0.032885605811103356,0.01760865561595908,0.016233979662150608
0.7014889529768751,0.46163911370568717,0.28263584930403746,0.2800260619858454,0.21215861069737665,0.20397747258859042,0.11492619603316123,0.10186794603216139,0.07212867566115282,0.071893086464867
0.9900180817554894,0.06672038274109456,0.0642620616091273,0.049768913057271644,0.037725065839371436,0.03358108196759956,0.030788375930051626,0.028978644704179855,0.028355916493082972,0.022321017589834426
0.9527643369773178,0.22440732335678468,0.1619561999120019,0.06177268270356392,0.05362605725363149,0.036784095630018186,0.03245671110309352,0.02860584740076468,0.026709924785546842,0.022445800672967364
0.9944074071671734,0.0675269390434322,0.05051547634250203,0.031079045044814197,0.026552348503374564,0.024502055281111428,0.019692279217986625,0.017824815711854673,0.01694064451999292,0.013570177495052398
0.7048918973559513,0.6858205737363663,0.09009772270231345,0.0825197131961808,0.08075273928271814,0.0630921308707332,0.03124996143110103,0.024320657256015368,0.02392725946440477,0.022831569760572986
0.9931795187775604,0.06871868219905772,0.06791760505826194,0.04053971694947278,0.026721378968118954,0.022709602359755537,0.017989235778272595,0.015367848562629825,0.012636520513414675,0.011172409464795778
0.5434211146846023,0.5367606937977104,0.45372167051987,0.3309675707313576,0.21327390023192483,0.1656422462558072,0.0785965089511183,0.07133813864329254,0.05267967706327121,0.05257844016423669
0.8232117346823239,0.41185770599993143,0.29686214317213117,0.08264219946923904,0.0814614667679197,0.07536638393781624,0.07010511152098603,0.06422283423937168,0.06375307258345939,0.061901007675789516
0.8543567960685975,0.38111643448487403,0.13537087835133935,0.1280196173943777,0.11153161136125957,0.10283908283783386,0.08715543452778947,0.08480156969253391,0.08459997537416306,0.08147918998640305
0.8788980486876529,0.2606340854865003,0.23938551421592164,0.20136719332843117,0.11494035641199939,0.10578114294190369,0.07330260680361014,0.067570766026028,0.060596939280997006,0.05628429206517091
0.7237679559850311,0.5513451059253376,0.26635350057036045,0.17465371110674344,0.12671872337862233,0.10572483663189658,0.09396119343851368,0.07203987017817028,0.07020582290097989,0.05970656450416117
0.4862050526142532,0.4527033982578582,0.4269268325427076,0.37016505454683124,0.30426454424874666,0.1966215032966149,0.16656859740757637,0.1490372969636251,0.14477976490684394,0.06650719329973308
0.6811553984311236,0.6248215213884684,0.23181809820366814,0.1469497147515696,0.10489729289384044,0.09816195673073312,0.08322170974961383,0.07820688484304895,0.07533170957989264,0.07312864287433149
0.6107724745872855,0.46889641923830544,0.39012116325182283,0.288185451592514,0.22934006279805377,0.21031047348075257,0.19815331126047483,0.0981793777630118,0.05521360681001141,0.05364372413807132
0.9464554889063252,0.23993380673190945,0.10661128282449567,0.0848292325577568,0.07173035802371373,0.058835749190978046,0.05226261194778358,0.05200264150115008,0.04754610911378833,0.03544545511803397
0.9991069258580539,0.024794117226476033,0.019907359564281277,0.017825004771683677,0.012040701422664968,0.007556306806952363,0.00636011697711775,0.005541072071571712,0.005447934347868348,0.004168902699850433
0.9995675645600398,0.02457112940489281,0.012070682979018352,0.00612960967827607,0.004185550054756818,0.0035098281884315733,0.002534061691676723,0.0023121598513333387,0.0021950832971778045,0.002078915570179875
0.824248425873697,0.33436932631635796,0.27654587839080125,0.14824239402057127,0.12708236574426102,0.11635251129710508,0.11617610051133619,0.10464233536997374,0.0815939656146504,0.08005591374960397
0.7140651165857769,0.4989470859341248,0.2636530122486135,0.2212242495222088,0.17784737485090757,0.16715445951607824,0.13971688126255422,0.11305964427785906,0.07856296629221446,0.06270803868025678
0.9242627161392745,0.27163248288617886,0.17469165525034108,0.13455026527210334,0.07935708542258747,0.0692210483291974,0.05128656393285101,0.047473088635514,0.040087976865655905,0.025367198159993685
0.97082396234245,0.15437152359301382,0.09459089412831934,0.06180618724023877,0.060648094997570096,0.057665117429310166,0.04927349972862368,0.03826647538432075,0.033271790398473056,0.031056657383476575
0.5450918593077063,0.4808148109149366,0.45320404001781106,0.34819569656585314,0.2121123482156349,0.16507759884859802,0.12120372195480623,0.11603770556590715,0.10262184697250935,0.08310819361417279
0.6159322058681483,0.4436685211273224,0.4166383391446714,0.25300453729813793,0.22204022644990745,0.17569290138133384,0.15924912165468605,0.14188685291355127,0.12934101541863277,0.12617864235022372
0.7950959895264672,0.3935574556104611,0.273776941960035,0.24477901667916077,0.15150695211043658,0.1080792547329657,0.10394676688914442,0.05634042542898621,0.05329002952450387,0.05306038539962678
0.9816639928056764,0.15501536095765603,0.04864067292620697,0.048137795278101594,0.04739448931088653,0.025936278593767053,0.025485864053396527,0.023589118682352746,0.022833838903663764,0.02153252780400717
0.6988976541452616,0.5559971734394288,0.28547210997650785,0.18707536354716853,0.143082501715838,0.13974454153637103,0.11691007484190515,0.11143764583171491,0.06639302294418876,0.05477547868875794
0.874733829208275,0.3211652952013081,0.16714548068105092,0.11829055097243515,0.11323646736764188,0.11234076570833976,0.10825212364769216,0.10541442563485795,0.10018478451360119,0.07714066499190002
0.762461353121745,0.3490439764194348,0.32850134827910465,0.3263615517571397,0.20309265964299564,0.10363946314102913,0.08576312570981998,0.059400148455622345,0.04726729580489338,0.045065189830342904
0.9351102078531193,0.2669462527985859,0.14552979973137548,0.09424916267669706,0.06132543284805103,0.05411035240550066,0.05243586272100702,0.041007348257739586,0.03759017641730437,0.03465358803945534
0.7476090095469109,0.34695606899456893,0.3022677660914899,0.29388123714435704,0.23615178259899058,0.1707443916839119,0.09218519891760203,0.08335664762730609,0.08131051914710341,0.07323212456749631
0.9223292008861037,0.29077308224126364,0.1956003989849195,0.1021549935988421,0.08421211676143246,0.043462162296698734,0.03837168288303329,0.03378791183688128,0.029660833023674227,0.028016569088082192
0.9322383267702716,0.29068775757905996,0.144905308123681,0.08052599501556097,0.07081005004887009,0.06113367072503476,0.04234227982591779,0.03443373430717339,0.033158235068410286,0.03228678848599393
0.9769027743654395,0.17510216000214873,0.08594684436904206,0.07177541422992266,0.025147263968759166,0.02173882966952772,0.020284402578046867,0.015315990716578048,0.011646264377769881,0.008531589962768527
0.9957258369458106,0.07341191912059913,0.045804827173811874,0.020599546443762832,0.010550190493172924,0.008618342660579219,0.008201138094635645,0.006082103982506428,0.005757776969982538,0.005696411505145719
0.9882405037711914,0.06496804428576018,0.05469642380950412,0.048693398463797735,0.04440965192208128,0.03861247282366651,0.0363007804097465,0.03504455716113097,0.03031099699579548,0.028795050663777813
0.9843868201288009,0.16229067580516232,0.028711348761935075,0.024571472912913554,0.023344692653442137,0.022187349835995605,0.01965123296204578,0.016113218107280978,0.01547370476492523,0.01364084972301842
0.9866628621747985,0.15003265527879003,0.02885142090145188,0.024556082703144005,0.023275315190531054,0.022518868566379878,0.01650960560092932,0.01553872081438637,0.013452677092853202,0.012835259604686584
0.9960006964335029,0.05639338289281661,0.0476155965329291,0.028800570923564306,0.02106102869315945,0.01779513849292475,0.01480386184141406,0.013164856240858428,0.010975489628911905,0.007979676926064827
0.9959288253595693,0.05650116407779416,0.050037137761685356,0.02880616484197691,0.02108935649028401,0.017757188088240995,0.014965683723320767,0.01322773488494342,0.011143706469129749,0.0071889655070146285
0.8774512609113938,0.3583550544237826,0.18341724272215226,0.13235871788156386,0.10023749681218812,0.08489287587527856,0.062108899357569136,0.05854179759481508,0.048467424149460585,0.04225846022537136
0.8057509652601494,0.3583479853455022,0.26487988811829477,0.20020084894723153,0.17619715815385129,0.13020943417195488,0.08949779936399538,0.0794751893950143,0.07137698609072131,0.06540115422622045
0.7595460504325241,0.6054624203179663,0.2067774226795146,0.06575374514092207,0.06338866579763985,0.047644743626068284,0.023902462511377686,0.021186154606247804,0.02082502474657694,0.014591148443204758
0.9533308486099723,0.16714525964509,0.1390610101186269,0.08606612761506635,0.07776889737903403,0.07120743792347334,0.055951032953676094,0.055493675624344596,0.05444530677955934,0.04492430332722391
0.7269695845379034,0.4903618357248638,0.366944301136697,0.1811328178112406,0.1331726721665725,0.12415902576843582,0.09818215548664744,0.05829348149536508,0.04931378456313974,0.0465082195895841
0.9842107769490227,0.09894670577096822,0.06782463465859817,0.06389013669933666,0.04739777032318244,0.0462627549054429,0.045916970848160245,0.041871528639767015,0.030126755861291432,0.02632152018072832
0.9072723239881837,0.2496723316593022,0.23758216783122144,0.15950294947962576,0.10550929132169105,0.058873566427748526,0.05342634485562979,0.049007800809896196,0.04078677320322587,0.040601327161580346
0.6658438571292865,0.5438410126397593,0.28660606008465084,0.28169944382787626,0.2566901174851391,0.11086025856555655,0.06794933015869077,0.0573382475370212,0.04759799949000515,0.03866454642552456
0.8862308853329299,0.2696794089798978,0.25912825926618543,0.1333913522706904,0.1123146719279879,0.08666380952353696,0.06795279969761704,0.06259232834463008,0.062041742217691244,0.061768505005746405
0.8603735140068038,0.4089561306500402,0.17908582394148126,0.1617389175575548,0.11489996592721029,0.05806448682478169,0.05010213514144998,0.03839315838497352,0.03387273338243367,0.030329966705514685
0.9215714018033861,0.2470645344458044,0.20495197715141206,0.12986114231740312,0.11294931787932364,0.05355840255772427,0.046737910930969795,0.03799450934850287,0.037650731983401485,0.03553923471144687
0.9877397630192857,0.12863506307394637,0.059086850285872274,0.029282966269066592,0.024411139762168608,0.02017427953036796,0.019166573422412004,0.01742611939132129,0.01557681284514595,0.012489816464852544
0.9893577912834071,0.12432409889581797,0.059236330661672255,0.029426487860742447,0.014993623978209233,0.01265920726496555,0.010208896122180037,0.009031055833504562,0.00884339583439797,0.008796391292628545
0.9109412602522009,0.27425499482721977,0.21610932077452283,0.1799029240442027,0.0760328230148012,0.04396625710119677,0.034520859435390336,0.028097705613665435,0.028096540249214676,0.026424342652176445
0.6898436628448643,0.5687110746072778,0.34718730840054113,0.1604132951287529,0.13715336672365355,0.08983230534282105,0.06910057062220237,0.0675014729142546,0.05403065435357298,0.050659898984446484
0.6291197331065457,0.6136210941570756,0.30587457060267764,0.23858066441808234,0.1978212673855269,0.11159771229386728,0.06668536404652313,0.05250805095744452,0.05162416649639581,0.049927725415512325
0.9632372777483706,0.20835433831073832,0.08615065306086162,0.07308747212414086,0.06159884418690418,0.044222959394410746,0.04089872565952669,0.03952578319734646,0.03551848730886296,0.03087292535898082
0.6587312347184555,0.5994300341982017,0.3102997889384586,0.16256993178755477,0.15747983422501344,0.0962764089786502,0.09602001530112197,0.0806536382141637,0.06670420802982965,0.06464997880854687
0.6569654573718189,0.601185106746451,0.27141089755900566,0.16570264443564997,0.12509647948401226,0.10324003531742237,0.1018200779621784,0.09986197260873,0.08579190350088853,0.08121801202851678
0.9067812337338399,0.2394142108110424,0.1604827212414214,0.15867375229268058,0.10860045321542201,0.10158815918934813,0.08220003865613498,0.07427317030170667,0.07192390122224425,0.062299851643002516
0.6046236183191257,0.5334881566540945,0.37615749721554426,0.27670505418552516,0.23118544571921368,0.1857572859284451,0.14219300124313128,0.08300038947591663,0.05922112437566985,0.04701012629283315
0.9714482951913261,0.15120313277151246,0.09990569889870085,0.07959548470876092,0.06120223083159453,0.05783409352277513,0.05540646958980765,0.050540024894031685,0.03253325545406273,0.023169188413045737
0.8422263799048897,0.4276924272697162,0.15582229049417118,0.1407936645180658,0.13660235263731837,0.11019453640295956,0.07611331195798307,0.05165302813057561,0.04865479922082868,0.03939097176565926
0.7118901561727996,0.5724960797629257,0.24280254024902337,0.2220967427375596,0.16016300892019075,0.08686485911638016,0.06996041014645767,0.0467392855871224,0.0449513053658591,0.04161642578782202
0.7577892460555331,0.56151677767335,0.24402735908172693,0.139496414699096,0.09200322653705481,0.06474186265013372,0.05255402331591833,0.047857842435222155,0.04483779505292251,0.039515614171575356
0.9698711887954546,0.16628228925562452,0.1298781156803166,0.05445268774902833,0.04751703525965775,0.04161154034971678,0.03729913435010724,0.0343922422030865,0.031949343541189584,0.0318835109320309
0.8907463225271663,0.3769672156838743,0.14373327215887305,0.12987418004438342,0.061359431977311696,0.055171371646394476,0.05389256322495199,0.046201423379849484,0.03994750703512579,0.03878640602931
0.6774537627868736,0.4868794317080599,0.4378664876315607,0.25074354971292284,0.1267111991235564,0.08649479992092268,0.07034524933346113,0.04584858086307895,0.04563760570594626,0.039723702723205634
0.6519495835259523,0.5913364966570823,0.3293278295855215,0.19141635875628246,0.1531062448173612,0.10303095968804292,0.08453900518963847,0.06602893049082269,0.05848861270703849,0.046964818225208836
0.6180044789585323,0.550609243361339,0.4382681611336074,0.16690497577856397,0.12446729345444435,0.11367703514601706,0.09808585789173659,0.09198345582853817,0.08288447092580156,0.07138632168003388
0.8116654053013966,0.3388324362814625,0.2978610086628187,0.21629392523912155,0.14024302918460546,0.11959850441944506,0.09613014271728494,0.09307216065483641,0.08495192418571569,0.0747912555148918
0.6922998160410768,0.5485642772845736,0.24908176983057892,0.1955538625917811,0.15786478040044416,0.13338910676957388,0.10594092614451808,0.1011536923940636,0.08306606349298698,0.07630670927889271
0.9428731266922727,0.12886869483124458,0.12843667125213978,0.1256183924918902,0.1226152972801608,0.12251726905458885,0.1076951437820944,0.06450119328010497,0.05533265623499365,0.04852685089762539
0.8144708334582685,0.4362706751780096,0.3080936930023374,0.10839290311569327,0.08034720784487441,0.07242167452850755,0.06663472236934984,0.06038413554423836,0.05773402005795073,0.04929389973851275
0.8861264726195135,0.27441939565924667,0.15447032516804612,0.13312108445179233,0.12606123235944136,0.11461595967144175,0.11052001516075792,0.1077653182546997,0.08750052783964186,0.08095049013617166
0.8045766951453686,0.29042502344915866,0.28063743975321825,0.26633301006058574,0.17638772447331796,0.12387063740778616,0.10188903541619544,0.0870874746027973,0.08373019163642235,0.07234301369108052
0.6883761053626025,0.6244936277282694,0.21272700224938945,0.19310426502537192,0.15969125415404675,0.08104303206963474,0.06388176029570199,0.059194687337751135,0.036365526926278986,0.03284475272401323
0.9428447639324979,0.1739898000535602,0.1327067398389752,0.12631861474566855,0.12171486843761845,0.10749027769839832,0.09911088843316057,0.055807152506853065,0.028028766533803307,0.027476754578099023
0.8565107953016781,0.29637074535702485,0.23523317707200747,0.1730138443899124,0.15531722115608218,0.15047197607295293,0.12173707610545069,0.0678857815101858,0.048289437193860835,0.04469140474638326
0.9354052359767754,0.227665632876999,0.2064908306273195,0.09243919051268666,0.07125836440643547,0.05999224664908889,0.050533860555378396,0.04532341732743275,0.028347070897740943,0.028028042368877154
0.8493228590747641,0.34766016396839994,0.1717136480457884,0.1713712522228291,0.11827049337051997,0.11406532099052513,0.10702442037699181,0.10437140894182285,0.09589817799919392,0.0735680419173778
0.8614875855570359,0.45745280404913247,0.11851073862702187,0.06966413164048536,0.06446399743891525,0.0606689938820096,0.05618618161218645,0.05097467793314122,0.05091423419815959,0.04427528483298641
0.6976816136822254,0.44655887637283437,0.30055147336042515,0.24680233450848496,0.20436836916422657,0.10541086220267357,0.1050507037276982,0.10070933012392982,0.09563887012976259,0.09392775875561907
0.8240832091580336,0.34037030297305526,0.2505365562853845,0.2183241796999653,0.188411778272211,0.14443328519180382,0.09688427256189765,0.07008930398394018,0.06761785456163003,0.06295076868685541
0.7361491131421767,0.46952689850632146,0.27419253503115076,0.2477490902956252,0.17878468729080646,0.10306778527184658,0.09839484322678317,0.09709992748367086,0.09260451208764672,0.06294842007156522
0.9866080633076096,0.11783492490239117,0.08531664944847658,0.041583414025197545,0.027826972163703795,0.02533311888843248,0.023217710451210696,0.018812708038697758,0.014533432680296379,0.013352494473943582
0.863953073339379,0.239900352179474,0.20536035814257364,0.1969960514786825,0.1855591505339469,0.1102128915231063,0.109109318784869,0.10080047230699553,0.08772422885373232,0.06540188603918737
0.8043707422209314,0.45583277590376997,0.1633057857521743,0.12205150161445673,0.11406205010964862,0.11252038007267849,0.10141490127229477,0.09782977818438457,0.08839601406419408,0.08161128420769719
0.6128658168406157,0.47683785787983685,0.3556668454196841,0.34015660707998285,0.16344887547084833,0.1467510896504536,0.12352540237473326,0.10878749045070589,0.1073724126145048,0.09094755694004193
0.9957163779641045,0.07934813070598086,0.03222104662989093,0.019006127565669304,0.017841887681953186,0.008176942121438466,0.00749813783751847,0.007077590683748454,0.006628013927381258,0.005938483729866528
0.7418286539301987,0.42605072056360455,0.36265559803458236,0.3099758641265096,0.1315322379697278,0.07833454250885022,0.06958828236272331,0.037596520212224274,0.03630369674492917,0.03238948845642537
0.995790057317966,0.07946695763653237,0.031062967265932696,0.019309589249985548,0.01780265392157453,0.008189656322305875,0.007368476448883434,0.006697099779016074,0.006622249321210677,0.0061299191944205545
0.7428212909764436,0.49797048383225656,0.388666006774858,0.09966093846766873,0.07712538600237938,0.07132410091021207,0.07111270913768701,0.06627313518452953,0.060148586531114476,0.05801767982978267
0.8349142367929537,0.25456857432988556,0.23216363037325694,0.22302098610097024,0.18079188172045055,0.15239276363436302,0.1086547588687144,0.09321247718364434,0.08895742341127776,0.0818477485612535
0.7876662950923496,0.31619985805475537,0.2554445644374634,0.23994711777980535,0.22236486615803852,0.1643462458956885,0.12466466339577698,0.11333675299086483,0.10909389747758896,0.08520107644132799
0.9971146947070738,0.046931355164696806,0.03757231816387566,0.028755217495381277,0.027672135602242912,0.011843737215769019,0.011187645563440917,0.009094750499616411,0.00733199890653714,0.005710982667729263
0.9971277137406194,0.04662980103674174,0.03758227768856224,0.028954082532846585,0.02754605386013703,0.011832603751822667,0.011201892515292921,0.009084419163605252,0.007335959911144484,0.0057319484928650116
0.9959176992262037,0.07930533315364646,0.025518284197000574,0.021185898558094978,0.013089908754386526,0.011645817020845871,0.009614973449180038,0.006685961872702868,0.00598377596705738,0.005411158961083002
0.9959441436272903,0.07940802884375509,0.025583468695069975,0.021652753658149417,0.013258910374100355,0.011717281827723143,0.009636748233056143,0.005964870298922508,0.005591966500594934,0.0051814806540798905
0.9928819679264452,0.07886752768686031,0.05329190055610908,0.04844269045951065,0.04297695321277987,0.012940969097389352,0.010404333207897671,0.009949445867959632,0.00901341585740198,0.0074665650832915756
0.9708797897117447,0.20162660990354672,0.07752446526276249,0.049695817850287295,0.03701340169390211,0.032652804329419825,0.030096505351739862,0.0300547367880902,0.022363905286328385,0.02133488276401305
0.8723227265426194,0.3275144783366994,0.27803054450637926,0.12312080620111454,0.11769107973610599,0.07326523200136825,0.06005400041586402,0.05378445264961951,0.044653002231740756,0.041991419085869716
0.9668561869512198,0.14416076003529849,0.12266980621254722,0.08531903452374824,0.06915287854695128,0.052899781640585376,0.05266364361537524,0.044499596951865214,0.03712125311778328,0.03655893684812654
0.905938654336107,0.2537249427991665,0.21226269931282923,0.11150436742801338,0.10265950794636787,0.08079324133076943,0.07967036147015,0.06829690186546382,0.06775776022892946,0.056440970007050395
0.9878747364874264,0.08459308800104393,0.07022125847353014,0.05494519997795194,0.04814700991395582,0.03821345621673372,0.031029390958008208,0.02789472684159234,0.026331490054040608,0.02603030035355796
0.8798249173028984,0.3323129117988616,0.18389514615841984,0.15027864390673806,0.11089090063653147,0.10107679371142035,0.08914081977172349,0.07211156973861998,0.06648342042120557,0.0618878257104509
0.9521485640649545,0.13879192418693617,0.13849969581356805,0.12674742800250718,0.10733608708896497,0.07097825099028601,0.06817084745218797,0.05089635079847322,0.04794331276117619,0.03917388766899129
0.94144345071401,0.14514415086719054,0.14431470071052377,0.1348185535758561,0.13175366060663699,0.12029867078680316,0.07313456563960172,0.06651767042993806,0.03350484151865784,0.02732512539031523
0.9672459786024964,0.19774187838783,0.1212788359771724,0.059557392662973815,0.04592792596330335,0.026702601202814633,0.026057195923806512,0.025421044220782518,0.024314971437430912,0.020652730676877253
0.9862708449972258,0.09601518959622438,0.08073069101837627,0.06785225099193316,0.05736931721049979,0.029105009349990763,0.02859376014916885,0.025436151589608408,0.014280881952499457,0.013462489576388058
0.8891931294152017,0.2718093866172466,0.1972128450509825,0.1446160391758203,0.1419262356422638,0.12648716064794133,0.11929345490767325,0.06376743629520441,0.057603050333814694,0.05542730440747019
0.6389090165956339,0.5495260962014683,0.32151718566118226,0.3107911725237778,0.22538435829721692,0.100048427675482,0.07587659587575446,0.05446321971840185,0.044451922740030805,0.044088203698204105
0.9975313470379734,0.039584493358427376,0.03601504303545847,0.03186563185670841,0.018164226188282236,0.015104401573756804,0.012410405517589372,0.0071302247060494196,0.0070379178818281716,0.0056675146405785965
0.9948463880679369,0.06217673615720322,0.039520844847107224,0.035324671661409957,0.03153337939836178,0.031211134327737013,0.018193893910930462,0.0168881161069789,0.015172545112577752,0.01199157934217771
0.8383517411675225,0.4623015912045411,0.14443587597954172,0.14165721909402024,0.1116427609982069,0.057905280458178846,0.04760234960644142,0.04627017680730739,0.042731240268674094,0.04251308125430121
0.6976814840473272,0.5079443420717626,0.35366802018119753,0.2354695599708277,0.1096089665239514,0.09638954137989938,0.0790469200758285,0.07320306689465284,0.06640756954641845,0.06260734614842388
0.9294955044806382,0.17199187457679024,0.14226293928769418,0.13276125376337522,0.12954768791953658,0.12394331128261368,0.08171651239621802,0.07591941603848956,0.07065365102567497,0.05662641493684567
0.9239860689207845,0.25502301866391536,0.18508029754057168,0.11366000326817462,0.06867992029308097,0.05838469399739797,0.0572879412965599,0.05607246616088056,0.05447047977452891,0.042114472806064285
0.9171647104187404,0.3422984840343285,0.11191406357084625,0.11138897483581567,0.07064337649253105,0.05961853530139818,0.044258676989290036,0.0394427399369896,0.02718133218748209,0.02631890473451613
0.9887006237080402,0.09891408773957897,0.06643317182407238,0.048881418871455196,0.037919922737164685,0.03465582504207542,0.0332651073134898,0.027103139548734206,0.015175576279510695,0.014475319527787895
0.607277241896743,0.5210941481558388,0.44339046260116827,0.25855512464688307,0.20716766230177558,0.0954721231276492,0.09473355278539128,0.08672416618532322,0.07342314479607177,0.06617488889742038
0.6834928360644739,0.423645866903796,0.3904577428924743,0.26480553807346346,0.2224088550486446,0.17768531977148103,0.16863628246412887,0.05350751984181302,0.04819781119850115,0.03833334942057442
0.628431939176729,0.5961499494354713,0.30979668658151877,0.2661629862244283,0.144398614229052,0.12641892048149364,0.10317583507838879,0.08412726971782886,0.06376010853386194,0.052889034840272284
0.7933849141491236,0.5224821604781605,0.14657388719431294,0.13014891180011548,0.11192768345642118,0.10531540905718985,0.08906509588302637,0.08006634935742535,0.053492728282632,0.04227477120909395
0.7691160756880746,0.3934003417811312,0.26846354588524324,0.20827748350936195,0.17129694363092937,0.13187611997085416,0.1315632175169883,0.11543386201668043,0.10008731539802565,0.09601540002670876
0.6737926869958814,0.5755983618131499,0.31067244423565044,0.20050224336132264,0.14498688838262455,0.11901623455045438,0.1017290132909789,0.07476203622795251,0.06545419420776213,0.057986778954138535
0.6176247158013533,0.5786162597573259,0.35102930663521903,0.2534470135520825,0.17599649407546375,0.1515457395035683,0.07664930740356876,0.07569670061923985,0.05750662684729493,0.057096467822114395
0.8178337821809596,0.3940544670621435,0.259274162196592,0.2132017361502154,0.1369937862984337,0.08081381487663461,0.07835930002667477,0.07720142992864869,0.06571334205543122,0.05916990541696062
0.9740965115077685,0.20991065609162213,0.04726630178185935,0.037966745172803844,0.028856789956441323,0.025531249760717203,0.02288175804571788,0.01627732251842756,0.012899558996815904,0.01238172792876522
0.9764676364739513,0.1985870006664227,0.047444822884001835,0.03796947322211252,0.02852947501405954,0.02649677149665319,0.025570372109213466,0.015903125794994328,0.013810253031267927,0.011975624981612339
0.995443426724253,0.0638738551140763,0.03581108571138451,0.023737933128812578,0.022536254602673028,0.022424980598122382,0.02003289249697706,0.01548873932345183,0.014021521806432085,0.013771551753738311
0.8882653065341108,0.32327169863550476,0.1605052734022766,0.13458626420234607,0.1229845587470962,0.0973713708784008,0.07786036272419285,0.06580716454396716,0.06454075632603055,0.05205315082317954
0.9915849154621128,0.08390141730847508,0.06373401814598825,0.03730910682675941,0.03564411277308829,0.025191838128064293,0.022445391625607707,0.017697739554950125,0.0153827279043439,0.013923466657419113
0.9960096858182368,0.07897153078576814,0.02420988557961841,0.021196656868941156,0.013542966341739942,0.00889398432234951,0.0088246987513333,0.006946363522882631,0.006768040367756798,0.006754218187195671
0.5145037302739162,0.485966670369676,0.4581502432186983,0.32016383042066515,0.2253851832105734,0.1969178861067061,0.11498608237118292,0.11384075659594906,0.10697022528306628,0.10254587554541097
0.6771338974414253,0.5201763532092395,0.3069779994229746,0.3045022865960964,0.17657225488958006,0.12242905088088171,0.08586572983734854,0.06847863959455708,0.0642239832095102,0.0583035046659648
0.9962578701410846,0.07939896679481684,0.01889812759020924,0.015410311449189643,0.010572106861168114,0.009490696684138114,0.007584705580484796,0.007001547912978364,0.006236851984240043,0.005150162095943922
0.8163522990777241,0.4571072728491644,0.20994185545144067,0.1410253665400954,0.10219690799399016,0.10218015424654324,0.07600849034165114,0.061039467605826,0.06059286693410613,0.055576427838602505
0.7011062748910664,0.6191888769614826,0.2274455136638789,0.1647457861862011,0.12164668168178203,0.09116135861348734,0.07652410944518052,0.05995361135997498,0.04359093251239591,0.034562374117980396
0.9960192650468223,0.08104023751358701,0.01709231568611888,0.015295743238942318,0.013986198986043858,0.013095470736397928,0.008774070834378834,0.008039123976492457,0.007203889853202257,0.0071648476214935175
0.9829970026659559,0.14679088678077593,0.051973351974106824,0.03665108846989756,0.03466713316514308,0.03370645856368834,0.028120585542951878,0.02400984508144594,0.02214943311673921,0.021674147760090565
0.9961570801077425,0.0809994755589439,0.013758111932206621,0.01121448786426489,0.010384855662531016,0.009852430517551256,0.009649154051964167,0.009088878928299326,0.00826083855587371,0.007385012576368773
0.7761642048302022,0.28635151879197657,0.2632857814885048,0.25946363123587496,0.22993181880658645,0.16191227396158686,0.1549040310038518,0.14480087914467846,0.1228004824451937,0.1005760489072628
0.6546668447817372,0.5111499995424986,0.4334565939049136,0.2564287298066099,0.1041406543219263,0.08521973201810487,0.0836806493358893,0.08322390550210146,0.06448014297908973,0.04924446314696338
0.8382415190217246,0.4411796703258539,0.23062387758078315,0.10120733401794907,0.0874207918520056,0.08098918933114203,0.059557938216913305,0.05726218716650813,0.05058851548715531,0.0504462388295388
0.9500928272661406,0.22581279686507114,0.18533395375750103,0.04298430456663855,0.04135543523262858,0.03862736970507321,0.03858551710879109,0.024010117786791952,0.023453470434295395,0.020019770928860075
0.5726566493573717,0.36571892403457923,0.3628779734567005,0.3434825628600388,0.3386602533211145,0.2552187563309804,0.12444483311395055,0.12258554980039534,0.12225462905234678,0.12041476356185707
0.983719794314881,0.12826074850100486,0.09746746091767403,0.04275755244393651,0.040332436915074384,0.02960267469336251,0.017968853241076926,0.013226255429640957,0.0123351649573796,0.012132473328402268
0.6472829150194479,0.5298263392400817,0.34183952748481705,0.2982104236996823,0.13589557554350973,0.11033942759673,0.08791514014524432,0.08755255300160937,0.08654639197273152,0.08293226968505532
0.7221439219467347,0.5597781299486495,0.2331110919483564,0.1726312162912803,0.13805110256829686,0.12150176935298165,0.10030451234583862,0.0869219452375574,0.07529561245110618,0.05471012624462877
0.8567160963020022,0.2609932439712298,0.25490585595833254,0.24723710602959553,0.10785615269063886,0.10550883622364601,0.09537158224937566,0.08871347337488325,0.08848056514602767,0.060524793663392994
0.9992139960240213,0.033794826413571594,0.008529959772657216,0.008238731508542861,0.0063356112324602,0.00461822648352927,0.0044956830716572655,0.0044684418661808945,0.004397215617315625,0.0043663767791154535
0.6676683038118226,0.5443937615943008,0.4569412288351876,0.1258508145274181,0.06931392901625567,0.05828865895696811,0.05703924982972708,0.04987220033350404,0.049222800845551154,0.04254458364216028
0.9627265534701682,0.1749923613823397,0.09603574256547395,0.09117195011424795,0.0842902418488748,0.05340439671666243,0.04649556614296854,0.04300140764960701,0.03985278823962875,0.03766156656280457
0.9608292639692745,0.2291854400738639,0.1130807718974208,0.07688648921915135,0.04305940413659916,0.021184900403938438,0.018040810693834324,0.014265171110164681,0.014228202494383621,0.014003896603223055
0.6955695069890424,0.47567787561758834,0.3700492902230072,0.296013796565354,0.13160166696415757,0.127119028119503,0.07104669747325601,0.06333086737441003,0.05679864918949016,0.04568085849585525
0.8620102702288893,0.451048611088222,0.12308634630526291,0.09340638495751932,0.09161406000492132,0.06306897413877947,0.04729888255581251,0.03929481640572046,0.03548119498966831,0.03036676947800673
0.996482167503019,0.05784100267469999,0.03154097478635807,0.025296287140471947,0.022911689764224044,0.019133530197890103,0.015792552064937446,0.014697229595903482,0.010964144143036238,0.010082101986295054
0.9868572617189384,0.13610420721727534,0.06653839612257256,0.031290071287153824,0.02362249280545403,0.023036623055141987,0.02136707593936947,0.0119408849570693,0.008187418454356247,0.006283463640462665
0.9858376522850296,0.14328719909165993,0.06652643332575192,0.03130204297051543,0.02358129688804242,0.023439570132299525,0.020879760293303674,0.013074102050577355,0.008178997558164888,0.006094756566576163
0.8335490604829313,0.31266105866910904,0.25689115245687255,0.23296358210396406,0.1748671302271067,0.14139928732530102,0.08303463017742505,0.04952029210880234,0.049401864496691435,0.04753278947440664
0.8631775613425512,0.2480567230906166,0.2346870584134106,0.23257504997467263,0.19655591287199906,0.13126300223946707,0.07028450729322316,0.06891745306542278,0.06797132257238794,0.044014607997726586
0.7033573923655677,0.7018234328951108,0.05506526625517204,0.05139133079869584,0.03393330767025105,0.03227336261145418,0.03096861243367025,0.028164457615370092,0.022829865278002733,0.020740334250115892
0.9957728321610854,0.06078019181380098,0.0572263356107258,0.02725318998965969,0.017434365441972445,0.00969105187646663,0.008425316752388976,0.005200003462375331,0.005106547242519504,0.00425248911444973
0.9620716400336403,0.1222088480142918,0.106518740622657,0.09571367346963142,0.09141501691514582,0.0766182590071398,0.06892047376539127,0.06658811370665245,0.058814130420037476,0.04215682788436661
0.7066462722897732,0.698610335645605,0.05523862193689589,0.05459801605401659,0.04143884884093923,0.032135768932700974,0.02952197967456996,0.023121142017909126,0.019008603627004118,0.018561379935014385
0.9664124627002284,0.21061060290584607,0.07718510481886466,0.06624245725644404,0.055199210271892334,0.03975135404809047,0.03583218308673817,0.03307598736310413,0.03137958226734884,0.02394179299079956
0.9954854884486668,0.060274011416585914,0.053198711166050794,0.03477464276769248,0.02429508301334556,0.012593546788872997,0.011388085992402095,0.009494571839244365,0.008026755548583932,0.005696475054627346
0.9951654022448506,0.06361432595952535,0.05327040105751984,0.034656776981158835,0.024211404986534183,0.02038417125098938,0.011420535655252268,0.009593644341885454,0.008015470467356726,0.0057144597429741786
0.8803973892765107,0.31056303533726703,0.2778381825124796,0.18255416759138776,0.07237182587167257,0.06313390222321208,0.038832159716255706,0.036262888423613006,0.0317084817009303,0.030602208742021814
0.9439009507736533,0.26665150050626446,0.10778126112147386,0.08832925737005262,0.054825611840487086,0.05407937469693029,0.04848828136819393,0.04450398637786752,0.02961615918917681,0.027746558035044763
0.6302089802727912,0.581152714298159,0.31475066072781327,0.29834627238525857,0.21164168824059504,0.09261324113615933,0.06130559236985415,0.05054826404283208,0.04881810758792873,0.045724929444737626
0.7935383185788232,0.42411106175577024,0.3951944795823345,0.08442154367562606,0.08082091091891085,0.07741349192096117,0.07577278867885891,0.04130300519352859,0.036844547140649546,0.026298565889181107
0.8891391663225267,0.3235078160647035,0.20049624732067312,0.1226975784683439,0.10548492687324698,0.1000214883125732,0.08358502450439098,0.061877517898496444,0.051782094873159656,0.049690252399849394
0.9956664468302108,0.07731522285426069,0.028566316816636857,0.024846843609942618,0.02005795058091916,0.01388784588147468,0.01335281629793804,0.01080883575121519,0.007984131834391237,0.006543287782169625
0.7710243221022527,0.4821385769702771,0.3199241457554218,0.12777860472841096,0.1224060362741314,0.07670875009844691,0.06484988097356105,0.05376004284640052,0.05049550126040192,0.04688741593931474
0.8007024392115807,0.4525708477407634,0.25378274590952526,0.19253641206410005,0.08693396305033434,0.07536426681646664,0.07005476389173139,0.06410135420124616,0.05429546044151636,0.05381848818524943
0.8945403674093096,0.24483130936688016,0.21415366253771664,0.19862162429101968,0.1257444604555352,0.11977440776742346,0.06652601686552359,0.058127535713899184,0.04596025588254917,0.04533288540514813
0.9704850932576952,0.1488307320567394,0.10828577115979629,0.06308009733525868,0.053760358158980864,0.049349473474956315,0.04596754417095627,0.04353240543665317,0.03605763121150588,0.03451898585035232
0.9043681176336306,0.3629326306820711,0.13852164587207733,0.07297806704486648,0.07084721160700069,0.07067449676044502,0.04990898901910849,0.03763730254955773,0.031948656270442924,0.031534618892475136
0.8239415478088659,0.44741966520128584,0.3010070048728065,0.09575075274448153,0.06639924751009288,0.06280589991431647,0.05551615821056174,0.048149256116793306,0.03630445488691021,0.02817328083887871
0.7450045000870413,0.4624911147868563,0.41732876018126325,0.1374519252237931,0.09539947942833046,0.06813457699660841,0.062229644048832834,0.05268128155854092,0.05187185041369822,0.047226693898612296
0.9972373884207039,0.053821963859677906,0.024817433408378248,0.021838681346375084,0.019600232851572856,0.01281754484345799,0.012741919039244739,0.011514428891276967,0.01145571215766729,0.009930102952133514
0.9212471299760557,0.33170933905858596,0.06583029593536602,0.060785832409544195,0.052482054098697,0.04927891150648235,0.049210778181945566,0.04773066372306675,0.046950272641119874,0.04673177871684965
0.921776554121723,0.29447067937206084,0.1624947575715938,0.0847825580974426,0.07095676918714657,0.05693433061923907,0.048632894001354544,0.04604343693007026,0.03972780402187203,0.039314424829687715
0.8090409833773092,0.36702868167192504,0.3180136318192232,0.17064260315731508,0.15039943833695918,0.14328425000348363,0.11708596461841617,0.06439739938758629,0.05393367094461903,0.051329399986481956
0.9341796055372015,0.2608050388358631,0.16419132183757548,0.10721804669614857,0.05717811392889248,0.04996219991835908,0.04559061711926295,0.04248343696966983,0.04140756514070081,0.03449734425413943
0.9650972654363459,0.11633726168128052,0.10810334881831928,0.08207998292687232,0.07609903753693237,0.07485111541965707,0.07453693748860245,0.05931900181264236,0.052286509786044516,0.050766286054873495
0.793660439490611,0.5738256929823858,0.1020404651975186,0.06420636891065146,0.05558798116389196,0.054506315628455086,0.04896671434747539,0.04883715657491494,0.04061053269562733,0.038691879007313794
0.9956103097196473,0.054879955823478474,0.04519143553459919,0.03672638725833069,0.027964542457918955,0.021406615840905037,0.014791376995875058,0.013591309929174768,0.013263451202934934,0.012998341746619657
0.9885849867956485,0.11813521410919227,0.04414975478375517,0.04052979900786724,0.035994175619452264,0.034937351904530754,0.03144195605823612,0.027917591547317055,0.016226070059885515,0.00944967247300319
0.9903675868752567,0.10335172367114952,0.04433324038264894,0.04013669848764631,0.03684218055417936,0.035042165498261835,0.031561024340022364,0.02100425434833436,0.01623756558130579,0.00959708956857323
0.9290104812057394,0.330247474961006,0.08643428863735297,0.0829403745510173,0.06125119507187784,0.03948519163915786,0.030359915736146194,0.026828753588520684,0.026724049474134814,0.02171175853362392
0.9710552151202706,0.14552469128944945,0.0910999325982698,0.08927988967556297,0.07726676225089268,0.06378807967375727,0.04331722669658804,0.03622931429402257,0.03241283272683066,0.0240589610985682
0.8025227772967889,0.5670026395374135,0.08521070731409172,0.08046926652269189,0.07630834353855805,0.05275666786389685,0.04318227279627253,0.03722865858991479,0.03037521882497146,0.02801386237505539
0.9510533744712458,0.2544359848112596,0.09456519425657768,0.09169990545456341,0.062460345467094926,0.04117799058122318,0.035671199358646696,0.03166311804327273,0.030908310300074845,0.023628693718778668
0.9786893149954629,0.09444785010428133,0.0833580065378482,0.07549824381950056,0.06375637454746373,0.058401242389433505,0.0498249706281867,0.04315229931056958,0.0414587917035614,0.03222296783454507
0.9233550460725841,0.2971510243720999,0.13481938653324602,0.07074783668387787,0.07074331512789335,0.06732483964360583,0.056938210837363556,0.05459550310152828,0.05162832846119954,0.04953039623998562
0.9524821658517477,0.20222519807877978,0.12566280057228862,0.08498698329196207,0.0771913160362318,0.06124503558554226,0.052686961562031016,0.04803987296175615,0.04762377689498183,0.04746205672229187
0.923156126178,0.3316583922672253,0.07163510293404672,0.06687556101107352,0.05934286643070766,0.05869408875377645,0.05645042224123799,0.05224284812395895,0.048688468003172815,0.04578454833366661
0.9957507414132123,0.044911325762079665,0.04320967242210908,0.03385746118936344,0.030669283495389173,0.026170476230628913,0.020158726976944437,0.018710313884422316,0.013993394078487877,0.01078114775168093
0.9782791373210223,0.09140572532907075,0.08095367008352637,0.07757017099045366,0.05662717915219145,0.05010026447289681,0.044428033334155466,0.04220028032444051,0.041433075643414724,0.03827553005177137
0.7752966100118736,0.5595683775513236,0.19957910601493412,0.10587498224060861,0.094220281899845,0.08090077061447601,0.05250288115629148,0.041032285566510604,0.03779746416121372,0.03484180144523632
0.9555382286258378,0.20436003118960416,0.12244174370150186,0.09494267795826761,0.07679928587774766,0.06602828474468218,0.06109317257896235,0.029187678427198334,0.02796862521146379,0.02546599190371082
0.9774302364830632,0.1329958598529852,0.07419762164075645,0.06651666047460301,0.06544214134509337,0.0647656464668307,0.05077068745421039,0.042673960306747874,0.025718702080649816,0.023488794790222835
0.9917926032453103,0.06258046954372555,0.04877042353234598,0.04717424134518582,0.04533656454173996,0.037281341627963475,0.03279020708276478,0.029218748484788115,0.018000781762786397,0.01776779571123385
0.7184922122723185,0.636886855103074,0.16716147702724582,0.10043260119832659,0.08599055562423483,0.08142860692197036,0.07589750111340036,0.07334394061592237,0.047114366456845636,0.045593279517063726
0.9469042867123663,0.274448722850782,0.12083339141687169,0.04435611105717207,0.04128248822355012,0.035252358949842605,0.03236738660804448,0.031804549924843155,0.02137703923093765,0.020487023466141834
0.9191890314027636,0.3593251667560314,0.08986022865989234,0.05280459057521424,0.0507099270703951,0.04546458135425511,0.04516220410592881,0.04120706510015342,0.038764844653967616,0.034493329947468745
0.9031189063243951,0.2826749603736674,0.23211611704259696,0.11510967036857482,0.06565238284811965,0.06179753665049559,0.060938832123954366,0.05007275934684435,0.04963666643743719,0.04943337027200188
0.9587957282935663,0.21860187264516384,0.10502520838459299,0.0847451156020621,0.062162438609487676,0.05514301401023147,0.03198848387708007,0.027331868983435776,0.023353040212282437,0.021866860722418315
0.8400155083293613,0.4330994989573866,0.17560411513478924,0.12531661062211596,0.10219441777724213,0.10116035499760917,0.09243928137485705,0.07037935021286719,0.06491199201178553,0.05232648079978512
0.8833345392683949,0.3948698176729257,0.1534550034229897,0.10079660503364732,0.09062661673665265,0.08310855578630977,0.036755902555543764,0.03653213748528369,0.0342041947531013,0.032604091044318016
0.8915998663559546,0.3458393779437055,0.1929079042846088,0.09143022966351627,0.08746126898843869,0.08729046979521059,0.07229616466769283,0.06159318600913135,0.05983853039728609,0.050057439369566845
0.9698292310297193,0.22075177887006647,0.049864808129845666,0.045456688095000086,0.03760853971314424,0.03184337404632877,0.027368977831008806,0.023834547515184254,0.02287979744783962,0.02079818324785407
0.9215235986201816,0.25950817368616014,0.12885282377803228,0.1203798109803218,0.1051051842294791,0.10238790485221434,0.08014673538270381,0.06667907843072787,0.06570407723612529,0.05274977521062969
0.9940879894232412,0.07894369414928698,0.035303303467379664,0.034909826329313935,0.028175596456298004,0.02393881650211933,0.021333303834706982,0.01935435126352229,0.01161111383515501,0.010861234962425073
0.6507181925817883,0.6074607248153102,0.2964141251580384,0.27247519736018894,0.10369445649030637,0.08635213408755543,0.08468436345681406,0.04962367957257436,0.04638659542268319,0.04602798308052797
0.9520128545434312,0.23495282814290788,0.12264051916459583,0.11807788687736756,0.0617814283227915,0.032515586457658806,0.03243578152213601,0.019274901613612196,0.01749541758649884,0.014998420890390784
0.9163016069026431,0.26990894064999427,0.16205620399200663,0.10073930920286536,0.08890030788344522,0.08592816161487604,0.07459952561627321,0.06560713490174709,0.06237299664317799,0.05602047417952373
0.8006924040417606,0.47900962780564993,0.2774941366539929,0.0863071165074013,0.07958525305407345,0.061776221855120404,0.05831469392938394,0.055823172274201756,0.051363771447673935,0.051129516484433715
0.998863580597643,0.038839503404932106,0.012928066857811935,0.012003165591342636,0.011231481575015106,0.006996371737598084,0.005641673601297027,0.005633801869224418,0.005404874072957635,0.005378731754383227
0.9922408588075016,0.08779405096813135,0.07218799980414113,0.024545521443542214,0.023208587754093648,0.01784411084044084,0.0133532484411533,0.011891822874270881,0.011761303018756419,0.011717375867515978
0.9912953402895761,0.0724575007932409,0.06918713327604449,0.05472672210741695,0.04033103933714194,0.024744152344940998,0.019007431028642156,0.01860519410450918,0.013223913664258579,0.012771176260081315
0.9932214282571803,0.1014916003995573,0.03250051900803818,0.02410862726544361,0.020398095414824558,0.01133906428798044,0.011113657600910177,0.01111192242287581,0.010807500781939159,0.007871708935523572
0.8311407162308059,0.49093367260885995,0.13509688440582537,0.11061144786412123,0.10354630691877965,0.06317729392995537,0.046991569802015784,0.04467272593080191,0.040546835865611024,0.03987160739203358
0.9825027551696266,0.08411189475601909,0.08107504876883623,0.06061610145432057,0.05197629328484824,0.044446098970247414,0.04438417493570074,0.044073932721706,0.039662971762264486,0.030791070694203393
0.9527090996048636,0.220843767885951,0.1404992362958535,0.1188371167473607,0.04501189016214555,0.03530177745549818,0.03381848702666616,0.026718895143389564,0.023133762017477667,0.019164571996277507
0.9958638346286273,0.0468132698794288,0.031600932072668814,0.029580762889084553,0.02653568948923627,0.024205635383829173,0.023078335196365606,0.02195654853513029,0.020007815058237274,0.014722043939028207
0.963891628532137,0.12781690437073676,0.1240087452844243,0.11071380179294875,0.07702788427385149,0.071697625999355,0.05412730659467797,0.04648535917421009,0.03617422771837155,0.03138560210036603
0.7610056488911179,0.5528426207215422,0.2123685789084365,0.13765995282509969,0.13580982387104437,0.05862722794236332,0.05300955433405881,0.05212312854819508,0.05205856426005446,0.05142109374365168
0.9717793465557512,0.2065457876726116,0.06385442726196705,0.04493539944248946,0.03544046431440455,0.02629188605224782,0.025892987569659878,0.023271625448024334,0.022514301706585624,0.02004455426864009
0.9276890221157953,0.22954137332394275,0.2014384432144559,0.11171062660695978,0.09760874007741274,0.08253175778039536,0.059338724210033854,0.05551823291061,0.050143559451907654,0.04975324769978155
0.991415521330522,0.047640719794140425,0.047002379859872954,0.037510119880126674,0.036455006014940367,0.036302789209802254,0.03375295452785767,0.03162467891395469,0.027566167632269472,0.023945211992288187
0.9065748706406208,0.32094142986935514,0.1669190639420291,0.12598550470286793,0.09838982504043176,0.09372035907300304,0.05330451330803173,0.035454796710239905,0.03130088146506639,0.027753726759469046
0.9754992402490146,0.0720329699840456,0.0697400465702977,0.06671913546694266,0.06621709103989583,0.06488729798499619,0.05986786452906258,0.059594853017517636,0.05842629834750397,0.04324155840804048
0.9557343468738457,0.2065402522231667,0.10345396592575683,0.09494868097851496,0.07442531560507724,0.0737779216127375,0.05645550177335634,0.0456566169420293,0.0332449163262377,0.031371042147789255
0.8995371595202698,0.36260621593743225,0.13648577271352258,0.085220304564478,0.07898804151553532,0.07596877954114721,0.05362592675723824,0.04936851909019958,0.04642429673155568,0.03726821892984496
0.9032155816951656,0.22640887924520994,0.1757060035275018,0.15803286803206937,0.13322335642813612,0.11852664920093048,0.09009017365528695,0.08155880611984802,0.06689436517761066,0.060709470975412204
0.9430611431239583,0.20191041725002473,0.14455892017906025,0.12105430877843341,0.08119569921049259,0.07366191146756221,0.068362519333506,0.06834201246564724,0.0470593641438359,0.04260737950490501
0.9199119633281416,0.36652153544471416,0.057049194966235985,0.048937293076923453,0.039672314231347705,0.03709364580477029,0.036703946583171575,0.03146861719927351,0.02736821734746657,0.027339066037318404
0.7910401905891907,0.5148466013665085,0.2588545951999547,0.13583491387785648,0.0797472818794754,0.06489209255048542,0.05706244728256734,0.043452202057264584,0.028854630511896948,0.023752725665670056
0.8327520581025705,0.47442036783261066,0.2399020710068181,0.07597781416272155,0.07140294754838723,0.05887339958794818,0.04402988454191348,0.02805300332983208,0.02567659091978983,0.024991448701649984
0.9578495859051179,0.21269115763678045,0.08927853935162541,0.0829127731786236,0.07896345670196507,0.059556699881252194,0.04658450889390568,0.040168947826318066,0.039484102556582946,0.03217156144750799
0.9873714664513998,0.08656134252895688,0.0809879931139416,0.062079667782157344,0.04806927152483716,0.030728790156106182,0.03039548617146875,0.02094531528738038,0.01889370034168475,0.017833426548299676
0.7564096624489254,0.4150041547621776,0.3830758135061196,0.24874018071181958,0.123292490123776,0.1111569503368624,0.054896589247355805,0.03657615161013869,0.03631004324221523,0.03432009163668472
0.9808298127444456,0.13154700741099581,0.06943107631669225,0.05938184858972818,0.055038725491319274,0.04460203512051055,0.0401892297549317,0.0384365662416285,0.02080356336580036,0.018793972778628324
0.9896644701596156,0.0975150579012759,0.08601073438909956,0.0361518451991544,0.027716159872548666,0.013178152958361193,0.013144305420074895,0.012163345170980552,0.011987953951024258,0.011301877619285382
0.98569486779013,0.11982241723708037,0.06482980934909437,0.05952674591009019,0.05774366067190908,0.02740737711801857,0.015027754990668333,0.014671687673815617,0.014664347503096958,0.011035270009801259
0.9690425142640413,0.13387335774054415,0.10604729186762073,0.08718183181104479,0.07217293577648207,0.055613434682724866,0.05490665100094188,0.043097492987099535,0.04100453063653203,0.03775870500934527
0.8149840708312409,0.5146945201813222,0.15132768872702412,0.13962684717929216,0.06258185934256846,0.05347712662538455,0.052186619688454006,0.046336814156977074,0.04415670547122923,0.04184438956659007
0.9050360211049066,0.3783608067289137,0.08341376752493508,0.08333737440423704,0.06722279226717574,0.06266355187254251,0.04074827954199738,0.038020221604362685,0.03711338481844427,0.03589070762909891
0.99840121635139,0.04412213903167218,0.01856254310680642,0.01665668337890005,0.012476135218506773,0.01088091751823004,0.01031128954177459,0.007693551366745911,0.006752251159352122,0.005444071545472502
0.9103758080415119,0.22059395270844273,0.21979075903524006,0.1986197954999556,0.07923567850090514,0.06130775486216811,0.05941805703202821,0.056958876182448326,0.053836668349542885,0.03913194105583195
0.9106577470552446,0.37208420586341906,0.10155648854328173,0.07841132312550302,0.051992957368515176,0.03884314562059832,0.03598813836652238,0.03240326281700746,0.031673218469747334,0.030525707050836678
0.8760385657723228,0.3488910309542667,0.2537893761310378,0.08892546439465238,0.08273419390312957,0.07088750355314555,0.06232411855721354,0.05102330918184309,0.0462533037937981,0.04364582143312101
0.9955634144556328,0.06320730195360649,0.03093468420532734,0.02627694649406765,0.024009136054305887,0.017681328537883692,0.017568984895837424,0.01711607330213203,0.016983512552371197,0.015173721963767215
0.7182153882351022,0.6770487557484641,0.08596843789740274,0.04599389920267143,0.03949576386629641,0.03850931890002684,0.036410128181966865,0.035663010373036666,0.03537330947383307,0.03296075330364727
0.9950463076373336,0.049303431172619476,0.03613126425455507,0.03161329018088303,0.03064888322037991,0.025710009121861933,0.02498007374412472,0.023426465526486043,0.020751414117262015,0.018829079182428824
0.92190373380657,0.3486563135877851,0.08394903785200927,0.04984136095108343,0.047812147126342346,0.04543630988333404,0.03690507289218113,0.035211565740127085,0.033476301764646145,0.03285343536546203
0.9959232537406953,0.051720689679170935,0.0432269888809751,0.037774458745240866,0.03310700487467569,0.022614430816353264,0.010399025558497279,0.010121213096554092,0.009409928836014577,0.005873602713895196
0.9904109732820865,0.09804652113162397,0.054527116286566396,0.03898471397387169,0.02751204887529453,0.027242315314253068,0.02415411743983205,0.021499052278813727,0.020763211320034867,0.0191305891066194
0.7533993167119608,0.6160997639428726,0.15597778768389153,0.07451768934468424,0.06588952818634247,0.06389533571227182,0.04715917075051093,0.04402588199759568,0.0366855893660857,0.035506197368867176
0.9865094019213712,0.10482345808669047,0.0750711115604374,0.0696600509630571,0.04945725580645905,0.02425373207094768,0.020785653400002525,0.01938984262814258,0.0161094861418227,0.014462829951921588
0.9781898764120034,0.18994452274800924,0.04150850278138553,0.033983553351753,0.03137018743082439,0.029078569172090455,0.026348268897036512,0.024044405249331352,0.013644972407790296,0.012077746769853428
0.9003828798260931,0.2662418730256682,0.21062183486905073,0.1472136289557933,0.12773199867325563,0.10797793884503623,0.0667737486576337,0.035766179584947044,0.03442640554003527,0.03405481896374835
0.9944159149805214,0.06883605437006123,0.048126015546620486,0.040787462002182855,0.029571256855041587,0.019395732501599598,0.019022145379472874,0.01592348738483467,0.011368787611896726,0.008731756021652787
0.915778973596725,0.3817686052773015,0.08658682675576794,0.040890709476312806,0.0398877900305818,0.037478687993384094,0.027702561417292035,0.026302338166042615,0.021336311043370904,0.016707065102430484
0.9888351398120941,0.10823581775483246,0.06665714791282408,0.03034764069881934,0.026443951163732098,0.025383208967017103,0.023079314556643325,0.02119272117270658,0.01965522954923444,0.019615743778000842
0.9172635286184703,0.382125995627829,0.06207008113221581,0.059160562052210326,0.04373487467790922,0.03497437213446311,0.02954851721772793,0.016746759128061617,0.01531533683403674,0.0094902388514727
0.7490238626886506,0.5979337457803883,0.19516555352748108,0.12827016232462568,0.060393599052929195,0.05810412071130149,0.04980804470572347,0.04079812685523985,0.03907851210432909,0.03877420365804709
0.9770832130901939,0.15161677099882137,0.07102240444758892,0.06725689949520267,0.0497906753515024,0.04596021116131233,0.04038285932355142,0.040261718071501126,0.037818077655276325,0.024032587913456954
0.5920098774694464,0.5559960044664988,0.5280401104404735,0.1582286606142911,0.07743569416963542,0.07726984460773657,0.0645286233143219,0.0594934833692234,0.04552550373061818,0.03670707445991231
0.9425803803447209,0.1753045008001138,0.17461650822682662,0.11734895928774189,0.09961323662424429,0.06802359841547637,0.05232115755533624,0.04902471568971011,0.045500282011610015,0.04536637617494007
0.9626654386492798,0.17719324866353803,0.12179355324667623,0.08299433939386715,0.0695555801985852,0.05013591376828845,0.04281226308878606,0.042213287020164976,0.04176884892744543,0.03873270357224698
0.9848719495794611,0.10880380631260125,0.0885081161403382,0.07194383273514958,0.04119816549005615,0.032398489186203014,0.02145583690467687,0.020225859975916628,0.01728032982293685,0.01400166949130784
0.8527123703993094,0.42935967641560635,0.1463637824734801,0.08028188598176507,0.07692945764512939,0.06178396584422217,0.06079455898024443,0.058638364904871676,0.058548521424213296,0.05425083081143752
0.9484375920435548,0.2749412955128883,0.07012017178988579,0.0508863221253322,0.047188661944354615,0.04717467424006554,0.046723380550971916,0.045299009536687945,0.043028392199504155,0.03517444497140905
0.9661269482303285,0.20326889718636512,0.07691704931454243,0.05598047840184377,0.04423144056187856,0.04419111090870643,0.0365132430007561,0.03481388556813929,0.034736383526888966,0.033301191970076575
0.9779118971747485,0.08161564600141516,0.08108079256011257,0.07281420449429711,0.05982077497077793,0.05339527233343022,0.04287144075332118,0.04269341752997805,0.03933095327915528,0.03870360678511279
0.9148264624643845,0.22976105200095925,0.20282725902465618,0.12929234213143093,0.1037605557345875,0.09070265526586699,0.07931519852820215,0.07735765401561479,0.05627496966910293,0.05453182154894609
0.8171259605392928,0.33968230710959774,0.3266809532330393,0.211198679284436,0.11665343381239708,0.10700752950405111,0.06995111936588944,0.06215094314722132,0.060379313628736116,0.05383632484096942
0.9924385978274649,0.09717070707159385,0.044184134670450334,0.02798523431677805,0.025740506830966917,0.021505820401566386,0.021231273163962443,0.01286958376253781,0.012427100316098226,0.01125140299037479
0.9916179359189305,0.0724597758942571,0.06448622060788778,0.04687477783909939,0.04203349199465939,0.026982509327397004,0.0231104990327662,0.021009385972084006,0.018330457167727104,0.01624857253288505
0.9819327626976784,0.10865828743273415,0.07110834041097336,0.06798663835735957,0.05938875778071486,0.052498166195328023,0.046964662124615184,0.025686936117544395,0.024679992915529893,0.02464842144658755
0.9814858892893241,0.1742207402801129,0.052960304987328365,0.02754234335027906,0.024445052514805995,0.021335277849033694,0.021039951364113702,0.016394334458774428,0.01576711467001532,0.01354500470596081
0.9623634137268781,0.1617187446405132,0.09171482980220909,0.08177994326813832,0.055851540710905236,0.05512867634256397,0.0496376205573229,0.04709711740301818,0.046273480565911795,0.04578319403765696
0.95340375758928,0.21555838532391977,0.11302603844814454,0.08198370748670122,0.05139078040761443,0.05005360624471052,0.04936422581317514,0.042554195107139356,0.03843441108107337,0.0368583826644657
0.9856821246079029,0.0839948337646066,0.07568733505139741,0.06808096038829244,0.04290959118265412,0.031055427061321292,0.03095171087351014,0.030497205357602163,0.02807545442412475,0.02565794281576532
0.9221050452374804,0.33172506152649306,0.0875768849835766,0.06464507178813939,0.06425958695507536,0.06393600005309343,0.06177884688556131,0.046227710931716195,0.04611925065204732,0.03911596063937409
0.6821342070092047,0.6395267589311313,0.2900878126655538,0.10588763333182452,0.10115903083195871,0.058051869813096256,0.04523289111196643,0.044056578649571757,0.0426108692857156,0.040232285781358255
0.9866456371863519,0.14232629160464996,0.047754406655088205,0.041900599500953,0.032351452466195495,0.016209621723043178,0.015196163433621589,0.012063625438237061,0.009885330852240198,0.00975724021108849
0.9462691134607135,0.21584451945147842,0.08790188134979457,0.08330880935454649,0.08103050122649029,0.07873815202635426,0.058960595007365814,0.05838027304464176,0.056381277459027844,0.05022108733098718
0.7536789373041792,0.5808675490140705,0.2525826759232209,0.0939572106459345,0.09235967937818905,0.0452627037799587,0.038044869736761466,0.03631034255503067,0.035086032875686186,0.033319122374974426
0.9673747215820107,0.15574794086717106,0.13431827360400098,0.0867446603924435,0.06423416949861384,0.05424509100282327,0.04465123316249893,0.024035772351045797,0.023663487344454646,0.02350480423437468
0.9401867558731398,0.2340703173636882,0.18687498133777883,0.1130949864614789,0.06041735184810205,0.04009427389493064,0.03546643088444122,0.032927891685312294,0.024066439209774332,0.02379038616551347
0.9922449925940365,0.057042513006229444,0.04663274874035726,0.045535837214886014,0.04546870145556738,0.04314053590527125,0.025026872633864036,0.017210282984465405,0.0171915131240689,0.016800971317777334
0.9364961916635595,0.15335918037533808,0.14606426150399196,0.1425504250136365,0.1259464501854691,0.08562482295078297,0.07820246448326895,0.07812732989747448,0.0740968291374373,0.06005454056846873
0.9649840201623203,0.1656916254622852,0.15225470984643802,0.057323087759492256,0.04473649314235297,0.0386881058866146,0.03797128761873634,0.036727504236771555,0.03496670139061224,0.034706044569931344
0.9748645311163069,0.21399422723219466,0.03939364929731897,0.01969281796611419,0.018495445433829034,0.015634134145674886,0.012835186881888701,0.012153185474218502,0.011515157255958626,0.009531795967366774
0.9454368652146573,0.22658714158729815,0.1760275821881018,0.09080226182168241,0.0572738830309634,0.048873808902203636,0.04000097898512721,0.03534703144202914,0.032421422946456106,0.029027590382802643
0.9874475030734966,0.12049143699060473,0.07504916707215428,0.036256709859249996,0.030729781807685402,0.021820478731002877,0.021131201666378923,0.015326021741875182,0.015218071898488431,0.01261300329408466
0.9964385189717138,0.059004462448525107,0.03444922695383484,0.027790575970604536,0.026449913277901332,0.01463788902167246,0.011576588215462652,0.009706566029729587,0.008089475468051534,0.007775974505228127
0.8464690260901163,0.4276200722146921,0.12152333923899429,0.08924062388835648,0.08485893665509925,0.08257003176472288,0.07670634969913159,0.07668559121018577,0.07255050737643245,0.06558560639182534
0.7799253043919766,0.33873370361174227,0.2953917880269073,0.26601381511688593,0.18639853891601776,0.13372427315417101,0.12797924312604667,0.0902828918645283,0.08615538652326904,0.07303699679402119
0.9084781581075239,0.3928357813089147,0.0591748425113964,0.05344997273065283,0.04699795941718913,0.04478236778405629,0.04436950237040525,0.038907136094003425,0.031865363839559346,0.0312196010699579
0.8956092256909775,0.30532065544104103,0.27695769936175113,0.09346712181261622,0.07812015698199518,0.03612576441312159,0.03601523822201963,0.03211617485246773,0.029024129475727908,0.028763111030076807
0.9078031907279028,0.3930940231514889,0.10335091636978104,0.051447406903942436,0.04615944761343438,0.03403109219262738,0.025853269986634776,0.023317817865227103,0.019437635508430355,0.018816921798727092
0.9888381006824544,0.11568010166100565,0.055986008481130126,0.04673683149811573,0.03684966535013394,0.02102817445549187,0.018817938454139604,0.013183742732401872,0.012186764704757559,0.011528343590260339
0.9938790588895875,0.06246217792602827,0.04749449877030761,0.04501333901415267,0.0357675894860659,0.029175944074617866,0.023057289040341468,0.018026362029416106,0.016423484633598252,0.011358509842844238
0.994378753388464,0.06064078977904701,0.047342964594307875,0.04499782090697521,0.0384171807272021,0.02684910570790376,0.01810799440941823,0.011078265693820243,0.009516682112640623,0.009070228934952115
0.885807033338601,0.3022491584981786,0.19767655626204295,0.17316733674342694,0.16566123221466397,0.07655862431227745,0.0615143529633641,0.052621755453802245,0.05028063896041281,0.04658567318874641
0.8389426726238802,0.4775804139447694,0.15511322895398794,0.07710957350240508,0.07384071272989229,0.06606775565504622,0.06596255208734703,0.059406209355462224,0.04667673187168725,0.04598444173842692
0.845642838937107,0.482052092472008,0.13014779700645132,0.05902986898633748,0.051920540290641644,0.04628390492235453,0.04622094816716262,0.045664841496778054,0.04414480036429043,0.04189182899525956
0.9739822543923666,0.1728767505596234,0.09298922103583902,0.0607875712602043,0.05024579603535304,0.04886823137634839,0.03298508790244384,0.025740399888295153,0.01974394434910234,0.01933823516622113
0.9892910563759737,0.07700929040593942,0.059132701133296425,0.05264730602051104,0.037949088404101376,0.035620285677154064,0.024473214026490393,0.024145164968994968,0.021653175893390823,0.020489199031771942
0.7692274763592358,0.43381520780360755,0.3851602943464177,0.14094897636490228,0.09040143468126596,0.09035238561526535,0.07525036672326833,0.06505484803304278,0.06236360353917027,0.04642131362035642
0.7355592587585299,0.5637304366118334,0.2915348249356005,0.16989584847219374,0.06685298141508066,0.04976718391070855,0.04482623731047773,0.040760193180183486,0.04074889248034968,0.04027354088570072
0.8393895530653753,0.3360598165515161,0.3188666941507282,0.17861237321651274,0.1483729279796092,0.08376433879752629,0.04875926510619777,0.048329953371748446,0.0438380962712267,0.038745902975178576
0.8798382713265112,0.3544081770022149,0.18051899111657388,0.13984470160309018,0.10657500205428969,0.06906099867038155,0.06511925178417649,0.06406897656327078,0.06283840080035326,0.051835679983508465
0.7061201876863993,0.5223785380962515,0.28011973571149945,0.1770238401271485,0.15771539394568626,0.14392284504181527,0.13909405865424607,0.1135178389703194,0.07940831182985518,0.06678813288513687
0.6582086276000169,0.6311898139527504,0.2837445693239916,0.16422180486675136,0.12803279652055588,0.11848412062613242,0.11003027127765555,0.051859685990943954,0.05074564240204151,0.040946952318736275
0.9945529489315107,0.07156340224803587,0.047708868613861456,0.040369294031134886,0.02447370418284794,0.02212485711055956,0.015313576542177574,0.010048988164690556,0.007971918401471673,0.007805518499880452
0.8880263872574974,0.38473238984069713,0.10783529315295387,0.09224709721022421,0.08229899036278225,0.060260030744487894,0.0593427717431091,0.056882224717941444,0.05501263603759232,0.054220907463336736
0.8785286403321116,0.36955429100871884,0.18540737178624472,0.12738940032795876,0.09950370617896881,0.07347661870740263,0.057396701110892685,0.053333625528067315,0.051120576923019745,0.04590424014058214
0.8924765441936062,0.37563178042731693,0.09952956402016105,0.09612190843966648,0.09530276794370302,0.0910308565339167,0.08541806968756298,0.06147683981930944,0.04478108313283843,0.04472256826609345
0.9660609634420075,0.1777336122695053,0.16010416155404703,0.04962802044650844,0.04594916119494187,0.0388444030121085,0.020228109093527753,0.02006602936296139,0.0175107553623484,0.01667203438770593
0.9220129513781405,0.277597076799116,0.13012624914232576,0.12212646533510853,0.09760486997864133,0.07535738338396668,0.0702205422287182,0.06392804541300603,0.05639030954432394,0.0431844826403589
0.9957256251015197,0.059275800025419385,0.04080257256662453,0.03270849823015406,0.0268456930162892,0.020655400235105266,0.015667598319218157,0.012372254254517068,0.011126185766468876,0.010509429841522573
0.9760513493700402,0.1920992330715978,0.04980748413787063,0.03686560905067127,0.03676202593195646,0.03413526487139731,0.03375530692172543,0.021204509251440032,0.021122391330836116,0.020252373832485453
0.9967582816723155,0.059312785006791095,0.03253040340524755,0.026866924209365987,0.020823090804592954,0.013141773388118883,0.010692476460976172,0.010559553581686794,0.00689585718477815,0.006820219320331553
0.964880578216992,0.17232284474588966,0.17214544061674428,0.050824023300025084,0.0459580083447488,0.038951614698582625,0.02021723566347351,0.02006726848099025,0.01924933341879321,0.017971057946074023
0.9257154499347764,0.2609991666610186,0.15867008477999578,0.10582721078839433,0.06562812644018425,0.06264319218368218,0.059501995147193676,0.05275522638494858,0.046899810319774166,0.045218031133271185
0.6506522734970421,0.5670185587017319,0.3533717850915391,0.2504555422778837,0.13105675629843963,0.09828046809118839,0.0893736602611549,0.0546312715124591,0.049603867272395935,0.047774436664995854
0.9777845225695119,0.1920142590343319,0.03869160400823719,0.03598675001799149,0.03385493239714317,0.029470012521927245,0.02909455190740915,0.019104808967362434,0.017488698722220787,0.012834634054358623
0.630736174785308,0.6084779273472938,0.4176543983639391,0.19634363970710608,0.0703254625908937,0.062282371340144964,0.05335424520296035,0.04353367607065103,0.03573141057653146,0.024675756483696458
0.9225468349183984,0.25766450959135156,0.2126967858005656,0.08268378938423732,0.05927971025623907,0.05089713912386295,0.04894150655934423,0.04746563048822899,0.045226460424036594,0.04466124125241661
0.7687973405934192,0.4897991775631247,0.3559854422697367,0.15080806637998834,0.07067467048425512,0.05777726286989697,0.05240756663711574,0.05229545900117556,0.028786609847567,0.028583468348406648
0.9928312948232472,0.06645028038186884,0.060404182289904976,0.035386938175735884,0.02973346605051439,0.023302603352618884,0.02096362853757647,0.019973674781420717,0.017377409521940394,0.016590513330074993
0.9501069553560416,0.23961052917534598,0.13445717954829803,0.08825172976527529,0.07151090685818642,0.04456674545974026,0.043113136149044835,0.031163520054548668,0.02747688752979407,0.023083977507522623
0.9940256338958098,0.050239527721783035,0.038094016629336,0.03602784808461046,0.03464589922352468,0.03050579018891212,0.028708649915464086,0.02802700841218044,0.02193761475353582,0.02084391188326051
0.9656373262942962,0.10324537634118164,0.10276834963243221,0.10063996344133616,0.09753634124492473,0.09626344172309804,0.057722603213998844,0.050244337497005,0.04253758044518225,0.04021866317139427
0.6863800600755218,0.6582876854220017,0.26253127934996384,0.08068239524819355,0.07071610202003,0.06586731256518294,0.05360522640593003,0.04343420089930411,0.041755211768435184,0.02399064723020178
0.5971327638560954,0.5494629843554261,0.3586373362861057,0.27704141020006234,0.13597115357121028,0.1147666099629149,0.11475356438541887,0.08857987075490573,0.08852654921604158,0.08440531336043836
0.8945348775808569,0.35698309982356646,0.18870293871310545,0.12184688517964698,0.09291495501871215,0.07074978764525487,0.033642364412013535,0.03141087509928966,0.029206242871014233,0.02426893823369192
0.8196873501846339,0.5559853080317994,0.07073327592882621,0.061088260522632706,0.05836070869876307,0.05685874811281183,0.03490117166261348,0.02036410551917529,0.01837282779365332,0.013124801937848747
0.9810908138268412,0.09717086306625101,0.06716931523098787,0.06239733463983765,0.05692465938478789,0.046820710232551466,0.039910291747393974,0.03458694784389235,0.03386287506720304,0.03334681370732863
0.9328776236879034,0.24649022595366546,0.10254619908393328,0.10110605565542315,0.10074433411312148,0.09850465794111551,0.08558889944792075,0.07042803010702088,0.06555659065994295,0.049779658230763565
0.925239499940814,0.2551060722989759,0.25287346073105404,0.05983037310650263,0.05092735116106866,0.03955668170739187,0.03568879523579161,0.031029853538060998,0.02656612977302939,0.025021499045828205
0.9957202912872152,0.06759632416414199,0.038468527832794176,0.02345255216875498,0.02089061372206823,0.018170051150884412,0.01694155583587103,0.015961562667802395,0.011352587930658726,0.008843877049700447
0.9927422826396693,0.06786472624347566,0.0670497497316341,0.049120863646290716,0.03883860947432026,0.024341206594039964,0.01809186087836029,0.011535752040951952,0.008688437086362553,0.007861091906517943
0.9449128644195007,0.21996882741831067,0.11970737583020147,0.11806663079752441,0.102134062190037,0.08809561597916547,0.07306608660729244,0.03342963233367037,0.025750317637377403,0.024271010265690656
0.7295719675658358,0.6552337028888281,0.08349375091802741,0.0827475281021391,0.07220439885695158,0.06832949626199057,0.05053995273174502,0.04969819600126523,0.048115412123572454,0.04558009588236315
0.9651855651279012,0.224886940347247,0.07991444605380672,0.05457432110740712,0.04879301432732755,0.03017447982335417,0.026647321508921438,0.025828838844627,0.025151898481291908,0.019545359198165538
0.8465294596064362,0.4024009850260029,0.25626267704682254,0.14114013146251564,0.11868240629300468,0.07561274737615173,0.0506796263970725,0.04376103135708968,0.042588903002791244,0.03910011596672884
0.7258561634792001,0.5623654107971674,0.2701051212507301,0.1660170141271769,0.14833669061764546,0.0982899545008865,0.07277952594145354,0.054981493504188385,0.05048399882468479,0.03428379613064078
0.9367203564931039,0.23450419371735737,0.18140507466114544,0.1171146770337382,0.1003810726776224,0.03786464208949597,0.03347183724373691,0.03305055015749367,0.026938718666668512,0.02573867179885003
0.8379782100710401,0.394141596412571,0.2876387016763379,0.11108609249046587,0.0827225353875584,0.07890884031696199,0.0678070622527316,0.06540769947148996,0.06234403763777447,0.056957016503616946
0.7492912707261931,0.4005891254241043,0.32713886697765043,0.22782231636508413,0.14452012800460678,0.09592440541328871,0.0933101014686006,0.08483794420151909,0.08350603490763339,0.07880269649974987
0.96389534382334,0.21095223363197527,0.15144555280323127,0.025139031931464183,0.023105381958363164,0.02133043821399471,0.013775316606035655,0.012643694953429568,0.01135269335060113,0.010641662258256714
0.9952556091669739,0.06914763926287451,0.039422833423328696,0.03288771297031264,0.02345640157454545,0.022559261051706476,0.014966017191856263,0.0109949948996588,0.010335829153626923,0.008804571463852206
0.9962011853403898,0.06925145941564252,0.03290227204122191,0.023497534955895343,0.022929982005658614,0.011011564789328111,0.010892525553521593,0.010737772410414464,0.0071888229201867,0.005442370060241135
0.9561011563184013,0.23475491126179301,0.08436686525762341,0.07127199372957703,0.06153018458211308,0.05813614012715775,0.054773912738572884,0.0326420755745757,0.028015300979421967,0.02699045369702812
0.9979797979377755,0.03782757260555257,0.02401017077563378,0.023265842533372383,0.02223631603689537,0.0161180276182451,0.014071408876614233,0.010343793155843115,0.009528779991134585,0.007809615797074555
0.9239853171293572,0.24884640593885485,0.20355237567994525,0.10763587696205075,0.08883221385149515,0.08235849685681557,0.05956343069370898,0.0426344416514941,0.04047241709782624,0.0364387536631711
0.9538986786076213,0.23063650598490465,0.09002299359194083,0.08214698433014017,0.06711663323595628,0.06149621993274421,0.057773906806538385,0.05604039945588303,0.042906260703926134,0.027364682242377713
0.9929712016748685,0.08949403616722287,0.05777423529473058,0.02977143330943451,0.020021690124684407,0.016834692814725376,0.016509239315348895,0.013664671482970263,0.012828950586569953,0.008628107867323832
0.9947636954218438,0.07439137989111654,0.03922956308487872,0.036397882969234276,0.021808158491447245,0.018359731995271394,0.01561314407879931,0.009563556806232368,0.008738114940524584,0.008436501320441847
0.9018350997111381,0.26141351836513554,0.221191554785583,0.1751551721670032,0.09484859060970954,0.09315376227271151,0.0854191843092239,0.07361308065319465,0.05830789521133642,0.027357704462139476
0.9808342271836382,0.13256942362677232,0.08883827056649869,0.08717870067532892,0.027535535066990184,0.024086110072233897,0.022821559552987054,0.022290311680908795,0.021580636606056035,0.019572044133683797
0.94076191761756,0.229290040685989,0.13778177362033625,0.0999971170422486,0.08510781580345764,0.05497127714254832,0.05031065895986699,0.05026828639065067,0.041706260721471745,0.04137908503546409
0.7672647094744388,0.5727119739918056,0.14749534963609212,0.14653590895737015,0.14339336649933387,0.07992739263480383,0.042677710211314265,0.04148771784439093,0.03777594758685284,0.031418711415690546
0.9460817996558227,0.16687285659626913,0.1265807219838635,0.12372347395190857,0.1195759574990545,0.06226252101075735,0.05508932201124479,0.0527303110917543,0.05094488534676134,0.04844953403229318
0.7269811236129323,0.36549401159468414,0.295565243029599,0.20743157928262748,0.18899169973194538,0.1751162545547747,0.15698071766285968,0.13504682854662498,0.11823901075395864,0.10740463938186871
0.9244551964632668,0.3609328685128183,0.08355389325253591,0.02891069837387026,0.02839487372427849,0.026536836459441705,0.024988221389472945,0.02473672006091318,0.022013470653852164,0.019152015463612778
0.8945735225667549,0.38379434475523777,0.10725754427479399,0.09979136156063594,0.08907563269316982,0.06996484126255928,0.05319608380013157,0.04885300109667119,0.04113168367615817,0.03897237782189621
0.965314169624581,0.22714303657440074,0.08695915131599209,0.062184478439387,0.030018720416584044,0.02500506494400321,0.02488739213349483,0.019918439091303447,0.018920522989231272,0.01884071222038766
0.9127574855820775,0.31152878713228066,0.19440908093180986,0.12092107093015936,0.06107500115888604,0.05533205218992607,0.049231459186244275,0.0374263800563108,0.0359174564017208,0.02369108149421078
0.9618400255774635,0.16148309675394934,0.15010429547965526,0.11635400999737422,0.0747427193047542,0.034661092251379526,0.028619695797250138,0.027263894063643164,0.024332403281455174,0.020768206630531895
0.9128086734768945,0.3059239138384382,0.16002947629874992,0.08000907290781538,0.07621898743564993,0.0740439487504291,0.0719769328761686,0.05836248464234365,0.05084869099295974,0.04642977609098038
0.8212508992848009,0.5086828111167768,0.17326526191183395,0.0857447275807842,0.06326879330566937,0.0592309456352016,0.056700469073775614,0.051009479415884136,0.048427476541602336,0.046079573812671436
0.7405157433920042,0.3474005863750939,0.28975187837347577,0.24930452775673292,0.2180041089012104,0.2165225943122682,0.12674391454439465,0.08680415693328271,0.073110054208941,0.07116550623795188
0.9992705293689307,0.01985582026306613,0.014823643614630396,0.014247220250734105,0.010847128217804985,0.009416450080137145,0.008739375770378265,0.008704507848960888,0.00808176492245422,0.00740482479139699
0.693432641812709,0.2988807750742028,0.26830324073846323,0.24546661404036293,0.23859724416496686,0.17782942846957694,0.16770003961444072,0.15612915348084175,0.15132571938856873,0.12138892385671338
0.785870240990011,0.4951527558488613,0.2159333626551262,0.1825611711369788,0.1632972092036541,0.08001550979759806,0.06060600850337434,0.060409884399768146,0.058965752854615035,0.05427157169444876
0.7580831108708451,0.6030415899119329,0.11425791918213705,0.10357430418420657,0.08943739112535956,0.08448097580191118,0.07669719930086707,0.07064918522012806,0.03923043464979051,0.03008235173608395
0.7205218257278615,0.6741639473626881,0.07918739777205978,0.07819474559449943,0.06448287250622503,0.05912418300576435,0.04227907435040476,0.03274290150945389,0.02650812627883687,0.018104482588660337
0.9790148335141167,0.12343456137587969,0.06544055024181386,0.05553423221064353,0.0551512475856314,0.052391200734887136,0.04887412872366367,0.034371622438635015,0.03362267730372949,0.03318781763237561
0.9499381702013683,0.22419341209257487,0.1152296487581824,0.08847376027008362,0.08753652261653345,0.07139830487072915,0.0632965462566656,0.04934443685764295,0.03243541642818609,0.02812062560463185
0.7260689295879529,0.652645726501795,0.1111080573003673,0.0964621969354855,0.07475125177021608,0.0678736944005437,0.06588647278406799,0.05266098029022656,0.03877822144539566,0.03310965787571869
0.7269019121153685,0.5737771432289187,0.34570770345947394,0.0615040842873848,0.05514794467108746,0.05292179930673816,0.051514370325770796,0.049085414910133025,0.04675039777341558,0.029127629889548944
0.9744248791743414,0.10759561456272257,0.08358514161721263,0.07911919029103882,0.07191504998247508,0.06681448506438244,0.060338911313116146,0.05039502261618196,0.049271603881978335,0.03727620079176128
0.9201492578703517,0.3651749838767348,0.07774438925003485,0.057653180314573,0.05686111295892874,0.03088759803570668,0.029456095610172893,0.02833098867601003,0.026529571499303004,0.02180346362544804
0.9705443224830943,0.1597910468788687,0.1509386378266242,0.04262800881805105,0.041397156568716204,0.036999332885224036,0.03536049579538805,0.0306041353387971,0.022059676293565495,0.021662672738274772
0.9782858655596487,0.14735084909784385,0.06963098732089215,0.06750473916321935,0.0462741923833687,0.037992632422111546,0.03490569584061685,0.031098163593186835,0.02915314657036216,0.026071281042151073
0.7784625053172617,0.3270364840934762,0.2671375922428995,0.1926480520841223,0.18302245330177447,0.1643967769011895,0.145744193927591,0.13365218992540634,0.09269774220599987,0.0814188933159166
0.7689482711548554,0.4923445372200677,0.2086546592860678,0.19627974633060738,0.14371903450126322,0.11189149197958198,0.10456917650513134,0.09035106552306371,0.07777240354328027,0.048942656792423336
0.8264916078063537,0.47902151610878285,0.19021276617813498,0.09735646191573759,0.09532580222265136,0.09445445039999442,0.05485038904758759,0.05328526959206222,0.05289694316381466,0.04510478580811944
0.9575112659837688,0.21924852754407367,0.10306700496415158,0.08523858186611173,0.061973209970467284,0.060004907918409,0.03912842016287934,0.03066887659888923,0.030660128847751385,0.02970261229738624
0.7142482063047711,0.6843832143535662,0.08771450558587134,0.08014834328695537,0.0561953468708321,0.03792028011084339,0.026841511228679667,0.02066089122351247,0.019638285680495613,0.01718786288073156
0.9656014772889715,0.20059947144440127,0.08196204715238983,0.0810065089967242,0.04827019730739756,0.0429299313526321,0.03627162219842642,0.03238163880790493,0.03155715266214955,0.02982201240098345
0.9436830835136889,0.2438032470894713,0.11025904960120635,0.09421461648880355,0.07735137361562866,0.05870377661520113,0.050645274660426384,0.04222183302993203,0.04028099093887337,0.03625985273905728
0.889637349836871,0.23232189854213398,0.1985083486451061,0.13836620936066218,0.09560489298478536,0.09231765451468553,0.08601985477039868,0.08579679920238303,0.0816555933466841,0.07427178308384394
0.6244520754496959,0.5615267507213508,0.5080983167181404,0.07033195511170114,0.06597203619024604,0.058770268971288606,0.053364761202574364,0.05106706490174879,0.04277959874363327,0.04097504489437828
0.9594870759501304,0.24988054474581792,0.09555645672211241,0.04608531078487168,0.036386144075443,0.030456982546799852,0.02722879372942034,0.022713145637082304,0.018412644955197795,0.01801465074974162
0.7586543304993227,0.3672963343634405,0.3028366029655635,0.24202177911094813,0.17919738912217076,0.17543900952688454,0.14757604535309135,0.11871746894976382,0.07718649192870936,0.07102304599510276
0.7041505535146462,0.3570321620876317,0.32778380346426916,0.3074304766568048,0.20001595358610022,0.1609900636819956,0.13323569726497747,0.1169155814165117,0.10855906481828857,0.09639358893723964
0.9973229242279124,0.04529765631203315,0.030919845113934124,0.026629640875716388,0.019345865485754964,0.016260094477878902,0.012650425313657685,0.012135562776398396,0.011809122572998624,0.009552250534299521
0.649306972209147,0.605931554826867,0.2581759995217907,0.16393055510241633,0.1373974582668445,0.11754065441199156,0.11516922700081779,0.11329205072593626,0.1010191653103513,0.07887715944230575
