0,1,2,3,4,5,6,7,8,9
0.9999396276511415,0.010978830541674853,0.0002086318614954795,0.00018599349009979088,0.00017913031755261582,0.00016843369354299366,0.00014182575454128117,0.00012764377183760122,0.0001214534163045132,6.156490439338537e-05
0.950506749456077,0.310310644587565,0.014771324230851295,0.004969963811797353,0.00043881767658299984,0.00043862859868342986,0.0004229503439956057,0.00040631772696624844,0.0003446767880411949,0.0003107849788050438
0.9505080560053574,0.31031617260120653,0.014696846237165995,0.004636245500973029,0.0004081765998854613,0.000333892189087241,0.00030786675869064585,0.0002604932677527697,0.00022255806732758514,0.0002124510483255914
0.9999396538847434,0.010922907321263753,0.0008189381871662977,0.0005023122552680305,0.0004590596073787185,0.00023732400398227793,0.0001836101963584033,0.0001764677706106718,0.00017251208812982957,0.0001660293238163199
0.9999395989401767,0.010962583018756937,0.00042570969850540166,0.00036599957100818967,0.00027494756349422046,0.00020713096787369824,0.00020700364393427275,0.00017729433905858683,0.00016606386944224716,0.00014049154720695924
0.9659533282530096,0.25118633295748366,0.0587905888609062,0.018098349831403716,0.005658080345873435,0.0029456419708186283,0.0026979445974300064,0.001650971727399601,0.001618728895520591,0.0008521139481384094
0.7066260182045487,0.6728055215119098,0.21803177922954414,0.014819428522629225,0.013408344986177222,0.0074706324293607115,0.0034177961564223133,0.0011913051563975016,0.0009840296813497735,0.0008879366469229165
0.7048840398467385,0.6954354738350034,0.13797651673510888,0.015087891854579516,0.013150030163669849,0.00749091956183196,0.002773201454856638,0.0012162748918690281,0.0009181267814737435,0.0008132031632008805
0.9753921515661594,0.2198541502473468,0.013637341617066851,0.006493369336414554,0.005299463992377567,0.0035557382763490085,0.0016961043693831499,0.0007675331913779404,0.0006823823918218391,0.0005242839815367489
0.9064807381119393,0.42195068158368765,0.014092021099540627,0.0064202431273745995,0.0016674137313489905,0.0015439603082183294,0.001480214660500064,0.0008140871266701234,0.0006600020345627189,0.0005386269840169938
0.9064789503924665,0.4219562616274976,0.013376000319244522,0.006367583723461219,0.0037289122171836136,0.003267524210635891,0.0013827667532792655,0.0009601947601916298,0.0006178894938903473,0.0005975017842053436
0.9753888644954489,0.2198526819248269,0.015025312899573082,0.0060211393535140306,0.00282479009854775,0.0021538623915082745,0.0012071275480735383,0.0011572847976644724,0.0010155664154303553,0.0008938765664610104
0.981416081878893,0.18753977805810035,0.03200403677785571,0.017049121866576384,0.014033381952737593,0.006118167547805043,0.006083353494944704,0.0051231158806823544,0.0032316334967535006,0.0029489128396323915
0.9999395978617525,0.010908760412106493,0.0008161415057837907,0.0005151777293307256,0.00045602044156333127,0.00042223219444218694,0.00036154883316663833,0.0002836208792264883,0.00023547225058187288,0.0002042191854240328
0.6096701809578905,0.5895352695178041,0.5119648028837522,0.13327542727896108,0.01609236447800291,0.013827756086363044,0.01275260834335252,0.009398106877681764,0.008182312041370585,0.006852542544827411
0.7214788485923039,0.6787985267815019,0.12673084293286957,0.04410475728655288,0.01739166888558332,0.01316730241816382,0.01021631664485675,0.006851164453133931,0.004561791180311386,0.0035947467642310983
0.8566911815186601,0.39429381249362594,0.3274528049443236,0.04942450651159023,0.0226760734332217,0.013145978695279814,0.01034045110700057,0.006442717819551117,0.00606370376017004,0.0037467640886528096
0.9917236478358644,0.12254237002219714,0.032023119405784145,0.0149665226579305,0.010158481236973278,0.00943521495922563,0.002910615414717858,0.0022676994005772773,0.0017522446051406486,0.0015414572819118758
0.9206238160300944,0.3268940397817368,0.21240269690171426,0.0173444248424212,0.007078562940004751,0.006664435446946343,0.005182027809427044,0.003939053458088477,0.0037911871791593194,0.0025969347875351195
0.9190570592381198,0.30174663962781617,0.25206378742109775,0.02102228729812305,0.011961695510492061,0.008726892498332623,0.005531526164372489,0.0050412227622913175,0.0035001460764512967,0.002874588103188721
0.8605728516535379,0.4934025997864029,0.11374488492487722,0.04805859244341086,0.016973513169693755,0.009483839904837706,0.009465635563942344,0.009110382995459155,0.007870114926755005,0.0067783387302495345
0.9101856650124537,0.33066423959822455,0.24704202172732287,0.020663548399930124,0.01889810619128294,0.011453002048130951,0.009876276393995305,0.006790329225984722,0.00593970221646477,0.00482469520564211
0.8693312137933785,0.4896167708506273,0.047052206356903284,0.04078984675376674,0.016176732178792327,0.0129120992776482,0.00931221420053617,0.006762447265471311,0.00518588922411038,0.005178713081728674
0.9856295011822044,0.15081917715763068,0.062318244286893164,0.031211711090850434,0.021111532950672626,0.012925761219359804,0.010452068119357023,0.008263466307587198,0.005553374435500292,0.005235853402088127
0.9602218600493052,0.278735125596699,0.013430904790087293,0.006536269909321554,0.005202716906116291,0.004287725809471631,0.0016644417155374288,0.0016636982364959386,0.0010223589612293324,0.0010147134056075803
0.8182696199573293,0.3726451222645595,0.3432941085245372,0.2139112343184379,0.13461527277883648,0.0854102907270859,0.027261967674892612,0.020423643832755568,0.01704212467714793,0.015341219938887492
0.8781605960045599,0.4108036810632762,0.2155471470326889,0.06898371177200503,0.06360998257472451,0.05597322095727065,0.023972417178321007,0.018601201476224006,0.013360263741526067,0.009728019792623947
0.9602182416509925,0.2787330442208383,0.014138433756175274,0.005493914959169586,0.0040414836446638295,0.0036552164075051635,0.003438298804809305,0.0025651785272504616,0.0015160972121320449,0.0014547032170024849
0.9942971706318735,0.08571415243490213,0.05200618345699487,0.023118817166255235,0.0190816979089295,0.01034749559497896,0.010086230735993561,0.009088027985321491,0.008959565365798818,0.004603279620566125
0.9970274210560802,0.05543979916776211,0.050516487702160925,0.010253137143044584,0.009761728272294106,0.005456804999510285,0.00543116933678229,0.004456632809480002,0.0034027244908950206,0.0024250724267008855
0.6959605329982748,0.5884751012990518,0.3042962535908742,0.26847842551239387,0.035930361225747616,0.031181357172050096,0.02392227374293195,0.018862132067031055,0.01884516584613491,0.017690832003573097
0.7158685055462144,0.6307791647980777,0.19187119593525057,0.18825384177974075,0.12373165730728329,0.022786230699493076,0.017210675060000027,0.015541419291684429,0.01493540462923821,0.01371134789278466
0.9805945864912183,0.15188829474295887,0.11680906904390143,0.027864695199695463,0.025036705397732305,0.01033602233304782,0.008643640880235337,0.005456486046081914,0.005074735922937068,0.003910467369507024
0.9907340973029467,0.11844294743679835,0.05290866476087564,0.028515423465660234,0.02250973107711721,0.010305214260103451,0.00909703608126927,0.006406931433376187,0.00378982420281008,0.003706323502835117
0.9753025289487607,0.21190787577210982,0.045846132871251145,0.033868024844035095,0.016958097095662948,0.01400812905334026,0.005589013320104288,0.005557614155920179,0.003583248351615544,0.0035766394837126623
0.9663393235906643,0.2186388471628709,0.09671837273794134,0.05710066762350412,0.05014610693215387,0.04708414996165985,0.014079452916220253,0.013926355681458964,0.013531738536991371,0.012962933525278044
0.7394198128593492,0.6385334807789763,0.17742810551640353,0.1031949129592724,0.041495747471061044,0.024750894022900382,0.016518067133306814,0.013907815716102072,0.011020027247243847,0.009978237498430992
0.8532201295948106,0.4941275613518919,0.1584082297652713,0.03282820993090461,0.0292845690302378,0.016575388976005762,0.011879202515601867,0.00877405668291929,0.007877321763760922,0.007127341393453863
0.7377610021727127,0.6561710976828001,0.1273227096916955,0.058724541504286035,0.046443158020981944,0.03025487231069062,0.029510370797533828,0.018120028572281715,0.01631638123543184,0.013445221486111079
0.8341315913148128,0.5169019747415226,0.14770617433480732,0.09227940525813737,0.06759576425060414,0.02289576273096492,0.019492784263190073,0.016266367937790006,0.014274432201038103,0.014160601873249934
0.9880500638081872,0.11445103285081103,0.07591261749491966,0.04235116700921924,0.03896216766139089,0.026002657351141645,0.02069403882439451,0.015733479843492038,0.00990504178466104,0.00688145050847191
0.9896481782828986,0.13679178919738003,0.03276406991018377,0.024050124771028695,0.01010577579298675,0.009440405674606113,0.003100492101096658,0.002256517082028214,0.002125355386796711,0.0020835401134193417
0.9084995147652619,0.30681885298061407,0.2501796067571071,0.0680958684208352,0.06332828560441993,0.052140358902982416,0.0484407858111013,0.041487854500088205,0.024965087265020912,0.01909343323299919
0.9984148033960484,0.032476801087988914,0.030888548789460974,0.027032632033378714,0.014723554099103258,0.010541966528865802,0.0075817461791063984,0.0032896493499743637,0.003056840809520403,0.0018790709727909585
0.8255951087433439,0.48008290022428235,0.23472138228935777,0.119704711749202,0.09374419952999023,0.06163956861234346,0.03882449995262641,0.03399170136893007,0.027163834562123592,0.02662690189549687
0.8564662460577588,0.4660511903181054,0.15106011312503947,0.1276408940376984,0.054772120251864016,0.04911565692908407,0.04626106088831301,0.023122719625672777,0.02123804390275775,0.01714011458879593
0.8636906283869219,0.4946362356574422,0.08949557931241937,0.021860087468734184,0.020420195801295674,0.01159452775656006,0.00962096604388378,0.00809871428496294,0.007591193325735942,0.0055371753215523924
0.6084334049623553,0.5453784842798871,0.5041644464929265,0.20571000875702455,0.13866823313038798,0.08890732907237053,0.0474611058159679,0.03538502885821725,0.027494817452799355,0.026805332639619754
0.8557854248843021,0.5024346313978817,0.10582232110912038,0.049784624685287854,0.017891268647770214,0.01581414045621459,0.015237316628631675,0.01267614797463948,0.010709255988982598,0.009223461496720639
0.9983011709130657,0.03989907488303841,0.030367901321436817,0.01646212699625837,0.0156220625642129,0.014629440662588995,0.006583439305669628,0.005912039657036035,0.004768553526813574,0.003395777583270996
0.6783566271639297,0.6735209482746615,0.188906495533597,0.15426808792783905,0.09666760440427208,0.09110701942277777,0.05550836013125118,0.03502617251069306,0.03289895994256755,0.028722145422519746
0.8006356773796796,0.5345651312795953,0.23635501131597395,0.09627210746803147,0.06593476003431166,0.03458536276663894,0.030392560741356597,0.020103799127644432,0.014491048326976829,0.013114758170922988
0.771099637046574,0.5836796517299735,0.15519891590384027,0.15317587903231553,0.08413969391797926,0.08305192444315597,0.02551123876602937,0.023499699965271497,0.023128835145738037,0.02187680619629523
0.7725988200938988,0.4087811874610039,0.3702383082940749,0.27872443847846506,0.10183433304053364,0.06540403008712982,0.041280936214180955,0.02771939387820861,0.02529902578181908,0.02248703943242671
0.9800234895418765,0.15179220957754494,0.08126286254082703,0.08066950867356547,0.03119363818184687,0.03104372330661144,0.015216239524580994,0.01438204202434346,0.013704605901042834,0.013197593392684602
0.9961589350038302,0.06265856685118902,0.043805916316473695,0.03520338594670008,0.013453197696043903,0.010086677247135002,0.009592659559299811,0.009362526688974821,0.006926746338280441,0.004946386269934735
0.9829247478064683,0.16855273580711133,0.05442944858484073,0.031310822970768606,0.030618081764257902,0.010699338838895471,0.01068950658369939,0.00824270610751506,0.007031307731740882,0.005703536577119338
0.991556123780637,0.09025630799070752,0.06780342116055955,0.0544916193646003,0.01925322949663705,0.014648597925209526,0.011290968233576356,0.010206439480250587,0.009726592152513612,0.007910004706863412
0.9988909743973117,0.02878448256983889,0.02664520897329796,0.016602849173474366,0.01360644502295852,0.01144614434607007,0.00660958288454516,0.003539363283306931,0.002254909571938246,0.0020697107410661423
0.987187586271443,0.14974221775357754,0.031031113968619073,0.02382584167571086,0.023593556214347486,0.022316827372968213,0.014170235292427332,0.009606145696071444,0.00614225955346224,0.005789346441239202
0.9571973204993339,0.22873047373527958,0.11058962012375677,0.07754624332782607,0.07557382731240175,0.06311181074021006,0.037355004602208974,0.026645255208540976,0.014099020675450312,0.013820392145727648
0.9990448995955137,0.028025834405163163,0.024610385209940903,0.01986658367671083,0.007417805325306667,0.0035942139222427186,0.003541688973420272,0.0032064747217078592,0.0026268971627025424,0.0018503555319183118
0.8159623978305812,0.38525614005660913,0.25341642904329903,0.19408960856010296,0.17806669575291129,0.15204444194568245,0.146118837510361,0.05535050848207178,0.027375566027625434,0.026767188107423588
0.6678292613410227,0.5162597318847618,0.39390358063649694,0.2968033672138675,0.15025325879178092,0.07109230446916559,0.06364256780410159,0.0634018997591149,0.051837134962630475,0.050459780793935836
0.7894440142292548,0.604602587512092,0.07070014513187749,0.04776079560957237,0.03681843275025253,0.027044173939683232,0.01949181432226708,0.017575770201659645,0.013446708504851974,0.012596208694192005
0.995541411856731,0.08711237480497681,0.02259641624032287,0.018944309415742967,0.01035360687289777,0.01002761167918004,0.008613597229200324,0.0062875304977873005,0.004917532593927887,0.004668523773528499
0.8664750468460695,0.4467078472470609,0.14904603115890677,0.08437200875414377,0.06992162191204493,0.06787813879764235,0.05224145803785344,0.050082411580304124,0.03952515498677082,0.03202793774520057
0.9967831257592544,0.0564996338761615,0.05382724088941836,0.010224972990150304,0.009857334598400064,0.006605016887958995,0.005229602813081364,0.004458757420308147,0.0033845048529266668,0.002445998612108158
0.8969163555737296,0.30972799101941967,0.27553823668159305,0.08162790780902845,0.06722378684020022,0.06346557543475931,0.05557177463305045,0.040010755531187284,0.032575825785276756,0.0215876275953771
0.9944691553339464,0.0807457273580818,0.04843093718449765,0.0351238624540837,0.02011062158509695,0.012260953510067315,0.009591631508590558,0.008471484635736739,0.0075940409904767725,0.007431683838338366
0.9982468706891675,0.05486661788892456,0.010290757402675441,0.009885353770147926,0.007780666147771371,0.007608700842846685,0.005947020276732759,0.005920989965527913,0.005387819145342882,0.0046725954044184205
0.9989406281612021,0.032427574522129396,0.02289768351219828,0.015644212760853003,0.015006387965123812,0.005134640052825302,0.003689278641550925,0.0019271062481440405,0.0018227808033181797,0.0017888078202085123
0.9725732309001562,0.14666361498664082,0.1202576947545653,0.08674894281308351,0.05872241746926985,0.03336724322197851,0.03295949159317534,0.03162297428071571,0.030428435627403064,0.029460175508889963
0.985991789771154,0.14220335106588922,0.06471082799578787,0.05453464342357678,0.01017086946560219,0.008984038138685379,0.0064396222058630765,0.0060290120274391085,0.005913004306319786,0.0043911983660803325
0.9993833629050809,0.03155586151523718,0.009500258489593983,0.0073403747462681,0.0057107477298027785,0.004886247885364207,0.0032299041622860267,0.00232521765901869,0.0022669434336714204,0.0014972569461646147
0.9459260138490216,0.2840242235601306,0.10470306320817739,0.08436136220517906,0.052929846351243474,0.04710636356180692,0.013646827726502928,0.013231449479695281,0.013161875536262661,0.01250933134947042
0.8267261815920808,0.45460999097493376,0.22030749801372013,0.1670360256842848,0.08068432338459935,0.07208294333979887,0.06857774587647138,0.06451279740949681,0.051246504529157334,0.04795425183931255
0.9999252764271335,0.008979453220799901,0.0062230552556797976,0.0029976548561497034,0.002382421788998608,0.002284279273794399,0.0018340087960532886,0.0012826109019218553,0.0011256476835598158,0.0009548269440246535
0.9865333780678515,0.1490395637834553,0.03463079965045851,0.03097286834612602,0.025324675612495604,0.019659779919693345,0.01913619863188644,0.014597272625549253,0.013706358143948433,0.013332258592845286
0.8517984246285915,0.3955507148671022,0.2429369585350554,0.1443298718851016,0.09308016842001593,0.07895717842379171,0.07610994760953348,0.07555396498252312,0.04678366419000067,0.04288743410235773
0.5657970038117466,0.49756704635886,0.47242746978995337,0.32696607260381166,0.28490360562233935,0.08501736939980706,0.05031457384062752,0.04539214768895265,0.044193236821337405,0.033752585842179335
0.9428182398236068,0.290972420180705,0.11595019118394057,0.053722549932747825,0.05123147766319411,0.04708461428489586,0.038779150981957604,0.03476721316610283,0.02351963128053319,0.018972242475921587
0.9580425493707562,0.26490114161163647,0.05004035050139189,0.047355581987484525,0.04266650032629211,0.039056447474500315,0.03464368597521797,0.02782850132579152,0.021416867078947528,0.020917290132268323
0.9232670123927343,0.25090261555252724,0.23497622535614354,0.083093525795808,0.07692306710164908,0.068815698540967,0.044778663318382206,0.04335458005308361,0.03783007612871476,0.03756962204554163
0.9404463474968381,0.2672295784848393,0.1985672396062417,0.04319499885688773,0.03712823694481489,0.0257868922110607,0.02318788014335609,0.009556712899288427,0.005658228566968348,0.004591878258831009
0.7055857474140946,0.6016401120608414,0.24978327480954807,0.19764821666321275,0.09865108413049466,0.09494185461557665,0.0828842002845387,0.05496134540848149,0.04128504839613003,0.04062861443575612
0.9168588701468012,0.37343682996204386,0.10743175765738322,0.05616555518246138,0.038512813143961974,0.03244109426600996,0.02571596963277292,0.024819706484013434,0.018532943991384162,0.014878242002303515
0.997415061046981,0.06105059778627001,0.03224264143887118,0.011289278134594504,0.009977417520453172,0.009093839262931414,0.0063985281428162975,0.0031268373324270645,0.0027143615533506294,0.002486984747630234
0.8996901547271425,0.3888074594145852,0.17581024688134708,0.05273546420309552,0.04151557434495595,0.029081954631408457,0.025745382415914817,0.02429212426281218,0.02148101980125815,0.01937347031914291
0.9923149035191813,0.09527454078396415,0.05450276183229714,0.040011227449670006,0.022147587584888842,0.020859042597033663,0.01579031734088385,0.009924830750223995,0.009023620042956898,0.008489247690944387
0.9938403873288862,0.07580752746958667,0.06229908050167215,0.03310362388423554,0.02883794532483978,0.01801402255000559,0.009452746837978225,0.007945989745265766,0.00766541669296396,0.007156431307671926
0.9235944648592489,0.23195037860747264,0.20354138072979786,0.14860019456536808,0.10831509976236438,0.08387767413790476,0.04647660437198965,0.04534617756828443,0.033392656662722404,0.031008767293903967
0.9794442393153673,0.13207355765341827,0.07606639685953485,0.07565297717676223,0.05979148092829866,0.055792749001471284,0.05018285817484484,0.024693002347299858,0.019105481500974516,0.017980909299194988
0.9799481171384204,0.12624540696804418,0.10024446216336894,0.06526901285608235,0.05047105597926086,0.042492735628564926,0.03567058011058058,0.032553771255145414,0.026332770109591206,0.02049388858784736
0.9684241171499024,0.14868567452510645,0.12425235163997145,0.10327243848927059,0.055384895679470456,0.046080390487209424,0.043913335366718,0.042947214251183745,0.034739345226162455,0.029322461263399144
0.9866923669714872,0.11309338996201963,0.09392261857362266,0.03540570736914061,0.031732125713079866,0.030158218039656307,0.029761226836831266,0.014866250303978212,0.011026215786078866,0.009250661527725978
0.9639067476909411,0.23797504676827344,0.0908398818486213,0.05289532501001589,0.040890409277608675,0.017257652026027522,0.012764217015278571,0.012413505877746877,0.011757292823160037,0.01159849660129062
0.7638930158407596,0.43508689391805305,0.4140496422728628,0.15676890313094685,0.0838012042824762,0.05501447137450116,0.05430343318228637,0.04926703367349174,0.04849247414753001,0.045668637087414206
0.8174682221252472,0.5090655074908683,0.16493480331745783,0.10748228788614123,0.09947141798892958,0.0777473593654628,0.07449205400534986,0.07363648528982622,0.032969362382553734,0.028090604001250852
0.941189046019184,0.31002435620511415,0.0975948033234106,0.039409244378618084,0.037136921560392146,0.03541132733221294,0.031803136972242275,0.029713483940657485,0.021322786528896038,0.019061659645442604
0.9442865744824162,0.3104069548712303,0.0666342888844854,0.051727928284573996,0.037117639922479226,0.03022961442734284,0.028868689565643882,0.02183688441404949,0.016778200553160903,0.012340762764935868
0.9983011051015381,0.03357744323194908,0.033024788206638775,0.02728810082407642,0.01472036233194321,0.010128444346702572,0.007564339852134498,0.003613699894162047,0.0033034905674639735,0.0018671011664174741
0.9309322420245795,0.2664876073399784,0.20505367428673935,0.0642895510045449,0.058011115619566275,0.05317663265851901,0.052481915297979645,0.036836157467433496,0.03262370424128355,0.027434032681200753
0.9979181564584853,0.05852359860810477,0.01898189690425387,0.009691685306075068,0.009169124297797563,0.008609573708964324,0.005471355616385964,0.004659827608984662,0.0036719989666317825,0.0032641693728135126
0.9592129124134008,0.17133546717037834,0.15195143555953303,0.10399364569669697,0.07935095726871323,0.06719456219066293,0.04943677751546217,0.031155678390149943,0.024859547816619885,0.020253495527330842
0.7664858368674613,0.445785583421339,0.3185511557572469,0.18690695094680154,0.14578742763250938,0.11762377564691963,0.1032623850241752,0.078122656440646,0.0768232088862045,0.07097204258894038
0.9874296192303343,0.10471296373061226,0.0995782158225938,0.04505480366577244,0.02448820956968913,0.019464378052029847,0.019154677397688807,0.013181311876071232,0.01195850014535993,0.010070640699168677
0.8951457393756779,0.3616498428253169,0.1593800975153924,0.13292930118796367,0.08924914758113085,0.061859524884823776,0.05173853149409391,0.04324495808197268,0.03896312496526872,0.03363543939731189
0.8433439535617635,0.30351386633680805,0.2998718272340733,0.2627175780072058,0.09713993766429019,0.06709153257241204,0.05751325390430748,0.054287337322319065,0.053476300521514926,0.04693613909381726
0.9974528903869218,0.04153036979054013,0.03581697413499267,0.024629217487975613,0.022833402648340127,0.014569221353344148,0.014128569958475182,0.011159647299200725,0.01002118600396233,0.00791072625341702
0.929009585102033,0.36270875021841215,0.044813541634597345,0.026364483130304414,0.024273720245927225,0.018788746828384002,0.01847322167162291,0.014396703806798871,0.01332821533548197,0.012146935124534587
0.7663351382122382,0.5503323548185756,0.19963008063532078,0.15972840857403225,0.10973464914027739,0.09376539523975339,0.07693368471672145,0.07364592983323466,0.04714576655251379,0.046536191970544344
0.9982207932927244,0.04041728792739681,0.031042063176248278,0.018492798754170134,0.01638618324324416,0.014685036189179521,0.006574858431961269,0.0046098582131418875,0.0042710980781960756,0.002657989178105148
0.9991973343629018,0.027071845436645668,0.02510788250441179,0.008917395547176504,0.008428731169067926,0.006050609649942617,0.004693491396332054,0.003527863346008515,0.0019219814254574283,0.0017606077519335852
0.9965692189635404,0.04524018813738343,0.04431010511014886,0.040181809376734275,0.01433802643334058,0.012936319812262656,0.010550203872287856,0.010029574092721354,0.009954660470517178,0.008857806785176028
0.9757113191600558,0.16670607558917308,0.12277549497302737,0.045439366574957285,0.033031426213719475,0.020964443488675828,0.017230230909405307,0.015407733435425534,0.015203572962881367,0.01131432432733408
0.9792442669733273,0.12902065727056874,0.10040732639556404,0.08262994357949893,0.05238302345640853,0.03404256121085831,0.031170858648063647,0.028964973438227896,0.017893556203327353,0.014646101875986263
0.9938524673170593,0.07291974353048551,0.055393901665493704,0.04458048152671307,0.03555317543023327,0.013437259339177155,0.009781844667476978,0.009289426715796608,0.009052368433251645,0.007807576892332064
0.9887930353153455,0.12617876296746214,0.05827331212851405,0.029380387633157132,0.0251317341402046,0.01768893616720917,0.014819823635838749,0.013133740803565752,0.009541341890526137,0.009527632898884118
0.9749992564576001,0.14662452158393016,0.08997207850361048,0.07258777876156106,0.07227998858228657,0.05923982134358476,0.03639092763276382,0.03005875876205788,0.028479572640664537,0.02289567011572581
0.9915408308868522,0.12094056923703109,0.025642598276143763,0.02471753195839819,0.018502545227606266,0.016239610789050653,0.013924144387508147,0.00699297275489478,0.0038311296916128564,0.003196671408238721
0.9965388039501546,0.04898225716568778,0.033471882284640854,0.03250186978669326,0.024395393681593817,0.020390598875255985,0.01913185815077172,0.015270983870606911,0.013997396786690236,0.013570225195639524
0.9963244975911625,0.054739142189578316,0.03244805643824149,0.03010201348152819,0.029046805661016566,0.028200785649906933,0.02058332805115436,0.013683327025232969,0.00568030986427723,0.003878880349304399
0.9067910244198488,0.3852391597003572,0.07389991033092791,0.07224141092059921,0.0642583533527585,0.06320700907197596,0.0573104750674,0.057135422171833795,0.028021673868982605,0.025400515229897645
0.9423387151071725,0.2245462825874851,0.13980753653079037,0.118434734870166,0.08625385308524927,0.08076216036489064,0.046202582209521156,0.045084925874971905,0.038520445720025095,0.03815189779280637
0.9884724750620149,0.129587192872926,0.05815099020504547,0.03177679326665337,0.025891179679329985,0.022591396959833848,0.012844235465348106,0.011367544435659058,0.009606773412868173,0.0058464328455886125
0.9761786504602457,0.1576835280447136,0.14265839958439722,0.029691072177150005,0.01417897551859488,0.013550286923964257,0.012977382438839958,0.009213868003359927,0.009156227295456204,0.007593478727197835
0.8671335037812159,0.3538966638277529,0.2949855917420824,0.12124976404181301,0.09195410575667029,0.05228200048446797,0.04047870985873874,0.0383541305567649,0.03132926954603312,0.026795346059261878
0.6193708069669477,0.5175377788224208,0.4961362975821432,0.20207407368472022,0.15993117454779163,0.09104970801594334,0.07072655594986334,0.06647000541861015,0.056137996849645926,0.05150260341037029
0.9072087513898129,0.3876758143777911,0.0829954306040809,0.08112627216408676,0.05401473426428875,0.047251770209361096,0.03484838075060588,0.033892550422965705,0.0326136203359,0.025886385308914274
0.8346227504424102,0.41492899288323565,0.2587358588150782,0.12491877047972662,0.09440012866475092,0.09403355768943938,0.08574053760798736,0.05664682660216926,0.0546816427216058,0.045287697409036695
0.9431522625202815,0.2591371940468761,0.15521036457593504,0.10631123798003901,0.05674396507879528,0.04022930186209114,0.03740330497179208,0.018978653039515393,0.014480857505326395,0.013045928074249617
0.9916652888589358,0.12023713071026869,0.022865764509818986,0.02205415509413499,0.019077681161145617,0.013571076345258483,0.013261023833177217,0.011651121188170742,0.00783754412720233,0.006981723826486695
0.992379605979811,0.10240716464415679,0.03588753876890308,0.0324154953809785,0.027203786565006865,0.026216905821551197,0.02203658924033629,0.009009030179014882,0.008622687361568841,0.007507151994056121
0.7153232139268426,0.4536079071619478,0.4439382382642041,0.15943545069257248,0.13639438847108634,0.11986928558974097,0.06160125036482563,0.05491628452811717,0.05269921725351765,0.04525466533411042
0.9602845858442276,0.2634265369381791,0.06977017768749792,0.027120219038087475,0.02676503223736299,0.023987463238818736,0.021147191336241048,0.01595196144295752,0.015545189856381364,0.013446259422219498
0.9363753019097948,0.289871495952082,0.13850799949513856,0.09912031930270057,0.04797372116652671,0.04287750532781529,0.04112242839976771,0.027730770367412123,0.023254154152541045,0.02051338245043549
0.9700110908214101,0.18621657367532302,0.0908461474498736,0.062163148097107615,0.04950525054124566,0.046067582764398846,0.04227166277178191,0.04069069171761732,0.030537499316712763,0.024924762129879298
0.9505844114968929,0.28126690440024854,0.07812464893915115,0.0671332710985733,0.04467126249184927,0.035971339018973696,0.03476754788693,0.027466512865873517,0.020511185698556558,0.013717103955696154
0.9459263211599593,0.19685381595883983,0.13627466646964265,0.11782250286520468,0.07847383630480695,0.07740889739709525,0.0584771927878052,0.0574434351435157,0.050289307628026594,0.04530403695770354
0.9869213083355257,0.1359895921726458,0.05180267406146481,0.03830379636166831,0.0290880067726091,0.026712066752947013,0.022946795079112303,0.018239239897729315,0.013994866521616566,0.01205142088479055
0.8607489322534371,0.4603747242507638,0.13165303663057676,0.10442574448541725,0.06543169946779404,0.05819379215529852,0.05216943547395085,0.03538207857487121,0.03503542586069996,0.03430863522205462
0.994736025791449,0.07029917784616245,0.051156653811768364,0.0366053717518788,0.02337512528450419,0.020303032390142015,0.013630282253417478,0.008409734918883674,0.007611389521914498,0.007544510242164306
0.6986858669744203,0.6613410688297199,0.16524952402817777,0.1556337598455151,0.07666126319692901,0.058651185678622555,0.04968448080289432,0.04281795059728974,0.03497135504157493,0.029631468535510793
0.9811049682491052,0.1445176944339942,0.08529049275492347,0.06455428982623977,0.04202223699492068,0.025449562798152914,0.018698339984119006,0.01748169584605024,0.017296233144814842,0.015809508112844498
0.862069686117592,0.4764317548699582,0.11391087955704818,0.06579415166634343,0.05462754260961881,0.04930002082315968,0.04094108315636402,0.035320642992291124,0.03169739249100653,0.029068878941463903
0.6272183805217634,0.6139584146589186,0.28836553187357267,0.23664163964797238,0.1597972880851526,0.0983681389065765,0.09750817852987857,0.09468701352050837,0.08408207855533231,0.07739600120518081
0.6744755504429477,0.625348597430026,0.232844512657226,0.14934401734852892,0.12193850134503355,0.0987100571306159,0.09364703798310449,0.08830775911465978,0.0830042399539643,0.07568009239925166
0.7145476440739773,0.6255811410166875,0.18428349832071483,0.16492831620076412,0.08354437830827828,0.06634092937942543,0.0567604796150297,0.054473159924147176,0.05180195745359803,0.049979500467022334
0.9988687894207808,0.03353532222246277,0.02321343541159716,0.016415749122941935,0.014088831891392223,0.005374328226294527,0.00514031033319569,0.003658386670754338,0.003309024732365853,0.001907638283984474
0.8927544024920442,0.24657803491539287,0.20419989754004908,0.16956751248208107,0.12515786021353778,0.1123240120526927,0.09931943102059099,0.0935250065102746,0.08373613855709956,0.05801626667867777
0.9746058221000093,0.13589639382152371,0.08386758787313951,0.08053138640503864,0.05902306626758816,0.055950090935681436,0.05357290599180078,0.0510227119481683,0.03539875062560186,0.026955826792569186
0.9910303227090885,0.08784967412695292,0.0708297487293547,0.05980417088321499,0.017498439004251916,0.01654734462526262,0.014545559655573562,0.013654542384934073,0.013015995127748637,0.009257185613548602
0.7892082231176341,0.3686874287558822,0.29335358238254,0.2615157219981423,0.1800321665047168,0.15167118542299227,0.09562613166070302,0.06982901253392312,0.051327744349247556,0.04469452651264448
0.9834921334883603,0.10810126561654518,0.09125519077625796,0.04627009931251592,0.045457847489880444,0.043783687043406794,0.04363170362887938,0.04233020646128301,0.025070279653289854,0.021875613732470798
0.9934939017326845,0.0809333819701588,0.04134254922683781,0.034664720052822846,0.026592489790895523,0.023672007072173998,0.022969394696090224,0.022863921134918103,0.01701902583104453,0.014323759977832508
0.9994751196084957,0.020620046615132205,0.01846698241538802,0.009499734733536134,0.008853819427996675,0.004876663660175202,0.004553786803726668,0.0042132841069037015,0.003453249047354683,0.003127938305498175
0.8124080874708454,0.3515295277869794,0.30419262756168786,0.24490370017003657,0.12118848429919428,0.11230283233009662,0.07871478933651407,0.07381364655844101,0.06996774044543771,0.054932213219100454
0.9335106794792672,0.27159935713187433,0.12087143368006135,0.0901855264126245,0.08008441121117726,0.07800734216269523,0.07091419264441666,0.04580309293205781,0.045428730810895504,0.043261191575824524
0.934047357951579,0.2880368246117604,0.15404668082091472,0.11361502099748075,0.051109045180695645,0.040427657717939956,0.02705866365825625,0.023092434711035843,0.021679239462222916,0.02078011284309328
0.7487461145169718,0.4976691107810103,0.30816677880641635,0.17663774811494076,0.16090886479536207,0.07444475745935623,0.0661278737743873,0.06448791778912455,0.06017748756320644,0.05452906991091402
0.9995976848615943,0.019148926113979198,0.01157986321670181,0.008932583120261506,0.008743372709364502,0.006197567312775915,0.005195350636479562,0.00466702575037524,0.004075203876099448,0.0036778878253090077
0.972922747327218,0.20152920947449227,0.09237410533163498,0.04143791740466688,0.04140766894540218,0.01325564733230944,0.011920383067649623,0.00942687909924819,0.009232498340504457,0.009024068985929634
0.8534270747005429,0.39985250405633627,0.27601188407896676,0.12305374948187915,0.07142521629411833,0.05886972487626971,0.05644728278296532,0.053452341043227006,0.04401875849173041,0.03159961504081609
0.8299111437848136,0.42804973836394083,0.19048946190082353,0.1658714630185927,0.13572436353352033,0.12251991699266765,0.07223717682637865,0.06915310104556721,0.06556087399057621,0.05749703162026129
0.9713830111358295,0.14624188107190883,0.13012830932155603,0.09670685695832922,0.052811911470837566,0.039236615788419756,0.03428186911266342,0.02949120737906852,0.019715278877881083,0.01942204182195446
0.9968667835724458,0.07213770013458122,0.023105967372400293,0.014491508968404123,0.008631716106836546,0.00727121920637453,0.006141292137800133,0.004734177783698052,0.004575633741946384,0.004378425651440074
0.9964401551472999,0.07236998798969445,0.032300262194850236,0.019619069176592605,0.01254438000102383,0.008062076094944103,0.0066813105979768505,0.005714610897892877,0.0036604156050140603,0.0036132013903148095
0.8858755173825023,0.3989099270121386,0.18341361556028848,0.11148906182350748,0.04649234831255005,0.04378419258912689,0.03762440524463355,0.03695139502168091,0.02661671211679879,0.0192680441271689
0.9730907005001984,0.20292266960052635,0.08384997383700266,0.05345420999522851,0.02656833785252116,0.018979732457939515,0.011175779487876673,0.010714993605341725,0.010642051979025442,0.010126166444470135
0.9749284089415795,0.1915105514197131,0.06964533926428512,0.04866899880798575,0.038945599004952376,0.03437425957791598,0.028203357208546057,0.02120437860653196,0.01880506967660273,0.011887712493122458
0.9461504125617958,0.21517394198626247,0.17392406842574729,0.09982633123264861,0.07238166217999487,0.06302798823136055,0.03944142325162442,0.03703359561712802,0.02954135353871037,0.02858937026954257
0.9148693654262443,0.24790653155831496,0.24531911765000802,0.13740012303024043,0.06332984560905307,0.058298845432347736,0.0576311952163673,0.055722248186480125,0.03822100004638066,0.03320341629869051
0.9404583200783424,0.24417258724027566,0.1399454593480997,0.11687846362025034,0.06925714479909491,0.06437543576410243,0.04467733651885824,0.03899135036638835,0.03763893595208558,0.03494656055737883
0.9950567168059505,0.053992542430243484,0.045249026833047275,0.033092414171364506,0.03278215777298481,0.02558095528541855,0.020711352333694484,0.017970533512795133,0.01665831347887355,0.014865918808847248
0.9309536741884392,0.29964162161536995,0.19039135697249818,0.04936379120496474,0.04370432222154426,0.0372957672153704,0.023298975304993978,0.019969069617902197,0.00992884288299659,0.009425062779965297
0.9589985213687136,0.23368410750413632,0.12022448146898822,0.05603031555072325,0.03750764822600768,0.03426010535219021,0.033305666365367026,0.029265353338215318,0.020752048961838784,0.02052668567339473
0.9869106399284708,0.1164601810723449,0.06692498236329189,0.048509338500708286,0.0385066252507875,0.022706734926880322,0.020724518054482437,0.019993158331037212,0.019899587404609318,0.017057887210933133
0.9187275704594497,0.286954095008479,0.248245682551847,0.052387238567211405,0.03948690888694185,0.03440406750318842,0.03404248831283421,0.029877258885688318,0.02792515364705559,0.025603200551088626
0.9534766666060325,0.27016072279140557,0.09066380022026166,0.048333899787113485,0.04430587314898347,0.03513817082260596,0.030450318910476882,0.027308256065054,0.018543506508763186,0.016799161782940483
0.8792749589598291,0.29345229064586464,0.29137819259608305,0.16090375572038082,0.13766984583381622,0.054453706104435645,0.042664782215440324,0.033508849405136154,0.030162221373976696,0.025620272730418885
0.8930858062937258,0.24560377029879937,0.23874745151571566,0.19042369402155312,0.11899386324818233,0.10747817539920546,0.08362370768269525,0.07833082336118158,0.04180009615688658,0.0357590289230215
0.9505233108610686,0.26354402739917127,0.12492082423662514,0.06986925435983304,0.05398430598147698,0.037382814820968134,0.02390823569462471,0.017289353238086988,0.017148101089005517,0.01609142490374656
0.9973585235229041,0.061660110425829646,0.03215069612826219,0.010868292401270402,0.01065918511296074,0.009210361048285366,0.006394318833104342,0.003705924802793717,0.0031399415221089345,0.002867838240234451
0.9569591210022806,0.2373646201331418,0.08857872153232749,0.06382721887890401,0.05376698831989329,0.04949860792457917,0.042277294789083125,0.03905448595381264,0.03308413759306283,0.02807078393466562
0.9553318745813439,0.2800979402126649,0.06296049333591776,0.04701512180164728,0.027237279507474104,0.021000365682070567,0.018851481492422745,0.016302520413490652,0.012805237276402153,0.011668001562192365
0.9416219652195992,0.24495281435824945,0.18881178890866418,0.08167305686447664,0.05665138502255209,0.045858381900927385,0.0314655937071046,0.025218439015813197,0.023731575714862473,0.022996425939210523
0.9963251839098636,0.06861835357010687,0.033039638536313636,0.02885208334670577,0.017854560338298443,0.01284507066584435,0.007892087086439393,0.005558530158855584,0.004494952422193066,0.004339546801218318
0.9964466877166845,0.07561818982036805,0.02869548006296038,0.01625569770449152,0.00739410430719115,0.006590601049010329,0.005527240651646573,0.005299036670838334,0.004826760592345886,0.004079979097768733
0.9945444285835139,0.07618073988738695,0.045402284878948304,0.03590844058057875,0.028212148864193456,0.02171903903434986,0.00914967642055217,0.008590006224291171,0.007202826440957386,0.00545623812063263
0.9838600567379592,0.13480811486650365,0.0816297724666446,0.05089224133806141,0.03194324585568312,0.03042989556712512,0.027802719505951694,0.018102462755046407,0.015735779123798664,0.015537131094573966
0.9563230940989743,0.14171150335857277,0.12746766330163933,0.09785245110868772,0.09250899420759823,0.08554197858201355,0.07804804223725204,0.05759762744918158,0.054411199731128894,0.04937661483431563
0.9265931446574591,0.2816050531839074,0.2032762113153963,0.0600115190274245,0.05847088750665002,0.045447078495498505,0.044789967703240764,0.03819867771855398,0.03388981911014714,0.028680617700643965
0.9962706573168545,0.06373744448501305,0.03563815563160018,0.023481736657976968,0.022982044311317572,0.02195498407828567,0.013386477205311016,0.009312891012049672,0.007600084307823471,0.005631431446482879
0.9897560862269521,0.09799474359563919,0.06475544908300856,0.041958845346735475,0.0337888281677256,0.029501404670998623,0.02132910280189019,0.02006133142192983,0.019215418166515622,0.019173859007361828
0.7526039247253273,0.5759072918960473,0.1842051144173858,0.0962269900021575,0.08359417077123477,0.08101469763836305,0.07589712008921944,0.07006334806560215,0.06157218544372865,0.06011260008407973
0.9847376011899516,0.09705741514549054,0.09420711448006873,0.07008627260848041,0.041245851549885505,0.040801692743295835,0.03258199706832675,0.0293731297863195,0.020176254301423693,0.01763081247580575
0.6522263198085728,0.6068834977160728,0.382519861916954,0.09039535101689396,0.08575232692345387,0.07533337128678441,0.07226060043288957,0.0715941374758822,0.07113729591481786,0.06557437582434708
0.9920648751888621,0.09433910539013014,0.0550019857359281,0.04215125326586568,0.039047479845773586,0.012292911804275433,0.008535288857394107,0.006844803679107939,0.006836637188233782,0.006624580501646831
0.9962645558014056,0.0546480804258545,0.052360554352592,0.026948762911680392,0.022875436512554723,0.014124074718275299,0.006606051170612488,0.006517493742468411,0.006508164149601947,0.006452806701151292
0.8780219283663118,0.3413368334295966,0.29051554584101785,0.1066863176077644,0.08459703887574435,0.06282492989072468,0.04389595708649973,0.02489170144072691,0.02026751924703218,0.019432583361474704
0.8623801106128208,0.4070579371365727,0.1467926265946858,0.09653968985014386,0.09254173420788121,0.08893849312755744,0.07384697459655548,0.06567797029294523,0.06548519096613999,0.06017081871829897
0.9973518513111629,0.05925147178780167,0.029257737616902202,0.019182623478617974,0.009398003103905086,0.008648919639408082,0.008258591813563355,0.007778759576623943,0.005878246098285026,0.004629755739078916
0.9630781863125427,0.2408772358537588,0.055017929217346134,0.05339803817485206,0.051629736432618034,0.036198677284317415,0.026683220540702695,0.02646327502653607,0.02605023112734957,0.025794655688399337
0.9536719397904991,0.26003955849719396,0.10678022671328725,0.04640078134849847,0.043223901286027266,0.03887573056062214,0.038096926214383785,0.031385571339141244,0.030929726696210448,0.023965165169262077
0.9912759870984763,0.08484061346721043,0.0716369426051743,0.04627488133920839,0.029783636113828504,0.02559754963821549,0.01977409511219717,0.019389917720316903,0.009365555132541668,0.009190650525353674
0.8137199678628313,0.5756130595076199,0.05603823976222198,0.04199819876471474,0.02672776460188095,0.02115534759603844,0.01181095341316486,0.008512852279869927,0.007019989336340422,0.006035810714260406
0.7226659316781074,0.4975669278094246,0.4485359912797026,0.14971623938389808,0.05995260740350515,0.021554626523879006,0.0198435631378028,0.019093557963309485,0.01606777301575214,0.01567021763813792
0.9967897206492093,0.0426034810350748,0.03550295446577031,0.028866847826355253,0.023013859288096707,0.019655466164421147,0.018971582227466775,0.014621133187447117,0.013402437123273575,0.011635447320996603
0.9968933833146485,0.06153254046027499,0.027649777708967805,0.026526157561635944,0.015876504683009947,0.015509646901964436,0.01149297489370707,0.007541756636741523,0.0074927068295919125,0.007170002689941928
0.9643855398518214,0.25749834796296867,0.02896981933763473,0.022918355093515405,0.022063329803279623,0.01963865979868987,0.015332274097693454,0.013973134276510963,0.012402562806417104,0.01055634931243698
0.9688181551441457,0.23754722586540053,0.050864323656674655,0.029191054923341127,0.022815866888379135,0.015587271513970031,0.012284647443182837,0.008949639394698485,0.00858138898852767,0.007831385249455218
0.918014345641082,0.2514965521617448,0.16682721635862852,0.14223409726988212,0.10846830049237868,0.09389792818258705,0.06750030406853848,0.06009475263270096,0.0484921553156977,0.047297480753120326
0.9013180407598018,0.2687256375642608,0.2464127877441629,0.1347462503817748,0.11306611853750384,0.09894444192056488,0.0581853663514001,0.03362341560229423,0.032084706236876724,0.029194319706691382
0.9871743200855962,0.14575686109137592,0.03844095808387129,0.02520419507516077,0.025193184708135787,0.02467833383927682,0.011702084027913603,0.01082821334541052,0.008788989413569608,0.008428729815566914
0.9586124385458968,0.16230976480953832,0.14280322938117715,0.12341503552414235,0.0760528902402393,0.05334666635605556,0.04698390968662089,0.03991391995075398,0.03719454514361218,0.03006423152811768
0.9919788719583753,0.08107309604963048,0.06388068570738888,0.03725632654085095,0.03546544982847062,0.023406444516386023,0.02220166642415985,0.018403396681424346,0.016184185449368085,0.01386467650009195
0.8505820233398317,0.38049290836816874,0.27065181064933835,0.11417027306500245,0.1109699283920182,0.06604711546086256,0.05964597641950249,0.056111423036954405,0.05508896087724582,0.053803237605829994
0.6584535521338523,0.6023811078063017,0.29844489635483107,0.22098622434426968,0.1223743315406106,0.08102958963347688,0.07805970185678088,0.07193168810976872,0.0691790235550905,0.060191576165080606
0.9633521169889715,0.16116935411972003,0.1313106070043497,0.070715450503984,0.06691097581103468,0.06336553575995499,0.06144512296182185,0.045684519732017384,0.03722706221963403,0.03700249656829693
0.6796769457728246,0.5943720804602652,0.3199995854719355,0.1790424469932277,0.11392597258784233,0.10969903278323437,0.07533440642143083,0.045576610559333035,0.045442292672495894,0.04208851048313925
0.6280283070431554,0.5405606670174048,0.4533807487713901,0.22852507265648767,0.16666130376361518,0.08257263428117048,0.05826647558035669,0.04124782331112644,0.037748070378192604,0.03633337077285837
0.7283782054257144,0.5201471073397291,0.3554853952745129,0.15056624575934732,0.11219700893240338,0.10053093051473745,0.0958216224270848,0.05017184523335387,0.04883984768992584,0.037620200501089635
0.9238710942634116,0.2687250284306042,0.1442071866347238,0.09321184852804008,0.09042320616061424,0.07783887443337366,0.07129870276053928,0.06661669415446378,0.06440385068686649,0.05894304485435518
0.9953690611096814,0.07255270653805414,0.05152828798946089,0.016857860841872102,0.014826227971126631,0.014040842068702064,0.011272762428676366,0.010276785296605098,0.00846947332751157,0.006520104545362789
0.9185006379543074,0.2257185223134025,0.1950890273305636,0.11356398640814695,0.09619123868288813,0.0944526343757269,0.08859118904933544,0.07122653370217202,0.06906334853003705,0.06524194574593162
0.9504444328069074,0.181957134070213,0.10920812706402507,0.10647349015453562,0.10015018769966404,0.09615524565446955,0.06806660282145605,0.061145225638280544,0.050117944177425454,0.03831328839193896
0.9676726830939344,0.13728885629305473,0.13427943334905537,0.07879187954941216,0.06646657732157216,0.06558829959891362,0.05668482886301095,0.053921822751170786,0.05092630051195568,0.03143248289051897
0.6065639895613375,0.5336420803358227,0.48285893881241937,0.1544704043265803,0.13151488923273033,0.12819952208446259,0.09631635294641254,0.08304570333607356,0.06585443544440024,0.06538817593437361
0.7440326172726388,0.4197880861131101,0.2558929096731319,0.25336411994047037,0.24078964961649418,0.1323774596535428,0.12076686227073155,0.09211334040273411,0.08722360698982848,0.08348651844570132
0.9956458720551997,0.050570536227913826,0.04205354622626818,0.0322805257970098,0.025921213722628986,0.020586117134208676,0.01581791419647918,0.014735806450663533,0.014612844848540689,0.014238477868043203
0.90365381896889,0.3203307779837927,0.2181948076435071,0.07067006627878843,0.0705287717934365,0.059574449689020495,0.056417924162091494,0.05019534788845852,0.0465051566459708,0.043239689030508684
0.8706567227311143,0.2806455773952636,0.2268747595008614,0.15791222046854012,0.1569613443453201,0.12312999149178323,0.11390640527693205,0.0857846664329698,0.07775471902363051,0.06355790701474645
0.995910811037916,0.05564518706503529,0.04302778937361092,0.04005871374518104,0.021280826768714397,0.018910890057541842,0.014441580038053481,0.012465214038436425,0.008962991684226162,0.007832582976652288
0.9420315832365613,0.20088019083865755,0.17436031450273212,0.09107711969404136,0.07830527776715082,0.06837240311159848,0.060303359860368604,0.04653363937463532,0.04597926617229086,0.045258186072879625
0.9793245822261384,0.09894952937079532,0.08860281225352792,0.06679475773297464,0.06196444599546558,0.05737317042212034,0.053935064445501134,0.04443279641801247,0.042774939448858754,0.029605646754417913
0.9890658850212515,0.1403988774676995,0.024213691381006586,0.02148048478407493,0.018655778173872234,0.013918751514258016,0.011416596204930959,0.00800775179149738,0.00690353968729878,0.006118993668566676
0.9981009259765334,0.033943915034342784,0.02701337576653483,0.02316030050686319,0.02260471072592815,0.022408472469424102,0.013331910006090977,0.00780174151034288,0.0068619085749471315,0.002925901789831839
0.9992230579797661,0.021762032782288887,0.012051505917540627,0.010371876091896905,0.01031755363673344,0.010123650727265544,0.01012120571614421,0.009342528962571902,0.009182231263006825,0.00875151849820365
0.9215601269418148,0.32974142742561424,0.10096921931564885,0.0924882834410714,0.08082955212425973,0.05832766884466467,0.05822891749385215,0.038745226562514556,0.03287597199455731,0.03073873480872197
0.9789987490596264,0.1390771962815046,0.10869861529394273,0.08516697425022132,0.025959053293591484,0.0183292183904357,0.016531381452801537,0.01608122743110009,0.01565221053009209,0.012525459655660386
0.7678573117325649,0.4172884095845264,0.32550201598074696,0.2052134647825682,0.20232303534148563,0.1053100322971297,0.08730333348190442,0.06223602514199334,0.05556026957304761,0.052623476338730574
0.8758847888995018,0.3598809061538462,0.1939531628113419,0.14640348054479915,0.1320384603493663,0.09290381575414197,0.09036809949521757,0.05018256721723452,0.034788805147389246,0.02909534984147172
0.9923599317414373,0.06847527174614886,0.04871325478475632,0.04818957480130061,0.04517754898166594,0.034821483141138976,0.030839321090909623,0.02892388771516291,0.01160244062328939,0.010087535698485627
0.9913539527401151,0.06878405388832766,0.06733431803101274,0.052076287111878936,0.035644561079263906,0.033886071832443465,0.026226780294117097,0.022708525392781384,0.0212508260093094,0.01393953861416955
0.9190615176747725,0.32951858029721054,0.09171813089776956,0.08876114534636934,0.07127126038444534,0.07059028736353286,0.06244596693075606,0.06028138873679911,0.05794203319585598,0.047311202228062406
0.9454690433219552,0.20575854636215415,0.1941439266141495,0.13589585693385384,0.048891270476605034,0.030895147694763255,0.023776026521085604,0.020358060849631,0.019067139548986287,0.01897149559014883
0.8161862437809265,0.430615208963808,0.2923368992457274,0.13768757044043767,0.10186333830153728,0.07645095848722902,0.0754702318740041,0.06719435341528388,0.06672687865773613,0.058543018395829045
0.9622511724432293,0.21219069749003594,0.15793219924012153,0.03583514401278734,0.028116035120430045,0.02549425458876654,0.015426904079957475,0.013806394170479916,0.013224072222019894,0.01293757212357618
0.9847367958928961,0.13985523036370084,0.09600966416712604,0.019560963999883517,0.016527458901207718,0.01267912119138495,0.010943401314907019,0.008637094197600696,0.008068378178615158,0.006610033470945628
0.8517406722385583,0.3429064417424994,0.2248129681848428,0.18788328389243228,0.09769841867426654,0.09159719709731948,0.09101303287115417,0.08898744946355161,0.08222966840010748,0.07044083894593138
0.6251215869933522,0.4573948963576585,0.42102740607239403,0.39960958278939357,0.18089288881314253,0.05378776025246033,0.052949784194291395,0.05152686015592493,0.050439320711339754,0.047668425769764856
0.8008931027890778,0.4969440944273488,0.2937592501333081,0.08350329486901566,0.06228601025002646,0.06203208546933107,0.04259496061830167,0.031828777393340134,0.03177383508958223,0.031181606529975703
0.8999740780033,0.4047167435889694,0.13323469366568638,0.04415697391913976,0.043023821784925316,0.03222474386785909,0.027004501663163757,0.019964504208816142,0.01883872113576135,0.01769217382995271
0.8270083166062016,0.511870204702516,0.11661185841968244,0.10589665654147436,0.05754196289030223,0.054962816261751,0.052718827771407614,0.047925933787798775,0.04745669682463561,0.04737489326960071
0.7618624590168173,0.5858971831565378,0.1411040208790678,0.1063721582254514,0.08235853195838176,0.0732828636654812,0.06977916433187109,0.06379544836085024,0.05797293475599525,0.052260813881620086
0.8375805119504527,0.4081397121821835,0.3141521691975407,0.08784569554321225,0.06409733524589518,0.05235158776104091,0.05190837377699868,0.050876478313598074,0.050557250638880745,0.04766774229020845
0.9566108539633905,0.2490085886169363,0.11013708012839181,0.04306261780659448,0.03941948094832058,0.03445077278653011,0.03180922001272189,0.028459010523758613,0.02811160894136524,0.02538545319332643
0.7596544389198508,0.4803175655331728,0.2714814138684378,0.22541412342485725,0.16649607900490165,0.08976053581456095,0.08082058879346425,0.06493349315629579,0.05969828595993703,0.04711417082285774
0.9451750966405825,0.21080768040445583,0.15531320871299648,0.1414541025103234,0.08212499819449058,0.06016333357090841,0.05680718442359115,0.024388231167880838,0.02069846656004507,0.02025755882864992
0.7912010972797349,0.5279472150272833,0.22998608845033547,0.09047054863583721,0.09027667241105983,0.06324432377218253,0.05642951134858839,0.047303835701332196,0.04293672115933858,0.03619155533569892
0.773708861091034,0.575765370109657,0.13918147210867907,0.12412419478681629,0.05818078595898463,0.056163211141944315,0.055776863685856,0.05441328683340518,0.0511393747117317,0.048557293027437276
0.921180417588131,0.28413777534267937,0.1708192371687486,0.1032522954039702,0.08010513920031297,0.06989735455551523,0.06618727614412827,0.05746122532481691,0.05038936013160307,0.0400069873794969
0.9566001153939004,0.17359402786023506,0.14675977342466587,0.10194625219566003,0.08503995279871683,0.05180176521138211,0.047930450823923824,0.04407504736913525,0.036278081605437204,0.029316864755419763
0.9758887004129899,0.17487529622576167,0.05762293838385418,0.05537346873250657,0.04797498701685357,0.04300910674591306,0.041067602515152894,0.025672328409907835,0.025496571241145086,0.025092263178178458
0.9303513479656096,0.18834892897593097,0.17967425747609034,0.10706703695774356,0.08857357885598664,0.08632423218144589,0.08565958009703985,0.07990720718133901,0.052295714539590074,0.04668018051564589
0.972426700322604,0.18433380626184143,0.10225851893348901,0.07120373245858577,0.04177346193612026,0.026573002077139123,0.022989049060203808,0.019159936053319115,0.017616360980366366,0.01584397417886132
0.9875350482258151,0.10430153067326618,0.07170301655931449,0.07040538449915588,0.03592738220833262,0.020920308864331022,0.019695577946384574,0.019394533483589816,0.015784770129911703,0.015135308171365365
0.9798616675685513,0.10862874811775013,0.068598416350189,0.06719547627164099,0.05031198832954574,0.05027520604631298,0.045814090245493835,0.044313256492606236,0.03737725614217148,0.03464396339636528
0.9823627991995632,0.1505976257364416,0.0790482583228543,0.046894484299301126,0.03962656624812445,0.03791335165495928,0.013527322782316019,0.013267523353311087,0.0079094040630317,0.006648060892556641
0.9921908941408453,0.08518014987055907,0.06343071188874537,0.04590779090880395,0.02577818657953646,0.024346257677506672,0.014123006566455244,0.01291193291405369,0.009427694021638237,0.008993030771822215
0.9386699235941012,0.25587518378995977,0.1718131796195596,0.05728192214794721,0.051993930467867364,0.050189706539429495,0.04529845771013088,0.04305929444719822,0.03998175658395336,0.0395273841862292
0.9799904145002738,0.18351031305217835,0.04922907194442388,0.03523511518568298,0.024716808850070354,0.018832013120309875,0.0173802524106168,0.01678110735222763,0.015541730526779114,0.01228354687680075
0.9960867854712879,0.04702186645049922,0.032797266606318896,0.02784741546636623,0.022496267028243203,0.02207286841059212,0.020170522288734078,0.01830559599060284,0.0169811467301138,0.016382135193858664
0.9796345130873665,0.16978536976139721,0.06947398515426098,0.05218006470508455,0.03979919968353235,0.027018196867729057,0.018150072776422183,0.015317942093669571,0.015132628694033451,0.014300060882141993
0.9446164572300739,0.2057136643110266,0.1056597502108217,0.10056242705582916,0.09230668705668375,0.08600877746331667,0.07365735310481053,0.07211800191803308,0.05981792082836503,0.045440686233333
0.9451468019284067,0.26196612870711083,0.10399287747149842,0.10322599154390548,0.06677592641262196,0.0624139565046192,0.03332924790731437,0.032147283787116926,0.030576166891928918,0.02834773485765437
0.8619002504787101,0.439215892813344,0.16563341010014437,0.14478968905994516,0.058438133634812484,0.051487769350738635,0.04470986323990954,0.04008651617140378,0.025988360548006184,0.024287941172767072
0.8941679814110705,0.430417362241779,0.08112291156508208,0.04113845308495525,0.0348897279028679,0.03441539904311582,0.026344229604613505,0.02406513262079017,0.023913108718515156,0.019831821065306534
0.961785540243875,0.2578088758873247,0.05430926757330123,0.032545979564443245,0.029952524155884844,0.02862052051301459,0.02786018381573996,0.02219961434378315,0.01672233855220764,0.01646429036145255
0.7840820741547914,0.6087015575794945,0.04681334779360705,0.04568044853840521,0.041719687299583946,0.03306841013578635,0.0321278524787195,0.03028971031258806,0.025318736960674167,0.023946817660842636
0.9959209923638408,0.06671223162022684,0.048944501627266754,0.021637540157630784,0.021390756333669884,0.011302999353759195,0.005231602793054149,0.005026724399388486,0.005002865840523375,0.004262867539194394
0.7842315743741057,0.6044197496135257,0.04916948554207275,0.0449379263887879,0.042840561395125695,0.04030307627501361,0.03907073538337059,0.03896390061728016,0.0366083995740009,0.03130546553034385
0.8891249100837367,0.3415717026954547,0.24520994104948424,0.062014199197346735,0.057051440723424614,0.0554142233285108,0.042266772972244265,0.039962473743383034,0.03850387735214617,0.03842811123395064
0.9724806788608685,0.17276356057792738,0.08410570611667431,0.07894621251164194,0.05960810315793869,0.03721208382890604,0.03463522541515722,0.027022018546833785,0.02574813451586501,0.023221255117138875
0.9873986677518906,0.08717704846351874,0.08087377376558685,0.06012748446504999,0.05440087491258929,0.04095807292220899,0.02122193551164842,0.016872274231904506,0.014935619248741155,0.013552874271579819
0.8917187586966738,0.32049913851499917,0.16831488753465385,0.10000652037840033,0.09787316953747564,0.08582015418797417,0.07391707340217672,0.062403688518880306,0.06116625325456265,0.060954602365559545
0.9855359940744132,0.10897613097416987,0.08613355801198136,0.0756703050803476,0.03632775925644863,0.021950738996040463,0.021125702331869833,0.020183955448029867,0.014580835610813367,0.012610839020572114
0.9532699667845974,0.2603774252973474,0.1061868352251875,0.07205883881789649,0.044482946961391955,0.03899892843376874,0.024287327632433235,0.022749522438355443,0.01993043535985076,0.01938157143098119
0.9788115204509704,0.13778873881437356,0.08943176301017484,0.058244510151630034,0.04685131843255143,0.04086505069936931,0.038900098612207605,0.03535354981287987,0.031081289439371607,0.024075476608468555
0.9769705706595652,0.16706456948960025,0.06314842092483573,0.04884103174268157,0.043296069662694184,0.04115058675786096,0.03881991731329421,0.02983545388107009,0.025010977412876466,0.023452742041686382
0.8689159534420176,0.2763469285625507,0.26696785638370085,0.1869358077082588,0.09984213370790987,0.07739966119258834,0.07337419191854672,0.07243134106900283,0.07165458129313602,0.07053933145960883
0.8103116487125486,0.5621636188326998,0.10550494239812275,0.09783011968241526,0.059299383547017206,0.035129918401834145,0.013897083811487307,0.013015032295078869,0.012996482899412236,0.012345095115033948
0.7457411466794541,0.6253027427928004,0.17224599721537956,0.10085301468521189,0.048899629626888035,0.04331304643728982,0.04084798468481089,0.03600036978939419,0.03502110360716291,0.0336643688576875
0.9729303610770917,0.161014151386869,0.09702171315194938,0.06528514728521247,0.050889813640151334,0.04416295493804252,0.03833039385276398,0.037136033718310486,0.03250236739441306,0.030770625135588175
0.9937010995000743,0.05719497914664466,0.05634897375791432,0.052634572870864406,0.0287479135153467,0.028202862293444462,0.02037049919986323,0.02007576947610846,0.016473228634455325,0.012997999551003067
0.7284621552133727,0.5984037549411128,0.22949597525969265,0.2024053754877798,0.07416689498144118,0.06231002491780798,0.048150935459624025,0.031133208068522506,0.02935408379754908,0.023803593018398194
0.7737251774032484,0.5693225205874639,0.22198384959395318,0.08465766771305416,0.08031689497435487,0.06531555534117037,0.052229226267186186,0.04350622900762602,0.030763713025965717,0.026807864625349644
0.8602612564957958,0.4870137389336782,0.08221752934480701,0.07028100631876762,0.060074530273105525,0.03755179218226904,0.03725779298820148,0.037214411422507775,0.027169281909168373,0.025961873738573962
0.9539115024230821,0.17030404168146968,0.14465876954006368,0.09974698874219953,0.08163586689768086,0.06345287070063288,0.056590678263849746,0.05609463312816406,0.04522087630138229,0.03442322174248942
0.9837972072356556,0.1590984240871525,0.05849997504706499,0.046146031151927606,0.01679321612778718,0.016484037172505565,0.01051372089511139,0.009547183103356987,0.008955511437206728,0.0068318044636606
0.8629264192099144,0.4933279722984055,0.0727004185089875,0.048173081080432854,0.023186157084467224,0.021999610510727043,0.021699735541891904,0.020896568611791327,0.01991384693485987,0.01775221919879094
0.724834356618223,0.5615501236850767,0.2543177084509868,0.1805311787845647,0.16812923695703322,0.07639709277125585,0.06493509836247598,0.06248843187941023,0.05929741058037575,0.05639288155310087
0.9966224952818864,0.0729160827987644,0.022679786742970446,0.01943059173471187,0.01326307768491903,0.0074378640321866,0.007058211534552861,0.006172962012730271,0.005802307638959859,0.004658592216300824
0.996505190186279,0.07306973006321273,0.029017390895836492,0.01628043371041121,0.012339137828718335,0.008054695011545404,0.007215655442156153,0.006253026918283586,0.005790082570930725,0.005334882770513811
0.8129351484959486,0.5292792438006249,0.14076077668887585,0.11303900546635554,0.08177814555981894,0.06825672631683266,0.058882338915376864,0.044128619995354515,0.03827815071473432,0.03544853273242211
0.7692249679877917,0.49025706298435606,0.21682403161843314,0.20873004263375014,0.1447062990650948,0.11604812924821659,0.10790657993162195,0.09975582213828642,0.05860304651645302,0.04745577950499735
0.9395092767690486,0.21593637264275056,0.16468093141016024,0.1358105581019168,0.08943862897073253,0.07634948539200445,0.04630839396297868,0.03458309712464976,0.029504983869189212,0.029445143101037595
0.8150038949204613,0.36366396063459366,0.2486423450712868,0.17877242234241464,0.13579951368051213,0.13530272947305758,0.12672211211396275,0.1109668641810214,0.09729924294504078,0.09674218266896903
0.9651720764221617,0.24563743127635457,0.0484977050221474,0.04098347057634026,0.03834562129488091,0.03239959787528394,0.018825384427389322,0.014173343578643168,0.013162215946070234,0.009825499962257143
0.9664059545901005,0.13897424241977213,0.13770155764057318,0.07765264468533455,0.06669762505465393,0.06024759072216226,0.05506852101056165,0.0447338034573409,0.04003446547569728,0.03129967292453235
0.7086775514031508,0.6075177257748318,0.20779837507099894,0.1201675705236278,0.1142687187536909,0.08546168783086083,0.08307060681710335,0.08033660148680508,0.07488736792469809,0.06270455614312438
0.7413237168007026,0.4630617853952644,0.2587275560142559,0.252754478813856,0.16653729807454828,0.15544734821420852,0.11519724571242809,0.06328312097740943,0.05995217156812689,0.0577977351074774
0.9948435050385113,0.05982138354901173,0.05826196557562825,0.03703370420717532,0.025406458627126247,0.024152440450927314,0.012089022567361985,0.01101132682165462,0.00999923966380348,0.008675211226723234
0.959190931044157,0.24318330677425032,0.09139445257912993,0.05497271127535523,0.054185621875697844,0.03820762019282551,0.03374422600581861,0.031609798383897623,0.026595092616867294,0.022313437490494234
0.6060352953349096,0.5272237420698516,0.4871481030279479,0.18435084364333096,0.12409340089249604,0.10565465037841787,0.0973363322118525,0.09015460766188811,0.08868846056170962,0.053628468099659724
0.7903391533068022,0.3842144712537242,0.3454879748788263,0.207623101911185,0.12094346976573933,0.0989642235470519,0.07395157119966039,0.06582617319398185,0.059066131020597414,0.0583370051227891
0.8360743739263383,0.5351001148236492,0.06104869218765576,0.05438810228635423,0.04363212451710454,0.04122360023291995,0.04014131730189285,0.01940388206904287,0.018274248012150034,0.01816829091622637
0.9554618082769798,0.1779446520511661,0.17535334134841976,0.11968120201521126,0.04102228156384813,0.03274601215901657,0.03193392288882667,0.025880932376867654,0.025491463850838215,0.019961335448930896
0.9448961917885553,0.31297031065654735,0.051915064142933204,0.03617116922846388,0.031196701206784472,0.026805828854742142,0.025290354447669687,0.02407879655560879,0.022287103752322703,0.017711963371418695
0.9154184191906889,0.3091862195622632,0.1516192295600519,0.10920097950010899,0.08062263686078858,0.07095986926934733,0.07081840858569054,0.0686727921895015,0.04267725013445207,0.0352511450040538
0.6361273270810378,0.5260945516908162,0.3727460960538209,0.3693531643694109,0.11141613424176987,0.06210129983523729,0.05213983428273088,0.04531463994999868,0.042923463953071075,0.04212162879350843
0.9224478615729117,0.37104099751883796,0.05223635876093187,0.04488907742948373,0.04337708110387605,0.03314133835377442,0.027513722645047266,0.02729963688168205,0.022819139326877666,0.013440767724293999
0.9931118986929981,0.07114846424854493,0.05868089433956024,0.035691313013073205,0.020801856664872193,0.01946642756455117,0.019172280059094715,0.018867473836066056,0.015451842774334234,0.014884292469656012
0.9930804369451888,0.0931562308028993,0.05849633130465986,0.029449043354965305,0.014215216135772034,0.010135551516649167,0.009330739269391361,0.00813193729931792,0.007537493712173498,0.006115387210335294
0.6442181555010784,0.6279313267210369,0.24629453330871465,0.1846963970895697,0.14568715220252818,0.10974828332044373,0.10132679964387531,0.09057935518686311,0.0786554823385351,0.06566266700338676
0.9041979578504801,0.37121813325217246,0.14395762608752796,0.08553248013529093,0.06813916765170433,0.0446168628392513,0.03901534614122269,0.03711906537699742,0.027448944527031727,0.025758365492546516
0.954693655773041,0.14668272468985655,0.13700004710686514,0.12606135179240008,0.11068265155069638,0.055436240892241244,0.051217608177682734,0.04741923071836609,0.04619701969638636,0.04065525677429783
0.973485195577723,0.10315188498659217,0.08544810177610117,0.08265005206136852,0.07893106150263794,0.06526803412376771,0.060952622031658195,0.05078775911270091,0.04115768371976531,0.03635373777162207
0.6790636241437279,0.4895099445094055,0.335456214756565,0.22737619886697005,0.20787711501783215,0.15958125913640575,0.10713194181504303,0.0895150152591674,0.08254448901197774,0.08085048247172212
0.6403976364883128,0.504191926509318,0.33233204193948723,0.2109582534526942,0.1916794704834664,0.1778274876250213,0.1666372355664376,0.16197916956702402,0.12809395573510413,0.09663402775009779
0.9871783373077166,0.11146383717019206,0.043265988883166316,0.04114326292827967,0.031063311360670025,0.02931721592792741,0.027797271651330155,0.02430303990824362,0.024013345753587004,0.02336422320233707
0.6863046470548299,0.6343373466366992,0.22971375531946983,0.1304372788145087,0.12009775447419932,0.09324133431074301,0.0838075217850894,0.0681089023711537,0.055960484101691466,0.04735926603525895
0.7544835314306407,0.5747736540285805,0.19092984528975712,0.12493879769821573,0.11269917857378765,0.09759281503270331,0.08352017310260773,0.06141017320067707,0.049429040621160124,0.037151839307495535
0.853606760684113,0.3592322814734745,0.3155025941902363,0.10009920322606032,0.09998372338196444,0.05887613706717545,0.05761408377959281,0.046777005267544906,0.044431033549409374,0.04315399373329754
0.9017425315615734,0.38354125541964196,0.1633863437704471,0.05900666184734651,0.05139154867509256,0.02969010913466628,0.028310113163421358,0.025055022533627184,0.02185790305259701,0.020855110734524104
0.9951430753847291,0.07638549498448388,0.05243422697967527,0.020142659295628997,0.015423849523627365,0.007362354432714098,0.006268201109508198,0.005635618019243591,0.005156129634332244,0.004859990041236314
0.9458788468417056,0.26196536413035965,0.11356791703714487,0.08899315659545047,0.07225560532515193,0.05884131077518499,0.03340346768467817,0.025366369433622006,0.02450732209466481,0.02440672286238902
0.9958438932166143,0.06329279097025212,0.03516713248933354,0.02948005792529509,0.022745513676530014,0.020996693473235642,0.015219537927360107,0.015152808869827273,0.01321032381755969,0.010078604540792225
0.9957387102625721,0.07694539970858247,0.032348128350193815,0.026131669550223828,0.016002793754883497,0.009373576376915318,0.008529134505744494,0.008059049360679625,0.005783184456974247,0.0056985834397993915
0.9654498775685895,0.11552764408472266,0.08447928769202681,0.07830850990314854,0.0769788501173918,0.07551059426526842,0.07342129912739262,0.05901196577844963,0.05567943065091155,0.053881629648777615
0.9811557297164986,0.08521517303571188,0.08057395137876881,0.06998115762812314,0.0694321085383562,0.048726019838405805,0.0481984178687292,0.04246573695575947,0.04135963930331796,0.028607659486740333
0.9178211256517295,0.3665835672345936,0.10574395593939283,0.07332452678209,0.03996087538837099,0.02301739760989687,0.02281231718158614,0.021567504480850555,0.021282294997112705,0.019963493679069903
0.9850688286827238,0.10302240400488484,0.07834655237436405,0.05135457139261752,0.038351679105916796,0.035556824713886354,0.034818842857972446,0.03397203723119133,0.03250119401452827,0.030213746271096513
0.9618699681815156,0.2575001826013198,0.06365682220671959,0.031763838740245756,0.03157993574616823,0.030187331193688476,0.02122368326394472,0.018060363665056634,0.011693449511430847,0.009053742029850407
0.893952123517973,0.323303518023971,0.13327854827968583,0.13234442055247492,0.09543245238523333,0.09449806804451598,0.08466822520518655,0.07910570232491902,0.07819952742440427,0.05575604979323219
0.8234125653837833,0.3653962836240505,0.3221047978240783,0.18253256913769683,0.12338439302957378,0.07594627555022414,0.07152466165003135,0.06324637202793054,0.05866846032154935,0.058384857469479697
0.9097329227973172,0.3380167811712558,0.11980514159892576,0.11695228711877136,0.09341383920099318,0.07400101370304167,0.04161447047218323,0.04135814905885883,0.035783269535679715,0.035365704977073746
0.9959833697091798,0.06641110412213884,0.03610500856456012,0.02507100627851204,0.023164569493373807,0.02204915030656502,0.012761024797769513,0.009706509907641896,0.008865750580728651,0.007611367644302495
0.7197184754646154,0.48020379186503037,0.31922555026637706,0.17102877535779046,0.15546432339661628,0.12625779948902988,0.1113834382669829,0.0841166048460108,0.08040637207064112,0.08028527840198793
0.8360307716002363,0.3203335168656993,0.3011053600594439,0.22648291412938715,0.12775406634875985,0.07426182593089703,0.07420702072277213,0.07350163487700705,0.0528704705610227,0.05006845963986256
0.9947131025580519,0.05290108362459571,0.04351562977490633,0.04162566844093217,0.035160976997046046,0.03471975564930171,0.03143669359387571,0.015914890647499992,0.009623743710421944,0.008961234627844787
0.9321252684821445,0.34698737760282583,0.07078103475733354,0.051903455041969325,0.029021780295614263,0.025523495577837486,0.018143253270417055,0.013513708076136796,0.012927548621280956,0.010390252081616886
0.911634188516976,0.33464132827816867,0.104443260901173,0.09907778818444342,0.09728813197895318,0.09062912588201835,0.0831089647339386,0.03817973220718288,0.03480329258850543,0.033175299340151294
0.7088751007572016,0.410649318039506,0.3100082702626621,0.26794619302670747,0.20978165063571683,0.16566528450203463,0.13672913290517805,0.12120895369879182,0.11782795992180045,0.10792744504227661
0.5948643963934931,0.5914771889381739,0.30367938648825327,0.19895186922915656,0.19885885604026646,0.16480569046636817,0.16266332245157783,0.13653489601913485,0.12983334289777182,0.08700381104469128
0.8873411037259049,0.21307310378844904,0.20421054576032174,0.1546344615282626,0.12468655106423904,0.10473938896006207,0.09277942005417603,0.09258167551086842,0.09257851932286336,0.08443752944641258
0.9534329589151989,0.15311080109825903,0.1198742985551552,0.11722881633618969,0.07552168257273485,0.07145945155495885,0.07003811218118802,0.06661716150908681,0.05460176768190302,0.05056702948534374
0.8040338174812605,0.538989535521902,0.10320521703509315,0.07979207783509051,0.07683355179976258,0.0638695071276319,0.06261810630677044,0.05884265426485663,0.05761604088119363,0.05607216003847403
0.9654133585106788,0.1510169398064532,0.11118097558915477,0.09961894678532124,0.0606475638672458,0.056183547246201324,0.0515339475282942,0.04106842424972754,0.041043847003677414,0.038959030128225436
0.9918296685848124,0.07966141250626745,0.05305582173523764,0.05164570533600479,0.03230452730378432,0.026845167467461666,0.024689894169009262,0.01958600103074348,0.0168426984454063,0.016780378782066587
0.8316316256307853,0.3222937518585957,0.2787286830095253,0.2075153362966427,0.1511423218146894,0.14075516279204314,0.09573253920429571,0.07795704127181804,0.06922975043400953,0.04521785079755892
0.6730584677515946,0.34293855129639456,0.33183458673404137,0.2925225927669504,0.25828910157472296,0.18848398254967463,0.16121337605166988,0.1324892672332567,0.10786116016655527,0.08926580012600907
0.9359173701542062,0.16705653220349417,0.1610775451910347,0.12945206033486978,0.10322743229112782,0.08752394469178976,0.08418202880046073,0.07956298391963024,0.04580324437324566,0.04412421152966086
0.9722542008668813,0.2028688631346155,0.09045185290282258,0.05012462378672212,0.02644456137733198,0.02268477277105758,0.016185701079633182,0.014999825722613427,0.013684636897787712,0.013565433141073358
0.9609305873352072,0.14566219974151381,0.12624754696907642,0.0971722270508188,0.09522258008814082,0.07391810189013381,0.0636050275621394,0.042073116169267684,0.03724484693918401,0.03638617683965263
0.8407562893689171,0.47759207098581385,0.22399342138587996,0.05043104873381036,0.04195612403020313,0.04105045267947949,0.03978676821723824,0.03338414905606772,0.02639107099352003,0.023803324949684325
0.8265807592791818,0.39145651263670483,0.1874449492937409,0.16901779383592275,0.11724224721949285,0.10836927354090439,0.09123077436054906,0.09121847696420508,0.08338331713553715,0.08138102237367932
0.9893065812936067,0.07134663611982513,0.06832821684985116,0.06153620928949643,0.04767336357779332,0.044688591781585504,0.028941482271353798,0.02498086353611255,0.018200446755130523,0.01618139741303662
0.6950923297712136,0.6900474191930183,0.10233693850664731,0.0969612821465405,0.04564069535404589,0.043177277244806016,0.04111617065709021,0.03989672948817623,0.03610893282029804,0.033640985796910515
0.7597652814433369,0.5476207245630174,0.2578320736127311,0.09932068821736453,0.0809172292033818,0.07173462206208214,0.06779098941257723,0.05765015051260658,0.056170133884219535,0.055439626673109324
0.7579298198108022,0.3257772680053604,0.32192012929098046,0.2308803735306103,0.20365925249200842,0.18178458559232416,0.14440597751676829,0.13598342970153074,0.11024996690693821,0.08271881787719099
0.5058060170065614,0.4589468607369405,0.40563784616098014,0.35832852098209556,0.2766596625458979,0.2624416112095819,0.13668817512141165,0.12002477384485309,0.11531461725550125,0.1051707084653564
0.9074759182447744,0.2918394985663612,0.2144771569612374,0.15965424474590018,0.0731549482087922,0.0653127802647965,0.04428628156880224,0.040075551619843115,0.03211436572889553,0.028732098370682985
0.6130831357134657,0.46843040744275605,0.3643712584219497,0.3606249247333814,0.18522810181629085,0.18409844782087317,0.1431483056041949,0.10632546050321244,0.09171350876592461,0.06758676947864886
0.9630075010571176,0.1981601362887125,0.12211655562409476,0.0680288841384654,0.04931941977135368,0.04283611660961857,0.04144826586569161,0.0411445210452512,0.03992256418321856,0.02958961352777839
0.8094486445720873,0.37834369181673105,0.3758267526877065,0.12013388794938772,0.09323353825713257,0.08718337649766794,0.07808742167578295,0.058721052449852686,0.048771167084346104,0.04642042264806862
0.9455190105814147,0.21514567482025437,0.14879384714440272,0.07385239898022336,0.0726919585901515,0.07064263326270813,0.06725126393295483,0.06329644139332909,0.05555887193331962,0.05484259688701515
0.9370692866587087,0.3021017833279101,0.09629573717779762,0.06040171246571489,0.05044433289610756,0.048876062413972896,0.04669197607755828,0.04456589484197756,0.02961453675820637,0.028407781655147086
0.9957435741622357,0.07572178039139228,0.02880849228157758,0.027956892536948476,0.016450132535598586,0.015811605802714145,0.011585823710389543,0.011182855949299053,0.0075568199052981596,0.007437325045505416
0.9771093240547104,0.19474778789526923,0.05485466686293867,0.03580854998238812,0.031391719108973606,0.019636354195388554,0.018276236065270207,0.01513861962206635,0.013868870217151488,0.011302653760773619
0.6943780392357264,0.6844687551339173,0.1043427270805246,0.10063889751781303,0.07256575488435009,0.05740634188938933,0.05588037569988394,0.03963913210835994,0.03487281545127561,0.03476646658750749
0.677270485459856,0.5457468538133128,0.3450949211084583,0.19423675291411083,0.17089408587490512,0.105947676749511,0.07726013082786846,0.07344113719830625,0.06909860789950084,0.05408396563593747
0.9295971703558246,0.30000980388722504,0.1287086161515599,0.09404790590161326,0.08836260096328695,0.04718807564888059,0.04228316145043311,0.04082545739940506,0.03188192298883609,0.025811166481134556
0.8855966477222111,0.407135587966522,0.2008814061481533,0.04214327622793339,0.033637569939909163,0.029161755627061085,0.025970861917878618,0.021070170824483345,0.01977368985614722,0.019213927242539165
0.7364350228009405,0.575696423442615,0.20381546878963838,0.17552732555252512,0.08470085282474842,0.08133285675465267,0.07975684355335702,0.07519017406300606,0.06646402281760706,0.05820241877195274
0.965567415827721,0.1426329755862187,0.09421348734431852,0.06397968266096456,0.06222163086475796,0.06190351770687988,0.05946994296258042,0.05673926499650027,0.053604952848105715,0.051940164912534136
0.9967866116609948,0.058684748672305116,0.03139654543784883,0.026642179953778957,0.02261867060659546,0.015767258424924636,0.010307102804509414,0.009579452035517078,0.006758202866564163,0.006369402265492295
0.9919730307986458,0.06838255902540193,0.044937564716205185,0.039968999546522145,0.034482545432575035,0.03134431263103398,0.029606427811153822,0.02928146721171405,0.026335946258513272,0.026169536224517863
0.9020502377777161,0.4004529482672385,0.1142348504956582,0.07365356862747353,0.042081737958578815,0.03441641125579211,0.029391630865686177,0.02459838010473029,0.01856403304557962,0.017804854523747755
0.9011871917127747,0.2901441794592021,0.19353520242527786,0.10515836969994756,0.09846259642467825,0.0868517157348532,0.07228882388023779,0.06451826933075831,0.060972425291674875,0.05950723342839046
0.9923544841017253,0.09509358332280161,0.05213200913246802,0.03866871631899999,0.019394130553565942,0.018272824439895603,0.01628735672223373,0.01394176392059922,0.012377340524705665,0.010336417778216603
0.9467013491649238,0.279569057559558,0.07684780516008446,0.07532227159388002,0.04385713220756118,0.04074192208830324,0.03695338408860367,0.03690464528494837,0.03363225869063906,0.03080107342788669
0.9316343757455277,0.29932749243457973,0.16239516385665367,0.06131625835324155,0.03991119055629276,0.03674960734896624,0.030554859588244387,0.025001909231041283,0.022905402590514604,0.022475685017413632
0.9963958574135524,0.052196095779391695,0.04033520554470781,0.030548105190026188,0.02663522266282033,0.018500271763220336,0.012088627199540106,0.011454200676957956,0.01105597961353559,0.010802812448164853
0.9741880457755719,0.12953639919136783,0.12124783406374369,0.10360479619203575,0.07057465029186694,0.02418350204995638,0.020108655774383807,0.01962129607989234,0.019300643958975124,0.017725438934864817
0.9705738359230517,0.12954872422226368,0.12855031470334538,0.10247186316122495,0.0667010262982394,0.05231096806698513,0.03445275552069378,0.03425187444646448,0.0229386421671465,0.02243295355112916
0.6858670640946567,0.5638318979167963,0.3900647375902238,0.10908436263632271,0.0932344165441931,0.0849926147940616,0.05729159892231729,0.05398387378075957,0.051956682954292496,0.04779855105841646
0.9944927998020592,0.0777745597663195,0.05247189375785891,0.019885976837194497,0.01856325035475474,0.016972713120009263,0.01647260767119791,0.014094317951790895,0.01069455187877291,0.010273469550384723
0.7977538245266724,0.542633302813317,0.15014403943484214,0.11606953102662906,0.08285500988797932,0.06321027765035601,0.057852128735318316,0.04750495445396336,0.044131500503827324,0.03987547221068023
0.9681950963525756,0.175735022056707,0.12233600891289872,0.06424752528666183,0.05416920623892586,0.053348195720454926,0.036463864962911915,0.035711396301684815,0.0328653564370191,0.024397460692661778
0.9039658494039046,0.303161800017306,0.13369956365392366,0.11862612947623245,0.09983573869820703,0.08463151236906226,0.08222125128395624,0.0700265570183211,0.06798085272745545,0.06108802099439887
0.9200997313453558,0.2766416313544405,0.18866246967675002,0.06873936138463213,0.0679246779291588,0.06543811637256336,0.06132885364094049,0.0607106688634541,0.051414308358895704,0.04901156818550329
0.8940863894107782,0.3110360077526854,0.23175373867769633,0.09166378102199432,0.07556822740698227,0.07348219992799004,0.06938741058065453,0.057549349172305586,0.05552021333822916,0.05294317779903658
0.9710523295457404,0.18047108510237583,0.12122264727097362,0.04465669942005589,0.039807887259583695,0.038167847262169256,0.037913023395124555,0.027400532266495456,0.01767909827055469,0.016630370492499418
0.8657645511729195,0.40838467391056615,0.12331330235281932,0.1184982767966102,0.07707730852945897,0.06996719626465095,0.05776550352969651,0.05627868917267001,0.05237242300130901,0.05197934834900285
0.7479530759783054,0.5764112870131038,0.23393863167902174,0.08715604260168218,0.07286473922983755,0.07076364796815728,0.06720976527360582,0.066452224143302,0.05452999435976941,0.05434756790079121
0.7021936178513549,0.68112749550846,0.0984033268066086,0.08299813271942759,0.08036243927461344,0.06023164451220051,0.05603558633445951,0.04273896111533723,0.040889397494540174,0.0369603877831362
0.9837960972645601,0.12096436918854828,0.07336583894736412,0.05124377061974567,0.04322166972099076,0.0403485409117519,0.03342316552230139,0.030156524253794673,0.02807097038602232,0.025072198919958294
0.9490691737607474,0.23699452337480287,0.11535386370471878,0.08596703162540166,0.0818626169928117,0.07903744248331533,0.04932259078347379,0.04127152955918612,0.026721038622984566,0.02375515909045327
0.9068390468805106,0.38611987419841903,0.10766214247048966,0.08541611855218555,0.052015103762584336,0.03665791860482934,0.03229085756095048,0.024068667374706545,0.02359211636040809,0.023122180665441427
0.9628896068793358,0.17928658364476965,0.1339151496645031,0.10770760559557391,0.04921752573867049,0.03954440143889719,0.037092614603929465,0.03459225084806929,0.030261409944675622,0.02433794926815699
0.6826231598949257,0.6111608800647648,0.3048521433143818,0.15717785323703892,0.09568326903482577,0.08357569283910388,0.0626966458222814,0.057996301756876735,0.046528100044536766,0.04462665415675878
0.660118168597288,0.5477107164662709,0.4170513155730158,0.18788509816137114,0.0975308728834188,0.09524554692384674,0.075393167618261,0.06666683099263775,0.05473973689159415,0.04734641430621788
0.9772111090045329,0.12706535209236747,0.07755580308379581,0.07309404374981181,0.07169436413563368,0.04141560840578047,0.03633749790961304,0.033889069757613556,0.03279314921318866,0.032252254010624884
0.7065848850090974,0.6773643029780869,0.09511247594125029,0.09443209771494342,0.07314790455872695,0.05892598405534438,0.05324421844167628,0.041233466642931184,0.04106192635642671,0.034965337064505504
0.9961529965710855,0.046650131104096874,0.04363981906409977,0.04333240038180352,0.019952140810156983,0.019295063574833595,0.01442710829432701,0.012811134935595141,0.010772590582532438,0.009607389942420518
0.9470779383358092,0.14194969060085816,0.13701187180471458,0.12146549637413011,0.08913181406592931,0.08523066879301061,0.07812356627311658,0.05770674472973299,0.05728015809175254,0.05484746690531965
0.9976428085322053,0.044296218126093224,0.022883165321975072,0.020822017867585654,0.02007541837940199,0.0179800335435359,0.016645778127370215,0.01344025242653085,0.01244230549413311,0.011945466816407657
0.9558598748036152,0.19432049976477575,0.12974920934033443,0.08218919662653924,0.07795858194092581,0.06419191310459946,0.04766124244298142,0.043012304394821545,0.029574169323449393,0.029315742209567848
0.9652786955857304,0.20244057371450988,0.08783231714056566,0.06562752559059079,0.05694197171961981,0.047910479465005915,0.03898258192855173,0.03417690242478914,0.033480414622094556,0.031048089333657297
0.9698398410376632,0.10903430303667293,0.10108195781621562,0.08660461975230647,0.07287724357509195,0.059835921319085314,0.05270747115830626,0.05084508313774404,0.047528314101268176,0.03891467479548432
0.831709865774898,0.360418602688831,0.307285084538984,0.14500036257347104,0.13149098236637977,0.10454413098809934,0.09095141601293384,0.06715859607959267,0.06022905025046351,0.05933446236756951
0.9273310032419172,0.27485270249015326,0.12308278162447697,0.10443428519989165,0.0961238547652355,0.07074511157794308,0.062230934233068996,0.05905703014423333,0.04929575425716132,0.044430660203341056
0.87953855259761,0.27200191683947844,0.2396885753600897,0.15885921842792258,0.12751453016359593,0.06474925795410913,0.06298291899853146,0.06172890036491354,0.060575004205550245,0.0605121619989876
0.9492178461423639,0.20081603718553653,0.16486333894672836,0.08970106217546514,0.07191063905962498,0.05141710827209853,0.050464356259306224,0.05000420850048871,0.04213588274373127,0.04189774446695448
0.9826958213537119,0.13691011068900197,0.07028480491233942,0.06950552415679538,0.045944450083334115,0.03030851043287979,0.028932402247103778,0.021031432763786845,0.01532052419121078,0.010208824527201656
0.9936857610653356,0.07694911964528266,0.04873274443820191,0.03270465901931901,0.03098692649585578,0.02948506986395867,0.02321516682384345,0.012071704626470114,0.01131236350430213,0.008125800871924578
0.6811027939831699,0.6615731278135292,0.1766254074974504,0.1367982395167492,0.11608289404045041,0.10127984897770419,0.06662301669240055,0.0605725110593781,0.047005850331746146,0.03837099983365278
0.637485721086935,0.6368515620347516,0.2286807339341501,0.20024394588334798,0.1533967063533798,0.14200467323566346,0.09871965606802165,0.09759444608308111,0.09406831634357901,0.07624538297499028
0.590448129758967,0.47803287979936604,0.33712198997873,0.3343515004040256,0.23706954731489208,0.1796100689357832,0.15183738908439703,0.1394700823843226,0.1287121357787813,0.11999880231577052
0.9046728300085739,0.25105690505402983,0.1860141185095862,0.1539850242505474,0.15006027847575237,0.09924233213680367,0.08254287006575442,0.060547201107128,0.05694825620551338,0.04817986164961619
0.9952501076322156,0.06925024598537045,0.03876462663018978,0.03380858501369396,0.024271799763930103,0.02358711353655963,0.015936816688213888,0.014047907401551884,0.00945234596913784,0.007326767097627501
0.8523709158335525,0.3244135307909518,0.2051113436791481,0.1754357843404566,0.13089961493413274,0.12451810891272486,0.10977161359249997,0.08278368889589556,0.08204619472239152,0.07278021882907323
0.9978499053347164,0.039225896939683695,0.0343496822066798,0.02495335447508234,0.018989932052267382,0.013345422372295336,0.010083121377884313,0.00728183521600078,0.006293242722618863,0.006283025277206239
0.9944149495084605,0.058256905295164224,0.05008173879108793,0.048027932255859974,0.04010706471690686,0.016335224147743563,0.015876203167258268,0.01266659001807862,0.012442749341447009,0.012015950211784135
0.8577569802062828,0.4659303952767954,0.1239024476803154,0.11628232807745861,0.07390690687893553,0.04658284933376062,0.044213806569873663,0.03424600533406016,0.029891203276208977,0.02544784005613693
0.9135077437685666,0.28396171417332633,0.19718449695019807,0.14653173093826932,0.10589921284345552,0.048998906467439186,0.04228650867938229,0.0378232719849363,0.033512668794277015,0.02395920952893708
0.9164344623818241,0.28387908118521654,0.12442404929772276,0.11686715955756627,0.09330880343555022,0.0919279424658686,0.07053469909102762,0.06714789314743755,0.050870225829619836,0.047594645694501704
0.8344558774281144,0.3442458217456512,0.3200842565313253,0.10439377351112485,0.0885935023493342,0.08560348105211302,0.07702754590285114,0.07350349297543754,0.06561348890379029,0.061161149072487715
0.9276642750205147,0.30603136080665716,0.10199535328257929,0.0937920131804419,0.056014232220274664,0.05472404557287569,0.049298613960094315,0.04854042723188056,0.048419912142499806,0.04321270215187218
0.9633712297031216,0.13776154694864223,0.13673433009911973,0.08823188411521515,0.06450155731205781,0.061567081588079345,0.05439221981252365,0.04619797750286129,0.04599921416410875,0.04061914406644697
0.9949962385215093,0.05313378465913667,0.04537669967443718,0.03790399427137834,0.035552076557158405,0.033602901883842115,0.019955522697618914,0.017290566859061173,0.01330269358991153,0.008027496090105583
0.9503082270251859,0.30200917612042416,0.02817927081731987,0.025060729663975115,0.02500643322672456,0.022777291898751717,0.018112624922001226,0.017427160524749623,0.016621934533103143,0.014930290836874575
0.6686405200456266,0.6555741807256904,0.2279173424130108,0.14590371690017145,0.12158976284129606,0.09605965654143994,0.07161394977091456,0.052498574099665477,0.05123634871146547,0.04003743944849079
0.6928774684736174,0.6543610262072538,0.1937594253268383,0.0880657072528388,0.08279934513250808,0.08246930480363496,0.07477238818607153,0.06905741833762054,0.06483524489670198,0.05467855575267634
0.9635198403785591,0.15237679723985173,0.0902280718293807,0.08786435542891163,0.07600691722895364,0.0754001584631751,0.06556607065684339,0.062232111852147505,0.05245672915427493,0.04161537802386902
0.6681458270087888,0.5560497910463985,0.3211670899625948,0.23330179744547533,0.19319015182919616,0.11002551136940762,0.0875874132952204,0.06890790787652765,0.06363682997671909,0.04837575329563448
0.7707546165000297,0.44703727927594855,0.2921757179924985,0.22940737041384165,0.14966004507558292,0.11328159759250203,0.09933177310250713,0.06182238395666174,0.045646153228699374,0.04361283145443591
0.9191302955535618,0.3164169393266035,0.15196904423257113,0.06990315095999529,0.06859884654358835,0.0635835852956242,0.058300758962976026,0.05152553594939306,0.044537480493658015,0.04110454054660204
0.9707035215049665,0.1740276014126042,0.07856918858156982,0.0672569828911682,0.05807860941186794,0.056964498542778984,0.041866673846177836,0.041624908157004654,0.029717647219728083,0.02938759489249931
0.9960719376173516,0.06805908212753262,0.03893849445650253,0.02555457441424077,0.018123269204494794,0.009656395949363069,0.008668020665365978,0.008455494904112567,0.006685840411629182,0.0063772227600286235
0.7588443661424413,0.35090205276060177,0.34013586656060213,0.32779253338948294,0.13076945355078606,0.10413168780823781,0.09597800905736116,0.09552856440029857,0.09552809910306918,0.06675103064426781
0.9295578187482608,0.18156618146521789,0.14781394147455845,0.1416920951929118,0.1370412556512233,0.08725705068889258,0.06818379148919444,0.05904872571565829,0.054364781117192985,0.05198286406191996
0.9944702308708239,0.07031689225797944,0.05478897367810682,0.04371234529928641,0.01693773921348866,0.011473967779475446,0.011400085686865093,0.0112187652859755,0.00851925927538571,0.007635157268117991
0.983102173185009,0.11558141337809061,0.08620171042379635,0.043567176542583304,0.04055317175936351,0.03841450519311693,0.035853137776255956,0.0345294349318483,0.033673904560156086,0.03285537802839967
0.9681762077825645,0.14393492372332414,0.12275485916063361,0.10115053147211021,0.07150396589885406,0.06562721647419019,0.044197205008741525,0.026301346803920152,0.02273551790654008,0.022427503799403406
0.9840707357428292,0.0858361611839594,0.08540034012279059,0.06709486772571802,0.05495415911180723,0.049871709860234564,0.044581649246666535,0.032110855024785334,0.025946811045886125,0.023475979378092992
0.9840858178010427,0.10319470285642843,0.0780724485260715,0.07217556621412288,0.05740831060252194,0.0341213965688979,0.026883186120867722,0.024834683439685097,0.021290364354998842,0.02040749488646824
0.9430102128822461,0.24765089240592542,0.1673606859892735,0.06746030075411988,0.054930540696541734,0.04876161951025689,0.04724677565089295,0.03908807743535139,0.038120705737301294,0.03535119630473117
0.993394361609515,0.07630183337510771,0.05284011225520949,0.031680175984406145,0.02900447577425326,0.028267875332675475,0.017698903295408776,0.016853442349751585,0.014529936963004,0.012727395958094348
0.8024188136623397,0.4027144532095806,0.34907685456705945,0.16762195563935692,0.09606063215118922,0.09376025412478842,0.06216633581135695,0.05771426578463007,0.04938643990146532,0.04254060425797188
0.9891230059574841,0.10446111693626074,0.059091799948640854,0.05001288051104667,0.04620819094862355,0.026013971993417664,0.024754170840455905,0.015939642524348534,0.011250973139533582,0.010600675861374592
0.9420533127997527,0.15588465426338086,0.1308593754499188,0.090045029315629,0.08853503965921349,0.08345647241755183,0.08118041315334065,0.07990173073330635,0.06955315657588909,0.06690915220180946
0.9419408605963908,0.24294286598190495,0.1808009882699274,0.06716806321016908,0.05526128737007366,0.0483641293664597,0.04765076353209891,0.04321785207363474,0.04226012498712782,0.02892049093516056
0.9542089788892902,0.13219712198488465,0.12413918786702693,0.11696927622409288,0.07254896969117007,0.06696370514757437,0.06641195947347596,0.06299074755683523,0.060405377441930495,0.058374507134308536
0.9773370751163141,0.1742322885533151,0.07385124320724447,0.07256265610798464,0.036408512420433956,0.024159351885163834,0.022236311411889607,0.013885882062300193,0.012008326033526862,0.010704284720781639
0.987559250227996,0.08069333093323992,0.05911302057673579,0.05871085842581422,0.053899200997330775,0.05007654073132554,0.04098645999122882,0.031094291958790446,0.025763392455657345,0.02468474692093902
0.9853665716534848,0.09391625229609092,0.07474277550123287,0.06312937229505272,0.05729620357839897,0.045503538458629686,0.03199201724478684,0.027623132804554144,0.022545776965937007,0.020887110517365845
0.6225889973537663,0.5347300698928101,0.2919493584559518,0.23163452080344846,0.2062611925390775,0.17994776523272385,0.15492392157464324,0.13111552079359884,0.11485923645275938,0.10529138508369744
0.8601907810734141,0.349395233483477,0.19018216944662883,0.1889601110474649,0.1354448812387606,0.097212114960259,0.09040629294173576,0.0594856687606027,0.0554053815387591,0.05321949044723782
0.9891728219399619,0.12398849574068008,0.050562917436393504,0.035760289427658375,0.027293033762555853,0.01767117783960961,0.017116906551645144,0.013376950336291752,0.012949416047591297,0.012449183580676816
0.6127958452949497,0.43505532763370075,0.347569283204995,0.3293184424776084,0.19553718433065562,0.18776973674155106,0.18481759406686554,0.13683610496655926,0.11985390676020012,0.10972367294289471
0.9533196449267547,0.2628228953409542,0.08319120807541779,0.05403136717703,0.04280692316460851,0.037935652528942244,0.03666977000374854,0.03465921116635511,0.03409166567237559,0.03302448370051994
0.9994008113895305,0.028168998067897792,0.008970072019642677,0.006848576168820036,0.004811603071858126,0.0047872564921447825,0.004767374125000644,0.004711014875154526,0.004609372896562816,0.004364456348081669
0.9050622709012306,0.3412218481624959,0.1147465181580238,0.11374922620490648,0.09771541342503717,0.07942827585475516,0.076732865076878,0.0462316538943614,0.03899918775700002,0.03420093624765858
0.8111993269165767,0.4157626194993136,0.268257470166276,0.12232171005860666,0.11227642749622826,0.09960665239866304,0.09715536350850301,0.09164377506556784,0.06827794760913815,0.06522709552223037
0.4405923407489276,0.40849862418078386,0.3722953702437184,0.3500597811737521,0.3335382077398763,0.20391390721562255,0.20097347200415647,0.18273374171453768,0.1367263356584606,0.13054315830519325
0.5625512578729827,0.46151419195641546,0.4022615517682043,0.30131832786597756,0.17006650848787516,0.16370490004935997,0.15626259066410586,0.14483125191086055,0.12872972481155492,0.1256924903618252
0.7085125357209073,0.4031489333660886,0.2832224794416433,0.2110892674953513,0.20768769632374212,0.19753790045546576,0.14878135739286624,0.10193321178601364,0.1016788224960213,0.10123656522452418
0.9931013949082624,0.06863210999440005,0.04713152820637869,0.04027870384535101,0.03416992009222108,0.031842055078210064,0.02265552408691104,0.015995281762459426,0.014829275486468448,0.014287236683077515
0.47251919737022036,0.4602349411435217,0.4260224845538564,0.2845967067545589,0.25940169269892144,0.2521167497204787,0.20358185715603555,0.16102939286892817,0.14059393036544057,0.0955954474661671
0.7998042815175809,0.4458939710772985,0.249518067877324,0.17258921109145897,0.16961296159839723,0.10500450702233692,0.05797267463917928,0.05555310112525322,0.04925532823267729,0.04700286498055936
0.9580747776307262,0.11846994978005033,0.0974575060565592,0.09534344542518405,0.09043317558300179,0.08887321655240742,0.0786100690263672,0.06759013132645977,0.049906993075491124,0.04554211519284182
0.8891340408404625,0.3065180877142047,0.25559018927496713,0.12653480683274831,0.0777781762265254,0.07492016476239147,0.07007438209240859,0.06629171122372841,0.049445367934448224,0.036358617935566676
0.7583136470299228,0.2544144577898675,0.24096430041200026,0.23766139248001958,0.22004499918025067,0.21329126114969799,0.17803154919239533,0.13376639701189588,0.12345754349336567,0.11863952243632288
0.9828324682433541,0.10491586053682764,0.10456278541190965,0.07634803813603841,0.031680310651755916,0.03109533887724992,0.02820313074520391,0.02658287755777645,0.02314572487197164,0.02056418262279557
0.9951244823742956,0.0773983629439742,0.04947225808406068,0.021740333715313375,0.01802319627202944,0.010317078618306675,0.006626740432131313,0.006485944383897626,0.005070681884368183,0.005065917047318642
0.8572862388734359,0.43238985467716595,0.21165222523947713,0.09216931961314369,0.07725542008595515,0.06513831688897741,0.05880574911186273,0.03330944686051303,0.030835622999416615,0.02870199031352625
0.5558420567444659,0.5350450097307113,0.34971972635490056,0.3418375661117321,0.2953482442154138,0.15737765308525337,0.10329161727933454,0.08697114907951227,0.07612053298161042,0.07383698077649294
0.6874678492259606,0.6172090987607947,0.21770243147470641,0.2125742286500119,0.131592978023511,0.07427995319204854,0.06668636913040357,0.058644767439476615,0.05445571445107431,0.053591267079188
0.6102573090526013,0.4905418221658188,0.43009720843411775,0.23780905761804316,0.23644511060769596,0.20541364540544307,0.07439097235812213,0.07292890335362212,0.0705118011382744,0.06558448729099932
0.9536322578777302,0.2119346020015669,0.10396125449158988,0.0864595364503017,0.07252608345918332,0.057944158238913974,0.04324213489937003,0.04319407882057304,0.04231579367211665,0.035588167815280146
0.9815850306003638,0.090700367134858,0.08180075580413212,0.07226475092300509,0.06683330333071023,0.05088540716837709,0.040808600677323885,0.03449340777453225,0.030882871056301997,0.028470428407062116
0.947792785804669,0.217469197645027,0.1513624726774333,0.0799858167727162,0.06654455139895697,0.06564679636402553,0.04533693787624019,0.041979675829741395,0.04123653804618182,0.04007044051697022
0.7708614354938915,0.33099951615097695,0.2790885354601881,0.27448651037073585,0.1831708795881285,0.15468699669756253,0.10453574685010386,0.08563701914322289,0.08423632498135787,0.07528448015040676
0.784888885046446,0.4264671388572751,0.27943499736804245,0.22440498267739223,0.14509299302733417,0.14224269135282616,0.08564385197493474,0.07929341993010929,0.05763016391722968,0.04092679847409234
0.9542136018008025,0.24247234256027847,0.11996858966706894,0.057093316660336665,0.04702184915302799,0.04420685867008363,0.03896184548317987,0.03733568301390495,0.03032724063196999,0.02837418161154656
0.6895644159380658,0.5098877674471596,0.40902874988145904,0.16085920318857524,0.11342218176525927,0.1101694106059407,0.0926103008020987,0.06567798031717176,0.06326089808620118,0.05975171792271869
0.7350580240000735,0.6587609638692495,0.1022791866964218,0.07165183272354592,0.046654897250725365,0.03451503811326255,0.031126340805918997,0.028943231545425722,0.02770010489957316,0.02514436117405251
0.5703871104672255,0.5284575939916332,0.5005734641060129,0.25429784016033896,0.09819471538499186,0.09460151697564997,0.08638168842238983,0.08285378433212308,0.07106466599993201,0.06593984172169728
0.7477005419848265,0.6474412184658496,0.08379329599180642,0.06277286691733092,0.042405658599865906,0.03967576732455137,0.0361117490512604,0.03254507802566237,0.028524122549159606,0.028482042078665462
0.9934309983862929,0.06816824844997428,0.05908943331073661,0.039804828949009656,0.039330993460261456,0.024511864049161117,0.022087720597352433,0.012841467386760029,0.00994697811771277,0.008613767037499418
0.7197232152986482,0.6355577713783532,0.21514486129473923,0.09519401094950312,0.06258155456874706,0.06096941247299581,0.0569366340845181,0.049368982640274554,0.0449186751289285,0.044419711566735354
0.9148355777991193,0.18996606514411463,0.15309162263124027,0.1286791791983315,0.10548030366902085,0.09839816682920483,0.09554436948252336,0.09480563700132999,0.08036596781893494,0.07445700731687196
0.9145911496043985,0.297679899515651,0.16261772661398655,0.12600181817704295,0.12342884536668157,0.05903100616154694,0.052148457706186105,0.03677222110230543,0.03658330619859764,0.03402102385379863
0.6439176405278445,0.5332822489805038,0.34311471145312916,0.288949531063814,0.12314927449073988,0.12256536985541257,0.1169993495299015,0.09972346469359426,0.09651590096032565,0.08319128316340156
0.7224345784906963,0.4802531792648431,0.2657470899384637,0.21401449359260286,0.14622085972384505,0.12903925688930523,0.12281927559697484,0.09353465599285804,0.08757024086981552,0.07406733071385753
0.9473970096743247,0.27461319578435095,0.12790716459786247,0.0670868421789067,0.04567376173876162,0.03524711511549482,0.02754246323542378,0.019865410336546343,0.017744033223711066,0.012143184608895874
0.9963531761150625,0.06608003604850964,0.03622156072640007,0.019435795959437056,0.018017299446159183,0.01769464686969051,0.01620897122639525,0.006813777661420503,0.006726545269538695,0.006496179776358396
0.6880134852451437,0.6877867184096637,0.1662477556034796,0.07352234780488284,0.05891920228516329,0.05376038604328099,0.04411197917133066,0.03745590338140437,0.03425337413029479,0.03313867658586877
0.9809210203235321,0.11620353660887406,0.07247204182240148,0.049593893095416286,0.04714262161983811,0.04686094979927952,0.04665008069172265,0.036477371492184114,0.036343101671662374,0.03520795964406532
0.6957556270525231,0.6819785152388785,0.15445715499739796,0.09081452130016178,0.04561129553295875,0.04230238842777339,0.040897757603847326,0.03723732134122861,0.036761550556285695,0.036147005498097684
0.76871834229087,0.40735384975477,0.21400915113154534,0.18935067710906972,0.18044887090440048,0.16855806020267108,0.14281016303326097,0.10004692994740805,0.09733802064737491,0.09238118084631307
0.6479172361348984,0.6011268093154788,0.24505902679159342,0.21768003193328572,0.18065279306833662,0.16056865101168302,0.10143635697679305,0.06918056504392946,0.05866439789252819,0.054122962403639285
0.9769684670576884,0.10529389931713591,0.09742702928653166,0.07673380668572378,0.051256382090202744,0.0509432351882441,0.038616826823486786,0.037938187183843126,0.032352517217289545,0.030005999104064256
0.5264286869168217,0.5079683711706318,0.2852388772793171,0.27526613525437105,0.2254450454888084,0.22524097395660095,0.22364192760116727,0.18169171412978466,0.10865939013262078,0.10846826290599083
0.9823646239788172,0.15000241206363304,0.08824853104611673,0.04035692557600353,0.03168464036311717,0.03104182585088021,0.014360102183456456,0.013855102909889772,0.010956605979386743,0.008306553891396012
0.5964128564357589,0.5216470001021534,0.2753209597672881,0.2604504276040227,0.2088929268692092,0.2055624414783492,0.1716185182735264,0.12992097752981077,0.11323513592125484,0.1029377895698922
0.6291643348620141,0.5419181708737751,0.3623694568292705,0.16715285133795146,0.16235190397182547,0.1347811745422972,0.10981979066180836,0.10216290722606483,0.09699345468529211,0.09082187311265037
0.9369268313531472,0.23378904127598693,0.09530469141334282,0.09305369325170437,0.0853667318593769,0.07868348648419891,0.06916273546769497,0.06837207277753254,0.0673999787833723,0.06532780368483111
0.9767251942117599,0.10973993450368784,0.10044748108821845,0.07167399864991587,0.05930185668665392,0.05611067191643984,0.05438513055981697,0.03174812763904055,0.02880264470383157,0.028546259974343378
0.6656387510635065,0.4696492008126118,0.3920542462505699,0.17895419286403239,0.15631581997493868,0.13485407583664627,0.1233650346986063,0.11152133879123667,0.10614449019928861,0.09730934405937532
0.8147143263570494,0.4003470703327878,0.35717767978267334,0.13716088592101044,0.09182761500668976,0.06276901891542239,0.04997788885734423,0.04301562527383975,0.03929891521657184,0.036976358879592004
0.9651400637834697,0.2037036659132192,0.07003113368293744,0.06490815372595272,0.05346447690537229,0.04525119100307217,0.04453209075918923,0.037917208463216785,0.037360670522845994,0.029422083963892502
0.6349841121279334,0.4532171163709064,0.3921254058644171,0.249123253222523,0.24119068675550634,0.20348952301900614,0.13993220988610705,0.11200927263809089,0.06737537282069099,0.05979074276418678
0.9919340831065828,0.09590449286995882,0.0595992123207215,0.047148071533281787,0.013027818549935394,0.012049795480104888,0.011558711636644433,0.011143731671423199,0.009707461189709221,0.006304689747303641
0.9944293391579447,0.07066497037204258,0.05747097734912488,0.027524663070464212,0.024231566089459707,0.023099597496929185,0.01745808576672974,0.0135915239382578,0.01166262058391252,0.008906214192930457
0.9937734238935589,0.07086587274396401,0.045442249432140286,0.029878822106031853,0.026656854234608153,0.025827410565650726,0.022555940860583597,0.021533117337845204,0.018541164373217688,0.01703067605550692
0.9618071732320242,0.12465480273398823,0.10915438736308378,0.0990460645078538,0.07473819649668718,0.06510681312941413,0.06283632547818904,0.06210618464679788,0.0583032073168219,0.04926468811890817
0.7662794331238376,0.5295380482143999,0.19884657899184535,0.19481619363017716,0.10240385085123622,0.08768416017724673,0.08754911624041808,0.06663755594863104,0.06294620731005936,0.062166012728122444
0.6394074656733447,0.613148426913643,0.29755306956726807,0.2497555291611801,0.11492999647439858,0.09837402955639984,0.09051546054278742,0.0843558666261301,0.08242620209370645,0.053840641449017373
0.6759975957289763,0.43395507218530366,0.32491001459520663,0.2667824922758302,0.20215266630615827,0.16867523217848304,0.1543416462720169,0.1383726743536673,0.10342308070135926,0.10014694407395534
0.9733992057976804,0.14077233357318006,0.11490083824684154,0.07563290637638122,0.06789855002215868,0.0382598683328705,0.030604377445214465,0.026583726889966113,0.02446967990190816,0.023560667096343958
0.57013153647559,0.5397210931198874,0.3900884866518002,0.3334554892505598,0.18200878491477185,0.09945331935975958,0.09532919650433794,0.07869942712690291,0.06806910395944761,0.06496833641616957
0.7459620476268536,0.6481947325584579,0.06280779919719329,0.05095937338361712,0.04770390368931583,0.04500940864702221,0.041704990503004934,0.03559086919747106,0.0321468711107398,0.029438913318520846
0.7814154408739837,0.34353298725188897,0.2144935789495969,0.2130248168767057,0.206645564551043,0.18061839321610576,0.11837636790867456,0.10590401560559085,0.10324455511102708,0.08660372673798038
0.48637236987777654,0.48320881235259033,0.43391061750207616,0.3491364714667019,0.3030434337233976,0.14710874152557357,0.12284361646223328,0.11488310756885178,0.09554970734068248,0.08667875243352136
0.7533072297130375,0.6478380223616509,0.05619772682722285,0.03519297784332984,0.031373322675917546,0.030068298004170126,0.027801605270613483,0.0275616007895351,0.027084953626867674,0.026688595613133886
0.9942153777646157,0.0697715445003357,0.05969450286649816,0.032003194737910676,0.02554972289707382,0.024283631814414324,0.012116510285376544,0.011603036502663071,0.010059149924653487,0.00800660335025796
0.9557140421056153,0.2620788761435339,0.06676372079684742,0.05333798732556868,0.04447537735782627,0.04094376020633875,0.03818371180358138,0.027834810150657904,0.02534633001847266,0.025305031997620228
0.9944073975184565,0.06752695394525929,0.05051546553482868,0.031079040537210317,0.02655234538394251,0.024502148811749756,0.019692292018441783,0.0178248254784279,0.01694067335599353,0.013570392337200466
0.9931795051796274,0.06871867287289556,0.0679176205572262,0.040539763001618136,0.026721392943034408,0.022709629849825747,0.01798951201599631,0.015367854392174743,0.01263665449866513,0.011172390985864568
0.8788980550254111,0.26063408512953695,0.23938550740874145,0.20136719353255583,0.11494035473093188,0.10578113338562142,0.07330257922066888,0.06757076487032622,0.06059693979943589,0.056284290678663126
0.9464554868729352,0.23993379879385007,0.10661128995772838,0.08482923177648453,0.07173035627144443,0.05883574981422751,0.05226261069998402,0.05200264295485516,0.047546108735191876,0.035445452120691875
0.8242483920575763,0.33436932750134674,0.276545874308375,0.14824238943238438,0.12708237199584338,0.11635250783624972,0.11617609811199292,0.10464233603439109,0.08159396439962512,0.08005590646997425
0.9708239274108772,0.1543715575487094,0.09459090696086671,0.06180618746214882,0.060648071366323504,0.05766545967974624,0.049273498601921366,0.03826658686296385,0.03327177988264562,0.031056658241689083
0.7950959798650096,0.393557471985935,0.2737769411619917,0.24477902329481438,0.15150694958936448,0.1080792525182711,0.1039467728179897,0.05634043370043154,0.053290026242801596,0.05306038627001248
0.9322383239945131,0.2906877647564458,0.1449053126473355,0.08052599733176709,0.07081004628290338,0.061133670530087565,0.04234227525936428,0.03443373521116656,0.03315823478114444,0.03228678848837519
0.9960006958965419,0.056393383092001224,0.0476155984599895,0.028800571316857728,0.021061029055197935,0.017795140097746395,0.014803860647399003,0.013164863120288734,0.010975490648142062,0.007979677249563583
0.805750964404984,0.35834799175455206,0.2648798884966885,0.2002008390425205,0.1761971578420852,0.13020943700891704,0.08949779967569814,0.07947518903891453,0.07137698609347472,0.06540115338805642
0.9533308501132988,0.16714525018533372,0.1390610073356266,0.08606612583115002,0.07776890124283965,0.07120743845434224,0.055951033158010706,0.05549367499157503,0.05444530384828556,0.044924304761520005
0.984210773543796,0.09894671296507634,0.06782463979065853,0.06389013918171482,0.04739776583039873,0.04626275734217917,0.04591697711482523,0.041871519884494585,0.0301267586471016,0.026321517911650914
0.860373578561247,0.4089560248744308,0.1790858038041314,0.1617388994434773,0.11489992889704073,0.05806449096939484,0.05010212155407152,0.03839315038860705,0.03387273681285109,0.030329955676058735
0.9877397650792185,0.12863505597513913,0.05908685208653164,0.02928296588693707,0.024411099406769846,0.020174243651781585,0.019166551626829707,0.017426147408305667,0.015576813507265792,0.012489816727275678
0.6569654519620884,0.6011851032309726,0.27141090217774355,0.16570266681643786,0.125096480282873,0.10324003523100311,0.10182007720582477,0.09986197371545512,0.08579190236242197,0.08121801142548986
0.7118902707247232,0.5724960123566448,0.24280251172679101,0.22209659120137132,0.16016299345438173,0.08686484971438578,0.06996042016558413,0.04673928115393345,0.04495130070318216,0.0416164426297193
0.8907463631534869,0.37696711205357036,0.1437332354925727,0.12987421225903378,0.06135943609015168,0.055171372936845604,0.05389257354381073,0.046201421929455116,0.03994749653661245,0.03878640914404619
0.6774536466846096,0.4868795728429927,0.43786643440516787,0.2507436290885056,0.12671124253570534,0.08649482736272125,0.07034528002314591,0.04584857799571487,0.0456376215918876,0.039723727078034995
0.6519495895935589,0.5913364898186351,0.32932783478550826,0.19141636325455258,0.15310622296878895,0.10303095891410445,0.08453900274455818,0.06602893817841915,0.058488612149527434,0.046964819469622304
0.8045767043843685,0.29042503732906166,0.2806374036209791,0.266333014717843,0.17638772415834356,0.12387063536749676,0.10188902187808581,0.0870874534211877,0.08373018803762246,0.07234301392320831
0.8565108057074973,0.2963707046395484,0.23523318115043954,0.17301383623929828,0.15531722864485423,0.1504719832559882,0.12173707853588728,0.06788578250893906,0.04828942946676944,0.044691403066649496
0.8493233571763665,0.3476593637140956,0.1717133915544367,0.1713709284065705,0.11827057188337003,0.11406539050121951,0.1070244894395971,0.1043714557909366,0.09589794446098636,0.07356809795038123
0.8614876189879862,0.45745276403860535,0.1185106748123431,0.06966413717042742,0.06446399264044322,0.06066898932410942,0.05618617592553234,0.05097468136561538,0.050914245771234254,0.044275290183232785
0.6976820088454849,0.44655791637954495,0.30055169828973316,0.24680248384974363,0.2043684764139538,0.10541092047253885,0.10505074858515963,0.1007093911466253,0.09563893364650868,0.09392779197013387
0.7361493084007352,0.46952685154034435,0.2741922564391241,0.2477491316577658,0.17878448396295515,0.1030678166514976,0.09839487159052034,0.09709985471894061,0.09260453216413528,0.06294833481719739
0.8043707494730297,0.45583277639063896,0.16330578957135247,0.12205149268541883,0.1140620482323301,0.11252037429337822,0.10141487421766773,0.09782978188368252,0.08839600418892253,0.081611282039687
0.6128659345295793,0.47683793505375244,0.35566649899787667,0.3401566806023632,0.16344885827366354,0.14675111443187328,0.1235254282440945,0.10878751388604814,0.1073724117124704,0.09094744492068482
0.7428213205570446,0.4979705256997658,0.3886658947768824,0.09966095365541522,0.0771253916522801,0.07132410870590142,0.07111267732428188,0.06627314101108629,0.06014858856851636,0.05801768289139256
0.8349142110533193,0.2545685650546424,0.23216368876261476,0.22302099287791916,0.18079187878851868,0.1523928085710422,0.10865477894070277,0.0932124775165523,0.08895742950402968,0.08184771475100948
0.9878747324470256,0.08459308607489226,0.07022125538327094,0.05494520237771562,0.04814700931679128,0.03821345775599621,0.031029393870541624,0.02789479077526114,0.026331484184339733,0.02603027815351933
0.9521485723373451,0.13879192512039695,0.13849969128336045,0.12674742482904539,0.10733608127930504,0.07097825211933276,0.068170840204029,0.05089629751104371,0.04794324975560593,0.039173885189834834
0.8891931897860454,0.2718094512754815,0.1972126917630103,0.14461604718658785,0.14192597543633706,0.12648717087545952,0.11929346360150034,0.06376745464874707,0.05760297801424535,0.05542730598192938
0.8383517605058703,0.4623015630293236,0.14443586294181904,0.14165723067313557,0.11164278615203008,0.05790527742102157,0.04760231973097216,0.04627017836057645,0.04273113568983355,0.042513087121723775
0.6976814933070503,0.5079443488983837,0.3536680094765287,0.23546956007565184,0.10960895879688845,0.09638954181079841,0.07904692056737068,0.07320306483018589,0.06640756817426445,0.06260734245284487
0.9239860927000647,0.25502312444222824,0.185080023396693,0.11366004909403837,0.06867994624903431,0.058384624465985316,0.057287960779762136,0.05607246643484942,0.05447049002639626,0.0421144442810656
0.793384927041045,0.5224822149905499,0.14657364702645748,0.13014891211413193,0.11192768855773069,0.10531541248440317,0.08906509572745475,0.08006636388033768,0.05349263355102664,0.04227477690879436
0.7691160486803386,0.3934003536901113,0.2684635717133286,0.20827753160549545,0.17129693138039617,0.13187612332132245,0.1315632224758796,0.11543385019371893,0.10008731531697933,0.09601539603509077
0.9954434279767176,0.06387385475207989,0.03581108615250796,0.023737935982755646,0.022536237112461076,0.02242498143054858,0.020032865735760418,0.015488741715120158,0.014021520464495448,0.013771544659450399
0.8882653443981647,0.3232717187563274,0.16050527853379387,0.134586042478617,0.12298456556389384,0.09737137500213733,0.07786022681466967,0.06580716675672466,0.06454075942710516,0.05205315562960013
0.5145036860076807,0.4859667014753425,0.45815026916223744,0.32016383413379906,0.2253852065552844,0.19691786739813968,0.1149860888819182,0.11384075582921925,0.1069701515028337,0.1025458693348436
0.8163523066211865,0.4571072531980366,0.2099418360600155,0.1410253712836843,0.10219691418033659,0.10218020645695425,0.07600849067826809,0.06103944403433724,0.06059286805575776,0.05557642904984868
0.9960194575856303,0.08104033693846198,0.017092302110175265,0.015281431296105845,0.013986155868472157,0.013095794304825282,0.008774124427944868,0.008039113471535452,0.007203892496832011,0.007165811222223025
0.982997228013713,0.1467909163302968,0.05197337004369226,0.036651096969842055,0.034667145949674315,0.03370633576757137,0.028120587408049028,0.024009847137965366,0.022149418100423153,0.021674151136867444
0.9961570507910675,0.0809995423809112,0.013758105377124798,0.011214608864119482,0.010384815934112945,0.009852496905800206,0.009649164927355488,0.009088925895498935,0.008260840891880212,0.00738503295433814
0.6472828979271295,0.5298263686510158,0.34183951399999424,0.29821043612120446,0.1358955758902617,0.11033943448850375,0.08791514392973268,0.0875525555634908,0.08654640502405052,0.08293221686259328
0.9608292695953871,0.22918541553458144,0.11308076855374057,0.07688649059868252,0.04305940527475544,0.021184901286771342,0.018040810098204935,0.014265170726706461,0.014228205155871367,0.01400389681836198
0.9868572622122667,0.1361042012084334,0.06653839619895055,0.03129007137278132,0.023622502010674288,0.023036623187851567,0.021367073194398054,0.011940886040111807,0.008187418703625908,0.006283450084356402
0.7033494234350034,0.7018314733555153,0.055064722425428723,0.051392012163523355,0.03393332963282556,0.03227276161780525,0.030968255892204827,0.028164121428714804,0.022830071089610146,0.02074011348666772
0.962071639151842,0.12220885035453007,0.10651874228442319,0.09571367180867528,0.09141502372731056,0.07661825903172789,0.06892047219593249,0.06658811362309415,0.058814127963780986,0.04215682794387158
0.7066382503718854,0.6986183548571282,0.05523804809055943,0.05459851359230267,0.041439423308748086,0.03213610583785719,0.029522292637765478,0.02312093827962851,0.019008844770921466,0.018561578895652815
0.6302089885653283,0.5811527023938764,0.31475066816153285,0.2983462735795204,0.2116416847961946,0.092613241773732,0.06130558865566306,0.050548264296209754,0.04881810588203977,0.04572492717380147
0.9956664202688101,0.07731526081592505,0.028566392005960305,0.02484685800317553,0.02005796723707149,0.01388798589565314,0.013352845296334384,0.010808830501128264,0.00798410288726065,0.006543261141438507
0.7710233944432842,0.4821402186849664,0.31992373899314963,0.12777847998583075,0.12240658911193782,0.0767086362139328,0.06484981096044948,0.05375998049979128,0.05049542913181267,0.046887593744000276
0.800701432349378,0.4525724352112025,0.25378252918035754,0.1925370703576193,0.08693386386348062,0.07536417527506314,0.0700546781337124,0.06410161040136915,0.054295618917638795,0.053818422016395875
0.9043681179924177,0.36293263485700705,0.13852163824697122,0.07297806421924913,0.07084721389020482,0.07067449723240354,0.049908991978041384,0.0376373030183073,0.03194865633330883,0.03153461919752607
0.7450045053735913,0.4624911036044379,0.41732874908549616,0.13745192279320237,0.09539948190306644,0.06813457748039609,0.06222964340788222,0.052681281722811196,0.05187185041168989,0.047226692428315516
0.9972373650546573,0.053821964877327017,0.024817428362054042,0.021838724903557444,0.019600735661876076,0.012817579300496517,0.012742258152799493,0.011514443226424287,0.011455713052023253,0.009930096507490781
0.9885849862985745,0.11813522029771505,0.04414975539739597,0.04052979527183145,0.035994173575875865,0.034937355076342505,0.03144195584718222,0.027917582912586506,0.016226069780303668,0.009449678014629554
0.9786893124763597,0.09444784565559602,0.0833580202195491,0.07549824808529512,0.06375636571655101,0.05840123825345373,0.04982497831625647,0.04315229856066131,0.041458797679697845,0.03222296251956151
0.9524821622707642,0.20222519912092524,0.12566279872047192,0.08498698429129982,0.07719135298653859,0.06124503552750297,0.05268696073900828,0.04803987232230695,0.04762377573672767,0.04746205121397763
0.9782791376115336,0.09140572808513946,0.08095366955369972,0.07757018821512905,0.05662718242791167,0.05010026317946885,0.04442803494616557,0.04220026768589799,0.04143307855586859,0.03827553208170954
0.9555381928102151,0.204360169123962,0.12244174575434878,0.09494269677685117,0.07679928129842972,0.06602832183978488,0.0610931762047735,0.029187675129103023,0.02796862960257123,0.02546601631542081
0.9469042992582939,0.2744486771051968,0.12083339471390268,0.044356114264041034,0.041282494765937816,0.03525235371070104,0.03236738708139188,0.031804541241256305,0.021377031555894814,0.020487024328905236
0.9031188765020968,0.2826749260185104,0.23211626256364465,0.11510970785478708,0.06565237870518757,0.061797532843935424,0.060938853714052124,0.05007275652289165,0.04963666318453316,0.04943332352380827
0.9163014989659013,0.26990885679886706,0.16205616097249398,0.10073930026664714,0.08890029516834114,0.08592814967235314,0.07459951892290458,0.06560713101690409,0.06237298972529033,0.05602046661699004
0.9922408442551556,0.08779401021873948,0.07218800012668163,0.02454551957014765,0.02320909833682501,0.017844126311378484,0.01335325489627717,0.011891826104282568,0.011761356585633195,0.011717358784726647
0.9912952017380648,0.07245750441143956,0.06918705449395106,0.05472670240693874,0.040333867258801205,0.024744155614870252,0.019007453470055082,0.01860520070456226,0.013223916578512554,0.012771301031290722
0.8311407199478018,0.4909336668911764,0.13509688434825798,0.11061144836333453,0.10354630473371083,0.06317729262488204,0.04699156994306434,0.04467272608982392,0.04054683582338364,0.03987160953768441
0.906574833676113,0.3209414595620696,0.16691899973455243,0.12598573249469375,0.09838982193474281,0.09372041833188807,0.05330451175871211,0.035454795361419995,0.031300879962689994,0.027753729805807963
0.899537152745436,0.36260623197492015,0.13648577983844634,0.08522030678642468,0.07898803641938895,0.07596877989028089,0.05362592424243168,0.04936851461302218,0.04642429488679029,0.037268215975618364
0.9032155831266427,0.22640887599946122,0.17570599349898908,0.15803285322702126,0.13322335974236596,0.11852664761579718,0.09009016219855912,0.08155882578138575,0.06689436643336506,0.0607094746638911
0.9430612850405826,0.2019096054543432,0.14455904646274567,0.12105443351287958,0.0811957111527487,0.07366186805347871,0.06836252859722809,0.06834202476343913,0.04705937242250128,0.04260739618287402
0.9578497511916776,0.21269037710550376,0.08927866886647912,0.08291279002426831,0.07896347296814922,0.05955670872757207,0.046584517908088555,0.040168848744443056,0.039484133683681255,0.03217156267586253
0.9050360460425216,0.3783607471950682,0.08341377624340524,0.08333730952339516,0.06722277595913745,0.06266356059220836,0.040748341993049414,0.03802020086202322,0.03711338029185255,0.035890713657629365
0.9103758081531219,0.22059395099186158,0.21979075846374074,0.1986197972411272,0.0792356808328609,0.06130774724840858,0.059418056885671866,0.056958875921467825,0.053836667759878505,0.03913194113172765
0.8760385681431908,0.34889104758654993,0.2537893552215288,0.08892545248784643,0.0827341935337859,0.07088750354845448,0.06232411831390334,0.051023309652466625,0.04625330316571054,0.04364582201231498
0.9955634130781589,0.06320730404693949,0.030934684519044204,0.026276975254443162,0.024009136080685216,0.017681333435412772,0.017568984315994702,0.017116091097710902,0.016983511061772847,0.015173721955585131
0.9219037245135915,0.3486563320416894,0.08394903625372276,0.04984135745117314,0.04781215254223913,0.04543631087212337,0.036905074416743615,0.03521156763715437,0.03347630130278173,0.03285346922543871
0.7533996246371369,0.6160993819478444,0.1559777484754734,0.07451771957530495,0.06588954960103353,0.06389540455841095,0.047159189467480864,0.04402590124254722,0.03668560302274838,0.03550621386145642
0.9003827501743127,0.26624224237744176,0.21062189849851015,0.14721364063218345,0.12773205285314929,0.10797792292373007,0.06677369976976334,0.03576617578216281,0.03442643140990591,0.03405481717057242
0.7490241794980369,0.597933357031525,0.19516557075171304,0.12827013027255774,0.06039361137318886,0.05810408266879694,0.04980813682291133,0.04079809385848564,0.03907847746942208,0.03877417832548258
0.9425803229628497,0.17530471213940038,0.17461650488504385,0.11734895081395065,0.09961328070952793,0.06802359699833432,0.052321390012179586,0.04902471277483209,0.045500282876553534,0.04536637873120802
0.8527123680267479,0.42935968380628925,0.1463637837037809,0.080281887583584,0.07692945891939301,0.061783960207532525,0.06079455971469942,0.058638368119429574,0.05854852345347095,0.054250831370603804
0.8171258189183143,0.3396826294450883,0.32668082178035895,0.21119894468578226,0.11665337245263323,0.10700756050775673,0.06995110879788322,0.062150891797496784,0.06037930042809125,0.05383631211311069
0.9819327642403363,0.10865826368825245,0.07110829971493063,0.06798664146213812,0.05938876406041938,0.052498169769196835,0.04696466556399235,0.025686928664304776,0.02467999385184257,0.024648431551694987
0.9814859363594683,0.17422038368680423,0.05296039156464453,0.027542346431210823,0.024445048855664918,0.021335315739780016,0.021039948997042833,0.016394326360499974,0.015767141738388817,0.01354496416396587
0.9673747061157838,0.15574804246142157,0.13431827078046268,0.08674464321773942,0.06423416956358585,0.05424509752365651,0.04465123248639405,0.02403577129013889,0.023663486945269378,0.02350480398442574
0.9649840029839176,0.16569162583104796,0.15225481234371077,0.05732309017353018,0.04473649268814324,0.03868810418170374,0.0379712866773841,0.036727499773336496,0.03496670431497458,0.03470604883915381
0.8464690213301563,0.4276200764199802,0.12152334130913355,0.08924062322664215,0.0848589448803152,0.0825700338577799,0.07670635071994003,0.07668558705939797,0.07255050981458486,0.06558561334846014
0.9085322812033869,0.39271079734138997,0.059178380697777117,0.053452825565162614,0.04700042627000481,0.04478504674448538,0.04435528743215233,0.038909679232599546,0.03186732534238168,0.031221468566483484
0.9078572649230973,0.3929689504923357,0.10335702035098354,0.051450451840557736,0.04616214972446644,0.03403304394107562,0.025845113915267132,0.023310304198254715,0.019431471370399907,0.018818215218498243
0.9938790510723411,0.06246218446887159,0.04749450099539141,0.04501334036882091,0.03576758558486854,0.029176139922103862,0.02305733875817718,0.01802636217097712,0.016423474121579688,0.011358507483733796
0.8389639499231261,0.4775431229953453,0.15511513515070138,0.07711148338625803,0.07383497290606138,0.06606933543695492,0.06596422229544684,0.05940768089890495,0.04667787379054246,0.045983240553526324
0.8456638926073325,0.4820151103913831,0.13015105227323023,0.05903138229520942,0.05192181574768308,0.04628537474695525,0.04622208872534831,0.0456578576149123,0.04414138314137629,0.041893023954825415
0.9739822913871377,0.1728764374782829,0.09298934978610933,0.06078756262253727,0.050245795684450804,0.048868237205353875,0.032985087658514115,0.025740619625683376,0.019743940213640874,0.019338234998044043
0.966060960189464,0.17773362255801906,0.160104159844316,0.04962803007684108,0.0459491630693385,0.038844403661440007,0.02022810758531483,0.020066030724028485,0.017510760662406824,0.016672034369344942
0.9957256346450698,0.05927580057292795,0.040802384328729444,0.0327084991384411,0.02684569345774838,0.02065540347254332,0.015667570021212128,0.01237227475163838,0.011125965229442302,0.010509433429469707
0.9257155921118991,0.2609991160516087,0.15866990192144315,0.1058272228598528,0.06562671462855517,0.06264320283226557,0.05950199905036672,0.052755216492699285,0.04689980701821218,0.04521803907284412
0.9225469081296229,0.2576641356219273,0.21269695146998882,0.0826838191547314,0.059279704405951185,0.050897144065024956,0.0489415129001178,0.047465639206236365,0.04522646862766568,0.04466099663624868
0.9928313877694042,0.06644896850382767,0.060404248656608185,0.03538694266719305,0.029733471737616007,0.02330260357531781,0.02096364235808145,0.019973676541285013,0.017377411584826346,0.016590473869467885
0.5971328640794626,0.5494629284800122,0.3586372988624673,0.27704137669421364,0.1359711438641613,0.1147665986934487,0.11475358375506953,0.08857986103243722,0.08852654057990396,0.08440533037750092
0.9328777239545192,0.24648981093151834,0.10254620992582812,0.10110606568129017,0.10074436284901515,0.09850466946387583,0.08558890961300518,0.07042804210457244,0.06555660975051605,0.04977966395941279
0.7492911917060773,0.4005892013597666,0.3271389058807959,0.2278223587831737,0.14452010810094143,0.09592442281715587,0.09331011489513706,0.08483796528195925,0.08350602766210524,0.07880270891709674
0.9929712003466112,0.08949412375613963,0.05777378964063103,0.02977151596575608,0.02002165276302815,0.01683458291243685,0.016509235629036313,0.01366469424691072,0.012829590838057785,0.008628113437083645
0.9808348565149975,0.13256484487118064,0.08883836025962875,0.08717903556024206,0.02753440252041932,0.024086079778346026,0.022821007602061277,0.022289934809366547,0.021580501282655127,0.01957212421483658
0.9407625240850919,0.22929031454408993,0.13777700853161212,0.09999717827625047,0.08510786281074732,0.05497138810357824,0.050310698724028345,0.05026831539229833,0.0417062573728192,0.04137910785490127
0.7269811094637878,0.365494002487123,0.29556526145452156,0.20743158343035845,0.1889916869650731,0.17511624914279394,0.1569807705545197,0.13504682814767444,0.11823901463979038,0.10740464303752906
0.9244551955591274,0.3609328693903245,0.08355389178078064,0.028910708106271842,0.028394873653220052,0.02653683800140962,0.024988220437762103,0.02473672498594177,0.022013471656550977,0.01915201447516446
0.912757336225305,0.31152822874402636,0.19441092120665088,0.12092100615000671,0.06107498924703447,0.05533205868504563,0.049230894630055734,0.03742633537520095,0.03591745173356011,0.023691040758443787
0.8212509048267556,0.5086828453021136,0.1732652808098452,0.08574473364511699,0.06326817072758675,0.05923097156541326,0.056700472721363894,0.051009476908898954,0.048427480248520574,0.04607957389786182
0.7405159579850085,0.34740075937131387,0.28975176045358103,0.24930456348257782,0.21800377169634014,0.2165226510852117,0.126743934347201,0.0868040373023648,0.07311002753689139,0.07116510457630132
0.6934327106416497,0.2988808141480427,0.2683033600626871,0.24546672129596153,0.2385971960000568,0.17782943202841633,0.1677000965476069,0.15612915138176864,0.15132574538068866,0.12138892770146692
0.7260407305178815,0.6526817387077845,0.11108929198084885,0.09645958964664073,0.074748213157724,0.06787123883887344,0.06588404921208339,0.052663331404992006,0.03877679718030487,0.033108512523588755
0.726869057767571,0.5738131093496779,0.34571425018358226,0.06150778284935087,0.055149030293501586,0.05292657227712948,0.05151770516510374,0.04908867702265735,0.04674775642692482,0.029129554888448806
0.9744248794769098,0.10759561096565608,0.08358513468291003,0.07911918896537101,0.07191504761288355,0.06681448545537304,0.06033890663056115,0.05039495534155255,0.049271596929163775,0.03727614989890212
0.920149254993388,0.36517498668234366,0.07774440172876212,0.05765319966920862,0.05686111299134946,0.030887615166461393,0.029456097172154642,0.028330997988506242,0.026529578699996836,0.021803466353006312
0.9782950492411745,0.14731170922697498,0.06963175142251511,0.06748861865145596,0.04626472179834034,0.03799390032269115,0.034891207527710896,0.03108989901850321,0.02915340702343155,0.02606460491988864
0.778469940220498,0.32703994514000845,0.2671392725519139,0.1926503573808639,0.18297308766936785,0.16439834679480067,0.14574551545312298,0.13365350786920985,0.09269863957378399,0.08141966156823251
0.7689480591964266,0.4923447071727192,0.2086546865888972,0.19627981629964694,0.14371930682933703,0.11189153655866767,0.10456919658213115,0.09035109132205091,0.07777243134217811,0.04894259487652459
0.8896372893728495,0.2323219326674833,0.19850835352534368,0.13836619807969658,0.09560488731776699,0.09231785292203736,0.08602004192253397,0.08579684704069498,0.08165558962156638,0.07427179731395923
0.7041505589494995,0.3570322332753574,0.3277838045395972,0.30743044886775334,0.20001594765702954,0.16099007111611968,0.13323569798916413,0.11691536580330757,0.10855909928275169,0.09639359221391983
0.9973229231471767,0.04529765389993398,0.030919844332610826,0.02662964007532414,0.019345865932836017,0.01626009561275069,0.012650416446393828,0.012135578260836423,0.011809123829550152,0.009552248755019272
0.6493068118313875,0.6059317991841146,0.25817593598509997,0.16393048596628135,0.13739742560924945,0.1175406393532709,0.11516923326614593,0.11329203371799261,0.10101914075715386,0.07887713144082421
0.9526427853525722,0.19814249652461163,0.1029225704781732,0.09145637223031963,0.07796190141401341,0.07755187264421423,0.05368227627228193,0.049874183792755926,0.04782511879311994,0.044858321190240885
0.8134925579486676,0.5209782756936845,0.12683609444671742,0.10298287452713846,0.08594850777288902,0.07109177897617865,0.06815122623398145,0.05630502260442114,0.05153012615840703,0.0498836797117461
0.8704612032208631,0.293429383725516,0.19872744950705937,0.17867158339245243,0.1328165603553738,0.08932544000740324,0.07640686057302054,0.07353963377482095,0.06975927313652805,0.067889339429039
0.9451136956132301,0.15789492532086655,0.15095924660622737,0.13192941815316425,0.07290319822455561,0.062447009023857546,0.059429838958755796,0.05508197347479332,0.05215476834535718,0.0503903757494767
0.5634550097232494,0.5151195930406766,0.38100749461848243,0.20574504243952996,0.20321585182243576,0.18894076637212592,0.15753252761783837,0.15739271801544413,0.14657886067106493,0.13671950248459844
0.9619670540069377,0.09605332905494057,0.090637091050483,0.0877840356846402,0.0789316424115149,0.07026381061724261,0.06995435643011909,0.06987498548539586,0.06504876665787741,0.0636122495789244
0.5490674640385865,0.44196002476311275,0.34184730492711585,0.22635135932491535,0.2226760477836521,0.21686353624587118,0.21291272217414006,0.18553625245910974,0.17750305335139058,0.16113227758501486
0.5737072564626662,0.46934330474632724,0.3631471402094534,0.3064149119559578,0.27009079852139944,0.22277039653643033,0.15690434567340567,0.11780390105663008,0.09336745973795456,0.09259022226824871
0.7047325218883733,0.34060312024753897,0.32987720188208075,0.2523048596065016,0.23103030991398527,0.19603442482127006,0.194688163309162,0.09491625444128392,0.09420895819162238,0.09339615062634041
0.8047654743962416,0.2489281957604545,0.24483795183455895,0.24070343941115815,0.1984770288046358,0.17174856102980535,0.16988319627734982,0.13302723341688463,0.08843304844698205,0.08803365283360576
0.7277239351298251,0.33392318850892294,0.316513121751889,0.25587875975947055,0.21313531467238533,0.16128906455585945,0.1463083922296663,0.11132973729936219,0.11122634405170993,0.10211815289433382
0.7022897516563321,0.4796137527752798,0.32800747788940154,0.23216363304905407,0.17146080715450296,0.15961951241986477,0.11449456835660685,0.09515533873399473,0.07154944072819107,0.06551288531862881
0.6421021334496193,0.6353414979829171,0.19757674393480032,0.17167506652837683,0.14839877959723233,0.13254663595290336,0.1211768460183927,0.11280750288589358,0.10055861051471846,0.07937659302259002
0.7387069588216058,0.5375343119978374,0.3244118853000809,0.13920249122720307,0.09230021417754898,0.08246832987630293,0.08240303738604289,0.04126869364379164,0.037189040861383006,0.03463472631705384
0.6595014364939148,0.4686299869484897,0.34911791251666213,0.2292927936102074,0.21022478879337722,0.15105043690586867,0.14266032776955875,0.10898776718231498,0.09116019161779307,0.08773303815982383
0.9859335397578376,0.07526203614370286,0.07223050070267284,0.05711834799869139,0.050588200192700127,0.040679420199649596,0.03425918269039666,0.03412327430954379,0.030291335327974032,0.028818170725544465
0.9552903725918488,0.2115557974939736,0.10075617447261187,0.07767299366894216,0.05839074847549512,0.05761643120044846,0.04616694868467823,0.04442848602730349,0.043149279293961944,0.041773498530962905
0.6819296725041346,0.47672831275805866,0.2878330569288334,0.2482852951259465,0.15880721614947266,0.1516836954302124,0.13629395525964813,0.11363384155349535,0.11270738817174088,0.11018336478786732
0.9383013488438562,0.30021178989049946,0.10248218205879095,0.07037825675123012,0.06625801747638187,0.03734849632900064,0.030093943983050788,0.029058076491911146,0.025897141738941858,0.024926104258266746
0.9779416456371327,0.10725970813421858,0.08712337236666529,0.07444062071523351,0.07192874782928893,0.057558600806872286,0.05630451736828336,0.04672903966403609,0.033125938781039664,0.02740658703402155
0.9150363431584849,0.2295700529517861,0.1987318123344332,0.1424021720983016,0.14074049556857637,0.0610855647041423,0.05329693245161354,0.05082090432467064,0.05003719914649158,0.04617179575742884
0.9478450594720567,0.16902512461612648,0.15830587956258108,0.09259868340380839,0.0862077916862723,0.07062984964312871,0.05179270761350617,0.05124309624871169,0.04654355687973718,0.04467814981350813
0.7391563876728865,0.37377573677882014,0.2811046837549876,0.2695401850099283,0.17564176832394257,0.13588207101830085,0.12190104788245344,0.1193384949547276,0.1039757243837957,0.08859868588484969
0.7497032369653905,0.3703685611404141,0.3129796508641953,0.24836736699027775,0.13865238039688907,0.1284023727133594,0.11810356316657404,0.11524232370096125,0.09392304497088699,0.0836729279422459
0.9661136364132523,0.13620285618386957,0.11238770663670473,0.09591082386381916,0.08115124226895522,0.06395254361776982,0.06064369567953278,0.04019005532223987,0.029217936291996795,0.02770136196087165
0.8249002233426133,0.4132631126833113,0.21697160041795924,0.19084612304332896,0.14701073213527768,0.08981126417317363,0.06704087815280235,0.06079524071954262,0.05566574861949297,0.04698591121540382
0.9780308125463101,0.12666290031578714,0.0964997458670268,0.06565947582052925,0.06207051398574719,0.04348974507658343,0.039375823634100846,0.03008384776462943,0.02664565676220028,0.025457943885197575
0.6375540011392273,0.47843822256468277,0.3152605504767514,0.3130600581698426,0.1880650271420975,0.1847755170225785,0.1520125648827505,0.1115638015130124,0.0918369687143039,0.09134625233291191
0.8751286370545894,0.28577117213252784,0.20857423781904427,0.18322316366443114,0.11263532051032016,0.09200688272914456,0.07489018027305479,0.07165289993853097,0.06352845897785582,0.058576773557248156
0.556657934589752,0.4610795883155155,0.3894411951146031,0.3173400755943347,0.23277605285151606,0.23254806513337759,0.16043266881688506,0.12312468657090113,0.11903215798208094,0.10156424752906204
0.9003259993458937,0.38144208386049355,0.1079452083288376,0.08902605199189355,0.061376501192620114,0.05469267551667316,0.04544517653336344,0.042249265743717374,0.03272065297390145,0.032616776504617355
0.9606819540896742,0.156887119592856,0.11886922935070704,0.08805456946071608,0.07892572418458155,0.07519944835743719,0.07328355919966177,0.05492528969778605,0.053644186446318555,0.05148658202768689
0.9544666383539966,0.17928485164982003,0.12142754921895993,0.11690663785191212,0.0653344203320665,0.055866603615537004,0.05093535039646191,0.048092023633242977,0.04422852476427411,0.042806010797003975
0.9934692032777449,0.08129074049053059,0.03958894125582851,0.03565847461266962,0.02926051835971095,0.029125454792758066,0.026546390529240037,0.022947700615715525,0.011437715845383447,0.010732190761205306
0.7820406164491497,0.2844766549522759,0.2767999128524746,0.2557165794821336,0.17410944460214445,0.1643305138797519,0.1262118212447306,0.11935337459586882,0.10879952642938878,0.1060858273470247
0.5796494326870939,0.5582182881086115,0.3978810587407498,0.22075235434641266,0.18378128347217948,0.18052239569202871,0.1442203377192444,0.11098382356683716,0.06126337955431557,0.06023622089586827
0.5726263689430322,0.46724450705216386,0.3612860735410202,0.3495789986580831,0.2614788857078182,0.22836530738451333,0.16097867040365071,0.11889237302759101,0.09236936852154595,0.06625333567876049
0.9507645649876451,0.2621584064703378,0.07062056769734307,0.06808720839719433,0.05442886844416193,0.045308826024056365,0.04328007399897612,0.03451443394951368,0.03279146342855973,0.029386547460918833
0.6387699469969232,0.44468861484266325,0.31497662841215524,0.29093198009000115,0.28027899858413335,0.1624606115571078,0.1305542475472979,0.12656158016375874,0.1217848436521765,0.09743826962871062
0.770109765206331,0.4125154773156877,0.34567525931227966,0.16657857338983426,0.1531689950081899,0.12185841219906285,0.10754030923909871,0.10404984468852761,0.06807437077581988,0.06787515443450655
0.6086972343007052,0.3818586281092458,0.3433304024020131,0.3009370922969152,0.29720868228377284,0.24038293615119657,0.20031081062710548,0.15807521013583725,0.11407147250374215,0.07764858538824183
0.9018024017983262,0.25346751111084265,0.2251843042172069,0.12914933115518726,0.10234024019600636,0.09951977669641453,0.08823954189154805,0.068097675175235,0.06755261501398829,0.06280796022126646
0.6619836761558517,0.41490594606032766,0.341626318940707,0.30152005238352764,0.23212823127476584,0.21820282321260562,0.1442834271257152,0.11763732613272823,0.09492759305668214,0.08998705978106859
0.9711232542626099,0.15041009693506516,0.09230449383596503,0.07950489428458926,0.05363379895227068,0.04236928144848542,0.03818420363578975,0.0371931629921001,0.03654390422180204,0.03637859511682001
0.9167815686857071,0.3068118712008397,0.11917981167257452,0.07845755164553225,0.06964291270099603,0.0694330903214181,0.0672731601353122,0.06668716444340325,0.05932527911596546,0.05394173446582726
0.9426111361809724,0.2059143209254494,0.15667368994506278,0.11927340711346088,0.09039736121986895,0.08252026528879855,0.0760206183861087,0.03994172348148534,0.03508029046075083,0.03135026089218103
0.4953060779370043,0.4928316940236421,0.3557809735159003,0.3406331641647192,0.22633553605299422,0.2105836787268769,0.20621398155738238,0.2006773563703147,0.1546605957687046,0.13305249944851852
0.879781704629656,0.3285313993913558,0.30704617051961874,0.0866636030603843,0.05797589607207633,0.04958425079840785,0.04911023938725447,0.032926747789382774,0.028564513443026577,0.0254873040191618
0.7175973492623064,0.4746688915752169,0.2333491480875281,0.2093734389040497,0.20377515825290674,0.13263677692628734,0.13121654989022988,0.12301066181167845,0.11924363833780759,0.11153719803851883
0.8880804622097094,0.275608222284774,0.17355624415029028,0.15373045317224854,0.13668762501907322,0.1236498028009609,0.11677236289930716,0.05854512270910675,0.051141287524416275,0.04960408402998906
0.6846128721158724,0.5735237672878536,0.26441768952941097,0.1885249949571213,0.1485699142389936,0.1092290079320323,0.10729927747614883,0.10289317154021445,0.07470662051612195,0.06762499866002653
0.821247429214463,0.46789787498316315,0.2270639430498394,0.10034468337875159,0.08319476644407475,0.05950333161580347,0.04894956262819883,0.047750163163522735,0.04519145476598239,0.04073816522591009
0.8967929973633718,0.2992944231387545,0.18708644093594198,0.10614202984928812,0.08862835342836957,0.08663158542235273,0.07696461269804107,0.07461964813454948,0.059152179274823025,0.05746489637543205
0.9372046290241618,0.32674607595290317,0.052227646475309815,0.04568639035978791,0.0428453524419018,0.04110837042801159,0.039529220533424586,0.03757307845257469,0.021329849920468564,0.0209658069409827
0.9985892972014055,0.027248942091637876,0.02220768642550336,0.01641068349117131,0.013971468865941212,0.011021448691672252,0.010825933613910831,0.01016595570364747,0.009200959227053896,0.009003030025304226
0.7291348023280178,0.4420285635172575,0.35807808215897274,0.20043165347204187,0.1404270354887069,0.10157253879052597,0.09292745846836302,0.08958370401219085,0.08880887574217101,0.08484907775765844
0.9441937465629462,0.19204273490086424,0.11293458853676595,0.1094014585752639,0.08923519346882512,0.08670874715200874,0.06532322932684913,0.06425339874616144,0.06059117360056915,0.06022135114765238
0.9957741083687147,0.04714322546685003,0.04199203918098926,0.0341381370309623,0.029296040657882192,0.025449587610941484,0.023837988167575774,0.01610292896971447,0.015193150479552118,0.014299909394992616
0.9942199617001298,0.0670812651223764,0.04843685799872452,0.04118266086720037,0.039475376398915726,0.017050730171847547,0.014376843746304952,0.013352757419446373,0.01221800652445002,0.01205991887509111
0.9934551547474239,0.05712660377012118,0.047314665981518,0.047112275815272046,0.04316540179315139,0.0365682750806886,0.02357807814432409,0.022185098514970712,0.01692647757187028,0.014185492151296851
0.9977188038907664,0.041083559960976415,0.03469036816338589,0.028548514229047535,0.014115855420400253,0.013441994264620609,0.010066028888013619,0.007482145143915992,0.007423094322626905,0.006269067578887216
0.6048557916044874,0.4536575292195121,0.3987964058121405,0.3454380985133714,0.18354049149997437,0.15236377634294287,0.12294820022763032,0.1180425622662472,0.1000415681099503,0.09682974957170612
0.7368686206213162,0.5033660683650552,0.28308626533829,0.16124628672879834,0.14963641119653298,0.14027330520485248,0.08445075776495183,0.07938698886300334,0.07807820375879619,0.07705615281542898
0.9444469992271074,0.1447648380757566,0.12677793323921613,0.11824653292939873,0.10566788835450232,0.08530396423095261,0.08266322145596001,0.054427812403687076,0.05274048734904906,0.051017412730179755
0.5738720223156791,0.553456367058533,0.28900534318505977,0.26250922233234897,0.22296423991641104,0.18940606784318045,0.14257730187044623,0.12959552480903003,0.10858278712329672,0.10349835688182954
0.9170202607847423,0.19482228557412037,0.1873225460566522,0.1764884402452795,0.1615524411523908,0.0775444530413698,0.05370886083887127,0.05214204002118146,0.04281129422604918,0.040507142528640766
0.9751752383935697,0.17614722555886914,0.08919923067412784,0.04098402136572029,0.03742349789132414,0.03739268359984568,0.03389447813892524,0.03104105083221165,0.0284890847047946,0.025859325169450678
0.9922604320045959,0.05364545828165352,0.05294677325169727,0.050839603697702226,0.04891737177843403,0.0426325730392219,0.038123467867474815,0.020515873879608383,0.015326307083897496,0.011058752098534082
0.6644932159626599,0.5315203309745578,0.22299280417991374,0.20027947488104522,0.19421673820304297,0.14192207598001236,0.1341303905840892,0.13383470809806597,0.12987783304634987,0.1260084935319957
0.9912572049838632,0.09079258940606753,0.06619297678162991,0.039557978214230384,0.03345945986018908,0.02414702984553651,0.017705766770561283,0.0175184246268723,0.012397080307265818,0.012121069576421561
0.9199055836492712,0.2282735439205489,0.19417170190389663,0.12535190381648306,0.11713284893726478,0.09524579964757597,0.06403456721624494,0.04904914921677462,0.040283886507694946,0.0386446878786807
0.9557921124682888,0.16836629230068942,0.1423940746591615,0.10493651442897448,0.096076907689812,0.06746050804625528,0.05904327895075064,0.047280206285979114,0.04106460312564174,0.0384944187045571
0.9852397360171462,0.09508261436099791,0.06479120335298114,0.052242167753034356,0.04688973604210892,0.037957092511478864,0.03555533429402678,0.030363105330062794,0.030296419099996114,0.029137635613324973
0.8634725585632115,0.18755124957167787,0.18430402364051188,0.16766432230183434,0.16725055395799956,0.1663345143906401,0.16350498666035942,0.16079403769672637,0.1382772316954682,0.07974905061313613
0.7627762414672664,0.42347053478801094,0.32787415557706195,0.1863331249656228,0.1851357048252033,0.08654072393998577,0.08623396429510628,0.082942432170151,0.07387189674580025,0.06560373058297994
0.6581516725577561,0.3929082716439666,0.2736826124903466,0.23722040462630317,0.22203451747695743,0.19872253923607075,0.1792817061103649,0.1786593370812557,0.12098235972928537,0.1140203318059955
0.6906217034735493,0.6145846510272969,0.20453820461641878,0.13308462786744313,0.13187735812380058,0.09521863805657806,0.06944843829598879,0.06918001659004656,0.06828643825201275,0.05719000150519172
0.9856551646664864,0.10179196560519886,0.07053277472046414,0.048646135064717,0.04288226389597849,0.034701896884143824,0.03387309570489554,0.03206479583960199,0.03057760594447406,0.0283327270679049
0.9518164226715528,0.20587337642513917,0.11472065057212896,0.07889707431358134,0.05924986161398847,0.05207373955107626,0.04907546319573099,0.045245379250119275,0.0406226523078426,0.03936049280137527
0.9809622506201376,0.11963197005728608,0.10197811073933093,0.06980356331659346,0.03686769223134947,0.03237262072816417,0.029569607545083962,0.025270738237039472,0.02017111492435015,0.020037792660519797
0.5356036744545271,0.4099728954502164,0.3064761573118274,0.26946917531689196,0.2648764272918538,0.22196425926152746,0.19880417187065824,0.1697940220257425,0.16384772085016147,0.15840817823168618
0.8773276673427054,0.30719343152571255,0.24462159554029858,0.12951108764625574,0.12080784180480082,0.07710826151231386,0.07194768423923065,0.06716058496458441,0.05318259511928654,0.0485671787793714
0.7277431333359391,0.5308550266623996,0.3315536188780617,0.1452252433532785,0.11896420495684626,0.08891027566765249,0.0860319367567388,0.05901340732823757,0.057361336121817576,0.05386406331763234
0.9807045747602694,0.11422378240187231,0.09182031632627997,0.0669625456308869,0.04607530509788562,0.039985658974802156,0.03484873498323392,0.03328521658454844,0.02967523383955963,0.026086924676130073
0.7554152032818803,0.37140663385837297,0.3565418114831443,0.31112331520208897,0.11190405124267658,0.09741788854117267,0.09201707094214755,0.06727478772718128,0.061388882278044864,0.056503231471085394
0.5767694888109444,0.4508194430929403,0.4169282466659173,0.30860642048138615,0.22869978824410625,0.14597622934479682,0.13009991937148827,0.12059610194899949,0.1024764975460768,0.09918485765299062
0.8226968333473325,0.314317472675904,0.2892363901776007,0.24340413368464545,0.12429127628937713,0.10642547700224342,0.08120322358300888,0.061150751745398704,0.05926761410922842,0.05588854778198397
0.7568818679149439,0.43326614576345057,0.3192284947960835,0.14919179436474728,0.11106930582655095,0.10940748608282631,0.10116627970631538,0.09632392368981135,0.09054354323141317,0.08178704169056324
0.8578059894564305,0.33172165208887716,0.1936855273777413,0.14285228359983032,0.1166252576460996,0.1070732150897164,0.10333155985619276,0.08258640015463388,0.07639523611497821,0.07436725340017787
0.7680922109300419,0.3453031055763854,0.3040663192370875,0.19169895863752223,0.1650382294666147,0.1481503514263232,0.12197146407040009,0.10923881105651355,0.10447069107529997,0.09568255260652708
0.9837510433617438,0.08517016216758563,0.06677945797575083,0.05800430427434897,0.05551527805097188,0.05049076477677275,0.047132889066860945,0.04324741482631757,0.03330141243348184,0.03156076558850389
0.9898586361450447,0.0986965351628833,0.08133061947829515,0.044295452192554485,0.024898564665873174,0.01183854798809599,0.01091682833954724,0.00999160149173894,0.0077494000454603204,0.007566104826674259
0.5901824865915908,0.5107243196519542,0.5100626778827327,0.1876180268570873,0.08925699611472786,0.08742384906864863,0.08267857385430175,0.08239361707312097,0.07985425777402787,0.07686427945654145
0.6882410443741696,0.4286003318381964,0.3968600898721855,0.20982725995162682,0.1582813900209077,0.12020860015116433,0.11601725188469075,0.11475559000334312,0.10985009123833023,0.09013230756181535
0.8786084234349827,0.29316853760729594,0.16913088799667678,0.15708615259911365,0.14369308648295728,0.12181034717775799,0.10711746021468711,0.08175821523600822,0.06268494045013541,0.05775539755761763
0.6730803851014625,0.4501635293538564,0.26571633043949944,0.23984404446354593,0.18354635955452347,0.1794646766648407,0.17063662730245968,0.15877256960111766,0.147881674959774,0.12719182143006316
0.606164572379857,0.583281760721784,0.22113745718986053,0.2042380446545752,0.19766973325409914,0.18627217733043788,0.1812935285783428,0.12395741084353208,0.12336394908791531,0.07255560587536682
0.8961308732921727,0.2656087895334865,0.1958606113190508,0.11819805137114012,0.11600835762469601,0.09061119714391824,0.08557430159395411,0.07609873115843267,0.0666999325522245,0.06489146386204503
0.9550737600725625,0.15952879586462773,0.12013796961526446,0.10368920879842349,0.0833525554363651,0.07733097271965919,0.07677202909084699,0.06521874894357667,0.045308445018679304,0.04175501058761199
0.9782407804704202,0.0864051393180124,0.08462775735137834,0.07047436226052467,0.05590863597813497,0.049518901928282795,0.049368758454308874,0.04618066020949971,0.04584152975952958,0.04460886298055978
0.9474411171608939,0.26362527403952685,0.07009632155404394,0.056942396396368646,0.05402303127421507,0.047285997430917444,0.041912593760106955,0.04114962900095565,0.037817924844856715,0.036498752648503226
0.599572171161594,0.4619860890086178,0.3845597235270691,0.2700604267571686,0.220706556153403,0.18459441969945944,0.1587750615276479,0.14861312816468364,0.12009551353751695,0.11550598007771656
0.9725158830553498,0.1300710091153395,0.09793238158019227,0.07614744004917266,0.06809854579780755,0.058484604526928885,0.04010981819667176,0.039939256967224786,0.03384909737557199,0.03261362500586577
0.8449502607641284,0.27414082534421425,0.2557361208947725,0.2169493284893252,0.1349505729305457,0.13121963451349725,0.10439674508275847,0.09797163986671527,0.08135123851616514,0.06926784376142676
0.9922227362117516,0.08873595106884258,0.05079294639796171,0.03202457521374204,0.0316818268940516,0.02564784966530856,0.024558988139134555,0.023700142462266875,0.018588381119393184,0.017930024311175113
0.797887984932704,0.3626956877324592,0.28744308581408845,0.189332851618124,0.13352003652499855,0.12996977328244783,0.10322609836475129,0.10275376999498682,0.09738015714516471,0.08521069612584342
0.7940454937651711,0.2651376208190131,0.26156644552808245,0.23816298150215526,0.20751409018758274,0.15729444933329023,0.1486202898955903,0.12044510181129543,0.0919797933463894,0.0894787934239701
0.7375937533566632,0.2830605563954423,0.257112473334064,0.23865928378086865,0.19320908251281044,0.17610401367837594,0.17403326346344275,0.1355783551127579,0.11823425011873717,0.11740329363924783
0.7942934360512687,0.5133399315846274,0.2251040360429071,0.13929507531347093,0.06473121018012978,0.06348637342079338,0.05034380832977278,0.04724104190376687,0.044615650206402464,0.042818193844909536
0.5537331822754886,0.4272886696219424,0.3628182071003962,0.2729676827228524,0.2177119381677767,0.2000184462856937,0.18546415482307518,0.15091044384188462,0.14860119930492727,0.14304774906426918
0.7009286873027987,0.6059659680497755,0.211155208583963,0.18061093219288007,0.11075707564269001,0.09117576760889892,0.08661017696471714,0.07471228611059504,0.07246149313927977,0.059182957369689225
0.6468658067365092,0.5030238753249351,0.3869210527708069,0.2666129281641383,0.22196007209064975,0.08038273041129443,0.07897703576107655,0.07094240953598299,0.06882972430039828,0.06103167166122945
0.7133945189138131,0.3761771450347754,0.3442223732632011,0.3244392025187524,0.16172707163644298,0.13505870309444395,0.13143270873800458,0.08941958237228623,0.08239699081366401,0.07976235987013794
0.7065740417847302,0.3739100450322569,0.2339070610389135,0.2152536822329737,0.2139879096549379,0.2058447070119078,0.17209982217670294,0.1711124159512767,0.14754707033863346,0.14349654441179308
0.9751869039060111,0.11930139393949515,0.0964221863665314,0.0877520749372132,0.0668996341444134,0.05587857910420762,0.038663702480465294,0.02895989011660062,0.027347685286039047,0.02692368943667138
0.5974239340494552,0.44504503316018873,0.36926372586388884,0.2991412019540325,0.22596534710315502,0.16380882590531085,0.16102392535244675,0.1291255135116263,0.10797301517900802,0.10680623809529675
0.976515846470121,0.1497226352875611,0.09701644548235708,0.06619343451729372,0.03881788421010112,0.03854144518237627,0.03462164120551414,0.03216202515285023,0.02184553154684572,0.020234673991059538
0.9905700682346985,0.08324512979124207,0.0753992713152715,0.05519084121982978,0.029464760915020788,0.022969989579027756,0.02126218229041954,0.013989555029254246,0.012560748476817643,0.01129483102299104
0.6414790241979275,0.4311229316850464,0.35955115388939274,0.23785016223991137,0.21705179194001653,0.20079935269909366,0.16356235019570622,0.1086810461228128,0.10477563525645321,0.09551424905725707
0.9876084632484732,0.12536125496676065,0.07543606528976557,0.03082666712879464,0.019160373383721514,0.018629590475005703,0.018038110634819433,0.01374819813871893,0.01318845938825454,0.01153067562669222
0.6476820178350701,0.5871029557376451,0.2564061097297492,0.21914786290587365,0.17258228126375005,0.14278307058950213,0.12523641172653147,0.09020561069022605,0.07914236440830094,0.07629729988383548
0.9835973333398603,0.09337369712707366,0.07093079503251376,0.05196825454740168,0.049002183869417945,0.045803656574425394,0.0398411781556757,0.03755957879096293,0.030378479058667012,0.02891098400851115
0.8237380316203756,0.28471437770878166,0.2626657917496497,0.22772209581412672,0.17459140918897367,0.13362549193958895,0.11129720449050971,0.1096670640458402,0.07212185314150571,0.059439062854434
0.8690080899677255,0.25542762651233686,0.23167985984976325,0.19975574378147204,0.1727800208378902,0.11800683557526359,0.0901223442815881,0.07904538341532413,0.05929093316114044,0.054024924919587956
0.9624708484317136,0.11160077168980383,0.0913275571574664,0.0835059566324807,0.08018976091687431,0.07372186445047964,0.06699891877000624,0.06262910715827931,0.05251616340018546,0.04382862671933849
0.8918484220957545,0.21446948862691584,0.17119306267162882,0.15086670966741927,0.13173547583325088,0.12118343072695363,0.10250506463893283,0.08803285298666191,0.08671109234045472,0.08136385978716285
0.7600858554196135,0.3047586802197891,0.28059677967525465,0.2069376580004822,0.18007884785999678,0.17333675756663383,0.16587178789811124,0.1525199382756453,0.12740907183160136,0.11018836384860528
0.9430673047056701,0.15805464140056502,0.1231327104242194,0.11875733564106018,0.09628149330341457,0.08628989660939353,0.08101669312848102,0.06632820282271039,0.06424929403330001,0.056694133882538696
0.9788499419428621,0.1272728255407914,0.07015115205218024,0.05483848697578477,0.05009459519791973,0.043939294605029766,0.043580989623773075,0.04247112757985468,0.040494803093421024,0.03862557854626085
0.9974343679204682,0.031628995552878396,0.03097847422256921,0.026327722713126854,0.02110358155805935,0.019891832629001373,0.016340992929453985,0.013678509617995863,0.013286800667181796,0.011165378475662078
0.9953874915887384,0.05061173212868308,0.04952723795864874,0.04655926881269118,0.022731771110996196,0.021407797498051297,0.020446811934256813,0.010862979025993782,0.007612721072190465,0.006924095560536371
0.9768283008374544,0.08640782810548303,0.08503765042362044,0.08339476877105445,0.06709351000867501,0.061516472644735,0.050376334634683995,0.04381327988746801,0.036890664800457704,0.03255402400230722
0.9704728055412446,0.15192944731221203,0.10499588524959574,0.07809161622609961,0.06628546439855634,0.04708087110788436,0.044565157159967374,0.04341554107833756,0.04317929325390879,0.025815840706554967
0.7828181484675129,0.45950974407147566,0.23604863057742498,0.1641812595273863,0.14098851968897352,0.13093799757504063,0.10037310721719635,0.09477255629542332,0.08174924986626791,0.06280820176240766
0.7558034901046651,0.4725075907237524,0.24350535786548905,0.18452213015819044,0.17628752224590907,0.13416517656409813,0.12590953710026986,0.10145360468219321,0.08015182684450697,0.06740154382115164
0.7868010549821964,0.344120318506597,0.27671921642674113,0.25468807448005076,0.13935811146585364,0.12063209264211995,0.11722545738564719,0.1153843920603872,0.10878262464430255,0.08692112822918124
0.8249069383603602,0.2786442076915938,0.24950420376817742,0.23621345193540724,0.1948752498897209,0.17629092470820787,0.1205250788000979,0.10407041981907421,0.07624968146170627,0.06649485948732187
0.9656973566987611,0.18972690654901,0.09193110103140897,0.07851534669866206,0.06165950417189156,0.059352225802982626,0.047878570402311034,0.0425278921809424,0.035634359799129094,0.027208310871159977
0.8749269920559758,0.3144556339490406,0.22290619102766587,0.12489395623872626,0.10496613610123512,0.09517326307653808,0.07647531849141834,0.06732190916344563,0.05685527805058708,0.05553094204448676
0.9812215793392707,0.1329462428430462,0.09226961886961937,0.07718463149044034,0.04442307315360453,0.03385772370689535,0.016170135987338134,0.012945919129625392,0.010622407399156061,0.010506067911438372
0.8708850609043559,0.4691915797578734,0.10319280819389469,0.07143829834873859,0.03878583219973652,0.027669855346585788,0.02665520138181371,0.024179363404308624,0.015489778640163772,0.01519937105243255
0.9760600801337245,0.13348284266043095,0.08894533383029776,0.07738369199245448,0.0717439233044031,0.061743612431380455,0.04491160971026847,0.03682387714478026,0.019623523972770368,0.01706477075240323
0.9864117937812044,0.11695891968323717,0.08054593646175748,0.047371769156970035,0.0425828823284834,0.02207928875851072,0.02052596463848292,0.018046410814840305,0.013914169296320182,0.012828089345902176
0.8782000546499832,0.46589907952687815,0.055512623531512394,0.0488449757953523,0.0421769789540807,0.03781872281490692,0.027314378681271064,0.025012568497159406,0.023246481912399815,0.014464253102085527
0.8228898097823677,0.38054779377405107,0.24730552505022543,0.20876096998001942,0.08657310486991417,0.0796295628944868,0.0748248459382645,0.06818461413856804,0.061629464421419866,0.059151512278392514
0.8210385217771591,0.35944698329897173,0.35392124178960277,0.13027874987453186,0.07983319965730339,0.07552029575303633,0.07469412257091955,0.06257557679474483,0.05900159571656488,0.05856124537221049
0.8061916058199857,0.41406643864380005,0.18161124011403318,0.16285406710915404,0.15074331693835255,0.14451205346768958,0.08924502301483006,0.08544473901096168,0.08414709117269725,0.08333518625104526
0.9640898345714534,0.18229649752642355,0.14774449101059714,0.0536130308060298,0.0503106609104631,0.03944398900083715,0.03697845800546804,0.03001997212129237,0.026390348894249294,0.02594393074832889
0.8589269997870372,0.3416583888668098,0.17617869642812947,0.12099898417229059,0.1190069151887447,0.1009451193300221,0.0980545045348,0.09275779375930912,0.07248561225690518,0.07143155160883868
0.7545042005486705,0.47830050786331546,0.2650155685044375,0.16028625037414843,0.15187944290873526,0.14963495721098824,0.09543094019510234,0.08191482997122239,0.06140157520666672,0.05071774019488851
0.8592363976962696,0.3449361033439769,0.3384550097195085,0.07158268110814643,0.06027224075864959,0.05406170292661527,0.05216219299658459,0.03466058512525601,0.03458416435863561,0.03277266236125369
0.9158707134805927,0.28944932363768816,0.18880919126048026,0.0903513821103605,0.08845961997370455,0.05774262164500938,0.05630363211378984,0.054993581739053894,0.051290156104374034,0.04516003498126217
0.7633175380285717,0.4756783460160642,0.31188504376910703,0.16565345791178981,0.12169600597520933,0.11013237646505578,0.07565577535733167,0.06382579558080285,0.06039632999439104,0.04160378206186337
0.8949303968147391,0.30593936899748214,0.22607144109413152,0.11296346650045817,0.08738061937152841,0.08066832417033415,0.0660518937004308,0.05808541126138131,0.03997546063283764,0.03768728921528319
0.9543356797332766,0.15325025198069392,0.09560222623400139,0.08307001320014039,0.0825129750303147,0.08076297051433051,0.07508686651659015,0.05093007319149976,0.048465391862879896,0.04662190168599339
0.7166543556911815,0.4602072498649768,0.230708992151906,0.2198183368180981,0.19102786142876688,0.18260529707595394,0.16501856578338445,0.14335434377239198,0.11697592313453085,0.09438889467990111
0.7977603881017101,0.3398609286137408,0.2725910546670466,0.22744045856457143,0.154917446572205,0.1272726413685384,0.11800441564538457,0.11026587407108498,0.07916652349033435,0.07540306106043508
0.6590464566401601,0.5322047546504716,0.31081213932696916,0.2082281143933966,0.17738158284579214,0.16958453344777968,0.1418225500372103,0.13969543910683857,0.09207327674554873,0.06827837372991
0.945695079773992,0.21211712242140335,0.13110543670383384,0.11518220170272514,0.0887469202778109,0.08495587128877582,0.06552694789578868,0.055475692265788835,0.042088683850559784,0.039867944630383824
0.9427781007232392,0.22499796031140773,0.14107336155592667,0.11710306223680728,0.10023275577247186,0.08243356719878005,0.04574758704595238,0.04152092963614811,0.041040927879696244,0.02000422486915301
0.9379103740367779,0.13936212279659155,0.12641871026578885,0.12317272736567475,0.10214220026010973,0.09859505503688715,0.07112334739116974,0.0669610294838585,0.06674828115561517,0.05492348773811238
0.9946715807889928,0.05431617523094873,0.042767691253428594,0.04074669855243294,0.029141095063960436,0.023624892560208496,0.019118357837808048,0.01652548258831117,0.016292435231170018,0.014885788988505483
0.9841401819484706,0.09209891856678408,0.08761734966401273,0.07920523547410907,0.06868323824196663,0.03322975926605251,0.029287166706652226,0.02775463616584244,0.017469561195261676,0.013397548748287082
0.9224867087325149,0.27560998427808014,0.18360674847360361,0.08619535272680189,0.06770298389102863,0.05658947734881629,0.04765481818924905,0.04638960341576634,0.04178775541725557,0.04063596689597289
0.8058498395629047,0.43034732533373915,0.20427242837265194,0.15488306872430502,0.13623492058042008,0.09738718487524158,0.08576859725619176,0.07440983238951748,0.0685567483954516,0.06742806154281893
0.9934415170683908,0.06653047612049456,0.06363754187552059,0.036474015583231385,0.03124661961499674,0.020104005234247335,0.01718606479650194,0.016110107401041,0.01585166601690815,0.01361757329158944
0.9997119527965788,0.014968352874870522,0.00843247309876309,0.007815017944049225,0.00591179628352283,0.00583743190720373,0.0053951624003074385,0.004053069281526266,0.0036721334291130972,0.0034155095220561532
0.8574337246013358,0.4451845052807874,0.18576839660656888,0.09658028156993324,0.0677590464644842,0.05080314181866189,0.047706728667607196,0.04300390425169409,0.03945835909254359,0.03826913710563099
0.8827472330218767,0.2810721409968915,0.19981569835154778,0.1520833574933868,0.1099013157919747,0.09995621313120334,0.08146565315084497,0.08065878223087025,0.06748727478011472,0.06731258296548147
0.8164573631600226,0.5639012467192337,0.07029525813735303,0.06368140307686417,0.04380394856504508,0.024557875895438838,0.020759202494467003,0.02075121475598832,0.01963253078697645,0.01872972387261225
0.9333053609617552,0.21539623752044554,0.15015447017238315,0.10521431145876121,0.09847122717358156,0.08837686344345466,0.08655752748955016,0.048402273430318866,0.04177438919826765,0.03824554903879698
0.8679723852549932,0.29846935123653584,0.20219431337219904,0.16652848029922449,0.15369149957721284,0.1300741514437792,0.08745059340530043,0.07609013720857889,0.06788126396384755,0.05824949388898406
0.8792691001054959,0.4506982307714361,0.07586426042720128,0.07544628938361961,0.048971730656450156,0.04744334446029974,0.04721214328756219,0.03414735228428924,0.02523484439871663,0.02507319239633402
0.9610336404152521,0.15643893111377316,0.12937772029783132,0.07014470579698154,0.06051940726674025,0.05511170616796408,0.05177409327988685,0.044795868834175454,0.03648461434303509,0.03572720216418959
0.7970096282894615,0.5599898662446915,0.13949884041034868,0.09037410046380968,0.06140039418875548,0.05976502815426697,0.05707380876030932,0.04740670520186513,0.030123641095270028,0.02996124347773755
0.7740853162986226,0.33966664066987634,0.31811822124513367,0.14740839063136046,0.14467769289970717,0.13869272716400347,0.13154528146768713,0.12803079628767605,0.1180757863416949,0.10062325155098645
0.9776686899002529,0.13307895697431185,0.1171761636478882,0.08686370476710277,0.034223148574912515,0.03248981167337201,0.02903946752014533,0.01724258094606481,0.014135788302165829,0.013923473753222169
0.8406484852018009,0.2721794606014254,0.23639696642921637,0.17668378451489472,0.15817607338419487,0.14599213002828418,0.12088653989135172,0.11493365214853664,0.08319456240143218,0.07307137903758305
0.9701455954520304,0.18041659727522455,0.10272391344861553,0.07048803539478166,0.05026044852371196,0.0356790839354918,0.034964434486172535,0.02876592036379963,0.02509537536718872,0.025029507666159627
0.9608863149362376,0.20003255040125886,0.1024277518111879,0.09530993418165164,0.07018973861222855,0.049610946877076935,0.03584131839799656,0.03101402952830616,0.026871635314757374,0.026414770793054126
0.9958407017262922,0.04560508537456611,0.04473648351342603,0.031960623988499394,0.0295157562055719,0.028050115263633175,0.016010060088629437,0.015158847290617962,0.01487839731979934,0.014398948872405483
0.8805714982961605,0.39069315125606796,0.11712079836426147,0.08694541132788057,0.08180063002959116,0.07094095993447995,0.07015731646721039,0.06199873551408489,0.053756263617707044,0.04777991718098944
0.7864447471289053,0.44796437419937996,0.19249465341823352,0.14287787342130903,0.13875797929136968,0.13304544141290067,0.11397309312456176,0.10418266215917046,0.08532867309671105,0.07994332438934536
0.7959943339318053,0.5009489185148969,0.24085051835737567,0.140063948167306,0.11790100333166341,0.051049824982486156,0.05004630518759277,0.045543778313848954,0.04531154798928954,0.04193060792970768
0.6850161232133687,0.5472731443789207,0.2429898450779774,0.17847407893264913,0.138860929929564,0.13763162190366818,0.12123453283860439,0.11811891065179739,0.09771260550312882,0.08759801980947537
0.7035835857624231,0.4187591849278565,0.279434844069504,0.23049195916648754,0.2164556023051303,0.194199206495524,0.18656245889635525,0.11926222778204229,0.11193761555529425,0.09027534930951701
0.7186393706905481,0.4902414103342536,0.2919878808610222,0.17409986102710234,0.16963087780465433,0.14713956525796812,0.10559868301822041,0.09174790573787366,0.07828452954208667,0.07798500133321859
0.9172546471668955,0.15265678772008287,0.15078734417806727,0.1324641378371963,0.13081793478369544,0.13038827807508954,0.10813320249523374,0.08121607358109277,0.07573603204720603,0.0651419048641615
0.8604560274482377,0.2904989421428139,0.22201048174813692,0.18230882653913794,0.14418185766355407,0.12466973315609635,0.10063208608847664,0.08622750689703365,0.06930938220544718,0.0571005364571757
0.9897683991788107,0.08700144716364823,0.07110629718733343,0.04259081878947664,0.02933098997759514,0.024465031726439157,0.024000542649054317,0.023666757469020045,0.022453686401036083,0.020435617108765732
0.9936757052404954,0.07189172127012236,0.06315310036102352,0.029966419434918765,0.026084653299168974,0.022920083610774893,0.01406220796670517,0.0139335424522614,0.011698439324735702,0.010848815109305722
0.6328631150663149,0.4743806150141283,0.4365604014762706,0.21627291762543008,0.1987670295815954,0.17021426789104313,0.13110624292504794,0.06837340199369366,0.0604910004270164,0.05680457532976116
0.8063568816199592,0.33407266604534475,0.24359219333252027,0.22356698098257083,0.1781190996161512,0.1460819501096065,0.13666055765314647,0.11905696874738453,0.08134098931045888,0.06145955350073863
0.9939924208268851,0.09093273719284428,0.04903823236794454,0.018621521048171483,0.013900026789584196,0.010713103008725248,0.008867739762300817,0.008368377819056274,0.008016116178794568,0.007665221586919777
0.8987000922187914,0.234867364014057,0.19311323741683434,0.18989407434458122,0.07798011258762526,0.0772792211615447,0.07565458790518167,0.07121417396170787,0.07047565879654703,0.06876225555946913
0.5741851413842216,0.567298637538869,0.4461494184360352,0.23950436358748245,0.18373269308604767,0.09799436405811461,0.0973745005689323,0.0935013199190473,0.07030235066204685,0.06352358441909155
0.7681019718643457,0.5366104966342734,0.16504172867259304,0.12962792928496175,0.1117274820652248,0.08087233689647517,0.0808238861768599,0.05756818771456478,0.056872786155262665,0.056842671785764964
0.9709954551719953,0.10966224361316702,0.10386545496579684,0.09487028858743815,0.08526748041004431,0.07461337241281998,0.054636596056858236,0.05259327775339672,0.044946755717802045,0.028495828989476217
0.6929522679891323,0.43501018077205494,0.2910471039053503,0.25453468799601814,0.20043464897240376,0.1995645447859758,0.17742464893397494,0.10115567290784935,0.0882733447846301,0.08405370126861357
0.7923390505092014,0.45032704979800325,0.2176373204616008,0.1745516541256852,0.17427653243775154,0.09944951657193944,0.093967492672677,0.06795078346223465,0.061427261245177216,0.0593790468483353
0.8600679956234263,0.3887894025664196,0.18797082018658243,0.16399757993445235,0.08898997966973664,0.07633964739748798,0.056309570344592635,0.0556030109577429,0.05425774075291021,0.05320351888846997
0.9078328324544128,0.37603030508856844,0.09789385528797873,0.0891896788310386,0.06534360425527565,0.05800185175102946,0.03585437121994657,0.02911102882171498,0.028092375697375584,0.02257275803968224
0.9934418652504735,0.05628175261073432,0.04566930591206777,0.04342834127860296,0.039865101690320696,0.03278093626897411,0.02987343234916361,0.02812597550930111,0.017543364951214637,0.014026306066415424
0.6373298845886912,0.4919672579006621,0.37001317407317696,0.2623047741953895,0.1569019588138369,0.1504697119321102,0.12215286490294137,0.09022504875672038,0.08823200451131487,0.08183434135832371
0.9313670779823445,0.18420561990089376,0.14122590223137668,0.10986800127555854,0.10718740969364277,0.1071803871921747,0.10571606531061586,0.06714317333654606,0.06503301047487085,0.057410667300731355
0.7638882947003873,0.5100446754273907,0.24821317301525625,0.2396820605033633,0.08686454499793773,0.07996503823382668,0.0581885516275101,0.04621621345740293,0.044671908074146616,0.04219776022175123
0.9921229182867453,0.06808461733941465,0.05922517927445794,0.05325856019147623,0.03476066398105172,0.027173016563293823,0.023576238152118994,0.01903662310634211,0.017067162260286685,0.016763767483865596
0.6552832011561995,0.5887551913081851,0.2954258560479098,0.11679434968188657,0.10760710731934574,0.10628563100473305,0.10210267672876305,0.1015022855332373,0.07376096690360376,0.06920964794911635
0.6986055129824306,0.5329980338037245,0.24993063509024666,0.12808947472572546,0.12525331949663435,0.10302154158769264,0.09800616157010407,0.09796454544663964,0.09569160509133849,0.08653712689008224
0.8967906956052495,0.26247729830798083,0.21459280811062834,0.13722220255660147,0.13058206350951695,0.1283907786055737,0.07401387753164056,0.045254961040882336,0.040988962398486976,0.03508863187169783
0.9924561386540429,0.08184083770010085,0.06855063928277137,0.033171129237225656,0.027308933103239716,0.022821524755547967,0.014451207770624312,0.012772586310287968,0.011312675988461626,0.009742211210112135
0.9275171442833652,0.18539005628588565,0.1806958952833645,0.12157466513789207,0.11078123256591012,0.09313244517740295,0.06463022747190285,0.06361858501098032,0.06355721360571766,0.060101219114923686
0.7303913387409469,0.5714843214108971,0.2182514691265893,0.19398103719977133,0.07332217335635016,0.0715945508042262,0.0714066109962459,0.07064145053119844,0.06771793292453088,0.0669630772058477
0.9942897116137107,0.053953605742533446,0.05177680396722628,0.04391701201026671,0.02892513848483371,0.027844973729272627,0.02237881525369504,0.021817800713397607,0.01923944041868233,0.01591809667618677
0.9654785469505754,0.12354294384904027,0.1149685923450781,0.10731658376128479,0.06327791096563894,0.0613309139114661,0.0595370933727322,0.05016718532060781,0.04587696173447046,0.03859156193025468
0.7263653940327867,0.58114810293297,0.2069698187548158,0.18364840960288395,0.10417459621189012,0.08540555924198544,0.07468952012568156,0.06300253818122095,0.05847340575820289,0.056942214715781134
0.8974400690533709,0.2515091766317269,0.21112075640247566,0.14770270153202356,0.1086679990800362,0.09667158092283372,0.0859060509593847,0.0852129768960871,0.05981262418225942,0.058192039554834096
0.7647324643198093,0.5623788161408395,0.21074142195463189,0.17161364167417983,0.08236109883109884,0.06098316184775523,0.04608011985060248,0.04491034633113495,0.03707825397184321,0.032581181526526594
0.9385096635232834,0.20066581168101005,0.15653705469221327,0.08158884742663361,0.07724121873465707,0.07244293846569798,0.06991721517072903,0.0696412307854884,0.0577010960262329,0.051049957877121487
0.8065335881769796,0.4911505685435303,0.2420714826383666,0.0928297310062867,0.0871258830375238,0.060393568223507235,0.05177328617626583,0.049274196888282495,0.0467594822240701,0.046327101843644
0.575119201570412,0.5225171391430803,0.4039829846280024,0.3652342448577937,0.16600156942092537,0.11765858918101677,0.09512558267310352,0.08517923125259666,0.07471215631523367,0.061880011012874284
0.9107534670581106,0.2063768104325392,0.14457037517971516,0.13241389182653032,0.11864715875944341,0.10731471934144418,0.0945878977704581,0.09386986559961955,0.09111182218096064,0.0818270674926688
0.7435326670429645,0.32963959724394953,0.2773101256190118,0.2565851410426881,0.20429355830138765,0.19026464560806897,0.128570576759821,0.1251097108119614,0.11656554237037892,0.11630318875832894
0.8929424892630241,0.2810177195900114,0.19313474270350126,0.10316795377482237,0.10125891967711441,0.08227113934672373,0.08167706883909175,0.08074101541965473,0.07234158901249373,0.062403252261980395
0.9377907842409053,0.2504156336496349,0.11906777480221768,0.07934208177800568,0.07283048434403808,0.06474182912136367,0.06300789829858834,0.059856794137826456,0.05108040683307854,0.05094008482890821
0.7168111752726498,0.5826663930255419,0.3322981362505996,0.07110453729530529,0.06174767865635171,0.06093451149059791,0.05177179026886288,0.04418543608372088,0.04317477583101091,0.03858747402259848
0.9490251132285844,0.14119774919036912,0.13733143335126155,0.123505693618985,0.11838966031523257,0.07471953815385983,0.06402164341019734,0.055793061755712914,0.048813045952578855,0.04226464185607666
0.9534466069354062,0.17213288455388054,0.1095041086525316,0.10404878995092805,0.09518751555384063,0.05834064811079757,0.058062057244970273,0.051523340536592965,0.048673289707146135,0.047529920817305976
0.7365922069972601,0.3988590747147413,0.37202142919772174,0.20151198411714877,0.17116902338554207,0.14667442449431448,0.139100537915897,0.09767909973898088,0.09695218663697075,0.05737386868148289
0.9816984027219351,0.11391827394746108,0.07219018002311156,0.05451386361003015,0.04674587999908376,0.04044305854681271,0.03619895163753182,0.033564228845357154,0.032588872564847826,0.029023991609851016
0.8710520046194458,0.26771622071796336,0.24692129994625894,0.16713966519152137,0.10211254273689223,0.0996011032031052,0.09513860632917043,0.08856842115150536,0.0751402647721346,0.06661586759010846
0.6969337779969199,0.5219076185307494,0.29753182847445686,0.24592147733324937,0.14808835111379143,0.14343608718751255,0.11825041814400958,0.09875067626271793,0.05923896282413206,0.04296028909771363
0.9316753703477123,0.2861488573852292,0.09570259453374501,0.08894872601946217,0.08322749448963965,0.07372604438173083,0.05637052510972254,0.04834661013419228,0.046404722015290736,0.03785137157854372
0.7662592046685707,0.6042081806118756,0.11607223470110015,0.08461460656121768,0.06604999022906521,0.06138003125963485,0.059045811467393246,0.04017201928490079,0.03610370822445383,0.03204761910834877
0.9621345228584535,0.16703857922716028,0.13093581830817824,0.10391683544538358,0.07983052223560286,0.05230941800685443,0.04283069088281035,0.04072515850325237,0.02577848766019876,0.024859448544545564
0.7222827413782876,0.6226149405492898,0.16178930453067022,0.09725665421571544,0.08730981871638735,0.0740530019970044,0.07119062515160895,0.0650259220439586,0.06409532401907331,0.05647634156747106
0.696343180174928,0.6618792672656338,0.10418890709090292,0.10296501583374211,0.10107289158326413,0.0866358201092475,0.07222871848016339,0.065607350801168,0.06467789001616696,0.06039490829550393
0.8412285465428042,0.3467181927246037,0.19312268873477748,0.18961814186955295,0.16602857551787575,0.1286281500208035,0.128594988136427,0.08260863627365317,0.05590199099960154,0.04761369180033849
0.731224397992873,0.47315859237969055,0.28442331483813105,0.18193959700203516,0.16405378196925827,0.15308744891581808,0.11532003506394929,0.1082328871184772,0.09763186532186431,0.0815540058136516
0.9927669073916454,0.07040718705523501,0.060273583434034564,0.058973411146288436,0.03381985740954373,0.01887315243025433,0.013261054947399408,0.00951246055430283,0.00897375150042914,0.007175600122611509
0.7886161069003697,0.5001473834173785,0.18715061143601822,0.11804242169525264,0.11469866075691759,0.0990200192284832,0.08094344649685364,0.06772935938206091,0.0644961142874322,0.06330880020184979
0.9462170054900412,0.18197424975358423,0.17577735449281573,0.09584520136862336,0.08231078296763858,0.08048820113505487,0.06534980478184246,0.05330894934888292,0.03647686010150549,0.030051977648339438
0.9246079664255343,0.1863554348290681,0.17401609274884003,0.13654635742391458,0.09521687743894618,0.08369094779185082,0.0826825941690324,0.07217809168220654,0.06853815750114434,0.06214922643547923
0.7900626165446385,0.4864980053499197,0.21299417337657364,0.12415177310050053,0.11486701428565681,0.0859251633193981,0.08429634873530018,0.08021997199332538,0.06983950846050214,0.060380111073318414
0.682469412974484,0.4592059655300078,0.25138537992687726,0.24425374712325978,0.2067107117063128,0.1698102250940105,0.16778602123711858,0.12723854438419158,0.11979404115099518,0.10146044737527138
0.9735935542190878,0.13894140458145882,0.07568688266684925,0.07032223616464857,0.05438465857755609,0.05173698487731054,0.05086783546062734,0.0468817738481901,0.034716642649561646,0.03301907837604447
0.6739548808381769,0.3631315254561328,0.3278936331248202,0.2692914058889199,0.2667798590702888,0.22476498056022304,0.1608506170021274,0.12634198232589797,0.11132172099308155,0.10592573141842669
0.8512875792317773,0.40970734679669274,0.18762357408919408,0.10912848730413323,0.10234365923670521,0.0934193458099909,0.07971534119913545,0.06676872735607525,0.062329791039578995,0.05895599227962674
0.6569335729026433,0.4849753335536189,0.3799468143333133,0.16275318436268973,0.1419939589402994,0.135472661916759,0.13453549782980667,0.13260828623714652,0.12717502963851535,0.12488404357267284
0.9893767696060882,0.08208917626636138,0.07083031879908439,0.05400687586115317,0.034548652540993055,0.03218939675066581,0.03167990470995564,0.025301703643877876,0.01730166398786189,0.01585846798001573
0.9485205209668262,0.2516227954557631,0.09847433450284547,0.06791829450533313,0.055437010225775525,0.05031012438365012,0.04565008213132821,0.034971038332587245,0.0328273003776538,0.0312650527408401
0.7248111323334098,0.3893956760323491,0.3446797916670674,0.18339856761337,0.15668999725304572,0.14881635574495705,0.13113382619938777,0.12937108349923102,0.11102995258921898,0.1092188393613031
0.9806914563904221,0.109610264851634,0.10224801923547266,0.06970967748416736,0.04304544240953519,0.03581253608531785,0.03426028345202044,0.031525794016173066,0.02906180829214838,0.028251411373742284
0.8119925028895271,0.3065687125995304,0.2698077973019394,0.22805114207854757,0.2061995600432613,0.103381663207301,0.10161441921315978,0.08738267347066009,0.08372935195328582,0.06985531846497504
0.9802243888810219,0.1570864268311951,0.05696197099928282,0.04188886591110978,0.03391573971331454,0.028039656279319553,0.027179835634225727,0.027040842144489544,0.026859486207391422,0.02575882121070684
0.99132073023433,0.08010849689014783,0.0566580141470313,0.028526941753126627,0.028228402752595427,0.027018823322362166,0.021699585091576257,0.017403999623472225,0.017091189599354795,0.01686428455389753
0.9912193553544668,0.1010765503552857,0.06375490767401369,0.03679362957215957,0.027149363679409212,0.013854382782388812,0.013067087002040009,0.011497973995143618,0.010540051928715304,0.0088743804414939
0.9800987311785526,0.1286638912823948,0.08951067467078885,0.07205679527303026,0.04691995995912798,0.04206793761909397,0.034633950168342996,0.029997308742658123,0.02729061845830863,0.023700027623280828
0.9960028051818983,0.08198388022477947,0.018519771741407575,0.012712879784065134,0.012531269548970561,0.010034977616360045,0.008803077097513967,0.008286666900414394,0.0069626521137074685,0.006281629996540472
0.9957529631706439,0.08191732885772944,0.02566317750890456,0.014909075436998698,0.011934450300185763,0.009719751221363997,0.009096002088830732,0.00852073956438917,0.007947584411937485,0.0073651209981511305
0.9800088882684295,0.1289928670020721,0.08860123305994953,0.06502799363620683,0.0439361643883108,0.041734794921883096,0.03399161760884348,0.03393730977201975,0.03282610338708125,0.026455408514234755
0.997413288459755,0.03741369371887917,0.033430898688175524,0.027775876161695575,0.026172016851546197,0.01604962885755022,0.01590505481033649,0.010006723803974668,0.0073986808891807225,0.007294990374058153
0.9338376048924454,0.14161355087805283,0.1318578826275501,0.13165718529295406,0.11751312975670679,0.107064330910612,0.10673036959207154,0.08304464251311654,0.07258245030027502,0.06519615022182969
0.7926936957155123,0.5246618528338369,0.19400741288326573,0.1476637572539066,0.08711880169021034,0.0756728103332545,0.06432730375732057,0.04578110067801156,0.039607022794615726,0.03744852989927519
0.930932021684162,0.18804403596115393,0.1856382472201508,0.09336459748463694,0.08903356624325917,0.07801315287522753,0.06005891908020469,0.05856887779246205,0.054697500915418765,0.05022113901987366
0.9722001179436126,0.1525448183094687,0.13578661816614446,0.04458889818526536,0.04389443907604044,0.043808360333966734,0.036975296697798546,0.028016658949888522,0.02586815110336176,0.017505546887242582
0.9888202069234735,0.10909718001346957,0.0722929328242952,0.04658832039598812,0.02890008072359396,0.028074804504680296,0.018081040871771172,0.012488116745865854,0.01130988008137866,0.010478071842638789
0.7483647694369769,0.3692372124742188,0.3005152281722868,0.27475301470765034,0.1486213972576873,0.14843663111708774,0.14346025747936367,0.11589412847958261,0.08621646308465086,0.08589560290800896
0.8694494962934949,0.2402242168473375,0.19422014202322407,0.16494522054068608,0.15997455589903267,0.134650999523168,0.10920706599551223,0.10556870668868759,0.07939399829013598,0.06689287152257488
0.9724207868203679,0.1440277210091966,0.13655146738245308,0.07505589808792011,0.044305329399274375,0.03709896386350768,0.03229526611911513,0.024457562276699943,0.02287449770666686,0.017902165222999596
0.6434601295969675,0.39520083793277616,0.39255993477515333,0.2178299647429098,0.2104335216044483,0.2082589609187564,0.17045261658408065,0.1521195403890998,0.11571930533144067,0.11138077211943477
0.8906367594536593,0.26167610575831346,0.15067504734830256,0.10771950115018318,0.10585965763827496,0.10068887744829084,0.09844145483144826,0.08647787585639398,0.08580758496310019,0.08235311249180674
0.993929988974977,0.07653776977665974,0.05235220814034577,0.04890476075049428,0.016893145640431928,0.012608371552138987,0.011430819813308091,0.009566064841675328,0.009539313039033496,0.00630516791179357
0.5525273598582779,0.5209114008688878,0.41692744543284477,0.27331138411017075,0.18346855475702623,0.1702218855960991,0.16886654143031277,0.14820509006636087,0.09328948413017653,0.08913852492560831
0.5741268849471541,0.5047762463070156,0.3716905241456447,0.3032779029464092,0.26936871464970463,0.11616281317180414,0.1137478085030403,0.10934197696214154,0.08700837980220406,0.08156419506658663
0.9170776572188267,0.20644264523138492,0.1822082915534084,0.136095041175557,0.1239195430388454,0.08554444911033812,0.08105715829584087,0.06881087878795254,0.05572109785250957,0.05467268488900213
0.9175982991627983,0.18683167880053836,0.16782965414856538,0.13523822116688125,0.1213139044313232,0.11154488110558809,0.07672936538979566,0.07116727227939017,0.06994416948697428,0.05200120298153124
0.9956412904562695,0.07817342208404182,0.02526235480412232,0.022686526518962816,0.020232181418013855,0.014168529984891157,0.013683491748808342,0.010637030446104253,0.008302258443254005,0.008167606679695752
0.9900261022282963,0.11141726364264881,0.04822277007305056,0.027290997543796644,0.025848303445603602,0.024252554943440408,0.021913246394149665,0.021284574222665806,0.019284612386314307,0.013201634922276653
0.674683224316725,0.528833790497632,0.24357233533343878,0.18489296003340908,0.17953161107252152,0.13115467517321838,0.12739844583994564,0.12146343245908026,0.10741979692029704,0.09430931865955972
0.859457076330709,0.26505386117343727,0.15979189352073772,0.14885545377993206,0.127137038438438,0.12520236943453725,0.1149472389802595,0.10970505529938464,0.10688842925303534,0.0965092483764103
0.81417314372525,0.33809894817958125,0.26197244935196323,0.21550647089604674,0.19275321732067913,0.14743864920151645,0.1012545658854329,0.07019247725771184,0.056839732201117675,0.055470860802682334
0.9949647556613466,0.05814235712695242,0.05203522203885131,0.03413746911823951,0.034113635326790084,0.02675837177679768,0.016016520394197615,0.012585014544057046,0.007951949280551967,0.007365961058261385
0.8810008930565709,0.3682561003743314,0.1323619528006415,0.09275518025186118,0.09140359468284963,0.07846861728082205,0.07318548772649072,0.06777637014332945,0.06359740934624093,0.0626997879920535
0.9696875282223515,0.13378469252059108,0.11021812951611541,0.10720504731499708,0.05108603656132063,0.04737233558879137,0.04589847360135134,0.04143538459179198,0.0403177384978667,0.034244405280535566
0.6736734321804224,0.6039073381332745,0.22606178285431008,0.16597659844222862,0.14696265051434504,0.12748203231088512,0.10620085849117554,0.08433444468415323,0.05898168554285598,0.05713342216547526
0.6328047230611334,0.39583052629929755,0.38675972280292026,0.24465051981520644,0.20515811698726405,0.17899038201204542,0.16463364518821028,0.15262981623297872,0.12118620523506407,0.10807718022760712
0.8384523580731689,0.287103553748681,0.2422959555802721,0.18832882870865192,0.14783760556869574,0.13120737111287137,0.11782029334599596,0.09297493925574007,0.0829711800775224,0.07488703952394063
0.5482945933771872,0.5359223072760024,0.23737040203784163,0.22554076583889296,0.20648917024577493,0.2003202344336038,0.20012089075219525,0.17635285460615133,0.1613007262908892,0.14943507996430078
0.9693088953529894,0.13523488803047765,0.07158423824919949,0.06963037706746993,0.06610002951552026,0.06536625162652808,0.06509027402028143,0.054001140584806685,0.04174305996061397,0.03901590185852694
0.8200373523474137,0.24976421043767288,0.2333332335724311,0.2106449405681586,0.18955040769135836,0.15048923260998243,0.12873336428671983,0.12221375968139647,0.10409945767851778,0.09051095232213757
0.7170803526689298,0.4418945016108263,0.32690727852711027,0.2387552268821906,0.16196707320359308,0.13214210504865886,0.11703176291007579,0.1088896821782911,0.08927522899864516,0.07726299519013004
0.9515739175175268,0.1250777659009544,0.10887051074081121,0.10561888112212815,0.104276417420381,0.0878359904873047,0.0713933032461692,0.0700513045808752,0.06356774693210154,0.05988489437364591
0.9868268543299428,0.08113729858154092,0.05391918437219738,0.04175887391692371,0.04134343779395809,0.0396983139972348,0.036494088297573606,0.035168156838534054,0.027952420739715905,0.025402712032969652
0.9899616077237836,0.10576232635282923,0.07284772479622392,0.02538618412552252,0.024646701890517285,0.01791501508709438,0.017608764106050247,0.01213352742005012,0.01196993134553987,0.011209160395776173
0.9841442743760784,0.09923506124898702,0.09706604827073438,0.07279200367239998,0.06000970504285135,0.02605621472350354,0.019020220681411917,0.016986209538976713,0.01670543682364953,0.013599085204836632
0.9708519013388983,0.13916835861865007,0.1017817819003852,0.0803335320077136,0.06768155197853014,0.055552484275425,0.048178962220470654,0.038166009119679524,0.035510710533943085,0.03252113222674119
0.9836800740677965,0.10411602124543941,0.10118458107492868,0.06322238975592732,0.04467481841619855,0.03502024182600936,0.031123601487950937,0.03042319367989224,0.021655323995131343,0.019396798985825938
0.7468763808566422,0.5069851998597728,0.18572120548988647,0.16893494813027526,0.14917191204310548,0.12916191076445846,0.10358045491508855,0.09026008617682402,0.08337717344444455,0.08108604265750109
0.9427834527227876,0.1707187086698438,0.12798385206693927,0.1128013973745172,0.10425942212342,0.07627568304758862,0.06813000211682181,0.06806945031102328,0.06747196104934379,0.05255537932341068
0.6661549240700376,0.39641076695702504,0.33509073277428897,0.3038683420920718,0.20782845134460526,0.20300060457769556,0.1664220373513536,0.10095902668798908,0.08439330288235954,0.08108374457247804
0.5901897106939801,0.4010129871470346,0.3712067416451151,0.3562136791763751,0.18549685457616247,0.1811541322603496,0.1585023680889156,0.10954677575637527,0.1028754774088694,0.10123105946254832
0.6410061875817358,0.4103835020841865,0.3771995476463315,0.29534788636106174,0.28180603726140974,0.15948670581750823,0.10215090107868029,0.09540743260662195,0.09516559605601049,0.08131852322753322
0.8816849522658028,0.26593359089714586,0.19995610768519512,0.1571265645707689,0.11999250107197289,0.09998869207773502,0.09413233194854602,0.08307756103996439,0.08303151358405994,0.08088465323516578
0.9894661903305783,0.13294606646368137,0.03997389728161663,0.02270789705937421,0.013621757686161228,0.01207960162645629,0.010490390845596784,0.009131863584490973,0.0077875389407294545,0.007452690616229002
0.5364508862560946,0.5333996325540195,0.5121491806153201,0.17347332028660434,0.1360135951646883,0.13392017841807835,0.13123842108754052,0.10132759608263958,0.08844710046414475,0.08433287792149448
0.7624695791799379,0.3740711736753008,0.36506845036634644,0.13660415251580896,0.13223684786127235,0.1270741749632417,0.12652411945219938,0.09909579964072496,0.09156069071502873,0.08244178714301523
0.5095256416291802,0.4680905101596774,0.4203517759888001,0.3402094303888846,0.2167230396692483,0.20713458695328235,0.1924712927708315,0.14209966980848787,0.14138326751932176,0.11730146948411438
0.6625629267967295,0.45921582315150183,0.404282427423199,0.2432426160497315,0.22174644217857697,0.14092037024360243,0.11843696161872548,0.07796873835733836,0.0653188027378092,0.05426525504259452
0.9431348654228097,0.22074355711254073,0.13328006897138261,0.10969690982422477,0.07268336384254587,0.07156286999915254,0.059600131503762865,0.04048592271220865,0.038913595424967404,0.03294273607785004
0.9534567764388563,0.13525908491753558,0.11915795805880955,0.11301562030931125,0.09887489017820517,0.06906521060957149,0.0644535224082413,0.052230653693767295,0.04969087535376633,0.04954999306328942
0.5473360156714917,0.5468110686631812,0.39781258883359566,0.2408361407260399,0.2306925632683229,0.20363825726200083,0.1367671176741154,0.10740974896639921,0.08852133781662697,0.07844504136403302
0.7473297046871495,0.4587213204734888,0.26438709715996883,0.15608659927432667,0.14276087573588742,0.13847054553515645,0.10031417750759991,0.09363423831915009,0.08597972803433632,0.07692947970404078
0.9557516675303497,0.27224038243301424,0.07549826312311092,0.04516630640937619,0.0244945110276554,0.02261384729017511,0.022225616703063646,0.01978908300668477,0.017621902869953344,0.01652472781249812
0.5154062061570667,0.4692601577626902,0.3699232236856323,0.2818622493961086,0.2578879073265464,0.22730875079143972,0.22492322432847797,0.11096385937697414,0.10727750597333016,0.1062007457199482
0.7508488305296162,0.37734787223562927,0.2548269758349064,0.18903688854725997,0.1742132715730632,0.15884377962805024,0.12523945738797096,0.11561768232574204,0.1043072082926224,0.09500961366507184
0.8306235970219265,0.3333387274123225,0.21355448162096816,0.1884904705623951,0.14691670144704913,0.12904057134386332,0.1049145030905667,0.09287748290039131,0.08669558022627286,0.07402760034353364
0.9593268616482316,0.21547614247674657,0.09697120094025055,0.06342667511541664,0.06278925002555752,0.05165808501015161,0.03476475808563509,0.03366103891478689,0.030535411955625046,0.02776712961957101
0.9965505245283479,0.04395793179775706,0.042048914471267164,0.04095747666785735,0.028068250759010295,0.013009492205248312,0.013004458762834127,0.00968324401154306,0.007132537498694446,0.006311060596925637
0.5871448815213995,0.45096034620841796,0.36911346561525654,0.2931557268493244,0.2239821018113363,0.15831755078859766,0.15785058390082582,0.12330391115416459,0.11510159895622206,0.11105136914054928
0.9797689913360023,0.13293395531346056,0.07160391501075526,0.055998181301423026,0.051518200768319984,0.04655129302052317,0.046504130288091264,0.045668149394840395,0.04326359530150001,0.02807129978053521
0.5074241162589136,0.5048080310985503,0.40998147053200557,0.24616321163892418,0.20580250342882067,0.1955493122243582,0.1413331578229393,0.13918283787087724,0.11711871430774223,0.10919045495437266
0.5617102733727455,0.5438334672563443,0.290178581009968,0.2584330492769444,0.23666387107122494,0.1606625514281129,0.14870885233946554,0.1354017661811714,0.12910309815116397,0.1138775553726182
0.5988154932844532,0.521660208079637,0.2694287532748009,0.2544889618218635,0.244402545202191,0.16349314104934584,0.14708340009884294,0.11654849977779505,0.10066639169665137,0.09157674269142851
0.7533211640887865,0.3441976652086069,0.3319724276911442,0.2767142693924409,0.17006030138131092,0.15293263069523547,0.09359567910183642,0.0839420871291618,0.08359130465367572,0.08165114969067326
0.7432608060422037,0.5046972312294729,0.23354606204461417,0.15096958111053072,0.14895977733144228,0.1282559222020436,0.12393820828891593,0.09776682899201172,0.08082991352066424,0.0744898994844542
0.7061715786595234,0.38265366263039935,0.3345820835752247,0.21417251224984168,0.20254340866247417,0.15950863414694272,0.1319732100083809,0.12471539178074462,0.1245043161771769,0.11417418233416142
0.5310285242164171,0.43866037575744105,0.427281992169892,0.25247344141941724,0.24473890769602377,0.2299121044514734,0.1621735456279928,0.12299746081818963,0.11106605001598852,0.10204169467555783
0.597308636394193,0.5467028507151029,0.30494653232498004,0.2365499860350077,0.20424453271863652,0.1750222030164349,0.14250333651271058,0.13958189887299835,0.12955315017723013,0.09502107678383609
0.8455280209356709,0.256518507382627,0.24171191719318572,0.166002434610546,0.13031715486507384,0.1272009633462666,0.12532379505861,0.12010984617988636,0.09934701220593972,0.08830795355944766
0.5992414156791857,0.3780163085705973,0.33735672192969496,0.297636290138534,0.22276691323981132,0.20721081378126524,0.18280715444844325,0.18131958489733974,0.13812249195896978,0.13276923561614248
0.6773490016370692,0.5638012655666123,0.413237733317856,0.12419084430946961,0.06388830501350107,0.051480171575528526,0.04931133880628157,0.04752736961396582,0.0462545338246433,0.04359855096736779
0.9515879326840044,0.2968147222801065,0.04670983608663583,0.027123190360261333,0.024604595565854093,0.02140415923804777,0.020148881444539826,0.016976232779307685,0.01641146060187845,0.01540560947422463
0.648808940944945,0.43526671274623363,0.3579050312798066,0.23837882450617415,0.20675405394314955,0.1289936198356902,0.12689920287834508,0.12329964372901477,0.12042153033245417,0.11603517762648449
0.9414240131375827,0.21509671360618715,0.10607568585722764,0.10549700707749778,0.08475810100065252,0.07431866143755665,0.07207802566040578,0.04839494246629431,0.04531681047498142,0.04392667546038893
0.5231088881905928,0.4774058187975999,0.35596608598835366,0.31005481221906894,0.2930428179416338,0.23711099597305055,0.2362723565392558,0.10498515406557588,0.09508786614521852,0.08822287141981096
0.8871016523404052,0.3274264213803512,0.16049187949229393,0.15100349129042415,0.11287079133726882,0.08419788043773298,0.08310764306223893,0.06543323757573494,0.05748796502861187,0.04588740636373568
0.6744446152241291,0.4962489368988164,0.26340262659067687,0.23963643848001953,0.15828241095690235,0.15821635579903312,0.15483665060305712,0.14880769228950766,0.1484700591576967,0.08174887324020877
0.7179613663461405,0.39411004610150374,0.36262289666710584,0.29074427097776634,0.13131428136453815,0.1134473198109607,0.10489492270184599,0.10458218718187048,0.0999405367119615,0.08078655721202165
0.9843035273279735,0.10859057019958065,0.07539180150179894,0.047825675099028485,0.04057941361862793,0.03557039761695796,0.034137898557037964,0.026275020852386092,0.024224036588569586,0.024009082350190995
0.960304174279861,0.13446127930963525,0.12397365425505985,0.09936204678368356,0.09670406931778004,0.058637246719664464,0.04942034283579115,0.04126559383789275,0.039672429695308854,0.037804105397288984
0.6017015807046269,0.49228325500465864,0.25991970120868557,0.21684269484513385,0.2030430542587782,0.19742610460448665,0.18296136413931988,0.16944469840079776,0.16539066675600558,0.12749151052225718
0.9646713419014115,0.23172266266843342,0.05589542312843728,0.05527311742443361,0.03963165700329278,0.03792406081273517,0.03288042705839657,0.03031787639384478,0.025515086010090855,0.024519376602005594
0.5537825735779199,0.4728394630604959,0.2548172323339244,0.2465288649405977,0.2232009057512198,0.21439687519866601,0.20087215856686974,0.18056351360291742,0.1796354161620421,0.13816826308900168
0.915214538634949,0.2908086927659055,0.10157694288660796,0.09203340295099932,0.0906497286932606,0.08099655646138659,0.07799263421121948,0.07611662583933347,0.06531936812471724,0.04755864144783202
0.8083116234306384,0.41285733610222974,0.24169472252681481,0.18791241745411483,0.12206870203378016,0.10822729868822804,0.08546143686865633,0.0840938583078176,0.06757268708688337,0.06194699634054465
0.895755345481968,0.2976850118240843,0.278686993198116,0.0767098386329093,0.06222226128539209,0.062156025469904674,0.045178580488905336,0.04389188076152806,0.039242541737744344,0.030775359780389474
0.7232107595997307,0.29473648210124087,0.2502505125782301,0.22895328479394456,0.22009203177397096,0.20972288327079133,0.18674505487980955,0.13072924305498168,0.1187341760420778,0.10675620460404679
0.992910185577927,0.06787105930844094,0.05148835520428376,0.047502665376255485,0.0390973338594715,0.021998413262090767,0.021932342391195053,0.020471218960844997,0.019764238891032824,0.01935954705812773
0.5697161959015573,0.3839340815224997,0.37502268331615674,0.3081416747446624,0.3018873717628608,0.24524906652335704,0.19910621093783681,0.16104498792907723,0.12062750143072097,0.10980890931192996
0.5978478045320305,0.46880981632863145,0.38345472427347843,0.3172856234674146,0.1997986885756881,0.17570647485994473,0.14697683441679782,0.11136113101119267,0.10653088239032858,0.10635273755342313
0.8498127223045877,0.33490148546793996,0.23288561537077343,0.13615981611713449,0.11200798748977855,0.1005240097973306,0.09490806422603998,0.06754094450426834,0.06469446406101646,0.064481106614733
0.9336078416527126,0.21571032801475026,0.18239825780013028,0.12555194592385474,0.0867980065676435,0.07265765216030914,0.06759224520714419,0.045912767660194795,0.039389598974196964,0.0380395819325921
0.5563020687772705,0.41804018876550747,0.36404739487206444,0.36131681702621926,0.2471390945217658,0.24449096995892508,0.1316794941407567,0.12408310150335704,0.11600654861357823,0.11504368784704272
0.9618971180791209,0.1548321896853991,0.12818318431743705,0.08775028082799335,0.06543268705067504,0.0645684549525384,0.05276520507807415,0.04647166921488465,0.037600970286961785,0.035700991420808334
0.826014879208507,0.518272488946394,0.14125947338844538,0.07211855832655015,0.05848048056234656,0.057627005064087765,0.04468554489334046,0.04388165442373366,0.0424895255901756,0.038016115787467004
0.9210320616254678,0.25486605269219265,0.20364051407020733,0.08290891639790689,0.08186316406649433,0.07014350086210855,0.06446639277262073,0.05061849602755843,0.04995488296909496,0.0471414822994838
0.9038798694840491,0.30083572829635996,0.14701359629219513,0.12794330921321412,0.08117653182525965,0.06802907950194959,0.06686042843845012,0.05323169679980071,0.05307053512916573,0.047341010512050676
0.998055070216352,0.03665955141534582,0.023462250274656364,0.018236504439152125,0.01629892787959666,0.01435582712386386,0.012139290389744022,0.011952346805604372,0.011021277615391473,0.008697610322035173
0.8599015079084344,0.2635385012729139,0.23065218625418402,0.14035936979876731,0.14031040112487322,0.13830342193184658,0.12234940412807266,0.09548973263999332,0.08474319029403223,0.08345581865685273
0.8280661074196476,0.5292962633703271,0.0993990554368215,0.07970150343365048,0.061356668378917595,0.05276710841851028,0.039701940612846744,0.036764167511198174,0.027613471254082412,0.0270114343545719
0.8415999331824187,0.378363390391792,0.17034074290238704,0.13742527771991306,0.13405793262561932,0.10215697401986318,0.09854569459345743,0.09553005312359789,0.0737104276840439,0.07062165058342175
0.9773598966854606,0.11918657594747005,0.09349534212121306,0.06489436773491128,0.058221678934975825,0.054961544838355365,0.04918448149302481,0.04802414779848569,0.03924339299690007,0.02269436169755747
0.9661935878430375,0.10895722607985747,0.09003508232968335,0.07880155406713427,0.07846637213888558,0.07728048204247212,0.0702915959760682,0.06744002383660354,0.05401361783927612,0.049948035560390146
0.5844687168124811,0.42773652665959944,0.3238395166005162,0.27821999600507247,0.189661940618289,0.16726453452587003,0.15979655170498383,0.15827364683420228,0.1483697733788916,0.13157247947059836
0.6497424389272987,0.3002137549426311,0.2931121399548277,0.2902756439532848,0.25820293404872413,0.2066316749951476,0.19827435878508928,0.1375409043485073,0.12065296130476706,0.11497687027603765
0.9530097768888814,0.24255669184425044,0.069498484551666,0.06548092871864954,0.061188760819600715,0.05774123252122915,0.04064948654300676,0.040290070256116146,0.036502800424705904,0.036202438831705964
0.7470296514619896,0.4129074959357286,0.3093882710996359,0.1562989790742536,0.15382987268528475,0.14694276558234715,0.1064085127483596,0.10585197624153028,0.10277297179173685,0.102752028976904
0.9606637761056427,0.08973845393173284,0.07674641780731226,0.07580635073947758,0.06841174840222926,0.06760975484925486,0.06716950358565617,0.06688119541753518,0.06652207708306133,0.05383876298440313
0.9797048751179259,0.12159546356805323,0.08228959649079087,0.07704722793051193,0.0594507358960654,0.043940858262490015,0.039961081081673594,0.03474760953941841,0.02916166349056795,0.023302503780758262
0.7276678127950168,0.4163043284366307,0.276343180403599,0.2733674101331971,0.16677747012398322,0.15297403747391347,0.1434325954845645,0.1289826095870006,0.1163147143507252,0.07915992542854118
0.9934142452858281,0.09043773632965502,0.0418624715657083,0.030725385890165286,0.020325346971095164,0.01919569804359631,0.016643878991279764,0.014533223120244852,0.01287204621852971,0.011671216571595273
0.9911723486018283,0.09067131407070085,0.06668479973170027,0.044843926301627965,0.022288807466603375,0.021086904649605824,0.020677523573316887,0.019590626111667633,0.01564663601409354,0.01494805773595062
0.8648893182163175,0.3819059061349584,0.18187174305342496,0.11253337543001776,0.09265344716502517,0.08389866285061513,0.08279398575978426,0.08109067606516603,0.06350880496920198,0.0578570937467171
0.780504828140856,0.4066490329423643,0.2518962437990256,0.1775173137992345,0.1322127901963871,0.13044272743146543,0.10683981349388769,0.09971583354276976,0.09671845696622439,0.09194265763253066
0.7809113489682882,0.5094095192605589,0.22551233390423578,0.10598595240582011,0.10520962232394573,0.09392538106806651,0.07019732739896571,0.06558268343842313,0.06375624617296402,0.06063520146228179
0.9363740656576734,0.12358876896919363,0.1233763084222543,0.12330178379238524,0.11774846450812568,0.0935075527027426,0.08125765255986618,0.0650850706684706,0.06497620309555487,0.061985727671501976
0.7840542698894281,0.39477014903911556,0.23941641536905856,0.17249611375745505,0.14735539491321825,0.12196854750589603,0.11969285594781127,0.11708883816980918,0.11054129581072207,0.08862115580776267
0.8167002455739579,0.5059990601747327,0.12397581375740713,0.11506726392778184,0.08566459252089739,0.06661583663788478,0.06286286563955003,0.06177069395027266,0.0577698854459441,0.05726110367090006
0.9930805652364353,0.07123562190450955,0.05449530562472004,0.0511371794247463,0.02780133268661599,0.019553610029577513,0.015741516878173937,0.014970317733121645,0.01259401515546798,0.011229496781788641
0.6073379442332425,0.5757709854355437,0.3429338569546094,0.2447570315111113,0.19037781946335153,0.1460116002604951,0.09247065375470978,0.07919937412113678,0.07779114777274586,0.07680845714419812
0.9954416312948858,0.07200284408650448,0.0314483975096501,0.030183899794336635,0.02042911732114084,0.018513227043668166,0.013758660493371808,0.012290996541937195,0.011929772831718536,0.011644374545969512
0.6827077967158375,0.3574758924923688,0.33855751149532454,0.2813185741932122,0.2489538615027098,0.17357049467682745,0.1549736295228461,0.13700104937334037,0.1219759334624374,0.11077331779783102
0.5339694120260875,0.4064600048478494,0.3042013290065893,0.2593817765350901,0.2278673634064712,0.22435429025951034,0.21273878673177896,0.20692572250521607,0.19209166925542623,0.19193476048009167
0.513075535318074,0.4797664978302379,0.4307785807244796,0.2552599403465483,0.19223077025848925,0.19060960971417984,0.18661754491993476,0.16358444848628467,0.1321870585076405,0.11392933020375813
0.5997746247812996,0.45217721936112243,0.3097318061739657,0.29328452537679495,0.24395624020000206,0.22447788889567163,0.19072484282330607,0.16946351807361626,0.13347640954133141,0.10644526974727901
0.673945177687611,0.3834599366405048,0.3383625371437841,0.29676271551572564,0.286861591142628,0.14992952907596396,0.13771003076420144,0.12582063002718077,0.11585119074065106,0.0653362862016658
0.9143807392989206,0.25526979069461664,0.13057959755047074,0.11961938559158737,0.09689770290786587,0.08636468353701157,0.08427542491043205,0.0711330061115276,0.06715115450107755,0.05781875157588093
0.9958202305845855,0.058750687375721165,0.05171370089983109,0.0341630210317627,0.015915516038410907,0.014651382040886136,0.009437740035975343,0.009056218605196483,0.00878854601578043,0.008536247889849063
0.7204280283375756,0.4506393852072104,0.2679718608004993,0.2389745569924546,0.16961772513561665,0.1567048671793909,0.125912222071313,0.1257582866598678,0.11483727074496351,0.09923445203474066
0.9933408048547527,0.08741049169353438,0.04870188069856932,0.03997721230246102,0.01822738287468571,0.01808807003936274,0.01280460013370622,0.012546246327396711,0.009072631038523704,0.008481973260090363
0.7347866897987984,0.4221013080126497,0.22638860911044112,0.19510231174560466,0.17139826985888756,0.16732838423577473,0.14088893195770466,0.12956101789196076,0.1274735135555177,0.10874939877453553
0.920748381564598,0.2125858422775901,0.17145026524788493,0.15069484630320043,0.11001068108560876,0.10207107962665764,0.08627068970096927,0.06428479642093328,0.055231709522945656,0.04739192265580293
0.9530029715855353,0.1517258275543334,0.13664582163646283,0.1345274350780769,0.06271554476353963,0.06213517514907551,0.053958413597453965,0.047598525670004686,0.04757051805215775,0.03620194275703098
0.8747938765678163,0.40273744863431177,0.10923222792047535,0.0907951829616142,0.07918796950399823,0.07812937513738549,0.07639685186200029,0.07206258002919018,0.07058626793506981,0.050003451210497256
0.8626375993346349,0.4081908173025572,0.1697239083013523,0.16066572248190072,0.07771438516441198,0.051848832505372006,0.05110438499294877,0.04849812777780416,0.04253562626715722,0.036524049013040495
0.8189767662816912,0.4890633873092194,0.11895221343936718,0.09256135559865362,0.09245359581051323,0.0856924592010309,0.08470785811461347,0.07273207965257303,0.060021956875071704,0.05972748514743275
0.6401535195446661,0.5960272078410705,0.35892656419593044,0.14928341196243178,0.10379071778212794,0.10348960155316442,0.09397869479238566,0.08270361201862082,0.0663292976429899,0.0617780618491877
0.8133730819716078,0.5107314266370565,0.14466136219774509,0.10166053900717614,0.07991511909133636,0.0704774078198654,0.06226789700556787,0.061196498991309634,0.054136401173220015,0.047058774420374164
0.6749081264394482,0.4611080310452781,0.33659574494618827,0.30742409250502684,0.19409813314421398,0.09803274080754673,0.09107834398807606,0.0897410999572937,0.08882880105701435,0.08419625070097543
0.7366085818681201,0.5492158106713293,0.21517443466892236,0.17485190079763185,0.1491151228291469,0.10762775021949873,0.06397205369971319,0.050742377636672525,0.04906265497748118,0.048722725927780874
0.6983612403413823,0.46617889282864483,0.3796968048212261,0.29028686898427036,0.1756299600671355,0.06839341436781343,0.059151036698604255,0.05412202963571332,0.05326350022112408,0.050380708635920986
0.6994118187194126,0.444075813149084,0.24048140409084912,0.22798960790791648,0.21992107617132436,0.18499512818925548,0.1513339586626415,0.1494450048625297,0.12094574224134005,0.09782613109062456
0.6774030011792198,0.5161422880292533,0.2769940362592832,0.24567010779463555,0.210586321998585,0.10927375421145974,0.09329030150057002,0.09134773528371105,0.0815419052366561,0.06770212266068756
0.7161851702239427,0.6231712756810995,0.11664769744114005,0.09508296861469943,0.09124230755318062,0.0902725462846828,0.08928347098592537,0.059646908312702925,0.0584353282301627,0.05591267313573192
0.8174593848419871,0.4954626663989989,0.14576540244546796,0.09534742620574868,0.08551568310608089,0.0826814910503905,0.081304975248437,0.07452877069825552,0.06144773845476889,0.057665082428110054
0.9222895994139834,0.3219240987981486,0.11180253601269075,0.09214259813922042,0.06852385578291277,0.054959235871729906,0.05372556181545662,0.04520241351605621,0.04191164927859377,0.0340004370554362
0.642613309467191,0.4891510692107988,0.36387034330650764,0.22669349957542514,0.17511347937775237,0.16400056736082808,0.141253686207168,0.11409008400851811,0.10897658455933575,0.10895984983588142
0.9714587662171412,0.10596502992398843,0.09992179722521287,0.07462752433101277,0.0736856588530725,0.06948052899975814,0.0691513896686523,0.03979675317704268,0.039158234591786675,0.037829395341298776
0.9687319057538529,0.15651221054424266,0.08966096646922346,0.06002429531409335,0.05745245956796011,0.05590019812629529,0.05123123019610226,0.04886661599967048,0.047501823200395546,0.036568410168009866
0.9342264024388324,0.3027019249350339,0.10320535296470545,0.07183878778181711,0.059719575055634605,0.05595425243970941,0.053492382007324306,0.0343790491336282,0.027829817705328313,0.027399368605412835
0.5211192380326688,0.46329217287289803,0.38255785261662467,0.35505492050370974,0.2992839835002426,0.24270501924378984,0.13998542390168447,0.13862339073015015,0.0853112952285567,0.08461935588702887
0.6118430388959238,0.5589430701800271,0.268725897686711,0.2572551677485165,0.23753060929610118,0.19747412336773493,0.08989494122344319,0.08959077997297474,0.07302536933709836,0.07178737406480254
0.8308324673614649,0.3246540039702489,0.250398544605333,0.2085246042482165,0.12281583775238535,0.11700948392458518,0.09367807928212075,0.0898909481049391,0.06904173881022921,0.06644426812261657
0.6555056673161358,0.4659106977900216,0.37462146907651284,0.19597126680808147,0.18735473300406225,0.18289964374700268,0.1600763070143344,0.15761607492859722,0.09870578326739331,0.09069128657932163
0.9339020179760499,0.2742916473783781,0.13926935724468759,0.11142297911571329,0.0814589639658435,0.07004633885626496,0.03779058193255987,0.034474867682670586,0.03065900606923432,0.02782365808626145
0.9736517842937387,0.14528270965540124,0.11627392837847761,0.07261285950560309,0.06969801353008388,0.049458776215353446,0.03198676252852666,0.028102523309353405,0.01969182786895217,0.018286510946526453
0.6037852321516597,0.5979656835383275,0.2674848147407741,0.25540932209915806,0.2373144604399225,0.14819585111879469,0.10526595479629454,0.10023913023500591,0.09885280012742702,0.05846918947422439
0.7355428316472151,0.4707974158691688,0.30771126843549057,0.20453038536060786,0.18300406432374797,0.16777093204621144,0.07913054257415411,0.06457245487358225,0.052014261267561465,0.05048451705826276
0.836635006241675,0.4441125512148306,0.278185100670387,0.08173359130267652,0.06103858307576849,0.05283516628035829,0.04693952525573073,0.041661294759980226,0.03545643914482549,0.03253050746542532
0.787219536560735,0.5347593392189348,0.22890806911778683,0.12196068954893836,0.057921508837285834,0.0555464170657217,0.05347641036261916,0.04911660064472567,0.04674009496244337,0.04449205808966026
0.7904637612418148,0.5170466632832512,0.2230038969301677,0.12438963632958767,0.10548620051047783,0.09466554370209726,0.07271770686069906,0.0554679655961399,0.054035440381940976,0.03665899628790826
0.793786780814506,0.35251458947334174,0.3497897599980289,0.20402027291865488,0.17332144676962677,0.07946830433214574,0.06709088609935167,0.06624329003089496,0.06270385360249342,0.06268057461125587
0.8881373575921735,0.44326057783472295,0.05412302993255158,0.053030469611564754,0.052868986130287496,0.04781986291656982,0.03274025665360864,0.024311815604733545,0.02348591215516508,0.014299410322674847
0.7376680126189906,0.3966124715402545,0.3397225177106284,0.25922906552478264,0.10529843454580776,0.10132267109991337,0.09695092625566203,0.09282900660555563,0.07652922087561016,0.07465955955378636
0.762635423178328,0.48131421020831316,0.21265620139796962,0.15624136056970264,0.13776069890492904,0.13242654876351212,0.12936682824447648,0.11991428840741929,0.08677599131185881,0.06871898424714122
0.8197903321892805,0.2899980259187489,0.19087971056477354,0.17576135729459028,0.16773770811693256,0.1619332698513642,0.11800915693416338,0.11572499742264085,0.10810402251041777,0.10688609562794103
0.828649828648805,0.49212709695758977,0.20745185364373642,0.11930548168298609,0.054777591317529205,0.04603803471386918,0.03832755657215282,0.037509408938815665,0.030319146871200874,0.020384885524086477
0.7953851293839966,0.4458803598877101,0.3309404870994993,0.09487260348054152,0.09059175868660843,0.08722807159050415,0.05388331063815907,0.05189356283624146,0.0514109331772318,0.04247861580406269
0.7174196384547358,0.5078421785567646,0.2742857684119775,0.15971777590828146,0.15335727744824573,0.11952721010089111,0.10546281495082378,0.10465224241984088,0.08328852489526471,0.07914019168753518
0.7318300809280711,0.531845522592532,0.32766290331583947,0.13851324286835026,0.09854659353006402,0.07578300523441006,0.06980778176597717,0.06026345088946483,0.05095339695392445,0.04496648378071237
0.9443604212813301,0.22297072632465084,0.153260599386386,0.08602177742593516,0.04946312805591926,0.04924209871988106,0.04754362142408967,0.04244779031213217,0.03743770042719823,0.03547662820084953
0.9404201168083108,0.3211393510083927,0.05652494764760933,0.04509571221729419,0.03722295589528354,0.033199279387659875,0.028621158740336054,0.026973727111168088,0.02672220884383671,0.01684524357717998
0.9959558259771648,0.0531887049225195,0.039943618406402585,0.03042275340029448,0.030080018976869176,0.026059953055957995,0.02276173475450099,0.011490246006580284,0.007603471943896558,0.007074916671234598
0.7830648184993769,0.44329288072448525,0.19690167546730442,0.17486371830480021,0.17274119312724306,0.105454651129292,0.1020589448221032,0.07192638912275524,0.07137258288105404,0.06797183789472917
0.8206289052502976,0.4236549794365634,0.17915044264271637,0.1414676240200313,0.13148886024838616,0.11731683567798838,0.10674578012889976,0.08019270523515643,0.07069137799042523,0.06421433839500408
0.6977883328064871,0.5726995659655295,0.28704763476424666,0.2056888516452203,0.1476574393702306,0.10040560067556786,0.06821488674098682,0.04721230378617894,0.03970252595854698,0.03863671986399012
0.921309679355056,0.3266088906512198,0.11156378862333034,0.08164068872358815,0.075223285772165,0.06962674194316334,0.04765927110239742,0.04659168361674577,0.042566540110351596,0.040859671729334926
0.7030590587869753,0.5746774689464876,0.29510500261766204,0.15605645875925608,0.152381382629604,0.11474934106294878,0.11235460965567548,0.043117291597831266,0.03955570108332104,0.03296331851438846
0.9631525601625296,0.15173564821431357,0.15010095269811155,0.0932754837559734,0.06917246325912081,0.05426405117627583,0.04219887783110692,0.03683968748003829,0.028630793386083063,0.027145853112241394
0.831588408310767,0.49399687327812414,0.17616548332017018,0.1229440337890275,0.06992870263637707,0.05759387485202805,0.03883810400304735,0.03000626495065553,0.026525451838814648,0.02466145116196795
0.8195763883269649,0.4314881588867905,0.19659890141080627,0.16940717351792234,0.13125029728027132,0.1021333551617382,0.0979999852336123,0.07198754416932329,0.07071789362660028,0.05709236617717397
0.9845457122918834,0.08780564368416924,0.07262957834270084,0.06748704937197744,0.04725749895174606,0.042196825693754,0.032258317473828874,0.032201590410470715,0.02701707670736847,0.02659959011634762
0.5957091187213495,0.3944399757095305,0.31536304994630465,0.30890138146558216,0.2809098558573802,0.22955157856202626,0.19975184364942317,0.14237518053972736,0.1233495551094701,0.11450834223050997
0.6505968074203693,0.47928123136875167,0.3045553718566815,0.2592403708997973,0.2028769620669068,0.1465640692852496,0.11689150483241856,0.11560985230495412,0.10965983430732222,0.10176907651578229
0.8060293245137902,0.42988901028557336,0.1519414654323876,0.14738874287166223,0.14585601207199683,0.1440982162613958,0.11349825752253359,0.1093470303761699,0.0650342573649832,0.0634120885774013
0.7595710206221956,0.4376287899659432,0.2514920327851321,0.20006672187540875,0.15995195047162541,0.14467423578679373,0.11422290936588023,0.11219408548220264,0.08009288364216006,0.06782791935937271
0.7435042434129061,0.29775529280766133,0.2599598963363849,0.24802529408587956,0.17930974623388926,0.17823590992144742,0.176186914765868,0.1283481601291464,0.11921048424384974,0.11639996092799182
0.754600110441322,0.29285838778465684,0.25848288133232894,0.24841613117085998,0.2029558429074845,0.15460671411178328,0.1381979593258256,0.1184051492535848,0.10556973478413771,0.09644886217925519
0.5436459933682198,0.47539685642407675,0.4023025767770797,0.3157129654703686,0.313750183258313,0.16301693266943182,0.13978318149265032,0.12859605952717706,0.10053950015830813,0.07464974998000184
0.6609624184985444,0.5301532774382797,0.2683812742733359,0.22585887045373318,0.21691125518697862,0.13427056765037745,0.10720291131270743,0.10683841225234189,0.08968103454128006,0.08475793757271677
0.5461363598125811,0.5040975838072852,0.4703981410459014,0.33423842931406134,0.21432121836664983,0.15747186482012257,0.08485388786056529,0.07882848734665998,0.06959018966048584,0.05405313648215219
0.742978474788595,0.3889655808625232,0.2589588375618645,0.22541236980542373,0.202283149070013,0.15987029071690845,0.12156313895531698,0.11980883036382793,0.113499584420259,0.10729226782123447
0.7021030996784271,0.5025613150530104,0.234873820682031,0.19563349722960213,0.139551320927525,0.13057953421676763,0.11124857481854764,0.11045691586124902,0.10877954925131234,0.09143507423234103
0.6625809582483201,0.48643026534774236,0.3229696479700395,0.22237758099825017,0.19040957772101647,0.14745833103958184,0.1408887330980339,0.10574348353370458,0.09640484619630708,0.09094351337597238
0.6577602689136487,0.48434710398324105,0.3402791377790037,0.3062041642658961,0.1382505583691053,0.12110014370360614,0.09381454320196622,0.08929168098609117,0.08497997074255466,0.08379768681143739
0.9830179685629011,0.1435121357386579,0.06214924055974374,0.04303212410579772,0.04057181894480015,0.03648540713747225,0.03553816055022554,0.02236809626772314,0.020608828033785616,0.017745883083076897
0.9921304516250778,0.06636889979732909,0.05959510157455828,0.050256469523934276,0.044519892457807575,0.035825751823028044,0.022353898260926867,0.019019220218295135,0.014784598771322915,0.014043601365070624
0.7944579757474216,0.4822461600111134,0.1764267522486014,0.11916489453254613,0.10463666042921409,0.09800406242412553,0.08687117967534112,0.08296713025795789,0.08051114820065068,0.06886892084257096
0.6064865219383241,0.36242313323115116,0.32219893939141453,0.2287005011929433,0.222260102383947,0.1995026572679865,0.18687016761771377,0.18527689349620358,0.1770199805568194,0.1608191796992897
0.6605397859752804,0.49138138602434955,0.37117006920365153,0.15592649228634883,0.15384860862415095,0.15112457205618376,0.14042318378863072,0.09947366860175991,0.0986487652683838,0.09598022973525394
0.5129623589566129,0.4991177071987966,0.3072889118700599,0.30697832905148353,0.29982740903178495,0.2558695810932114,0.19700749773379062,0.14918118744889178,0.12734335985019535,0.09228212210186197
0.8688446323475699,0.31343820777875814,0.25072952795577874,0.11086160385195262,0.10695640817077498,0.07807706365543798,0.07758565116803397,0.07340124308842991,0.06823063511152283,0.06501585089618467
0.6498363651961636,0.47216522329146227,0.3175612824097144,0.27958274317524706,0.2131361846013968,0.1606679082005899,0.130402453884899,0.12135272135136897,0.08228154641870317,0.07903515816712556
0.5422781757382514,0.48965309870492396,0.40582784475129546,0.3330689798821158,0.18828196050129656,0.18363386672343354,0.10438222134619844,0.09303795655056536,0.08822123768820153,0.0876390487329
0.7804404947794422,0.27740819744543016,0.25051948184045275,0.21057716786977368,0.18947904566834176,0.17075551516682036,0.1379089512859151,0.125240466969529,0.12319327516391534,0.11065921430454324
0.9878967402092173,0.09243336742840881,0.059546073241820874,0.04771071021893928,0.03936336137802698,0.039042224437590395,0.03662642791425389,0.0319634677347327,0.025708386626584413,0.02465317433865914
0.5680215432096213,0.5076779844709389,0.37081990830810285,0.26337805969400335,0.2584810913027445,0.17485877005602332,0.16985674481796392,0.16862037637735441,0.10552514932450159,0.06519703553791406
0.8030380380214116,0.2949587806881369,0.26191672209217065,0.19956795673303698,0.17657630480456357,0.13445674825993487,0.12411660799141977,0.09491100433187498,0.0909662863316704,0.09057558641720093
0.7437924543016221,0.47287169925079586,0.37582412257771597,0.11165043152957776,0.08595814582460044,0.082696825509669,0.07087072941789382,0.06962699974539814,0.06805223438335457,0.053483859412666125
0.9579278623572477,0.16209729039125537,0.13300910844783084,0.10913035585982085,0.0635944398383781,0.05900833595698742,0.05812964270611365,0.050098179802683364,0.03998105568103292,0.03948361890374619
0.9912186714172484,0.06954108692028019,0.06224758681699158,0.06025148934074004,0.042914013332301236,0.032895029710867246,0.024836929775932774,0.01546308637276368,0.013472468517338894,0.012801664928180577
0.6267722789667027,0.37595954202322224,0.3563518631363198,0.2914573954886073,0.25973465088489195,0.19620953453260404,0.1766537017802388,0.15442468856176822,0.1222964287166921,0.11730768609182901
0.8477486764262435,0.3208193884905655,0.17338439728861132,0.172283851305313,0.1543825177552411,0.12413998178716695,0.11212630088753667,0.10854675011490451,0.09820689844235843,0.07712731113674522
0.6394829580235133,0.3804818281979765,0.3223077229134227,0.2738089666036656,0.21137811621013386,0.18872596450703108,0.17954258805081783,0.16209477872473455,0.15824303390855912,0.12216605962703872
0.7618558386874477,0.41813020033297743,0.3446218582922396,0.2174704216108388,0.10755124756269027,0.10035227760150871,0.09937715784909282,0.0764862398147159,0.06660445586647958,0.05018145670990963
0.45195331900575075,0.4061309106891449,0.3031002030247371,0.26008688121163415,0.25515630974892245,0.243678196115466,0.2318824211960322,0.20634206934750765,0.19903632456897477,0.17636352462978994
0.9209370986930074,0.2394350255440751,0.13155039312265682,0.10336344607258964,0.10180473492815934,0.09701752626482439,0.07736615166592971,0.060828794723785266,0.0517424048713849,0.04979639214996077
0.5379552023362913,0.411255208078499,0.3860439382038405,0.2828962065306803,0.2303301193731961,0.22981187752867285,0.2050210105303022,0.17108417940062068,0.15911586204843264,0.15435323232314782
0.501697552209969,0.3792266556263556,0.3144507193153355,0.29556371017478444,0.2202715399525968,0.21361103092568717,0.2069580595284573,0.1986031824117211,0.1915465014369931,0.17045316938495897
0.8246104345140909,0.2775130268276131,0.20789743560831933,0.20723219876715618,0.1851541184640002,0.12866137937831457,0.1211349393179999,0.1204420584442489,0.10196625437451302,0.08387401085129703
0.9855409871490136,0.09085667642856149,0.07235055056444432,0.06915297144289372,0.056326181192327934,0.04597472506555611,0.029134360498826527,0.02900870721412643,0.0235114264747634,0.019361166304627975
0.9580020131545198,0.16362273260930457,0.09662916211688219,0.09434408296916474,0.06657224433949835,0.06457317101061794,0.06221633004812504,0.05700354756553945,0.05214982341342467,0.04355677090556846
0.9901676333066982,0.0913144819211352,0.07005604968507005,0.04378370066051283,0.038311257407709826,0.029609754545130016,0.026330463736421946,0.01308727195073454,0.012590787715370496,0.01154035447866111
0.6711629815460411,0.463463212755376,0.31506655861584454,0.2728665684145784,0.21909134931065485,0.12174415034719666,0.10873401582077517,0.10307125407563034,0.09807135745670202,0.08228901016639657
0.9841983231615263,0.09469170880372772,0.06537698139750925,0.05171191688610497,0.04712389193100823,0.04623592111539397,0.04243268232917474,0.03833402430340761,0.0319004835453868,0.030947356999700998
0.9502708942099093,0.2145311140791142,0.09472364869491509,0.0934001549840346,0.06818164101659493,0.06806024623419552,0.062132030669778966,0.06070709877135299,0.058051750176342655,0.03885019937052621
0.8351229720547951,0.2995546324414843,0.20043366029706863,0.19289600357561298,0.19231958610023503,0.10363739414966275,0.08786573443874751,0.08010982572175664,0.07865459699055652,0.07233201475351139
0.9890490695216952,0.07780640564402232,0.059746986708866995,0.047483955377266365,0.04616458563352793,0.039941532691733686,0.032793107350892914,0.028134679962642444,0.021195892717704844,0.01972201079384292
0.8884277055895323,0.273470505286852,0.21387702021597454,0.177139398020232,0.104009464662048,0.09181655678269572,0.09124717019165499,0.09106820547901105,0.06497992202977122,0.04768889023131029
0.6881818154091065,0.520200179817751,0.28878602753718996,0.2262963743073445,0.13896960010719567,0.10954638892505833,0.1074978267401087,0.09878079801767226,0.08460879658589397,0.08276414189826109
0.8579811582197653,0.2560011286623181,0.23130719094251087,0.18174049130669942,0.15652953358825,0.11757399525285032,0.10947645376127423,0.08889896052893448,0.07036291333235542,0.06475928733186392
0.6466563102130924,0.37827032915348746,0.3764285515725265,0.30378421764058294,0.2631564459578949,0.2411402776102481,0.1482867141360594,0.09768386621375882,0.08275692504015207,0.06388571878583772
0.9762986832923446,0.16801107006227972,0.08754519074139418,0.06508130512404935,0.04295123820756346,0.029294456850007325,0.02681138717328954,0.020570692015541396,0.020005477795358276,0.016991824896553407
0.9936424220719214,0.06928914323043643,0.061618827037979954,0.04226021029676068,0.031859486487030464,0.021004849886897565,0.012389432480590308,0.010942519997511706,0.008773020375986,0.008471926784804155
0.9851883851243736,0.08210065373730328,0.06249982139475358,0.05861741417506925,0.05380766021614874,0.05155793565599796,0.04727693911695991,0.03077728909027502,0.03066499063177549,0.026950451425617025
0.5978067111744364,0.4720081650769409,0.3322324384728037,0.31351022589085165,0.2855825637664773,0.1741944732813884,0.15650865789344626,0.1128982671441469,0.1093392569462841,0.09293406240077251
0.7794688532571041,0.4777941045809419,0.255747341551235,0.13461045042284256,0.12416579777125908,0.11412117150698987,0.09301470094186454,0.09090799474595058,0.07730042406651007,0.06431166096076804
0.8162291603614871,0.2432234211662654,0.23229586478401307,0.18119452474431708,0.14200332828483028,0.1418239668960959,0.13854710442228224,0.12264605513123321,0.10727211616763485,0.09881282882800814
0.9265153910491231,0.23113685154714264,0.1813027080364792,0.12125556533491237,0.11620096999460153,0.08085876955313995,0.05941613288117354,0.043875878075701584,0.04005824209746986,0.03681803299865042
0.9429445402850661,0.17138579932107742,0.15399350108058213,0.11416373451354012,0.0958477551667795,0.07486795452869721,0.07001857997933347,0.06265986346401889,0.056087380640840186,0.048633036129381246
0.9652505741757756,0.16071156608146905,0.12079336048591476,0.11464944934172008,0.08301152856747199,0.04120741161104351,0.029868408617819243,0.026533233728005375,0.021431493140852954,0.02123762835046832
0.5356474858264137,0.40367094170293,0.38986728626350226,0.29485183932629166,0.27556104616383087,0.20351088124154024,0.15109586298234848,0.1470731872503526,0.1458039489403663,0.13117486536651538
0.6558415611218709,0.5884946494664802,0.25759937559753604,0.19247404304389,0.17517495280564477,0.14029511568677738,0.11081937247604812,0.09029191361754942,0.0875288585872495,0.07529910994411769
0.8605056512881278,0.3203370569178388,0.2592897522994875,0.16886374812103744,0.11615391871099903,0.08891152958313625,0.07345103527491412,0.06956626453973436,0.0637485126825209,0.06346348397235076
0.8374132441260239,0.2340071243924752,0.20664737409789818,0.18227559020960313,0.17861138260137902,0.16525058819612887,0.1365657173501386,0.11627040092653552,0.1008835482308132,0.09264587185735142
0.740071147377931,0.28015850318032504,0.26539970818306124,0.22431162669270135,0.2163665831408741,0.21194333741467047,0.1904297325915486,0.13121848644489378,0.12619198759691777,0.10283654948163477
0.7237657027066119,0.3643298652170097,0.2944639359378419,0.2266705793187042,0.2149821648641039,0.17113366832025173,0.13566406077076973,0.1345853288061091,0.10185056478552734,0.0979380065069873
0.9876308477116673,0.06766404089136223,0.06409123943521067,0.05499721454787607,0.05344735092672277,0.048102609704820096,0.041781903241391964,0.027757061261510525,0.025455542665394973,0.023958733094216193
0.9377209898084576,0.29510035734926937,0.1033368135621016,0.06388798028404578,0.06118853655173302,0.05670275721775284,0.04558258713806324,0.041915210562108174,0.040154863769857364,0.02872577060758005
0.7798869593910704,0.3398603978746323,0.24161717726336285,0.2415479674807405,0.2280656491047133,0.17401721090750558,0.12079309347876398,0.11482720880257144,0.10816899122829791,0.06666320764985416
0.777019226651618,0.3207542831874008,0.2511400645115172,0.1714649531631567,0.1639151560772284,0.15738477327060368,0.15204687133310954,0.13300710561890436,0.12599389911518108,0.11349593813013503
0.5908224830995397,0.4980153696978869,0.3431668781506243,0.29885407571226785,0.26951750616152753,0.18922303687499112,0.13318831239795761,0.11941848127258317,0.07074685937490939,0.06236049174920882
0.8777449937552007,0.24007551572579405,0.16021484976929196,0.15035742439282818,0.1478464861943407,0.11925104930492189,0.09957690147715689,0.08583936850920397,0.0771974916559227,0.07635012964771122
0.6533304740805261,0.6135539310539286,0.2273299256331623,0.21053763350145344,0.13860403860773307,0.12652752066042516,0.09837540111942965,0.09740917029879693,0.08687826935849728,0.08141976730383163
0.75311047968286,0.4341065129610426,0.3414668910616691,0.20402547807764357,0.1701183037239176,0.1101478332465948,0.08874337059286064,0.060543885555416385,0.05665127463006576,0.05284142308755228
0.6128488819175886,0.49826351940442976,0.31089344062942975,0.29607911772087153,0.2413351219653332,0.16522295111854013,0.11723345782847423,0.11486893428604399,0.08946605534008525,0.08882789379062368
0.8952911449477835,0.2867104444664999,0.23248212714126107,0.09554775502790037,0.082383652135207,0.06620816254639178,0.06169072505201875,0.05656315430156569,0.05301851015759601,0.048251449798742053
0.9137150595718059,0.1729698387067668,0.16541400720208058,0.16445721311444866,0.1444274338512307,0.11945696055928773,0.06239972341602906,0.0608207486667017,0.06051964667346457,0.05742887960943228
0.6423928063370234,0.6171496348697019,0.23482884972737647,0.2251541563874427,0.10796582567495781,0.10325578564760975,0.0701145882888991,0.06982668496033098,0.06726078278831374,0.06616591860580273
0.6176357941181331,0.507178239288352,0.31066569847294856,0.2762975216638788,0.20741224058352223,0.18650724974164817,0.10976694200719156,0.10476172869174281,0.10338591928762836,0.08947528774124154
0.6298131611453865,0.3856411190600693,0.3580892934958023,0.34357421832057655,0.2978122317971336,0.14980113394436836,0.12957798697634373,0.095295179069812,0.09262285373025575,0.0724423548061698
0.7949272771527828,0.49353312734224614,0.25859093733912997,0.11857403439182651,0.10164891606802795,0.0816096934599554,0.05262077676368798,0.05116688570777824,0.04979820198449918,0.045363588219526525
0.8430667105590774,0.5113582192287089,0.0754637843259388,0.06729582700181916,0.06383975985403169,0.056525532219822844,0.03451231540135748,0.03000288848569956,0.02976490210464093,0.025180448630423617
0.95066449182137,0.28870201819866514,0.06677235894540524,0.04557967541451095,0.041266740359608964,0.03331465666400362,0.02471989595140305,0.02266219888628834,0.01989006625848044,0.018844910794005534
0.9347822306730961,0.24264153723393117,0.1675518521144856,0.1315688999352598,0.048369755591195884,0.04123210392528518,0.04082263576482203,0.035899821475499256,0.034418506904071396,0.03380723060191041
0.7312707292482192,0.5248889371701321,0.37094522202062746,0.11246290178197774,0.07073520352642422,0.058109623473231065,0.05728335282099254,0.056379902594181956,0.055377307624001934,0.050026641433267204
0.9061787568079549,0.34636455029060853,0.17187395336618785,0.07205474594497996,0.06286737603577659,0.05016907221920208,0.0493320247464165,0.03680781364663486,0.03635770109784983,0.03635432093892277
0.6711734577635738,0.43882765970569854,0.3369966079104778,0.318988648286835,0.22021843785338754,0.13364472478423564,0.10481351383175821,0.09410966319573794,0.08517949068573323,0.06809020938338116
0.8616502944413984,0.46875144913115835,0.101390584813231,0.09532415305725164,0.06291962053413731,0.04679930423466865,0.045891874629864673,0.03515221106461201,0.029037470763572236,0.02892692842458884
0.6169476414889298,0.5257936166970051,0.37890378006536857,0.20399904390340393,0.1664701341966038,0.13856032479710104,0.13789978229337121,0.13693799080254043,0.09967242304153885,0.08976474564288266
0.6746083110380816,0.4828129948992324,0.2842759147077373,0.18289821158069958,0.16925746496607644,0.131491425390189,0.12614882448477527,0.11369717557312631,0.11359058929711545,0.10724180558496177
0.8106095906777439,0.3330167497591695,0.23824424631768396,0.20892429651444114,0.19248138055370229,0.13120593017560522,0.12151406224089722,0.08485771358893095,0.07525683226469689,0.07291647153331023
0.6818203102796676,0.5917326808341633,0.23918951991177584,0.15882693504864237,0.1430967083423387,0.12284134386045863,0.0940165884174028,0.06578021155923999,0.061210463603658095,0.061075806495022054
0.8754562952112858,0.23112003798656905,0.19506105439951743,0.15204483925019513,0.12229350506952337,0.12073949066089432,0.11110483260848045,0.1098855778695197,0.09338396497531723,0.09143707932109768
0.6715357071946946,0.48524957535845703,0.325425639528382,0.246323099508326,0.236587337177171,0.17803932741192557,0.091478681169038,0.07450790215557182,0.07234223012759576,0.05320077688048568
0.6827310663841377,0.5121304686854536,0.2619383721603087,0.2504656584472173,0.24878017907787794,0.18637618424166377,0.09652459908496501,0.07982642803729781,0.06337177218896285,0.0458038152301459
0.6991272833731702,0.4304924996696714,0.27718612101438156,0.254338548288561,0.21395566047601725,0.17748922245764412,0.14862360696200827,0.11633035975761834,0.09944748630636564,0.0770583236248838
0.8578472587631284,0.4519057713300672,0.17084442741667802,0.09738781320017756,0.050478737948462436,0.04205332970323928,0.042040741438604555,0.038087201554381105,0.0340109864896624,0.03340022913820258
0.9408879853558416,0.1804297172709559,0.14768194673063312,0.10121611117486169,0.09620131189243376,0.09583179193259742,0.06850493515916722,0.05797101542404427,0.05719379689542108,0.05605518056421413
0.6596767395120496,0.37620676251193946,0.37129216500935014,0.31887230507586745,0.23383204698600726,0.16873569760445617,0.16578197886731066,0.10463345640251809,0.0760082056229326,0.06517845848392066
0.7406842364876718,0.541871631477419,0.29232363323383204,0.09823818517046722,0.07623516185124572,0.06535110067915768,0.060892510797838376,0.059951072572755455,0.059242605192576424,0.059054363573042855
0.9629121727411418,0.1953961515588757,0.07875403020822185,0.07679502415941603,0.07103705099298768,0.05975540067020681,0.04834752274479439,0.04514871548222158,0.04214369238754454,0.033133436176911106
0.9656193947916487,0.17108678830262652,0.11178250830355581,0.09393513165215991,0.04912874834504741,0.04553106306878479,0.037914422228181095,0.03672445659846481,0.02959816671742389,0.029337744839535992
0.5111697293803793,0.4586192575432227,0.3963744019334842,0.3434894424298819,0.3410808422209002,0.25691436860894656,0.10755898145472127,0.10466609140078452,0.060978912338110536,0.059948589506957806
0.674915482946117,0.5750524870645715,0.18668230080135093,0.1822796578381308,0.17274349695086397,0.1467578601577742,0.12826233821336022,0.1246124764119027,0.08522949890937373,0.07692558165683902
0.9178316815194218,0.1983408083944902,0.19522415481459393,0.17019541161989518,0.08646277190085214,0.08103579397472803,0.057028880419599054,0.056559747105125124,0.04599177041390042,0.045961336168241176
0.9700865345914521,0.12487644345928739,0.11372869971226855,0.10118154029007335,0.051042421995657845,0.04209400455461286,0.03885712153633364,0.037033648210735216,0.035810771510624236,0.031980321855963646
0.6857121104460334,0.5266844186112059,0.2366039478503386,0.2228341608646528,0.21213867740238426,0.15833044570304397,0.10551890798614234,0.1046328498574088,0.07943003808268045,0.07874865116544391
0.9280608677999287,0.20311380354959357,0.14429456041099384,0.12238830177323232,0.11353696515682211,0.0952355579017031,0.07604458094783492,0.07056506596075762,0.06016992597263878,0.04740994684779549
0.9680582887281332,0.12685082736838887,0.10027578881190705,0.08186975729985664,0.07026171556875331,0.06898779857278416,0.05506276633919092,0.044416547683014014,0.037640573030585246,0.036539808605288625
0.9303918900500091,0.21040473638520676,0.11035965085744648,0.10488344113692308,0.08190251952279669,0.08083692166182659,0.07399411469719476,0.07082426014095583,0.06563583171092675,0.054954267412619745
0.8522307247283739,0.29445499931107627,0.21152280712201135,0.19608186926233664,0.17244368953872743,0.11252907456160444,0.1032630567185415,0.09136009067146653,0.07420805275368776,0.07071134711930704
0.7130630396973769,0.5200456030693453,0.19232221465851754,0.18425860655147802,0.14081289857322518,0.13284118522390054,0.12057462919188877,0.10795935941359527,0.09730148825029918,0.08776814815197294
0.9297982736028934,0.1802525287006604,0.1413900049827666,0.1158601171388572,0.08036143774143377,0.07348604321333088,0.07206791643068505,0.07096115499279834,0.06926191241558327,0.06889833810443688
0.9386547457572869,0.18028541119320476,0.16901787051708517,0.14110338783377024,0.1051154611575836,0.09262808550093936,0.058114144075147714,0.041042109508867664,0.040802055833527244,0.0335220704760505
0.8660566856659043,0.36313884959656345,0.20475339791173425,0.17242520269259354,0.09967252672392682,0.07619172347906553,0.07239426681450262,0.0605729370356933,0.0505926554491051,0.04345121365070249
0.981247323934361,0.11374715682581917,0.08279336168779408,0.04862567892598893,0.04373798226561782,0.040659671273153515,0.04001821997821145,0.03149113065532521,0.030215596413157454,0.027341158693107718
0.9748888526800468,0.20049655164985186,0.07201642218772991,0.03843436617215498,0.026410841454168645,0.02114999858843624,0.0188235499103021,0.018117749321681528,0.014939418675285917,0.014369083215092683
0.9938345254643519,0.06201976261160076,0.05915179753617607,0.03767395663543614,0.027601437445416023,0.027194105891634242,0.019073588629227173,0.016084653149570728,0.015353400815796144,0.013393640247908956
0.984929702315761,0.14332955517771312,0.057748252730442456,0.05065924716532025,0.02760676052108625,0.02171286416690293,0.020372822592153134,0.017403540148333365,0.016231772530673816,0.012028334010107167
0.8642886482446834,0.3228641551018121,0.2577690318025763,0.11902812377291998,0.10553004018567247,0.09939989772938791,0.08367166184931046,0.06176608982990836,0.05613781667312958,0.05519624162444605
0.8385816473464086,0.3061255008115089,0.2516107108644406,0.2185077636070604,0.11069640011766599,0.09702013829215857,0.09349075695152095,0.08574843756820764,0.08183731170362639,0.07137712304413962
0.7666576546850449,0.4939034979789451,0.1724028349542798,0.1651235855421203,0.1583180744056859,0.1380605780724902,0.12446362503227824,0.1175437138963386,0.06560967696992392,0.06201385703611787
0.721971047811693,0.4821244299896875,0.2172366368978774,0.1602558469014927,0.15789627410532825,0.15630787567822368,0.14791096040313478,0.13291399470925114,0.10789373749668128,0.08975706484216073
0.7303216828866055,0.29096858087217503,0.2780071151137348,0.2441272279049887,0.23439526145114822,0.1908807140987731,0.18087279111619492,0.15834317794762595,0.14851221674796392,0.11054618187067539
0.973744453214569,0.20739388869030012,0.07023584496770413,0.046608359095330835,0.023230446354866416,0.015008288106083406,0.013897631214683915,0.012774371429719638,0.010828836120156934,0.008104967224503329
0.6411014783182856,0.41017963912420907,0.3467849632180295,0.21249289250803038,0.20235010443212306,0.19557719359790268,0.16536959536622645,0.1529444833893149,0.1460258100543255,0.12992197422739912
0.9811621818730333,0.11269370398417093,0.09043877581369932,0.08128421917874376,0.04529314167134477,0.03797788921642392,0.03354976498597171,0.030205730956738275,0.028750172599454272,0.019888648903043118
0.9502250714977339,0.1484261450796389,0.13786253475470403,0.11777976101183603,0.10924122832601517,0.07854083834200301,0.07231191441909378,0.044731037014109146,0.03662328824526131,0.035319903181931435
0.9689094140063381,0.13786337267203222,0.07940311026625366,0.07426122018688422,0.06634113198639803,0.05315186810188316,0.05005626392393575,0.04530197057744162,0.04072319835395465,0.03985032290827742
0.5684851957942573,0.5404490756487588,0.40619591051255743,0.2670580328493043,0.20632402192447308,0.11183196479940695,0.10466862437550614,0.09956113892948983,0.09290907092998399,0.08498892789976532
0.9512606674794464,0.13021036673224243,0.11900299620550289,0.10100744714720078,0.09361689634738939,0.09325803286138985,0.08172568409942452,0.08154733416306617,0.06419065237026102,0.06297672998235226
0.6152490247546926,0.40652169792272996,0.3988664478295001,0.36631095271932723,0.21637294016212444,0.10942384193228448,0.10000600506156943,0.09962869077904446,0.08988010641228111,0.08314699657834666
0.8493091244570715,0.2999824245534763,0.1906828200489018,0.18529702445530366,0.17561167557218804,0.10448817754788733,0.09878662874861559,0.0975384584390525,0.09385408485571493,0.07708576179735771
0.821305872262581,0.5270605273501672,0.08723633712913273,0.07177962735064926,0.0716111536990577,0.07142762163507298,0.07110623242599685,0.05425131232353188,0.04632371446481894,0.04411981941786407
0.6326818781999329,0.47089692107699255,0.3363481796085045,0.2814318685615963,0.19825363724803954,0.1760865184908685,0.13386894340084154,0.12170744387772203,0.09957955253745279,0.08951565120373291
0.9450870423100561,0.20461976310772226,0.11355164868677543,0.10441166027886593,0.09865358041344197,0.06218992809260333,0.05619790490065547,0.054793099407875016,0.0506202625191884,0.04424438669332193
0.7807745308380782,0.4857339806806149,0.1932631208504935,0.18124081478142298,0.12115790872112836,0.11229065927794284,0.07517451074302518,0.07015823965603489,0.061497203236729345,0.0596230809372025
0.9904320314615359,0.09066378129399348,0.06126180211387472,0.056035709774389715,0.03109089531703646,0.028913791315539936,0.023728488480049797,0.02123914926631425,0.010498801211473877,0.009466336548991629
0.9262000799884215,0.2122947034469988,0.19072710346463653,0.12309536020627393,0.07299985783148,0.06971128189419012,0.06697174991423178,0.061232897748728685,0.052700606921453605,0.0520818772793222
0.802594337147749,0.5377834791354046,0.13349864261550207,0.13152241043441446,0.10636862906724182,0.05919794177224212,0.049046366584122134,0.04500055949204424,0.035514225110584906,0.033672871365243336
0.9526611955513808,0.15906621844361318,0.1582219588628719,0.12492637175690557,0.0902404002699777,0.0527398586910737,0.04971959350822165,0.04808573822265574,0.04367283937457591,0.03675255379535966
0.4285904817535559,0.42325139931868677,0.42097060979797535,0.3875723670897498,0.38106136155988235,0.16639827312553773,0.14925922276617867,0.11955322848808811,0.11425814715387782,0.09993714124413591
0.9250713295675795,0.1843343173324069,0.1349665737151362,0.11009077126229354,0.09831538296402362,0.09307492352202355,0.08610476320105262,0.0780291559593673,0.07543775619677409,0.06481509694129317
0.845652858724219,0.5018975052853447,0.08681545093340277,0.0640231564853401,0.061409648604180744,0.060609695595559364,0.04269679154229482,0.0424259074467587,0.04043742992181723,0.04019456661955329
0.9976437223749538,0.028700658868012374,0.02615247262498836,0.02606489810600135,0.023812848523580843,0.02061845196119359,0.018447436944034792,0.01530935267993217,0.013400752932276248,0.011222929804419406
0.5252229476820384,0.46027281257597996,0.39442151615244986,0.3135450458771617,0.2590829348553105,0.20695802671819535,0.1968677383282109,0.1221597638503297,0.11884687707386343,0.11569947546317037
0.7728073777583826,0.5989595641111791,0.12566036150893692,0.05026539917504946,0.043913411278104685,0.0428516602139656,0.04221191561075271,0.04045198194999762,0.037057099803013575,0.03533563863598129
0.8464215050009463,0.25503397576033215,0.25496028883152405,0.1348011119715131,0.13044526629985798,0.12156617212797384,0.11441865713246303,0.11031309367565824,0.09168489805513855,0.09049188062757806
0.5428603555938382,0.462478747075132,0.4036181291753192,0.3711159890668451,0.23340547449225804,0.17724620963738383,0.12355495389046858,0.11263089331540888,0.10305174736140339,0.0866662983022274
0.7262407473739753,0.42320043572339267,0.2411854024645028,0.2080990498646847,0.17138346714797134,0.1560296704244139,0.12795685150519326,0.10895745808055635,0.10839768096954917,0.10300657331836487
0.8494327958468059,0.2849204875496935,0.2746261943240471,0.16623724997696013,0.15984474770972756,0.12060099150281203,0.12041135050033344,0.06865525777082374,0.0643366367700064,0.05198564091411124
0.9472493199223252,0.1407033744749203,0.1368928538138284,0.1325581637500057,0.11765873047973276,0.07595553605624515,0.0559114189284862,0.053317345623378955,0.05282273075337301,0.04946695105189738
0.9771239863561811,0.1299341981271913,0.0732982257863944,0.054492824385478485,0.05348555496118224,0.04768868607044525,0.04467285829771953,0.042034774549832926,0.0381775490981461,0.03313486698297043
0.9405877407368968,0.16392816495458892,0.10774263326605149,0.10409948553402693,0.09945976654025138,0.09301778436779046,0.07387715696014008,0.06689064262862038,0.06541492915675876,0.060431549613580264
0.8464507968127126,0.4958516985442978,0.10338853123301064,0.09827849103955485,0.07306285077958324,0.05998521198682442,0.0426669105353545,0.03680461514810106,0.03174040285671425,0.029975171265733996
0.5805614471689371,0.43846310787101056,0.4007164251388851,0.3351330696012046,0.18371461837686187,0.1669890180434397,0.14402548114671762,0.1349633941607768,0.09928643891051744,0.09630502319933454
0.5020504888108241,0.4574626721359877,0.4278053200047317,0.3397733899237173,0.26076457468021497,0.18449946783325305,0.14162769335786102,0.13656836727237706,0.13404520392103475,0.10388840501504784
0.8629579667948633,0.34976454446872046,0.17511022949128247,0.15556110945962115,0.15551356767801686,0.08720577595652641,0.0864151307626682,0.07249839781148486,0.07030655781771375,0.05473344549315576
0.9349033643344427,0.31102352704509684,0.12219843658453552,0.07624059032354542,0.049160227202755896,0.04138866436644842,0.027176363079647933,0.02501817681044885,0.02348915075410839,0.017863371754826607
0.9861535348260166,0.09275263403832026,0.08728014280196131,0.057368082598399005,0.03358427310623311,0.028396703009682143,0.026754275148195752,0.025992130807444135,0.023333673866233782,0.022311025129367116
0.6603372981058979,0.5797539769804984,0.20675908253132186,0.1785419798507222,0.15625737747755503,0.1252167676077185,0.12278785345305304,0.12237336806585648,0.09624866577925148,0.09547088870360099
0.9307493598716035,0.31160052064117094,0.10273552650417674,0.07055359667244067,0.06686575473091148,0.05235684376831291,0.05029201298449512,0.042714507257158266,0.04270035185342003,0.03384132604641693
0.610391374726346,0.41162872639133147,0.2982295980944482,0.2721573189882795,0.2646044440701552,0.19518055784852995,0.1620637102674746,0.14958469521693402,0.14451892521566498,0.11962637491656491
0.6424178548939486,0.49063020829725457,0.34449927111805106,0.1832858633381323,0.16393752436397607,0.15067769658442612,0.14872423327805506,0.12245482901910508,0.12052354820949758,0.10897740113805462
0.7676069782958342,0.44489866423296653,0.26308359716973306,0.17668268861287617,0.14146503778047054,0.13923977701418522,0.13913921146141145,0.1213285716514762,0.07363302205701008,0.061971749050373344
0.9016709064830036,0.2338981781480909,0.18999838347504366,0.1800348164375721,0.12576226071863553,0.08070883895984503,0.076286773105451,0.06977968724008676,0.05306219358782868,0.050428651879497785
0.42900697044347846,0.39986296115096864,0.39643734850659174,0.3228619648789421,0.2926836893656526,0.2688049582881183,0.23856078755614138,0.19642669219583156,0.17494808910180704,0.11342031663584737
0.6749853842261098,0.3988496269340436,0.317482249879721,0.30543153453492533,0.19761401197012782,0.1730304692066947,0.14941400932464752,0.13097999724893722,0.09979457551979111,0.09553031620426902
0.5565374383714122,0.2837728347752011,0.28067806157864506,0.27939276596100504,0.26321027259190966,0.2403795202381038,0.23869341795788848,0.233950881787835,0.17867843091994898,0.16807570595982574
0.43552747572251016,0.4172430922815368,0.4078554420744125,0.26881811014577156,0.24090273356246653,0.22390555809267418,0.21896081057758768,0.18726046699307156,0.16218625107011975,0.1408872872347332
0.4250967633419111,0.40630122373352784,0.36071734506645825,0.3284072440325241,0.29495473286611573,0.2632851667845025,0.2234803474111034,0.2170914573680526,0.2164150349568838,0.15321414301380673
0.950697879238098,0.2604509537159152,0.13148734559868766,0.043680932099872595,0.042352866762565056,0.04196141231192211,0.03543541986979163,0.026988030408029988,0.025041277793383422,0.02119584897713465
0.6706304353105771,0.4330091299099673,0.33836752285613825,0.26584805078069595,0.19539779897018422,0.17131446051059826,0.13242264528637748,0.1197541588400962,0.08849513701476037,0.08496701628070476
0.8309020131984446,0.2607490117710388,0.21420355690540727,0.21240764133027515,0.15610721895060445,0.1321062258962437,0.1276059413319774,0.12226511582011645,0.11324972856334706,0.09870734775706895
0.9608028466986058,0.21267908376825798,0.10509865560157314,0.07626168108086598,0.04726240136047822,0.04172718061700954,0.037739596156650006,0.03684852263341364,0.028050101874982504,0.02626290828954874
0.9433177844366987,0.27743067911208796,0.07877199155463141,0.07533157426174988,0.07252855984802116,0.061007238340512186,0.06012999844694564,0.046792286750881075,0.03816887426800769,0.03246526569683431
0.8053511875761356,0.49635465680098473,0.1407098976699008,0.11510668572312038,0.09323383083624455,0.08317072292352667,0.08045886291261682,0.06409251292351917,0.06230645538213923,0.060383177769846134
0.9195160086743058,0.21729209990586631,0.2144736896498989,0.13639224750769602,0.0924311140650907,0.06994293216333139,0.059540478974727945,0.05235217656466053,0.051741051172203456,0.049313086045200634
0.8987045800390274,0.4097890432212493,0.1014417578435137,0.0693946503204228,0.036034785173031554,0.03372665089173717,0.0268373865004741,0.025859578694725948,0.025487705707934027,0.02528473389145488
0.8506221643211811,0.339844466803585,0.25235268182850074,0.19069059349485126,0.11370889748317678,0.07645848956365602,0.06883054456202907,0.06131403975141884,0.05142233947030348,0.047238552567516225
0.5781679800978413,0.5216895051970627,0.3624735430758052,0.2615176914069209,0.2099137465214566,0.14528189426677143,0.14507440563219576,0.11607426869653725,0.10225024400219344,0.10124735552721
0.9058767974572165,0.21730798253792796,0.20662006538110275,0.18142516626273505,0.09496265930260828,0.08417829129877677,0.08082589000186903,0.06710629855605998,0.05398877278206368,0.05095041867156771
0.7462235608792214,0.4872625921032006,0.34125803604949345,0.12442307722057722,0.10689376613310707,0.10134909436212923,0.08267461043646435,0.07766588087197654,0.07172885434567126,0.06696710559868627
0.8018292569803699,0.5371363462371863,0.1421608339281084,0.10656921494924947,0.10207378104303223,0.05389938576762949,0.05214236272240807,0.04686321609623255,0.0417655822971915,0.04145714483438133
0.6974833539325423,0.4351871859434292,0.3113120860012576,0.23117540102112719,0.22179154183282482,0.17510433862753957,0.14159376196146053,0.09706524289074167,0.09507122191604746,0.0768073405766475
0.7013064172884577,0.5002377981069317,0.18370514193723755,0.16862254966268456,0.159541972273905,0.145499121751785,0.14046653804962117,0.1382947503373485,0.10951714553130604,0.10762462855329487
0.984147540823631,0.09032627047898642,0.07281926693390495,0.04538874904485123,0.03972305563753023,0.038689599252562386,0.03839423932357065,0.03786193230672878,0.037326771637945906,0.03479620912796326
0.9069072968780933,0.4064216653904833,0.07809843173165407,0.04606882569929121,0.02996890502532382,0.027546046786892948,0.016863330376039428,0.016829165810596305,0.016554597685561504,0.014676244165260205
0.9718009673290005,0.21125455871364962,0.084222933823935,0.02873063612802627,0.02776689755485085,0.023021936869247108,0.015356361069944875,0.012600489195449299,0.01237796019403686,0.010535720986362589
0.7248107730934887,0.4835008959422387,0.38119377180393693,0.13677670620982438,0.10565451593224177,0.10135125429271372,0.08297156117268518,0.07555671577314056,0.061662032679292524,0.053806221684667775
0.7006696992352783,0.42967049149682074,0.3739826300825964,0.24959915590299311,0.16324732755526197,0.09532902596793008,0.09234038801545612,0.07773558549999962,0.07290453730580067,0.06839275053215578
0.6996556623226998,0.41235286214870726,0.33402961081916777,0.25950547473062585,0.18963989348735755,0.12452303940657135,0.10026804551146802,0.09499036178353436,0.09189799970472365,0.08406921943544601
0.8370066843946012,0.3612811121291239,0.26603403495222294,0.16779545789587708,0.11450289171288225,0.07805489524925827,0.07559140622401568,0.06667375385041883,0.062011401924682484,0.06116357742941534
0.7219279269424141,0.3842397481853803,0.3555282126034738,0.2858835239877468,0.17841646095759997,0.1449080292913396,0.14348034023461606,0.07917699073491717,0.07638460504608693,0.06234864390232847
0.6497039373974374,0.337771007739325,0.3238649007996009,0.30613185120665776,0.24928243342321704,0.23086268039596347,0.12495322131043352,0.1145918616604855,0.10425265015473441,0.10171950206452982
0.5350535086104365,0.46083966134499693,0.36936528678548813,0.30688729705740564,0.21500901087381707,0.19713034194800333,0.16976983570829882,0.15104046170016105,0.1406899208078721,0.10973989745037534
0.557114616384466,0.4651392103146695,0.3583737353556109,0.23679936527583795,0.21512103808157768,0.16580250921635978,0.154111979062963,0.15047710738330977,0.14707629083973156,0.12755582004859575
0.99608892786969,0.046477844756234406,0.04505284226683023,0.030310303097390568,0.029905362073899315,0.022912321858651157,0.014784005184451813,0.014229487788499607,0.013603423639623542,0.012247160192572869
0.9224517835535224,0.1450843248891226,0.13667259002750617,0.12244973609223339,0.12136981260392804,0.11897315680738724,0.1147874408163003,0.09721416331121044,0.07507515164466494,0.06209437480288247
0.5957244208803608,0.5580765487476317,0.2786670160904289,0.2720861288195068,0.17563308606759837,0.11856163407101532,0.10791361551217121,0.10378480174429931,0.10074751310550058,0.09661262598554453
0.9340097555814659,0.19877603051948597,0.12510848274221908,0.10084286042071632,0.09230283822298911,0.08881790958430114,0.0885393565210223,0.0739735607275727,0.07309795739297816,0.07043897319472255
0.9614854896579406,0.14425630298716458,0.11078124039559156,0.1009009149278214,0.08366883917417346,0.0634820564762376,0.05880995846619803,0.054886716702039415,0.05003913753084392,0.04959560882800533
0.6620211655980576,0.41545609166723985,0.3696975832837634,0.25151561032159675,0.18758857840823995,0.17834729868400745,0.1598975184059562,0.12308874386965829,0.12254590119492609,0.0969888781331197
0.8987828386671465,0.22583768140766386,0.21646184433027899,0.11847937122110544,0.1082938751036756,0.09924906792709909,0.08733440385473282,0.07169036072688983,0.06908500008234358,0.06148761942798249
0.9423988466260089,0.2060874386130413,0.1076697813599916,0.08889125033875689,0.08240538568252316,0.06979631186528469,0.06941510268327965,0.06692483993662225,0.06365247088357319,0.04914130241446294
0.43781355087696233,0.41468083870223066,0.393458059907238,0.3707755542765819,0.29212640890886016,0.19451141027996952,0.17085504078467315,0.16982485868937777,0.16947804538987907,0.14842906635903413
0.6172351813285555,0.5641359801294974,0.23194219885287937,0.17330945659351263,0.15139943999008412,0.12497336602159052,0.12388731949806585,0.11961815438756127,0.11380019358405123,0.11177473126407066
0.7558009880803309,0.4987164002424141,0.25913443984263,0.24843922447369152,0.0915702231837907,0.07494994514420156,0.06650025763060471,0.06426495214981462,0.057424659153166385,0.052975155880601234
0.993802265176689,0.049191003707575585,0.04596359498030178,0.045501930024237136,0.03924147683086403,0.03621238695570854,0.031739168852767764,0.029183726229809803,0.017979884639435378,0.015503547880235127
0.6951430241687585,0.4984460374051942,0.22720108175019638,0.21469062562560307,0.20309072476745493,0.16837749342277136,0.1324269252266567,0.12711278230407033,0.08762653652761873,0.07677111297667467
0.5651069036324226,0.40218136620416783,0.4007605362470319,0.36249947965325857,0.2694460383356267,0.23921340808146296,0.164640636195403,0.1445143208768359,0.09861582555968688,0.08021008906675647
0.6907353079719162,0.5155097243755334,0.2205080777369608,0.15430313277617172,0.13725394602595364,0.12423643711943116,0.12065545383730512,0.115830338089651,0.11017738104186942,0.10782859122001011
0.6795750966111569,0.48444676181626856,0.26386321897593334,0.23696177632447127,0.21777373091721142,0.1728530110603672,0.10349750577385719,0.10288264932371999,0.09323915900090451,0.09304475842282271
0.9902899570402424,0.11540846678307176,0.039767627349447,0.038400951228569895,0.024795789604141114,0.021046352956290496,0.017238991109752154,0.014678428535811791,0.013911452386704767,0.010763935505885001
0.6651705332351934,0.4508788921906639,0.41211756929957677,0.18152654004554003,0.1814988925387924,0.13491552306124552,0.09233833503259073,0.0892802659587461,0.08721822991889018,0.07537256620966387
0.9949295644221912,0.06478272200008008,0.04203327825259309,0.04054489847190376,0.020765987438288593,0.01516521278157025,0.015087216459900932,0.015028563009354554,0.011105625422683564,0.010455135701969648
0.7036100932108919,0.3865688775038592,0.2879699821508509,0.28194180219615883,0.21388767834746744,0.15160692971561865,0.13804416688710358,0.13281113569665617,0.11186194487116964,0.10886636479767801
0.8431678874816227,0.3464160097301994,0.226802177630881,0.20240056021503142,0.15274341203199782,0.09764178801517868,0.07745161994948276,0.07177720396448595,0.05841891438836363,0.05465907339275722
0.8310130727931483,0.4742241028351743,0.2034366815110941,0.14783056031877617,0.06321846776068002,0.04902549848411944,0.04856270832815735,0.04210070687673189,0.0362895573415115,0.03551790618294649
0.9935524526497221,0.06656789725230534,0.04697307858259576,0.04387460501359273,0.03065499754348254,0.029896885368644446,0.02047833770265749,0.015372710628779155,0.0141264239603637,0.012799954454059823
0.6761929067805352,0.4345518947070619,0.32168404787011456,0.2144698229754529,0.15570856494408095,0.15264894000930762,0.1381834209715553,0.1346139535234963,0.1316868432961829,0.11316943179752045
0.7179480399957541,0.671652613679103,0.0904142188258139,0.06783578610511141,0.05435572565849197,0.051020199907671884,0.050057334998486164,0.04179084472852888,0.0368639787675946,0.0308066275182356
0.7793038577792522,0.4337009613339842,0.21290404978800812,0.15709022774529346,0.1517434756939449,0.11548467150134352,0.10259143225168797,0.09975880923057262,0.09475023587721378,0.08906250816669212
0.851246497617091,0.28736003291609385,0.24841876053734838,0.1738223250769381,0.1694909936688775,0.12064915638958881,0.09259236285674065,0.08255131019681605,0.07049931225832971,0.0570675003783558
0.6301498011460926,0.40303030753458147,0.27551034265565044,0.27068979418417694,0.21662702221284363,0.21455777987904018,0.19951190250773443,0.14904206603198036,0.13353417978250012,0.11207351817005853
0.6339161792886928,0.43777093572307957,0.39428138695200476,0.26211583779565917,0.19179270677769242,0.14253792788588376,0.12916075804538774,0.11685164807385122,0.11096080823217319,0.09988501096235483
0.6814749004108159,0.4566565964524855,0.3913897506058704,0.18897062463800804,0.17104893283313974,0.15415567239082173,0.09902751672874824,0.08891466024398043,0.07665452491393979,0.07327644941260929
0.6626271432939587,0.5402733690996172,0.2913402342712562,0.2594519773676933,0.11842212976399798,0.10543492785728834,0.10264180795880785,0.1019422776943708,0.10046043277601766,0.09603711005292263
0.9521875053102575,0.15844718019695236,0.13094353987849947,0.11538660325952417,0.1001917494624575,0.05851893720669967,0.050474498238584235,0.046516268282419705,0.044370930530418844,0.04054995157370718
0.7279704237431897,0.40681294929845485,0.30937352236222154,0.22292805822833628,0.19498049432786685,0.1719021613775518,0.11935612131246401,0.1073322579587237,0.09128406626369591,0.08974471759257732
0.7141158245026932,0.6491462338966526,0.15154485634979314,0.14695287000870105,0.05452751203528445,0.04993303532052121,0.04685337195977909,0.04499861701365856,0.04473155458212453,0.03622550491139057
0.9381305064627903,0.2024522370492305,0.13669947917029032,0.11359976729301409,0.0786631051906635,0.06925867823321757,0.05594338475249118,0.054736989447802156,0.051103646347845144,0.05098424727908242
0.8192172730678812,0.40158927983308174,0.2644140169749187,0.14969274443873584,0.1328930327964539,0.08536878151030176,0.07303503152133417,0.06547784231292506,0.060945162065983945,0.05912397345963804
0.6040370939591079,0.5015968575373784,0.3363816647238743,0.2573499794064156,0.17690827567592068,0.1713175575751816,0.15766002405100957,0.12908504415420172,0.10843027959944929,0.10667257752224489
0.9563683593178679,0.16088922500149416,0.12990336947846606,0.11522809202586522,0.08947457298636581,0.065778814396155,0.05843071021908465,0.05133256591920545,0.034929394327411566,0.03365828679955103
0.7843029016972692,0.3685700001548755,0.2805004029127203,0.22792442417037956,0.16729667204162102,0.10622234141484059,0.09770149674211646,0.09611849415502162,0.0744033405901723,0.06489375025205994
0.934509125858663,0.2057642979873451,0.1563723200660952,0.12328135022146172,0.10883502121901667,0.0855184560069997,0.05717418567643009,0.05172243251674421,0.0474738635406695,0.04609615385862464
0.5992854378217931,0.4894514369992053,0.38448339967420114,0.35012130542180486,0.19399303470729534,0.15730031702551872,0.11476772428783179,0.10277493779215452,0.08356845776433056,0.07363781156581235
0.567094107188374,0.4817791681880334,0.36782372051109025,0.36590114680977637,0.28733841989498815,0.1332788714291742,0.11948015865077698,0.10311476732330242,0.09896549225262231,0.08756398256804164
0.9821645634584187,0.15701777072574888,0.06145301763196792,0.049805698821625055,0.03910785858043892,0.02707223520800484,0.02514492849440817,0.02198474630752975,0.01361309908284327,0.012046912884854679
0.9384135190428432,0.1293234727765826,0.12477439109129343,0.12471804001398341,0.12320778603930405,0.1105017962230611,0.1058772901322331,0.096229510841681,0.0887620448955813,0.059019918813599144
0.922562603004204,0.22314017327834257,0.16171997701659882,0.10525261317531039,0.0938242718477375,0.0828817937071225,0.07981925492607328,0.07783766397048368,0.07117342489423102,0.06037626988264169
0.8838035239985772,0.16978833004801888,0.16857044143222513,0.16466944634763167,0.15325334378588112,0.140445080155827,0.11566149654542371,0.11372946923034549,0.10715002037867269,0.09605031246075767
0.5388977901537755,0.5263793647426743,0.44483337163729825,0.2905857645608559,0.2478539269570641,0.11233159371605093,0.09205611173078536,0.08716444085657586,0.07624203976985351,0.06657915727451241
0.8614278065789202,0.3464652588445231,0.1834459666722771,0.15495442588030717,0.09558736650657707,0.09123107994299347,0.08929282880151729,0.08590510457119781,0.08549582078036552,0.07367529691218375
0.9930687657101809,0.05453743925341651,0.05214229354999363,0.04879464133622843,0.036695953793407565,0.03124490398372513,0.023282335510592195,0.022707487576004663,0.02263834965269347,0.02116542728359898
0.9828410182186258,0.12064332791565399,0.06336179098283534,0.05934667524239863,0.04788092769353075,0.04432690114048161,0.04197929144781482,0.039216660119989935,0.03571577915757035,0.019336183201976106
0.5698840719582189,0.539119830949232,0.537839928864354,0.15879945033675683,0.13308903587178922,0.11982756520122761,0.0602980441342148,0.05518290103112832,0.05293570022205371,0.05253378750413644
0.9930749847254859,0.06009310583967352,0.05971279326054061,0.03715666435053794,0.03597951996368288,0.031024683710141998,0.02788098820472663,0.026059719079698878,0.0167483906814917,0.016382076271414036
0.9731229378053655,0.14118599385390052,0.0880436003520349,0.08263474354616478,0.057396261848465545,0.05143360682574658,0.04264274937796842,0.04253507723618444,0.03626931870874104,0.035799291087992735
0.9235503467266708,0.21252446980958203,0.20797007533688047,0.13374931900650516,0.06756291824422996,0.06376198688940436,0.06229365029110914,0.05690149111558998,0.0539248847339488,0.05368040476754986
0.7873517744474493,0.2661982360712498,0.23646217290832877,0.21868297783843735,0.197260862265058,0.15428230346543517,0.14720212814497943,0.14398540934056928,0.12228335549650718,0.12150272656383215
0.8227016808020665,0.39082273587353333,0.1996107716433176,0.1581867125878627,0.15482458047129868,0.10218517838996231,0.09811404579564129,0.09108012783247696,0.08245416681684643,0.06411575334756596
0.9670754284787924,0.15186902964337864,0.10781518641098144,0.07851937389930308,0.05825661788560031,0.05133992232373556,0.04023621627090938,0.039867284563269184,0.03843079172400006,0.036671975663750175
0.5727935669777011,0.38819000619528965,0.36796881001562215,0.24806475422788218,0.22190874027748436,0.20297943549012615,0.19720637299838387,0.19250466629968505,0.17047972707911677,0.14265711622398322
0.48147876498471265,0.45958827138284014,0.310804272229677,0.24617542408903115,0.24211435522874292,0.21398155823069168,0.17574346624732956,0.16197640397481858,0.15025802902657337,0.14724270557120553
0.5252544328174956,0.48192841825761523,0.28832878046376703,0.28194017397395993,0.28128573803311047,0.23881128528839266,0.19294751549017505,0.13338307236599026,0.12046682725379992,0.10860771608749961
0.9407420972203551,0.23330381575280965,0.11210637441588497,0.09005277066558642,0.08297271705674365,0.07088980857855047,0.061981041343330906,0.06032302645892413,0.053451818944541776,0.05066613794429219
0.45921437746029564,0.3457592313694854,0.32625144142112145,0.32488519992183224,0.3093912664242971,0.2832069162293464,0.22740676851593777,0.20155671470924474,0.1845097073592508,0.17446908580865994
0.9940726547650819,0.07234350271903582,0.05925148652411489,0.04057809737477853,0.021377847782018244,0.013058907228206773,0.00990886254884019,0.0094968486841978,0.008531580583801233,0.008412052829036792
0.9858989369462194,0.13914142652096176,0.06382808395565093,0.027532696324847485,0.02489587013570953,0.02484274336696322,0.020457802806912014,0.018164984844868635,0.017236341360677643,0.014310534056476303
0.5608225164892309,0.5111010185833356,0.3965611625163289,0.24789968313127347,0.1910046020492609,0.15631752455269002,0.15184876338751593,0.1517459044639307,0.10567843890636343,0.09334200848196363
0.6653788127701774,0.4715436378370289,0.26489507085497094,0.21634224062786905,0.2020531426853433,0.18973559561346187,0.17279094203870843,0.12212731216447248,0.10588717710635852,0.09256225237839558
0.8604574810676353,0.26413041072317817,0.2161796454954669,0.1709916882710907,0.12052023672907562,0.10026100682192317,0.10010388095198929,0.10007418684572311,0.09916660144252211,0.09857735905815604
0.8371553172926395,0.34111647675920165,0.31272447706196854,0.13736229501112684,0.09429677915205384,0.08873865446689287,0.08290437516816021,0.07308758107638144,0.06194527359514263,0.05120574120296502
0.8706123878126169,0.2587059707433116,0.14848271124144258,0.1421066332650828,0.13166304742879797,0.12592382785012526,0.1251285458472302,0.10366684108201371,0.07199767385772028,0.07049820069768693
0.5873583438165605,0.3404962766819701,0.3301513756649122,0.27690488085422055,0.2485435437173132,0.24759406088651403,0.17123075674842503,0.1226246072561236,0.11248903404760237,0.10787671104991121
0.6859433778906597,0.34090122162962483,0.3348181745783984,0.328921124062416,0.17579864678689427,0.15065353543466334,0.11989772223191018,0.11518487300767391,0.09967803873783784,0.09013757620440384
0.7221679664581633,0.33656230190244024,0.3040696800719667,0.2615903479582622,0.19330760631856633,0.19124945926480152,0.13189040734610213,0.1280912960802217,0.11649200045661129,0.08509576186441316
0.9717235569088541,0.15808557193074055,0.0943217097214996,0.06790525338263904,0.054334253934661784,0.053110794047630826,0.049790779589337704,0.03979756977933438,0.03215829803233194,0.03122439922189767
0.9787979224255952,0.09850763678197132,0.07111130535176838,0.06774518197348586,0.06656642204317256,0.06346039896308153,0.04250185388811209,0.039321955013431276,0.036954823309711594,0.028267838403156092
0.6375019134374281,0.42633839048786304,0.35682596325708643,0.32240858977304876,0.22662755942513998,0.10960204845817768,0.10921985716496975,0.10873469760782624,0.10570896729001705,0.10017074059906543
0.9807698433831458,0.10014351408280113,0.07336826299148587,0.0706265491916757,0.06699209215759648,0.04570122581206509,0.04231572389198472,0.029732050216531296,0.028397918141444118,0.02832426022487476
0.9886095170634235,0.11264411893010871,0.060760129754330386,0.0592941612824944,0.030208521802734065,0.020342066038749846,0.014937846727349513,0.014549272385012335,0.01313231297867338,0.01102402967670208
0.5254993987440947,0.4486394228879805,0.4084330986236447,0.2993837603441675,0.22039262615243554,0.19445546997406668,0.16730470108432882,0.15395673018844308,0.1318286799940974,0.11629828977012134
0.7108066709876838,0.4573650632059715,0.27389320834382463,0.23900884294677463,0.17464411499759214,0.1427073761086489,0.13443696700826036,0.11135032016816226,0.09542340491589132,0.08938587565977063
0.5963635508439438,0.39536598206881984,0.28767297963274924,0.23879981192473723,0.2374188731694426,0.21497918534989155,0.18710660427075243,0.18106291324195367,0.15599998237392382,0.12383633275234054
0.7843005564192465,0.28540706134230687,0.23488542923826303,0.20762047586764382,0.20248831569132641,0.1812199716860621,0.12704624048277566,0.10929539536436839,0.10802125973976628,0.10321511003553202
0.4497488019347301,0.38235074922511164,0.3766041350831189,0.3153494425311828,0.27451378116853914,0.2422612434399378,0.2335207555924463,0.14990864907703152,0.1405075776084589,0.13334924026077807
0.9867000940400162,0.15459127835196396,0.03230176032296685,0.017156433572912886,0.014265771042568544,0.014201536654018205,0.010084096840217648,0.009407410742723148,0.008808365408533211,0.007382213277138537
0.8270529359702579,0.31679876051738537,0.19787894987799629,0.18103714195329604,0.1562043869804767,0.12882387511247687,0.12015037528020131,0.11907975874016673,0.11709185659612975,0.08365937176839659
0.8401035193234202,0.3646162425812671,0.26317994487057056,0.14074439924831292,0.12190839912411007,0.08930962211834388,0.08871593011670326,0.0752654217022266,0.0619495557716724,0.05513063658216109
0.5019181922554417,0.43172394827249,0.33602132333086426,0.2970593664053451,0.25261004099390943,0.24608004371276107,0.18516147813481937,0.17168547551359317,0.1334402578958924,0.1225396298399957
0.6123489246298691,0.47350677108030986,0.423452000984113,0.22328789997213472,0.18469100371808855,0.17395786087091855,0.11221968167476062,0.09680442853942607,0.09201407309547958,0.09167464448610282
0.4972523813872982,0.45028936139317716,0.38604255988639935,0.2824899052036022,0.27171819348003123,0.2264097885689496,0.20095127300912163,0.12863178708862072,0.127790986541433,0.12389045371841985
0.9011320281429884,0.21782489139474534,0.16445383778571565,0.16439665538800988,0.15630781085674358,0.09242928346684386,0.08880012826200138,0.07935978671240852,0.07353890237587253,0.07236864668834826
0.7044722329127356,0.5272000602292888,0.28770830780286455,0.23111999898624971,0.11348172836561882,0.10668494422861917,0.10523431266198865,0.08727584136785489,0.06574103174533265,0.05960329816034537
0.6649285659816226,0.5044189855861319,0.27239741584722316,0.2366258642064203,0.2255768027797379,0.14653659932230859,0.12882150050583505,0.08717358357911917,0.07476529362447529,0.07240862456207349
0.9063639124653251,0.2700160147603968,0.16918988256154302,0.13155990751881455,0.11011443451941874,0.08522547173035622,0.06429555303052133,0.06420141229694695,0.06321465999970455,0.04845789151224075
0.6427693765194696,0.5231559964589334,0.44089027635415196,0.23324596668477368,0.08376022029097145,0.07950423278508265,0.07772093731645813,0.06258995108450971,0.059320110401309446,0.055158974948842754
0.9244013218181781,0.18676940931014366,0.15679404343051076,0.140038762056038,0.13187100898360954,0.11427881385114429,0.11350657847254883,0.07280796069319163,0.056191439900860965,0.03800882877533272
0.9365227857418305,0.15982358095833893,0.14179426229166012,0.13338228122783105,0.11947198979037459,0.09981190248891976,0.07364678359392297,0.06720324060091495,0.06435026677345318,0.05058434787292147
0.6800764903865808,0.6441489987308445,0.2040716678108379,0.1297749302995326,0.09261367650091053,0.09217112916406725,0.09132277026146703,0.0809706933689669,0.07892962107301137,0.0629215063939327
0.5505877667454065,0.5151061361617417,0.4633905031343446,0.2675890377891376,0.1634389973020107,0.12825040794569398,0.12399690144426487,0.11425551528823187,0.1085031927388043,0.08172972587217547
0.9722141865119158,0.11933372105406044,0.11415385545664793,0.06999591070582929,0.057144730287716335,0.04817424806371567,0.04340291590926259,0.036114765567795706,0.03342947551965249,0.0327620569907242
0.6963483571076913,0.6461433764159382,0.16470141957636425,0.11366964149186265,0.0891717060539449,0.0877144017045239,0.0810299829205788,0.07143522215765762,0.06435372773682027,0.06403479671434109
0.8558219700843932,0.33896028446355686,0.22715951220308678,0.15163473790051435,0.13240366795129963,0.1114024513650557,0.0783158565211688,0.07810378570669804,0.0659089162462764,0.06403193182366772
0.7638677821623907,0.4427337661994856,0.2161946507120137,0.1484368424044875,0.14650707131725735,0.12703721197882534,0.10608865773825787,0.10498829419682493,0.10429811867209697,0.09360694887473528
0.9882903205244816,0.07562824322986703,0.0668327327121281,0.06061204313532772,0.039744039423823416,0.035779074168368175,0.03419544800629212,0.033765951201778964,0.025578315214124864,0.022864953290979796
0.8435224531959131,0.2426675211153239,0.22591909008547606,0.17604086071470315,0.15594048840353003,0.15316317560761647,0.1391362531725088,0.1276587609987532,0.09341403514832311,0.07951396181845653
0.6372037079796086,0.46748101754349525,0.30280219328050934,0.28157370946379806,0.27893757488240073,0.1577631787731356,0.10463848258994352,0.10330786512445589,0.10112529376452954,0.09032692592851653
0.9936448350852296,0.07714143606798747,0.06459620526532017,0.024189629596809196,0.023034786003955404,0.019987287486989285,0.013394229558905738,0.01153430678016212,0.009834449540726027,0.008924923865487641
0.7864026485806427,0.3348120883251561,0.2572475070259124,0.21646848993122902,0.17822335154064908,0.123663102049025,0.11617473941564875,0.11485400798842281,0.1135131085642967,0.07174843903920067
0.5554240557328539,0.5429756799090575,0.4217367612721977,0.24987817954134373,0.1963560614065848,0.12672478542312182,0.11996866548165262,0.11679799625019571,0.11318335712263321,0.1070260416603568
0.6863917040778964,0.41631748507848276,0.3653304998362853,0.2765735211379451,0.18394462571233963,0.18167287826901962,0.09485341370588567,0.0911219450637731,0.07807754225536165,0.07416822804283568
0.6276979730730461,0.5165452038170925,0.3098418145084342,0.2025226883650833,0.1773657841146445,0.15084395770836537,0.14427218353490162,0.12725417106435974,0.1034256933268862,0.10263650407851377
0.996712921267125,0.033801638396322616,0.03164200775264405,0.031181256707233488,0.026553506855346253,0.023145545788330026,0.022883809915299477,0.016682200239868224,0.015131201958557855,0.014573752754239255
0.49782058087246756,0.4067567679285652,0.393079673698702,0.28220913945823634,0.2757388814168112,0.24827116619772543,0.2215027122170696,0.1508091246155204,0.14744465247201763,0.11725708294228852
0.5321664429631621,0.48451732083926,0.28676084111255984,0.266043410719997,0.2553399220062973,0.24374305832721976,0.17343904028996265,0.17061138267615927,0.16073689515316508,0.13139120888893352
0.4376910614086137,0.42081189082633963,0.40871442999341157,0.2608296217148743,0.2535638960711357,0.2188443021321344,0.2165877263385961,0.2140913631029486,0.18871394417098056,0.1817994368792693
0.8458663214815633,0.33394747601515934,0.1404114944994347,0.13921686633271146,0.1321551356592298,0.10449241936016486,0.10163219614370866,0.10066648798613546,0.09345938123119349,0.09172485200133865
0.9915657139843166,0.07350490926694885,0.06824520458963618,0.04745223018221585,0.030172869775021864,0.02901439186197274,0.023199685706774487,0.019491523370767785,0.01636699200147862,0.013848261673098836
0.6983549108623246,0.45577884074732283,0.36903460110148845,0.17351522267969172,0.15686958498349102,0.14512604503117102,0.11500626441184424,0.08207010776012182,0.07607000627403517,0.07600437752825621
0.7316990167870111,0.5027436539886532,0.3704395975266931,0.12849112633176926,0.11482200400612635,0.07167194896814044,0.062296998589740284,0.06021465462383661,0.055016926572807205,0.05404757230532123
0.871135373406635,0.3504372822229046,0.22583355900873728,0.08355656852880838,0.07608258256065721,0.07606441195188489,0.06874255869498941,0.06235220637004674,0.05935828208719144,0.057941925288078455
0.7100308067348077,0.38681355183776317,0.27593797465113495,0.24708173179402715,0.21303531616435809,0.1782484401181681,0.1506407342678941,0.12314349918032741,0.12153341363407197,0.1043124990044806
0.7194490044267484,0.3237587384056679,0.32215602269349286,0.22457759834411256,0.1971042056569131,0.1831694670654692,0.1558597947588117,0.1362868277117263,0.09725248881487597,0.08462311025458126
0.505399144785738,0.34569815230213224,0.2978642109786045,0.22010722285169543,0.21252841950760523,0.21221290646057062,0.21211169474650735,0.20827194136273763,0.20295798491890746,0.17440912256991667
0.7503830814182486,0.3354194346535651,0.20101800056539992,0.1823603862923326,0.17615727679287857,0.16765244930769105,0.1618800247376191,0.13114798152775667,0.11488951668333292,0.11347630195473177
0.6019647460821881,0.38599819251356315,0.3744868847474853,0.23059380978205976,0.20985582273064024,0.2091610743439676,0.20440491519960746,0.16804578658508043,0.167432840656948,0.15421838610333535
0.5919011224547567,0.5699300193074618,0.24602042370849322,0.17922455827418748,0.17906357592848737,0.17498290800351243,0.17344622878512397,0.14668934827434546,0.1296598648724494,0.12736572033357907
0.5195989681572033,0.4876711694551209,0.367087105453008,0.232809721446103,0.21976119584882517,0.21709196674284065,0.17889183347692322,0.17171747489074116,0.14569065608677234,0.1247260602776284
0.9943862806455811,0.07751203172319034,0.04952518116439376,0.03783072063322388,0.015384678238875479,0.013351549644229672,0.013294894013590679,0.00956526210543429,0.00955609130355254,0.007424500103608515
0.9464350002501685,0.22329062457949317,0.09459225327485131,0.09435170680266049,0.09328087643322303,0.0810764909204263,0.06313549731250874,0.04703315028052359,0.04115341969230909,0.03602358617324485
0.9252281008923999,0.2551852069180191,0.12422875465679688,0.11700076479344411,0.084136263044818,0.07804351626907659,0.07515726889138576,0.058710491345478816,0.05564540068214913,0.049623202206943225
0.8443754104033306,0.41413858893128264,0.17011520039432132,0.13634400967720253,0.1125606943346455,0.10791789993574696,0.09154154535284667,0.052096135661644616,0.05145484220264071,0.0497411461895412
0.8268600240897921,0.43452481154773154,0.2027486710771989,0.13982281375092376,0.09909069483823545,0.0976222694766027,0.09724009526318753,0.07799941760523339,0.060313353549628745,0.05717828979565948
0.9236337445978434,0.2927838675655902,0.10015810358444692,0.09314344765333084,0.08844788631111242,0.08605216860930218,0.06499989535997623,0.06219076352988032,0.04833668128492549,0.04611452138300562
0.9792595054527241,0.12547153055977803,0.09300452486343982,0.07061168025630186,0.061977479151784774,0.04028710827357281,0.037925746656652916,0.03652603932956506,0.027125434820889444,0.02186859379589331
0.7682517273125561,0.43833885912119536,0.2931816195056307,0.20969802680759825,0.1510666164124511,0.10620446717482905,0.09601495186571267,0.08020690310334054,0.07980103062305596,0.06280530670966454
0.5720972188064005,0.5594904582567365,0.4749287055044017,0.1594582158271114,0.1432777705920532,0.11664747189701315,0.08713192459616256,0.08679440645988558,0.08407546553823762,0.07779231522370272
0.6343051306256104,0.5163200391099071,0.23541508688761192,0.2226945819903105,0.22086751644289826,0.22031242044562274,0.17770931658343295,0.11962005621451213,0.09182802788825462,0.08468502893216939
0.9688871669088653,0.14605343061918247,0.12204295167505873,0.05720037612732518,0.05097428445227811,0.050911657579234756,0.05052718927881079,0.04400626844174868,0.03706553602236608,0.03279095352905719
0.6563671553397457,0.4641601694757169,0.29500454671304316,0.26441558368973045,0.21149595990465894,0.18144585323595064,0.14045926250303,0.1387632644117106,0.13584686398875329,0.11262153448575994
0.624966622145213,0.345545297095765,0.3356649286126666,0.2695019267112559,0.2434731066579146,0.24326981870350523,0.19436824716794257,0.1740725282000939,0.17046624697259513,0.1270094651803069
0.4381152910839813,0.396269235917087,0.33821256272645794,0.3326630064954879,0.3099372149825986,0.2995055456266424,0.22459427578040003,0.1857367154169248,0.1373925606707594,0.13392046077065234
0.4295205966069312,0.4148243995745858,0.3656274057676794,0.31510942027907773,0.29690822321587623,0.273670804073257,0.2285258651133031,0.20706311396233942,0.15084586269208242,0.14739327790043075
0.9459526462342521,0.1735842526893005,0.12918196716773245,0.11976123554208243,0.11413850987661188,0.07434084776836801,0.06665262354200761,0.05546906783296992,0.053301882283005295,0.04712969342551291
0.9147614424565214,0.3300013967767265,0.19553792433430867,0.051017816675776886,0.04869139375231053,0.043662267664531844,0.0362333611587031,0.033103537358103556,0.03212298127081858,0.02931922837206854
0.54296497552754,0.4496244623624504,0.32871110262314085,0.307776327353385,0.28561904732321325,0.2721580617767509,0.21318086504047262,0.1357918330130781,0.11118921824968087,0.09880375334602663
0.7321801933685642,0.4609406464299509,0.2743151649078394,0.19953324633032543,0.14105385587954503,0.12721176801539946,0.1222352460399441,0.1076006392824875,0.09630126534348527,0.09311333604938184
0.9064745130117483,0.30527296241616514,0.11604318332132617,0.10481297690301525,0.08994945048498677,0.08108487776551998,0.07962099037541379,0.07949017910298348,0.0697517106822049,0.058761182503352945
0.8027935801573712,0.24829337946446517,0.23578137049100648,0.20300274713739597,0.16504127126368728,0.15754789257322127,0.15176886373158113,0.12598885224162729,0.12410896479700297,0.1043298522599589
0.6363732443726076,0.6223298318051442,0.23559329610068885,0.16279334225339784,0.15300313471635735,0.12946286169217205,0.12452585594090937,0.11612885767261347,0.09293094537030905,0.07255517623019132
0.6792637876352093,0.586977185595389,0.2226083222266946,0.1928625516430489,0.1631237893834327,0.11506766844430913,0.10728727159123336,0.09824524160795704,0.08650749821886851,0.06413856289646605
0.9565560626087358,0.1397901507197497,0.11526389788001166,0.08948411724456999,0.08261718671187547,0.0799944358073329,0.060714219493099665,0.05937812877506257,0.055561546670087544,0.055511029543355093
0.8291805910320219,0.3796233587213926,0.24978922008212923,0.13297892782669374,0.10975200445887079,0.09101910508793808,0.08640880695259613,0.08377559991545917,0.07525011717754086,0.07174349266281105
0.8774098120401789,0.3786527261678364,0.23315658636751313,0.11764444414330488,0.07511906881778194,0.042255497494401884,0.0415934648954718,0.03776610142365396,0.03336398553946181,0.031230257834770094
0.5487106740467603,0.4381088573677904,0.39894406744548555,0.21965643165947843,0.2019515730007096,0.19254452097875843,0.19195699338349256,0.12932808538001803,0.12798867822805132,0.12255809244618615
0.7710483851438964,0.5242711295776432,0.1737536629674398,0.16739714906718964,0.12364274813336501,0.09627952787623419,0.09087686870188773,0.07098018968997809,0.06402052967261905,0.05950633128359091
0.6721650141144944,0.32576587436943444,0.3035766008045357,0.27223171641596594,0.24358774273932804,0.19578031454863945,0.1636788671936386,0.1412992284304596,0.12751231443337274,0.10588084913265128
0.8239620572192784,0.2827033950325463,0.19789749103411103,0.1759660493704032,0.17128118301351578,0.13975356196899702,0.13240235787923646,0.12979120251611578,0.0991646449484815,0.09902990894567124
0.696151081952606,0.4381903777754703,0.3801628636221481,0.26897412181693736,0.14993735334708871,0.11012736667152877,0.09879775798885562,0.09051365896103306,0.08045271824608873,0.08033487572650427
0.9696179617061423,0.14915256228978968,0.09906957690611583,0.08185780178650835,0.07435177108205424,0.060428986907019644,0.04272552305229164,0.03880687666460863,0.03484708405504656,0.031334003110169734
0.983144687313906,0.1391249938754519,0.0642649692535663,0.04490828280083673,0.04339154407718965,0.035592525521693376,0.03128770034955355,0.027626627219020622,0.022573874240083405,0.018902773451306303
0.9738385826558869,0.13701233112011546,0.11217245775163437,0.08574819350057998,0.06467608427811548,0.034847279984964355,0.03067988688557804,0.027877298813994686,0.022785647802303625,0.02276793257930227
0.9009595202193386,0.310784519325405,0.154057732472851,0.11664827433864439,0.09917575849139422,0.07702027433025929,0.06317556169283177,0.06113271653767362,0.05016944688613689,0.04429896843604781
0.8205758843564003,0.2687953794284524,0.2681404598545797,0.2450064683702015,0.15120616419653993,0.1378201126529419,0.11245802688288702,0.11034392648030457,0.10659389520735739,0.07103884407293168
0.8943145386923813,0.30484058986458623,0.12458039347914523,0.10074748246615978,0.09750141698841143,0.09595676683675988,0.09028757575863329,0.08553506211533285,0.08272017023401033,0.06718659506318955
0.6413741076488243,0.3652252399754805,0.35246722426525956,0.29639513114708976,0.2766402520498945,0.22064039150842582,0.14191046657436546,0.13308640696848817,0.1159767355315416,0.10471506760728297
0.705672225466319,0.4187733632094487,0.24121862649352688,0.2233279009012315,0.202220426909305,0.20132754954900642,0.13853351080321594,0.0939631653018276,0.09184672922480165,0.08069546243794667
0.682954465837628,0.33210689836170576,0.3168806714193881,0.3141883843869215,0.22874621498230413,0.15026922215753838,0.14697700029657731,0.14167498826509756,0.13974958745721733,0.12167452989159394
0.983299680232444,0.08685533876046142,0.08663279104594625,0.07123396884107325,0.05784953534018792,0.05554360445186632,0.05298155021475053,0.02823825042013115,0.026868048202967787,0.022517684764692753
0.8958785508377307,0.20934078955239932,0.20367932507780775,0.17457598876609678,0.12269623020236171,0.09302237399464365,0.09101281003901636,0.08630777384982369,0.08515984830800614,0.05986279281671285
0.5785689427213199,0.3696514064425359,0.3633770751842178,0.3368421393494918,0.3007210165257921,0.23053837031763033,0.16266742654019592,0.13056223099093328,0.10036721945993418,0.09347607618269045
0.9715997219696012,0.22823857686543503,0.03942600790648733,0.023000983902537294,0.013768789084953116,0.013287120004975598,0.012716869772670262,0.011541401074132577,0.011346597542535477,0.01088594066873207
0.8940228881713134,0.25013365615899563,0.1302127131169982,0.12621381048717126,0.12150403240659191,0.10678252828236894,0.10295875657786832,0.09016839820239851,0.08290806444918336,0.08053757662728782
0.9934661110255997,0.06175095751403907,0.041776864984902295,0.04108884438563346,0.040052582934839785,0.03642141657022535,0.033399002842202784,0.028252735841406584,0.0173982084641197,0.011028591248034339
0.8047243920805588,0.2562364216942567,0.22350584922474767,0.1803510887481848,0.1776624933458467,0.14619939385267527,0.14534969833977127,0.11764357086584443,0.11424766285991486,0.10776550600719072
0.616151345084657,0.5627532251430835,0.28887744878010047,0.2623604347876834,0.24813102390948238,0.13052579676718623,0.12821685404947883,0.07924044588499116,0.07622329177759718,0.07149800188546734
0.7064993019935416,0.3398273930113384,0.28434893772952025,0.24131775547223794,0.20341264582203758,0.19223657061102023,0.18412939826437053,0.1430499761426539,0.1374247444340762,0.12400110498647673
0.6141575810182288,0.501424253091346,0.33118988108877645,0.22981536448633236,0.21240484698495424,0.17413308394437438,0.14789746385732516,0.12950314533211077,0.11937800327073989,0.09796190445348507
0.6179951047202396,0.5699117748071557,0.3829585443382667,0.24786260269993438,0.12086274061830768,0.09599815909035082,0.07956811431765161,0.0688155164345508,0.06745923107013846,0.05791998468425689
0.9843496659867768,0.08516479418176096,0.06933679057029966,0.06828031900640195,0.059392934643345385,0.04447944009070613,0.033858086617817286,0.027935003527103517,0.027734743209425584,0.02298895840185376
0.7073042244647318,0.3558465071699272,0.3040489921944255,0.21478475141954922,0.20897706266698043,0.17356312554392161,0.14789960632579177,0.14505543035914775,0.14165259241578582,0.1052505389173465
0.7319511233812916,0.44808628227406727,0.2293911229663443,0.18821428844687718,0.17401251882257374,0.15727253233123714,0.14868317379826965,0.12324182416164584,0.11670606102812235,0.09945404767033887
0.9595840553161824,0.2050605060234672,0.12063194546224079,0.09811790411192779,0.04847712753440134,0.03631205964403962,0.029781037006418265,0.029217838371050978,0.027409954640437877,0.022035924595283238
0.9531446310219251,0.2267705927473747,0.08089895209754473,0.07795630098085889,0.05428925608154676,0.05361184642356007,0.04999264074812608,0.049803895561900915,0.045814965468581256,0.04308382093739555
0.9914785982673171,0.07734535839996307,0.06288925373149455,0.04624230033387366,0.045198675595324575,0.03368858954484371,0.028287397389082883,0.017637876569797113,0.011166461876882762,0.010612117294330467
0.9360419545299612,0.13733011052711006,0.1349516188681666,0.10967670993621295,0.1015085899493184,0.09264344279472184,0.09114059365919058,0.08509986729719983,0.08490167437805221,0.07180253614691635
0.723769917211552,0.541663931890028,0.25615616979176137,0.19499294127543165,0.11202283358713669,0.08016994845567682,0.07771664278465312,0.07170370575552072,0.06359946029392484,0.06178250174648462
0.6579011808258529,0.5075271480589942,0.48545971086492473,0.11697184134475283,0.09545244459181974,0.08229845813246611,0.08184494071102627,0.0756998450486971,0.056211604697470254,0.05443203837148211
0.6499489743549253,0.520926503793773,0.505467728840614,0.12151494530453896,0.06907072959989569,0.05777043769319519,0.04430342707963297,0.04096680161201106,0.03912271717847402,0.03732031705676968
0.8099283023614937,0.2868428619152608,0.23755746516173296,0.2197113976536831,0.21857742397937008,0.12276636465130379,0.11273297007036258,0.07581228224934546,0.07350091442916237,0.07125242038251142
0.6375304592793494,0.41756124746673245,0.25710179336829175,0.2038167235003374,0.19539653079828137,0.17779691396896946,0.17233848304746816,0.1682418562077798,0.15189695403897155,0.1490769465042945
0.9956585760518667,0.05425381932362344,0.04444355373539452,0.042309989569441625,0.029041069663973157,0.014016679518802049,0.013429691209160169,0.012671214388717001,0.009700569851177725,0.007557696079756694
0.934230231506189,0.1645651076162648,0.14217043445925526,0.13056667046349812,0.1214074600525538,0.11609003067153183,0.06964718066941987,0.0658681424110179,0.052825701794915754,0.05230561333630118
0.5859557155340472,0.5053627075875404,0.33756532043788756,0.25194088699036776,0.2478295168072797,0.16141843163663236,0.1358439803772957,0.12625232631464472,0.1248316770998079,0.1242211188197828
0.565741635735388,0.33096531100323184,0.330735857847841,0.3021504144718175,0.2885800053844897,0.24733453441735367,0.20091309567409443,0.15261115551151244,0.139040115456112,0.1313578164308899
0.7954885236716616,0.34422279872136186,0.2926576403000804,0.23425465407377374,0.10416586209277617,0.09164020086074565,0.0885188224355206,0.0828893996871761,0.07503108409874952,0.07475331374613578
0.9904827032306216,0.09684446298359796,0.056005626339218434,0.04088436761149333,0.038175533678489165,0.035361120249528706,0.026179928659021707,0.01679810607044218,0.011856858825374305,0.011743386052026187
0.9920661264152386,0.0967281693322283,0.06052647006692573,0.031576205196882444,0.02213335271795737,0.0155958679252209,0.012790734207737898,0.01102043807418762,0.010487825404072473,0.008414050672620795
0.904220869416421,0.20322867459598837,0.18676434662098254,0.17768969608373786,0.12053188890939137,0.1112015221185821,0.0754970997944014,0.07321862214163542,0.06244506125147641,0.05595394097329531
0.7914813682496415,0.34023314925018383,0.23585240327487736,0.2181244453998603,0.1982841551101761,0.1701220536954,0.09700273207910004,0.08679036931019124,0.08099834454403114,0.07373803406043185
0.9384588518551414,0.1522067259560072,0.14131978095346112,0.09247206435001151,0.09032937104087588,0.08846377046242622,0.08675143272940611,0.0784691867937366,0.07217542454229837,0.059856042284664825
0.9680029307461429,0.16496859248538256,0.08515872619109187,0.07724005857767913,0.06932937320771546,0.0526826061409329,0.04914907606940473,0.045886309199276755,0.04441439763917666,0.035206502116616474
0.581671637627653,0.5794161252270811,0.21717044208580874,0.20137550177837382,0.19058209070715082,0.18765194598489118,0.18386526150575583,0.1742964119965976,0.13592799325272967,0.12280133007901567
0.848410326092412,0.3226589939557932,0.20541252532983634,0.12289206611103466,0.10519809247258177,0.10427592781364543,0.10400397498564802,0.09743534119428329,0.08709731818759812,0.079302792150043
0.8814549928365798,0.3022962203284175,0.15752951816819807,0.1363423812824113,0.0936838875136875,0.0910077274615874,0.08383198880728152,0.08310334444186195,0.07896521135416305,0.07644810383511819
0.7871813876720661,0.31510800127873895,0.25790884714969253,0.21486713102183935,0.20416675615194838,0.19462333426943132,0.16329336328869137,0.11477629213679916,0.07670399654282792,0.06126748050017635
0.9495377201937644,0.15475501418706603,0.13277277331204096,0.12435320974580706,0.12073141165408824,0.106943407003361,0.048501525844403814,0.0337287235594375,0.030062617950967943,0.02873201596836104
0.955047728116951,0.15738530775782295,0.12350511147702396,0.12238882543666921,0.08995983641056006,0.08477032639694133,0.0414413144339875,0.04136594184522312,0.03914536761507163,0.03709667515597614
0.9700966640257939,0.12552527893531476,0.09008874313641618,0.08971949227240249,0.08445583124176001,0.04796091457885614,0.0407791031396823,0.03818299668706998,0.03798393935973912,0.03785584965327713
0.7921093791629612,0.2783443021728672,0.26839355317233987,0.19759479877343475,0.17275205970030427,0.16962351077169918,0.12963638540343447,0.0985786320423853,0.09518937773557637,0.07954190462280815
0.6034001043575103,0.5227301197603516,0.32519084431871853,0.17464061533679517,0.17258658161852003,0.17076430684684318,0.16564442441446633,0.13622835654613058,0.1274025782678714,0.09562949160968333
0.66726229566578,0.6276795610765844,0.17685362621238543,0.16243500608235664,0.15244057252305235,0.11181587537304008,0.08060404639969143,0.07166891579344298,0.061803445128816685,0.05635879803341082
0.871249012889031,0.25141770057559176,0.169528471549703,0.1560553988606372,0.15189765203661024,0.11293155374066817,0.10042781973184169,0.0948984578799067,0.0892125957896659,0.07897297895639525
0.5437360738475697,0.4950431341233523,0.4314112969227232,0.22851266420150954,0.19749164303437583,0.16409812750070468,0.14607419653759107,0.13485764009489867,0.1264344571576535,0.11716569276647013
0.9832515840640624,0.15637277315541748,0.05740504964383525,0.040336096819452494,0.02794542914176398,0.02540985629577703,0.020490279566201433,0.018770882145086026,0.018335847688872708,0.014605606234353039
0.7985139946394304,0.5757998544306069,0.07653759285094278,0.06642942851416575,0.06052251094335634,0.058483805239965554,0.055429674337190836,0.04239220389693324,0.037878314378169006,0.037682211323575326
0.5468910614566975,0.41821488930895556,0.37273168416047625,0.2922691164819938,0.2472561932989363,0.2310068079073366,0.22252316587346355,0.21625479678355153,0.14623628620828016,0.11358769773416502
0.9587468845723991,0.26332314466884643,0.07190401310376973,0.04268043289827149,0.03212133813258445,0.024870968464128486,0.024284483898650785,0.0213802907326013,0.017557860627057977,0.015574218422306395
0.9853090670139745,0.13887236541534775,0.0525250927570028,0.04203157849378843,0.025159482323112024,0.01965509025620014,0.01888943455354283,0.018306209173485244,0.016139598184686847,0.0158771658386273
0.4435810600833746,0.4384840688070214,0.4355309058378875,0.35030687885231576,0.2709546046172562,0.24003229519861832,0.20598131717607873,0.1598498910022723,0.12281267481302861,0.1041712735922984
0.668916539837265,0.6387695571974673,0.1796258818003303,0.15914595479489904,0.12951338988397534,0.09599640103005092,0.09020492838422658,0.056962665796016325,0.05624391022422601,0.05417243197142252
0.48605839760818237,0.40127230016802323,0.3099662088807513,0.3037634797085068,0.3027505097016125,0.25266816661633507,0.21403859203415,0.1988632660358008,0.18498807886753807,0.14640989870938623
0.7749520680666497,0.5932137182996752,0.13138417653277812,0.101044715476477,0.07381192927044138,0.05474437491731964,0.05127600908835176,0.030621348770000577,0.028317502722786887,0.02815635464546464
0.9432837444651471,0.236186830532439,0.0939606361345808,0.06575371591784962,0.06214202641582143,0.0573988646608645,0.049785992474688116,0.0492170591066132,0.04854354426341173,0.04842167061967238
0.9935653027840659,0.05746261547595627,0.051853033287643395,0.04813720733553368,0.03941201183428871,0.02254036043653945,0.02151637482700564,0.020937063339028953,0.02031042916192466,0.016149899583576387
0.8603720212414453,0.2779052851055846,0.21629378353320855,0.16097328808471625,0.14575267397830036,0.1101622423973177,0.09801487243893792,0.09739159694664008,0.09322438861709263,0.0754332371283807
0.9367042487999091,0.12349930630926798,0.11259746961925438,0.10199016693004039,0.09046406247187344,0.0834053025064519,0.07671325350984831,0.07429284363457692,0.06293233703930129,0.062269464477246884
0.9073040240124399,0.2715189389638143,0.16596922555137045,0.15921604188282862,0.0845978673828522,0.0790188838247987,0.06458668503346944,0.05743211903146043,0.050524870117525225,0.047507323158865654
0.5272096161346765,0.4095009163536201,0.3881709388784761,0.3206627363617193,0.22650085778226745,0.19502710646576515,0.19450175306137976,0.1919810039431187,0.15229477846825437,0.12073581857155244
0.8608847873775269,0.3719729936139007,0.14008235718797069,0.10415972994210772,0.10073437831176371,0.0945386782211659,0.08495370055820797,0.07585612810008821,0.07191957104871383,0.06689632243887002
0.5605898562886001,0.332771354799115,0.31680778409432864,0.3057977757566881,0.30326793942029884,0.2734087172148519,0.21667560586542214,0.19647124204530605,0.1728554791706315,0.1539334867714894
0.6572647238813347,0.3916999836222652,0.2947039077270251,0.24681864792957955,0.22783883565762003,0.1966273915040516,0.17509647032306075,0.14300166678699436,0.1352428955999492,0.12533296942556235
0.9468630362745014,0.26816126808227325,0.09712568385645143,0.08504780211253246,0.06955590634996163,0.05637731210590949,0.03955262573540801,0.03154881967688019,0.03106135116533451,0.02653642306831388
0.6109107621091486,0.5602485715369226,0.4361094507261167,0.16571848693814423,0.16473223060993478,0.11474871254884733,0.09797428622132175,0.07683522880113486,0.07654003012739438,0.05112594578617543
0.5369160223050248,0.4980003152248146,0.38692490233918847,0.26795361892700525,0.2058775279882799,0.19900030990815115,0.19527395009823645,0.14924431452786682,0.13890945668431515,0.12492588204425192
0.5319997900133897,0.41228591163141154,0.37168148386511374,0.29390066572022233,0.1890577994996057,0.18135502146640992,0.14258671506564016,0.14189114277764453,0.13399412595423757,0.12765777040683077
0.9736173444879994,0.09924462893783233,0.08833534967737655,0.08251694309309371,0.06658145224877594,0.06419265762044304,0.06289608579305599,0.06229455106268435,0.05451145836423924,0.052644684540596134
0.9963985901168962,0.06005930678304891,0.04824838715649599,0.021854553781803617,0.01600483325731528,0.010163896393338763,0.008921354512449974,0.008062454489951722,0.006828093263618822,0.006101321434958076
0.68668432419287,0.5538878081390637,0.22633115707787146,0.21621064656623948,0.1368819910512126,0.10580272325312018,0.09514208614903567,0.08908835572684978,0.08704101328880864,0.08495934019798691
0.5823456370483955,0.3753101998975621,0.3582913869176895,0.3377877177968802,0.24538571263991119,0.1736565076409116,0.13831520529779734,0.12685175890432665,0.10735158395441922,0.10600871548947317
0.7226340429451594,0.5898897270144919,0.16031248397267672,0.12095721324516129,0.11247469265208787,0.08998104929000969,0.08018633820949946,0.07698699849023487,0.07350743825996961,0.05588122097430624
0.9408048277747826,0.1501984473713883,0.1449317810222081,0.14153355762341557,0.12082507690141611,0.11578724695056405,0.054715996335790676,0.05170906276834326,0.04886355587019747,0.048121934577973195
0.9502823693623169,0.15032821091929532,0.146239234120299,0.1188309863794374,0.08881214013805289,0.05984635800770926,0.0547446674312897,0.054493874696444136,0.052047394377135625,0.048563208045247296
0.7454801988671584,0.3340158347543055,0.27387160433518876,0.2603626533954854,0.18615511962200645,0.18595524838476077,0.1583495588118704,0.09897421916639274,0.09745639621204759,0.08928174142386887
0.6054640352521027,0.37075356643736107,0.33597195828259907,0.3085819055157378,0.2040111267915953,0.16700926797949253,0.1384573725382725,0.12423390969358061,0.11525459965656756,0.1034694814421534
0.7442030013017709,0.3024754063345393,0.24511129445392055,0.24086562434861566,0.2007725497496544,0.17899218446862583,0.11568914132435199,0.1146939971715877,0.09873866460476666,0.09505611258620092
0.596714893851834,0.5354308634272383,0.41774373235590806,0.18463212805139986,0.17124824233085761,0.13853715007860637,0.12966481140161093,0.09697558411445582,0.09451364795549531,0.08662043090088258
0.5477091090989032,0.37740237196763804,0.34581222325700345,0.28609468561917567,0.22901810394122066,0.18217952466297468,0.18017940870742785,0.1617588238527622,0.15464805185573444,0.14766764741449034
0.5938528347472175,0.36565855116767376,0.2899190550222338,0.2555060354047852,0.24723758489214404,0.23902588568334127,0.16915051631728878,0.16311123440762834,0.15233190071930416,0.1295089723582055
0.46003985252579144,0.4249346021955847,0.31588202071107274,0.29893831673920546,0.2962177720269976,0.247132582463999,0.17474505793061407,0.1652074562552725,0.15950866161699145,0.1477857664373735
0.8984164436636665,0.26500781451230687,0.16617926549984416,0.12908653397887768,0.11577918508338499,0.1077476977840294,0.09578764210103065,0.08525780102206515,0.0848344736309838,0.06788065069864278
0.890430480102808,0.18255514456285588,0.18195764674954967,0.13154955291556766,0.12920847761570642,0.11602278658180352,0.10990387212336163,0.10875355146263173,0.09136627118298857,0.09081334577974838
0.9650307522518063,0.11771868883829985,0.10290578803244553,0.08506153775121982,0.08094242175495032,0.07714705006313981,0.07682968194712853,0.06531170349616032,0.05238953209118847,0.04013955242140195
0.565145344306106,0.46926774096421714,0.4088510370148925,0.23552537318729502,0.2206074836058453,0.19904640055027073,0.17426122859762344,0.1511218601052427,0.11441549840405615,0.11022445400745158
0.4490313894530435,0.432375268690878,0.4196790954402752,0.27683347191305746,0.23346927656324515,0.20036212979896917,0.1972577700724906,0.1922283219632735,0.18531568906711537,0.1782626291080478
0.6498881055961856,0.595699128098511,0.29810507166427813,0.2716676998907555,0.1201437456222466,0.08980080705186322,0.07145276352348755,0.06811034936549919,0.05433784915673841,0.05352464025729369
0.44473444732161366,0.4249637620038437,0.414822234210393,0.286318087839813,0.2429626660252669,0.21186610183998747,0.19442169906074983,0.18718831188672008,0.17928176493134954,0.11340847731748865
0.9748467669075973,0.18439474060548325,0.05358183653523356,0.03551339588187603,0.03513022557459411,0.03325980504410394,0.026383851812328503,0.02572886772399578,0.02513631084880873,0.02434587649051766
0.5340332281209249,0.36380300425446,0.32297390615274757,0.31261890027826983,0.3038893161498273,0.20317175014255423,0.20262078212093254,0.1976879527629608,0.19061496831736752,0.18298889156738224
0.9670931054503829,0.13742625384139082,0.08950679368854733,0.08760799269608344,0.08217665768203351,0.0685600211148742,0.05593049576580495,0.04042773302559565,0.038514380947167096,0.03742733557282653
0.5094544856974526,0.418549868654172,0.37911921458564113,0.29394914053279625,0.26690109128628736,0.2656911282723558,0.21266818422661354,0.179723806098266,0.1108604546729524,0.10082578743957203
0.6537097214432844,0.4175161777623062,0.35642571581265325,0.3461240439732641,0.18142575731483102,0.1302142178339139,0.1122024726471449,0.08685119234471153,0.0790561641447214,0.07563263609621786
0.729013249677079,0.2768291903229658,0.2367716337849062,0.19361596065597275,0.19106413878741765,0.1801992273671461,0.17706913445729291,0.16449055929898967,0.1582959628876467,0.15010121433964635
0.46982156052000706,0.4211570529056772,0.39440464841002737,0.3610096103412912,0.21936762450130642,0.20976167206795093,0.19135671852010605,0.14440249878878966,0.12467737360887818,0.11204609074130863
0.5655860508498904,0.3271313395751372,0.30780017123285797,0.2831650467000094,0.27031964407020626,0.19219717713185475,0.17526050369087637,0.16767012146472451,0.1614032920329672,0.15148811711530258
0.5380893503947585,0.3353614146113599,0.3115140225381308,0.29253201345587376,0.2831161902940813,0.2711291951865648,0.20418217355463947,0.1806592530676871,0.17253687430824455,0.16382442044340378
0.5979345060750115,0.48045535457185995,0.3342632075494957,0.21936153683896448,0.2145042796272472,0.19385448794531468,0.15245173074896742,0.14808115238303723,0.144254251810112,0.13261558150671063
0.8713255779156612,0.29586877042151505,0.22082534362864523,0.13156840059352756,0.098596438328281,0.08564259100991282,0.07664369102781314,0.07031664564729193,0.06039577394242551,0.05946112920020348
0.6945154917222082,0.6266545259043286,0.269337996610568,0.10098633907495724,0.061474330065965366,0.05012959139072687,0.046871163868301806,0.04292639922064736,0.04284837406690868,0.039601464835975875
0.7042958220046514,0.42931403952038427,0.20774084261445921,0.19360939799182159,0.19334183015842465,0.17781886270198358,0.16346107971911736,0.15518099885479353,0.1482813112144197,0.135245606338371
0.709557914997768,0.4256573926606479,0.2938665982652699,0.2028866711526753,0.16395172127086502,0.1525384477339237,0.14322619757313013,0.11046090893963631,0.09709730928815868,0.08638829365186161
0.7368970213648066,0.5103161133173525,0.22231366433488378,0.2049671758770826,0.1656133183697937,0.11365339909957041,0.10837069819906746,0.09374035700629561,0.0848053581359738,0.06362573075522059
0.9919302025846588,0.06831843260641056,0.05212765617409925,0.04861510462813585,0.04676248149652843,0.04232538685554706,0.01633766381328412,0.016115649611483176,0.014694996314563238,0.014541432730342495
0.9930098419449035,0.06343486236745817,0.058108761531368305,0.040222541904359393,0.03768026098124496,0.03754256790768102,0.01882384998860141,0.017782983749902188,0.01642650551213684,0.014401262767516817
0.9243799670889549,0.2516183920296929,0.17427114897726645,0.1112831739614769,0.09587395776745365,0.0665038867827022,0.05864926986454448,0.05465755641695499,0.05145233650113655,0.05057494879948314
0.9351352985436482,0.1651243434832949,0.14843988095914648,0.10612935307421942,0.09399339890201301,0.09247340546624719,0.08628086451840425,0.06458213673497716,0.06162560562359632,0.05996973487820559
0.9370809412906902,0.18022431459576932,0.15011398781817165,0.1069642224249081,0.0948522550255796,0.09133197612453343,0.0895460902433411,0.06731486747192192,0.06081459811161362,0.05321121437191694
0.5648424710544706,0.48336300137221727,0.4125798508304468,0.40655465309956246,0.11985865965237295,0.1154740060271177,0.10556984556836813,0.09852087681668142,0.07772975533318828,0.0765528410644067
0.7195958020738881,0.3978791865438503,0.29823478442039775,0.2915074021219067,0.1727797894461699,0.14093825123443027,0.13245437476590843,0.1305005957611329,0.11535486392425322,0.08771038999582367
0.7646238853666484,0.3873219614138134,0.35479905976807113,0.2611171349945801,0.07750930308079113,0.0724721063125495,0.0674685078791656,0.06560063976775768,0.06232681469594237,0.061628698568576445
0.8146865866961328,0.4252130967902314,0.19733809646902464,0.14805409021233082,0.11130168280523228,0.07954470744670424,0.07137320787472755,0.06812752216376099,0.0671862379111002,0.06597833231097029
0.7503477742785004,0.30012906753337715,0.2330141502867404,0.19957484009672866,0.1872494802782261,0.13874121114750865,0.1357083306393867,0.12192615073283053,0.12163248885651394,0.1184341346873397
0.6180611516622241,0.5735244721817638,0.26129008078929,0.21839747637069504,0.18090606188418396,0.12469048067184788,0.1101980369894507,0.10464187767499766,0.09017941209151058,0.08517050228362538
0.9554212280408952,0.2514187517993485,0.07280182791337703,0.05988430427394691,0.05442633051688746,0.04524163033366145,0.04051167813570658,0.029441588642180258,0.027418057838956195,0.025736661299120785
0.6584639989048956,0.3491492108999058,0.3043474179265433,0.26815377259661693,0.22390743310023187,0.1852282357774845,0.18150128108200497,0.1610214632141925,0.15550566235879149,0.15544949849798756
0.46964473779994886,0.44741350627190607,0.3359531014077559,0.30796165830981037,0.21248670851821921,0.2071579300693268,0.19572062205063295,0.16753714935786565,0.16052261610514695,0.150567514345071
0.9926501886493637,0.0882180350654185,0.049400869317329954,0.03338716599534296,0.025812105997340972,0.023513483032699026,0.018572258035149617,0.017994311519302912,0.012963157897763386,0.012752337450737752
0.3946053130191667,0.3831962238017608,0.3159957390746217,0.26317894669744113,0.25734779743930164,0.24941501898127924,0.24822519364338771,0.23442660342248955,0.23334576869357773,0.22444898778600636
0.7039471706800988,0.48785893071577957,0.18636056259578299,0.16932571464674956,0.15232071173212824,0.15178693000208196,0.14864073975184394,0.12572074251444443,0.11842337478242988,0.11421308544068484
0.7563856550585952,0.3453191894617403,0.3052269109393284,0.20918385260690933,0.19904876623035908,0.1410720844215998,0.13937700761945082,0.11052136414151502,0.10746469147056675,0.09880903091084922
0.7635723302655978,0.3801879600306437,0.2469725867650454,0.1870591167332839,0.1373365192689843,0.12204626122532314,0.11404630438477623,0.11339653535220798,0.10323043148466472,0.10304693900605197
0.7751764860801947,0.2995005127260233,0.26000297081416524,0.1820736100025452,0.17830952402405006,0.14592789112334234,0.14577531760646703,0.12547198451591235,0.12084377619099983,0.10612900261687958
0.6975699436028874,0.46876075706393877,0.30817547574097187,0.24336691676076977,0.19714856439229878,0.11711780761552594,0.11409189185140094,0.11315112794608999,0.08468974470364082,0.06459137174640261
0.6157635134004895,0.4587340856103912,0.2523213574900931,0.2512606326175776,0.24285408429504654,0.20574420008007477,0.17737288601481455,0.16255643794058375,0.14860422238784957,0.10293843623692756
0.5727046308670212,0.45430625557569737,0.3954907175547806,0.3017501510937376,0.2944857314173091,0.2275423470235318,0.10361045656685659,0.0959130168503257,0.09039443059735487,0.08109506295157606
0.6044487167887838,0.5315604826012974,0.5075100839207459,0.18026030309955227,0.09415994342024318,0.08163554564205759,0.08046137159938416,0.05461800048389233,0.052269502637128526,0.05187080856540325
0.5440195959737967,0.4612887877201046,0.4266072228851436,0.39348949169153224,0.2760670923769059,0.12197204324763375,0.08563647570765939,0.07984812227597908,0.06871178799758743,0.06756393116452905
0.9521633377271894,0.13933007673180983,0.09566420037242056,0.08953514161519051,0.07735300865308775,0.07734909529575361,0.06919754904134555,0.05931771438207577,0.05908537200811446,0.052018567324223185
0.5175062553290927,0.43472775579015166,0.3542559550884408,0.3490470795085249,0.34079448966341935,0.25180402094280296,0.22812265251674863,0.08577267552430985,0.073929727664208,0.07025607786277771
0.8790670720581084,0.2123399313613415,0.14601228412299264,0.1339882057603116,0.13310150034544402,0.12687614626721253,0.12526677363115168,0.11840309847126153,0.09101762654851235,0.07809295243254863
0.5339473122371144,0.35789729719906543,0.319245263184293,0.24869560813803407,0.24761588319776048,0.24197643133834554,0.20192500948534325,0.20004153604707614,0.193859353940076,0.18713071106575624
0.7568034156594354,0.4559837075622398,0.1492340536306869,0.14774908824861044,0.14464489016704735,0.14301213600586518,0.12244609370853808,0.12182534660859666,0.11947193978548311,0.10058294040590027
0.992646976646845,0.06790220403112716,0.053459302192507795,0.04417022471646592,0.043490305786854165,0.03316063748257841,0.025558260752358217,0.023368154798322667,0.01520430455621573,0.014087092767269027
0.5054411754440538,0.4496282338931891,0.44640753918064496,0.44147511732450456,0.23488223096858823,0.11331196010902517,0.10285476327901685,0.09796738468205046,0.09230160597906295,0.07830612808682681
0.5143804309895657,0.45726455335581084,0.4264660854500537,0.38698226032796557,0.22516734355677512,0.18150275178240002,0.16169909973203966,0.13566757914245056,0.09424643329519047,0.08867841799667657
0.8948143245268019,0.22818657495296685,0.17138802945767379,0.13538047024984584,0.13391505238468684,0.11940828197045147,0.08837959546079462,0.08507841139576672,0.08235465788069478,0.07563890053407146
0.9336652533725357,0.26717513432823936,0.09386712205520492,0.08759800982637914,0.0856994640849263,0.0839904685133587,0.05794800375658556,0.05004166819479277,0.04865613265916941,0.045543459679349696
0.7651708383293093,0.6062224878659666,0.1504170663239225,0.0700429088628047,0.051026852552682446,0.04612825089558012,0.04560925777056467,0.03245279386823619,0.032133822781490934,0.027749002030492197
0.7375195140345672,0.5221493536270979,0.21409448450493188,0.17197083900617763,0.17026756813049404,0.11031766413203711,0.10712277627994164,0.0890881616039248,0.07568139384081775,0.05903088842862284
0.8839624449228692,0.32300887782019083,0.155066454871442,0.13681642369771774,0.12116306300631585,0.11638134629612204,0.06773381352281985,0.05198084221057569,0.04867033205377632,0.04836443126144364
0.6735049167648999,0.6298848397776888,0.24750136854038288,0.14013590866401532,0.11109031350133844,0.07510718791938113,0.057201844466902685,0.05410811149412255,0.0540433634023279,0.05304754942549664
0.6750648630445676,0.6245747055218636,0.23912664927298347,0.1627846333087821,0.1121266834268136,0.0921977551374022,0.07363568283868753,0.06639702949408716,0.05706064505225206,0.055133829775302186
0.6462816101575237,0.5077557259708242,0.27516320897889446,0.2020311429135413,0.18165333208757245,0.1580809613980011,0.15293348188040684,0.14612280553623627,0.10953607859152288,0.10143978768093875
0.5738253357669615,0.5731014107886113,0.2262307417594971,0.22344328783210377,0.1930971274560593,0.1677812915471988,0.16533587438507108,0.14490054761900772,0.1383344594267236,0.0966664180577015
0.9039220785342825,0.25665017413029173,0.21877353376092779,0.13119453923819516,0.121480514626888,0.06221375536638105,0.060581242872439454,0.059761827751039866,0.0509946908264631,0.04910153099783358
0.7279681157502229,0.3916234208577761,0.25636210508384133,0.2366482963670386,0.17404027259528063,0.15327175376641164,0.15314689312592664,0.1514396966294344,0.07951043688340763,0.07730531567627945
0.6731208941785354,0.33662667453323686,0.28755497798439483,0.25994700502002027,0.2507501581904683,0.1679013852136589,0.16695329701485062,0.15217476326253737,0.1288176321379072,0.10720477213733169
0.5008629205844555,0.34362111745340196,0.31188052202299804,0.30754107795441943,0.2994143101554518,0.2620101886085768,0.22929534688930195,0.20450770104452334,0.15640099668530355,0.13068887508714522
0.6553421818006333,0.4597917115170612,0.30155657529062785,0.30086386969271495,0.24659585749502247,0.15464070680040584,0.11820552006178259,0.09175860508363336,0.07241419228980907,0.06952504355688546
0.5680648398942998,0.37547894314097613,0.3387916025812246,0.30125815216166835,0.2156623205299743,0.21519774225640412,0.16161199345041294,0.1531953689582742,0.150811281651212,0.1473860851177855
0.40559368443410676,0.3790861696520614,0.3616728529198284,0.34284279452996447,0.3246358657997204,0.2504025032050645,0.24580801575315703,0.1902863935033195,0.16446753613214726,0.14851982547478454
0.9150569219958967,0.1636187791900415,0.15531126310630872,0.1292254769161119,0.10008914080464669,0.09960709917557284,0.09607246472568966,0.0887369025484837,0.08364560541460343,0.07157859155341623
0.9071886138153848,0.2757083756133428,0.16170677698438463,0.15120557307191146,0.13000975766977488,0.07633935484659964,0.06327577045695787,0.05199135779260517,0.046610062374630404,0.0455395237597098
0.7245304588080648,0.36653003542614493,0.25280650078096945,0.237922560878718,0.19183732324431532,0.17760363414537608,0.15277695150004403,0.1446033993112754,0.11249669802848353,0.08999937466181683
0.9865237301127637,0.14015403139802554,0.04561156462625449,0.03967715840574947,0.03662303160252445,0.019444723601556583,0.015884975202390256,0.014916732660676743,0.0148838857530802,0.013132085551846482
0.6888242796155178,0.43879748350490166,0.32353985632851207,0.17424377540259758,0.1546795901486453,0.1440924211945329,0.13756457729023977,0.1304866386388481,0.1250691882716703,0.12238427495359315
0.7677189346626615,0.48141436359004575,0.2986124617694998,0.18702308616031946,0.11859307524542423,0.09062902421020928,0.0663159077961028,0.05916938674284147,0.05676927492592275,0.04775325342950489
0.6318987967628586,0.5838160301332573,0.36549271953144086,0.22670370003838816,0.14249905226951892,0.1117384801963833,0.07203068557677776,0.06890119333487356,0.058174751383606914,0.05526337634950262
0.6131497728984627,0.501007330343606,0.4460872623703674,0.22980763315939706,0.1546319531625731,0.13103330824692963,0.11988961788849942,0.10099722488728605,0.09510000300535221,0.08512050132367019
0.97257488656726,0.12485448370501065,0.0923144950844435,0.08747280310071957,0.07326674022995285,0.05739718031540465,0.05561422350368798,0.0551735532600797,0.03687159727781028,0.03407896064896352
0.6764441866946231,0.5561412297893469,0.34910037509707287,0.12415203717502586,0.10542516800199037,0.1044653321961126,0.07784046500547387,0.07220693337769334,0.06319052521231877,0.062389107068134254
0.6356889830800878,0.49327453840561575,0.38089070827428406,0.23630106575108623,0.19509334539088097,0.1443655731496509,0.11369864456801383,0.08116010578339437,0.07195098286211385,0.07168164578046815
0.6999986013473488,0.4446894616924986,0.354180948125436,0.22954773115965577,0.1774795292299278,0.13836188295421406,0.12369431050351776,0.09318776711850102,0.08579505176436539,0.07927452305972287
0.49487019447708214,0.43733333535881286,0.3767099245379186,0.338728409848942,0.25552830841036156,0.1944405528112537,0.16563322800507263,0.15670653238227153,0.15660442145876202,0.13316893819000036
0.652898293383005,0.4837615265962864,0.4216349693194065,0.2183679162934381,0.20060827422751898,0.12158601328642606,0.10973304518569325,0.1022783003979006,0.06447209962219445,0.05585692236894669
0.9792909936702608,0.12200247211277943,0.0870721230919263,0.08183754885686452,0.05241524805608779,0.04940218802797002,0.045087134120422985,0.024318014711817666,0.023563660917696697,0.020666848278821644
0.602868483429743,0.36686433295784127,0.35569628682658,0.31756931163301816,0.21772936728742825,0.18894938515887172,0.18356630073993227,0.14544203413005577,0.13512954015787257,0.10719076736416547
0.5530529849973893,0.43710193598889846,0.4245071194486924,0.2718218929307443,0.22340984335961475,0.21879582069503206,0.12270108458521832,0.12110872146333142,0.09715896191341333,0.09035013059165951
0.6397311700601197,0.438457642545395,0.22897424591903526,0.20220759171599004,0.1958611026730419,0.17038777243545586,0.16667664840447788,0.164868221513475,0.16012253435279677,0.1500493510812759
0.6739360724822763,0.6039859127948247,0.2876758965229122,0.12151163949771274,0.10420945501258357,0.09602958084231084,0.09238755971081809,0.0805726766701596,0.07130071970385535,0.05926876024363587
0.9833598387575683,0.13642645223495536,0.09055561819862998,0.03732790192306662,0.025490397126636883,0.023805823069639936,0.023124140237936897,0.022841678341533424,0.01704682473958295,0.015857318309381425
0.482978279050292,0.3868930026486135,0.34667737487392836,0.3189309380895856,0.3045090591074572,0.29289746318158727,0.22669161485838307,0.16198923003739302,0.14803615923199404,0.14163478995283715
0.9849537002364865,0.07735690765772904,0.06962298115468324,0.06632392333039681,0.04329796755877062,0.041589775300022364,0.03706455935320068,0.03040604226367136,0.028706716545171405,0.027968978954117586
0.5835710476892194,0.45013119880022623,0.41906849144121733,0.21112118908386748,0.19728264599161335,0.17621641932746238,0.16194770637779865,0.15696328225390654,0.11025381795580988,0.11009323448666374
0.9791459461148982,0.14118864559993866,0.1023233970756904,0.06005897315416187,0.049466437149165085,0.03854762196336315,0.03148158312977941,0.02766962812937121,0.014177554723325868,0.013142291717709989
0.659176129904435,0.5561466341666812,0.19425277255022858,0.1924360345085627,0.1821904258207701,0.16932883496215867,0.1458083959469172,0.1271687762689447,0.1257455068731338,0.11176657849262532
0.8455774630591729,0.2658268593530989,0.2084038240823037,0.1836026478972088,0.17606373795719052,0.15632717800354246,0.1258940082228622,0.12172233468962884,0.10518239511336241,0.09882206106530327
0.9601706815499891,0.138527829131149,0.10994487196690035,0.10381165127631362,0.08411602158437251,0.07333883691789198,0.0730134042573808,0.04582108518372641,0.04216704185648821,0.03321344415761126
0.501084675360273,0.38805954837222223,0.3810382578217121,0.3754144123854546,0.27260742197696947,0.26052221955429,0.22756976005008447,0.12063612391101404,0.11008599272629022,0.10950955191570576
0.5503079232825,0.5129478865795714,0.33060995195370346,0.27555400819824954,0.25605901432613964,0.21681684033541826,0.20481846294807704,0.19753687759926145,0.08384238782763434,0.07265738280583574
0.7815603540071047,0.2695401854413536,0.2502157209657683,0.2251432394317016,0.21989937338711676,0.1524799237952691,0.12076095635637404,0.11707500766211348,0.09784295487646985,0.07900926896487077
0.8771604471150872,0.3731061863380783,0.1762110211249284,0.10036605009330973,0.09484485921865546,0.09106230399374173,0.0847128676035161,0.06577417731190847,0.06487595773157191,0.05417283761720435
0.8815228775603479,0.3916796257381723,0.127003730329986,0.11673385803581932,0.10751072327996614,0.08600847688057289,0.059836115638422005,0.05537108737993158,0.04312041006412117,0.04304945566234208
0.9770642696018913,0.08881622066358948,0.08499867093223232,0.07735848223534454,0.06800024834203283,0.06053588323128239,0.060089628873793884,0.05462965822602498,0.03897306147596205,0.032197187203954175
0.8854718434015502,0.21719691511802025,0.17649175567835088,0.15070131210181947,0.14810959023835554,0.1264329573896156,0.09059239996398523,0.07970345050582675,0.0784210197212482,0.07172795180291279
0.6820684406890073,0.37971440122767125,0.2823729841364998,0.2665569900586821,0.23866710396669186,0.1527804870156975,0.13975945973311868,0.10710850641699879,0.107075831777782,0.10126963884628853
0.6654767209179759,0.4489252792371483,0.3427205707439965,0.24663620671980493,0.22073364186817124,0.15000340453887545,0.10922289160870663,0.08784119491645184,0.08748876689641129,0.07825032774667962
0.9457332483728831,0.14753419915385715,0.12173111154930157,0.09885285845722051,0.0973662601730558,0.09311849612739485,0.0873762804286876,0.06460581530016313,0.06345195317836622,0.0630613042180554
0.8168774129592001,0.4960092200942777,0.11428130383616136,0.11021701633360427,0.09495102744343915,0.09414521114731335,0.08358123372314573,0.07430450242739342,0.0714520236162609,0.07135413179471913
0.49122139479814503,0.4900569391216383,0.37260446324760915,0.256402252652871,0.23149653826425678,0.19119655441750158,0.1762844046422291,0.1538923773846713,0.14947135546130438,0.13808227562506703
0.9544897228892609,0.1833248201540995,0.1587990560757607,0.11636585570773014,0.06997352382575428,0.04678772859985687,0.03494793313816032,0.03256731588526591,0.030499238669652564,0.027097097207744406
0.5224951388232029,0.4672526806223607,0.43537298085920006,0.36368125351856256,0.28824760225989565,0.18997023319357578,0.10028201562340569,0.07907704271967553,0.06436957561221288,0.06225138834882348
0.9433296573289663,0.16273557522864934,0.14470611123033345,0.11327694016244182,0.10538521210211561,0.07984399741306251,0.07936902320100844,0.04434077064120696,0.04174253395846854,0.040158410271835886
0.548503513304746,0.5177946706037498,0.3958880592096264,0.3809459424776823,0.2041273119710638,0.0968967594199883,0.09235246508209656,0.08403032962730637,0.06665696168605385,0.06620628919476508
0.8148825384888967,0.4290551466394099,0.2259466306646423,0.14692031632985597,0.11289558816226836,0.10292657473400202,0.08455906653775003,0.06894706763958014,0.06882485939593493,0.06597469034175163
0.6959230871583998,0.6420449046999973,0.11367521880146704,0.103921215267076,0.08553056882317663,0.08095618044603792,0.07836087056693784,0.07821128767625614,0.07634723141043805,0.07053757810023992
0.9926519709429028,0.0813303702474578,0.06589245336949749,0.0471933551139984,0.024390265083830454,0.011600456703761405,0.01052618939031441,0.009672188972117156,0.009388622688114408,0.009133630191870658
0.7286371005286197,0.46576443273593704,0.3940176864296396,0.10291312796216384,0.09105343579433822,0.08358887620856052,0.08075326669703646,0.07528704938138879,0.07407684396193408,0.07019723863196418
0.9733292287149807,0.1626330382860291,0.14483262746646017,0.053736402719787905,0.029358902511304484,0.01884202198648004,0.015355787911737214,0.013350954358564955,0.01260942919170583,0.010021815152287571
0.9201348241837423,0.22898071009319027,0.20882836293858661,0.14633296975672222,0.10862241711234626,0.062046328146743795,0.055917629215839634,0.046935872687258545,0.03599823668069464,0.03349923309612514
0.8182305835890368,0.5077966398330324,0.11051603552140217,0.10676238933057347,0.09493088555110796,0.09199041879667672,0.07662761146632961,0.06863889335703408,0.05596642931665506,0.0501296539873098
0.7809171544770741,0.34996508704615337,0.3070285221616142,0.27530871845870253,0.20702575502922552,0.0755962641029455,0.06474844084676176,0.06339552385635952,0.06299836582383742,0.04919023619968704
0.9751366898711321,0.18046151473931263,0.05270829770373837,0.04898340192620351,0.04213000074792509,0.030379095033821475,0.027445669476594277,0.027019854723178353,0.026375941733284038,0.025914084872228797
0.7736376374642913,0.5476080378014015,0.1509015194384365,0.14690576430667276,0.1104101605568013,0.08949015937243247,0.061100637806186756,0.06097900396000121,0.05816334346440427,0.05718186360909582
0.9495936634365296,0.11957002005396988,0.11319158419466473,0.10593042995799026,0.09602548573505572,0.09361161222431034,0.09122220246942722,0.05601960020839407,0.05579918661913995,0.05431006117326148
0.9970710005681671,0.05699845138508489,0.02423281486884272,0.021566280371465234,0.016169386379956206,0.01576473184673754,0.014947248564080478,0.01489757796589103,0.014264610900302774,0.010066906116939708
0.9734727099553124,0.11651508334519833,0.08222791168068663,0.08175264794654533,0.07569284792608763,0.07415891602616372,0.05442701352905011,0.037897785334847105,0.03688104333106741,0.036824125476563434
0.6333969656097806,0.34289721079235796,0.32942435374928086,0.32528751876477174,0.25532396086145176,0.18574298529040642,0.15899076072211868,0.1492497655139773,0.1399366816469667,0.12286662900887399
0.8225456124936891,0.28362514131010924,0.2325508837328438,0.23191050023566262,0.2128079464454219,0.13533321244411145,0.10550002579571167,0.08283736019423468,0.07298238899742945,0.07124853619056368
0.5106781531295523,0.4663848938815092,0.3243165346701757,0.27102730322726026,0.2661091083269019,0.23480127367438386,0.22059595472422097,0.1934802929750578,0.11021924471573072,0.10773450936585345
0.9900018016385842,0.08598951511440193,0.06170159383548485,0.054753212435385765,0.040130617163859836,0.03621138496158074,0.01996659073916732,0.01960422424505445,0.016749520712604903,0.015843301965576463
0.4916664499530903,0.4084869809372113,0.3544468568029918,0.2552137091841522,0.23674009035643495,0.211573560964711,0.2104439246072893,0.2067386881455912,0.19846828386025325,0.1710571233407506
0.9898467328575524,0.06895600353552807,0.06655660005766253,0.06051053304035462,0.04461515975280145,0.0355578649801506,0.03191511022463333,0.02308490074703746,0.021495239016979875,0.015767583207925314
0.491863313248129,0.47145971344343335,0.43213533265254944,0.35676013405214213,0.2751719163538586,0.21059720377831045,0.14118507277806233,0.13604740316587235,0.0809807033498321,0.07038981512146303
0.640237785689398,0.5749018639581513,0.20879018944987282,0.1960805924038459,0.16836502818404364,0.1282476033373341,0.11778553705800947,0.11408263950631561,0.10247150863334714,0.10006865782601794
0.9791104150186775,0.10288452811514014,0.0808314007861548,0.08025825432098853,0.06802422831443009,0.0571383950178091,0.04422294129448226,0.04329285880929022,0.035224363657656445,0.029473153772979634
0.9900107409788604,0.08116492070308054,0.04232655106969346,0.039645506969047895,0.03845093568355354,0.037114949944513004,0.035822909724085236,0.03461974724991137,0.0322570022168753,0.021996686459319303
0.577614738731183,0.41655133743712786,0.3678623640348986,0.25115408919601534,0.22337666865411637,0.19635093756169672,0.18823733303487528,0.1796328403629615,0.154629580136604,0.15390728983409677
0.7649031838518218,0.3999131045181966,0.34119033662924914,0.21570000469015607,0.16973939721017284,0.09548471103111929,0.07133802711869396,0.06781633512278144,0.06605079565055465,0.06570301489287098
0.6700128649810019,0.5591547119812643,0.2118521789377423,0.18129628641383028,0.13659480099923219,0.13146441332618722,0.13009797317233726,0.10740307266834338,0.0965917397794774,0.09137792061348923
0.8114267657681209,0.29747530172520087,0.24834599452814402,0.19887666926466355,0.13309521140146557,0.12503375759089655,0.10408152955466916,0.10263808883395041,0.10247067323852763,0.09485149067336641
0.9098609270619087,0.17369690490611964,0.16891683553949557,0.15767676929196547,0.14755240194296554,0.14664742344299253,0.08822820326807063,0.06658266769699034,0.06548915482972718,0.06070011794985522
0.8703139116509493,0.2798765673477513,0.1602432842439448,0.1443097833567354,0.12054230857800373,0.10993353713952954,0.10003349074588254,0.09398672533550842,0.0828717920802393,0.08026048720794578
0.9401822293060157,0.1644658998578541,0.13822542849052963,0.10873326510110454,0.09612906853998285,0.09240081179894984,0.06677777242370297,0.06255280329847661,0.06117952951518169,0.0570712150436747
0.7071713728990267,0.3638993598715379,0.3465850095341844,0.21272040481567303,0.1950961224396738,0.17455464512472912,0.1417415635135027,0.11737335804711557,0.09983616791879316,0.09933227220862559
0.6618926630005786,0.336223708856328,0.3272234190868959,0.24083793290467395,0.2005759609920767,0.19363292605966895,0.17291554962797331,0.1726794078250175,0.1471214999678165,0.12946168966456967
0.8015098775601724,0.4316334223216214,0.1929522160283502,0.156928741731732,0.15634315446454103,0.1410097288860885,0.13361605910684773,0.10701296118868889,0.08194751515868755,0.06167097165808138
0.9861827520893428,0.09981606068494042,0.07163190178756991,0.046770074101948056,0.04483560852411698,0.03960659894660519,0.03847356802687596,0.03707464465944747,0.02547213209799536,0.022565246496003093
0.9264113237260625,0.1783333728013624,0.13570980913540906,0.11301507915544007,0.10456890033240716,0.08446318381973238,0.08174633990657004,0.059537642306513164,0.058768808228883855,0.058054490508426426
0.9225474192895712,0.1672482723952903,0.12527253172444267,0.12342810502587542,0.10939569235995561,0.1025136356192203,0.09664784944120612,0.09441972167006792,0.09085026314842391,0.07767976015797957
0.9452342723697068,0.16071201403139654,0.15426714776601025,0.0978910067078222,0.08584655076960106,0.07525967409062409,0.07521040496056179,0.0572660017384447,0.05001253652517809,0.044670599037362556
0.47590516344235023,0.29048459158796397,0.2842562468856599,0.2571451260361037,0.25293119094237776,0.23736474800233054,0.21007560815991516,0.20596961056198612,0.20281350192870232,0.19313992600131946
0.5684839671687315,0.5305285854032368,0.29273574508853667,0.2688790388485071,0.2243210664635961,0.21572201947946457,0.1574692357893715,0.1411088582399526,0.10499876620762887,0.1047594188203176
0.6685519104057235,0.3147031940154104,0.2758049408635164,0.24343584489912848,0.2182774380278791,0.1603550215838674,0.15608387973490423,0.14941121398930862,0.10643983847212145,0.10373706830330694
0.47898446983123094,0.4577660505575171,0.4304522013667541,0.24346221260069892,0.23038241742389426,0.2069483849605428,0.18152924053009667,0.14796856628630578,0.1130987786695558,0.1069810817564267
0.9925522437850277,0.06995096682970639,0.06277134594391919,0.04988174546988957,0.03580261358638055,0.02703119015723044,0.014075091836692906,0.012891092528457777,0.012868908043615694,0.011561403191386557
0.9359532484543795,0.252349086861573,0.11671306353014115,0.08382738610239554,0.07886231981719426,0.07357797610695078,0.06442135838483046,0.054063463089123895,0.043593199968030495,0.04306498218522334
0.7133148065667421,0.48011942974587757,0.24719443517622577,0.22576153792969525,0.15243492723466834,0.13755766507442352,0.13009482679095,0.12914610897289697,0.1244298427194364,0.12192659543156574
0.5676004003456994,0.36676187704473084,0.32411342471382903,0.2971177827291237,0.22131801629356992,0.20527498731190322,0.1945601136226842,0.18497655277851877,0.18083319548218627,0.13199641376676996
0.6127631298803106,0.40174240882209644,0.2945252773011061,0.24651803678967624,0.2431471168451046,0.20851948682577767,0.1530693139702787,0.13594385447883017,0.13236425650448827,0.12599430393187386
0.3231547636116948,0.3198993499968665,0.30586388059923475,0.28032009651711076,0.2521854790387399,0.25032867434912687,0.24880343257930823,0.24046158857161185,0.20883606656364812,0.19058027757455517
0.40482451649760176,0.3756416283673403,0.2893032812647078,0.2582629230065255,0.24583602816704897,0.2323666735299957,0.21660745716275898,0.1974723786462851,0.19007128139567245,0.18243230513347072
0.50166035020239,0.460533214761038,0.4154413094788897,0.24642872026946394,0.21347190145003833,0.20248911758654728,0.18806875654433872,0.18278386210988842,0.16286983730658758,0.13438033571654734
0.43378121311644846,0.4127738250003028,0.3627373891888046,0.3264171320784906,0.2861018708984437,0.26033514826906196,0.24390499151630363,0.22412635181302903,0.15743279413459002,0.11228042347644299
0.5759705552044243,0.49390643955263763,0.3410608097283371,0.3099533780078918,0.2627299624528816,0.1821615067965608,0.11644809221297049,0.10280534529314973,0.09635714040706106,0.09384336815373585
0.7280223805573417,0.3799344192584745,0.29085047333599584,0.18851341374208946,0.17719868632011537,0.167871243848008,0.1504428319552388,0.1461557111393191,0.10418651253280105,0.09443809250774887
0.5664036274229313,0.4730508031222632,0.3249484435309987,0.265244819073095,0.24364803952612313,0.19526650742684543,0.18772150349966948,0.15241307822912997,0.1342522391735329,0.1315901702385875
0.9302208186817192,0.22078953779708327,0.18537372146622116,0.08761163284058063,0.07651963431763013,0.05842827650222881,0.05100366558113459,0.049332553426205863,0.04296015148570497,0.04278282642502593
0.5983248395370153,0.5630526118927636,0.43945169745174095,0.20146625284475878,0.10597800500558845,0.10028025150847689,0.09141860400739237,0.08444961233259411,0.08119717966807412,0.07653252058869285
0.9391842275429132,0.16359030123703983,0.15449169286652029,0.13572128623669721,0.1121254393758505,0.08257270314440439,0.06967350109262954,0.06134025975964957,0.053185843415959576,0.05123428604642473
0.9935860183475456,0.07022619858967716,0.06217898236028127,0.03419481477805031,0.03176472873352043,0.021655228399428326,0.01574528767195784,0.012696496416145564,0.011068323042987228,0.009761221331649724
0.5871097647755008,0.4675869116819787,0.382550068145036,0.2233855259001338,0.1932788433253084,0.15189439498910356,0.14902434461768116,0.14594181574021386,0.13239257814250074,0.10715509585719482
0.8931421370508836,0.397778926418922,0.11073202059024098,0.10846552842202262,0.07851092313751219,0.050705468363511176,0.04182182588873979,0.03136001828126867,0.031297723331507,0.028925370667446784
0.9798506852639752,0.12236100129573348,0.08547553769680429,0.08500640226964178,0.041964813225204935,0.030910512630854804,0.030021515320313125,0.02368166870630387,0.023164842855201387,0.022427107821415593
0.9053695714402771,0.2906055705269334,0.15396893297908745,0.1392925850995645,0.08546596764745691,0.06938905899944874,0.06695824728086998,0.06512360143423085,0.05430289289734609,0.05335364794992577
0.6166911936447128,0.47701064086164635,0.3192791271018248,0.22546144782396435,0.15773161706474073,0.1497516597578114,0.1487494173064841,0.147275472391654,0.13905664098122436,0.12763458781867026
0.9330361854644412,0.24444521235756742,0.16740363139833234,0.08001049870309118,0.07044856483062094,0.06368126164930543,0.046034418513589664,0.04048565290498159,0.038650231432759724,0.037767778412761785
0.9078986081122423,0.38928602313823935,0.061859495706398565,0.058125382365139026,0.05673129171155094,0.050832528953870575,0.04956763461529018,0.04812532885394813,0.03823019985228037,0.035250182342056305
0.9781460738124562,0.10100298250904537,0.07155972274943867,0.06895370929030142,0.06757991846164135,0.05902898572258912,0.05010696933959237,0.04734205853218816,0.04074135701900094,0.036613198362168135
0.494247053183505,0.3421704235563017,0.3087670235289766,0.29902491739957004,0.27515264909817827,0.26704922570487427,0.20924694556574566,0.20602007723116456,0.17950300850187986,0.16087605588633067
0.6680710581621387,0.3644792588479389,0.3525314306791044,0.25106881968729056,0.1925013817394688,0.16489025605884372,0.14576388178159344,0.13702023388251028,0.12420312437950473,0.12117524864476047
0.5364584233478878,0.4977725765393937,0.3549270694731426,0.25086820804881615,0.2190295094224854,0.1870587063700209,0.1797979807097412,0.16148924397538203,0.12306479779000336,0.12157791740952464
0.7957150083427913,0.45350299627095225,0.20025008848431197,0.12767175375629713,0.11706019327999884,0.10511629096398788,0.0903014391828164,0.08924575546530714,0.07878537551460739,0.07215177857032079
0.42805341181580475,0.41181152349310995,0.38946027087288987,0.3407006130937728,0.2418085414285544,0.22645894558157098,0.21044562384525778,0.16408005880716503,0.15300711997656127,0.15146028589707486
0.9821381577291569,0.07046445769324121,0.06522776275379898,0.06331723625308129,0.056264803899293225,0.05550092264902991,0.047374446270676246,0.0422339301759618,0.04169977805802251,0.04107491856886982
0.7735208531229065,0.380130842696231,0.19757078259568842,0.1653618740787879,0.15837624017327198,0.15630915960986455,0.15359676137188935,0.14626864862021086,0.12337710736399767,0.11346251029523235
0.4907050761408414,0.38641222472533826,0.2992003732200439,0.2801668510389855,0.22568942165761813,0.2209091586066544,0.2092684208964378,0.17836154690874154,0.17605333550064933,0.16236130179651237
0.7255434241748414,0.3539668750120533,0.23340887498793625,0.21652764670979646,0.1684133378383724,0.15875181220638424,0.15621859902538018,0.1301819584655898,0.11955655000642505,0.11867205049989347
0.5482659748785204,0.37623548601611057,0.31274328588128414,0.2902780748709641,0.22711702088811686,0.21649708124856362,0.16321059566757248,0.15347514201750453,0.1434577535463547,0.13847229243567144
0.5111682246154435,0.35858295006993657,0.30856057984072655,0.26193792160258,0.24524321950675274,0.23534738651507306,0.2044234956532386,0.18835707272696886,0.17851649521610424,0.15862348225124753
0.7304393248399333,0.3351932592540014,0.3225318591881842,0.2395731871916362,0.17965238509275586,0.14598323129993168,0.13434341562186733,0.11338502355904936,0.1063284364946678,0.09277318334515593
0.5736278000249649,0.4297669817087221,0.40177984294167907,0.2714418221524563,0.2389376276545629,0.1951813399686316,0.18587591046161825,0.1389008753424459,0.10358524275574352,0.0844071456084911
0.4328768059743576,0.36741367830300303,0.3497815411718098,0.2674112823980971,0.25328422402847905,0.25201372609330036,0.24696011060578604,0.2390659468281802,0.2145322669609043,0.163796111788755
0.7916255424930863,0.3224304817672994,0.29105001109555406,0.1593750571821373,0.12240066766622774,0.11898446073640603,0.11155454755583194,0.1102911001745834,0.10628909622108729,0.09786081440770582
0.8146503357592902,0.32078731489122775,0.1829234295067683,0.15539582482067887,0.14089239511988014,0.12663439971987842,0.11810830386401577,0.11231548524046527,0.10530290037304071,0.10442631795227682
0.49593785546956787,0.46741204854204255,0.4197452441563853,0.31481791154694894,0.2638499748880732,0.18169909059975772,0.16962119624550256,0.14941987762606349,0.1418371604150717,0.12282247760671988
0.5347485388719238,0.38459263553321216,0.3420847142213609,0.32537149154983425,0.3231690628452136,0.23220069000634067,0.20015956315813463,0.16619272383318553,0.15389200730211003,0.12658539563871668
0.7182930061254326,0.6102553597027723,0.2743145404997593,0.06923820515090277,0.06432422248283964,0.04783921663788846,0.04635095497231771,0.03878063403691344,0.035040302388014775,0.034170198978453255
0.8031407983315957,0.34325132751006565,0.29176975532375216,0.20190994420153383,0.13685864311666002,0.12529918102059653,0.11935148719905918,0.11754846808447958,0.07821264297482317,0.07036913201570626
0.7860304162522783,0.36759202332570434,0.25769290673914663,0.22885008231174075,0.1779486937291587,0.11035137592691473,0.1045521379072397,0.0950195803555947,0.09024363520062341,0.08672969342044429
0.809380068329905,0.4049315326217795,0.20393876218929824,0.1650565396311368,0.11324002465373137,0.10624871429072394,0.10139963720990804,0.09847345338587048,0.08233100314696745,0.07340711661560217
0.9941476798322566,0.07834018563780411,0.034523898470182536,0.027190286708499743,0.02665043651606871,0.01947915098544825,0.01943716665960272,0.018380004081249682,0.01475180986511519,0.014389615203596903
0.8825294774479735,0.30177698002491005,0.1699100083070529,0.13662486457547326,0.11499261886817656,0.08826660775636981,0.08694743143204901,0.07022356980103153,0.06887298923777033,0.06751978981695897
0.9286350627983325,0.23236434359739835,0.13659529028284723,0.1241880250242602,0.07395851228977392,0.07321451658497015,0.04991735263511754,0.049498251277295534,0.04645457793798417,0.04268507893003035
0.9098689794705921,0.24511538948111794,0.13113821524288702,0.11895995794740198,0.10187376600944416,0.09810548662068032,0.08577442649682614,0.0759024105248686,0.07395894238657062,0.07068495541385797
0.6305938222506529,0.4589697512085081,0.3313578706286348,0.20881786835870447,0.20120047651898562,0.19269750145069386,0.18920585104736232,0.17277795381203057,0.12909140757792736,0.12183259554785597
0.9247350809709879,0.17599841156133844,0.16447184688696387,0.15982603820846647,0.15105078694068746,0.07988863303476813,0.0693452236042531,0.0609757789089657,0.05951699177987341,0.050412579996994014
0.7096083751877659,0.42549901779295807,0.2403538441155209,0.23026492592365655,0.20140235303045415,0.1980365515336229,0.14336102743519277,0.12052335988777911,0.10423446542099092,0.09082766369053542
0.9944857947357472,0.07977620200769837,0.027968508167322735,0.0221034785853797,0.02164092135046944,0.019155710774754982,0.017018783772293974,0.016568558436695125,0.014877923883609959,0.014744991300774531
0.6394819949981161,0.3691067005108545,0.3507138824075601,0.3119675690262671,0.1951749687974658,0.17909184484258675,0.1525327833111793,0.12420431095366975,0.12084632025308929,0.092992519306639
0.707742806567182,0.48442265177059224,0.22014065917802264,0.20623041526680067,0.1919696645139868,0.1739340257517827,0.14974389222086554,0.14742812843759698,0.0867473440102817,0.08398979944535652
0.7368482473309428,0.4799382634666321,0.22233234153793846,0.19686923844557175,0.14934543795142016,0.13989361600159617,0.13871035178220295,0.1323124940465971,0.12815058813220892,0.08669933200117586
0.7525010502218864,0.37317674091213854,0.26885101122913124,0.22436647476906804,0.1730952657826217,0.15178522377534254,0.14956778320852723,0.14466336509336403,0.10336198568440581,0.10004642623275005
0.9481104623621333,0.22099806299897878,0.1281473638659803,0.07888719406504421,0.06726614698477035,0.06483186279961936,0.056408496695315884,0.04622846075009254,0.0415301773240309,0.04050680014898825
0.8186290310387033,0.4821766637268683,0.2052793560186927,0.11584242581408159,0.08689779360215447,0.07432126545275841,0.07240073765246907,0.06860650495061127,0.055545201768512395,0.03769138998078961
0.844618808399895,0.46248790866956613,0.17595877963853332,0.11154516257402768,0.06873656721448032,0.06840849016851212,0.06111602270593096,0.04709032517158107,0.04174516126917283,0.039191500350054975
0.576791002200636,0.4027727426965139,0.37434460865096836,0.26097065198385805,0.221206242766576,0.16835314177376834,0.16521535097040643,0.15985106120093806,0.15803448145256468,0.12134343259830536
0.5190073056006691,0.5074353512051352,0.5002507680025045,0.26214373670274815,0.1361270644749059,0.13355992870014363,0.1161803791651329,0.10735815520617542,0.09818751672826248,0.08804419913818409
0.8273566422337432,0.2396442883702199,0.19133605507485038,0.14297135866050714,0.14093274495305502,0.13724322962147759,0.12413250663291493,0.12275551004373027,0.12247439992010546,0.10165872057599046
0.6864451708774637,0.5972473087105142,0.2284444756356268,0.18485168978032848,0.1460811276925947,0.10883323332921852,0.08649853513723307,0.07158356757268952,0.05193029468025945,0.05002525182339326
0.6051033451271589,0.4766478583214805,0.2641005707062912,0.25480206548531714,0.252449416895115,0.17658786260341083,0.17078333722940411,0.11870569440285274,0.117178410545243,0.11405599938799267
0.5298084172576759,0.4220535629903037,0.3850864170013565,0.28780881671064923,0.2731256208099136,0.22315158686073758,0.15434186425961716,0.14208971609839652,0.13625996652588934,0.10757333276039698
0.7343323479450063,0.5190609650035765,0.3900745984717288,0.06642084697105204,0.052111211922353635,0.04919407513199518,0.04844652164680833,0.04442069588983807,0.04419317409336547,0.040909631915287945
0.7628559439826575,0.40897959893049063,0.2564304523224534,0.22644089179231594,0.12564577009183575,0.11707677750748335,0.10780370657456699,0.09593320510534453,0.0864020523499999,0.07598044172207198
0.8811581373803208,0.3412214072620704,0.18989340021069037,0.11142726266807221,0.08003291147995548,0.07886869020590831,0.07012696968691652,0.06591423554395477,0.0632988008188915,0.05565676009849885
0.847950861138282,0.3111466684107151,0.26028294711977595,0.1630857699334586,0.11802376521195972,0.11249380265072625,0.08589471308472443,0.08119110726281956,0.08102923377956794,0.08054932542575542
0.5908075577106328,0.4602354553705268,0.3920522791174992,0.28832656266715034,0.2499015845281328,0.20621962173551311,0.11211976187335361,0.10655264941574608,0.08843658183811275,0.08725888111136429
0.9372059550933782,0.28800077814566577,0.08359780534653437,0.08236349453757098,0.07899107750143967,0.06286560530537287,0.05028346932751723,0.04610920783001641,0.03944218318542417,0.03865051880463325
0.9136185609421793,0.2547548140198361,0.20393737241462212,0.1347551138385553,0.07461543739482603,0.07116729032519335,0.06652745404156829,0.05520746147776066,0.05318168975729804,0.04163516508757
0.6149173486842072,0.4553397314846762,0.39876842517411776,0.23391595088362288,0.2157811176467916,0.13084946161339683,0.11797406154379395,0.11448047964498077,0.11103963660474558,0.0809117555881699
0.7120162052103938,0.4376012180491732,0.30008673498143834,0.2805877484708366,0.15556350210562225,0.11534294137340877,0.11176735050547414,0.08989146586720277,0.08838311906548739,0.08582866197134288
0.7044090939340426,0.44983221893328373,0.4072058009828345,0.2216591091981968,0.11496911832227623,0.10283928458855505,0.10238040314281545,0.09809014690185561,0.08633302993012841,0.07029528910316639
0.7634992855419268,0.3785645935637374,0.20432576835974783,0.1948272567789708,0.18217597654401335,0.16869610756892203,0.1382858998615562,0.12089980776323865,0.10715827761955729,0.10625538648913362
0.560422813833086,0.5099706134478597,0.39116573540658617,0.22606066985208534,0.20992409216773672,0.20229786810345995,0.19939183793924561,0.1639291704876751,0.10940102716739505,0.09338175220138632
0.6886887410736487,0.5031215342559695,0.33356937714670803,0.22608593727457474,0.16754827273261247,0.1568363902772231,0.12643801797176074,0.07522101466779835,0.06451613293667666,0.051490082027345355
0.4185776649644598,0.4112000177061042,0.38916042479544644,0.30932161047622897,0.2607623173076922,0.2376819330698647,0.20596311011468685,0.20178942957672633,0.15203279843448883,0.14171717850185156
0.9531541561365985,0.28363770590451987,0.05404167951903069,0.03599344174806156,0.03311272964398755,0.029548318294938956,0.02517320454163438,0.024139790853606985,0.024091798571600202,0.020226482416175386
0.5777066989128893,0.3732990069226935,0.3460721522157552,0.33199803292139124,0.2255204739116953,0.1880792119288656,0.1756524950257376,0.1474606996024878,0.1300538989240443,0.11084454093323456
0.6768682877984878,0.4044202920925702,0.3120467279845158,0.29166985761779807,0.21847763700998446,0.15150206117375922,0.11878446695137393,0.10208118099210382,0.08722399890270434,0.08244415756163202
0.6093714971141497,0.40122730203291557,0.285113364935601,0.23103088426788923,0.20237066331737222,0.1814321267917052,0.15647626325569722,0.14272757729122282,0.13496030513767224,0.128726933474108
0.6843817135702198,0.48313939943841244,0.23673272607152568,0.18236164707255711,0.1671284279275094,0.12413438693700925,0.11632468376600233,0.11376452373348402,0.11144205602448704,0.10726333802953547
0.6831016191655814,0.3482572982211568,0.24280381318455121,0.24049207572168518,0.218228346477856,0.16334222499033482,0.14514002713054933,0.1383210455273801,0.10511810707890966,0.10447507737190433
0.6140949287838575,0.43285676834195913,0.2765106251081088,0.22581584745349215,0.20467205342651715,0.18953634314366666,0.16115013075349882,0.13150389968200124,0.12213915915479215,0.11976519272099781
0.46003456873651044,0.4494505513754606,0.2836684895521764,0.20808740474506482,0.20203635546190588,0.2013308720515838,0.18612767938497204,0.18498434692517557,0.18196903021554522,0.17548075359947027
0.96657516559752,0.23465563314606452,0.04238166933929463,0.038848928611564124,0.03579785428393875,0.03533019291357898,0.03269330694517159,0.027310040365443305,0.02262066381570958,0.020850100807955678
0.4625192202275476,0.30525251151012606,0.2883952644561794,0.27607264335009685,0.24422166320890473,0.19599432178745116,0.18623448565436468,0.18395570713703857,0.15432893237881637,0.15389522844549502
0.9858267026629423,0.08943570182781087,0.07277205668241865,0.06452221622283091,0.05775442135691528,0.047026401553496154,0.03615000356518719,0.03272504582157179,0.025547284441030448,0.018408009345492957
0.7528571370495072,0.5027253208785033,0.12792802640975176,0.12111454963676277,0.11569260163894728,0.10540957736363067,0.10229030116235292,0.10191642865133378,0.10075011739930273,0.09136267485005557
0.5147755483209834,0.3185476403089354,0.2539866912112757,0.22922093315740283,0.20958057536946836,0.20406077202949358,0.2026343593425365,0.20130097144453474,0.19580821524072972,0.18226004136981064
0.97507934232913,0.0877337514360772,0.08452042432754892,0.06107024642832038,0.056623961196658676,0.053816670969718185,0.04820579962495228,0.04647748631891959,0.03794892840816862,0.036782238747497635
0.6629503379962212,0.2871452804732404,0.23991399192618643,0.23255238745887133,0.20799731154808257,0.20551990110168045,0.16350422429706693,0.15213981995029563,0.14932192885103399,0.13023443345879854
0.5640943241018259,0.37554760228104406,0.24264782344226818,0.22463771661234122,0.2214033046411861,0.2126570363927074,0.20479635330294507,0.19436663557533707,0.18997988307295235,0.15788605106428202
0.5010939631215431,0.3906338405936263,0.3645290468211466,0.34377509573748605,0.2805600755543982,0.17643259473911457,0.17193445429549295,0.17098754564578364,0.1590732443351218,0.14242793111473426
0.5066521002272623,0.42182495708860696,0.3442117787661723,0.23756419670951964,0.23248913123551349,0.2159328864714007,0.20591246122159423,0.2033350490484826,0.15958811487578892,0.1404334140265307
0.6069342346023049,0.44960655854218723,0.3656102825972412,0.3311122892097343,0.23723786729156224,0.10889066767207645,0.10377069615725344,0.10138111579481185,0.10104582777254326,0.08902012783859571
0.5632333664335984,0.34146250382672044,0.3044713875999357,0.2727535629080096,0.26600236638023905,0.2289955593868214,0.22441696642402215,0.19959915975477552,0.15367159651634785,0.13501465942809482
0.9702420591211367,0.12225852010606232,0.11027012515590712,0.08931463110162954,0.07139119494109833,0.07134285292332751,0.05269052287005564,0.051379791177836434,0.04896427703808862,0.04404643493404068
0.4387773038465146,0.4039983488093795,0.3731381028561728,0.299813669683233,0.28290684237232955,0.2301051068963102,0.1936425242187071,0.18159244418291018,0.17274323606848313,0.16396331401677092
0.9394524349352579,0.23469476791179167,0.10605423138609313,0.08877809686517797,0.08285388951384924,0.08083474372119882,0.06622143643701398,0.054766159034643484,0.04001304592952842,0.03825490082823385
0.9319486304270979,0.12678260993542492,0.12220102276702377,0.12120072553623783,0.1087766528780893,0.09617355567427882,0.0907274275639875,0.08308823978568498,0.06448741912465143,0.06204189100325687
0.904792290102806,0.20676213598630577,0.15515677108119597,0.12663362899253913,0.12523320402127233,0.11514312408733862,0.08893295959965286,0.07180002558447814,0.06630999639797427,0.057857656127448684
0.6111379391694568,0.30079659064987885,0.28393752015853396,0.24992755608852568,0.19528334193721852,0.1651207236528926,0.1572452475219235,0.15352607038896096,0.1393275344777395,0.13854388562449238
0.6415406653236303,0.429695076859632,0.352062503201062,0.20741502684699034,0.18076216808343107,0.16286665878637102,0.16002588534178724,0.1454413135300704,0.136949361418864,0.12934296925760105
0.4636978375963905,0.4192246411779036,0.40067859382277876,0.2402139038424286,0.22920472713818926,0.17972636929223304,0.16388718823709522,0.14410574551502423,0.12686119485429465,0.12637324169060896
0.4661182637059436,0.4015303257710419,0.35949836241087924,0.25314657879264296,0.25237610696108276,0.19670872597498706,0.18955386300565588,0.18169193477853152,0.17369237056224734,0.1560812647872596
0.894846181794101,0.29929432274737194,0.11134863356680184,0.10754961690769363,0.10696109410491404,0.09251759694803982,0.08493701481433956,0.07687829364486265,0.07576100226309682,0.07283237179328542
0.7412784028091643,0.3945292166530672,0.21933352515457732,0.1739126397776635,0.17017759083149553,0.16976662424753108,0.1663984623095079,0.09888932769531658,0.09488365819621528,0.08688122830157934
0.5640043446118378,0.41311431955684824,0.3954924678118148,0.25848645918543706,0.21588083370823075,0.1833453934563608,0.16558058533381698,0.15877875567049402,0.15785810063505276,0.14084978929195116
0.8550987881401177,0.3841666811332546,0.22848256389953947,0.08887182887828925,0.07502268373902522,0.06420440199714653,0.06289078576056813,0.06237434055893358,0.05806731560243797,0.0575317134302701
0.9364031150420045,0.13183588876978108,0.12730044508516486,0.12385725976102965,0.11330784000401187,0.082966322324662,0.07147052357154596,0.07077828109609757,0.0659590233527018,0.06300315056465866
0.9645205676819666,0.178816940360465,0.09462980773117265,0.08090040148025514,0.05643946859290965,0.055602034223653694,0.054053672349807735,0.051656906342123776,0.04158933154888272,0.029578985777785352
0.5826722398807315,0.4321636337708158,0.4250425866787838,0.2140723131818659,0.19079766925707634,0.18202120306296254,0.13872163799526074,0.13208047540071277,0.13150945861762936,0.12462518774888981
0.6460365058154495,0.4205302487348982,0.30416837332159513,0.2631573604617067,0.1972371541924805,0.18728841855417766,0.18693170584431093,0.12936279933161526,0.11824615729240151,0.11623412809359347
0.8514638637517755,0.4176981932893664,0.15093299907040897,0.12025891283821397,0.11208236584842506,0.11167130857454302,0.0653534846534456,0.059752311291983606,0.05689606323306867,0.056137670201218785
0.8180910360353633,0.3943916069835166,0.19076646380309228,0.18042835596793422,0.13052163549708568,0.12383587700603141,0.08557332302750814,0.08117232567768182,0.07654082234982419,0.06988962055376303
0.6763996797269702,0.44969768651688996,0.3941535741946734,0.17448595198646843,0.1715339443468011,0.13848122715660596,0.12578816897026343,0.12334692910799769,0.11644030834807374,0.07226806280007901
0.5534380755988019,0.42133029964539637,0.3380308840123581,0.30637684084231237,0.16994260159380548,0.16279411796835339,0.15182640904354952,0.14693384053635253,0.13998808799538548,0.11201430706898748
0.4574410461650332,0.44682924320910117,0.4106945525813768,0.3222813975308181,0.2696168580436278,0.1505400760447631,0.1397452623101964,0.13468592038485208,0.109975471511579,0.1090769984345329
0.8753890437267722,0.2543115471686616,0.22958870687735008,0.12549182983363563,0.1191013410645828,0.10788967955021284,0.08319015842959145,0.07798013693392972,0.06880738859184343,0.06457485099406955
0.9724431017966616,0.20338793602864672,0.07313392673115439,0.06614581457042042,0.023767331966316037,0.021733629172222185,0.021421807478868325,0.01961750518466107,0.01653606578332444,0.016488909821413794
0.6550726706575704,0.504616648896456,0.25954628926734485,0.25603619123523935,0.22792879065320656,0.15068740657602883,0.14224034538782124,0.10275144057510678,0.07829730923045913,0.07758222148344536
0.9935818005188496,0.06273158041767136,0.059798378544028495,0.03834638076528506,0.03511449639651257,0.02376761836341458,0.019817455389973836,0.015174789841303573,0.013431631414680272,0.01307436653567456
0.8176849142171888,0.2999722800690807,0.270270002648132,0.19483504330004664,0.12468079958038525,0.11870422770409775,0.11000744122665307,0.08166524307978645,0.07889628559999629,0.07467443049768384
0.4663308500880752,0.4552147499951387,0.3465580923744908,0.3228637462840956,0.27147981661200915,0.20628307216087155,0.16787820343513893,0.16295298716552548,0.1603295315803289,0.15732927567357033
0.9543894457250677,0.19694433158819227,0.07465260092569682,0.06464878726297117,0.06254958361308353,0.0583120583357164,0.057073290649478026,0.05573723715331725,0.05315471872136751,0.04787639938745885
0.5911788416211957,0.389657006167497,0.3377023594416248,0.3221041305403668,0.21852566684888805,0.20695409734936704,0.20488482495001076,0.1762550958030267,0.13494178334578003,0.12736268590206495
0.5856613172959712,0.33619885889323486,0.3318328359825111,0.28889473127014603,0.2483999369090889,0.24225928678444175,0.22115491722403735,0.18353841216958006,0.13488086540480393,0.12672053290927554
0.5713700776933246,0.40928727858657254,0.3001293761884761,0.2632672439718578,0.18961755746738812,0.18062507892168367,0.16807709868204307,0.16346902492261212,0.15601929670233936,0.15463464384152656
0.5345528509653706,0.3986369184888985,0.34427875597663476,0.23815041795066097,0.23739781376410468,0.21811228744327496,0.19453576439287798,0.19143827060526727,0.13936291582139998,0.132053165173325
0.4474715881012211,0.43640490556672973,0.42875653264513325,0.3685665354080014,0.3193334387893158,0.22801158735985144,0.12597936201363927,0.12309771631566492,0.11908911765019965,0.10829270617778075
0.9803262591593866,0.12200784062415826,0.10446681406535913,0.061017168358713736,0.057599909855417644,0.05668253578060056,0.020745638142143627,0.020431071588604785,0.01978820496440971,0.013743541072921672
0.9361083092062353,0.2624874358675425,0.21900198150185987,0.04500223195292059,0.037377686919131736,0.02382671674022105,0.022659013011886102,0.022569645842734357,0.01797419864867415,0.01439393330151176
0.5508832205759637,0.5082794454205091,0.2742375232824611,0.24214713425173487,0.21920336125820694,0.20612133392986767,0.19075373442219387,0.15297531292598715,0.14304803641772265,0.1401747842705063
0.7335537515654641,0.5562690928940303,0.3069180796765699,0.08008005011940127,0.07319329586796237,0.07266312012957968,0.06244196740807595,0.05930108668957266,0.05183479653222174,0.044752810127765615
0.939188734532913,0.2767056037227084,0.10713090196390654,0.08443343885837477,0.08025828682333953,0.0626727500315938,0.05469032149195701,0.04779957065750334,0.02927935012746131,0.023792850033305193
0.7742906304611527,0.5308404698310324,0.16028890768045084,0.12456404219227092,0.11911975637118052,0.09618480532355032,0.08075701996654565,0.0713837941087322,0.07085153467527668,0.06589479670864534
0.9956344608259374,0.0526926107370122,0.048641282251461235,0.025631359911095445,0.025536244200974726,0.0240090842087174,0.023893067245241095,0.01694436737756276,0.013893936625768431,0.013680447620567235
0.8025084416769187,0.5149947354274603,0.15934954875650004,0.12119922835778431,0.09179372647506547,0.07909257829944234,0.06307352941989401,0.054916553575038864,0.05334390611784727,0.048439779962437285
0.8105769635324643,0.40739114495207096,0.36644758004316175,0.08050384092533908,0.06767626909049354,0.056826851961093584,0.056176255064687416,0.05574042751238477,0.03982413719280086,0.03644962152270472
0.7524229129164208,0.3340978310259574,0.2939356027934608,0.25139811008150414,0.17660898852572057,0.1568192420480693,0.11879219794315503,0.11259487328600135,0.08830527180030895,0.08442615159893103
0.7565344763998509,0.32907761022231463,0.27225978237374215,0.2376362951411508,0.1868261498922006,0.17125404121440804,0.14922584797076635,0.11846504532597932,0.11095559630499173,0.09923849388600851
0.7386733326590373,0.4631231127637597,0.29978065202021154,0.175600325024549,0.1739338866511336,0.14058373542649472,0.0995493610073827,0.08705558429907434,0.08045249368440009,0.07454465187220685
0.8765285185550491,0.2765330887985122,0.2037837217239718,0.10954664271075747,0.09816041041834392,0.0980874522998919,0.09291751320949365,0.09205216425691992,0.08083410285444098,0.07786932780761341
0.46534430408018546,0.39630254877545573,0.36891071364298944,0.30192004756809476,0.3015341129897706,0.2673733827874107,0.25283103285485736,0.18013486723577704,0.1368444012002936,0.11568730722924506
0.5514522290392174,0.5033230684529971,0.47981411287989306,0.3003070665998029,0.12803167777565708,0.1147336497616684,0.10763886097049138,0.09019511075653133,0.08302203986472191,0.0781321158119184
0.9868152154189858,0.08658699672565165,0.05868486478345936,0.048823899978094526,0.046311943971571484,0.04624009517109076,0.04568393369074468,0.04505015998040814,0.03436093190417618,0.027103283497684195
0.5537052803173415,0.4840895738817037,0.3884065436541293,0.318386025010312,0.18254376287397445,0.17939480515529646,0.1674258701615339,0.1327775477246675,0.09933922952910999,0.08944834190756695
0.7195834415328892,0.4129492806811454,0.24906664195017522,0.22365192106644177,0.1723095555401161,0.14484042203128814,0.1406768702560394,0.13249484221539426,0.10457997138504722,0.0905243851314351
0.6470786719014394,0.39240061400013476,0.3651749558859764,0.3540272761479146,0.17624420315212555,0.17058460291197097,0.13807946584628775,0.09934371258418478,0.09679419140841117,0.09509001043436237
0.7234489572745524,0.3524651424476753,0.33474749499952056,0.32941391004255716,0.15838122180238606,0.13752909088405962,0.12521688700303296,0.09233389065245778,0.08853925974157355,0.0814710868752416
0.993148617513344,0.0823114016423964,0.04916161732942215,0.03646178096663944,0.032629177686094066,0.023209022582968544,0.012851091780761542,0.011913150489817802,0.01133563210227989,0.010643951740971318
0.9960791756646928,0.06398626405839371,0.030505259827491298,0.02832443347830768,0.02569003748490047,0.02174063288553058,0.015209567399040766,0.009758958401485949,0.009584842953193944,0.0073881608768133124
0.60001202581073,0.4408222279816169,0.3347659950371887,0.2931520670087928,0.2457053929824206,0.2049003453451298,0.13761444202895,0.12586815071982652,0.12327275482563287,0.1107877905145681
0.7975291275690831,0.3110336898896504,0.24459821605196225,0.19539512998872205,0.16196454154487966,0.15655511834685,0.15071033013544152,0.09037736972182751,0.08966369908961479,0.07207817145274786
0.5106901481129753,0.4459783340760203,0.42324635781117265,0.3158878794542511,0.2611884187651196,0.18431806891288063,0.1428898715084167,0.13183530394889792,0.09716953358156037,0.09632118175038294
0.6023605132625173,0.4858291054770328,0.36509319874345286,0.22971643227873195,0.2069844450055883,0.17888544565513825,0.1532651967327884,0.12089502135388111,0.1058925056349834,0.10359770647051213
0.606180907421058,0.50764287070531,0.274980202682915,0.2201993566989299,0.2090998497655081,0.18852011799682886,0.1579242874209453,0.12791646801636283,0.12362070823174467,0.12211391961344556
0.5289208028853989,0.4574518448224077,0.4319117971061111,0.3179943058710096,0.3140828077076232,0.19947890905646848,0.09403895343290347,0.07312848973710023,0.06815353085575378,0.06505986382445307
0.9408017781584397,0.2392883624675561,0.1806743828462799,0.10707733103312,0.08151463905272216,0.03607791730693067,0.034738126448048086,0.029991526911810944,0.025421203809731695,0.0223140100105534
0.9914350307726976,0.10922272487692306,0.029300927469428372,0.026529087475963865,0.026029205154437574,0.023808467361713836,0.02029534309277963,0.015534278589864382,0.0128651533917187,0.012156437061257146
0.6025058319005919,0.4821705045379768,0.3281369692370589,0.2902756269938072,0.19359279724219555,0.15872050489159437,0.15724292896025827,0.12281444916935519,0.1107241196221688,0.10680370139469172
0.944513886545114,0.15538916375905823,0.13745899693132393,0.1106689173829121,0.10962749656004309,0.08864708188694134,0.07369768348315742,0.07130277398270905,0.05547663816685843,0.052654029994053296
0.9928000890731864,0.08507146930857012,0.06557011000896963,0.029395841901571393,0.018387575993520876,0.017940845144185504,0.017743161677486192,0.015038411663510607,0.014764745663797789,0.010979664301515382
0.569763109910717,0.48150119620848925,0.36894035888331406,0.2696974520251958,0.26596495028333167,0.2028561465906036,0.18326673096156576,0.15907310410665335,0.11291634564173902,0.09108935555090042
0.9654441882262729,0.18131028371433375,0.10635867138015799,0.07965638291554623,0.06632937309669686,0.05177828369148688,0.03627727928291334,0.033803792807598106,0.02823232520450321,0.02658871358829744
0.7517802954104139,0.44740213024585035,0.41924163913729057,0.09281409650638126,0.07145139302278727,0.07010095943687927,0.0679981085497505,0.06286460082324778,0.05830532441806392,0.0580782445155223
0.5134441279590252,0.4629233824527429,0.37286652172300855,0.36123209374162935,0.27855216184410153,0.18512474452952846,0.1683220747728442,0.13609761369118104,0.13013315878008913,0.0936167530305126
0.8233283502655413,0.42615369918214646,0.16762285185559248,0.1565184763113196,0.14542378779323348,0.13045913307365176,0.07362663320324038,0.0703402044733236,0.07000976453988905,0.0652041986797167
0.9404604538013942,0.25286886625923305,0.10515709270501856,0.10139381051509117,0.0774306788754271,0.06788579415563692,0.06245721842561031,0.045424116997642386,0.042740967041761904,0.03722318705074795
0.49123062806917556,0.46920775470268955,0.4163302226257455,0.39992530814351673,0.238268748803679,0.16452036910906617,0.14702881625484568,0.13767573649160456,0.09414046147027708,0.07107976513924846
0.5740080307374983,0.5245245930918669,0.4786515120142778,0.192146861672551,0.17415091295425247,0.16169634246224607,0.1189990171510368,0.09623322628201672,0.08207038293247579,0.058644771338713333
0.6803793950994768,0.51649115724544,0.3669102448272272,0.22118308579949594,0.12028521736322888,0.10136181208107355,0.08091328316533264,0.06339144478757397,0.05990490954968996,0.05826751092274624
0.9507578984090174,0.21807878475469183,0.14739450284506767,0.08814257383912262,0.05077111438968787,0.04932757819312693,0.044695460588791584,0.04371721660518247,0.03597340648694513,0.035039265142140404
0.7879510229253749,0.3528520697384702,0.23750398339330742,0.2348367671095738,0.1718843823002766,0.1368544524923974,0.1000095867476776,0.09640653182207559,0.09573034937181193,0.09306615999980815
0.9470051404467744,0.22177238571151356,0.14952313612098625,0.08749385892351284,0.0660533430160621,0.053467264755676265,0.050787910843249795,0.050025870617720715,0.044738581102036434,0.03376902166807808
0.9777165344368441,0.10323660369297799,0.08844101482357827,0.07135122603353916,0.057318353449706046,0.05723105433488265,0.041881797366699246,0.03827311636911838,0.036107936935572474,0.032507512938863656
0.9842730247716741,0.12966022059313848,0.0804284019627727,0.04918223281958761,0.04848259416444088,0.028973704184438787,0.023634258452309053,0.020365578217387114,0.017799076729294584,0.013246335841660932
0.5249759427104843,0.43687906804923243,0.34468785585074796,0.3149504672463027,0.2426067202708822,0.2123538994949352,0.18743989501638722,0.1649583869557136,0.1468940957112379,0.10913528027287281
0.9530017123269101,0.15401369984619304,0.13207030020799812,0.12485939502004377,0.0880540339965732,0.0739353430861108,0.05909254408757256,0.05135488785601466,0.036659747737754635,0.035727534713981934
0.7386580610895772,0.43160847855426426,0.35918286733344496,0.23084283080743115,0.14710633444288257,0.08969810907725927,0.06551813056410939,0.060705831793403706,0.060085919700337435,0.05992425013245525
0.4834331744912068,0.4200013491185724,0.3964169137209778,0.3082341769488405,0.3056586681375624,0.19994462361193577,0.17123679802160588,0.14781484323465455,0.1454785696364299,0.12771479185078474
0.6441493270196933,0.48751070084313536,0.41381402222675207,0.2631669539420855,0.17058916601956817,0.1519808155471221,0.05477756390881491,0.05343509741364265,0.049167314683722214,0.04851434990657892
0.4295752105005922,0.42956293023008785,0.39517344485183803,0.23863119460223983,0.2273927842128905,0.20435559560061958,0.19944983727162596,0.1751487825697197,0.16383104793407258,0.16169001591083956
0.5798165401712367,0.283782855458725,0.2811982226409644,0.2751710024237989,0.24169393116221805,0.2287429957648394,0.21203860098747426,0.20398311512172848,0.16890527775848085,0.1532666461802884
0.5404264273369921,0.35425304097849136,0.2576507876728182,0.23967681876730174,0.22952697726487342,0.21531572489681297,0.211651707795469,0.21029562854017633,0.16566305895577013,0.15771034128106065
0.5842763967035906,0.5296337221188119,0.2698971277544771,0.2584781178495755,0.2532084615186592,0.20887171459900827,0.15701162677715472,0.1472388502204128,0.14659605124163988,0.07461093924554811
0.574879759425861,0.4267745621702297,0.3299907759729558,0.28505610442110224,0.21254070441483336,0.20447191311391497,0.20132453079238882,0.15944555069498703,0.12439953585660266,0.11506474739784248
0.9257657005112606,0.1627553703034019,0.12305076153582062,0.11493884391384011,0.10178466999124368,0.1004866328306704,0.08788562875892048,0.06988550576968336,0.06808968256296902,0.0655668251892083
0.9745424217674516,0.10835129936284195,0.08814702418946184,0.08379654150937678,0.08007931865094628,0.07522041770585766,0.06034632134977613,0.04035668795099503,0.024595872399139844,0.022288491363398794
0.45148413285605166,0.3854813327166958,0.3566806793301288,0.3278785158188473,0.31781549767042494,0.2229037873564311,0.22069765695533974,0.20266491145878088,0.20140405545083903,0.1472607699023887
0.6299773252996892,0.5903320821510243,0.3392719884482345,0.1348455653368315,0.12676334866619088,0.09777953413180346,0.09689568297671752,0.09209147918457898,0.0837640696398398,0.07816761162607759
0.8872617354992872,0.3125285226116146,0.1774478354501108,0.12391282269150808,0.09177825905933158,0.08538899137551303,0.08316283769376352,0.07049386608288505,0.059595930672696425,0.057872797600057105
0.4818006777288038,0.45174942244228233,0.34486347897647707,0.32295936553946014,0.2633881095306576,0.2387380770394965,0.20418573011482613,0.19483419284020587,0.13841851268011873,0.12876040984458753
0.9225399506556825,0.2565248105671108,0.1584181661019519,0.12107345762383483,0.11697007067621988,0.06799653906908311,0.05847902468418933,0.04806221026981635,0.04567890967892026,0.04452718227385813
0.7265465545160248,0.45175936108810977,0.2708644549294157,0.2540278863714761,0.2071666074068843,0.12075522853150363,0.0983414670336339,0.06807997178854143,0.06438378916244428,0.06309672695798149
0.6985207853250596,0.4364606425523917,0.28343905925003593,0.22791534877087216,0.18816059656542145,0.1822523792686265,0.1461192952592136,0.10477391195001012,0.10293240444338662,0.10161128640931791
0.6526032788112289,0.5084230469858932,0.36074624802355176,0.23586257468336488,0.12578056679594843,0.11269631907987801,0.10673152562954084,0.10235024212808014,0.0964268891605144,0.09169053035083272
0.9326409837554753,0.17279530058803844,0.12176840417724623,0.10974024512404494,0.10718231440175666,0.08836138242968812,0.08350120265178482,0.07908307107337582,0.06997378389875167,0.06989818363160555
0.8329008556810483,0.34727736697092565,0.1878378048298606,0.15608298128978645,0.1530896754077788,0.11992793008286085,0.11098892630212157,0.1048517043070046,0.099211648798036,0.09773420625416832
0.6067521849456183,0.4581099847696835,0.4075108775646607,0.23965432500705067,0.18957533885225777,0.18269564222614035,0.1620119724757905,0.12359837402043776,0.1031608904472134,0.0999105321801084
0.7101436489414856,0.46598586008922693,0.2444382562203327,0.23933693006797674,0.20310984115844274,0.10987103835263609,0.10119375238703139,0.087621766724294,0.07999291193460267,0.07215617561240505
0.5780441079014595,0.4092378256715844,0.3848928814678074,0.37902331612365175,0.2908011996672877,0.15417156296366882,0.14022860511703156,0.09165547144660516,0.08842108234048673,0.08227485057564926
0.6241884940602324,0.5227529161197917,0.43349171455837904,0.2545494839111828,0.16768269870531394,0.09889017257417633,0.07153636060916795,0.0665846889889798,0.06562826424629781,0.0654177671501393
0.9760898722976393,0.09974716824733042,0.08077193013740493,0.07478845777537985,0.06977965055215675,0.06454096534946066,0.060713875927632596,0.04099696242871589,0.04085618957430233,0.03912041351511975
0.6876526484751295,0.4728662221249527,0.30869798096048723,0.2489569635008792,0.1948274012211005,0.11454615016840537,0.11331719584960595,0.11205998195076568,0.09053035563303112,0.08901183822711045
0.707520388938871,0.4927637985764747,0.3259521055526221,0.25101523761758593,0.11734504778185609,0.11656454547009705,0.09735460320758398,0.09001445613584808,0.07052791692081994,0.06640165380598158
0.9862736756116577,0.0617056589786036,0.05132140270105052,0.04769989086080746,0.03998895210749055,0.03757917635747967,0.032779188660663254,0.031811695093227656,0.03163973386789223,0.03156429831867941
0.681941109487623,0.42482589184876557,0.237514087652503,0.2361074153282031,0.20991840625585237,0.17639559635313443,0.1653504139059359,0.15417839723479235,0.14450768702402636,0.12358363804771581
0.8848053140497891,0.21353865309392908,0.20368058261152783,0.172135277181402,0.10970412421607614,0.09145848275416858,0.08005861538656302,0.07996126992157965,0.07455113364286838,0.071312463901312
0.9332523076098928,0.251724364211149,0.18540508258607744,0.07776645680928508,0.07119969008849575,0.057172268636877036,0.04902958874794079,0.0485922536023955,0.04481401097305024,0.042502947083276565
0.6690951946792653,0.47114367433243604,0.290412795146341,0.2135137015190192,0.1922286259441761,0.15907225587634338,0.13143850301686724,0.09960162768080744,0.09564983142396083,0.08258768154008035
0.4903506210219312,0.4670398226760011,0.42394376121037564,0.35132491314358233,0.2172277540075617,0.1950821219285614,0.18300428018182788,0.1688518456202884,0.11678253846111848,0.0944848211812794
0.9108535914185429,0.1772223315728783,0.1738172081985347,0.1416356016611223,0.12608643744711812,0.09847570032484546,0.0939591038678335,0.08515487469435881,0.08504762520138055,0.07041312583584913
0.9832752449737827,0.07462206107523443,0.06732274616043193,0.06030608807668943,0.05601959169846785,0.042767521790386134,0.041279801099504326,0.0342290381427967,0.03121883595080075,0.0296861320218628
0.6989036022231588,0.5495987352476275,0.2386595299058161,0.19116095055287058,0.11966941331127899,0.11857428767645838,0.11680171343243737,0.11209386300140739,0.11022581244233437,0.10091955596705243
0.7063792808640803,0.5488686763744975,0.23887037039686107,0.19122677292505902,0.1195132209006063,0.1173064757894933,0.11074946925230045,0.11068808082916393,0.10979720729195788,0.10077346946593906
0.46189060986162683,0.4271781211298449,0.37780642167673534,0.3226303887438197,0.29416615355594417,0.265764133671856,0.21714627589499932,0.20570585975737704,0.1643434073687475,0.10544871813726274
0.9861758977368656,0.10726125009234008,0.06842757143181331,0.048993480947643685,0.04488821057084648,0.034975218650717114,0.03354435775125968,0.02281339710889521,0.02093191899539281,0.019983397513551833
0.9745611222079615,0.18092805073518317,0.11467819903925218,0.03270046206244059,0.03117186369866888,0.019293378034024054,0.014856004179200192,0.0138455312336956,0.013574664579401374,0.011787429827135086
0.991863551184081,0.11638636153147312,0.023371708902136537,0.021975510810379306,0.019847626155452568,0.0192853572877019,0.014665134226442693,0.010320077564137005,0.009710688280271475,0.009578545089595322
0.5952118693063597,0.44807973731718015,0.4457718412485185,0.2695326810344796,0.23690383342217652,0.1076956324875507,0.10196942058084116,0.09509267540037779,0.08718552992245521,0.08599534657893684
0.6961652271389766,0.5831593274614223,0.26196232566298633,0.14426746790852948,0.12637041600252466,0.08354108742994013,0.0763154135557445,0.07501484915110453,0.06965771076854184,0.06100255297798989
0.8998286167359929,0.18021674964203868,0.17134583734405268,0.1253738685670227,0.12103178268560547,0.1070487851133506,0.09065635042127684,0.08936186200263843,0.0891756147990711,0.07741325660027558
0.6256697061086544,0.43760422100727514,0.3973115242710178,0.29548737997120694,0.20527975302181245,0.16031973068169011,0.11388644895086554,0.1039429126939381,0.09303396835363041,0.08686522785599399
0.6398799725800132,0.4844365677929997,0.3431878885985083,0.3419637953686734,0.1366169117612298,0.11247632757551619,0.09881774646621133,0.09540075965431156,0.09478097582122942,0.08784847272789209
0.7043702101427866,0.3241358917081877,0.2804017748304261,0.27847932226403666,0.2624567646238944,0.15970187279034148,0.15451693881646442,0.13294138438423764,0.1142083849623159,0.11079042877134873
0.7658353880527423,0.46314087100944656,0.20989665153464668,0.18038512145394006,0.11837876992370888,0.10868048148634349,0.1042919896460433,0.1001031052865977,0.08020687821653077,0.07486065648495886
0.9763455042002286,0.13077378965901085,0.07440207747282124,0.05772456108507228,0.05246716430802175,0.04758282977881432,0.04158720987071818,0.039300981340662164,0.037874863421436464,0.035279856000082044
0.7120731708129213,0.4449403484638267,0.2524329531984921,0.1858310350696979,0.17768077775723862,0.15724992079278727,0.1377451801919052,0.12531949536444328,0.11449412247854451,0.0935240225348581
0.5628429641327491,0.4423788488188779,0.4041082192707265,0.2703038237828671,0.19338730473224877,0.18724756827785402,0.17199063680615734,0.15928952650144967,0.11735960268415374,0.09506862283104785
0.5110429411120545,0.47579585698793503,0.47343260287042865,0.306243088251218,0.19619383761713435,0.1462478457330832,0.14333749875754004,0.11014295546359176,0.10302406650188925,0.0940084469315746
0.6975947472445108,0.44032306627460466,0.33352031552722183,0.2161068376632095,0.18609063480215227,0.15371352079145986,0.15346603862804026,0.12141994561693972,0.10631106145574336,0.09814716639610145
0.5828675561895527,0.48491476236949876,0.3197077639018276,0.26488651020209125,0.23818541675413643,0.21852034426774458,0.16626716208226414,0.11497460273862835,0.09847180001632155,0.09049398421527097
0.8462568684913531,0.327120747577191,0.2467310973934266,0.20985541649391348,0.11103261519000558,0.09513064163954928,0.08343294781522714,0.07613343571648715,0.06913428090888528,0.06364551885330524
0.6500361321214521,0.566287885045608,0.26699006156048605,0.174807386252592,0.16774786850322426,0.15023925165774527,0.12103872893934899,0.09763803990218044,0.09350445269209756,0.0910209460670779
0.476558341459971,0.4125923849708641,0.38205048141654585,0.3811660053936262,0.26650279466925597,0.2609537166839075,0.19890235572170564,0.174729643309976,0.10830080965879069,0.09619014104379059
0.9751465645396734,0.13685358729840555,0.07263752391550887,0.06608074199121415,0.05753973705822893,0.044522908053672546,0.04082368382177288,0.03933942002475124,0.035170427380445686,0.03494321190273903
0.8299803074274764,0.2995268652519095,0.21184831410420682,0.20669860193019357,0.1729529819059833,0.12244889512528648,0.11490008652922618,0.09929078373353892,0.09365201020572486,0.07510666558620838
0.7345746457522333,0.4484610929769004,0.37290949189230194,0.17078061954478618,0.1611048853147246,0.1078663534963454,0.08296259400512455,0.07590041575224218,0.07485253662026997,0.06059183395381819
0.5384085677765771,0.45842973505237333,0.30055912371755833,0.2352973568107342,0.23492231992334198,0.21449615188179547,0.17069355653691598,0.1681560622192638,0.14578026700753222,0.1416150977587814
0.9923203043913718,0.07455432737932928,0.07288071531934254,0.02979636703172899,0.02391629206002557,0.022985508519375104,0.020326609627847967,0.019054131289287596,0.014112651939225744,0.013361536795989962
0.5716314334089367,0.49826773513186806,0.3366302609200002,0.20746268446527374,0.19038591561414114,0.16996922022395963,0.1624128736932015,0.15969878647637767,0.14718292410601036,0.11754867615231102
0.46484184260244227,0.4430451356653353,0.4197410683896245,0.3435058127800535,0.33888764591624954,0.1976216893585507,0.19239879101961085,0.15143215676161323,0.11773504591009216,0.10988978063545203
0.8212219003765024,0.2474121583583019,0.2460913483737134,0.19665443893423032,0.16232826138655204,0.12886344688054946,0.1281053703289566,0.11751924549712484,0.09098975073777421,0.08229359588025585
0.7797394686049915,0.5228542704225173,0.20797052862988838,0.08807805566609375,0.08547680288029204,0.08378302199676235,0.06268694510863981,0.062376256306107256,0.05950204715413089,0.05391871778680438
0.6931392194312439,0.3750837840799203,0.28250239633162866,0.252728800577967,0.20260454430086489,0.19669004860738826,0.15696973846543757,0.14488254852059843,0.11211334793998005,0.10703732335763423
0.8296023504951309,0.5144639913688004,0.08225468201214953,0.07964524945133875,0.0621714940438472,0.060713851905025255,0.057440044702350646,0.045534862746183125,0.03874336914219849,0.03629043655655775
0.6579102278781728,0.6542309520247034,0.20317877046126814,0.10549249632323345,0.10348299986282591,0.0989171888785711,0.09721317535751821,0.09239796128707031,0.07740659416695819,0.0708893926160515
0.6873188562018023,0.6767164948082358,0.1413048749487535,0.1297581620055536,0.06876401654571325,0.04709637439626906,0.04166265308292606,0.03901058277640096,0.037701239786642124,0.037649823418073
0.9784045089610783,0.11318621802660016,0.08906976594978813,0.05804163827219953,0.05230550850439814,0.05175556314950764,0.043361297631339786,0.04035253225627081,0.037935397682741456,0.03771740053105975
0.738031699622393,0.3236488648533129,0.29418999478981017,0.2905078340542573,0.1814785478427064,0.175390429508798,0.14554994880128022,0.12428495795217946,0.10058732813384633,0.08218837219366948
0.9041918815706264,0.3039587287223153,0.1100101862679255,0.10723820522308448,0.08200821672617958,0.08105360716232904,0.07649064808507378,0.07004551622214297,0.06512683630653034,0.052341233708237477
0.618513169813389,0.539147512199275,0.4697158333230777,0.14015144973804305,0.12047135990626767,0.09154318015836707,0.07562016408380581,0.06703052939934695,0.06544203932191148,0.057781854331955054
0.969458362081472,0.11345991700152593,0.08469767992192392,0.08239355402298341,0.07035163864287233,0.05440761253733846,0.05202067318178004,0.05055763649406396,0.049553942530617165,0.0426535713018266
0.7380663164038349,0.32140129353091146,0.30980114724344215,0.2998601306483555,0.19536955250701077,0.15621277408622075,0.15135644696691014,0.12176493673530495,0.10410469408134332,0.09750990317692465
0.8256846061203911,0.39333670739618887,0.20708307242639928,0.15869022007586772,0.15756291146845083,0.11828138795197758,0.10423888761858077,0.0752063244060784,0.06873367844040319,0.06033702386643801
0.6098244571655822,0.5114918595398495,0.3265754336710414,0.25038415176462653,0.23959242852362278,0.17981492321166687,0.14844703123174668,0.11288462459823469,0.08889282401681504,0.08675770810833192
0.9932692983880748,0.07361552796118209,0.06270685259875972,0.04009039477751136,0.029857516819936585,0.022547382205895236,0.014738362671406163,0.012400610635156762,0.012317727766561348,0.010621714619689917
0.6085066569267833,0.5456925124364957,0.2592206598399411,0.22323997134213558,0.18387747493093026,0.17560976543621493,0.15293302054006855,0.114484952101537,0.10863954401268273,0.09926891528909017
0.9343688147215015,0.3063635844666553,0.06027868551666788,0.05829758792370615,0.05774658952686221,0.05544880277225747,0.05046931120776657,0.047149207040636174,0.03986881424971739,0.037846724613595284
0.5617095015201211,0.49378466468113763,0.2247353944826285,0.2021532915205862,0.17779924586163168,0.17468998626584026,0.16470853223486992,0.15071365863200617,0.14688899471067118,0.12981071084776535
0.648602366228511,0.26739796393720233,0.26497784716125766,0.252922851118813,0.22954437503973185,0.2149248509674148,0.17678875213356104,0.147798513349554,0.14443112126560725,0.14073391922741071
0.8924697695575097,0.362186016909701,0.11699978280778019,0.11393684147857855,0.10110584124438905,0.09810613007321045,0.07683830706728217,0.0512368922323437,0.047857077206174874,0.041404473838513985
0.5121261502613642,0.459119870978999,0.4161791851996441,0.27031102741298174,0.16821240507678048,0.16466639888578116,0.15623909730862676,0.1447234539660758,0.13932014469953008,0.11395845462886964
0.5420535921928868,0.3572206548311765,0.27098359078673606,0.2698438335764327,0.2608134953242507,0.20740360202739014,0.2039842961937679,0.18781030074535615,0.17193708823945125,0.14676349875727734
0.5169421528837268,0.40512147623272976,0.35881439682128874,0.28569497079561457,0.2023788755931635,0.17003072424212123,0.1626414159414671,0.15677339339399146,0.14942492209823205,0.14565876139235778
0.5565448445064821,0.3938592736019974,0.366505509541627,0.2971626078891743,0.28292488411361316,0.19032077530499142,0.18946991350372464,0.12426779115864234,0.11175145939819932,0.10315693606118279
0.7160341961275307,0.44958658890583375,0.32097133324850563,0.16631777514626847,0.1264620144658587,0.11095372250121668,0.1098548590506797,0.08527589370216383,0.08063960475792473,0.07980138991997107
0.9812499870961618,0.1649161291551541,0.06541043722601299,0.03257540119228335,0.024948701900884333,0.023770511837114282,0.02116323457778436,0.019603059037512638,0.019432304686927717,0.017589863846761273
0.8300531621475639,0.39594626666268423,0.17848721340798865,0.12814857866688076,0.1239750654410828,0.11702022094030168,0.1036978017097381,0.1026420186155918,0.07438555495433578,0.06986379033107581
0.9929724302834312,0.06104794911186331,0.06030443172789694,0.04510497722430461,0.02847237596215128,0.02738301626647678,0.026998803859304015,0.02553815956781427,0.016412678236002003,0.014663740859911721
0.6950331153333896,0.2834567139862715,0.27339179917770323,0.24007893055711618,0.18203984098096795,0.17288636849046532,0.1699751261631275,0.15593765747622074,0.15075259141050396,0.13623034549636173
0.5578367434138801,0.5247147211803049,0.4084005843607563,0.2528891941629462,0.1920522929668561,0.12686617850741638,0.11785535776945824,0.09240437811236304,0.08876550046180362,0.08855242845542541
0.7275063502199068,0.3990874709940944,0.2563492115570535,0.20573256098247739,0.16577476618655398,0.1615868154476349,0.1559410003247569,0.1156943923503952,0.11160087207109846,0.10972861142508844
0.4709950821858862,0.46940935194780903,0.34501077245042405,0.2687996784758528,0.2494968034388355,0.23037325904651523,0.20195386096947235,0.19453956982706314,0.13868432387422552,0.1267002097097801
0.5930532663983092,0.46326017739381065,0.26482199706248283,0.262619308603874,0.23145587598473724,0.17334776454738693,0.15835362633456587,0.15333058425130658,0.13259196776051538,0.1214574246918439
0.6981128635536173,0.46611283093936734,0.3054787554849884,0.2458166920345456,0.17555493650376905,0.16252590077997786,0.08315516088924427,0.08222899219346617,0.0820486391817154,0.06583100727270469
0.9387890595719237,0.28806959962185325,0.10853199773027514,0.06362975753057246,0.06232884310941004,0.05988960875316721,0.04398317691447559,0.04124465486527838,0.03016364033779792,0.029427808415262328
0.6524690958125566,0.6152463321261382,0.30016299167704025,0.1386218255950897,0.1058523649350954,0.09860834701070972,0.09660356836303975,0.09013438443719728,0.07918925166613776,0.07441331639716597
0.7182813057826266,0.5256452439325883,0.3203807601644813,0.13743834032447028,0.12219977086206933,0.11627498089277503,0.10172070240903282,0.08164197191367155,0.06442061576232212,0.06070913849191141
0.8077073397033709,0.3181467648594462,0.29838029062870597,0.25687875922463177,0.1934974744857177,0.11709560214162211,0.0827808154117062,0.08073881331387055,0.06417395281934381,0.05497715668158995
0.9491583092959263,0.17010989640183793,0.16878507824711422,0.13517292543072007,0.09303515291170325,0.04737518638082878,0.04486836071427773,0.0360412616158608,0.031527236538656064,0.025769093136314057
0.900938280346372,0.19343489428015218,0.18615897595686787,0.16516943322851324,0.14220626389007193,0.11711339810817153,0.1008571162253689,0.08839796981533093,0.06857325270339948,0.06659218683827056
0.6387540188808304,0.46633145862163805,0.4339033604394107,0.31253194661895073,0.09227409805870762,0.08576313921163027,0.08366349764051376,0.07922372817982218,0.07658629563427131,0.06994152311288387
0.7075389781191502,0.4955922045088724,0.23236450060382188,0.23189502072695778,0.21134894535676446,0.1228916789530919,0.10317017776456909,0.08390741027345239,0.07990280294956124,0.07858486018829204
0.9119743510972679,0.3593648155764914,0.09935175161353677,0.06007397959597636,0.05701552430870098,0.05697794225703727,0.05333421787502054,0.04890385145107435,0.04405006123436699,0.04383223442700027
0.7186905700376696,0.49773263954390234,0.34628977284491186,0.17035613823083648,0.10262115113515523,0.09247822786525396,0.09025199375431618,0.08223220085572658,0.07456205975622993,0.06689894911618739
0.58934489149673,0.49279320461611265,0.3537777071338455,0.29512222094920393,0.22511508615075046,0.1250671335126603,0.12134114598178183,0.10258849692585588,0.09534545930103265,0.0840556607845714
0.44256368643890964,0.43668885151171827,0.3931759534758946,0.3928536536141302,0.3712335611196989,0.2644290569626193,0.13846616136881046,0.10258837477167833,0.08662264976724458,0.07433477611624043
0.5727305605330293,0.3575358753602734,0.33050360218142294,0.28830258698975725,0.25090566117289737,0.23462797391204124,0.23241233702151162,0.20706357413722146,0.13212525184809953,0.12944548785792853
