Starting optimize_cnot_fidelity.py

Current China Time: 2026-08-04 21:28:45.946470+08:00
Loading system data for CNOT...
hspace_full=['0-0', '0-1', '1-0', '0-2', '0-3', '2-0', '3-0', '0-4', '4-0', '1-1', '0-5', '0-6', '2-1', '3-1', '5-0', '6-0', '1-2', '1-3', '0-7', '7-0', '0-8', '2-2', '3-2', '2-3', '3-3', '8-0', '1-4', '4-1', '0-9', '0-10']
hspace_select_idx=[0, 1, 2, 3, 5, 7, 8, 9, 10, 12, 14, 16, 20, 21, 25, 26, 27, 28, 31, 33, 35, 37, 39, 43, 45, 49, 50, 54, 55, 58, 62, 63, 64, 68, 71, 73, 76, 78, 80, 82, 85, 87, 93, 96, 98, 99, 101, 105, 106, 110, 112, 115, 117, 119, 120, 121, 127, 129, 133, 134, 135, 136, 139, 140, 144, 146, 151, 155, 160, 163, 167, 169, 171, 172, 174, 181, 182, 187, 189, 190, 193, 194, 197, 200, 204, 208, 209, 210, 211, 212, 216, 218, 220, 225, 226, 227, 230, 238, 240, 241, 244, 245, 247, 252, 254, 255, 258, 259, 261, 262, 264, 267, 269, 274, 275, 279, 282, 288, 296, 303, 304, 305, 306, 308, 310, 312, 315, 321, 323, 324, 333, 334, 340, 343, 344, 346, 353, 354, 356, 359, 361, 364, 365, 370, 372, 374, 375, 377, 378, 379, 383, 387, 388, 389, 391, 393, 398, 403, 406, 409, 412, 414, 416, 417, 418, 420, 424, 425, 426, 429, 430, 432, 434, 437, 450, 451, 453, 454, 461, 463, 466, 468, 470, 472, 473, 475, 483, 486, 494, 495, 496, 501, 502, 514, 524, 527, 528, 535, 536, 537, 539, 545, 549, 550, 553, 555, 556, 558, 560, 561, 565, 566, 572, 575, 576, 578, 579, 582, 583, 585]

hspace_select_idx = np.array([

0, 1, 2, 3, 5, 7, 8, 9, 10, 12, 14, 16, 20, 21, 25, 26, 27, 28, 31, 33 ,
35, 37, 39, 43, 45, 49, 50, 54, 55, 58, 62, 63, 64, 68, 71, 73, 76, 78, 80, 82 ,
85, 87, 93, 96, 98, 99, 101, 105, 106, 110, 112, 115, 117, 119, 120, 121, 127, 129, 133, 134 ,
135, 136, 139, 140, 144, 146, 151, 155, 160, 163, 167, 169, 171, 172, 174, 181, 182, 187, 189, 190 ,
193, 194, 197, 200, 204, 208, 209, 210, 211, 212, 216, 218, 220, 225, 226, 227, 230, 238, 240, 241 ,
244, 245, 247, 252, 254, 255, 258, 259, 261, 262, 264, 267, 269, 274, 275, 279, 282, 288, 296, 303 ,
304, 305, 306, 308, 310, 312, 315, 321, 323, 324, 333, 334, 340, 343, 344, 346, 353, 354, 356, 359 ,
361, 364, 365, 370, 372, 374, 375, 377, 378, 379, 383, 387, 388, 389, 391, 393, 398, 403, 406, 409 ,
412, 414, 416, 417, 418, 420, 424, 425, 426, 429, 430, 432, 434, 437, 450, 451, 453, 454, 461, 463 ,
466, 468, 470, 472, 473, 475, 483, 486, 494, 495, 496, 501, 502, 514, 524, 527, 528, 535, 536, 537 ,

539, 545, 549, 550, 553, 555, 556, 558, 560, 561, 565, 566, 572, 575, 576, 578, 579, 582, 583, 585 ,
])
hspace_select=['0-0', '0-1', '1-0', '0-2', '2-0', '0-4', '4-0', '1-1', '0-5', '2-1', '5-0', '1-2', '0-8', '2-2', '8-0', '1-4', '4-1', '0-9', '2-4', '9-0', '1-5', '5-1', '4-2', '0-12', '2-5', '1-8', '5-2', '12-0', '0-13', '0-16']
Loaded CNOT data: total states = 3000
Building Hamiltonians for CNOT...

============================================================
CNOT GATE FIDELITY OPTIMIZATION CONFIGURATION
============================================================
Start time: 2026-08-04 13:28:50 UTC
gate_type = CNOT
truc_large      = 1000
truc_optimize   = 220
reduced model   = charge_pick
max_step_ideal  = 0.001
max_step_noisy  = 0.001
workers         = 60
popsize         = 10
recombination   = 0.7
tol             = 0.01
mutation        = (0.5, 1.0)
resume          = False
do_plot         = True
use_x0         = from_input
first_x0_from_input = True
result_file     = data/fidelity_optimize/cnot_leakage_optimized_all33.npz
folder_pulse   = ../figure/data/data_cnot_fidelity_npz.txt
gate_time_indices = slice(None, None, None)
mid_state       = 8-2
W_0_2, W_1_2    = 45.56, 23.924
A1_bound        = (0.001, 0.1)
A2_bound        = (0.001, 0.1)
detune1_bound   = (-0.05, -1e-05)
detune2_bound   = (-0.05, -1e-05)
x0_array       = [[29.998501  0.086133  0.070563 -0.035335 -0.032721]]
tg_opt_vec       = [29.994376, 40.003004, 50.009627, 59.995626, 70.001584, 79.999318, 90.004152, 99.993121, 110.006914, 120.002847, 130.008905, 140.001622, 150.007858, 159.993478, 169.994539, 179.994327, 190.005655, 199.99683, 209.999963, 220.001258, 229.990815, 240.00977, 249.998675, 260.001744, 269.992401, 279.998122, 289.999552, 300.007623, 309.995594, 320.004107, 330.006586, 340.000951, 350.00857]
pulse_param = [[ 2.99943760e+01  9.92050000e-02  5.71090000e-02 -2.85230000e-02
  -2.73620000e-02]
 [ 4.00030040e+01  9.66090000e-02  4.95790000e-02 -2.83250000e-02
  -2.66940000e-02]
 [ 5.00096270e+01  8.62080000e-02  4.53340000e-02 -2.61820000e-02
  -2.45510000e-02]
 [ 5.99956260e+01  7.75440000e-02  4.18160000e-02 -2.44910000e-02
  -2.31600000e-02]
 [ 7.00015840e+01  7.01420000e-02  3.72170000e-02 -2.07170000e-02
  -1.99620000e-02]
 [ 7.99993180e+01  6.46540000e-02  3.51470000e-02 -1.94930000e-02
  -1.94650000e-02]
 [ 9.00041520e+01  5.83700000e-02  3.31310000e-02 -1.66790000e-02
  -1.64190000e-02]
 [ 9.99931210e+01  5.40870000e-02  3.08800000e-02 -1.40700000e-02
  -1.39060000e-02]
 [ 1.10006914e+02  4.94200000e-02  2.95230000e-02 -1.24670000e-02
  -1.22740000e-02]
 [ 1.20002847e+02  4.69720000e-02  2.85410000e-02 -1.22150000e-02
  -1.17230000e-02]
 [ 1.30008905e+02  4.49670000e-02  2.77550000e-02 -1.18440000e-02
  -1.13580000e-02]
 [ 1.40001622e+02  4.31440000e-02  2.70820000e-02 -1.16530000e-02
  -1.13320000e-02]
 [ 1.50007858e+02  3.97920000e-02  2.54360000e-02 -1.03270000e-02
  -9.99000000e-03]
 [ 1.59993478e+02  3.71360000e-02  2.39040000e-02 -9.12000000e-03
  -8.79900000e-03]
 [ 1.69994539e+02  3.50130000e-02  2.27270000e-02 -8.22900000e-03
  -7.88900000e-03]
 [ 1.79994327e+02  3.28790000e-02  2.14060000e-02 -7.32600000e-03
  -6.97400000e-03]
 [ 1.90005655e+02  3.10120000e-02  2.03070000e-02 -6.61300000e-03
  -6.32500000e-03]
 [ 1.99996830e+02  2.93480000e-02  1.92530000e-02 -5.93900000e-03
  -5.64200000e-03]
 [ 2.09999963e+02  2.78110000e-02  1.83160000e-02 -5.36100000e-03
  -5.10500000e-03]
 [ 2.20001258e+02  2.64910000e-02  1.74880000e-02 -4.91800000e-03
  -4.69100000e-03]
 [ 2.29990815e+02  2.51420000e-02  1.65450000e-02 -4.41000000e-03
  -4.17600000e-03]
 [ 2.40009770e+02  2.40990000e-02  1.57950000e-02 -3.99700000e-03
  -3.80700000e-03]
 [ 2.49998675e+02  2.29800000e-02  1.50820000e-02 -3.62300000e-03
  -3.45600000e-03]
 [ 2.60001744e+02  2.19690000e-02  1.44510000e-02 -3.31900000e-03
  -3.15400000e-03]
 [ 2.69992401e+02  2.11550000e-02  1.38720000e-02 -3.06900000e-03
  -2.91400000e-03]
 [ 2.79998122e+02  2.03610000e-02  1.33650000e-02 -2.84000000e-03
  -2.70400000e-03]
 [ 2.89999552e+02  1.96240000e-02  1.28630000e-02 -2.62100000e-03
  -2.50000000e-03]
 [ 3.00007623e+02  1.89250000e-02  1.24080000e-02 -2.44900000e-03
  -2.33800000e-03]
 [ 3.09995594e+02  1.82830000e-02  1.19790000e-02 -2.27300000e-03
  -2.16600000e-03]
 [ 3.20004107e+02  1.76470000e-02  1.15900000e-02 -2.11800000e-03
  -2.02500000e-03]
 [ 3.30006586e+02  1.71190000e-02  1.12250000e-02 -2.00000000e-03
  -1.90500000e-03]
 [ 3.40000951e+02  1.65890000e-02  1.08870000e-02 -1.87200000e-03
  -1.78100000e-03]
 [ 3.50008570e+02  1.61050000e-02  1.05520000e-02 -1.75900000e-03
  -1.67800000e-03]]
============================================================
Starting fidelity sweep...
pulse_param = [[ 2.99943760e+01  9.92050000e-02  5.71090000e-02 -2.85230000e-02
  -2.73620000e-02]
 [ 4.00030040e+01  9.66090000e-02  4.95790000e-02 -2.83250000e-02
  -2.66940000e-02]
 [ 5.00096270e+01  8.62080000e-02  4.53340000e-02 -2.61820000e-02
  -2.45510000e-02]
 [ 5.99956260e+01  7.75440000e-02  4.18160000e-02 -2.44910000e-02
  -2.31600000e-02]
 [ 7.00015840e+01  7.01420000e-02  3.72170000e-02 -2.07170000e-02
  -1.99620000e-02]
 [ 7.99993180e+01  6.46540000e-02  3.51470000e-02 -1.94930000e-02
  -1.94650000e-02]
 [ 9.00041520e+01  5.83700000e-02  3.31310000e-02 -1.66790000e-02
  -1.64190000e-02]
 [ 9.99931210e+01  5.40870000e-02  3.08800000e-02 -1.40700000e-02
  -1.39060000e-02]
 [ 1.10006914e+02  4.94200000e-02  2.95230000e-02 -1.24670000e-02
  -1.22740000e-02]
 [ 1.20002847e+02  4.69720000e-02  2.85410000e-02 -1.22150000e-02
  -1.17230000e-02]
 [ 1.30008905e+02  4.49670000e-02  2.77550000e-02 -1.18440000e-02
  -1.13580000e-02]
 [ 1.40001622e+02  4.31440000e-02  2.70820000e-02 -1.16530000e-02
  -1.13320000e-02]
 [ 1.50007858e+02  3.97920000e-02  2.54360000e-02 -1.03270000e-02
  -9.99000000e-03]
 [ 1.59993478e+02  3.71360000e-02  2.39040000e-02 -9.12000000e-03
  -8.79900000e-03]
 [ 1.69994539e+02  3.50130000e-02  2.27270000e-02 -8.22900000e-03
  -7.88900000e-03]
 [ 1.79994327e+02  3.28790000e-02  2.14060000e-02 -7.32600000e-03
  -6.97400000e-03]
 [ 1.90005655e+02  3.10120000e-02  2.03070000e-02 -6.61300000e-03
  -6.32500000e-03]
 [ 1.99996830e+02  2.93480000e-02  1.92530000e-02 -5.93900000e-03
  -5.64200000e-03]
 [ 2.09999963e+02  2.78110000e-02  1.83160000e-02 -5.36100000e-03
  -5.10500000e-03]
 [ 2.20001258e+02  2.64910000e-02  1.74880000e-02 -4.91800000e-03
  -4.69100000e-03]
 [ 2.29990815e+02  2.51420000e-02  1.65450000e-02 -4.41000000e-03
  -4.17600000e-03]
 [ 2.40009770e+02  2.40990000e-02  1.57950000e-02 -3.99700000e-03
  -3.80700000e-03]
 [ 2.49998675e+02  2.29800000e-02  1.50820000e-02 -3.62300000e-03
  -3.45600000e-03]
 [ 2.60001744e+02  2.19690000e-02  1.44510000e-02 -3.31900000e-03
  -3.15400000e-03]
 [ 2.69992401e+02  2.11550000e-02  1.38720000e-02 -3.06900000e-03
  -2.91400000e-03]
 [ 2.79998122e+02  2.03610000e-02  1.33650000e-02 -2.84000000e-03
  -2.70400000e-03]
 [ 2.89999552e+02  1.96240000e-02  1.28630000e-02 -2.62100000e-03
  -2.50000000e-03]
 [ 3.00007623e+02  1.89250000e-02  1.24080000e-02 -2.44900000e-03
  -2.33800000e-03]
 [ 3.09995594e+02  1.82830000e-02  1.19790000e-02 -2.27300000e-03
  -2.16600000e-03]
 [ 3.20004107e+02  1.76470000e-02  1.15900000e-02 -2.11800000e-03
  -2.02500000e-03]
 [ 3.30006586e+02  1.71190000e-02  1.12250000e-02 -2.00000000e-03
  -1.90500000e-03]
 [ 3.40000951e+02  1.65890000e-02  1.08870000e-02 -1.87200000e-03
  -1.78100000e-03]
 [ 3.50008570e+02  1.61050000e-02  1.05520000e-02 -1.75900000e-03
  -1.67800000e-03]]
Total gate times to optimize: 33, starting from index 0
CNOT optimize:   0%|          | 0/33 [00:00<?, ?it/s]
--- Optimizing CNOT at index 0, tg_init=29.994376 ---

Current China Time: 2026-08-04 21:28:50.627691+08:00
Using the corresponding previous pulse as x0
params["x0"] = [ 2.9994376e+01  9.9205000e-02  5.7109000e-02 -2.8523000e-02
 -2.7362000e-02]
UserWarning: differential_evolution: the 'workers' keyword has overridden updating='immediate' to updating='deferred'
 /home/zlqed/anaconda3/envs/zp2q/lib/python3.11/site-packages/scipy/optimize/_differentialevolution.py: 487differential_evolution step 1: f(x)= -0.2792586959659773
Best Solution: [29.994376, 0.099205, 0.057109, -0.028523, -0.027362]
Convergence: 0.0992
----------------------------
differential_evolution step 2: f(x)= -0.2792586959659773
Best Solution: [29.994376, 0.099205, 0.057109, -0.028523, -0.027362]
Convergence: 0.1025
----------------------------
differential_evolution step 3: f(x)= -0.28112669697115356
Best Solution: [29.98762055, 0.09882836, 0.05661533, -0.02388608, -0.02377815]
Convergence: 0.1079
----------------------------
differential_evolution step 4: f(x)= -0.28112669697115356
Best Solution: [29.98762055, 0.09882836, 0.05661533, -0.02388608, -0.02377815]
Convergence: 0.115
----------------------------
differential_evolution step 5: f(x)= -0.28112669697115356
Best Solution: [29.98762055, 0.09882836, 0.05661533, -0.02388608, -0.02377815]
Convergence: 0.1318
----------------------------
differential_evolution step 6: f(x)= -0.28112669697115356
Best Solution: [29.98762055, 0.09882836, 0.05661533, -0.02388608, -0.02377815]
Convergence: 0.1445
----------------------------
differential_evolution step 7: f(x)= -0.28112669697115356
Best Solution: [29.98762055, 0.09882836, 0.05661533, -0.02388608, -0.02377815]
Convergence: 0.1571
----------------------------
differential_evolution step 8: f(x)= -0.28112669697115356
Best Solution: [29.98762055, 0.09882836, 0.05661533, -0.02388608, -0.02377815]
Convergence: 0.1757
----------------------------
differential_evolution step 9: f(x)= -0.2813588357239888
Best Solution: [29.99326288, 0.09480027, 0.05393637, -0.01920302, -0.01925262]
Convergence: 0.2169
----------------------------
differential_evolution step 10: f(x)= -0.2813588357239888
Best Solution: [29.99326288, 0.09480027, 0.05393637, -0.01920302, -0.01925262]
Convergence: 0.2296
----------------------------
differential_evolution step 11: f(x)= -0.2813588357239888
Best Solution: [29.99326288, 0.09480027, 0.05393637, -0.01920302, -0.01925262]
Convergence: 0.2557
----------------------------
differential_evolution step 12: f(x)= -0.2813588357239888
Best Solution: [29.99326288, 0.09480027, 0.05393637, -0.01920302, -0.01925262]
Convergence: 0.28
----------------------------
differential_evolution step 13: f(x)= -0.2818662527331858
Best Solution: [29.98519014, 0.09341004, 0.0554132, -0.02202335, -0.01999781]
Convergence: 0.3538
----------------------------
differential_evolution step 14: f(x)= -0.2818662527331858
Best Solution: [29.98519014, 0.09341004, 0.0554132, -0.02202335, -0.01999781]
Convergence: 0.3706
----------------------------
differential_evolution step 15: f(x)= -0.2818662527331858
Best Solution: [29.98519014, 0.09341004, 0.0554132, -0.02202335, -0.01999781]
Convergence: 0.5185
----------------------------
differential_evolution step 16: f(x)= -0.2818662527331858
Best Solution: [29.98519014, 0.09341004, 0.0554132, -0.02202335, -0.01999781]
Convergence: 0.6597
----------------------------
differential_evolution step 17: f(x)= -0.2818662527331858
Best Solution: [29.98519014, 0.09341004, 0.0554132, -0.02202335, -0.01999781]
Convergence: 0.8227
----------------------------
differential_evolution step 18: f(x)= -0.2818902103495077
Best Solution: [30.00169796, 0.09503052, 0.05596451, -0.02294317, -0.02040573]
Convergence: 1.3458
----------------------------

Current China Time: 2026-08-04 21:35:40.732004+08:00
Optimization completed, fidelity = -0.28189021
Optimized params = [ 3.00016980e+01  9.50305175e-02  5.59645069e-02 -2.29431699e-02
 -2.04057267e-02]
param_optimized = np.array([
[30.001698, 0.095031, 0.055965, -0.022943, -0.020406] ,
])

f_220 = np.array([
-0.28189021 ,
])

f_1000 = np.array([
-0.29129808 ,
])
[SAVE] npz saved to data/fidelity_optimize/cnot_leakage_optimized_all33.npz
[SAVE] csv saved to data/fidelity_optimize/cnot_leakage_optimized_all33.csv
CNOT optimize:   3%|▎         | 1/33 [08:40<4:37:22, 520.09s/it]
--- Optimizing CNOT at index 1, tg_init=40.003004 ---

Current China Time: 2026-08-04 21:37:30.715325+08:00
Using the corresponding previous pulse as x0
params["x0"] = [ 4.0003004e+01  9.6609000e-02  4.9579000e-02 -2.8325000e-02
 -2.6694000e-02]
differential_evolution step 1: f(x)= -0.365869607705356
Best Solution: [40.003004, 0.096609, 0.049579, -0.028325, -0.026694]
Convergence: 0.054
----------------------------
differential_evolution step 2: f(x)= -0.365869607705356
Best Solution: [40.003004, 0.096609, 0.049579, -0.028325, -0.026694]
Convergence: 0.0571
----------------------------
differential_evolution step 3: f(x)= -0.365869607705356
Best Solution: [40.003004, 0.096609, 0.049579, -0.028325, -0.026694]
Convergence: 0.064
----------------------------
differential_evolution step 4: f(x)= -0.365869607705356
Best Solution: [40.003004, 0.096609, 0.049579, -0.028325, -0.026694]
Convergence: 0.0667
----------------------------
differential_evolution step 5: f(x)= -0.365869607705356
Best Solution: [40.003004, 0.096609, 0.049579, -0.028325, -0.026694]
Convergence: 0.0827
----------------------------
differential_evolution step 6: f(x)= -0.365869607705356
Best Solution: [40.003004, 0.096609, 0.049579, -0.028325, -0.026694]
Convergence: 0.1102
----------------------------
differential_evolution step 7: f(x)= -0.3663082987793024
Best Solution: [40.00419632, 0.09838476, 0.0517279, -0.02991383, -0.02795096]
Convergence: 0.1379
----------------------------
differential_evolution step 8: f(x)= -0.3671817757059707
Best Solution: [40.00418736, 0.09969789, 0.04513268, -0.02148503, -0.02154456]
Convergence: 0.1808
----------------------------
differential_evolution step 9: f(x)= -0.3671817757059707
Best Solution: [40.00418736, 0.09969789, 0.04513268, -0.02148503, -0.02154456]
Convergence: 0.2292
----------------------------
differential_evolution step 10: f(x)= -0.3682504182067619
Best Solution: [40.00583946, 0.09999596, 0.04858388, -0.02615038, -0.02530071]
Convergence: 0.2496
----------------------------
differential_evolution step 11: f(x)= -0.36831444488210985
Best Solution: [40.00554656, 0.09976173, 0.04634468, -0.0233356, -0.02322332]
Convergence: 0.3455
----------------------------
differential_evolution step 12: f(x)= -0.36831444488210985
Best Solution: [40.00554656, 0.09976173, 0.04634468, -0.0233356, -0.02322332]
Convergence: 0.3698
----------------------------
differential_evolution step 13: f(x)= -0.36831444488210985
Best Solution: [40.00554656, 0.09976173, 0.04634468, -0.0233356, -0.02322332]
Convergence: 0.438
----------------------------
differential_evolution step 14: f(x)= -0.36831444488210985
Best Solution: [40.00554656, 0.09976173, 0.04634468, -0.0233356, -0.02322332]
Convergence: 0.4877
----------------------------
differential_evolution step 15: f(x)= -0.36831444488210985
Best Solution: [40.00554656, 0.09976173, 0.04634468, -0.0233356, -0.02322332]
Convergence: 0.7294
----------------------------
differential_evolution step 16: f(x)= -0.36831444488210985
Best Solution: [40.00554656, 0.09976173, 0.04634468, -0.0233356, -0.02322332]
Convergence: 0.957
----------------------------
differential_evolution step 17: f(x)= -0.36851881981738704
Best Solution: [40.00555329, 0.09972666, 0.04686453, -0.02415564, -0.02389989]
Convergence: 0.9875
----------------------------
differential_evolution step 18: f(x)= -0.36851881981738704
Best Solution: [40.00555329, 0.09972666, 0.04686453, -0.02415564, -0.02389989]
Convergence: 0.9974
----------------------------
differential_evolution step 19: f(x)= -0.36851881981738704
Best Solution: [40.00555329, 0.09972666, 0.04686453, -0.02415564, -0.02389989]
Convergence: 1.0542
----------------------------

Current China Time: 2026-08-04 21:47:12.304142+08:00
Optimization completed, fidelity = -0.36851882
Optimized params = [ 4.00055533e+01  9.97266569e-02  4.68645260e-02 -2.41556444e-02
 -2.38998860e-02]
param_optimized = np.array([
[30.001698, 0.095031, 0.055965, -0.022943, -0.020406] ,
[40.005553, 0.099727, 0.046865, -0.024156, -0.0239] ,
])

f_220 = np.array([
-0.28189021, -0.36851882 ,
])

f_1000 = np.array([
-0.29129808, -0.36923390 ,
])
[SAVE] npz saved to data/fidelity_optimize/cnot_leakage_optimized_all33.npz
[SAVE] csv saved to data/fidelity_optimize/cnot_leakage_optimized_all33.csv
CNOT optimize:   6%|▌         | 2/33 [20:52<5:33:11, 644.89s/it]
--- Optimizing CNOT at index 2, tg_init=50.009627 ---

Current China Time: 2026-08-04 21:49:42.967935+08:00
Using the corresponding previous pulse as x0
params["x0"] = [ 5.0009627e+01  8.6208000e-02  4.5334000e-02 -2.6182000e-02
 -2.4551000e-02]
differential_evolution step 1: f(x)= -0.473822986675853
Best Solution: [50.009627, 0.086208, 0.045334, -0.026182, -0.024551]
Convergence: 0.0419
----------------------------
differential_evolution step 2: f(x)= -0.473822986675853
Best Solution: [50.009627, 0.086208, 0.045334, -0.026182, -0.024551]
Convergence: 0.0439
----------------------------
differential_evolution step 3: f(x)= -0.473822986675853
Best Solution: [50.009627, 0.086208, 0.045334, -0.026182, -0.024551]
Convergence: 0.044
----------------------------
differential_evolution step 4: f(x)= -0.473822986675853
Best Solution: [50.009627, 0.086208, 0.045334, -0.026182, -0.024551]
Convergence: 0.0501
----------------------------
differential_evolution step 5: f(x)= -0.473822986675853
Best Solution: [50.009627, 0.086208, 0.045334, -0.026182, -0.024551]
Convergence: 0.0494
----------------------------
differential_evolution step 6: f(x)= -0.473822986675853
Best Solution: [50.009627, 0.086208, 0.045334, -0.026182, -0.024551]
Convergence: 0.0559
----------------------------
differential_evolution step 7: f(x)= -0.473822986675853
Best Solution: [50.009627, 0.086208, 0.045334, -0.026182, -0.024551]
Convergence: 0.0611
----------------------------
differential_evolution step 8: f(x)= -0.473822986675853
Best Solution: [50.009627, 0.086208, 0.045334, -0.026182, -0.024551]
Convergence: 0.0855
----------------------------
differential_evolution step 9: f(x)= -0.473822986675853
Best Solution: [50.009627, 0.086208, 0.045334, -0.026182, -0.024551]
Convergence: 0.0935
----------------------------
differential_evolution step 10: f(x)= -0.476139436003569
Best Solution: [50.00702936, 0.08789547, 0.04464745, -0.02555293, -0.02467699]
Convergence: 0.108
----------------------------
differential_evolution step 11: f(x)= -0.476139436003569
Best Solution: [50.00702936, 0.08789547, 0.04464745, -0.02555293, -0.02467699]
Convergence: 0.1487
----------------------------
differential_evolution step 12: f(x)= -0.476139436003569
Best Solution: [50.00702936, 0.08789547, 0.04464745, -0.02555293, -0.02467699]
Convergence: 0.3016
----------------------------
differential_evolution step 13: f(x)= -0.4765845480149127
Best Solution: [50.00381421, 0.09536053, 0.04209371, -0.02465416, -0.02315992]
Convergence: 0.3743
----------------------------
differential_evolution step 14: f(x)= -0.4768859026232855
Best Solution: [50.00330772, 0.09197963, 0.04451985, -0.02487823, -0.024551]
Convergence: 0.4015
----------------------------
differential_evolution step 15: f(x)= -0.47772725206196154
Best Solution: [50.00050984, 0.09164166, 0.04415708, -0.02603119, -0.02515723]
Convergence: 0.4147
----------------------------
differential_evolution step 16: f(x)= -0.47772725206196154
Best Solution: [50.00050984, 0.09164166, 0.04415708, -0.02603119, -0.02515723]
Convergence: 0.5842
----------------------------
differential_evolution step 17: f(x)= -0.47772725206196154
Best Solution: [50.00050984, 0.09164166, 0.04415708, -0.02603119, -0.02515723]
Convergence: 0.8212
----------------------------
differential_evolution step 18: f(x)= -0.47772725206196154
Best Solution: [50.00050984, 0.09164166, 0.04415708, -0.02603119, -0.02515723]
Convergence: 0.8565
----------------------------
differential_evolution step 19: f(x)= -0.47895616524618356
Best Solution: [50.00717831, 0.0944291, 0.04232707, -0.02447264, -0.02457849]
Convergence: 1.007
----------------------------

Current China Time: 2026-08-04 22:02:08.324588+08:00
Optimization completed, fidelity = -0.47895617
Optimized params = [ 5.00071783e+01  9.44291006e-02  4.23270716e-02 -2.44726374e-02
 -2.45784917e-02]
param_optimized = np.array([
[30.001698, 0.095031, 0.055965, -0.022943, -0.020406] ,
[40.005553, 0.099727, 0.046865, -0.024156, -0.0239] ,
[50.007178, 0.094429, 0.042327, -0.024473, -0.024578] ,
])

f_220 = np.array([
-0.28189021, -0.36851882, -0.47895617 ,
])

f_1000 = np.array([
-0.29129808, -0.36923390, -0.46374899 ,
])
[SAVE] npz saved to data/fidelity_optimize/cnot_leakage_optimized_all33.npz
[SAVE] csv saved to data/fidelity_optimize/cnot_leakage_optimized_all33.csv
CNOT optimize:   9%|▉         | 3/33 [36:24<6:28:05, 776.17s/it]
--- Optimizing CNOT at index 3, tg_init=59.995626 ---

Current China Time: 2026-08-04 22:05:15.364766+08:00
Using the corresponding previous pulse as x0
params["x0"] = [ 5.9995626e+01  7.7544000e-02  4.1816000e-02 -2.4491000e-02
 -2.3160000e-02]
differential_evolution step 1: f(x)= -0.5892976156869452
Best Solution: [59.995626, 0.077544, 0.041816, -0.024491, -0.02316]
Convergence: 0.0358
----------------------------
differential_evolution step 2: f(x)= -0.5892976156869452
Best Solution: [59.995626, 0.077544, 0.041816, -0.024491, -0.02316]
Convergence: 0.034
----------------------------
differential_evolution step 3: f(x)= -0.5892976156869452
Best Solution: [59.995626, 0.077544, 0.041816, -0.024491, -0.02316]
Convergence: 0.0341
----------------------------
differential_evolution step 4: f(x)= -0.5892976156869452
Best Solution: [59.995626, 0.077544, 0.041816, -0.024491, -0.02316]
Convergence: 0.0383
----------------------------
differential_evolution step 5: f(x)= -0.5892976156869452
Best Solution: [59.995626, 0.077544, 0.041816, -0.024491, -0.02316]
Convergence: 0.0452
----------------------------
differential_evolution step 6: f(x)= -0.5892976156869452
Best Solution: [59.995626, 0.077544, 0.041816, -0.024491, -0.02316]
Convergence: 0.0523
----------------------------
differential_evolution step 7: f(x)= -0.5892976156869452
Best Solution: [59.995626, 0.077544, 0.041816, -0.024491, -0.02316]
Convergence: 0.0566
----------------------------
differential_evolution step 8: f(x)= -0.5892976156869452
Best Solution: [59.995626, 0.077544, 0.041816, -0.024491, -0.02316]
Convergence: 0.0624
----------------------------
differential_evolution step 9: f(x)= -0.5892976156869452
Best Solution: [59.995626, 0.077544, 0.041816, -0.024491, -0.02316]
Convergence: 0.0666
----------------------------
differential_evolution step 10: f(x)= -0.5892976156869452
Best Solution: [59.995626, 0.077544, 0.041816, -0.024491, -0.02316]
Convergence: 0.0755
----------------------------
differential_evolution step 11: f(x)= -0.5892976156869452
Best Solution: [59.995626, 0.077544, 0.041816, -0.024491, -0.02316]
Convergence: 0.0934
----------------------------
differential_evolution step 12: f(x)= -0.5892976156869452
Best Solution: [59.995626, 0.077544, 0.041816, -0.024491, -0.02316]
Convergence: 0.0999
----------------------------
differential_evolution step 13: f(x)= -0.5892976156869452
Best Solution: [59.995626, 0.077544, 0.041816, -0.024491, -0.02316]
Convergence: 0.1199
----------------------------
differential_evolution step 14: f(x)= -0.5929123331467557
Best Solution: [59.99958652, 0.0875446, 0.04107613, -0.02525467, -0.02423104]
Convergence: 0.1657
----------------------------
differential_evolution step 15: f(x)= -0.5967512400413792
Best Solution: [59.99605386, 0.08317095, 0.03930995, -0.02287282, -0.02184689]
Convergence: 0.2471
----------------------------
differential_evolution step 16: f(x)= -0.5967512400413792
Best Solution: [59.99605386, 0.08317095, 0.03930995, -0.02287282, -0.02184689]
Convergence: 0.302
----------------------------
differential_evolution step 17: f(x)= -0.5969092036913834
Best Solution: [59.98813862, 0.08377158, 0.03825405, -0.02205548, -0.02218298]
Convergence: 0.3079
----------------------------
differential_evolution step 18: f(x)= -0.5969092036913834
Best Solution: [59.98813862, 0.08377158, 0.03825405, -0.02205548, -0.02218298]
Convergence: 0.3194
----------------------------
differential_evolution step 19: f(x)= -0.598258496137218
Best Solution: [60.00264552, 0.08699728, 0.03864818, -0.02317584, -0.02287434]
Convergence: 0.5194
----------------------------
differential_evolution step 20: f(x)= -0.598258496137218
Best Solution: [60.00264552, 0.08699728, 0.03864818, -0.02317584, -0.02287434]
Convergence: 0.541
----------------------------
differential_evolution step 21: f(x)= -0.598258496137218
Best Solution: [60.00264552, 0.08699728, 0.03864818, -0.02317584, -0.02287434]
Convergence: 0.7108
----------------------------
differential_evolution step 22: f(x)= -0.598258496137218
Best Solution: [60.00264552, 0.08699728, 0.03864818, -0.02317584, -0.02287434]
Convergence: 0.8456
----------------------------
differential_evolution step 23: f(x)= -0.5989938948441367
Best Solution: [60.00042025, 0.08602682, 0.03956572, -0.02381866, -0.02359337]
Convergence: 0.9859
----------------------------
differential_evolution step 24: f(x)= -0.5989938948441367
Best Solution: [60.00042025, 0.08602682, 0.03956572, -0.02381866, -0.02359337]
Convergence: 1.3458
----------------------------

Current China Time: 2026-08-04 22:23:35.690962+08:00
Optimization completed, fidelity = -0.59899389
Optimized params = [ 6.00004202e+01  8.60268178e-02  3.95657205e-02 -2.38186625e-02
 -2.35933737e-02]
param_optimized = np.array([
[30.001698, 0.095031, 0.055965, -0.022943, -0.020406] ,
[40.005553, 0.099727, 0.046865, -0.024156, -0.0239] ,
[50.007178, 0.094429, 0.042327, -0.024473, -0.024578] ,
[60.00042, 0.086027, 0.039566, -0.023819, -0.023593] ,
])

f_220 = np.array([
-0.28189021, -0.36851882, -0.47895617, -0.59899389 ,
])

f_1000 = np.array([
-0.29129808, -0.36923390, -0.46374899, -0.56816160 ,
])
[SAVE] npz saved to data/fidelity_optimize/cnot_leakage_optimized_all33.npz
[SAVE] csv saved to data/fidelity_optimize/cnot_leakage_optimized_all33.csv
CNOT optimize:  12%|█▏        | 4/33 [58:24<7:58:50, 990.70s/it]
--- Optimizing CNOT at index 4, tg_init=70.001584 ---

Current China Time: 2026-08-04 22:27:14.934660+08:00
Using the corresponding previous pulse as x0
params["x0"] = [ 7.0001584e+01  7.0142000e-02  3.7217000e-02 -2.0717000e-02
 -1.9962000e-02]
differential_evolution step 1: f(x)= -0.7017405396192855
Best Solution: [70.001584, 0.070142, 0.037217, -0.020717, -0.019962]
Convergence: 0.0257
----------------------------
differential_evolution step 2: f(x)= -0.7017405396192855
Best Solution: [70.001584, 0.070142, 0.037217, -0.020717, -0.019962]
Convergence: 0.027
----------------------------
differential_evolution step 3: f(x)= -0.7017405396192855
Best Solution: [70.001584, 0.070142, 0.037217, -0.020717, -0.019962]
Convergence: 0.0316
----------------------------
differential_evolution step 4: f(x)= -0.7017405396192855
Best Solution: [70.001584, 0.070142, 0.037217, -0.020717, -0.019962]
Convergence: 0.0352
----------------------------
differential_evolution step 5: f(x)= -0.7017405396192855
Best Solution: [70.001584, 0.070142, 0.037217, -0.020717, -0.019962]
Convergence: 0.0467
----------------------------
differential_evolution step 6: f(x)= -0.7017405396192855
Best Solution: [70.001584, 0.070142, 0.037217, -0.020717, -0.019962]
Convergence: 0.0705
----------------------------
differential_evolution step 7: f(x)= -0.7017405396192855
Best Solution: [70.001584, 0.070142, 0.037217, -0.020717, -0.019962]
Convergence: 0.0968
----------------------------
differential_evolution step 8: f(x)= -0.7059210771293337
Best Solution: [70.00689409, 0.07697257, 0.03654187, -0.02292314, -0.02203881]
Convergence: 0.1402
----------------------------
differential_evolution step 9: f(x)= -0.710407626975827
Best Solution: [70.00343494, 0.07528336, 0.03845865, -0.02331934, -0.02261717]
Convergence: 0.1841
----------------------------
differential_evolution step 10: f(x)= -0.710407626975827
Best Solution: [70.00343494, 0.07528336, 0.03845865, -0.02331934, -0.02261717]
Convergence: 0.2611
----------------------------
differential_evolution step 11: f(x)= -0.7117797058990151
Best Solution: [70.00632026, 0.07549835, 0.03755451, -0.02207224, -0.02175593]
Convergence: 0.3298
----------------------------
differential_evolution step 12: f(x)= -0.7117797058990151
Best Solution: [70.00632026, 0.07549835, 0.03755451, -0.02207224, -0.02175593]
Convergence: 0.4713
----------------------------
differential_evolution step 13: f(x)= -0.7117797058990151
Best Solution: [70.00632026, 0.07549835, 0.03755451, -0.02207224, -0.02175593]
Convergence: 0.5196
----------------------------
differential_evolution step 14: f(x)= -0.7117797058990151
Best Solution: [70.00632026, 0.07549835, 0.03755451, -0.02207224, -0.02175593]
Convergence: 0.5999
----------------------------
differential_evolution step 15: f(x)= -0.7117797058990151
Best Solution: [70.00632026, 0.07549835, 0.03755451, -0.02207224, -0.02175593]
Convergence: 0.6774
----------------------------
differential_evolution step 16: f(x)= -0.7117797058990151
Best Solution: [70.00632026, 0.07549835, 0.03755451, -0.02207224, -0.02175593]
Convergence: 0.7465
----------------------------
differential_evolution step 17: f(x)= -0.7117797058990151
Best Solution: [70.00632026, 0.07549835, 0.03755451, -0.02207224, -0.02175593]
Convergence: 0.8082
----------------------------
differential_evolution step 18: f(x)= -0.7117797058990151
Best Solution: [70.00632026, 0.07549835, 0.03755451, -0.02207224, -0.02175593]
Convergence: 1.4075
----------------------------

Current China Time: 2026-08-04 22:43:16.305976+08:00
Optimization completed, fidelity = -0.71177971
Optimized params = [ 7.00063203e+01  7.54983496e-02  3.75545096e-02 -2.20722397e-02
 -2.17559293e-02]
param_optimized = np.array([
[30.001698, 0.095031, 0.055965, -0.022943, -0.020406] ,
[40.005553, 0.099727, 0.046865, -0.024156, -0.0239] ,
[50.007178, 0.094429, 0.042327, -0.024473, -0.024578] ,
[60.00042, 0.086027, 0.039566, -0.023819, -0.023593] ,
[70.00632, 0.075498, 0.037555, -0.022072, -0.021756] ,
])

f_220 = np.array([
-0.28189021, -0.36851882, -0.47895617, -0.59899389 ,
-0.71177971 ,
])

f_1000 = np.array([
-0.29129808, -0.36923390, -0.46374899, -0.56816160 ,
-0.67249961 ,
])
[SAVE] npz saved to data/fidelity_optimize/cnot_leakage_optimized_all33.npz
[SAVE] csv saved to data/fidelity_optimize/cnot_leakage_optimized_all33.csv
CNOT optimize:  15%|█▌        | 5/33 [1:18:28<8:18:19, 1067.85s/it]
--- Optimizing CNOT at index 5, tg_init=79.999318 ---

Current China Time: 2026-08-04 22:47:19.576748+08:00
Using the corresponding previous pulse as x0
params["x0"] = [ 7.9999318e+01  6.4654000e-02  3.5147000e-02 -1.9493000e-02
 -1.9465000e-02]
differential_evolution step 1: f(x)= -0.7881376277421184
Best Solution: [79.999318, 0.064654, 0.035147, -0.019493, -0.019465]
Convergence: 0.0232
----------------------------
differential_evolution step 2: f(x)= -0.7881376277421184
Best Solution: [79.999318, 0.064654, 0.035147, -0.019493, -0.019465]
Convergence: 0.027
----------------------------
differential_evolution step 3: f(x)= -0.7881376277421184
Best Solution: [79.999318, 0.064654, 0.035147, -0.019493, -0.019465]
Convergence: 0.0302
----------------------------
differential_evolution step 4: f(x)= -0.7881376277421184
Best Solution: [79.999318, 0.064654, 0.035147, -0.019493, -0.019465]
Convergence: 0.0335
----------------------------
differential_evolution step 5: f(x)= -0.7881376277421184
Best Solution: [79.999318, 0.064654, 0.035147, -0.019493, -0.019465]
Convergence: 0.0397
----------------------------
differential_evolution step 6: f(x)= -0.7881376277421184
Best Solution: [79.999318, 0.064654, 0.035147, -0.019493, -0.019465]
Convergence: 0.0437
----------------------------
differential_evolution step 7: f(x)= -0.7881376277421184
Best Solution: [79.999318, 0.064654, 0.035147, -0.019493, -0.019465]
Convergence: 0.0456
----------------------------
differential_evolution step 8: f(x)= -0.7881376277421184
Best Solution: [79.999318, 0.064654, 0.035147, -0.019493, -0.019465]
Convergence: 0.0494
----------------------------
differential_evolution step 9: f(x)= -0.7881376277421184
Best Solution: [79.999318, 0.064654, 0.035147, -0.019493, -0.019465]
Convergence: 0.0604
----------------------------
differential_evolution step 10: f(x)= -0.7881376277421184
Best Solution: [79.999318, 0.064654, 0.035147, -0.019493, -0.019465]
Convergence: 0.0693
----------------------------
differential_evolution step 11: f(x)= -0.7881789433475122
Best Solution: [80.00470868, 0.064654, 0.035147, -0.019493, -0.019465]
Convergence: 0.0828
----------------------------
differential_evolution step 12: f(x)= -0.7881789433475122
Best Solution: [80.00470868, 0.064654, 0.035147, -0.019493, -0.019465]
Convergence: 0.0947
----------------------------
differential_evolution step 13: f(x)= -0.7881789433475122
Best Solution: [80.00470868, 0.064654, 0.035147, -0.019493, -0.019465]
Convergence: 0.1311
----------------------------
differential_evolution step 14: f(x)= -0.7897209077409617
Best Solution: [80.00704948, 0.07029651, 0.03475142, -0.02095277, -0.02130314]
Convergence: 0.1502
----------------------------
differential_evolution step 15: f(x)= -0.7897209077409617
Best Solution: [80.00704948, 0.07029651, 0.03475142, -0.02095277, -0.02130314]
Convergence: 0.1834
----------------------------
differential_evolution step 16: f(x)= -0.7897209077409617
Best Solution: [80.00704948, 0.07029651, 0.03475142, -0.02095277, -0.02130314]
Convergence: 0.2046
----------------------------
differential_evolution step 17: f(x)= -0.7897209077409617
Best Solution: [80.00704948, 0.07029651, 0.03475142, -0.02095277, -0.02130314]
Convergence: 0.3047
----------------------------
differential_evolution step 18: f(x)= -0.7897209077409617
Best Solution: [80.00704948, 0.07029651, 0.03475142, -0.02095277, -0.02130314]
Convergence: 0.3281
----------------------------
differential_evolution step 19: f(x)= -0.7945691964856191
Best Solution: [80.00557003, 0.06704308, 0.03580329, -0.02093576, -0.02074807]
Convergence: 0.5658
----------------------------
differential_evolution step 20: f(x)= -0.7945691964856191
Best Solution: [80.00557003, 0.06704308, 0.03580329, -0.02093576, -0.02074807]
Convergence: 0.6588
----------------------------
differential_evolution step 21: f(x)= -0.7947178024411481
Best Solution: [80.00902537, 0.06863107, 0.03605233, -0.02157623, -0.02103332]
Convergence: 0.7422
----------------------------
differential_evolution step 22: f(x)= -0.7947178024411481
Best Solution: [80.00902537, 0.06863107, 0.03605233, -0.02157623, -0.02103332]
Convergence: 0.9812
----------------------------
differential_evolution step 23: f(x)= -0.7948070040118868
Best Solution: [80.00717061, 0.06846856, 0.03608587, -0.02166562, -0.02136649]
Convergence: 1.1449
----------------------------

Current China Time: 2026-08-04 23:10:08.080793+08:00
Optimization completed, fidelity = -0.79480700
Optimized params = [ 8.00071706e+01  6.84685567e-02  3.60858749e-02 -2.16656222e-02
 -2.13664923e-02]
param_optimized = np.array([
[30.001698, 0.095031, 0.055965, -0.022943, -0.020406] ,
[40.005553, 0.099727, 0.046865, -0.024156, -0.0239] ,
[50.007178, 0.094429, 0.042327, -0.024473, -0.024578] ,
[60.00042, 0.086027, 0.039566, -0.023819, -0.023593] ,
[70.00632, 0.075498, 0.037555, -0.022072, -0.021756] ,
[80.007171, 0.068469, 0.036086, -0.021666, -0.021366] ,
])

f_220 = np.array([
-0.28189021, -0.36851882, -0.47895617, -0.59899389 ,
-0.71177971, -0.79480700 ,
])

f_1000 = np.array([
-0.29129808, -0.36923390, -0.46374899, -0.56816160 ,
-0.67249961, -0.74881948 ,
])
[SAVE] npz saved to data/fidelity_optimize/cnot_leakage_optimized_all33.npz
[SAVE] csv saved to data/fidelity_optimize/cnot_leakage_optimized_all33.csv
CNOT optimize:  18%|█▊        | 6/33 [1:45:45<9:27:32, 1261.22s/it]
--- Optimizing CNOT at index 6, tg_init=90.004152 ---

Current China Time: 2026-08-04 23:14:36.161608+08:00
Using the corresponding previous pulse as x0
params["x0"] = [ 9.0004152e+01  5.8370000e-02  3.3131000e-02 -1.6679000e-02
 -1.6419000e-02]
differential_evolution step 1: f(x)= -0.8365994581204743
Best Solution: [90.004152, 0.05837, 0.033131, -0.016679, -0.016419]
Convergence: 0.0248
----------------------------
differential_evolution step 2: f(x)= -0.8365994581204743
Best Solution: [90.004152, 0.05837, 0.033131, -0.016679, -0.016419]
Convergence: 0.0258
----------------------------
differential_evolution step 3: f(x)= -0.8365994581204743
Best Solution: [90.004152, 0.05837, 0.033131, -0.016679, -0.016419]
Convergence: 0.028
----------------------------
differential_evolution step 4: f(x)= -0.8365994581204743
Best Solution: [90.004152, 0.05837, 0.033131, -0.016679, -0.016419]
Convergence: 0.0315
----------------------------
differential_evolution step 5: f(x)= -0.8365994581204743
Best Solution: [90.004152, 0.05837, 0.033131, -0.016679, -0.016419]
Convergence: 0.0347
----------------------------
differential_evolution step 6: f(x)= -0.8365994581204743
Best Solution: [90.004152, 0.05837, 0.033131, -0.016679, -0.016419]
Convergence: 0.041
----------------------------
differential_evolution step 7: f(x)= -0.8365994581204743
Best Solution: [90.004152, 0.05837, 0.033131, -0.016679, -0.016419]
Convergence: 0.0409
----------------------------
differential_evolution step 8: f(x)= -0.8365994581204743
Best Solution: [90.004152, 0.05837, 0.033131, -0.016679, -0.016419]
Convergence: 0.0522
----------------------------
differential_evolution step 9: f(x)= -0.8365994581204743
Best Solution: [90.004152, 0.05837, 0.033131, -0.016679, -0.016419]
Convergence: 0.0536
----------------------------
differential_evolution step 10: f(x)= -0.8365994581204743
Best Solution: [90.004152, 0.05837, 0.033131, -0.016679, -0.016419]
Convergence: 0.0579
----------------------------
differential_evolution step 11: f(x)= -0.8365994581204743
Best Solution: [90.004152, 0.05837, 0.033131, -0.016679, -0.016419]
Convergence: 0.0667
----------------------------
differential_evolution step 12: f(x)= -0.8365994581204743
Best Solution: [90.004152, 0.05837, 0.033131, -0.016679, -0.016419]
Convergence: 0.0765
----------------------------
differential_evolution step 13: f(x)= -0.8365994581204743
Best Solution: [90.004152, 0.05837, 0.033131, -0.016679, -0.016419]
Convergence: 0.0797
----------------------------
differential_evolution step 14: f(x)= -0.8365994581204743
Best Solution: [90.004152, 0.05837, 0.033131, -0.016679, -0.016419]
Convergence: 0.0952
----------------------------
differential_evolution step 15: f(x)= -0.8365994581204743
Best Solution: [90.004152, 0.05837, 0.033131, -0.016679, -0.016419]
Convergence: 0.1083
----------------------------
differential_evolution step 16: f(x)= -0.8365994581204743
Best Solution: [90.004152, 0.05837, 0.033131, -0.016679, -0.016419]
Convergence: 0.121
----------------------------
differential_evolution step 17: f(x)= -0.8365994581204743
Best Solution: [90.004152, 0.05837, 0.033131, -0.016679, -0.016419]
Convergence: 0.2521
----------------------------
differential_evolution step 18: f(x)= -0.8365994581204743
Best Solution: [90.004152, 0.05837, 0.033131, -0.016679, -0.016419]
Convergence: 0.3179
----------------------------
differential_evolution step 19: f(x)= -0.8372536932793997
Best Solution: [90.00673258, 0.05912699, 0.03247921, -0.01637899, -0.01616712]
Convergence: 0.4067
----------------------------
differential_evolution step 20: f(x)= -0.8387311319019916
Best Solution: [90.0023246, 0.05875702, 0.03352842, -0.01767193, -0.01739009]
Convergence: 0.5073
----------------------------
differential_evolution step 21: f(x)= -0.8388202192472529
Best Solution: [90.00511452, 0.06038322, 0.03399343, -0.01874462, -0.01863607]
Convergence: 0.8717
----------------------------
differential_evolution step 22: f(x)= -0.8398560651027697
Best Solution: [90.00467891, 0.06126904, 0.03282989, -0.01751055, -0.01742635]
Convergence: 1.4142
----------------------------

Current China Time: 2026-08-04 23:38:41.691271+08:00
Optimization completed, fidelity = -0.83985607
Optimized params = [ 9.00046789e+01  6.12690428e-02  3.28298867e-02 -1.75105476e-02
 -1.74263535e-02]
param_optimized = np.array([
[30.001698, 0.095031, 0.055965, -0.022943, -0.020406] ,
[40.005553, 0.099727, 0.046865, -0.024156, -0.0239] ,
[50.007178, 0.094429, 0.042327, -0.024473, -0.024578] ,
[60.00042, 0.086027, 0.039566, -0.023819, -0.023593] ,
[70.00632, 0.075498, 0.037555, -0.022072, -0.021756] ,
[80.007171, 0.068469, 0.036086, -0.021666, -0.021366] ,
[90.004679, 0.061269, 0.03283, -0.017511, -0.017426] ,
])

f_220 = np.array([
-0.28189021, -0.36851882, -0.47895617, -0.59899389 ,
-0.71177971, -0.79480700, -0.83985607 ,
])

f_1000 = np.array([
-0.29129808, -0.36923390, -0.46374899, -0.56816160 ,
-0.67249961, -0.74881948, -0.83025494 ,
])
[SAVE] npz saved to data/fidelity_optimize/cnot_leakage_optimized_all33.npz
[SAVE] csv saved to data/fidelity_optimize/cnot_leakage_optimized_all33.csv
CNOT optimize:  21%|██        | 7/33 [2:14:45<10:14:19, 1417.66s/it]
--- Optimizing CNOT at index 7, tg_init=99.993121 ---

Current China Time: 2026-08-04 23:43:35.916661+08:00
Using the corresponding previous pulse as x0
params["x0"] = [ 9.9993121e+01  5.4087000e-02  3.0880000e-02 -1.4070000e-02
 -1.3906000e-02]
differential_evolution step 1: f(x)= -0.9239524279454515
Best Solution: [99.993121, 0.054087, 0.03088, -0.01407, -0.013906]
Convergence: 0.0212
----------------------------
differential_evolution step 2: f(x)= -0.9239524279454515
Best Solution: [99.993121, 0.054087, 0.03088, -0.01407, -0.013906]
Convergence: 0.024
----------------------------
differential_evolution step 3: f(x)= -0.9239524279454515
Best Solution: [99.993121, 0.054087, 0.03088, -0.01407, -0.013906]
Convergence: 0.0273
----------------------------
differential_evolution step 4: f(x)= -0.9239524279454515
Best Solution: [99.993121, 0.054087, 0.03088, -0.01407, -0.013906]
Convergence: 0.0283
----------------------------
differential_evolution step 5: f(x)= -0.9239524279454515
Best Solution: [99.993121, 0.054087, 0.03088, -0.01407, -0.013906]
Convergence: 0.0303
----------------------------
differential_evolution step 6: f(x)= -0.9239524279454515
Best Solution: [99.993121, 0.054087, 0.03088, -0.01407, -0.013906]
Convergence: 0.0322
----------------------------
differential_evolution step 7: f(x)= -0.9239524279454515
Best Solution: [99.993121, 0.054087, 0.03088, -0.01407, -0.013906]
Convergence: 0.0333
----------------------------
differential_evolution step 8: f(x)= -0.9239524279454515
Best Solution: [99.993121, 0.054087, 0.03088, -0.01407, -0.013906]
Convergence: 0.0373
----------------------------
differential_evolution step 9: f(x)= -0.9239524279454515
Best Solution: [99.993121, 0.054087, 0.03088, -0.01407, -0.013906]
Convergence: 0.0432
----------------------------
differential_evolution step 10: f(x)= -0.9239524279454515
Best Solution: [99.993121, 0.054087, 0.03088, -0.01407, -0.013906]
Convergence: 0.0477
----------------------------
differential_evolution step 11: f(x)= -0.9239524279454515
Best Solution: [99.993121, 0.054087, 0.03088, -0.01407, -0.013906]
Convergence: 0.0537
----------------------------
differential_evolution step 12: f(x)= -0.9239524279454515
Best Solution: [99.993121, 0.054087, 0.03088, -0.01407, -0.013906]
Convergence: 0.0584
----------------------------
differential_evolution step 13: f(x)= -0.9239524279454515
Best Solution: [99.993121, 0.054087, 0.03088, -0.01407, -0.013906]
Convergence: 0.0643
----------------------------
differential_evolution step 14: f(x)= -0.9239524279454515
Best Solution: [99.993121, 0.054087, 0.03088, -0.01407, -0.013906]
Convergence: 0.0779
----------------------------
differential_evolution step 15: f(x)= -0.9239524279454515
Best Solution: [99.993121, 0.054087, 0.03088, -0.01407, -0.013906]
Convergence: 0.0921
----------------------------
differential_evolution step 16: f(x)= -0.9239524279454515
Best Solution: [99.993121, 0.054087, 0.03088, -0.01407, -0.013906]
Convergence: 0.1007
----------------------------
differential_evolution step 17: f(x)= -0.9239524279454515
Best Solution: [99.993121, 0.054087, 0.03088, -0.01407, -0.013906]
Convergence: 0.1361
----------------------------
differential_evolution step 18: f(x)= -0.9239524279454515
Best Solution: [99.993121, 0.054087, 0.03088, -0.01407, -0.013906]
Convergence: 0.1447
----------------------------
differential_evolution step 19: f(x)= -0.9246772245044724
Best Solution: [99.98738598, 0.05386284, 0.03092834, -0.01346303, -0.01313879]
Convergence: 0.1903
----------------------------
differential_evolution step 20: f(x)= -0.9246772245044724
Best Solution: [99.98738598, 0.05386284, 0.03092834, -0.01346303, -0.01313879]
Convergence: 0.2495
----------------------------
differential_evolution step 21: f(x)= -0.9246772245044724
Best Solution: [99.98738598, 0.05386284, 0.03092834, -0.01346303, -0.01313879]
Convergence: 0.2944
----------------------------
differential_evolution step 22: f(x)= -0.9246772245044724
Best Solution: [99.98738598, 0.05386284, 0.03092834, -0.01346303, -0.01313879]
Convergence: 0.4526
----------------------------
differential_evolution step 23: f(x)= -0.9246772245044724
Best Solution: [99.98738598, 0.05386284, 0.03092834, -0.01346303, -0.01313879]
Convergence: 0.605
----------------------------
differential_evolution step 24: f(x)= -0.9263363018463963
Best Solution: [99.98777108, 0.05558946, 0.03029574, -0.01362995, -0.01347782]
Convergence: 0.7069
----------------------------
differential_evolution step 25: f(x)= -0.9263363018463963
Best Solution: [99.98777108, 0.05558946, 0.03029574, -0.01362995, -0.01347782]
Convergence: 0.7618
----------------------------
differential_evolution step 26: f(x)= -0.9264838115053704
Best Solution: [99.98779144, 0.05524762, 0.03033217, -0.0136421, -0.01338419]
Convergence: 1.7922
----------------------------

Current China Time: 2026-08-05 00:14:50.871384+08:00
Optimization completed, fidelity = -0.92648381
Optimized params = [ 9.99877914e+01  5.52476174e-02  3.03321720e-02 -1.36420988e-02
 -1.33841863e-02]
param_optimized = np.array([
[30.001698, 0.095031, 0.055965, -0.022943, -0.020406] ,
[40.005553, 0.099727, 0.046865, -0.024156, -0.0239] ,
[50.007178, 0.094429, 0.042327, -0.024473, -0.024578] ,
[60.00042, 0.086027, 0.039566, -0.023819, -0.023593] ,
[70.00632, 0.075498, 0.037555, -0.022072, -0.021756] ,
[80.007171, 0.068469, 0.036086, -0.021666, -0.021366] ,
[90.004679, 0.061269, 0.03283, -0.017511, -0.017426] ,
[99.987791, 0.055248, 0.030332, -0.013642, -0.013384] ,
])

f_220 = np.array([
-0.28189021, -0.36851882, -0.47895617, -0.59899389 ,
-0.71177971, -0.79480700, -0.83985607, -0.92648381 ,
])

f_1000 = np.array([
-0.29129808, -0.36923390, -0.46374899, -0.56816160 ,
-0.67249961, -0.74881948, -0.83025494, -0.93085496 ,
])
[SAVE] npz saved to data/fidelity_optimize/cnot_leakage_optimized_all33.npz
[SAVE] csv saved to data/fidelity_optimize/cnot_leakage_optimized_all33.csv
CNOT optimize:  24%|██▍       | 8/33 [2:51:22<11:34:02, 1665.69s/it]
--- Optimizing CNOT at index 8, tg_init=110.006914 ---

Current China Time: 2026-08-05 00:20:12.678997+08:00
Using the corresponding previous pulse as x0
params["x0"] = [ 1.10006914e+02  4.94200000e-02  2.95230000e-02 -1.24670000e-02
 -1.22740000e-02]
differential_evolution step 1: f(x)= -1.0703884641311485
Best Solution: [110.006914, 0.04942, 0.029523, -0.012467, -0.012274]
Convergence: 0.0194
----------------------------
differential_evolution step 2: f(x)= -1.0703884641311485
Best Solution: [110.006914, 0.04942, 0.029523, -0.012467, -0.012274]
Convergence: 0.0219
----------------------------
differential_evolution step 3: f(x)= -1.0703884641311485
Best Solution: [110.006914, 0.04942, 0.029523, -0.012467, -0.012274]
Convergence: 0.0233
----------------------------
differential_evolution step 4: f(x)= -1.0703884641311485
Best Solution: [110.006914, 0.04942, 0.029523, -0.012467, -0.012274]
Convergence: 0.025
----------------------------
differential_evolution step 5: f(x)= -1.0703884641311485
Best Solution: [110.006914, 0.04942, 0.029523, -0.012467, -0.012274]
Convergence: 0.0265
----------------------------
differential_evolution step 6: f(x)= -1.0703884641311485
Best Solution: [110.006914, 0.04942, 0.029523, -0.012467, -0.012274]
Convergence: 0.0335
----------------------------
differential_evolution step 7: f(x)= -1.0703884641311485
Best Solution: [110.006914, 0.04942, 0.029523, -0.012467, -0.012274]
Convergence: 0.0376
----------------------------
differential_evolution step 8: f(x)= -1.0703884641311485
Best Solution: [110.006914, 0.04942, 0.029523, -0.012467, -0.012274]
Convergence: 0.0372
----------------------------
differential_evolution step 9: f(x)= -1.0703884641311485
Best Solution: [110.006914, 0.04942, 0.029523, -0.012467, -0.012274]
Convergence: 0.0398
----------------------------
differential_evolution step 10: f(x)= -1.0703884641311485
Best Solution: [110.006914, 0.04942, 0.029523, -0.012467, -0.012274]
Convergence: 0.0438
----------------------------
differential_evolution step 11: f(x)= -1.0703884641311485
Best Solution: [110.006914, 0.04942, 0.029523, -0.012467, -0.012274]
Convergence: 0.0457
----------------------------
differential_evolution step 12: f(x)= -1.0703884641311485
Best Solution: [110.006914, 0.04942, 0.029523, -0.012467, -0.012274]
Convergence: 0.0547
----------------------------
differential_evolution step 13: f(x)= -1.0703884641311485
Best Solution: [110.006914, 0.04942, 0.029523, -0.012467, -0.012274]
Convergence: 0.0566
----------------------------
differential_evolution step 14: f(x)= -1.0703884641311485
Best Solution: [110.006914, 0.04942, 0.029523, -0.012467, -0.012274]
Convergence: 0.0627
----------------------------
differential_evolution step 15: f(x)= -1.0703884641311485
Best Solution: [110.006914, 0.04942, 0.029523, -0.012467, -0.012274]
Convergence: 0.0674
----------------------------
differential_evolution step 16: f(x)= -1.0703884641311485
Best Solution: [110.006914, 0.04942, 0.029523, -0.012467, -0.012274]
Convergence: 0.0752
----------------------------
differential_evolution step 17: f(x)= -1.0703884641311485
Best Solution: [110.006914, 0.04942, 0.029523, -0.012467, -0.012274]
Convergence: 0.0915
----------------------------
differential_evolution step 18: f(x)= -1.0703884641311485
Best Solution: [110.006914, 0.04942, 0.029523, -0.012467, -0.012274]
Convergence: 0.1069
----------------------------
differential_evolution step 19: f(x)= -1.0703884641311485
Best Solution: [110.006914, 0.04942, 0.029523, -0.012467, -0.012274]
Convergence: 0.1223
----------------------------
differential_evolution step 20: f(x)= -1.0703884641311485
Best Solution: [110.006914, 0.04942, 0.029523, -0.012467, -0.012274]
Convergence: 0.1416
----------------------------
differential_evolution step 21: f(x)= -1.0703884641311485
Best Solution: [110.006914, 0.04942, 0.029523, -0.012467, -0.012274]
Convergence: 0.1508
----------------------------
differential_evolution step 22: f(x)= -1.0703884641311485
Best Solution: [110.006914, 0.04942, 0.029523, -0.012467, -0.012274]
Convergence: 0.3153
----------------------------
differential_evolution step 23: f(x)= -1.0703884641311485
Best Solution: [110.006914, 0.04942, 0.029523, -0.012467, -0.012274]
Convergence: 0.396
----------------------------
differential_evolution step 24: f(x)= -1.0716831627327525
Best Solution: [110.00506855, 0.05264959, 0.02835205, -0.01208995, -0.01189364]
Convergence: 0.4599
----------------------------
differential_evolution step 25: f(x)= -1.0728844229810015
Best Solution: [110.00506855, 0.05163284, 0.02984612, -0.01291381, -0.01277224]
Convergence: 0.5164
----------------------------
differential_evolution step 26: f(x)= -1.0728844229810015
Best Solution: [110.00506855, 0.05163284, 0.02984612, -0.01291381, -0.01277224]
Convergence: 0.5241
----------------------------
differential_evolution step 27: f(x)= -1.0728844229810015
Best Solution: [110.00506855, 0.05163284, 0.02984612, -0.01291381, -0.01277224]
Convergence: 0.6177
----------------------------
differential_evolution step 28: f(x)= -1.075748210960353
Best Solution: [109.99899578, 0.05112324, 0.0291571, -0.01212972, -0.01214992]
Convergence: 0.6892
----------------------------
differential_evolution step 29: f(x)= -1.075748210960353
Best Solution: [109.99899578, 0.05112324, 0.0291571, -0.01212972, -0.01214992]
Convergence: 0.7044
----------------------------
differential_evolution step 30: f(x)= -1.0758877454994678
Best Solution: [110.0108366, 0.05127111, 0.02872563, -0.01187859, -0.01167957]
Convergence: 0.6955
----------------------------
differential_evolution step 31: f(x)= -1.0763799875728124
Best Solution: [110.00551598, 0.05083691, 0.02918125, -0.01240406, -0.01220554]
Convergence: 1.1985
----------------------------

Current China Time: 2026-08-05 01:00:01.466288+08:00
Optimization completed, fidelity = -1.07637999
Optimized params = [ 1.10005516e+02  5.08369119e-02  2.91812452e-02 -1.24040604e-02
 -1.22055379e-02]
param_optimized = np.array([
[30.001698, 0.095031, 0.055965, -0.022943, -0.020406] ,
[40.005553, 0.099727, 0.046865, -0.024156, -0.0239] ,
[50.007178, 0.094429, 0.042327, -0.024473, -0.024578] ,
[60.00042, 0.086027, 0.039566, -0.023819, -0.023593] ,
[70.00632, 0.075498, 0.037555, -0.022072, -0.021756] ,
[80.007171, 0.068469, 0.036086, -0.021666, -0.021366] ,
[90.004679, 0.061269, 0.03283, -0.017511, -0.017426] ,
[99.987791, 0.055248, 0.030332, -0.013642, -0.013384] ,
[110.005516, 0.050837, 0.029181, -0.012404, -0.012206] ,
])

f_220 = np.array([
-0.28189021, -0.36851882, -0.47895617, -0.59899389 ,
-0.71177971, -0.79480700, -0.83985607, -0.92648381 ,
-1.07637999 ,
])

f_1000 = np.array([
-0.29129808, -0.36923390, -0.46374899, -0.56816160 ,
-0.67249961, -0.74881948, -0.83025494, -0.93085496 ,
-1.08459354 ,
])
[SAVE] npz saved to data/fidelity_optimize/cnot_leakage_optimized_all33.npz
[SAVE] csv saved to data/fidelity_optimize/cnot_leakage_optimized_all33.csv
CNOT optimize:  27%|██▋       | 9/33 [3:37:02<13:20:40, 2001.67s/it]
--- Optimizing CNOT at index 9, tg_init=120.002847 ---

Current China Time: 2026-08-05 01:05:53.106250+08:00
Using the corresponding previous pulse as x0
params["x0"] = [ 1.20002847e+02  4.69720000e-02  2.85410000e-02 -1.22150000e-02
 -1.17230000e-02]
differential_evolution step 1: f(x)= -1.2566819925996011
Best Solution: [120.002847, 0.046972, 0.028541, -0.012215, -0.011723]
Convergence: 0.019
----------------------------
differential_evolution step 2: f(x)= -1.2566819925996011
Best Solution: [120.002847, 0.046972, 0.028541, -0.012215, -0.011723]
Convergence: 0.0209
----------------------------
differential_evolution step 3: f(x)= -1.2566819925996011
Best Solution: [120.002847, 0.046972, 0.028541, -0.012215, -0.011723]
Convergence: 0.0201
----------------------------
differential_evolution step 4: f(x)= -1.2566819925996011
Best Solution: [120.002847, 0.046972, 0.028541, -0.012215, -0.011723]
Convergence: 0.0216
----------------------------
differential_evolution step 5: f(x)= -1.2566819925996011
Best Solution: [120.002847, 0.046972, 0.028541, -0.012215, -0.011723]
Convergence: 0.0218
----------------------------
differential_evolution step 6: f(x)= -1.2566819925996011
Best Solution: [120.002847, 0.046972, 0.028541, -0.012215, -0.011723]
Convergence: 0.0243
----------------------------
differential_evolution step 7: f(x)= -1.2566819925996011
Best Solution: [120.002847, 0.046972, 0.028541, -0.012215, -0.011723]
Convergence: 0.0276
----------------------------
differential_evolution step 8: f(x)= -1.2566819925996011
Best Solution: [120.002847, 0.046972, 0.028541, -0.012215, -0.011723]
Convergence: 0.031
----------------------------
differential_evolution step 9: f(x)= -1.2566819925996011
Best Solution: [120.002847, 0.046972, 0.028541, -0.012215, -0.011723]
Convergence: 0.0329
----------------------------
differential_evolution step 10: f(x)= -1.2566819925996011
Best Solution: [120.002847, 0.046972, 0.028541, -0.012215, -0.011723]
Convergence: 0.0337
----------------------------
differential_evolution step 11: f(x)= -1.2566819925996011
Best Solution: [120.002847, 0.046972, 0.028541, -0.012215, -0.011723]
Convergence: 0.0361
----------------------------
differential_evolution step 12: f(x)= -1.2566819925996011
Best Solution: [120.002847, 0.046972, 0.028541, -0.012215, -0.011723]
Convergence: 0.0395
----------------------------
differential_evolution step 13: f(x)= -1.2566819925996011
Best Solution: [120.002847, 0.046972, 0.028541, -0.012215, -0.011723]
Convergence: 0.0437
----------------------------
differential_evolution step 14: f(x)= -1.2566819925996011
Best Solution: [120.002847, 0.046972, 0.028541, -0.012215, -0.011723]
Convergence: 0.0494
----------------------------
differential_evolution step 15: f(x)= -1.2566819925996011
Best Solution: [120.002847, 0.046972, 0.028541, -0.012215, -0.011723]
Convergence: 0.0578
----------------------------
differential_evolution step 16: f(x)= -1.2566819925996011
Best Solution: [120.002847, 0.046972, 0.028541, -0.012215, -0.011723]
Convergence: 0.0667
----------------------------
differential_evolution step 17: f(x)= -1.2566819925996011
Best Solution: [120.002847, 0.046972, 0.028541, -0.012215, -0.011723]
Convergence: 0.0706
----------------------------
differential_evolution step 18: f(x)= -1.2566819925996011
Best Solution: [120.002847, 0.046972, 0.028541, -0.012215, -0.011723]
Convergence: 0.0797
----------------------------
differential_evolution step 19: f(x)= -1.2566819925996011
Best Solution: [120.002847, 0.046972, 0.028541, -0.012215, -0.011723]
Convergence: 0.0883
----------------------------
differential_evolution step 20: f(x)= -1.2566819925996011
Best Solution: [120.002847, 0.046972, 0.028541, -0.012215, -0.011723]
Convergence: 0.1076
----------------------------
differential_evolution step 21: f(x)= -1.2566819925996011
Best Solution: [120.002847, 0.046972, 0.028541, -0.012215, -0.011723]
Convergence: 0.1272
----------------------------
differential_evolution step 22: f(x)= -1.2566819925996011
Best Solution: [120.002847, 0.046972, 0.028541, -0.012215, -0.011723]
Convergence: 0.1347
----------------------------
differential_evolution step 23: f(x)= -1.2566819925996011
Best Solution: [120.002847, 0.046972, 0.028541, -0.012215, -0.011723]
Convergence: 0.1363
----------------------------
differential_evolution step 24: f(x)= -1.2566819925996011
Best Solution: [120.002847, 0.046972, 0.028541, -0.012215, -0.011723]
Convergence: 0.1605
----------------------------
differential_evolution step 25: f(x)= -1.2566819925996011
Best Solution: [120.002847, 0.046972, 0.028541, -0.012215, -0.011723]
Convergence: 0.1668
----------------------------
differential_evolution step 26: f(x)= -1.2566819925996011
Best Solution: [120.002847, 0.046972, 0.028541, -0.012215, -0.011723]
Convergence: 0.1776
----------------------------
differential_evolution step 27: f(x)= -1.2598561992547777
Best Solution: [120.00316679, 0.04788147, 0.02847845, -0.01216449, -0.01198638]
Convergence: 0.1825
----------------------------
differential_evolution step 28: f(x)= -1.2598561992547777
Best Solution: [120.00316679, 0.04788147, 0.02847845, -0.01216449, -0.01198638]
Convergence: 0.2025
----------------------------
differential_evolution step 29: f(x)= -1.263349851847208
Best Solution: [120.00119888, 0.04819782, 0.0284815, -0.01200029, -0.01166286]
Convergence: 0.2052
----------------------------
differential_evolution step 30: f(x)= -1.263349851847208
Best Solution: [120.00119888, 0.04819782, 0.0284815, -0.01200029, -0.01166286]
Convergence: 0.2051
----------------------------
differential_evolution step 31: f(x)= -1.263349851847208
Best Solution: [120.00119888, 0.04819782, 0.0284815, -0.01200029, -0.01166286]
Convergence: 0.2055
----------------------------
differential_evolution step 32: f(x)= -1.263349851847208
Best Solution: [120.00119888, 0.04819782, 0.0284815, -0.01200029, -0.01166286]
Convergence: 0.2055
----------------------------
differential_evolution step 33: f(x)= -1.263349851847208
Best Solution: [120.00119888, 0.04819782, 0.0284815, -0.01200029, -0.01166286]
Convergence: 2.3837
----------------------------

Current China Time: 2026-08-05 01:51:48.939224+08:00
Optimization completed, fidelity = -1.26334985
Optimized params = [ 1.20001199e+02  4.81978180e-02  2.84814967e-02 -1.20002916e-02
 -1.16628603e-02]
param_optimized = np.array([
[30.001698, 0.095031, 0.055965, -0.022943, -0.020406] ,
[40.005553, 0.099727, 0.046865, -0.024156, -0.0239] ,
[50.007178, 0.094429, 0.042327, -0.024473, -0.024578] ,
[60.00042, 0.086027, 0.039566, -0.023819, -0.023593] ,
[70.00632, 0.075498, 0.037555, -0.022072, -0.021756] ,
[80.007171, 0.068469, 0.036086, -0.021666, -0.021366] ,
[90.004679, 0.061269, 0.03283, -0.017511, -0.017426] ,
[99.987791, 0.055248, 0.030332, -0.013642, -0.013384] ,
[110.005516, 0.050837, 0.029181, -0.012404, -0.012206] ,
[120.001199, 0.048198, 0.028481, -0.012, -0.011663] ,
])

f_220 = np.array([
-0.28189021, -0.36851882, -0.47895617, -0.59899389 ,
-0.71177971, -0.79480700, -0.83985607, -0.92648381 ,
-1.07637999, -1.26334985 ,
])

f_1000 = np.array([
-0.29129808, -0.36923390, -0.46374899, -0.56816160 ,
-0.67249961, -0.74881948, -0.83025494, -0.93085496 ,
-1.08459354, -1.27820176 ,
])
[SAVE] npz saved to data/fidelity_optimize/cnot_leakage_optimized_all33.npz
[SAVE] csv saved to data/fidelity_optimize/cnot_leakage_optimized_all33.csv
CNOT optimize:  30%|███       | 10/33 [4:29:19<15:01:39, 2352.17s/it]
--- Optimizing CNOT at index 10, tg_init=130.008905 ---

Current China Time: 2026-08-05 01:58:10.114104+08:00
Using the corresponding previous pulse as x0
params["x0"] = [ 1.30008905e+02  4.49670000e-02  2.77550000e-02 -1.18440000e-02
 -1.13580000e-02]
differential_evolution step 1: f(x)= -1.462402592134475
Best Solution: [130.008905, 0.044967, 0.027755, -0.011844, -0.011358]
Convergence: 0.0155
----------------------------
differential_evolution step 2: f(x)= -1.462402592134475
Best Solution: [130.008905, 0.044967, 0.027755, -0.011844, -0.011358]
Convergence: 0.0185
----------------------------
differential_evolution step 3: f(x)= -1.462402592134475
Best Solution: [130.008905, 0.044967, 0.027755, -0.011844, -0.011358]
Convergence: 0.02
----------------------------
differential_evolution step 4: f(x)= -1.462402592134475
Best Solution: [130.008905, 0.044967, 0.027755, -0.011844, -0.011358]
Convergence: 0.0213
----------------------------
differential_evolution step 5: f(x)= -1.462402592134475
Best Solution: [130.008905, 0.044967, 0.027755, -0.011844, -0.011358]
Convergence: 0.0243
----------------------------
differential_evolution step 6: f(x)= -1.462402592134475
Best Solution: [130.008905, 0.044967, 0.027755, -0.011844, -0.011358]
Convergence: 0.0277
----------------------------
differential_evolution step 7: f(x)= -1.462402592134475
Best Solution: [130.008905, 0.044967, 0.027755, -0.011844, -0.011358]
Convergence: 0.0298
----------------------------
differential_evolution step 8: f(x)= -1.462402592134475
Best Solution: [130.008905, 0.044967, 0.027755, -0.011844, -0.011358]
Convergence: 0.0331
----------------------------
differential_evolution step 9: f(x)= -1.462402592134475
Best Solution: [130.008905, 0.044967, 0.027755, -0.011844, -0.011358]
Convergence: 0.0358
----------------------------
differential_evolution step 10: f(x)= -1.462402592134475
Best Solution: [130.008905, 0.044967, 0.027755, -0.011844, -0.011358]
Convergence: 0.0357
----------------------------
differential_evolution step 11: f(x)= -1.462402592134475
Best Solution: [130.008905, 0.044967, 0.027755, -0.011844, -0.011358]
Convergence: 0.0348
----------------------------
differential_evolution step 12: f(x)= -1.462402592134475
Best Solution: [130.008905, 0.044967, 0.027755, -0.011844, -0.011358]
Convergence: 0.037
----------------------------
differential_evolution step 13: f(x)= -1.462402592134475
Best Solution: [130.008905, 0.044967, 0.027755, -0.011844, -0.011358]
Convergence: 0.0437
----------------------------
differential_evolution step 14: f(x)= -1.462402592134475
Best Solution: [130.008905, 0.044967, 0.027755, -0.011844, -0.011358]
Convergence: 0.0527
----------------------------
differential_evolution step 15: f(x)= -1.462402592134475
Best Solution: [130.008905, 0.044967, 0.027755, -0.011844, -0.011358]
Convergence: 0.0642
----------------------------
differential_evolution step 16: f(x)= -1.462402592134475
Best Solution: [130.008905, 0.044967, 0.027755, -0.011844, -0.011358]
Convergence: 0.0679
----------------------------
differential_evolution step 17: f(x)= -1.462402592134475
Best Solution: [130.008905, 0.044967, 0.027755, -0.011844, -0.011358]
Convergence: 0.0856
----------------------------
differential_evolution step 18: f(x)= -1.462402592134475
Best Solution: [130.008905, 0.044967, 0.027755, -0.011844, -0.011358]
Convergence: 0.1042
----------------------------
differential_evolution step 19: f(x)= -1.462402592134475
Best Solution: [130.008905, 0.044967, 0.027755, -0.011844, -0.011358]
Convergence: 0.1239
----------------------------
differential_evolution step 20: f(x)= -1.462402592134475
Best Solution: [130.008905, 0.044967, 0.027755, -0.011844, -0.011358]
Convergence: 0.1433
----------------------------
differential_evolution step 21: f(x)= -1.462402592134475
Best Solution: [130.008905, 0.044967, 0.027755, -0.011844, -0.011358]
Convergence: 0.1473
----------------------------
differential_evolution step 22: f(x)= -1.462402592134475
Best Solution: [130.008905, 0.044967, 0.027755, -0.011844, -0.011358]
Convergence: 0.1565
----------------------------
differential_evolution step 23: f(x)= -1.462402592134475
Best Solution: [130.008905, 0.044967, 0.027755, -0.011844, -0.011358]
Convergence: 0.2412
----------------------------
differential_evolution step 24: f(x)= -1.462402592134475
Best Solution: [130.008905, 0.044967, 0.027755, -0.011844, -0.011358]
Convergence: 0.2724
----------------------------
differential_evolution step 25: f(x)= -1.462402592134475
Best Solution: [130.008905, 0.044967, 0.027755, -0.011844, -0.011358]
Convergence: 0.4
----------------------------
differential_evolution step 26: f(x)= -1.462402592134475
Best Solution: [130.008905, 0.044967, 0.027755, -0.011844, -0.011358]
Convergence: 0.473
----------------------------
differential_evolution step 27: f(x)= -1.462402592134475
Best Solution: [130.008905, 0.044967, 0.027755, -0.011844, -0.011358]
Convergence: 0.5631
----------------------------
differential_evolution step 28: f(x)= -1.462402592134475
Best Solution: [130.008905, 0.044967, 0.027755, -0.011844, -0.011358]
Convergence: 0.7275
----------------------------
differential_evolution step 29: f(x)= -1.462402592134475
Best Solution: [130.008905, 0.044967, 0.027755, -0.011844, -0.011358]
Convergence: 0.9097
----------------------------
differential_evolution step 30: f(x)= -1.462402592134475
Best Solution: [130.008905, 0.044967, 0.027755, -0.011844, -0.011358]
Convergence: 0.9668
----------------------------
differential_evolution step 31: f(x)= -1.462402592134475
Best Solution: [130.008905, 0.044967, 0.027755, -0.011844, -0.011358]
Convergence: 1.2282
----------------------------

Current China Time: 2026-08-05 02:44:37.333147+08:00
Optimization completed, fidelity = -1.46240259
Optimized params = [ 1.30008905e+02  4.49670000e-02  2.77550000e-02 -1.18440000e-02
 -1.13580000e-02]
param_optimized = np.array([
[30.001698, 0.095031, 0.055965, -0.022943, -0.020406] ,
[40.005553, 0.099727, 0.046865, -0.024156, -0.0239] ,
[50.007178, 0.094429, 0.042327, -0.024473, -0.024578] ,
[60.00042, 0.086027, 0.039566, -0.023819, -0.023593] ,
[70.00632, 0.075498, 0.037555, -0.022072, -0.021756] ,
[80.007171, 0.068469, 0.036086, -0.021666, -0.021366] ,
[90.004679, 0.061269, 0.03283, -0.017511, -0.017426] ,
[99.987791, 0.055248, 0.030332, -0.013642, -0.013384] ,
[110.005516, 0.050837, 0.029181, -0.012404, -0.012206] ,
[120.001199, 0.048198, 0.028481, -0.012, -0.011663] ,
[130.008905, 0.044967, 0.027755, -0.011844, -0.011358] ,
])

f_220 = np.array([
-0.28189021, -0.36851882, -0.47895617, -0.59899389 ,
-0.71177971, -0.79480700, -0.83985607, -0.92648381 ,
-1.07637999, -1.26334985, -1.46240259 ,
])

f_1000 = np.array([
-0.29129808, -0.36923390, -0.46374899, -0.56816160 ,
-0.67249961, -0.74881948, -0.83025494, -0.93085496 ,
-1.08459354, -1.27820176, -1.49063344 ,
])
[SAVE] npz saved to data/fidelity_optimize/cnot_leakage_optimized_all33.npz
[SAVE] csv saved to data/fidelity_optimize/cnot_leakage_optimized_all33.csv
CNOT optimize:  33%|███▎      | 11/33 [5:22:38<15:57:30, 2611.41s/it]
--- Optimizing CNOT at index 11, tg_init=140.001622 ---

Current China Time: 2026-08-05 02:51:29.314101+08:00
Using the corresponding previous pulse as x0
params["x0"] = [ 1.40001622e+02  4.31440000e-02  2.70820000e-02 -1.16530000e-02
 -1.13320000e-02]
differential_evolution step 1: f(x)= -1.6366722271390421
Best Solution: [140.001622, 0.043144, 0.027082, -0.011653, -0.011332]
Convergence: 0.014
----------------------------
differential_evolution step 2: f(x)= -1.6366722271390421
Best Solution: [140.001622, 0.043144, 0.027082, -0.011653, -0.011332]
Convergence: 0.017
----------------------------
differential_evolution step 3: f(x)= -1.6366722271390421
Best Solution: [140.001622, 0.043144, 0.027082, -0.011653, -0.011332]
Convergence: 0.0195
----------------------------
differential_evolution step 4: f(x)= -1.6366722271390421
Best Solution: [140.001622, 0.043144, 0.027082, -0.011653, -0.011332]
Convergence: 0.0212
----------------------------
differential_evolution step 5: f(x)= -1.6366722271390421
Best Solution: [140.001622, 0.043144, 0.027082, -0.011653, -0.011332]
Convergence: 0.0237
----------------------------
differential_evolution step 6: f(x)= -1.6366722271390421
Best Solution: [140.001622, 0.043144, 0.027082, -0.011653, -0.011332]
Convergence: 0.0264
----------------------------
differential_evolution step 7: f(x)= -1.6366722271390421
Best Solution: [140.001622, 0.043144, 0.027082, -0.011653, -0.011332]
Convergence: 0.0295
----------------------------
differential_evolution step 8: f(x)= -1.6366722271390421
Best Solution: [140.001622, 0.043144, 0.027082, -0.011653, -0.011332]
Convergence: 0.0333
----------------------------
differential_evolution step 9: f(x)= -1.6366722271390421
Best Solution: [140.001622, 0.043144, 0.027082, -0.011653, -0.011332]
Convergence: 0.0372
----------------------------
differential_evolution step 10: f(x)= -1.6366722271390421
Best Solution: [140.001622, 0.043144, 0.027082, -0.011653, -0.011332]
Convergence: 0.0394
----------------------------
differential_evolution step 11: f(x)= -1.6366722271390421
Best Solution: [140.001622, 0.043144, 0.027082, -0.011653, -0.011332]
Convergence: 0.0418
----------------------------
differential_evolution step 12: f(x)= -1.6366722271390421
Best Solution: [140.001622, 0.043144, 0.027082, -0.011653, -0.011332]
Convergence: 0.0521
----------------------------
differential_evolution step 13: f(x)= -1.6366722271390421
Best Solution: [140.001622, 0.043144, 0.027082, -0.011653, -0.011332]
Convergence: 0.0576
----------------------------
differential_evolution step 14: f(x)= -1.6366722271390421
Best Solution: [140.001622, 0.043144, 0.027082, -0.011653, -0.011332]
Convergence: 0.0694
----------------------------
differential_evolution step 15: f(x)= -1.6366722271390421
Best Solution: [140.001622, 0.043144, 0.027082, -0.011653, -0.011332]
Convergence: 0.076
----------------------------
differential_evolution step 16: f(x)= -1.6366722271390421
Best Solution: [140.001622, 0.043144, 0.027082, -0.011653, -0.011332]
Convergence: 0.079
----------------------------
differential_evolution step 17: f(x)= -1.6366722271390421
Best Solution: [140.001622, 0.043144, 0.027082, -0.011653, -0.011332]
Convergence: 0.0868
----------------------------
differential_evolution step 18: f(x)= -1.6366722271390421
Best Solution: [140.001622, 0.043144, 0.027082, -0.011653, -0.011332]
Convergence: 0.0961
----------------------------
differential_evolution step 19: f(x)= -1.6366722271390421
Best Solution: [140.001622, 0.043144, 0.027082, -0.011653, -0.011332]
Convergence: 0.1587
----------------------------
differential_evolution step 20: f(x)= -1.6366722271390421
Best Solution: [140.001622, 0.043144, 0.027082, -0.011653, -0.011332]
Convergence: 0.1927
----------------------------
differential_evolution step 21: f(x)= -1.6366722271390421
Best Solution: [140.001622, 0.043144, 0.027082, -0.011653, -0.011332]
Convergence: 0.2273
----------------------------
differential_evolution step 22: f(x)= -1.6366722271390421
Best Solution: [140.001622, 0.043144, 0.027082, -0.011653, -0.011332]
Convergence: 0.3453
----------------------------
differential_evolution step 23: f(x)= -1.6370511806746182
Best Solution: [140.00163754, 0.0431904, 0.02743999, -0.01187182, -0.0114267]
Convergence: 0.4185
----------------------------
differential_evolution step 24: f(x)= -1.6370511806746182
Best Solution: [140.00163754, 0.0431904, 0.02743999, -0.01187182, -0.0114267]
Convergence: 0.516
----------------------------
differential_evolution step 25: f(x)= -1.6370511806746182
Best Solution: [140.00163754, 0.0431904, 0.02743999, -0.01187182, -0.0114267]
Convergence: 0.6321
----------------------------
differential_evolution step 26: f(x)= -1.6380753123351957
Best Solution: [140.00372102, 0.04351862, 0.02729462, -0.01188401, -0.0114963]
Convergence: 0.671
----------------------------
differential_evolution step 27: f(x)= -1.6383298777531088
Best Solution: [140.0028894, 0.04314675, 0.02705455, -0.01158623, -0.01119963]
Convergence: 1.0452
----------------------------

Current China Time: 2026-08-05 03:34:49.246250+08:00
Optimization completed, fidelity = -1.63832988
Optimized params = [ 1.40002889e+02  4.31467454e-02  2.70545541e-02 -1.15862332e-02
 -1.11996316e-02]
param_optimized = np.array([
[30.001698, 0.095031, 0.055965, -0.022943, -0.020406] ,
[40.005553, 0.099727, 0.046865, -0.024156, -0.0239] ,
[50.007178, 0.094429, 0.042327, -0.024473, -0.024578] ,
[60.00042, 0.086027, 0.039566, -0.023819, -0.023593] ,
[70.00632, 0.075498, 0.037555, -0.022072, -0.021756] ,
[80.007171, 0.068469, 0.036086, -0.021666, -0.021366] ,
[90.004679, 0.061269, 0.03283, -0.017511, -0.017426] ,
[99.987791, 0.055248, 0.030332, -0.013642, -0.013384] ,
[110.005516, 0.050837, 0.029181, -0.012404, -0.012206] ,
[120.001199, 0.048198, 0.028481, -0.012, -0.011663] ,
[130.008905, 0.044967, 0.027755, -0.011844, -0.011358] ,
[140.002889, 0.043147, 0.027055, -0.011586, -0.0112] ,
])

f_220 = np.array([
-0.28189021, -0.36851882, -0.47895617, -0.59899389 ,
-0.71177971, -0.79480700, -0.83985607, -0.92648381 ,
-1.07637999, -1.26334985, -1.46240259, -1.63832988 ,
])

f_1000 = np.array([
-0.29129808, -0.36923390, -0.46374899, -0.56816160 ,
-0.67249961, -0.74881948, -0.83025494, -0.93085496 ,
-1.08459354, -1.27820176, -1.49063344, -1.68651036 ,
])
[SAVE] npz saved to data/fidelity_optimize/cnot_leakage_optimized_all33.npz
[SAVE] csv saved to data/fidelity_optimize/cnot_leakage_optimized_all33.csv
CNOT optimize:  36%|███▋      | 12/33 [6:13:20<15:59:48, 2742.29s/it]
--- Optimizing CNOT at index 12, tg_init=150.007858 ---

Current China Time: 2026-08-05 03:42:10.967394+08:00
Using the corresponding previous pulse as x0
params["x0"] = [ 1.50007858e+02  3.97920000e-02  2.54360000e-02 -1.03270000e-02
 -9.99000000e-03]
differential_evolution step 1: f(x)= -1.7441230823213103
Best Solution: [150.007858, 0.039792, 0.025436, -0.010327, -0.00999]
Convergence: 0.0141
----------------------------
differential_evolution step 2: f(x)= -1.7441230823213103
Best Solution: [150.007858, 0.039792, 0.025436, -0.010327, -0.00999]
Convergence: 0.016
----------------------------
differential_evolution step 3: f(x)= -1.7441230823213103
Best Solution: [150.007858, 0.039792, 0.025436, -0.010327, -0.00999]
Convergence: 0.0172
----------------------------
differential_evolution step 4: f(x)= -1.7441230823213103
Best Solution: [150.007858, 0.039792, 0.025436, -0.010327, -0.00999]
Convergence: 0.0183
----------------------------
differential_evolution step 5: f(x)= -1.7441230823213103
Best Solution: [150.007858, 0.039792, 0.025436, -0.010327, -0.00999]
Convergence: 0.0201
----------------------------
differential_evolution step 6: f(x)= -1.7441230823213103
Best Solution: [150.007858, 0.039792, 0.025436, -0.010327, -0.00999]
Convergence: 0.0226
----------------------------
differential_evolution step 7: f(x)= -1.7441230823213103
Best Solution: [150.007858, 0.039792, 0.025436, -0.010327, -0.00999]
Convergence: 0.0261
----------------------------
differential_evolution step 8: f(x)= -1.7441230823213103
Best Solution: [150.007858, 0.039792, 0.025436, -0.010327, -0.00999]
Convergence: 0.0288
----------------------------
differential_evolution step 9: f(x)= -1.7441230823213103
Best Solution: [150.007858, 0.039792, 0.025436, -0.010327, -0.00999]
Convergence: 0.0293
----------------------------
differential_evolution step 10: f(x)= -1.7441230823213103
Best Solution: [150.007858, 0.039792, 0.025436, -0.010327, -0.00999]
Convergence: 0.0325
----------------------------
differential_evolution step 11: f(x)= -1.7441230823213103
Best Solution: [150.007858, 0.039792, 0.025436, -0.010327, -0.00999]
Convergence: 0.0369
----------------------------
differential_evolution step 12: f(x)= -1.7441230823213103
Best Solution: [150.007858, 0.039792, 0.025436, -0.010327, -0.00999]
Convergence: 0.0368
----------------------------
differential_evolution step 13: f(x)= -1.7441230823213103
Best Solution: [150.007858, 0.039792, 0.025436, -0.010327, -0.00999]
Convergence: 0.0383
----------------------------
differential_evolution step 14: f(x)= -1.7441230823213103
Best Solution: [150.007858, 0.039792, 0.025436, -0.010327, -0.00999]
Convergence: 0.0405
----------------------------
differential_evolution step 15: f(x)= -1.7441230823213103
Best Solution: [150.007858, 0.039792, 0.025436, -0.010327, -0.00999]
Convergence: 0.0476
----------------------------
differential_evolution step 16: f(x)= -1.7441230823213103
Best Solution: [150.007858, 0.039792, 0.025436, -0.010327, -0.00999]
Convergence: 0.0564
----------------------------
differential_evolution step 17: f(x)= -1.7441230823213103
Best Solution: [150.007858, 0.039792, 0.025436, -0.010327, -0.00999]
Convergence: 0.0687
----------------------------
differential_evolution step 18: f(x)= -1.7441230823213103
Best Solution: [150.007858, 0.039792, 0.025436, -0.010327, -0.00999]
Convergence: 0.0897
----------------------------
differential_evolution step 19: f(x)= -1.7441230823213103
Best Solution: [150.007858, 0.039792, 0.025436, -0.010327, -0.00999]
Convergence: 0.0996
----------------------------
differential_evolution step 20: f(x)= -1.7441230823213103
Best Solution: [150.007858, 0.039792, 0.025436, -0.010327, -0.00999]
Convergence: 0.1301
----------------------------
differential_evolution step 21: f(x)= -1.7441230823213103
Best Solution: [150.007858, 0.039792, 0.025436, -0.010327, -0.00999]
Convergence: 0.1519
----------------------------
differential_evolution step 22: f(x)= -1.7441230823213103
Best Solution: [150.007858, 0.039792, 0.025436, -0.010327, -0.00999]
Convergence: 0.1783
----------------------------
differential_evolution step 23: f(x)= -1.7441230823213103
Best Solution: [150.007858, 0.039792, 0.025436, -0.010327, -0.00999]
Convergence: 0.1752
----------------------------
differential_evolution step 24: f(x)= -1.7441230823213103
Best Solution: [150.007858, 0.039792, 0.025436, -0.010327, -0.00999]
Convergence: 0.2083
----------------------------
differential_evolution step 25: f(x)= -1.7441230823213103
Best Solution: [150.007858, 0.039792, 0.025436, -0.010327, -0.00999]
Convergence: 0.2083
----------------------------
differential_evolution step 26: f(x)= -1.7512780503763792
Best Solution: [150.00846556, 0.04043909, 0.02569175, -0.01056274, -0.01013766]
Convergence: 0.2493
----------------------------
differential_evolution step 27: f(x)= -1.7512780503763792
Best Solution: [150.00846556, 0.04043909, 0.02569175, -0.01056274, -0.01013766]
Convergence: 0.2749
----------------------------
differential_evolution step 28: f(x)= -1.7512780503763792
Best Solution: [150.00846556, 0.04043909, 0.02569175, -0.01056274, -0.01013766]
Convergence: 0.3012
----------------------------
differential_evolution step 29: f(x)= -1.7512780503763792
Best Solution: [150.00846556, 0.04043909, 0.02569175, -0.01056274, -0.01013766]
Convergence: 0.3106
----------------------------
differential_evolution step 30: f(x)= -1.7512780503763792
Best Solution: [150.00846556, 0.04043909, 0.02569175, -0.01056274, -0.01013766]
Convergence: 0.6173
----------------------------
differential_evolution step 31: f(x)= -1.7512780503763792
Best Solution: [150.00846556, 0.04043909, 0.02569175, -0.01056274, -0.01013766]
Convergence: 0.7176
----------------------------
differential_evolution step 32: f(x)= -1.7512780503763792
Best Solution: [150.00846556, 0.04043909, 0.02569175, -0.01056274, -0.01013766]
Convergence: 0.8345
----------------------------
differential_evolution step 33: f(x)= -1.7512780503763792
Best Solution: [150.00846556, 0.04043909, 0.02569175, -0.01056274, -0.01013766]
Convergence: 0.8733
----------------------------
differential_evolution step 34: f(x)= -1.7512780503763792
Best Solution: [150.00846556, 0.04043909, 0.02569175, -0.01056274, -0.01013766]
Convergence: 0.969
----------------------------
differential_evolution step 35: f(x)= -1.7512780503763792
Best Solution: [150.00846556, 0.04043909, 0.02569175, -0.01056274, -0.01013766]
Convergence: 1.1244
----------------------------

Current China Time: 2026-08-05 04:41:47.382593+08:00
Optimization completed, fidelity = -1.75127805
Optimized params = [ 1.50008466e+02  4.04390857e-02  2.56917484e-02 -1.05627393e-02
 -1.01376639e-02]
param_optimized = np.array([
[30.001698, 0.095031, 0.055965, -0.022943, -0.020406] ,
[40.005553, 0.099727, 0.046865, -0.024156, -0.0239] ,
[50.007178, 0.094429, 0.042327, -0.024473, -0.024578] ,
[60.00042, 0.086027, 0.039566, -0.023819, -0.023593] ,
[70.00632, 0.075498, 0.037555, -0.022072, -0.021756] ,
[80.007171, 0.068469, 0.036086, -0.021666, -0.021366] ,
[90.004679, 0.061269, 0.03283, -0.017511, -0.017426] ,
[99.987791, 0.055248, 0.030332, -0.013642, -0.013384] ,
[110.005516, 0.050837, 0.029181, -0.012404, -0.012206] ,
[120.001199, 0.048198, 0.028481, -0.012, -0.011663] ,
[130.008905, 0.044967, 0.027755, -0.011844, -0.011358] ,
[140.002889, 0.043147, 0.027055, -0.011586, -0.0112] ,
[150.008466, 0.040439, 0.025692, -0.010563, -0.010138] ,
])

f_220 = np.array([
-0.28189021, -0.36851882, -0.47895617, -0.59899389 ,
-0.71177971, -0.79480700, -0.83985607, -0.92648381 ,
-1.07637999, -1.26334985, -1.46240259, -1.63832988 ,
-1.75127805 ,
])

f_1000 = np.array([
-0.29129808, -0.36923390, -0.46374899, -0.56816160 ,
-0.67249961, -0.74881948, -0.83025494, -0.93085496 ,
-1.08459354, -1.27820176, -1.49063344, -1.68651036 ,
-1.81163269 ,
])
[SAVE] npz saved to data/fidelity_optimize/cnot_leakage_optimized_all33.npz
[SAVE] csv saved to data/fidelity_optimize/cnot_leakage_optimized_all33.csv
CNOT optimize:  39%|███▉      | 13/33 [7:20:49<17:26:06, 3138.31s/it]
--- Optimizing CNOT at index 13, tg_init=159.993478 ---

Current China Time: 2026-08-05 04:49:40.524217+08:00
Using the corresponding previous pulse as x0
params["x0"] = [ 1.59993478e+02  3.71360000e-02  2.39040000e-02 -9.12000000e-03
 -8.79900000e-03]
differential_evolution step 1: f(x)= -1.8748286619428787
Best Solution: [159.993478, 0.037136, 0.023904, -0.00912, -0.008799]
Convergence: 0.0145
----------------------------
differential_evolution step 2: f(x)= -1.8748286619428787
Best Solution: [159.993478, 0.037136, 0.023904, -0.00912, -0.008799]
Convergence: 0.0165
----------------------------
differential_evolution step 3: f(x)= -1.8748286619428787
Best Solution: [159.993478, 0.037136, 0.023904, -0.00912, -0.008799]
Convergence: 0.0183
----------------------------
differential_evolution step 4: f(x)= -1.8748286619428787
Best Solution: [159.993478, 0.037136, 0.023904, -0.00912, -0.008799]
Convergence: 0.0183
----------------------------
differential_evolution step 5: f(x)= -1.8748286619428787
Best Solution: [159.993478, 0.037136, 0.023904, -0.00912, -0.008799]
Convergence: 0.0198
----------------------------
differential_evolution step 6: f(x)= -1.8748286619428787
Best Solution: [159.993478, 0.037136, 0.023904, -0.00912, -0.008799]
Convergence: 0.0198
----------------------------
differential_evolution step 7: f(x)= -1.8748286619428787
Best Solution: [159.993478, 0.037136, 0.023904, -0.00912, -0.008799]
Convergence: 0.0205
----------------------------
differential_evolution step 8: f(x)= -1.8748286619428787
Best Solution: [159.993478, 0.037136, 0.023904, -0.00912, -0.008799]
Convergence: 0.0213
----------------------------
differential_evolution step 9: f(x)= -1.8748286619428787
Best Solution: [159.993478, 0.037136, 0.023904, -0.00912, -0.008799]
Convergence: 0.0242
----------------------------
differential_evolution step 10: f(x)= -1.8748286619428787
Best Solution: [159.993478, 0.037136, 0.023904, -0.00912, -0.008799]
Convergence: 0.026
----------------------------
differential_evolution step 11: f(x)= -1.8748286619428787
Best Solution: [159.993478, 0.037136, 0.023904, -0.00912, -0.008799]
Convergence: 0.0265
----------------------------
differential_evolution step 12: f(x)= -1.8748286619428787
Best Solution: [159.993478, 0.037136, 0.023904, -0.00912, -0.008799]
Convergence: 0.0286
----------------------------
differential_evolution step 13: f(x)= -1.8748286619428787
Best Solution: [159.993478, 0.037136, 0.023904, -0.00912, -0.008799]
Convergence: 0.0314
----------------------------
differential_evolution step 14: f(x)= -1.8748286619428787
Best Solution: [159.993478, 0.037136, 0.023904, -0.00912, -0.008799]
Convergence: 0.0341
----------------------------
differential_evolution step 15: f(x)= -1.8748286619428787
Best Solution: [159.993478, 0.037136, 0.023904, -0.00912, -0.008799]
Convergence: 0.0402
----------------------------
differential_evolution step 16: f(x)= -1.8748286619428787
Best Solution: [159.993478, 0.037136, 0.023904, -0.00912, -0.008799]
Convergence: 0.0493
----------------------------
differential_evolution step 17: f(x)= -1.8748286619428787
Best Solution: [159.993478, 0.037136, 0.023904, -0.00912, -0.008799]
Convergence: 0.0576
----------------------------
differential_evolution step 18: f(x)= -1.8748286619428787
Best Solution: [159.993478, 0.037136, 0.023904, -0.00912, -0.008799]
Convergence: 0.0583
----------------------------
differential_evolution step 19: f(x)= -1.8748286619428787
Best Solution: [159.993478, 0.037136, 0.023904, -0.00912, -0.008799]
Convergence: 0.0602
----------------------------
differential_evolution step 20: f(x)= -1.8748286619428787
Best Solution: [159.993478, 0.037136, 0.023904, -0.00912, -0.008799]
Convergence: 0.0636
----------------------------
differential_evolution step 21: f(x)= -1.8848147111776603
Best Solution: [159.99651031, 0.0370624, 0.02364842, -0.00869247, -0.00832093]
Convergence: 0.0733
----------------------------
differential_evolution step 22: f(x)= -1.8848147111776603
Best Solution: [159.99651031, 0.0370624, 0.02364842, -0.00869247, -0.00832093]
Convergence: 0.0945
----------------------------
differential_evolution step 23: f(x)= -1.8848147111776603
Best Solution: [159.99651031, 0.0370624, 0.02364842, -0.00869247, -0.00832093]
Convergence: 0.1066
----------------------------
differential_evolution step 24: f(x)= -1.8848147111776603
Best Solution: [159.99651031, 0.0370624, 0.02364842, -0.00869247, -0.00832093]
Convergence: 0.1287
----------------------------
differential_evolution step 25: f(x)= -1.8848147111776603
Best Solution: [159.99651031, 0.0370624, 0.02364842, -0.00869247, -0.00832093]
Convergence: 0.135
----------------------------
differential_evolution step 26: f(x)= -1.8848147111776603
Best Solution: [159.99651031, 0.0370624, 0.02364842, -0.00869247, -0.00832093]
Convergence: 0.1726
----------------------------
differential_evolution step 27: f(x)= -1.8848147111776603
Best Solution: [159.99651031, 0.0370624, 0.02364842, -0.00869247, -0.00832093]
Convergence: 0.2059
----------------------------
differential_evolution step 28: f(x)= -1.8848147111776603
Best Solution: [159.99651031, 0.0370624, 0.02364842, -0.00869247, -0.00832093]
Convergence: 0.2492
----------------------------
differential_evolution step 29: f(x)= -1.8848147111776603
Best Solution: [159.99651031, 0.0370624, 0.02364842, -0.00869247, -0.00832093]
Convergence: 0.2815
----------------------------
differential_evolution step 30: f(x)= -1.8848147111776603
Best Solution: [159.99651031, 0.0370624, 0.02364842, -0.00869247, -0.00832093]
Convergence: 0.3214
----------------------------
differential_evolution step 31: f(x)= -1.8855478715685938
Best Solution: [159.99718029, 0.03738099, 0.02389044, -0.00904955, -0.00859213]
Convergence: 0.3647
----------------------------
differential_evolution step 32: f(x)= -1.8855478715685938
Best Solution: [159.99718029, 0.03738099, 0.02389044, -0.00904955, -0.00859213]
Convergence: 0.4069
----------------------------
differential_evolution step 33: f(x)= -1.8855478715685938
Best Solution: [159.99718029, 0.03738099, 0.02389044, -0.00904955, -0.00859213]
Convergence: 0.4447
----------------------------
differential_evolution step 34: f(x)= -1.8855478715685938
Best Solution: [159.99718029, 0.03738099, 0.02389044, -0.00904955, -0.00859213]
Convergence: 0.4755
----------------------------
differential_evolution step 35: f(x)= -1.8855478715685938
Best Solution: [159.99718029, 0.03738099, 0.02389044, -0.00904955, -0.00859213]
Convergence: 0.6586
----------------------------
differential_evolution step 36: f(x)= -1.8855478715685938
Best Solution: [159.99718029, 0.03738099, 0.02389044, -0.00904955, -0.00859213]
Convergence: 0.7447
----------------------------
differential_evolution step 37: f(x)= -1.8856566242329913
Best Solution: [159.99689843, 0.03700033, 0.02364704, -0.0087213, -0.00833254]
Convergence: 0.7693
----------------------------
differential_evolution step 38: f(x)= -1.8858413437905266
Best Solution: [160.0010463, 0.03731138, 0.02360158, -0.00881189, -0.0084701]
Convergence: 1.0911
----------------------------

Current China Time: 2026-08-05 05:58:02.301069+08:00
Optimization completed, fidelity = -1.88584134
Optimized params = [ 1.60001046e+02  3.73113805e-02  2.36015795e-02 -8.81189419e-03
 -8.47009780e-03]
param_optimized = np.array([
[30.001698, 0.095031, 0.055965, -0.022943, -0.020406] ,
[40.005553, 0.099727, 0.046865, -0.024156, -0.0239] ,
[50.007178, 0.094429, 0.042327, -0.024473, -0.024578] ,
[60.00042, 0.086027, 0.039566, -0.023819, -0.023593] ,
[70.00632, 0.075498, 0.037555, -0.022072, -0.021756] ,
[80.007171, 0.068469, 0.036086, -0.021666, -0.021366] ,
[90.004679, 0.061269, 0.03283, -0.017511, -0.017426] ,
[99.987791, 0.055248, 0.030332, -0.013642, -0.013384] ,
[110.005516, 0.050837, 0.029181, -0.012404, -0.012206] ,
[120.001199, 0.048198, 0.028481, -0.012, -0.011663] ,
[130.008905, 0.044967, 0.027755, -0.011844, -0.011358] ,
[140.002889, 0.043147, 0.027055, -0.011586, -0.0112] ,
[150.008466, 0.040439, 0.025692, -0.010563, -0.010138] ,
[160.001046, 0.037311, 0.023602, -0.008812, -0.00847] ,
])

f_220 = np.array([
-0.28189021, -0.36851882, -0.47895617, -0.59899389 ,
-0.71177971, -0.79480700, -0.83985607, -0.92648381 ,
-1.07637999, -1.26334985, -1.46240259, -1.63832988 ,
-1.75127805, -1.88584134 ,
])

f_1000 = np.array([
-0.29129808, -0.36923390, -0.46374899, -0.56816160 ,
-0.67249961, -0.74881948, -0.83025494, -0.93085496 ,
-1.08459354, -1.27820176, -1.49063344, -1.68651036 ,
-1.81163269, -1.92896027 ,
])
[SAVE] npz saved to data/fidelity_optimize/cnot_leakage_optimized_all33.npz
[SAVE] csv saved to data/fidelity_optimize/cnot_leakage_optimized_all33.csv
CNOT optimize:  42%|████▏     | 14/33 [8:37:36<18:54:13, 3581.77s/it]
--- Optimizing CNOT at index 14, tg_init=169.994539 ---

Current China Time: 2026-08-05 06:06:27.020503+08:00
Using the corresponding previous pulse as x0
params["x0"] = [ 1.69994539e+02  3.50130000e-02  2.27270000e-02 -8.22900000e-03
 -7.88900000e-03]
differential_evolution step 1: f(x)= -2.063467078849353
Best Solution: [169.994539, 0.035013, 0.022727, -0.008229, -0.007889]
Convergence: 0.0128
----------------------------
differential_evolution step 2: f(x)= -2.063467078849353
Best Solution: [169.994539, 0.035013, 0.022727, -0.008229, -0.007889]
Convergence: 0.014
----------------------------
differential_evolution step 3: f(x)= -2.063467078849353
Best Solution: [169.994539, 0.035013, 0.022727, -0.008229, -0.007889]
Convergence: 0.0155
----------------------------
differential_evolution step 4: f(x)= -2.063467078849353
Best Solution: [169.994539, 0.035013, 0.022727, -0.008229, -0.007889]
Convergence: 0.0165
----------------------------
differential_evolution step 5: f(x)= -2.063467078849353
Best Solution: [169.994539, 0.035013, 0.022727, -0.008229, -0.007889]
Convergence: 0.0181
----------------------------
differential_evolution step 6: f(x)= -2.063467078849353
Best Solution: [169.994539, 0.035013, 0.022727, -0.008229, -0.007889]
Convergence: 0.0205
----------------------------
differential_evolution step 7: f(x)= -2.063467078849353
Best Solution: [169.994539, 0.035013, 0.022727, -0.008229, -0.007889]
Convergence: 0.0225
----------------------------
differential_evolution step 8: f(x)= -2.063467078849353
Best Solution: [169.994539, 0.035013, 0.022727, -0.008229, -0.007889]
Convergence: 0.0233
----------------------------
differential_evolution step 9: f(x)= -2.063467078849353
Best Solution: [169.994539, 0.035013, 0.022727, -0.008229, -0.007889]
Convergence: 0.0248
----------------------------
differential_evolution step 10: f(x)= -2.063467078849353
Best Solution: [169.994539, 0.035013, 0.022727, -0.008229, -0.007889]
Convergence: 0.0272
----------------------------
differential_evolution step 11: f(x)= -2.063467078849353
Best Solution: [169.994539, 0.035013, 0.022727, -0.008229, -0.007889]
Convergence: 0.0286
----------------------------
differential_evolution step 12: f(x)= -2.063467078849353
Best Solution: [169.994539, 0.035013, 0.022727, -0.008229, -0.007889]
Convergence: 0.0294
----------------------------
differential_evolution step 13: f(x)= -2.063467078849353
Best Solution: [169.994539, 0.035013, 0.022727, -0.008229, -0.007889]
Convergence: 0.0282
----------------------------
differential_evolution step 14: f(x)= -2.063467078849353
Best Solution: [169.994539, 0.035013, 0.022727, -0.008229, -0.007889]
Convergence: 0.03
----------------------------
differential_evolution step 15: f(x)= -2.063467078849353
Best Solution: [169.994539, 0.035013, 0.022727, -0.008229, -0.007889]
Convergence: 0.0346
----------------------------
differential_evolution step 16: f(x)= -2.063467078849353
Best Solution: [169.994539, 0.035013, 0.022727, -0.008229, -0.007889]
Convergence: 0.0358
----------------------------
differential_evolution step 17: f(x)= -2.063467078849353
Best Solution: [169.994539, 0.035013, 0.022727, -0.008229, -0.007889]
Convergence: 0.0395
----------------------------
differential_evolution step 18: f(x)= -2.063467078849353
Best Solution: [169.994539, 0.035013, 0.022727, -0.008229, -0.007889]
Convergence: 0.0466
----------------------------
differential_evolution step 19: f(x)= -2.063467078849353
Best Solution: [169.994539, 0.035013, 0.022727, -0.008229, -0.007889]
Convergence: 0.0492
----------------------------
differential_evolution step 20: f(x)= -2.063467078849353
Best Solution: [169.994539, 0.035013, 0.022727, -0.008229, -0.007889]
Convergence: 0.0508
----------------------------
differential_evolution step 21: f(x)= -2.063467078849353
Best Solution: [169.994539, 0.035013, 0.022727, -0.008229, -0.007889]
Convergence: 0.054
----------------------------
differential_evolution step 22: f(x)= -2.063467078849353
Best Solution: [169.994539, 0.035013, 0.022727, -0.008229, -0.007889]
Convergence: 0.0605
----------------------------
differential_evolution step 23: f(x)= -2.063467078849353
Best Solution: [169.994539, 0.035013, 0.022727, -0.008229, -0.007889]
Convergence: 0.0628
----------------------------
differential_evolution step 24: f(x)= -2.063467078849353
Best Solution: [169.994539, 0.035013, 0.022727, -0.008229, -0.007889]
Convergence: 0.067
----------------------------
differential_evolution step 25: f(x)= -2.063467078849353
Best Solution: [169.994539, 0.035013, 0.022727, -0.008229, -0.007889]
Convergence: 0.0703
----------------------------
differential_evolution step 26: f(x)= -2.063467078849353
Best Solution: [169.994539, 0.035013, 0.022727, -0.008229, -0.007889]
Convergence: 0.0898
----------------------------
differential_evolution step 27: f(x)= -2.063467078849353
Best Solution: [169.994539, 0.035013, 0.022727, -0.008229, -0.007889]
Convergence: 0.0999
----------------------------
differential_evolution step 28: f(x)= -2.06529778787026
Best Solution: [169.99475572, 0.03484509, 0.02233573, -0.00795546, -0.00757785]
Convergence: 0.1057
----------------------------
differential_evolution step 29: f(x)= -2.06529778787026
Best Solution: [169.99475572, 0.03484509, 0.02233573, -0.00795546, -0.00757785]
Convergence: 0.1067
----------------------------
differential_evolution step 30: f(x)= -2.06529778787026
Best Solution: [169.99475572, 0.03484509, 0.02233573, -0.00795546, -0.00757785]
Convergence: 0.1114
----------------------------
differential_evolution step 31: f(x)= -2.06529778787026
Best Solution: [169.99475572, 0.03484509, 0.02233573, -0.00795546, -0.00757785]
Convergence: 0.1126
----------------------------
differential_evolution step 32: f(x)= -2.06529778787026
Best Solution: [169.99475572, 0.03484509, 0.02233573, -0.00795546, -0.00757785]
Convergence: 0.1193
----------------------------
differential_evolution step 33: f(x)= -2.0672696781071984
Best Solution: [169.9912118, 0.03505882, 0.02233573, -0.00795546, -0.00757785]
Convergence: 0.1305
----------------------------
differential_evolution step 34: f(x)= -2.0672696781071984
Best Solution: [169.9912118, 0.03505882, 0.02233573, -0.00795546, -0.00757785]
Convergence: 0.1323
----------------------------
differential_evolution step 35: f(x)= -2.0672696781071984
Best Solution: [169.9912118, 0.03505882, 0.02233573, -0.00795546, -0.00757785]
Convergence: 0.3152
----------------------------
differential_evolution step 36: f(x)= -2.0672696781071984
Best Solution: [169.9912118, 0.03505882, 0.02233573, -0.00795546, -0.00757785]
Convergence: 0.3252
----------------------------
differential_evolution step 37: f(x)= -2.0672696781071984
Best Solution: [169.9912118, 0.03505882, 0.02233573, -0.00795546, -0.00757785]
Convergence: 0.4771
----------------------------
differential_evolution step 38: f(x)= -2.0672696781071984
Best Solution: [169.9912118, 0.03505882, 0.02233573, -0.00795546, -0.00757785]
Convergence: 0.7103
----------------------------
differential_evolution step 39: f(x)= -2.067790169707556
Best Solution: [169.99105797, 0.03535065, 0.02255246, -0.00810809, -0.00776166]
Convergence: 0.7865
----------------------------
differential_evolution step 40: f(x)= -2.067790169707556
Best Solution: [169.99105797, 0.03535065, 0.02255246, -0.00810809, -0.00776166]
Convergence: 0.7809
----------------------------
differential_evolution step 41: f(x)= -2.067790169707556
Best Solution: [169.99105797, 0.03535065, 0.02255246, -0.00810809, -0.00776166]
Convergence: 0.8839
----------------------------
differential_evolution step 42: f(x)= -2.0687189308837888
Best Solution: [169.98845122, 0.03505875, 0.02272811, -0.00817161, -0.00782032]
Convergence: 1.6472
----------------------------

Current China Time: 2026-08-05 07:27:05.362791+08:00
Optimization completed, fidelity = -2.06871893
Optimized params = [ 1.69988451e+02  3.50587475e-02  2.27281052e-02 -8.17161460e-03
 -7.82032047e-03]
param_optimized = np.array([
[30.001698, 0.095031, 0.055965, -0.022943, -0.020406] ,
[40.005553, 0.099727, 0.046865, -0.024156, -0.0239] ,
[50.007178, 0.094429, 0.042327, -0.024473, -0.024578] ,
[60.00042, 0.086027, 0.039566, -0.023819, -0.023593] ,
[70.00632, 0.075498, 0.037555, -0.022072, -0.021756] ,
[80.007171, 0.068469, 0.036086, -0.021666, -0.021366] ,
[90.004679, 0.061269, 0.03283, -0.017511, -0.017426] ,
[99.987791, 0.055248, 0.030332, -0.013642, -0.013384] ,
[110.005516, 0.050837, 0.029181, -0.012404, -0.012206] ,
[120.001199, 0.048198, 0.028481, -0.012, -0.011663] ,
[130.008905, 0.044967, 0.027755, -0.011844, -0.011358] ,
[140.002889, 0.043147, 0.027055, -0.011586, -0.0112] ,
[150.008466, 0.040439, 0.025692, -0.010563, -0.010138] ,
[160.001046, 0.037311, 0.023602, -0.008812, -0.00847] ,
[169.988451, 0.035059, 0.022728, -0.008172, -0.00782] ,
])

f_220 = np.array([
-0.28189021, -0.36851882, -0.47895617, -0.59899389 ,
-0.71177971, -0.79480700, -0.83985607, -0.92648381 ,
-1.07637999, -1.26334985, -1.46240259, -1.63832988 ,
-1.75127805, -1.88584134, -2.06871893 ,
])

f_1000 = np.array([
-0.29129808, -0.36923390, -0.46374899, -0.56816160 ,
-0.67249961, -0.74881948, -0.83025494, -0.93085496 ,
-1.08459354, -1.27820176, -1.49063344, -1.68651036 ,
-1.81163269, -1.92896027, -2.11364836 ,
])
[SAVE] npz saved to data/fidelity_optimize/cnot_leakage_optimized_all33.npz
[SAVE] csv saved to data/fidelity_optimize/cnot_leakage_optimized_all33.csv
CNOT optimize:  45%|████▌     | 15/33 [10:07:08<20:36:26, 4121.50s/it]
--- Optimizing CNOT at index 15, tg_init=179.994327 ---

Current China Time: 2026-08-05 07:35:59.335869+08:00
Using the corresponding previous pulse as x0
params["x0"] = [ 1.79994327e+02  3.28790000e-02  2.14060000e-02 -7.32600000e-03
 -6.97400000e-03]
differential_evolution step 1: f(x)= -2.2515950932620425
Best Solution: [179.994327, 0.032879, 0.021406, -0.007326, -0.006974]
Convergence: 0.0122
----------------------------
differential_evolution step 2: f(x)= -2.2515950932620425
Best Solution: [179.994327, 0.032879, 0.021406, -0.007326, -0.006974]
Convergence: 0.0137
----------------------------
differential_evolution step 3: f(x)= -2.2515950932620425
Best Solution: [179.994327, 0.032879, 0.021406, -0.007326, -0.006974]
Convergence: 0.0154
----------------------------
differential_evolution step 4: f(x)= -2.2515950932620425
Best Solution: [179.994327, 0.032879, 0.021406, -0.007326, -0.006974]
Convergence: 0.0164
----------------------------
differential_evolution step 5: f(x)= -2.2515950932620425
Best Solution: [179.994327, 0.032879, 0.021406, -0.007326, -0.006974]
Convergence: 0.0184
----------------------------
differential_evolution step 6: f(x)= -2.2515950932620425
Best Solution: [179.994327, 0.032879, 0.021406, -0.007326, -0.006974]
Convergence: 0.02
----------------------------
differential_evolution step 7: f(x)= -2.2515950932620425
Best Solution: [179.994327, 0.032879, 0.021406, -0.007326, -0.006974]
Convergence: 0.0206
----------------------------
differential_evolution step 8: f(x)= -2.2515950932620425
Best Solution: [179.994327, 0.032879, 0.021406, -0.007326, -0.006974]
Convergence: 0.0245
----------------------------
differential_evolution step 9: f(x)= -2.2515950932620425
Best Solution: [179.994327, 0.032879, 0.021406, -0.007326, -0.006974]
Convergence: 0.0264
----------------------------
differential_evolution step 10: f(x)= -2.2515950932620425
Best Solution: [179.994327, 0.032879, 0.021406, -0.007326, -0.006974]
Convergence: 0.0307
----------------------------
differential_evolution step 11: f(x)= -2.2515950932620425
Best Solution: [179.994327, 0.032879, 0.021406, -0.007326, -0.006974]
Convergence: 0.0321
----------------------------
differential_evolution step 12: f(x)= -2.2515950932620425
Best Solution: [179.994327, 0.032879, 0.021406, -0.007326, -0.006974]
Convergence: 0.0341
----------------------------
differential_evolution step 13: f(x)= -2.2515950932620425
Best Solution: [179.994327, 0.032879, 0.021406, -0.007326, -0.006974]
Convergence: 0.0355
----------------------------
differential_evolution step 14: f(x)= -2.2515950932620425
Best Solution: [179.994327, 0.032879, 0.021406, -0.007326, -0.006974]
Convergence: 0.0379
----------------------------
differential_evolution step 15: f(x)= -2.2515950932620425
Best Solution: [179.994327, 0.032879, 0.021406, -0.007326, -0.006974]
Convergence: 0.0369
----------------------------
differential_evolution step 16: f(x)= -2.2515950932620425
Best Solution: [179.994327, 0.032879, 0.021406, -0.007326, -0.006974]
Convergence: 0.0379
----------------------------
differential_evolution step 17: f(x)= -2.2515950932620425
Best Solution: [179.994327, 0.032879, 0.021406, -0.007326, -0.006974]
Convergence: 0.0395
----------------------------
differential_evolution step 18: f(x)= -2.2515950932620425
Best Solution: [179.994327, 0.032879, 0.021406, -0.007326, -0.006974]
Convergence: 0.0414
----------------------------
differential_evolution step 19: f(x)= -2.2515950932620425
Best Solution: [179.994327, 0.032879, 0.021406, -0.007326, -0.006974]
Convergence: 0.0458
----------------------------
differential_evolution step 20: f(x)= -2.2515950932620425
Best Solution: [179.994327, 0.032879, 0.021406, -0.007326, -0.006974]
Convergence: 0.0487
----------------------------
differential_evolution step 21: f(x)= -2.2515950932620425
Best Solution: [179.994327, 0.032879, 0.021406, -0.007326, -0.006974]
Convergence: 0.0573
----------------------------
differential_evolution step 22: f(x)= -2.2515950932620425
Best Solution: [179.994327, 0.032879, 0.021406, -0.007326, -0.006974]
Convergence: 0.0581
----------------------------
differential_evolution step 23: f(x)= -2.2515950932620425
Best Solution: [179.994327, 0.032879, 0.021406, -0.007326, -0.006974]
Convergence: 0.067
----------------------------
differential_evolution step 24: f(x)= -2.2515950932620425
Best Solution: [179.994327, 0.032879, 0.021406, -0.007326, -0.006974]
Convergence: 0.073
----------------------------
differential_evolution step 25: f(x)= -2.2515950932620425
Best Solution: [179.994327, 0.032879, 0.021406, -0.007326, -0.006974]
Convergence: 0.0756
----------------------------
differential_evolution step 26: f(x)= -2.2515950932620425
Best Solution: [179.994327, 0.032879, 0.021406, -0.007326, -0.006974]
Convergence: 0.0784
----------------------------
differential_evolution step 27: f(x)= -2.2515950932620425
Best Solution: [179.994327, 0.032879, 0.021406, -0.007326, -0.006974]
Convergence: 0.096
----------------------------
differential_evolution step 28: f(x)= -2.2515950932620425
Best Solution: [179.994327, 0.032879, 0.021406, -0.007326, -0.006974]
Convergence: 0.1035
----------------------------
differential_evolution step 29: f(x)= -2.2515950932620425
Best Solution: [179.994327, 0.032879, 0.021406, -0.007326, -0.006974]
Convergence: 0.1103
----------------------------
differential_evolution step 30: f(x)= -2.2515950932620425
Best Solution: [179.994327, 0.032879, 0.021406, -0.007326, -0.006974]
Convergence: 0.1459
----------------------------
differential_evolution step 31: f(x)= -2.2515950932620425
Best Solution: [179.994327, 0.032879, 0.021406, -0.007326, -0.006974]
Convergence: 0.1572
----------------------------
differential_evolution step 32: f(x)= -2.2515950932620425
Best Solution: [179.994327, 0.032879, 0.021406, -0.007326, -0.006974]
Convergence: 0.1751
----------------------------
differential_evolution step 33: f(x)= -2.2515950932620425
Best Solution: [179.994327, 0.032879, 0.021406, -0.007326, -0.006974]
Convergence: 0.185
----------------------------
differential_evolution step 34: f(x)= -2.2515950932620425
Best Solution: [179.994327, 0.032879, 0.021406, -0.007326, -0.006974]
Convergence: 0.1922
----------------------------
differential_evolution step 35: f(x)= -2.2515950932620425
Best Solution: [179.994327, 0.032879, 0.021406, -0.007326, -0.006974]
Convergence: 0.2473
----------------------------
differential_evolution step 36: f(x)= -2.2515950932620425
Best Solution: [179.994327, 0.032879, 0.021406, -0.007326, -0.006974]
Convergence: 0.2503
----------------------------
differential_evolution step 37: f(x)= -2.2515950932620425
Best Solution: [179.994327, 0.032879, 0.021406, -0.007326, -0.006974]
Convergence: 0.2515
----------------------------
differential_evolution step 38: f(x)= -2.2515950932620425
Best Solution: [179.994327, 0.032879, 0.021406, -0.007326, -0.006974]
Convergence: 0.2584
----------------------------
differential_evolution step 39: f(x)= -2.2515950932620425
Best Solution: [179.994327, 0.032879, 0.021406, -0.007326, -0.006974]
Convergence: 0.3253
----------------------------
differential_evolution step 40: f(x)= -2.2522414253192746
Best Solution: [179.99491194, 0.03294124, 0.02148031, -0.00738768, -0.0069923]
Convergence: 0.3373
----------------------------
differential_evolution step 41: f(x)= -2.2531988245474897
Best Solution: [179.9947886, 0.03268685, 0.02132109, -0.00717532, -0.00683289]
Convergence: 0.4269
----------------------------
differential_evolution step 42: f(x)= -2.2531988245474897
Best Solution: [179.9947886, 0.03268685, 0.02132109, -0.00717532, -0.00683289]
Convergence: 0.4943
----------------------------
differential_evolution step 43: f(x)= -2.2548947351773583
Best Solution: [179.99589761, 0.03288325, 0.02129713, -0.00718567, -0.00686591]
Convergence: 0.5582
----------------------------
differential_evolution step 44: f(x)= -2.2548947351773583
Best Solution: [179.99589761, 0.03288325, 0.02129713, -0.00718567, -0.00686591]
Convergence: 0.5863
----------------------------
differential_evolution step 45: f(x)= -2.2548947351773583
Best Solution: [179.99589761, 0.03288325, 0.02129713, -0.00718567, -0.00686591]
Convergence: 1.0485
----------------------------

Current China Time: 2026-08-05 09:06:14.004711+08:00
Optimization completed, fidelity = -2.25489474
Optimized params = [ 1.79995898e+02  3.28832542e-02  2.12971309e-02 -7.18567180e-03
 -6.86591070e-03]
param_optimized = np.array([
[30.001698, 0.095031, 0.055965, -0.022943, -0.020406] ,
[40.005553, 0.099727, 0.046865, -0.024156, -0.0239] ,
[50.007178, 0.094429, 0.042327, -0.024473, -0.024578] ,
[60.00042, 0.086027, 0.039566, -0.023819, -0.023593] ,
[70.00632, 0.075498, 0.037555, -0.022072, -0.021756] ,
[80.007171, 0.068469, 0.036086, -0.021666, -0.021366] ,
[90.004679, 0.061269, 0.03283, -0.017511, -0.017426] ,
[99.987791, 0.055248, 0.030332, -0.013642, -0.013384] ,
[110.005516, 0.050837, 0.029181, -0.012404, -0.012206] ,
[120.001199, 0.048198, 0.028481, -0.012, -0.011663] ,
[130.008905, 0.044967, 0.027755, -0.011844, -0.011358] ,
[140.002889, 0.043147, 0.027055, -0.011586, -0.0112] ,
[150.008466, 0.040439, 0.025692, -0.010563, -0.010138] ,
[160.001046, 0.037311, 0.023602, -0.008812, -0.00847] ,
[169.988451, 0.035059, 0.022728, -0.008172, -0.00782] ,
[179.995898, 0.032883, 0.021297, -0.007186, -0.006866] ,
])

f_220 = np.array([
-0.28189021, -0.36851882, -0.47895617, -0.59899389 ,
-0.71177971, -0.79480700, -0.83985607, -0.92648381 ,
-1.07637999, -1.26334985, -1.46240259, -1.63832988 ,
-1.75127805, -1.88584134, -2.06871893, -2.25489474 ,
])

f_1000 = np.array([
-0.29129808, -0.36923390, -0.46374899, -0.56816160 ,
-0.67249961, -0.74881948, -0.83025494, -0.93085496 ,
-1.08459354, -1.27820176, -1.49063344, -1.68651036 ,
-1.81163269, -1.92896027, -2.11364836, -2.27499988 ,
])
[SAVE] npz saved to data/fidelity_optimize/cnot_leakage_optimized_all33.npz
[SAVE] csv saved to data/fidelity_optimize/cnot_leakage_optimized_all33.csv
CNOT optimize:  48%|████▊     | 16/33 [11:46:47<22:06:08, 4680.53s/it]
--- Optimizing CNOT at index 16, tg_init=190.005655 ---

Current China Time: 2026-08-05 09:15:38.079250+08:00
Using the corresponding previous pulse as x0
params["x0"] = [ 1.90005655e+02  3.10120000e-02  2.03070000e-02 -6.61300000e-03
 -6.32500000e-03]
differential_evolution step 1: f(x)= -2.414044625641946
Best Solution: [190.005655, 0.031012, 0.020307, -0.006613, -0.006325]
Convergence: 0.0111
----------------------------
differential_evolution step 2: f(x)= -2.414044625641946
Best Solution: [190.005655, 0.031012, 0.020307, -0.006613, -0.006325]
Convergence: 0.0129
----------------------------
differential_evolution step 3: f(x)= -2.414044625641946
Best Solution: [190.005655, 0.031012, 0.020307, -0.006613, -0.006325]
Convergence: 0.0137
----------------------------
differential_evolution step 4: f(x)= -2.414044625641946
Best Solution: [190.005655, 0.031012, 0.020307, -0.006613, -0.006325]
Convergence: 0.0145
----------------------------
differential_evolution step 5: f(x)= -2.414044625641946
Best Solution: [190.005655, 0.031012, 0.020307, -0.006613, -0.006325]
Convergence: 0.0153
----------------------------
differential_evolution step 6: f(x)= -2.414044625641946
Best Solution: [190.005655, 0.031012, 0.020307, -0.006613, -0.006325]
Convergence: 0.0169
----------------------------
differential_evolution step 7: f(x)= -2.414044625641946
Best Solution: [190.005655, 0.031012, 0.020307, -0.006613, -0.006325]
Convergence: 0.0179
----------------------------
differential_evolution step 8: f(x)= -2.414044625641946
Best Solution: [190.005655, 0.031012, 0.020307, -0.006613, -0.006325]
Convergence: 0.0175
----------------------------
differential_evolution step 9: f(x)= -2.414044625641946
Best Solution: [190.005655, 0.031012, 0.020307, -0.006613, -0.006325]
Convergence: 0.019
----------------------------
differential_evolution step 10: f(x)= -2.414044625641946
Best Solution: [190.005655, 0.031012, 0.020307, -0.006613, -0.006325]
Convergence: 0.0197
----------------------------
differential_evolution step 11: f(x)= -2.414044625641946
Best Solution: [190.005655, 0.031012, 0.020307, -0.006613, -0.006325]
Convergence: 0.0204
----------------------------
differential_evolution step 12: f(x)= -2.414044625641946
Best Solution: [190.005655, 0.031012, 0.020307, -0.006613, -0.006325]
Convergence: 0.0206
----------------------------
differential_evolution step 13: f(x)= -2.414044625641946
Best Solution: [190.005655, 0.031012, 0.020307, -0.006613, -0.006325]
Convergence: 0.0229
----------------------------
differential_evolution step 14: f(x)= -2.414044625641946
Best Solution: [190.005655, 0.031012, 0.020307, -0.006613, -0.006325]
Convergence: 0.024
----------------------------
differential_evolution step 15: f(x)= -2.414044625641946
Best Solution: [190.005655, 0.031012, 0.020307, -0.006613, -0.006325]
Convergence: 0.0251
----------------------------
differential_evolution step 16: f(x)= -2.414044625641946
Best Solution: [190.005655, 0.031012, 0.020307, -0.006613, -0.006325]
Convergence: 0.0268
----------------------------
differential_evolution step 17: f(x)= -2.414044625641946
Best Solution: [190.005655, 0.031012, 0.020307, -0.006613, -0.006325]
Convergence: 0.0273
----------------------------
differential_evolution step 18: f(x)= -2.414044625641946
Best Solution: [190.005655, 0.031012, 0.020307, -0.006613, -0.006325]
Convergence: 0.0302
----------------------------
differential_evolution step 19: f(x)= -2.414044625641946
Best Solution: [190.005655, 0.031012, 0.020307, -0.006613, -0.006325]
Convergence: 0.0335
----------------------------
differential_evolution step 20: f(x)= -2.414044625641946
Best Solution: [190.005655, 0.031012, 0.020307, -0.006613, -0.006325]
Convergence: 0.0363
----------------------------
differential_evolution step 21: f(x)= -2.414044625641946
Best Solution: [190.005655, 0.031012, 0.020307, -0.006613, -0.006325]
Convergence: 0.0402
----------------------------
differential_evolution step 22: f(x)= -2.414044625641946
Best Solution: [190.005655, 0.031012, 0.020307, -0.006613, -0.006325]
Convergence: 0.0422
----------------------------
differential_evolution step 23: f(x)= -2.414044625641946
Best Solution: [190.005655, 0.031012, 0.020307, -0.006613, -0.006325]
Convergence: 0.0449
----------------------------
differential_evolution step 24: f(x)= -2.414044625641946
Best Solution: [190.005655, 0.031012, 0.020307, -0.006613, -0.006325]
Convergence: 0.0507
----------------------------
differential_evolution step 25: f(x)= -2.414044625641946
Best Solution: [190.005655, 0.031012, 0.020307, -0.006613, -0.006325]
Convergence: 0.0518
----------------------------
differential_evolution step 26: f(x)= -2.414044625641946
Best Solution: [190.005655, 0.031012, 0.020307, -0.006613, -0.006325]
Convergence: 0.0691
----------------------------
differential_evolution step 27: f(x)= -2.414044625641946
Best Solution: [190.005655, 0.031012, 0.020307, -0.006613, -0.006325]
Convergence: 0.0786
----------------------------
differential_evolution step 28: f(x)= -2.414044625641946
Best Solution: [190.005655, 0.031012, 0.020307, -0.006613, -0.006325]
Convergence: 0.0874
----------------------------
differential_evolution step 29: f(x)= -2.414044625641946
Best Solution: [190.005655, 0.031012, 0.020307, -0.006613, -0.006325]
Convergence: 0.0892
----------------------------
differential_evolution step 30: f(x)= -2.414044625641946
Best Solution: [190.005655, 0.031012, 0.020307, -0.006613, -0.006325]
Convergence: 0.0986
----------------------------
differential_evolution step 31: f(x)= -2.414044625641946
Best Solution: [190.005655, 0.031012, 0.020307, -0.006613, -0.006325]
Convergence: 0.1103
----------------------------
differential_evolution step 32: f(x)= -2.414044625641946
Best Solution: [190.005655, 0.031012, 0.020307, -0.006613, -0.006325]
Convergence: 0.1232
----------------------------
differential_evolution step 33: f(x)= -2.414044625641946
Best Solution: [190.005655, 0.031012, 0.020307, -0.006613, -0.006325]
Convergence: 0.1401
----------------------------
differential_evolution step 34: f(x)= -2.414044625641946
Best Solution: [190.005655, 0.031012, 0.020307, -0.006613, -0.006325]
Convergence: 0.1548
----------------------------
differential_evolution step 35: f(x)= -2.414044625641946
Best Solution: [190.005655, 0.031012, 0.020307, -0.006613, -0.006325]
Convergence: 0.1984
----------------------------
differential_evolution step 36: f(x)= -2.414044625641946
Best Solution: [190.005655, 0.031012, 0.020307, -0.006613, -0.006325]
Convergence: 0.2269
----------------------------
differential_evolution step 37: f(x)= -2.414044625641946
Best Solution: [190.005655, 0.031012, 0.020307, -0.006613, -0.006325]
Convergence: 0.2325
----------------------------
differential_evolution step 38: f(x)= -2.414044625641946
Best Solution: [190.005655, 0.031012, 0.020307, -0.006613, -0.006325]
Convergence: 0.4655
----------------------------
differential_evolution step 39: f(x)= -2.4152828196991916
Best Solution: [190.00715455, 0.03103672, 0.02034085, -0.00660848, -0.00634322]
Convergence: 0.5617
----------------------------
differential_evolution step 40: f(x)= -2.420255223270048
Best Solution: [190.01014618, 0.03130146, 0.02033545, -0.00662898, -0.00626847]
Convergence: 0.6936
----------------------------
differential_evolution step 41: f(x)= -2.4259253832555316
Best Solution: [190.00618151, 0.03102646, 0.02033786, -0.00650599, -0.00620259]
Convergence: 0.7898
----------------------------
differential_evolution step 42: f(x)= -2.4259253832555316
Best Solution: [190.00618151, 0.03102646, 0.02033786, -0.00650599, -0.00620259]
Convergence: 0.8526
----------------------------
differential_evolution step 43: f(x)= -2.4259253832555316
Best Solution: [190.00618151, 0.03102646, 0.02033786, -0.00650599, -0.00620259]
Convergence: 1.0589
----------------------------

Current China Time: 2026-08-05 10:47:20.330172+08:00
Optimization completed, fidelity = -2.42592538
Optimized params = [ 1.90006182e+02  3.10264616e-02  2.03378603e-02 -6.50598803e-03
 -6.20258832e-03]
param_optimized = np.array([
[30.001698, 0.095031, 0.055965, -0.022943, -0.020406] ,
[40.005553, 0.099727, 0.046865, -0.024156, -0.0239] ,
[50.007178, 0.094429, 0.042327, -0.024473, -0.024578] ,
[60.00042, 0.086027, 0.039566, -0.023819, -0.023593] ,
[70.00632, 0.075498, 0.037555, -0.022072, -0.021756] ,
[80.007171, 0.068469, 0.036086, -0.021666, -0.021366] ,
[90.004679, 0.061269, 0.03283, -0.017511, -0.017426] ,
[99.987791, 0.055248, 0.030332, -0.013642, -0.013384] ,
[110.005516, 0.050837, 0.029181, -0.012404, -0.012206] ,
[120.001199, 0.048198, 0.028481, -0.012, -0.011663] ,
[130.008905, 0.044967, 0.027755, -0.011844, -0.011358] ,
[140.002889, 0.043147, 0.027055, -0.011586, -0.0112] ,
[150.008466, 0.040439, 0.025692, -0.010563, -0.010138] ,
[160.001046, 0.037311, 0.023602, -0.008812, -0.00847] ,
[169.988451, 0.035059, 0.022728, -0.008172, -0.00782] ,
[179.995898, 0.032883, 0.021297, -0.007186, -0.006866] ,
[190.006182, 0.031026, 0.020338, -0.006506, -0.006203] ,
])

f_220 = np.array([
-0.28189021, -0.36851882, -0.47895617, -0.59899389 ,
-0.71177971, -0.79480700, -0.83985607, -0.92648381 ,
-1.07637999, -1.26334985, -1.46240259, -1.63832988 ,
-1.75127805, -1.88584134, -2.06871893, -2.25489474 ,
-2.42592538 ,
])

f_1000 = np.array([
-0.29129808, -0.36923390, -0.46374899, -0.56816160 ,
-0.67249961, -0.74881948, -0.83025494, -0.93085496 ,
-1.08459354, -1.27820176, -1.49063344, -1.68651036 ,
-1.81163269, -1.92896027, -2.11364836, -2.27499988 ,
-2.41919200 ,
])
[SAVE] npz saved to data/fidelity_optimize/cnot_leakage_optimized_all33.npz
[SAVE] csv saved to data/fidelity_optimize/cnot_leakage_optimized_all33.csv
CNOT optimize:  52%|█████▏    | 17/33 [13:28:22<22:41:31, 5105.74s/it]
--- Optimizing CNOT at index 17, tg_init=199.996830 ---

Current China Time: 2026-08-05 10:57:12.683762+08:00
Using the corresponding previous pulse as x0
params["x0"] = [ 1.9999683e+02  2.9348000e-02  1.9253000e-02 -5.9390000e-03
 -5.6420000e-03]
differential_evolution step 1: f(x)= -2.598685820248442
Best Solution: [199.99683, 0.029348, 0.019253, -0.005939, -0.005642]
Convergence: 0.0106
----------------------------
differential_evolution step 2: f(x)= -2.598685820248442
Best Solution: [199.99683, 0.029348, 0.019253, -0.005939, -0.005642]
Convergence: 0.0121
----------------------------
differential_evolution step 3: f(x)= -2.598685820248442
Best Solution: [199.99683, 0.029348, 0.019253, -0.005939, -0.005642]
Convergence: 0.0135
----------------------------
differential_evolution step 4: f(x)= -2.598685820248442
Best Solution: [199.99683, 0.029348, 0.019253, -0.005939, -0.005642]
Convergence: 0.0152
----------------------------
differential_evolution step 5: f(x)= -2.598685820248442
Best Solution: [199.99683, 0.029348, 0.019253, -0.005939, -0.005642]
Convergence: 0.0164
----------------------------
differential_evolution step 6: f(x)= -2.598685820248442
Best Solution: [199.99683, 0.029348, 0.019253, -0.005939, -0.005642]
Convergence: 0.0169
----------------------------
differential_evolution step 7: f(x)= -2.598685820248442
Best Solution: [199.99683, 0.029348, 0.019253, -0.005939, -0.005642]
Convergence: 0.0186
----------------------------
differential_evolution step 8: f(x)= -2.598685820248442
Best Solution: [199.99683, 0.029348, 0.019253, -0.005939, -0.005642]
Convergence: 0.0204
----------------------------
differential_evolution step 9: f(x)= -2.598685820248442
Best Solution: [199.99683, 0.029348, 0.019253, -0.005939, -0.005642]
Convergence: 0.0208
----------------------------
differential_evolution step 10: f(x)= -2.598685820248442
Best Solution: [199.99683, 0.029348, 0.019253, -0.005939, -0.005642]
Convergence: 0.0211
----------------------------
differential_evolution step 11: f(x)= -2.598685820248442
Best Solution: [199.99683, 0.029348, 0.019253, -0.005939, -0.005642]
Convergence: 0.0219
----------------------------
differential_evolution step 12: f(x)= -2.598685820248442
Best Solution: [199.99683, 0.029348, 0.019253, -0.005939, -0.005642]
Convergence: 0.0233
----------------------------
differential_evolution step 13: f(x)= -2.598685820248442
Best Solution: [199.99683, 0.029348, 0.019253, -0.005939, -0.005642]
Convergence: 0.0246
----------------------------
differential_evolution step 14: f(x)= -2.598685820248442
Best Solution: [199.99683, 0.029348, 0.019253, -0.005939, -0.005642]
Convergence: 0.0262
----------------------------
differential_evolution step 15: f(x)= -2.598685820248442
Best Solution: [199.99683, 0.029348, 0.019253, -0.005939, -0.005642]
Convergence: 0.0273
----------------------------
differential_evolution step 16: f(x)= -2.598685820248442
Best Solution: [199.99683, 0.029348, 0.019253, -0.005939, -0.005642]
Convergence: 0.0278
----------------------------
differential_evolution step 17: f(x)= -2.598685820248442
Best Solution: [199.99683, 0.029348, 0.019253, -0.005939, -0.005642]
Convergence: 0.0298
----------------------------
differential_evolution step 18: f(x)= -2.598685820248442
Best Solution: [199.99683, 0.029348, 0.019253, -0.005939, -0.005642]
Convergence: 0.0344
----------------------------
differential_evolution step 19: f(x)= -2.598685820248442
Best Solution: [199.99683, 0.029348, 0.019253, -0.005939, -0.005642]
Convergence: 0.0373
----------------------------
differential_evolution step 20: f(x)= -2.598685820248442
Best Solution: [199.99683, 0.029348, 0.019253, -0.005939, -0.005642]
Convergence: 0.0393
----------------------------
differential_evolution step 21: f(x)= -2.598685820248442
Best Solution: [199.99683, 0.029348, 0.019253, -0.005939, -0.005642]
Convergence: 0.0401
----------------------------
differential_evolution step 22: f(x)= -2.598685820248442
Best Solution: [199.99683, 0.029348, 0.019253, -0.005939, -0.005642]
Convergence: 0.041
----------------------------
differential_evolution step 23: f(x)= -2.598685820248442
Best Solution: [199.99683, 0.029348, 0.019253, -0.005939, -0.005642]
Convergence: 0.0429
----------------------------
differential_evolution step 24: f(x)= -2.598685820248442
Best Solution: [199.99683, 0.029348, 0.019253, -0.005939, -0.005642]
Convergence: 0.0482
----------------------------
differential_evolution step 25: f(x)= -2.598685820248442
Best Solution: [199.99683, 0.029348, 0.019253, -0.005939, -0.005642]
Convergence: 0.051
----------------------------
differential_evolution step 26: f(x)= -2.598685820248442
Best Solution: [199.99683, 0.029348, 0.019253, -0.005939, -0.005642]
Convergence: 0.0523
----------------------------
differential_evolution step 27: f(x)= -2.598685820248442
Best Solution: [199.99683, 0.029348, 0.019253, -0.005939, -0.005642]
Convergence: 0.0517
----------------------------
differential_evolution step 28: f(x)= -2.598685820248442
Best Solution: [199.99683, 0.029348, 0.019253, -0.005939, -0.005642]
Convergence: 0.0558
----------------------------
differential_evolution step 29: f(x)= -2.598685820248442
Best Solution: [199.99683, 0.029348, 0.019253, -0.005939, -0.005642]
Convergence: 0.0576
----------------------------
differential_evolution step 30: f(x)= -2.598685820248442
Best Solution: [199.99683, 0.029348, 0.019253, -0.005939, -0.005642]
Convergence: 0.0565
----------------------------
differential_evolution step 31: f(x)= -2.598685820248442
Best Solution: [199.99683, 0.029348, 0.019253, -0.005939, -0.005642]
Convergence: 0.0673
----------------------------
differential_evolution step 32: f(x)= -2.598685820248442
Best Solution: [199.99683, 0.029348, 0.019253, -0.005939, -0.005642]
Convergence: 0.0724
----------------------------
differential_evolution step 33: f(x)= -2.598685820248442
Best Solution: [199.99683, 0.029348, 0.019253, -0.005939, -0.005642]
Convergence: 0.0703
----------------------------
differential_evolution step 34: f(x)= -2.598685820248442
Best Solution: [199.99683, 0.029348, 0.019253, -0.005939, -0.005642]
Convergence: 0.0775
----------------------------
differential_evolution step 35: f(x)= -2.598685820248442
Best Solution: [199.99683, 0.029348, 0.019253, -0.005939, -0.005642]
Convergence: 0.0855
----------------------------
differential_evolution step 36: f(x)= -2.598685820248442
Best Solution: [199.99683, 0.029348, 0.019253, -0.005939, -0.005642]
Convergence: 0.1128
----------------------------
differential_evolution step 37: f(x)= -2.598685820248442
Best Solution: [199.99683, 0.029348, 0.019253, -0.005939, -0.005642]
Convergence: 0.1209
----------------------------
differential_evolution step 38: f(x)= -2.598685820248442
Best Solution: [199.99683, 0.029348, 0.019253, -0.005939, -0.005642]
Convergence: 0.1326
----------------------------
differential_evolution step 39: f(x)= -2.598685820248442
Best Solution: [199.99683, 0.029348, 0.019253, -0.005939, -0.005642]
Convergence: 0.1808
----------------------------
differential_evolution step 40: f(x)= -2.598685820248442
Best Solution: [199.99683, 0.029348, 0.019253, -0.005939, -0.005642]
Convergence: 0.2209
----------------------------
differential_evolution step 41: f(x)= -2.598685820248442
Best Solution: [199.99683, 0.029348, 0.019253, -0.005939, -0.005642]
Convergence: 0.2622
----------------------------
differential_evolution step 42: f(x)= -2.598685820248442
Best Solution: [199.99683, 0.029348, 0.019253, -0.005939, -0.005642]
Convergence: 0.3096
----------------------------
differential_evolution step 43: f(x)= -2.598685820248442
Best Solution: [199.99683, 0.029348, 0.019253, -0.005939, -0.005642]
Convergence: 0.338
----------------------------
differential_evolution step 44: f(x)= -2.5991295852630736
Best Solution: [199.99503489, 0.02956928, 0.01931002, -0.00597331, -0.0056891]
Convergence: 0.4436
----------------------------
differential_evolution step 45: f(x)= -2.5991295852630736
Best Solution: [199.99503489, 0.02956928, 0.01931002, -0.00597331, -0.0056891]
Convergence: 0.5022
----------------------------
differential_evolution step 46: f(x)= -2.6044641268987103
Best Solution: [199.99401454, 0.02930431, 0.0192835, -0.00591271, -0.0056141]
Convergence: 0.592
----------------------------
differential_evolution step 47: f(x)= -2.6044641268987103
Best Solution: [199.99401454, 0.02930431, 0.0192835, -0.00591271, -0.0056141]
Convergence: 0.6592
----------------------------
differential_evolution step 48: f(x)= -2.6044641268987103
Best Solution: [199.99401454, 0.02930431, 0.0192835, -0.00591271, -0.0056141]
Convergence: 0.9715
----------------------------
differential_evolution step 49: f(x)= -2.6044641268987103
Best Solution: [199.99401454, 0.02930431, 0.0192835, -0.00591271, -0.0056141]
Convergence: 1.2453
----------------------------

Current China Time: 2026-08-05 12:47:23.950471+08:00
Optimization completed, fidelity = -2.60446413
Optimized params = [ 1.99994015e+02  2.93043144e-02  1.92834955e-02 -5.91270854e-03
 -5.61410377e-03]
param_optimized = np.array([
[30.001698, 0.095031, 0.055965, -0.022943, -0.020406] ,
[40.005553, 0.099727, 0.046865, -0.024156, -0.0239] ,
[50.007178, 0.094429, 0.042327, -0.024473, -0.024578] ,
[60.00042, 0.086027, 0.039566, -0.023819, -0.023593] ,
[70.00632, 0.075498, 0.037555, -0.022072, -0.021756] ,
[80.007171, 0.068469, 0.036086, -0.021666, -0.021366] ,
[90.004679, 0.061269, 0.03283, -0.017511, -0.017426] ,
[99.987791, 0.055248, 0.030332, -0.013642, -0.013384] ,
[110.005516, 0.050837, 0.029181, -0.012404, -0.012206] ,
[120.001199, 0.048198, 0.028481, -0.012, -0.011663] ,
[130.008905, 0.044967, 0.027755, -0.011844, -0.011358] ,
[140.002889, 0.043147, 0.027055, -0.011586, -0.0112] ,
[150.008466, 0.040439, 0.025692, -0.010563, -0.010138] ,
[160.001046, 0.037311, 0.023602, -0.008812, -0.00847] ,
[169.988451, 0.035059, 0.022728, -0.008172, -0.00782] ,
[179.995898, 0.032883, 0.021297, -0.007186, -0.006866] ,
[190.006182, 0.031026, 0.020338, -0.006506, -0.006203] ,
[199.994015, 0.029304, 0.019283, -0.005913, -0.005614] ,
])

f_220 = np.array([
-0.28189021, -0.36851882, -0.47895617, -0.59899389 ,
-0.71177971, -0.79480700, -0.83985607, -0.92648381 ,
-1.07637999, -1.26334985, -1.46240259, -1.63832988 ,
-1.75127805, -1.88584134, -2.06871893, -2.25489474 ,
-2.42592538, -2.60446413 ,
])

f_1000 = np.array([
-0.29129808, -0.36923390, -0.46374899, -0.56816160 ,
-0.67249961, -0.74881948, -0.83025494, -0.93085496 ,
-1.08459354, -1.27820176, -1.49063344, -1.68651036 ,
-1.81163269, -1.92896027, -2.11364836, -2.27499988 ,
-2.41919200, -2.59210893 ,
])
[SAVE] npz saved to data/fidelity_optimize/cnot_leakage_optimized_all33.npz
[SAVE] csv saved to data/fidelity_optimize/cnot_leakage_optimized_all33.csv
CNOT optimize:  55%|█████▍    | 18/33 [15:28:56<23:56:18, 5745.26s/it]
--- Optimizing CNOT at index 18, tg_init=209.999963 ---

Current China Time: 2026-08-05 12:57:46.672164+08:00
Using the corresponding previous pulse as x0
params["x0"] = [ 2.09999963e+02  2.78110000e-02  1.83160000e-02 -5.36100000e-03
 -5.10500000e-03]
differential_evolution step 1: f(x)= -2.7596480059777284
Best Solution: [209.999963, 0.027811, 0.018316, -0.005361, -0.005105]
Convergence: 0.0105
----------------------------
differential_evolution step 2: f(x)= -2.7596480059777284
Best Solution: [209.999963, 0.027811, 0.018316, -0.005361, -0.005105]
Convergence: 0.0111
----------------------------
differential_evolution step 3: f(x)= -2.7596480059777284
Best Solution: [209.999963, 0.027811, 0.018316, -0.005361, -0.005105]
Convergence: 0.0123
----------------------------
differential_evolution step 4: f(x)= -2.7596480059777284
Best Solution: [209.999963, 0.027811, 0.018316, -0.005361, -0.005105]
Convergence: 0.013
----------------------------
differential_evolution step 5: f(x)= -2.7596480059777284
Best Solution: [209.999963, 0.027811, 0.018316, -0.005361, -0.005105]
Convergence: 0.0138
----------------------------
differential_evolution step 6: f(x)= -2.7596480059777284
Best Solution: [209.999963, 0.027811, 0.018316, -0.005361, -0.005105]
Convergence: 0.0145
----------------------------
differential_evolution step 7: f(x)= -2.7596480059777284
Best Solution: [209.999963, 0.027811, 0.018316, -0.005361, -0.005105]
Convergence: 0.0156
----------------------------
differential_evolution step 8: f(x)= -2.7596480059777284
Best Solution: [209.999963, 0.027811, 0.018316, -0.005361, -0.005105]
Convergence: 0.017
----------------------------
differential_evolution step 9: f(x)= -2.7596480059777284
Best Solution: [209.999963, 0.027811, 0.018316, -0.005361, -0.005105]
Convergence: 0.018
----------------------------
differential_evolution step 10: f(x)= -2.7596480059777284
Best Solution: [209.999963, 0.027811, 0.018316, -0.005361, -0.005105]
Convergence: 0.0196
----------------------------
differential_evolution step 11: f(x)= -2.7596480059777284
Best Solution: [209.999963, 0.027811, 0.018316, -0.005361, -0.005105]
Convergence: 0.0214
----------------------------
differential_evolution step 12: f(x)= -2.7596480059777284
Best Solution: [209.999963, 0.027811, 0.018316, -0.005361, -0.005105]
Convergence: 0.0219
----------------------------
differential_evolution step 13: f(x)= -2.7596480059777284
Best Solution: [209.999963, 0.027811, 0.018316, -0.005361, -0.005105]
Convergence: 0.0231
----------------------------
differential_evolution step 14: f(x)= -2.7596480059777284
Best Solution: [209.999963, 0.027811, 0.018316, -0.005361, -0.005105]
Convergence: 0.0253
----------------------------
differential_evolution step 15: f(x)= -2.7596480059777284
Best Solution: [209.999963, 0.027811, 0.018316, -0.005361, -0.005105]
Convergence: 0.0271
----------------------------
differential_evolution step 16: f(x)= -2.7596480059777284
Best Solution: [209.999963, 0.027811, 0.018316, -0.005361, -0.005105]
Convergence: 0.0287
----------------------------
differential_evolution step 17: f(x)= -2.7596480059777284
Best Solution: [209.999963, 0.027811, 0.018316, -0.005361, -0.005105]
Convergence: 0.0299
----------------------------
differential_evolution step 18: f(x)= -2.7596480059777284
Best Solution: [209.999963, 0.027811, 0.018316, -0.005361, -0.005105]
Convergence: 0.0314
----------------------------
differential_evolution step 19: f(x)= -2.7596480059777284
Best Solution: [209.999963, 0.027811, 0.018316, -0.005361, -0.005105]
Convergence: 0.0331
----------------------------
differential_evolution step 20: f(x)= -2.7596480059777284
Best Solution: [209.999963, 0.027811, 0.018316, -0.005361, -0.005105]
Convergence: 0.0363
----------------------------
differential_evolution step 21: f(x)= -2.7596480059777284
Best Solution: [209.999963, 0.027811, 0.018316, -0.005361, -0.005105]
Convergence: 0.0391
----------------------------
differential_evolution step 22: f(x)= -2.7596480059777284
Best Solution: [209.999963, 0.027811, 0.018316, -0.005361, -0.005105]
Convergence: 0.0396
----------------------------
differential_evolution step 23: f(x)= -2.7596480059777284
Best Solution: [209.999963, 0.027811, 0.018316, -0.005361, -0.005105]
Convergence: 0.0385
----------------------------
differential_evolution step 24: f(x)= -2.7596480059777284
Best Solution: [209.999963, 0.027811, 0.018316, -0.005361, -0.005105]
Convergence: 0.0396
----------------------------
differential_evolution step 25: f(x)= -2.7596480059777284
Best Solution: [209.999963, 0.027811, 0.018316, -0.005361, -0.005105]
Convergence: 0.0414
----------------------------
differential_evolution step 26: f(x)= -2.7596480059777284
Best Solution: [209.999963, 0.027811, 0.018316, -0.005361, -0.005105]
Convergence: 0.0461
----------------------------
differential_evolution step 27: f(x)= -2.7596480059777284
Best Solution: [209.999963, 0.027811, 0.018316, -0.005361, -0.005105]
Convergence: 0.0489
----------------------------
differential_evolution step 28: f(x)= -2.7596480059777284
Best Solution: [209.999963, 0.027811, 0.018316, -0.005361, -0.005105]
Convergence: 0.0509
----------------------------
differential_evolution step 29: f(x)= -2.7596480059777284
Best Solution: [209.999963, 0.027811, 0.018316, -0.005361, -0.005105]
Convergence: 0.0591
----------------------------
differential_evolution step 30: f(x)= -2.7596480059777284
Best Solution: [209.999963, 0.027811, 0.018316, -0.005361, -0.005105]
Convergence: 0.0611
----------------------------
differential_evolution step 31: f(x)= -2.7596480059777284
Best Solution: [209.999963, 0.027811, 0.018316, -0.005361, -0.005105]
Convergence: 0.0711
----------------------------
differential_evolution step 32: f(x)= -2.7596480059777284
Best Solution: [209.999963, 0.027811, 0.018316, -0.005361, -0.005105]
Convergence: 0.0815
----------------------------
differential_evolution step 33: f(x)= -2.7596480059777284
Best Solution: [209.999963, 0.027811, 0.018316, -0.005361, -0.005105]
Convergence: 0.0821
----------------------------
differential_evolution step 34: f(x)= -2.7596480059777284
Best Solution: [209.999963, 0.027811, 0.018316, -0.005361, -0.005105]
Convergence: 0.0891
----------------------------
differential_evolution step 35: f(x)= -2.7596480059777284
Best Solution: [209.999963, 0.027811, 0.018316, -0.005361, -0.005105]
Convergence: 0.1017
----------------------------
differential_evolution step 36: f(x)= -2.7596480059777284
Best Solution: [209.999963, 0.027811, 0.018316, -0.005361, -0.005105]
Convergence: 0.1118
----------------------------
differential_evolution step 37: f(x)= -2.7596480059777284
Best Solution: [209.999963, 0.027811, 0.018316, -0.005361, -0.005105]
Convergence: 0.1424
----------------------------
differential_evolution step 38: f(x)= -2.7596480059777284
Best Solution: [209.999963, 0.027811, 0.018316, -0.005361, -0.005105]
Convergence: 0.1498
----------------------------
differential_evolution step 39: f(x)= -2.7596480059777284
Best Solution: [209.999963, 0.027811, 0.018316, -0.005361, -0.005105]
Convergence: 0.1767
----------------------------
differential_evolution step 40: f(x)= -2.7596480059777284
Best Solution: [209.999963, 0.027811, 0.018316, -0.005361, -0.005105]
Convergence: 0.2061
----------------------------
differential_evolution step 41: f(x)= -2.7596480059777284
Best Solution: [209.999963, 0.027811, 0.018316, -0.005361, -0.005105]
Convergence: 0.2809
----------------------------
differential_evolution step 42: f(x)= -2.7596480059777284
Best Solution: [209.999963, 0.027811, 0.018316, -0.005361, -0.005105]
Convergence: 0.3571
----------------------------
differential_evolution step 43: f(x)= -2.7596480059777284
Best Solution: [209.999963, 0.027811, 0.018316, -0.005361, -0.005105]
Convergence: 0.4039
----------------------------
differential_evolution step 44: f(x)= -2.7615564045923855
Best Solution: [209.99745963, 0.02781916, 0.01826594, -0.005312, -0.0050378]
Convergence: 0.4139
----------------------------
differential_evolution step 45: f(x)= -2.7615564045923855
Best Solution: [209.99745963, 0.02781916, 0.01826594, -0.005312, -0.0050378]
Convergence: 0.4805
----------------------------
differential_evolution step 46: f(x)= -2.7615564045923855
Best Solution: [209.99745963, 0.02781916, 0.01826594, -0.005312, -0.0050378]
Convergence: 0.641
----------------------------
differential_evolution step 47: f(x)= -2.7615564045923855
Best Solution: [209.99745963, 0.02781916, 0.01826594, -0.005312, -0.0050378]
Convergence: 0.8098
----------------------------
differential_evolution step 48: f(x)= -2.762211142925902
Best Solution: [209.99618972, 0.02783681, 0.01832914, -0.00536086, -0.00510533]
Convergence: 0.9282
----------------------------
differential_evolution step 49: f(x)= -2.762211142925902
Best Solution: [209.99618972, 0.02783681, 0.01832914, -0.00536086, -0.00510533]
Convergence: 1.4824
----------------------------

Current China Time: 2026-08-05 14:52:40.402427+08:00
Optimization completed, fidelity = -2.76221114
Optimized params = [ 2.09996190e+02  2.78368129e-02  1.83291404e-02 -5.36085693e-03
 -5.10533209e-03]
param_optimized = np.array([
[30.001698, 0.095031, 0.055965, -0.022943, -0.020406] ,
[40.005553, 0.099727, 0.046865, -0.024156, -0.0239] ,
[50.007178, 0.094429, 0.042327, -0.024473, -0.024578] ,
[60.00042, 0.086027, 0.039566, -0.023819, -0.023593] ,
[70.00632, 0.075498, 0.037555, -0.022072, -0.021756] ,
[80.007171, 0.068469, 0.036086, -0.021666, -0.021366] ,
[90.004679, 0.061269, 0.03283, -0.017511, -0.017426] ,
[99.987791, 0.055248, 0.030332, -0.013642, -0.013384] ,
[110.005516, 0.050837, 0.029181, -0.012404, -0.012206] ,
[120.001199, 0.048198, 0.028481, -0.012, -0.011663] ,
[130.008905, 0.044967, 0.027755, -0.011844, -0.011358] ,
[140.002889, 0.043147, 0.027055, -0.011586, -0.0112] ,
[150.008466, 0.040439, 0.025692, -0.010563, -0.010138] ,
[160.001046, 0.037311, 0.023602, -0.008812, -0.00847] ,
[169.988451, 0.035059, 0.022728, -0.008172, -0.00782] ,
[179.995898, 0.032883, 0.021297, -0.007186, -0.006866] ,
[190.006182, 0.031026, 0.020338, -0.006506, -0.006203] ,
[199.994015, 0.029304, 0.019283, -0.005913, -0.005614] ,
[209.99619, 0.027837, 0.018329, -0.005361, -0.005105] ,
])

f_220 = np.array([
-0.28189021, -0.36851882, -0.47895617, -0.59899389 ,
-0.71177971, -0.79480700, -0.83985607, -0.92648381 ,
-1.07637999, -1.26334985, -1.46240259, -1.63832988 ,
-1.75127805, -1.88584134, -2.06871893, -2.25489474 ,
-2.42592538, -2.60446413, -2.76221114 ,
])

f_1000 = np.array([
-0.29129808, -0.36923390, -0.46374899, -0.56816160 ,
-0.67249961, -0.74881948, -0.83025494, -0.93085496 ,
-1.08459354, -1.27820176, -1.49063344, -1.68651036 ,
-1.81163269, -1.92896027, -2.11364836, -2.27499988 ,
-2.41919200, -2.59210893, -2.74846003 ,
])
[SAVE] npz saved to data/fidelity_optimize/cnot_leakage_optimized_all33.npz
[SAVE] csv saved to data/fidelity_optimize/cnot_leakage_optimized_all33.csv
CNOT optimize:  58%|█████▊    | 19/33 [17:34:41<24:26:45, 6286.07s/it]
--- Optimizing CNOT at index 19, tg_init=220.001258 ---

Current China Time: 2026-08-05 15:03:32.591329+08:00
Using the corresponding previous pulse as x0
params["x0"] = [ 2.20001258e+02  2.64910000e-02  1.74880000e-02 -4.91800000e-03
 -4.69100000e-03]
differential_evolution step 1: f(x)= -2.851201505774619
Best Solution: [220.001258, 0.026491, 0.017488, -0.004918, -0.004691]
Convergence: 0.0097
----------------------------
differential_evolution step 2: f(x)= -2.851201505774619
Best Solution: [220.001258, 0.026491, 0.017488, -0.004918, -0.004691]
Convergence: 0.0109
----------------------------
differential_evolution step 3: f(x)= -2.851201505774619
Best Solution: [220.001258, 0.026491, 0.017488, -0.004918, -0.004691]
Convergence: 0.0123
----------------------------
differential_evolution step 4: f(x)= -2.851201505774619
Best Solution: [220.001258, 0.026491, 0.017488, -0.004918, -0.004691]
Convergence: 0.0133
----------------------------
differential_evolution step 5: f(x)= -2.851201505774619
Best Solution: [220.001258, 0.026491, 0.017488, -0.004918, -0.004691]
Convergence: 0.0146
----------------------------
differential_evolution step 6: f(x)= -2.851201505774619
Best Solution: [220.001258, 0.026491, 0.017488, -0.004918, -0.004691]
Convergence: 0.0156
----------------------------
differential_evolution step 7: f(x)= -2.851201505774619
Best Solution: [220.001258, 0.026491, 0.017488, -0.004918, -0.004691]
Convergence: 0.0168
----------------------------
