2.466730765544496577e-18,1.001723415113690644e-18,1.483803022012586197e-18,4.788837289387962130e-19,2.850375324201004789e-18,3.176081009966394457e-19,4.592964859111679376e-19,9.683043728880864324e-20,2.576222177538276877e-18,2.409349807334920903e-18,8.420614732817678698e-19,5.184978600088000244e-18,3.428234130333863602e-17,1.639717620387016869e-16,7.624148134216842941e-16,3.438540289038840046e-15,1.494472354243111366e-14,6.248271682565905064e-14,2.513340844480796052e-13,9.724068077037944306e-13,3.618755574888486210e-12,1.295526828830578116e-11,4.462745492511334521e-11,1.479482636292897251e-10,4.720518172512063217e-10,1.449287260699594064e-09,4.279584024496325033e-09,1.214656706536854228e-08,3.311655456445435334e-08,8.670256390456745692e-08,2.180144010515724825e-07,5.269092134424044103e-07,1.225590032417752853e-06,2.747940977067905650e-06,5.948625790439500679e-06,1.244957063931117460e-05,2.521374601740897128e-05,4.944613551215787850e-05,9.392828483626946526e-05,1.728545631111422514e-04,3.080723081643637652e-04,5.311720364724938645e-04,8.839447590325734535e-04,1.414390622148351028e-03,2.164556051152425383e-03,3.147918186078445604e-03,4.319976607403049410e-03,5.555613216193204876e-03,6.654065217505463099e-03,7.386110227407989559e-03,7.573831008066006683e-03,7.164918016281399127e-03,6.257197860355395366e-03,5.057133990961891652e-03,3.798044456681111750e-03,2.664683580312702128e-03,1.757032322434967349e-03,1.095689526471790593e-03,6.501504949914087023e-04,3.691428978556694621e-04,2.015570899453925460e-04,1.062979612223036320e-04,5.435238090433387590e-05,2.702956309021193452e-05,1.310292409379552783e-05,6.198158998380540490e-06,2.859685821170180395e-06,1.284201980607075403e-06,5.594061948959538800e-07,2.353974390224877498e-07,9.529348124096831641e-08,3.698352825771396032e-08,1.372789464215313400e-08,4.867928956588636513e-09,1.648956287026290534e-09,5.340276988821051651e-10,1.655916070339838339e-10,4.925098592378860451e-11,1.407774013688889390e-11,3.874455004057890372e-12,1.028430646891571442e-12,2.636275814206079458e-13,6.531636357219540892e-14,1.564371698889474105e-14,3.621278890616224760e-15,8.119784734054675744e-16,1.758738999092900422e-16,3.592676127670441131e-17,8.139803188791199959e-18,2.431083275641350377e-18,2.374701644671687212e-18,1.145803234304124561e-18,9.396482574858425305e-19,9.630858327736565034e-19,1.079858559407203834e-18,7.406591332009898407e-19,6.914241600691250878e-19,1.909088550584178232e-18,1.072123785677569705e-18,9.114570645426967573e-19
1.943587575190181791e-18,2.471660275480991344e-18,9.474439196271980209e-19,7.430408348191570661e-19,2.264294448063108562e-18,1.295538763459525425e-18,9.645093556240591105e-19,4.098047222864631351e-19,3.017218724942157008e-18,1.299801042201040018e-18,1.044614390373028892e-18,7.429470436153257774e-18,3.603612382077172317e-17,1.754502597580420117e-16,8.180592078067536604e-16,3.680406334236919120e-15,1.595156757237542212e-14,6.646025938223531845e-14,2.663737026111364829e-13,1.027408464034161020e-12,3.815647462286475475e-12,1.365282871885341127e-11,4.708783908657461845e-11,1.565727701518860170e-10,5.018361788147874304e-10,1.549375363088820092e-09,4.602780282509767420e-09,1.313885429524630148e-08,3.599022959612154241e-08,9.451038138476454053e-08,2.378570645172166653e-07,5.740405372283118145e-07,1.330384874884621918e-06,2.967005100299448173e-06,6.382575386740405012e-06,1.327454939469585784e-05,2.674656710098696316e-05,5.229212894771523756e-05,9.931534791340307735e-05,1.833374533095344643e-04,3.288720934506009002e-04,5.724145208200033747e-04,9.638109229491650682e-04,1.562464397142846123e-03,2.423361740512747220e-03,3.569282837147592577e-03,4.952927987969705376e-03,6.425953789394998894e-03,7.742598826954205475e-03,8.618450499837509646e-03,8.832762124861117184e-03,8.323981111130161759e-03,7.219546374817725765e-03,5.779569444064408534e-03,4.290600250719931244e-03,2.971663826684205721e-03,1.933465213029879207e-03,1.190317271571118656e-03,6.982832581326659134e-04,3.928637875231497968e-04,2.131747727811541474e-04,1.120876575558951769e-04,5.732487516652470105e-05,2.859472371676202986e-05,1.393348259440819010e-05,6.632935285395412388e-06,3.080023253003924849e-06,1.390773583666680872e-06,6.081016485199348643e-07,2.562707557385878917e-07,1.036515617364738027e-07,4.010484143824854683e-08,1.481630650040759346e-08,5.223814983013404322e-09,1.758906099410673390e-09,5.664808150231266292e-10,1.748706687109996420e-10,5.185806733693088223e-11,1.480546666947874351e-11,4.077050845675970667e-12,1.084445297066125473e-12,2.788560348606590918e-13,6.933892321262119629e-14,1.666629032006303830e-14,3.868554612946834953e-15,8.679766735651160133e-16,1.881420224097633765e-16,3.780444226399664990e-17,7.419190578319031061e-18,1.979741572200697449e-18,2.140971453548409831e-18,2.415072915731154114e-18,1.888699005109982021e-18,1.016290158744130293e-18,1.011148152147780382e-18,2.014065068336483027e-19,2.191597152310748291e-19,7.654559012084184528e-19,1.102853358076435420e-18,8.742789810553340373e-19
1.718815694645085695e-18,3.244580112464043733e-18,1.269519395958539964e-18,1.105941478109566505e-18,1.123454580700358032e-18,1.957074782122693174e-18,1.420283940778745611e-18,8.376867393762624671e-19,2.085974174827781655e-18,1.620061364589344021e-18,1.227700663173310567e-18,9.095507072660154040e-18,3.814631615924280271e-17,1.876360714407807792e-16,8.763328848339593301e-16,3.936586247468827196e-15,1.701221666638049631e-14,7.063800757894850348e-14,2.821014475597186003e-13,1.084711915454375949e-12,4.020280602752970830e-12,1.437742547423511872e-11,4.964777486053311534e-11,1.655795160250085297e-10,5.331067040951190417e-10,1.655125088170135138e-09,4.946534587099367367e-09,1.420086967717365063e-08,3.908175286564795792e-08,1.029393291425349938e-07,2.593066287615813066e-07,6.249334510844979387e-07,1.443150549320987458e-06,3.201430167658588251e-06,6.843762353245618099e-06,1.414502816971432417e-05,2.835409427802518221e-05,5.526632176983259636e-05,1.049459333589927745e-04,1.943390109077980995e-04,3.508634188456597933e-04,6.164501393920674907e-04,1.050061492114970439e-03,1.724331167788453007e-03,2.709745661564763423e-03,4.040927854445854062e-03,5.668551093750969633e-03,7.417838305719981831e-03,8.989860495692862316e-03,1.003402308644657168e-02,1.027808563015718268e-02,9.649915699752117590e-03,8.313461246868587493e-03,6.593595998756011760e-03,4.839721481366757172e-03,3.309856452429819212e-03,2.125444826359470640e-03,1.292040400640956333e-03,7.494503519925832221e-04,4.178429480629039278e-04,2.253245620228246549e-04,1.181212764584402904e-04,6.042372180302909060e-05,3.023283684338814222e-05,1.480831743370759797e-05,7.094275670338054275e-06,3.315460184984983111e-06,1.505278301767544167e-06,6.605977590670433953e-07,2.787928393747494504e-07,1.126555014512842017e-07,4.345475502979049187e-08,1.597813325729243371e-08,5.601274634525888304e-09,1.874739401767551272e-09,6.004557818473953308e-10,1.845347217929850045e-10,5.456398113762919988e-11,1.555978415780780843e-11,4.287228300348326975e-12,1.142712194360041803e-12,2.947591584204955385e-13,7.355778602930937477e-14,1.774260417748915677e-14,4.129818008864300705e-15,9.268686662718586013e-16,2.011557406728417037e-16,3.983264341180606392e-17,6.467784121208354524e-18,1.710879011206430454e-18,1.315590968518504071e-18,2.603212493374866287e-18,2.183203778055375643e-18,1.212425864116544153e-18,7.527899070515127429e-19,5.426464277030892940e-19,4.153659522912458182e-19,3.047595024200847027e-19,1.006025990590194315e-18,5.523173008006474132e-19
1.629877759048032331e-18,2.739942817710118469e-18,1.577942973529759130e-18,1.201786370068225488e-18,8.652769306015433317e-19,2.251599629766699735e-18,1.217918436623320386e-18,1.016673372405946515e-18,3.843088272561697148e-19,2.458717687311444905e-18,1.519200488233178097e-18,9.285460056417205609e-18,4.072791235474464839e-17,2.005504519688069925e-16,9.369961173916430024e-16,4.207020430051446546e-15,1.812842130639986859e-14,7.501929024895120492e-14,2.985266984949114577e-13,1.144333687836904989e-12,4.232680186358374636e-12,1.512912828045774615e-11,5.230783317000303937e-11,1.749730635457752498e-10,5.658931376085203726e-10,1.766700005961977584e-09,5.311622275971365439e-09,1.533580391650072244e-08,4.240253113935810753e-08,1.120247604269335652e-07,2.824577817631638742e-07,6.798062709880967748e-07,1.564318466242049685e-06,3.451943267650322540e-06,7.333227134818777524e-06,1.506227335399477157e-05,3.003769332605272878e-05,5.837032852597875168e-05,1.108232820571413481e-04,2.058696720240786278e-04,3.740828199084516529e-04,6.633991038071799292e-04,1.143056013742355060e-03,1.900955240379478004e-03,3.026003390525612048e-03,4.567662084518582348e-03,6.475645484593938253e-03,8.545243890337391596e-03,1.041502056094046127e-02,1.165543823886766757e-02,1.193266835251906473e-02,1.116252311603037686e-02,9.553623207751131205e-03,7.508544511698304197e-03,5.450504706379644126e-03,3.681661823251983646e-03,2.333949850510001495e-03,1.401205718346961327e-03,8.037588552288185478e-04,4.441091849176213489e-04,2.380133232541811533e-04,1.244006435560022323e-04,6.365002633568062735e-05,3.194508397788428455e-05,1.572861472476016898e-05,7.583177546657917758e-06,3.566700811401956692e-06,1.628137381115406223e-06,7.171092435105146460e-07,3.030572357459616844e-07,1.223401871862066797e-07,4.704440911950836385e-08,1.721641632871515026e-08,6.001014264406942537e-09,1.996593763150681558e-09,6.359741546879430409e-10,1.945861123777409204e-10,5.736876972730845223e-11,1.634064876882337042e-11,4.504989276294278516e-12,1.203243486026636257e-12,3.113448710312173105e-13,7.797698837259095733e-14,1.887366356094939967e-14,4.405439651989292747e-15,9.891785762637035912e-16,2.147623860800460586e-16,4.252664454026186489e-17,6.055489391286431137e-18,2.025278139409936506e-18,3.038548982919299614e-19,1.764015913629722893e-18,1.596823272052974325e-18,1.031754442692224863e-18,8.345940894562935682e-19,9.540376766067806541e-19,1.073040251368314856e-18,5.688306740748833047e-19,7.886918515935369710e-19,4.183682909581177936e-19
1.249599527467276727e-18,1.108460899061927150e-18,1.004927755746230654e-18,1.322438242963075107e-18,2.019759359268441676e-18,2.240154383506299428e-18,7.668846922221494021e-19,6.438391673497425684e-19,1.790743423496857186e-18,2.285465667225676529e-18,1.940166695305033202e-18,8.311984575256349683e-18,4.391329707156455719e-17,2.142403312146090334e-16,1.000546545004636420e-15,4.491856213251873462e-15,1.930215412299255088e-14,7.960694739012952153e-14,3.156566315736833003e-13,1.206282900481802660e-12,4.452844367813042397e-12,1.590791291753174439e-11,5.506825130869371881e-11,1.847567793911866870e-10,6.002210825171942261e-10,1.884250585029097321e-09,5.698783172925423807e-09,1.654677239785377347e-08,4.596387090194718388e-08,1.218020431644272714e-07,3.074056414407246242e-07,7.388780688981264932e-07,1.694318540242281431e-06,3.719258602941213354e-06,7.851965810715618135e-06,1.602744240323473383e-05,3.179850826563296692e-05,6.160534950304830549e-05,1.169498654477164971e-04,2.179384166185859971e-04,3.985642016643151445e-04,7.133779011518341000e-04,1.243153117494448946e-03,2.093319814162221751e-03,3.374517520727350183e-03,5.154550371325123358e-03,7.383588960425627006e-03,9.823198317608429139e-03,1.203880868366325949e-02,1.350720528151377366e-02,1.382127486279223147e-02,1.288315592632803541e-02,1.095574299866716207e-02,8.534293015032520455e-03,6.128270344182025660e-03,4.089542492891266694e-03,2.559962773582050675e-03,1.518151607995123350e-03,8.613089643644145782e-04,4.716875097733064519e-04,2.512460797673742919e-04,1.309267001123900044e-04,6.700445347247594363e-05,3.373242419617173430e-05,1.669545568198103539e-05,8.100596511383240632e-06,3.834437014954739000e-06,1.759770137753965475e-06,7.778509538463383370e-07,3.291574585015385389e-07,1.327402618958925108e-07,5.088472610247560838e-08,1.853407744085333269e-08,6.423690586656506305e-09,2.124589817448839360e-09,6.730524462186506627e-10,2.050258032679624735e-10,6.027210711387751269e-11,1.714791701922293405e-11,4.730308330805340652e-12,1.266043909114411511e-12,3.286189016818151885e-13,8.259990346024109914e-14,2.006088628476636380e-14,4.695749363057788111e-15,1.055493968334715807e-15,2.288325835724442141e-16,4.605969488660897566e-17,6.774330737126823336e-18,2.307652252547054932e-18,4.469616087227424628e-19,7.098098303496474684e-19,3.800909220434794665e-19,7.761577015875579811e-19,1.008733214589817200e-18,9.645014616804243920e-19,1.346121525962591836e-18,7.759005776640910492e-19,5.188627824650137422e-19,1.342354616392471038e-18
1.028102486442830689e-18,1.320155566603995262e-18,7.519588752635546282e-19,1.654851570263043435e-18,2.788503529061181284e-18,1.942708825302691052e-18,1.255910174703603694e-18,5.366455580441705032e-19,2.766446742408630953e-18,1.338921434700551519e-18,2.256312644808116566e-18,7.466531167303772993e-18,4.768143839991518940e-17,2.288012453510285711e-16,1.068004555373155828e-15,4.791669806048098796e-15,2.053513147430649047e-14,8.440370155552620707e-14,3.334958639317970603e-13,1.270560453104064969e-12,4.680742052359662427e-12,1.671365451482450087e-11,5.792890499558805947e-11,1.949327144218714654e-10,6.361114619306711673e-10,2.007911853893252647e-09,6.108712174440085540e-09,1.783678097056635204e-08,4.977686740947815018e-08,1.323062394165475502e-07,3.342449265450090918e-07,8.023667425397952422e-07,1.833575144471803438e-06,4.004069900406714723e-06,8.400917406481376594e-06,1.704156471449424725e-05,3.363743394735739414e-05,6.497212863700526394e-05,1.233273059829042770e-04,2.305525801930699635e-04,4.243383379099324184e-04,7.664979572459497056e-04,1.350707191490842533e-03,2.302419667964308858e-03,3.757743996361282562e-03,5.806892705280992592e-03,8.402312779500931139e-03,1.126775856167050970e-02,1.388350148123789971e-02,1.561572642105571104e-02,1.597055639711161129e-02,1.483469295946739444e-02,1.253652448856287099e-02,9.681228487308193853e-03,6.878532784556157589e-03,4.536004717380571344e-03,2.804460507146613706e-03,1.643203997001302895e-03,9.221924630926122812e-04,5.005986007565833623e-04,2.650258205944669475e-04,1.376994252026102878e-04,7.048718685945998448e-05,3.559556828118056349e-05,1.770979871115857169e-05,8.647434449293513349e-06,4.119341125929310860e-06,1.900589989801594779e-06,8.430359166837290901e-07,3.571861173384345888e-07,1.438897784299962645e-07,5.498628907719612408e-08,1.993388111154941849e-08,6.869900487529563411e-09,2.258828794326724047e-09,7.117015758793762455e-10,2.158532555055519120e-10,6.327327185106713257e-11,1.798133929418417369e-11,4.963130704486247250e-12,1.331109810845277552e-12,3.465846665433473269e-13,8.742902815591359735e-14,2.130597447268220928e-14,5.001099195395199690e-15,1.126202398401977643e-15,2.434222789440656037e-16,5.010032057362282739e-17,8.576000744438540317e-18,2.401296855623038820e-18,5.647168545315016008e-19,8.496253463695760422e-19,1.044446589184033150e-18,8.330927064500402846e-19,7.406105793197954130e-19,6.585416305682120615e-19,9.184578869144431238e-19,1.665232030251983505e-18,4.933965993982414683e-19,2.238373338094484600e-18
1.072266906292836047e-18,2.987947656554330438e-18,1.696669051180379663e-18,1.834357578573097618e-18,2.915650311115211213e-18,1.408994495101907714e-18,1.928495012040616185e-18,1.635776856234897566e-18,2.613807754312525749e-18,4.697838875932298626e-19,2.250399882061054909e-18,7.888051134166826237e-18,5.174079968976488262e-17,2.443181186002487472e-16,1.140219305023177665e-15,5.107263794604979669e-15,2.182845373532262365e-14,8.941217584108542892e-14,3.520461724328641163e-13,1.337157994104202113e-12,4.916310793712124917e-12,1.754612064994525253e-11,6.088928067226558809e-11,2.055014823294790181e-10,6.735799669368184996e-10,2.137800957192851270e-09,6.542049211313304487e-09,1.920868873477474427e-08,5.385228180710719396e-08,1.435717452328506922e-07,3.630690177512070137e-07,8.704868313807941968e-07,1.982502579156892322e-06,4.307042060735249282e-06,8.980950257148185390e-06,1.810552160473292716e-05,3.555508807861125248e-05,6.847091128145868619e-05,1.299562972041699664e-04,2.437176613150434279e-04,4.514323469695423279e-04,8.228641972773146837e-04,1.466064681741029076e-03,2.529252667962807524e-03,4.178195304529460676e-03,6.530196270272481743e-03,9.542263273624786504e-03,1.289596722028767822e-02,1.597287944717794630e-02,1.800925400295524947e-02,1.840900242774230755e-02,1.704148169504798860e-02,1.431360359787319132e-02,1.096019355568851605e-02,7.706962671750754341e-03,5.023576593464878018e-03,3.068403804260032199e-03,1.776671967788353646e-03,9.864911074426571322e-04,5.308582480043122281e-04,2.793533077507252198e-04,1.447177586041040577e-04,7.409788899535979501e-05,3.753495238005974741e-05,1.877246064107714448e-05,9.224526703043689464e-06,4.422057946031735889e-06,2.051000015830183011e-06,9.128731228180125301e-07,3.872339373030372550e-07,1.558218140653547768e-07,5.935920862477409178e-08,2.141839432863749432e-08,7.340170299357466355e-09,2.399389973533201478e-09,7.519263136739194958e-10,2.270663104396358456e-10,6.637112043718426285e-11,1.884055313142940824e-11,5.203369985595309470e-12,1.398428073337070740e-12,3.652431048774474487e-13,9.246594513684968451e-14,2.261044067279791818e-14,5.321847826345944897e-15,1.201274102701030695e-15,2.587916991287804880e-16,5.405615252895121971e-17,1.072163385596769629e-17,2.608350081062202687e-18,1.857385055079377100e-19,9.811274423979800765e-19,2.157899302406382142e-18,9.197118447933151081e-19,2.514399961954722838e-19,1.182522525645041091e-18,3.848694026738008515e-19,2.236064463676273292e-18,7.516164117666228931e-19,2.828710243555942234e-18
9.732316655876008883e-19,3.515913294402319481e-18,1.792616513478956630e-18,1.622632546072670501e-18,2.410231467066149325e-18,7.869908344941164877e-19,2.104095990058472372e-18,2.464596099219301208e-18,1.766293367339770369e-18,4.191408622846753722e-19,1.920111894292112354e-18,9.537949516525673402e-18,5.560713577668375590e-17,2.607841507710987766e-16,1.217238379971289142e-15,5.439198718261284247e-15,2.318258316885998470e-14,9.463448144227210632e-14,3.713063422651924432e-13,1.406056932988488698e-12,5.159454885631877802e-12,1.840496430252968838e-11,6.394844850980183394e-11,2.164621384291735889e-10,7.126364957412464021e-10,2.274014622527440014e-09,6.999368635572656946e-09,2.066516794390598823e-08,5.820040645267106518e-08,1.556318906919583918e-07,3.939689074164082053e-07,9.434470751835484645e-07,2.141500051732064350e-06,4.628802059854690550e-06,9.592847474913183603e-06,1.922002551834640029e-05,3.755178291898878163e-05,7.210140222177309293e-05,1.368365241567693279e-04,2.574371265032997604e-04,4.798691472891045335e-04,8.825735099090123610e-04,1.589560018472109103e-03,2.774810062341782728e-03,4.638420330510303891e-03,7.330139733980284809e-03,1.081434823593026284e-02,1.472578366024353096e-02,1.833214827967235769e-02,2.071780514628487543e-02,2.116684880771950092e-02,1.952924313954735105e-02,1.630545993091587695e-02,1.238241659949133183e-02,8.619340800991645915e-03,5.554782693241451519e-03,3.352725473086868701e-03,1.918843032157051048e-03,1.054274937830438101e-03,5.624767894017487346e-04,2.942268845811388863e-04,1.519795251974238566e-04,7.783566169721349071e-05,3.955071139192770536e-05,1.988409720572059618e-05,9.832628372044954261e-06,4.743196045131670969e-06,2.211388036579166745e-06,9.875650640061646890e-07,4.193886684708036605e-07,1.685680461107150007e-07,6.401297832894331787e-08,2.298994361565802403e-08,7.834944607221666479e-09,2.546328083406599385e-09,7.937247237830646854e-10,2.386610736320911753e-10,6.956406181099983706e-11,1.972507644954500438e-11,5.450905714469730491e-12,1.467975284610362950e-12,3.845924616924169015e-13,9.771142891213902874e-14,2.397513289791324973e-14,5.658282298929032667e-15,1.280267538421303004e-15,2.752683156254182853e-16,5.749506580066843827e-17,1.220031817334934141e-17,3.170012237795503539e-18,5.698589146128222409e-19,8.476256360691272500e-19,2.846328712931813415e-18,7.744159229793701191e-19,1.417878605331429482e-18,2.192880843739664073e-18,1.219797688787651265e-18,1.859268336459116207e-18,9.312676641280879406e-19,3.130747344019832200e-18
1.404982559722518182e-18,2.758510555370407972e-18,1.141907533744582618e-18,1.100823960779456445e-18,1.398169327912149859e-18,2.419527780103128629e-19,1.747681779367241159e-18,2.604039593924185388e-18,9.368272350720598787e-19,1.323124133959133439e-18,1.544000344340191028e-18,1.154041825051198440e-17,5.886266095866660300e-17,2.780914998552400054e-16,1.298275174179646335e-15,5.787462619736663139e-15,2.459762135440789726e-14,1.000716014818473153e-13,3.912721112962169546e-13,1.477227742543474548e-12,5.410043626378131278e-12,1.928971698294562009e-11,6.710503644290617395e-11,2.278120601116264854e-10,7.532845887423506503e-10,2.416626556993002987e-09,7.481168098117454323e-09,2.220866120160393472e-08,6.283091881239085706e-08,1.685185006165146127e-07,4.270320383107994310e-07,1.021447715778600150e-06,2.310946174701350661e-06,4.969929129190627040e-06,1.023729159598202238e-05,2.038559861590714758e-05,3.962749690215790096e-05,7.586272435608090801e-05,1.439665849244105940e-04,2.717122142039537450e-04,5.096668969201076111e-04,9.457131232258786553e-04,1.721511179775418732e-03,3.040065546899763972e-03,5.140980720518729605e-03,8.212529192739494166e-03,1.222986653650073689e-02,1.677598679096437700e-02,2.098781974676067544e-02,2.377302765661308895e-02,2.427593640761864166e-02,2.232493438559500151e-02,1.853129814751320811e-02,1.395942386037888824e-02,9.621503168283907642e-03,6.132115121343668235e-03,3.658317410586935017e-03,2.069978095414740874e-03,1.125600531480884297e-03,5.954585419473192595e-04,3.096422872781304843e-04,1.594813617257484755e-04,8.169900753662996229e-05,4.164265232483478624e-05,2.104518291010724597e-05,1.047239980252696356e-05,5.083318352886158852e-06,2.382121225444101328e-06,1.067305018459624773e-06,4.537338872300237004e-07,1.821582896146332572e-07,6.895631963950118446e-08,2.465056974309077327e-08,8.354574674755403386e-09,2.699670667593680242e-09,8.370876138075928592e-10,2.506318022667454149e-10,7.285003343606035626e-11,2.063430122199455045e-11,5.705581370710871417e-12,1.539717326002146172e-12,4.046280339631815281e-13,1.031655514513469089e-13,2.540011181699562299e-14,6.010552497195161033e-15,1.362613921637699055e-15,2.930425650884469433e-16,6.042588826798358174e-17,1.245025151944128490e-17,3.768235124084523548e-18,9.157783400434961113e-19,8.860390841506897173e-19,3.012124261665868089e-18,6.502348758064623013e-19,2.486567624501884929e-18,2.734597000483512796e-18,1.632820929207158258e-18,5.785479662992016400e-19,8.967837724320068646e-19,3.175093315897305418e-18
2.238030146913305326e-18,1.636270288917637506e-18,1.689650914807812594e-18,6.081914651066767649e-19,1.675819257549363775e-19,2.262002209815690920e-19,1.103580501437841260e-18,2.052934708329970027e-18,1.327683855746971429e-18,2.447685878774107250e-18,1.502272346748362330e-18,1.289460418339588268e-17,6.145487270920736947e-17,2.961270927082227180e-16,1.382348280423978405e-15,6.151582107139674053e-15,2.607362975646501574e-14,1.057229313823905157e-13,4.119360957496523596e-13,1.550629602780036907e-12,5.667909646279771380e-12,2.019978239760870078e-11,7.035720533777379940e-11,2.395468304219909020e-10,7.955208648554440728e-10,2.565684795628382780e-09,7.987856997978139836e-09,2.384133619863005938e-08,6.775272454506911878e-08,1.822614172361168899e-07,4.623410337584393207e-07,1.104677547628605767e-06,2.491192997114743187e-06,5.330944258215425357e-06,1.091484850446206310e-05,2.160255092365708456e-05,4.178184647034170128e-05,7.975337849704133321e-05,1.513439141278625892e-04,2.865417397738320021e-04,5.408384216206199016e-04,1.012358903283162121e-03,1.862214910713255083e-03,3.325963107116949782e-03,5.688423645911413508e-03,9.183245275312695854e-03,1.380041955958203302e-02,1.906604653538783792e-02,2.396754737423082565e-02,2.720801127125214991e-02,2.776951434525220391e-02,2.545656427746281064e-02,2.101089634545503029e-02,1.570293236399122189e-02,1.071927684147955077e-02,6.758000985725948900e-03,3.986016507020713820e-03,2.230306145356135590e-03,1.200509211226737484e-03,6.298012348480057712e-04,3.255924618021985685e-04,1.672186468142008975e-04,8.568579269513191003e-05,4.381022788663950648e-05,2.225599043789277184e-05,1.114439135255515508e-05,5.442932082622732830e-06,2.563540262621836786e-06,1.152274091514091716e-06,4.903476926087173545e-07,1.966199990472254413e-07,7.419701694970693707e-08,2.640198041466559543e-08,8.899306591309593442e-09,2.859415446925272297e-09,8.819979957343127517e-10,2.629707977928050402e-10,7.622647915103212396e-11,2.156748802757518722e-11,5.967202965387859934e-12,1.613609235727499967e-12,4.253418982347262133e-13,1.088276414361529688e-13,2.688495177135931269e-14,6.378678441313380861e-15,1.448028098508526651e-15,3.120329213140137260e-16,6.330257805023995265e-17,1.182164986072767703e-17,3.870336129343635711e-18,7.530209992108615807e-19,4.361676047583361256e-19,2.497416073268870654e-18,9.562587197334038517e-19,2.749897321492747928e-18,2.424725287965579168e-18,1.413628911795765665e-18,1.022776747523564404e-18,6.481595400533031061e-19,2.779181674257980736e-18
2.717863089543457634e-18,1.870595868773374291e-18,2.551218948871960206e-18,5.795594987046902139e-19,8.601098599450940683e-19,5.935299164061377714e-19,5.705729585496966818e-19,1.219373342627319489e-18,2.374890339212951262e-18,3.012875199844533832e-18,1.616976532017447542e-18,1.314414277308084939e-17,6.381118028526686249e-17,3.148980803323959099e-16,1.469113841065028114e-15,6.531106720441615712e-15,2.761072030494908442e-14,1.115862142907093241e-13,4.332875793833314725e-13,1.626210211914762564e-12,5.932847192337362018e-12,2.113443081916717480e-11,7.370262532007732931e-11,2.516601260274639684e-10,8.393344649878144636e-10,2.721209027249746034e-09,8.519744599593565640e-09,2.556503830719913312e-08,7.297379066401500957e-08,1.968879869511729860e-07,4.999723240241538419e-07,1.193310728320807618e-06,2.682559596482812510e-06,5.712299080774820400e-06,1.162595075581970971e-05,2.287095825111036112e-05,4.401405843483649407e-05,8.377120477759976544e-05,1.589647092868307304e-04,3.019219035668297270e-04,5.733906369764034915e-04,1.082573588519821720e-03,2.011941624428032881e-03,3.633403666709071524e-03,6.283250923055559711e-03,1.024818103232736158e-02,1.553780325975860112e-02,2.161596134787943310e-02,2.729991257735676566e-02,3.105703866339979205e-02,3.168198231313210794e-02,2.895295801894435736e-02,2.376441909294835231e-02,1.762472272676025506e-02,1.191840647897469269e-02,7.434766348160670203e-03,4.336589500965081986e-03,2.400018710445074154e-03,1.279025229214302093e-03,6.654954510652090526e-04,3.420673885841749181e-04,1.751854351939243653e-04,8.979321171255770810e-05,4.605251059960883709e-05,2.351656978463351029e-05,1.184902753864595762e-05,5.822478041858085050e-06,2.755953058390963866e-06,1.242638023510871978e-06,5.293013035598872131e-07,2.119777367507220876e-07,7.974174404606985540e-08,2.824550133263952304e-08,9.469269258730859193e-09,3.025527706114597345e-09,9.284305650881553287e-10,2.756683053183305199e-10,7.969032873652866807e-11,2.252376149278614193e-11,6.235538057026167028e-12,1.689595002318941001e-12,4.467226230642063129e-13,1.146960656556540561e-13,2.842919287479682992e-14,6.762619042541454643e-15,1.536750716300849228e-15,3.319221302464672528e-16,6.674638072455032491e-17,1.135589987206820196e-17,3.383278883732222650e-18,5.594344620574295164e-19,1.430770249068487590e-18,1.345563595555060695e-18,1.297370253829958415e-18,1.937479521067903938e-18,1.460133886004044042e-18,1.304197063047001612e-18,2.158759336261531960e-18,2.714633701710794286e-19,1.779141237314309603e-18
2.605079268483446490e-18,1.983489179458192909e-18,2.378091060840660277e-18,5.138133052431958906e-19,1.224460273798457541e-18,1.021985757265995245e-18,7.131701173008509671e-19,9.167553088275808926e-19,2.833667471781598653e-18,2.726774647586738497e-18,1.538896036033465728e-18,1.275598859206755795e-17,6.662813196417520437e-17,3.345643937424183120e-16,1.559220986667439101e-15,6.926067893842787334e-15,2.920883717245671684e-14,1.176578374956169517e-13,4.553121405545021686e-13,1.703905494223105891e-12,6.204610375218360302e-12,2.209279408946544329e-11,7.713845344454238058e-11,2.641436106876552328e-10,8.847065092138174595e-10,2.883187926295555099e-09,9.077027930359260376e-09,2.738124142556677266e-08,7.850096995855725174e-08,2.124225143121577465e-07,5.399946764388364160e-07,1.287503366297177158e-06,2.885325269966346650e-06,6.114364226091742029e-06,1.237088044813559200e-05,2.419064011191031268e-05,4.632294320150523594e-05,8.791334616956126093e-05,1.668238609927939591e-04,3.178461043847519195e-04,6.073239706065190931e-04,1.156404975860168480e-03,2.170930020779387928e-03,3.963230600105144275e-03,6.927884513955295462e-03,1.141317039103379588e-02,1.745387990848431409e-02,2.444605954104585310e-02,3.101415739184781861e-02,3.535527125101098345e-02,3.604856716299927044e-02,3.284346717948920941e-02,2.681219325525769845e-02,1.973649126367462217e-02,1.322447151135613432e-02,8.164596805426081391e-03,4.710716895740752613e-03,2.579264141085306581e-03,1.361153946528156564e-03,7.025240846017016729e-04,3.590539175136288406e-04,1.833743971108231844e-04,9.401775462399521361e-05,4.836816775220411079e-05,2.482672732661507557e-05,1.258659069473450232e-05,6.222319402254252599e-06,2.959628082673360293e-06,1.338543783085334419e-06,5.706575658376385154e-07,2.282526119518758177e-07,8.559588339285758015e-08,3.018202612227410969e-08,1.006446235192370874e-08,3.197937737603251294e-09,9.763512052647442585e-10,2.887124209967324806e-10,8.323797920106111586e-11,2.350210624406547889e-11,6.510314755348588079e-12,1.767607008134350622e-12,4.687549722865242120e-13,1.207679466006508638e-13,3.003255068259809835e-14,7.162333869311375570e-15,1.629406022161967098e-15,3.523493350676643151e-16,7.112427364369996223e-17,1.202173440188736842e-17,2.846170542062663660e-18,1.009603715314905063e-18,3.271641151826623454e-18,4.212784106094522276e-19,1.384553385803832558e-18,6.745205189972966662e-19,9.285074289209223741e-19,1.680205148729561307e-18,2.431739522731296524e-18,4.302346093788230769e-19,3.587788562021785321e-19
1.993139775899586244e-18,1.088779980221327782e-18,1.329159955987539288e-18,2.606048032787592691e-19,8.377978840328210380e-19,1.493780714920015038e-18,1.052633338293577707e-18,1.168702795794534761e-18,2.171892940847947498e-18,1.987542285868185519e-18,1.780087236031971145e-18,1.282663900184440015e-17,7.043547158983229841e-17,3.553244997415586180e-16,1.653870243223968761e-15,7.337011966620101904e-15,3.086740412782188943e-14,1.239332340092188117e-13,4.779912223175962189e-13,1.783639035269052399e-12,6.482911529838380101e-12,2.307386110630263181e-11,8.066131319137836551e-11,2.769868354202557857e-10,9.316095747782617470e-10,3.051576522206440725e-09,9.659779587048443743e-09,2.929099754318531794e-08,8.433981816549663348e-08,2.288856873608982181e-07,5.824676396368622212e-07,1.387389909839237887e-06,3.099722376628455680e-06,6.537417235879850629e-06,1.314975181577055359e-05,2.556113791027241641e-05,4.870686922331679558e-05,9.217621464468746077e-05,1.749148878802441799e-04,3.343047607029851439e-04,6.426317911515879886e-04,1.233884076904142322e-03,2.339381467466788555e-03,4.316214196303071529e-03,7.624628513882242796e-03,1.268390713894659502e-02,1.956042895034407897e-02,2.757676273676433823e-02,3.513986071175011910e-02,4.013836574773883836e-02,4.090492983598290749e-02,3.715762239764500152e-02,3.017444541010700851e-02,2.204968122947516956e-02,1.464279422008187524e-02,8.949494945943813409e-03,5.108976081143678030e-03,2.768141777503967896e-03,1.446880032125648060e-03,7.408618213301154578e-04,3.765356158184316208e-04,1.917767639233801489e-04,9.835517699744647372e-05,5.075543752312848994e-05,2.618600506093850469e-05,1.335720429924383391e-05,6.642730021439600255e-06,3.174787350630815225e-06,1.440115970736797432e-06,6.144693800216027251e-07,2.454616951868524870e-07,9.176334002854904867e-08,3.221196567286281949e-08,1.068474440295984312e-08,3.376538377523773445e-09,1.025716524618565698e-09,3.020890085649480053e-10,8.686527809591211635e-11,2.450136297387050933e-11,6.791220390719231481e-12,1.847565138738868557e-12,4.914196359988966349e-13,1.270389930864283886e-13,3.169469805365672373e-14,7.577780210965896879e-15,1.726540390480180201e-15,3.731305963578611013e-16,7.628224144957741584e-17,1.407381955754737405e-17,2.916869035661907806e-18,1.142167482924699579e-18,4.158317427895678485e-18,1.335684055010118465e-18,1.302970746590358999e-18,1.416761213385562740e-18,1.439250422460638923e-18,1.675282665203733724e-18,2.078214385600231706e-18,9.057864763249064923e-19,1.030468637247287355e-18
1.254877365769654135e-18,2.282267326702298572e-18,8.153432088175831578e-19,9.225617319563631346e-19,5.800125324321066145e-19,1.753585242840856493e-18,1.092676131075488600e-18,1.135629159219585621e-18,8.405469151762903281e-19,1.324155511102605191e-18,2.864523427673966350e-18,1.425120929437039894e-17,7.523731238816184008e-17,3.772278324696325175e-16,1.753884231082833512e-15,7.764547401124701076e-15,3.258512479959057209e-14,1.304071051830940422e-13,5.013018206219835730e-13,1.865321294023087249e-12,6.767419906558281089e-12,2.407647378123597575e-11,8.426727649996762199e-11,2.901771468449565368e-10,9.800072024539406267e-10,3.226293640470968221e-09,1.026793559622901827e-08,3.129488557485060571e-08,9.049440570015653716e-08,2.462939795672638923e-07,6.274399153456506091e-07,1.493079368475832044e-06,3.325928896233931015e-06,6.981630170313400666e-06,1.396249374658661829e-05,2.698169368130540853e-05,5.116373906206000960e-05,9.655546052346110776e-05,1.832298774134127352e-04,3.512851422087723274e-04,6.792998513336712726e-04,1.315023265145552232e-03,2.517454198313074862e-03,4.693035193773290731e-03,8.375627822969503380e-03,1.406585461431311863e-02,2.186897681186041401e-02,3.102831045822019781e-02,3.970655592629708519e-02,4.544201857591269322e-02,4.628669994891254635e-02,4.192472715873865607e-02,3.387100044566770940e-02,2.457529351624803543e-02,1.617833919392789796e-02,9.791235027982644543e-03,5.531823838530563510e-03,2.966696077287033981e-03,1.536165706685247139e-03,7.804746515959994557e-04,3.944926315113821721e-04,2.003822809066669664e-04,1.028004733956532763e-04,5.321210663168533182e-05,2.759366027756864835e-05,1.416081615144437196e-05,7.083882429647484431e-06,3.401599127421205850e-06,1.547453064655470729e-06,6.607780653346373464e-07,2.636174140880113988e-07,9.824635217107244994e-08,3.433519752874457046e-08,1.132982117329096713e-08,3.561182671236812036e-09,1.076473434304768349e-09,3.157816263794098227e-10,9.056750950105216464e-11,2.552022464004080837e-11,7.077899930062195825e-12,1.929375872346179671e-12,5.146930550181070842e-13,1.335035456209022436e-13,3.341480075430922687e-14,8.008851298080361151e-15,1.828171643852884998e-15,3.943673112660158265e-16,8.164175675393830975e-17,1.686546960077340495e-17,3.762416817072089590e-18,5.659186909988617120e-19,3.200211946472304769e-18,1.929067866387643895e-18,1.307036558983028727e-18,1.995365505561163621e-18,1.614204118853332334e-18,9.829899819391002160e-19,1.785810582519174438e-18,1.144989418451035533e-18,1.809754770355234791e-18
1.295368832945575771e-18,3.939816288201260121e-18,1.109822130191499822e-18,1.465376459981649066e-18,1.272272078347216052e-18,1.511019331368918837e-18,7.657168747944141447e-19,6.774302293858711606e-19,1.331024279682003390e-18,9.197287931298997833e-19,3.979215300569635057e-18,1.681046458774457442e-17,8.051020857864316587e-17,4.000701451169987556e-16,1.859008837613923368e-15,8.208750565856621510e-15,3.436010324071712363e-14,1.370733342653371986e-13,5.252164085802889577e-13,1.948848821975969700e-12,7.057760830385466088e-12,2.509932366108522007e-11,8.795184900182771223e-11,3.036996055059987821e-10,1.029853438983300869e-09,3.407219451805328281e-09,1.090128348966843029e-08,3.339296008924075142e-08,9.696712608043985147e-08,2.646590347159854412e-07,6.749476743657347696e-07,1.604651405455140528e-06,3.564060784281396989e-06,7.447057047279460697e-06,1.480883244995682267e-05,2.845122969753694357e-05,5.369096745763695414e-05,1.010459455658462225e-04,1.917594335236743209e-04,3.687712142915154103e-04,7.173057529083428805e-04,1.399814437600094275e-03,2.705257393193910131e-03,5.094267539962810121e-03,9.182823797859306081e-03,1.556414652452261377e-02,2.439060600348996397e-02,3.482044573123757591e-02,4.474328907089705765e-02,5.130143674591234465e-02,5.222893687131519719e-02,4.717339234015079791e-02,3.792094188152836387e-02,2.732367769084307826e-02,1.783560491524913139e-02,1.069131533269577182e-02,5.979578441896074570e-03,3.174910784760149197e-03,1.628949058954381286e-03,8.213194231675544250e-04,4.129015751170365370e-04,2.091791682792665632e-04,1.073478547905330478e-04,5.573548988419130533e-05,2.904864594768024954e-05,1.499718160365835597e-05,7.545835615175966805e-06,3.640170429139965510e-06,1.660623548182370120e-06,7.096116770919288643e-07,2.827269375996996418e-07,1.050453009456040920e-07,3.655101603650073353e-08,1.199923449198445021e-08,3.751681707963734844e-09,1.128558774999724240e-09,3.297714666189786791e-10,9.433938342278424426e-11,2.655723333269708829e-11,7.369954588970351845e-12,2.012931730332043965e-12,5.385473844925944142e-13,1.401547752293559878e-13,3.519120469778831834e-14,8.455313111735704577e-15,1.933703159707819004e-15,4.163830878570528027e-16,8.657325742182837075e-17,1.918191476911545839e-17,5.178500598410800418e-18,6.957310986308211553e-19,8.285067618412410490e-19,2.166899038009027974e-18,1.436514737509964849e-18,1.582755963411778676e-18,1.354389250197401023e-18,4.878779802738550156e-19,1.782673522136850625e-18,1.017250748927440696e-18,1.767850240170257393e-18
1.695756128917058496e-18,3.776886679650272926e-18,5.074613614637255864e-19,1.384259743897283279e-18,1.514872543772765026e-18,1.027758798299435598e-18,6.598867242588630221e-19,2.253340298800860444e-19,1.785646032629177376e-18,1.488564312633390592e-18,4.353097826876929888e-18,1.924204435157348221e-17,8.558050035285028304e-17,4.234851727871067508e-16,1.968009979262789573e-15,8.668901308882557893e-15,3.619018988791793466e-14,1.439246634626938118e-13,5.497030581249722913e-13,2.034103742928524759e-12,7.353515285487826270e-12,2.614094948296412978e-11,9.170995879718802661e-11,3.175369161031910655e-10,1.081092423438884554e-09,3.594193168038661948e-09,1.155945076995868868e-08,3.558470063123053278e-08,1.037585034979734556e-07,2.839870422306131975e-07,7.250128366452306521e-07,1.722152347566784092e-06,3.814164217361410271e-06,7.933621280893842374e-06,1.568827452777948273e-05,2.996832927533787664e-05,5.628546181512656635e-05,1.056417203605655372e-04,2.004926321380444420e-04,3.867434981961630821e-04,7.566184417856869435e-04,1.488227216507618427e-03,2.902845213778235383e-03,5.520360563841275950e-03,1.004790728545433380e-02,1.718347958256412691e-02,2.713574442367426218e-02,3.897206256124857715e-02,5.027811806831453123e-02,5.775073559275024221e-02,5.876551795244529253e-02,5.293101276748492234e-02,4.234223553934564344e-02,3.030430487894080274e-02,1.961850851949012778e-02,1.165090875596195251e-02,6.452401601743979268e-03,3.392703232938083270e-03,1.725142463863567387e-03,8.633434433335364713e-04,4.317354223916701288e-04,2.181540914552002367e-04,1.119907304568303205e-04,5.832241199796714328e-05,3.054959213422169580e-05,1.586584708055950284e-05,8.028522763799527071e-06,3.890539411121043744e-06,1.779661965825815907e-06,7.609832988499393039e-07,3.027915568009830546e-07,1.121585219547620003e-07,3.885808402155961886e-08,1.269235174922765077e-08,3.947802665435925565e-09,1.181899000496619092e-09,3.440373085406789612e-10,9.817502912535323466e-11,2.761077851852438908e-11,7.666941120983702374e-12,2.098111248524037710e-12,5.629505625169379781e-13,1.469848461485402559e-13,3.702154868767075888e-14,8.916787818288350791e-15,2.042300348324918171e-15,4.395320054683473099e-16,9.080748921655381012e-17,2.009285171828344252e-17,6.454479253346642564e-18,1.823398144607733500e-18,2.320071442045960095e-18,1.985621735989555518e-18,1.518912829992249540e-18,7.867585012877753332e-19,1.152509249609206033e-18,1.322375384531307379e-18,1.864932424084924810e-18,9.020393292968723100e-19,1.079141316629185960e-18
1.401145567137208671e-18,1.661948073239531493e-18,1.120776957370358526e-18,7.403767164116172105e-19,1.047310606218852549e-18,1.620919401307943383e-18,1.165316734359765956e-18,7.549933808486190719e-19,9.894343568970048995e-19,2.210030785504584583e-18,3.784198091333674341e-18,2.033987142848019858e-17,9.010622624367700910e-17,4.471861309999385690e-16,2.079516103862212730e-15,9.143755608155756902e-15,3.807326171733512236e-14,1.509523192632963456e-13,5.747255768309268103e-13,2.120953613721363507e-12,7.654219734844017488e-12,2.719973581397861865e-11,9.553594875489283426e-11,3.316693714218725384e-10,1.133658025455259512e-09,3.787010925107089305e-09,1.224189395355729500e-08,3.786896240636613527e-08,1.108670022995690473e-07,3.042781115376203868e-07,7.776413386088623208e-07,1.845591166237123795e-06,4.076207837200513436e-06,8.441103306132817608e-06,1.660009072385194745e-05,3.153121913286029506e-05,5.894360552640129288e-05,1.103360065639311972e-04,2.094169856302719270e-04,4.051789495881565496e-04,7.971977419607486227e-04,1.580207218828521415e-03,3.110210878547799585e-03,5.971620785044250493e-03,1.097226955155528212e-02,1.892799894210911091e-02,3.011393640510968625e-02,4.350081728708278528e-02,5.633755532359156076e-02,6.482226583717873303e-02,6.592845666953353612e-02,5.922318879307913314e-02,4.715131940157193946e-02,3.352552467836415057e-02,2.153026507682276672e-02,1.267081231456913468e-02,6.950280531339784323e-03,3.619918876393118847e-03,1.824631132985666268e-03,9.064841390552775364e-04,4.509634407082171786e-04,2.272921414930681081e-04,1.167216948622668021e-04,6.096919209164682740e-05,3.209478874944701689e-05,1.676613414017667672e-05,8.531739127948822737e-06,4.152667748832195012e-06,1.904564962273680265e-06,8.148893335111956886e-07,3.238060715878134698e-07,1.195821216974051666e-07,4.125438682652396745e-08,1.340835624323434775e-08,4.149267106156320236e-09,1.236409925964342306e-09,3.585554876228382951e-10,1.020679925456539759e-10,2.867909703325162698e-11,7.968371926304527443e-12,2.184779288866152899e-12,5.878663626183933742e-13,1.539848634057732681e-13,3.890320792194505342e-14,9.392774351034638986e-15,2.153469681712308899e-15,4.639876552518290530e-16,9.464080730523830182e-17,1.966580066340134716e-17,6.782412918311281613e-18,2.375286687525568103e-18,3.658621386764887509e-18,1.270920833904981136e-18,1.450733355373970553e-18,1.095263256335577558e-18,1.308016749991525524e-18,1.769804036823178091e-18,2.116805770127497936e-18,1.403896788699683628e-18,2.358990742086428598e-19
3.303656817670849947e-19,2.398976700137266878e-18,2.972907088358246013e-18,3.037876863795330695e-19,1.841216076814940416e-19,2.488454607542292745e-18,1.385124634844332137e-18,9.648235510360435767e-19,6.247106190412610074e-19,2.026130273838287840e-18,2.669250022856816662e-18,1.990699467250035365e-17,9.430335937210824357e-17,4.711683624108437504e-16,2.192961276848634995e-15,9.632123006408105144e-15,4.000717833890469947e-14,1.581457484088663757e-13,6.002434644983126118e-13,2.209251601705183372e-12,7.959365992341616107e-12,2.827391273454937264e-11,9.942357218517912533e-11,3.460748114554934588e-10,1.187473543443054603e-09,3.985423894967668153e-09,1.294788838798796309e-08,4.024392915776817819e-08,1.182888414307929633e-07,3.255256551427781949e-07,8.328214140613519295e-07,1.974935491245940705e-06,4.350075115481135586e-06,8.969128595996195334e-06,1.754330064746908318e-05,3.313775366478345234e-05,6.166124454381322322e-05,1.151211845254899920e-04,2.185184172018950850e-04,4.240508582778549631e-04,8.389939371491484396e-04,1.675674423012812756e-03,3.327280869221923773e-03,6.448193617610045204e-03,1.195695173016161038e-02,2.080117771795293377e-02,3.333359772692637973e-02,4.842270706758881188e-02,6.294595782825686270e-02,7.254587477921502214e-02,7.374715583936972130e-02,6.607309786790477313e-02,5.236266381209570692e-02,3.699430899818088869e-02,2.357326305685496920e-02,1.375139635161604958e-02,7.473010445297596956e-03,3.856326159828709060e-03,1.927271828794272510e-03,9.506687840440357492e-04,4.705511416931330176e-04,2.365768266686750618e-04,1.215325200541535644e-04,6.367163123258540159e-05,3.368216999950896358e-05,1.769712435250381241e-05,9.055130221132331284e-06,4.426433130189491637e-06,2.035287366118553626e-06,8.713078206957500221e-07,3.457581934732230174e-07,1.273098020996849149e-07,4.373718959278576484e-08,1.414623858493685215e-08,4.355749566917545698e-09,1.291996548526635221e-09,3.732998821419766753e-10,1.060112376954335668e-10,2.976027458879946338e-11,8.273715685180495841e-12,2.272787316785776351e-12,6.132542976107850244e-13,1.611445790614446892e-13,4.083367026663038212e-14,9.882652092562862533e-15,2.267395906119281283e-15,4.896293832741459310e-16,9.875124638379242397e-17,1.893827680100933827e-17,5.959482997916590200e-18,2.027361029576464041e-18,2.854679240968655855e-18,1.697199758901286741e-18,1.293431719122258626e-18,2.089910040219662720e-18,1.485826379786563236e-18,1.675665669333077008e-18,2.193780068435406820e-18,1.917923388024366996e-18,4.924222722006065170e-19
9.362843144783379950e-19,4.615008927531382244e-18,4.346260584020703494e-18,8.948510496881124078e-19,7.952173763216364962e-19,2.539287442375393730e-18,1.039394547392275097e-18,6.129543408549067946e-19,1.509370281937437151e-18,9.780084157136392833e-19,1.725734200857524173e-18,1.886782549775620199e-17,9.875212893280733624e-17,4.957023419006242936e-16,2.308891325926291215e-15,1.013326860270604232e-14,4.198940321814554865e-14,1.654925290113999892e-13,6.262116375634763686e-13,2.298836803280525707e-12,8.268401137072136828e-12,2.936155645376847444e-11,1.033659919567971844e-10,3.607285989712604144e-10,1.242451470995762005e-09,4.189136669009974537e-09,1.367651904721073410e-08,4.270706911820714564e-08,1.260178171518822273e-07,3.477157910804720189e-07,8.905219179509457598e-07,2.110107725396816612e-06,4.635556974282945553e-06,9.517156295198180805e-06,1.851665878416423427e-05,3.478540150780072093e-05,6.443367761771203437e-05,1.199887868151738635e-04,2.277812461603536363e-04,4.433287718102583855e-04,8.819474091542810982e-04,1.774521663912125187e-03,3.553909368442147512e-03,6.950045259077810601e-03,1.300259353151792148e-02,2.280569219317536353e-02,3.680175753765947688e-02,5.375162010763032128e-02,7.012487099174749550e-02,8.094810899532906001e-02,8.224760362199587393e-02,7.350082318994083375e-02,5.798830756256468516e-02,4.071598645440346886e-02,2.574893794727486571e-02,1.489255432965379961e-02,8.020177827293988385e-03,4.101611832099887056e-03,2.032891774549252205e-03,9.958143014485042101e-04,4.904602625710768231e-04,2.459900760348328027e-04,1.264141540166788182e-04,6.642500342840976604e-05,3.530930086730204340e-05,1.865764529006675007e-05,9.598180551063249780e-06,4.711621990810621819e-06,2.171738386825378562e-06,9.301968105128410481e-07,3.686279756668247281e-07,1.353326966407507989e-07,4.630299870455603043e-08,1.490478936828506399e-08,4.566876482762939052e-09,1.348552947753072403e-09,3.882419183854429824e-10,1.099971520182100633e-10,3.085224817375686233e-11,8.582398041875015957e-12,2.361973372543398598e-12,6.390693449343897016e-13,1.684520186152218479e-13,4.281047660442612069e-14,1.038563261837621288e-14,2.384747423761008375e-15,5.160883295938977345e-16,1.036919827352667236e-16,1.917605778726069335e-17,4.560553568945097081e-18,9.553201937440350346e-19,1.214442525882303971e-18,3.207097989832596237e-18,1.374911081582276043e-18,3.155829567299737229e-18,1.297280181361979577e-18,1.310955193164869878e-18,1.552742742673233588e-18,1.951208807802787153e-18,7.160456622283280469e-19
1.638598771909245507e-18,4.535111774727867249e-18,4.610094638241999764e-18,1.984321010990585835e-18,1.530286708660145985e-18,1.649221664324430984e-18,6.081773840378201527e-19,5.941382511305446527e-19,1.177699590573927605e-18,1.491285239437759907e-18,1.540376222572181992e-18,1.855460946750736998e-17,1.039345301573790128e-16,5.211132608585945389e-16,2.428390201538309103e-15,1.064681334905137122e-14,4.401655298114257072e-14,1.729784363686682143e-13,6.525800721578325326e-13,2.389534542289950099e-12,8.580727673825623454e-12,3.046059087628181659e-11,1.073557835476838640e-10,3.756036127231876905e-10,1.298493339588417178e-09,4.397805955483492040e-09,1.442667251409459076e-08,4.525509496076894552e-08,1.340451375546538242e-07,3.708267762684047800e-07,9.506907249462947042e-07,2.250981334769269366e-06,4.932344808302118968e-06,1.008446870926955263e-05,1.951864211926324999e-05,3.647123477360831337e-05,6.725565059676884717e-05,1.249294981348854957e-04,2.371881850041414211e-04,4.629784455393290746e-04,9.259883419841686159e-04,1.876613287660694809e-03,3.789873035077652181e-03,7.476945085738400353e-03,1.410938205526528037e-02,2.494329462887907856e-02,4.052379087452618461e-02,5.949886364428348673e-02,7.789233460406341791e-02,9.005136863934991298e-02,9.145152278825532943e-02,8.152264872506109761e-02,6.403737683576257722e-02,4.469397168631549649e-02,2.805764629510872771e-02,1.609365419430610136e-02,8.591144825880539515e-03,4.355376818612755919e-03,2.141287791451500222e-03,1.041827150488785873e-03,5.106487784944713009e-04,2.555122557524558370e-04,1.313567254385902556e-04,6.922405043971804894e-05,3.697336599084877234e-05,1.964625793959598704e-05,1.016020312059106555e-05,5.007922635065988098e-06,2.313777999571134945e-06,9.914928263507957045e-07,3.923872823575623812e-07,1.436392217254860364e-07,4.894752833822816142e-08,1.568259331423239346e-08,4.782225485591106973e-09,1.405962273466985627e-09,4.033505954815804388e-10,1.140175559683417902e-10,3.195280887486987778e-11,8.893802090401417507e-12,2.452161782148688864e-12,6.652616234828685269e-13,1.758932695860133955e-13,4.483071197934870810e-14,1.090069444727918484e-14,2.506060491412902588e-15,5.429280712292946505e-16,1.094642329612958289e-16,2.096968372763171658e-17,3.491692816871039967e-18,7.913641184102060070e-19,2.550069125214650926e-18,3.816589328704518878e-18,1.793641131721756647e-18,3.735994770700282402e-18,6.178329466840258366e-19,1.177542408694711189e-18,3.310301094441958911e-19,1.688001531729596294e-18,8.181571195815845951e-19
1.517812811306454731e-18,2.556416401417153695e-18,3.573450959769657241e-18,3.367348961851544186e-18,2.037915309449570494e-18,1.071327786213636459e-18,1.016829752127082514e-18,1.394162189641435856e-18,1.262295513942007259e-18,2.481827380073552441e-18,2.200761800751598665e-18,1.974414895802218318e-17,1.098551059210394488e-16,5.475165369454932049e-16,2.552076121649341462e-15,1.117223458017498638e-14,4.608421823883547284e-14,1.805876105136812097e-13,6.792936227027527294e-13,2.481156586094935937e-12,8.895704229987823733e-12,3.156879035264841444e-11,1.113849428040285806e-10,3.906702596333806034e-10,1.355489645251600436e-09,4.611039632510525872e-09,1.519703036094872069e-08,4.788392869800999132e-08,1.423592725772614422e-07,3.948284830175408334e-07,1.013253237038618760e-06,2.397377394527488988e-06,5.240024064379381675e-06,1.067016189941718309e-05,2.054743970753600174e-05,3.819192132244823146e-05,7.012135516979476713e-05,1.299331620562545284e-04,2.467203491506098686e-04,4.829618216728685386e-04,9.710365005756004930e-04,1.981783998805384736e-03,4.034866228501673979e-03,8.028448900973299968e-03,1.527700165563936584e-02,2.721468589690038270e-02,4.450314620284779449e-02,6.567267715259424155e-02,8.626216158428413883e-02,9.987302626794149207e-02,1.013754865467169225e-01,9.015033214646010762e-02,7.051559539866421311e-02,4.892949466515129908e-02,3.049854271403509148e-02,1.735349237196771172e-02,9.185035153747573081e-03,4.617132766195060009e-03,2.252225693912007776e-03,1.088603304854785783e-03,5.310709479075476167e-04,2.651221988804947148e-04,1.363495552875735911e-04,7.206298077411558371e-05,3.867116129490951983e-05,2.066124585427867825e-05,1.074032993810865937e-05,5.314918895288725756e-06,2.461213597715073604e-06,1.055109451339163371e-06,4.169993097088721557e-07,1.522149470676425521e-07,5.166567306759763562e-08,1.647802509296820721e-08,5.001325115895223238e-09,1.464096827748166304e-09,4.185925307798540932e-10,1.180637173507524688e-10,3.305960522153591703e-11,9.207268856347541630e-12,2.543162932717302201e-12,6.917762449904766389e-13,1.834525780056535641e-13,4.689042835857424562e-14,1.142658505795316575e-14,2.631155306314027303e-15,5.698620915536378604e-16,1.155400533363134676e-16,2.379070294002916171e-17,3.307260180093668266e-18,1.877171552428880173e-18,3.145907250091213850e-18,2.884415916836801683e-18,2.073812896719684352e-18,3.325220515787622210e-18,3.897206985828810547e-19,1.669044389651883218e-18,1.258607018154787519e-18,1.837423533112736585e-18,1.113427581438245295e-18
1.378883726779013814e-18,2.726521680142525255e-18,1.681984795030820262e-18,4.128134812805593915e-18,2.168049755254397492e-18,1.994675243393831118e-18,1.344573027446739486e-18,1.674487124046219359e-18,2.940135838112875503e-18,2.174881788856043702e-18,3.183828257439115913e-18,2.206657688723437334e-17,1.160441778603892758e-16,5.747215741476788944e-16,2.679457790527736075e-15,1.170840903916173969e-14,4.818720928599277282e-14,1.883027687078985044e-13,7.062921882084453213e-13,2.573501316467118071e-12,9.212646954153129447e-12,3.268378392047971942e-11,1.154448990847635965e-10,4.058965073617396223e-10,1.413319866227213174e-09,4.828396196484514680e-09,1.598606413726251850e-08,5.058867248957881507e-08,1.509458233214800793e-07,4.196819314723906189e-07,1.078111036118763452e-06,2.549061474391554198e-06,5.558068540805821410e-06,1.127313764079782104e-05,2.160094452390033925e-05,3.994372043936232874e-05,7.302443239960829027e-05,1.349887949755624325e-04,2.563572800502291263e-04,5.032370395921073906e-04,1.017001092659770714e-03,2.089837931856561738e-03,4.288496796374490806e-03,8.603883404723192130e-03,1.650458589464338585e-02,2.961939043957815057e-02,4.874107311060634634e-02,7.227773964652810246e-02,9.524320241360550998e-02,1.104245259353876657e-01,1.120300170393212780e-01,9.939036945038663695e-02,7.742479580229086333e-02,5.342133572195116586e-02,3.306946264128536594e-02,1.867025152869184954e-02,9.800721875276651590e-03,4.886299373417265189e-03,2.365439972330941019e-03,1.136028329993786284e-03,5.516773927184700317e-04,2.747972491988733067e-04,1.413811755352452142e-04,7.493547319780925135e-05,4.039908872749204598e-05,2.170060637110895612e-05,1.133750378789298253e-05,5.632084488674891599e-06,2.613796996551690321e-06,1.120936074613292012e-06,4.424181714463655014e-07,1.610424888889745682e-07,5.445148746444334084e-08,1.728924702100916944e-08,5.223654983449918567e-09,1.522818247070137624e-09,4.339320267340547977e-10,1.221263709523341321e-10,3.417014769340657044e-11,9.522098261439897559e-12,2.634773457675301935e-12,7.185534948788718200e-13,1.911126871394249250e-13,4.898447583485649942e-14,1.196193885879472928e-14,2.759041811232085197e-15,5.968902119026634620e-16,1.212722426631501534e-16,2.634508217706782014e-17,3.819324479079375424e-18,2.378259008387942093e-18,1.807457209296674606e-18,8.877358179371057751e-19,1.865179151409194843e-18,2.172478421368010411e-18,9.761985385682632421e-19,2.344251538873084500e-18,1.844207990832453789e-18,2.248915581401765417e-18,1.366917221968690817e-18
1.965146434797316705e-18,4.184110865451377069e-18,9.994322027813231485e-19,3.537559514143117476e-18,1.831937859706684170e-18,2.416378105482203196e-18,1.456310635267308100e-18,1.115599456572787424e-18,3.720707487342081172e-18,8.965597517334976833e-19,3.832453749659237579e-18,2.427800137390624019e-17,1.219502993967731624e-16,6.023856034683007441e-16,2.809155197697554587e-15,1.225360187353625027e-14,5.032005500856019156e-14,1.961053947081840557e-13,7.335111731165208962e-13,2.666353938086928361e-12,9.530831525435220760e-12,3.380306116941065924e-11,1.195265340172524308e-10,4.212479385869588369e-10,1.471852577816910050e-09,5.049384643182912188e-09,1.679203216733585465e-08,5.336358631003176133e-08,1.597874145149851988e-07,4.453388910534633332e-07,1.145140718584875992e-06,2.705740950529167197e-06,5.885835572887654437e-06,1.189209700432536628e-05,2.267674792512178997e-05,4.172248225668767971e-05,7.595798136331600049e-05,1.400846076166560280e-04,2.660769823220428460e-04,5.237584795191458894e-04,1.063780721808837157e-03,2.200547978708695864e-03,4.550282541580825436e-03,9.202332267052561188e-03,1.779067269248787650e-02,3.215563631188972371e-02,5.323635594967576767e-02,7.931468129220219099e-02,1.048386103073402631e-01,1.217104810267250203e-01,1.234186853147351826e-01,1.092432670943732920e-01,8.476244259768028755e-02,5.816557259501274613e-02,3.576681382112408686e-02,2.004146325962036582e-02,1.043681746879320492e-02,5.162202615754628993e-03,2.480633790651607003e-03,1.183977565542869599e-03,5.724152147296360368e-04,2.845133195090949812e-04,1.464393553154723284e-04,7.783468506959657831e-05,4.215315443993929970e-05,2.276204421685881879e-05,1.195047151513882392e-05,5.958778235757265615e-06,2.771221874396773292e-06,1.188836834320333832e-06,4.685885620400520727e-07,1.701014297046368522e-07,5.729817360235135391e-08,1.811420881699202983e-08,5.448646408999811389e-09,1.581977789315531234e-09,4.493311601844816314e-10,1.261957436819793111e-10,3.528181509417214181e-11,9.837550953443593244e-12,2.726776927072576211e-12,7.455292934186235415e-13,1.988551801132897734e-13,5.110691576897899406e-14,1.250545281912464364e-14,2.888416158560313866e-15,6.242736387664260768e-16,1.263498497335784497e-16,2.751662370929257323e-17,4.334540774469426886e-18,2.152348172532504445e-18,1.022971889490306251e-18,1.644903476462094297e-18,1.247640032373036873e-18,1.442624003851045765e-18,7.896771704375248630e-19,2.681751717100430680e-18,1.176059765406139408e-18,2.173598193987692379e-18,1.350828698723484945e-18
2.383149066933503138e-18,3.548653873020822159e-18,2.103155993324690618e-18,1.725182321824121295e-18,1.367726943538181045e-18,1.952986981438683105e-18,1.894312357388534624e-18,1.114746860905630943e-18,3.026255628223355499e-18,1.985033347028417789e-18,3.859228237843064040e-18,2.532241373692992526e-17,1.274014095928581898e-16,6.302839360731154346e-16,2.939798036601466645e-15,1.280591666110098737e-14,5.247737600250874167e-14,2.039758228191403531e-13,7.608819908557323214e-13,2.759486807533922001e-12,9.849495487507654860e-12,3.492397955455472679e-11,1.236202055897508940e-10,4.366878279889426435e-10,1.530945669844964968e-09,5.273464815810221084e-09,1.761297834903671757e-08,5.620207340039327757e-08,1.688636139200797930e-07,4.717415640079663679e-07,1.214192949406026195e-06,2.867062831547099002e-06,6.222562271873989322e-06,1.252553581910046848e-05,2.377213704011316308e-05,4.352365123954940544e-05,7.891457316905365227e-05,1.452080343432962965e-04,2.758559754192143471e-04,5.444768413251974528e-04,1.111263439031370858e-03,2.313655401998482210e-03,4.819648482766080745e-03,9.822624196426149937e-03,1.913316383831176540e-02,3.482024326797340114e-02,5.798505978799794319e-02,8.677961075989248929e-02,1.150451241576845168e-01,1.337277918090102879e-01,1.355372340587654434e-01,1.197028393766946530e-01,9.252117965812707567e-02,6.315534625967368643e-02,3.858547962689348743e-02,2.146397689558542793e-02,1.109166654269879738e-02,5.444073968757241755e-03,2.597479323126517491e-03,1.232316418118918405e-03,5.932281494072874379e-04,2.942449647124110133e-04,1.515111347289986620e-04,8.075326576314734671e-05,4.392897072879016696e-05,2.384296781845610710e-05,1.257777907960127577e-05,6.294240305405547312e-06,2.933121737712462597e-06,1.258649794346182688e-06,4.954455103245538797e-07,1.793682683448578058e-07,6.019807731826284489e-08,1.895064958244032497e-08,5.675683574271853887e-09,1.641416729224147202e-09,4.647498947256065827e-10,1.302615850367058312e-10,3.639186302460026671e-11,1.015285096738536348e-11,2.818944824115479838e-12,7.726356936871536258e-13,2.066605879881961368e-13,5.325171996553320909e-14,1.305597582448461623e-14,3.018392895936830698e-15,6.523470329939387297e-16,1.310129848976153828e-16,2.717674849215959140e-17,4.286570595300802737e-18,1.493744835575155012e-18,2.631645749353681339e-18,2.967182080892843867e-18,7.835397851863657397e-19,1.347642520991841863e-18,2.147508312693375374e-19,2.532735282953152598e-18,4.989979871828767249e-19,1.427052637922452896e-18,1.140756309120961860e-18
2.324200681961733718e-18,1.189214413096606557e-18,2.282717896594415288e-18,3.368160133545968454e-19,1.174342879655160306e-18,1.147646487063116982e-18,2.453879732288675187e-18,2.521664882603151800e-18,1.831821967598600850e-18,3.289089519382588439e-18,3.552108747664928310e-18,2.522906305123174759e-17,1.327433602597620599e-16,6.584522452798414746e-16,3.070871708267510218e-15,1.336381394178848868e-14,5.465383658916155886e-14,2.118931620124760612e-13,7.883323456287198038e-13,2.852659959126597582e-12,1.016784064772441765e-11,3.604377280270087961e-11,1.277157771101095894e-10,4.521772424809061420e-10,1.590446671375384303e-09,5.500048250363872726e-09,1.844673312877010499e-08,5.909667437762701286e-08,1.781508823631804510e-07,4.988223639166495377e-07,1.285091772605331670e-06,3.032612185223538381e-06,6.567362981169159547e-06,1.317174226347345343e-05,2.488409538625755170e-05,4.534227401593182586e-05,8.188627056691583149e-05,1.503457704643044145e-04,2.856693601917829808e-04,5.653392599443979186e-04,1.159326899434694278e-03,2.428869762398869463e-03,5.095925019192606986e-03,1.046332339268979394e-02,2.052929005441652549e-02,3.760852200424774638e-02,6.298029549587151610e-02,9.466367075859878633e-02,1.258523879821077940e-01,1.464648058560711064e-01,1.483727464800380369e-01,1.307555503355320448e-01,1.006884145469069958e-01,6.838065262466178074e-02,4.151873739886918768e-02,2.293393560251027682e-02,1.176334156790314125e-02,5.731050723436130132e-03,2.715618451209189741e-03,1.280900768468905227e-03,6.140567576603315862e-04,3.039654698067671733e-04,1.565828664295918090e-04,8.368337539699181719e-05,4.572176202926449631e-05,2.494048861849184695e-05,1.321776862518517570e-05,6.637589648672719834e-06,3.099068495666928189e-06,1.330186390926099194e-06,5.229142359350815707e-07,1.888164036520938938e-07,6.314269401068483102e-08,1.979610215175135247e-08,5.904105202172473986e-09,1.700966864815313899e-09,4.801462165236791317e-10,1.343132025203683628e-10,3.749743405639155029e-11,1.046718880116098643e-11,2.911037468299804969e-12,7.998011489031796541e-13,2.145082065105586480e-13,5.541321168304177497e-14,1.361239754863482623e-14,3.148919318135825462e-15,6.812588067499321858e-16,1.358949466465460022e-16,2.622371619597767460e-17,3.719886174271563211e-18,1.041495507305814838e-18,2.593710578238432438e-18,3.095278933401013049e-18,9.165503531349719967e-19,5.945539181369621217e-19,1.319683574756693883e-18,2.233804778716774496e-18,2.349881318158805578e-18,5.008472253955927545e-19,1.009026506387021901e-18
1.990304757876860597e-18,1.287489008049196040e-18,1.716771752391098944e-18,1.324360483707881908e-18,8.290848506045726586e-19,6.754206323540647192e-19,2.601503440815625662e-18,3.373328413586719614e-18,1.913325011776590321e-18,3.147257724000782779e-18,3.527037405476882876e-18,2.507312530807550523e-17,1.385306867180715593e-16,6.870690425531288106e-16,3.202829994678711963e-15,1.392623228399551133e-14,5.684370525424429979e-14,2.198350976006414885e-13,8.157862233746071027e-13,2.945621905339085337e-12,1.048503552385508203e-11,3.715956018418211813e-11,1.318026507928757697e-10,4.676751648734897061e-10,1.650193186418610912e-09,5.728499544024681843e-09,1.929091680737233698e-08,6.203907080461650816e-08,1.876225578404152572e-07,5.265038014289856399e-07,1.357634213752171872e-06,3.201911249430033797e-06,6.919228106415348387e-06,1.382879681718126447e-05,2.600930698079996975e-05,4.717301178926158745e-05,8.486465331175982636e-05,1.554838176287381675e-04,2.954909005572662153e-04,5.862894584838572540e-04,1.207838629445460088e-03,2.545869185072348589e-03,5.378347104238093319e-03,1.112272276499316932e-02,2.197558281040742564e-02,4.051418775347833540e-02,6.821201110489073793e-02,1.029526349614426212e-01,1.372423269428867110e-01,1.599005462175338566e-01,1.619028863916464334e-01,1.423799205957118064e-01,1.092459534275927457e-01,7.382816733191022163e-02,4.455819496055056506e-02,2.444676090720193304e-02,1.244964196217466200e-02,6.022177476342244380e-03,2.834663837283220474e-03,1.329577495616589842e-03,6.348386558489637699e-04,3.136469527727596667e-04,1.616402650418128826e-04,8.661670903777690873e-05,4.752637521381193034e-05,2.605142367372991703e-05,1.386857780001862755e-05,6.987822777115144146e-06,3.268571726058839210e-06,1.403231183554186449e-06,5.509101201434984585e-07,1.984161549877368699e-07,6.612268465591427732e-08,2.064789992953839818e-08,6.133206783025873299e-09,1.760451136414106043e-09,4.954762936067468831e-10,1.383395017837114185e-10,3.859556891248886242e-11,1.077972445985153023e-11,3.002804715211884560e-12,8.269504700343221935e-13,2.223757983721057842e-13,5.758589751382719897e-14,1.417337133530587683e-14,3.280547941118161035e-15,7.107946120158554700e-16,1.415642999494550358e-16,2.584300788725141366e-17,3.339602071374723495e-18,1.133910603581554944e-18,8.758346420222611693e-19,2.558663027250246700e-18,1.049636215263809663e-18,7.862306099769108478e-19,1.826132338749512995e-18,2.238427832563505742e-18,3.496922291534135806e-18,8.872248065443173205e-19,1.120431703677794836e-18
1.433256039254666604e-18,2.061072013240523341e-18,1.130139068904220268e-18,7.086887929595798842e-19,5.565786467949624621e-19,3.831170667377877045e-19,2.311280244965677474e-18,3.037357143605578778e-18,1.891086491235195608e-18,1.710271473220093489e-18,4.169575697115873131e-18,2.606669817152430803e-17,1.450201024906495765e-16,7.161853414176701752e-16,3.336395598036031718e-15,1.449217909532189914e-14,5.904037315167592314e-14,2.277777189055155699e-13,8.431637828131297019e-13,3.038110768474095791e-12,1.080021809850818695e-11,3.826835678227721159e-11,1.358698061862600805e-10,4.831386409589502661e-10,1.710013443181799436e-09,5.958138266584555751e-09,2.014294530730990877e-08,6.502009892892486752e-08,1.972488768401678198e-07,5.546984885870631619e-07,1.431590207705047494e-06,3.374419305194009803e-06,7.277024464280909765e-06,1.449457478463806325e-05,2.714416417961239958e-05,4.901015751945411828e-05,8.784084936831694414e-05,1.606075373150296572e-04,3.052931203200952965e-04,6.072679397039237089e-04,1.256656408882582615e-03,2.664300987025804493e-03,5.666054522684842686e-03,1.179884027533046643e-02,2.346785405668239816e-02,4.352929142772983540e-02,7.366681672185738938e-02,1.116265599831585825e-01,1.491886008654091933e-01,1.740040333353433388e-01,1.760952355734987929e-01,1.545460202360333934e-01,1.181697002252053569e-01,7.948111085542176879e-02,4.769374837298206299e-02,2.599714670802253172e-02,1.314809682492409926e-02,6.316408862348306397e-03,2.954200387096151282e-03,1.378185119133574620e-03,6.555087837615908514e-04,3.232604821375665433e-04,1.666684643689213513e-04,8.954452648147517813e-05,4.933729440464645286e-05,2.717230178356459583e-05,1.452814154216346296e-05,7.343814030187730627e-06,3.441078708772697149e-06,1.477541941875281954e-06,5.793388015443490487e-07,2.081348222812737478e-07,6.912790260425797579e-08,2.150318630341424642e-08,6.362243356161103394e-09,1.819684358828288789e-09,5.106946583404244331e-10,1.423290315754413545e-10,3.968321821598092464e-11,1.108959037265410207e-11,3.093986577682023951e-12,8.540046663966591063e-13,2.302394656651951828e-13,5.976383237587613520e-14,1.473706438673895205e-14,3.413735305375031365e-15,7.404200380872957050e-16,1.480763300374099311e-16,2.665985222952587170e-17,3.979674405349532535e-18,1.190650203510439074e-18,1.317344402074101676e-18,2.438006592795487025e-18,1.006996303074580016e-18,1.960378866843369767e-18,1.298953735774219028e-18,2.355540022772212635e-18,3.524878679470149335e-18,1.256125578789584942e-18,1.326364946808066031e-18
9.467274132169619148e-19,1.080285120053345315e-18,7.257421602418024808e-19,1.056066366357278205e-18,1.246503089664056475e-18,9.369652173452912994e-19,1.923844527608564324e-18,1.701831327499735299e-18,7.385610725335149227e-19,1.273313655219123775e-18,5.311909183370405862e-18,2.852966373751707468e-17,1.518884182400007125e-16,7.455559332749036608e-16,3.471631420501724323e-15,1.506012050406224689e-14,6.123623856966251893e-14,2.356955544670206259e-13,8.703814572417061554e-13,3.129855719713409653e-12,1.111249922961733683e-11,3.936708518088043714e-11,1.399058439224645515e-10,4.985229499186557415e-10,1.769726957914349648e-09,6.188241428248502217e-09,2.100003850309958155e-08,6.802977418149555795e-08,2.069970356117837656e-07,5.833092718400095115e-07,1.506702881485491420e-06,3.549533381954961810e-06,7.639497278472297050e-06,1.516675157017711593e-05,2.828477943058799919e-05,5.084765799842366101e-05,9.080557197526086476e-05,1.657017123186471598e-04,3.150474150000163336e-04,6.282122160876412245e-04,1.305628770819010701e-03,2.783782682938419628e-03,5.958093354969567004e-03,1.248941873855912571e-02,2.500118498722336130e-02,4.664417142420899942e-02,7.932785022712467160e-02,1.206595061584971457e-01,1.616561564867599610e-01,1.887337271453616572e-01,1.909067548322675445e-01,1.672150688056373014e-01,1.274294335619605700e-01,8.531916083862275957e-02,5.091356378891991052e-02,2.757906371958283170e-02,1.385597157355193502e-02,6.612613581055165612e-03,3.073787107334151249e-03,1.426554559032293780e-03,6.759997097900234588e-04,3.327762088165680003e-04,1.716520822524195318e-04,9.245768764986669463e-05,5.114866045673765229e-05,2.829937335627062784e-05,1.519419651994186412e-05,7.704317460786051970e-06,3.615975294779873544e-06,1.552850096498272864e-06,6.080964055607040816e-07,2.179367878582439540e-07,7.214743157748782572e-08,2.235892668625849850e-08,6.590432848913316738e-09,1.878474065716540078e-09,5.257544125035571139e-10,1.462700337777102123e-10,4.075725494216971149e-11,1.139589451724909795e-11,3.184314102194611678e-12,8.808810047170579776e-13,2.380738681917196549e-13,6.194005170608536064e-14,1.530115397883304026e-14,3.548205447779199327e-15,7.695553197354930451e-16,1.548898793955222514e-16,2.841202391078988355e-17,5.463358324116980798e-18,1.012586275280578706e-18,2.515463777485540383e-18,2.911166995940792078e-18,8.285694454966935499e-19,2.307469169889216249e-18,1.469071757125472233e-19,2.172832939422843553e-18,2.665013743322771130e-18,1.047244024258004773e-18,1.340946664050916959e-18
1.179777721576643390e-18,7.931078950573662453e-19,3.642292726092002889e-19,2.670465061335355858e-18,1.368224472813430528e-18,1.792633873586555223e-18,1.615698147285019887e-18,3.508384925108224390e-19,9.139445385853333677e-19,2.433803724394124487e-18,6.371740374299221781e-18,3.157349066534356169e-17,1.584259708508855904e-16,7.747523821965052732e-16,3.607547259248830591e-15,1.562769290575450759e-14,6.342309785813240994e-14,2.435618902542086215e-13,8.973524535318623054e-13,3.220578577537236761e-12,1.142096687319455004e-11,4.045258893113199407e-11,1.438990351011189855e-10,5.137817978223065336e-10,1.829145312699821391e-09,6.418046509674530634e-09,2.185923118396103903e-08,7.105732688729467678e-08,2.168312936020062691e-07,6.122295022444044917e-07,1.582689217777797385e-06,3.726589854738779880e-06,8.005273930575644773e-06,1.584281084990518264e-05,2.942700107585591096e-05,5.267914087873587725e-05,9.374916250548213372e-05,1.707506160386527375e-04,3.247241783397841058e-04,6.490570782305132977e-04,1.354595620665493064e-03,2.903903382208688523e-03,6.253418696821225024e-03,1.319192936950311021e-02,2.656992484803292684e-02,4.984742902968366390e-02,8.517469071669432623e-02,1.300193405463333229e-01,1.746008993335193549e-01,2.040371154371609375e-01,2.062833946977941091e-01,1.803391630114417055e-01,1.369886743720784006e-01,9.131841812349876519e-02,5.420408597243550619e-02,2.918577515686384197e-02,1.457027867516322642e-02,6.909579748231274576e-03,3.192959358828841195e-03,1.474510011049256619e-03,6.962419720052512480e-04,3.421635116377814956e-04,1.765752928435752043e-04,9.534669356648587790e-05,5.295429520773187773e-05,2.942862417374012563e-05,1.586428838287434244e-05,8.067970447923639171e-06,3.792587668139669023e-06,1.628861576912337852e-06,6.370699149196523959e-07,2.277836616948949884e-07,7.516963512759761581e-08,2.321192320398613209e-08,6.816959967064275696e-09,1.936621463247909960e-09,5.406074540396028730e-10,1.501504986264921814e-10,4.181448810837200322e-11,1.169772422733521122e-11,3.273510728198879355e-12,9.074935070672109334e-13,2.458527090895104119e-13,6.410656125910777456e-14,1.586312699166441291e-14,3.682866364180037949e-15,7.979272743700072289e-16,1.612353205056373454e-16,3.018872736062540331e-17,6.824994205282174283e-18,7.750663316764554705e-19,1.965023357332515832e-18,3.105633971655354677e-18,9.149330915394262892e-19,1.902449953015896535e-18,1.087750591950151154e-18,1.591491929468418338e-18,1.601565979784235454e-18,5.419523613162901141e-19,9.727167135922291342e-19
1.378207446584705573e-18,1.511812989905941669e-18,7.512921907584219984e-19,3.026757192443135274e-18,5.579925359424099352e-19,2.219339171952320622e-18,1.508443418690407586e-18,8.292505692725176779e-19,2.037230601877770523e-18,2.373436023706377776e-18,6.771042324993696169e-18,3.377173459649932968e-17,1.640748511540988315e-16,8.034922483276813974e-16,3.742560481879052999e-15,1.619200525422370512e-14,6.559278354822730354e-14,2.513492512473999814e-13,9.239875548240916680e-13,3.309995335192954868e-12,1.172469092831844538e-11,4.152164774223323813e-11,1.478373760723728631e-10,5.288675336824915717e-10,1.888073044860241109e-09,6.646755052128483351e-09,2.271738668037324412e-08,7.409124948018684385e-08,2.267131206810181277e-07,6.413434494015444011e-07,1.659241119158408405e-06,3.904866980258598049e-06,8.372869547940193531e-06,1.652005574211798427e-05,3.056643327648028474e-05,5.449794664024291572e-05,9.666163897589734170e-05,1.757380892560203708e-04,3.342929429663153056e-04,6.697349007674468059e-04,1.403388974279430775e-03,3.024225584540633088e-03,6.550898685330902582e-03,1.390357931717053214e-02,2.816770067917851936e-02,5.312593008217216667e-02,9.118332614514244872e-02,1.396676348132468437e-01,1.879695050967728487e-01,2.198504733015994306e-01,2.221598803296042646e-01,1.938611512764952249e-01,1.468046560194110062e-01,9.745143220043936405e-02,5.755007565428792854e-02,3.080986428699638083e-02,1.528779260085055478e-02,7.206021582034912408e-03,3.311231499521448060e-03,1.521869933285905935e-03,7.161644532973921720e-04,3.513911557571734864e-04,1.814219059433266196e-04,9.820173279824557697e-05,5.474773052434922695e-05,3.055579316056600216e-05,1.653578193960977897e-05,8.433299120982955889e-06,3.970185045535133793e-06,1.705258053948298478e-06,6.661376861036114837e-07,2.376344710737531276e-07,7.818221763721519467e-08,2.405883200325094880e-08,7.040980622025416343e-09,1.993922488057641580e-09,5.552047241844887991e-10,1.539582247548016237e-10,4.285167813033694786e-11,1.199415087923301100e-11,3.361294034724747670e-12,9.337538061684161927e-13,2.535491997843913724e-13,6.625491478161569793e-14,1.642069534913631132e-14,3.816330681687622861e-15,8.257542785249161679e-16,1.666644588717360695e-16,3.112715617647556331e-17,7.242206283163247441e-18,7.335151419787723039e-19,1.128428083748924537e-19,2.422586116521259196e-18,1.671266733623831524e-18,1.498993493665598282e-18,1.295933141656387003e-18,7.162441929235646982e-19,1.230980152289362960e-18,6.860312990076420833e-19,7.315151192285658802e-19
1.701930071127924669e-18,1.603038783345931445e-18,9.483829988316160273e-19,1.948331865710012201e-18,1.260554562366565404e-18,2.291045619993973292e-18,1.806673271731770314e-18,5.412196924248665051e-19,2.248139183692678816e-18,9.923282247692249434e-19,6.414255059511141529e-18,3.429401783545115859e-17,1.688841472004896427e-16,8.318955352509778561e-16,3.875418435414306253e-15,1.675030381912105764e-14,6.773757120884369136e-14,2.590297897194301790e-13,9.501959181986786661e-13,3.397817442649728711e-12,1.202272827403186246e-11,4.257099387360990435e-11,1.517086478466387049e-10,5.437313870691910719e-10,1.946308644120496217e-09,6.873536797371356125e-09,2.357121314508694823e-08,7.711935533635651327e-08,2.366013890954111118e-07,6.705268634204909899e-07,1.736026886815360369e-06,4.083588403969367935e-06,8.740694481204732742e-06,1.719562302944436084e-05,3.169846006613329548e-05,5.629716540027917968e-05,9.953274997297496666e-05,1.806476239873494821e-04,3.437225344798360677e-04,6.901759845205580803e-04,1.451833813168321771e-03,3.144287375435891527e-03,6.849319862678579160e-03,1.462132336565357543e-02,2.978743871570075502e-02,5.646483517170516886e-02,9.732618088439239090e-02,1.495596694104559532e-01,2.016993886022600546e-01,2.360988163197955958e-01,2.384596929054704495e-01,2.077146723000786177e-01,1.568284071880949593e-01,1.036872908449949227e-01,6.093467740196849280e-02,3.244327426846747159e-02,1.600506905487284262e-02,7.500587410325151860e-03,3.428099904631661671e-03,1.568448138332664615e-03,7.356947882026507787e-04,3.604274629765241125e-04,1.861754529618663511e-04,1.010127331672231685e-04,5.652224210181052837e-05,3.167639420143523359e-05,1.720587433338474423e-05,8.798725651199222270e-06,4.147983342730619978e-06,1.781698597571651649e-06,6.951701143442698053e-07,2.474458948653534133e-07,8.117229674686117217e-08,2.489618310931125504e-08,7.261626871020794427e-09,2.050168962646099580e-09,5.694964733333648221e-10,1.576808832592746362e-10,4.386555375743318066e-11,1.228423518018992646e-11,3.447377510016037181e-12,9.595720190838308635e-13,2.611362201770510681e-13,6.837690743404263236e-14,1.697200981898922965e-14,3.947612172129389468e-15,8.535970855718359405e-16,1.713746540749756747e-16,3.114786158600708863e-17,6.628264973504698017e-18,1.038124128598295474e-18,2.142688824923500708e-18,8.705699705516132736e-19,2.264792090917325709e-18,1.623758331809514036e-18,4.775578075848747803e-19,6.264771588479059968e-19,1.489535441121849527e-18,1.242757832377762284e-18,1.391499918131977191e-18
2.503616838894788889e-18,2.819448308789283239e-18,6.497783857619730430e-19,3.646280060296119375e-19,2.279055793078748887e-18,2.565472017737440136e-18,1.940568183243944355e-18,1.016076055043562082e-18,1.974635955868248651e-18,8.325130980220321398e-19,5.827829673648958319e-18,3.358283168831153409e-17,1.734911168402698129e-16,8.603884432012020391e-16,4.005802595997393186e-15,1.730045190823000929e-14,6.985002793814685050e-14,2.665753758344705627e-13,9.758855882664329937e-13,3.483752874859166864e-12,1.231412762951676602e-11,4.359732906674345820e-11,1.555004792035022809e-10,5.583237258080719543e-10,2.003645652304116624e-09,7.097534358461288115e-09,2.441728243541428893e-08,8.012884914714877107e-08,2.464526103262285240e-07,6.996476866489297469e-07,1.812693120309544647e-06,4.261927653063013379e-06,9.107063690661507124e-06,1.786650043177543022e-05,3.281827346749385165e-05,5.806967838963700957e-05,1.023520336712483510e-04,1.854624538884378285e-04,3.529812380455634997e-04,7.103089330076783761e-04,1.499749053047295380e-03,3.263605016569510672e-03,7.147393886775388512e-03,1.534187991170710141e-02,3.142139797722848238e-02,5.984766018735229037e-02,1.035722079319439104e-01,1.596445537434219020e-01,2.157188459490664290e-01,2.526960670176532919e-01,2.550952665093291216e-01,2.218243719303275296e-01,1.670049557959616404e-01,1.099917775154752725e-01,6.433951910224963711e-02,3.407736046114575451e-02,1.671846844925506045e-02,7.791868960576188441e-03,3.543046344613560994e-03,1.614054983152480183e-03,7.547597985066823540e-04,3.692404927830626824e-04,1.908192789445842859e-04,1.037694184528943669e-04,5.827088789487867648e-05,3.278574198272044156e-05,1.787161123410650000e-05,9.162577433418562958e-06,4.325149820175025154e-06,1.857821753321627994e-06,7.240304470301631467e-07,2.571725418501078079e-07,8.412648688761613321e-08,2.572040271869854581e-08,7.478012337574295324e-09,2.105149839964636814e-09,5.834325437849438363e-10,1.613060848936422204e-10,4.485283000598848152e-11,1.256703251447018817e-11,3.531472008200988923e-12,9.848573015422982070e-13,2.685861215534319743e-13,7.046479824431271304e-14,1.751547236342326681e-14,4.076434745262184815e-15,8.819232975495144708e-16,1.760525834213815497e-16,3.105645399303648027e-17,5.636161132853199686e-18,1.465521374613301757e-18,3.228217988334780960e-18,1.104458307082653167e-18,2.009538227019128080e-18,1.761166222540193145e-18,7.329808734987014638e-19,1.530146557126619001e-18,1.390094939648721991e-18,1.522413846311048307e-18,1.792007523328913808e-18
2.680698218722708194e-18,3.690904940980896833e-18,6.465600685017481741e-19,6.605450484500421756e-19,1.985440799720122513e-18,3.012813419496239085e-18,1.383690168834311528e-18,2.417328226395111109e-18,1.629874206471674398e-18,1.909918509787349838e-18,5.789351153636988575e-18,3.300351736336944683e-17,1.786059490243828297e-16,8.892553557560510226e-16,4.134101387403495502e-15,1.784082036471921541e-14,7.192240389232603432e-14,2.739574193105521901e-13,1.000963710778882442e-12,3.567507258264290051e-12,1.259793420357182427e-11,4.459734168404245819e-11,1.592004128863308075e-10,5.725943319194428739e-10,2.059873858917775690e-09,7.317868394008724193e-09,2.525205149850454507e-08,8.310640854661230517e-08,2.562212162096450132e-07,7.285669141252605499e-07,1.888867036977593858e-06,4.439013611580670426e-06,9.470208024029457127e-06,1.852954687056225050e-05,3.392090552816145430e-05,5.980820383063807156e-05,1.051088815330268161e-04,1.901656505749446983e-04,3.620369763654194910e-04,7.300610609059493940e-04,1.546948620154509155e-03,3.381675919312069831e-03,7.443765574337601540e-03,1.606175125143775514e-02,3.306121635085971372e-02,6.325636845123706886e-02,1.098870492909473778e-01,1.698654698564487919e-01,2.299473821248222971e-01,2.695454500430513600e-01,2.719684153493944767e-01,2.361063091147717063e-01,1.772736597179543627e-01,1.163275986817764451e-01,6.774484349368567471e-02,3.570295513081470085e-02,1.742418350725901191e-02,8.078411868277447089e-03,3.655541694566891847e-03,1.658498647179457164e-03,7.732859541975769298e-04,3.777982327449942203e-04,1.953366400087376586e-04,1.064613697198605984e-04,5.998655097747924915e-05,3.387898176104696011e-05,1.852990600996926268e-05,9.523098145266934681e-06,4.500808701093129869e-06,1.933248032555937090e-06,7.525757424968569196e-07,2.667672716364275218e-07,8.703099338408302153e-08,2.652783776552221106e-08,7.689238070998827721e-09,2.158652527864449703e-09,5.969626673812161575e-10,1.648214497900786755e-10,4.581022644489426114e-11,1.284159797778914495e-11,3.613286885182134573e-12,1.009518022700162838e-12,2.758704157540239717e-13,7.251086969633633085e-14,1.804925428597193383e-14,4.202917502860850343e-15,9.106523348605531466e-16,1.813292872322062121e-16,3.186571708312145162e-17,4.778791774688729503e-18,1.779378836147721860e-18,2.585744822841785258e-18,2.207228796596399662e-18,1.034520606393510792e-18,1.475404049894967918e-18,1.417438819664545759e-18,1.977548345859105059e-18,6.250539859742658918e-19,1.355484525685078699e-18,1.394648838786060847e-18
1.520719216603684478e-18,2.892459945215587384e-18,1.134997905802556631e-18,2.516554244592257048e-19,4.597545552681856237e-19,3.103539466716892662e-18,9.168090480436552480e-19,3.004836227578600547e-18,1.166813123025094784e-18,1.747521256743542176e-18,6.661032642523227571e-18,3.371694782058667200e-17,1.843956235274639388e-16,9.181764876625697410e-16,4.260546922047460022e-15,1.836968553719631392e-14,7.394605218745891712e-14,2.811466951889161966e-13,1.025336720077678475e-12,3.648785416331496985e-12,1.287319445978024807e-11,4.556772427146475575e-11,1.627959747591901775e-10,5.864926937317214165e-10,2.114780584345932192e-09,7.533643249534723575e-09,2.607188611570353280e-08,8.603827649501705375e-08,2.658598828117016894e-07,7.571395987292573435e-07,1.964159201036448563e-06,4.613936953609820199e-06,9.828287329102406789e-06,1.918151560341704601e-05,3.500126405325965767e-05,6.150534686690236285e-05,1.077926061900310743e-04,1.947402251240176491e-04,3.708574977166225720e-04,7.493588315274767476e-04,1.593242627860363666e-03,3.497981982744620324e-03,7.737022236838091323e-03,1.677724812443057503e-02,3.469796922079237955e-02,6.667149503158924240e-02,1.162332666225605327e-01,1.801600445468318767e-01,2.442962324440151323e-01,2.865401265743012793e-01,2.889710010805200957e-01,2.504685574812164917e-01,1.875686672469621952e-01,1.226546816689431385e-01,7.112967146084317460e-02,3.731044419460315120e-02,1.811827078877193895e-02,8.358727313794594299e-03,3.765049941956669262e-03,1.701586487333228617e-03,7.911998558528163770e-04,3.860687967227196898e-04,1.997108054370671094e-04,1.090780908214078368e-04,6.166198654412069252e-05,3.495112288485653098e-05,1.917756178166990242e-05,9.878460632374682349e-06,4.674047735184534278e-06,2.007582802990211725e-06,7.806579681209507904e-07,2.761815558447900617e-07,8.987171637622280043e-08,2.731478255504878893e-08,7.894398795321278669e-09,2.210464282981656348e-09,6.100367759189128749e-10,1.682146795328699313e-10,4.673448558055770232e-11,1.310699120665750213e-11,3.692531176126382998e-12,1.033461843330152499e-12,2.829597264220260938e-13,7.450672600591961106e-14,1.857089370321565268e-14,4.326927672402976725e-15,9.390147022416510011e-16,1.872570040215355200e-16,3.392548218594064115e-17,4.310641092001339121e-18,1.926968667242832347e-18,7.258804415529191195e-19,1.905327322280213568e-18,1.608124414187510546e-18,1.055813451038947857e-18,1.102101901145541832e-18,1.787638530702754269e-18,6.715850734521304690e-19,8.018527642986295888e-19,3.970877965907492082e-19
7.436865437780690523e-19,1.877142485877160211e-18,1.376473959191467072e-18,1.024125267893392761e-18,1.651101889169921781e-18,2.620924373246250789e-18,1.753579675055078513e-18,2.218694509853203558e-18,1.459870040899426010e-18,1.132921973132359380e-18,8.042591470121998922e-18,3.570406345615002901e-17,1.902792050277433040e-16,9.461773970893247311e-16,4.384467239954086454e-15,1.888466948704669188e-14,7.591139134139275648e-14,2.881134917204201964e-13,1.048910845817575002e-12,3.727293519797445497e-12,1.313896142526587556e-11,4.650519207261599485e-11,1.662747460238485713e-10,5.999683119370080817e-10,2.168152040499428692e-09,7.743953020553455932e-09,2.687308681648064035e-08,8.891036370149353600e-08,2.753198946550943209e-07,7.852159939089357125e-07,2.038166643508756831e-06,4.785757489373319016e-06,1.017940530402081761e-05,1.981908004451160847e-05,3.605417173141250796e-05,6.315365310878444437e-05,1.103925129235856675e-04,1.991692339232631825e-04,3.794105725632441052e-04,7.681283198445611844e-04,1.638438644262566997e-03,3.611993270533758130e-03,8.025704243898916512e-03,1.748451837475424250e-02,3.632224042658329516e-02,7.007230310943042551e-02,1.225706426671114985e-01,1.904608518361231850e-01,2.586690815762601181e-01,3.035640727363256297e-01,3.059858441810519025e-01,2.648120043110517852e-01,1.978195070267176336e-01,1.289305418660480207e-01,7.447199602861964696e-02,3.888985536557065109e-02,1.879668583911377894e-02,8.631304672094448904e-03,3.871032452932278000e-03,1.743126456998568769e-03,8.084287340930487514e-04,3.940206291954591062e-04,2.039251635824646685e-04,1.116090775467254106e-04,6.328987268218103221e-05,3.599707581619936191e-05,1.981129620007222495e-05,1.022678152806835723e-05,4.843925659936983102e-06,2.080419557031133250e-06,8.081252285152281968e-07,2.853658763324586742e-07,9.263436359412825937e-08,2.807750721418775895e-08,8.092589490028340937e-09,2.260373662169335223e-09,6.226053219037490669e-10,1.714736315692512341e-10,4.762239157528112620e-11,1.336228147890976361e-11,3.768915269139801144e-12,1.056596106393798902e-12,2.898242253205010707e-13,7.644301810902032447e-14,1.907733986396720211e-14,4.447683475908035591e-15,9.658929538597276562e-16,1.932369402831949701e-16,3.659010487827600110e-17,5.166676417012770633e-18,1.904255818509440351e-18,1.951274589092896283e-18,4.456806708391538317e-19,2.683839215179981652e-18,1.754623050885871964e-18,6.018874038803783447e-19,1.340695781709178781e-18,1.591933114142383688e-18,2.259889794748058394e-19,5.344644740656522441e-19
2.418111823014149972e-18,3.122821409998875074e-18,1.397086804224820070e-18,1.947937182798310138e-18,2.629533863413450202e-18,1.644274807012901612e-18,2.048523472434993248e-18,2.897342932821485349e-19,2.187504566720382250e-18,1.573303014253909995e-18,9.089072340152526964e-18,3.779987579190382841e-17,1.953452674307912096e-16,9.721409549134993126e-16,4.504330645925830282e-15,1.938274625631505671e-14,7.780854564516541245e-14,2.948281713014496257e-13,1.071593057214429009e-12,3.802741662135623468e-12,1.339430071444577679e-11,4.740650279661797351e-11,1.696244383059016731e-10,6.129710171322000731e-10,2.219774756845948935e-09,7.947887983137954777e-09,2.765191672726495491e-08,9.170836015160523781e-08,2.845515459958898654e-07,8.126428237111270133e-07,2.110476344960376658e-06,4.953512357418317304e-06,1.052162594658201505e-05,2.043886202257985649e-05,3.707440827135386277e-05,6.474566527589801449e-05,1.128979740811447105e-04,2.034358879437912142e-04,3.876641970794407867e-04,7.862956971108028999e-04,1.682343039676703319e-03,3.723171994141347314e-03,8.308316722570256718e-03,1.817957949666201486e-02,3.792420504614544413e-02,7.343697150424736975e-02,1.288565521828678728e-01,2.006960444311212677e-01,2.729629788429813186e-01,3.204932004244120392e-01,3.228878768879808736e-01,2.790313434212423616e-01,2.079518037489274385e-01,1.351107163179432746e-01,7.774900519446679981e-02,4.043095676337112726e-02,1.945532157244935292e-02,8.894625035141646291e-03,3.972952451386247037e-03,1.782928574510104450e-03,8.249009613312303793e-04,4.016227138604156290e-04,2.079633306536366063e-04,1.140438898010467331e-04,6.486286446141979549e-05,3.701169232097098705e-05,2.042776872504447204e-05,1.056613747493501228e-05,5.009480490075218450e-06,2.151343526314801673e-06,8.348231114996239881e-07,2.942701563518997162e-07,9.530457081177990649e-08,2.881228766635637171e-08,8.282912237189475136e-09,2.308172017768162695e-09,6.346196067266440149e-10,1.745863956438883826e-10,4.847078967090765268e-11,1.360655349005284094e-11,3.842153228634392894e-12,1.078828733061817592e-12,2.964344280914008986e-13,7.830998281885276549e-14,1.956549583557876484e-14,4.563984551136257528e-15,9.904819341952795597e-16,1.984794207525974167e-16,3.864470151645212615e-17,6.839726048793279057e-18,1.616794782572797474e-18,3.060132229529248679e-18,1.700811351048851009e-18,2.517931405457643177e-18,2.549446131687750233e-18,1.337872457310966184e-18,1.216190428900501004e-18,1.681860688043058041e-18,6.016181955564010950e-19,6.686407566132170191e-19
2.628983439989221630e-18,3.582969301832400937e-18,1.474293122109673935e-18,1.572971468324762220e-18,2.078597586734031181e-18,3.925251860567797558e-19,1.240171443785680993e-18,2.012540454412591631e-18,2.277488998528723559e-18,1.683708822807447425e-18,9.139459681869597074e-18,3.869863795779210959e-17,1.991067730058542298e-16,9.955761708351699959e-16,4.618594424166071439e-15,1.986086268023095575e-14,7.962827874363450433e-14,3.012618887117419480e-13,1.093292202400037625e-12,3.874846368530831789e-12,1.363829700121376481e-11,4.826847731030804205e-11,1.728329707901563262e-10,6.254512960744696950e-10,2.269437058112611353e-09,8.144541329459596300e-09,2.840463107674093694e-08,9.441785459456191824e-08,2.935045749635467197e-07,8.392646667229184775e-07,2.180669043963270618e-06,5.116224974642481684e-06,1.085299142314414978e-05,2.103746216607445583e-05,3.805675509012359560e-05,6.627398234074282854e-05,1.152985056951585653e-04,2.075236644341662000e-04,3.955868017725082115e-04,8.037877326714676926e-04,1.724762401249412946e-03,3.830976763192092682e-03,8.583342275205338434e-03,1.885835474070568854e-02,3.949372320697079608e-02,7.674281166317337144e-02,1.350463993064250079e-01,2.107901092936513843e-01,2.870694430039527067e-01,3.371967120923755057e-01,3.395455283079120146e-01,2.930162529207278044e-01,2.178881123145759990e-01,1.411492588376976332e-01,8.093733093182281513e-02,4.192336477165649333e-02,2.009004941439972158e-02,9.147175443808641324e-03,4.070279659308806766e-03,1.820806425350347509e-03,8.405465706978598045e-04,4.088447845397378665e-04,2.118092613772892287e-04,1.163722261351249245e-04,6.637365080777668459e-05,3.798980841852167139e-05,2.102361012077436943e-05,1.089458277495399397e-05,5.169738544376564466e-06,2.219935601919235719e-06,8.605961364843656556e-07,3.028442196907801794e-07,9.786802860958823342e-08,2.951543679891452086e-08,8.464483262203976172e-09,2.353655021209745920e-09,6.460321128251763235e-10,1.775413713589507986e-10,4.927660634119555167e-11,1.383891372960573012e-11,3.911965434373184717e-12,1.100069411630187315e-12,3.027619299774356072e-13,8.009850003028004032e-14,2.003290128289709399e-14,4.674900111020674266e-15,1.012832893129502921e-15,2.026456963323625120e-16,3.919217687072244916e-17,7.666094786271887828e-18,1.040390281911108622e-18,2.309523041477014731e-18,2.884003899224088053e-18,1.041070477418939929e-18,2.338631731384714895e-18,1.472001236869010325e-18,1.119408506256886170e-18,1.128721216349210846e-18,9.013122032881399501e-19,4.889353668629616048e-19
1.397320327204183803e-18,3.093809287045739501e-18,1.861803075749741402e-18,2.242287757167832767e-19,1.213041210765465645e-18,8.358332245494604189e-19,1.686531879274451753e-19,3.521439892052891683e-18,2.106091192380570980e-18,9.161322183590621232e-19,8.226871587542889632e-18,3.808670290464397230e-17,2.020026822298623868e-16,1.017058838670882789e-15,4.726659555050731107e-15,2.031667132895793073e-14,8.136257306567859365e-14,3.073870267014649454e-13,1.113919901809107923e-12,3.943332538700473906e-12,1.387006038356855857e-11,4.908802037406241067e-11,1.758885480790348213e-10,6.373606235562086138e-10,2.316930578817038542e-09,8.333016138493795514e-09,2.912750803811941068e-08,9.702446064556241215e-08,3.021286255323688973e-07,8.649254375258644386e-07,2.248323325421195970e-06,5.272914635157425934e-06,1.117154113845004940e-05,2.161149204595268881e-05,3.899604202272745817e-05,6.773132050724740285e-05,1.175838455073903135e-04,2.114164199637903567e-04,4.031474632633665458e-04,8.205323081517842650e-04,1.765505000376688376e-03,3.934867057571647848e-03,8.849254573936078325e-03,1.951671236584242436e-02,4.102044383765938995e-02,7.996651160861956154e-02,1.410941163509822904e-01,2.206647388114948150e-01,3.008757440961888907e-01,3.535386739646473320e-01,3.558223252112246437e-01,3.066527431272691451e-01,2.275488595311812023e-01,1.469992899102697259e-01,8.401332091454083439e-02,4.335665965035944563e-02,2.069676264811210961e-02,9.387463645448805918e-03,4.162495042127059217e-03,1.856578681149847684e-03,8.552977767403291539e-04,4.156575363322254253e-04,2.154473604694574101e-04,1.185839998750761403e-04,6.781501355464079504e-05,3.892628960805446327e-05,2.159545382285857096e-05,1.121016825561828618e-05,5.323724098594264251e-06,2.285776511177203336e-06,8.852892870339745074e-07,3.110382720566405535e-07,1.003106138968218911e-07,3.018333645636490193e-08,8.636440089148240745e-09,2.396624198180612145e-09,6.567968361084341294e-10,1.803273455163905532e-10,5.003686965585014121e-11,1.405849688585995423e-11,3.978080915531178788e-12,1.120230598244970235e-12,3.087796571488855964e-13,8.180086047488748601e-14,2.047802015850001074e-14,4.780307458453014805e-15,1.033858834289435328e-15,2.061593337584948022e-16,3.837745372059660566e-17,7.142940158906103564e-18,3.836663721887300505e-19,2.343206231375691900e-19,2.879648665218850693e-18,1.264777149558461597e-18,1.116541133905889622e-18,7.577772992964265650e-19,6.768790186733969669e-19,1.318551100926602768e-18,7.902090055779888330e-19,1.621099955155674374e-18
1.863375664288218016e-18,3.646648565344479307e-18,2.396417536206120303e-18,1.649105522538826844e-18,1.871161348476070744e-18,1.431405815761099078e-18,1.080493843258517913e-18,3.542059856721924070e-18,2.374142924350889795e-18,5.689540592155316921e-19,7.076937192945596884e-18,3.698428468632706029e-17,2.051927086200953340e-16,1.037920099991874628e-15,4.829084022409932235e-15,2.074872644429806650e-14,8.300442987225547217e-14,3.131770758834914095e-13,1.133390908688503402e-12,4.007934680773103663e-12,1.408873217646870515e-11,4.986214053457554306e-11,1.787797374569722059e-10,6.486517965919414131e-10,2.362051799130026316e-09,8.512432505932250781e-09,2.981688055223014748e-08,9.951394797694016020e-08,3.103737315104433629e-07,8.894699464620196790e-07,2.313019934682148899e-06,5.422606629607596833e-06,1.147533175128184570e-05,2.215760765244730927e-05,3.988719545938547922e-05,6.911057529703914051e-05,1.197440315494579491e-04,2.150985036891795777e-04,4.103161171746386778e-04,8.364589388647070004e-04,1.804382297240257138e-03,4.034307870135136684e-03,9.104532666737670532e-03,2.015050753746789811e-02,4.249391699022161267e-02,8.308440354578973397e-02,1.469527171878903804e-01,2.302398054409059425e-01,3.142663442147596853e-01,3.693797850197051980e-01,3.715786849251883628e-01,3.198246543162583944e-01,2.368533788774250526e-01,1.526135928661887520e-01,8.695332877549198647e-02,4.472050716097905609e-02,2.127142133646682531e-02,9.614033175483226168e-03,4.249095598707059232e-03,1.890070617702267796e-03,8.690894922844645759e-04,4.220328348745518978e-04,2.188625937987879241e-04,1.206694160474217130e-04,6.917988799833067965e-05,3.981607782157980057e-05,2.213996877662942936e-05,1.151096110280793996e-05,5.470469534160598498e-06,2.348451194132043363e-06,9.087496067703713119e-07,3.188033982684792295e-07,1.026185244895935215e-07,3.081246986324712871e-08,8.797948726932437229e-09,2.436888458118549587e-09,6.668696150191477165e-10,1.829335679412801544e-10,5.074872908320968666e-11,1.426447163281465457e-11,4.040238936749698667e-12,1.139227960871091561e-12,3.144615302488986359e-13,8.341056267729586150e-14,2.089983608968274611e-14,4.880735813231149487e-15,1.054715429137726854e-15,2.099027515155167673e-16,3.735928046480884946e-17,6.145274053313628481e-18,6.279531807069394239e-19,1.928750589196605387e-18,2.179893685772344303e-18,2.732545887329917947e-18,5.883491704181762538e-19,5.164340150465508728e-19,3.295976718098000183e-19,1.534947936577421020e-18,3.135361144169206270e-19,2.267710592314059429e-18
3.066466796845973177e-18,3.871181593329526293e-18,2.594532180064695466e-18,2.003706414828700160e-18,1.528046975829396667e-18,1.153823302505819558e-18,7.839557981160662828e-19,2.084163108989784957e-18,2.213324671578869656e-18,6.728481237565712838e-19,6.542561410944353482e-18,3.697499741421784745e-17,2.097131833143062090e-16,1.059298800401752359e-15,4.926784665535109505e-15,2.115591231287582146e-14,8.454703682753065899e-14,3.186061222269414959e-13,1.151623072301754464e-12,4.068397803359636320e-12,1.429349008775057632e-11,5.058796887827527447e-11,1.814955447669215193e-10,6.592792675539832712e-10,2.404603586144912571e-09,8.681934752295523278e-09,3.046916874427033472e-08,1.018723769124169967e-07,3.181908160364571594e-07,9.127455159964335717e-07,2.374346255968961695e-06,5.564342739157515469e-06,1.176245784843007761e-05,2.267254373475369311e-05,4.072528726208166934e-05,7.040488396633704416e-05,1.217694803901324917e-04,2.185548696762878887e-04,4.170637699947573143e-04,8.514992969986412029e-04,1.841210465615166891e-03,4.128774463923229679e-03,9.347675809390646254e-03,2.075562629270224363e-02,4.390371310060797033e-02,8.607275107999946828e-02,1.525748965662203360e-01,2.394344242005006784e-01,3.271244736407770137e-01,3.845793122233315819e-01,3.866738699282635805e-01,3.324152786295118678e-01,2.457210205430806760e-01,1.579452461520975404e-01,8.973401804873626375e-02,4.600478424402805466e-02,2.181009813263729696e-02,9.825478547013752340e-03,4.329599132668087401e-03,1.921115613601466227e-03,8.818598357156004833e-04,4.279439215329265385e-04,2.220405980892791473e-04,1.226190482487089827e-04,7.046142422745442307e-05,4.065423949346166378e-05,2.265389329626777199e-05,1.179506537830428338e-05,5.609025835309517498e-06,2.407553315710325419e-06,9.308278355039133594e-07,3.260920682227888966e-07,1.047784149129675998e-07,3.139945405817189472e-08,8.948210799355926884e-09,2.474265601001273409e-09,6.762084529795621659e-10,1.853498249976845736e-10,5.140947423211636029e-11,1.445604560315010841e-11,4.098189944506801292e-12,1.156980339877859894e-12,3.197818758567931115e-13,8.492119308122543462e-14,2.129697845987312541e-14,4.976527413099084343e-15,1.075921483485898310e-15,2.144808935296797756e-16,3.747650071812608600e-17,5.986813265659271529e-18,1.652182382024846703e-18,2.498852534353240291e-18,1.817188115591419367e-18,2.900036655097404732e-18,1.340990271733822418e-18,8.579276261971522473e-19,6.487391063735138817e-19,6.314442715470632203e-19,1.287766033910617971e-18,1.692032995868438269e-18
2.730695328478208264e-18,2.218882634755171824e-18,2.243570582153694431e-18,7.748201363572018601e-19,5.980922831341124030e-19,5.817788722030263173e-19,7.333261068209358220e-19,1.700941430051401643e-19,1.131186302097528167e-18,4.518351555228665000e-19,6.874639780805172274e-18,3.887451631577270550e-17,2.156034586368058175e-16,1.081203427825627652e-15,5.019818754109272516e-15,2.153653897388454879e-14,8.598295450661684991e-14,3.236484861394462447e-13,1.168537410096432161e-12,4.124478632165317786e-12,1.448355316343946738e-11,5.126277709431001495e-11,1.840254887236368735e-10,6.691994729173852066e-10,2.444396724122475259e-09,8.840698624174060014e-09,3.108091252237403690e-08,1.040862346064099037e-07,3.255321994874659922e-07,9.346036298170415751e-07,2.431900887336731913e-06,5.697191943526160301e-06,1.203107296213975859e-05,2.315314849346920281e-05,4.150558376892068491e-05,7.160768743919849577e-05,1.236510641330912114e-04,2.217711870876954621e-04,4.233627077328988597e-04,8.655877309383904535e-04,1.875811920183476957e-03,4.217757183651338858e-03,9.577218619924261420e-03,2.132803092516849172e-02,4.523954731924430261e-02,8.890805131031215280e-02,1.579136650793824814e-01,2.481680841668593152e-01,3.393338136352230250e-01,3.989971561306833725e-01,4.009680674786868515e-01,3.443090756086318316e-01,2.540723159746058335e-01,1.629482800762350192e-01,9.233267437857425874e-02,4.719970660789823969e-02,2.230902424403308909e-02,1.002046032210074378e-02,4.403548939717166245e-03,1.949556610794389100e-03,8.935506228901327107e-04,4.333656123322904047e-04,2.249677879903847920e-04,1.244239145758391045e-04,7.165304844993655394e-05,4.143601408673264945e-05,2.313406945193602601e-05,1.206064291187073516e-05,5.738473272852551172e-06,2.462689843872140960e-06,9.513800606308108393e-07,3.328586441331568966e-07,1.067775315009890428e-07,3.194107190522837310e-08,9.086470530472513729e-09,2.508583784725658770e-09,6.847738312991364776e-10,1.875665105979973442e-10,5.201655262253961067e-11,1.463246998152838459e-11,4.151696500978830293e-12,1.173409735122802064e-12,3.247151596482281328e-13,8.632523951332627007e-14,2.166702345425894817e-14,5.066951431283086765e-15,1.096827286115425863e-15,2.196127660277800305e-16,3.920755877422942722e-17,7.068530984179606461e-18,2.744516596118073628e-18,1.288597416540558571e-18,1.970023876582191519e-18,1.904342189705659773e-18,1.616461000930063347e-18,6.744293587701945769e-19,1.025885161085826783e-18,1.335416694561720927e-18,2.546025470563546742e-18,5.103033404735939646e-19
1.693689070713174214e-18,1.436169540146012170e-18,1.555573999451318553e-18,1.258691525211689080e-18,2.924746717597634832e-18,1.245753524702359881e-18,2.267574735827384849e-18,1.773790221786668882e-18,9.920871955263763076e-19,1.799587490412174136e-18,7.457358984794156078e-18,4.191969811857616159e-17,2.217218852387774848e-16,1.102315911915918786e-15,5.106767841953087414e-15,2.188789378294643264e-14,8.730401326633930304e-14,3.282790498406003144e-13,1.184058795484457002e-12,4.175947647655598538e-12,1.465818698962793833e-11,5.188399558697752006e-11,1.863596736825040886e-10,6.783711542443730762e-10,2.481251416577900873e-09,8.987938400425754195e-09,3.164880392807127710e-08,1.061425708890812127e-07,3.323521082415487083e-07,9.549015891151470365e-07,2.485298239341113950e-06,5.820261170733382681e-06,1.227941059500445043e-05,2.359641808633093884e-05,4.222359416443669173e-05,7.271279091989582468e-05,1.253801852364926713e-04,2.247339470361240732e-04,4.291866991557952366e-04,8.786617749454577212e-04,1.908016827939862294e-03,4.300766258084335290e-03,9.791746337923261032e-03,2.186380608426106292e-02,4.649140684333493562e-02,9.156734647596212473e-02,1.629230080502405698e-01,2.563618272821154287e-01,3.507802527352054667e-01,4.124960053888787059e-01,4.143245521471158876e-01,3.553934466371269085e-01,2.618301736486898790e-01,1.675783452206465463e-01,9.472752013325837217e-02,4.829595595469279856e-02,2.276463478260217985e-02,1.019771983234758587e-02,4.470518344941660886e-03,1.975247518338938899e-03,9.041078379300439500e-04,4.382744884475419603e-04,2.276314593394136222e-04,1.260755517133843031e-04,7.274852350843045534e-05,4.215686237815205093e-05,2.357747745899312343e-05,1.230593423581270184e-05,5.857932101601948772e-06,2.513485619561182389e-06,9.702693574736353758e-07,3.390598812177393599e-07,1.086038448090337927e-07,3.243430324116066791e-08,9.212021496119557052e-09,2.539682936410543543e-09,6.925290096076864550e-10,1.895746946955506183e-10,5.256758697039091695e-11,1.479304442997915581e-11,4.200534895097866042e-12,1.188441890499727690e-12,3.292364502157415569e-13,8.761388248740465238e-14,2.200658290358135180e-14,5.150066756846491728e-15,1.115874416059865510e-15,2.241851104283709398e-16,4.177195300837575752e-17,8.613049732835297576e-18,3.176817011691701024e-18,8.003075941533834172e-19,1.934738753356323268e-18,6.351803654503167645e-19,2.140347910424951054e-18,1.132136671085921573e-18,1.371250595332500593e-18,2.681585803862954675e-18,3.015552262823521970e-18,1.474204241629418185e-18
2.217566932513133658e-18,2.769254181544049220e-18,7.328524255686479810e-19,2.206904448516711624e-18,3.997083880532339376e-18,2.024140872966084471e-18,2.761872571744101585e-18,2.236556305042087001e-18,1.639423545634615368e-18,2.471735974173677978e-18,7.340924034541313009e-18,4.427072888325115541e-17,2.264879193091885278e-16,1.120787603148893170e-15,5.185345418682997285e-15,2.220674045353185248e-14,8.850211899028169304e-14,3.324743507096188634e-13,1.198117341721335337e-12,4.222591860889044703e-12,1.481670930577273575e-11,5.244923192666901032e-11,1.884888604483362358e-10,6.867556678934104067e-10,2.514998742360025978e-09,9.122913813232614078e-09,3.216971879743255635e-08,1.080291317914522528e-07,3.386071764256725024e-07,9.735041493041000658e-07,2.534173081076421317e-06,5.932705908107248569e-06,1.250580490210035559e-05,2.399953038956496542e-05,4.287511747783621409e-05,7.371442233956205126e-05,1.269488482286777449e-04,2.274305649160100306e-04,4.345111914050101150e-04,8.906626433818998038e-04,1.937664584917675892e-03,4.377336527842320968e-03,9.989909960898281024e-03,2.235920484058611865e-02,4.764967902594494792e-02,9.402853935873763114e-02,1.675585554358769991e-01,2.639394504536543562e-01,3.613536797066684292e-01,4.249435341041352676e-01,4.266118847098708255e-01,3.655605302656998457e-01,2.689210808697077293e-01,1.717933788409438112e-01,9.689802525589225057e-02,4.928480448703494166e-02,2.317361271903062292e-02,1.035609331512765165e-02,4.530115024456306261e-03,1.998054540970060390e-03,9.134820772841978874e-04,4.426490761305543176e-04,2.300198874554542380e-04,1.275660862687313262e-04,7.374200775595196762e-05,4.281251377898161490e-05,2.398126952067291666e-05,1.252927921476987569e-05,5.966573090829541058e-06,2.559587841400025989e-06,9.873673914268404876e-07,3.446554138420294715e-07,1.102461773313158258e-07,3.287635471638540399e-08,9.324213052930061234e-09,2.567416090635589004e-09,6.994403104781259571e-10,1.913661888566745424e-10,5.306039230081618085e-11,1.493712269940913335e-11,4.244497624084593568e-12,1.202007629178800422e-12,3.333225314994292703e-13,8.877816245582659221e-14,2.231226978091953415e-14,5.223629482891315769e-15,1.131577211273394112e-15,2.270359667130258761e-16,4.374402403845668397e-17,9.309784277421322691e-18,2.415004166777304290e-18,1.614642934515525990e-18,1.125481067403740426e-18,6.878083894448727358e-19,2.075305896450565206e-18,1.489211172971364943e-18,1.603667577598354503e-18,2.344630707646372926e-18,2.101009786525948651e-18,1.551430418452385634e-18
2.743782827855283835e-18,1.664834474823340412e-18,8.950926417263349632e-19,1.310044061436086951e-18,2.971591775119307444e-18,3.176807823642606030e-18,1.831757246544883050e-18,1.932407516544772847e-18,1.672001808635655099e-18,1.801748094993653258e-18,6.153468531594055291e-18,4.452347810169842600e-17,2.290711005001318895e-16,1.135541127286911810e-15,5.253880695442010561e-15,2.249049701782303683e-14,8.957047629559835479e-14,3.362139043507122024e-13,1.210649991858140290e-12,4.264217630234304426e-12,1.495849565286171053e-11,5.295628903402575194e-11,1.904045339461668044e-10,6.943172797682416925e-10,2.545482047530923376e-09,9.244936693546592365e-09,3.264074728787926435e-08,1.097344887367308529e-07,3.442569326253764704e-07,9.902851098146311327e-07,2.578184955380598052e-06,6.033740489972871712e-06,1.270871067369562331e-05,2.435987745095950839e-05,4.345628747020369344e-05,7.460728780071422192e-05,1.283497274129960356e-04,2.298494770531198409e-04,4.393134958328177701e-04,9.015357037085862694e-04,1.964605239415735411e-03,4.447032032287996997e-03,1.017044102416670218e-02,2.281069394162629771e-02,4.870527792993692429e-02,9.627070630841878807e-02,1.717782490024955255e-01,2.708287052131713168e-01,3.709497735983950384e-01,4.362145927091231612e-01,4.377060977113267914e-01,3.747089781187447066e-01,2.752762851379503273e-01,1.755542550624920872e-01,9.882520803586179736e-02,5.015823431501097857e-02,2.353293066060125824e-02,1.049452523536830231e-02,4.581985047517215213e-03,2.017857414713189208e-03,9.216289616615194790e-04,4.464700140279528710e-04,2.321224193359399930e-04,1.288883024555254313e-04,7.462811145994091783e-05,4.339901195790043831e-05,2.434280256451917411e-05,1.272913701592766279e-05,6.063627703556343171e-06,2.600670386908652348e-06,1.002555954546476474e-06,3.496082191260248077e-07,1.116943245347288869e-07,3.326468789554576990e-08,9.422456357910213038e-09,2.591650637375076533e-09,7.054773844200596004e-10,1.929336078128540456e-10,5.349299256367907741e-11,1.506411851938354965e-11,4.283396214122492900e-12,1.214044473573022469e-12,3.369530891660032048e-13,8.981085799906574385e-14,2.258195620575977454e-14,5.286511608374578626e-15,1.143617076987391446e-15,2.279615070571430382e-16,4.421818448647598131e-17,8.351858649348475145e-18,1.482382352190247201e-18,1.830329971192445053e-18,6.790346711334071025e-19,1.993915108083556942e-18,6.852261649505153573e-19,1.290314377020093950e-18,2.153175512244441138e-18,1.399669232397140028e-19,2.007313731966588072e-19,9.632279466502820439e-19
2.660962833990401162e-18,2.162101872435741651e-18,1.919154557141726722e-18,1.087093876475991188e-18,1.547740279988066456e-18,4.432188324554684240e-18,1.068778261398045985e-18,2.183808666824432708e-18,2.717482239744089266e-18,1.191420543583235236e-18,4.685025948127935539e-18,4.302896469016666552e-17,2.301637247097670256e-16,1.147145545339892482e-15,5.312549958045582831e-15,2.273819818924168429e-14,9.050436249500739361e-14,3.394809195688640836e-13,1.221601543763477276e-12,4.300652620368890559e-12,1.508298435833343442e-11,5.340318184333662487e-11,1.920989660858522472e-10,7.010234414164834631e-10,2.572558255232648930e-09,9.353377251983133846e-09,3.305922283022109329e-08,1.112481613965458259e-07,3.492642635495080695e-07,1.005128829592258554e-06,2.617022384925665540e-06,6.122647877582469377e-06,1.288672226362975521e-05,2.467509607725886718e-05,4.396361468655975543e-05,7.538662320821455296e-05,1.295762296893058043e-04,2.319802305584188040e-04,4.435729619666464100e-04,9.112309226257055052e-04,1.988700843177286168e-03,4.509450389482555499e-03,1.033216578966884500e-02,2.321499747109963610e-02,4.964976694293146003e-02,9.827440157612091221e-02,1.755429925329186347e-01,2.769624681954863110e-01,3.794717497500851855e-01,4.461933410577469394e-01,4.474928162958539679e-01,3.827456699666844098e-01,2.808329281374261077e-01,1.788254045613366927e-01,1.004919195019535749e-01,5.090904941709410020e-02,2.383988969290902829e-02,1.061208057133777166e-02,4.625816578188396075e-03,2.034550532738057214e-03,9.285095107506971578e-04,4.497202059571655175e-04,2.339295586764153674e-04,1.300357052509859990e-04,7.540194991529843049e-05,4.391275803725593361e-05,2.465966931416763952e-05,1.290410506539302487e-05,6.148397741153131311e-06,2.636437892667774615e-06,1.015728409621438959e-06,3.538850502015972741e-07,1.129391672800030196e-07,3.359704519948451513e-08,9.506229895217454831e-09,2.612269462808564581e-09,7.106134513111713854e-10,1.942704254485224519e-10,5.386363583394981928e-11,1.517351078912795333e-11,4.317063439225256571e-12,1.224497738575376993e-12,3.401112596223139994e-13,9.070773759997456976e-14,2.281541999190421268e-14,5.339579187470374753e-15,1.153270862319624928e-15,2.281911703552828877e-16,4.364538402286220184e-17,6.426335708997375302e-18,2.636613838529763830e-18,4.108536843979458191e-18,2.710113454307642063e-18,3.166471043013148498e-18,2.138214699144859584e-18,1.822249540096424625e-18,2.787957831075803471e-18,2.576821685868752108e-18,2.007127035212998025e-18,2.738095649211197854e-18
2.318197365457075336e-18,4.572309644118222810e-18,1.612448663160220048e-18,2.263195801914080460e-18,2.076044645758602342e-18,4.184914518918550649e-18,1.430051647264316502e-18,1.831492567173581887e-18,3.372158125103159629e-18,1.451042909077765053e-18,4.713278329817153249e-18,4.191606495996850001e-17,2.317012328278012126e-16,1.157550356738060728e-15,5.363294988289035949e-15,2.295039632358431005e-14,9.130083509849782349e-14,3.422618651085383081e-13,1.230924607840114377e-12,4.331746414398623403e-12,1.518968032353407454e-11,5.378815134216545894e-11,1.935652723762455262e-10,7.068450440806902304e-10,2.596099076894207904e-09,9.447669909755366421e-09,3.342274907920403619e-08,1.125607322653247908e-07,3.535958468361090371e-07,1.017931641538199368e-06,2.650406792686174757e-06,6.198788751410040402e-06,1.303859111869554974e-05,2.494309601793342305e-05,4.439402497952262331e-05,7.604824131662529340e-05,1.306225516698716741e-04,2.338135653362145069e-04,4.472711376156674585e-04,9.197032799506740927e-04,2.009826712567256649e-03,4.564226904795666562e-03,1.047401861303805942e-02,2.356913813284552961e-02,5.047547507621959889e-02,1.000219466239151006e-01,1.788172707351719792e-01,2.822798554620747358e-01,3.868320202381010930e-01,4.547752721174173618e-01,4.558692627656562024e-01,3.895873266871225371e-01,2.855351056927283304e-01,1.815753897081206769e-01,1.018831053286667343e-01,5.153097790413103257e-02,2.409215456430077035e-02,1.070795585630003599e-02,4.661343179843594094e-03,2.048043945906550395e-03,9.340904760353269847e-04,4.523849573510423648e-04,2.354330427007080484e-04,1.310025781932600789e-04,7.605919247558142382e-05,4.435055065443492615e-05,2.492972715220204930e-05,1.305293664546329891e-05,6.220264274839803707e-06,2.666629518351409560e-06,1.026791015793958684e-06,3.574568316591652400e-07,1.139727738028243866e-07,3.387147329563816382e-08,9.575084432441816976e-09,2.629171967637680343e-09,7.148255148549534442e-10,1.953710238906611886e-10,5.417080716405471732e-11,1.526484721555269262e-11,4.345354253098062699e-12,1.233320528330139824e-12,3.427831841842124376e-13,9.146714561999984231e-14,2.301379851156244358e-14,5.385229968067839188e-15,1.162766178230224141e-15,2.298602390221973509e-16,4.367125592638141064e-17,5.599039450113480204e-18,2.750382805402828778e-18,5.636018191948634104e-18,3.362574190531005348e-18,2.703778938192231212e-18,3.368647271839654582e-18,2.088037251578819492e-18,2.129428528288606720e-18,3.507312586231660395e-18,2.401449774780927272e-18,3.417192447496753481e-18
6.387225878781127104e-19,3.073890446748021521e-18,1.411531491962683340e-18,6.191905139693732445e-19,1.183902238317150428e-18,1.241587312970194548e-18,1.038654116344147225e-18,9.761600710252159516e-19,2.361180560246810796e-18,1.752308034690632715e-18,7.852489334167415539e-18,4.366175615824577157e-17,2.355924073141261369e-16,1.168744590767915166e-15,5.408305321841063076e-15,2.312790920752020085e-14,9.195749151303166089e-14,3.445451029063486401e-13,1.238578678921494457e-12,4.357370085814218928e-12,1.527815764785648974e-11,5.410967579803209988e-11,1.947974617042396177e-10,7.117566478476297221e-10,2.615992109809465430e-09,9.527318599561813174e-09,3.372922445875951187e-08,1.136639511023790712e-07,3.572225455552393473e-07,1.028603140384405516e-06,2.678096063918033411e-06,6.261609744945173668e-06,1.316324158307152959e-05,2.516208523972011900e-05,4.474489385790283297e-05,7.658857348127877417e-05,1.314837303325641204e-04,2.353414872772932446e-04,4.503919132675375135e-04,9.269131451442912464e-04,2.027872582708710718e-03,4.611038346617085323e-03,1.059505426710846687e-02,2.387047540577414556e-02,5.117560463781972019e-02,1.014976982349632822e-01,1.815697228388344353e-01,2.867272542683975134e-01,3.929537281575176122e-01,4.618690758970019350e-01,4.627460948068073399e-01,3.951619812703346390e-01,2.893348281626340612e-01,1.837774218583071995e-01,1.029860395097688397e-01,5.201876249032301447e-02,2.428778454829086386e-02,1.078148878600835442e-02,4.688346671145073030e-03,2.058264224017538647e-03,9.383446274870829371e-04,4.544520937525068889e-04,2.366259098718363947e-04,1.317840350407494063e-04,7.659610675636731964e-05,4.470962221657348004e-05,2.515112425686311679e-05,1.317455680497193774e-05,6.278695695209205142e-06,2.691022323907716851e-06,1.035664111451738798e-06,3.602990102487856723e-07,1.147884895698794480e-07,3.408634357760389496e-08,9.628647336335398784e-09,2.642274949812775674e-09,7.180945476629165208e-10,1.962307351620674504e-10,5.441323880020475770e-11,1.533774634165877378e-11,4.368145540879212507e-12,1.240472782913277301e-12,3.449568522514809933e-13,9.208802377187007638e-14,2.317806699680471546e-14,5.425706451317797084e-15,1.173859806927986843e-15,2.346759875628112568e-16,4.600018240589876680e-17,7.831959407229279748e-18,6.735484605401098870e-20,3.640082656350912983e-18,1.122186564364962705e-18,1.762232754743451773e-18,1.426250284751249857e-18,4.698999644865051004e-19,1.720906868665509853e-18,9.371107095622540582e-19,1.866712995058462876e-18,1.038627464996096596e-18
4.152097833201096100e-18,3.506533044467517471e-18,6.887280412194628058e-18,5.000683815398664198e-18,5.707021040321788834e-18,4.952376684071923709e-18,5.211155933067925877e-18,6.003556153042257412e-18,5.851116828841503242e-18,6.949152965600052947e-18,1.401579690017376518e-17,4.915725225405054515e-17,2.422579629419207549e-16,1.181210647650945774e-15,5.448069214949285256e-15,2.327023891738090867e-14,9.247111137295116304e-14,3.463195049269833270e-13,1.244529138529366956e-12,4.377415695276913089e-12,1.534806169734793587e-11,5.436648001781143375e-11,1.957904796140182643e-10,7.157366836058037965e-10,2.632141807849422193e-09,9.591901463019543236e-09,3.397686392942492046e-08,1.145508275277232700e-07,3.601197575063002229e-07,1.037067320360560777e-06,2.699887682241083550e-06,6.310650662461800197e-06,1.325978467878465425e-05,2.533059183105562201e-05,4.501407607512060183e-05,7.700470547281383030e-05,1.321556865334839093e-04,2.365573317642270172e-04,4.529216490868382154e-04,9.328266117963825328e-04,2.042743638763853085e-03,4.649606331712004791e-03,1.069445901380336635e-02,2.411673986031088318e-02,5.174432809758351681e-02,1.026882895773795767e-01,1.837736575995712052e-01,2.902592472659987766e-01,3.977721173506812424e-01,4.673982961529770663e-01,4.680490304441520255e-01,3.994102707436416599e-01,2.921928576613282424e-01,1.854098085815475139e-01,1.037905245815185507e-01,5.236823728668639488e-02,2.442525939222823031e-02,1.083216622446734473e-02,4.706659488567580679e-03,2.065155165564503889e-03,9.412509904655076004e-04,4.559120599379698924e-04,2.375025576524877489e-04,1.323760645856007778e-04,7.700959732531142683e-05,4.498767072869512025e-05,2.532232253504063292e-05,1.326807628060431100e-05,6.323254724738434605e-06,2.709434195307281855e-06,1.042283132366078924e-06,3.623918545903649771e-07,1.153810135047831970e-07,3.424036941598779603e-08,9.666626186961115374e-09,2.651513341036038410e-09,7.204056455585436112e-10,1.968458757174288422e-10,5.458991832012388615e-11,1.539189881719622745e-11,4.385335579261572561e-12,1.245920219267729166e-12,3.466210242335469625e-13,9.256765862924618083e-14,2.330749205335926874e-14,5.461243240944355427e-15,1.186504895142609642e-15,2.425970806604639034e-16,5.104483034413382041e-17,1.358389225046072416e-17,5.700844661692708397e-18,4.110270510824930528e-18,4.218816809018447730e-18,7.719413898818962360e-18,4.351777013395166979e-18,4.286035938274995594e-18,7.183229970036572618e-18,5.571294623784317092e-18,6.508373587620188027e-18,4.943231318664398159e-18
9.964965180464976663e-18,1.282015934490673156e-17,1.339594056910493712e-17,1.216209071056089025e-17,1.295527614777443689e-17,1.179856066257721118e-17,1.091995714171631002e-17,1.193814935240664160e-17,1.265556920784724438e-17,1.393020129960875967e-17,2.132085099109965485e-17,5.669389910881973389e-17,2.500296904670651151e-16,1.193270415894890206e-15,5.480440103049060550e-15,2.337484585648686864e-14,9.283717481223715364e-14,3.475740938277699648e-13,1.248747116418131868e-12,4.391796724926692385e-12,1.539911137155999957e-11,5.455754385845599517e-11,1.965402457436201776e-10,7.187676258570691899e-10,2.644470313511273344e-09,9.641074878881178154e-09,3.416421764382341073e-08,1.152157102315266071e-07,3.622677131113064717e-07,1.043263541461829699e-06,2.715621379598835816e-06,6.345550540652797718e-06,1.332752959780068879e-05,2.544748213175978386e-05,4.519992994768908434e-05,7.729440680109181774e-05,1.326352607930639900e-04,2.374558167268592615e-04,4.548492830172108040e-04,9.374157858616695036e-04,2.054361410061371785e-03,4.679700268027870910e-03,1.077156023478459401e-02,2.430606298816042829e-02,5.217687214836540938e-02,1.035828388718431914e-01,1.854074975696915761e-01,2.928394063167336081e-01,4.012357026616817368e-01,4.713027369018833457e-01,4.717202174728658548e-01,4.022865158354781423e-01,2.940794011825704768e-01,1.864563201111092694e-01,1.042890538598321010e-01,5.257638929591559179e-02,2.450349984856708616e-02,1.085963046674667289e-02,4.716166517909036772e-03,2.068678345866825207e-03,9.427950297627283758e-04,4.567579984686577607e-04,2.380587895964319156e-04,1.327755679972662068e-04,7.729723826864295000e-05,4.518288664179440339e-05,2.544211692552345385e-05,1.333280316055618141e-05,6.353604256116957267e-06,2.721726262080715781e-06,1.046599445853564696e-06,3.637206984865876798e-07,1.157464592923084036e-07,3.433261991021608759e-08,9.688811638945590009e-09,2.656840788411278971e-09,7.217481501791382082e-10,1.972137744996643467e-10,5.470009563291194564e-11,1.542706908134382653e-11,4.396844284009093569e-12,1.249634163368929583e-12,3.477650377706907704e-13,9.290078568482544108e-14,2.339913826191565774e-14,5.489361407170312807e-15,1.198504345822872107e-15,2.514595513374901271e-16,5.733628366500743771e-17,2.109459899928008193e-17,1.235157359575929493e-17,1.260676058447900787e-17,1.089698132054432573e-17,1.501872878313301109e-17,1.179946934936170666e-17,9.818657361908283782e-18,1.365632878540740978e-17,1.338336544943730534e-17,1.277146549970983408e-17,1.210170081890435473e-17
1.459665236393102912e-17,2.037502067537032876e-17,1.830263050892128778e-17,1.783088315521358795e-17,1.871935840146442450e-17,1.692902916808681733e-17,1.535905295006444528e-17,1.637099523278332008e-17,1.808320146300019972e-17,1.938721314016808374e-17,2.683382147673609206e-17,6.275810028779438521e-17,2.559357458235765048e-16,1.201865846889080183e-15,5.501528400141099185e-15,2.343793659729616486e-14,9.305071037083855446e-14,3.482991431950772232e-13,1.251210601925441216e-12,4.400449818558619559e-12,1.543110189952383299e-11,5.468211059632708127e-11,1.970436855573050795e-10,7.208361344577053669e-10,2.652918140635534406e-09,9.674576764740653510e-09,3.429018620058023192e-08,1.156543514649249768e-07,3.636517165572494052e-07,1.047147306108743544e-06,2.725181248609572689e-06,6.366052435119318418e-06,1.336599268286414211e-05,2.551197474981787262e-05,4.530133598153509976e-05,7.745615309258870756e-05,1.329202408727154854e-04,2.380330846094282310e-04,4.561664187036979976e-04,9.406590239880390338e-04,2.062664514555862406e-03,4.701139809105341766e-03,1.082583445401394048e-02,2.443700197486475476e-02,5.246958720778772955e-02,1.041731209663555174e-01,1.864551420064979315e-01,2.944409360227997485e-01,4.033072104328050966e-01,4.735395817136860974e-01,4.737193112416770435e-01,4.037595602638555103e-01,2.949746420732844432e-01,1.869064661203290456e-01,1.044769319730278340e-01,5.264140329626976200e-02,2.452188238614573523e-02,1.086368364730301052e-02,4.716806365402888973e-03,2.068813495675882793e-03,9.429687783947898966e-04,4.569858067092377437e-04,2.382918511770289649e-04,1.329803881678307410e-04,7.745729911242981217e-05,4.529397424705924890e-05,2.550965070882795885e-05,1.336825206241980344e-05,6.369511900712049070e-06,2.727804759155030282e-06,1.048580985030588010e-06,3.642761234019755210e-07,1.158824007114603214e-07,3.436252992355674273e-08,9.695079488546196146e-09,2.658230073953216019e-09,7.221157387649230109e-10,1.973327947100862458e-10,5.474328936798906868e-11,1.544309806000254301e-11,4.402614741236606529e-12,1.251592713417067511e-12,3.483797759634704801e-13,9.308084957643963203e-14,2.344888319660464123e-14,5.505936139871565943e-15,1.206478148068199324e-15,2.579211832221339147e-16,6.219053359503999307e-17,2.700218524292351801e-17,1.733145227991052211e-17,1.953481237026887776e-17,1.605571313481568604e-17,2.045144059648016460e-17,1.767071273390709484e-17,1.410832215493168621e-17,1.846460830551617304e-17,1.935757915388803524e-17,1.749879896963346213e-17,1.759315448555729225e-17
1.566703814054258820e-17,2.212912676957626671e-17,1.941369999998858942e-17,1.913557234011490166e-17,2.004663163804804081e-17,1.808636509290417313e-17,1.637380689807788869e-17,1.737039640353116499e-17,1.933025340000792659e-17,2.063923998403165804e-17,2.808923276536089575e-17,6.419443099264426624e-17,2.574183541141117182e-16,1.204337826578412418e-15,5.507935737261945147e-15,2.345635638192038234e-14,9.310803141950110994e-14,3.484882108790616785e-13,1.251906339510339462e-12,4.403337252855028146e-12,1.544390777626250229e-11,5.473969457901502361e-11,1.972987555342792325e-10,7.219331632608932357e-10,2.657444698266328414e-09,9.692229104343165016e-09,3.435403225707723387e-08,1.158639557177731188e-07,3.642623258216190710e-07,1.048690831436087395e-06,2.728497275916131535e-06,6.372006836970388007e-06,1.337490372162640023e-05,2.552365020226984911e-05,4.531770948164770047e-05,7.748914117350507217e-05,1.330093807712676114e-04,2.382867327448555839e-04,4.568673921871635110e-04,9.425411188938316023e-04,2.067609243125509942e-03,4.713796781549844939e-03,1.085691361200874158e-02,2.450855893678880598e-02,5.262000089419922866e-02,1.044536979144367883e-01,1.869062396389042369e-01,2.950471506579581127e-01,4.039642646244776536e-01,4.740841959858739796e-01,4.740242320402139886e-01,4.038133475588817078e-01,2.948690962584192277e-01,1.867556760432126373e-01,1.043523509015903267e-01,5.256268914787327190e-02,2.448024779041574686e-02,1.084429021459031896e-02,4.708572047851927560e-03,2.065558704750906829e-03,9.417709094470171289e-04,4.565941716093245692e-04,2.382004538941104375e-04,1.329893306370050763e-04,7.748876367712684006e-05,4.532016723361239491e-05,2.552442653163484922e-05,1.337415064375260698e-05,6.370853156083476125e-06,2.727622296044392500e-06,1.048212670931453953e-06,3.640540767500837760e-07,1.157879002137823135e-07,3.432990624037230696e-08,9.685391915702886945e-09,2.655673365740385574e-09,7.215064795216423390e-10,1.972023486213318184e-10,5.471929225220450385e-11,1.543990639637575796e-11,4.402615536508840852e-12,1.251782753938389373e-12,3.484593333910642498e-13,9.310275161605142515e-14,2.345341074407498888e-14,5.507471930559851411e-15,1.207642741951041888e-15,2.592256987231448172e-16,6.326889883671505842e-17,2.835431034595864924e-17,1.845418855201222050e-17,2.113392454416757873e-17,1.723378662417611077e-17,2.167429671157347285e-17,1.902099028943789733e-17,1.508947804398995753e-17,1.954760144094794718e-17,2.071562594031116680e-17,1.856642785280335476e-17,1.884291810045201672e-17
1.260498253246534601e-17,1.711789805175333201e-17,1.621371858824899093e-17,1.539588771722040510e-17,1.624411741849684920e-17,1.474788300210123169e-17,1.346017208038456111e-17,1.448789568300046397e-17,1.575603654579467889e-17,1.705382918933225697e-17,2.450768717485123186e-17,6.024642739366414595e-17,2.538726219632240271e-16,1.200052626580720237e-15,5.498845563278561749e-15,2.342934758411079995e-14,9.300828682509986771e-14,3.481399109554888741e-13,1.250831449619447705e-12,4.400448942797282503e-12,1.543748493941865168e-11,5.473008669381700224e-11,1.973044602838348998e-10,7.220540337121007630e-10,2.658028647738138469e-09,9.693939663194376582e-09,3.435538831679112648e-08,1.158432117521753006e-07,3.640954683032218165e-07,1.047883406272802741e-06,2.725546266332880036e-06,6.363373651601794204e-06,1.335420943069900260e-05,2.548245599916825263e-05,4.524900692613477551e-05,7.739329662659420045e-05,1.329024108896482699e-04,2.382158317741919036e-04,4.569493165750456430e-04,9.430534294181109993e-04,2.069169975434752545e-03,4.717596555137648640e-03,1.086458948148080056e-02,2.452019424861668490e-02,5.262685434049928918e-02,1.044220055633020838e-01,1.867563646413773204e-01,2.946517723110196330e-01,4.031998004521648027e-01,4.729305906649404756e-01,4.726315817269794994e-01,4.024472201175837704e-01,2.937637840317294247e-01,1.860053784853721859e-01,1.039164197513516991e-01,5.234089092813525024e-02,2.437890348074619323e-02,1.080157742695837635e-02,4.691511090454780590e-03,2.058930447401100157e-03,9.392067500167580567e-04,4.555845818115228764e-04,2.377847873437046095e-04,1.328021757893293889e-04,7.739134155362550243e-05,4.526123812777166431e-05,2.548631293318206597e-05,1.335044331523276869e-05,6.357613128518480826e-06,2.721178507986670090e-06,1.045496614280633858e-06,3.630559237930099309e-07,1.154635202476424170e-07,3.423492974508448759e-08,9.659797881555778403e-09,2.649182295995273364e-09,7.199228507397937478e-10,1.968229041505333470e-10,5.462817433830365720e-11,1.541749691558451200e-11,4.396842695033499779e-12,1.250201690509440819e-12,3.480024358175396504e-13,9.296534159783441883e-14,2.341197094122004587e-14,5.493154660217809702e-15,1.201352531266688968e-15,2.547319472706357277e-16,6.001616340577304982e-17,2.444916335842362577e-17,1.521236858192442682e-17,1.655615957492742192e-17,1.385041009826011801e-17,1.814636461636527617e-17,1.515353896568040885e-17,1.227479086112134745e-17,1.642651434782073284e-17,1.681033922670483301e-17,1.548941010370432474e-17,1.524985464744729748e-17
7.024685701181818677e-18,8.072841590969986346e-18,1.016984379980880796e-17,8.542961967682414800e-18,9.284105602349805366e-18,8.407751257029937392e-18,8.054572713878341965e-18,9.004947383196762774e-18,9.195011419372867808e-18,1.042783817015613941e-17,1.773703101071892407e-17,5.305221884383143172e-17,2.470136788055287304e-16,1.190793573937073745e-15,5.476530380866701557e-15,2.335897579454420558e-14,9.275383169199661840e-14,3.472583330352251184e-13,1.247993807710201168e-12,4.391802911715992310e-12,1.541187135760715460e-11,5.465335627177614712e-11,1.970608602243858933e-10,7.211984719423868169e-10,2.654668087412479644e-09,9.679702866969640108e-09,3.429426056712752772e-08,1.155923074437982894e-07,3.631524899499111292e-07,1.044731525983706834e-06,2.716352139586472561e-06,6.340222700373892683e-06,1.330407406167410615e-05,2.538870707621232020e-05,4.509572599666910090e-05,7.716927371051172696e-05,1.326000392361591056e-04,2.378209318976183951e-04,4.564121041581052163e-04,9.421939535766341283e-04,2.067339421467551900e-03,4.712518833893571124e-03,1.084881614655000028e-02,2.447183370157090740e-02,5.249012057159889444e-02,1.040783941595119222e-01,1.860070915066461550e-01,2.932590425882836693e-01,4.010221945735992222e-01,4.700915349077728900e-01,4.695567083374493911e-01,3.996759325111418071e-01,2.916702129513661923e-01,1.846629777454221188e-01,1.031731475560360572e-01,5.197787769336384422e-02,2.421861949666745742e-02,1.073583386014918296e-02,4.665725030495985852e-03,2.048963429551779129e-03,9.352882370499911212e-04,4.539613169251513914e-04,2.370465190839652985e-04,1.324196821370664441e-04,7.716547200587760410e-05,4.511750143947802923e-05,2.539554624588437792e-05,1.329729208128557643e-05,6.329886775368701734e-06,2.708520075840061513e-06,1.040452092945386702e-06,3.612884321750921965e-07,1.149113171262536763e-07,3.407815358573405784e-08,9.618432674318291372e-09,2.638787863797250485e-09,7.173717223978528581e-10,1.961959820679001277e-10,5.447028299244139374e-11,1.537595509058526356e-11,4.385320132516551664e-12,1.246857863893166606e-12,3.470127760998723227e-13,9.267201635176161095e-14,2.332679899493772703e-14,5.465343624045714881e-15,1.189464745970437495e-15,2.462753260140015453e-16,5.400778665387622326e-17,1.727731494484685464e-17,9.055950629524359025e-18,8.229194788979071748e-18,7.556014759459757096e-18,1.141505333801513744e-17,8.045979986503841689e-18,7.048405234211658810e-18,1.046765308100778585e-17,9.488086347754716392e-18,9.658952493431092137e-18,8.527700180518673714e-18
1.692356955106615890e-18,4.578671494420590192e-19,3.874306485549247048e-18,1.949751309568710551e-18,2.713315823425164751e-18,1.831958274923401173e-18,2.731574694200210227e-18,3.234098495429175781e-18,3.241942948713085954e-18,3.930072474583172736e-18,1.068841620269986723e-17,4.624872792129598660e-17,2.398367508498392238e-16,1.179655135575781895e-15,5.444922851761654604e-15,2.324892989043104673e-14,9.234917787783282428e-14,3.458518460841274782e-13,1.243410948714176811e-12,4.377443970434476622e-12,1.536718582980030771e-11,5.450984908476189959e-11,1.965690694571712976e-10,7.193706087809741049e-10,2.647380562448055938e-09,9.649599829973804555e-09,3.417102870737797753e-08,1.151129271794699428e-07,3.614401369970422734e-07,1.039258802630376106e-06,2.700985593932642775e-06,6.302732735621301711e-06,1.322487711837855809e-05,2.524308157074247905e-05,4.485889927078333709e-05,7.681844765362573837e-05,1.321039436708526201e-04,2.371040568952503369e-04,4.552584657168207366e-04,9.399673436941191661e-04,2.062128685329023877e-03,4.698597855701920449e-03,1.080971050206199283e-02,2.436386935344507509e-02,5.221100455530107431e-02,1.034261220411975962e-01,1.846659669901722922e-01,2.908836450158536757e-01,3.974551083818911312e-01,4.655983146445016874e-01,4.648334169144993644e-01,3.955293786661929212e-01,2.886101722556930760e-01,1.827417280058401539e-01,1.021293794965828644e-01,5.147671605995696176e-02,2.400061822997279215e-02,1.064750595225696927e-02,4.631368334614246324e-03,2.035710259463269917e-03,9.300338156253822606e-04,4.517314140831733241e-04,2.359887822826887049e-04,1.318435806271276540e-04,7.681232022658058612e-05,4.488981045360649822e-05,2.525272783077627098e-05,1.321507449010374323e-05,6.287877661753447387e-06,2.689740114136969767e-06,1.033115305436487981e-06,3.587636893557311854e-07,1.141348175398957505e-07,3.386049734998970227e-08,9.561516609631940483e-09,2.624540163383887945e-09,7.138643002168219052e-10,1.953241436155899035e-10,5.424623938013593669e-11,1.531544720998578306e-11,4.368098350419894523e-12,1.241769392270545997e-12,3.454980666107715289e-13,9.222902772393060375e-14,2.320192702075176084e-14,5.428179495695649765e-15,1.175303273658298065e-15,2.371398485329282783e-16,4.797042420807738104e-17,1.027318606182716533e-17,2.600847335639106671e-18,1.986516617141829842e-18,1.248380727513541464e-18,4.328126785402189771e-18,1.195686683609345690e-18,1.851789807354994195e-18,4.149641771857206268e-18,2.082675376904240491e-18,3.713677838343227195e-18,1.769918013084977382e-18
1.680420638489857433e-18,4.460133765807849586e-18,6.144753152667534989e-19,1.841813806126503465e-18,1.743176231906452601e-18,3.045579902079783152e-18,1.043630365159821848e-18,8.667073608977453919e-19,2.937703669959101347e-18,1.137390132460790117e-18,5.919592918810253849e-18,4.265861170219247196e-17,2.348381160309244813e-16,1.169179609213679887e-15,5.407241616969760817e-15,2.310252052528106212e-14,9.179920167240179521e-14,3.439310285762969664e-13,1.237108154645077874e-12,4.357441329319965711e-12,1.530362555815011581e-11,5.430018236592070598e-11,1.958312446611777726e-10,7.165789430813381037e-10,2.636202900118370528e-09,9.603797534006974375e-09,3.398644177164821504e-08,1.144082318620179315e-07,3.589704706745579828e-07,1.031505652260486514e-06,2.679563143567408697e-06,6.251188989392786270e-06,1.311720823211989303e-05,2.504661202494467089e-05,4.454008169471239338e-05,7.634289945691019304e-05,1.314167553134404853e-04,2.360686860085918959e-04,4.534938870391696185e-04,9.363848634374353315e-04,2.053567150470282567e-03,4.675921997500541785e-03,1.074755076489993140e-02,2.419715405601716510e-02,5.179192493140560849e-02,1.024713025758302171e-01,1.827463798397956918e-01,2.875504401734297333e-01,3.925370486021387828e-01,4.595001435811094104e-01,4.585133343688462260e-01,3.900520401573923102e-01,2.846153440778882993e-01,1.802605082735476982e-01,1.007946880045497567e-01,5.084162518946439696e-02,2.372655810267709081e-02,1.053719264697131064e-02,4.588646746744985336e-03,2.019240946762056611e-03,9.234682809869651293e-04,4.489046121764767982e-04,2.346161512843612774e-04,1.310765600367306573e-04,7.633376599567226256e-05,4.457954771758645599e-05,2.505881669779041939e-05,1.310437873253872543e-05,6.231895256135670268e-06,2.664976939295679924e-06,1.023538905158156738e-06,3.554989544432251744e-07,1.131389781134840096e-07,3.358323734603178869e-08,9.489352904813767449e-09,2.606507942420081339e-09,7.094160335378082729e-10,1.942109693924686930e-10,5.395693221701058160e-11,1.523621709469585076e-11,4.345252125718897403e-12,1.234962150664266674e-12,3.434683737170626312e-13,9.164262007972422343e-14,2.304114142924422083e-14,5.385221659637943676e-15,1.161856583788741683e-15,2.302700613533627004e-16,4.413921927725026041e-17,6.196005707578501661e-18,1.755438769639916233e-18,5.147598454798492981e-18,2.656253723569699281e-18,1.635844490691427676e-18,2.863578625942185495e-18,1.491640099906357023e-18,1.158681621854229132e-18,2.682165549558726282e-18,1.839645181319609159e-18,2.638371021294962000e-18
2.570736508737002011e-18,3.661600506105679770e-18,2.025493099423904381e-18,1.921688010361059783e-18,1.825226833304413941e-18,4.603883763601818270e-18,1.358930228188829139e-18,2.222946997440558998e-18,3.254480900104715411e-18,1.417785046776668212e-18,4.463182595680934897e-18,4.266930006805184547e-17,2.326497258065205367e-16,1.159963905871690616e-15,5.364286933680767400e-15,2.292122179639523010e-14,9.110774281307026904e-14,3.415069756005572540e-13,1.229116834110813747e-12,4.331886379413406366e-12,1.522146343883867107e-11,5.402523839891967386e-11,1.948505664653602401e-10,7.128362694757147519e-10,2.621190873961183152e-09,9.542547170785915780e-09,3.374161001608747185e-08,1.134828218740201022e-07,3.557607164749244986e-07,1.021528765437697641e-06,2.652245549196176374e-06,6.185979305716402191e-06,1.298185929788198514e-05,2.480067218702248068e-05,4.414133206567910200e-05,7.574539346001255078e-05,1.305420333623628242e-04,2.347197239242897768e-04,4.511265829490350085e-04,9.314642873311187619e-04,2.041702188063704206e-03,4.644632792655214136e-03,1.066277302471933981e-02,2.397298977021830937e-02,5.123647781859488881e-02,1.012228055871814136e-01,1.802673315406153054e-01,2.832940204120247274e-01,3.863206568835959032e-01,4.518632425242973816e-01,4.506649454656765919e-01,3.833021702114640106e-01,2.797267414225702575e-01,1.772435035721875718e-01,9.918122125210535045e-02,5.007791513619310603e-02,2.339851150871802288e-02,1.040563822944128893e-02,4.537815092851305368e-03,1.999642236885062607e-03,9.156225663515389591e-04,4.454932744298964898e-04,2.329346053851290602e-04,1.301222436478241778e-04,7.573238491369520904e-05,4.418860938929658347e-05,2.481511764903500001e-05,1.296599598584607429e-05,6.162350818558739107e-06,2.634412242273256505e-06,1.011791324319607840e-06,3.515164471310506507e-07,1.119301287014124308e-07,3.324799314281428331e-08,9.402324758842744919e-09,2.584777997422079239e-09,7.040464893148796356e-10,1.928610309297559007e-10,5.360351003148828242e-11,1.513858275868274997e-11,4.316878449224449102e-12,1.226468076866998768e-12,3.409347047719344529e-13,9.091685504990104102e-14,2.284635498617085660e-14,5.337634418656778840e-15,1.150294476581080173e-15,2.268063370400787590e-16,4.304562970946404697e-17,5.649098134406260144e-18,3.005009962722532697e-18,5.190844299744755667e-18,3.323458107142106084e-18,3.227977586253976159e-18,3.041431983710241889e-18,2.134216702183492904e-18,2.699862547497290825e-18,3.407444338289955036e-18,2.484800587949998909e-18,3.385701975523222105e-18
2.729615765496866372e-18,9.412453718422951868e-19,1.471021607445328582e-18,5.475646341343865446e-19,2.041484055902015594e-18,3.879585619217821391e-18,1.205504265316484340e-18,1.988833617978687002e-18,2.067262976392760524e-18,1.286069347694787866e-18,5.450411284938199783e-18,4.437995112972519646e-17,2.319535825183144395e-16,1.150605242609446605e-15,5.314487581487759072e-15,2.270466026650282418e-14,9.027742276899691274e-14,3.385909199223322239e-13,1.219474024023919359e-12,4.300891604877818619e-12,1.512104577024539054e-11,5.368615777053313447e-11,1.936312144568719607e-10,7.081595719682142397e-10,2.602418702150206158e-09,9.466181673088562410e-09,3.343799300172523320e-08,1.123426836438123695e-07,3.518330507676905181e-07,1.009400371265100767e-06,2.619235673042994513e-06,6.107588934213988121e-06,1.281981402781962022e-05,2.450695966347933092e-05,4.366518885696753628e-05,7.502934803817693508e-05,1.294842316907219421e-04,2.330634592481699708e-04,4.481674294168397810e-04,9.252297440828133367e-04,2.026598692793404790e-03,4.604923376512616573e-03,1.055596589640395849e-02,2.369310990129068137e-02,5.054938348185932656e-02,9.969211556135032515e-02,1.772531137163604609e-01,2.781580955957922985e-01,3.788717471651588675e-01,4.427696116928733217e-01,4.413723257177010195e-01,3.753507348781638386e-01,2.739939872163068002e-01,1.737198001324229135e-01,9.730351249029095539e-02,4.919190986331589688e-02,2.301893744692315447e-02,1.025372348039429483e-02,4.479174577019772938e-03,1.977016790343122388e-03,9.065334792064094196e-04,4.415122902438041669e-04,2.309514812498326194e-04,1.289851575121673979e-04,7.501142250070693676e-05,4.371938371777904026e-05,2.452326516780704607e-05,1.280091015219952380e-05,6.079751963157306012e-06,2.598268701576355560e-06,9.979559004004112419e-07,3.468430775702190256e-07,1.105159003853764888e-07,3.285671058214730965e-08,9.300891680973684806e-09,2.559454415310274422e-09,6.977791946331592282e-10,1.912798561163544094e-10,5.318737279670905041e-11,1.502293398897080101e-11,4.283095625490719743e-12,1.216324680959311938e-12,3.379086120720013604e-13,9.005344233550418763e-14,2.261734227718989563e-14,5.284012485492840845e-15,1.139646605467343200e-15,2.257923480052023385e-16,4.349003650805392817e-17,7.306483555177523081e-18,1.965526302997812578e-18,2.815190275540010055e-18,1.752704646933845463e-18,2.680763596401037200e-18,1.006219398326742601e-18,1.437792894933462534e-18,2.536801065348238743e-18,1.291992643062219275e-18,1.114603773805155019e-18,1.770374212814950912e-18
2.587681193955200202e-18,2.541915515541435430e-18,5.096553208198521405e-19,1.980404070169601460e-18,3.718333771875225160e-18,2.524921595401371054e-18,2.438105407540108306e-18,2.085138535663334814e-18,1.637507534743750148e-18,2.293485652300172185e-18,6.964801067187210497e-18,4.524505030641928082e-17,2.306297761197829309e-16,1.138920521010521433e-15,5.255507821905235240e-15,2.245190362081914644e-14,8.931066900704941209e-14,3.351952072845067233e-13,1.208223046609560970e-12,4.264590730968261319e-12,1.500279039822558284e-11,5.328433223248816708e-11,1.921783360594996424e-10,7.025698847588454073e-10,2.579978387007069549e-09,9.375112470908217371e-09,3.307738406273459094e-08,1.109951207331588644e-07,3.472143286700768327e-07,9.952073090279094792e-07,2.580775800658821608e-06,6.016594088799068718e-06,1.263223512757036826e-05,2.416747475140324343e-05,4.311464081531400107e-05,7.419879990292815245e-05,1.282486576954660370e-04,2.311075119969964572e-04,4.446298745866598089e-04,9.177115057686364812e-04,2.008338452779315046e-03,4.557036385182133137e-03,1.042786336990996973e-02,2.335965600190164845e-02,4.973641700402268995e-02,9.789314989776008724e-02,1.737329000568835213e-01,2.721947255094203655e-01,3.702681160256642290e-01,4.323155285941345793e-01,4.307336047436269300e-01,3.662801389375168193e-01,2.674744526130258260e-01,1.697229043228385970e-01,9.517825455187525763e-02,4.819085654405261265e-02,2.259064937137383530e-02,1.008245530249126352e-02,4.413069611227849083e-03,1.951482218335090068e-03,8.962433894553487393e-04,4.369789574694507594e-04,2.286754145438024308e-04,1.276706907349247993e-04,7.417476156367021106e-05,4.317472403127618758e-05,2.418520335488592892e-05,1.261028519180840269e-05,5.984696002179642306e-06,2.556807083223291215e-06,9.821298217086342816e-07,3.415101220489570862e-07,1.089051393917831215e-07,3.241164152792722141e-08,9.185585120552573291e-09,2.530657671059777791e-09,6.906414496979877272e-10,1.894738888025902275e-10,5.271016286121463047e-11,1.488973076668544892e-11,4.244043519937950479e-12,1.204575770568605937e-12,3.344029091622202902e-13,8.905349183787224560e-14,2.235287069377044881e-14,5.221801346114315257e-15,1.127730617640816772e-15,2.251186740500689719e-16,4.361820360554276529e-17,8.927402155557919119e-18,1.745171607879030095e-18,1.567505355819561045e-18,3.415772461834443426e-19,1.285730595087864245e-18,1.496867234341946411e-18,1.399320337889740668e-18,1.812500791695666662e-18,1.424237510066188791e-18,1.161567666533508612e-18,1.084808419317147888e-18
1.783203868116759996e-18,2.309339792280476594e-18,1.153207806793674393e-18,1.935921138579265702e-18,3.711828039473314685e-18,1.631177983324719210e-18,2.698018124947690609e-18,2.167789535155055702e-18,1.428307923250306090e-18,2.310337743296578199e-18,7.649855476136286416e-18,4.392586798438146161e-17,2.272548637481915924e-16,1.123531678067555474e-15,5.186158818123665209e-15,2.216302293763311952e-14,8.821114511441389855e-14,3.313348092781309225e-13,1.195414591804656465e-12,4.223139345476594067e-12,1.486718469112818698e-11,5.282139612987729162e-11,1.904980086939703886e-10,6.960921216620573712e-10,2.553978903910180327e-09,9.269825519267910343e-09,3.266189140455997544e-08,1.094486706206990703e-07,3.419357581100527883e-07,9.790499250882492010e-07,2.537144481835428724e-06,5.913654398306188629e-06,1.242044934457856583e-05,2.378449584687443558e-05,4.249309284581770526e-05,7.325836257404688559e-05,1.268414239774361813e-04,2.288607707656067762e-04,4.405298298028037236e-04,9.089457256144953343e-04,1.987019362675694189e-03,4.501261341108273029e-03,1.027933598425394279e-02,2.297514929781099835e-02,4.880432443327503006e-02,9.584204134777418727e-02,1.697402626170096129e-01,2.654634182502459971e-01,3.605981567971977553e-01,4.206098108233560229e-01,4.188592002633066413e-01,3.561827692839480419e-01,2.602322760016886338e-01,1.652901967514242842e-01,9.282404456072780585e-02,4.708282303012722297e-02,2.211677887045120083e-02,9.892954997667575967e-03,4.339884227930750245e-03,1.923169988150460509e-03,8.847998733547955165e-04,4.319128465116217120e-04,2.261162714811441529e-04,1.261850483124854266e-04,7.322688333869966499e-05,4.255791669998978776e-05,2.380316228469422332e-05,1.239545029508372239e-05,5.877862201512510496e-06,2.510322883697015813e-06,9.644229117943960180e-07,3.355528502699077623e-07,1.071078083686277463e-07,3.191532066525697124e-08,9.057003459354140437e-09,2.498523592287962796e-09,6.826641127831851441e-10,1.874504421759698470e-10,5.217375436357176879e-11,1.473950154193516395e-11,4.199884080306304663e-12,1.191272595094842311e-12,3.304329038776820491e-13,8.791983978773427598e-14,2.205237951631286935e-14,5.149237470413584480e-15,1.112655138770293158e-15,2.229757055824964806e-16,4.228994049930847221e-17,9.023725679982226893e-18,2.923935374608155460e-18,1.385481331558301920e-18,1.654692657337264604e-18,3.233208109056405086e-19,2.268148996432996176e-18,1.402937077838766839e-18,1.488707840257468945e-18,2.771570919457801020e-18,2.739403799306591026e-18,1.712620360581196052e-18
2.141552251962222590e-18,1.205034574425201175e-18,1.922538272721680624e-18,4.142177857382885568e-19,1.792616645961326715e-18,8.315909706618803792e-19,1.556385720610679482e-18,1.056317499373983447e-18,7.117905375966644615e-19,1.136332485721849302e-18,7.325178931037714547e-18,4.105051514439119196e-17,2.219359821336638147e-16,1.104735186890902706e-15,5.107260143078566029e-15,2.183981957232069708e-14,8.698458453941968578e-14,3.270283010608235918e-13,1.181107268183166651e-12,4.176714911557760796e-12,1.471478258987091321e-11,5.229921523049466177e-11,1.885971945328184355e-10,6.887548757116025199e-10,2.524545249425783284e-09,9.150876654124984185e-09,3.219391612655434229e-08,1.077130085834911484e-07,3.360325259252036323e-07,9.610408157212391578e-07,2.488652951502038649e-06,5.799504395636807919e-06,1.218593067472919687e-05,2.336055188271985195e-05,4.180432777281529300e-05,7.221317967246465856e-05,1.252693935198283866e-04,2.263333203459744138e-04,4.358855419496099771e-04,8.989741277472806111e-04,1.962754491132632107e-03,4.437931566788489400e-03,1.011138048049137553e-02,2.254245758553974702e-02,4.776072616562087453e-02,9.355688953577184774e-02,1.653126239949759824e-01,2.580301169631741276e-01,3.499593127414421523e-01,4.077718885717018793e-01,4.058698681358916538e-01,3.451593925952525233e-01,2.523372867286896581e-01,1.604623342976247702e-01,9.026110446650702224e-02,4.587658558363697653e-02,2.160073585555798495e-02,9.686445394864202224e-03,4.260038130434204082e-03,1.892224213452091365e-03,8.722553176987738128e-04,4.263356478550347725e-04,2.232850711086111742e-04,1.245351971579126082e-04,7.217282300695239644e-05,4.187264462262761737e-05,2.337963121545494309e-05,1.215788317648208377e-05,5.760003097013261597e-06,2.459142579912209877e-06,9.449562752058481170e-07,3.290101107949645429e-07,1.051348766532307451e-07,3.137053970374222860e-08,8.915806435924064956e-09,2.463202202971228016e-09,6.738813587067044696e-10,1.852176454229358821e-10,5.158024030382977284e-11,1.457284024634872872e-11,4.150801050190535323e-12,1.176474397679174599e-12,3.260172772097273807e-13,8.665834230881635239e-14,2.171709533510094369e-14,5.066504926425613346e-15,1.093934692129884757e-15,2.188540076922536755e-16,3.978345879857177054e-17,7.730293629084357987e-18,3.072800167518282441e-18,4.791242477426070377e-19,2.015797243884652702e-18,1.239555527186114607e-18,1.859914214512400379e-18,8.143818040466740030e-19,1.216466258363997461e-18,2.151013080232002169e-18,2.929561864200751631e-18,9.304033249040672621e-19
3.096765210074791992e-18,3.258417751185146926e-18,2.481377508273386697e-18,1.547414914205660340e-18,7.333095764100953063e-19,7.905648762894676470e-19,2.680776046423693213e-19,1.028750841100591331e-18,1.747945510730375973e-18,3.837794260724697878e-19,6.761173694039329811e-18,3.845007796561168883e-17,2.160214234549891428e-16,1.084148648237547991e-15,5.020975735372338177e-15,2.148532289723584528e-14,8.563851243319118183e-14,3.222976933893497391e-13,1.165367083356019250e-12,4.125515483353746067e-12,1.454620038056743986e-11,5.171987257657524764e-11,1.864836878594075443e-10,6.805901910769502207e-10,2.491817360447333909e-09,9.018886341947102820e-09,3.167612750853407978e-08,1.057988402759298717e-07,3.295433826070354898e-07,9.413034391162714443e-07,2.435641198472150745e-06,5.674944207900961451e-06,1.193028204326076854e-05,2.289839229454987876e-05,4.105246462445133894e-05,7.106887375172276646e-05,1.235401191097674318e-04,2.235363606804595751e-04,4.307174486274559341e-04,8.878436528688718422e-04,1.935671015742240764e-03,4.367420674907983996e-03,9.925108113004017796e-03,2.206475813226991753e-02,4.661400955936451096e-02,9.105748706453911656e-02,1.604906582016777661e-01,2.499660995877473202e-01,3.384564079323448826e-01,3.939297355427006653e-01,3.918946175532824205e-01,3.333174469428322184e-01,2.438638593414655664e-01,1.552826137729739764e-01,8.751098343738844543e-02,4.458150912575885305e-02,2.104616599327596010e-02,9.464237043687212178e-03,4.173982440709158095e-03,1.858800345903595342e-03,8.586664891517719386e-04,4.202710047882158868e-04,2.201938992480111622e-04,1.227288060331922120e-04,7.101812026243360069e-05,4.112294685443645373e-05,2.291732913808946487e-05,1.189919180351389357e-05,5.631935036372458026e-06,2.403619556556397259e-06,9.238608292388384675e-07,3.219238818521875230e-07,1.029982013181336452e-07,3.078031937413387786e-08,8.762709078902667849e-09,2.424856460429270123e-09,6.643304131301758114e-10,1.827843838290329717e-10,5.093191713141958040e-11,1.439040161386853506e-11,4.096998334209377236e-12,1.160247840021233171e-12,3.211780263060714074e-13,8.527738447622706886e-14,2.134995275326994131e-14,4.975474606347206721e-15,1.072588102246862313e-15,2.135476826092188151e-16,3.741036807561117099e-17,6.256891330164076233e-18,2.215999289768018182e-18,2.071520044735055063e-18,1.872388291706471420e-18,2.501063405220490995e-18,1.480662773426278479e-18,7.744650295710445500e-19,8.365896721987211405e-19,4.909027135419648546e-19,1.958985542084645271e-18,1.025693210455098161e-18
2.615239737963947810e-18,3.964103762040394453e-18,2.562621941817999379e-18,2.036743661513874717e-18,1.923552865292854329e-18,1.397738789250777787e-18,1.099408328776558378e-18,2.963073243365428272e-18,2.410055393433556604e-18,7.169075839477520137e-19,6.847422570962502781e-18,3.757315036372448509e-17,2.110109477944657060e-16,1.063502168440578213e-15,4.929295250893350972e-15,2.110259242160180728e-14,8.418113895242020557e-14,3.171673121268714819e-13,1.148266041920904395e-12,4.069757234728571988e-12,1.436211146897205954e-11,5.108565206022274765e-11,1.841660560308230440e-10,6.716333100695092756e-10,2.455948918275182560e-09,8.874533896730569004e-09,3.111143593849407215e-08,1.037177847667432501e-07,3.225101929097260932e-07,9.199706217254344073e-07,2.378473755167672665e-06,5.540829621746885006e-06,1.165521579755195488e-05,2.240095504742823911e-05,4.024191413290883763e-05,6.983149143839723571e-05,1.216617778107994104e-04,2.204821181224841595e-04,4.250480178725181630e-04,8.756060643167406458e-04,1.905909040275943506e-03,4.290138689069391588e-03,9.721731818745991960e-03,2.154549727307503854e-02,4.537321296244194169e-02,8.836502615346657208e-02,1.553176539415230817e-01,2.413468178109337281e-01,3.261998965683543528e-01,3.792177092833935448e-01,3.770685425901203480e-01,3.207692685645687769e-01,2.348897251437229716e-01,1.497963114348123403e-01,8.459624838626075838e-02,4.320742235333901310e-02,2.045690614957013445e-02,9.227713700864182897e-03,4.082195207788695372e-03,1.823063785677501124e-03,8.440940739874441953e-04,4.137443332478238822e-04,2.168558151088220828e-04,1.207741801797884945e-04,6.976876567503002510e-05,4.031317504861100110e-05,2.241917318722015979e-05,1.162109489727577701e-05,5.494528122430126531e-06,2.344129785724398751e-06,9.012757478926752766e-07,3.143387951558026223e-07,1.007104008993302321e-07,3.014787963460489020e-08,8.598475232599237145e-09,2.383660901792993278e-09,6.540512659913516457e-10,1.801602333677386252e-10,5.023126753538197423e-11,1.419289532575426105e-11,4.038697342950674562e-12,1.142665546210223832e-12,3.159395201963057016e-13,8.378614100187605890e-14,2.095453358132710334e-14,4.878420013084130690e-15,1.050290813436700149e-15,2.083241900818681926e-16,3.640463177505896700e-17,5.748190580173420598e-18,1.099040941466146722e-18,2.459028789120299844e-18,1.906110296194367466e-18,2.994749060651563282e-18,1.049383724048122325e-18,7.660083542500984385e-19,4.649978637406528260e-19,1.219444893923903644e-18,6.537839924532020580e-19,2.138289438629539107e-18
1.202331557712916280e-18,3.229750620863452976e-18,2.140559309369473986e-18,9.389791992786778721e-19,1.506892765715502570e-18,1.234646692815180491e-18,7.372772258529192072e-19,3.735811236540047791e-18,2.209655058958566853e-18,5.591335840505580375e-19,7.784470427140087479e-18,3.836552947776537141e-17,2.074926124607745011e-16,1.043487487585538535e-15,4.832881699125163750e-15,2.069379580926973676e-14,8.262024684010027251e-14,3.116624912160801030e-13,1.129880568027688313e-12,4.009671567290172142e-12,1.416324083684340420e-11,5.039902100607027020e-11,1.816535756440959098e-10,6.619223985238236793e-10,2.417106053451947659e-09,8.718551244967400306e-09,3.050296388826475422e-08,1.014822499171918376e-07,3.149774599829208278e-07,8.971829854858251365e-07,2.317535284880830334e-06,5.398061705401138216e-06,1.136253336260739351e-05,2.187133327613525690e-05,3.937733217079868549e-05,6.850744568866887273e-05,1.196431013423622291e-04,2.171837500528560577e-04,4.189015742850549012e-04,8.623175194096594116e-04,1.873620310426855114e-03,4.206527854082888450e-03,9.502552459894885242e-03,2.098834744820873149e-02,4.404790345869114693e-02,8.550179203490841651e-02,1.498388545235685987e-01,2.322507021282179673e-01,3.133040722206814066e-01,3.637743526028572316e-01,3.615306217616376938e-01,3.076302952899444554e-01,2.254947680191027870e-01,1.440500126883325349e-01,8.154016897504247352e-02,4.176449011130786704e-02,1.983693863116894884e-02,8.978317342746892915e-03,3.985176742119425804e-03,1.785188429135731343e-03,8.286021937628469192e-04,4.067826308255737531e-04,2.132847516550671267e-04,1.186801914967925396e-04,6.843114364154758615e-05,3.944794742175148137e-05,2.188824546357633920e-05,1.132540155535939761e-05,5.348695740661670305e-06,2.281067336474027750e-06,8.773468451776253979e-07,3.063016406717308528e-07,9.828472378640120129e-08,2.947660852129626361e-08,8.423910762528377004e-09,2.339800217682964817e-09,6.430863681206548094e-10,1.773553913629764209e-10,4.948094246285535566e-11,1.398107999720250065e-11,3.976134218216099499e-12,1.123804533681067370e-12,3.103272588741753946e-13,8.219290963807666989e-14,2.053384852051973315e-14,4.776740329672775301e-15,1.028237577362511960e-15,2.039390128712999879e-16,3.693355817295869732e-17,6.450931230362018671e-18,3.356239182727486410e-19,1.014783825737877827e-18,2.551831448069858035e-18,2.125776625375659892e-18,4.628856966507020621e-19,4.008010156280717402e-19,4.206681113767057021e-19,1.540484163777416963e-18,5.457907711886451266e-19,2.074006927326402452e-18
2.100404657937833484e-18,3.320474773823474319e-18,1.623888482264565193e-18,8.949171792156207582e-19,1.486512913591792140e-18,3.027236764087540281e-19,5.624698450219393420e-19,2.919266476228815351e-18,2.152208502076110193e-18,1.401989829205978944e-18,8.942988302433680839e-18,3.946641085679302989e-17,2.048470640885328060e-16,1.023442910306431431e-15,4.731098608665441563e-15,2.026020264656455184e-14,8.096282027389662103e-14,3.058088316439263575e-13,1.110290443447994421e-12,3.945502668786887314e-12,1.395035976682783300e-11,4.966261275816021160e-11,1.789561653563810455e-10,6.514982530481331927e-10,2.375465968382556988e-09,8.551716323948112861e-09,2.985401536445563760e-08,9.910530206478888510e-08,3.069918309533512976e-07,8.730873231563484336e-07,2.253226044704978650e-06,5.247576171828673101e-06,1.105410441481671922e-05,2.131274109966785858e-05,3.846357185685454787e-05,6.710345598868498675e-05,1.174933032551518875e-04,2.136552439580903691e-04,4.123041135588358932e-04,8.480381113295025431e-04,1.838966845380421086e-03,4.117058198373579544e-03,9.268944366345670260e-03,2.039716245276204307e-02,4.264805070410887522e-02,8.249084943780829460e-02,1.441007887047852931e-01,2.227579598126704641e-01,2.998852780282019181e-01,3.477402068126553836e-01,3.454215360948968971e-01,2.940172871158200918e-01,2.157598308523846209e-01,1.380909460180710091e-01,7.836640334123790019e-02,4.026308538594432912e-02,1.919034500755752159e-02,8.717532938530303879e-03,3.883444842205207269e-03,1.745355172406930612e-03,8.122579026401949417e-04,3.994142770677333479e-04,2.094954108655800286e-04,1.164562051583691455e-04,6.701197275073880440e-05,3.853210097690991506e-05,2.132775883006131514e-05,1.101399035397066331e-05,5.195383855889459808e-06,2.214839792773498932e-06,8.522249252197231678e-07,2.978608603653630473e-07,9.573491328717621611e-08,2.877003008694251086e-08,8.239856530872435425e-09,2.293467771321485687e-09,6.314803152140095455e-10,1.743806046560836886e-10,4.868374304072697662e-11,1.375575776288985356e-11,3.909557745329155911e-12,1.103745231676631821e-12,3.043670391960562988e-13,8.050461629682985485e-14,2.008977663753491562e-14,4.670561095587587492e-15,1.006474749836741386e-15,2.001871884761816399e-16,3.798112127741370349e-17,7.374486500143341549e-18,6.857961744701433745e-19,1.335428271154608369e-18,3.020483620195337820e-18,4.773192525268863347e-19,1.813334783935503261e-18,1.186629398948040234e-18,9.329258126346942199e-19,1.086405286281986968e-18,9.075453735903380931e-19,1.028369997309840506e-18
2.751138455576137081e-18,3.556888952493183031e-18,1.406095519326526778e-18,1.947584195332489629e-18,2.523713573486605194e-18,1.030949552587839864e-18,1.770861737781512687e-18,9.110279943151603714e-19,2.323806910457930112e-18,1.781113394681494027e-18,9.438905184639868818e-18,3.941984628802939239e-17,2.018485992900233826e-16,1.001993394806850679e-15,4.623050240399655087e-15,1.980295670954770269e-14,7.921556933797414999e-14,2.996322657923368626e-13,1.089578475378950721e-12,3.877505937805340901e-12,1.372428094578711896e-11,4.887920940673772147e-11,1.760843161192730963e-10,6.404039936015186114e-10,2.331215495191049803e-09,8.374846201698717455e-09,2.916804427377094262e-08,9.660053201613578139e-08,2.986015919687303411e-07,8.478349490944887438e-07,2.185957301993891438e-06,5.090332665942089956e-06,1.073184592600529422e-05,2.072847916564573848e-05,3.750563506110483951e-05,6.562648733065263684e-05,1.152220038086474645e-04,2.099113121177561365e-04,4.052831075013213101e-04,8.328313870558612343e-04,1.802119503332273460e-03,4.022222913409537887e-03,9.022340410540442140e-03,1.977593168229400955e-02,4.118389922881589976e-02,7.935572842096742796e-02,1.381506064477987794e-01,2.129493917104203216e-01,2.860601571409243093e-01,3.312556850768125227e-01,3.288815535808109480e-01,2.800466022649077402e-01,2.057655575077542986e-01,1.319663345159117485e-01,7.509869052989337490e-02,3.871366320403364647e-02,1.852126027777294126e-02,8.446873215439396065e-03,3.777529979595981545e-03,1.703750389695645297e-03,7.951306721598396269e-04,3.916688272528575428e-04,2.055031550640596023e-04,1.141120035888328928e-04,6.551824440498998535e-05,3.757064272466896574e-05,2.074102224382058903e-05,1.068878828369672865e-05,5.035560261253943298e-06,2.145863657328951443e-06,8.260641262887017684e-07,2.890660388987288583e-07,9.307507137114940027e-08,2.803177187173897490e-08,8.047181232065432164e-09,2.244864080881051596e-09,6.192795229077590433e-10,1.712470960548543084e-10,4.784260237997081293e-11,1.351776947189208025e-11,3.839228126864231767e-12,1.082571247214128010e-12,2.980848805468291484e-13,7.872762090042646941e-14,1.962342342088952730e-14,4.559328105484079190e-15,9.840648657831465663e-16,1.962265396366104276e-16,3.816148069326746067e-17,7.248525458205818231e-18,1.327588398647457311e-18,2.916764974344695202e-18,2.431170114060974411e-18,1.898472806641775467e-18,2.594966830655970180e-18,1.527142591633572571e-18,1.202642748499769508e-18,1.417178585835980863e-18,7.927283735712620081e-19,4.357484358350702177e-19
1.690899562050334179e-18,2.408106791618605863e-18,1.396411519343100421e-18,1.609663637348868510e-18,2.319877891257047848e-18,2.185281270524166013e-18,2.037694418428076465e-18,1.348748627451692588e-18,1.869814661729706029e-18,1.301581875086664402e-18,8.852155872340106188e-18,3.784281581543933684e-17,1.976220545396454960e-16,9.780937447301894544e-16,4.508708684552763289e-15,1.932390383265996245e-14,7.738585150329560009e-14,2.931595747843376382e-13,1.067830557989933446e-12,3.805947034553955314e-12,1.348585357794926722e-11,4.805172404855656000e-11,1.730490189364610731e-10,6.286847447526867355e-10,2.284549606118440970e-09,8.188790007988808415e-09,2.844862214535379598e-08,9.398191935056972960e-08,2.898561606335864378e-07,8.215800522749274714e-07,2.116146780171068706e-06,4.927304153149154409e-06,1.039770141835088197e-05,2.012190046328839871e-05,3.650862402178333305e-05,6.408368878523403825e-05,1.128391534590853591e-04,2.059672830709593746e-04,3.978673016994643927e-04,8.167638470465983080e-04,1.763256499547297129e-03,3.922533616139530638e-03,8.764216848246198996e-03,1.912873415133137939e-02,3.966584152679182573e-02,7.612011558942745337e-02,1.320354328791823739e-01,2.029052521825473465e-01,2.719439799024035986e-01,3.144590503536901505e-01,3.120485239010430956e-01,2.658325638430291682e-01,1.955912932897563572e-01,1.257227773561730710e-01,7.176055520708166102e-02,3.712663859037654279e-02,1.783382811052080727e-02,8.167863639123001951e-03,3.667970506784459014e-03,1.660564404953872742e-03,7.772918692702024185e-04,3.835768018569153952e-04,2.013238955145481735e-04,1.116577087244630329e-04,6.395716054168585924e-05,3.656870063403654586e-05,2.013140617433140992e-05,1.035174986296420403e-05,4.870203956313743470e-06,2.074559816069343554e-06,7.990202849666752809e-07,2.799673990090520555e-07,9.031952304827356664e-08,2.726553234296783297e-08,7.846774177414442055e-09,2.194195282076313704e-09,6.065318961304027301e-10,1.679664892241888988e-10,4.696056678888835628e-11,1.326798988213130523e-11,3.765416118434688995e-12,1.060369465726908256e-12,2.915075223841316563e-13,7.686900889413516951e-14,1.913599873237596737e-14,4.442774912352937111e-15,9.598684259653606866e-16,1.913302303629759088e-16,3.676198181525548909e-17,5.826763087658698369e-18,1.766192635487057389e-18,2.712108595752908970e-18,8.037305085698101312e-19,2.786062362716757223e-18,2.236049205304802915e-18,9.563611293366968436e-19,1.230403019411868433e-18,1.758294919992906788e-18,3.603700493267453972e-19,7.223790937077684518e-19
6.014939711284363753e-19,2.146288076197749215e-18,1.293008977267408788e-18,3.543783572384825332e-19,7.528865124908502471e-19,2.933851197288262851e-18,1.302290941504980266e-18,2.789969507789239970e-18,1.159324173504474424e-18,1.378938444768086413e-18,7.535684238807531576e-18,3.565517305735384908e-17,1.922155792109681857e-16,9.517121597438803748e-16,4.389228176358692277e-15,1.882579316109193219e-14,7.548224600757736570e-14,2.864187572567638705e-13,1.045135563051123210e-12,3.731100912449997423e-12,1.323595801460151873e-11,4.718318189730404106e-11,1.698616901404600778e-10,6.163873089610317744e-10,2.235669893440959390e-09,7.994421765555829483e-09,2.769940564878387560e-08,9.126369699513075354e-08,2.808055835192007591e-07,7.944780772571938949e-07,2.044214206031843274e-06,4.759466577051621694e-06,1.005362075205131884e-05,1.949637691554759539e-05,3.547769375446319827e-05,6.248233246468509782e-05,1.103549558534209037e-04,2.018389910376636642e-04,3.900865080192991458e-04,7.999044324437865538e-04,1.722561895707776887e-03,3.818515560268082119e-03,8.496078155209918492e-03,1.845969303772857298e-02,3.810429414715552771e-02,7.280755634980751179e-02,1.258017526996717539e-01,1.927041742830995774e-01,2.576490804942956903e-01,2.974845374448597535e-01,2.950560222169402724e-01,2.514859481056835322e-01,1.853140642130781668e-01,1.194056722573855894e-01,6.837502969661325702e-02,3.551227055683454231e-02,1.713215783561245625e-02,7.882027820245093852e-03,3.555307949951221590e-03,1.615989975039825756e-03,7.588142333353267710e-04,3.751694739067181882e-04,1.969739794793680821e-04,1.091037034863947907e-04,6.233607128185024882e-05,3.553147502152787955e-05,1.950230863363305877e-05,1.000483675544716726e-05,4.700294821174890574e-06,2.001349133768108154e-06,7.712493452259189143e-07,2.706153089124254761e-07,8.748268325593053331e-08,2.647504872508365433e-08,7.639538115356549427e-09,2.141671587413496344e-09,5.932864956064620710e-10,1.645507320561577562e-10,4.604077605296765644e-11,1.300732220921953136e-11,3.688401794489509101e-12,1.037229883778216297e-12,2.846629495594746324e-13,7.493731563385845067e-14,1.862951740138170596e-14,4.321466031571833275e-15,9.333625135160737368e-16,1.854590313406163901e-16,3.421148658871309853e-17,4.344215662688957419e-18,1.911818410597027674e-18,9.655871149492670885e-19,1.242423143714160069e-18,2.247555906213916439e-18,1.273663560909563761e-18,7.142316158624751533e-19,1.551962600032274488e-18,1.205162293557547766e-18,4.652733239740261345e-19,1.569867753883993906e-19
2.265853348414222935e-18,3.495327668875438206e-18,8.969336963201914212e-19,6.147603748756298800e-19,1.308353775876158746e-18,3.126693158018410840e-18,9.889696068661844470e-19,2.865577196081563899e-18,1.386750828642116391e-18,1.966886841426442682e-18,6.324863746000702204e-18,3.425078576126638048e-17,1.864224588212220170e-16,9.237412665118839399e-16,4.266276519074400520e-15,1.831174608385122616e-14,7.351434360598840829e-14,2.794388644602835223e-13,1.021584708426283783e-12,3.653250265302205348e-12,1.297549970654176598e-11,4.627670014788731992e-11,1.665340946565579290e-10,6.035598353046395782e-10,2.184783035687193067e-09,7.792633209233672825e-09,2.692410433490820496e-08,8.846021795344038164e-08,2.715000460311191143e-07,7.666841571956578596e-07,1.970577025529572425e-06,4.587788941221812464e-06,9.701540742516362272e-06,1.885526722305363998e-05,3.441800588965879796e-05,6.082975363151493754e-05,1.077797911981294730e-04,1.975426644591747073e-04,3.819713941291474424e-04,7.823240055816764373e-04,1.680224079137909460e-03,3.710702860830967023e-03,8.219442081388894303e-03,1.777293146604791776e-02,3.650957884313595081e-02,6.944117335194321949e-02,1.194948359730578502e-01,1.824221795052507755e-01,2.432834312196928972e-01,2.804606527679543992e-01,2.780316748020843498e-01,2.371126205347597049e-01,1.750076523568693809e-01,1.130586884209991427e-01,6.496439774188113303e-02,3.388055387724461104e-02,1.642028380127896758e-02,7.590873542233450566e-03,3.440082444841603779e-03,1.570220801701916868e-03,7.397713576728335867e-04,3.664786563836652453e-04,1.924700769205926493e-04,1.064605533692208417e-04,6.066241330344050638e-05,3.446419104983501728e-05,1.885712231045201160e-05,9.649998193307331978e-06,4.526803740210416561e-06,1.926648245580235248e-06,7.429058352541775465e-07,2.610598085508366178e-07,8.457892801006559302e-08,2.566406562047078302e-08,7.426382170727799516e-09,2.087505758328506721e-09,5.795932045004281665e-10,1.610120189830479453e-10,4.508644299574723627e-11,1.273669189943019475e-11,3.608472541873010389e-12,1.013244855715061943e-12,2.775804477146289337e-13,7.294219385746826985e-14,1.810684989000271249e-14,4.196564376007285938e-15,9.049664980486660029e-16,1.792482201796644801e-16,3.168238494343848188e-17,4.277203864179344501e-18,1.854517687178266629e-18,1.703432337656794723e-18,2.248628378250295992e-18,1.022057000621534509e-18,1.203921569752672736e-18,1.383754601675178104e-18,1.952306284022884860e-18,2.363828078141996506e-19,1.113390026211650831e-18,9.334767656027212139e-19
2.740564528467917651e-18,3.428390830663343375e-18,5.243637469904372484e-19,3.750965771348700662e-19,2.322559369164349324e-18,2.802416457628040390e-18,1.750297298215624991e-18,1.757079822221706101e-18,1.812457324748592359e-18,1.505362955068090080e-18,5.912118907706100857e-18,3.429945517925326136e-17,1.810754395422743643e-16,8.953189443425561375e-16,4.141018214237837217e-15,1.778449378533917440e-14,7.149191198796971004e-14,2.722493732511650138e-13,9.972704964741112728e-13,3.572683274811538481e-12,1.270540275933144341e-11,4.533546724504519552e-11,1.630782683733478427e-10,5.902514871482469890e-10,2.132099266879013184e-09,7.584326678102855170e-09,2.612644900779802289e-08,8.558582595956905311e-08,2.619894013837970636e-07,7.383516209163001693e-07,1.895646348617531592e-06,4.413223954193358793e-06,9.343366873302831840e-06,1.820188638621714845e-05,3.333468452010925889e-05,5.913329265574920771e-05,1.051241408321796906e-04,1.930948147945229132e-04,3.735532722072519574e-04,7.640948294842462565e-04,1.636434250030023140e-03,3.599633794037172037e-03,7.935825132040733032e-03,1.707253018904398081e-02,3.489181063449104531e-02,6.604340564623636944e-02,1.131582146624413587e-01,1.721317882611648198e-01,2.289493774724442876e-01,2.635086788958888038e-01,2.610956926524921617e-01,2.228123406145813279e-01,1.647417812029996764e-01,1.067232977110288278e-01,6.154996367405080049e-02,3.224112015212033527e-02,1.570212763777017323e-02,7.295879585869224568e-03,3.322828369483761188e-03,1.523450088683216781e-03,7.202371809300209477e-04,3.575364917718871420e-04,1.878290679936747167e-04,1.037389290162511637e-04,5.894364969293842645e-05,3.337205295845294920e-05,1.819920325652093471e-05,9.289152478139810117e-06,4.350683312740111279e-06,1.850865602385575628e-06,7.141414325266966481e-07,2.513501608566752350e-07,8.162247143022406385e-08,2.483630479320877378e-08,7.208214982090652805e-09,2.031911606395492035e-09,5.655023985181232013e-10,1.573627133004071271e-10,4.410083301847919320e-11,1.245704010144551635e-11,3.525920474643015279e-12,9.885079270799212239e-13,2.702900675981244324e-13,7.089338931379267772e-14,1.757117497423281877e-14,4.069132016183968544e-15,8.757294796593179224e-16,1.734727112848577336e-16,3.019744085926954647e-17,5.008681278021758838e-18,1.639910659802333372e-18,3.126923623293025295e-18,1.801647596987463132e-18,1.541826368860705780e-18,1.681676094128333285e-18,1.193354009984702093e-18,1.834923769316502372e-18,1.081029061451930526e-18,1.495986078707304395e-18,1.696268758968332007e-18
2.099593128893510500e-18,2.098096540109855176e-18,8.405744132530779271e-19,1.126366026468224003e-18,1.889939502248143636e-18,2.379080344846805772e-18,1.945703058357840958e-18,4.309762510137607474e-19,2.128469546046162463e-18,1.888594728428839644e-19,6.316658624234676308e-18,3.515878854022556283e-17,1.763962708719557638e-16,8.671236963005853133e-16,4.013617782816580070e-15,1.724603104443112058e-14,6.942403436364184436e-14,2.648794992478302321e-13,9.722856318668109652e-13,3.489691017593535092e-12,1.242660365376561541e-11,4.436272252802869885e-11,1.595064410463804120e-10,5.765121121758082299e-10,2.077830865372026214e-09,7.370408161965453162e-09,2.531016111003791918e-08,8.265473168647519015e-08,2.523227247815669953e-07,7.096305936346436339e-07,1.819823176260655893e-06,4.236699358676027186e-06,8.980956336100996896e-06,1.753947727873793712e-05,3.223277457501437049e-05,5.740023946189008134e-05,1.023985137824945401e-04,1.885121266667602244e-04,3.648638889363932380e-04,7.452900518688193674e-04,1.591384934053903175e-03,3.485846230809032387e-03,7.646728668821220834e-03,1.636248776002885083e-02,3.326079440359892142e-02,6.263577238272653724e-02,1.068332175526436334e-01,1.619012438129400766e-01,2.147425509345210759e-01,2.467414039191132558e-01,2.443596321849444142e-01,2.086777505919101550e-01,1.545814212852082981e-01,1.004383699998221691e-01,5.815184989202111521e-02,3.060314939363747988e-02,1.498146388520292353e-02,6.998483504472749819e-03,3.204070222100994549e-03,1.475869158972751291e-03,7.002854932907665595e-04,3.483752457499539128e-04,1.830679324339908054e-04,1.009495306059081951e-04,5.718721197319583187e-05,3.226020058930579183e-05,1.753184152240551286e-05,8.924169796932053197e-06,4.172859269569805681e-06,1.774397819994291673e-06,6.851036349548679316e-07,2.415344334670734553e-07,7.862725007668974119e-08,2.399543645433088454e-08,6.985938110458683673e-09,1.975102539350429620e-09,5.510646229833408873e-10,1.536152708634920885e-10,4.308724432094377906e-11,1.216931751607457687e-11,3.441039863822744163e-12,9.631127323516596620e-13,2.628217949792992005e-13,6.879986149406335846e-14,1.702530217800214781e-14,3.939613972970530887e-15,8.466658304865699699e-16,1.684331219851161200e-16,2.991350214457514451e-17,5.926187301728047557e-18,1.265112875566023094e-18,2.882116432796362758e-18,3.622354587264488834e-19,2.266576518905107304e-18,1.732489025620528186e-18,1.419040454693667615e-19,1.101879475052245831e-18,1.518633126596945056e-18,1.432664288978812574e-18,1.677215622167150510e-18
1.461311651298034692e-18,1.506177668167722773e-18,9.185046741997755636e-19,2.630118446596624462e-18,5.957132060045714587e-19,2.264302155331580745e-18,1.626044844185857274e-18,8.116250664577672324e-19,2.245581825767683177e-18,1.823153137102441713e-18,6.887911293499039522e-18,3.540842673078885412e-17,1.718845123901728328e-16,8.391341471224823629e-16,3.883643866979754740e-15,1.669793681948059495e-14,6.731879131139708099e-14,2.573578350556508862e-13,9.467222978193866548e-13,3.404565075225579470e-12,1.214004558178922788e-11,4.336173690663088376e-11,1.558309608934964366e-10,5.623919179894821318e-10,2.022190678311380834e-09,7.151780578255964939e-09,2.447892347113181100e-08,7.968089597144150717e-08,2.425478981595242657e-07,6.806667081393252094e-07,1.743494954485922712e-06,4.059110046147338883e-06,8.616102590966822727e-06,1.687118458763209032e-05,3.111720316765322688e-05,5.563778103625215550e-05,9.961337601922139857e-05,1.838113503966362183e-04,3.559352188024987834e-04,7.259831989250020452e-04,1.545268536729304913e-03,3.369873257996738349e-03,7.353625804718331820e-03,1.564668371263168087e-02,3.162593138308836954e-02,5.923866411457299336e-02,1.005585693600264119e-01,1.517938587718374310e-01,2.007509728711833197e-01,2.302620885551224517e-01,2.279253949979115901e-01,1.947935578140206625e-01,1.445862228364156454e-01,9.423983671806719642e-02,5.478882475484605358e-02,2.897529307380001043e-02,1.426188935541212663e-02,6.700070479498510152e-03,3.084318786580451770e-03,1.427666145768445669e-03,6.799894621288220644e-04,3.390271069059781479e-04,1.782036418751807615e-04,9.810301481591779914e-05,5.540044493964897242e-05,3.113366870274401758e-05,1.685823408333513354e-05,8.556856552372498110e-06,3.994222694151794412e-06,1.697626373742949023e-06,6.559345530265771642e-07,2.316591155036894295e-07,7.560681584614700431e-08,2.314505234814232682e-08,6.760439785656369106e-09,1.917290166490810986e-09,5.363302802502867113e-10,1.497821662840764618e-10,4.204898905168005794e-11,1.187447897688418165e-11,3.354125107841545753e-12,9.371523414309515335e-13,2.552048925663858386e-13,6.666966002062249597e-14,1.647135746427371702e-14,3.807937962710494988e-15,8.182124120143069162e-16,1.637424422636425588e-16,3.006325092486262287e-17,6.812636934647558540e-18,8.746103943710768466e-19,1.126394170075732846e-18,1.723207901691147645e-18,2.045667194356056725e-18,1.517581984724347058e-18,9.879472543449106686e-19,3.745611206978297376e-19,1.353772295263580859e-18,9.779456900509613786e-19,1.021696393154202537e-18
1.316439258444263418e-18,1.292433378736998808e-18,5.132259115203825087e-19,3.043579178655908384e-18,1.040047676035540872e-18,2.071769619968072782e-18,1.512713949014268935e-18,5.743135540795744009e-19,1.587451825308453291e-18,2.613329191244849149e-18,6.899374745200839934e-18,3.403586259003714466e-17,1.667822716901428769e-16,8.109288600797649341e-16,3.750981707440038832e-15,1.614203447997459326e-14,6.518361857038848855e-14,2.497123980991899194e-13,9.206718542930463881e-13,3.317595707289026965e-12,1.184667344301759762e-11,4.233579456325734958e-11,1.520642214189562429e-10,5.479411561942539498e-10,1.965390696590025048e-09,6.929337348965473707e-09,2.363635273147240478e-08,7.667792133311301584e-08,2.327112300200504467e-07,6.515999403015641959e-07,1.667032491564943767e-06,3.881311037006587926e-06,8.250521599857654881e-06,1.620003137345585968e-05,2.999274428715530797e-05,5.385295248851654492e-05,9.677908305879787956e-05,1.790091978922516509e-04,3.467992626038260114e-04,7.062476838219385435e-04,1.498275954712043230e-03,3.252239035999455238e-03,7.057949244741877799e-03,1.492884518068612019e-02,2.999613661238522896e-02,5.587116397141584506e-02,9.437005794978330087e-02,1.418674896578475675e-01,1.870543537553219504e-01,2.141636769023537445e-01,2.118844716709537557e-01,1.812359146586594028e-01,1.348100785372811639e-01,8.816042477372752761e-02,5.147816217910419073e-02,2.736560928562000936e-02,1.354679650612708106e-02,6.401963361049646875e-03,2.964067621389411631e-03,1.379024769098198284e-03,6.594211812930827468e-04,3.295239942149852104e-04,1.732530560638366815e-04,9.520992506440093786e-05,5.359055486295659983e-05,2.999734950532660091e-05,1.618146033464595442e-05,8.188941366653604487e-06,3.815623125946692591e-06,1.620914671050684947e-06,6.267698347800083156e-07,2.217687731655781619e-07,7.257423846603523959e-08,2.228864089656152098e-08,6.532589048405992547e-09,1.858682976151241391e-09,5.213493303297482898e-10,1.458758221732500549e-10,4.098937513199695196e-11,1.157347856455882635e-11,3.265469334348192904e-12,9.107190598192851927e-13,2.474677107534926994e-13,6.451049379239716102e-14,1.591099449481479459e-14,3.674108196802489965e-15,7.901303463773012642e-16,1.586628532589289367e-16,2.962183283581107785e-17,6.958572758577404712e-18,7.489707624497551876e-19,1.108381742835093852e-18,2.891327726346171875e-18,1.254992070041685118e-18,1.643516246570127848e-18,1.330919040664146620e-18,1.174712975092048954e-18,1.282722626682783648e-18,4.782947131834708309e-19,7.407196418075568110e-19
1.003542250721023370e-18,4.620254145928336564e-19,4.997049002970345986e-19,1.962924854077007312e-18,1.429499812051579545e-18,1.392603831259819697e-18,1.757649168575299256e-18,9.124969076195204791e-19,1.360739945063497356e-19,1.955318044680667965e-18,6.120180872648900880e-18,3.125962432285861288e-17,1.607075222660956464e-16,7.821976371828113570e-16,3.616448825788757603e-15,1.558079420031960279e-14,6.302597543139341657e-14,2.419708541776453549e-13,8.942246942702139921e-13,3.229070572857793682e-12,1.154742916287193413e-11,4.128817520384763741e-11,1.482185905068971906e-10,5.332098176592801678e-10,1.907640693607114429e-09,6.703956339554232688e-09,2.278597371358193466e-08,7.365895285176268255e-08,2.228571140343346773e-07,6.225635796794314878e-07,1.590787265376094644e-06,3.704111385015243140e-06,7.885839845531569467e-06,1.552889844142381828e-05,2.886398712679074020e-05,5.205259208009179844e-05,9.390581648687195814e-05,1.741222427837709223e-04,3.374878529446850720e-04,6.861563345196725365e-04,1.450595257718992901e-03,3.133454935638621194e-03,6.761080200426339629e-03,1.421251730220951699e-02,2.837976815068930445e-02,5.255090016253560065e-02,8.830027171729962210e-02,1.321741414808595416e-01,1.737235900336590866e-01,1.985282500441983844e-01,1.963174279441458614e-01,1.680719947777425394e-01,1.253008160526092873e-01,8.222946120199911557e-02,4.823553344596004377e-02,2.578151037698360112e-02,1.283935101363853706e-02,6.105413971815824500e-03,2.843789901038635409e-03,1.330123208308332068e-03,6.386512477370720215e-04,3.198973738580483369e-04,1.682328238500896682e-04,9.228062565143521862e-05,5.176456153587950289e-05,2.885595873267739528e-05,1.550446037325774418e-05,7.822062876676019161e-06,3.637862601958710116e-06,1.544605525371222597e-06,5.977377323072364086e-07,2.119057469875927678e-07,6.954201841299156058e-08,2.142956461369734084e-08,6.303230337591211409e-09,1.799485095856412477e-09,5.061710070279888337e-10,1.419085414822811506e-10,3.991168837948312244e-11,1.126726475027413415e-11,3.175363286546128065e-12,8.839043418754805789e-13,2.396379075691213713e-13,6.233038235174943485e-14,1.534589143546666911e-14,3.538751166673091891e-15,7.618396926776568267e-16,1.527019163764529451e-16,2.818401880305452598e-17,6.008124003767895754e-18,9.254996712824785500e-19,2.464468090090615226e-18,3.094534702373869808e-18,7.786350326601695954e-19,2.164536188174417404e-18,6.095611975451694850e-19,1.927204811525374003e-18,2.105213536638835151e-18,7.945767908463571478e-19,1.202535711261488639e-18
1.124989422101486975e-18,1.733497897426939149e-18,9.273350328879956739e-19,1.495762166070773475e-19,8.935388137108987221e-19,5.325195790862718459e-19,2.108151973194710602e-18,2.452531292550701943e-18,1.433253590704590716e-18,1.099715922766619008e-18,4.934313391427624894e-18,2.834221582432123566e-17,1.539483201763578412e-16,7.530374475445686406e-16,3.481582309513375415e-15,1.501712410555028551e-14,6.085376807579588014e-14,2.341605867184253622e-13,8.674699105339795851e-13,3.139273693658135417e-12,1.124324691070035187e-11,4.022213643824316732e-11,1.443063418038480364e-10,5.182473415003482436e-10,1.849146939369293380e-09,6.476494213573653278e-09,2.193119596933590772e-08,7.063658927193544489e-08,2.130277291870151502e-07,5.936833428524540172e-07,1.515089138925569941e-06,3.528269043380248546e-06,7.523584207122329606e-06,1.486050665125477560e-05,2.773530826200763677e-05,5.024330054819987310e-05,9.100352489237745614e-05,1.691668256039071522e-04,3.280324683359338018e-04,6.657809450313145272e-04,1.402410453232289141e-03,3.014015990752817124e-03,6.464338481039235383e-03,1.350103766020225617e-02,2.678456854316273519e-02,4.929393047999571648e-02,8.237840740096290248e-02,1.227597009755666130e-01,1.608204538122786353e-01,1.834267155531855709e-01,1.812936255447968326e-01,1.553597595268831066e-01,1.161000168911422298e-01,7.647274722723398921e-02,4.507493097697921197e-02,2.422972313732917049e-02,1.214247363959633681e-02,5.811595726863153996e-03,2.723935632237137021e-03,1.281133078810729265e-03,6.177483686983035452e-04,3.101780867881702756e-04,1.631592897398217762e-04,8.932524034294230116e-05,4.992925455787501220e-05,2.771400555049419642e-05,1.483001621783907016e-05,7.457759397405406037e-06,3.461690670968648315e-06,1.469019045913790563e-06,5.689583153494189408e-07,2.021098927173698384e-07,6.652201086298690703e-08,2.057103995723138633e-08,6.073178563449707638e-09,1.739895143907217217e-09,4.908435514525163624e-10,1.378924429196792856e-10,3.881917491133193503e-11,1.095677523524307179e-11,3.084094036713447311e-12,8.567984304210084632e-13,2.317427432729131295e-13,6.013777864030537656e-14,1.477812011210285744e-14,3.403122571360951805e-15,7.329075503516944641e-16,1.459979279275649371e-16,2.628555230725570206e-17,4.459126645266185563e-18,1.163160442685226311e-18,2.115456536757753575e-18,2.654529078356072396e-18,9.279532630080569937e-19,2.253319669768802804e-18,7.251864128553848896e-19,2.313485044579070614e-18,3.170947809945811751e-18,1.216457703756099997e-18,1.375424072681432808e-18
1.739494446360248594e-18,1.919827709612200509e-18,1.386645104706917335e-18,1.213734442859943523e-18,5.634229235319999021e-19,5.176795199977115195e-19,2.490762112505798798e-18,3.359467800685689879e-18,2.035596640315119802e-18,2.547486125297270520e-18,3.988505721243104037e-18,2.657513581147130073e-17,1.472131559131584184e-16,7.238503440709072904e-16,3.347778546781710201e-15,1.445372650557945119e-14,5.867520547227055860e-14,2.263084477044288879e-13,8.404946299971306901e-13,3.048484312947770897e-12,1.093504805586948867e-11,3.914089635851055968e-11,1.403395888221414782e-10,5.031023401778263897e-10,1.790110999838777373e-09,6.247781248197043732e-09,2.107529268728800162e-08,6.762280497005917548e-08,2.032627833486025955e-07,5.650766340272763078e-07,1.440244493150183525e-06,3.354486709107994361e-06,7.165173724224927481e-06,1.419740223237531464e-05,2.661084781345865303e-05,4.843140497043220638e-05,8.808186962023888253e-05,1.641589647195239613e-04,3.184640573568505708e-04,6.451918538112671672e-04,1.353900344415161867e-03,2.894397696275495101e-03,6.168973838569072159e-03,1.279751492173392992e-02,2.521761875349156842e-02,4.611465872001312832e-02,7.663014692867557709e-02,1.136637940866795787e-01,1.483974667240066658e-01,1.689187204895721828e-01,1.668711645735462545e-01,1.431479041705512600e-01,1.072429553192058432e-01,7.091249890064910133e-02,4.200862315278699327e-02,2.271626135519389314e-02,1.145882640084385472e-02,5.521597596159828585e-03,2.604929259917010409e-03,1.232218519619486313e-03,5.967790021034379477e-04,3.003961882617629245e-04,1.580484066935598396e-04,8.635359585274448267e-05,4.809115416445965152e-05,2.657576645650408796e-05,1.416073605758744068e-05,7.097460490104118831e-06,3.287800394244011180e-06,1.394450948740470585e-06,5.405428344986361250e-07,1.924183668818698246e-07,6.352536106470155863e-08,1.971611973743821712e-08,5.843214698841887148e-09,1.680105179768275625e-09,4.754139644996457863e-10,1.338393997522611281e-10,3.771502430753148618e-11,1.064293163181717983e-11,2.991943333222234433e-12,8.294896011702509483e-13,2.238091077333931016e-13,5.794105126335785314e-14,1.421012496495093497e-14,3.268545512238844295e-15,7.033623658303879462e-16,1.392226417295078094e-16,2.491477326236680339e-17,3.288878554637497362e-18,1.232713757648052531e-18,2.698015972827429682e-19,2.395350201908275895e-18,1.045157616938778624e-18,1.452184194621194513e-18,1.692919870521505471e-18,2.315152577870883829e-18,3.651145307593192819e-18,1.143880455280766639e-18,1.228608317951714140e-18
2.183021751391432414e-18,3.783027817331961127e-19,2.046201479779384932e-18,1.012803901149561062e-18,1.053971557615970557e-18,8.584942178050935842e-19,2.593338506800355774e-18,3.076494185360151823e-18,1.723661739146980236e-18,3.435266343546114837e-18,3.696669263423199126e-18,2.626960039681469305e-17,1.410732029783610699e-16,6.950082132285804475e-16,3.215513942681662185e-15,1.389255650980611072e-14,5.649821805930144277e-14,2.184402928131920757e-13,8.133831819532900526e-13,2.956975490823839507e-12,1.062373608658505735e-11,3.804761687557655984e-11,1.363302226564437565e-10,4.878223428350106493e-10,1.730728630004449173e-09,6.018616647281969926e-09,2.022138209850788257e-08,6.462888321395553456e-08,1.935993012857295897e-07,5.368519544723561688e-07,1.366534777689277732e-06,3.183408642652548776e-06,6.811913244031658840e-06,1.354194511294928174e-05,2.549448965513550651e-05,4.662292733163598174e-05,8.515017566500695091e-05,1.591142736192324096e-04,3.088128741528434781e-04,6.244575524410029112e-04,1.305237489879376321e-03,2.775053174673152660e-03,5.876158617723554849e-03,1.210481174778533023e-02,2.368530450669665763e-02,4.302578224579403643e-02,7.107760040102592547e-02,1.049197606330304483e-01,1.364979453517375652e-01,1.550527708566611929e-01,1.530970298445524513e-01,1.314759698316258774e-01,9.875864866110355134e-02,6.556735015806006150e-02,3.904713863964513060e-02,2.124641032592071779e-02,1.079080297015903335e-02,5.236419412254377306e-03,2.487167671474828628e-03,1.183535396341782410e-03,5.758070323325243647e-04,2.905808003602823077e-04,1.529156557515692514e-04,8.337517059013601858e-05,4.625647682185996261e-05,2.544526328765891841e-05,1.349904155932835183e-05,6.742480434196151014e-06,3.116825326944889529e-06,1.321171286580244221e-06,5.125932336314090516e-07,1.828654572690374701e-07,6.056245131750813449e-08,1.886767815935661024e-08,5.614081912129725528e-09,1.620299759510179463e-09,4.599277798067316472e-10,1.297609827027179618e-10,3.660235420252753784e-11,1.032663449726658870e-11,2.899185778984837864e-12,8.020632371180595185e-13,2.158631786372345155e-13,5.574776900848709577e-14,1.364436989380742109e-14,3.135729069386044886e-15,6.736669663619667884e-16,1.330967500198319156e-16,2.471509307234557146e-17,3.213836143988866986e-18,1.083302583890529714e-18,1.882728282065986008e-18,2.846866598223408645e-18,1.005251086571540156e-18,9.785013792198325283e-20,1.696750779513662353e-18,2.194547106378321710e-18,3.053610081506648509e-18,5.592669974296967591e-19,1.037558101117920184e-18
2.401933759725764791e-18,2.483171337370169555e-18,2.319689151783227675e-18,6.609054361710852536e-19,1.248337174052691228e-18,1.539241242732401425e-18,2.200212302574726491e-18,1.809247572458456768e-18,2.368359802456247339e-18,2.800308322753968344e-18,3.939548252581740339e-18,2.656096717729387978e-17,1.355554414786838347e-16,6.666062259588945369e-16,3.084305549456159127e-15,1.333481852030219869e-14,5.432988966635101644e-14,2.105805584543738702e-13,7.862164287315125280e-13,2.865012521473438213e-12,1.031019193451617780e-11,3.694538847710520726e-11,1.322898543031859631e-10,4.724535585786372466e-10,1.671188767817969919e-09,5.789764379986288387e-09,1.937241147327823489e-08,6.166536093091476451e-08,1.840714572826123553e-07,5.091084595339655523e-07,1.294215472480779968e-06,3.015618441817356999e-06,6.464988911718987873e-06,1.289630021726550833e-05,2.438984565697946343e-05,4.482355787501727390e-05,8.221738794281483766e-05,1.540478850581673636e-04,2.991083263542591245e-04,6.036443272577935327e-04,1.256587272104557618e-03,2.656410726714062299e-03,5.586981736889254022e-03,1.142553196164976595e-02,2.219329473738274744e-02,4.003826929281929792e-02,6.573931101327201709e-02,9.655473683332821411e-02,1.251562023939012946e-01,1.418665367495060559e-01,1.400074199717783741e-01,1.203746042554981188e-01,9.067000837063964036e-02,6.045241304378318886e-02,3.619927816751190852e-02,1.982472267803551264e-02,1.014052316204309100e-02,4.956968502617723447e-03,2.371018601009314275e-03,1.135230622450728423e-03,5.548934829297849083e-04,2.807599783276477348e-04,1.477759729562152971e-04,8.039904895112013543e-05,4.443110572263220921e-05,2.432624536183208264e-05,1.284715820621019272e-05,6.394013566425497238e-06,2.949337456477288879e-06,1.249423587102352883e-06,4.852018085248986124e-07,1.734824577584133507e-07,5.764285953502942004e-08,1.802839852930596752e-08,5.386482256474308004e-09,1.560655101326398335e-09,4.444288584761388966e-10,1.256684077690397760e-10,3.548419666228739387e-11,1.000875917791751104e-11,2.806087235779731536e-12,7.746011109860875071e-13,2.079299007012427140e-13,5.356438385666228907e-14,1.308294415447069207e-14,3.004522313187738144e-15,6.444202538013961427e-16,1.278820623401587282e-16,2.550570011532439367e-17,3.806860750556823747e-18,1.199446236137624166e-18,2.855209704583113604e-18,3.169887179287488026e-18,8.071362271478342823e-19,1.078824700542273337e-18,7.926670513214394416e-19,2.368659296055699357e-18,1.464081924690447954e-18,9.160925479654384574e-19,1.047474498940949747e-18
2.236947386022713560e-18,4.157156125340350879e-18,1.621197409115542106e-18,2.735948907059975910e-18,1.575959372308476240e-18,2.272609469848811496e-18,1.622156535811612270e-18,8.202213723252504275e-19,3.542058657871479730e-18,1.163263711099177764e-18,4.146298332812572231e-18,2.616254154081790020e-17,1.301963401765685116e-16,6.384999401497517658e-16,2.953452614130245966e-15,1.278147488883958532e-14,5.217631190044648546e-14,2.027520862937954391e-13,7.590714820060369837e-13,2.772851395484111090e-12,9.995270046416620576e-12,3.583721672693817866e-11,1.282297621928592902e-10,4.570406609186983753e-10,1.611672634692901268e-09,5.561949564298291763e-09,1.853114375577824466e-08,5.874198500024860685e-08,1.747104517653274367e-07,4.819356594125063842e-07,1.223515445957853901e-06,2.851637732682445567e-06,6.125465433528881782e-06,1.226243163728050936e-05,2.330024388622217534e-05,4.303863324371468436e-05,7.929203309591492373e-05,1.489743824560486971e-04,2.893788363067002355e-04,5.828159360335037273e-04,1.208107079459899095e-03,2.538871775749709531e-03,5.302444001827554508e-03,1.076201188517199835e-02,2.074653161569760956e-02,3.716136408025940557e-02,6.063031663911209318e-02,8.858983458742351880e-02,1.143978853124388712e-01,1.293873196552854099e-01,1.276282353410891912e-01,1.098659523117709452e-01,8.299407978057955770e-02,5.557938898450761472e-02,3.347215127690269382e-02,1.845502470746730739e-02,9.509831292562739499e-03,4.684057605226260752e-03,2.256819429151333579e-03,1.087441599892582413e-03,5.340962673087862886e-04,2.709605913488387602e-04,1.426436839332410379e-04,7.743388134324107963e-05,4.262056623644205439e-05,2.322217571317100206e-05,1.220710858971881938e-05,6.053131419396553144e-06,2.785846058003812570e-06,1.179424382602456653e-06,4.584510061976971479e-07,1.642975862110652185e-07,5.477532918846500426e-08,1.720076361451872744e-08,5.161073921626898759e-09,1.501338364518281200e-09,4.289592065860534879e-10,1.215724894946422535e-10,3.436348613577648964e-11,9.690152503965101669e-12,2.712903710165346137e-12,7.471811079213292172e-13,2.000326041215997582e-13,5.139655864638728856e-14,1.252740604229601249e-14,2.874314129456669690e-15,6.160153782415565093e-16,1.232259194433907180e-16,2.630700057506354874e-17,4.164437456494734144e-18,1.831502729780393796e-18,1.947712426927548290e-18,2.449879929284201286e-18,9.433326105915846803e-19,1.413102656346002330e-18,3.824639524775185170e-19,2.660763786986975854e-18,4.211430055125382115e-19,1.871034918133481041e-18,1.254935746846297456e-18
1.631538017239394595e-18,3.635692089684299676e-18,8.800610177814128463e-19,4.017118091026282045e-18,2.045818337336468952e-18,2.321396071136327784e-18,1.392022903473490631e-18,1.483590920773004575e-18,3.519563500893369028e-18,1.548160340051626162e-18,3.807199446768185639e-18,2.445093209061052302e-17,1.244861498646517132e-16,6.105571543651040603e-16,2.822951023536905656e-15,1.223381907739472753e-14,5.004292368373423203e-14,1.949762141469956148e-13,7.320217513341464484e-13,2.680737508177122134e-12,9.679795216995411665e-12,3.472601033409927993e-11,1.241608449490186656e-10,4.416265941895364846e-10,1.552352946599416072e-09,5.335855406162694086e-09,1.770014684090847542e-08,5.586767989873259710e-08,1.655444306078833471e-07,4.554132575821711798e-07,1.154636689414845531e-06,2.691925726274182393e-06,5.794285015284647230e-06,1.164209954131937866e-05,2.222872063325185093e-05,4.127311934901605828e-05,7.638218690405299991e-05,1.439077388399022665e-04,2.796517163061445631e-04,5.620333212696537609e-04,1.159945604953267935e-03,2.422809208154516353e-03,5.023454731280119906e-03,1.011631568121794215e-02,1.934923143010946686e-02,3.440261734827378820e-02,5.576226195514549788e-02,8.104040509019420913e-02,1.042404325103545720e-01,1.176326565344000263e-01,1.159756994028905558e-01,9.996415575970202250e-02,7.574235743317428438e-02,5.095672437526398146e-02,3.087123522487436947e-02,1.714043226311424972e-02,8.900298146656906301e-03,4.418404007330837234e-03,2.144876368382161568e-03,1.040295778395716264e-03,5.134699779751620207e-04,2.612082181968128011e-04,1.375324463850218252e-04,7.448785004823336151e-05,4.083000629349244065e-05,2.213622131628989253e-05,1.158070853091093836e-05,5.720781564039464079e-06,2.626797413452360727e-06,1.111363108179155163e-06,4.324133574108074790e-07,1.553359434858306101e-07,5.196775025432557872e-08,1.638704860524015481e-08,4.938469045883526495e-09,1.442507043374661218e-09,4.135588161368985008e-10,1.174835997207955514e-10,3.324304841826673457e-11,9.371629952001775159e-12,2.619880642683128162e-12,7.198773079081137475e-13,1.921929639185255203e-13,4.924984444593588287e-14,1.197893093310964533e-14,2.744777330907199991e-15,5.884715934167910546e-16,1.184613756266347465e-16,2.595778762692950519e-17,3.891810734894985485e-18,2.328780575156512711e-18,8.460951917492830521e-19,7.230484250123055513e-19,1.585677212547137846e-18,1.671862067704584038e-18,9.901385170235606673e-19,2.577767855541257370e-18,1.667807588464026419e-18,2.299489704323229466e-18,1.394518414877515084e-18
1.357310091983264271e-18,2.079704351102689332e-18,2.676501360879857290e-18,3.885392371034161085e-18,2.158049338929608171e-18,1.501460845719977179e-18,1.228808341391646284e-18,1.636259711337465501e-18,2.122150332323492389e-18,2.506837522543083771e-18,2.921532990419428257e-18,2.200080623893339362e-17,1.183265827308793634e-16,5.828784840262929055e-16,2.693824483785712365e-15,1.169363396625671058e-14,4.793502790540082991e-14,1.872729875528679702e-13,7.051370472252545187e-13,2.588904698292191408e-12,9.364559899850723967e-12,3.361457036063401183e-11,1.200935789963495489e-10,4.262524025530814746e-10,1.493393237974319785e-09,5.112120696389791866e-09,1.688178545779208818e-08,5.305052635638995710e-08,1.565984451670250339e-07,4.296111187521429424e-07,1.087754401856825561e-06,2.536879577943297544e-06,5.472267856744710914e-06,1.103685964660276357e-05,2.117801607674566069e-05,3.953159883783671796e-05,7.349544730125598499e-05,1.388612635200885332e-04,2.699530583359527900e-04,5.413543611407174499e-04,1.112242263064039784e-03,2.308566106401344943e-03,4.750829653031286848e-03,9.490234478699077075e-03,1.800489544546147666e-02,3.176793959507129977e-02,5.114355438021597755e-02,7.391637350759891478e-02,9.469362612701878734e-02,1.066110343977537955e-01,1.050570869245327638e-01,9.067594112829958919e-02,6.892116235099708665e-02,4.658980335486152813e-02,2.840045301315565623e-02,1.588337511627629928e-02,8.313226240869976691e-03,4.160629831273508251e-03,2.035464018602380337e-03,9.939103312793797721e-04,4.930657142881006687e-04,2.515270579815462467e-04,1.324552006428177543e-04,7.156864094489965634e-05,3.906418160738699005e-05,2.107124713760627331e-05,1.096956586729235758e-05,5.397788037367270021e-06,2.472575328831090221e-06,1.045402340585685374e-06,4.071515329872624164e-07,1.466195110944515835e-07,4.922715064174576706e-08,1.558931659321545784e-08,4.719232078189169093e-09,1.384308475399958245e-09,3.982655297290594231e-10,1.134116315076305351e-10,3.212559022813929862e-11,9.053972815722778920e-12,2.527252281668952909e-12,6.927601170077487512e-13,1.844312437746025029e-13,4.713013192210616884e-14,1.143860524675815873e-14,2.616384514129545735e-15,5.615125363791686407e-16,1.131087832492488714e-16,2.401739114774772141e-17,3.285241293065939758e-18,2.202657675134458928e-18,2.687597261868360750e-18,1.938784936631773809e-18,2.039421904273739970e-18,2.790567989113314126e-18,7.489186714790740886e-19,2.025414968394027080e-18,1.691473007071586141e-18,2.065924501252897836e-18,1.266480559202639913e-18
1.660916713044211474e-18,3.638530139708406779e-18,4.241376082360732174e-18,2.689233865197996626e-18,1.814658543850068997e-18,1.138340353153720073e-18,7.540583826726032973e-19,1.009175233363717704e-18,8.647300459960707201e-19,2.100981364721750106e-18,2.010287919387202818e-18,2.010908711640432031e-17,1.121253682384910079e-16,5.557827117592094536e-16,2.567588884591426238e-15,1.116282682522003201e-14,4.585806322798490505e-14,1.796613115188458447e-13,6.784834602288560065e-13,2.497574592341966392e-12,9.050321659175470547e-12,3.250558027420210178e-11,1.160379807023301628e-10,4.109570820805561770e-10,1.434947298912349167e-09,4.891337859532197689e-09,1.607821558870068902e-08,5.029775052830708639e-08,1.478944505494652488e-07,4.045893566160744770e-07,1.023017395394175131e-06,2.386835477059197447e-06,5.160114064388344416e-06,1.044806505267890012e-05,2.015057335965335660e-05,3.781826297578868353e-05,7.063891292625963702e-05,1.338475565890204591e-04,2.603076386105796056e-04,5.208336585985426240e-04,1.065126724332970346e-03,2.196454865551736215e-03,4.485290010644083121e-03,8.885289004057071727e-03,1.671632972817323898e-02,2.926167404088404755e-02,4.677955673417368704e-02,6.722263104673056877e-02,8.576022027189376951e-02,9.632268903384227920e-02,9.487153288811185636e-02,8.200127455650675634e-02,6.253206749427087097e-02,4.248117048891075775e-02,2.606226737102705984e-02,1.468562867006978356e-02,7.749658034443314934e-03,3.911263377842827231e-03,1.928825273210009851e-03,9.483919441277343602e-04,4.729309483096604395e-04,2.419398560493651179e-04,1.274241283230920663e-04,6.868342103791258944e-05,3.732744558048779358e-05,2.002981380301469967e-05,1.037508170903657194e-05,5.084853218272458875e-06,2.323502375543958318e-06,9.816783460676576784e-07,3.827185131759145365e-07,1.381671845483410735e-07,4.655969744690554879e-08,1.480941644956034692e-08,4.503878673633399146e-09,1.326879461731010000e-09,3.831149289686617756e-10,1.093659679285027003e-10,3.101368954624633540e-11,8.737925248559240187e-12,2.435240871492692540e-12,6.658961553099416693e-13,1.767665675790646288e-13,4.504349889274913230e-14,1.090763684203889508e-14,2.490302871946377942e-15,5.348050090935965698e-16,1.072070642506334102e-16,2.116869678914212422e-17,3.054991371890197925e-18,1.351023173955671292e-18,3.102969854726394380e-18,3.543886615866270935e-18,1.985327489964993447e-18,3.668166982610292609e-18,2.175066688176751342e-19,1.362178168746879934e-18,6.401282315595496786e-19,1.684724612793960505e-18,9.473644690996491379e-19
1.393088454264722975e-18,4.901020879871129014e-18,4.638765798542199586e-18,1.365833692331055738e-18,1.184638672392175368e-18,2.179899193053330173e-18,7.563328778773128616e-19,4.035945095338024499e-19,1.491554216325152493e-18,9.293992298329868746e-19,1.733814940499483642e-18,1.968360075751776874e-17,1.064577548229097920e-16,5.295719648807990604e-16,2.445275085314005555e-15,1.064288052751998993e-14,4.381742196859727752e-14,1.721589461204369175e-13,6.521229498770780919e-13,2.406956181838787091e-12,8.737800631466983397e-12,3.140159691846996447e-11,1.120035731437887304e-10,3.957774562646812337e-10,1.377158724599709347e-09,4.674051541686953216e-09,1.529138132015418799e-08,4.761572305746674721e-08,1.394513391659260596e-07,3.803985303294743292e-07,9.605487880074669190e-07,2.242070387678094277e-06,4.858406831963597219e-06,9.876870210076096990e-06,1.914854081260302049e-05,3.613690771365378143e-05,6.781916707060493192e-05,1.288784712375222246e-04,2.507388370452507363e-04,5.005223686546242867e-04,1.018718565810489878e-03,2.086756678794128485e-03,4.227462805289889866e-03,8.302735400848830147e-03,1.548567283832102265e-02,2.688668619624068334e-02,4.267280937414927311e-02,6.095947077060557412e-02,7.743662387761612864e-02,8.676046224076085223e-02,8.541089651634312108e-02,7.393406303252290923e-02,5.657235792746499736e-02,3.863077612690204304e-02,2.385778748638425761e-02,1.354835182197425617e-02,7.210386717048995753e-03,3.670741427081993403e-03,1.825171552117417972e-03,9.038367114156302742e-04,4.531094278544995930e-04,2.324678449052346250e-04,1.224506190364800572e-04,6.583882166761883430e-05,3.562374367880145009e-05,1.901417863017563120e-05,9.798453942422879798e-06,4.782561000088837391e-06,2.179841774711796930e-06,9.203019026464807640e-07,3.591578582003959318e-07,1.299948390869037990e-07,4.397070727691091894e-08,1.404898295861876633e-08,4.292875099736815796e-09,1.270345996467138517e-09,3.681402463216452338e-10,1.053554557372399513e-10,2.990978733608849424e-11,8.424191481870547948e-12,2.344055669547983453e-12,6.393478422876585398e-13,1.692169631673691298e-13,4.299557354456912495e-14,1.038735943034134577e-14,2.367756679599297953e-15,5.081995922837152731e-16,1.012799391202037105e-16,1.874580781921788341e-17,3.709347836974081248e-18,4.558654224455231595e-19,1.705732767376298959e-18,3.692285306061636549e-18,1.570103612137623124e-18,3.555365804190089345e-18,1.012053079611502261e-18,1.179358947339553337e-18,9.536638831031802702e-19,1.816578062169671860e-18,7.513096181548041525e-19
3.324594333555126558e-19,3.719071544917592573e-18,3.762997736060091972e-18,5.489584645230036549e-19,3.608583191142868109e-19,2.641285810949513968e-18,1.275475139999342398e-18,8.507934043970087045e-19,1.179785957151957176e-18,1.576677291314295733e-18,2.341952183313774867e-18,2.049495370635028906e-17,1.015865233418068580e-16,5.042915822262059703e-16,2.326800853399209635e-15,1.013460561675008478e-14,4.181796443235681426e-14,1.647823615353821536e-13,6.261128300762618749e-13,2.317245556514662764e-12,8.427677156212782594e-12,3.030504274535742241e-11,1.079993579711495102e-10,3.807480750055136860e-10,1.320160574740072241e-09,4.460757717863176157e-09,1.452301399460430077e-08,4.500996729499771644e-08,1.312850062731234669e-07,3.570799376920308430e-07,9.004469482734783906e-07,2.102804356242309162e-06,4.567616729296429470e-06,9.324236782433482915e-06,1.817377703443556793e-05,3.449093366459994212e-05,6.504226683101015961e-05,1.239650837953002848e-04,2.412685715944541361e-04,4.804680633905391912e-04,9.731270340252730052e-04,1.979721373134454582e-03,3.977882083983218242e-03,7.743573887134495327e-03,1.431443022996103584e-02,2.464446685404097365e-02,3.882327462501185961e-02,5.512305389953409823e-02,6.971361826196025013e-02,7.791069327636979125e-02,7.666065634812310736e-02,6.646288257941383726e-02,5.103551283378499753e-02,3.503623743273728830e-02,2.178688532251188761e-02,1.247212978111188371e-02,6.695969186862001099e-03,3.439412388686031909e-03,1.724683335007509656e-03,8.603301350596610168e-04,4.336411154567478042e-04,2.231306998673690414e-04,1.175452450081571141e-04,6.304092721219895347e-05,3.395661201557955046e-05,1.802629974114445163e-05,9.240682739434379308e-06,4.491381099127751247e-06,2.041799839174100030e-06,8.613593604534691331e-07,3.365040673920995567e-07,1.221154242110935887e-07,4.146466480264580675e-08,1.330943904231204815e-08,4.086638125799741879e-09,1.214823100862602249e-09,3.533722998355782076e-10,1.013883841778267930e-10,2.881618124594201470e-11,8.113433702923954025e-12,2.253892079002207359e-12,6.131728752202370856e-13,1.617991133340683854e-13,4.099091614091155066e-14,9.879080898429637693e-15,2.249347149565090212e-15,4.818430521715129931e-16,9.597659222602962405e-17,1.775450819909203552e-17,5.052978846273120254e-18,1.541343097545281785e-18,1.888177944092416194e-18,2.482179009559665297e-18,1.280948672613924198e-18,2.645336592841616165e-18,1.454660352252335426e-18,1.506816668235818503e-18,1.980749653279435889e-18,2.002415468812911021e-18,6.461705925284996705e-19
9.368213376087721881e-19,1.196744440630864448e-18,2.053302374688474940e-18,3.875329524955580207e-19,6.283935415365863452e-19,2.111662108869407552e-18,1.342576951026580490e-18,9.283497488967320723e-19,3.831869319490101161e-19,2.293707484359029663e-18,3.460465176106256754e-18,2.137693213302133005e-17,9.724128650755034649e-17,4.796981601598781644e-16,2.211205528404271954e-15,9.638405393576725721e-15,3.986360603863298061e-14,1.575465286628166484e-13,6.005054373908191511e-13,2.228625715277457942e-12,8.120589882189898074e-12,2.921819961803364707e-11,1.040337928628908977e-10,3.659011366578516046e-10,1.264075139698581903e-09,4.251903294110175827e-09,1.377463350663053576e-08,4.248517585812619279e-08,1.234084439472509553e-07,3.346659923846405577e-07,8.427866553689624504e-07,1.969203300001438934e-06,4.288106935237742594e-06,8.790941150733483481e-06,1.722785852066612802e-05,3.288334968711758367e-05,6.231373722242694265e-05,1.191176713204619258e-04,2.319172472370455021e-04,4.607146338159645907e-04,9.284509158450297405e-04,1.875567572477402582e-03,3.736991175188191915e-03,7.208559878640091040e-03,1.320351417484574158e-02,2.253524535143280189e-02,3.522859656112128923e-02,4.970589405164720781e-02,6.257709085484619571e-02,6.975412213609558099e-02,6.860081424652458848e-02,5.957171546326802541e-02,4.591169741459508180e-02,3.169310847888913429e-02,1.984831847564914181e-02,1.145702065896700081e-02,6.206740827575318691e-03,3.217540189079231075e-03,1.627510965708616787e-03,8.179472179292058978e-04,4.145621616192637004e-04,2.139465090142354798e-04,1.127177433861456892e-04,6.029526903730972142e-05,3.232917984340651253e-05,1.706784294682003972e-05,8.702577820179110117e-06,4.211674333176776426e-06,1.909528885753457570e-06,8.049139028109403892e-07,3.147830138917243523e-07,1.145390832734006765e-07,3.904524863925391526e-08,1.259199989154247974e-08,3.885535363048881667e-09,1.160414757595842599e-09,3.388394498363250182e-10,9.747246918823241644e-11,2.773502137818061475e-11,7.806270845390698507e-12,2.164931212143723090e-12,5.874238842726589728e-13,1.545279791670746212e-13,3.903288831052173782e-14,9.383922040493996602e-15,2.134833671692439296e-15,4.561171824449491630e-16,9.159448754576238165e-17,1.815503469764873791e-17,6.276489180079097122e-18,2.311011391080989934e-18,3.504688346418509772e-18,1.177878610740449689e-18,1.367611190278938352e-18,1.564517557012778522e-18,1.423884839780315783e-18,1.783671637719857259e-18,2.221055400793924369e-18,1.706367649708615030e-18,2.508775104947819368e-19
1.660220694941044356e-18,2.874304378553445683e-18,3.120493255392661236e-19,1.105192790224306231e-18,1.360381673649556247e-18,1.172761423189403627e-18,9.012439960798113540e-19,4.839139398289077861e-19,1.529126526864900968e-18,1.952803182801871091e-18,4.379256022097753658e-18,2.107668821022682845e-17,9.282965757335619704e-17,4.554620754822150229e-16,2.097569475431308891e-15,9.154817126344209963e-15,3.795728262012832882e-14,1.504647223824348874e-13,5.753481496489230299e-13,2.141266368832135993e-12,7.817134559930423246e-12,2.814320421463918467e-11,1.001147746742266005e-10,3.512664322839564485e-10,1.209013809096249925e-09,4.047886174895325865e-09,1.304755156752864433e-08,4.004523464229785176e-08,1.158318597677934577e-07,3.131806723017420987e-07,7.876204372909542340e-07,1.841382189544929265e-06,4.020139249892829716e-06,8.277583304616593986e-06,1.631208951933624482e-05,3.131677974427766667e-05,5.963856996546744910e-05,1.143456964891994616e-04,2.227037192338602797e-04,4.413022273031727278e-04,8.847785114739140219e-04,1.774483162159871128e-03,3.505145765180988759e-03,6.698217193749073442e-03,1.215328802820335105e-02,2.055811004897095326e-02,3.188436959202117088e-02,4.469734784765593688e-02,5.600876827495350485e-02,6.226678457802217737e-02,6.120678858065027594e-02,5.324068035257911030e-02,4.118825383176575455e-02,2.859515331393531340e-02,1.803985670836339220e-02,1.050260469469051217e-02,5.742831696592264230e-03,3.005308779823510825e-03,1.533775696845315201e-03,7.767526445914896879e-04,3.959049104061426001e-04,2.049317568500829789e-04,1.079770059403077344e-04,5.760682439998962302e-05,3.074417562359340895e-05,1.614019107848744893e-05,8.184767208806501175e-06,3.943698702716942861e-06,1.783130530332539547e-06,7.510069707215465711e-07,2.940124417954665716e-07,1.072732942919834055e-07,3.671536361362209468e-08,1.189767880755632327e-08,3.689886019442998513e-09,1.107213939438348624e-09,3.245675764643290932e-10,9.361484292877362083e-11,2.666830759616605554e-11,7.503278095843526097e-12,2.077339955460615934e-12,5.621484231308511934e-13,1.474165599488560198e-13,3.712407483073833328e-14,8.902756672471090356e-15,2.023514307113227841e-15,4.314484628221499584e-16,8.782490241417751229e-17,1.892269840507058660e-17,6.556016249179719257e-18,2.198105155663107626e-18,3.233237468057320245e-18,1.660167595304260337e-18,1.503449696345738013e-18,7.570019994504982742e-19,1.197969402801120403e-18,1.623385952421776255e-18,1.975834836497183370e-18,1.097500057954792046e-18,6.348046569845042998e-19
1.541259011374086019e-18,4.138949088534725623e-18,9.413369644067650463e-19,1.509760894678117258e-18,1.483534399534972585e-18,1.229321016187041969e-18,6.067143921813453795e-19,3.637290352912989519e-19,1.716615701219759014e-18,1.122783045121536194e-18,4.486300013724401503e-18,1.918464538922480876e-17,8.790607929927314801e-17,4.314379445034470568e-16,1.985894523720167830e-15,8.684852101382473532e-15,3.610130171989610821e-14,1.435483980379798053e-13,5.506836867742566917e-13,2.055323666418866162e-12,7.517863479061720576e-12,2.708204479252030608e-11,9.624962785483695850e-11,3.368713109975823931e-10,1.155077037559014780e-09,3.849055762161928840e-09,1.234287674713167314e-08,3.769325336183329442e-08,1.085628164138147419e-07,2.926400260047254846e-07,7.349800506690606349e-07,1.719408540392131216e-06,3.763880724044101231e-06,7.784596867566817232e-06,1.542751378943453726e-05,2.979347269322529150e-05,5.702122662673279646e-05,1.096577994712326750e-04,2.136452701464427507e-04,4.222672189803046341e-04,8.421877028743919276e-04,1.676626026519780367e-03,3.282617703662632329e-03,6.212852953650100339e-03,1.116361368545107022e-02,1.871113314021886215e-02,2.878440982640937534e-02,4.008410147895381109e-02,4.998693393290142700e-02,5.542088141485222719e-02,5.445027945510914208e-02,4.744674143580394909e-02,3.685018163374402522e-02,2.573461653158334514e-02,1.635840952422730823e-02,9.608035040173081021e-03,5.304183748049220298e-03,2.802827151990895053e-03,1.443570942874996535e-03,7.368010409820050432e-04,3.776979351836469109e-04,1.961013209975849970e-04,1.033310757899429561e-04,5.498001997335249272e-05,2.920393631903802433e-05,1.524445543312774095e-05,7.687707223382676510e-06,3.687616109987366775e-06,1.662659280110501452e-06,6.996598141774765568e-07,2.742025127916001601e-07,1.003230281557704576e-07,3.447717845988886458e-08,1.122729454705290500e-08,3.499962029994893943e-09,1.055302725647168643e-09,3.105800768200796746e-10,8.982204817594634339e-11,2.561788761245531391e-11,7.204986627610234308e-12,1.991271291275338540e-12,5.373892322209944800e-13,1.404759566984593834e-13,3.526689049729650953e-14,8.436253818875029791e-15,1.914892150389748414e-15,4.080939210931200452e-16,8.397831454959700018e-17,1.878640285299973053e-17,5.683927190663756671e-18,1.291273114851633636e-18,1.099053405257020625e-18,2.147426687377003759e-18,1.491881673953295846e-18,1.154952898722442090e-18,1.210114990631698791e-18,9.083900802978996174e-19,1.808505848203736718e-18,9.000783279877932284e-19,1.479403426666545608e-18
1.139334745527902808e-18,3.255230286154130925e-18,1.023624486608484346e-18,1.250198225186847059e-18,9.272074407497979083e-19,1.702803357544210489e-18,9.620280113018913296e-19,9.523206550341343373e-19,8.270183511557669179e-19,1.084948073040235789e-18,3.667787489698550266e-18,1.647714748281508181e-17,8.253699744310141471e-17,4.077903461711717948e-16,1.877253118708393420e-15,8.229827622954540760e-15,3.429780161064080060e-14,1.368071969197733944e-13,5.265504553859569133e-13,1.970939854402831980e-12,7.223285298632778010e-12,2.603655902312150971e-11,9.244509740623072027e-11,3.227406652645528627e-10,1.102354401338916705e-09,3.655713849108825770e-09,1.166152109179928675e-08,3.543160167210830651e-08,1.016063883794469587e-07,2.730527245726359437e-07,6.848780667009141006e-07,1.603306131763836811e-06,3.519410749499107445e-06,7.312260009385995824e-06,1.457492793918086082e-05,2.831531464939311124e-05,5.446564576292705354e-05,1.050617964197857543e-04,2.047575999839732212e-04,4.036422151658112297e-04,8.007461101201899514e-04,1.582125029296237292e-03,3.069599424788637537e-03,5.752573796618099151e-03,1.023390113207016394e-02,1.699149712322910524e-02,2.592102380676444828e-02,3.585064415372754554e-02,4.448711749920899322e-02,4.918560736283864032e-02,4.830009164858965753e-02,4.216438471475599664e-02,3.288059949191254883e-02,2.310248655671232401e-02,1.480015241824177846e-02,8.772089111752826018e-03,4.890568732478586984e-03,2.610134743314410088e-03,1.356963709210508122e-03,6.981373042834233692e-04,3.599661021083835725e-04,1.874684811257154820e-04,9.878715074243445962e-05,5.241873962645041617e-05,2.771041954201178541e-05,1.438148899758467812e-05,7.211693445159534171e-06,3.443499556561527596e-06,1.548126340829689198e-06,6.508751351365556838e-07,2.553563897487610403e-07,9.369092046121359815e-08,3.233216798538812105e-08,1.058147996033919738e-08,3.315989521503484902e-09,1.004752498538014143e-09,2.968978805241638244e-10,8.610003695349503417e-11,2.458545543992155178e-11,6.911883179618679316e-12,1.906864501744862365e-12,5.131845633516956820e-13,1.337156933306422474e-13,3.346389154159072860e-14,7.984943647416252625e-15,1.809121120081486468e-15,3.860188472933347817e-16,7.951683214336916043e-17,1.713663517774666767e-17,4.231630942678524113e-18,2.827132863287104498e-19,2.083585969006128166e-18,2.086210989943750771e-18,1.365492836270809519e-18,1.896815313817351998e-18,1.511460034421656793e-18,5.341287734239157546e-19,1.765151519411746662e-18,1.120436268848899033e-18,1.890022118719734023e-18
1.594062523900043221e-18,1.334588813757592369e-18,8.581433858665089846e-19,5.403909397454123751e-19,5.449912819485135657e-19,1.671646110961041372e-18,1.121601975861332826e-18,1.209765828622777448e-18,1.489073109862496340e-18,1.661619540264347490e-18,2.416137957029426969e-18,1.433921957121104442e-17,7.728361905448742609e-17,3.848828210223747668e-16,1.773091301714994797e-15,7.790817081782248579e-15,3.254898071525992857e-14,1.302491237210094646e-13,5.029827129559494804e-13,1.888242983860773404e-12,6.933864999729632867e-12,2.500843277645995791e-11,8.870734575390284899e-11,3.088969351206471186e-10,1.050924738734449384e-09,3.468115869142568793e-09,1.100420811223744130e-08,3.326194992423044211e-08,9.496533209294792000e-08,2.544206466089596056e-07,6.373095295118386828e-07,1.493058875203296112e-06,3.286728462493052297e-06,6.860707010143695787e-06,1.375489602925181708e-05,2.688384356718899525e-05,5.197525369928521558e-05,1.005646841569654635e-04,1.960548287404424044e-04,3.854560866746244044e-04,7.605113275815962451e-04,1.491081205538223814e-03,2.866208869833670233e-03,5.317303038471887788e-03,9.363159061554576779e-03,1.539562052424623718e-02,2.328526989191877575e-02,3.197972073527118736e-02,3.948274581617870760e-02,4.352792756882326031e-02,4.272290375736496199e-02,3.736625194839493513e-02,2.926118150742441221e-02,2.068874759198037483e-02,1.336064973297373774e-02,7.993219610705353667e-03,4.501606438691226585e-03,2.427207129053951355e-03,1.273996165309141922e-03,6.607969940553909058e-04,3.427306588041219531e-04,1.790449392378834340e-04,9.435159277942277520e-05,4.992633606951320404e-05,2.626521818110687554e-05,1.355190112141756093e-05,6.756872422148888664e-06,3.211340668318407516e-06,1.439503561535981954e-06,6.046387890244534120e-07,2.374708453432573387e-07,8.737745336078235910e-08,3.028115876857842870e-08,9.960691711671531662e-09,3.138150569639224576e-09,9.556242121881576169e-10,2.835394825406310140e-10,8.245417293103718529e-11,2.357255041136492644e-11,6.624409511254985099e-12,1.824245048157314222e-12,4.895683728873044538e-13,1.271440800585009140e-13,3.171758888258949088e-14,7.549239781174880147e-15,1.706920854896325513e-15,3.649331161431332860e-16,7.443194851967180985e-17,1.445572300742974660e-17,3.056690845530083381e-18,9.562202833113033025e-19,3.930227202875431955e-18,1.689154212064169244e-18,1.282322459218823910e-18,1.833145495155933386e-18,1.596435965001487967e-18,1.400667471274020392e-18,1.886179308536790751e-18,1.068823949536142531e-18,1.517284585683140516e-18
2.347719253129295343e-18,1.573932649333095456e-18,1.907054368628396831e-18,3.403684701995560070e-19,1.107918573247774143e-18,1.262641545062014714e-18,9.018782021490787844e-19,1.044315462857475981e-18,2.639471672944849107e-18,2.405077487095083212e-18,1.625650815722934736e-18,1.361086540777347156e-17,7.280872677180497705e-17,3.630287674823697766e-16,1.674233736471343631e-15,7.368171744813792202e-15,3.085695907466198549e-14,1.238808798167327598e-13,4.800104999094712588e-13,1.807346850914919078e-12,6.650023858761689477e-12,2.399919993080428165e-11,8.504195329732104415e-11,2.953601302792719033e-10,1.000856366751509074e-09,3.286472458788627828e-09,1.037148193330945529e-08,3.118531361871791112e-08,8.864026586509026039e-08,2.367394848419871673e-07,5.922536555138442225e-07,1.388614761361996898e-06,3.065760322756940618e-06,6.429940253982536469e-06,1.296776513869033960e-05,2.550026568224690021e-05,4.955297855947096513e-05,9.617265059646775858e-05,1.875495104960361935e-04,3.677340296235373333e-04,7.215312314117150677e-04,1.403569133213362777e-03,2.672494799916606996e-03,4.906798430671851889e-03,8.550045624381663600e-03,1.391928075168327207e-02,2.086720828856880941e-02,2.845275731705133176e-02,3.494574707304409777e-02,3.841329273031241637e-02,3.768397482454355352e-02,3.302372494809555081e-02,2.597256278050091155e-02,1.848261691094927467e-02,1.203497236119576048e-02,7.269604419569301867e-03,4.136782971685593405e-03,2.253961893298144729e-03,1.194687330321128355e-03,6.248067755747198923e-04,3.260093455589775798e-04,1.708408503796485993e-04,9.002994319052543936e-05,4.750564595828533546e-05,2.486957713122318135e-05,1.275607331855531451e-05,6.323253875179923940e-06,2.991057407096889360e-06,1.336727445290646838e-06,5.609215140993648087e-07,2.205368846119759980e-07,8.138114399823340577e-08,2.832437748485573145e-08,9.365220874455382959e-09,2.966585206169528573e-09,9.079687251092656222e-10,2.705209920215441945e-10,7.888923745073530797e-11,2.258055737866529279e-11,6.342962139640910121e-12,1.743524251479969556e-12,4.665703335324440378e-13,1.207683967141474828e-13,3.002998158490849393e-14,7.129420536966890260e-15,1.609064869677797918e-15,3.444660805944280112e-16,6.921790794187005832e-17,1.193431923309859653e-17,2.598100852397488996e-18,1.171102129407485859e-18,3.917647366548004477e-18,8.696449336497212006e-19,1.347847527130671792e-18,8.635212641550452488e-19,1.166526647404996912e-18,1.764291901111978746e-18,2.293391759967870605e-18,6.800169399405890349e-19,3.987883211282775885e-19
2.734686252794594018e-18,2.072138926192153564e-18,2.608159966101164702e-18,5.935405911707020110e-19,1.141171466143792654e-18,7.950102242740131033e-19,5.580332562735244705e-19,9.498954858013787797e-19,2.721522337056940026e-18,2.999191797163272163e-18,1.592246422532252801e-18,1.388793897736103488e-17,6.939985651664077164e-17,3.423075157976063539e-16,1.580362885277107686e-15,6.961514687829267520e-15,2.922342410879066787e-14,1.177082354450789893e-13,4.576594792216916388e-13,1.728351304957803477e-12,6.372139554657125895e-12,2.301024331525539941e-11,8.145392274913925224e-11,2.821478689097272276e-10,9.522073662412661007e-10,3.110951292635967827e-09,9.763717399553216451e-09,2.920210065565981346e-08,8.262985628797971402e-08,2.199993635937201774e-07,5.496755450061596454e-07,1.289889819753361635e-06,2.856367742938968595e-06,6.019842448059707541e-06,1.221368160796769399e-05,2.416547346902250262e-05,4.720126715727478178e-05,9.189109041544751355e-05,1.792526581856423789e-04,3.504976512084869442e-04,6.838443495359915886e-04,1.319638452809285441e-03,2.488442391318964209e-03,4.520670192173741400e-03,7.792918470366907990e-03,1.255773226360249427e-02,1.865613646932897524e-02,2.525025489290635625e-02,3.084710223344412638e-02,3.380628639677719233e-02,3.314778239014305045e-02,2.910745505633579103e-02,2.299471032106191470e-02,1.647276491709319737e-02,1.081780885153268111e-02,6.599194692091389473e-03,3.795468791927032823e-03,2.090264584577365779e-03,1.119034841072982615e-03,5.901849064084198912e-04,3.098165263107024612e-04,1.628648627767247700e-04,8.582694282750319122e-05,4.515900804197479326e-05,2.352441175630257404e-05,1.199417589287557762e-05,5.910723190942668534e-06,2.782501840415365838e-06,1.239703160923484862e-06,5.196806608458795174e-07,2.045403712521216593e-07,7.569873634568161386e-08,2.646150100301075088e-08,8.795204200462211239e-09,2.801393634485768016e-09,8.618271888520281005e-10,2.578561956709441692e-10,7.540943925527841296e-11,2.161070856886262974e-11,6.067892791618066477e-12,1.664799134659891565e-12,4.442157591335298789e-13,1.145948234301690987e-13,2.840224283253724734e-14,6.725622261129688462e-15,1.515852124919425532e-15,3.243836638757196171e-16,6.453298422965061854e-17,1.058127474968727104e-17,2.886281504606053652e-18,7.659877359363407175e-19,2.391198932275802237e-18,6.900711462200593781e-19,1.373702516556816625e-18,1.252135140541482217e-18,1.023616490797327717e-18,1.484744465276328128e-18,2.405586708222399900e-18,2.296112509726220298e-19,1.092572634598736182e-18
2.547796626299188376e-18,1.593694858209066011e-18,2.210577933922775693e-18,5.425721413272700881e-19,4.115206865207005884e-19,4.057676645959386789e-19,7.895675186935407645e-19,1.630403429081302578e-18,1.863136520195974341e-18,2.869518017087142918e-18,1.582429261857399970e-18,1.404773526162189147e-17,6.676348012302509038e-17,3.225763946786507221e-16,1.490358329818896004e-15,6.570220443828145958e-15,2.764936810686910199e-14,1.117362522428660437e-13,4.359508929375674122e-13,1.651342899401115145e-12,6.100546621124067487e-12,2.204279673921001000e-11,7.794768741663831388e-11,2.692754315328971820e-10,9.050259276927341486e-10,2.941679148512971062e-09,9.181130934481286871e-09,2.731216052294222142e-08,7.693100794470214725e-08,2.041854573512002037e-07,5.095278802110999562e-07,1.196772033352608598e-06,2.658354656264863477e-06,5.630188880812154889e-06,1.149260769363688126e-05,2.288006478082880082e-05,4.492210435966737978e-05,8.772462546589987324e-05,1.711737780831873944e-04,3.337650778187014884e-04,6.474802852382172428e-04,1.239315503852475749e-03,2.313979011661375287e-03,4.158399019898052079e-03,7.089883353708186821e-03,1.130581854410022541e-02,1.664080744149869923e-02,2.235214763758271508e-02,2.715733974576444928e-02,2.967120052557568194e-02,2.907858835517934670e-02,2.558783462297886668e-02,2.030725668575165954e-02,1.464751609247053575e-02,9.703568785003264738e-03,5.979760567619377479e-03,3.476936275077243017e-03,1.935934667892757208e-03,1.047016773745018366e-03,5.569417574368471088e-04,2.941633366669103964e-04,1.551241663818687868e-04,8.174655693365087585e-05,4.288828393689108205e-05,2.223032772577553923e-05,1.126618510171832785e-05,5.519054005179305163e-06,2.585467853937999015e-06,1.148308498151428098e-06,4.808618966403019318e-07,1.894626485222007891e-07,7.032539353225684182e-08,2.469170745210811998e-08,8.250635871124991238e-09,2.642638612371479768e-09,8.172314846259764075e-10,2.455566338212973337e-10,7.201842789762722042e-11,2.066408701984166873e-11,5.799509657299599904e-12,1.588152736235030633e-12,4.225255831555644174e-13,1.086282344752725799e-13,2.683483414603116810e-14,6.337882147755627576e-15,1.426950673387782802e-15,3.047267052026617934e-16,6.077658850042984682e-17,1.059365990451640583e-17,3.502653899283934186e-18,5.479788413848268411e-19,6.221245722328122500e-19,1.980749541895020907e-18,1.149714868483882961e-18,2.469306973478372412e-18,1.988399878556794722e-18,1.277523462913433475e-18,1.687212486017533504e-18,4.618814255691024576e-19,2.353351430622544470e-18
1.830386328656213905e-18,2.121493682938400007e-18,1.206731373858369775e-18,8.167125605070299619e-19,7.826599131384500964e-19,8.324857877978175830e-20,1.443259128157535931e-18,2.398143796503733809e-18,9.365798581955980329e-19,1.944417259820349033e-18,1.560595333842087212e-18,1.322186265229495138e-17,6.422857852851323195e-17,3.036370576614934123e-16,1.403205529621781027e-15,6.193998837079641151e-15,2.613513236608066164e-14,1.059692105232752609e-13,4.149017560913236286e-13,1.576395683708961340e-12,5.835537374919325749e-12,2.109794788171036920e-11,7.452712329517147887e-11,2.567558282033211975e-10,8.593507498091508896e-10,2.778744161848362980e-09,8.623791959036331794e-09,2.551483461904924561e-08,7.153905356358391627e-08,1.892786017186160744e-07,4.717525870721937164e-07,1.109125157345195560e-06,2.471474924199154025e-06,5.260659553981684516e-06,1.080433839143686749e-05,2.164436285658565782e-05,4.271703453546702676e-05,8.367712940263885113e-05,1.633209130126915206e-04,3.175510827900214841e-04,6.124601854727292983e-04,1.162605048371283256e-03,2.148980082270564047e-03,3.819353814384268513e-03,6.438840680888650511e-03,1.015807669376357636e-02,1.480962902757816842e-02,1.973812357955783900e-02,2.384697143485324522e-02,2.597253761171152212e-02,2.544093126568519603e-02,2.243540908656433200e-02,1.788979492381578135e-02,1.299502961883554353e-02,8.686477589471469640e-03,5.408934052976694003e-03,3.180376586150056827e-03,1.790751394281182938e-03,9.785934925181322217e-04,5.250803598557740115e-04,2.790578462259444962e-04,1.476245487928574658e-04,7.779200399363497517e-05,4.069488111159233902e-05,2.098764188158540756e-05,1.057190059327015807e-05,5.147920699483233246e-06,2.399698705419391359e-06,1.062397715944887971e-06,4.444008641491383018e-07,1.752811466953309544e-07,6.525488805386295915e-08,2.301372752375511276e-08,7.731379550011432561e-09,2.490347962183897230e-09,7.742047000281760706e-10,2.336316872656973371e-10,6.871931047595591040e-11,1.974163099299597007e-11,5.538079097818175073e-12,1.513654906975500125e-12,4.015164727022010827e-13,1.028720600066915500e-13,2.532794471393413480e-14,5.966208602176000060e-15,1.341699030635102711e-15,2.857878156182149623e-16,5.782846243183275492e-17,1.131509175100131386e-17,3.733950753503957684e-18,8.629527921016229393e-19,7.395698413432984643e-19,2.846615518405096432e-18,7.624052481209678187e-19,2.751131412178855224e-18,2.693013250388773536e-18,1.576601433140787690e-18,2.516275315888882858e-19,7.957779635356217645e-19,3.047834020147418574e-18
1.083043030035972312e-18,3.269978780952112311e-18,1.474173134105130643e-18,1.384841493946024399e-18,1.954029100469008902e-18,4.993419824968704845e-19,1.983085402650079206e-18,2.629073610682105726e-18,1.298052397405365900e-18,8.238228073193617278e-19,1.856853057897347148e-18,1.140628355054470355e-17,6.118729816918198679e-17,2.854031597561536141e-16,1.318756635014349942e-15,5.833125502148228587e-15,2.468071625627121456e-14,1.004102660686793420e-13,3.945252419517356188e-13,1.503571872341483210e-12,5.577363268204078612e-12,2.017664178754185720e-11,7.119556445965871716e-11,2.445998771056976176e-10,8.152114829229482599e-10,2.622198229371057023e-09,8.091634684867896970e-09,2.380900697043881209e-08,6.644794204862678693e-08,1.752558891249646886e-07,4.362824413612634169e-07,1.026792398882145866e-06,2.295439500018883546e-06,4.910851043811995677e-06,1.014851820882103697e-05,2.045843689885759999e-05,4.058718471345820235e-05,7.975175599944876856e-05,1.557006932747910803e-04,3.018672310794536288e-04,5.787972452013460251e-04,1.089492052835092485e-03,1.993274940183377072e-03,3.502808890799784247e-03,5.837529493105894814e-03,9.108833738624538476e-03,1.315084296969977473e-02,1.738790659933870525e-02,2.088686913527363145e-02,2.267543968154321285e-02,2.220004555638965815e-02,1.962122984425188413e-02,1.572213448238064457e-02,1.150345905485858009e-02,7.760662239386113999e-03,4.884248723484921166e-03,2.904915697176272543e-03,1.654459518559972140e-03,9.137095006426035077e-04,4.945969700982473169e-04,2.645052325191360010e-04,1.403704575020594701e-04,7.396578804743533212e-05,3.857977767863906692e-05,1.979640381239873966e-05,9.910962877911712776e-06,4.796910656453018931e-06,2.224894333243323933e-06,9.818052416890070098e-07,4.102247751934342011e-07,1.619699701438369784e-07,6.047978756913536486e-08,2.142589534629903014e-08,7.237180568572624455e-09,2.344517170433653255e-09,7.327616379556291404e-10,2.220886730146811201e-10,6.551467101445196020e-11,1.884413867377758070e-11,5.283827288706281933e-12,1.441363288859001917e-12,3.812010663811741349e-13,9.732835353453881387e-14,2.388187639306499886e-14,5.610618333224915395e-15,1.259611811240830715e-15,2.679328682908109434e-16,5.514218544178704424e-17,1.163676573587823167e-17,3.337483988031534724e-18,7.706509520655707430e-19,8.799221451972165583e-19,3.005562373401133107e-18,6.704619407057113664e-19,2.016307590485211235e-18,2.561289134127647331e-18,1.516772843148509167e-18,1.302443190896298402e-18,9.421528073218911183e-19,3.192178455109531560e-18
1.020852377515376827e-18,3.422831311034086728e-18,1.884686248750299346e-18,1.776781667178061427e-18,2.736650202163921395e-18,1.100310646178531433e-18,2.090976557064901540e-18,2.118031283131876423e-18,2.238569929123672026e-18,3.298429310006417371e-19,2.274214961507679075e-18,9.413964767337542616e-18,5.744772044483960665e-17,2.679424112152984339e-16,1.237772051558501432e-15,5.488161098512946925e-15,2.328609629366336763e-14,9.506105976913358241e-14,3.748310959239851449e-13,1.432922236513626294e-12,5.326236470160819455e-12,1.927968487747079504e-11,6.795582103566998136e-11,2.328162929078760707e-10,7.726292092860947879e-10,2.472059523856609017e-09,7.584470110995595665e-09,2.219315467339586008e-08,6.165042213050615964e-08,1.620912427796981654e-07,4.030426028623104075e-07,9.495999221952707551e-07,2.129923278274436646e-06,4.580287967979163395e-06,9.524657692993157879e-06,1.932212295044562030e-05,3.853328908761517963e-05,7.595097062664889589e-05,1.483183942700954522e-04,2.867220381619879437e-04,5.464972393397426412e-04,1.019943501941537097e-03,1.846652622110376944e-03,3.207960479962585019e-03,5.283568484130003219e-03,8.152294044049960761e-03,1.165268326316352791e-02,1.528149970421692830e-02,1.824858306067876981e-02,1.974604611586545933e-02,1.932220992989993127e-02,1.711714943682501530e-02,1.378451864727186886e-02,1.016109098684726125e-02,6.920227544724733351e-03,4.403175997572765336e-03,2.649629411936319824e-03,1.526774805669572346e-03,8.522952717523972618e-04,4.654816451130370570e-04,2.505079639823563605e-04,1.333650674499339383e-04,7.026973391782538538e-05,3.654354860216965217e-05,1.865641783440659943e-05,9.282870619244440927e-06,4.465536139631173985e-06,2.060718347016062900e-06,9.063491862662761607e-07,3.782539250522976532e-07,1.495004582641471476e-07,5.599163430964467805e-08,1.992619834349970911e-08,6.767678091941322497e-09,2.205112041164751818e-09,6.929093499157419750e-10,2.109329474770615198e-10,6.240659175058287107e-11,1.797227286287181784e-11,5.036941505594404034e-12,1.371324090486913845e-12,3.615882716998247034e-13,9.199804063473206122e-14,2.249704827381776030e-14,5.271103130863471596e-15,1.180709665858797637e-15,2.513747248685723886e-16,5.213072417725745226e-17,1.078660342578614608e-17,2.690342262721534599e-18,2.547993771214834311e-19,9.020301619510579508e-19,2.561040741378502795e-18,8.741524630921241351e-19,7.851759128196505995e-19,1.705509023201343057e-18,7.902518483190716824e-19,2.179081637771248351e-18,8.639706866249084186e-19,3.009716568843876458e-18
1.059996810204163681e-18,2.253000078752811038e-18,1.267649041199276759e-18,1.783859819236046169e-18,2.935427540668634522e-18,1.700104197114314011e-18,1.636105776927648159e-18,1.072870324475502920e-18,2.817041648359733729e-18,8.649798873220688951e-19,2.454960927945797946e-18,8.274318659022547315e-18,5.327754970975989571e-17,2.513841771584333764e-16,1.161252905496019522e-15,5.159419877472836513e-15,2.195129684371312778e-14,8.992157758237512148e-14,3.558259249655910533e-13,1.364486284392184547e-12,5.082331477940923798e-12,1.840774957628909470e-11,6.481019912941603754e-11,2.214117835171844574e-10,7.316169524297944135e-10,2.328315083544663398e-09,7.101998067053142149e-09,2.066539746450599366e-08,5.713821970168052402e-08,1.497559634801264177e-07,3.719520645482590835e-07,8.773601506931900895e-07,1.974571573779993910e-06,4.268433955656384578e-06,8.932149546006447981e-06,1.823504482120209250e-05,3.655571452449769989e-05,7.227658437152559951e-05,1.411779998070610421e-04,2.721211405052555480e-04,5.155590742858465322e-04,9.539102197295722986e-04,1.708867502047940528e-03,2.933942358509106663e-03,4.774493758999321172e-03,7.282617479475428889e-03,1.030351365041059716e-02,1.339939040392690815e-02,1.590460410108649955e-02,1.715178364021827800e-02,1.677502838000650628e-02,1.489606167849001107e-02,1.205780487206099642e-02,8.956463031303620731e-03,6.159322962121524872e-03,3.963157834502871457e-03,2.413557294443227381e-03,1.407389275821856016e-03,7.942690417469368616e-04,4.377188209997695512e-04,2.370659894798612542e-04,1.266103528788398733e-04,6.670502481323214983e-05,3.458639294877110067e-05,1.756726510320823508e-05,8.686997556902333222e-06,4.153245686211794048e-06,1.906804641657858622e-06,8.358346475162931667e-07,3.484031153186000015e-07,1.378417155577157908e-07,5.178111645489643325e-08,1.851232556847810082e-08,6.322417127405579034e-09,2.072071370398062434e-09,6.546476863689370074e-10,2.001680158759001967e-10,5.939667583555508889e-11,1.712656588419581760e-11,4.797571191300827466e-12,1.303572477266303912e-12,3.426835670148567425e-13,8.688119298331312849e-14,2.117362349069975322e-14,4.947555395116429869e-15,1.105457247328057829e-15,2.360485237383275500e-16,4.854480308144380948e-17,8.889595522255111922e-18,2.317926467514073881e-18,4.244309098315260701e-19,9.895307842015225543e-19,1.650616166062822187e-18,9.005340749437595997e-19,3.988338957677991672e-19,7.679136074915010351e-19,5.171064486802724106e-19,2.044381867112415415e-18,6.142374877984208316e-19,2.575459427423003699e-18
1.078514112236967722e-18,5.301547589684391823e-19,5.990537670749343535e-19,1.476165716517108235e-18,2.480830637269854118e-18,2.127124165103565276e-18,8.995462745671897790e-19,3.463126610875755557e-19,2.422183898564679703e-18,1.884851859547310796e-18,2.277662579724122377e-18,8.530715343866537021e-18,4.916858956847131791e-17,2.357939574926350555e-16,1.089620417398113159e-15,4.846637304480795314e-15,2.067615844740886545e-14,8.499042420566882258e-14,3.375133216424794408e-13,1.298292472441093480e-12,4.845786676310689282e-12,1.756137969900655958e-11,6.176052238673731527e-11,2.103911540600652457e-10,6.921802081675937181e-10,2.190923442172077585e-09,6.643819161675833901e-09,1.922354590047687272e-08,5.290220721686443198e-08,1.382192449552070354e-07,3.429250066790445065e-07,8.098748445625086320e-07,1.829006186790912964e-06,3.974702038231119945e-06,8.370284183759010176e-06,1.719663484220949136e-05,3.465448674825830755e-05,6.872979029715342851e-05,1.342822701008261448e-04,2.580674750638259048e-04,4.859753514761160965e-04,8.913286758003205858e-04,1.579644723832186086e-03,2.679840480997652905e-03,4.307793136726208345e-03,6.493988212915251419e-03,9.091944660650826820e-03,1.172271973631606665e-02,1.382857319938298954e-02,1.486159289413445904e-02,1.452764840290086436e-02,1.293209022817698624e-02,1.052360997494033307e-02,7.878461953326924144e-03,5.472200060436977452e-03,3.561635790795299097e-03,2.195715429033599439e-03,1.295976148259179355e-03,7.395385441270674928e-04,4.112878886150260526e-04,2.241769320420882599e-04,1.201071625184169849e-04,6.327224178608164824e-05,3.270816183079987218e-05,1.652832560792689718e-05,8.122608899777806793e-06,3.859434921471660761e-06,1.762763589787341727e-06,7.700567814715583537e-07,3.205829763997630477e-07,1.269611072452524727e-07,4.783823013769955400e-08,1.718171408203052801e-08,5.900860254590479659e-09,1.945309611931347095e-09,6.179698573824508347e-10,1.897956467921694050e-10,5.648607131538929523e-11,1.630742515882590540e-11,4.565829231536618389e-12,1.238132725498084760e-12,3.244892891229110512e-13,8.197716626184200631e-14,1.991108399337135108e-14,4.639724641532821759e-15,1.034399270584722575e-15,2.216681377600806128e-16,4.461445229499338427e-17,6.821793177880413965e-18,2.234036205885197428e-18,6.100125372379370304e-19,6.453744286603858166e-19,3.841236948481493747e-19,7.695537325670395832e-19,9.470170122019364204e-19,8.087088356817775135e-19,1.219509399652549234e-18,1.194824176217136470e-18,4.516765254126490691e-19,1.820009170134037589e-18
1.465000869350129337e-18,2.018859163751325010e-18,1.394541136003275464e-18,1.226365042234564219e-18,1.452394552706089376e-18,2.281694235288957141e-18,9.498671264078262024e-19,9.051028095386413692e-19,9.427831249312599563e-19,2.529728162189338267e-18,1.864942442991491850e-18,9.586371341817448865e-18,4.553155388595065013e-17,2.211274723892719014e-16,1.022383450030373738e-15,4.549097609119914569e-15,1.945999927905730492e-14,8.026540158200296788e-14,3.198939043765153250e-13,1.234358694475391006e-12,4.616705907738570365e-12,1.674099655701443695e-11,5.880815509881613622e-11,1.997574168363314255e-10,6.543174903493569988e-10,2.059817268279022679e-09,6.209446510066039888e-09,1.786514770509750111e-08,4.893256384979165596e-08,1.274486544603371091e-07,3.158720485753148361e-07,7.469379388284254082e-07,1.692831023182631424e-06,3.698464397250982381e-06,7.838264620321823360e-06,1.620615425042724745e-05,3.282931690140678194e-05,6.531120135433073624e-05,1.276328134993600521e-04,2.445614653486267304e-04,4.577329359578221246e-04,8.321227568653341046e-04,1.458685379540757910e-03,2.444706518906882356e-03,3.880936889647834762e-03,5.780674218205584212e-03,8.006930959679969817e-03,1.023341706911719967e-02,1.199544168803044417e-02,1.284609678020960481e-02,1.255092169269762456e-02,1.120072974028325785e-02,9.164422664715995981e-03,6.916402975545814583e-03,4.853260941432817853e-03,3.196076447005315960e-03,1.995107968680904023e-03,1.192194452655438025e-03,6.880026742471372385e-04,3.861637604132240015e-04,2.118362846369707816e-04,1.138552971780448135e-04,5.997140455006289516e-05,3.090838671571647951e-05,1.553879982626865788e-05,7.588877054398871492e-06,3.583456723890227716e-06,1.628187779695908254e-06,7.088036272178719310e-07,2.947011835296864040e-07,1.168247177900322039e-07,4.415243104702068386e-08,1.593159302085997564e-08,5.502398972814892012e-09,1.824719507768447830e-09,5.828629975514541036e-10,1.798159905485681954e-10,5.367549646268001843e-11,1.551513965817321236e-11,4.341793785527400407e-12,1.175018490068035436e-12,3.070049056611955930e-13,7.728455710121741100e-14,1.870812731419025029e-14,4.347250934319505328e-15,9.677819975177846277e-16,2.079131079135436331e-16,4.090116016796037849e-17,5.539745471853099326e-18,2.082389784337040001e-18,1.833556190531157029e-19,1.174137331231488675e-18,1.031971886930735832e-18,8.791700454933057623e-19,9.556111751033634259e-19,1.019508840026899230e-18,1.287861695550033396e-18,5.722659393810152341e-19,6.497597724732212377e-19,8.485184825816669191e-19
1.703476435276040363e-18,3.161471225904740411e-18,1.514519473698762495e-18,1.176586519252375925e-18,6.560142498688108434e-19,2.145271874383759922e-18,1.396181037819419840e-18,9.855753054808791706e-19,1.217871059948656524e-18,2.152840139741377555e-18,1.467426826756795112e-18,1.006147071506584331e-17,4.251894795857012301e-17,2.072858747324715206e-16,9.585159681320996292e-16,4.266086173170634484e-15,1.830146471946932669e-14,7.574406343934008451e-14,3.029654022305193210e-13,1.172693117392643575e-12,4.395160176093868130e-12,1.594690549835244785e-11,5.595402680402643997e-11,1.895119057750289764e-10,6.180208850261145208e-10,1.934905985448315031e-09,5.798317130250134998e-09,1.658753191701052664e-08,4.521892539348824446e-08,1.174105763004303859e-07,2.907013934221544444e-07,6.883381327039738288e-07,1.565637249591116562e-06,3.439061423910776159e-06,7.335220582566001816e-06,1.526271303285216708e-05,3.107962820392924983e-05,6.202088948495943486e-05,1.212301610129256789e-04,2.316012117639045691e-04,4.308135235607456442e-04,7.762054863525337392e-04,1.345671394067126476e-03,2.227570241616177484e-03,3.491404892105275104e-03,5.137077751638682160e-03,7.037850079572820564e-03,8.914303239010403640e-03,1.038158698095401761e-02,1.107771631976013117e-02,1.081751310997406540e-02,9.678944164824386867e-03,7.963686202169245956e-03,6.060091590526096861e-03,4.297098053740828691e-03,2.863993282103827285e-03,1.810737454137928415e-03,1.095693285897216722e-03,6.395530704808201350e-04,3.623174234562128240e-04,2.000376059671996726e-04,1.078535888740225144e-04,5.680201318732956760e-05,2.918630780146380920e-05,1.459772984710156218e-05,7.084896578417131329e-06,3.324630688672787940e-06,1.502657277698729713e-06,6.518586771043874738e-07,2.706635626891944657e-07,1.073977706275692180e-07,4.071277487875308979e-08,1.475902507463668008e-08,5.126364577246001205e-09,1.710174659343375320e-09,5.493087296748067292e-10,1.702276998870556284e-10,5.096526643277373651e-11,1.474988698928903227e-11,4.125510647821753374e-12,1.114233456136728929e-12,2.902272618887272106e-13,7.280107868414888249e-14,1.756299760440663032e-14,4.069747377245049221e-15,9.054033924976719339e-16,1.946147355113323728e-16,3.791804343937950682e-17,5.456904653920613840e-18,1.754732829372234711e-18,7.731155597124792588e-19,2.274129653437224685e-18,1.993529207570474296e-18,1.160117578645369715e-18,7.377547975578461911e-19,7.879228592369630623e-19,7.585360346659107509e-19,5.159732855721634919e-19,9.120744370993335820e-19,3.173095804301561507e-19
1.771231824509763090e-18,2.995036068947747741e-18,9.875080121395095765e-19,9.513461200492448444e-19,1.728221021638913707e-18,1.674988034652289159e-18,1.265811536258315571e-18,6.303921014475093187e-19,2.717494913550368626e-18,1.181495223083824440e-18,1.210212542028763544e-18,9.064595991483127104e-18,4.005421256300931407e-17,1.941972894259134774e-16,8.971992845900627068e-16,3.997266832742539769e-15,1.719873011383190614e-14,7.142392110183579074e-14,2.867228643468843325e-13,1.113295199989691310e-12,4.181189557002483361e-12,1.517930250555036978e-11,5.319865816420344436e-11,1.796543937532673888e-10,5.832766071625683265e-10,1.816078348271540649e-09,5.409802913237517099e-09,1.538785054528092440e-08,4.175052316987754432e-08,1.080706168416130204e-07,2.673198638039447189e-07,6.338612263211452758e-07,1.447007973502426160e-06,3.195810060611833954e-06,6.860221782194826480e-06,1.436528908470529313e-05,2.940458245899262284e-05,5.885842548245848828e-05,1.150738427708164594e-04,2.191826840600352906e-04,4.051942008844010702e-04,7.234806773281255311e-04,1.240270085242470548e-03,2.027450702110866494e-03,3.136710221067379699e-03,4.557777197792731681e-03,6.174563831585710115e-03,7.749164891899499794e-03,8.964888333135337742e-03,9.530740031275318491e-03,9.301963971554257082e-03,8.345227010629958919e-03,6.905854222863003558e-03,5.299869359904362844e-03,3.798525945866936069e-03,2.562965127657008610e-03,1.641613909513343862e-03,1.006115700052976659e-03,5.940756027510474312e-04,3.397164742025996572e-04,1.887727144695399556e-04,1.020999806776493025e-04,5.376309030770041152e-05,2.754090218580085251e-05,1.370401979476569324e-05,6.609698273119183877e-06,3.082251854649212807e-06,1.385744404010153656e-06,5.990031892782767179e-07,2.483750850978299392e-07,9.864500823343933893e-08,3.750804614638442142e-08,1.366094516028789236e-08,4.772038491232524434e-09,1.601532018633392838e-09,5.172837220358963422e-10,1.610280513165758285e-10,4.835532091785771639e-11,1.401174059164986877e-11,3.916995768637659090e-12,1.055772356673520917e-12,2.741507809385272151e-13,6.852351660713358619e-14,1.647401215792693197e-14,3.806853892531982405e-15,8.467361940940718643e-16,1.818211923775389059e-16,3.574786233651363536e-17,6.268095638237236026e-18,1.762288088198253329e-18,1.758106488809419316e-18,2.659069502612510712e-18,2.141219727371317900e-18,1.158099184073793486e-18,8.738647769629775227e-19,2.718357277279176884e-19,1.330082255058596991e-19,2.591783964898059153e-19,1.070770179788122300e-18,7.576210592365513254e-19
2.213093908103420737e-18,1.763539387907584927e-18,1.186150728748312029e-18,5.448045735037199142e-19,2.644392137608074339e-18,8.285108587612213720e-19,5.924519519203158063e-19,2.166522778366184473e-19,2.960963061228475922e-18,1.836631873693984107e-18,9.955688514502666504e-19,6.918686251310702590e-18,3.800088456587535062e-17,1.818369640161235003e-16,8.383249774831077011e-16,3.742667755203802355e-15,1.614995816670447575e-14,6.730221674703164370e-14,2.711589803274705603e-13,1.056156614328458186e-12,3.974805280561637910e-12,1.443828064499708899e-11,5.054218768743230914e-11,1.701832112092039285e-10,5.500655544481891508e-10,1.703204951955244242e-09,5.043221088273958176e-09,1.426311750936084181e-08,3.851631147198774424e-08,9.939397036690606574e-08,2.456338277475079215e-07,5.832922055584586510e-07,1.336522447126128965e-06,2.968011409698412111e-06,6.412290292791860121e-06,1.351274656077439960e-05,2.780310617976755532e-05,5.582291920499235694e-05,1.091624655841588011e-04,2.072999139211270723e-04,3.808479929724750451e-04,6.738445064886042528e-04,1.142138377418551063e-03,1.843366215032473309e-03,2.814419310815150389e-03,4.037560797668170165e-03,5.407463872233584344e-03,6.722803071011710686e-03,7.724767524155991619e-03,8.181352931253349850e-03,7.980715767246160039e-03,7.179628464236736257e-03,5.976422855947499842e-03,4.626645291720640242e-03,3.352605583211714421e-03,2.290651378469726798e-03,1.486762739770162859e-03,9.231022146829678809e-04,5.514517612077434339e-04,3.183256313596637133e-04,1.780318788829090128e-04,9.659160653389195635e-05,5.085322325563206930e-05,2.597091158621774943e-05,1.285645541626960859e-05,6.162262351254179099e-06,2.855598675129289188e-06,1.277018020454597448e-06,5.500182441125626655e-07,2.277407509259606095e-07,9.053103240222284827e-08,3.452687510094198696e-08,1.263419614694768501e-08,4.438661997459813405e-09,1.498634281345862007e-09,4.867602344800219572e-10,1.522130657470051128e-10,4.584525221789967270e-11,1.330067666972058833e-11,3.716237513200013815e-12,9.996220695533756615e-13,2.587676121877414918e-13,6.444786238219086469e-14,1.543989282253524000e-14,3.558209461231622487e-15,7.911912579095156566e-16,1.696979810618613531e-16,3.399965609453623358e-17,7.215535130946403307e-18,2.304186556009167873e-18,2.321489546433719189e-18,1.875020247729860704e-18,1.459903259167806311e-18,8.816878056722747962e-19,1.086837740850617626e-18,4.612710824888510219e-19,4.384117677893043869e-19,1.363171774031986226e-18,1.104228707311599937e-18,9.151516887644326581e-19
2.583177380502718045e-18,4.574195854917609697e-19,1.674400471859516197e-18,5.812868649185896036e-19,2.863839676339202372e-18,3.476294704490140796e-19,7.986260663122619202e-19,2.729103908614111895e-19,1.972220107614764232e-18,2.711240824258329703e-18,8.250629259327379644e-19,4.908847270564937498e-18,3.626929424037397119e-17,1.701688280760595883e-16,7.823899278499425355e-16,3.502308192932585523e-15,1.515371293668279664e-14,6.337548866001183146e-14,2.562644297422746067e-13,1.001261874928915164e-12,3.775991874035026991e-12,1.372383647106272954e-11,4.798439880472248873e-11,1.610953647906733361e-10,5.183638532049314911e-10,1.596140656516640981e-09,4.697844120275937250e-09,1.321024470510370843e-08,3.550508329555233691e-08,9.134574583331136187e-08,2.255500168480439703e-07,5.364170796470147727e-07,1.233759801530613120e-06,2.754957607332688226e-06,5.990411998196602243e-06,1.270385332249260928e-05,2.627391613840739915e-05,5.291305976970963492e-05,1.034937908538579129e-04,1.959451858876962084e-04,3.577443942110807257e-04,6.271869993972704069e-04,1.050926654337212439e-03,1.674343136595303873e-03,2.522168812881162101e-03,3.571452857190044773e-03,4.727502997987551719e-03,5.821059176233760180e-03,6.642199316411239764e-03,7.007631166499584362e-03,6.832100297019760154e-03,6.163754196651470736e-03,5.161942285743786364e-03,4.031914440419932452e-03,2.954661907249238328e-03,2.044804170772112923e-03,1.345231472375251446e-03,8.462939532026018345e-04,5.115599400211969221e-04,2.981072237364313835e-04,1.678040039457848014e-04,9.132487036738529595e-05,4.807060599637675549e-05,2.447486939605875912e-05,1.205372271839423955e-05,5.741530637052196781e-06,2.643940227157458474e-06,1.176047336259047898e-06,5.046865500243667360e-07,2.086663645784540933e-07,8.302060525530908022e-08,3.175784272122451488e-08,1.167556154490682049e-08,4.125445325125669224e-09,1.401312167594502677e-09,4.577066489849314444e-10,1.437776274787865627e-10,4.343433314483787697e-11,1.261658090673724519e-11,3.523198519770801789e-12,9.457624661758537300e-13,2.440677578920509119e-13,6.056958396920562188e-14,1.445967695965525247e-14,3.323370647289444036e-15,7.383386350524074143e-16,1.583370377370629485e-16,3.213205267969960944e-17,7.662133690906776580e-18,2.502239994000107480e-18,2.212457468883799444e-18,6.874408960476757887e-19,4.987219412584277027e-19,1.330500509423542587e-18,1.008917703197982856e-18,9.724478041567185462e-19,1.002610704737880204e-18,2.310479466418465657e-18,1.007023466229814711e-18,8.948424966639073296e-19
2.132311431909514472e-18,1.190589099591258781e-18,1.699975892161812510e-18,9.903568211770721931e-19,2.430448033861678569e-18,1.329109538074677721e-18,1.537433919230681025e-18,9.839339965048826016e-19,1.019786069403394893e-18,2.434954067541685863e-18,9.684508191534055284e-19,4.254025290323965091e-18,3.472493261158415890e-17,1.590831409032446914e-16,7.299281731584170787e-16,3.275806545232924303e-15,1.420904702316392049e-14,5.963929866670833001e-14,2.420281761811904749e-13,9.485887058500728761e-13,3.584709253665011466e-12,1.303587667944218737e-11,4.552474693292339598e-11,1.523866551649356439e-10,4.881433919535299501e-10,1.494726909474355832e-09,4.372908991636541063e-09,1.222607509830268713e-08,3.270557432442695795e-08,8.389125519466228478e-08,2.069762395711198858e-07,4.930244795578660092e-07,1.138302323967291116e-06,2.555937971591033916e-06,5.593547095307685724e-06,1.193729740536970600e-05,2.481554416450513863e-05,5.012715539015074164e-05,9.806481212711710364e-05,1.851092250028686919e-04,3.358498786493916777e-04,5.833934194478280089e-04,9.662822443129403778e-04,1.519423474722281231e-03,2.257679351394689237e-03,3.154733092815891100e-03,4.126213795179541240e-03,5.030821404252121785e-03,5.699696409291665419e-03,5.989508054993280921e-03,5.836301972615005364e-03,5.280740515635761433e-03,4.450010834511248202e-03,3.507765379208111888e-03,2.600295344735870789e-03,1.823277764028013049e-03,1.216095398986248056e-03,7.753354087532580638e-04,4.742766132708388263e-04,2.790216506667679260e-04,1.580768099772839974e-04,8.629552386181467199e-05,4.541308034958601420e-05,2.305112689128803490e-05,1.129442556619865846e-05,5.346417773937419153e-06,2.446542665683957368e-06,1.082405244885085024e-06,4.627940074539707032e-07,1.910592053228588299e-07,7.607891204331415564e-08,2.918957392024917641e-08,1.078179512592618237e-08,3.831576063875330771e-09,1.309386578653941427e-09,4.300879811538084469e-10,1.357156010173157704e-10,4.112154443180865107e-11,1.195925531847691084e-11,3.337817378390281437e-12,8.941668917406053635e-13,2.300392291953955486e-13,5.688388675379871439e-14,1.353232087654332551e-14,3.101767500755435654e-15,6.879833951869272665e-16,1.476396505280960382e-16,2.982143447934232749e-17,7.454445805163129297e-18,1.902994913930007378e-18,1.618357900213767300e-18,2.151173673313145703e-18,1.105680083418569390e-18,2.346703025559805615e-18,9.250894345140800522e-19,1.252599988506324520e-18,1.654635033629224454e-18,2.426630821736266527e-18,7.879141532587024596e-19,8.843837423939567710e-19
8.929437667180471142e-19,1.692566375401733384e-18,1.680086539030883219e-18,1.782989853792913041e-18,1.784836659265668289e-18,1.838017982563938219e-18,1.726271326200495218e-18,1.818411181618788996e-18,1.627491955534911624e-18,1.147925412046645114e-18,1.469443417363826516e-18,5.181374176385173457e-18,3.306321063492351528e-17,1.484258435986664394e-16,6.809864169990017380e-16,3.062315282834944910e-15,1.331519819932538847e-14,5.608836169544172091e-14,2.284376711040289485e-13,8.981083707311344877e-13,3.400894719813716462e-12,1.237422520332055453e-11,4.316238636724685687e-11,1.440517933639782400e-10,4.593723388700072473e-10,1.398793953840681788e-09,4.067625834283978090e-09,1.130741280132804923e-08,3.010655531500227538e-08,7.699626446674963232e-08,1.898219940712713329e-07,4.529070278702241392e-07,1.049738296603497093e-06,2.370244443274344387e-06,5.220639649239979447e-06,1.121170245182838917e-05,2.342636104605315070e-05,4.746317255386517441e-05,9.287183167307231453e-05,1.747813797619993191e-04,3.151283865894148541e-04,5.423455552037634558e-04,8.878525371870619326e-04,1.377671373512025579e-03,2.018766393349242898e-03,2.782949805930907787e-03,3.595716275880610994e-03,4.340014690131368397e-03,4.881273382345276309e-03,5.108716970460726661e-03,4.975297672092318484e-03,4.515210257378526014e-03,3.829254511398386129e-03,3.046878159562388302e-03,2.285387984029918582e-03,1.624035378827616864e-03,1.098462183762818900e-03,7.098768499467918939e-04,4.394774017324472423e-04,2.610278131683772449e-04,1.488370052869709460e-04,8.149874236904142773e-05,4.287817627602961274e-05,2.169787843052309041e-05,1.057710217725662269e-05,4.975821432029030886e-06,2.262674939463831636e-06,9.956712103812590752e-07,4.241310424174040140e-07,1.748285981857793733e-07,6.967178726210842792e-08,2.681081927172019831e-08,9.949647489808282749e-09,3.556226887494213740e-09,1.222670621248792243e-09,4.038663698946944621e-10,1.280199452987436985e-10,3.890560164112172537e-11,1.132842552593869436e-11,3.160010496090722885e-12,8.448024447226158593e-13,2.166682630730693111e-13,5.338582319690052884e-14,1.265634014329203257e-14,2.892769501264258028e-15,6.401247819451358120e-16,1.373885639574395906e-16,2.716261137426063188e-17,6.807259364510837377e-18,1.215466408515522127e-18,1.229416033813323687e-18,3.088276200420233092e-18,1.857402337267940144e-18,3.013482105408712845e-18,9.126426115179034158e-19,1.309115750056265895e-18,1.882379601012788892e-18,1.632606328991604245e-18,5.159230066271096516e-19,8.921820714623969943e-19
9.445420524992921763e-19,1.686343957424469289e-18,1.829597921444918757e-18,2.823471228326036820e-18,1.655629351722989002e-18,1.662689478627197885e-18,1.463848257396856932e-18,2.303603773852325655e-18,1.806079066525426119e-18,4.915374651299266455e-19,2.055809520568056140e-18,6.889431367778029644e-18,3.090713900246723223e-17,1.381179703679100432e-16,6.350763969498610414e-16,2.860834477637866427e-15,1.247109898519981022e-14,5.271700821097335557e-14,2.154789906575464871e-13,8.497862090411301238e-13,3.224464880291023389e-12,1.173863061959582549e-11,4.089619698431158673e-11,1.360845150586954557e-10,4.320156400339436035e-10,1.308162911053881760e-09,3.781185889971945282e-09,1.045105013648552714e-08,2.769691317869402962e-08,7.062720913092448457e-08,1.739989858562576327e-07,4.158624929270793671e-07,9.676644190803642227e-07,2.197176345685194559e-06,4.870626211625936072e-06,1.052564207319828291e-05,2.210459941073434904e-05,4.491877427249073274e-05,8.791053551670804857e-05,1.649497991370027560e-04,2.955417849166009216e-04,5.039229027629237327e-04,8.152877381430683043e-04,1.248178528910422148e-03,1.803348473796415920e-03,2.451927591733619582e-03,3.128716095322084997e-03,3.737577022215404169e-03,4.172393817133534383e-03,4.348716083316087402e-03,4.232779103591995107e-03,3.853213481660425817e-03,3.289294789055406416e-03,2.642514305318558517e-03,2.006105127323560330e-03,1.445153752003221648e-03,9.914755128154542890e-04,6.495763809431750243e-04,4.070380309906810245e-04,2.440835145611039317e-04,1.400704505434574739e-04,7.692919847451801111e-05,4.046315096045952124e-05,2.041318551816922262e-05,9.900240466967488370e-06,4.628631522038457656e-06,2.091613794057846287e-06,9.154337261290868703e-07,3.884937230930149235e-07,1.598863909356412674e-07,6.376590596380782388e-08,2.461052569149250414e-08,9.175889632969093307e-09,3.298562581251247727e-09,1.140971493270985912e-09,3.790015432597153273e-10,1.206828247381404539e-10,3.678498171899022308e-11,1.072374831941390964e-11,2.989674329390495155e-12,7.976303641050543260e-13,2.039395846590283968e-13,5.007021958388884741e-14,1.182977372138501242e-14,2.695837219978805031e-15,5.948906032408103808e-16,1.274460765688570076e-16,2.463993610491137474e-17,6.030324214035738401e-18,1.776903468571977579e-18,1.312182162153058223e-18,2.385846292640453164e-18,2.105504354371860165e-18,2.913539450385548931e-18,4.270555632692239812e-19,1.257740930402289299e-18,1.352457355692314779e-18,4.909552397598462914e-19,3.058978667547198183e-19,8.661208701015220592e-19
1.862375800810974350e-18,1.352321045917054410e-18,1.805266982324985037e-18,3.483419085518431125e-18,1.989308935896028197e-18,9.760178815189997503e-19,1.564342126215334279e-18,2.112688213499884211e-18,1.204275954941136755e-18,1.552554127487088327e-18,2.462901592022837340e-18,7.978014599295234936e-18,2.807865286606957261e-17,1.282503497853868157e-16,5.916100725086812661e-16,2.670624891209235715e-15,1.167502916312046954e-14,4.951965838873455983e-14,2.031369562043071727e-13,8.035824495812679823e-13,3.055317554053113663e-12,1.112877344587607411e-11,3.872481071483597347e-11,1.284776920241416450e-10,4.060354959250917762e-10,1.222647731181963683e-09,3.512768787581670318e-09,9.653791731559532484e-09,2.546572118951666529e-08,6.475137580392850500e-08,1.594215563730450233e-07,3.816947416462726039e-07,8.916878404899357274e-07,2.036044495824740959e-06,4.542443523795190644e-06,9.877653121508124883e-06,2.084837548901760608e-05,4.249135717156003197e-05,8.317606643921566525e-05,1.556016026351162915e-04,2.770502992368242151e-04,4.680037416150375400e-04,7.482432682928393322e-04,1.130068602362861545e-03,1.609453028423527259e-03,2.157770284384517932e-03,2.718494879364727855e-03,3.213424808178939884e-03,3.559904431218830195e-03,3.694599494450858095e-03,3.594062151995767833e-03,3.282156660134009137e-03,2.820707149636721839e-03,2.288500296184919642e-03,1.758892904860489669e-03,1.284825672052799768e-03,8.943178646826028047e-04,5.941016736221879603e-04,3.768351827233650908e-04,2.281458297810646249e-04,1.317623144089067092e-04,7.258113281458973163e-05,3.816502647042886059e-05,1.919499962641202408e-05,9.262292219360234715e-06,4.303738434634073042e-06,1.932648094221909191e-06,8.412923721954286722e-07,3.556846744014579162e-07,1.461473436271841877e-07,5.832894242108775266e-08,2.257789661452258059e-08,8.457333609215312841e-09,3.057746376412957864e-09,1.064092226907667585e-09,3.554512588470332964e-10,1.136957162574830761e-10,3.475794923584055665e-11,1.014481901810375224e-11,2.826687817489117947e-12,7.526067241978059457e-13,1.918366677515152646e-13,4.693152090963620975e-14,1.105047333943488457e-14,2.510638667370676068e-15,5.524860155833104345e-16,1.179027604584021899e-16,2.281559992097242965e-17,5.455228246804329617e-18,2.290534306540260023e-18,1.092235241079483252e-18,5.354821080283244996e-19,1.939597601804345759e-18,2.050822922834957300e-18,8.409088621912800132e-19,1.169142020453613584e-18,2.904216375697910808e-19,4.616221335344455818e-19,1.445020431936525777e-19,7.017581058881096194e-19
1.895447933573208667e-18,9.413861740719225775e-19,1.652423131970947578e-18,3.351604430883737686e-18,2.096147766904632990e-18,2.077435278234244830e-19,2.165832422591588461e-18,1.320359762596035513e-18,1.100799375008275399e-18,1.879857086465059062e-18,2.517320737511426262e-18,7.464045498332982688e-18,2.479054085929232011e-17,1.190516791284822738e-16,5.504083976098555831e-16,2.491363021313101346e-15,1.092464153044925597e-14,4.649098523631769059e-14,1.913952784221453973e-13,7.594531411635767270e-13,2.893333685377567901e-12,1.054427291101220008e-11,3.664663761069322396e-11,1.212234399578910699e-10,3.813918140360337333e-10,1.142057005193484246e-09,3.261549136147178892e-09,8.912475728649976329e-09,2.340229884707000734e-08,5.933705235103618255e-08,1.460070291176532116e-07,3.502145064211751664e-07,8.214278286148751130e-07,1.886174704214451350e-06,4.235035335666561634e-06,9.266247866755497587e-06,1.965570968280252887e-05,4.017808722163770913e-05,7.866309452128508826e-05,1.467230425346675719e-04,2.596129164414947882e-04,4.344661040847471660e-04,6.863818259635105995e-04,1.022500706458452690e-03,1.435220091321746027e-03,1.896859821305580274e-03,2.358894098776675476e-03,2.758409744053118458e-03,3.031959668211213661e-03,3.132998792105248266e-03,3.045987172499969604e-03,2.790723646959751558e-03,2.414972698475206965e-03,1.979205884557435052e-03,1.540472602983208048e-03,1.141360754172473721e-03,8.062124848106821040e-04,5.431313921614884781e-04,3.487472422187910316e-04,2.131714430925032088e-04,1.238972199137575430e-04,6.844842180829814843e-05,3.598062580660257468e-05,1.804118369621990277e-05,8.661686074877370808e-06,4.000040334812972711e-06,1.785082503341483895e-06,7.728594998810629020e-07,3.255138065404189814e-07,1.335294376246141666e-07,5.332969850160383697e-08,2.070244228931975104e-08,7.790850401555303409e-09,2.832945603954002807e-09,9.918332871082430123e-10,3.331717173588515524e-10,1.070495113947032042e-10,3.282258208839510562e-11,9.591178145329406333e-12,2.670914636957657726e-12,7.096833732187895280e-13,1.803419610376398340e-13,4.396371221157858189e-14,1.031645149067986593e-14,2.337006925157863932e-15,5.131201258854955977e-16,1.090581126836523637e-16,2.188749721170181248e-17,5.235645220164457762e-18,2.128415858544996233e-18,5.358444644469805035e-19,2.221438889396751265e-18,1.664429885239355071e-18,7.737821790862648732e-19,2.028557554021306186e-18,1.019116725291888390e-18,7.428916896685792304e-19,4.373416657724084608e-19,2.341223026666337948e-19,3.270459718444358596e-19
1.277194033943182211e-18,1.085254761969751724e-18,1.616120566630946676e-18,2.663081225093689854e-18,1.789778853614457346e-18,3.008193290732824490e-19,2.470871815299347333e-18,4.010430724736143514e-19,2.070679542555533401e-18,1.654958414875966923e-18,2.233160087502254342e-18,5.569985794340816117e-18,2.163762170094191061e-17,1.107365478222999388e-16,5.118185032713672989e-16,2.322919242815317589e-15,1.021733941484174799e-14,4.362569045993981526e-14,1.802367342670807792e-13,7.173509280885553819e-13,2.738379257530793925e-12,9.984693092662966643e-12,3.465989121357271708e-11,1.143132218818498796e-10,3.580426358171106591e-10,1.066195636277794689e-09,3.026702441534037479e-09,8.223992217017234910e-09,2.149626200550494672e-08,5.435364879394546019e-08,1.336759801987649290e-07,3.212399821701642844e-07,7.565171056921743415e-07,1.746910703978962484e-06,3.947358378547187622e-06,8.689925088526548677e-06,1.852454588409413358e-05,3.797593394563572773e-05,7.436588487254414495e-05,1.382996576154593867e-04,2.431877568362080585e-04,4.031886398783395128e-04,6.293751258613794215e-04,9.246720413732940859e-04,1.278904114970336398e-03,1.665851678607516845e-03,2.044293817338790377e-03,2.364269392059205419e-03,2.577939782240022768e-03,2.651978545942732576e-03,2.576813678078722792e-03,2.368791310918231131e-03,2.064424887572141251e-03,1.709518466282812640e-03,1.347832314899835571e-03,1.013184705680351700e-03,7.264246480746943150e-04,4.963563321873641935e-04,3.226549462015250815e-04,1.991169543146876803e-04,1.164593812018549442e-04,6.452464203051486039e-05,3.390660719436286083e-05,1.694953226018415578e-05,8.096839341668483073e-06,3.716449549388155986e-06,1.648240561520693405e-06,7.097615735691797892e-07,2.977988739959674067e-07,1.219541112701780333e-07,4.873820423683057906e-08,1.897402087146228880e-08,7.173385147126244151e-09,2.623336686917614121e-09,9.239940252773166141e-10,3.121179480687631965e-10,1.007346128558898906e-10,3.097679624690777561e-11,9.062317358720030366e-12,2.522204999389552376e-12,6.688088451728954442e-13,1.694370934068981860e-13,4.116041585335003109e-14,9.625992133567156105e-15,2.174729251942525681e-15,4.768810514270334807e-16,1.012340320122843259e-16,2.152402539835511164e-17,5.042643869906361725e-18,1.594198978635529575e-18,1.094526192829117351e-18,3.371615371769221933e-18,1.486378350713493006e-18,5.384867568956399998e-19,2.467336117086822480e-18,7.408259042904649421e-19,1.093588150367334764e-18,6.330956157699543983e-19,7.346469923579170078e-19,2.029365556367095957e-19
7.778802229400861165e-19,1.501194536810147977e-18,1.609907944051361046e-18,2.181224723048510019e-18,1.324694234951264977e-18,4.739736575891045274e-19,2.193874520363316887e-18,4.507448399779818995e-19,2.946558263587603071e-18,1.296169726664143404e-18,1.789089615856639729e-18,3.748731921753864905e-18,1.938520013956974326e-17,1.033246734198043632e-16,4.763201440103746755e-16,2.164982207902615205e-15,9.550757707614112504e-15,4.091811624758471050e-14,1.696433607734852595e-13,6.772254937107500749e-13,2.590307168719310991e-12,9.449548698314811671e-12,3.276261293595004929e-11,1.077379465898480946e-10,3.359445365760335471e-10,9.948663691308727063e-10,2.807410362943096499e-09,7.585299024492618534e-09,1.973756393775102041e-08,4.977179147216747869e-08,1.223524404382109772e-07,2.945972698340596820e-07,6.966028806506546010e-07,1.617616552073612975e-06,3.678387535779374076e-06,8.147180102224527821e-06,1.745276950726609586e-05,3.588170296895127606e-05,7.027836225468200133e-05,1.303164178667532477e-04,2.277324154357889539e-04,3.740513784778805740e-04,5.769053358035207933e-04,8.358197635310368051e-04,1.138874163532962351e-03,1.461667489459643867e-03,1.769587519098904903e-03,2.023573417508418761e-03,2.188365048079205823e-03,2.240928743171727387e-03,2.176112359684182623e-03,2.007342301698486573e-03,1.762193131587140279e-03,1.474814595952826440e-03,1.178216473930319844e-03,8.988373203177682817e-04,6.542622927006381053e-04,4.534802978819093265e-04,2.984419358633953897e-04,1.859391540457407187e-04,1.094327304195288751e-04,6.080313101400633906e-05,3.193949649898628637e-05,1.591779015084595080e-05,7.566168649962503619e-06,3.451898092488334188e-06,1.521467206610665234e-06,6.516402007315695068e-07,2.723658817289659614e-07,1.113464294476306192e-07,4.452579313442401093e-08,1.738287103745568720e-08,6.601969875416171175e-09,2.428109497131993228e-09,8.603739900205966811e-10,2.922441652978296987e-10,9.474102532146244940e-11,2.921836916946476256e-11,8.557685058624515081e-12,2.380397042089873496e-12,6.299289845830626238e-13,1.591030975556685882e-13,3.851513394754535834e-14,8.977452313330537162e-15,2.023304994814701947e-15,4.436013388532540587e-16,9.452140885143995499e-17,2.108393738511588926e-17,4.529033619580529710e-18,1.053974465886728839e-18,1.740372376156533069e-18,2.638645122652129318e-18,1.409306518690662262e-18,1.354533818308972328e-18,1.715351317575523861e-18,4.569784671439555797e-19,8.512319235005349821e-19,1.414695267762087551e-18,1.264593340918313408e-18,5.104443887444336177e-19
9.416264549550346908e-19,1.945725042896959974e-18,1.453483519284872109e-18,2.080146353074924719e-18,1.083723233878145276e-18,6.118231541847807372e-19,1.630049278219648860e-18,6.907552712359226585e-19,3.410378355905857845e-18,1.265400237058298794e-18,1.321367404494159453e-18,3.485923387983295438e-18,1.849394180553301195e-17,9.656517815722489624e-17,4.439498159248793885e-16,2.016892515454621193e-15,8.923049313527214672e-15,3.836203416691186034e-14,1.595966425577575349e-13,6.390237306367743891e-13,2.448959032133329681e-12,8.938310914626165003e-12,3.095269529083233999e-11,1.014880618712707498e-10,3.150529974689898022e-10,9.278711778739245610e-10,2.602865332221815612e-09,6.993435020460143556e-09,1.811652804315571105e-08,4.556339296509698035e-08,1.119640360941690277e-07,2.701206825316289782e-07,6.413476078327178891e-07,1.497678546743588170e-06,3.427120259443811475e-06,7.636513749807943510e-06,1.643822421581427466e-05,3.389206680911898068e-05,6.639417236700184460e-05,1.227578598100062914e-04,2.132042724474173423e-04,3.469363931551922129e-04,5.286662325411282904e-04,7.552221685948653368e-04,1.013612720442425442e-03,1.281485410366454535e-03,1.530154091761906166e-03,1.729667178635432238e-03,1.854808331232571644e-03,1.890456682388552559e-03,1.834656891640191198e-03,1.698377031105115058e-03,1.502144843955639276e-03,1.270929605054965618e-03,1.029113775965113898e-03,7.969694247393419159e-04,5.890761068143694247e-04,4.142207410775380146e-04,2.759952206349134589e-04,1.735952686790785183e-04,1.028010346522294439e-04,5.727704432483093601e-05,3.007571767707260888e-05,1.494366977703649327e-05,7.068099480180935504e-06,3.205342379114537206e-06,1.404130784003029730e-06,5.981528810486208702e-07,2.490493550846281863e-07,1.016351942302336124e-07,4.066515479359161695e-08,1.591963686217695937e-08,6.073733932958260300e-09,2.246471106943398251e-09,8.007740984986028549e-10,2.735040955852632972e-10,8.905844067564990498e-11,2.754496175451913244e-11,8.076692229323555590e-12,2.245318145285364658e-12,5.929872352048339110e-13,1.493206601420068236e-13,3.602149853665574011e-14,8.368961982178809221e-15,1.881866863781940506e-15,4.128086745436303965e-16,8.864145867384538260e-17,1.995594615107281307e-17,3.906289489965192675e-18,9.922297983770536353e-19,1.677423499526225002e-18,5.555478057157231368e-19,1.702763064999741444e-18,1.590740162591222786e-18,4.655153634383677649e-19,9.139447642343139482e-19,1.028388465794490103e-18,1.535159731782459492e-18,1.573864011356510164e-18,4.990892067399387324e-19
1.502303589119837750e-18,2.752491775859924331e-18,1.010992003997710861e-18,1.752925321573529552e-18,1.034267664102768655e-18,6.493942800039115170e-19,1.327697751726736992e-18,9.401317772552342290e-19,3.322639488729686303e-18,1.729994582383931389e-18,8.342352751983492093e-19,4.030834022674468317e-18,1.859214680803106697e-17,9.007624211059420922e-17,4.140437164955247628e-16,1.877857157249430391e-15,8.332828026083340036e-15,3.595080170103026342e-14,1.500776782737623295e-13,6.026898946398469847e-13,2.314166873401837616e-12,8.450413538581668463e-12,2.922790396383221654e-11,9.555364240647420506e-11,2.953227492714910925e-10,8.650125148920745706e-10,2.412274564109666166e-09,6.445531096909456064e-09,1.662387292770267710e-08,4.170170027950994268e-08,1.024420751689156205e-07,2.476529302199577391e-07,5.904295017434025591e-07,1.386506705603252264e-06,3.192580284265135489e-06,7.156440392923961945e-06,1.547872734006519379e-05,3.200359382972895237e-05,6.270673962068016390e-05,1.156082122153591720e-04,1.995607733326462587e-04,3.217283712169569337e-04,4.843640994105050958e-04,6.821992699605682010e-04,9.017133378533227425e-04,1.122728749082780534e-03,1.321827912784566709e-03,1.476614113183937057e-03,1.569807874779969052e-03,1.592280381804394044e-03,1.544317519681822227e-03,1.434826580662021227e-03,1.278827176239661278e-03,1.094126150707521285e-03,8.982439429351414930e-04,7.063389832750090885e-04,5.302591455165099133e-04,3.783091865159420811e-04,2.552055587011971163e-04,1.620431762721832446e-04,9.654800292859051412e-05,5.393940880791074091e-05,2.831162120503881853e-05,1.402486696764619921e-05,6.601074604685629112e-06,2.975767180454403859e-06,1.295624591569050374e-06,5.489735051444193100e-07,2.276924895517996916e-07,9.275300362439938420e-08,3.713036734711965066e-08,1.457538570943113815e-08,5.585912275776271057e-09,2.077648970291730801e-09,7.449976732528447181e-10,2.558512759109257670e-10,8.367631788560545411e-11,2.595413898297404749e-11,7.618718710062491129e-12,2.116786515613566710e-12,5.579247853820281205e-13,1.400703397491258918e-13,3.367338500969965659e-14,7.798322754314147341e-15,1.749365574890215878e-15,3.838454312218743473e-16,8.307138384301824693e-17,1.789489484763468041e-17,3.641961387250515026e-18,1.566830459761763256e-18,1.099034884641537531e-18,1.562456726689549185e-18,2.278319361655789184e-18,1.241609863761818015e-18,1.744159189896050715e-18,1.563369990872545280e-18,1.474405011448849727e-18,6.806911750767642748e-19,1.488316946272428435e-18,5.324863599992800302e-19
2.062438376684886181e-18,3.519856493963214670e-18,9.266918237938701481e-19,1.187318530578793276e-18,9.562525328525745716e-19,3.883009795047856946e-19,1.254809909584605070e-18,1.303945057526289295e-18,2.681296681064000993e-18,2.158101914103990830e-18,6.326603068049799260e-19,4.493234796939746523e-18,1.863938802268980829e-17,8.363474275503118641e-17,3.855628147225299933e-16,1.747357902167612118e-15,7.778852460073879316e-15,3.367778398740682292e-14,1.410673244704289092e-13,5.681660085235494417e-13,2.185754708005712400e-12,7.985259197071098639e-12,2.758589880550032409e-11,8.992447225232588296e-11,2.767080880645404068e-10,8.060944243495845953e-10,2.234863489231061081e-09,5.938819003082499785e-09,1.525073059148095839e-08,3.816132376167776848e-08,9.372158603516253872e-08,2.270451981210085391e-07,5.435428364693542168e-07,1.283535848260995300e-06,2.973820691621365584e-06,6.705494952753327290e-06,1.457208399608129713e-05,3.021277530925037862e-05,5.920932128140873272e-05,1.088515121195432158e-04,1.867596791583325106e-04,2.983150957509691711e-04,4.437183892026743304e-04,6.161128516072165344e-04,8.018773397136287487e-04,9.830533143083684030e-04,1.140867856017331074e-03,1.259138127452304277e-03,1.326781808494884940e-03,1.339125136771014040e-03,1.297958012210827282e-03,1.210467906423537366e-03,1.087409514461457928e-03,9.410623968607709135e-04,7.835437239356414030e-04,6.258065485037365896e-04,4.772460521258893433e-04,3.454914671638608888e-04,2.359677605799010477e-04,1.512415945435501995e-04,9.065738341407199926e-05,5.078317194741932051e-05,2.664351045120357236e-05,1.315907539713682583e-05,6.163561490532463137e-06,2.762188876978835389e-06,1.195368005837362272e-06,5.037926325287010303e-07,2.081471958585147537e-07,8.463626514544369592e-08,3.389691217959207540e-08,1.334161987785185286e-08,5.135851814610853007e-09,1.920893570027203853e-09,6.928513502109999782e-10,2.392393238302883780e-10,7.858395752934846031e-11,2.444338951485473908e-11,7.183119522277174182e-12,1.994613103630529527e-12,5.246808456477156250e-13,1.313326596650252062e-13,3.146483936469375910e-14,7.263234707323592392e-15,1.624926716753280398e-15,3.561457527386231313e-16,7.736615352614766765e-17,1.523367533760123419e-17,3.677667275224319991e-18,1.822326537573174215e-18,1.193016653102874022e-18,2.246256955982462765e-18,2.473322638710214654e-18,4.809189628576639544e-19,2.467865624916870129e-18,1.849916504968954828e-18,1.491375225437134921e-18,7.513791244053473540e-19,1.015298919173013525e-18,9.987275365737112329e-19
2.012601353229978052e-18,3.535349795398252488e-18,1.957855246512798079e-18,8.850300471472847516e-19,9.726009480574221324e-19,6.491029410516768287e-19,1.102410376208460513e-18,1.384357894792999170e-18,1.762586927825883913e-18,1.986928929156988796e-18,9.741253098849233536e-19,4.577489041002346402e-18,1.770526487758368749e-17,7.736077857374437320e-17,3.577925857958825265e-16,1.625361972841943087e-15,7.259691180904513457e-15,3.153673831623653165e-14,1.325463237907869249e-13,5.353925882069404219e-13,2.063539988448021989e-12,7.542225185162795840e-12,2.602425379549850661e-11,8.459012179185966518e-11,2.591631632209229426e-10,7.509235253714122788e-10,2.069878644401773007e-09,5.470638214283604567e-09,1.398865845059192371e-08,3.491824911210211597e-08,8.574131480493421941e-08,2.081571334166417244e-07,5.003980571656556630e-07,1.188226326318822043e-06,2.769926377282074056e-06,6.282239045875499860e-06,1.371609992801282536e-05,2.851605059898630398e-05,5.589505790900417000e-05,1.024717111678593451e-04,1.747592882166060159e-04,2.765878446342403835e-04,4.064621758081391639e-04,5.563660707416900452e-04,7.129097727127751277e-04,8.603338930821845037e-04,9.839259127258908211e-04,1.072566971493894069e-03,1.119945565310069818e-03,1.124624481542628972e-03,1.089337180763215928e-03,1.019842403578029039e-03,9.236275752527251187e-04,8.087604111200789002e-04,6.831524766573084800e-04,5.543302259655308057e-04,4.295119522825339032e-04,3.155277928313550547e-04,2.181809222522768544e-04,1.411502424442939046e-04,8.511305100470238400e-05,4.780124732960882515e-05,2.506766598119349439e-05,1.234399962004433433e-05,5.754058716450204209e-06,2.563658066497448309e-06,1.102807234512883358e-06,4.623175770657031001e-07,1.902740550808772350e-07,7.722517061225292362e-08,3.094167326648031569e-08,1.221028272571228955e-08,4.721015998197734607e-09,1.775480570133336976e-09,6.441458641017415967e-10,2.236221805571321380e-10,7.377057069004763829e-11,2.301014438606110766e-11,6.769230567745826920e-12,1.878603597703838052e-12,4.931932005788433335e-13,1.230880363645193803e-13,2.938989790383071896e-14,6.761690196852523474e-15,1.508140840823932216e-15,3.295184301884117997e-16,7.142571796424327799e-17,1.274896090022329911e-17,3.677570785953960866e-18,1.424557326213036293e-18,1.829780070087523695e-18,1.406134137123922049e-18,1.918406777642606245e-18,4.224745306187430239e-19,1.999038964572172913e-18,1.710228894329060978e-18,1.565209095136205506e-18,1.924888628056874166e-18,3.489659194496520898e-19,1.306676193821963765e-18
1.053244473875489990e-18,2.633775754338003214e-18,2.625235591027359837e-18,7.555537668555339504e-19,1.133322502129203725e-18,1.362320518490495435e-18,1.185288538939586366e-18,1.041058303372683099e-18,1.082726490437305224e-18,9.960858448897776349e-19,1.134349695404131580e-18,3.996011022071133457e-18,1.553945026439654323e-17,7.161588709028427684e-17,3.308686935188050624e-16,1.512088299132243137e-15,6.773589952276705126e-15,2.952190567255988767e-14,1.244954239165515576e-13,5.043095042377365622e-13,1.947334927342305650e-12,7.120668532313204918e-12,2.454047593966914276e-11,7.954001902466862816e-11,2.426422381649103599e-10,6.993098707955079469e-10,1.916590057081209823e-09,5.038441016974572661e-09,1.282964590259621987e-08,3.194983477131985335e-08,7.844368749244372710e-08,1.908567538260240457e-07,4.607217295011696856e-07,1.100064441969645554e-06,2.580015976337724958e-06,5.885266269141184023e-06,1.290859310643277257e-05,2.690983036558830353e-05,5.275702006676842706e-05,9.645277240396076912e-05,1.635186301165984411e-04,2.564417129001274331e-04,3.723424179376367627e-04,5.024026813924806255e-04,6.337147808848907779e-04,7.526502083822530749e-04,8.480160038522133008e-04,9.127773811137035627e-04,9.442331033884849992e-04,9.432264742918593931e-04,9.130158454302142110e-04,8.581786197159190117e-04,7.837297542513488140e-04,6.945752504560398152e-04,5.953976200594131079e-04,4.909603020073530742e-04,3.865710841709266263e-04,2.881926743961284003e-04,2.017485943884572296e-04,1.317299768790644013e-04,7.989908560619642282e-05,4.498655623380416003e-05,2.358036780706675319e-05,1.157736675275364417e-05,5.371101461618292784e-06,2.379261584487539261e-06,1.017415738877897675e-06,4.242723267412294203e-07,1.739421975078023234e-07,7.046363814238323273e-08,2.824292335022608309e-08,1.117375997041008612e-08,4.338987817452987575e-09,1.640712512681380223e-09,5.986967179569015023e-10,2.089543279272801261e-10,6.922534185998197681e-11,2.165179470470151655e-11,6.376373237330366251e-12,1.768560119566906444e-12,4.633989393279078142e-13,1.153166270755498930e-13,2.744244811221505555e-14,6.292212424931011056e-15,1.399066954404771146e-15,3.042328412246757373e-16,6.552330139564464018e-17,1.115976228815830676e-17,3.513157584389818079e-18,1.224253445635167001e-18,2.146911821305723626e-18,1.542168474628368156e-18,8.212915267105002648e-19,1.205905780143727728e-18,8.148940543631978034e-19,1.487401152226878467e-18,2.110343487727243502e-18,2.216448593688316049e-18,2.873952673079090581e-19,1.151857759805395481e-18
5.437265420253454282e-19,1.323850522924439688e-18,2.147238733663502989e-18,5.707217285877829621e-19,1.241593303678365610e-18,1.730045460943942410e-18,1.484572644930419064e-18,6.431372966816071064e-19,1.121761649945656261e-18,6.069477713649151997e-19,8.240354605388721919e-19,2.941654053158968312e-18,1.267951881773138076e-17,6.670473169907015408e-17,3.056820381546363181e-16,1.407469185654258279e-15,6.318598267063490602e-15,2.762779852010333137e-14,1.168954852464492198e-13,4.748566576332217263e-13,1.836947730416369021e-12,6.719930280637111253e-12,2.313202299004630944e-11,7.476351517370330364e-11,2.270999244520845045e-10,6.510676879912293686e-10,1.774293162646468722e-09,4.639795990782880301e-09,1.176611611793477443e-08,2.923479681420517743e-08,7.177474260527295859e-08,1.750202907011557763e-07,4.242563512563385471e-07,1.018562594411895734e-06,2.403243297874557244e-06,5.513206689032887768e-06,1.214740412382450332e-05,2.539051793234895860e-05,4.978825131273108794e-05,9.077875771837668058e-05,1.529976337279697176e-04,2.377758647588251143e-04,3.411200576098361590e-04,4.537059451936007902e-04,5.632905607681716262e-04,6.582726579792840156e-04,7.304834521105702059e-04,7.761425849361313885e-04,7.952225800128054139e-04,7.901059329709989986e-04,7.642698352452252349e-04,7.213196670142386522e-04,6.644262103370795385e-04,5.961651091388303061e-04,5.187802006077683967e-04,4.348336647665148680e-04,3.479752224062275371e-04,2.632747247624727207e-04,1.865788941507514481e-04,1.229429062400127094e-04,7.499984144540254995e-05,4.233206541054563963e-05,2.217791560868638442e-05,1.085693685003967145e-05,5.013266126821926123e-06,2.208123993290006063e-06,9.386943676054401015e-07,3.893973227500191994e-07,1.590291179842206418e-07,6.429922688565148036e-08,2.578029902360358149e-08,1.022487682355426177e-08,3.987471408916740770e-09,1.515920099906981166e-09,5.563247439020616051e-10,1.951909800251963839e-10,6.493748572465543985e-11,2.036570806725150008e-11,6.003858073763307960e-12,1.664282423084809542e-12,4.352351160282652696e-13,1.079982757226935326e-13,2.561624427300131432e-14,5.853724509779839144e-15,1.297919960470953316e-15,2.808275435962939218e-16,6.010069472367547595e-17,1.061699752206905740e-17,3.061343916756975356e-18,1.816781428055694018e-18,2.335679262186830112e-18,2.622709775735854576e-18,3.343680545122032151e-19,1.803557778836415187e-18,3.776734946747124682e-19,1.332724110154277378e-18,2.394265504774437659e-18,1.655220921615279902e-18,7.761304272141084512e-19,6.392050139798580442e-19
1.956662989347880343e-18,4.157740957286529199e-19,1.060156180689561834e-18,7.738201048069389157e-19,1.253217397413613117e-18,1.517676006076108474e-18,1.486993622688870869e-18,7.495666478126132879e-19,1.683889150915981691e-18,2.048632822897336076e-18,3.142024152606095788e-19,2.012766444708154030e-18,1.021922164105503498e-17,6.261506736425759346e-17,2.832137066483927474e-16,1.310745931486166015e-15,5.892829965076695380e-15,2.584891075848495995e-14,1.097275652898096932e-13,4.469742421480085256e-13,1.732183794518397238e-12,6.339339334295596362e-12,2.179631988009303594e-11,7.024994472647997732e-11,2.124913899112037596e-10,6.060160086056549891e-10,1.642310294288126358e-09,4.272390063943861737e-09,1.079092370614814991e-08,2.675318334398748498e-08,6.568403935201068371e-08,1.605319782426593196e-07,3.907600484460532164e-07,9.432591910021534960e-07,2.238798320426961254e-06,5.164730592432113735e-06,1.143040543545301460e-05,2.395452874987170441e-05,4.698180751935944135e-05,8.543390624030063670e-05,1.431572704910666772e-04,2.204937216390126162e-04,3.125699751973603732e-04,4.097972902557473819e-04,5.007240352394005077e-04,5.756480869769833430e-04,6.289754840587924401e-04,6.594826139007321959e-04,6.690669060941121290e-04,6.610830016377867210e-04,6.390093711296139728e-04,6.056556794510993070e-04,5.628410222106827428e-04,5.114628128912164333e-04,4.519607694920587250e-04,3.851681300096942225e-04,3.133119472863758965e-04,2.405763563335061540e-04,1.725845659102249986e-04,1.147524824711987232e-04,7.040000781030687532e-05,3.983082113437333622e-05,2.085664697153881349e-05,1.018051203136890773e-05,4.679174150363531781e-06,2.049408595330583583e-06,8.661712411651999409e-07,3.574491210429533607e-07,1.454204393845776995e-07,5.868302956798477473e-08,2.353476663321368754e-08,9.356891582539212399e-09,3.664292429434551160e-09,1.400463101665715413e-09,5.168565629974943915e-10,1.822882502889687059e-10,6.089629808494932905e-11,1.914924343659113819e-11,5.650988137734849088e-12,1.565568714197888198e-12,4.086391364503252414e-13,1.011127074330035889e-13,2.390507876345840895e-14,5.445128247238532951e-15,1.204640690044740306e-15,2.597519047515052971e-16,5.546937379623305474e-17,1.066142037399134736e-17,2.333173040574116303e-18,2.154409869710294996e-18,2.590482238862671462e-18,2.259140714460994158e-18,7.517903556027554361e-19,2.235246942731589130e-18,6.120287999893466585e-19,9.181193820805875788e-19,2.025242503864661421e-18,9.831081167238971870e-19,1.236034810621781563e-18,3.357387557312030593e-19
2.639591152358269829e-18,1.612699210133721019e-19,2.212492796342119645e-18,1.119359034933499725e-18,1.258847952404216010e-18,8.674414504026515246e-19,1.107372781211261677e-18,7.902447710494479134e-19,2.299523136402921263e-18,2.640176875312773664e-18,7.235411666954711690e-19,1.296696631851225871e-18,9.283025310292029838e-18,5.896735391375900217e-17,2.637912109641746628e-16,1.220576696853227546e-15,5.494657986393040398e-15,2.417961196156706717e-14,1.029729660968560245e-13,4.206026253969067396e-13,1.632846913148476773e-12,5.978216321610869218e-12,2.053077383408929560e-11,6.598868011377663529e-11,1.987725419185899272e-10,5.639791943905659800e-10,1.519991785411344956e-09,3.934029312416957165e-09,9.897348866624558901e-09,2.448634022131362298e-08,6.012454619298547035e-08,1.472837993787319584e-07,3.600061764502678430e-07,8.737183575628046761e-07,2.085907797224891930e-06,4.838551556223514801e-06,1.075550949944449539e-05,2.259830804074288311e-05,4.433079259794541681e-05,8.040270401762615875e-05,1.339596747040610225e-04,2.045030925840864242e-04,2.864808216941775246e-04,3.702347734299903472e-04,4.451853658614516630e-04,5.033858013424218547e-04,5.414130442449088722e-04,5.600177110483655881e-04,5.624294261501566446e-04,5.525482201870079860e-04,5.337049775792710848e-04,5.080614899717645228e-04,4.764676279972079507e-04,4.386488646978017837e-04,3.937457274156307466e-04,3.412567662507269995e-04,2.822028052924552841e-04,2.199133933032603144e-04,1.596829969878203650e-04,1.071235734029568138e-04,6.608466165253450532e-05,3.747597964270670039e-05,1.961295369847878924e-05,9.545944417860385603e-06,4.367495081853535146e-06,1.902318023512272006e-06,7.994014234126054172e-07,3.281999575165238050e-07,1.330096347766298918e-07,5.356954744130003006e-08,2.148858075187540630e-08,8.563486255763110234e-09,3.367397365881709518e-09,1.293730927643377164e-09,4.801249523045914836e-10,1.702032951997208072e-10,5.709120146182028872e-11,1.799976442957681109e-11,5.317062723398322185e-12,1.472216409672340541e-12,3.835488649452858068e-13,9.463995727627733004e-14,2.230300104083393912e-14,5.064911568244258524e-15,1.118641442220855560e-15,2.410542590701022176e-16,5.160907209615667055e-17,1.057363142672145148e-17,1.960417549727156708e-18,2.176440228800486206e-18,2.517199945986070953e-18,4.804235859735517635e-19,4.846218250069683051e-19,2.390338939134162405e-18,4.605987807972244114e-19,5.933805722083895489e-19,1.308295797213524470e-18,8.478636848639032642e-19,1.648874649397203876e-18,5.219754333308036212e-19
2.581726464446092608e-18,5.070537926457954309e-19,3.395606305851543809e-18,1.355203249536824318e-18,1.234987697978110954e-18,2.344397422776902115e-19,6.824326276929711086e-19,3.637071946931542032e-19,2.488382793513319598e-18,2.019641792413935931e-18,1.101748593005748827e-18,9.923842238215701609e-19,1.000383507100617024e-17,5.522701942950164814e-17,2.467745176471653443e-16,1.135640111861679225e-15,5.122715978035667398e-15,2.261430331329530952e-14,9.661324541085166593e-14,3.956821272930581541e-13,1.538740478121512491e-12,5.635877647988928717e-12,1.933278818940583890e-11,6.196918120498608902e-11,1.859001872064337370e-10,5.247873665783627159e-10,1.406716723480222992e-09,3.622638664920185303e-09,9.079088590518579430e-09,2.241686980265689719e-08,5.505251399550179245e-08,1.351751977902647373e-07,3.317828447242469093e-07,8.095294796321844558e-07,1.943835517857289998e-06,4.533428892876648463e-06,1.012067587413060134e-05,2.131834667457775206e-05,4.182839072878835417e-05,7.566994537817397506e-05,1.253682424571026769e-04,1.897162532098872864e-04,2.626547475666048343e-04,3.346113955854561686e-04,3.959224061205225687e-04,4.402439885140159697e-04,4.659641260946060831e-04,4.753250207327418242e-04,4.724248161747162875e-04,4.613941020678851302e-04,4.453199057969191429e-04,4.258395620694762078e-04,4.031276529753351841e-04,3.761261797900052137e-04,3.430742570172830687e-04,3.024622974728571976e-04,2.543014010346673513e-04,2.011146155276448985e-04,1.477961942465594357e-04,1.000225170902291951e-04,6.203931251340293941e-05,3.526083409193537648e-05,1.844329626391160627e-05,8.951142945247050688e-06,4.076948976833373356e-06,1.766094459459819071e-06,7.379664142089529679e-07,3.014372360451191260e-07,1.216977177476574948e-07,4.891655176041790548e-08,1.962523680213788279e-08,7.838754752513173545e-09,3.094851933964404155e-09,1.195142902211686947e-09,4.459691274446294113e-10,1.588944360716338751e-10,5.351178593466991645e-11,1.691465120532577603e-11,5.001381551901069384e-12,1.384023087560606286e-12,3.599026333939199377e-13,8.856082585668404821e-14,2.080444590210421213e-14,4.711091580994189872e-15,1.038906977138073482e-15,2.243029740723383016e-16,4.820565542556529298e-17,9.792540270593030663e-18,2.364300355140700017e-18,2.111644740561717716e-18,1.953547293890077294e-18,1.553279160991523068e-18,4.998245748173339530e-19,2.074562822489051624e-18,1.215713096336744937e-18,1.102069043575532027e-18,9.344652841578866730e-19,1.107906225262801633e-18,1.771654156966422895e-18,6.906492776262170880e-19
2.322526520738835739e-18,1.195400867142987530e-18,3.217375783338315927e-18,1.364830420782358123e-18,1.141013992170835390e-18,3.406672440567343127e-19,4.191222220841619599e-19,4.660812802433918262e-19,1.938818574618318223e-18,5.565714577614587935e-19,1.052893366829832659e-18,1.965422302479857528e-18,1.126965435290611527e-17,5.106954329586602024e-17,2.308785919186843793e-16,1.055301428651192952e-15,4.775734145735403789e-15,2.114767221428313719e-14,9.063021892557239304e-14,3.721530325412004287e-13,1.449668599644181091e-12,5.311639531532905569e-12,1.819977501655579233e-11,5.818103971482735675e-11,1.738321697696510934e-10,4.882767465951352688e-10,1.301893392685034414e-09,3.336260666879012913e-09,8.330245434972262862e-09,2.052858419997350163e-08,5.042733759585183540e-08,1.241127645253454364e-07,3.058923817681668240e-07,7.503066037575199470e-07,1.811882270293950739e-06,4.248169528175754933e-06,9.523917333704628576e-06,2.011119533939840191e-05,3.946789521869482171e-05,7.122078640132798062e-05,1.173477109111283322e-04,1.760499792274437141e-04,2.409070461279998329e-04,3.025533138786000876e-04,3.522551815304357514e-04,3.851166741138915698e-04,4.010187572289284881e-04,4.032986373035411711e-04,3.965651684289897582e-04,3.849530910127759819e-04,3.712489218582475819e-04,3.566680978509496544e-04,3.409331438024295691e-04,3.224965896318901038e-04,2.990059307861472958e-04,2.682116470208059352e-04,2.292914553850017453e-04,1.840212491514946343e-04,1.368507270298517328e-04,9.341715985971921568e-05,5.824994025212410235e-05,3.317883817749949340e-05,1.734421648785160701e-05,8.394079121297068631e-06,3.806308174238567348e-06,1.640019527492794632e-06,6.814734940997874120e-07,2.769629565921139770e-07,1.113929093018796814e-07,4.468493544339701376e-08,1.792941924770100377e-08,7.177189121162626252e-09,2.844838709245805372e-09,1.104148278023473172e-09,4.142349486675690441e-10,1.483212607512198043e-10,5.014784552470130264e-11,1.589131126494535914e-11,4.703248951480081760e-12,1.300787628045590962e-12,3.376393658587341604e-13,8.285708686497787376e-14,1.940419788610778990e-14,4.381541375432218021e-15,9.643891779211801620e-16,2.087919418800623493e-16,4.488862951435677269e-17,8.249709283376938143e-18,2.707299946985441638e-18,1.516193848382324260e-18,1.825464791384604419e-18,2.571807901508323598e-18,1.054745482575264570e-18,1.314405974146513325e-18,1.796032929642601719e-18,1.175806999404323529e-18,1.009730443817442893e-18,1.868319047955356591e-18,1.395155969729159319e-18,1.211630457791947872e-18
2.004401824267947225e-18,1.596672601185435030e-18,1.890493194398472124e-18,9.626760497031772853e-19,1.264262130373601548e-18,3.559173461352470248e-19,4.991424856242100109e-19,1.445125458635765463e-18,7.682417431072689239e-19,8.796804578556356854e-19,7.062714851871762908e-19,2.786230338706237939e-18,1.187322506143556848e-17,4.661353475274199466e-17,2.149557509503342217e-16,9.798201578477326337e-16,4.452356090414805495e-15,1.977479451460104423e-14,8.500600107918704669e-14,3.499560018608006647e-13,1.365437039879072206e-12,5.004821617310488841e-12,1.712916662335745465e-11,5.461401858015484413e-11,1.625274883657741267e-10,4.542899160972766653e-10,1.204959441186387238e-09,3.073053446204789176e-09,7.645314344339222649e-09,1.880645441284258687e-08,4.621140912527466811e-08,1.140099066432516065e-07,2.821507551944340914e-07,6.956877252436017098e-07,1.689385544335746864e-06,3.981629365730968078e-06,8.963305065108876201e-06,1.897347708285726192e-05,3.724273412346960888e-05,6.704079095479857360e-05,1.098642196182884705e-04,1.634255402685376728e-04,2.210657278793053571e-04,2.737179894961676557e-04,3.135704674140235505e-04,3.370213109701037909e-04,3.451657199736602594e-04,3.421130123884720932e-04,3.327111350124074157e-04,3.209416652457502939e-04,3.092632148970802706e-04,2.985541573902568348e-04,2.882521580641333602e-04,2.765391466438421055e-04,2.607090543909711925e-04,2.379906728850248972e-04,2.068848593818560218e-04,1.684864175878422342e-04,1.267776415754219761e-04,8.727687972178605500e-05,5.470302606383714529e-05,3.122362657675798966e-05,1.631234851429031894e-05,7.872791798093505165e-06,3.554398517120236146e-06,1.523413909161344582e-06,6.295549492436499027e-07,2.545930987227251649e-07,1.020102887153500131e-07,4.083855812435067426e-08,1.638694660817275880e-08,6.573664271797160744e-09,2.615654122187752833e-09,1.020226022596177857e-09,3.847750580140271916e-10,1.384447070499334027e-10,4.698941015788427957e-11,1.492718940465791541e-11,4.421977308341302385e-12,1.222311322051570673e-12,3.166988942932500808e-13,7.751130775289040105e-14,1.809723099472761643e-14,4.074449598298521538e-15,8.944316079818231533e-16,1.938953635295872112e-16,4.147682337984833473e-17,6.395108829885161221e-18,2.614003434632864503e-18,5.515112918807426599e-19,2.648717396998111843e-18,2.188692743076768176e-18,1.159900694551946410e-18,7.449163097445827271e-19,1.667661117640389112e-18,4.584907715918477957e-19,1.048006996333890065e-18,2.250855801051425194e-18,5.493204700857253520e-19,1.912086964786379143e-18
1.176045781450218504e-18,1.539594267493831041e-18,4.326512625448739609e-19,1.098768688513112389e-18,1.754421914289587540e-18,4.927366969288143118e-19,1.245387606924103626e-18,2.261547201812460792e-18,5.931654601607563216e-19,1.308556065083652246e-18,5.356312541496549014e-19,2.761093793441212516e-18,1.121181107153695288e-17,4.230482503019400104e-17,1.987090393057256165e-16,9.099131138804425483e-16,4.151083663332637290e-15,1.849097246096500441e-14,7.972312087564262884e-14,3.290327620213299482e-13,1.285853901241090046e-12,4.714749906851860355e-12,1.611842600624508208e-11,5.125808645127525211e-11,1.519463949023650765e-10,4.226760042595693035e-10,1.115381807277358099e-09,2.831288013238160302e-09,7.019167946941287551e-09,1.723655652807816613e-08,4.236996603209480361e-08,1.047865043743958663e-07,2.603869599657169252e-07,6.453339861296714556e-07,1.575719014574884597e-06,3.732714190908519363e-06,8.436973009952827038e-06,1.790189830251114929e-05,3.514649278528963030e-05,6.311596976697658235e-05,1.028853555558726827e-04,1.517686594375539750e-04,2.029710407239402844e-04,2.477923040931585201e-04,2.793165213456827640e-04,2.950870680290996898e-04,2.971710403365796622e-04,2.901896554709378312e-04,2.790279281186097411e-04,2.674102821682896453e-04,2.574611082834967596e-04,2.497915589884214900e-04,2.436776038284938297e-04,2.371902221630780520e-04,2.274497814910172544e-04,2.113391327056571495e-04,1.868197486889777183e-04,1.543745648948492233e-04,1.175123516464237537e-04,8.157259673805119593e-05,5.138557727691387648e-05,2.938903238219184037e-05,1.534442818355742842e-05,7.385391030474948649e-06,3.320100074932930811e-06,1.415636719987267880e-06,5.818672019868987527e-07,2.341569740070601870e-07,9.347143476529956483e-08,3.734408738334422022e-08,1.498471439772637146e-08,6.023421572704542734e-09,2.405704937697719946e-09,9.428844103012163255e-10,3.574489547505977444e-10,1.292271295038046332e-10,4.402677314625679005e-11,1.401977687437107947e-11,4.156889423988187810e-12,1.148398714334586127e-12,2.970223540239665267e-13,7.250640854805173742e-14,1.687854400703467028e-14,3.788561870987780696e-15,8.289398732846081948e-16,1.793437312176706707e-16,3.807377668914997238e-17,4.878375426189763135e-18,2.309747413034935390e-18,1.911289575419042716e-18,3.177782813103054277e-18,1.431345924677444291e-18,7.961052518283398804e-19,1.270557466572095359e-18,1.161642066786633201e-18,8.262529864757193501e-19,1.013625584005864642e-18,1.439113551696503234e-18,4.958088287794851540e-19,2.413711595723230190e-18
2.604164579273101787e-19,9.981635333127283156e-19,4.546204084305380532e-19,2.376696978136210176e-18,2.133312440476660352e-18,8.340747135828160692e-19,1.862305485158153793e-18,2.660212929925940422e-18,1.383049758385319536e-18,6.016184584673110820e-19,8.465360741534898040e-19,2.030864778373222475e-18,9.424678882275522881e-18,3.856281065160280314e-17,1.827864814670129732e-16,8.459887885795008184e-16,3.870387367473527648e-15,1.729144225055270000e-14,7.476469936173752721e-14,3.093267525639250661e-13,1.210730112890946132e-12,4.440759083165700849e-12,1.516505628780932262e-11,4.810344761656387212e-11,1.420504748765135275e-10,3.932908098961005659e-10,1.032656437439934622e-09,2.609345016345075616e-09,6.447040710720584493e-09,1.580601603223678145e-08,3.887093633190689303e-08,9.636856238763980442e-08,2.404423862062566790e-07,5.989288046111874025e-07,1.470291837909522868e-06,3.500380164460193021e-06,7.943121415277380092e-06,1.689325826834514171e-05,3.317293344348736151e-05,5.943281301241363390e-05,9.638018349991870595e-05,1.410094436626890704e-04,1.864749494302024027e-04,2.244906731866425662e-04,2.489980148093233676e-04,2.585438621627999417e-04,2.559582399400722372e-04,2.461670127102508101e-04,2.339459211184696092e-04,2.226988042638072872e-04,2.142242074861915317e-04,2.089232838084833252e-04,2.059991832652166186e-04,2.035253589059813240e-04,1.985820160802820073e-04,1.878459063658026841e-04,1.688586189759173439e-04,1.415608620993173824e-04,1.089945097212542392e-04,7.627677185828013050e-05,4.828514641455244801e-05,2.766910169836852280e-05,1.443730089205477771e-05,6.930061091950550046e-06,3.102347423177433609e-06,1.316084686789247851e-06,5.380898697648258296e-07,2.154965590655714433e-07,8.570406284355349233e-08,3.417083854046016177e-08,1.371063694168719258e-08,5.522051665108870458e-09,2.213504328639983874e-09,8.716604502142470223e-10,3.321230160128263356e-10,1.206323507663417635e-10,4.125051427386190301e-11,1.316661962111449121e-11,3.907320056912422822e-12,1.078858136354678418e-12,2.785524677161611764e-13,6.782528621315621475e-14,1.574310797061060192e-14,3.523030817685221610e-15,7.681924355480764181e-16,1.652827812019443812e-16,3.496544879245384162e-17,4.164450363247781178e-18,1.862484104912884017e-18,2.889024198049138207e-18,2.801834423986956783e-18,1.615436330204628492e-18,2.435144962026985225e-19,1.878386362473745733e-18,1.455734515941414219e-18,1.674261805050302563e-18,1.107536125937527835e-18,7.327867857385469198e-19,1.373085954132455863e-18,2.557643713676679285e-18
1.411953320633122274e-18,5.601343167257047636e-19,1.253278530451275628e-19,3.340337431470941767e-18,1.966216984491068333e-18,1.046565461736126312e-18,1.836013511123925274e-18,2.546880511050936899e-18,1.374149784316477486e-18,1.203662741596140247e-18,1.140357424500195891e-18,1.185674570494007660e-18,7.160286961853811769e-18,3.551744284573505529e-17,1.682085573173961434e-16,7.876335981088923322e-16,3.608890329684217497e-15,1.617122370478519814e-14,7.011461193587508110e-14,2.907834236759161880e-13,1.139879851134166503e-12,4.182194565687023687e-12,1.426660916371022002e-11,4.514056782240963154e-11,1.328027111088646627e-10,3.659968654764400798e-10,9.563078275397845641e-10,2.405711063701419958e-09,5.924512297397904194e-09,1.450295114138717481e-08,3.568478324495140518e-08,8.868785992623531672e-08,2.221701764272075389e-07,5.561769546812302810e-07,1.372547797628159258e-06,3.283633953505451687e-06,7.480019656257720471e-06,1.594445726323533800e-05,3.131601208271843481e-05,5.597831688750244282e-05,9.031926330215233917e-05,1.310822895447454420e-04,1.714405862063336089e-04,2.035531801540125922e-04,2.221711976040103415e-04,2.267121551275671576e-04,2.205903144793374825e-04,2.088733720520914098e-04,1.961255580812765415e-04,1.853970142329671410e-04,1.781785880868266597e-04,1.747080783259401433e-04,1.741782654620450716e-04,1.747428150821840945e-04,1.735381019451858722e-04,1.671444949798260452e-04,1.527864985802836911e-04,1.299306055926170939e-04,1.011678626805131005e-04,7.136339565361569254e-05,4.538984499620997491e-05,2.605810557951760196e-05,1.358792803509194893e-05,6.505062718659927873e-06,2.900129533362848867e-06,1.224191160700976493e-06,4.979247724087609482e-07,1.984658193856480959e-07,7.864166262417535133e-08,3.129061503338530576e-08,1.255358888817795364e-08,5.065476797648626592e-09,2.037667641949947897e-09,8.061191780104800499e-10,3.086704694594479180e-10,1.126256987966771395e-10,3.865151883828710942e-11,1.236532544986707230e-11,3.672617342339413140e-12,1.013502093604009761e-12,2.612336144480824421e-13,6.345080919914159611e-14,1.468596080431817723e-14,3.277012155852458459e-15,7.124366071195735201e-16,1.521319463421044298e-16,3.237164154349366897e-17,4.297000632946931815e-18,1.025257661477627494e-18,2.505699455018756692e-18,1.693426989133848452e-18,1.487549199903802686e-18,3.766877835139524906e-19,2.224373203011446491e-18,2.060234011034023958e-18,1.672926512457399962e-18,1.459721289861582819e-18,2.905361417862384563e-18,1.798029779508076808e-18,2.341001542678636980e-18
1.771617558299430726e-18,1.838908983744499662e-18,7.314460938154561925e-19,3.377776585944902413e-18,1.202082082047813124e-18,1.179363120701969506e-18,1.103130740460801520e-18,2.006852334388681427e-18,8.982745411650662130e-19,2.263088494486011483e-18,1.199521231733864186e-18,1.213972733032846529e-18,5.138319895769986531e-18,3.300137719250951189e-17,1.556384839239238148e-16,7.337387013712581806e-16,3.365480963029519565e-15,1.512528855862024161e-14,6.575753204833516571e-14,2.733501007857899756e-13,1.073121041256925266e-12,3.938414590925031193e-12,1.342069237116873568e-11,4.236019645148940812e-11,1.241675322588751098e-10,3.406634496060192549e-10,8.858884160379301023e-10,2.218974710888754213e-09,5.447490412716285501e-09,1.331641592119255770e-08,3.278435103663510174e-08,8.168160381189805266e-08,2.054345805621882324e-07,5.168036124600212068e-07,1.281964323104690557e-06,3.081532544702895842e-06,7.046008392597075130e-06,1.505250342821341718e-05,2.956989268514894316e-05,5.274000464657790178e-05,8.467465555803911008e-05,1.219257690126489117e-04,1.577416827959916281e-04,1.847437502509862990e-04,1.984393188893832853e-04,1.989935207348903585e-04,1.902533783566594618e-04,1.773026168187890293e-04,1.644262572330062316e-04,1.543098107110010332e-04,1.481606128263839495e-04,1.460909313695701775e-04,1.473254945514841999e-04,1.501487194175635666e-04,1.518202855587998524e-04,1.489088073429729430e-04,1.384091912204173580e-04,1.193786153893671174e-04,9.398009553119271605e-05,6.680796828072182352e-05,4.268835254099368701e-05,2.455054948593393734e-05,1.279339212974261318e-05,6.108734650581009301e-06,2.712489323213977242e-06,1.139424997768025939e-06,4.610949054777815998e-07,1.829300325361800558e-07,7.222314018721146277e-08,2.867755106143595107e-08,1.150334710544458747e-08,4.649932941691640348e-09,1.876907945275446316e-09,7.458528375081504575e-10,2.869713245697916363e-10,1.051740310709230773e-10,3.622099317720489612e-11,1.161357002514021779e-11,3.452144644977020985e-12,9.521477185166848153e-13,2.450117569601111169e-13,5.936623466251739698e-14,1.370238398678716289e-14,3.049339662558199029e-15,6.615529901606572679e-16,1.403410452583535861e-16,3.024340836656415642e-17,4.865154545573908889e-18,4.790997168335872399e-19,1.361284282716052202e-18,1.129659854963095929e-18,1.104269953066118570e-18,1.015158140725062792e-18,2.217540667153124084e-18,2.017322096400025672e-18,9.205127318635072846e-19,1.711684992168763163e-18,4.103833263591560348e-18,1.706867055218886782e-18,1.787316441747457535e-18
1.222185275346210097e-18,2.931888387011850447e-18,1.231469040904164215e-18,2.710970971561340537e-18,7.509847921332203392e-19,1.318847068080895954e-18,3.807004751832293768e-19,1.188077652634195602e-18,9.860738890002094792e-19,2.169830470176472086e-18,1.062203744096108861e-18,2.292107856390555663e-18,4.118889852103266610e-18,3.070152459732213108e-17,1.450108459102358914e-16,6.831560931543841369e-16,3.139266671697162094e-15,1.414896300988641558e-14,6.167880219702132740e-14,2.569756053561354930e-13,1.010275999842893972e-12,3.708792336125163348e-12,1.262497618682113474e-11,3.975338537310218783e-11,1.161108478222263609e-10,3.171665542213651283e-10,8.209778552647854263e-10,2.047822203216048386e-09,5.012193410456917126e-09,1.223634384947556164e-08,3.014471356464823056e-08,7.529208762493654900e-08,1.901103158869368588e-07,4.805533835261014692e-07,1.198051411263669969e-06,2.893182781514806932e-06,6.639501118525084778e-06,1.421451839945604546e-05,2.792895905361033232e-05,4.970594255658130028e-05,7.941991706798121249e-05,1.134824987006939086e-04,1.452619931139693065e-04,1.678483802280959531e-04,1.774483204515210036e-04,1.748619733353988027e-04,1.642418973470719217e-04,1.505926334341394076e-04,1.378789835650244804e-04,1.284266721956740483e-04,1.231869645168037557e-04,1.221770967144127161e-04,1.246809284939303470e-04,1.291437438035446012e-04,1.329929283504706513e-04,1.328492384070939676e-04,1.255515983480648390e-04,1.098086398017032923e-04,8.738266632117565552e-05,6.258747191568930855e-05,4.016992121879177531e-05,2.314118043714287213e-05,1.205090071487342728e-05,5.739494537322835430e-06,2.538522913879925700e-06,1.061289335878795061e-06,4.273433949306668533e-07,1.687651180322057219e-07,6.639246780482997055e-08,2.630795787441120204e-08,1.055053353978288744e-08,4.271951910850697716e-09,1.730031431540153258e-09,6.904799748112745766e-10,2.669122688663293161e-10,9.824574721998245801e-11,3.395047718265985215e-11,1.090910178910792911e-11,3.245282832050425177e-12,8.946173531344154051e-13,2.298344135229645435e-13,5.555579246143225802e-14,1.278804597689847496e-14,2.838538836210513749e-15,6.150044083344204128e-16,1.301634162477079944e-16,2.833284276016301934e-17,5.377217720244785626e-18,1.663328130657004735e-18,1.787281767209964930e-18,2.164174835018649372e-18,1.786425891357762980e-18,1.590706863500900206e-18,1.750830014224175881e-18,1.333165905453419674e-18,4.021056762875012365e-19,1.473019034384041515e-18,3.476043313454136100e-18,1.398573689977908068e-18,1.036573710516976713e-18
1.126870850871118343e-18,2.930214793643056025e-18,8.858465665704573977e-19,2.179273575565436648e-18,1.697645042178029207e-18,1.232978229315393503e-18,9.521863488231198959e-19,1.876874801847483611e-19,1.159835343615351126e-18,1.124585872761006225e-18,9.397956572560426816e-19,3.421406988512513322e-18,4.735172996094502318e-18,2.837418250380205501e-17,1.356386091739331851e-16,6.353622504145484007e-16,2.929402900027499004e-15,1.323826924541181437e-14,5.786419085361516048e-14,2.416099648407377098e-13,9.511721406694882199e-13,3.492717840407006355e-12,1.187719897581781802e-11,3.731150458865117341e-11,1.086000712975279749e-10,2.953888126045112557e-10,7.611821840106455262e-10,1.891033051362622868e-09,4.615132870677593405e-09,1.125349236318487568e-08,2.774302675464365970e-08,6.946635974681165167e-08,1.760819376982227691e-07,4.471893235690012665e-07,1.120350473216159544e-06,2.717740664482437312e-06,6.258985164086056528e-06,1.342774182306028755e-05,2.638782437105070467e-05,4.686475121225013078e-05,7.453008740116373251e-05,1.056989965711586883e-04,1.338947141375987360e-04,1.526734356895218751e-04,1.588828107114026065e-04,1.538560376656834643e-04,1.419454186216584260e-04,1.280061701163717075e-04,1.156621649849974435e-04,1.068949832181624555e-04,1.024284893778018210e-04,1.022093349600018707e-04,1.055964998151920521e-04,1.112111922714031746e-04,1.166754364311391428e-04,1.187090389834129651e-04,1.140561279522505950e-04,1.011327719489259040e-04,8.133063502676155800e-05,5.868033680011380658e-05,3.782437657663299753e-05,2.182499203819909209e-05,1.135778912494809992e-05,5.395839273587389104e-06,2.377378637668336739e-06,9.893202937807954189e-07,3.964324463200403768e-07,1.558569798559459512e-07,6.109834397290776968e-08,2.416017481177455744e-08,9.686559504193370136e-09,3.928343673182442280e-09,1.595932748774341192e-09,6.396444656057952469e-10,2.483865348032267905e-10,9.181079160510205862e-11,3.183185412184655312e-11,1.024974598656045785e-11,3.051432427913924492e-12,8.407391277639520323e-13,2.156508136770098889e-13,5.200504433228949354e-14,1.193902584777781297e-14,2.643159419584175093e-15,5.720754270741630759e-16,1.215429710988557113e-16,2.646454307745320658e-17,5.596714103648286180e-18,2.446397404249033613e-18,2.330093944872918008e-18,2.969776692164592600e-18,2.033592838612033065e-18,1.838032662652101651e-18,1.134049697587411688e-18,1.035238012591809154e-18,6.501893425128992838e-19,7.982534634221807418e-19,1.420967140474236443e-18,1.528960713954729467e-18,9.117270353924086426e-19
1.824648734025640613e-18,1.704190392178403043e-18,2.341070866621307714e-19,1.914594077335762799e-18,2.475947016993597158e-18,7.121261273895941163e-19,1.176696961246994625e-18,9.333697824984940514e-19,7.633397836640384928e-19,1.423440661846890613e-18,9.420685962354265082e-19,3.912304907632501016e-18,6.124992743345195048e-18,2.604697725298228488e-17,1.266683869588608100e-16,5.906160705214603675e-16,2.734928355509051105e-15,1.238993145587135395e-14,5.429969820552483182e-14,2.272044664477875375e-13,8.956425773231391541e-13,3.289599463766468984e-12,1.117517185535615783e-11,3.502625470795102201e-11,1.016041329322022782e-10,2.752193941937484014e-10,7.061329224113404676e-10,1.747475509176457021e-09,4.253096338495622706e-09,1.035938883202149179e-08,2.555838597568918190e-08,6.415590239869739986e-08,1.632432255509796826e-07,4.164919628563732483e-07,1.048433126853566201e-06,2.554410450446963252e-06,5.903022202889320142e-06,1.268953483207995350e-05,2.494133865849315255e-05,4.420561263461717086e-05,6.998166777518243311e-05,9.852552892413206853e-05,1.235419115588237194e-04,1.390440253009515522e-04,1.424623221030455627e-04,1.355715316257290280e-04,1.228366993827665721e-04,1.089139408072174286e-04,9.708063296150297981e-05,8.899683087576676138e-05,8.518746045751339566e-05,8.554805779709838051e-05,8.952059089971108909e-05,9.590640072611368193e-05,1.025358701857577676e-04,1.062609715410725835e-04,1.037811942301856066e-04,9.327088249727949671e-05,7.578248884660153178e-05,5.506640194678551149e-05,3.564211474839735691e-05,2.059722755300292927e-05,1.071152223305243423e-05,5.076344826849482331e-06,2.228255836597476506e-06,9.230856150837668115e-07,3.681422997332241592e-07,1.441008665230031846e-07,5.629386571855552021e-08,2.221442595568447671e-08,8.903571773977588470e-09,3.616179012711105707e-09,1.473590313320256255e-09,5.930144941882432745e-10,2.312937424442992171e-10,8.584064727249361428e-11,2.985735790193631745e-11,9.633408007658515821e-12,2.870015052997735955e-12,7.903473368412666995e-13,2.024122066310819963e-13,4.870077377799562399e-14,1.115171348871880556e-14,2.462146340275384096e-15,5.322114853656736653e-16,1.141324450440068978e-16,2.468276823504629242e-17,5.492304283785328964e-18,2.536633892053648083e-18,1.549362332521569247e-18,3.010790630066337395e-18,1.076958404411435501e-18,1.614914227382403884e-18,1.452532283276787678e-18,1.423841086356043137e-18,9.218812679613385903e-19,7.836777089985978628e-19,1.859172956003154036e-18,2.009038152162797023e-18,1.465379833545849697e-18
1.925947583154150240e-18,1.278927448404629192e-18,1.037566703874236125e-18,1.378100248359097559e-18,2.685798425688433702e-18,5.107654229466138202e-19,1.288374202987796096e-18,1.902660870618758139e-18,9.235883411022560678e-19,2.314857490151811012e-18,1.115019127584763175e-18,3.459529403993098134e-18,7.109115139993091822e-18,2.401879499843218341e-17,1.176235407683383485e-16,5.495163647525584605e-16,2.554734553199136230e-15,1.160101839467686641e-14,5.097158107534057299e-14,2.137120671438456360e-13,8.435264792283634438e-13,3.098864868029824740e-12,1.051678259057857462e-11,3.288967637535044063e-11,9.509348308426781538e-11,2.565538718702306853e-10,6.554861084219166339e-10,1.616102013366848734e-09,3.923130378887640924e-09,9.546278311720179119e-09,2.357168906559597947e-08,5.931632332282830428e-08,1.514965888952725962e-07,3.882583433492686708e-07,9.818999537364182920e-07,2.402443583717605345e-06,5.570248318789806329e-06,1.199738256816464624e-05,2.358459428949451079e-05,4.171827355444504933e-05,6.575259336694888135e-05,9.191595056966507190e-05,1.141139555918806051e-04,1.268024583011654878e-04,1.279378496159921485e-04,1.196550273097703767e-04,1.064611309918987747e-04,9.277977097866426629e-05,8.154728072286568580e-05,7.412889949922436481e-05,7.087789119467348387e-05,7.165407200496286667e-05,7.598452187795091170e-05,8.284734065868388034e-05,9.028519234093517832e-05,9.530424355885149380e-05,9.459981050522435746e-05,8.615007210813247385e-05,7.069996601022300771e-05,5.172687146072160475e-05,3.361409653632288800e-05,1.945338119541016939e-05,1.010969525697001335e-05,4.779665617075013509e-06,2.090403488875513032e-06,8.621832774741029596e-07,3.422701999245948948e-07,1.334007525894639574e-07,5.193621472904935551e-08,2.045268304906598433e-08,8.194400782238911063e-09,3.332772668245958097e-09,1.362061656229119231e-09,5.502815011249345607e-10,2.155397225098336437e-10,8.030832251371987884e-11,2.801957787403504861e-11,9.058076198082810152e-12,2.700473992005282810e-12,7.432825419973472551e-13,1.900721391944900759e-13,4.563049245032743567e-14,1.042266073483396795e-14,2.294936114791344006e-15,4.952131875927517335e-16,1.073995855943480384e-16,2.314395646923855998e-17,5.065618413915782956e-18,2.221262814708649941e-18,1.577840727040224283e-19,2.372893812490812487e-18,8.297294422830116564e-19,1.028391400617594054e-18,2.133098228120990099e-18,1.227382671507228148e-18,1.812294266504350733e-18,1.660389988783667030e-18,3.497363173539084569e-18,2.183625556595546780e-18,1.530015038878862709e-18
1.775219238924956649e-18,2.691903480711986989e-18,1.261405112166849589e-18,1.599203691678083496e-18,2.313445760705733380e-18,1.380335001320686566e-18,1.763706437085006334e-18,2.438217620060740343e-18,1.708895271012349270e-18,2.207262238374267693e-18,1.582169844879720445e-18,2.286568818501755591e-18,7.232854505292442503e-18,2.253926232116483117e-17,1.086509340884737185e-16,5.123455890951706628e-16,2.387696001590803941e-15,1.086847450070866102e-14,4.786664358529876338e-14,2.010879296010689366e-13,7.946691643054151958e-13,2.919961783861379334e-12,9.899998872168712204e-12,3.089415695491619283e-11,8.904008701587454147e-11,2.392940668510001731e-10,6.089212937079964935e-10,1.495944636441955900e-09,3.622524075271597800e-09,8.807073350932527130e-09,2.176550556323479206e-08,5.490706132924851546e-08,1.407524951114387889e-07,3.623010758057068883e-07,9.203792363397251900e-07,2.261137489345430392e-06,5.259373681158872593e-06,1.134889582763975392e-05,2.231292971417344468e-05,3.939304526005559827e-05,6.182220007381319449e-05,8.582754059027774586e-05,1.055289713257442664e-04,1.158067894874323877e-04,1.150886644228494009e-04,1.057979512881178217e-04,9.242735411063790832e-05,7.914758812825668679e-05,6.856714817868657483e-05,6.178511468357427469e-05,5.900855315549698800e-05,6.007363817530035063e-05,6.459075767118165751e-05,7.170632126518199968e-05,7.967211087961215165e-05,8.566170728878560981e-05,8.639827606971856716e-05,7.970414626355506787e-05,6.604787991066050120e-05,4.864426734436471501e-05,3.173183873343045770e-05,1.838919780545922021e-05,9.550033720199236939e-06,4.504533505456068498e-06,1.963118697324454968e-06,8.062400848750298599e-07,3.186293894807749435e-07,1.236687446218414478e-07,4.798635842635783108e-08,1.885853514574686249e-08,7.552511135332554523e-09,3.075667051966457173e-09,1.260478845195444682e-09,5.111591147354346646e-10,2.010363239790654631e-10,7.518833103710560364e-11,2.631146137494235770e-11,8.521824196810548001e-12,2.542274300282574156e-12,6.993915393019716565e-13,1.785865166465834373e-13,4.278192034610043172e-14,9.748479811994172753e-15,2.141186045797954018e-15,4.611604008565636207e-16,1.008013564536503675e-16,2.193000815781243950e-17,4.384114823704232487e-18,2.058752638586381882e-18,1.782946946691147125e-18,1.530114086625699380e-18,2.381216804373117656e-18,7.708359139537922113e-19,2.333922327288759933e-18,6.062764387989819187e-19,2.488430004144619129e-18,2.591058876748045927e-18,3.587988949041008082e-18,1.819878450151899371e-18,8.738369132245028653e-19
2.143450632184894884e-18,2.977288644238734274e-18,1.029755711224669773e-18,2.513929695951530078e-18,1.459210404560202432e-18,1.887814994200691825e-18,2.016300740151742044e-18,2.395062876573372955e-18,1.789903106072593965e-18,1.383752725304900857e-18,1.990273534342237087e-18,9.620772921485704628e-19,6.593699308729359910e-18,2.144995011455947961e-17,1.002905420218522628e-16,4.787355753441350212e-16,2.232864556913000048e-15,1.018888158152258016e-14,4.497264828817736954e-14,1.892897679938795608e-13,7.489220554201496087e-13,2.752358886772559236e-12,9.322871099304607340e-12,2.903243493427398525e-11,8.341741200062011407e-11,2.233478756163479432e-10,5.661405150525631817e-10,1.386110596546352476e-09,3.348793074753146683e-09,8.135306056503631967e-09,2.012395253813058290e-08,5.089110656475473387e-08,1.309289222059092119e-07,3.384474228794150518e-07,8.635256896223851813e-07,2.129834255939002286e-06,4.969181875567032022e-06,1.074181190914371620e-05,2.112193154058942716e-05,3.722080036668302380e-05,5.817118665032942480e-05,8.022083579783872227e-05,9.771230710978477587e-05,1.059294539046110224e-04,1.037193934901918334e-04,9.373128243116572223e-05,8.039896140998880909e-05,6.763006874117700432e-05,5.772366152386109665e-05,5.154171369830318802e-05,4.916837809693746749e-05,5.042557900651760991e-05,5.500265147159723539e-05,6.220268747944441017e-05,7.047847222838664175e-05,7.717731289770607330e-05,7.907495623322382432e-05,7.387311443269673275e-05,6.179394509987502478e-05,4.580237957478186332e-05,2.998740303752711213e-05,1.740067107445541404e-05,9.030392657648796654e-06,4.249756446248916021e-06,1.845745070796627053e-06,7.549102579901824755e-07,2.970481314276758019e-07,1.148245138899434290e-07,4.440876674933101445e-08,1.741706530176557634e-08,6.971954605167474130e-09,2.842616627770540558e-09,1.168044017463584810e-09,4.753820796300280933e-10,1.877012101573114472e-10,7.045666665140534897e-11,2.472631434194443534e-11,8.022812796222825360e-12,2.394903073256445018e-12,6.585274238686712255e-13,1.679134148755773601e-13,4.014280707990459135e-14,9.125842600834176551e-15,2.000339507690149960e-15,4.301426349664549651e-16,9.399431143692957729e-17,2.095621284678851434e-17,3.674075744214632264e-18,2.178250202848176137e-18,2.614833710478279570e-18,1.077913340285414814e-18,3.008617337659152447e-18,1.585847235636402838e-18,2.153050729707770685e-18,1.207475683621633300e-18,2.345632290305533036e-18,3.396807274741577501e-18,2.453996137114413628e-18,1.122145756679306653e-18,1.092548217114418697e-18
2.277111765021445489e-18,1.737536869108273023e-18,1.226356746481091419e-18,2.516498612687381715e-18,4.431062990574010838e-19,1.689853954921706716e-18,1.636670514662784019e-18,1.892368603636117638e-18,9.450018867060724366e-19,6.998345430929711398e-19,1.808020590832405876e-18,3.411806507649448443e-20,5.532843302332583723e-18,2.028637875746786051e-17,9.302621547336394490e-17,4.478992196253126486e-16,2.089579641200944084e-15,9.558618444950471552e-15,4.227857655486934474e-14,1.782778083905740103e-13,7.061426877570663628e-13,2.595546876980416189e-12,8.783534711419251906e-12,2.729760250041957217e-11,7.820040788930935459e-11,2.086290826591694842e-10,5.268672551806247458e-10,1.285777860829312939e-09,3.099664260615949268e-09,7.525082562224801582e-09,1.863257726504562842e-08,4.723473604893619793e-08,1.219508377949970619e-07,3.165384130411498809e-07,8.110191989778325374e-07,2.007919232882690245e-06,4.698528933898019904e-06,1.017399473713856208e-05,2.000743511592175785e-05,3.519296684274802475e-05,5.478157305731654123e-05,7.505946369049347337e-05,9.059602366439737102e-05,9.705599184662375156e-05,9.365735379596421982e-05,8.322080420444635579e-05,7.008718729239395043e-05,5.789876442378436326e-05,4.866677588469123716e-05,4.304444622880131550e-05,4.101395162407439713e-05,4.239019306270701493e-05,4.693555409227436576e-05,5.409641589879178353e-05,6.251516023926312251e-05,6.971380066569513631e-05,7.253915373463465984e-05,6.860271493571444871e-05,5.790860644333213815e-05,4.318621416648047172e-05,2.837338289026726989e-05,1.648404047911119260e-05,8.548755153472256920e-06,4.014216852913306682e-06,1.737671026808992735e-06,7.078740365679320719e-07,2.773687664203983586e-07,1.067947573854371311e-07,4.117114509809574765e-08,1.611473448323140003e-08,6.447325701211067877e-09,2.631573009665181494e-09,1.084025052648292870e-09,4.427051933716224443e-10,1.754576468511444539e-10,6.609077338944126107e-11,2.325780037649710313e-11,7.559291298528538321e-12,2.257870202534876070e-12,6.205498765598390227e-13,1.580128039880065629e-13,3.770120249133096227e-14,8.551562131706430852e-15,1.871367993151057399e-15,4.020037857500632304e-16,8.697125647112538517e-17,1.997851979798458427e-17,3.090900307192730065e-18,2.275017925851536041e-18,2.635767186827300406e-18,8.978498223191396559e-19,2.630754085241203678e-18,2.387874698996287365e-18,2.132318334930975405e-18,1.698444367379468123e-18,1.727733222125813504e-18,3.666756993441394843e-18,1.405895085548528448e-18,5.397011891744446159e-19,2.476343968399101273e-18
1.747873362232194821e-18,3.038841950035726533e-19,1.396223638743187596e-18,1.211101374302136737e-18,8.666128897074397558e-19,9.594943572583474403e-19,9.512583245227108250e-19,1.152767139267161925e-18,9.777070054648486126e-19,3.288321770714356981e-19,9.382261570896035100e-19,4.730988886406123976e-19,4.490580886593926189e-18,1.874015209721882063e-17,8.699480444146491577e-17,4.191942591241338860e-16,1.957400956716120792e-15,8.974282493356466583e-15,3.977451952647895028e-14,1.680144111689859741e-13,6.661948862716779938e-13,2.449039532500818826e-12,8.280212025137218149e-12,2.568310658030569765e-11,7.336548248574218581e-11,1.950571624483509684e-10,4.908454045189704019e-10,1.194190872608157068e-09,2.873061112859451072e-09,6.971039995200947430e-09,1.727824687101035881e-08,4.390726475968399356e-08,1.137497054615384572e-07,2.964279891160570917e-07,7.625635748950588831e-07,1.894819564407861481e-06,4.446342105199554029e-06,9.643434332846505556e-06,1.896552374478174162e-05,3.330151960794422835e-05,5.163665577715540915e-05,7.030997644430134457e-05,8.411840591267125610e-05,8.908386344913817143e-05,8.475012814823791151e-05,7.406286809539614152e-05,6.124448834492454198e-05,4.967554209829277002e-05,4.110279050724577690e-05,3.599763655317388805e-05,3.425883291949237283e-05,3.569975135659141715e-05,4.014913160736961284e-05,4.718251604162528078e-05,5.561845740651273298e-05,6.315061714552205397e-05,6.671006880071797443e-05,6.384396634834927330e-05,5.436487251621064526e-05,4.078193986650151503e-05,2.688288855909646714e-05,1.563578708155255042e-05,8.103230296166156923e-06,3.796869726908687731e-06,1.638328040961471880e-06,6.648363048181622024e-07,2.594468085444713744e-07,9.951268820809880856e-08,3.824418363760849496e-08,1.493927275436763843e-08,5.973719879295184017e-09,2.440670823271470726e-09,1.007751408434786753e-09,4.129022603182542022e-10,1.642342859603081166e-10,6.206951205767213220e-11,2.189993854110390359e-11,7.129598358235647357e-12,2.130709390942121849e-12,5.853255716152863503e-13,1.488464154031582959e-13,3.544595287386144998e-14,8.022687211004503054e-15,1.752901703918984690e-15,3.762791216817311322e-16,8.003484806402842848e-17,1.870291038311000029e-17,2.438307832907191148e-18,2.233756636965802550e-18,2.125543394567253509e-18,7.502109706085808982e-19,2.018686097557137189e-18,2.572458187021735630e-18,2.392613120333354484e-18,1.431746650110112085e-18,1.636602568737173064e-18,3.032575449199709618e-18,1.175274712040978727e-18,4.905270410825591101e-19,3.329844538282263048e-18
1.578034501586943847e-18,1.968250953727243730e-18,9.254965190668187122e-19,1.021269260817712473e-18,1.349413308485883663e-18,9.380582978253200455e-19,7.362356714161029623e-19,2.700206196740294336e-19,2.297990885676478975e-18,5.917918568684764257e-19,1.207310642581751229e-18,7.211179862438171823e-19,3.984998287683140943e-18,1.688493916494808472e-17,8.196644244792671559e-17,3.925153106751113265e-16,1.835896011829867435e-15,8.433044743390168589e-15,3.745120816492005382e-14,1.584636088822234340e-13,6.289490833856145780e-13,2.312374368314478168e-12,7.811213501806597390e-12,2.418274844186230946e-11,6.889047301716451702e-11,1.825570738627459905e-10,4.578382333616803286e-10,1.110656426880589608e-09,2.667089800423319272e-09,6.468305990972637525e-09,1.604904498247526363e-08,4.088081233282341872e-08,1.062630191119145254e-07,2.779821943332538597e-07,7.178853331091542666e-07,1.790002680734267023e-06,4.211618405993109073e-06,9.148245701535500588e-06,1.799252667730620516e-05,3.153896999925155696e-05,4.872096077362857109e-05,6.594168723144989985e-05,7.822349893004084992e-05,8.192135108539728983e-05,7.686336852379689990e-05,6.608062543539418006e-05,5.365892350174295981e-05,4.272518601992637946e-05,3.478562718490993004e-05,3.015486490874819106e-05,2.866446163779160758e-05,3.013037537764076974e-05,3.444074702388047341e-05,4.128615048258737341e-05,4.964682630798199095e-05,5.738203983781554879e-05,6.151584447408219773e-05,5.955274586278272496e-05,5.113815413751995138e-05,3.857683406896384305e-05,2.550953076591264156e-05,1.485262834882870720e-05,7.692050633704164298e-06,3.596740594734887363e-06,1.547188866220160845e-06,6.255252496973696250e-07,2.431500827901352922e-07,9.291755588963399193e-08,3.560132294502313070e-08,1.387957771741047298e-08,5.546694406066345908e-09,2.268214358650835284e-09,9.386101369158508113e-10,3.857650701902298405e-10,1.539649473885480563e-10,5.837312416826576023e-11,2.064710002992683309e-11,6.732162334120606517e-12,2.012978870296329867e-12,5.527284561664166161e-13,1.403778710847562653e-13,3.336704343449651793e-14,7.536542726467646025e-15,1.643664707839449323e-15,3.523593662989867695e-16,7.364035238520958098e-17,1.700262630699197779e-17,1.483474679585192691e-18,2.132872957639467966e-18,1.103810238122442457e-18,1.195055749482121033e-18,1.935653481784658207e-18,2.018238089330429903e-18,2.583298195200046621e-18,8.563981747323999199e-19,1.678488724516362553e-18,1.596267167489424237e-18,8.948143080059692892e-19,9.657305903180966774e-19,3.137446903841894071e-18
1.969034709374412628e-18,2.392169008061795207e-18,5.490534357715975093e-19,2.751170617724933620e-18,1.237068188067971740e-18,1.735756787096468303e-18,6.359114238076875575e-19,8.332938562682981180e-19,2.873531377313072732e-18,1.221140807669370579e-18,2.555314361913919537e-18,1.102899376795463828e-18,4.107308179679820245e-18,1.500025438124629382e-17,7.751303739447223686e-17,3.681702614032900482e-16,1.724427875035049570e-15,7.932677716576685810e-15,3.529945299123419258e-14,1.495908540831346373e-13,5.942826226362789626e-13,2.185112721532269166e-12,7.374938425537681510e-12,2.279068185797185686e-11,6.475461463428674373e-11,1.710590503110154475e-10,4.276273825608473271e-10,1.034539713673389963e-09,2.480026034213365696e-09,6.012460772635252318e-09,1.493417531901156637e-08,3.813008526314192415e-08,9.943386558068543762e-08,2.610783980135434924e-07,6.767325076424356202e-07,1.692974764451090012e-06,3.993422986344703353e-06,8.686667202650871569e-06,1.708501599558426512e-05,2.989835338430492275e-05,4.602019470673375111e-05,6.192650994253706611e-05,7.286066890078863050e-05,7.548654694489095049e-05,6.987881223319119801e-05,5.912068615976963099e-05,4.714924880522764676e-05,3.684902247953885252e-05,2.950938335507677991e-05,2.531105142317768917e-05,2.403243857311007927e-05,2.549511578688441288e-05,2.963977499700724488e-05,3.625839388662783358e-05,4.447807127406915603e-05,5.231549493587883725e-05,5.689269336293566669e-05,5.568939467189033815e-05,4.820610877873595670e-05,3.655922848412629953e-05,2.424740315396062095e-05,1.413151214261168774e-05,7.313569209132333822e-06,3.412923296130602087e-06,1.463765742839328015e-06,5.896910602449947661e-07,2.283579064297158968e-07,8.695419683335656326e-08,3.321853581389356591e-08,1.292562010181854738e-08,5.162231866430517263e-09,2.112665030048990075e-09,8.760420950548326986e-10,3.611024079767563472e-10,1.445884017607224304e-10,5.498319405686938038e-11,1.949400377880725113e-11,6.365501212164740003e-12,1.904261437144079114e-12,5.226397170589269016e-13,1.325729783728271911e-13,3.145553970807288459e-14,7.090695412189327114e-15,1.542896672101623757e-15,3.297768538646654003e-16,6.818494715652076887e-17,1.508067944224494184e-17,6.353501828745030642e-19,2.111608278049059797e-18,7.983972889935793558e-19,1.778503212413170415e-18,1.859154226012956703e-18,1.379749697474998210e-18,2.646313178886794034e-18,5.977009000537209934e-19,1.174957889226959731e-18,5.685953914889758938e-19,1.340643036541427090e-18,1.596439692065623214e-18,2.035611584225969671e-18
1.570829792430281502e-18,1.569273491078368960e-18,1.212857186657486075e-18,3.286529811670094818e-18,1.122410124402142196e-18,2.108784137532733492e-18,7.494985606290997167e-19,1.802646484077915727e-18,2.406543442663499206e-18,1.304305814300626841e-18,3.208680812823800771e-18,1.602299472060445503e-18,4.279109215181463372e-18,1.337253760762610800e-17,7.325463014185952460e-17,3.463579017408145674e-16,1.622102789244705285e-15,7.471262555398719662e-15,3.330987001258934623e-14,1.413631288233129300e-13,5.620798828167652985e-13,2.066839451501565650e-12,6.969875078841052926e-12,2.150140990370108041e-11,6.093850645790106824e-11,1.604983885780300267e-10,4.000118801044449389e-10,9.652605442618909013e-10,2.310302697979444891e-09,5.599501779654874624e-09,1.392387211523834944e-08,3.563217435263464589e-08,9.321051541910369757e-08,2.456045623678587400e-07,6.388735029235834975e-07,1.603279208446614989e-06,3.790887345761449728e-06,8.257058467115342495e-06,1.623980252355873075e-05,2.837321518718224233e-05,4.352119495314910231e-05,5.823880320400997619e-05,6.798418954694807504e-05,6.970642254914850280e-05,6.369249599172715408e-05,5.305016483504389104e-05,4.156064794431749176e-05,3.187944103424026054e-05,2.510199118258842781e-05,2.129575020530142683e-05,2.019799077215759088e-05,2.163807060656681229e-05,2.560273152987214241e-05,3.197255758511794772e-05,4.000684262695705640e-05,4.787005297233512373e-05,5.278410165670096221e-05,5.221835016682656560e-05,4.554849144873980842e-05,3.471845505198515631e-05,2.309106387370722636e-05,1.346961002700173453e-05,6.966256254707224688e-06,3.244577663771051762e-06,1.387608617567162126e-06,5.571046747945858781e-07,2.149603158206014611e-07,8.157261472872379371e-08,3.107412489261364701e-08,1.206835634185887141e-08,4.816706275956154260e-09,1.972629647724836347e-09,8.195383593465273981e-10,3.387391011727773272e-10,1.360481560805064193e-10,5.188260978853732556e-11,1.843571113145665021e-11,6.028222194709827374e-12,1.804163940533651888e-12,4.949474804795637416e-13,1.253999469396816419e-13,2.970319131194352326e-14,6.682880660667960199e-15,1.450450135178152311e-15,3.084397259870857147e-16,6.379660740312597353e-17,1.338364654351014998e-17,1.452396910265914539e-18,2.275684857554464746e-18,2.149596656119951052e-18,2.017081313274284516e-18,1.312864603035795982e-18,1.630986163150654076e-18,2.781497469276962959e-18,1.042705437960412803e-18,1.056004827572829320e-18,1.755655134857139389e-18,1.940824983375085981e-18,1.912121537746684547e-18,1.400916264125974840e-18
2.174447119533444269e-19,8.685843702055761930e-19,1.429647945935444005e-18,2.420875402467450937e-18,1.346620467147676935e-18,1.832248089926127852e-18,1.572044797028748969e-18,2.256908258182382435e-18,1.402807799986060741e-18,1.332060111081869397e-18,2.799113805207760831e-18,1.953716363568020885e-18,4.078251876008144491e-18,1.229525434934364577e-17,6.903169928892321972e-17,3.267291509200917046e-16,1.527930076592371299e-15,7.046829133160658311e-15,3.147311644371011182e-14,1.337493370040561815e-13,5.322321671286256158e-13,1.957162687036512739e-12,6.594600587249439528e-12,2.030978061978174795e-11,5.742407547828814151e-11,1.508152390110988256e-10,3.748071903064127365e-10,9.022897714147408597e-10,2.156498264113253463e-09,5.225810808270345342e-09,1.300931720230066002e-08,3.336636704192396553e-08,8.754604155446889064e-08,2.314585513320704731e-07,6.040959901137818582e-07,1.520495080020078529e-06,3.603207430935630189e-06,7.857897924218941354e-06,1.545393088286024197e-05,2.695759557971232781e-05,4.121187893146083166e-05,5.485521942239657565e-05,6.355285414955950311e-05,6.451597651358071913e-05,5.821315306130118896e-05,4.775407643229974967e-05,3.676102619372531908e-05,2.767519869413704261e-05,2.141983271857850549e-05,1.796748376486567646e-05,1.702445414916898712e-05,1.842940011905361486e-05,2.220911296804281511e-05,2.832101292736965319e-05,3.614244838042911316e-05,4.397508769633633603e-05,4.914010608090376624e-05,4.910780452424319423e-05,4.314701254486396362e-05,3.304479255184902998e-05,2.203551655901101800e-05,1.286431003968052777e-05,6.648695620302241862e-06,3.090927132336229811e-06,1.318303388824496313e-06,5.275565816869569344e-07,2.028573395615198328e-07,7.672759054433398973e-08,2.914853573029172234e-08,1.129964793722074250e-08,4.506851740296844826e-09,1.846849498627245728e-09,7.686368518710594608e-10,3.185151095884779913e-10,1.282922441960343930e-10,4.905552332901155099e-11,1.746761980216864596e-11,5.719021070177890251e-12,1.712316771229267970e-12,4.695464932717113350e-13,1.188293286819792184e-13,2.810200864175630050e-14,6.310949233282396453e-15,1.366490353670165284e-15,2.886640954610095666e-16,6.023358767262772809e-17,1.229983725288447967e-17,2.447325187244009629e-18,2.561912392350473824e-18,2.650300804141966088e-18,1.914073932485983523e-18,6.580431998206274006e-19,1.781585388311954430e-18,3.027951492908392158e-18,2.310208718760627640e-18,1.523848504789106131e-18,2.438610325730714186e-18,1.820145111689740392e-18,1.742642888753011363e-18,2.431318239467756147e-18
1.350677639400491936e-18,1.667841327374477397e-18,9.716875344790356862e-19,8.071238802006091596e-19,1.061299007556437361e-18,1.031983401745177484e-18,1.974519685095427631e-18,1.881078570288735446e-18,1.431138481961349868e-18,2.148275699539110366e-18,1.587528248678097063e-18,1.872431129352829483e-18,3.559617638889929999e-18,1.188745618102710644e-17,6.490057754776928627e-17,3.084543957535200456e-16,1.441095191522770909e-15,6.657216143314203886e-15,2.978052544588539500e-14,1.267207276555434283e-13,5.046374541379786890e-13,1.855713955020271657e-12,6.247780603014146999e-12,1.921098189952102899e-11,5.419453872984272677e-11,1.419543990616353193e-10,3.518443013622724522e-10,8.451459114838777514e-10,2.017325993130714243e-09,4.888123606790891627e-09,1.218256354233912099e-08,3.131397417853733000e-08,8.239796531266237319e-08,2.185474819128923291e-07,5.722058518555904657e-07,1.444235604313524860e-06,3.429641645509935787e-06,7.487779998892119860e-06,1.472467381505517765e-05,2.564601308179368267e-05,3.908119318765650586e-05,5.175455945302984113e-05,5.952961300721342977e-05,5.985745657403960911e-05,5.336077896285661761e-05,4.313304671878986294e-05,3.263780180630885392e-05,2.411740549634697957e-05,1.834317870965387697e-05,1.520896872403873231e-05,1.439862724276469459e-05,1.576111272189519317e-05,1.935785026497219031e-05,2.521245306841189097e-05,3.280694095271906617e-05,4.056908417268216798e-05,4.591663940941143718e-05,4.632938910177080588e-05,4.098520306844580181e-05,3.152941432650518201e-05,2.107619095648828540e-05,1.231320906895232463e-05,6.359581009403663816e-06,2.951256312446232138e-06,1.255470192755721697e-06,5.008556780675271523e-07,1.919583184368923079e-07,7.237832150379161353e-08,2.742418472634544335e-08,1.061218735910341248e-08,4.229733588690730358e-09,1.734190226055586743e-09,7.229191822868269220e-10,3.002846618610588204e-10,1.212730237328727479e-10,4.648731047156368335e-11,1.658545745576568236e-11,5.436681469045801133e-12,1.628373848723610089e-12,4.463380363681448698e-13,1.128336917390911360e-13,2.664412139601940481e-14,5.972869748650374569e-15,1.291012079239907342e-15,2.709760601146153135e-16,5.703161372367966047e-17,1.189861547069340458e-17,3.079714551029776189e-18,2.824759712651041275e-18,1.864529861651741468e-18,1.679594125533936230e-18,7.174669237541141309e-19,1.109923616513489257e-18,3.172818316552085147e-18,3.333504135633285451e-18,1.339081408084943564e-18,2.412424973639925592e-18,1.596293235155752968e-18,1.716670478234729852e-18,3.111728709058588559e-18
2.204491224168169698e-18,1.839936323119403051e-18,1.907178564711979958e-19,7.701091950291071600e-19,7.339076746224700879e-20,4.161778806248221514e-20,1.399798374757418801e-18,7.421549286885809716e-19,2.058696078970564217e-18,2.664604954721629218e-18,4.147317818278837390e-19,1.252431213149225950e-18,2.988468888280022966e-18,1.181603381756422422e-17,6.101523372959934088e-17,2.907806442589048651e-16,1.361164879745286796e-15,6.300240130810821188e-15,2.822473579774155547e-14,1.202510840029278470e-13,4.792001927887514326e-13,1.762148651629071982e-12,5.928168910501455658e-12,1.820053594444492642e-11,5.123436447360468885e-11,1.338651116604332285e-10,3.309688556466098896e-10,7.933919733598145787e-10,1.891623908731158680e-09,4.583501855233123313e-09,1.143646498231112968e-08,2.945817071731805311e-08,7.772792914957883206e-08,2.067871181548699575e-07,5.430261788808302156e-07,1.374146678876134696e-06,3.269508800376599260e-06,7.145412038776590364e-06,1.404952588944837277e-05,2.443344730678790751e-05,3.711906266028549726e-05,4.891763338066426126e-05,5.588123596488813437e-05,5.567965173806246437e-05,4.906535178783100800e-05,3.910130467717199792e-05,2.909513519033295962e-05,2.110610118359252833e-05,1.577233473668472827e-05,1.292310273973043110e-05,1.222686849060343689e-05,1.354351159580665132e-05,1.696429536109818123e-05,2.256953901910665230e-05,2.993344914452903302e-05,3.759858287778249320e-05,4.307494019144520017e-05,4.385788395115854398e-05,3.904828753001214522e-05,3.016433751160322425e-05,2.020892346321120073e-05,1.181410497633548809e-05,6.097712093523108710e-06,2.824908562668041101e-06,1.198761743416316791e-06,4.768281904439819155e-07,1.821812721822018320e-07,6.848808829872170578e-08,2.588530142671822823e-08,9.999430242479683894e-09,3.982721897871469752e-09,1.633632493286458058e-09,6.820077077965254090e-10,2.839154414669238477e-10,1.149469809619959590e-10,4.416453110773992340e-11,1.578527518305979102e-11,5.180074069999732869e-12,1.552013116217828641e-12,4.252301140902054632e-13,1.073872564117887238e-13,2.532199078374032497e-14,5.666776464675286707e-15,1.223516790953190094e-15,2.558066579119674909e-16,5.382867535630159018e-17,1.189107903524816886e-17,3.381077630803281446e-18,2.975085154856006167e-18,4.133294693818101377e-19,1.421022870296842860e-18,8.442429430874907516e-19,2.150945272230005082e-19,3.036900399081090013e-18,3.161031067145856792e-18,6.891784014271543697e-19,1.802762924575770198e-18,1.956831794674235918e-18,2.423767597970835458e-18,2.784886235322295569e-18
2.079851840158962608e-18,1.038358188025939975e-18,9.768479830658986389e-19,1.277079398383014536e-18,1.478505993182021016e-18,1.073530922421682155e-18,2.898173729802708464e-19,7.581497458141230124e-19,1.948304407829908591e-18,2.140554381235255709e-18,8.981840110565772616e-19,3.101441999175008578e-19,2.493666806761088331e-18,1.166461094423037624e-17,5.751728112441771197e-17,2.736255184929198840e-16,1.288083236001370199e-15,5.974002457341814057e-15,2.679987761963864173e-14,1.143165600106358139e-13,4.558312811657204939e-13,1.676146472639588692e-12,5.634606926015607551e-12,1.727429349436741611e-11,4.852923333828833534e-11,1.265008696383832101e-10,3.120403257080488097e-10,7.466324970350751186e-10,1.778345534836137205e-09,4.309307449015259156e-09,1.076461197586150604e-08,2.778384981041930028e-08,7.350139533241202622e-08,1.961013075502568145e-07,5.163963212558925051e-07,1.309905430006939900e-06,3.122186031533073180e-06,6.829611029336306698e-06,1.342619671475225677e-05,2.331532108251004620e-05,3.531634051536636362e-05,4.632712781054015177e-05,5.257799948982821075e-05,5.193725037215976640e-05,4.526569381123474314e-05,3.558492696290038986e-05,2.605154223537047733e-05,1.855734319352549718e-05,1.362439304818142655e-05,1.102959968151836155e-05,1.043182630170826208e-05,1.170220621785944829e-05,1.495766653602924858e-05,2.032688162009181241e-05,2.746472831232108311e-05,3.501724743433411028e-05,4.058102246665210429e-05,4.167095169048992253e-05,3.732306481148316081e-05,2.894237413674162590e-05,1.942993782031677557e-05,1.136498860114143341e-05,5.861990573213118946e-06,2.711283590571994747e-06,1.147861738869890940e-06,4.553166599007025237e-07,1.734523127824341157e-07,6.502394968592661968e-08,2.451778457654611668e-08,9.455533592324808468e-09,3.763467315676067292e-09,1.544263412206258706e-09,6.455628109188762700e-10,2.692878239042076179e-10,1.092745448748221838e-10,4.207489048591598239e-11,1.506344100679779941e-11,4.948155759256626604e-12,1.482937045741679309e-12,4.061377199843892183e-13,1.024657699091362073e-13,2.412877110177090833e-14,5.391018275893583078e-15,1.163075413396837618e-15,2.432507624802910195e-16,5.060430949138133911e-17,1.177081376722515960e-17,3.485447209734050713e-18,2.945487577217240814e-18,1.400394460805743737e-18,1.067426597216456141e-18,6.020105301338192740e-19,1.221133543828311683e-18,2.704663143091495295e-18,1.609892390323705192e-18,9.154226349939498554e-19,8.296360562064957372e-19,1.757813725514027352e-18,3.097449292654990671e-18,1.672360918113688132e-18
1.655905255420907816e-18,6.818241730809652591e-19,1.818226570980323597e-18,9.587643698853996313e-19,2.303686521812277090e-18,1.870481777199181601e-18,1.732334236213458385e-18,1.986046941805393829e-18,1.336647263308920792e-18,8.580451978981764377e-19,9.974995969378994347e-19,7.799667309723128398e-19,1.977352841883340382e-18,1.137420730362607162e-17,5.447975078307101910e-17,2.576897477263081685e-16,1.221948368006102356e-15,5.677057379563801407e-15,2.550114812523728875e-14,1.088952570231667596e-13,4.344482281811141563e-13,1.597411394821421191e-12,5.366023011984758882e-12,1.642842787082571350e-11,4.606600027932022980e-11,1.198192274416798922e-10,2.949312379383064273e-10,7.045108027202850084e-10,1.676551376944258447e-09,4.063179000213389970e-09,1.016127301252308613e-08,2.627748972417466433e-08,6.968736974334525769e-08,1.864214594935642947e-07,4.921709964950241125e-07,1.251218820500671498e-06,2.987106711175704755e-06,6.539300154225314722e-06,1.285260377245385900e-05,2.228748217430320602e-05,3.366475891773278335e-05,4.396747999869662709e-05,4.959339766341543907e-05,4.859026007871466865e-05,4.190846188882953763e-05,3.252030701320110349e-05,2.343784386908163373e-05,1.640073581878746076e-05,1.183050173728193863e-05,9.462175465621670571e-06,8.949706345107575391e-06,1.017560552468652588e-05,1.327888874852476178e-05,1.842931656465802458e-05,2.535190427905867510e-05,3.278504454588047852e-05,3.840520141780373673e-05,3.974889494352466221e-05,3.579779720804738191e-05,2.785708444339845877e-05,1.873582620231120945e-05,1.096403577972911649e-05,5.651416251031525280e-06,2.609835111638374403e-06,1.102483343606215829e-06,4.361789942007801959e-07,1.657051037664284088e-07,6.195646354581854285e-08,2.330907132348513166e-08,8.975299726137366032e-09,3.569879089690161263e-09,1.465268715099176485e-09,6.132803932699045764e-10,2.562941661483317226e-10,1.042199115480512259e-10,4.020720201821183169e-11,1.441663341223952705e-11,4.739968697885441308e-12,1.420872567878900915e-12,3.889829067389049759e-13,9.804672811492877132e-14,2.305851878139358279e-14,5.144164999924353210e-15,1.108719823039604358e-15,2.329788772928859954e-16,4.766574800450926934e-17,1.108805982211683307e-17,3.384064088973217761e-18,2.673979729459434494e-18,2.172611871649686626e-18,4.959820005812350883e-19,1.567031749518267215e-19,1.567955653856083703e-18,2.423983355422728554e-18,7.517272716831878194e-19,9.104960321991781554e-19,8.659356923614630447e-19,4.897100049817653472e-19,3.166958959011303673e-18,5.924891808027337594e-19
1.593367713137660113e-18,1.905557007978241344e-18,2.197018551159482218e-18,9.493555093551820654e-19,1.878720002432325998e-18,2.308127761458122991e-18,2.753419724218590327e-18,2.560802715700406118e-18,1.766686123391356652e-18,9.281514741921681836e-19,4.167255034049084482e-19,1.436414259035402973e-18,1.348132858160352376e-18,1.098458490619632066e-17,5.189015395150863927e-17,2.439403662472511737e-16,1.162705645315781917e-15,5.408296209149322213e-15,2.432402048704517740e-14,1.039667795120151595e-13,4.149753584112205984e-13,1.525671128976107908e-12,5.121431563610274708e-12,1.565942879084080413e-11,4.383265784004496526e-11,1.137816215540894332e-10,2.795264455577206338e-10,6.667064500462273731e-10,1.585401127434201952e-09,3.843010466547717638e-09,9.621341491117092950e-09,2.492703301492329718e-08,6.625814994077922657e-08,1.776860652221248791e-07,4.702194563222469315e-07,1.197822317530069991e-06,2.863758376492523613e-06,6.273505257176819887e-06,1.232686498937789658e-05,2.134618483368926311e-05,3.215688108700151033e-05,4.182475909705960903e-05,4.690387639152773666e-05,4.560348533136381245e-05,3.894725497135144416e-05,2.985282397573307749e-05,2.119540928563185447e-05,1.457733920289929390e-05,1.033357483171188409e-05,8.166200611250104736e-06,7.727993931674347985e-06,8.912820955650126926e-06,1.187877327829493638e-05,1.683043466237429665e-05,2.355338903676896544e-05,3.086752563853235567e-05,3.652167113320734930e-05,3.807443654905425879e-05,3.446210783804087505e-05,2.690273274523539260e-05,1.812353093335823784e-05,1.060959950767371650e-05,5.465083178701487440e-06,2.520068592664140972e-06,1.062367756446512269e-06,4.192875884426349369e-07,1.588803647731675723e-07,5.925943344138995788e-08,2.224801896500352142e-08,8.554125675863948767e-09,3.400105204915967341e-09,1.395925645830864352e-09,5.848895826018033771e-10,2.448381494720081169e-10,9.975087971551632359e-11,3.855135199177875252e-11,1.384183485776232443e-11,4.554639248247272984e-12,1.365570267779441240e-12,3.736945492316188299e-13,9.410978459745861532e-14,2.210609405759023771e-14,4.924958061416311221e-15,1.059870239679477294e-15,2.243124659800140710e-16,4.541253677542338251e-17,9.744040164559166295e-18,2.893123067993775685e-18,2.191650482153020375e-18,2.307629548315829742e-18,4.318582818060499574e-19,3.696457567263116770e-19,1.109533259690318338e-18,2.113427546907056784e-18,2.378623187100002787e-18,2.140687903493612415e-19,1.756531974239610429e-18,1.578592879868209553e-18,2.617948794569448451e-18,9.593787760914477599e-19
1.238619333409320481e-18,2.526063966870634421e-18,1.905953356262906778e-18,1.454905500316780875e-18,8.626394384337483685e-19,2.495126482853562881e-18,2.740353399355779918e-18,2.392460812979923779e-18,2.678212324806931147e-18,1.707696480535363054e-18,4.846261270053270436e-19,1.634998647234669060e-18,7.166917765369245452e-19,1.045189420142075979e-17,4.965440441045113693e-17,2.328397368223541852e-16,1.109960657868748568e-15,5.166652851383213097e-15,2.326359119865671858e-14,9.951200829022515976e-14,3.973438811476257668e-13,1.460676382259032840e-12,4.899931918114208504e-12,1.496409595207264007e-11,4.181830078986128489e-11,1.083532010663728938e-10,2.657224526255890278e-10,6.329329057527557822e-10,1.504146572875575572e-09,3.646931817294969864e-09,9.140287777660262268e-09,2.372177740327008727e-08,6.318909660236511311e-08,1.698402585758692991e-07,4.504247135002935809e-07,1.149478628620562323e-06,2.751680699486829885e-06,6.031351260716175870e-06,1.184729116653951296e-05,2.048807139361537904e-05,3.078605497162433202e-05,3.988655474949553070e-05,4.448859010433330925e-05,4.294605901138574220e-05,3.634182796338827632e-05,2.753568909855927098e-05,1.927465526648638116e-05,1.303790481904911684e-05,9.086377506616899474e-06,7.096747689453999335e-06,6.723561274900365752e-06,7.871917772982734885e-06,1.071648846763680403e-05,1.549133420262735199e-05,2.203394868818060233e-05,2.923520067089674970e-05,3.490813090805652195e-05,3.663252176073566812e-05,3.330688658291712344e-05,2.607424613740398487e-05,1.759032705221861946e-05,1.030020236777834692e-05,5.302175937306061049e-06,2.441539104178434918e-06,1.027282871959893427e-06,4.045285154653346455e-07,1.529254205338100790e-07,5.690967970639884111e-08,2.132479864431091666e-08,8.187957778474563515e-09,3.252514535283083548e-09,1.335596545709116952e-09,5.601506498961174626e-10,2.348341768873192137e-10,9.583869832249302175e-11,3.709826633720909527e-11,1.333632530162955802e-11,4.391376759152522809e-12,1.316803287683285213e-12,3.602079506950803281e-13,9.063702333755195825e-14,2.126686058511617092e-14,4.732233043025283374e-15,1.016493126180785251e-15,2.164570483216752362e-16,4.402463443739674893e-17,8.102490056819609611e-18,1.952727764141284243e-18,1.654143232578939056e-18,2.264330371211401095e-18,1.417392672181414062e-18,9.732550464163977721e-19,2.707533364576654440e-19,1.391644981471183791e-18,2.732697687979574256e-18,1.723540048611741213e-18,2.032733966718646677e-18,2.984862974678053512e-18,1.698583819387797500e-18,1.136970544844254307e-18
6.078597340897391965e-19,2.177400103712115273e-18,1.130396900259926646e-18,1.523957369160133158e-18,2.422833006067548684e-18,2.721777919679529612e-18,1.835603400031392540e-18,1.692640987523908410e-18,2.814163190695509685e-18,1.942012017889058900e-18,1.223213332831496922e-18,1.439644408056279396e-18,3.524875157495641956e-19,1.009139685246383618e-17,4.762913183391325126e-17,2.239350628589344707e-16,1.063039398258406855e-15,4.950888947072545525e-15,2.231449261710626627e-14,9.551319144989233585e-14,3.814917331111161530e-13,1.402200423169558221e-12,4.700707205975972868e-12,1.433953250937519137e-11,4.001309205279024729e-11,1.035026695692272473e-10,2.534267907604485332e-10,6.029354173303204363e-10,1.432125180624552723e-09,3.473291646316446669e-09,8.714116196132421219e-09,2.265227780392924273e-08,6.045842748528619076e-08,1.628354168458591338e-07,4.326828298589486617e-07,1.105976512991835143e-06,2.650463520089848267e-06,5.812058595938926339e-06,1.141237838066104751e-05,1.971015412881458928e-05,2.954636886235110580e-05,3.814187324691487561e-05,4.232918021335992174e-05,4.059102420549188416e-05,3.405740206911073517e-05,2.552894958702851288e-05,1.763376860149783469e-05,1.174139126048162801e-05,8.049930064086893299e-06,6.216972484406905808e-06,5.901099885802070355e-06,7.018462048748978070e-06,9.758280064787977726e-06,1.437956654556625976e-05,2.076390633174323810e-05,2.786299551830955404e-05,3.354545679500200935e-05,3.541014169285255480e-05,3.232420469890216752e-05,2.536717634233445512e-05,1.713380593636030548e-05,1.003452934054204046e-05,5.161966105593203489e-06,2.373849304223000225e-06,9.970220423613572380e-07,3.918007868031479521e-07,1.477937933274526638e-07,5.488683410314040985e-08,2.053080042079136626e-08,7.873251195014487581e-09,3.125680916479706534e-09,1.283723109205005799e-09,5.388531330312268677e-10,2.262068263492781800e-10,9.245792670202596417e-11,3.583987953556556169e-11,1.289767590752228324e-11,4.249472283736176524e-12,1.274366643179772899e-12,3.484645790373188020e-13,8.761284640752150198e-14,2.053644560222806135e-14,4.564862286952251048e-15,9.788902571085949965e-16,2.088265004961726759e-16,4.328419338935411876e-17,6.839965955936122870e-18,1.163076274215701377e-18,1.220807966972335843e-18,2.215161928194548194e-18,2.122944327963157210e-18,1.445645158924904449e-18,3.695020648039589298e-19,4.432583148249382521e-19,2.076718513312801724e-18,3.029281033755138738e-18,1.516387906692948536e-18,3.076064272712264064e-18,7.323196986955340588e-19,7.137967018229799762e-19
1.259889393284652282e-18,1.080726165219976294e-18,7.974532597688119249e-19,1.240599006979245865e-18,3.897928606507572701e-18,3.060437029689016236e-18,6.187240625869210995e-19,8.085662306809010919e-19,1.979824566306638765e-18,2.047255950894511231e-18,1.555961547656804020e-18,1.001412641055866196e-18,5.404958336389829534e-19,1.034656259099911511e-17,4.570069303267373522e-17,2.161511575899502942e-16,1.021250394733616963e-15,4.759645981577197886e-15,2.147142004996806427e-14,9.195426752930519226e-14,3.673632585684722205e-13,1.350039193212703086e-12,4.523023255999096399e-12,1.378313866056462376e-11,3.840823002071676975e-11,9.920213906225503890e-11,2.425574498123375879e-10,5.764890893393677795e-10,1.368754341737218410e-09,3.320641645131660693e-09,8.339326712235193403e-09,2.171025899450475499e-08,5.804703306915154235e-08,1.566288009558740422e-07,4.169022664359197841e-07,1.067129674939965150e-06,2.559744963771121405e-06,5.614939696346335911e-06,1.102080047346458987e-05,1.900979759672338546e-05,2.843260925573899020e-05,3.658104143018040683e-05,4.040957461362448973e-05,3.851496287679564783e-05,3.206406268559309526e-05,2.379863217511311852e-05,1.623762282376544892e-05,1.065372061059559309e-05,7.192182662362544011e-06,5.496777033101182799e-06,5.231827539303922711e-06,6.324318641058729792e-06,8.976405660453399724e-06,1.346824995833037951e-05,1.971846471251674184e-05,2.672978526374639006e-05,3.241741541148702017e-05,3.439617731561547896e-05,3.150723822528937073e-05,2.477766495928153300e-05,1.675186018278030989e-05,9.811421106275812457e-06,5.043808967318810407e-06,2.316647573677270253e-06,9.714029458857492538e-07,3.810156846664016034e-07,1.434448379230594906e-07,5.317315712045788173e-08,1.985854917002569892e-08,7.606934112234329214e-09,3.018369051808868945e-09,1.239821285336121948e-09,5.208141632022736175e-10,2.188903602800541269e-10,8.958630787111524295e-11,3.476910583863509323e-11,1.252374316145802982e-11,4.128297357664927554e-12,1.238077354452149596e-12,3.384121117599367699e-13,8.502349916368334435e-14,1.991075395567471079e-14,4.421751288039328305e-15,9.472756440704195988e-16,2.012925559088300794e-16,4.269643991683133389e-17,6.530898592562058591e-18,1.774419895613969770e-18,9.193170492731081907e-19,2.497583833499747322e-18,2.103643312290253770e-18,1.397152031022628116e-18,4.426083580073670013e-19,1.303062222230176717e-18,1.979893297932186982e-18,3.378719933609235335e-18,5.918693222543877390e-19,1.877459136113434249e-18,5.695789133167145777e-19,5.376307916515031042e-19
1.653307360304605979e-18,8.013819068382494465e-19,1.132345751019163552e-18,1.019593507454853850e-18,4.072037019123722471e-18,3.193897713137807126e-18,3.844609468196652391e-19,2.396091924945726271e-19,6.384658847388958948e-19,2.009451048678720993e-18,1.475371064662057655e-18,4.940107495959275529e-19,1.321547651757977318e-18,1.069373577530956314e-17,4.386753852348464711e-17,2.085667509034904543e-16,9.841690880437375078e-16,4.591721219559961723e-15,2.072990596482205899e-14,8.882121354829019573e-14,3.549089034360000408e-13,1.304011745664926158e-12,4.366227592457836942e-12,1.329260556911906019e-11,3.699591769955280591e-11,9.542699611894886745e-11,2.330423629544981430e-10,5.533971586412693376e-10,1.313526247457121434e-09,3.187722853258258134e-09,8.012881085075407354e-09,2.088853843964231759e-08,5.593831309217101996e-08,1.511832342282629779e-07,4.030032964799990002e-07,1.032775745395372200e-06,2.479209663793700707e-06,5.439395607204437981e-06,1.067140174180913614e-05,1.838470167020912719e-05,2.744022126794120654e-05,3.519561851657173837e-05,3.871580755629747909e-05,3.669766829557514050e-05,3.033623681277373526e-05,2.231601076830928685e-05,1.505686430666603864e-05,9.746741408897772408e-06,6.486920120324676861e-06,4.911710880999004630e-06,4.692427272598149252e-06,5.766662455771741943e-06,8.348253040989842791e-06,1.273533024659872999e-05,1.887713543882987214e-05,2.581799662694155782e-05,3.151041731773999755e-05,3.358126336103132265e-05,3.085020029974977935e-05,2.430241236294064384e-05,1.644266992801910515e-05,9.629867939454415143e-06,4.947140503999827208e-06,2.269626321094547006e-06,9.502665667219444805e-07,3.720961651622875043e-07,1.398434180082849859e-07,5.175337702814038467e-08,1.930163080414341170e-08,7.386376398053977347e-09,2.929522168297374421e-09,1.203476801653828808e-09,5.058769898759780671e-10,2.128282911784272580e-10,8.720465531152936196e-11,3.387981313815130396e-11,1.221266359547401852e-11,4.027302960627195752e-12,1.207775146233130316e-12,3.300047004143718914e-13,8.285652909202437324e-14,1.938620008770948016e-14,4.301886097350992545e-15,9.214322997107097632e-16,1.942135878802164603e-16,4.182555398186838765e-17,7.121847766889369762e-18,2.623601655781551878e-18,7.122942526105227079e-19,3.078199142510517462e-18,1.278207241205323329e-18,8.048507828930108843e-19,1.538525417517416596e-19,2.026656315427574540e-18,2.508412093964969502e-18,2.690528201800526788e-18,1.162635194373564374e-18,5.191819461610410587e-19,8.076909103346990462e-19,1.032114590668732832e-18
1.102947710329789293e-18,1.692481870025531182e-18,1.052216467048219484e-18,6.878641791119779293e-19,3.049604425162852909e-18,2.804359243400718749e-18,8.027477906295957400e-19,6.294088080777140689e-19,6.535063323193309141e-19,1.533853977737412624e-18,1.180482876679985685e-18,6.167047535279986411e-19,2.332824059617217526e-18,1.018264917815693771e-17,4.224072631704938865e-17,2.010714282034326391e-16,9.517602699540469379e-16,4.446329000877543065e-15,2.008681228474695697e-14,8.610221824192734359e-14,3.440850929971006973e-13,1.263960492771713604e-12,4.229748486719781437e-12,1.286590977790887264e-11,3.576933436400747155e-11,9.215578037725820908e-11,2.248189459750516684e-10,5.334894645946589388e-10,1.266003377317270191e-09,3.073453608693771512e-09,7.732173279133831386e-09,2.018095882573386079e-08,5.411803324951021986e-08,1.464668190194425452e-07,3.909174819498031671e-07,1.002775357302035249e-06,2.408587107157817522e-06,5.284912760013073656e-06,1.036318993872052929e-05,1.783288546758612973e-05,2.656527188788580565e-05,3.397831601674478768e-05,3.723585926841952484e-05,3.512185840687482923e-05,2.885224283768560619e-05,2.105698449057947854e-05,1.406714625784114262e-05,8.997369348068494276e-06,5.912862574132890723e-06,4.442074021070961766e-06,4.264182875855417308e-06,5.327171411846773073e-06,7.855617023195598790e-06,1.216296993417261244e-05,1.822326340586988145e-05,2.511327363082567165e-05,3.081330758975769186e-05,3.295767156397436896e-05,3.034828247717340151e-05,2.393865047225582506e-05,1.620469077258770621e-05,9.489004286090676357e-06,4.871474714488058941e-06,2.232520472761485108e-06,9.334762907385336451e-07,3.649763327580283252e-07,1.369596231231882490e-07,5.061454986215579286e-08,1.885462834421661015e-08,7.209362501454418417e-09,2.858251346882787383e-09,1.174341289277529346e-09,4.939096998355408925e-10,2.079730025454783302e-10,8.529675350939432458e-11,3.316679989679106706e-11,1.196284920199555061e-11,3.946018718356935778e-12,1.183323005504973376e-12,3.232031654900453477e-13,8.110054444952941392e-14,1.895993058188105649e-14,4.204398997634997793e-15,9.006852588712675578e-16,1.882393619466763155e-16,4.056812969438551377e-17,8.022356401288221982e-18,2.961318086131446545e-18,5.799333564229379079e-19,2.987388260026775653e-18,2.811698087034831027e-19,1.372497700836596371e-18,5.424662312443610041e-19,2.074070487981388794e-18,2.363232583851178164e-18,1.484602059940206870e-18,2.339217355878303661e-18,1.210893487319268506e-18,3.188127481979618805e-19,1.142031432296325581e-18
6.200660138849015014e-20,1.875064513253062484e-18,5.800265727880648198e-19,2.797198347493350031e-19,1.778953719727491051e-18,1.845974123539201548e-18,8.850605927600455663e-19,9.104415127754020117e-19,1.178158766602625774e-18,1.040812477829905836e-18,9.600517435652260240e-19,1.337094450336144850e-18,3.049866785367333283e-18,8.929816510401644569e-18,4.096025202598860759e-17,1.943881366817354182e-16,9.242624090349605353e-16,4.323114532841916501e-15,1.954022133349071028e-14,8.378760211585599196e-14,3.348543403759372640e-13,1.229750865690332203e-12,4.113094009597016597e-12,1.250130817023710567e-11,3.472261030016919901e-11,8.937007559964963962e-11,2.178336903359493339e-10,5.166211103970587945e-10,1.225814578321003331e-09,2.976919128171606742e-09,7.495003948547114212e-09,1.958232990465492964e-08,5.257420139138454945e-08,1.424526905670899335e-07,3.805872140625715420e-07,9.770113200059672501e-07,2.347650122100618727e-06,5.151059959365423380e-06,1.009532969118136411e-05,1.735267237760943339e-05,2.580441634617737168e-05,3.292292590252028455e-05,3.595951475665183330e-05,3.377292761165829043e-05,2.759390641323969387e-05,2.000155431183007961e-05,1.324849231049906814e-05,8.386881394224748510e-06,5.452933431098223380e-06,4.072191208628092750e-06,3.932281444648761647e-06,4.991374906645341276e-06,7.484113554789769166e-06,1.173705064842577419e-05,1.774363678097347363e-05,2.460420143822043034e-05,3.031719152217891578e-05,3.251921273030487308e-05,2.999760513428563130e-05,2.368411958379058196e-05,1.603664345551841772e-05,9.388104103938648995e-06,4.816401297418063384e-06,2.205106161395001190e-06,9.209171204275694192e-07,3.596009858217509100e-07,1.347685251582192477e-07,4.974593958410670540e-08,1.851306742170490169e-08,7.074068408372433952e-09,2.803826457949626650e-09,1.152128989191842763e-09,4.848041260260030811e-10,2.042854244003850088e-10,8.384927249980263023e-11,3.262577545832605486e-11,1.177298351876662802e-11,3.884052311020176223e-12,1.164606992359618547e-12,3.179748761673578763e-13,7.974544273378247392e-14,1.862981786452789737e-14,4.128614190492920411e-15,8.842158498953550929e-16,1.839918183176257331e-16,3.917498648019057289e-17,8.627690315130779614e-18,2.808788560839082571e-18,4.659530433589177576e-19,1.711255859362165168e-18,9.800878724127055540e-19,2.665813257719673588e-18,8.339481487792543678e-19,2.286126115721493787e-18,1.557145691196311115e-18,8.464681459445876600e-19,3.241570651838314144e-18,1.305840823010409481e-18,8.620630719969465489e-19,7.663467541004376609e-19
1.127112687225420383e-18,1.276978453042610809e-18,4.136015407937352701e-19,1.074237029460774209e-18,1.457525286731096839e-18,5.428832758491440678e-19,9.108662737159369771e-19,1.086553088071757431e-18,1.139482977518162930e-18,1.309920033496008093e-18,1.145769972937553595e-18,2.083112942289337734e-18,3.078306118049893063e-18,8.148847605729336972e-18,4.010584181611014963e-17,1.894353443167806381e-16,9.019098973799224675e-16,4.221894151158644681e-15,1.908883598404338103e-14,8.186955880989858845e-14,3.271854781734732758e-13,1.201270454681694286e-12,4.015851082964571852e-12,1.219733347420201635e-11,3.385080485258967862e-11,8.705441388688402172e-11,2.120418098551674182e-10,5.026713120888673371e-10,1.192651716665263363e-09,2.897362654404041960e-09,7.299558827226336360e-09,1.908837929197706149e-08,5.129696263566097780e-08,1.391188074664147265e-07,3.719653183994907262e-07,9.553878974043928274e-07,2.296213523749346927e-06,5.037485626698314080e-06,9.867136435079236620e-06,1.694267636702559388e-05,2.515486786091796371e-05,3.202425717989814286e-05,3.487824129878949628e-05,3.263873474235337937e-05,2.654623698513791376e-05,1.913338815219767786e-05,1.258477428813850862e-05,7.900343083380436472e-06,5.093671054104710492e-06,3.789832786400484632e-06,3.685258908086413152e-06,4.748136314011665895e-06,7.222713629769117454e-06,1.144677601170680637e-05,1.742817450254535147e-05,2.428208409220682288e-05,3.001529370425858945e-05,3.226115719295592592e-05,2.979517702694688212e-05,2.353704943464690583e-05,1.593750540309875270e-05,9.326577033257486796e-06,4.781583726866290806e-06,2.187199624554004768e-06,9.124950117313135886e-07,3.559252329477424122e-07,1.332499735375074546e-07,4.913891773597294273e-08,1.827337083469334123e-08,6.979042487453071656e-09,2.765668641592604918e-09,1.136614022060258117e-09,4.784749424544419388e-10,2.017347631724659177e-10,8.285169667686484775e-11,3.225334383357132847e-11,1.164201833017216564e-11,3.841088988777576786e-12,1.151535303688501013e-12,3.142933305357704065e-13,7.878294990180158988e-14,1.839420464055759662e-14,4.074052571567300501e-15,8.715086491957526408e-16,1.817453261351620159e-16,3.803910116795829275e-17,8.598828366018159784e-18,2.464903900396697097e-18,3.631631527066897361e-19,7.222512855356079600e-19,1.117016486287684001e-18,3.364103626147434430e-18,8.992583837130355329e-19,3.150914847439612954e-18,9.325621303292004510e-19,1.262671039796646127e-18,3.607478800953226367e-18,8.303737567009677267e-19,2.157692018788483664e-18,8.696917766173212143e-19
1.529248304827333460e-18,3.078246727702103026e-19,5.733546780486836289e-19,1.575015069362596029e-18,1.625864983199123837e-18,7.874755962760639396e-19,9.320074666325475832e-19,1.279687583590976517e-18,1.292924222845978003e-18,1.527445688303771642e-18,1.758897091074839936e-18,2.693483140119764855e-18,2.422059313043092145e-18,8.205406624259698257e-18,3.964539418812532691e-17,1.865363396317065683e-16,8.846838425090203374e-16,4.142331875402618888e-15,1.873133904041218748e-14,8.034188269800613213e-14,3.210538237323865724e-13,1.178428134596517081e-12,3.937684599957375227e-12,1.195279030451679043e-11,3.314988762835507573e-11,8.519619383766468093e-11,2.074069413058103229e-10,4.915424321394491043e-10,1.166266885807180239e-09,2.834178115640274404e-09,7.144390881090910781e-09,1.869571191473082602e-08,5.027851289339431596e-08,1.364477782827983812e-07,3.650147250495079622e-07,9.378301941780343511e-07,2.254132933139200204e-06,4.943915342135926943e-06,9.678070960861547109e-06,1.660178974558775911e-05,2.461437100355274758e-05,3.127808101502100712e-05,3.398508419703535118e-05,3.170942531812394522e-05,2.569716032233548017e-05,1.843946596296303940e-05,1.206329133529448434e-05,7.526152374960646608e-06,4.824765010933599584e-06,3.585761929517780128e-06,3.514569137469816510e-06,4.589252236023912800e-06,7.063382941437730379e-06,1.128436475139873445e-05,1.726968473707736208e-05,2.414077266157627040e-05,2.990284901616437199e-05,3.218017328632157150e-05,2.973886405013101379e-05,2.349614462797140323e-05,1.590650425222293044e-05,9.303965452814323735e-06,4.766757745528126070e-06,2.178656321474170153e-06,9.081363346916485850e-07,3.539141796759810387e-07,1.323884282862369950e-07,4.878688199539653556e-08,1.813282183582796215e-08,6.923190082849977078e-09,2.743344280571307385e-09,1.127628206125775163e-09,4.748589421062034496e-10,2.002982862814756313e-10,8.229626813015915093e-11,3.204699086069380533e-11,1.156917096737651670e-11,3.816891093881430367e-12,1.144037207656093186e-12,3.121377181623073767e-13,7.820708555495300966e-14,1.825159925456030268e-14,4.040401140770223014e-15,8.626345107138328905e-16,1.812567017531183160e-16,3.741480640256598053e-17,7.976938901965616521e-18,2.266278096314092884e-18,3.258944175916515291e-19,2.278991610995939771e-18,8.816379638283024877e-19,3.156302889445805645e-18,9.608022120404948987e-19,3.588208984734936104e-18,1.048211153137285379e-18,1.419537778143805039e-18,3.239733287207684752e-18,9.971090575022318047e-19,2.809100508386828725e-18,1.838780404142257815e-18
1.163259745226135633e-18,5.522124450612056141e-19,4.562847488626341383e-19,1.295233942947467373e-18,1.659980365439232103e-18,1.777734397590232798e-18,9.296794535708658710e-19,1.470416746798685349e-18,1.860230823785666370e-18,1.229255905564830280e-18,2.438120955368506311e-18,3.086816286747251570e-18,1.496139449510772230e-18,8.138596697837933524e-18,3.942973884472688412e-17,1.851262229485239785e-16,8.722696714382691808e-16,4.083823629462886206e-15,1.846616679784054518e-14,7.919982739791286873e-14,3.164411348985419272e-13,1.161153734023093406e-12,3.878336707862788663e-12,1.176675176887970674e-11,3.261672260554242138e-11,8.378561331828729601e-11,2.039008993794111746e-10,4.831591948984359170e-10,1.146470157103598714e-09,2.786904251357792235e-09,7.028406102288947439e-09,1.840177785550617185e-08,4.951303039456780350e-08,1.344267239096267673e-07,3.597082042676615440e-07,9.242836539987185273e-07,2.221303783294623553e-06,4.870149721803023251e-06,9.527734655184787321e-06,1.632917254811999685e-05,2.418117890649521375e-05,3.068108455253972677e-05,3.327458043900471518e-05,3.097728646815181065e-05,2.503730317866336176e-05,1.790979778563533818e-05,1.167444000227556145e-05,7.255686707831335735e-06,4.638701640077374944e-06,3.453392447443378196e-06,3.414261399224204877e-06,4.509154969481741075e-06,7.000816248876245022e-06,1.124482596358452108e-05,1.726368914342581414e-05,2.417654103276881483e-05,2.997702439239991883e-05,3.227428353844188745e-05,2.982736723211379528e-05,2.356057451988776400e-05,1.594311342351181031e-05,9.319942461949509629e-06,4.771730293442453666e-06,2.179370274646641682e-06,9.077874591710059450e-07,3.535426851468563227e-07,1.321728302719744117e-07,4.868519312592641048e-08,1.808953588176087047e-08,6.905761735523284712e-09,2.736560422876279165e-09,1.125059410367293109e-09,4.739144954349238485e-10,1.999611618124701795e-10,8.217794470590706498e-11,3.200507459692909328e-11,1.155392224779338969e-11,3.811297551041447378e-12,1.142062595569471772e-12,3.114927927724302030e-13,7.801421476404456437e-14,1.820057694972055329e-14,4.027470376485006079e-15,8.581870290110669005e-16,1.818751921748959128e-16,3.727430860546496703e-17,7.155287792586685420e-18,2.312589588656857415e-18,2.854414704744789874e-19,2.936725522831441325e-18,1.551958859568661728e-18,2.310531681595621092e-18,1.066837680193407142e-18,2.893117812277240690e-18,1.259877179257017719e-18,1.059147508968755432e-18,2.135084173950285335e-18,1.165691358157629449e-18,2.402223987064439574e-18,2.722419058612665145e-18
3.611345037835058505e-19,9.609377763000425751e-19,1.462874503290724705e-19,3.611939686854251672e-19,1.683011459676208862e-18,2.239127331255266384e-18,9.328100635956173995e-19,1.571589714035261040e-18,2.224821750797932105e-18,7.477853324187252670e-19,2.812474700915837510e-18,3.248761149171967621e-18,8.882584668872855556e-19,7.823394381227593620e-18,3.926130691668775005e-17,1.841964685825305344e-16,8.642465109037527068e-16,4.045691951923906435e-15,1.829182514539808974e-14,7.844013309820271877e-14,3.133353568549789690e-13,1.149398417618167542e-12,3.837626303119724970e-12,1.163855669560514755e-11,3.224905509964105442e-11,8.281561708292551674e-11,2.015034861753839628e-10,4.774680815131129333e-10,1.133127861655696062e-09,2.755220166678416191e-09,6.950852849364719416e-09,1.820484839281903785e-08,4.899662489385868669e-08,1.330471753902172921e-07,3.560281681305147184e-07,9.147136731641642488e-07,2.197660524424768066e-06,4.816062663625970179e-06,9.415865514191008444e-06,1.612424367524401141e-05,2.385403450951820750e-05,3.023083355528654548e-05,3.274268998455449658e-05,3.043663321069432231e-05,2.455982695703955491e-05,1.753720920260859372e-05,1.141146707860996043e-05,7.083042865563481626e-06,4.530507200136987186e-06,3.388545057110282956e-06,3.380754638511945315e-06,4.504708022805770505e-06,7.032258222575822165e-06,1.132581053113620737e-05,1.740830912439139138e-05,2.438800730475015560e-05,3.023687049389625460e-05,3.254283834884057869e-05,3.006020997444749742e-05,2.372996763068231925e-05,1.604704979278123039e-05,9.374310815074119753e-06,4.796378883845482973e-06,2.189273640070666302e-06,9.114144662335866274e-07,3.547951881856615110e-07,1.325965080111568746e-07,4.883112990923915318e-08,1.814244062792896864e-08,6.926344939409665570e-09,2.745161620045586998e-09,1.128850432893592696e-09,4.756211873622432264e-10,2.007163532716427665e-10,8.249437286450024353e-11,3.212681892784226489e-11,1.159601512333991486e-11,3.824223378014286103e-12,1.145582426222662447e-12,3.123491590075941260e-13,7.820263759168988902e-14,1.823998169131449620e-14,4.035161202413024988e-15,8.589092370630475061e-16,1.828936679498722431e-16,3.740582635281987157e-17,6.682132967262770220e-18,2.409176089785219300e-18,2.144000862587067504e-19,2.854306822650377794e-18,2.162958352721909051e-18,1.549047097569283242e-18,1.118197438411459585e-18,1.629446200082970902e-18,1.361121739488091397e-18,4.249437718854319558e-19,6.430667790802098279e-19,9.616590071997725123e-19,1.475847345834009721e-18,3.156808248392936113e-18
7.768023557675373071e-19,8.223335201062524291e-19,3.045493979444347224e-19,8.764941530152786790e-19,1.670451532013414278e-18,2.083110759777895737e-18,9.306450772005151598e-19,1.537364820450128204e-18,2.095967071688638589e-18,9.623593697379999879e-19,2.681191756633892478e-18,3.192358234218424692e-18,1.101662464104484273e-18,7.894708844669237436e-18,3.901951898789970826e-17,1.831005950296795837e-16,8.603616242269594488e-16,4.027537892253394932e-15,1.820746641666988115e-14,7.806114458784863881e-14,3.117303054269751326e-13,1.143135417931133497e-12,3.815448710563513972e-12,1.156780754453975287e-11,3.204550186508734279e-11,8.228185902632362023e-11,2.002023548993755593e-10,4.744369022769103944e-10,1.126161394447943668e-09,2.738942287163847199e-09,6.911314661870488493e-09,1.810400009195278620e-08,4.872730433170254357e-08,1.323050070390472045e-07,3.539665386854836214e-07,9.091053326549894818e-07,2.183176038499308366e-06,4.781599989775307840e-06,9.342334993070897179e-06,1.598667391389705394e-05,2.363215601379565624e-05,2.992574398106039835e-05,3.238674446790589911e-05,3.008372507124358174e-05,2.426030796711140542e-05,1.731718993078410314e-05,1.127029902504810096e-05,7.004861978299966959e-06,4.497580073349547592e-06,3.389293473696023314e-06,3.412700470396569990e-06,4.575087615739934212e-06,7.157405126397635839e-06,1.152753464388346103e-05,1.770421152074387462e-05,2.477609943942578062e-05,3.068330272108464721e-05,3.298650698751066099e-05,3.043773452832038330e-05,2.400441060583731782e-05,1.621827348204264510e-05,9.467002820157010065e-06,4.840651431204835206e-06,2.208336507736368591e-06,9.190029851459253925e-07,3.576656022840920250e-07,1.336571205414792868e-07,4.922386174164933976e-08,1.829126400737136006e-08,6.984859364183791705e-09,2.769128156789760850e-09,1.138998397484768960e-09,4.799796310210358039e-10,2.025645688223041469e-10,8.324587527023366374e-11,3.241231056169717272e-11,1.169545409352136327e-11,3.855659335466041808e-12,1.154589643773162094e-12,3.147037572774183090e-13,7.877199762095080311e-14,1.836927831358220523e-14,4.063448366120303664e-15,8.652341164133689602e-16,1.839276013194995588e-16,3.765239561685830147e-17,6.915680487256027958e-18,2.384625644170713230e-18,2.495042834042637506e-19,2.923584852711817358e-18,1.939982026295295078e-18,1.853628202427099445e-18,1.101590515004351656e-18,2.216040451751405301e-18,1.326424688381451828e-18,7.375288451481049154e-19,1.387961627932668324e-18,1.072273193607583149e-18,1.905721196628618042e-18,3.008389513539047380e-18
1.430785548461490789e-18,1.744632403961901400e-19,5.501845173624675331e-19,1.541781956891817685e-18,1.651180867794659489e-18,1.338241524335988275e-18,9.313145808284498573e-19,1.382678313791577214e-18,1.565741254070002043e-18,1.437185410348316324e-18,2.114560774686066779e-18,2.911451562589956459e-18,1.925779184913648496e-18,8.068781337284135847e-18,3.874654426468835415e-17,1.820669679212778761e-16,8.606936147987620062e-16,4.029467188516226881e-15,1.821325883206457271e-14,7.806289426900846681e-14,3.116254814358357097e-13,1.142360496186668172e-12,3.811775474195776834e-12,1.155436904853878548e-11,3.200554476821741512e-11,8.218267865148693569e-11,1.999929272055017678e-10,4.740545448948764211e-10,1.125546534550635867e-09,2.738022695012810683e-09,6.909706502936268081e-09,1.809910685567674264e-08,4.870495882351720652e-08,1.322004048181374397e-07,3.535246831080879147e-07,9.074632511315902625e-07,2.177861271554731353e-06,4.766778508573483028e-06,9.307145744408655417e-06,1.591638093601976305e-05,2.351522668132544476e-05,2.976506259670131459e-05,3.220541317479814109e-05,2.991671231499063531e-05,2.413666256697438988e-05,1.724780259048034532e-05,1.124944379419173233e-05,7.020234530805638274e-06,4.539606468064178710e-06,3.455894846221804009e-06,3.510929908219945012e-06,4.721745995304764277e-06,7.378384145599715347e-06,1.185277323380319818e-05,1.815461243910204600e-05,2.534406450292370333e-05,3.131911128817227717e-05,3.360728581771906638e-05,3.096110767643995930e-05,2.438445171475313598e-05,1.645698976350820915e-05,9.598081197848773531e-06,4.904566529966147424e-06,2.236566931558569849e-06,9.305581553557684162e-07,3.621572789339592610e-07,1.353566359768166177e-07,4.986443867470131781e-08,1.853653028788286280e-08,7.081555501827267523e-09,2.808575657051067136e-09,1.155554664132024912e-09,4.870114569421289075e-10,2.055142641414784410e-10,8.443545297570309479e-11,3.286249965107593940e-11,1.185250540667610538e-11,3.905671841494542125e-12,1.169099795399840629e-12,3.185601726226549070e-13,7.972292368781008019e-14,1.858877785063499229e-14,4.112375326528995482e-15,8.770189834913370311e-16,1.851144079505122602e-16,3.807218216412156785e-17,7.724626230413883719e-18,2.300253906479405430e-18,3.145160306332911016e-19,2.748326090915094068e-18,1.126645615724015254e-18,2.778594502711553341e-18,1.015319545340532041e-18,3.384631261198353788e-18,1.167630221069683897e-18,1.299378254023928462e-18,2.770430393599947224e-18,1.147584232125432002e-18,2.736127544804726455e-18,2.321159359158988564e-18
1.429356799690658306e-18,8.042923778422120053e-19,5.149031478746394069e-19,1.407960850964219588e-18,1.552415154995098026e-18,1.779388065513412109e-19,9.247061463981088511e-19,1.180422882453721838e-18,1.139837457959551710e-18,1.478363512690941244e-18,1.416697885917785448e-18,2.399312592509139880e-18,2.766656659718940049e-18,7.868723422189304515e-18,3.861613876968422249e-17,1.820155917992826428e-16,8.655951157507704566e-16,4.052008810219394409e-15,1.831025449795661484e-14,7.844707249095568100e-14,3.130261312273126313e-13,1.147091738395070316e-12,3.826654211121520539e-12,1.159836761215273098e-11,3.212952831933446687e-11,8.251909151243876601e-11,2.008783638373042180e-10,4.763308978658961732e-10,1.131313278129867705e-09,2.752548837303967928e-09,6.946274408765193303e-09,1.819083990006096403e-08,4.893136194881690205e-08,1.327378700472093404e-07,3.547134163970004595e-07,9.098115608861628649e-07,2.181765090041544224e-06,4.771685512952764205e-06,9.310430284617996928e-06,1.591352634911351338e-05,2.350338908368499770e-05,2.974885671170562936e-05,3.219868622333174493e-05,2.993561135741359746e-05,2.418911616456588659e-05,1.732964992140598564e-05,1.134996268921748782e-05,7.130682665786186636e-06,4.658556885859053135e-06,3.590802082794506027e-06,3.678481861129518718e-06,4.948455181782678856e-06,7.699809540390962288e-06,1.230692295561656143e-05,1.876533911985157882e-05,2.609752150840103632e-05,3.214900036503941282e-05,3.440852371235368938e-05,3.163233556827031934e-05,2.487110883745493077e-05,1.676365304257445925e-05,9.767740883146763554e-06,4.988214176133254924e-06,2.274011185706737162e-06,9.461047122370718972e-07,3.682830387680449232e-07,1.377013454814865656e-07,5.075579877862150058e-08,1.887956405789367058e-08,7.217016719686784992e-09,2.863756061269908634e-09,1.178625252321301059e-09,4.967594771501878500e-10,2.095816983514607441e-10,8.606880208380389060e-11,3.347920417565578029e-11,1.206769804778964340e-11,3.974403217116568856e-12,1.189150847762470711e-12,3.239285287672589164e-13,8.105715719848771383e-14,1.889955658844349185e-14,4.182055578715382581e-15,8.936394531070229072e-16,1.870444602891182257e-16,3.888066447816936788e-17,8.606999557943859541e-18,2.378957270390356391e-18,3.323758128192511720e-19,1.543925724923989673e-18,9.511582234207126497e-19,3.368509662697480146e-18,9.186167140780001222e-19,3.489363034180247219e-18,9.365415618330425778e-19,1.406679330123823985e-18,3.522514709653668614e-18,8.229450190708694967e-19,2.605203450394369423e-18,1.326333375805297083e-18
6.512289985576685105e-19,1.654012142733096138e-18,4.018242098104351704e-19,6.507607728663520030e-19,1.474476449504635248e-18,1.215281170847237998e-18,8.943602265306854766e-19,1.002742669793148124e-18,1.195423877023163702e-18,1.107632667156998373e-18,9.851787323980059683e-19,1.702445842245237614e-18,3.089448871004795194e-18,8.058134152608005453e-18,3.881390880594054378e-17,1.838221401007989025e-16,8.754528344056987577e-16,4.095791376397979842e-15,1.849986090022264165e-14,7.921691255975256546e-14,3.159435129292162376e-13,1.157368829165494635e-12,3.860208550888549637e-12,1.170019147454592358e-11,3.241866100381869756e-11,8.329479379876876642e-11,2.028695887530868795e-10,4.812969490135123034e-10,1.143546184175788459e-09,2.782744606704793174e-09,7.021598549761616662e-09,1.838067567682560387e-08,4.941018941153939575e-08,1.339262586496008041e-07,3.575530721484661834e-07,9.161940082367676067e-07,2.194974365375608104e-06,4.796478726477065749e-06,9.352450613788939324e-06,1.597851484619163809e-05,2.359724386827388671e-05,2.987801309390205538e-05,3.236787494509332249e-05,3.014230920353544324e-05,2.442021573104185951e-05,1.756589993433682414e-05,1.157551172707740636e-05,7.340219429379781310e-06,4.858763368515029980e-06,3.798758559798118989e-06,3.920714378199809844e-06,5.261432500311851148e-06,8.128917153034529374e-06,1.289813615191236690e-05,1.954495096313700690e-05,2.704455854577537659e-05,3.317965657943115277e-05,3.539496470109110569e-05,3.245428763605390931e-05,2.546588185302016671e-05,1.713897285901406207e-05,9.976311737200597098e-06,5.091756917596058350e-06,2.320754242082023820e-06,9.656871948466992683e-07,3.760652699717290573e-07,1.407019125235068436e-07,5.190279280719605286e-08,1.932250214779180463e-08,7.392164728106762268e-09,2.935059979304648722e-09,1.208371778657809608e-09,5.092880245912408392e-10,2.147910431588918089e-10,8.815434484850554933e-11,3.426511799583039676e-11,1.234182549794325737e-11,4.062072234386239695e-12,1.214802380382950529e-12,3.308250528818564454e-13,8.277807527872606649e-14,1.930313331187007006e-14,4.272682464068854019e-15,9.143838875708408631e-16,1.904521540607056374e-16,4.022448354991676226e-17,9.057131591502483349e-18,2.692553586530535375e-18,3.955215603105422236e-19,8.331780700679563011e-19,1.150804331220976204e-18,3.123985867333592283e-18,8.811097013571093450e-19,2.692025614675819124e-18,1.154603513574298440e-18,1.029026101414497825e-18,3.507030451582841148e-18,1.064165197282473646e-18,1.545535064076063493e-18,6.454055090232117083e-19
5.551915013860992433e-19,1.893091129276189886e-18,8.351519395013653067e-19,3.940059889510528081e-19,2.362737502499781515e-18,2.387116620350302028e-18,8.641449192369540790e-19,7.931651532722875110e-19,1.004912941761856559e-18,1.219589911652046113e-18,1.039207533130013904e-18,9.369244591306864977e-19,2.667163500161654523e-18,9.172768538552070197e-18,3.943248174020908481e-17,1.876154355032299892e-16,8.904301934563989082e-16,4.161237708149057168e-15,1.878333962051335095e-14,8.037710287005781397e-14,3.203951993603375910e-13,1.173252370658441815e-12,3.912638236404265962e-12,1.186049162326680641e-11,3.287502007592812477e-11,8.451618155505041297e-11,2.059853673446257240e-10,4.890050599999341015e-10,1.162385235984275162e-09,2.828972804835804636e-09,7.136599733718877250e-09,1.867091181986141110e-08,5.014705524221850772e-08,1.357788562575772878e-07,3.620736419559853509e-07,9.266741792934820842e-07,2.217614288618736293e-06,4.841386701620651395e-06,9.433598799707471741e-06,1.611199547546288388e-05,2.379785307304857137e-05,3.015424610877298536e-05,3.271562953038940728e-05,3.054059705244095029e-05,2.483488615262828984e-05,1.796236969821699136e-05,1.193245378098928805e-05,7.655486958013560289e-06,5.147080291430733194e-06,4.086978670710779147e-06,4.245502588475401388e-06,5.669552028633968526e-06,8.675781177708470027e-06,1.363752907527071596e-05,2.050492205686450421e-05,2.819587556381160164e-05,3.441984745959724529e-05,3.657280795402920290e-05,3.343072950014121968e-05,2.617076930859306140e-05,1.758392182012242280e-05,1.022426212324096184e-05,5.215431413205233959e-06,2.376920461597317109e-06,9.893702734232823307e-07,3.855360934434589763e-07,1.443734573898549958e-07,5.331222624212855726e-08,1.986831354950841929e-08,7.608268496059532180e-09,3.023020433066245437e-09,1.245012913269924125e-09,5.246834691894086409e-10,2.211745458770824839e-10,9.070327523206568035e-11,3.522382230412242439e-11,1.267594823274776591e-11,4.168974856924813310e-12,1.246134867720220970e-12,3.392716529245388798e-13,8.489124200009883689e-14,1.980116054916007375e-14,4.384553964788558356e-15,9.389049635005016620e-16,1.958201882304346477e-16,4.198858012646583761e-17,8.842445196482861035e-18,2.996234265857484440e-18,5.073820425271760464e-19,2.487328981018942299e-18,6.137002568137801275e-19,2.047732451970862277e-18,7.224510343660801003e-19,2.080086246958857992e-18,2.001366713580857781e-18,9.923087584207922921e-19,2.841736721817804564e-18,1.381217861395150132e-18,2.131300629666065847e-19,9.925382327498945421e-19
1.490726733518841529e-18,1.295678395190962403e-18,1.161614331179769491e-18,8.947992442115249417e-19,3.669621787829829217e-18,3.074328750967683991e-18,6.505845958173133181e-19,4.183675091045819009e-19,2.416345420767050490e-19,1.824144076570904981e-18,1.337183419020502460e-18,3.852280014315674979e-19,1.716573165743413518e-18,1.009593814995501040e-17,4.044410513299206730e-17,1.926900051755389610e-16,9.103838151480813378e-16,4.248522032133041517e-15,1.916174998451669038e-14,8.193384017757703321e-14,3.264052319768386598e-13,1.194823796311084786e-12,3.984219451342862138e-12,1.208018342591573608e-11,3.350155948671957588e-11,8.619238502234831542e-11,2.102524393500414224e-10,4.995294183111090838e-10,1.188027224324156657e-09,2.891739008106999773e-09,7.292549406955860851e-09,1.906469124944660029e-08,5.114956581098879201e-08,1.383134896189520972e-07,3.683149839753275394e-07,9.413358514410112193e-07,2.249848914905247640e-06,4.906709668519059979e-06,9.554398521949715773e-06,1.631486502241065494e-05,2.410674798300984595e-05,3.058011510252414613e-05,3.324597406845114012e-05,3.113623349044586489e-05,2.544053142562975264e-05,1.852766968545154026e-05,1.243004461352292293e-05,8.085978008711725378e-06,5.533134300090673954e-06,4.465420736874862528e-06,4.663530373929359753e-06,6.184648979201572610e-06,9.353619575413370788e-06,1.453946953491697680e-05,2.165988880863098023e-05,2.956497486158439855e-05,3.588055068764177689e-05,3.794978527700973100e-05,3.456636475532339219e-05,2.698828921531741540e-05,1.809974535579931873e-05,1.051220328791439375e-05,5.359550375049732252e-06,2.442674489936757480e-06,1.017239193869157401e-06,3.967375941989854548e-07,1.487356770686175920e-07,5.499291889318999783e-08,2.052082745269618959e-08,7.866956673468785360e-09,3.128318012419361259e-09,1.288826362282365537e-09,5.430549124115503173e-10,2.287727470204458284e-10,9.372961890729307576e-11,3.635980018506193758e-11,1.307139689637872288e-11,4.295485035180697714e-12,1.283249716486534202e-12,3.492958356630467895e-13,8.740460421909109931e-14,2.039536883811260704e-14,4.518112653586955154e-15,9.674561632579076276e-16,2.031313223519995799e-16,4.381934962940219647e-17,8.120631862629627352e-18,2.944867284796204465e-18,6.267448636138278808e-19,3.175232173894890219e-18,6.955638931723611040e-19,8.399316231065639818e-19,3.109291851592123917e-19,2.108590616277805563e-18,2.545554920520147752e-18,2.100020182660969340e-18,1.765662242738408746e-18,8.096583712807679444e-19,6.661583737683409042e-19,1.157602446653146700e-18
1.566456657652775272e-18,6.101098298883276035e-19,9.766067090824031136e-19,1.114368180919767070e-18,4.165780991966936038e-18,3.177392242426290574e-18,1.609089113636932762e-19,4.178560955051294884e-19,1.324691979866975689e-18,2.071638582612487148e-18,1.557740448306626533e-18,7.231263977738201431e-19,7.384179591521160815e-19,9.988106624470967145e-18,4.173041844412332621e-17,1.981149626436765161e-16,9.350241605453419069e-16,4.357818051896708600e-15,1.963642485189771575e-14,8.389504907917712591e-14,3.340040464835445038e-13,1.222185987293406968e-12,4.075305370171609122e-12,1.236044894000886071e-11,3.430212089033516373e-11,8.833531823450514843e-11,2.157057066673866763e-10,5.129666686848283118e-10,1.220727660883481317e-09,2.971696865264445898e-09,7.491083234431453312e-09,1.956603462303658872e-08,5.242739201714383049e-08,1.415526748599718576e-07,3.763271011762511992e-07,9.602834702677021237e-07,2.291881934875112864e-06,4.992820825872055490e-06,9.715507557059257341e-06,1.658827346931626798e-05,2.452594148412520864e-05,3.115905102773003978e-05,3.396435918088889773e-05,3.193703798564250689e-05,2.624718238816947614e-05,1.927341185224012388e-05,1.308069781418997496e-05,8.644347751465888952e-06,6.029671977559214055e-06,4.947162064365670337e-06,5.188686108939849103e-06,6.821927114008611528e-06,1.017919714167020338e-05,1.562195112962331181e-05,2.302796759116813294e-05,3.116840205555356733e-05,3.757511532761277396e-05,3.953525636475329903e-05,3.586688551550280775e-05,2.792150378785474487e-05,1.868797316389614964e-05,1.084089447772118335e-05,5.524504863290701458e-06,2.518222346619565895e-06,1.049400335989833078e-06,4.097221185304488765e-07,1.538130007217255952e-07,5.695578232692287509e-08,2.128476957055116022e-08,8.170233604030496815e-09,3.251787477206625071e-09,1.340151386485859402e-09,5.645350625199424709e-10,2.376347526637151842e-10,9.725030757694165225e-11,3.767845413929787305e-11,1.352977606118790442e-11,4.442055458918147967e-12,1.326270137837510128e-12,3.609310253975114721e-13,9.032820439406313378e-14,2.108779414538589526e-14,4.673985698291907913e-15,1.000771760629043176e-15,2.119072104558652985e-16,4.535985685548303897e-17,7.391257754650951651e-18,2.351931677122798659e-18,8.052869250806139682e-19,2.809607302704631760e-18,1.777767937488302713e-18,1.124548851093498130e-18,2.933504550364814334e-19,1.756232591697210369e-18,2.273937410741549217e-18,3.141729032665419399e-18,6.307159086467284584e-19,1.069348581255102390e-18,7.518744047476213840e-19,7.958688692497173743e-19
8.410791431293418810e-19,1.682960635507913626e-18,8.183770231132047415e-19,1.394337261715054449e-18,3.291844619495547831e-18,2.891651079603746168e-18,1.223684440643417610e-18,1.250529830305433414e-18,2.501496681803538834e-18,1.992973726655821455e-18,1.447243804691848770e-18,1.221327443885726562e-18,2.062367511387710823e-19,9.407788103226399734e-18,4.315118625269511071e-17,2.035345135405777446e-16,9.642060653584434676e-16,4.489626898209700796e-15,2.020965692304558535e-14,8.627067022355993723e-14,3.432282487416303311e-13,1.255464185634129316e-12,4.186326858009809383e-12,1.270273987927594658e-11,3.528144797315680867e-11,9.095974352628009586e-11,2.223884758683822195e-10,5.294367263518735527e-10,1.260803233151634178e-09,3.069654865076593309e-09,7.734218364654645323e-09,2.017988137599018403e-08,5.399236011507346280e-08,1.455238032650777168e-07,3.861704897659245630e-07,9.836427510256942802e-07,2.343957667989203391e-06,5.100168059176113570e-06,9.917721171148969131e-06,1.693363147022400631e-05,2.505794483365520343e-05,3.189539228982327102e-05,3.487773251457387819e-05,3.295301568897820744e-05,2.726769338678122800e-05,2.021448593074182866e-05,1.390033565555528514e-05,9.346825422739480220e-06,6.653017052490256000e-06,5.548889471995928593e-06,5.838576389453928448e-06,7.600482636877301268e-06,1.117333806569948292e-05,1.690706335337463232e-05,2.463114868325529493e-05,3.302604101920245789e-05,3.951945648973796308e-05,4.134032212968258882e-05,3.733903158219556792e-05,2.897404791768295164e-05,1.935043219490089657e-05,1.121124870992368847e-05,5.710766898288021285e-06,2.603812694475356212e-06,1.085981881816988141e-06,4.245526364417605638e-07,1.596347810851560730e-07,5.921391549048197803e-08,2.216580698196350817e-08,8.520499036985817497e-09,3.394425847288481844e-09,1.399391869056820252e-09,5.892812929287679067e-10,2.478185611667852217e-10,1.012852673359326982e-10,3.918612660300335307e-11,1.405296848994864766e-11,4.609218254419934815e-12,1.375342281572967559e-12,3.742170396676092269e-13,9.367362512313823746e-14,2.188109127554376863e-14,4.852999827179499425e-15,1.039667705432466968e-15,2.214733813916844330e-16,4.652298658417705389e-17,7.303274998490140402e-18,1.487038751364949325e-18,1.074178705941205943e-18,2.294202247678213789e-18,2.222808169796273381e-18,1.506725794375350874e-18,4.807999188826781097e-19,7.501039696295701806e-19,1.864042064436768920e-18,3.342142346443350049e-18,1.043824646213551440e-18,2.597798948620095509e-18,4.691921209015968768e-19,4.843404503780569176e-19
8.628774984977150884e-19,2.472899688838471439e-18,1.543167673341766449e-18,1.556612467716762747e-18,1.463962771418175194e-18,2.589253057347129810e-18,2.370227655187819148e-18,2.087626858975055828e-18,2.873858653143371756e-18,1.871066871150220691e-18,8.947469867372530323e-19,1.546904773711156248e-18,3.227300557845574360e-19,9.349472149624088381e-18,4.464087548170213392e-17,2.095099291590887598e-16,9.981441015158523722e-16,4.644913764301508721e-15,2.088509472596873250e-14,8.907284859115918304e-14,3.541204237147631277e-13,1.294806612834664711e-12,4.317793236113943948e-12,1.310878124968605398e-11,3.644520441189471338e-11,9.408335032042317812e-11,2.303527551721311725e-10,5.490837748889428282e-10,1.308634814517279421e-09,3.186584621605291916e-09,8.024374509749825533e-09,2.091213964914967944e-08,5.585856172751638643e-08,1.502593653308418275e-07,3.979165582123494793e-07,1.011561403032361152e-06,2.406362270211950604e-06,5.229276065093031274e-06,1.016197637208952854e-05,1.735261975337282713e-05,2.570578873069195646e-05,3.279442977348406504e-05,3.599462742899501135e-05,3.419651484435030101e-05,2.851799100328792348e-05,2.136940977654054827e-05,1.490883502306936520e-05,1.021373835541486450e-05,7.423652507575494038e-06,6.291522547392407892e-06,6.635175667581667212e-06,8.543961716084379194e-06,1.236156292730757739e-05,1.842156915856730040e-05,2.649577424366786888e-05,3.516146705024181528e-05,4.173228519373683754e-05,4.337795649659306551e-05,3.899065809304153214e-05,3.015016114732869067e-05,2.008926100838367553e-05,1.162433910833200538e-05,5.918892350664315849e-06,2.699738275058963018e-06,1.127134589907022976e-06,4.413031688829529329e-07,1.662355222397689218e-07,6.178271898814531516e-08,2.317060176922008492e-08,8.920571670289765229e-09,3.557402031222345765e-09,1.467019947696494677e-09,6.174768864713294215e-10,2.593914436505744577e-10,1.058575206962394724e-10,4.089012354467887221e-11,1.464313986629858469e-11,4.797585696145687615e-12,1.430635867754774585e-12,3.892003804609364048e-13,9.745356479034028401e-14,2.277867740826926291e-14,5.056154710548984741e-15,1.084624958654276813e-15,2.312960771838735056e-16,4.760012200370016895e-17,8.227852839515085556e-18,1.579603332819523374e-18,1.452742164619690231e-18,2.240428722728864594e-18,1.839776026086240570e-18,1.250516012704974367e-18,1.193550405977744082e-19,8.619281239013797977e-19,2.456354191233258627e-18,2.461044880077510238e-18,1.862943321232805838e-18,3.216391236225702545e-18,1.193094615516690867e-18,9.771084460845378743e-19
1.494720529354132927e-18,2.328707819321517830e-18,2.136644291623880339e-18,1.223065864708969532e-18,1.260395843361585487e-18,2.417880671308765647e-18,2.882011915983086960e-18,2.560716726366681854e-18,2.272590608510275156e-18,1.395541255039597927e-18,9.573298083734018842e-20,1.552337764607111159e-18,8.225230530587241024e-19,9.771819024257362522e-18,4.626125034606043112e-17,2.171397234621655749e-16,1.037409211825278958e-15,4.824950585392211715e-15,2.166753705173528651e-14,9.231588950106101460e-14,3.667291406628449793e-13,1.340384479325639179e-12,4.470293082639387457e-12,1.358057568818314921e-11,3.779999550966693863e-11,9.772684762185566030e-11,2.396596060187595982e-10,5.720774519896272129e-10,1.364671046027068606e-09,3.323630733298236461e-09,8.364398995085310812e-09,2.176974545219442560e-08,5.804248368362926341e-08,1.557972139360836721e-07,4.116481172133087923e-07,1.044209974715220502e-06,2.479425146165330967e-06,5.380748854596584339e-06,1.044935695996634738e-05,1.784720033861701707e-05,2.647304853759244178e-05,3.386246099026640196e-05,3.732527028243953586e-05,3.568241841189483430e-05,3.001737872067803870e-05,2.276076106100881246e-05,1.613057988579334458e-05,1.127016410452853196e-05,8.366946898826754098e-06,7.200991297421293273e-06,7.605634193462969913e-06,9.681372936518725775e-06,1.377486851452408888e-05,2.019760406216409239e-05,2.865310960639095108e-05,3.760236330695918672e-05,4.423537549799531324e-05,4.566315712460701943e-05,4.083081149910529968e-05,3.145472289298651997e-05,2.090692531962882767e-05,1.208140570681716086e-05,6.149524066388447619e-06,2.806337494084683373e-06,1.173032671078299160e-06,4.600592792917119895e-07,1.736551442919418913e-07,6.468002855463425207e-08,2.430687378128857237e-08,9.373716680588622827e-09,3.742068052506118906e-09,1.543580228760689623e-09,6.493324689464911002e-10,2.724303779170042208e-10,1.109933018577956610e-10,4.279874109027476371e-11,1.530274401433966278e-11,5.007851035481229067e-12,1.492343969764928346e-12,4.059341763180609656e-13,1.016818432382951310e-13,2.378460524554808855e-14,5.284562613300954094e-15,1.135633040734454077e-15,2.412539862792447971e-16,4.910221611463037852e-17,9.869082119610101502e-18,2.567198088196885513e-18,1.961665726624396130e-18,2.301919950176105977e-18,9.274044051810480096e-19,6.674380757786147320e-19,6.978701474318246239e-19,1.819882021430269851e-18,2.735404089476694231e-18,9.094821999137093236e-19,1.994663141132807134e-18,2.408381962823605720e-18,2.185605204689795483e-18,1.135065446050695285e-18
1.602858002479865772e-18,1.315907086397009994e-18,2.084863735042061278e-18,8.186426843257994388e-19,2.259949200782482828e-18,2.135601628582433267e-18,2.358134212751588532e-18,2.368189261614721597e-18,1.366446033765829787e-18,5.205049974989655236e-19,7.692404718648494968e-19,1.112011435719416750e-18,1.449554475388966140e-18,1.012540202962641764e-17,4.815300803107084770e-17,2.272618049559357478e-16,1.082707935638676356e-15,5.031011941946399233e-15,2.256223956724336625e-14,9.601598153017442030e-14,3.811091879773966723e-13,1.392391573986725144e-12,4.644495107991510491e-12,1.412040850586015979e-11,3.935339315788530033e-11,1.019140699690054751e-10,2.503795498541871649e-10,5.986142269905840531e-10,1.429432508770182306e-09,3.482122280610198926e-09,8.757595956098838208e-09,2.276073146164877996e-08,6.056315840032488539e-08,1.621808675401917504e-07,4.274599408438857813e-07,1.081782816259536494e-06,2.563520553503398049e-06,5.555272601659821744e-06,1.078109930190532226e-05,1.841962943469055764e-05,2.736387347229552914e-05,3.510685327271230558e-05,3.888170679073845370e-05,3.742837181497533499e-05,3.178890219060562385e-05,2.441569914126686538e-05,1.759513429800384300e-05,1.254672994898638033e-05,9.514048646643744566e-06,8.309194862309620395e-06,8.783271760074894957e-06,1.104808066255074219e-05,1.545067268115974326e-05,2.227351362200890564e-05,3.114001884548992351e-05,4.038100637288836726e-05,4.705387126608597551e-05,4.821311558664175331e-05,4.286981371358526758e-05,3.289329064642247544e-05,2.180623454351228484e-05,1.258386261725118354e-05,6.403395180925886054e-06,2.923996139634734252e-06,1.223874760618995765e-06,4.809186289152167111e-07,1.819392855863410880e-07,6.792626835025061347e-08,2.558347290121815420e-08,9.883677417216446683e-09,3.949971940083111093e-09,1.629694602809002379e-09,6.850876358317670911e-10,2.870225360422532886e-10,1.167221848126614271e-10,4.492129489684348477e-11,1.603452863424931505e-11,5.240789513631701873e-12,1.560682287422737047e-12,4.244779070980860352e-13,1.063738296071815976e-13,2.490330155616518810e-14,5.539386393106282724e-15,1.192394070415848314e-15,2.517278759021449188e-16,5.142117022854444688e-17,1.154434355770233931e-17,3.327985875783377485e-18,2.502285651489838700e-18,2.300887345787137558e-18,1.630737088316250407e-19,9.617919390470339895e-20,1.421963009193815031e-18,2.297715382285094365e-18,1.683102704339363135e-18,5.360815507428726594e-19,1.351411022866089766e-18,6.515716505494511114e-19,2.955779686495978724e-18,6.719357816021769685e-19
1.836075252372972514e-18,5.160213778432489829e-19,1.435807138829555472e-18,1.178916963576195943e-18,2.022908233154790624e-18,1.515138935943183863e-18,9.646586382504435975e-19,1.432321647311357907e-18,1.629046174641442294e-18,1.533396596892256143e-18,1.041228418875333548e-18,2.918974155915386700e-19,1.992293270396497140e-18,1.033537478590898009e-17,5.044205900981241647e-17,2.398582051780025627e-16,1.134583510701764299e-15,5.264190066445227140e-15,2.357420057821175197e-14,1.001908352751336888e-13,3.973219189722815800e-13,1.451043948638627625e-12,4.841149164950559064e-12,1.473085335156884850e-11,4.111396351939191603e-11,1.066720968976102466e-10,2.625930308576425459e-10,6.289189744094874648e-10,1.503516507971113271e-09,3.663586034796671539e-09,9.207759881865378659e-09,2.389430589953708192e-08,6.344233559889937435e-08,1.694598543736322779e-07,4.454593989683968932e-07,1.124499156035408624e-06,2.659069384938169446e-06,5.753618798703133128e-06,1.115859874582767336e-05,1.907247186057312274e-05,2.838301956345115252e-05,3.653611592547812380e-05,4.067794800067290695e-05,3.945504903111437454e-05,3.385978058231858590e-05,2.636658759458643627e-05,1.933805269156065195e-05,1.408058303394090547e-05,1.090297710500691423e-05,9.655173675525851411e-06,1.020879056600104637e-05,1.268701060955722622e-05,1.743395076463535008e-05,2.469484912764850228e-05,3.399975733921059491e-05,4.353482765738063306e-05,5.021663524459377262e-05,5.104740760062497884e-05,4.511935426847103086e-05,3.447214087318721819e-05,2.279035913376685390e-05,1.313330545376251630e-05,6.681332573966199666e-06,3.053149214676651476e-06,1.279884981552247336e-06,5.039915953231977732e-07,1.911396431398220364e-07,7.154462477610567296e-08,2.701046124147729737e-08,1.045471145782930733e-08,4.182872356879151586e-09,1.726067682522486886e-09,7.250127762452338862e-10,3.032658261332871641e-10,1.230772238548616522e-10,4.726815182173817212e-11,1.684154150816746647e-11,5.497259541892170402e-12,1.635888645980066243e-12,4.448972130195021494e-13,1.115469951076023126e-13,2.613942357546619155e-14,5.821814896691734829e-15,1.254743669841418135e-15,2.634509873016155251e-16,5.457390593677486830e-17,1.269711075360158970e-17,3.663189923532090318e-18,2.897969506447857616e-18,1.901373145448951353e-18,8.124715273268458372e-19,3.919093742917590111e-19,1.503782925011256424e-18,2.548526297311616408e-18,5.847511049350614678e-19,1.033480426340138219e-18,5.542855495724484392e-19,1.225331384513459365e-18,3.217471377818102675e-18,1.036064394893202028e-18
2.243011583392753973e-18,1.537881311463724786e-18,4.903710069667390996e-19,1.147459445636995970e-18,7.841186364027372776e-19,5.709508537392081847e-19,7.748415343670732279e-19,1.290495719223322426e-19,2.113335956962091620e-18,2.536526864231215601e-18,5.756768764259264356e-19,8.465224856357219833e-19,2.453946834331710977e-18,1.044944206301123734e-17,5.318245572993079305e-17,2.541223814122281514e-16,1.193237535436403660e-15,5.525487271288047627e-15,2.470791940490739510e-14,1.048594587791814215e-13,4.154355189206684367e-13,1.516580110649238562e-12,5.061087402242343569e-12,1.541477831639455869e-11,4.309129690501209958e-11,1.120313859979991392e-10,2.763909349302299439e-10,6.632467479320486319e-10,1.587602491432206678e-09,3.869761457640439152e-09,9.719213725057072083e-09,2.518094198200144687e-08,6.670467621306271060e-08,1.776900986143901170e-07,4.657671608143837338e-07,1.172604286153019349e-06,2.766541111071574975e-06,5.976647674861093289e-06,1.158341657729734522e-05,1.980861681682646061e-05,2.953588613483800387e-05,3.815998123003679640e-05,4.273013648580656289e-05,4.178645955798583221e-05,3.626191034354363420e-05,2.865172968011311250e-05,2.140184726844341726e-05,1.591655889025034477e-05,1.257994495248703806e-05,1.128653399005734001e-05,1.193174717256994735e-05,1.465010496861845513e-05,1.977859491407918044e-05,2.751554467226050379e-05,3.728289597183701254e-05,4.710705821581797096e-05,5.375664342194213472e-05,5.418820396286476264e-05,4.759259030820000040e-05,3.619831231231488631e-05,2.386284850904392049e-05,1.373151890161353096e-05,6.984260414152415069e-06,3.194282864287610619e-06,1.341314093073366562e-06,5.294019534262458847e-07,2.013143520314643408e-07,7.556124157113348280e-08,2.859920573211880239e-08,1.109163124199447828e-08,4.442755046310634824e-09,1.833492885122120368e-09,7.694110979844585004e-10,3.212694884091548420e-10,1.300951059932375666e-10,4.985076342711496338e-11,1.772713701316291036e-11,5.778203948680814555e-12,1.718223254926256550e-12,4.672639998240275806e-13,1.172212254813944078e-13,2.749798253428155038e-14,6.133095773260459327e-15,1.322999996654837108e-15,2.772012948884836262e-16,5.823702297770371108e-17,1.318578742938610552e-17,3.716522959826916129e-18,3.050631118826728337e-18,7.587236534627382485e-19,1.261761550529465906e-18,7.625709465798354569e-19,7.536300953967544325e-19,2.875650935430732730e-18,2.525027561021280401e-18,6.979898609579492456e-19,1.332749683501694665e-18,1.994765313838522134e-18,2.815301107632229526e-18,2.291891745894939925e-18
1.904297466427776634e-18,1.884414508889532960e-18,5.699650462155413122e-19,3.169743890718129832e-19,5.921050915557798098e-19,5.158045788738168599e-19,1.815377535698944033e-18,1.386654050654305078e-18,1.798457123698881826e-18,2.512741523521443159e-18,8.967541728534732581e-19,1.684591557956140437e-18,2.971446452758963640e-18,1.040874738112479514e-17,5.634188380622374421e-17,2.691213200672326741e-16,1.258598785661365208e-15,5.816104518739349744e-15,2.596780189930050135e-14,1.100422302123031249e-13,4.355250617904627977e-13,1.589261707883757855e-12,5.305225485761606659e-12,1.617535226174778044e-11,4.529603964424382573e-11,1.180259193299036761e-10,2.918751645490909219e-10,7.018847591781000747e-10,1.682458125998208291e-09,4.102617577923285750e-09,1.029685181590130343e-08,2.663247846576034600e-08,7.037796939698515509e-08,1.869343495474954886e-07,4.885179693703533249e-07,1.226370851614129650e-06,2.886455864955568155e-06,6.225311828366877555e-06,1.205728741442089833e-05,2.063129481661946397e-05,3.082855556252157522e-05,3.998949418545588258e-05,4.505673343337174470e-05,4.445029909452703467e-05,3.903244858760595995e-05,3.131623089925638298e-05,2.383713566623918052e-05,1.810858109518422910e-05,1.460095298175064235e-05,1.326117118495214111e-05,1.401233116438213007e-05,1.700007131152788013e-05,2.254903310361564719e-05,3.079930242936863155e-05,4.104839365409042833e-05,5.114746547258804880e-05,5.771142792140123210e-05,5.766050287886580075e-05,5.030425423870366232e-05,3.807965137204256598e-05,2.502764935225227624e-05,1.438048431649907527e-05,7.313203741543328905e-06,3.347936376903903570e-06,1.408440717761661275e-06,5.572876181742050553e-07,2.125284045048020354e-07,8.000543700435318462e-08,3.036248160258043839e-08,1.179984951557682319e-08,4.731851181742469025e-09,1.952859182214981110e-09,8.186208568927486760e-10,3.411547449687123571e-10,1.378163146310035378e-10,5.268170099474015776e-11,1.869498269592651628e-11,6.084651156010853108e-12,1.807969637009844003e-12,4.916567880161067928e-13,1.234187193697998199e-13,2.898464650660660238e-14,6.474608911858246967e-15,1.397994148213761452e-15,2.935081099202191497e-16,6.201857511427042690e-17,1.330890139367923324e-17,3.572352922391540765e-18,2.986712395743597080e-18,1.111308509634632971e-18,1.552265450864656928e-18,8.259631588495111391e-19,5.382729384547893777e-19,3.137752919192187884e-18,3.428644038687815418e-18,9.958041032115647678e-19,2.171275443286283287e-18,1.760180075634751981e-18,2.011967892754386884e-18,3.074105139137521485e-18
6.111863983293452186e-19,1.252573290454042679e-18,1.275564834053191896e-18,1.641442108064103181e-18,1.308846289974295388e-18,1.481573315504216045e-18,1.875838980242393430e-18,2.180149742914935563e-18,1.204001781696467591e-18,1.689472537591341895e-18,2.256670828818434266e-18,2.038167805121507470e-18,3.538824611667004734e-18,1.045746286273469535e-17,5.980776337279989698e-17,2.845128387568307900e-16,1.330594213098345892e-15,6.137674739806473619e-15,2.735895058132698007e-14,1.157612620706277301e-13,4.576723719020082383e-13,1.669374291560642790e-12,5.574563764932480272e-12,1.701605121121753671e-11,4.773992805427176446e-11,1.246933624735887405e-10,3.091592685318931210e-10,7.451545652198934793e-10,1.788946056335330706e-09,4.364371835233776028e-09,1.094618783321558095e-08,2.826223185299938719e-08,7.449337358036159808e-08,1.972626546770812654e-07,5.138614859770927491e-07,1.286100236586379381e-06,3.019386647109583405e-06,6.500660020002973612e-06,1.258212692775384762e-05,2.154409557216528296e-05,3.226783602719669118e-05,4.203711085234152476e-05,4.767872734406187134e-05,4.747834707981631882e-05,4.221448423463689150e-05,3.441300487379933234e-05,2.670399577783895805e-05,2.072133049189970303e-05,1.703370580582989647e-05,1.564934685340547960e-05,1.652350686586024167e-05,1.981247733216810807e-05,2.582215069282453590e-05,3.462121697663283397e-05,4.536483701950416448e-05,5.571319124487240292e-05,6.212357194573374939e-05,6.149238441632587935e-05,5.327076883436959877e-05,4.012485930567804334e-05,2.628912406608771392e-05,1.508238723844026007e-05,7.669292034162791368e-06,3.514704237862129626e-06,1.481572640601835113e-06,5.878014479191393440e-07,2.248541095297509303e-07,8.490994401369390820e-08,3.231458728766283706e-08,1.258542983246628770e-08,5.052657707539032354e-09,2.085158540264526956e-09,8.730177931482172847e-10,3.630555017781254340e-10,1.462853037152064421e-10,5.577469186953060422e-11,1.974906568205088502e-11,6.417716175884092552e-12,1.905435604922458012e-12,5.181610429206669025e-13,1.301636004213824909e-13,3.060596589080482802e-14,6.847935116108269792e-15,1.480748014183874300e-15,3.124931372555445312e-16,6.575676271292388624e-17,1.358493301744198126e-17,3.132257218224156147e-18,2.775244433920843168e-18,2.394199061927955005e-18,1.798366534192391488e-18,5.996796277287400748e-19,1.546028685238288073e-18,3.124300608722663236e-18,2.920310183748551657e-18,1.535131947913774891e-18,2.507395031683049017e-18,1.634623682570608541e-18,1.640242798816219347e-18,2.885962166235054987e-18
9.772264723343576754e-19,1.012583794724142718e-18,1.411058440658973578e-18,3.006596967981367076e-18,1.241370262624894181e-18,2.047773317200248617e-18,1.150061235187992111e-18,2.121816943330121453e-18,1.898896236307307033e-18,1.229762184227713740e-18,3.133459491520116258e-18,1.871096598518295628e-18,3.910270040145074376e-18,1.106665349717399227e-17,6.342060600098725936e-17,3.007636546931432278e-16,1.409438185217169279e-15,6.492234642149466243e-15,2.888782723991507792e-14,1.220408746789102898e-13,4.819658391120767008e-13,1.757227692587729912e-12,5.870188294984468186e-12,1.794066476590535106e-11,5.043582462880788566e-11,1.320752351204032662e-10,3.283691256382524103e-10,7.934144682887383764e-10,1.908031370561486249e-09,4.657510985050235632e-09,1.167340809807556837e-08,3.008512084067115371e-08,7.908568253870371199e-08,2.087528776956336897e-07,5.419632041250240674e-07,1.352124040313653446e-06,3.165961627561403360e-06,6.803841070614368336e-06,1.316003976530940370e-05,2.255098662026652984e-05,3.386130696457534032e-05,4.431680514870421243e-05,5.061986510868249649e-05,5.090691452243019318e-05,4.585780597151445446e-05,3.800394094869307576e-05,3.007355868339850919e-05,2.383222872453073123e-05,1.995990544785535088e-05,1.853618448187311014e-05,1.955358444654304212e-05,2.317825235368095512e-05,2.968956420007008948e-05,3.906967390382108787e-05,5.031186845856255093e-05,6.086970138379018834e-05,6.704126052683239095e-05,6.571528781412419454e-05,5.651036958203070262e-05,4.234354084047200773e-05,2.765206916494707714e-05,1.583962470348568982e-05,8.053762703845835871e-06,3.695238212441259186e-06,1.561048172210679969e-06,6.211121071759336676e-07,2.383715935278277519e-07,9.031117416386616320e-08,3.447147131039843234e-08,1.345514237024989285e-08,5.407959762368957358e-09,2.231494074427735949e-09,9.330177764728530494e-10,3.871191009592504153e-10,1.555506813989900716e-10,5.914465696362200103e-11,2.089369880285757079e-11,6.778601387292567304e-12,2.010953644097730404e-12,5.468692394973105245e-13,1.374815611036876010e-13,3.236931306562424934e-14,7.254878087728237983e-15,1.572021558687308995e-15,3.338761141452401429e-16,6.965874805384041795e-17,1.444278951449094923e-17,2.303179296873920393e-18,2.483287832715486287e-18,2.541487286471220167e-18,1.992200977894862088e-18,9.463608243513023509e-19,1.793978415390212032e-18,2.896755188986794501e-18,1.630221284067940442e-18,1.323682445374324947e-18,2.190213978064015586e-18,1.965933233358344048e-18,1.871235532410932029e-18,1.851965207491010492e-18
1.909900771178553501e-18,2.097081462999147129e-18,8.813975134111269372e-19,3.204783548484075757e-18,1.121149541748589146e-18,2.000198647530080126e-18,5.644125713760358274e-19,1.354134065137744227e-18,2.759458069999214514e-18,1.339112468915730021e-18,3.006705319330199769e-18,1.405885216862208872e-18,3.867150913786473040e-18,1.232646053502924049e-17,6.705681533870315442e-17,3.187463425870947014e-16,1.495754909889178455e-15,6.881955977161150167e-15,3.056237883260121564e-14,1.289079199589642371e-13,5.085003631363138474e-13,1.853155870214935643e-12,6.193271715518603091e-12,1.895330259482996922e-11,5.339775625774445255e-11,1.402170920176519921e-10,3.496436811250599821e-10,8.470621304227897393e-10,2.040789796974436652e-09,4.984814160779273411e-09,1.248543046439510461e-08,3.211780361659367362e-08,8.419361744776402893e-08,2.214912621070786812e-07,5.730054310377440692e-07,1.424805634079408071e-06,3.326866519331826491e-06,7.136107802099699471e-06,1.379332755696784371e-05,2.365633246032167812e-05,3.561736689776503952e-05,4.684418392338651782e-05,5.390690625245105511e-05,5.477734582320659953e-05,5.001977704609342776e-05,4.216125425232490777e-05,3.402987511844347238e-05,2.753378793200791084e-05,2.347798934774306890e-05,2.202465970045075551e-05,2.320929810700619338e-05,2.720666655510488706e-05,3.426030453000548850e-05,4.424856272518958668e-05,5.598182607331755683e-05,6.669185825636537979e-05,7.251889103097979288e-05,7.036431236451296423e-05,6.004323400768620163e-05,4.474625391906742117e-05,2.912173338099992214e-05,1.665481223590031026e-05,8.467964465590882794e-06,3.890249434518273205e-06,1.647237567937395786e-06,6.574049871910594336e-07,2.531693428791146165e-07,9.624950629677474808e-08,3.685087170743197696e-08,1.441652532202939156e-08,5.800855275510280180e-09,2.393088937139346282e-09,9.990796615908479841e-10,4.135071214226193842e-10,1.656654020996412751e-10,6.280774910111358899e-11,2.213352644005642033e-11,7.168597121301689139e-12,2.124880548139017745e-12,5.778806408598150115e-13,1.453998047553822556e-13,3.428256167366873448e-14,7.697431786427756789e-15,1.672060721267353033e-15,3.571457307752287232e-16,7.418047286405218891e-17,1.600200656032699677e-17,1.287015809694383307e-18,2.231961227221541783e-18,1.491988168756902671e-18,1.944913315092084171e-18,1.640091430264873694e-18,1.418623871370044990e-18,2.691107025360414324e-18,6.774355823707912761e-19,9.627054142637902593e-19,1.162916611636795222e-18,1.709692759644891643e-18,1.817151673247783145e-18,1.483905841462938204e-18
1.805354737114067450e-18,2.359728478932523702e-18,5.819667258082642770e-19,1.984517692015614164e-18,1.350385028405794740e-18,1.350297246642537349e-18,7.215574462980835874e-19,3.094673479346586817e-19,2.714895376607670636e-18,9.488747403704831803e-19,1.911358893532558969e-18,9.506981507026637271e-19,3.578862853901546564e-18,1.396772950409210835e-17,7.075543975002438583e-17,3.390917492073872568e-16,1.590467770640332196e-15,7.308873935216844512e-15,3.239158777158884578e-14,1.363917742366564627e-13,5.373775045182048474e-13,1.957516510080005095e-12,6.545074058738747173e-12,2.005840103340526980e-11,5.664095385983788268e-11,1.491687132344400597e-10,3.731357354123907816e-10,9.065374049373708206e-10,2.188416654995236128e-09,5.349378188297665184e-09,1.338996908465351119e-08,3.437882861015343816e-08,8.986014586715446161e-08,2.355730411418181748e-07,6.071883351046475538e-07,1.504541789448013119e-06,3.502846995639649696e-06,7.498820958048888304e-06,1.448449686772607468e-05,2.486491396914353641e-05,3.754528331645836802e-05,4.963661010272560706e-05,5.756990114468230274e-05,5.913657853565069868e-05,5.476632786371029242e-05,4.696904140243962666e-05,3.867209577020175136e-05,3.193638633241078524e-05,2.770639010651369401e-05,2.623917375631134850e-05,2.761948191002302683e-05,3.202887014394625512e-05,3.966397528878505828e-05,5.027984928890056308e-05,6.248162165376587238e-05,7.326512816782606750e-05,7.861774751674367745e-05,7.547854253757168327e-05,6.389161768570563230e-05,4.734456019663843231e-05,3.070383525953022225e-05,1.753079040318276087e-05,8.913360523682145405e-06,4.100510475780353612e-06,1.740544493673832748e-06,6.968831823259136405e-07,2.693447886962627298e-07,1.027696007247227972e-07,3.947246856409631634e-08,1.547795212689730722e-08,6.234781824735000711e-09,2.571295960429327207e-09,1.071708354211774452e-09,4.423962259091182068e-10,1.766869656576490529e-10,6.678139165872355801e-11,2.347353011451502905e-11,7.589082105685431879e-12,2.247596729585597261e-12,6.113010074509621507e-13,1.539473117825397954e-13,3.635376037371833771e-14,8.177724755838740402e-15,1.780739832365101483e-15,3.818509099751602653e-16,7.971318158960947532e-17,1.801291041262881311e-17,1.256242313960131033e-18,2.155054488409173180e-18,5.572182967395898957e-19,1.508838639412501867e-18,1.947647713658954319e-18,1.624570172242897016e-18,2.616579718020703907e-18,6.731104245617418910e-19,1.474757374280695260e-18,8.021738447533559270e-19,9.905782923629909608e-19,1.291605112125568861e-18,2.659101917008551522e-18
1.527216214944515712e-18,1.252868591887296761e-18,1.237649346852180487e-18,4.007698739192770166e-19,1.186896348664738082e-18,7.380259460846665122e-19,7.633223338265126263e-19,7.254194877648173589e-19,1.679241675669339620e-18,2.919826605827626788e-19,7.032844038524595987e-19,6.823637215058679199e-19,3.680710496741369161e-18,1.571928366020445528e-17,7.479682145070623952e-17,3.618415965597078142e-16,1.694537957407288819e-15,7.774866226950113016e-15,3.438478128428729963e-14,1.445240125720772168e-13,5.687057658104914015e-13,2.070690817439765502e-12,6.926943553400977723e-12,2.126072968681736541e-11,6.018189256004683354e-11,1.589843028749976152e-10,3.990127834929729792e-10,9.723253854380406370e-10,2.352236581173368729e-09,5.754645246089011804e-09,1.439560532696072974e-08,3.688879929740343790e-08,9.613282854502369672e-08,2.511030943845896638e-07,6.447310566118688038e-07,1.591764366707285921e-06,3.694711120941247642e-06,7.893453037231759758e-06,1.523626696514744350e-05,2.618194784884723700e-05,3.965524424740039366e-05,5.271333366688323485e-05,6.164249395302213823e-05,6.403776520915326791e-05,6.017307828916485234e-05,5.252506761079459024e-05,4.411701096014759588e-05,3.717153815264539855e-05,3.278740637665964125e-05,3.132981314427762406e-05,3.293944831675497362e-05,3.780208729361318970e-05,4.605446104756990997e-05,5.730655841754179081e-05,6.993488536054861269e-05,8.068693664247166485e-05,8.540674312320308448e-05,8.110139793066401437e-05,6.807999656905730783e-05,5.015107591600623699e-05,3.240458001520174437e-05,1.847063081587102971e-05,9.391531516866559779e-06,4.326857369159408920e-06,1.841407528256412175e-06,7.397685197637019921e-07,2.870049341616689636e-07,1.099207397642217801e-07,4.235805021402456998e-08,1.664870479562932084e-08,6.713545839505087831e-09,2.767608067464745194e-09,1.151458086094992249e-09,4.739790521135148710e-10,1.886776220956255930e-10,7.108431680089120870e-11,2.491903374777855723e-11,8.041523792348687196e-12,2.379505817601091401e-12,6.472425030967843844e-13,1.631552140603942815e-13,3.859108553027199423e-14,8.697990387960941966e-15,1.898005691027103444e-15,4.078726081308566838e-16,8.632015667188242944e-17,2.001716196986610675e-17,2.267668711186933473e-18,2.235304388463995148e-18,1.699766573142174121e-18,8.967149581440181719e-19,1.917803658752504173e-18,2.368547575197616584e-18,2.509018720502905704e-18,1.130432241331297473e-18,1.713017368745556031e-18,2.384223864682441314e-18,1.034070634944715916e-18,6.807675016187666001e-19,3.373404504873037841e-18
2.063182155760007430e-18,7.455319390112114659e-19,1.377329387397258516e-18,2.007909931415662577e-18,4.727051910851587145e-19,1.354417750050113943e-18,1.283874601230684949e-18,1.542678735508090587e-18,5.584671133956751627e-19,5.106422288005308474e-19,1.415034011563760578e-18,3.938222795136026320e-19,4.493598048741390281e-18,1.730222613752319079e-17,7.961379401034437067e-17,3.866647646754360347e-16,1.808727547907180570e-15,8.281931026124146384e-15,3.655116199905400287e-14,1.533379722022506252e-13,6.026008256504040263e-13,2.193083742041502592e-12,7.340317400725630947e-12,2.256539776552583463e-11,6.403833162343004508e-11,1.697226952907998112e-10,4.274579026070126699e-10,1.044959671542649921e-09,2.533714047555715183e-09,6.204432958736812694e-09,1.551186511047735275e-08,3.967055363642568077e-08,1.030641948481410827e-07,2.681966512518614954e-07,6.858728784998925321e-07,1.686942051010410318e-06,3.903331763719977677e-06,8.321591970408991941e-06,1.605157726290759969e-05,2.761310585644845907e-05,4.195841113799050816e-05,5.609563016136396500e-05,6.616225107153233327e-05,6.954096160810442487e-05,6.632660245398805192e-05,5.894281358925926247e-05,5.050200092392373045e-05,4.339573594340331207e-05,3.889178777441241861e-05,3.747741433916002159e-05,3.935619071835506330e-05,4.471457364490149053e-05,5.361427048872381826e-05,6.549622339571402091e-05,7.848440840748911827e-05,8.906818521298888870e-05,9.296323466529560209e-05,8.728100849449934087e-05,7.263521520011229928e-05,5.317952275678898793e-05,3.423067541616753686e-05,1.947764145346381491e-05,9.904178163779203036e-06,4.570191558741585780e-06,1.950301691249552510e-06,7.863026394472453976e-07,3.062670244711813534e-07,1.177571953219077177e-07,4.553169362941101080e-08,1.793905357490317800e-08,7.241354225225472192e-09,2.983669464168338851e-09,1.238935895333696321e-09,5.084651445492704072e-10,2.017045802520915566e-10,7.573660259721999955e-11,2.647570836858978035e-11,8.527478532337241765e-12,2.521034816783895049e-12,6.858238856340723107e-13,1.730569969994873297e-13,4.100314946549910499e-14,9.260593897467780315e-15,2.024309496610008353e-15,4.355132747158683777e-16,9.371690172356360517e-17,2.166283381314120194e-17,3.157505248987899635e-18,2.337798919739166914e-18,2.464202304139879462e-18,7.826954751284385896e-19,2.283918928137691825e-18,2.576524214866819478e-18,2.249593927225221262e-18,1.645933610901339037e-18,1.588390636693525854e-18,3.469894731155090753e-18,1.249166850481465876e-18,4.341034085924025578e-19,3.015457497008770992e-18
2.298874854316224886e-18,2.522832920047840079e-18,1.061096146363498322e-18,2.683957782004577217e-18,9.237493734541666903e-19,1.880417535773912168e-18,1.903836218268175488e-18,2.186389203156214580e-18,1.460052003721800655e-18,9.830742615384932454e-19,1.984066933339989743e-18,3.014525445726489990e-19,5.573695698106062631e-18,1.849273710234205821e-17,8.556058371932339080e-17,4.134064332500296688e-16,1.933541815653469425e-15,8.832554213418820169e-15,3.889983828610213665e-14,1.628684865599144613e-13,6.391855720433113568e-13,2.325124467687751911e-12,7.786722389125043094e-12,2.397785979539719515e-11,6.822935366115275984e-11,1.814475674528997921e-10,4.586706843914426860e-10,1.125025848463376677e-09,2.734464684920037453e-09,6.702967002719460426e-09,1.674930290875154001e-08,4.274935866619112464e-08,1.107121474942663394e-07,2.869800410954808189e-07,7.308744530355554116e-07,1.790582122154439734e-06,4.129648956685529548e-06,8.784944568377225536e-06,1.693359429930437762e-05,2.916453355621076318e-05,4.446697264895389584e-05,5.980694638408899823e-05,7.117101566426850708e-05,7.571388567995587381e-05,7.332584969879917544e-05,6.635381335650537675e-05,5.798845390895680904e-05,5.079495376849520752e-05,4.622415158549444486e-05,4.489957039440636778e-05,4.709454929529303453e-05,5.299146157132502642e-05,6.255961026695652512e-05,7.504486508854994373e-05,8.829491761650646653e-05,9.853494397553749654e-05,1.013739135121707814e-04,9.407061530431242368e-05,7.758664026232365370e-05,5.644477822203962966e-05,3.618934645650706701e-05,2.055537119672123063e-05,1.045312354854341166e-05,4.831481746831161128e-06,2.067739983656535241e-06,8.367481204377738725e-07,3.272592591025784351e-07,1.263386241187954078e-07,4.901995948018649336e-08,1.936034317149976946e-08,7.822848472601114245e-09,3.221287615867252523e-09,1.334805305088268792e-09,5.460819223777139329e-10,2.158402183419449471e-10,8.075970840080025897e-11,2.814957593513040439e-11,9.048591509259631005e-12,2.672634540596414799e-12,7.271708166693408544e-13,1.836883981900570605e-13,4.359945369809867386e-14,9.868102381241935987e-15,2.160718295577921122e-15,4.653519035564376048e-16,1.014461804925184769e-16,2.291857567083197933e-17,3.854019138803339215e-18,2.339620804735748056e-18,2.728367558626032943e-18,9.886240937848762961e-19,2.912682052874468982e-18,2.036507806556913037e-18,2.095438778528575310e-18,1.543800704579651700e-18,2.031490138330517802e-18,3.629190438812246487e-18,1.819538462420222538e-18,7.854548481313934817e-19,1.793442251247238209e-18
1.915715209047335363e-18,3.034942060570014723e-18,1.148052293549362950e-18,2.100460142032554003e-18,1.936490904343085455e-18,1.712727453779711267e-18,1.962463417478432306e-18,2.487330675444851238e-18,1.873297024799856887e-18,1.838781118570337539e-18,1.816049159400313073e-18,1.484870190053031324e-18,6.421700146681863955e-18,1.939224816281302880e-17,9.269352739489777080e-17,4.424560784154519897e-16,2.069376991003909774e-15,9.429862458603621641e-15,4.144028726863217675e-14,1.731519709394998253e-13,6.785899122284919886e-13,2.467266736783764565e-12,8.267775165197092434e-12,2.550392040673788093e-11,7.277540287057573676e-11,1.942276555761999861e-10,4.928682066729402616e-10,1.213165175095774664e-09,2.956267417330549458e-09,7.254916290528003677e-09,1.811959264348677272e-08,4.615312073748494033e-08,1.191403970897853114e-07,3.075914892630184126e-07,7.800190793121608771e-07,1.903232242220760619e-06,4.374672167710676905e-06,9.285339666715308692e-06,1.788571810682669055e-05,3.084286832773576491e-05,4.719419892170676617e-05,6.387305280631960943e-05,7.671528883334462483e-05,8.263275163940684751e-05,8.128373600812316879e-05,7.491031673218649818e-05,6.676571561400163838e-05,5.958991102787945950e-05,5.502936535585577617e-05,5.385773582583619858e-05,5.642449940687045224e-05,6.290163420521198737e-05,7.314629707120734914e-05,8.618156984053568638e-05,9.955621819241719820e-05,1.092303346054103783e-04,1.107357766024708512e-04,1.015289969020032973e-04,8.296631881116490483e-05,5.996292508602588231e-05,3.828834856897569538e-05,2.170761344495790402e-05,1.104031498497005699e-05,5.111765607093573621e-06,2.194274927693699337e-06,8.913896490390886520e-07,3.501215457200702331e-07,1.357304909690424209e-07,5.285210227026965333e-08,2.092508572586880935e-08,8.463141300101848885e-09,3.482446006537314334e-09,1.439790190845753989e-09,5.870756770030356066e-10,2.311622942697473451e-10,8.617650793204944596e-11,2.994701196760234483e-11,9.606596316660434716e-12,2.834779729567261603e-12,7.714160102952853615e-13,1.950871095237282527e-13,4.639064171280574916e-14,1.052334523956731075e-14,2.308627171053497235e-15,4.979617086764926568e-16,1.091030912825631659e-16,2.402393554252241707e-17,4.582743767560325038e-18,2.222556863165412100e-18,2.332037930021088884e-18,1.231132065751321216e-18,2.836967404006101504e-18,1.117647923815387524e-18,2.260944588642384277e-18,7.931161584377584842e-19,2.522074633022278328e-18,3.030695836630568501e-18,3.104750023500223744e-18,1.486346699627847958e-18,6.604809894122374000e-19
1.809015404789717549e-18,2.033162217824448333e-18,1.245952251725237416e-18,1.296077566419052751e-18,2.569270582966263657e-18,9.469076238636861932e-19,1.507844152777738250e-18,2.239470163154628607e-18,1.355812325294607435e-18,2.397277976650110383e-18,1.300529670697317977e-18,2.806618040737541961e-18,6.664576086936292150e-18,2.044823044041208196e-17,1.006846557157814878e-16,4.745957370800029984e-16,2.216754905894665971e-15,1.007741428565623033e-14,4.418291848596727123e-14,1.842268212674155409e-13,7.209504811205184135e-13,2.619988664275778719e-12,8.785182023955997387e-12,2.714973806612708831e-11,7.769832202724077777e-11,2.081369735821814721e-10,5.302860394723311218e-10,1.310078472263771546e-09,3.201077407060849558e-09,7.865430781616843581e-09,1.963562565322055018e-08,4.991261175445017825e-08,1.284189267490337792e-07,3.301819579032386268e-07,8.336140253725728423e-07,2.025482243431944014e-06,4.639482442412717493e-06,9.824730890325830880e-06,1.891158782620933488e-05,3.265525635391706912e-05,5.015449585046071542e-05,6.832220218436733938e-05,8.284663773585689321e-05,9.038318342579118982e-05,9.032892088120647437e-05,8.478831292217717242e-05,7.705564001973752521e-05,7.004220870929392482e-05,6.560004718430615376e-05,6.466560769736248856e-05,6.766974341385638598e-05,7.476578737039295860e-05,8.567662768999114093e-05,9.917374176180930427e-05,1.124867433512495259e-04,1.213166187461821679e-04,1.211571810859097414e-04,1.097209209258008685e-04,8.880914037627039132e-05,6.375129937927991833e-05,4.053597911928866849e-05,2.293840869462134444e-05,1.166782539601943488e-05,5.412151330758488240e-06,2.330500090179762916e-06,9.505352230473759518e-07,3.750062945283754707e-07,1.460045203087007559e-07,5.706029586354186505e-08,2.264706068054570004e-08,9.167855856557816076e-09,3.769317669048916550e-09,1.554678822943657007e-09,6.317125921475261427e-10,2.477541532598942134e-10,9.201131945332084405e-11,3.187474680306922361e-11,1.020331407181105597e-11,3.007968469708829033e-12,8.186990568855751042e-13,2.072925305194455995e-13,4.938834123591047599e-14,1.122941180539924650e-14,2.469284671252276564e-15,5.336649052724273771e-16,1.165296357421465927e-16,2.527163965915944109e-17,5.357565679476887462e-18,2.206710854020934730e-18,1.050255632990324158e-18,1.931189183862715630e-18,1.675394218506946908e-18,7.586081428125252052e-19,2.305484355837803153e-18,8.802129751919014377e-19,2.232656518794801083e-18,2.127929666183355271e-18,3.743701493327820242e-18,2.063566963882494057e-18,1.269002274840996297e-18
1.964576086108149179e-18,1.072366898513717752e-18,6.628561212546815890e-19,1.671489597682834987e-18,2.657942858176015853e-18,4.011498075056811880e-19,1.196785800142985178e-18,1.453204177583582656e-18,6.477268159228243616e-19,1.971097211555183918e-18,9.654905142320789852e-19,3.675242477994248529e-18,6.055055802180771395e-18,2.203269013377273056e-17,1.089680074416246135e-16,5.104588495172718786e-16,2.376475677322688033e-15,1.077876902518590375e-14,4.713938501036532178e-14,1.961338833049242569e-13,7.664104248176481812e-13,2.783792040619483641e-12,9.340738186388736368e-12,2.892182774416412332e-11,8.302138760502947880e-11,2.232550307176899203e-10,5.711792793278543180e-10,1.416530199252544637e-09,3.471039799794681755e-09,8.540181946074859221e-09,2.131161587049234088e-08,5.406171168579315350e-08,1.386244867849349771e-07,3.549160296555537901e-07,8.919918874732329646e-07,2.157965896537681992e-06,4.925234376765162187e-06,1.040519895851843896e-05,2.001508641569082014e-05,3.460936830280996910e-05,5.336345884737584317e-05,7.318529369588821836e-05,8.962213072958997149e-05,9.906121155421406693e-05,1.006077849767540836e-04,9.619095405502740251e-05,8.911781828483304822e-05,8.246146253478393374e-05,7.828535455276659490e-05,7.769898407168106323e-05,8.121781025731904897e-05,8.896585792380960311e-05,1.005073396941855732e-04,1.143331114005246332e-04,1.273375514201224715e-04,1.349775066227586293e-04,1.327589855483556178e-04,1.187176203604155934e-04,9.515300195393513029e-05,6.782853633139073217e-05,4.294108690999082889e-05,2.425204595239908962e-05,1.233785414314898998e-05,5.733818970723533053e-06,2.477051572324511081e-06,1.014517385352364910e-06,4.020792512908044572e-07,1.572391758911736561e-07,6.167987458718493098e-08,2.454142163132476392e-08,9.943167484347827611e-09,4.084279463592601693e-09,1.680328067349294570e-09,6.802797783161237342e-10,2.657049300290736020e-10,9.828993224084613691e-11,3.393986538537823954e-11,1.084065198676729750e-11,3.192721054623161670e-12,8.691660024228274979e-13,2.203457619353996714e-13,5.260469644572366361e-14,1.198957673706517559e-14,2.643480625231373692e-15,5.724762685767398831e-16,1.239127573835298617e-16,2.683172435244292354e-17,5.969783718311909109e-18,2.456548945678801894e-18,7.448110748359677010e-19,2.751617210687062202e-18,3.808321258159675425e-19,1.347354991069623340e-18,1.829728265998313760e-18,1.427825808135940426e-18,1.328547177852097736e-18,1.200547643643156458e-18,2.833086981930886127e-18,2.159341720509139346e-18,1.592751402137613786e-18
1.505660326305935041e-18,2.433306045888891412e-18,4.533292060121510325e-19,2.065350839680499891e-18,2.149939175848767915e-18,1.023786699398320224e-18,1.127682177839154360e-18,3.801246993608122027e-19,1.015257123309441650e-18,9.655459632063260475e-19,8.958018784414404924e-19,3.651607166255065380e-18,4.722676676215703773e-18,2.407016538686783431e-17,1.171446753584644723e-16,5.500779147614000827e-16,2.549592098796159305e-15,1.153716220531954497e-14,5.032249427640158830e-14,2.089166930933670431e-13,8.151193608756415404e-13,2.959201434693571440e-12,9.936326620499940367e-12,3.082706249949832702e-11,8.876934198230587223e-11,2.396670455926384401e-10,6.158236052037059238e-10,1.533352702685478582e-09,3.768504248739625391e-09,9.285405878630459333e-09,2.316321227528330087e-08,5.863766745144279431e-08,1.498411191058360584e-07,3.819728315940396884e-07,9.555119775615421163e-07,2.301362637824622142e-06,5.233157875500476098e-06,1.102895344903692111e-05,2.120034430333723135e-05,3.671341340594249368e-05,5.683792554054368585e-05,7.849604178752053513e-05,9.710479931548842889e-05,1.087743569945520829e-04,1.122866240161075739e-04,1.093524197217722095e-04,1.032555689541031908e-04,9.721357059777912841e-05,9.350125266468101853e-05,9.340732581053062247e-05,9.753189207164605673e-05,1.059560173558088202e-04,1.180588084281730649e-04,1.320225889298068628e-04,1.443968125785486420e-04,1.504207003184763732e-04,1.456757800520825286e-04,1.285972932757421133e-04,1.020389747088203846e-04,7.221461362816323896e-05,4.551307940641767589e-05,2.565306285233445816e-05,1.305272723786520180e-05,6.078021546068803741e-06,2.634609446746487496e-06,1.083694478820998519e-06,4.315203665151555319e-07,1.695201682216258787e-07,6.674958994129776512e-08,2.662481017606275054e-08,1.079584801091157509e-08,4.429927067970410831e-09,1.817667723191452401e-09,7.330863126639137605e-10,2.851097423081736121e-10,1.050396283677190039e-10,3.614980549192625199e-11,1.152060135501038400e-11,3.389578825666717581e-12,9.229689288745275597e-13,2.342898260683217893e-13,5.605193778366178487e-14,1.280720106678533041e-14,2.831619384181614163e-15,6.142770586068508661e-16,1.317223750511581621e-16,2.869728486569663910e-17,6.281771806509600550e-18,2.583010260086186071e-18,2.097473186193046705e-18,3.088415804866366117e-18,1.697383223930815081e-18,1.783217147485699517e-18,1.152704836466169093e-18,1.248065871485120293e-18,7.165010196959791121e-19,5.856853321666746857e-19,9.661102648564431402e-19,1.771126486105631409e-18,1.200611561330196727e-18
9.774099706328871351e-19,3.100600401238482355e-18,1.164293726800460134e-18,2.387219383779071115e-18,1.180731490140106927e-18,1.322044075998780519e-18,6.534863479830158714e-19,7.066100358123996019e-19,1.136488610391509609e-18,1.682064383215886709e-18,9.621650101487628713e-19,2.776431256034259637e-18,3.496181147747052356e-18,2.622052036039694040e-17,1.253791704544727808e-16,5.929360710160221242e-16,2.737240479752235548e-15,1.235554740632072182e-14,5.374583928889863758e-14,2.226213235512677993e-13,8.672334662972811601e-13,3.146763432811746051e-12,1.057391647356688235e-11,3.287267379883473929e-11,9.496842146876554962e-11,2.574641538651354543e-10,6.645163477027879910e-10,1.661450617123742626e-09,4.096040182575621046e-09,1.010794902599991673e-08,2.520761860974644812e-08,6.368136809903248272e-08,1.621607105228439234e-07,4.115469958987012234e-07,1.024561728415768219e-06,2.456399230448929856e-06,5.564559649342510164e-06,1.169833393708202588e-05,2.247174182723836580e-05,3.897615162245149958e-05,6.059602678882318124e-05,8.429114874790193167e-05,1.053641262578883567e-04,1.196428051509177299e-04,1.255540742636949633e-04,1.245422653720653066e-04,1.198227790488933539e-04,1.147302664255486228e-04,1.117424742446095813e-04,1.123272738297606213e-04,1.171646733036186611e-04,1.262754505224575221e-04,1.388256390392200593e-04,1.526640556021237902e-04,1.639948283752571854e-04,1.678806853230246194e-04,1.600572062769406131e-04,1.394456243693809625e-04,1.095114709751644967e-04,7.693089126796180124e-05,4.826192737948988302e-05,2.714624434202642694e-05,1.381489686526409262e-05,6.446085866988319074e-06,2.803899120408965022e-06,1.158451912931987018e-06,4.635246974789841110e-07,1.829409888846622069e-07,7.231188274683032738e-08,2.891547668566850621e-08,1.173331249679846884e-08,4.809090627589429949e-09,1.967704970088908009e-09,7.904642739041918590e-10,3.060698720752166057e-10,1.122891987173593677e-10,3.851235417759658211e-11,1.224523494969122934e-11,3.599103437712644636e-12,9.802657326733199278e-13,2.491699172614158278e-13,5.974232502408779589e-14,1.368568447086072016e-14,3.034106671208924328e-15,6.591053715389727860e-16,1.405229836950008088e-16,3.073087351026120082e-17,6.269608809311986373e-18,2.113640314654289507e-18,2.189543069332068585e-18,2.649934593717294691e-18,2.051651809727956030e-18,1.767979466997020403e-18,1.402372591045842008e-18,1.035146631627063065e-18,5.483587324629595744e-19,1.160542126123198445e-18,2.537254214481165619e-18,1.380720653091594565e-18,8.133803121483706656e-19
1.570308137398977049e-18,2.480740540507125107e-18,1.069130577068906184e-18,3.088644305864600412e-18,7.828512413649528910e-19,1.254349651390355299e-18,6.216250204065122165e-19,1.627679360364717057e-18,8.437509500459140891e-19,2.373649675566726731e-18,1.138572737283934555e-18,1.563345263821890817e-18,3.726258150169020669e-18,2.830190188918463277e-17,1.343943770101546528e-16,6.385195608679345971e-16,2.940460885525084650e-15,1.323698778931862628e-14,5.742342068766658499e-14,2.372959171443734913e-13,9.229155246917848610e-13,3.347046087062978555e-12,1.125556111736840501e-11,3.506625019336907632e-11,1.016463789733129590e-10,2.767436065693462892e-10,7.175775611864096483e-10,1.801805391455176283e-09,4.456452765923194428e-09,1.101531644881349924e-08,2.746372023744506055e-08,6.923763595027830980e-08,1.756835736569407408e-07,4.438496526879611678e-07,1.099558104086818215e-06,2.623851333216969552e-06,5.920824401298956915e-06,1.241581042303249388e-05,2.383391030509512116e-05,4.140690356359407273e-05,6.465723533431768093e-05,9.061047982016816413e-05,1.144765587938052336e-04,1.318006722499913289e-04,1.406237843517800436e-04,1.420702986758525237e-04,1.392316914319039964e-04,1.355201216108585125e-04,1.335964041830750430e-04,1.350984009022572463e-04,1.407744347883993529e-04,1.505631606268953990e-04,1.633888248674752834e-04,1.767471920368324202e-04,1.865096273482610804e-04,1.876217826170675990e-04,1.760693678533857163e-04,1.513563259814500368e-04,1.176184098908235917e-04,8.200014722276850949e-05,5.119816664038309923e-05,2.873661979806363197e-05,1.462694014663692243e-05,6.839413037489937272e-06,2.985692599840152923e-06,1.239203430990916403e-06,4.983033388016333516e-07,1.976034704202738564e-07,7.841317032422395955e-08,3.143340781226223319e-08,1.276366832147081563e-08,5.224850994726332456e-09,2.131528891969466785e-09,8.527697599337596960e-10,3.286929304641459336e-10,1.200689521741986224e-10,4.103564208473568337e-11,1.301670385690547123e-11,3.821876502750117312e-12,1.041220086633007615e-12,2.650334641465927876e-13,6.368852885093525075e-14,1.462851813540812434e-14,3.251741989016899351e-15,7.073497061651489377e-16,1.507736739483329059e-16,3.281650504775776563e-17,5.932961513610554865e-18,1.040444659350665819e-18,1.310817496984437747e-18,1.594169220395525632e-18,1.381236118342320088e-18,1.325735873455182139e-18,2.040894934758906075e-18,1.715504466221168785e-18,5.143455905295548623e-19,1.664399245123656275e-18,4.029574268886975173e-18,1.541339605649439929e-18,1.411606983759555988e-18
1.724175161060663201e-18,1.132743563232045938e-18,2.986362138280216281e-19,3.484448581214240857e-18,1.639738220002460748e-18,1.110078834753572399e-18,1.539485871100353874e-18,2.322908622461295777e-18,1.137805823387679274e-18,1.831247248691345216e-18,1.216218858167114364e-18,8.352019515754375269e-19,5.333031059390962050e-18,3.044767062078644205e-17,1.450255717814800175e-16,6.869356616646304866e-16,3.160141992323338296e-15,1.418511368231138454e-14,6.136948514239698473e-14,2.529901838699528417e-13,9.823347598398427246e-13,3.560638333716189023e-12,1.198339571636835089e-11,3.741573387804002321e-11,1.088325003997528115e-10,2.976089555651675004e-10,7.753510862102167178e-10,1.955479909177636231e-09,4.852799482318083289e-09,1.201572248952413879e-08,2.995221790754279277e-08,7.535553311549739254e-08,1.905190535274260756e-07,4.791094492570161268e-07,1.180949001278945498e-06,2.804544947197058500e-06,6.303415649375532043e-06,1.318398296025473364e-05,2.529173157124328723e-05,4.401555783574229782e-05,6.904241134264936226e-05,9.749723943997070416e-05,1.245260452831906562e-04,1.453973654511812972e-04,1.577373471964351197e-04,1.622920284921981001e-04,1.619617388492649353e-04,1.601811747935819963e-04,1.597591437514279294e-04,1.624815043586177413e-04,1.691437423754962985e-04,1.795750624298037728e-04,1.924296551512148378e-04,2.048394455407916875e-04,2.123731792893130180e-04,2.099414716196407215e-04,1.938963295061795725e-04,1.644316955044010993e-04,1.264113797126184915e-04,8.744660802359848612e-05,5.433289652092713811e-05,3.042945842558889124e-05,1.549155706542346781e-05,7.259478590450807200e-06,3.180809632508713907e-06,1.326392364936294715e-06,5.360843761648545404e-07,2.136183698147403614e-07,8.510414800830653427e-08,3.420046041859282620e-08,1.389576643286510745e-08,5.680556465848747224e-09,2.310315037078200557e-09,9.203838735578116099e-10,3.530930020037372860e-10,1.284107169997025440e-10,4.372813524073644470e-11,1.383723376742906724e-11,4.058499081696004031e-12,1.106001382317263851e-12,2.819299334738203508e-13,6.790418802001040650e-14,1.563942025056080633e-14,3.485813490967591443e-15,7.596864691981742341e-16,1.626864894206223435e-16,3.502675298633121811e-17,5.391562854432124463e-18,6.816359535028710139e-19,1.877436957381865635e-18,1.181438263002524802e-18,1.207057286448223029e-18,6.884182853805943506e-19,2.275032726123510414e-18,2.135166112904104331e-18,1.356488112426142542e-18,1.629125952617469051e-18,3.705562208088743094e-18,1.808948954543194980e-18,2.104072264057713478e-18
8.817910095501451788e-19,6.000939037328444484e-19,3.990273632851631423e-19,2.956852910520472666e-18,2.130559486029817042e-18,9.622087247576413878e-19,1.946770378225536622e-18,2.667997353955682343e-18,1.479325565520503376e-18,5.650589567799790191e-19,1.049629802870844443e-18,1.386673022025074660e-18,7.454110782173753673e-18,3.296418515289388545e-17,1.576833589780629093e-16,7.390772357045613317e-16,3.397129808587539892e-15,1.520431560951949390e-14,6.559862870400997896e-14,2.697551638560231569e-13,1.045666395354188222e-12,3.788149048706435759e-12,1.275963417204986298e-11,3.992941473818585542e-11,1.165576140418220079e-10,3.201702218978851512e-10,8.382055878583932504e-10,2.123623164051825290e-09,5.288407248529504371e-09,1.311814365903012465e-08,3.269576803871844106e-08,8.208868244046843445e-08,2.067861571947285037e-07,5.175735886176414306e-07,1.269214625108416686e-06,2.999357707646718158e-06,6.713876130177913150e-06,1.400558039216601446e-05,2.685033581557708294e-05,4.681257544210711680e-05,7.377384400350602727e-05,1.049981469284628452e-04,1.356045929966828972e-04,1.605990367358320261e-04,1.771675041744268640e-04,1.856147306922216694e-04,1.885695288856014686e-04,1.894153752972071178e-04,1.910540296767878731e-04,1.953797727862476464e-04,2.032010561963295940e-04,2.142036453902164980e-04,2.267455650484931416e-04,2.375972406890192884e-04,2.420782686935163928e-04,2.351739916888751490e-04,2.137417018503667365e-04,1.787831852621898790e-04,1.359457945500372011e-04,9.329597329858650885e-05,5.767777473147004758e-05,3.223026279154418965e-05,1.641156747801742654e-05,7.707832206787144610e-06,3.390118695574201202e-06,1.420492862744504627e-06,5.771138565285452991e-07,2.311059729886711060e-07,9.244010396658662080e-08,3.724050145849857585e-08,1.513925452254206218e-08,6.179839902296357607e-09,2.505329966448610202e-09,9.937136594638947765e-10,3.793907635730216426e-10,1.373478333740440990e-10,4.659862406763661988e-11,1.470912070706303336e-11,4.309590443848075500e-12,1.174784444470541874e-12,2.999104993585382646e-13,7.240424097241420263e-14,1.672247224019075932e-14,3.737834015520077362e-15,8.167866975914106465e-16,1.761588467485391602e-16,3.760268816949394296e-17,5.033637738606356753e-18,1.693227079967501422e-18,2.844052773989265619e-18,2.301796298972624678e-18,1.652803984770495332e-18,1.069692243924289707e-19,2.088717076165344782e-18,1.800346036515822262e-18,1.794432352155718752e-18,1.262958207821131104e-18,1.845626666221909970e-18,1.652438317993653577e-18,2.492894823857517388e-18
5.514503548628872742e-19,1.329885934147015070e-18,2.911748453722992812e-19,1.708644954950805024e-18,1.990419033304843239e-18,6.704474622828635993e-19,1.612127374462287098e-18,2.525990306992641251e-18,1.078156118568329423e-18,1.062960735178909763e-18,7.095739006927244670e-19,2.249233498713815985e-18,9.473986697178108487e-18,3.610901202660886203e-17,1.720558196605488557e-16,7.961674053636665060e-16,3.652414461202333382e-15,1.629954891320428808e-14,7.012604188227812887e-14,2.876433746473363660e-13,1.113091028834926088e-12,4.030205601107337492e-12,1.358656530119956501e-11,4.261592167527616461e-11,1.248540921616143129e-10,3.445440422089014915e-10,9.065355541336625225e-10,2.307474945262220906e-09,5.766889945259792811e-09,1.433237348656302882e-08,3.571912896690983919e-08,8.949560155869974705e-08,2.246142030132979911e-07,5.595088787180662701e-07,1.364868820284902311e-06,3.209219985705519667e-06,7.153827724992854961e-06,1.488345810565834858e-05,2.851509755529429787e-05,4.980899086448847650e-05,7.887528827985920536e-05,1.131636096848189209e-04,1.478128439804189860e-04,1.775901290864384367e-04,1.992216314976342096e-04,2.125041735238479296e-04,2.197000862745274532e-04,2.240450394445329268e-04,2.284529022515652903e-04,2.348631850304395421e-04,2.440456214474403000e-04,2.555005060328761142e-04,2.672681286563492764e-04,2.757785373005423434e-04,2.761860644542143061e-04,2.636942264313489040e-04,2.358303065716699297e-04,1.945319799798680179e-04,1.462810429184113422e-04,9.957543319678926628e-05,6.124500820559390624e-05,3.414476033599922298e-05,1.738990712829754294e-05,8.186096967665567120e-06,3.614537800445674623e-06,1.522011071256277047e-06,6.216567667751243937e-07,2.501967168759391666e-07,1.004812458935834563e-07,4.057955315838479477e-08,1.650463181441536221e-08,6.726636093207455279e-09,2.717935735246223906e-09,1.073192973651599245e-09,4.077135731332542936e-10,1.469151359175526644e-10,4.965620946894719292e-11,1.563472610389729673e-11,4.575785950243149012e-12,1.247748982164780400e-12,3.190277856907413694e-13,7.720478713396384590e-14,1.788216143662509291e-14,4.009145365358695174e-15,8.789951729704076839e-16,1.908173963647684522e-16,4.071376319439218061e-17,5.361262046544409833e-18,2.326767776892025365e-18,2.522544539985524357e-18,3.105924608136885864e-18,1.453787165006371725e-18,5.249274570606680811e-19,1.602646986194622371e-18,1.172986471281944648e-18,1.334273823939083318e-18,1.024680647366233366e-18,6.165362277938484139e-19,9.767778090116218545e-19,2.532371045400384540e-18
1.672416891361244515e-18,1.628305833412565459e-18,1.093186428238298292e-18,8.143152832660439902e-19,1.485492174460279625e-18,3.751793198340445761e-19,8.470337497480470421e-19,1.894691573382855029e-18,1.998344207092830295e-19,1.260457506278981998e-18,5.631894810380823772e-19,2.665239734991021993e-18,1.068961753526972498e-17,3.991279057308377049e-17,1.872275829172032929e-16,8.590234594708878890e-16,3.927251091601696740e-15,1.747592016295923593e-14,7.496771336256691840e-14,3.067091976007885386e-13,1.184793990821566896e-12,4.287452063358429553e-12,1.446654815320284871e-11,4.548421115267438839e-11,1.337558436012784110e-10,3.708537879063129099e-10,9.807622371457443127e-10,2.508370478141759187e-09,6.292166222465372846e-09,1.566907899926692765e-08,3.904931240326445319e-08,9.764004826944281659e-08,2.441434851172899263e-07,6.052027820307077762e-07,1.468460336175295490e-06,3.435115761161771269e-06,7.624970847144416226e-06,1.582059470619704596e-05,3.029162956707349367e-05,5.301640942677108669e-05,8.437199580478040029e-05,1.220478916106926991e-04,1.612606650749303066e-04,1.965750116013311637e-04,2.242455157302538369e-04,2.434920422225833050e-04,2.560994590782022400e-04,2.650315246805924748e-04,2.731004327668412135e-04,2.821965221867562580e-04,2.929760233217070550e-04,3.047020631269404807e-04,3.150834001152234159e-04,3.202568371598741833e-04,3.153344176173340655e-04,2.959218707356163014e-04,2.604099142577769813e-04,2.118095759065055943e-04,1.574806251552850049e-04,1.063136775333878975e-04,6.504733951929222687e-05,3.617889270134978379e-05,1.842962258241915730e-05,8.695968085917924948e-06,3.855035078689250953e-06,1.631486254883728820e-06,6.699980111399326242e-07,2.710318247881290698e-07,1.092930376989881978e-07,4.424594264257072070e-08,1.800330507102418288e-08,7.325199190057530624e-09,2.949594242883605603e-09,1.159283264777841951e-09,4.381955228336554039e-10,1.571489247777109669e-10,5.291028590080016312e-11,1.661647100859210430e-11,4.857734483597905018e-12,1.325078932177471449e-12,3.393358013241683798e-13,8.232256669475086106e-14,1.912329039631434630e-14,4.300722984933932558e-15,9.462224188107442411e-16,2.061958514593238324e-16,4.426265587176715402e-17,6.573416020625536333e-18,2.670861152758303956e-18,1.104782759064006825e-18,3.004351056361509762e-18,1.732986862688017316e-18,1.020651713192206559e-18,9.316891443006086507e-19,1.399361081946884908e-18,3.007768839016586930e-19,1.029653277537005759e-18,2.012134281136626606e-18,3.049721180514097612e-20,2.203014920171457337e-18
2.197995850118114547e-18,1.450426059562367201e-18,2.644856449442713219e-18,1.208294384146680810e-18,1.146840385122241999e-18,3.728810935915634601e-19,3.517958626233215464e-19,9.586245663560147887e-19,1.402673254056482837e-18,2.865504441883835286e-19,8.622015602798530870e-19,2.228310607273573556e-18,1.064758767964937492e-17,4.408799427077977955e-17,2.022662599609289658e-16,9.276188293187831961e-16,4.223123345234177372e-15,1.873837419380288865e-14,8.014047428342569752e-14,3.270091815939002074e-13,1.260964821416693844e-12,4.560547367688404445e-12,1.540200642194397848e-11,4.854355289663033795e-11,1.432982959106650988e-10,3.992296515925729197e-10,1.061334517944745244e-09,2.727744957671215779e-09,6.868477407425820227e-09,1.713985840945777581e-08,4.271573912190603691e-08,1.065913749432439371e-07,2.655259477068925483e-07,6.549644533270552927e-07,1.580574001443802892e-06,3.678083224387812036e-06,8.129083226778727945e-06,1.682008751850354409e-05,3.218577460445942983e-05,5.644700052227769310e-05,9.029073883123502043e-05,1.317092741614160720e-04,1.760677471944562845e-04,2.177796979778435756e-04,2.526274215360517299e-04,2.791840978756224582e-04,2.986287925930740188e-04,3.134963301423393783e-04,3.263418325623605905e-04,3.388713912599321970e-04,3.515228058325547099e-04,3.632587788068585596e-04,3.714548079440517341e-04,3.720367347022438811e-04,3.602469116868267738e-04,3.323258750946303996e-04,2.877530443043437437e-04,2.307583544934518882e-04,1.696122763687970441e-04,1.135408953946565318e-04,6.909802845192670887e-05,3.833880271545385150e-05,1.953386499851807558e-05,9.239211060201963445e-06,4.112629111861842953e-06,1.749491828123829803e-06,7.224433760418998281e-07,2.937639497430455541e-07,1.189465437882314001e-07,4.827045490938361879e-08,1.964764532676525123e-08,7.980120009532086455e-09,3.201871378449178392e-09,1.252474245020650054e-09,4.709774505103431150e-10,1.680869237242180544e-10,5.637052121592579102e-11,1.765682925931007327e-11,5.156096066086135281e-12,1.406961886069107569e-12,3.608900062775910916e-13,8.777441118327919276e-14,2.045080158115271021e-14,4.613349317347684012e-15,1.018153621437230542e-15,2.219854560752957960e-16,4.796530008154064605e-17,8.398567248860869772e-18,2.871588405468598341e-18,9.898311654611613012e-19,2.187466076317439766e-18,2.528067508985297629e-18,1.175046749311392421e-18,9.182154504552809619e-19,1.825041781032860435e-18,8.961152955628595112e-19,1.042845569475464181e-18,2.172646348824863493e-18,1.018196174487587927e-18,1.567367050046799308e-18
2.445790606299706990e-18,8.649535366705112705e-19,3.487196527646383455e-18,1.402585451946410370e-18,1.186921181483519053e-18,2.346655405638782114e-19,5.361225895844997980e-19,1.590249301788295605e-20,2.308757844175196140e-18,1.331904831309493186e-18,1.079514453901697322e-18,1.161129129549501012e-18,9.550253657638296089e-18,4.815629738332337116e-17,2.169573914304746420e-16,1.001296949491432494e-15,4.541578767680805891e-15,2.009169261979803032e-14,8.566188509193968688e-14,3.486019773245431978e-13,1.341796872794162561e-12,4.850163541345198380e-12,1.639542193489934772e-11,5.180351252914429998e-11,1.535183653039646121e-10,4.298086951029373180e-10,1.148729673293456212e-09,2.967137902405274860e-09,7.500405310201086932e-09,1.875729948847767019e-08,4.675039763975956715e-08,1.164248890691128523e-07,2.889258625219876585e-07,7.091257514128696300e-07,1.701831781032281420e-06,3.939215062300161497e-06,8.668018026824361068e-06,1.788514681585950399e-05,3.420359472316735784e-05,6.011348626815816418e-05,9.665982604427730243e-05,1.422102070584145312e-04,1.923642078937030562e-04,2.414536402126783970e-04,2.848024499084750739e-04,3.202690988240472318e-04,3.482799687893634597e-04,3.707448311037681086e-04,3.897542722882077373e-04,4.066426708561280009e-04,4.214855648055921417e-04,4.328682118790364952e-04,4.378488022312028135e-04,4.322710966781889686e-04,4.117426802478882809e-04,3.734291553169223469e-04,3.181588130845963138e-04,2.515321422714801363e-04,1.827480711995572017e-04,1.212887638462759119e-04,7.341082823846891445e-05,4.063081886235378774e-05,2.070588264473256023e-05,9.817659193067542121e-06,4.388388964857633119e-06,1.876636277115842922e-06,7.793204690182192819e-07,3.185578192984395566e-07,1.295187779472344518e-07,5.268648779890054403e-08,2.145104475229574203e-08,8.696342965834427182e-09,3.476440877815245017e-09,1.353284425854873243e-09,5.062069030315155085e-10,1.797682237340975179e-10,6.004683286843595688e-11,1.875831945417825656e-11,5.471539981033429048e-12,1.493588642403814166e-12,3.837473250213885827e-13,9.357702172306295468e-14,2.186962809952606489e-14,4.948021902903086957e-15,1.094654357508341566e-15,2.382428808107425026e-16,5.160371347724244242e-17,1.024064838353074194e-17,2.738017498843371523e-18,1.967833946501458303e-18,1.733274255314238437e-18,2.243999951497955132e-18,8.079149991240958698e-19,1.731686539351437289e-18,1.583300630618705676e-18,1.238488792692925605e-18,9.537152606259140680e-19,1.462653045618074856e-18,1.650028682459906470e-18,9.010344827087700124e-19
2.674613896341740057e-18,2.106025535572003905e-19,2.941687411493845735e-18,1.254218135436140252e-18,1.257140339507577441e-18,5.069246024511661727e-19,8.712216563659019874e-19,6.363344523017364917e-19,2.473068005508851995e-18,2.466884006310033724e-18,9.066361487885829849e-19,8.985337123039463060e-19,8.308962670231248400e-18,5.179705166930659528e-17,2.320831697379146585e-16,1.079482150616278993e-15,4.884064543597471474e-15,2.154074924079744347e-14,9.155005396480749031e-14,3.715478440758383627e-13,1.427486923043131445e-12,5.156983845654449773e-12,1.744932720458792932e-11,5.527393071627176481e-11,1.644544128577743259e-10,4.627348532408170315e-10,1.243454019759203589e-09,3.228197246316520924e-09,8.192889684506088768e-09,2.053503799605001119e-08,5.118800436175273971e-08,1.272222163981258557e-07,3.145205015799260349e-07,7.680422083770496255e-07,1.832893685173788208e-06,4.219658379991467652e-06,9.243701221803033176e-06,1.901908868088732563e-05,3.635135803604723948e-05,6.402912513255995996e-05,1.035091089487001197e-04,1.536174453180314903e-04,2.102911900631834090e-04,2.678715863913448073e-04,3.212571792167304087e-04,3.675285038093691102e-04,4.061928989126841871e-04,4.382928474984079973e-04,4.651823387175062110e-04,4.875697924372683449e-04,5.049749269801248695e-04,5.155122242824314738e-04,5.159634418206844554e-04,5.022799407556017897e-04,4.707469942115026442e-04,4.198135480519222585e-04,3.519548129356243329e-04,2.742967472226742428e-04,1.969645062838215274e-04,1.295904242990420657e-04,7.799995604826169939e-05,4.306143707352433884e-05,2.194901207852250775e-05,1.043321041203950856e-05,4.683433879386616005e-06,2.013563942656250997e-06,8.409796163916892509e-07,3.455908741711434374e-07,1.410930531866134932e-07,5.753020729651920534e-08,2.342797293850567710e-08,9.479182355180439712e-09,3.775087798080467584e-09,1.462261491601577480e-09,5.440380445357211952e-10,1.922332107297644014e-10,6.394935995077435417e-11,1.992349573931507947e-11,5.804743101709999557e-12,1.585152728389008976e-12,4.079659604520201237e-13,9.974718472994350315e-14,2.338467008830817162e-14,5.306264815742448556e-15,1.176098246605957747e-15,2.554403779001101983e-16,5.521640065181300760e-17,1.149830796391452609e-17,2.302888776854680264e-18,2.225108349200716786e-18,2.272015459363546151e-18,5.960577944248010335e-19,3.170142323759567831e-19,2.297559216696292339e-18,7.872001493421105953e-19,8.286869547609618435e-19,1.037481857435953643e-18,9.077562840060645969e-19,1.763036934134954873e-18,5.870090918565716412e-19
2.408413470978942232e-18,2.612355014422207052e-19,1.407457418209715714e-18,9.570415465009034234e-19,1.254937486502318693e-18,1.226544127908862200e-18,1.328528032632698233e-18,8.185960577659071533e-19,2.013534459131725195e-18,2.479382130785486752e-18,3.972881615101485911e-19,1.584760351120061167e-18,8.235263866618703517e-18,5.512193334186347693e-17,2.489672640044649629e-16,1.162346674764170675e-15,5.251895534185416727e-15,2.309076813216957718e-14,9.782348500475943495e-14,3.959079425063268311e-13,1.518234646237811466e-12,5.481700461903243131e-12,1.856629701840124508e-11,5.896489832882222586e-11,1.761461855993288227e-10,4.981588868163491010e-10,1.346043407770184451e-09,3.512683075435388646e-09,8.951245062717367305e-09,2.248781541295185836e-08,5.606616334393891566e-08,1.390716624064583758e-07,3.425007958157294964e-07,8.320939375235238233e-07,1.974458496951255385e-06,4.520614206567963162e-06,9.858128169534621481e-06,2.022532640135176821e-05,3.863552271994493006e-05,6.820769006531884426e-05,1.108699774507572000e-04,1.660021688585368272e-04,2.300014483067645908e-04,2.973354880542312777e-04,3.625345742924343225e-04,4.218469642937091994e-04,4.736745417673412671e-04,5.178962320297121787e-04,5.547778455117787595e-04,5.840632627184186429e-04,6.044598173456871247e-04,6.134986457837583642e-04,6.077600876458208803e-04,5.835710622691517085e-04,5.383026054468825674e-04,4.721249835872852766e-04,3.894990004782421396e-04,2.992304605182405050e-04,2.123425559131192429e-04,1.384804450048174351e-04,8.288005721592864273e-05,4.563729967402062142e-05,2.326666790085859957e-05,1.108782333122520742e-05,4.998932581321291490e-06,2.160955634152413772e-06,9.077947020675183342e-07,3.750538915377840699e-07,1.537593281737048243e-07,6.284070118888877142e-08,2.559403176226900104e-08,1.033433767443680228e-08,4.099711504135500395e-09,1.579982481043180261e-09,5.846315024236575364e-10,2.055234762959574376e-10,6.808843061993540137e-11,2.115493755551769023e-11,6.156387732493472066e-12,1.681849676385056342e-12,4.336050255846639323e-13,1.063022251885835062e-13,2.500091401971466929e-14,5.690080031415929942e-15,1.263379326852050314e-15,2.742900529610176656e-16,5.910363623601083372e-17,1.195922348434928349e-17,2.313342460109487934e-18,2.217510282588524185e-18,2.630625650519382288e-18,1.488666616322897261e-18,6.879277880522195891e-19,2.359752878000105087e-18,4.798249780524038260e-19,6.467751068432751391e-19,1.667746122671500824e-18,8.602050771645984457e-19,1.459534741092839399e-18,4.296398091479483760e-19
1.310076873429764075e-18,7.732306685451830488e-19,1.533788471823465905e-18,6.181161661438017681e-19,1.254984303199400338e-18,1.696551802333000819e-18,1.541521637016946661e-18,6.497995378932219469e-19,1.366083017425648520e-18,1.378126495475071867e-18,5.882797076770638793e-19,2.240770910232646758e-18,9.960045096866554524e-18,5.860647356703807144e-17,2.686456959702033361e-16,1.250934449348959784e-15,5.646386500235229320e-15,2.474735572790789971e-14,1.045010027805141312e-13,4.217437577693122526e-13,1.614241842383716187e-12,5.825011485709755463e-12,1.974893902897884245e-11,6.288672718756742346e-11,1.886347412861348171e-10,5.362382779812735638e-10,1.457063536085494913e-09,3.822470905238903548e-09,9.781176642081500182e-09,2.463153509283846962e-08,6.142552347482172287e-08,1.520685669968335800e-07,3.730719686992899502e-07,9.016864586219961839e-07,2.127264281660722409e-06,4.843336530783954427e-06,1.051335930470937546e-05,2.150736030627129524e-05,4.106271809903990161e-05,7.266344065132619723e-05,1.187753431626982226e-04,1.794400805454716356e-04,2.516599131741972264e-04,3.301764388272822965e-04,4.092391403895220456e-04,4.842235985604190999e-04,5.522196993071593323e-04,6.115836396201123704e-04,6.610442913207877601e-04,6.989368107890279753e-04,7.228203925537366901e-04,7.295076730041163103e-04,7.154983372044178844e-04,6.778624310176975488e-04,6.155818146330358604e-04,5.310788370500110506e-04,4.311815683614789109e-04,3.265245110080689417e-04,2.289676960022841046e-04,1.479947680859231040e-04,8.806616274625613504e-05,4.836517132190166097e-05,2.466233100066141497e-05,1.178351248990694254e-05,5.336102152915967673e-06,2.319529040988713055e-06,9.801639274799007715e-07,4.071515824093204241e-07,1.676145450843178149e-07,6.866012873063020730e-08,2.796600786008059910e-08,1.126790761289556944e-08,4.452328051351742438e-09,1.707053745109920153e-09,6.281541439160703887e-10,2.196817101907023569e-10,7.247452472094024597e-11,2.245523851444299061e-11,6.527158420303384933e-12,1.783875984713572408e-12,4.607241594511393477e-13,1.132603482682256471e-13,2.672361208971071840e-14,6.101558020342200812e-15,1.357586458462505248e-15,2.954016443153130855e-16,6.364372864447952863e-17,1.196552376866614727e-17,3.008731295120142258e-18,2.058169983032708148e-18,2.482464108918379491e-18,2.655275549052577547e-18,6.278020935668812631e-19,2.041094321193367401e-18,5.923087130641382207e-19,1.166901746174285035e-18,2.284767163914363657e-18,1.269967791140370530e-18,1.002779774998255246e-18,3.990868964429849827e-19
3.313547213122392202e-19,1.981633364953679181e-18,2.543805717341156772e-18,6.427394973463535083e-19,1.203432862492201877e-18,1.613273602837633962e-18,1.346506282930262544e-18,8.055181750539964263e-19,1.005305857460452361e-18,2.867085578203282771e-19,1.096334391415018567e-18,3.197146627278696639e-18,1.269819463371645279e-17,6.274839890402148163e-17,2.912725963497286079e-16,1.346671793375352721e-15,6.069047215946305698e-15,2.651629564121596733e-14,1.116017376439003005e-13,4.491168954935961942e-13,1.715711438086637044e-12,6.187617327412425721e-12,2.099988328598713296e-11,6.704991613443867333e-11,2.019623556151966222e-10,5.771370602961612320e-10,1.577110055398709413e-09,4.159554383617901308e-09,1.068879485545092063e-08,2.698331580687861120e-08,6.730993049249474336e-08,1.663156464834710056e-07,4.064541322224687536e-07,9.772514164518887891e-07,2.292088637964077877e-06,5.189130809380736501e-06,1.121151488291652324e-05,2.286876595062542356e-05,4.363972263383958773e-05,7.741108879863861636e-05,1.272596088765056473e-04,1.940114781328667237e-04,2.754442219595287875e-04,3.667566217925556865e-04,4.620422890964350155e-04,5.557840219980833985e-04,6.435336135975836111e-04,7.216926054038943486e-04,7.868862208675748678e-04,8.354655042323714306e-04,8.634069762015981206e-04,8.666432340893990725e-04,8.417742920745350165e-04,7.871063452649649291e-04,7.038992085310051983e-04,5.974654074183942008e-04,4.774267697315493116e-04,3.563834583229365076e-04,2.469298911138623947e-04,1.581706394465991444e-04,9.357363961803245498e-05,5.125191178629511462e-05,2.613953520808717749e-05,1.252234270421139344e-05,5.696206418400114621e-06,2.490038904739483026e-06,1.058510470206449224e-06,4.421031508545253902e-07,1.827629528428375316e-07,7.503386359320045455e-08,3.056192159051275532e-08,1.228640231140530773e-08,4.835071837689935868e-09,1.844110646774491252e-09,6.747787759185535087e-10,2.347515732599294492e-10,7.711823165274114044e-11,2.382699445810480791e-11,6.917737785346996188e-12,1.891427918551756916e-12,4.893832991940432218e-13,1.206406226786667863e-13,2.855839138434696077e-14,6.542440077299035568e-15,1.459554147231278343e-15,3.189759443080800409e-16,6.902488749348598649e-17,1.221038311690733260e-17,3.648252660735561064e-18,1.471060654237983309e-18,2.241017526650763370e-18,2.194255885295111401e-18,2.924958154462356834e-19,1.524798969051032518e-18,2.987536539183441159e-19,1.416129892656339259e-18,2.327513286498462679e-18,2.010044190625642543e-18,5.413829092652345538e-19,9.183877335341225720e-19
1.640554870766309319e-18,3.182276129940448949e-18,2.408106567093735317e-18,8.289772787772934858e-19,1.047923949003300674e-18,1.019029340007486327e-18,1.093850480071208121e-18,1.259334930373406028e-18,1.353845229612307572e-18,1.593896285883779534e-18,1.171038666429568416e-18,4.043773697326897734e-18,1.523806436794267709e-17,6.775276207633934148e-17,3.161202597268033181e-16,1.450662565689394144e-15,6.521676947862697792e-15,2.840331232639854628e-14,1.191451246619562547e-13,4.780892257132889821e-13,1.822846348907176035e-12,6.570216890104290179e-12,2.232177062265262992e-11,7.146511230524312220e-11,2.161724103765479663e-10,6.210255756348633025e-10,1.706808428131132705e-09,4.526047293037354087e-09,1.168062821422830835e-08,2.956154150373636626e-08,7.376657084413157152e-08,1.819233159663445375e-07,4.428828308612259386e-07,1.059247165853557482e-06,2.469748647579562613e-06,5.559351888709214381e-06,1.195476870415851148e-05,2.431318056139445191e-05,4.637343865227417668e-05,8.246575747192970711e-05,1.363586225816204242e-04,2.098012951626807476e-04,3.015452032500497799e-04,4.074712384615697337e-04,5.216878721069241739e-04,6.377930860704605432e-04,7.495563540861898029e-04,8.509090113177405351e-04,9.356636893766203398e-04,9.974501183430467197e-04,1.030105268397246828e-03,1.028489486855713999e-03,9.895621935086986853e-04,9.135152870610238748e-04,8.047249853013422943e-04,6.721554606200561130e-04,5.286946596075323482e-04,3.890255089118381093e-04,2.663235389530104261e-04,1.690465198793054112e-04,9.941813342310377175e-05,5.430444541985211197e-05,2.770185228007903872e-05,1.330642246838138163e-05,6.080553789259615430e-06,2.673276912642889525e-06,1.143283016166090812e-06,4.801428011280090250e-07,1.993164087941047507e-07,8.201062695382760126e-08,3.340107121349547682e-08,1.339675343703812690e-08,5.250196387832131433e-09,1.991816967740355772e-09,7.246837607270154747e-10,2.507775491118594655e-10,8.203020355998758188e-11,2.527279055795482844e-11,7.328801976781715901e-12,2.004700410238731721e-12,5.196426311323001348e-13,1.284626183108811825e-13,3.051120473924528258e-14,7.013968580374710625e-15,1.569591319128397930e-15,3.447361697023044109e-16,7.508951890976651140e-17,1.333444084457419530e-17,3.955236855489590740e-18,1.127549235857009722e-18,2.036306924375680370e-18,1.105998845045232824e-18,1.403227943183244498e-18,8.355209336716406827e-19,1.440010750283930408e-18,1.579529625632499018e-18,1.817832662022223474e-18,2.198646918638819646e-18,6.256884318401465644e-20,1.289766164206882183e-18
2.145981446438519836e-18,3.651016362737219209e-18,1.404975088882842820e-18,9.829861354201614596e-19,9.417684354775661059e-19,3.727840997692552412e-19,1.185317522037662824e-18,1.401702854111932517e-18,2.226982657076870112e-18,2.175055383129464800e-18,8.400834927141963573e-19,4.281364222445096595e-18,1.672597506520510704e-17,7.345133931670338452e-17,3.421526962611043078e-16,1.563300298994335591e-15,7.006259770085611545e-15,3.041403896085528780e-14,1.271508759374928199e-13,5.087230989420536160e-13,1.935848302338804214e-12,6.973503868499316346e-12,2.371723979443833110e-11,7.614306749338866684e-11,2.313092608710124090e-10,6.680801499680478524e-10,1.846813509528803261e-09,4.924184714344942295e-09,1.276363396406432295e-08,3.238590594908310198e-08,8.084610395801039455e-08,1.990099842031433573e-07,4.826095172411660030e-07,1.148159193679102276e-06,2.661100477130353033e-06,5.955401278350029121e-06,1.274534074628222118e-05,2.584428766376456907e-05,4.927086366966956235e-05,8.784293198715118075e-05,1.461096143440300543e-04,2.268991055066742766e-04,3.301673008411375090e-04,4.527503872294712803e-04,5.889978261356471545e-04,7.316682526044179487e-04,8.724889405562918530e-04,1.002309959727988977e-03,1.111251954859309842e-03,1.189287957724667177e-03,1.227408013487860279e-03,1.219172533057519920e-03,1.162259388689287258e-03,1.059589370880893592e-03,9.196987557804558403e-04,7.561057584844785382e-04,5.854827119582873716e-04,4.246827378164579514e-04,2.872473664552898016e-04,1.806619756652619714e-04,1.056155028973908017e-04,5.752972719547959812e-05,2.935287514820301332e-05,1.413789634353480957e-05,6.490494513739784017e-06,2.870071269810693243e-06,1.234956137646533530e-06,5.215201769521591896e-07,2.173946508708786417e-07,8.964260714659218834e-08,3.650407085562166578e-08,1.460632157496364186e-08,5.700074121354837362e-09,2.150863985093789484e-09,7.780525398095297314e-10,2.678047728214714996e-10,8.722110373536791424e-11,2.679518716700503951e-11,7.761016431115097811e-12,2.123886190153097371e-12,5.515625604940651935e-13,1.367459297115683819e-13,3.258814156996212360e-14,7.517138163210304208e-15,1.687566737660590508e-15,3.721407463688965557e-16,8.142467358676634642e-17,1.551769498091710919e-17,4.038281602862947754e-18,1.621284016150824155e-18,1.527017645479642138e-18,1.952451540045515050e-18,2.289054123643274676e-18,6.047813854060101788e-20,2.369701752531925830e-18,1.814703347811533874e-18,1.462684679701150250e-18,1.420835191667614796e-18,6.901439560873394201e-19,1.201478578107367154e-18
1.820478384712035635e-18,3.193453115165099646e-18,7.992699071146046117e-19,1.469697078475416668e-18,9.996693137605363841e-19,5.462498953840539377e-19,1.298082591766394063e-18,1.133240339298174765e-18,3.059411990583683600e-18,1.989956894712707136e-18,6.390962707647219729e-19,4.007230073182005774e-18,1.700247525533735161e-17,7.947038790798093018e-17,3.688014174115830780e-16,1.684444250160727685e-15,7.524713638579334960e-15,3.255423991379762003e-14,1.356389126384789595e-13,5.410812964558443940e-13,2.054916667088831284e-12,7.398163186549551578e-12,2.518891328869874044e-11,8.109458941200835639e-11,2.474180809145807619e-10,7.184826801775198154e-10,1.997808813006138980e-09,5.356323203820965370e-09,1.394520604604982096e-08,3.547745074538668259e-08,8.860277904138913509e-08,2.177023120425224235e-07,5.259019412927162339e-07,1.244500345200025124e-06,2.867038582836483384e-06,6.378723714162238849e-06,1.358548864127035468e-05,2.746579981427171299e-05,5.233905815817323866e-05,9.355840339645445211e-05,1.565511143245764433e-04,2.453990858849278449e-04,3.615289210469534533e-04,5.030608538744048286e-04,6.648778582065675759e-04,8.389934999754602388e-04,1.014821094335050574e-03,1.179409994616220083e-03,1.318106423319520808e-03,1.416050216180199687e-03,1.460493192267401426e-03,1.443427321511867858e-03,1.363734500424555653e-03,1.228145215690178539e-03,1.050643673686835677e-03,8.503644795179913325e-04,6.483272656934499631e-04,4.636011975194626001e-04,3.098042713534771269e-04,1.930575469816208907e-04,1.121817459313814572e-04,6.093470519548336428e-05,3.109619936734176978e-05,1.501893627421240492e-05,6.927417273837458328e-06,3.081285904863158916e-06,1.334030486713923947e-06,5.665007153317700438e-07,2.371255312975945122e-07,9.798556184487414855e-08,3.989288066849977639e-08,1.592290039327943320e-08,6.187194946910963009e-09,2.321969179766170582e-09,8.350730577003958923e-10,2.858788351404541100e-10,9.270154983587007660e-11,2.839670416479563980e-11,8.215032139605372171e-12,2.249175011609790349e-12,5.852034781111296381e-13,1.455098503721055549e-13,3.479521494521182171e-14,8.053148821762869567e-15,1.813285379956827586e-15,4.007467501564450185e-16,8.763716192325319018e-17,1.828733239066115456e-17,4.011199808440751428e-18,1.713980620068001668e-18,9.753131795676547516e-19,2.126212021142092617e-18,2.457536746791414184e-18,8.982717878337171973e-19,2.254258008932704698e-18,1.764631177029188745e-18,1.532380666909545464e-18,7.329594399996008069e-20,1.291758706350504036e-18,7.483663097738250545e-19
1.189789449247053765e-18,2.307634420598633145e-18,1.268056951811132773e-18,1.966311866406022444e-18,1.056610296629043898e-18,6.616603545956684709e-19,1.431288085952189906e-18,7.861978684926857967e-19,3.439062978735225100e-18,1.454901483380411623e-18,1.006501962412541810e-18,3.486795152065655183e-18,1.669079690732988454e-17,8.553778280099769104e-17,3.963882391100815157e-16,1.813951588045429801e-15,8.078673094556903357e-15,3.483009779694807672e-14,1.446292653099237703e-13,5.752265448725479954e-13,2.180247268307645743e-12,7.844867226688210893e-12,2.673938179008762788e-11,8.633048758728836439e-11,2.645446839708182969e-10,7.724201241890354825e-10,2.160505420725851283e-09,5.824939824833663382e-09,1.523317980888442525e-08,3.885859506668702704e-08,9.709453204652252356e-08,2.381354244042719751e-07,5.730444327045345677e-07,1.348810819738233337e-06,3.088494466087279748e-06,6.830802947616918333e-06,1.447749793109885308e-05,2.918143937761504147e-05,5.558510964382923033e-05,9.962820351461130705e-05,1.677228501965221839e-04,2.653999303854071012e-04,3.958626858674692901e-04,5.589077710855180079e-04,7.503230850995932849e-04,9.615336234066202553e-04,1.179360447586763833e-03,1.386210514882357369e-03,1.561332745869885947e-03,1.683565814978311547e-03,1.735308654482001006e-03,1.706669575237851561e-03,1.598378564320998259e-03,1.422345998378314472e-03,1.199580708569934501e-03,9.560764205132705118e-04,7.178047471024201313e-04,5.060408938357245385e-04,3.341011029426668201e-04,2.062745924708308837e-04,1.191329166896210859e-04,6.452627946387951301e-05,3.293540271446956214e-05,1.595173177661069567e-05,7.392745072404369702e-06,3.307819261128740328e-06,1.441032770891256243e-06,6.153658953737385930e-07,2.586452018189567817e-07,1.070988982814071742e-07,4.359082742467339240e-08,1.735471699241153573e-08,6.714163515532996669e-09,2.505874537603690968e-09,8.959370781464953832e-10,3.050455611138846878e-10,9.848205139017599632e-11,3.007980373395979750e-11,8.691481995111301573e-12,2.380752651215269122e-12,6.206252237561782692e-13,1.547733150153693036e-13,3.713826079128290790e-14,8.623711032124179638e-15,1.946894894695865598e-15,4.305078708922753508e-16,9.362828272935447320e-17,2.082319327078657045e-17,4.110683300423050080e-18,1.182546619263575510e-18,1.391165272119812295e-18,6.548352323261856970e-19,1.993188573602712852e-18,1.483870242442823788e-18,1.030093826505508203e-18,1.261578337430319368e-18,1.290681954848982872e-18,1.218031262890685097e-18,1.584622230309803533e-18,4.527255890296101107e-19
7.888444143959942116e-19,1.694422366028259955e-18,1.560345601112988803e-18,2.123746977981866660e-18,1.164820588913082089e-18,5.354998896542949479e-19,1.919180170483288924e-18,5.981242324942403428e-19,3.237792219188541101e-18,1.197838043326614651e-18,1.467471674873845898e-18,3.075582752173765903e-18,1.687976388614007630e-17,9.171143764121403039e-17,4.258807702195788802e-16,1.952105811205073038e-15,8.669486690015502885e-15,3.724828982609513781e-14,1.541419572166583200e-13,6.112207040969975990e-13,2.312031133820333942e-12,8.314271400058739794e-12,2.837118736601359313e-11,9.186151363765032887e-11,2.827353192551295296e-10,8.300838867921011998e-10,2.335640499194600879e-09,6.332629866278339392e-09,1.663583287220326938e-08,4.255315527746189139e-08,1.063830579702421633e-07,2.604530646994460094e-07,6.243380545085999531e-07,1.461657897610340570e-06,3.326434925678143458e-06,7.313156698541475096e-06,1.542367104502256255e-05,3.099491729601104909e-05,5.901609303127255111e-05,1.060685311704595335e-04,1.796656222302125537e-04,2.870047107528101685e-04,4.334155729569846285e-04,6.208360982371306054e-04,8.464235240232171904e-04,1.101248752904177789e-03,1.369262967321445380e-03,1.627252108777274119e-03,1.846761811234055991e-03,1.998511477557017059e-03,2.058662920343956159e-03,2.015072409862197263e-03,1.871158768472102945e-03,1.645732363761700026e-03,1.368742832100651452e-03,1.074487850099327358e-03,7.945326106194286388e-04,5.522756075942874578e-04,3.602483756805506033e-04,2.203551084048974314e-04,1.264850335228391738e-04,6.831125715987698774e-05,3.487402289960521808e-05,1.693847894729437749e-05,7.887930353079127907e-06,3.550602623329319874e-06,1.556515475416526719e-06,6.684133606782885260e-07,2.820982393793779401e-07,1.170457265477213087e-07,4.762261363646126602e-08,1.891042780963193190e-08,7.283694959143989114e-09,2.703344403377651876e-09,9.608393851296432041e-10,3.253507624318397007e-10,1.045729412403310636e-10,3.184687175510489081e-11,9.190976498261097604e-12,2.518799438639717367e-12,6.578863611166491315e-13,1.645550291962959953e-13,3.962300862824568888e-14,9.230981292904662108e-15,2.089051716432779251e-15,4.618289907444647372e-16,9.969184123783781104e-17,2.252375004763053403e-17,4.608118266939724161e-18,8.516768876797631608e-19,1.799867191149252911e-18,1.679294934217254200e-18,1.489062401681468785e-18,1.552162148236493569e-18,9.912573338075296139e-19,6.006180492601796215e-19,8.335559602507596538e-19,1.593963284481686196e-18,1.460353122332840008e-18,5.429381654401569596e-19
9.565440477509429056e-19,1.301875633277443272e-18,1.621483637715322777e-18,2.356109094902292615e-18,1.552935720911668851e-18,4.093877353694538373e-19,2.405563742034043010e-18,2.645291828833175768e-19,2.547230872911635160e-18,1.447655854738973334e-18,1.924789402746398490e-18,4.089042179684665339e-18,1.836478776267567637e-17,9.833149209503752940e-17,4.582051258864190325e-16,2.099619305196768844e-15,9.298470107495107668e-15,3.981573019561891875e-14,1.641968784127569574e-13,6.491239318808901203e-13,2.450453123536178810e-12,8.807008861201495875e-12,3.008680547444399380e-11,9.769829580927405280e-11,3.020364418723814629e-10,8.916690935856363209e-10,2.523975379411657760e-09,6.882103072264628892e-09,1.816188149929619277e-08,4.658635244324871901e-08,1.165338531798826790e-07,2.848076794989463113e-07,6.801006037035981074e-07,1.583635357993981732e-06,3.581859750755760343e-06,7.827330709655356078e-06,1.642631494683900262e-05,3.290990981442089747e-05,6.263902708222630780e-05,1.128956693102886523e-04,1.924211543500912677e-04,3.103206760267795830e-04,4.744489219221014126e-04,6.894318667805219300e-04,9.543693137603822011e-04,1.260308869453324789e-03,1.588064266797925474e-03,1.907669402120221744e-03,2.181029189686086844e-03,2.368507577154060385e-03,2.438321652769360071e-03,2.375647110061840980e-03,2.187674280544439805e-03,1.902253773063920404e-03,1.560588841364028484e-03,1.206950866761483370e-03,8.791699343040093335e-04,6.025925398376384516e-04,3.883599092773614802e-04,2.353415209919895083e-04,1.342539774233095023e-04,7.229630398256462495e-05,3.691553336623702199e-05,1.798136824749764967e-05,8.414449296724504077e-06,3.810597927888727919e-06,1.681056293979900698e-06,7.259568920064485930e-07,3.076377001293067679e-07,1.278928805593541752e-07,5.201431313151017221e-08,2.059910941260152074e-08,7.898608935544110923e-09,2.915162848428163039e-09,1.029976862142608993e-09,3.468399630636543132e-10,1.109843009393348410e-10,3.370019813360930334e-11,9.714098384626488305e-12,2.663488357805233699e-12,6.970435163262261442e-13,1.748736022317885500e-13,4.225526106803972250e-14,9.877205679988280098e-15,2.240755638721548494e-15,4.953605637974891543e-16,1.063540151026487843e-16,2.334927659353916274e-17,5.249179504453584109e-18,1.332495281349217631e-18,1.481488468865757797e-18,3.236390929172283222e-18,1.424137663741011749e-18,1.010589340608283437e-18,2.233423705827936946e-18,5.637977123730847953e-19,1.002666693075261790e-18,1.056127506004172466e-18,1.011050250944730439e-18,3.890122804638099593e-19
1.627004959003651558e-18,9.272626187839827344e-19,1.617280601344618777e-18,3.037650026100856046e-18,1.989113928160324171e-18,1.199168988416612175e-19,2.394550056487622818e-18,8.341440157751997766e-19,1.552041458534080285e-18,1.793222695806878105e-18,2.316265469211733431e-18,6.160762391070625889e-18,2.105493262844314675e-17,1.057454485611931298e-16,4.936790613927057647e-16,2.257275430860074045e-15,9.967264678107009256e-15,4.253912539924873374e-14,1.748136477653053119e-13,6.889941043695753451e-13,2.595690422225192406e-12,9.323684589082111697e-12,3.188862585750654696e-11,1.038512677612170654e-10,3.224944561169906642e-10,9.573737456862883948e-10,2.726293161643965753e-09,7.476178201691226153e-09,1.982047180016337775e-08,5.098480558803659319e-08,1.276162220019166840e-07,3.113604202097535133e-07,7.406664329989180796e-07,1.715362545131358183e-06,3.855798797419541534e-06,8.374891843661300871e-06,1.748772740902039495e-05,3.493003314187254641e-05,6.646082700484250724e-05,1.201258926354469421e-04,2.060319195401984270e-04,3.354589850046212291e-04,5.192382852076850427e-04,7.653231308265337875e-04,1.075455526855153806e-03,1.441108053275505290e-03,1.839711382314890417e-03,2.233247855013378511e-03,2.571658363236380748e-03,2.802219030004273696e-03,2.883109032560124754e-03,2.796327296171460114e-03,2.554213475455511823e-03,2.196299769314625106e-03,1.777816492682568993e-03,1.354927094974497362e-03,9.724176012727512577e-04,6.572917575021737860e-04,4.185523890632500822e-04,2.512764505285063044e-04,1.424553808543818222e-04,7.648789187373328789e-05,3.906331717609284632e-05,1.908257102595882550e-05,8.973795239995365934e-06,4.088795003770955317e-06,1.815257227675521233e-06,7.883262051622799886e-07,3.354250886244433320e-07,1.397109008394600036e-07,5.679335087983405012e-08,2.243024348515704085e-08,8.561821798660650934e-09,3.142130513859265103e-09,1.103547443917959738e-09,3.695580976967607980e-10,1.177258804727552688e-10,3.564195628626443410e-11,1.026139635498462288e-11,2.814983038528946770e-12,7.381509731918249817e-13,1.857475415679973439e-13,4.504103753100522097e-14,1.056437365560352460e-14,2.402993073253845996e-15,5.316929161244599213e-16,1.140473738779610080e-16,2.376785898936846733e-17,5.616229677471887182e-18,1.952598692104442514e-18,6.689557060973572529e-19,3.009285102844167001e-18,1.561649960290367600e-18,2.112216922035221543e-19,2.382501669724848826e-18,9.010996491354214115e-19,1.015474723028317281e-18,3.531707299749722411e-19,4.646601271163493684e-19,1.198286358323501377e-19
1.992444090822908387e-18,1.120918529174013340e-18,1.724743969871609038e-18,3.522207142716771512e-18,2.097394131430493351e-18,5.709503376277517307e-19,1.860399657156779009e-18,1.771866802228332970e-18,9.561075781156269265e-19,1.788128413793627036e-18,2.446435159471582140e-18,7.455904947870601130e-18,2.425422812837630877e-17,1.140698990051447745e-16,5.319837012885793832e-16,2.425573830234870899e-15,1.067804785862365823e-14,4.542465421593532347e-14,1.860114549367778889e-13,7.308865538511616428e-13,2.747910899119447119e-12,9.864869309591274061e-12,3.377893229186976399e-11,1.103305916351306587e-10,3.441554310672290360e-10,1.027397748299161456e-09,2.943395805856434079e-09,8.117775732824738522e-09,2.162116505462137472e-08,5.577650841514907762e-08,1.397032413835645941e-07,3.402810475361765804e-07,8.063860661034720425e-07,1.857483038484950175e-06,4.149308391617026096e-06,8.957420167318493691e-06,1.861018188071669115e-05,3.705881604849722589e-05,7.048825314660363457e-05,1.277753655246046999e-04,2.205409380824911616e-04,3.625343649980081857e-04,5.680731007633237854e-04,8.491805568958906737e-04,1.211086414195290803e-03,1.646278147696014207e-03,2.128594488367637708e-03,2.610481762074387535e-03,3.027146820719276918e-03,3.309460198828207550e-03,3.403012955128072083e-03,3.286055443599786643e-03,2.977811683979323613e-03,2.532730525319971948e-03,2.023374566936794912e-03,1.519990534346661896e-03,1.075017993693709291e-03,7.166854161027963162e-04,4.509448406858166942e-04,2.682024462993745639e-04,1.511045068792542766e-04,8.089224304754987036e-05,4.132063899312868452e-05,2.024422475268479403e-05,9.567471164733151368e-06,4.386208190202870206e-06,1.959743310085433266e-06,8.558665474180786491e-07,3.656302281460210741e-07,1.525739728762477799e-07,6.198846474635028460e-08,2.441369528562743238e-08,9.276336712841766863e-09,3.385060893195679872e-09,1.181748935569530488e-09,3.935491823993198964e-10,1.248070127623006888e-10,3.767418178085909349e-11,1.083337855228315582e-11,2.973435992608450173e-12,7.812605007611936030e-13,1.971950904251093121e-13,4.798655669713857185e-14,1.129415341197383421e-14,2.576442995267732258e-15,5.711473931040658974e-16,1.228637741556038041e-16,2.445443819970537802e-17,5.796003458641055460e-18,2.378192569297899898e-18,7.807011389337643224e-19,1.158049746870324262e-18,1.793136901933304454e-18,1.430809556775071723e-18,1.473361344473114608e-18,1.106181897041179605e-18,3.075266939829156100e-19,5.403620267946894724e-19,9.365122939070070935e-20,5.376412782490139916e-19
1.494696296726946910e-18,1.552051588620852874e-18,1.850956324922202169e-18,3.240739852860080210e-18,1.814962567939608332e-18,1.359534289440670979e-18,1.414439745306956320e-18,2.300490884287382537e-18,1.565416775260415370e-18,1.082081705939163351e-18,2.200919938649357403e-18,7.084438750293972199e-18,2.724695898021021924e-17,1.231679770675009019e-16,5.726363110499582318e-16,2.604705752905894231e-15,1.143341469514530314e-14,4.847799995162430964e-14,1.978088783335919141e-13,7.748539345467514773e-13,2.907271348385244855e-12,1.043109362366111468e-11,3.575988109708294143e-11,1.171460754022457244e-10,3.670647877024171427e-10,1.101941807030018578e-09,3.176100670059791209e-09,8.809908527200030950e-09,2.357391642170299881e-08,6.099078709065881144e-08,1.528716770579521284e-07,3.717477236260371567e-07,8.776255775633186270e-07,2.010662881168532876e-06,4.463467001595853544e-06,9.576499972006452725e-06,1.979591092860571189e-05,3.929967041983451333e-05,7.472785582404196936e-05,1.358600300726108684e-04,2.359915472613090888e-04,3.916646904628733549e-04,6.212561628802238918e-04,9.417175815976594738e-04,1.362778904010454855e-03,1.878701469194729275e-03,2.459577909663469668e-03,3.046632510355607240e-03,3.557053805306121391e-03,3.901302418787768074e-03,4.009292609245780799e-03,3.854870413829725086e-03,3.466308369797063606e-03,2.916905919117280567e-03,2.300473433370029894e-03,1.703829358606847363e-03,1.187754122074484485e-03,7.810967358909586336e-04,4.856580136022415977e-04,2.861616913754426277e-04,1.602161186220946762e-04,8.551527044237506139e-05,4.369061520400865017e-05,2.146841694718084736e-05,1.019698121120232280e-05,4.703872277898612272e-06,2.115160915046661225e-06,9.289380644248495152e-07,3.984310172414934193e-07,1.665598144659136664e-07,6.762964674678186357e-08,2.655968484485670400e-08,1.004523153283155551e-08,3.644776021100537702e-09,1.264777694864720421e-09,4.188559570007900616e-10,1.322365232148426541e-10,3.979874991858367205e-11,1.143050637699528915e-11,3.138987201479915514e-12,8.264211811271214737e-13,2.092339868770775515e-13,5.109804144984775819e-14,1.206812533444147384e-14,2.761425453897932539e-15,6.137477078343405336e-16,1.325677358902682756e-16,2.593744003471791413e-17,6.206027405851854143e-18,2.216188507680829746e-18,1.265010625595307087e-18,1.473358028751839408e-18,2.055491943410390061e-18,2.560126837692171767e-18,2.959467333732243936e-19,1.217562748911708084e-18,8.503183873689104725e-19,2.622023622079877877e-19,2.287348283084052519e-19,8.090176982063077533e-19
4.912333562851449795e-19,1.739318334725508581e-18,1.758568546404845976e-18,2.309611549040578745e-18,1.622729327452863736e-18,1.834620808587267432e-18,1.612497248182115384e-18,2.134524040836963557e-18,1.836598591177582538e-18,4.008262395887409415e-19,1.669904338569891341e-18,5.481239523068552115e-18,2.961960159293176891e-17,1.327962035703038475e-16,6.155358648273708015e-16,2.794865694723219849e-15,1.223596230671701780e-14,5.170468755111779705e-14,2.102236868622119611e-13,8.209459260219687433e-13,3.073915631612532901e-12,1.102284232263360393e-11,3.783347832992682092e-11,1.243070844461882843e-10,3.912669570654738313e-10,1.181206186865793307e-09,3.425236460635333028e-09,9.555670269551493687e-09,2.568904628803853074e-08,6.665823659815393773e-08,1.672018443285533671e-07,4.059466760709282804e-07,9.547657070507802178e-07,2.175588320320525693e-06,4.799370124892603103e-06,1.023370968693498180e-05,2.104708824347723643e-05,4.165585981442717619e-05,7.918591636794277138e-05,1.443954841731780474e-04,2.524271413603472024e-04,4.229704753232240290e-04,6.791028671142694973e-04,1.043690061363614172e-03,1.532165158352683659e-03,2.141522139485304687e-03,2.838029665948433276e-03,3.549785928652721308e-03,4.172088177158868316e-03,4.590182361980110759e-03,4.714586597030920138e-03,4.513994319460723839e-03,4.028402412013860033e-03,3.354712255125676373e-03,2.612593624761086909e-03,1.908246444515207139e-03,1.311448109676374967e-03,8.508587083572381185e-04,5.228136684035534359e-04,3.051956767513460647e-04,1.698043392164880856e-04,9.036251474120565968e-05,4.617618223709893258e-05,2.275716779756983417e-05,1.086382117388060055e-05,5.042837721623603611e-06,2.282175602857059011e-06,1.007914908466631291e-06,4.340130569070464770e-07,1.817495051813485899e-07,7.374806132032001703e-08,2.887875017010313485e-08,1.087164427752805423e-08,3.922101538241436110e-09,1.352827174316699287e-09,4.455194990908696983e-10,1.400226342988697453e-10,4.201735204433108131e-11,1.205318873604827454e-11,3.311762827633295989e-12,8.736789758554882065e-13,2.218812290306347474e-13,5.438145326664606909e-14,1.288806985671755729e-14,2.958083774223496846e-15,6.593249824621687189e-16,1.428167834894723345e-16,2.828792830849736334e-17,6.939836704744734684e-18,1.477393755828361962e-18,1.260015398595759748e-18,2.953615290381024077e-18,2.043106707005785008e-18,3.067408036467939837e-18,7.473815633512651889e-19,1.289096965294998995e-18,1.712903249173526168e-18,1.046780445448577797e-18,3.979453190200921480e-19,8.883472566657919973e-19
1.569061176315962814e-18,1.517160312437720746e-18,1.663595794668833822e-18,1.327208210781349239e-18,2.090621792937152921e-18,1.667340772907948224e-18,1.710841357143176996e-18,1.415698832741453811e-18,1.257397746737472448e-18,1.897416900332213443e-18,1.089831694783486684e-18,3.980209765539417440e-18,3.136559412507150716e-17,1.427836789467695970e-16,6.611165786113967516e-16,2.996594470915963387e-15,1.308782096608549269e-14,5.511042969889744983e-14,2.232726458316278079e-13,8.692086000465283931e-13,3.247972754752609744e-12,1.164054852700564204e-11,4.000155572310495810e-11,1.318224474229032879e-10,4.168050094519049899e-10,1.265389329976081891e-09,3.691638561604570824e-09,1.035822150657152179e-08,2.797720350672176561e-08,7.281063311809515473e-08,1.827774063590482267e-07,4.430717173925045768e-07,1.038200677314042428e-06,2.352963013202421967e-06,5.158124337809782434e-06,1.093061064949575736e-05,2.236580922133129122e-05,4.413046609766631479e-05,8.386838451284375621e-05,1.533968496819211017e-04,2.698908810183274173e-04,4.565742731988855618e-04,7.419402051330557931e-04,1.155895334544355425e-03,1.720993972153666250e-03,2.438155560231135364e-03,3.269848657038141454e-03,4.128907324477079123e-03,4.884194498373309323e-03,5.390009019925506850e-03,5.533019313276984347e-03,5.275916680647364278e-03,4.673703925477682743e-03,3.852585619209256736e-03,2.963491884202947794e-03,2.135158396064721666e-03,1.446958950224945094e-03,9.263125108748093521e-04,5.625337637560116032e-04,3.253448446113576132e-04,1.798825025315413330e-04,9.543907816274144868e-05,4.878006316899454131e-05,2.411241148169425042e-05,1.156946794570980008e-05,5.404165074264114199e-06,2.461469460578267942e-06,1.093184058221561534e-06,4.725691323527919526e-07,1.982272509285267274e-07,8.037593810715074445e-08,3.138170173434763789e-08,1.175875603657080921e-08,4.217861106930726830e-09,1.446086321181218322e-09,4.735788102132190434e-10,1.481728650353430850e-10,4.433147058686651037e-11,1.270177630097294202e-11,3.491873672255341061e-12,9.230759496025791212e-13,2.351528706537649168e-13,5.784231174393962170e-14,1.375602190154527387e-14,3.166634867801542333e-15,7.076568857634364252e-16,1.534008941462703717e-16,3.107733172109113342e-17,7.719560147779810542e-18,1.443000526886598411e-18,1.360727506077827635e-18,2.797635926958923698e-18,1.534447954520160033e-18,2.759405778080854781e-18,9.462024665406557112e-19,1.301959503120254394e-18,1.853829212466672282e-18,2.120467008745979843e-18,6.511822918757396130e-19,8.887981490544201072e-19
2.480804436222746347e-18,7.303214871037589066e-19,1.735280263651966290e-18,7.540434741955059683e-19,2.712756756804869252e-18,8.696919990865417677e-19,1.212782152777141657e-18,5.896578047040564095e-19,1.327808794613877828e-18,2.751964312886383017e-18,7.616429319802219823e-19,3.776203926928635136e-18,3.279639964995009061e-17,1.531308004922020106e-16,7.099913734600814639e-16,3.210820576093454964e-15,1.399043216333178246e-14,5.870116666143424368e-14,2.369713493046013868e-13,9.196835178061049166e-13,3.429554919357137922e-12,1.228458725038102683e-11,4.226574558208580077e-11,1.397003566610481510e-10,4.437202550982409251e-10,1.354686329839348901e-09,3.976143714253395452e-09,1.122077311759745573e-08,3.044931979182157554e-08,7.948081987153538763e-08,1.996851027324184083e-07,4.833236033539969424e-07,1.128336684805212118e-06,2.543504653834108623e-06,5.540840459714104547e-06,1.166873470740078760e-05,2.375407014565603098e-05,4.672635425413340583e-05,8.878081231430474301e-05,1.628786308194645437e-04,2.884253712982652227e-04,4.925999802991167615e-04,8.101054857125064394e-04,1.279170613408882546e-03,1.931130783653511743e-03,2.772295496795540611e-03,3.761488463582410204e-03,4.793892554504599474e-03,5.706635065867965428e-03,6.316266611787807114e-03,6.480302827083598942e-03,6.154473442075545156e-03,5.412780797219242726e-03,4.417530725970805414e-03,3.357204094411957336e-03,2.386592817471838365e-03,1.595179456928436665e-03,1.007805608794842085e-03,6.049395396772575028e-04,3.466482009047592650e-04,1.904629951140882928e-04,1.007495552845065478e-04,5.150473273667365058e-05,2.553597621774885207e-05,1.231536788551376798e-05,5.788918596151592508e-06,2.653737892829032565e-06,1.185143819976830919e-06,5.142985330584759437e-07,2.160800764890784096e-07,8.754643674066012965e-08,3.407956756041519824e-08,1.270977116491615755e-08,4.532870158000387413e-09,1.544737835312362792e-09,5.030703755452902981e-10,1.566939255192344162e-10,4.674235312360333667e-11,1.337655522741769966e-11,3.679413163587387660e-12,9.746493224313831717e-13,2.490638159760975101e-13,6.148569223157661051e-14,1.467401429158878204e-14,3.387504315115137340e-15,7.585665413919851513e-16,1.643525292017655402e-16,3.372724337878281350e-17,8.217440626537071875e-18,2.231648679396936482e-18,1.964857388939986525e-18,1.309430882138598861e-18,6.364955937397093005e-19,1.838887135092314931e-18,9.402416646992666574e-19,1.145845714903766015e-18,1.346415579574833267e-18,2.491960941312273567e-18,9.102234286749283090e-19,8.847605848262485062e-19
2.466730765544496577e-18,1.001723415113680436e-18,1.483803022012589471e-18,4.788837289387973685e-19,2.850375324201000937e-18,3.176081009966431531e-19,4.592964859111689006e-19,9.683043728880888398e-20,2.576222177538271099e-18,2.409349807334922829e-18,8.420614732817683513e-19,5.184978600087977133e-18,3.428234130333861136e-17,1.639717620387015637e-16,7.624148134216837025e-16,3.438540289038838468e-15,1.494472354243110419e-14,6.248271682565903801e-14,2.513340844480795042e-13,9.724068077037936228e-13,3.618755574888486210e-12,1.295526828830576985e-11,4.462745492511333875e-11,1.479482636292896476e-10,4.720518172512062183e-10,1.449287260699593857e-09,4.279584024496322551e-09,1.214656706536853566e-08,3.311655456445434672e-08,8.670256390456736428e-08,2.180144010515722972e-07,5.269092134424037750e-07,1.225590032417751582e-06,2.747940977067903109e-06,5.948625790439496443e-06,1.244957063931116782e-05,2.521374601740897128e-05,4.944613551215784462e-05,9.392828483626942460e-05,1.728545631111421429e-04,3.080723081643635484e-04,5.311720364724934309e-04,8.839447590325729114e-04,1.414390622148349727e-03,2.164556051152421914e-03,3.147918186078438665e-03,4.319976607403034664e-03,5.555613216193180590e-03,6.654065217505430140e-03,7.386110227407963538e-03,7.573831008065982397e-03,7.164918016281383514e-03,6.257197860355391029e-03,5.057133990961879509e-03,3.798044456681104811e-03,2.664683580312698658e-03,1.757032322434965614e-03,1.095689526471789726e-03,6.501504949914083771e-04,3.691428978556694621e-04,2.015570899453924647e-04,1.062979612223035778e-04,5.435238090433385557e-05,2.702956309021192774e-05,1.310292409379551936e-05,6.198158998380537949e-06,2.859685821170180395e-06,1.284201980607074556e-06,5.594061948959535623e-07,2.353974390224876968e-07,9.529348124096823700e-08,3.698352825771394709e-08,1.372789464215312242e-08,4.867928956588636513e-09,1.648956287026290534e-09,5.340276988821050617e-10,1.655916070339836788e-10,4.925098592378859805e-11,1.407774013688888582e-11,3.874455004057889565e-12,1.028430646891570836e-12,2.636275814206077944e-13,6.531636357219542154e-14,1.564371698889473159e-14,3.621278890616223971e-15,8.119784734054672786e-16,1.758738999092899929e-16,3.592676127670439283e-17,8.139803188791198418e-18,2.431083275641351532e-18,2.374701644671693375e-18,1.145803234304111464e-18,9.396482574858275083e-19,9.630858327736643998e-19,1.079858559407197671e-18,7.406591332009999518e-19,6.914241600691404952e-19,1.909088550584188632e-18,1.072123785677567586e-18,9.114570645426986832e-19
