tg,0,2,9,other
0.0,1.0,0.0,0.0,0.0
0.3337734575110753,0.9999999994189894,2.69823313999378e-25,3.5452038202414897e-12,5.774663854637952e-10
0.6675469150221507,0.9999999984795604,1.1964569201149638e-22,3.1604919885123066e-11,1.4888357391491461e-09
1.001320372533226,0.999999999237338,2.8105197306398373e-21,1.149369678674696e-10,6.477256433367712e-10
1.3350938300443014,0.9999999989894984,2.4033144792567703e-20,2.858865427237224e-10,7.246165859610431e-10
1.6688672875553767,0.9999999953073564,1.2908330272968742e-19,6.118655920201158e-10,4.080778063496312e-09
2.002640745066452,0.9999999868871376,5.548161321090652e-19,1.19084110786111e-09,1.1922021436318494e-08
2.336414202577528,0.9999999667454617,2.062932654562036e-18,2.645129016854437e-09,3.0609410290649474e-08
2.6701876600886028,0.9999999489811068,6.7912088488502885e-18,5.7878593828096625e-09,4.523103467070739e-08
3.003961117599678,0.9999999698872352,1.8520134047305002e-17,9.347830676404072e-09,2.0764934912051884e-08
3.337734575110753,0.9999999748365268,4.205117100023414e-17,1.3141875758817296e-08,1.2021596974474133e-08
3.671508032621829,0.9999999711089812,8.609071717864206e-17,1.781942719020409e-08,1.1071591991464846e-08
4.005281490132904,0.9999999590055264,1.66060279714714e-16,2.3690268972473443e-08,1.7304204723884028e-08
4.339054947643979,0.9999999325016352,3.061544094696362e-16,3.140055648274354e-08,3.609780998455306e-08
4.672828405155055,0.999999841245564,5.63214678718767e-16,4.28646329307115e-08,1.1588980298928421e-07
5.00660186266613,0.9999997720822624,1.0435701914198817e-15,6.458790107610655e-08,1.6332983628075628e-07
5.3403753201772055,0.9999998008540129,1.8369666971051417e-15,8.9078316761936e-08,1.1006767097794476e-07
5.674148777688281,0.9999998415152844,2.9751369665086442e-15,1.0928473809166109e-07,4.919997569639209e-08
6.007922235199356,0.999999842826322,4.581319895029991e-15,1.312719284896084e-07,2.5901745702618714e-08
6.341695692710432,0.9999998072139108,6.887643994341847e-15,1.5593872945405606e-07,3.684735597492513e-08
6.675469150221507,0.999999733314857,1.0171018791933112e-14,1.868267722548362e-07,7.985836043121314e-08
7.009242607732582,0.9999995946306904,1.5042176807253962e-14,2.2414551004182482e-07,1.812237848828574e-07
7.343016065243658,0.9999993492528828,2.256510873565316e-14,2.874227149277204e-07,3.63324380919526e-07
7.676789522754733,0.9999993053837236,3.3471544086503964e-14,3.712119038391644e-07,3.234043392451372e-07
8.010562980265808,0.99999943414731,4.759903746115477e-14,4.368669802663913e-07,1.2898566305687539e-07
8.344336437776883,0.9999994349975928,6.514882562256337e-14,4.972650921336276e-07,6.773724935623572e-08
8.678109895287959,0.9999993703339056,8.759605669400427e-14,5.626396527921231e-07,6.702635441213368e-08
9.011883352799034,0.9999992420839476,1.165884746857229e-13,6.406526678159374e-07,1.1726326821597208e-07
9.34565681031011,0.9999990348236706,1.5457665885508205e-13,7.310527656459525e-07,2.3412340993660124e-07
9.679430267821186,0.999998575592133,2.0723827132763786e-13,8.572826349433817e-07,5.671250252492651e-07
10.01320372533226,0.9999982976497648,2.8053087152844506e-13,1.0513095136393672e-06,6.510404438090716e-07
10.346977182843336,0.99999842398643,3.730056997644971e-13,1.2223550114225152e-06,3.5365818701410955e-07
10.680750640354413,0.99999851367401,4.80194500429047e-13,1.3528776254542714e-06,1.3344788522254255e-07
11.014524097865486,0.9999984278408784,6.068478343017599e-13,1.4894168820097656e-06,8.274163431410608e-08
11.34829755537656,0.999998198288992,7.612260112071521e-13,1.6427142358025553e-06,1.5899601291242238e-07
11.682071012887636,0.9999978812192292,9.50027105798112e-13,1.82738965323758e-06,2.913901674291396e-07
12.015844470398712,0.9999973141205872,1.1936790784220132e-12,2.043904828505415e-06,6.41973390474389e-07
12.349617927909788,0.999996519314387,1.5205163755000537e-12,2.387834613839393e-06,1.0928494786557025e-06
12.683391385420864,0.9999964784922808,1.927781932734259e-12,2.7615914068918257e-06,7.599143866523755e-07
13.01716484293194,0.9999967067083642,2.3862950396163727e-12,3.024017217623573e-06,2.692720330173639e-07
13.350938300443014,0.9999965966320332,2.8984282934167664e-12,3.2695426382821404e-06,1.3382242994906936e-07
13.684711757954087,0.9999962815146156,3.4968058278131947e-12,3.5345005198341653e-06,1.8398136933688343e-07
14.018485215465164,0.9999958044697084,4.202392333267628e-12,3.8583258414107525e-06,3.372002494362083e-07
14.35225867297624,0.9999951006239683,5.057972466659179e-12,4.217756051723643e-06,6.816149213971302e-07
14.686032130487316,0.99999384919426,6.1543891434172384e-12,4.726965908778837e-06,1.4238336772361084e-06
15.019805587998391,0.9999932001450972,7.529066356802576e-12,5.407334305996093e-06,1.392513070122529e-06
15.353579045509466,0.9999934552197643,9.090994842080294e-12,5.924581671057033e-06,6.201894762538193e-07
15.68735250302054,0.9999934640875768,1.0774140173664323e-11,6.32736214045511e-06,2.0853950940312855e-07
16.021125960531617,0.9999930688394972,1.2655320836928402e-11,6.751449276304872e-06,1.796985735069071e-07
16.35489941804269,0.9999923283422956,1.4815702561816798e-11,7.2520521975179874e-06,4.1959068986816867e-07
16.688672875553767,0.9999914657771511,1.7317068881018653e-11,7.834982409089798e-06,6.99223122673814e-07
17.022446333064842,0.9999899471756823,2.038309668182068e-11,8.529798960319916e-06,1.5230049739680073e-06
17.356219790575917,0.99998824269431,2.423709096717853e-11,9.570100480278467e-06,2.1871809732851e-06
17.689993248086992,0.9999882210118358,2.8702500947986933e-11,1.0533929976567345e-05,1.2450294850128208e-06
18.023766705598067,0.999988414450755,3.343549263654243e-11,1.1186789722720396e-05,3.987260887343293e-07
18.357540163109142,0.999987957595456,3.851463404133493e-11,1.1823799078335935e-05,2.1856695341702073e-07
18.69131362062022,0.9999870232233676,4.422033041199828e-11,1.2538635982721548e-05,4.380964306976609e-07
19.025087078131296,0.9999858159015907,5.066743017567807e-11,1.342252482812553e-05,7.615229134980547e-07
19.35886053564237,0.9999841033202548,5.822890711158917e-11,1.4380672679157842e-05,1.5159488386237617e-06
19.692633993153446,0.9999814941798106,6.755617711916347e-11,1.575984758211093e-05,2.745905051852918e-06
20.02640745066452,0.9999803420635236,7.858266649607761e-11,1.7367326145465735e-05,2.2905317476712397e-06
20.3601809081756,0.999980681566361,9.041029171010272e-11,1.846917096082545e-05,8.491722680133312e-07
20.693954365686672,0.9999803372187244,1.0273601376766456e-10,1.937832350848928e-05,2.843550326864675e-07
21.027727823197747,0.9999792341110616,1.1619048484585663e-10,2.036176644229721e-05,4.040063068772424e-07
21.361501280708826,0.999977502341912,1.311748356849105e-10,2.158642170635472e-05,9.111052068271567e-07
21.695274738219897,0.9999756254360194,1.4807944156123489e-10,2.2953028048886895e-05,1.4213878528992483e-06
22.02904819573097,0.9999723877335016,1.6827960292949068e-10,2.464088673866253e-05,2.9712114810185484e-06
22.362821653242047,0.9999694655082586,1.9262864352338202e-10,2.6977779484978628e-05,3.556519626860455e-06
22.696595110753123,0.9999694391756764,2.195097311763905e-10,2.8858199921503628e-05,1.7024048933351572e-06
23.0303685682642,0.9999693404377238,2.4710102062187687e-10,3.015068788299951e-05,5.086272912392416e-07
23.364142025775276,0.9999681398908086,2.7623333458121056e-10,3.1472008639395697e-05,3.87824320239418e-07
23.697915483286348,0.9999660104838064,3.0825929218104384e-10,3.30488958548731e-05,9.403120804885367e-07
24.031688940797423,0.9999635455648022,3.435741530087986e-10,3.496779243357494e-05,1.4862991911520405e-06
24.3654623983085,0.9999600775698304,3.843011134412082e-10,3.704311448493379e-05,2.878931385266893e-06
24.699235855819577,0.9999554458572776,4.3330142252778037e-10,4.00225476873549e-05,4.5311617345709834e-06
25.03300931333065,0.999953753748446,4.88891132233403e-10,4.3043508637989625e-05,3.2022540260467627e-06
25.366782770841727,0.9999540041208124,5.463925615175475e-10,4.4988314720762455e-05,1.0070180770304581e-06
25.7005562283528,0.9999528891667288,6.054007556038169e-10,4.671707999648904e-05,3.931478736345831e-07
26.03432968586388,0.9999504458462334,6.69075407600042e-10,4.867725357437729e-05,8.76231117117692e-07
26.368103143374952,0.9999470974745748,7.38637455590817e-10,5.120041154287496e-05,1.7013752455025737e-06
26.701876600886028,0.9999435164717404,8.160675388571161e-10,5.389742713294773e-05,2.585285060088094e-06
27.035650058397103,0.999937589927188,9.071816343648884e-10,5.73638267224528e-05,5.045338908292186e-06
27.369423515908174,0.9999332644053152,1.0134372696942827e-09,6.170848833357582e-05,5.026092914247965e-06
27.703196973419253,0.9999331436225404,1.1265602329692852e-09,6.480570788150436e-05,2.0495430192078817e-06
28.036970430930328,0.9999323542699572,1.24070184612467e-09,6.705459725072344e-05,5.898920909882875e-07
28.370743888441403,0.9999297915181836,1.3605688445191284e-09,6.947156312905595e-05,7.355581197990021e-07
28.70451734595248,0.9999256599728508,1.4905245397268024e-09,7.254997146912375e-05,1.7885651548871054e-06
29.038290803463557,0.9999212642716748,1.6316779819980835e-09,7.614399925225643e-05,2.5900973947234107e-06
29.372064260974632,0.9999150228373592,1.7928781415225021e-09,8.01039751312684e-05,4.8713946305334765e-06
29.705837718485707,0.9999077062770276,1.982959986066122e-09,8.562283235969022e-05,6.668907652844773e-06
30.039611175996782,0.9999055549875324,2.1918448786426446e-09,9.049213967548488e-05,3.950680946661922e-06
30.373384633507857,0.9999053560867084,2.402868217295293e-09,9.356945104878228e-05,1.0720593764450757e-06
30.707158091018933,0.9999028722374425,2.618305251411522e-09,9.65294771259455e-05,5.956671279234103e-07
31.040931548530008,0.9998981575354952,2.849257022897128e-09,0.0001001083471609,1.731268087365739e-06
31.374705006041083,0.9998924417001038,3.098052537669974e-09,0.0001047175079524,2.8376938910409887e-06
31.70847846355216,0.9998861734377392,3.373017286960269e-09,0.0001094868170478,4.336372196462898e-06
32.04225192106323,0.9998764901676848,3.693110942587435e-09,0.0001158103620909,7.695777113345653e-06
32.37602537857431,0.9998707374758844,4.0558477115078925e-09,0.0001228595959403,6.3988723278108e-06
32.70979883608538,0.999870332791173,4.4311087558875705e-09,0.0001274323639597,2.2304137589752094e-06
33.04357229359646,0.999868275029588,4.806773168240674e-09,0.0001310433260338,6.768376067817344e-07
33.37734575110753,0.9998634277056364,5.201246190492872e-09,0.0001351548286689,1.4122644496414298e-06
33.71111920861861,0.9998562619502483,5.624632139780038e-09,0.0001406548261392,3.0775989803924423e-06
34.044892666129684,0.9998491022362892,6.080359856292463e-09,0.0001467237746976,4.167908652925311e-06
34.37866612364076,0.9998387821473846,6.5974455995933084e-09,0.0001536469203298,7.564334839599194e-06
34.712439581151834,0.9998282858800704,7.1955828312176075e-09,0.0001627430544043,8.96386994130303e-06
35.04621303866291,0.9998258114915743,7.835680069962591e-09,0.000169770561695,4.410111050517247e-06
35.379986496173984,0.9998245872122415,8.473240017782371e-09,0.0001743354109131,1.068903605314542e-06
35.71375995368506,0.9998198781159644,9.124961526029071e-09,0.0001790814274744,1.0313315997612176e-06
36.047533411196135,0.9998116372253076,9.820319795093925e-09,0.0001852406209662,3.112333405883974e-06
36.38130686870721,0.9998026962001524,1.0561088097484384e-08,0.0001929143666292,4.3788721284690405e-06
36.715080326218285,0.9997924112400092,1.1376364779171543e-08,0.0002007480069295,6.829376695704812e-06
37.04885378372936,0.9997779747822908,1.2316825111159045e-08,0.0002112531910872,1.0759709798820612e-05
37.38262724124044,0.9997709427182764,1.3356053322936394e-08,0.0002215463993401,7.4975263298307165e-06
37.71640069875152,0.999769909845034,1.4407695804115016e-08,0.0002278446281581,2.231119112112658e-06
38.05017415626259,0.99976577064842,1.5458833034255428e-08,0.0002333436838697,8.702088787929365e-07
38.383947613773664,0.9997573203892738,1.6564769614193664e-08,0.0002400463570542,2.6166889035368143e-06
38.71772107128474,0.9997459279475324,1.7741766457006137e-08,0.0002491776635539,4.87664714904079e-06
39.05149452879581,0.9997349636371676,1.9002391989548953e-08,0.0002586843446181,6.333015822353226e-06
39.38526798630689,0.9997190242537192,2.042605575673745e-08,0.0002699912531838,1.0964067041485321e-05
39.71904144381797,0.9997052128530453,2.2040928940559796e-08,0.0002836231190838,1.114198694347399e-05
40.05281490132904,0.9997024683094172,2.372913408146612e-08,0.0002929792691602,4.528692286617788e-06
40.38658835884012,0.9996994126501604,2.5398963703702157e-08,0.000299498044758,1.0639061184905298e-06
40.72036181635119,0.9996912369676612,2.7114797956416452e-08,0.0003068163703146,1.9195472279853584e-06
41.054135273862265,0.9996779286899322,2.89380288231745e-08,0.0003169130605855,5.129311454702665e-06
41.387908731373344,0.9996647968826204,3.0863329145552235e-08,0.0003287688657105,6.40338834022075e-06
41.721682188884415,0.9996488109246848,3.297628237772677e-08,0.0003409784292367,1.0177669795966514e-05
42.05545564639549,0.999628893350711,3.5390341526428946e-08,0.0003570939492716,1.397730967609079e-05
42.389229103906565,0.9996208735766048,3.79994143852042e-08,0.0003709045357976,8.18388818329233e-06
42.72300256141765,0.9996186297405046,4.0599350017010656e-08,0.0003792409096605,2.088750484913469e-06
43.05677601892872,0.99961127734037,4.3206661720169116e-08,0.0003873293740873,1.3500788824228376e-06
43.390549476439794,0.9995974319363884,4.595538106790904e-08,0.0003979513628755,4.570745356437168e-06
43.72432293395087,0.9995805805212536,4.8856884751105064e-08,0.0004121562630196,7.21435884236809e-06
44.058096391461945,0.999564472545184,5.195612186813856e-08,0.000426259849255,9.215649440130589e-06
44.39186984897302,0.9995413004330664,5.5442872982015186e-08,0.0004436697942056,1.4974329855789802e-05
44.725643306484095,0.9995245266353208,5.9321081622401366e-08,0.0004625117578281,1.2902285770499081e-05
45.05941676399517,0.9995213114977952,6.329246593986375e-08,0.0004742889717535,4.336237985690423e-06
45.393190221506245,0.999515359737312,6.7214465470629e-08,0.000483389689493,1.1833587307153648e-06
45.72696367901733,0.9995019425237056,7.127311161093683e-08,0.0004944395040233,3.5466991593079425e-06
46.0607371365284,0.9994818483951806,7.5567858724992e-08,0.0005102367743837,7.839262577174355e-06
46.394510594039474,0.999463424682595,8.007456323915812e-08,0.000527476283681,9.018959161151632e-06
46.72828405155055,0.999439768180952,8.501061506170922e-08,0.0005457460218266,1.4400786606458363e-05
47.06205750906162,0.999414100592946,9.05858922742774e-08,0.000568771916143,1.7036905019679912e-05
47.395830966572696,0.9994054398256028,9.649192567793077e-08,0.0005860838736748,8.379808795830323e-06
47.729604424083774,0.999401070608108,1.0232461512495085e-07,0.0005969218274908,1.9052397859890882e-06
48.063377881594846,0.9993889477046654,1.0821528937198228e-07,0.0006085713176651,2.3727623808702386e-06
48.397151339105925,0.9993674324943354,1.1443209067878594e-07,0.0006249851592562,7.467914319438491e-06
48.730924796617,0.999344005952398,1.209407083996971e-07,0.0006458123604165,1.0060746476862843e-05
49.06469825412808,0.9993210095501092,1.2787963865456534e-07,0.0006659381294293,1.2924440824496376e-05
49.398471711639154,0.9992892342736622,1.3565488627400265e-07,0.0006913069714799,1.932309997136751e-05
49.73224516915023,0.9992703138784348,1.441438005028367e-07,0.0007155850599281,1.3956917836411034e-05
50.0660186266613,0.9992660505383026,1.5268991816032237e-07,0.0007299178103856,3.8789613949505336e-06
50.399792084172375,0.9992557973222144,1.6115326528302377e-07,0.0007424535300472,1.587994472820646e-06
50.733565541683454,0.999234735388663,1.699743497781347e-07,0.000758938485882,6.156151106682338e-06
51.067338999194526,0.9992061304497816,1.79261676626301e-07,0.0007825120898847,1.1178198657377099e-05
51.4011124567056,0.9991811394738922,1.8896708912141326e-07,0.000806395187548,1.2276371470774977e-05
51.73488591421668,0.9991477305840892,1.9958432579619605e-07,0.0008327679555164,1.930187606840435e-05
52.06865937172776,0.9991166538664216,2.114150920663252e-07,0.0008635957113135,1.9539007172769937e-05
52.402432829238826,0.999107596886858,2.23714501748572e-07,0.0008841880348421,7.99136379720185e-06
52.73620628674991,0.9990997780747451,2.358177636399045e-07,0.0008982262394394,1.7598680522267766e-06
53.069979744260976,0.9990806726109271,2.481584615882012e-07,0.0009148560459652,4.223184645780555e-06
53.403753201772055,0.999048859887298,2.611801057780959e-07,0.0009395072970363,1.1371635561412415e-05
53.737526659283134,0.9990178801617844,2.7471053142261065e-07,0.0009684788541143,1.3366273571140492e-05
54.071300116794205,0.9989857896017548,2.891118409178349e-07,0.0009964021145171,1.7519171885830655e-05
54.40507357430528,0.9989446131451108,3.051607067272234e-07,0.0010314615545975,2.3620139585145892e-05
54.73884703181636,0.998924609372453,3.223844137577454e-07,0.0010608999416146,1.4168301519726064e-05
55.07262048932744,0.9989182004833,3.395152325591563e-07,0.0010781356184553,3.3243830116288828e-06
55.406393946838506,0.9989017400468784,3.565937866971475e-07,0.0010952843565642,2.619002770981389e-06
55.74016740434959,0.9988699012385656,3.745001796879902e-07,0.0011196465385767,1.0077722678414864e-05
56.073940861860656,0.99883128702124,3.93231335715463e-07,0.0011531705839318,1.5149163492625937e-05
56.407714319371735,0.9987980983751422,4.12743454431983e-07,0.0011850916411879,1.6397240214900575e-05
56.741487776882806,0.9987530506213116,4.340723283634334e-07,0.0012218218094475,2.4693496913487675e-05
57.075261234393885,0.998717581545648,4.574967089631138e-07,0.001260684882962,2.1276074680451108e-05
57.40903469190496,0.9987079533481212,4.814350591763686e-07,0.0012843439932468,7.221223573732798e-06
57.74280814941604,0.9986948881514486,5.050075242786655e-07,0.001302589104347,2.017736680477874e-06
58.07658160692711,0.9986657819738664,5.292947061056424e-07,0.0013262751207206,7.4136107068870884e-06
58.410355064438185,0.998620996189304,5.548767357286382e-07,0.0013620681704529,1.638076350644906e-05
58.744128521949264,0.9985816302521364,5.812945634588813e-07,0.0014005504162741,1.7238037025688057e-05
59.077901979460336,0.99853785244118,6.093839197731673e-07,0.0014384409732144,2.309720168629869e-05
59.41167543697141,0.9984874761339292,6.40450139974659e-07,0.0014844239240059,2.7459491924497653e-05
59.745448894482486,0.9984673340734476,6.732453748164492e-07,0.001518350256902,1.3642424275217495e-05
60.079222351993565,0.9984571482873276,7.056363154867058e-07,0.0015391902178168,2.9558585413384293e-06
60.41299580950464,0.9984318745701656,7.382469445991187e-07,0.0015626090453533,4.778137535879125e-06
60.74676926701572,0.9983856560277208,7.725823293819936e-07,0.0015980633512202,1.550803873026634e-05
61.08054272452679,0.998335898978064,8.08225766390064e-07,0.0016435597910419,1.9733005128082958e-05
61.414316182037865,0.9982925510527596,8.452519299914542e-07,0.0016851130946204,2.149060069088199e-05
61.74808963954894,0.9982344766326188,8.856685867488236e-07,0.0017344068270469,3.023087175090309e-05
62.081863097060015,0.9981962326913072,9.294203128373984e-07,0.0017807615081829,2.207638019888195e-05
62.41563655457109,0.998185210342312,9.73506725113282e-07,0.0018075190487556,6.297102206718683e-06
62.749410012082166,0.9981645451579187,1.017117639440673e-06,0.0018313766282056,3.0610962357218984e-06
63.08318346959324,0.998121452972744,1.062496641544826e-06,0.0018650869471659,1.2397583446863354e-05
63.41695692710432,0.9980614217227828,1.1101123090217044e-06,0.0019150961643812,2.237200052652568e-05
63.75073038461539,0.9980127765295396,1.1590306031803217e-06,0.0019642801811371,2.178425872123114e-05
64.08450384212647,0.9979546199962172,1.2110283541246537e-06,0.0020146341973287,2.9534778100446588e-05
64.41827729963754,0.997896385528814,1.2680022847372816e-06,0.0020719405272873,3.040594161479082e-05
64.75205075714862,0.9978765547943834,1.3271897177651008e-06,0.0021095368295787,1.2581186320706873e-05
65.0858242146597,0.9978604479319924,1.385501313256172e-06,0.0021351115149286,3.055051766373878e-06
65.41959767217077,0.9978227219147472,1.4449037218683902e-06,0.0021672190491733,8.614132357482593e-06
65.75337112968184,0.9977582953567586,1.5075824578540449e-06,0.0022176737749935,2.2523285790989396e-05
66.08714458719292,0.99769683538727,1.5721392335224674e-06,0.002276713331353,2.4879142143708893e-05
66.420918044704,0.9976408920206772,1.6390520325469052e-06,0.0023298466942372,2.7622233051754392e-05
66.75469150221507,0.9975693966592636,1.711877529699488e-06,0.0023934094436517,3.54820195565649e-05
67.08846495972614,0.9975302922924488,1.7896086396617897e-06,0.0024460225138742,2.1895585036485222e-05
67.42223841723722,0.9975161796263484,1.8671525480259011e-06,0.0024764032425663,5.549978538274074e-06
67.7560118747483,0.9974848345021212,1.944491748786368e-06,0.0025078197284347,5.40127769508602e-06
68.08978533225937,0.9974228069707765,2.025633367464156e-06,0.0025555862355654,1.9581160288665903e-05
68.42355878977044,0.9973461765370056,2.110270796554574e-06,0.0026225937984925,2.9119393707182277e-05
68.75733224728152,0.9972870270426892,2.196804005900796e-06,0.0026835947713318,2.7181381973240126e-05
69.0911057047926,0.9972121987392571,2.2887869535311824e-06,0.0027489879728679,3.652450092180968e-05
69.42487916230367,0.9971485754836842,2.3885429567827068e-06,0.0028169018475824,3.2134125777679404e-05
69.75865261981475,0.9971285572680804,2.4906452860435566e-06,0.0028576326753929,1.1319411242321116e-05
70.09242607732583,0.997103721618113,2.591393791563164e-06,0.0028896071151565,4.079872939706253e-06
70.4261995348369,0.9970487434649286,2.695296683720196e-06,0.0029338405294769,1.4720708911467822e-05
70.75997299234797,0.9969626012220536,2.8048977165925243e-06,0.0030035381385934,3.1055741638491234e-05
71.09374644985905,0.9968894236095692,2.9169434058020544e-06,0.0030770784711643,3.0580975859912675e-05
71.42751990737013,0.9968180689391754,3.032930535485512e-06,0.0031441384216839,3.4759708606284575e-05
71.7612933648812,0.9967341185619806,3.158564135157572e-06,0.0032227052805462,4.001759333823183e-05
72.09506682239227,0.9966958258376182,3.290805418227409e-06,0.0032799799588607,2.0903398102646876e-05
72.42884027990335,0.9966759811734548,3.4219549486302387e-06,0.0033151733159706,5.423555625104342e-06
72.76261373741443,0.9966298671959518,3.5542253022186923e-06,0.0033568688577113,9.709721034947062e-06
73.0963871949255,0.9965434618288098,3.693844124448541e-06,0.0034236762217214,2.9168105346389746e-05
73.43016065243657,0.9964500213587384,3.838388207404117e-06,0.0035097458304051,3.6394422649815324e-05
73.76393410994766,0.9963785212168074,3.985485110015102e-06,0.0035838399362076,3.3653361874341674e-05
74.09770756745873,0.9962858045798532,4.141794292384798e-06,0.0036664570684024,4.359655745097401e-05
74.4314810249698,0.9962199132141742,4.309512130876046e-06,0.0037431745701373,3.260270355716341e-05
74.76525448248088,0.996198048903678,4.47906723736454e-06,0.0037871710427961,1.0300986289068394e-05
75.09902793999196,0.9961608869867196,4.647283945315639e-06,0.0038278274557032,6.638273632342003e-06
75.43280139750303,0.996082625445599,4.82278433330585e-06,0.003888898675764,2.3653094305074294e-05
75.7665748550141,0.995972282164056,5.007333485846478e-06,0.0039818226117834,4.0887890675591966e-05
76.10034831252518,0.9958876668808576,5.194667054101243e-06,0.0040702339604343,3.6904491654091304e-05
76.43412177003626,0.9957980154816354,5.388522598216703e-06,0.0041538513273699,4.274466839700292e-05
76.76789522754733,0.9957041395159264,5.597187579558735e-06,0.0042468035129645,4.345978352934229e-05
77.1016686850584,0.9956673885104488,5.813856525373663e-06,0.0043073006335829,1.949699944331575e-05
77.43544214256949,0.9956382834007106,6.028306404526988e-06,0.0043492428314635,6.44546141998803e-06
77.76921560008056,0.9955719555781476,6.247405224064041e-06,0.0044050328646151,1.676415201356471e-05
78.10298905759163,0.9954558739839128,6.479488833542083e-06,0.0044965157552116,4.113077204300477e-05
78.4367625151027,0.9953467193293438,6.7177837553367065e-06,0.0046025312735628,4.403161333646702e-05
78.77053597261379,0.9952604966643932,6.959317317613297e-06,0.0046912473153078,4.12967029817903e-05
79.10430943012486,0.995150160376322,7.215653505629071e-06,0.0047924476038951,5.017636627714215e-05
79.43808288763593,0.995084962945092,7.487684018635332e-06,0.0048754857450335,3.2063625856562906e-05
79.771856345147,0.9950584216782774,7.760249972028523e-06,0.0049237706049593,1.0047466789656028e-05
80.10562980265809,0.9950043104671792,8.033100638130925e-06,0.0049761755302057,1.1480901975261252e-05
80.43940326016916,0.9948957437716768,8.320591836490213e-06,0.0050601281336905,3.58075027973737e-05
80.77317671768023,0.994760535712068,8.621147054516778e-06,0.0051792013812093,5.164175966843199e-05
81.10695017519132,0.99466453576151,8.924129575456648e-06,0.005282553661513,4.398644740231082e-05
81.44072363270239,0.9945542139663036,9.237700913717388e-06,0.0053852844641055,5.1263868676118695e-05
81.77449709021346,0.9944543240116364,9.572821058163604e-06,0.0054905131503717,4.559001693189912e-05
82.10827054772453,0.9944183366721396,9.91646336159393e-06,0.0055534951971953,1.8251667303589178e-05
82.44204400523562,0.9943755508953236,1.0257178055368764e-05,0.0056049393469525,9.252579668193825e-06
82.77581746274669,0.9942819518564986,1.0609972021550438e-05,0.0056800656957164,2.7372475763118864e-05
83.10959092025776,0.9941321710594724,1.0983889859888026e-05,0.0058017207166167,5.512433405126615e-05
83.44336437776883,0.9940094193271358,1.136454100453394e-05,0.0059272326180734,5.1983513786566596e-05
83.77713783527992,0.9939053765837484,1.1749259556023158e-05,0.0060326999619288,5.01741947663872e-05
84.11091129279099,0.9937798958567629,1.2156597958509886e-05,0.0061521967598147,5.575078546404271e-05
84.44468475030206,0.9937174156680052,1.2583957535697123e-05,0.0062389983622103,3.1002012248643925e-05
84.77845820781313,0.9936821615382964,1.3009895467202422e-05,0.0062936522707627,1.1176295474175969e-05
85.11223166532422,0.9936051283720851,1.344132712705268e-05,0.0063619380626016,1.949223818724166e-05
85.44600512283529,0.9934588836373482,1.389935170161468e-05,0.0064758570169058,5.1359994043673676e-05
85.77977858034636,0.9933003018299734,1.437442294005131e-05,0.0066223910263408,6.293272074635218e-05
86.11355203785745,0.9931924455276716,1.4850195353733692e-05,0.0067406496780096,5.205459896545092e-05
86.44732549536852,0.9930603670657596,1.5342592797118684e-05,0.0068643857394491,5.9904601994343346e-05
86.78109895287959,0.9929591163641018,1.58648252091522e-05,0.0069785458678792,4.647294281074776e-05
87.11487241039066,0.9929210262746956,1.639475279669936e-05,0.0070446177693117,1.7961203195855107e-05
87.44864586790175,0.99285937436196,1.692308139228005e-05,0.0071090424283811,1.4660128266744143e-05
87.78241932541282,0.9927299033973636,1.7477081553265374e-05,0.0072103762749218,4.224324616131107e-05
88.11619278292389,0.9925445987228506,1.80627661181589e-05,0.0073666906447074,7.064786632448214e-05
88.44996624043496,0.9924108295958318,1.8653707162782727e-05,0.0075100857697194,6.04309272871102e-05
88.78373969794605,0.9922860195891104,1.9249984408343013e-05,0.0076346138431627,6.011658331721338e-05
89.11751315545712,0.9921496196346612,1.987927926341159e-05,0.0077704115885901,6.008949748587227e-05
89.45128661296819,0.992090369411004,2.0531939930663918e-05,0.0078589686310233,3.0130018043089434e-05
89.78506007047926,0.9920410389929794,2.1181318899741588e-05,0.0079233016307116,1.4478057408993696e-05
90.11883352799036,0.991933430874516,2.1847979398357505e-05,0.0080130391214054,3.1682024680636786e-05
90.45260698550142,0.9917429031628856,2.255903639948005e-05,0.0081643050223591,7.0232778358434e-05
90.78638044301248,0.9915651978444426,2.3289876939431743e-05,0.0083371481907114,7.436408790713171e-05
91.12015390052358,0.991443639662866,2.401761121904369e-05,0.0084709483551382,6.139437077697488e-05
91.45392735803463,0.9912908739773948,2.4770418377681832e-05,0.0086161371753567,6.821842886887652e-05
91.78770081554572,0.9911925302664812,2.5562400765307025e-05,0.0087353322130556,4.6575119696767574e-05
92.1214742730568,0.9911474821221528,2.6359802980251823e-05,0.0088066880296299,1.947004523744604e-05
92.45524773056788,0.9910606613874658,2.716204174532153e-05,0.0088885014664999,2.367510428842906e-05
92.78902118807896,0.9908857583029635,2.801246242769574e-05,0.0090244146201787,6.181461443070029e-05
93.12279464559002,0.9906664343753584,2.8906665613270763e-05,0.0092176072910077,8.705166802057461e-05
93.45656810310108,0.9905239406423616,2.9800599613391605e-05,0.0093766249945998,6.963376342594501e-05
93.79034156061218,0.9903760879617284,3.0701986041364624e-05,0.0095224178075719,7.079224465842085e-05
94.12411501812323,0.990234415228706,3.164956480740832e-05,0.0096707033869862,6.323181950175373e-05
94.45788847563432,0.9901763209927682,3.262184075766471e-05,0.0097606806929732,3.0376473501680446e-05
94.7916619331454,0.9901068115725548,3.3591061895091656e-05,0.0098387855045971,2.0811860953232824e-05
95.12543539065648,0.9899592158767806,3.460003921305343e-05,0.0099572385534174,4.894553059011652e-05
95.45920884816756,0.989720127403384,3.567758552745159e-05,0.0101523113950356,9.18836160540005e-05
95.79298230567862,0.989529281691076,3.677432256864e-05,0.0103481857479028,8.575823845182223e-05
96.12675576318968,0.9893913432544148,3.786145342137809e-05,0.0104986452053438,7.215008682001345e-05
96.46052922070078,0.989221331573634,3.8985019457033166e-05,0.0106638988394386,7.578456747140544e-05
96.79430267821184,0.9891284277396912,4.015693596016539e-05,0.0107846898942346,4.6725430114483374e-05
97.12807613572292,0.9890702612299616,4.1331081575095984e-05,0.0108648319690715,2.3575719390000085e-05
97.461849593234,0.9889501926211562,4.252645235363416e-05,0.0109698647785126,3.741614797691465e-05
97.79562305074508,0.9887205846180844,4.3804366708914925e-05,0.0111495700708989,8.604094430774247e-05
98.12939650825616,0.988472473711223,4.51377795390246e-05,0.0113786518332651,0.00010373667597463544
98.46316996576722,0.98832252244597,4.6458796057208e-05,0.0115511027028629,7.991605510872563e-05
98.79694342327832,0.9881509736436482,4.779063410548207e-05,0.0117194722786246,8.17634436222277e-05
99.13071688078938,0.9880099409140636,4.918428795016056e-05,0.0118752396677014,6.563513028500853e-05
99.46449033830044,0.9879483602855113,5.060145230023056e-05,0.0119683134627627,3.2724799426324265e-05
99.79826379581152,0.9878517036173184,5.202197322700552e-05,0.0120651079559244,3.1166453529526555e-05
100.1320372533226,0.9876528321101492,5.3520569654405545e-05,0.0122215586794317,7.208864076287775e-05
100.46581071083368,0.9873649544061835,5.511744481380029e-05,0.0124644400785617,0.0001154880704401382
100.79958416834477,0.9871678515445635,5.672599166500879e-05,0.0126781734845837,9.724897918940643e-05
101.13335762585582,0.9870104142824994,5.831510876151191e-05,0.0128468672942589,8.440331447992123e-05
101.46713108336692,0.9868290917534938,5.9955678255115135e-05,0.0130285256818282,8.242688642251948e-05
101.80090454087798,0.9867412011945628,6.16518128287802e-05,0.01314905855983,4.808843277753754e-05
102.13467799838904,0.9866623759509032,6.334810337940544e-05,0.013242989970524,3.1285975195182015e-05
102.46845145590014,0.9864990576289348,6.509861594864618e-05,0.0133786939277076,5.714982740888806e-05
102.8022249134112,0.986207684488238,6.698022439458891e-05,0.0136108336533049,0.00011450163406225654
103.13599837092228,0.9859396230934392,6.89251849103767e-05,0.0138711100060092,0.0001203417156429832
103.46977182843337,0.985781875370254,7.083658627078204e-05,0.0140555819564748,9.170608699958323e-05
103.80354528594444,0.985588511918382,7.276393308570677e-05,0.0142460003621688,9.272378636282142e-05
104.13731874345552,0.9854528847945716,7.476985779201369e-05,0.0144041727434932,6.817260414304136e-05
104.47109220096658,0.9853806933569338,7.679586453857091e-05,0.0145042340334783,3.827674505041393e-05
104.80486565847764,0.9852485594810444,7.884472230429893e-05,0.0146258138792871,4.678191736346137e-05
105.13863911598874,0.9849864343455016,8.103157630913136e-05,0.01483091506938,0.00010161900880991694
105.4724125734998,0.9846549873546684,8.334958485474637e-05,0.0151216132823186,0.0001400497781565188
105.80618603101088,0.9844578154548044,8.5659455713689e-05,0.0153471893178027,0.00010933577167775038
106.13995948852197,0.9842780677478504,8.793609794666554e-05,0.0155358679619211,9.81281922817192e-05
106.47373294603304,0.9840928111768382,9.028352126841994e-05,0.0157283897173152,8.851558457817616e-05
106.80750640354412,0.9840058890597893,9.269013654391017e-05,0.0158493121150634,5.210868860380333e-05
107.14127986105518,0.9838982870635712,9.510084708373492e-05,0.0159628765038255,4.373558551843556e-05
107.47505331856628,0.9836796347725432,9.762388044221682e-05,0.0161387037934453,8.403755356883844e-05
107.80882677607734,0.9833233007230358,0.0001003413458634,0.0164298766293848,0.0001464813017162542
108.1426002335884,0.9830468685658028,0.0001031201608884,0.0167131688403912,0.00013684243291598353
108.47637369109948,0.982879230854624,0.0001058328228995,0.0169094232816346,0.0001055130408411452
108.81014714861055,0.9826684022539012,0.000108569375008,0.0171192611913686,0.00010376717971865836
109.14392060612164,0.98254023406426,0.0001114001796642,0.0172760828027548,7.228295331994584e-05
109.47769406363273,0.982448504771679,0.0001142469158376,0.0173888867924538,4.836152002883943e-05
109.81146752114378,0.9822711059103404,0.0001171590824635,0.0175425584193537,6.91765878434635e-05
110.14524097865488,0.9819347739762048,0.0001202959681322,0.0178072747022936,0.00013765535336930797
110.47901443616594,0.9815709351062076,0.0001235957145025,0.0181406756832762,0.0001647934960128213
110.812787893677,0.9813777943494716,0.0001268489257655,0.0183724524497931,0.0001229042749702214
111.14656135118808,0.9811748519423776,0.000130051072674,0.0185818455119927,0.00011325147295504086
111.48033480869915,0.980992781323654,0.0001333472410277,0.0187788419500845,9.502948523416424e-05
111.81410826621024,0.980899256933868,0.0001367016959731,0.0189037656613399,6.027570881820825e-05
112.14788172372133,0.9807541919511628,0.0001400791760108,0.0190434789908982,6.224988192799124e-05
112.4816551812324,0.9804665885494348,0.0001436622161028,0.0192708082920486,0.00011894094241363511
112.81542863874348,0.9800484096345718,0.0001475157326535,0.019623145902628,0.00018092873014672852
113.14920209625454,0.979776299172201,0.0001514097866333,0.0199188415181063,0.0001534495230594707
113.4829755537656,0.979595419584256,0.0001551909490438,0.0201277439771038,0.00012164548959499172
113.8167490112767,0.9793740107416904,0.0001590083275837,0.0203518835778571,0.00011509735286875867
114.15052246878776,0.9792513010385852,0.0001629321060742,0.0205063469841653,7.941987117560664e-05
114.48429592629884,0.9791302344982188,0.0001668714631076,0.0206388959147314,6.399812394399391e-05
114.81806938380991,0.9788957057394504,0.0001709550862955,0.0208337240961248,9.961507812808798e-05
115.151842841321,0.978477877427148,0.000175380107737,0.0211673930339752,0.0001793494311392645
115.48561629883208,0.97809807667812,0.0001799908737527,0.0215329331204765,0.00018899932765166055
115.81938975634314,0.9779100724937422,0.0001844912808801,0.0217668115409168,0.0001386246844610851
116.1531632138542,0.9776858477103336,0.0001889201919211,0.0219957884477326,0.00012944365001316596
116.4869366713653,0.977511733593332,0.0001934683735005,0.0221916006088027,0.00010319742436479539
116.82071012887636,0.9774013055664196,0.0001980696595163,0.0223269050149759,7.371975908696045e-05
117.15448358638744,0.9772092665173872,0.0002027413897276,0.0224999786428153,8.801345007074749e-05
117.48825704389851,0.9768389993535038,0.0002077573971487,0.0227912762151176,0.0001619670342306135
117.8220305014096,0.9763697774156924,0.0002131272598069,0.0232005896079898,0.00021650571651084336
118.15580395892069,0.9761136072338482,0.000218486801809,0.0234972955067019,0.00017061045764169632
118.48957741643174,0.9759160058315542,0.0002236702747512,0.0237201008524327,0.0001402230412623826
118.82335087394284,0.975692078869871,0.0002289078379356,0.0239516849200872,0.00012732837210506867
119.1571243314539,0.9755681253294274,0.0002342583196308,0.0241064359828874,9.118036805408121e-05
119.49089778896496,0.9754078921090604,0.0002396375177361,0.0242662061465757,8.626422662674771e-05
119.82467124647604,0.9751021593986496,0.0002452919366627,0.0245132402041135,0.00013930846057386118
120.15844470398712,0.9746022343814796,0.0002514341758572,0.0249209896486823,0.00022534179398043456
120.4922181614982,0.974226205195558,0.0002577638610785,0.025303367709047,0.0002126632343161269
120.82599161900929,0.974041350362535,0.000263886311585,0.0255374117184566,0.00015735160742255357
121.15976507652034,0.9738008251328896,0.0002699176336486,0.0257823476612466,0.00014690957221529167
121.49353853403144,0.9736351587207492,0.0002760922672562,0.0259738168244032,0.00011493218759320035
121.8273119915425,0.9734961067130669,0.0002823138107921,0.0261277737135405,9.380576259878524e-05
122.16108544905356,0.9732462275379457,0.0002886998705311,0.0263424443778148,0.00012262821370708654
122.49485890656464,0.9727818966100152,0.0002956228350306,0.0267095214903184,0.00021295906463628488
122.82863236407572,0.9722805636188434,0.0003029804339225,0.0271641417152869,0.00025231423194678395
123.1624058215868,0.972048589119496,0.0003102343111803,0.0274516439559275,0.00018953261339685118
123.49617927909787,0.9718321456773305,0.0003172320890163,0.0276889328355615,0.0001616893980929363
123.82995273660896,0.971612883212543,0.0003243074797357,0.0279208664399306,0.00014194286779072244
124.16372619412004,0.971476681399954,0.0003314950966833,0.0280823489929799,0.00010947451038365918
124.4974996516311,0.9712677712446012,0.0003387543885428,0.0282768142044724,0.00011666016238277171
124.83127310914216,0.9708753249061978,0.0003464889210245,0.0285888268126463,0.00018935936013135144
125.16504656665326,0.9703020139563004,0.0003548830582516,0.0290689147950228,0.00027418819042582634
125.49882002416432,0.9699499746788312,0.0003634276173113,0.0294500352911905,0.00023656241266606636
125.8325934816754,0.969763942615436,0.0003716278298978,0.0296844801888023,0.00017994936586330598
126.16636693918647,0.9695144119294284,0.0003797226393066,0.029939418737975,0.00016644669329001153
126.50014039669756,0.9693521884143568,0.0003879795109563,0.0301274627839315,0.00013236929075592836
126.83391385420865,0.9691728344795868,0.0003962852410678,0.0303090666785503,0.00012181360079605466
127.1676873117197,0.968852356017158,0.0004049190135361,0.0305751281762885,0.0001675967930176031
127.50146076923076,0.9682881171161576,0.0004143402203536,0.0310264959210148,0.0002710467424730065
127.83523422674186,0.9677806350181588,0.0004242582276666,0.0315074506043152,0.0002876561498598827
128.16900768425293,0.9675760356624058,0.0004339226643036,0.0317785133533877,0.0002115283199024371
128.50278114176402,0.9673412966254752,0.000443237176967,0.0320291386728207,0.00018632752473780566
128.83655459927508,0.9671304888790732,0.0004526573424273,0.03225620191948,0.00016065185901794992
129.17032805678616,0.9669682369051028,0.0004621818704924,0.0324338977713862,0.00013568345301798304
129.50410151429725,0.9667008810788432,0.0004718742532079,0.0326706882493637,0.00015655641858682633
129.8378749718083,0.9662068496140328,0.0004823263568843,0.03306094571525,0.00024987831383282744
130.1716484293194,0.9655792984709384,0.0004936255481967,0.0336027947171992,0.00032428126366444384
130.50542188683045,0.9652685743656068,0.0005049771668546,0.0339646619639719,0.00026178650356491407
130.83919534434153,0.9650758678407116,0.0005158034786555,0.0342012945534015,0.0002070341272315024
131.17296880185262,0.9648248730348316,0.0005265196021149,0.0344592250224139,0.00018938234063888554
131.50674225936368,0.9646552312274652,0.0005374068958547,0.0346497651625751,0.00015759671410365167
131.84051571687476,0.9644248491023064,0.0005483704208145,0.0348677198558958,0.00015906062098478764
132.17428917438585,0.964018747054308,0.000559921143644,0.0351969938885787,0.000224337913469
132.5080626318969,0.9633576390904302,0.00057256505079,0.035734828741968,0.0003349671168129
132.841836089408,0.9628738406730496,0.0005857269886924,0.036217709515116,0.00032272282314040003
133.17560954691905,0.9626939296555732,0.0005984133552213,0.0364692779530651,0.0002383790361409
133.50938300443013,0.9624443068592626,0.0006106497727505,0.0367299890751596,0.00021505429282667432
133.84315646194122,0.9622397870839264,0.0006230215355846,0.036951143205248,0.00018604817524230587
134.17692991945228,0.9620368409977516,0.0006354876361199,0.0371561828309243,0.00017148853520516303
134.51070337696336,0.961700831253836,0.0006483016054228,0.0374430752508549,0.00020779188988531222
134.84447683447445,0.9610940608340448,0.0006622549256753,0.0379232138831658,0.0003204703571135
135.1782502919855,0.960442087836304,0.0006772413096722,0.038506046972096,0.0003746238819296
135.5120237494966,0.9601849582103728,0.0006920954757786,0.0388332124620823,0.00028973385176489996
135.84579720700768,0.9599813410199054,0.0007062020375343,0.0390735335708359,0.0002389233717235
136.17957066451874,0.9597348497469534,0.0007202056642939,0.0393278386144573,0.00021710597429548933
136.51334412202982,0.9595430419256914,0.0007343765476842,0.0395308503047462,0.00019173122187773943
136.84711757954088,0.9592531057883203,0.0007487030977301,0.0397922755589721,0.00020591555497671875
137.18089103705196,0.9587457835624346,0.0007639976310636,0.0401975152236362,0.00029270358286579996
137.51466449456305,0.9580036954949788,0.0007807358720554,0.0408138139632955,0.0004017546696702
137.8484379520741,0.9575737510063668,0.0007979440096531,0.0412712498533481,0.0003570551306324
138.1822114095852,0.957411780375076,0.0008143666824558,0.0415037718567176,0.00027008108575
138.51598486709628,0.9571535587309956,0.0008302452813174,0.0417688641391171,0.00024733184856935144
138.84975832460734,0.9569468395888489,0.0008462849497341,0.0419880713982671,0.00021880406315038774
139.18353178211842,0.9566908679501862,0.0008624210867879,0.0422305618063261,0.00021614915670002173
139.5173052396295,0.9562741205440934,0.0008792036728581,0.042576426681197,0.0002702491018514
139.85107869714057,0.955552261898634,0.0008976045931088,0.0431520892571132,0.0003980442511429
140.18485215465165,0.9549133773792052,0.0009171952441875,0.0437459276715092,0.00042349970509719995
140.5186256121627,0.9547144317798768,0.0009363553961807,0.0440281419256992,0.00032107089824340003
140.8523990696738,0.9544977381521206,0.0009545136394771,0.0442722926067232,0.0002754556016787
141.18617252718488,0.9542568001560172,0.00097258824224,0.0445194160236404,0.0002511955781020443
141.51994598469594,0.9540259570889426,0.0009908133558193,0.0447474902703565,0.00023573928488046706
141.85371944220702,0.9536690238794416,0.0010093619446351,0.0450581674627483,0.00026344671317598195
142.1874928997181,0.9530460305755164,0.0010294005870962,0.0455516792058369,0.0003728896315487
142.52126635722917,0.9522525697223864,0.001051260398792,0.0462262941944311,0.00046987568439099995
142.85503981474025,0.9519014000789264,0.0010734373184886,0.0466321671196163,0.000392995482969
143.1888132722513,0.951747962207497,0.0010944221561506,0.0468487797692918,0.0003088358670596
143.5225867297624,0.9514873725091204,0.0011147885001252,0.0471118684870104,0.0002859705037438786
143.85636018727348,0.9512634028715684,0.0011353290766274,0.0473386923562015,0.00026257569560210166
144.19013364478454,0.9509452322724148,0.0011560077910618,0.047626448159217,0.00027231177730545564
144.52390710229562,0.9504338145401706,0.0011777870134204,0.0480414828003064,0.00034691564610330003
144.8576805598067,0.9496066588388016,0.0012017564955309,0.0487091002138108,0.000482484451857
145.19145401731777,0.9490220551424444,0.0012270043928416,0.0492777708095345,0.0004731696551777
145.52522747482885,0.9488776512101108,0.0012513833837132,0.049511262009485,0.0003597033966917
145.85900093233994,0.9486485275116574,0.0012744911635715,0.049757306860858,0.0003196744639131382
146.192774389851,0.948407378586223,0.0012975437020613,0.0499990562410772,0.0002960214706375759
146.52654784736208,0.9481218775058122,0.0013207249455776,0.0502649285307261,0.0002924690178851998
146.86032130487314,0.9476905306726572,0.0013445313341206,0.0506301558863208,0.00033478210689969997
147.19409476238422,0.9469428054823436,0.0013705002074296,0.0512209744814933,0.0004657198287334
147.5278682198953,0.9461404810736728,0.0013986673417911,0.051921701699067,0.0005391498854672
147.86164167740637,0.9458837499172038,0.0014268511780049,0.052255644196319,0.0004337547084726
148.19541513491745,0.9457295466275676,0.0014533465638248,0.0524607219553693,0.0003563848532404
148.52918859242854,0.9454698867719782,0.0014791804854139,0.0527174011559719,0.00033353158663534607
148.8629620499396,0.945209675706596,0.0015051801485609,0.0529659131206088,0.0003192310242340532
149.19673550745068,0.9448239297348864,0.0015314396340809,0.0533037271196079,0.00034090351142514094
149.53050896496177,0.9442032796324228,0.0015594427025475,0.0537991521647032,0.0004381255003272
149.86428242247283,0.943295956021811,0.0015902831583185,0.0545425458068164,0.0005712150130535
150.1980558799839,0.942805058895081,0.0016223750129121,0.0550487674188613,0.0005237986731458
150.53182933749497,0.9427042657375894,0.0016529976374791,0.055236408425516,0.0004063281994163
150.86560279500603,0.9424653827961018,0.0016820892080342,0.0554810068388682,0.0003715211569970873
151.19937625251714,0.9422107836826636,0.0017111555921576,0.0557258527367519,0.00035220798842658597
151.5331497100282,0.9418593562944644,0.001740345051707,0.0560396047557138,0.0003606938981152198
151.86692316753928,0.9413447923175776,0.0017706450816495,0.0564651615990996,0.000419401001673
152.20069662505037,0.9404738486712824,0.0018039283330083,0.0571546892597258,0.0005675337359838
152.53447008256143,0.9397140280741222,0.0018397475446977,0.0578390399690724,0.0006071844121079
152.8682435400725,0.9395557109630056,0.001875083101824,0.0580893471268566,0.0004798588083129
153.20201699758357,0.9393936123892064,0.001908170863138,0.0582865653364345,0.00041165141122130003
153.53579045509466,0.9391322192718085,0.0019405909856014,0.0585367532226139,0.0003904365199758464
153.86956391260574,0.9388166725788784,0.001973143316684,0.0588223238633866,0.0003878602410504372
154.2033373701168,0.9383608712402888,0.0020062089196314,0.0592118337110398,0.00042108612903730004
154.53711082762788,0.9376187452800696,0.0020418720924045,0.0597974036407897,0.0005419789867348
154.87088428513897,0.9366725941350136,0.0020810649642988,0.0605852714165265,0.0006610694841607
155.20465774265003,0.9363070745930768,0.0021213121732193,0.0609956331859125,0.0005759800477928
155.5384312001611,0.9362342239148032,0.0021593175209109,0.0611448013482743,0.0004616572160103
155.8722046576722,0.9359880489271406,0.0021955721184701,0.0613844149125446,0.0004319640418431073
156.20597811518326,0.935700685940118,0.0022318187818857,0.0616464983487538,0.00042099692924187147
156.53975157269434,0.9352783987562104,0.0022682378151048,0.0620129913326783,0.00044037209600696547
156.8735250302054,0.9346697845483118,0.0023064814447995,0.0625054825103689,0.0005182514965185
157.20729848771649,0.9336927189293456,0.0023486635072632,0.0632827898134777,0.0006758277499128
157.54107194522757,0.93302909597046,0.0023936279608912,0.0639024165521241,0.0006748595165235001
157.87484540273863,0.9329612661007768,0.0024373547976241,0.0640671727788654,0.0005342063227329
158.20861886024971,0.9327870427513756,0.0024782538137614,0.0642583664219145,0.0004763370129482
158.5423923177608,0.9325134019535948,0.0025185123802795,0.0645082678295588,0.0004598178365672045
158.87616577527186,0.9321276702972616,0.0025588556228664,0.0648437676537387,0.0004697064261330557
159.20993923278294,0.9316002940368076,0.002600158005654,0.065284723699255,0.0005148242582815
159.543712690294,0.93073132047353,0.0026451272395487,0.0659652464031728,0.0006583058837473
159.8774861478051,0.929801851746738,0.0026943202297615,0.0667520778200352,0.0007517502034648999
160.21125960531617,0.9295801883143427,0.002744137179968,0.0670425341521845,0.0006331403535047
160.54503306282723,0.9295183155737452,0.0027907789657839,0.0671628241436805,0.0005280813167894
160.87880652033832,0.929263946088661,0.0028355211386241,0.0673965624452199,0.0005039703274952727
161.2125799778494,0.9289220270560352,0.0028802425203823,0.0676933198129253,0.0005044106106562695
161.54635343536046,0.9284303922844476,0.0029252974270637,0.0681115776527926,0.0005327326356958
161.88012689287154,0.9277159922970504,0.0029731499236214,0.0686782267890034,0.0006326309903235
162.21390035038263,0.9266686202573208,0.0030260043384558,0.0695168834310333,0.0007884919731922
162.5476738078937,0.9261495584732408,0.0030817302075485,0.0700246244562256,0.0007440868629839999
162.88144726540477,0.926154234053552,0.0031351753785994,0.0701115340495222,0.0005990565183269
163.21522072291583,0.9259656260229544,0.0031852451703996,0.0702974156150861,0.0005517131915597
163.54899418042692,0.9256615811395856,0.0032347193721598,0.0705602918105508,0.0005434076777031005
163.882767637938,0.9251987785082209,0.003284248269618,0.0709527295125872,0.0005642437095735
164.21654109544906,0.924597084993652,0.003335436262842,0.0714449460901969,0.0006225326533087
164.55031455296017,0.9236082787985674,0.0033915625516415,0.0722157093968923,0.0007844492528978
164.88408801047123,0.922759867559962,0.0034525519308856,0.0729457926434963,0.0008417878656558
165.2178614679823,0.9226839734115884,0.0035134254314639,0.0731056742960808,0.0006969268608669999
165.55163492549335,0.9226179230803994,0.0035700734230466,0.0732067003935967,0.0006053031029567
165.88540838300446,0.9223480427954562,0.0036247634820469,0.0734391125824739,0.0005880811400218
166.21918184051552,0.9219325033010022,0.0036793814810469,0.0737870661142711,0.0006010491036795
166.5529552980266,0.9213776231204908,0.0037346772663731,0.0742510536649671,0.0006366459481692
166.88672875553766,0.9205482074553236,0.0037940129887462,0.0748972605933349,0.0007605189625942
167.22050221304875,0.919484900627998,0.0038594838985324,0.0757537858033005,0.0009018296701681
167.55427567055983,0.9191461512923228,0.0039276704399929,0.0761106886472723,0.0008154896204123
167.8880491280709,0.919198802789194,0.0039922436950754,0.0761343707775629,0.0006745827381679
168.22182258558198,0.9189931009226394,0.0040529858065157,0.0763160318121748,0.0006378814586714001
168.55559604309306,0.9186356309335808,0.0041131665968177,0.0766101491376506,0.0006410533319499
168.88936950060412,0.9180988184512484,0.0041734438386588,0.0770578549062932,0.0006698828037992
169.2231429581152,0.917417540187679,0.0042363803837354,0.0776020029646086,0.0007440764639784999
169.55691641562626,0.9163334880934516,0.0043057001638309,0.0784435804701198,0.0009172312725981
169.89068987313735,0.9156312105584944,0.0043804012599581,0.0790571524303396,0.0009312357512078
170.22446333064843,0.9156861251024082,0.0044538543672175,0.0790898369616246,0.0007701835687501
170.5582367881595,0.9156041602216995,0.0045219944165321,0.0791794382159548,0.0006944071458124
170.89201024567058,0.915303494073904,0.0045882061476505,0.079421748593212,0.0006865511852326
171.22578370318166,0.9148034773793348,0.0046542701259524,0.0798311889985117,0.0007110634962003
171.55955716069272,0.914192852990198,0.0047216129779022,0.0803318144915289,0.0007537195403689
171.8933306182038,0.913247084662175,0.0047944963024195,0.0810569796821541,0.0009014393532515
172.2271040757149,0.912236570643352,0.0048746697628361,0.0818727598231204,0.0010159997706924
172.56087753322595,0.912095705390792,0.0049570426142834,0.0820542026526314,0.0008930493422915
172.89465099073703,0.9121694963487972,0.0050342195577706,0.0820325316783004,0.0007637524151316
173.2284244482481,0.91194042570932,0.0051072583356435,0.0822140035007762,0.0007383124542606
173.56219790575918,0.9115067620950577,0.0051797295473223,0.0825586328318251,0.0007548755257953
173.89597136327026,0.9109083668012116,0.0052524883116804,0.0830511083196366,0.0007880365674713
174.22974482078132,0.9101403382293694,0.0053292236240313,0.0836487900951934,0.0008816480514058
174.5635182782924,0.9090063564770484,0.0054139154338186,0.0845242769989753,0.0010554510901582999
174.8972917358035,0.9085061199087886,0.0055043111852672,0.0849668494543524,0.0010227194515919
175.23106519331455,0.9086630908520454,0.0055918682093026,0.0848886774475614,0.0008563634910910001
175.56483865082564,0.9085562701239932,0.0056730977121633,0.0849735006410922,0.000797131522752
175.8986121083367,0.9082027011236526,0.0057524871808965,0.0852436264320322,0.0008011852634204
176.23238556584778,0.9076196427665544,0.0058316745639494,0.0857149316477965,0.0008337510217002
176.56615902335886,0.9069588578906776,0.0059130551584229,0.0862434206996053,0.0008846662512953
176.89993248086992,0.9059093877958464,0.0060017090069596,0.0870364103769024,0.0010524928202918001
177.233705938381,0.905027156063924,0.0060987658199364,0.0877442561657479,0.0011298219503915
177.5674793958921,0.905080459902594,0.0061970221975802,0.0877447087762701,0.0009778091235549
177.90125285340315,0.9051502088606226,0.0062883313822957,0.0876960599009939,0.0008653998560881
178.23502631091424,0.9048852413548218,0.0063753784289022,0.0878872565091545,0.0008521237071221
178.56879976842532,0.9043593953052722,0.006461800253176,0.0882973891298091,0.0008814153117424001
178.90257322593638,0.9037179645381898,0.0065489453975528,0.0888175438671597,0.0009155461970958
179.2363466834475,0.902857473131142,0.0066416827642772,0.089469167601377,0.0010316765032028
179.57012014095852,0.9017388659883327,0.006744028402192,0.0903240281650684,0.0011930774444081
179.9038935984696,0.901478182572015,0.0068520957774523,0.0905552873743106,0.0011144342762223
180.2376670559807,0.901700050250302,0.0069552579785552,0.090391898398615,0.0009527933725278
180.57144051349172,0.9015597276658802,0.0070512745499402,0.0904791133580428,0.0009098844261377
180.90521397100284,0.9011284765552234,0.0071455467566685,0.0907982454959641,0.0009277311921447
181.23898742851392,0.9004774793191817,0.0072396644058753,0.091319340545875,0.0009635157290661
181.57276088602495,0.8997681168024821,0.0073372238797708,0.0918689641836988,0.0010256951340486
181.90653434353607,0.8986466572313339,0.0074439835259883,0.0927027305089441,0.0012066287337329
182.24030780104715,0.8979650144634709,0.0075601295981647,0.0932350401992326,0.0012398157391314002
182.5740812585582,0.8981877664069675,0.0076758884547455,0.0930679002992925,0.0010684448389928
182.9078547160693,0.8982323607883749,0.0077829085641262,0.0930084802966748,0.0009762503508232
183.24162817358035,0.8979119372945352,0.0078857196127277,0.0932254463381043,0.0009768967546322
183.57540163109144,0.8972909872489019,0.0079878192486353,0.0937052397556196,0.0010159537468427
183.90917508860247,0.8966261547663364,0.0080914079190712,0.0942324977806127,0.0010499395339802
184.2429485461136,0.8956747227728742,0.0082024513574433,0.0949322570228117,0.0011905688468703
184.57672200362467,0.8946511381187168,0.0083247950069027,0.0956973023477037,0.0013267645266758
184.91049546113572,0.8946426744409327,0.0084524012882001,0.0956971452656705,0.0012077790051973
185.2442689186468,0.8948900497179589,0.0085726207663063,0.0954776850661155,0.0010596444496205001
185.5780423761579,0.8947046231766105,0.0086851752396568,0.0955768202074867,0.001033381376246
185.91181583366892,0.8941749097306602,0.008796040006118,0.0959633195696439,0.0010657306935773
186.24558929118004,0.893482780380078,0.0089070077920004,0.0965100724390156,0.0011001393889072
186.57936274869112,0.8927226693327523,0.009022979988515,0.0970760886462719,0.0011782620324616
186.91313620620215,0.8915821383616306,0.0091502223402991,0.0979048224493123,0.0013628168487578
187.24690966371327,0.8911595211894643,0.0092875888333766,0.0982039574756928,0.0013489325014662
187.58068312122435,0.8915098428238662,0.0094223237187298,0.097898073752734,0.0011697597046707
187.9144565787354,0.8915123441325493,0.009546663607725,0.0978414291070695,0.0010995631526564
188.2482300362465,0.8911120295804795,0.0096669745686747,0.0981047481979351,0.0011162476529101
188.5820034937576,0.8904100862452962,0.009786533597246,0.0986433994369194,0.0011599807205390001
188.91577695126864,0.8897374324917136,0.0099087086477756,0.0991583765690801,0.0011954822914299
189.24955040877973,0.8887106687815379,0.0100403807935688,0.0998895585276526,0.0013593918972411002
189.5833238662908,0.8878659018583436,0.0101850530134798,0.1004896614227877,0.0014593837053894
189.91709732380187,0.8880953293827388,0.0103338390172539,0.1002622008935659,0.0013086307064415
190.25087078131293,0.8883317446754468,0.0104725026155154,0.1000152909821948,0.0011804617268418999
190.584644238824,0.8880842694112615,0.0106033232677743,0.1001408195628581,0.0011715877581045002
190.9184176963351,0.8874468676876052,0.0107324544859924,0.1006040870091055,0.0012165908172962
191.25219115384616,0.8867470580610699,0.0108622715747286,0.10114512427564,0.0012455460885608
191.58596461135724,0.8859334170969702,0.010998907265792,0.1017236270616599,0.0013440485755789001
191.91973806886836,0.8848458842504604,0.0111489754513151,0.1024850399620683,0.0015201003361553999
192.25351152637936,0.8847170383152064,0.0113095070936715,0.1025146128060064,0.0014588417851138999
192.58728498389047,0.8851428549114853,0.0114644739919906,0.1021096632230218,0.001283007873502
192.9210584414016,0.8850883599575978,0.0116077303050094,0.1020690584632855,0.0012348512741063
193.2548318989126,0.8845843250206311,0.0117471847622159,0.102400073517502,0.0012684166996513
193.5886053564237,0.8838325957432379,0.0118860292267705,0.1029714920761928,0.0013098829537979
193.9223788139348,0.8831603210751694,0.012028932846408,0.1034601797875925,0.001350566290831
194.25615227144584,0.8820933996018389,0.0121835052030224,0.1041912842332879,0.0015318109618509
194.58992572895693,0.881502882791989,0.0123527074374406,0.1045572430599301,0.0015871667106404
194.923699186468,0.8819312268078523,0.0125240032758441,0.1041306895505308,0.0014140803657717
195.25747264397907,0.8821260974876545,0.0126824339086326,0.1038820289047493,0.0013094396989631
195.59124610149016,0.8817943116736585,0.0128331560512047,0.1040536071157857,0.0013189251593509
195.9250195590012,0.8810579606060893,0.0129821803678339,0.1045879185672825,0.0013719404587938
196.2587930165123,0.8803835891733316,0.0131328781258933,0.105090424500131,0.0013931082006446
196.59256647402336,0.8795188039937178,0.0132923543171912,0.1056735303374531,0.001515311351638
196.92633993153444,0.878568599180307,0.0134674977111868,0.1062939484910129,0.0016699546174928
197.26011338904556,0.878737859647901,0.013652832107201,0.1060451164180503,0.0015641918268473
197.5938868465566,0.8791852028172905,0.0138290409201555,0.1055842794984476,0.0014014767641065
197.92766030406767,0.8790576597012543,0.0139927350475063,0.1055743983633165,0.0013752068879225
198.2614337615788,0.8784346087188198,0.0141528287391226,0.1059875455593261,0.0014250169827309
198.59520721908984,0.8776770825952408,0.0143128065017768,0.1065521336940689,0.0014579772089129
198.9289806766009,0.8770059029197574,0.014478486081537,0.1070058429748966,0.0015097680238089
199.262754134112,0.8759552234762675,0.0146581216815668,0.1076876583971331,0.0016989964450339
199.59652759162304,0.8756739450779241,0.0148537811064605,0.1077666757947203,0.0017055980208945999
199.93030104913413,0.8762437415214342,0.0150485285808408,0.1071867193260119,0.0015210105717125
200.2640745066452,0.8763726978019407,0.0152279496537864,0.1069573912695477,0.0014419612747247
200.59784796415627,0.8759323123926506,0.0154000212523658,0.1071961358645484,0.0014715304904360002
200.93162142166736,0.8751268420401817,0.0155705070994845,0.1077763396575863,0.0015263112027473998
201.26539487917844,0.8745036008794049,0.0157440468601983,0.1082115906897791,0.0015407615706169
201.5991683366895,0.873602165054487,0.0159283439461948,0.1087814410765242,0.0016880499227935998
201.9329417942006,0.8728746144894881,0.0161306143091028,0.1091851684979774,0.0018096027034309
202.26671525171164,0.8733141600144664,0.0163419212691388,0.1086778864098855,0.0016660323065096
202.60048870922276,0.873734346913565,0.0165401383872631,0.1082011443317694,0.0015243703674023
202.93426216673384,0.8735142752420433,0.0167256150509088,0.1082392547782178,0.0015208549288297
203.26803562424487,0.8727735517924191,0.0169076588385288,0.1087345922606699,0.001584197108381
203.601809081756,0.8720592824421373,0.0170905653600452,0.1092459133769072,0.0016042388209111
203.93558253926705,0.871385850721927,0.0172808457645461,0.1096594746151934,0.0016738288983337
204.2693559967781,0.8704253267659114,0.0174875129889387,0.1102280268850611,0.0018591333600874
204.6031294542892,0.8704785160333925,0.0177111080254195,0.1099943645196993,0.0018160114214879999
204.93690291180027,0.8711225592140625,0.0179297889286494,0.1093163614658262,0.0016312903914618001
205.27067636931133,0.8711654810203204,0.0181312399117051,0.109124372685443,0.0015789063825307
205.6044498268224,0.8705966721723883,0.0183258082699565,0.109447703813026,0.0016298157446290999
205.93822328433347,0.8697712278760615,0.0185192504494429,0.110030840117686,0.0016786815568092998
206.27199674184456,0.8692124762603394,0.0187173789947837,0.1103796749542957,0.0016904697905806
206.60577019935565,0.8683067272643279,0.0189281849599465,0.1109051454641689,0.0018599423115562
206.9395436568667,0.867874417344214,0.01915929570923,0.1110282085136597,0.001938078432895
207.2733171143778,0.8685283271191411,0.0193971105631481,0.1103087033252234,0.0017658589924869
207.60709057188888,0.8688820319334032,0.0196178667720539,0.1098498218132819,0.001650279481262
207.94086402939996,0.8685469738713756,0.0198261691135843,0.1099557462602988,0.0016711107547409
208.27463748691105,0.8677122490678976,0.0200312862384365,0.1105139669494899,0.0017424977441767
208.6084109444221,0.8670861524628416,0.0202387585105873,0.1109280090234886,0.0017470800030821
208.9421844019332,0.8664092428681338,0.0204551133912256,0.1112958797880494,0.0018397639525913
209.27595785944425,0.8656213919968723,0.0206904779914793,0.1116804765216159,0.0020076534900316002
209.6097313169553,0.8659996338317332,0.0209428719102158,0.1111418566081458,0.0019156376499038
209.9435047744664,0.86665055848383,0.021185495350558,0.1104226575823295,0.0017412885832827
210.27727823197748,0.8665886131466973,0.0214097557696894,0.1102853885485618,0.0017162425350512
210.61105168948853,0.8658844514073867,0.0216276072112562,0.1106997806447846,0.0017881607365724
210.9448251469996,0.8651005864328991,0.0218454100245617,0.1112309005551622,0.0018231029873769
211.2785986045107,0.8646064007741608,0.0220694991588509,0.1114853193122518,0.0018387807547361
211.61237206202176,0.8637483810722398,0.0223081747191734,0.1119209466222015,0.0020224975863854
211.94614551953285,0.8636579559519553,0.0225693425225491,0.111723354229939,0.002049347295557
212.2799189770439,0.8644513445998068,0.0228334630775041,0.1108558945863342,0.0018592977363553
212.613692434555,0.8647088919154079,0.0230770222803515,0.1104413534626757,0.0017727323415648
212.94746589206608,0.8642375413425405,0.0233087634543932,0.1106334234704528,0.0018202717326138
213.28123934957716,0.8633558184366394,0.0235379012609349,0.1112137548057432,0.0018925254966815001
213.61501280708825,0.8628502601866483,0.0237712842499531,0.1114966022711674,0.0018818532922311002
213.9487862645993,0.8621778641504901,0.0240147397448096,0.1118066056561919,0.0020007904485087004
214.2825597221104,0.8616414782579367,0.0242800474697618,0.1119402893415563,0.002138184930744
214.61633317962145,0.8623009859294687,0.0245613137489534,0.1111366872906865,0.0020010130308921
214.9501066371325,0.8628996698644731,0.0248274451912594,0.1104264153971709,0.0018464695470968
215.2838800946436,0.8627131375636986,0.0250749301234908,0.110361104547848,0.0018508277649627
215.61765355215468,0.8618875470292989,0.0253164945508806,0.1108546017119851,0.0019413567078357
215.9514270096657,0.8612084520291382,0.0255598914831674,0.1112755958848962,0.0019560606027976
216.2852004671768,0.8607693385712538,0.0258107537404975,0.111435718035587,0.0019841896526606
216.6189739246879,0.8600267713358911,0.0260782735522256,0.1117248453102839,0.0021701098015988003
216.95274738219896,0.8602897438345608,0.0263700055062006,0.1111988995916053,0.0021413510676323
217.28652083971005,0.8611404673715516,0.0266594708904417,0.1102542808320439,0.0019457809059613002
217.62029429722116,0.8612793293626855,0.0269257542801431,0.1099042972475373,0.0018906191096339
217.9540677547322,0.8606585944096,0.0271810133087641,0.1101930471858103,0.0019673450958252
218.28784121224328,0.8597957049721088,0.0274349444376731,0.1107372072953837,0.0020321432948340002
218.62161466975436,0.85942483868111,0.0276950923606978,0.1108709531458857,0.0020091158123067
218.95538812726545,0.8587797860983832,0.0279661523168813,0.1111006513924641,0.0021534101922710998
219.2891615847765,0.8585564050830587,0.0282620837728382,0.1109339292728697,0.0022475818712332
219.6229350422876,0.8594249330784935,0.0285713298354927,0.1099314202012235,0.0020723168847899
219.95670849979865,0.8599254249841535,0.0288600925099142,0.1092695530376991,0.0019449294682331
220.2904819573097,0.8595940992137856,0.0291306815470674,0.1092929591798314,0.0019822600593154
220.6242554148208,0.8586862262142041,0.0293960780633205,0.1098320774795754,0.0020856182428999
220.95802887233188,0.8581649244860843,0.0296659755708889,0.1100937051669955,0.0020753947760324
221.29180232984297,0.8577689781852931,0.0299437323303628,0.110163603867567,0.0021236856167757
221.625575787354,0.8572154305963966,0.0302405972961547,0.1102478523584805,0.002296119748967
221.9593492448651,0.857805049505013,0.0305624460053488,0.1094225952532465,0.0022099092363914
222.29312270237617,0.8586351439774974,0.0308756141089855,0.1084685767086225,0.0020206652048945003
222.62689615988725,0.8586364558928237,0.0311641201174778,0.1081998968620577,0.0019995271276406
222.96066961739837,0.8578695869272105,0.0314424415510536,0.1085815537394469,0.0021064177822891997
223.2944430749094,0.8571006301806909,0.031721776865628,0.1090234906150726,0.0021541023386081
223.62821653242048,0.8568590948784257,0.0320088399040889,0.1090080565064349,0.0021240087110511
223.9619899899316,0.8562807695907515,0.0323074711666938,0.1091244898857453,0.0022872693568084
224.29576344744265,0.8564028150467216,0.0326339950886084,0.108637173061165,0.002326016803505
224.6295369049537,0.8573904600424159,0.0329692948422179,0.1075170653457745,0.0021231797695909
224.9633103624648,0.8577605013713533,0.033279402798566,0.1069318771380881,0.0020282186919923003
225.29708381997585,0.8572682845758623,0.0335722977736606,0.1070559585286822,0.0021034591217946002
225.6308572774869,0.8563409630903113,0.0338614400912415,0.1075866208326452,0.0022109759858013
225.964630734998,0.8560105744288554,0.0341582280505201,0.1076575781619328,0.0021736193586925
226.29840419250908,0.8556517657031076,0.0344622914214629,0.1076386598058947,0.0022472830695349
226.63217765002017,0.8553532101522329,0.0347884666669673,0.1074688955222155,0.0023894276585834
226.96595110753125,0.8562081369509136,0.0351388415592136,0.1064055313317431,0.0022474901581293
227.2997245650423,0.8569524354169917,0.0354734883898786,0.1054981005811664,0.0020759756119629
227.6334980225534,0.8567986805064383,0.0357831700900049,0.1053246549093034,0.0020934944942532997
227.96727148006445,0.8559117511529581,0.0360836437800624,0.1057750992873218,0.0022295057796569
228.30104493757557,0.8553083548572129,0.0363887807715951,0.106052357722111,0.0022505066490811
228.6348183950866,0.8551749948781373,0.0367020345857388,0.1059010789485433,0.0022218915875806
228.96859185259768,0.8547157540398093,0.0370276637870445,0.1058638604004889,0.002392721772657
229.3023653101088,0.8551787433432975,0.0373838205411649,0.1050704864689454,0.0023669496465915
229.63613876761983,0.8561917545394374,0.0377422778850207,0.103915101587028,0.0021508659885137002
229.9699122251309,0.8564095196916799,0.0380720517613052,0.103424877041907,0.0020935515051064
230.303685682642,0.8557506983804931,0.0383857644031832,0.1036510638045249,0.0022124734117979
230.63745914015303,0.8548825226801593,0.038698469297363,0.1041051842979973,0.0023138237244802
230.9712325976641,0.8547509185664919,0.0390217488992164,0.1039769315789037,0.0022504009553877
231.30500605517523,0.8544354001017644,0.0393508404844378,0.1038628580017957,0.0023509014120029
231.63877951268628,0.8544368951863547,0.0397056315856645,0.1034106160095582,0.0024468572184223
231.97255297019737,0.8554702966052412,0.0400816848551261,0.1021917629041216,0.0022562556355101
232.30632642770843,0.8560808165928517,0.0404350793521704,0.1013706547770246,0.0021134492779532
232.6400998852195,0.8557561185155352,0.0407641661469694,0.1013025826815014,0.0021771326559943
232.9738733427306,0.8548002294936691,0.0410855549389867,0.1017765387996409,0.0023376767677031
233.30764680024168,0.8544173503078076,0.0414164932523262,0.1018431769564929,0.0023229794833728
233.64142025775277,0.8543631467284494,0.0417542378165306,0.1015765715656295,0.0023060438893905003
233.97519371526383,0.8540793128413653,0.0421057467098011,0.1013469236676461,0.0024680167811876
234.30896717277489,0.854840429971671,0.0424893839188286,0.1002971655531538,0.0023730205563469997
234.642740630286,0.8557942443375355,0.0428672584905017,0.0991786169362405,0.0021598802357227003
234.97651408779703,0.8558436817118025,0.0432145306092558,0.0987951540865786,0.0021466335923624
235.3102875453081,0.8550307043725115,0.0435469494437812,0.0991094076715632,0.0023129385121439
235.6440610028192,0.85430349460769,0.0438829724145775,0.099418384618595,0.0023951483591361
235.97783446033023,0.8543531844824905,0.0442312942569683,0.0991063821465882,0.0023091391139533
236.31160791784131,0.8541012456115913,0.0445835064340814,0.0988837763611939,0.0024314715931342
236.64538137535243,0.8544168885526988,0.0449653344589832,0.0981519214730066,0.002465855515311
236.9791548328635,0.855529241034382,0.0453630123432678,0.0968692273376715,0.0022385192846785
237.31292829037457,0.8559747884407405,0.0457320364636675,0.0961594209139779,0.0021337541816135
237.6467017478857,0.8554683711398634,0.0460779767088686,0.0962010499621892,0.0022526021890788
237.98047520539671,0.8545157518354067,0.0464189687452288,0.0966378904201431,0.0024273889992212
238.3142486629078,0.8543812342525342,0.0467750570244099,0.0964751030574082,0.0023686056656478
238.6480221204189,0.8543789956614778,0.0471346489826975,0.0961148193270591,0.0023715360287662
238.98179557792997,0.8543185180084367,0.0475104410238233,0.0956672817884225,0.0025037591793174
239.31556903544103,0.8553021781614358,0.047918054210527,0.0944394560064081,0.0023403116216294
239.6493424929521,0.856130478959085,0.0483110121097179,0.093412867718251,0.0021456412129464
239.9831159504632,0.855997928571155,0.0486729990624235,0.0931440164482015,0.0021850559182202
240.31688940797423,0.8550657718294212,0.0490216298439099,0.0935143014197299,0.0023982969069388
240.6506628654853,0.8545506038197818,0.0493806119996468,0.0936228433100691,0.002445940870502
240.9844363229964,0.8547437043810868,0.0497514215188497,0.0931608795362712,0.0023439945637927
241.3182097805075,0.8545864241806471,0.0501243932272766,0.0928125828066336,0.0024765997854425
241.65198323801852,0.8551948896664658,0.0505306271834937,0.0918378011362969,0.0024366820137435
241.98575669552963,0.8562880283541845,0.0509448933079715,0.0905773821023716,0.0021896962354722
242.3195301530407,0.8565500625296265,0.0513261561127325,0.0899917971093433,0.0021319842482982
242.65330361055177,0.8558619909339463,0.0516857321832315,0.0901367228623399,0.0023155540204821
242.9870770680629,0.854995978520771,0.0520452606710164,0.0904697972655977,0.0024889635426147997
243.32085052557392,0.8551056442722517,0.0524248969465393,0.0900881715847909,0.0023812871964191
243.654623983085,0.8551381472081783,0.0528029411340855,0.0896503315667179,0.0024085800910169
243.9883974405961,0.8553282718548483,0.053200904620831,0.0889811082070874,0.0024897153172332
244.32217089810715,0.8564378463109272,0.0536276560052954,0.0876676896357997,0.0022668080479761
244.65594435561823,0.8570956217274309,0.0540310937231876,0.0867677480672171,0.0021055364821641
244.9897178131293,0.8567694364961249,0.0544043442041763,0.0866167720714944,0.0022094472282032
245.3234912706404,0.8557749627279156,0.0547666971021018,0.0869944423571993,0.0024638978127816
245.65726472815143,0.8555197710673004,0.0551479746892846,0.0868717575769425,0.0024604966664722
245.9910381856625,0.8558068429803071,0.0555376258714064,0.0863023283632395,0.0023532027850465
246.3248116431736,0.8557783193040442,0.0559286991420013,0.0858139648457899,0.0024790167081639
246.6585851006847,0.8566243050902903,0.0563555313632486,0.0846617992522731,0.0023583642941875
246.99235855819572,0.8576140073183838,0.0567806576315507,0.0834922059822951,0.0021131290677705
247.32613201570683,0.857680823624062,0.0571704298493764,0.0830355276311726,0.0021132188953907
247.65990547321792,0.8568278284387392,0.057539963791951,0.0832636444344746,0.0023685633348349997
247.99367893072895,0.8561287451717526,0.0579173429616869,0.0834338545774627,0.0025200572890979
248.3274523882401,0.8564479889971459,0.0583177116813882,0.0828701349836893,0.0023641643377759
248.66122584575112,0.856511603907997,0.0587103787165138,0.0823639394497382,0.0024140779257513
248.9949993032622,0.8569503372107916,0.0591276681357286,0.0814964598900381,0.0024255347634405
249.3287727607733,0.8580828398839608,0.0595675789283411,0.0801891356212363,0.0021604455664621
249.66254621828435,0.8585439352463154,0.0599768777471116,0.0794326597001727,0.0020465273063988
249.99631967579543,0.8580170496751096,0.06035732779637,0.0793969464636175,0.0022286760649038997
250.3300931333065,0.8570325952062035,0.0607313695961038,0.0797251898885439,0.0025108453091489
250.6638665908176,0.8570536805603919,0.0611336863822662,0.0793728028441264,0.0024398302132154
250.99764004832863,0.8573842860174581,0.0615375564656255,0.0787389393272265,0.0023392181896898
251.33141350583972,0.8575115493443184,0.0619438632827658,0.0781081909239933,0.0024363964489239
251.6651869633508,0.8585130848127895,0.0623862560400214,0.0768633640282853,0.0022372951189039
251.9989604208619,0.8593370378461052,0.0628162695307156,0.0758307807924839,0.0020159118306954
252.33273387837292,0.85919897934758,0.063210434633166,0.0755036698895828,0.0020869161296713
252.66650733588403,0.8582173309622814,0.0635862408325431,0.0757823132280581,0.0024141149771176
253.00028079339512,0.8577481055395442,0.0639811044233445,0.0757524156633564,0.0025183743737537
253.33405425090615,0.8582192591682745,0.0643981211930032,0.0750620856759469,0.0023205339627743998
253.6678277084173,0.8583219445291118,0.064801553371006,0.0744934362761326,0.0023830658237508
254.00160116592835,0.8589755729379163,0.0652344400648329,0.0734785307244249,0.0023114562728255
254.3353746234394,0.8600359168810092,0.0656808153599143,0.0722557748815021,0.0020274928775742
254.6691480809505,0.8602869682928677,0.0660914606762203,0.0716474061648484,0.0019741648660627
255.00292153846155,0.8595610928376847,0.0664746625867097,0.0717169453237863,0.0022472992518192
255.33669499597264,0.8586637723059529,0.0668592219439428,0.0719427368993976,0.0025342688507066996
255.6704684534837,0.858942704954998,0.0672804772922697,0.0713941365480435,0.0023826812046881998
256.0042419109948,0.8592748382189579,0.0676934245722981,0.0707330422519711,0.0022986949567736
256.33801536850586,0.8595684481775797,0.0681119506502012,0.069975922728874,0.0023436784433446
256.6717888260169,0.8606286606183902,0.0685637897500231,0.0687278428074021,0.0020797068241847
257.00556228352804,0.861248182208407,0.0689930380555435,0.0678563315428495,0.0019024481931992
257.33933574103906,0.8608958431199296,0.0693871973347145,0.0676567225725034,0.0020602369728522
257.6731091985501,0.8598390801479079,0.0697663495475681,0.0679448397654618,0.0024497305390621003
258.00688265606124,0.8596344821095796,0.0701784333011319,0.0677074375721501,0.0024796470171382
258.3406561135723,0.8601877661709076,0.0706069233871263,0.0669527159744451,0.0022525944675208997
258.6744295710834,0.8603425929644342,0.0710175881722663,0.0663286271715931,0.0023111916917061
259.0082030285945,0.8611498001553491,0.0714614502872564,0.0652360514832235,0.0021526980741705
259.3419764861055,0.8620613617648427,0.0719075009701171,0.0641537082430564,0.0018774290219835
259.6757499436166,0.86209483583085,0.0723151440511549,0.0636910668582908,0.0018989532597039
260.0095234011277,0.8611842255286889,0.0726967290213698,0.0638475639228576,0.0022714815270839
260.3432968586388,0.8604433058976889,0.0730917321727332,0.0639332664951438,0.0025316954344341003
260.67707031614987,0.860930017282101,0.0735287173010031,0.0632457024046122,0.0022955630122841
261.0108437736609,0.8612357848635666,0.0739456807930249,0.0625857047617599,0.0022328295816481
261.344617231172,0.8616835523662743,0.0743732445969003,0.0617375529946734,0.0022056500421509
261.67839068868307,0.8627048244765512,0.0748277016952288,0.0605657271926853,0.0019017466355347
262.0121641461941,0.863100531270708,0.0752511884555605,0.0598618459719053,0.0017864343018255
262.34593760370524,0.8625261943384626,0.0756407803669177,0.0597850056629027,0.0020480196317176
262.6797110612163,0.8614579548361718,0.0760217368826941,0.0600420045819554,0.0024783036991774
263.0134845187273,0.8615195257489489,0.0764504818882353,0.059621754667447,0.0024082376953692
263.34725797623844,0.8620847654506612,0.076884625570001,0.0588613606403975,0.0021692483389403
263.6810314337495,0.8623016453337735,0.0772994602107831,0.0581958598075253,0.0022030346479176
264.0148048912606,0.8631823880199607,0.077748851074882,0.0571028438995216,0.0019659170056355
264.3485783487717,0.8638921378333734,0.0781883816829684,0.0561924241614242,0.0017270563222329999
264.6823518062827,0.8637006343573743,0.0785889085672765,0.0558713305623884,0.0018391265129612
265.0161252637938,0.8626335001805907,0.0789653510343459,0.0560915847016683,0.002309564083395
265.3498987213049,0.8620988518150493,0.0793718514469413,0.0560250789831272,0.0025042177548828997
265.683672178816,0.8627203374113943,0.0798201045555868,0.0552687743423996,0.0021907836906178996
266.01744563632707,0.8629864179253692,0.0802366828485827,0.0546316998333771,0.002145199392671
266.3512190938381,0.8635520837235358,0.0806698684060427,0.0537441202204639,0.0020339276499569
266.6849925513492,0.8644489125920101,0.0811200626456835,0.0527089025553232,0.0017221222069835002
267.01876600886027,0.8646128391921777,0.081533642913283,0.0521695108330095,0.0016840070615295002
267.3525394663713,0.8638136297866156,0.0819143327789019,0.0522088775708475,0.0020631598636354
267.68631292388244,0.8627971846375674,0.0822974156453068,0.0524057259890412,0.0024996737280842
268.0200863813935,0.8630940591188943,0.082741627341948,0.051854366824656,0.0023099467145023
268.3538598389045,0.8636105340878972,0.0831756972008769,0.051137472227204,0.0020762964840216
268.68763329641564,0.8638891061265425,0.0835922406297515,0.0504552898404758,0.0020633634032304
269.0214067539267,0.8647559636549182,0.0840412652770495,0.0494343750086942,0.0017683960593375
269.3551802114378,0.8652336434325055,0.0844692861107517,0.0487074127448713,0.0015896577118706
269.6889536689489,0.8648069773193445,0.084858932928604,0.0485250467585503,0.0018090429935003999
270.0227271264599,0.8636235425201407,0.0852284765709501,0.048786687408885,0.002361293500024
270.356500583971,0.8633177943569907,0.0856484200639264,0.0485845338754103,0.0024492517036725
270.6902740414821,0.8639905379250671,0.0861026065434184,0.0478302388918518,0.0020766166396623
271.0240474989932,0.8642139935473252,0.0865156571618428,0.0472348476530065,0.0020355016378255
271.35782095650427,0.8648411092404904,0.0869508056562318,0.0463670972618444,0.0018409878414334
271.69159441401536,0.8655486235478267,0.0873907607493478,0.0455056883762861,0.001554927326538
272.0253678715264,0.8654760071021518,0.0877913434554135,0.0451246911188475,0.0016079583235867
272.35914132903747,0.8644567149642607,0.0881599018598416,0.0452728320185248,0.0021105511573719
272.69291478654856,0.8635455424401077,0.0885476371896064,0.045398914896102,0.0025079054741832
273.02668824405964,0.8640200285873878,0.0890052937424314,0.0447830186560387,0.0021916590141416
273.3604617015707,0.8644428244324971,0.0894344556668286,0.0441459777943846,0.0019767421062889
273.69423515908176,0.8647685277036534,0.0898509643282294,0.0434805188001126,0.0018999891680048999
274.02800861659284,0.8655380406757687,0.0902939667508006,0.0425886107300882,0.0015793818433427
274.3617820741039,0.8657705353103856,0.0907071489831952,0.0420430173683989,0.0014792983380202
274.695555531615,0.8650959422247373,0.0910827433664799,0.0419987317321906,0.0018225826765922
275.0293289891261,0.8638433730204775,0.0914462261494013,0.0422862328492931,0.0024241679808272
275.3631024466372,0.8637597198497354,0.0918819050790637,0.0419878415485125,0.0023705335226881
275.6968759041482,0.8644025080359484,0.0923366037362829,0.041295544106334,0.0019653441214342
276.0306493616593,0.8645842710180196,0.0927446407086505,0.0407596518595957,0.0019114364137346
276.3644228191704,0.8652043010751028,0.0931780118817875,0.0399673745533983,0.0016503124897127
276.6981962766815,0.86568066570954,0.0936034898633281,0.0392953994050173,0.0014204450221146
277.03196973419256,0.8653638546049686,0.0939890265303972,0.0390683852818152,0.0015787335828189998
277.3657431917036,0.8641380543691606,0.0943442592488677,0.0393197898195041,0.0021978965624671
277.6995166492147,0.8633691308599499,0.0947412999666339,0.0393852920265676,0.0025042771468472003
278.03329010672576,0.8639458486790783,0.0952095471750921,0.0387726164572525,0.0020719876885777998
278.36706356423684,0.8642478464434981,0.0956305822484941,0.0382397091509367,0.0018818621570715999
278.700837021748,0.8645914057998451,0.0960459247136585,0.0376279746880082,0.0017346947984881
279.034610479259,0.8651933615820905,0.0964782887766071,0.0369015416028233,0.001426808038479
279.36838393677004,0.8651763647042361,0.0968752038237997,0.0365297812206049,0.0014186502513594
279.7021573942812,0.8642409610537074,0.0972347259270773,0.036626743149388,0.0018975698698267
280.0359308517922,0.8629668460295741,0.0975962337215801,0.0369369506795871,0.0024999695692580997
280.3697043093033,0.8630724485668941,0.0980496243786946,0.0365947542318768,0.0022831728225354
280.7034777668144,0.8636165158412321,0.0985001644770611,0.0360088800440467,0.0018744396376596
281.0372512243254,0.8637553539775491,0.098903440627926,0.0355506282680094,0.0017905771265157
281.3710246818365,0.8642971531898559,0.0993316746545128,0.0348782612610517,0.0014929108945799
281.7047981393476,0.864520568670623,0.0997407612571112,0.0343968107784238,0.0013418592938439
282.0385715968587,0.8639459409287638,0.1001102641700118,0.0343245208621445,0.0016192740390783
282.37234505436976,0.8625356190603487,0.1004538399697856,0.0346800314361838,0.0023305095336815
282.7061185118808,0.8619268576504814,0.1008664624539851,0.0347120686206872,0.0024946112748477998
283.0398919693919,0.862523838307436,0.1013420480862295,0.034160627462953,0.0019734861433809
283.37366542690296,0.8626937094743687,0.1017540740485813,0.033747161036864,0.0018050554401856
283.70743888441405,0.863013700076855,0.1021677584806336,0.0332235337766057,0.0015950076659061
284.0412123419252,0.8633965123031004,0.102586804686458,0.0326803347020045,0.0013363483084367
284.3749857994362,0.8631264070474229,0.1029679270925952,0.0324764089594891,0.0014292569004931998
284.70875925694725,0.8619204843517009,0.1033114146565837,0.0327232573901944,0.0020448436015193003
285.04253271445833,0.860667488266714,0.1036785185666319,0.0330660241637741,0.0025879690028788
285.3763061719694,0.860910923170896,0.1041509595501946,0.0327328818154116,0.0022052354634968
285.7100796294805,0.8613058715936942,0.1045944688775619,0.0322815226539598,0.0018181368747841
286.0438530869916,0.861394586729305,0.1049948706344775,0.0319175980412437,0.0016929445949729
286.3776265445026,0.8617927986675982,0.1054158116800085,0.0313946472912315,0.0013967423611596
286.7114000020137,0.8617551025355435,0.1058093280950416,0.0310979562336917,0.0013376131357224
287.0451734595248,0.860902937854574,0.1061632833153354,0.0311879743284498,0.0017458045016408
287.3789469170359,0.8593377575702458,0.1065006480167093,0.0316563537725276,0.0025052406405178997
287.71272037454696,0.858888549180094,0.106936187088483,0.0316883678561991,0.002486895875224
288.04649383205805,0.8594283894054804,0.1074161208181702,0.0312394726833867,0.0019160170929632
288.3802672895691,0.8594660887818664,0.1078210728934903,0.0309533069250951,0.0017595313995485999
288.71404074708016,0.8597136182784071,0.1082335062331481,0.0305434716288642,0.0015094038595803
289.04781420459125,0.8598451637408445,0.1086393255540829,0.0301877724661479,0.0013277382389247998
289.38158766210233,0.8593132120150356,0.1090068366360046,0.0301508874053889,0.0015290639435708
289.7153611196134,0.8578335459466228,0.1093373946122687,0.0305621596839391,0.0022668997571687
290.04913457712445,0.8566371755209866,0.1097206066178313,0.0309540378210866,0.0026881800400947
290.38290803463553,0.8569572950123033,0.1102129729086063,0.0306710626687668,0.0021586694103229
290.7166814921466,0.8571729441144578,0.1106493758382343,0.030366948848164,0.0018107311991439
291.0504549496577,0.8571970750414828,0.1110502379840389,0.0301085409569438,0.0016441460175341
291.3842284071688,0.857397833165874,0.1114638200770689,0.029750084028582,0.0013882627284749
291.7180018646799,0.8570972268992992,0.1118453009359182,0.0296313998382026,0.0014260723265791
292.0517753221909,0.8559440282573119,0.1121861636809963,0.0298985508107118,0.0019712572509786
292.385548779702,0.8542610505977605,0.1125271426670795,0.0304934018649576,0.0027184048702028
292.7193222372131,0.853955768023933,0.1129931218091217,0.0305522857800455,0.0024988243868997
293.05309569472416,0.8543744429486032,0.1134755448057222,0.0302284011761779,0.0019216110694973
293.38686915223525,0.8542858710200681,0.1138781458109148,0.0300695800884175,0.0017664030805986
293.7206426097463,0.8544101304053201,0.1142909027750891,0.0297883580878162,0.0015106087317743
294.05441606725736,0.8542746826174625,0.1146868492591307,0.0296173699957136,0.0014210981276932
294.38818952476845,0.8534644149072991,0.1150445306026035,0.0297536788296139,0.0017373756604837
294.72196298227954,0.8517176914379289,0.115369252611968,0.0303490163834104,0.0025640395666926
295.0557364397906,0.8506069227023803,0.1157811715929768,0.0308029052965952,0.0028090004080477
295.3895098973017,0.8509410133868879,0.1162941291708655,0.0305931171836128,0.0021717402586335
295.72328335481274,0.8509660994899684,0.1167265588573247,0.030436416216064,0.0018709254366414
296.0570568123238,0.8509041740885142,0.1171325453718701,0.0302871248490189,0.0016761556905965998
296.3908302698349,0.8508678964007813,0.1175414869879322,0.0300987673606512,0.0014918492506353
296.724603727346,0.850302412039505,0.1179167505216932,0.0301546040800841,0.0016262333587167
297.0583771848571,0.848825438655135,0.1182495177592638,0.0306210469712065,0.0023039966143952
297.3921506423681,0.8470694988730642,0.118608127714113,0.0313533833037607,0.0029689901090621
297.7259240998792,0.8468827232600389,0.119111513686273,0.0314502056171681,0.0025555574365193
298.0596975573903,0.8471345232352792,0.1195969559990862,0.0312576601946292,0.0020108605710059
298.39347101490137,0.8469265508989505,0.1200043933343892,0.0312181403371166,0.0018509154295425
298.72724447241245,0.8468797393802736,0.1204207372270275,0.0310723525074283,0.0016271708852704002
299.06101792992354,0.8464730504351377,0.1208134661413362,0.031081713646115,0.0016317697774112
299.39479138743457,0.8453604957314734,0.1211668352277016,0.0314052548946105,0.0020674141462147
299.72856484494565,0.8433676450559411,0.1214975050779493,0.0322045649907577,0.0029302848753523
300.06233830245674,0.8423668631322087,0.121951974427445,0.0327182333500669,0.0029629290902796
300.3961117599678,0.8426570578880405,0.1224864929166723,0.0325868660712317,0.0022695831240569
300.7298852174789,0.8424959548233305,0.12292146815889,0.0325672026182592,0.0020153743995202
301.06365867498994,0.8423204901993177,0.1233385959052508,0.0325241484832072,0.0018167654122244001
301.397432132501,0.8420223125297432,0.1237489293990951,0.0325076556554609,0.0017211024157009
301.7312055900121,0.8411852792756636,0.1241256874338408,0.0327395113711562,0.0019495219193391999
302.0649790475232,0.8393693532492714,0.124458834856271,0.0334320864836352,0.0027397254108209998
302.3987525050343,0.8375935441462017,0.1248526476952732,0.0342986495235716,0.0032551586349532998
302.7325259625453,0.8374953821972342,0.1253995683446345,0.0344247252697655,0.0026803241883658
303.0662994200564,0.8375541699295462,0.1258918051189184,0.0343574220127997,0.0021966029387361996
303.4000728775675,0.8372305996337889,0.1263132498958677,0.0344214755436803,0.0020346749266630998
303.73384633507857,0.8369716804903785,0.1267388462157749,0.0344150269183744,0.001874446375472
304.06761979258965,0.8362960046029282,0.127137808462698,0.0346009851791634,0.0019652017552096
304.40139325010074,0.8348526564218013,0.1274944169616443,0.035132812240697,0.0025201143758582997
304.73516670761177,0.8326541806164272,0.1278474352883203,0.0361458142543763,0.0033525698408773
305.06894016512285,0.83178455876709,0.1283585053485719,0.0366932987156859,0.003163637168651
305.40271362263394,0.8319823088797165,0.1289167872130479,0.0366318416337213,0.0024690622735141
305.736487080145,0.8316502501040327,0.129364099897896,0.0367289784473455,0.0022566715507261
306.0702605376561,0.8313291384938125,0.1297997607313419,0.0367868866837457,0.0020842140910989
306.40403399516714,0.8307581101622872,0.1302209207275171,0.0369426218571009,0.0020783472530951
306.7378074526782,0.8296359935837809,0.130608257213914,0.037356871528445,0.0023988776738605
307.0715809101893,0.8274822999007396,0.130954582014352,0.0382998359241067,0.0032632821608028
307.4053543677004,0.8257477723192633,0.1314035564057891,0.0392701139660359,0.0035785573089111
307.7391278252115,0.8257074743664097,0.1319992334325449,0.0393993995383594,0.0028938926626851
308.07290128272257,0.8255655659860587,0.1325054918632493,0.0394413231172843,0.0024876190334071
308.4066747402336,0.8251240332186057,0.1329514021358356,0.039588066278155,0.0023364983674041
308.7404481977447,0.8246215196453197,0.1333946877379148,0.0397259660143564,0.0022578266024103
309.07422165525577,0.8236814646083764,0.1338112806323507,0.0400847086135724,0.0024225461456999
309.40799511276686,0.821880331963801,0.1341811064155453,0.0408496426932793,0.0030889189273753
309.74176857027794,0.8195408988428443,0.1345768590043632,0.0420620208294332,0.0038202213233589997
310.07554202778897,0.8188199416911954,0.1351576722002686,0.042592139945435,0.0034302461631006004
310.40931548530006,0.8188887000971113,0.1357436878513708,0.0425839338456509,0.0027836782058669
310.74308894281114,0.8184057673733987,0.1362156411602431,0.0427693766350096,0.0026092148313475
311.0768624003222,0.8179045029068612,0.1366786073646745,0.0429263949730691,0.0024904947553956
311.4106358578333,0.8170621076029512,0.1371228097044493,0.0432526824918105,0.0025624002007894
311.7444093153444,0.8156348961006518,0.1375306851209794,0.0438603741205455,0.0029740446578232
312.0781827728554,0.8131706044387337,0.1379074048026853,0.0450637768317095,0.0038582139268709004
312.4119562303665,0.8115448292855711,0.1384320320087275,0.0460734178328084,0.0039497208728941
312.7457296878776,0.8115316083656732,0.1390812377821289,0.0461715160737446,0.0032156377784532
313.0795031453887,0.8111970613656057,0.1396120509368867,0.0462984936271839,0.0028923940703232
313.41327660289977,0.8106266705565696,0.1400935363848519,0.0465089313662121,0.0027708616923651
313.7470500604108,0.8098613348725792,0.1405657068805571,0.0467984082817738,0.0027745499650901
314.0808235179219,0.8086603895801179,0.1410122482674883,0.0473253283447746,0.0030020338076191
314.41459697543297,0.8064858389766639,0.1414081736928791,0.0483461574789019,0.003759829851556
314.74837043294406,0.804095044678689,0.1418702334350086,0.0497072093581252,0.0043275125281771
315.08214389045514,0.8035344467949378,0.1425320099281411,0.0501519189569399,0.0037816243199813
315.41591734796623,0.8034510086988137,0.1431519003802306,0.0501779642670518,0.0032191266539035
315.74969080547726,0.8028353987828457,0.143662234401994,0.0504197900014903,0.0030825768136691
316.08346426298834,0.8021207715875354,0.144162734516825,0.0506823809921724,0.0030341129034675
316.41723772049943,0.8010190679207618,0.1446440155491371,0.0511729779993601,0.0031639385307412997
316.7510111780105,0.7992636962947814,0.1450832991101689,0.0519886252969479,0.0036643792981018
317.0847846355216,0.796550479010986,0.145511680023385,0.05343407262164,0.0045037683439893995
317.41855809303263,0.7951029870606504,0.1461314482443815,0.0543880387009112,0.0043775259940572
317.7523315505437,0.7950851866782286,0.1468388740887638,0.0544227955530293,0.0036531436799778997
318.0861050080548,0.7945775581006179,0.147407360474383,0.054604903571753,0.0034101778532451
318.4198784655659,0.7938580486414478,0.1479357740870557,0.0548702795776435,0.0033358976938526
318.753651923077,0.7928259484937883,0.1484503303175966,0.0553167065267446,0.0034070146618699
319.087425380588,0.7913638789041928,0.148939031288929,0.0560068109353318,0.0036902788715461998
319.4211988380991,0.7888247675054135,0.1493770972209073,0.0572933882013945,0.0045047470722833
319.7549722956102,0.7864921801511229,0.149930512018502,0.0587091516593875,0.004868156170988101
320.08874575312126,0.7860945076717295,0.1506819512545749,0.05899879926594,0.0042247418077562
320.42251921063234,0.7858493884004935,0.1513444432604405,0.0590401478968693,0.0037660204421955
320.75629266814343,0.7851109610695858,0.151907110720959,0.0593103456495037,0.0036715825599519998
321.09006612565446,0.7841567227195427,0.152456771787339,0.0596928146838762,0.003693690809241
321.42383958316555,0.7828157502571177,0.1529896332448479,0.0603333876755219,0.0038612288225128
321.75761304067663,0.7807133240514356,0.1534722414740343,0.0613702101600311,0.0044442243144989
322.0913864981877,0.7778514212735007,0.1539768621188183,0.0629965378439826,0.0051751787636983
322.4251599556988,0.7766464135974704,0.1547088153921205,0.0637810967873214,0.0048636742230871
322.75893341320983,0.7765915638843731,0.1554790407587528,0.0637301066871292,0.0041992886697448
323.0927068707209,0.7759357786874125,0.156099565717161,0.0639349229670583,0.004029732628368201
323.426480328232,0.7750395800783595,0.1566859992159932,0.0642610949080328,0.0040133257976149
323.7602537857431,0.7737544052164933,0.1572577357647451,0.0648600390921971,0.0041278199265634
324.0940272432542,0.7720263318681928,0.1577998971476126,0.0657081244937785,0.0044656464904164
324.42780070076526,0.7691697176877998,0.1582990901022205,0.0672416215048563,0.005289570705123
324.7615741582763,0.7670143760299093,0.1589682740345828,0.0685783951769797,0.0054389547585274
325.0953476157874,0.7667690241168755,0.1598150762610135,0.068656938164487,0.0047589614576248
325.42912107329846,0.7663655061306553,0.1605308461417245,0.0686939426659584,0.0044097050616623
325.76289453080955,0.7655012435171518,0.1611586186920762,0.0689770386067478,0.004363099184024
326.09666798832063,0.7642953034123962,0.1617700072495334,0.0694935579251393,0.0044411314129316004
326.43044144583166,0.7627391977147661,0.1623677033583596,0.070260436634557,0.004632662292316099
326.76421490334275,0.7602863480005615,0.1629066425369039,0.0715221186903795,0.0052848907721553
327.09798836085383,0.7574110859091623,0.1635134999156494,0.0732177433632459,0.005857670811943
327.4317618183649,0.7564972828000694,0.1643706467311017,0.0737214252617097,0.0054106452071183
327.765535275876,0.7563746968604445,0.165208361311954,0.0735751546674192,0.0048417871601827995
328.0993087333871,0.7555930540514145,0.1658949540414318,0.0737740729654759,0.0047379189416772004
328.4330821908981,0.7544914619210763,0.1665497427063055,0.0741806802343885,0.0047781151382291
328.7668556484092,0.7529844384097459,0.1671933391608082,0.0749115845239737,0.0049106379054715
329.1006291059203,0.7509832014024663,0.1677987107637366,0.0759124134124565,0.005305674421341
329.4344025634314,0.7479032128205807,0.1683806968306063,0.0776318518631666,0.0060842384856465
329.76817602094246,0.7460398483329276,0.1691873404881849,0.078734200092875,0.0060386110860134005
330.1019494784535,0.7459196562584032,0.1701318626882829,0.0785724389109395,0.0053760421423739
330.4357229359646,0.7453710020017721,0.170912263591411,0.078586427118386,0.0051303072884321
330.76949639347566,0.7443642751474017,0.1716155812682167,0.0788865159317589,0.0051336276526229
331.10326985098675,0.7429158096877392,0.1723014849019395,0.0795402242757628,0.0052424811345569
331.43704330849783,0.741167932391618,0.1729747897852732,0.0804046647856293,0.0054526130374785
331.7708167660089,0.7383915773279687,0.1735842103522871,0.0818737767367142,0.0061504355830305
332.10459022351995,0.7356607215761445,0.1743187759666077,0.0834828245764367,0.006537677880811
332.43836368103103,0.7350610233357735,0.1753088318012393,0.0836214356928475,0.0060087091701408
332.7721371385421,0.7348459533015473,0.1762187258819105,0.0833819823607354,0.0055533384558061
333.1059105960532,0.7339501288001583,0.1769833092503187,0.0835599352522737,0.0055066266972496995
333.4396840535643,0.7326233997715736,0.1777157805199956,0.0840721104374268,0.0055887092710045
333.7734575110753,0.7309396248299946,0.1784440531288743,0.0848964591531951,0.0057198628879354
334.1072309685864,0.7286626844733328,0.1791207644637883,0.0860424694679017,0.006174081594978
334.4410044260975,0.725499925653174,0.1798088316004242,0.08783701873177,0.0068542240146315
334.7747778836086,0.7240240058383007,0.1807694010404211,0.0885556444738544,0.0066509486474225
335.10855134111966,0.7239858378410933,0.1818110727557434,0.088157191489844,0.0060458979133197
335.4423247986307,0.7233097977277831,0.1826667370792061,0.0881336583436772,0.005889806849333001
335.7760982561418,0.7221350451376087,0.1834529409414385,0.0884745203105165,0.0059374936104354
336.10987171365286,0.7204787198583286,0.1842254614514105,0.0892468057153151,0.0060490129749464
336.44364517116395,0.7185576142217064,0.1849815050112663,0.0901794503778927,0.0062814303891335
336.77741862867504,0.7155287117771993,0.1856766550554282,0.0918037803454394,0.0069908528219328
337.1111920861861,0.7131025024431891,0.1865622261538314,0.0931447926020308,0.007190478800948599
337.44496554369715,0.7128063710775265,0.1876862651759294,0.0928789175214296,0.006628446225113899
337.77873900120824,0.7124836913489331,0.1886723619370149,0.092556055030518,0.006287891683535
338.1125124587193,0.7114699827641144,0.1895229451273224,0.0927179398219091,0.0062891322866533
338.4462859162304,0.7099189157579183,0.1903410615464041,0.0933498395077378,0.0063901831879393
338.7800593737415,0.7081101715128736,0.1911632127488787,0.0942153431267402,0.0065112726115082
339.1138328312525,0.7055714225656765,0.1919180438755511,0.0954880373394651,0.0070224962193074
339.4476062887636,0.7025005359480906,0.1927351575033621,0.0971984741552623,0.0075658323932857995
339.7813797462747,0.7014739142991953,0.1938587928496133,0.0974196918455709,0.0072476010056209995
340.1151532037858,0.7014644276741845,0.1949941176135969,0.0968151021956157,0.0067263525166026
340.44892666129687,0.700675627101869,0.1959328087900849,0.0967482301103687,0.0066433339976771
340.78270011880795,0.6993087725616525,0.196805682209118,0.097163436441754,0.0067221087874757
341.116473576319,0.6975033077225046,0.1976747485138852,0.0980072203094802,0.006814723454130001
341.45024703383007,0.6954219519659444,0.1985161346412076,0.0989808711995835,0.0070810421932649
341.78402049134115,0.6922619310540008,0.1993128350744485,0.1006638436713529,0.0077613902001975
342.11779394885224,0.6902799364718606,0.2003675511788384,0.1015590527082715,0.0077934596410299
342.4515674063633,0.6902419411663541,0.2016193558638187,0.1009012643990533,0.0072374385707735
342.78534086387435,0.6898065429175742,0.2026842657064082,0.1005085896157527,0.0070006017602650995
343.11911432138544,0.688657016214456,0.2036234588599438,0.1006794838242295,0.007040041101371601
343.4528877788965,0.6869117087383906,0.2045334781002896,0.1014196602763269,0.0071351528849932
343.7866612364076,0.6850275039509774,0.2054533398383554,0.1022702055751654,0.0072489506355019
344.1204346939187,0.682271258479653,0.2062919604147828,0.1036292047265133,0.0078075763790499
344.4542081514298,0.6794784436086092,0.2072590198197095,0.1050677513682402,0.0081947852034414
344.7879816089408,0.6789171614179823,0.2085457708505757,0.104738109819148,0.0077989579122939
345.1217550664519,0.6788825571914514,0.2097679661998292,0.1039751562154819,0.0073743203932384
345.455528523963,0.6779852322716505,0.2107924313218806,0.103875285777389,0.0073470506290802
345.78930198147407,0.6764178501634791,0.2117522397773556,0.1043914307835489,0.0074384792756167
346.12307543898515,0.6745378232283579,0.2127240394208312,0.1052366930519321,0.0075014442988781
346.4568488964962,0.6723085781581796,0.2136489762927187,0.1062275496102103,0.0078148959388913
346.79062235400727,0.6691829068875956,0.2145628281229956,0.1078293779118023,0.0084248870776082
347.12439581151835,0.6677431337092871,0.2157966746684765,0.1081420289528926,0.0083181626693438
347.45816926902944,0.6678891343010039,0.2171631877395332,0.1071529440141661,0.007794733945295101
347.7919427265405,0.6673420105306478,0.2183065416554785,0.1067081101687827,0.0076433376450906
348.1257161840516,0.6660328522650683,0.2193309728961328,0.1069272481029639,0.0077089267358337
348.45948964156264,0.6641547907532268,0.2203370228544462,0.1077307482491959,0.0077774381431323005
348.7932630990737,0.6622344005734055,0.2213518671071195,0.1085176152546395,0.0078961170648357
349.1270365565848,0.6593461278482943,0.2222793833847137,0.1098930194998642,0.0084814692671281
349.4608100140959,0.6570017113583881,0.2234126755031391,0.110874975604571,0.0087106375339015
349.794583471607,0.6568701405844061,0.2248521393487342,0.1100136598102783,0.0082640602565806
350.128356929118,0.6567657621243865,0.226151681552917,0.1091478669082006,0.007934689414494999
350.4621303866291,0.6557505477550428,0.2272581618810908,0.1090434512480261,0.0079478391158412
350.7959038441402,0.6540029201019333,0.2283024100650399,0.1096623504911969,0.0080323193418286
351.12967730165127,0.652125826204117,0.229377732215645,0.110430845702134,0.0080655958781039
351.4634507591624,0.6497712019224898,0.2303805189594646,0.1114115684328134,0.0084367106852331
351.7972242166734,0.6468687580799641,0.231426284747734,0.1127637241384593,0.0089412330338412
352.13099767418447,0.6460126331088025,0.2328387301868146,0.1124282911548118,0.008720345549571101
352.4647711316956,0.6462529300515085,0.2343006825371816,0.1111998768841008,0.0082465105272094
352.79854458920664,0.6455944944928098,0.2355171652859919,0.1107276887377923,0.0081606514834062
353.1323180467177,0.6441101590327909,0.2366178657525077,0.111031660797914,0.0082403144167874
353.4660915042288,0.6421855125599308,0.2377211475599461,0.1118215457685503,0.0082717941115731
353.79986496173984,0.6402542515625524,0.2388215611370577,0.1125107401968125,0.008413447103576301
354.13363841925093,0.6373621212965374,0.2398426150243156,0.113798730647871,0.008996533031276
354.467411876762,0.6355944391139852,0.2411509864019431,0.1141778129720548,0.009076761512018
354.8011853342731,0.6358089050718979,0.2427220346314154,0.1128701582123835,0.008598902084302501
355.1349587917842,0.6356040463518204,0.2440863495017756,0.1119543788215266,0.0083552253248761
355.4687322492952,0.634451611647198,0.2452635160844184,0.111886322171051,0.008398550097332499
355.8025057068063,0.6325790388141641,0.2463878186302316,0.112572279644907,0.008460862910697
356.1362791643174,0.6307712505520743,0.2475601005612647,0.1131929252053127,0.0084757236813481
356.4700526218285,0.628336451013721,0.2486324360991622,0.1141236609933167,0.0089074518937997
356.8038260793396,0.6258390740702815,0.2498219181427737,0.1150555935544629,0.009283414232483
357.13759953685064,0.625544799723178,0.2513994217244216,0.1140906483528277,0.0089651301995721
357.4713729943617,0.6257905242456308,0.2529328432410431,0.1127259959734998,0.0085506365398264
357.8051464518728,0.6250147123836087,0.2542106768208279,0.1122596250936463,0.0085149857019165
358.13891990938384,0.6233631005327992,0.255374497810219,0.1126627567440815,0.0085996449129001
358.47269336689493,0.6214883098738204,0.2565721901370086,0.113346385578985,0.0085931144101852
358.806466824406,0.6195604223854135,0.2577421237261825,0.1139184540730496,0.0087789998153542
359.14024028191704,0.616823603996586,0.2588609758642229,0.1149898311830377,0.0093255889561541
359.47401373942813,0.6156989877311976,0.2603434110912829,0.1146922957660932,0.009265305411425801
359.8077871969392,0.616142260481251,0.2620149224785691,0.1130687395315872,0.0087740775085925
360.1415606544503,0.6158183591017561,0.2634273565663346,0.1121511596152733,0.0086031247166358
360.4753341119614,0.6145103884268379,0.2646566202388814,0.112161001939398,0.0086719893948821
360.8091075694725,0.6125988286005103,0.2658552458313705,0.112841206552868,0.0087047190152509
361.1428810269835,0.6109047585200148,0.2671097716697593,0.1132674778725964,0.008717991937629399
361.4766544844946,0.6084659977168423,0.2682425103285129,0.1140913786972883,0.0092001132573577
361.8104279420057,0.6065176725378959,0.2695817671603884,0.1144657845979185,0.0094347757037971
362.1442013995168,0.6067029959735466,0.271297229241543,0.1129724392754437,0.009027335509467
362.4779748570279,0.6068801691113511,0.2728748687335591,0.111568282592769,0.0086766795623218
362.8117483145389,0.6059729123279424,0.27419466025875,0.1111483604367316,0.008684066976575
363.14552177205,0.6041955277962762,0.2754066200333421,0.1116311125020898,0.0087667396682922
363.47929522956105,0.6024589788488519,0.2766902782752832,0.1121228544256868,0.0087278884501771
363.8130686870721,0.600546823978183,0.2779087432906579,0.1125676621093551,0.008976770621804301
364.1468421445832,0.5981309013061634,0.2791289510706606,0.1132911683175638,0.0094489793056119
364.4806156020943,0.5976437515133615,0.2807714837344051,0.1123343810803973,0.009250383671836001
364.8143890596053,0.5981870941594574,0.2825049703611867,0.1105445881746106,0.0087633473047448
365.1481625171164,0.5977316795980385,0.2839444069139036,0.1096704114768228,0.0086535020112344
365.4819359746275,0.5962654477436701,0.2852021298751535,0.1097832633366516,0.008749159044523499
365.8157094321386,0.594417274423157,0.2864683914982652,0.1103644282116896,0.0087499058668885
366.1494828896497,0.5928550428949637,0.2877821181589619,0.1105822109869647,0.008780627959110299
366.4832563471607,0.5905178105385169,0.2889669258950534,0.1112258116495551,0.0092894519168735
366.8170298046718,0.5892014140816761,0.2904541060348145,0.1109729680393999,0.009371511844109701
367.1508032621829,0.5897365851833646,0.2922681967696833,0.1091114781779797,0.0088837398689732
367.484576719694,0.5897931425637783,0.2938602261904734,0.1077475177554607,0.0085991134902877
367.81835017720505,0.5887375454795168,0.2951953079692212,0.107415580106941,0.0086515664443234
368.1521236347161,0.5869093697256438,0.2964410363450704,0.1079204787567367,0.008729115172549
368.4858970922272,0.5853744348554182,0.2977953299173086,0.1081627912433012,0.008667443983971599
368.8196705497383,0.5835002179970863,0.2990392089555191,0.1084717433605568,0.008988829686837601
369.1534440072493,0.5815466049628604,0.3003623180691065,0.1087396696759794,0.0093514072920541
369.4872174647604,0.5816216959089893,0.3021363067874542,0.1072290271623484,0.0090129701412089
369.8209909222715,0.5821472959191984,0.3038894898387566,0.1054140152502434,0.0085491989918007
370.1547643797825,0.5815481860455152,0.3053293038624873,0.1046239693937488,0.0084985406982483
370.4885378372936,0.5799486546624455,0.3065902875907048,0.1048350030170491,0.0086260547298001
370.8223112948047,0.5782627116779033,0.3079153658592976,0.1052264324262871,0.0085954900365122
371.1560847523158,0.5768274762888703,0.3092583648589788,0.1052482237551067,0.0086659350970433
371.4898582098269,0.574712263675814,0.3104888636533004,0.1056332165757136,0.0091656560951734
371.8236316673379,0.5740378769409265,0.3121108713179607,0.1047680849531801,0.009083166787931399
372.157405124849,0.5747682599383638,0.3139746346627444,0.1027222603318888,0.008534845067003801
372.4911785823601,0.5746728026631474,0.3155496063720763,0.1014586396884536,0.0083189512763218
372.8249520398712,0.5734596927419233,0.3168681545832585,0.1012435090914318,0.0084286435833867
373.1587254973823,0.5716772535117873,0.3181361886548763,0.1016875069802103,0.0084990508531251
373.4924989548933,0.5703716606768297,0.3195374914962712,0.1016653489827124,0.008425498844186
373.8262724124044,0.5685756062851972,0.3207841169636564,0.1018237436292937,0.0088165331218517
374.16004586991545,0.5671744564459966,0.3222080285078388,0.101580943533032,0.0090365715131327
374.49381932742654,0.5676805268511458,0.32407067709127,0.0996873065649394,0.0085614894926444
374.8275927849376,0.5680971917858016,0.3258003590199276,0.0979595472098442,0.0081429019844266
375.1613662424487,0.5673411234713028,0.327208274555813,0.097289659501623,0.0081609424712605
375.4951396999597,0.5656644151209336,0.3284496563768724,0.0975606554484622,0.0083252730537321
375.8289131574708,0.5642161842675769,0.3298210295278462,0.0976994290073589,0.0082633571972181
376.1626866149819,0.5628898904887163,0.3311597499582966,0.0975572273819178,0.00839313217107
376.496460072493,0.5611090918149821,0.3324312029140435,0.0976202790496289,0.0088394262213448
376.8302335300041,0.5610150985132236,0.3341617600049089,0.0962429504957469,0.0085801909861217
377.1640069875152,0.5617881396414225,0.3360211525408124,0.0941878636702368,0.0080028441475279
377.4977804450262,0.5615231310417178,0.33754597294516,0.0930671520895545,0.0078637439235671
377.8315539025373,0.5601623155024421,0.3388147901544729,0.0929757117084138,0.0080471826346709
378.1653273600484,0.5585236298022649,0.3400971073686361,0.0932756962320953,0.0081035665970034
378.49910081755945,0.5574377019266576,0.3415135197126977,0.093016638551695,0.0080321398089483
378.83287427507054,0.5557769038748244,0.3427444609053194,0.0930072677931224,0.0084713674267336
379.1666477325816,0.5549511415399179,0.3442600659838442,0.0922712583843342,0.0085175340919057
379.5004211900927,0.5557239015186209,0.3461570943567837,0.0901950049602957,0.0079239991642989
379.8341946476037,0.5559724808584752,0.3478221840012246,0.0886334817719697,0.007571853368330699
380.1679681051148,0.5550492279777564,0.3491623552410344,0.0881101705118431,0.0076782462693663
380.5017415626259,0.5533747846121821,0.3503678445743691,0.0883789980887998,0.007878372724648
380.835515020137,0.5522019838586504,0.3517678413334834,0.0882500111538405,0.0077801636540257
381.169288477648,0.5509659861021642,0.3530684347515703,0.0879830088649981,0.0079825702812669
381.5030619351591,0.5495998159187168,0.3543772479725011,0.087696912038974,0.0083260240698077
381.8368353926702,0.549965159915235,0.3561772818297321,0.0859734708578544,0.0078840873971775
382.1706088501813,0.5506537824214023,0.3579782728080832,0.0840489572745829,0.0073189874959308995
382.5043823076924,0.5502084128092554,0.3594183734834872,0.083100627114898,0.0072725865923591
382.8381557652034,0.5487348408446209,0.3606081782004366,0.0831141016899313,0.007542879265011199
383.1719292227145,0.5473179901670362,0.3618989711097917,0.0832106907047579,0.0075723480184142
383.5057026802256,0.5464116503813836,0.3632931609565803,0.0827751696065968,0.0075200190554386
383.8394761377367,0.5449487065418807,0.3644964909600449,0.0825866120504455,0.007968190447629
384.1732495952477,0.5446530221979852,0.3660846337374799,0.0814458963992131,0.0078164476653215
384.5070230527588,0.5455228702285644,0.3679560989915915,0.0793788709065421,0.0071421598733013
384.84079651026985,0.5455721340698931,0.3695189262106212,0.0780297531276009,0.0068791865918849
385.17456996778094,0.5444816389592784,0.3707553985072188,0.0776630470264836,0.007099915507018799
385.508343425292,0.5428954963305327,0.3719176074399568,0.0778638435438321,0.0073230526856787
385.8421168828031,0.5419922588352255,0.3733217905325369,0.0775003252959805,0.007185625336256499
386.1758903403142,0.540836958079123,0.3745550145528596,0.077145286064436,0.0074627413035816
386.5096637978252,0.5399158313834231,0.3758967578859077,0.0765334863691526,0.0076539243615168
386.8434372553363,0.5405816222146238,0.3777153450942674,0.0746573906934138,0.0070456419976953
387.1772107128474,0.5410973728083266,0.37940895215805,0.0729564069443656,0.006537268089257
387.5109841703585,0.5404642933425311,0.3807295017333087,0.0721983312568709,0.006607873667289901
387.8447576278696,0.5389345644508816,0.3818206542118394,0.0722767442282163,0.0069680371090616
388.1785310853806,0.5377817196643392,0.3831139480861217,0.0721540715833628,0.006950260666175901
388.5123045428917,0.5369978540546022,0.3844463732357667,0.0716186060765198,0.0069371666331107
388.8460780004028,0.5357839624415678,0.3856168427498383,0.0712552381779273,0.0073439566306669
389.17985145791386,0.5359165719032665,0.387247593725029,0.0698530788791302,0.0069827554925747
389.51362491542494,0.5367343776649929,0.3890342756444016,0.0679474699050065,0.0062838767855996
389.847398372936,0.5365716145461454,0.3904608046239058,0.066831761908819,0.0061358189211303
390.1811718304471,0.5353297597414487,0.3915625102549894,0.0666150659927918,0.00649266401077
390.5149452879581,0.5339045813133808,0.392682822590745,0.0667002818732936,0.0067123142225805005
390.8487187454692,0.5332249776482689,0.3940604327204036,0.0661744177501777,0.0065401718811496
391.1824922029803,0.5321523029751272,0.3952057340829444,0.0657667220698012,0.006875240872127399
391.5162656604914,0.5316510062557815,0.3965718535819807,0.0649034629898614,0.006873677172376099
391.8500391180024,0.5324475862243948,0.3983509907919475,0.0630589451510395,0.006142477832618299
392.1838125755135,0.5327411744984837,0.3998967137482141,0.0616302650710193,0.0057318466822825
392.5175860330246,0.5319174854800546,0.401064651736566,0.061068981333898,0.005948881449481
392.8513594905357,0.5303973380825507,0.4020511478205284,0.0611690290747964,0.0063824850221242
393.1851329480468,0.5295081001212084,0.4033373095775742,0.0608604933875879,0.0062940969136294
393.51890640555786,0.528787230221501,0.404571917474167,0.0603017017325017,0.00633915057183
393.8526798630689,0.5278465625873102,0.4057099524643121,0.0597965499955846,0.0066469349527932
394.18645332058,0.528269236337054,0.4073427258751065,0.0583001655203884,0.0060878722674509
394.5202267780911,0.5289239796149217,0.4089922768374612,0.0566548168471776,0.0054289267004394
394.8540002356021,0.5285458104816491,0.4102530189958676,0.0557790736035021,0.0054220969189808
395.1877736931132,0.5271845737552954,0.4111999125622661,0.0556933771867052,0.0059221364957323
395.52154715062426,0.5259631956651447,0.4122870123117326,0.0556520280751406,0.0060977639479817
395.85532060813534,0.5254333193816371,0.4136027233009886,0.0550586256850372,0.005905331632337
396.1890940656464,0.5244519593898544,0.4146506051708309,0.0546345250714918,0.0062629103678217
396.5228675231575,0.5242962305317695,0.4160265959576046,0.0536326357380631,0.006044537772563
396.8566409806686,0.5250696605127215,0.4177084886517622,0.0519655600320288,0.005256290803488
397.1904144381797,0.5251217537030006,0.4190756283685462,0.0508239507499562,0.0049786671784974
397.5241878956907,0.5241119072006161,0.4200640617351528,0.0504574547169143,0.0053665763473165
397.8579613532018,0.5226598040284757,0.4209547700239701,0.050549964570342,0.0058354613772116995
398.1917348107129,0.5219938378261394,0.4222190771842601,0.0501271845344753,0.0056599004551251
398.525508268224,0.521285379253886,0.4233290926985134,0.0496140234222301,0.0057715046253705
398.8592817257351,0.5206075312070658,0.4244377130447844,0.0490278668273811,0.0059268889207679
399.1930551832461,0.5211692961590471,0.4260252290152252,0.0475931277738785,0.0052123470518481
399.5268286407572,0.521594005092991,0.4274974552966581,0.0462555416616455,0.0046529979487051
399.86060209826826,0.5210003971627916,0.4285681716402598,0.0456172065344758,0.0048142246624723
400.19437555577935,0.5195613309236841,0.4293564488588133,0.0456413477051179,0.0054408725123836
400.5281490132904,0.5185488468993366,0.4304214863714,0.0455031565296899,0.005526510199574
400.8619224708015,0.5180836513434813,0.4316400058807164,0.0449365605047801,0.005339782271023
401.19569592831255,0.5171997677101932,0.4325934565783657,0.0445373987110471,0.005669377000394301
401.5294693858236,0.5172824020961362,0.4339568808280719,0.0435223438837242,0.005238373192068199
401.8632428433347,0.517913665360168,0.4354908969325602,0.0421234228108043,0.0044720148964675
402.1970163008458,0.5177225726347392,0.4366586837101072,0.0412634569342591,0.0043552867208946
402.5307897583569,0.5165392274580298,0.4374521847951411,0.0410845765531063,0.004924011193722599
402.8645632158679,0.5151926784828555,0.4382697756993355,0.0411660442219928,0.0053715015958163
403.198336673379,0.5146798605734367,0.4394919913813155,0.0407202922915041,0.005107855753744299
403.5321101308901,0.513947922930753,0.440463233075993,0.0403088214194371,0.005280022573817799
403.8658835884012,0.5134900248326862,0.4415450088766122,0.0397191832973572,0.005245782993345299
404.19965704591226,0.5140501070556444,0.4430394859817623,0.0384643091366605,0.0044460978259327
404.5334305034233,0.5142160500069602,0.4443085433783523,0.0374416126878732,0.0040337939268141
404.8672039609344,0.5134081731416363,0.4451722571473825,0.0370349712384123,0.0043845984725703
405.2009774184455,0.5119315711442209,0.4458169790810963,0.0371582184192932,0.0050932313553916
405.53475087595655,0.511097497771824,0.4468688659961283,0.0369825158767775,0.0050511203552695005
405.8685243334676,0.5106166358578146,0.4479608813736039,0.0365234354722609,0.0048990472963199
406.2022977909787,0.509825824016315,0.4488328407966883,0.0361962226040138,0.0051451125829827
406.53607124848975,0.5100273831083995,0.4501542493268196,0.0352776204305257,0.0045407471342542
406.8698447060008,0.5104403586288873,0.4515036518923,0.0341854163394684,0.0038705731393464003
407.2036181635119,0.5100112445242627,0.4524601108550953,0.0335932193974414,0.003935425223201
407.537391621023,0.508672630589502,0.4530596270552489,0.0335967909099399,0.004670951445309299
407.8711650785341,0.507441610993908,0.4538353380690469,0.0336928280367328,0.005030222900310801
408.2049385360451,0.5069970420577726,0.4549914771602106,0.0333128742479082,0.0046986065341074
408.5387119935562,0.5062203373420942,0.4558254734108051,0.0330471870727981,0.0049070021743057
408.8724854510673,0.5059162335489312,0.4568796298281533,0.0325320459662138,0.0046720906567029995
409.2062589085784,0.5063621826024169,0.4582385065195675,0.0315247988185371,0.0038745120594784
409.5400323660895,0.5062663650415234,0.4592932045585602,0.0308014520306129,0.0036389783693031004
409.87380582360055,0.5052462765154218,0.4599434296467468,0.0306233965376155,0.0041868973002154
410.2075792811116,0.5037608609306913,0.4604788426498204,0.030852256081509,0.004908040337978
410.54135273862266,0.5030492636756787,0.4615208212305677,0.0307111030830063,0.0047188120107459
410.87512619613375,0.5024885260234694,0.4624680383579944,0.0304200062309323,0.0046234293876041
411.2088996536448,0.5017735366866424,0.4632775177423166,0.0302098784788871,0.0047390670921545995
411.5426731111559,0.5019819417811784,0.4645252982268413,0.0294632044712802,0.0040295555206996
411.87644656866695,0.5021401775523169,0.4656706922126942,0.0286773094075528,0.0035118208274362997
412.2102200261781,0.5014780586138846,0.4664127267726508,0.0283392663099637,0.0037699483034997
412.5439934836891,0.5000031614254606,0.466838768272641,0.0285298570713385,0.0046282132305594
412.8777669412002,0.4988718947081581,0.4676069365669727,0.0286836539112071,0.004837514813663
413.2115403987113,0.4984116482250695,0.468673733176825,0.0284396559466773,0.0044749626514278
413.5453138562224,0.4975800463366019,0.4693872565484067,0.0283531240060526,0.0046795731089369005
413.8790873137334,0.4973535893404873,0.4704082463971488,0.0279700370346018,0.0042681272277623
414.2128607712445,0.4976101561758708,0.4716015184273476,0.0272317287639226,0.0035565966328586
414.5466342287556,0.4972618357436243,0.4724434446083337,0.0267843605137148,0.0035103591343273004
414.88040768626666,0.4960319689175421,0.4728882680059495,0.0268376764736053,0.0042420866029009
415.21418114377775,0.4945500226059628,0.4733630034772595,0.0271939204129748,0.0048930535038015
415.5479546012888,0.4938940310093898,0.4743912276349531,0.0271506611734544,0.0045640801822031
415.8817280587999,0.4932107929771063,0.4751915680473691,0.0270646674381179,0.0045329715374068
416.21550151631095,0.492544577547504,0.4759593221689107,0.0270038574658327,0.0044922428177521
416.5492749738221,0.4926694097021691,0.4771046848644624,0.0264621524862303,0.0037637529471381
416.8830484313331,0.4925657492507205,0.4780440627564707,0.0259596243198445,0.0034305636729641
417.2168218888442,0.491671960486058,0.4785779460176789,0.0258686086981326,0.0038814847981299997
417.5505953463552,0.4900764200850923,0.4788715520359057,0.0262608678249913,0.0047911600540109
417.8843688038663,0.4890115556419003,0.4796638843778841,0.0265145397717676,0.0048100202084482
418.2181422613774,0.4884657194423546,0.480623101724996,0.0264509574309606,0.004460221401688
418.5519157188885,0.4875771046136914,0.4812451075065738,0.0265606985433589,0.0046170893363763
418.8856891763996,0.4873555838289958,0.4822237361983439,0.0263340702676281,0.0040866097050318
419.2194626339106,0.4873839899448118,0.4832383248570026,0.0258535530670145,0.00352413213117
419.5532360914217,0.4867943156866965,0.4838791420275776,0.0256602221795768,0.0036663201061504997
419.8870095489328,0.4853567904296746,0.4841443187934751,0.025956361283616,0.0045425294932343995
420.2207830064439,0.4838764365219443,0.484614255713754,0.0264647848649223,0.0050445228993776
420.55455646395495,0.483212000315132,0.4856199112555732,0.02655826651397,0.0046098219153247
420.888329921466,0.4823855634725428,0.4862882215933599,0.0266932801516201,0.0046329347824772
421.22210337897707,0.4817376741683924,0.4870322707870474,0.0267888811362901,0.0044411739082686
421.55587683648815,0.4817169259926747,0.4880555003367507,0.026448549270762,0.0037790243998131
421.8896502939992,0.4813610117856278,0.4888017962273269,0.0261996053518232,0.0036375866352216
422.2234237515103,0.4802320092522491,0.4891445893149605,0.0263577511330425,0.0042656502997482
422.5571972090214,0.4785273949212464,0.4893642724004168,0.0269699209472267,0.0051384117311092
422.8909706665325,0.4774899795993307,0.4902036603238617,0.027347383836652,0.0049589762401559
423.2247441240435,0.4768103266028785,0.4910478982746344,0.0274817455158917,0.004660029606596399
423.5585175815546,0.4758684728141261,0.4916152208885772,0.0277826965960287,0.0047336097012681995
423.8922910390657,0.4755928342636893,0.4925404963092606,0.0277037740851206,0.0041628953419306
424.2260644965768,0.4753824877273067,0.4933810012244794,0.0274537023177896,0.0037828087304231
424.5598379540878,0.4745584793513674,0.4938399513467957,0.0275002012599467,0.0041013680418896005
424.8936114115989,0.4729154008074204,0.4939699246763049,0.0280573158722567,0.005057358644019299
425.22738486911,0.4714280636990007,0.4944912667941366,0.0287283049818458,0.0053523645250169
425.561158326621,0.4707039570085598,0.4954634869256501,0.0289694109978666,0.0048631450679231004
425.89493178413215,0.4697339720485312,0.4960295806576943,0.0293200742407788,0.004916373052993901
426.2287052416432,0.469076992340605,0.4967639243805059,0.0295488474010183,0.0046102358778724
426.5624786991543,0.4688763435030927,0.497658627730995,0.0293857808598202,0.0040792479060921
426.89625215666535,0.4682836610992161,0.4982357822690341,0.0293635940094556,0.004116962622294501
427.2300256141765,0.4669120574762447,0.4984172862327449,0.0297824563582724,0.0048881999327371
427.5637990716875,0.4651090833515554,0.4986330716882193,0.0306235959647254,0.0056342489954998
427.8975725291986,0.4640661330813037,0.4995320102672363,0.0311197326694329,0.0052821239820262
428.2313459867096,0.4632279978634009,0.5002683685441621,0.0314474253424876,0.0050562082499476
428.5651194442207,0.462241568411524,0.5008191569284512,0.0319080537117214,0.0050312209483037995
428.8988929017318,0.4618712504475006,0.5016832660221752,0.0319451618359253,0.0045003216943994995
429.2326663592429,0.4614291591327439,0.5023700983311711,0.0318957606670534,0.0043049818690314
429.566439816754,0.4603710056911847,0.5026733233444682,0.0321782919303527,0.0047773790339936
429.900213274265,0.458527956719113,0.5027295427985607,0.0330113542214949,0.005731146260831901
430.2339867317761,0.4570278524896473,0.5033509974946513,0.0338266931721655,0.0057944568435353005
430.5677601892872,0.4562104868780561,0.5042813936041577,0.0342021780557902,0.005305941461994999
430.9015336467983,0.4551144829041491,0.5047872111675138,0.0347391942724456,0.0053591116558911
431.23530710430936,0.4544278288883258,0.5055213361561619,0.0350536979876585,0.004997136967854
431.5690805618205,0.4540348475771235,0.506295611570762,0.0350385936379368,0.0046309472141782
431.9028540193314,0.4532194288554756,0.5067339042980408,0.0352234890433575,0.0048231778031259005
432.23662747684256,0.4515976600350848,0.5067976676671063,0.0359195228028041,0.0056851494950047
432.5704009343536,0.4497116148525243,0.5070835871594804,0.0369722709982116,0.0062325269897834
432.90417439186473,0.4486440084448259,0.5080447453069362,0.0375532324085604,0.0057580138396764995
433.2379478493758,0.4476451630830724,0.5086951936228917,0.0380515020347428,0.0056081412592919
433.5717213068869,0.4466271939037308,0.5092640738488738,0.038612947006758,0.0054957852406355995
433.90549476439793,0.4461392404812735,0.5100666287564166,0.0387280924953596,0.0050660382669504
434.239268221909,0.4454807746631825,0.510630959327905,0.0388539879903588,0.0050342780185543
434.5730416794201,0.4441819727541914,0.5108115086024203,0.0393773816909243,0.0056291369524639
434.9068151369312,0.4421545931481895,0.5108673815822085,0.0404833548942541,0.0064946703753484
435.2405885944423,0.440646254625778,0.5116253597489281,0.0413899065561325,0.006338479069161299
435.5743620519533,0.4397196185735779,0.5125120951543205,0.0418698075170745,0.0058984787550260005
435.9081355094644,0.4385293227715513,0.5130048325406081,0.0425393185296518,0.0059265261581880994
436.2419089669755,0.4377998024944681,0.5137450229248589,0.0428813668441908,0.0055738077364817
436.57568242448656,0.4372167544889309,0.5144205726817628,0.0429890394762185,0.0053736333530878
436.9094558819976,0.4361870794240988,0.5147528531338302,0.043369888193181,0.005690179248889
437.2432293395087,0.434314001364061,0.5147559469305474,0.0443530615438155,0.006576990161576399
437.57700279701976,0.4323705582541192,0.5151803263490641,0.0455611084297327,0.0068880069670847
437.9107762545309,0.4312745566204859,0.516198644182927,0.0461742270651031,0.0063525721314826
438.24454971204193,0.4301327826591306,0.5167985944187653,0.0468017485869725,0.006266874335131199
438.578323169553,0.4290990605838,0.5174129542050558,0.0473871325347192,0.0061008526764258
438.9120966270641,0.4284831991386302,0.5181624006819473,0.0475503777864222,0.0058040223930006
439.24587008457513,0.4276260090611966,0.5186400321627568,0.0478310134936545,0.0059029452823922
439.5796435420862,0.4260766472915981,0.5187376343567867,0.0486043237604936,0.0065813945911219
439.9134169995973,0.4238971754534707,0.518872198593181,0.0499463941995596,0.0072842317537886005
440.2471904571084,0.4223985424001997,0.5197879914778951,0.0508616655265636,0.0069518005953414005
440.5809639146195,0.4213621483481654,0.5206381059631783,0.0514084134656354,0.0065913322230208
440.9147373721305,0.4201182638385408,0.5211640836461061,0.0521343995300898,0.0065832529852626
441.2485108296416,0.419338168350585,0.5219159226195559,0.0524524695026553,0.0062934395272042
441.5822842871527,0.4185758848753845,0.5225238505623273,0.0526654241250644,0.0062348404372218995
441.91605774466376,0.4173336905227779,0.5227836079447592,0.0532382789758106,0.006644422556653101
442.2498312021749,0.415223316067545,0.5227937596843595,0.0544976152019359,0.0074853090461599
442.58360465968593,0.4132624813513004,0.5234121703227215,0.0557659386896559,0.007559409636322401
442.91737811719696,0.4121449437438571,0.524479550408711,0.0563535344502991,0.007021971397132
443.2511515747081,0.4108948669968312,0.5250724939046024,0.057052195100743,0.0069804439978227995
443.58492503221913,0.409860620878922,0.5257511217481872,0.0575848117068354,0.0068034456660551
443.9186984897302,0.4091144458801061,0.5264652819928208,0.0577803395346763,0.0066399325923953
444.2524719472413,0.4080746324384128,0.5268917241376689,0.0582000388814075,0.0068336045425108
444.58624540475233,0.4062687218224275,0.5269535475054782,0.0592278845225579,0.007549846149536299
444.9200188622634,0.4039891600444771,0.5272436769186387,0.0607252656685335,0.0080418973683508
445.2537923197745,0.4025299268916148,0.5283221169157981,0.0615557920395552,0.007592164153031201
445.5875657772856,0.4013966122240334,0.5291532736145246,0.0621280811970824,0.0073220329643591
445.9213392347967,0.400141954270549,0.5297525853517416,0.0628226166007635,0.0072828437769454
446.25511269230776,0.3993057876554103,0.5305226652728644,0.063087285473955,0.0070842615977713
446.5888861498188,0.3983800171937556,0.5310977485900724,0.0633924308925269,0.007129803323645
446.9226596073299,0.3969217861334366,0.5313181087635547,0.0641569772026399,0.0076031279003689
447.25643306484096,0.3946113422191998,0.5314090295416763,0.0656470673097582,0.0083325609293667
447.5902065223521,0.3926868570198706,0.5322596511970493,0.0668529180934861,0.0082005736895935
447.92397997986313,0.3915586197823222,0.5333684582351264,0.0673657304820453,0.0077071915005061005
448.25775343737416,0.3902471627737583,0.5339998691140035,0.0680640267276674,0.0076889413845699995
448.5915268948853,0.3892228963515965,0.5347539941941221,0.0684847571163929,0.0075383523378886
448.92530035239633,0.3883494446108151,0.5354571723928524,0.0687090284211963,0.007484354575135599
449.2590738099074,0.3871391153113368,0.5358638788720657,0.0692561151905152,0.0077408906260824
449.5928472674185,0.3850850170914305,0.5359433685738383,0.0705244319191174,0.0084471824156128
449.9266207249296,0.3827757944504618,0.5364561538925704,0.072054402543507,0.0087136491134609
450.2603941824406,0.3813902149465331,0.5376880969844671,0.0727153008212795,0.0082063872477216
450.5941676399517,0.3801845264786326,0.5385266897080827,0.0732676263806874,0.0080211574325956
450.9279410974628,0.3789566998458802,0.539228048779305,0.0738481557331663,0.0079670956416469
451.2617145549739,0.3780589128543996,0.5400257197026164,0.0740545539661254,0.0078608134768581
451.59548801248496,0.3769883092951372,0.5406006180651121,0.0744380841949613,0.007972988444789001
451.929261469996,0.3753101726640192,0.540815371665766,0.0753913736826282,0.008483081987586301
452.2630349275071,0.3728638409586491,0.541060359929865,0.0770218045804621,0.0090539945310237
452.59680838501816,0.3710377422860468,0.5421601621676552,0.078035894396515,0.0087662011497829
452.9305818425293,0.3699092063853509,0.5433058203354398,0.0784385292647897,0.0083464440144182
453.26435530004034,0.3685884853927733,0.5440170723699189,0.0790568847905239,0.0083375574467836
453.59812875755136,0.3675764837583417,0.5448511761553965,0.0793372437286693,0.0082350963575921
453.9319022150625,0.3665843235503145,0.545569658760325,0.079590142217402,0.008255875471958801
454.2656756725736,0.3652106389227887,0.5459814006923763,0.0802542089749721,0.008553751409862
454.5994491300846,0.3629412023498216,0.5461361604235553,0.0817175804491761,0.0092050567774443
454.9332225875957,0.360685082931553,0.5469221930172703,0.0831295947474977,0.0092631293036792
455.2669960451068,0.3594020776972549,0.548287924833953,0.0835604111768912,0.0087495862918998
455.6007695026178,0.3581585652305521,0.5491649261246367,0.0840432901525649,0.008633218492245201
455.9345429601289,0.356983717635982,0.5499838195535663,0.0844491663804962,0.0085832964299546
456.26831641764,0.3560191726528051,0.550820699360208,0.0846098851767931,0.008550242810193901
456.6020898751511,0.3548232193712468,0.55142112783382,0.0850561231781816,0.0086995296167515
456.93586333266217,0.3529293395927871,0.5516650330772335,0.086182801271362,0.0092228260586163
457.2696367901732,0.3504354853226331,0.5521303712193532,0.0878218115662014,0.009612331891811399
457.6034102476843,0.3487679167669925,0.5534753359683284,0.0885350789184355,0.0092216683462436
457.93718370519537,0.3476484986798835,0.5546580238280786,0.088804923438234,0.008888554053803701
458.27095716270645,0.3463667693935102,0.5554801592590819,0.0892710094640828,0.0088820618833255
458.6047306202176,0.3453603476264537,0.5563940331789804,0.0894160215505248,0.0088295976440411
458.9385040777286,0.3442643991823929,0.5571517148128504,0.0896925485731027,0.0088913374316532
459.27227753523965,0.3427310608061165,0.5575873025899019,0.09046388253673,0.009217754067251
459.60605099275074,0.3403089227076945,0.5578766998320315,0.0920385164999128,0.0097758609603623
459.9398244502618,0.3381921580867887,0.5589641231531459,0.0931808085896155,0.0096629101704491
460.2735979077729,0.3370272648063365,0.5604377822393958,0.0933560406231116,0.0091789123311562
460.607371365284,0.3357868324040778,0.5613839761599703,0.0937182452997434,0.009110946136208001
460.941144822795,0.3346757713234254,0.5623227884735771,0.093924741280796,0.0090766989222008
461.2749182803061,0.3336429893260896,0.5632110562155404,0.094058511579853,0.0090874428785163
461.6086917378172,0.3323395150690233,0.5638528289595696,0.0945505822251314,0.0092570737462752
461.9424651953283,0.330252194470689,0.5641616793013806,0.0958137115900917,0.0097724146378383
462.27623865283937,0.3278138513131932,0.5649012430136031,0.097305068339654,0.0099798373335492
462.61001211035045,0.3263510354831127,0.5664679254766719,0.0976496663170019,0.0095313727232133
462.9437855678615,0.3252518333675217,0.5676925079993225,0.0977739817116422,0.0092816769215133
463.27755902537257,0.3240449384846492,0.5686427097832802,0.0980379001589367,0.0092744515731331
463.61133248288365,0.3230316844544121,0.5696331511921244,0.098076468369841,0.0092586959836233
463.94510594039474,0.3218525693987696,0.5704469916668364,0.098364345714195,0.009336093220199099
464.2788793979058,0.3201647853169888,0.5709207921864494,0.0992286482147175,0.0096857742818448
464.61265285541685,0.3176799717997161,0.571401196635507,0.1007935275295478,0.0101253040352288
464.946426312928,0.3157814872756527,0.5727935866885168,0.1015428643388295,0.0098820616970013
465.280199770439,0.3147343113821492,0.5743479743122111,0.1014684997604437,0.009449214545196101
465.6139732279501,0.3135378356991123,0.5753874704949925,0.1016643627024581,0.0094103311034388
465.9477466854612,0.3124858428211097,0.576437423103358,0.1016849558681241,0.0093917782074079
466.2815201429723,0.311391026733578,0.5773873541300207,0.1018021204926577,0.009419498643743099
466.6152936004833,0.3099940911218922,0.5780758992416406,0.1023236088794667,0.0096064007570008
466.9490670579944,0.3077617125747848,0.5784870087428601,0.103657040980108,0.0100942377022465
467.2828405155055,0.3054830167201333,0.5795361741457846,0.1048430471241062,0.0101377620099762
467.61661397301657,0.3042475937057844,0.5812843485553362,0.1048018814938798,0.0096661762449998
467.95038743052766,0.3031838521133593,0.5825586346928965,0.1047711774311361,0.0094863357626081
468.2841608880387,0.3020694844864844,0.58363800087583,0.1048146182931663,0.0094778963445207
468.61793434554977,0.3010374681492785,0.5846997114625898,0.1047830576337112,0.0094797627544207
468.95170780306086,0.2997987229496625,0.5855761379005943,0.1050630705442953,0.0095620686054476
469.285481260572,0.2979708338969911,0.58609982547333,0.1059934052954661,0.009935935334212099
469.619254718083,0.2955304420111041,0.5868196372253057,0.1074039244121641,0.0102459963514256
469.9530281755941,0.2939099627758624,0.588495790386327,0.1076866354482812,0.0099076113895294
470.28680163310514,0.2929682323779799,0.5901050476986943,0.107389612448442,0.0095371074748837
470.6205750906162,0.2918489642655062,0.5912505458691267,0.1073888971925998,0.0095115926727683
470.9543485481273,0.290839952953408,0.5923945877366689,0.107263544039059,0.0095019152708639
471.2881220056384,0.2896987420127284,0.5934113267605793,0.1073599828079814,0.0095299484187092
471.6218954631495,0.2882188145051462,0.5941429111023913,0.1078962065735569,0.009742067818904701
471.9556689206605,0.2859173146437246,0.5946935291264603,0.1092039975744845,0.0101851586553311
472.2894423781716,0.2838893427035703,0.5960645793629394,0.1099566074054178,0.010089470528073
472.6232158356827,0.282876671943234,0.5979437929191469,0.1095604707012629,0.0096190644363562
472.95698929319377,0.2818669404590564,0.5992745901140457,0.1093674911667249,0.0094909782601724
473.29076275070486,0.2808435751085225,0.6004686109397239,0.1092084512837118,0.009479362668041
473.6245362082159,0.2797880795283624,0.601595021587437,0.109134840541028,0.009482058343174001
473.958309665727,0.2785119770923135,0.6025287115107846,0.1093869155765422,0.0095723958203595
474.29208312323806,0.2765750783414232,0.6031147081740686,0.1103403875390529,0.0099698259454544
474.62585658074914,0.274288360560639,0.604109587474953,0.1114524840356036,0.0101495679288044
474.9596300382602,0.272976085536204,0.6060249700467363,0.1112579076276027,0.0097410367894574
475.2934034957713,0.2721236151839922,0.6076667433545918,0.1107760425295606,0.0094335989318559
475.6271769532824,0.2711006218159607,0.6089165765207483,0.1105732821229936,0.0094095195402975
475.96095041079343,0.270114742701344,0.6101328574150672,0.1103531759528853,0.009399223930702999
476.2947238683045,0.2689502559849479,0.6112139487043772,0.1104137494167085,0.009422045893965999
476.6284973258156,0.2673978496904196,0.6119785922614832,0.1109496434591062,0.0096739145889901
476.9622707833267,0.2651233717052149,0.6127041113258249,0.1121178757628991,0.0100546412060606
477.2960442408377,0.2634122220822502,0.6143838206814435,0.1123646209557274,0.0098393362805783
477.6298176983488,0.2625943207638768,0.6163397417134673,0.1116793679177104,0.0093865696049458
477.9635911558599,0.2616563080573871,0.6177288972460905,0.1113247638134631,0.0092900308830587
478.297364613371,0.2607073799917123,0.6190109477178886,0.1110098846087622,0.0092717876816361
478.63113807088206,0.25963498663635,0.6201937839536675,0.1109051680924846,0.0092660613174972
478.9649115283932,0.258339046269587,0.6211684317367884,0.111115147715546,0.0093773742780778
479.2986849859042,0.2563451661865884,0.6218314329675679,0.1120305366625001,0.009792864183343599
479.63245844341526,0.2543080844257318,0.6231194216817949,0.1127277271103074,0.0098447667821655
479.9662319009264,0.2532995726907722,0.6252119499964979,0.1121059630152254,0.0093825142975044
480.30000535843743,0.252523142098343,0.6268677218666429,0.1114778602729733,0.0091312757620409
480.6337788159485,0.2515981751002105,0.6282047604760641,0.1110962186065872,0.0091008458171378
480.9675522734596,0.2506205342040856,0.6294703115733206,0.1108257449102601,0.0090834093123329
481.3013257309706,0.2494583072959418,0.6306038155549705,0.1108306726493867,0.0091072044996999
481.6350991884817,0.2478500250369567,0.6313899946393523,0.1113464700798945,0.0094135102437959
481.9688726459928,0.2457044576606626,0.632321279383568,0.1122594678208075,0.0097147951349608
482.3026461035039,0.2443432922756265,0.6342696470080724,0.1119936653157132,0.0093933954005872
482.636419561015,0.2436787446533523,0.6362496033705014,0.1111011515450146,0.008970500431131699
482.970193018526,0.2428238735677763,0.6376900716998342,0.1105965356377218,0.008889519094667401
483.3039664760371,0.2419256998525033,0.6390258800029643,0.1101839885364911,0.008864431608040799
483.6377399335482,0.2408539054675927,0.6402539292950236,0.1100415759466122,0.008850589290770601
483.97151339105926,0.2395499980434809,0.6412446149496291,0.1102012525437862,0.0090041344631028
484.3052868485704,0.2375700015657518,0.642001621851765,0.1110024604602646,0.0094259161222176
484.6390603060814,0.2358520687454097,0.6435793401599766,0.1112175042109884,0.0093510868836259
484.97283376359246,0.2351112492192249,0.6457757391094651,0.1102604738137342,0.0088525378575775
485.3066072211036,0.2344030251026222,0.6474289493637538,0.1095208818002684,0.0086471437333554
485.6403806786146,0.2335623608501122,0.6488225722573604,0.1090061172752425,0.0086089496172849
485.9741541361257,0.2325892640841572,0.6501155982626937,0.1087098725281152,0.0085852651250342
486.3079275936368,0.2314513928802569,0.6512791368265617,0.1086441037245738,0.0086253665686075
486.64170105114783,0.2298154069741191,0.6520778874615418,0.1091118199177865,0.0089948856465522
486.9754745086589,0.2278900592761489,0.6532359172064195,0.1096738235738817,0.0092001999435486
487.30924796617,0.2268756297914724,0.6553897715456047,0.10895282667541,0.0087817719875128
487.6430214236811,0.2263212583143696,0.6573473544226216,0.1079331863954431,0.0083982008675646
487.9767948811922,0.2255503914762839,0.6588203359009306,0.1073053666844351,0.008323905938351299
488.3105683387032,0.2246813390147901,0.660173660445247,0.1068490854351443,0.008295915104819099
488.6443417962143,0.2236338513396476,0.6614312189154812,0.1066530162998843,0.0082819134449874
488.9781152537254,0.222330578010853,0.6624089958863884,0.106759961920525,0.0085004641822334
489.31188871123646,0.2204449848037084,0.66327931147352,0.1073697178101054,0.0089059859126657
489.6456621687476,0.2190811294858,0.665119217661075,0.1070977452852966,0.008701907567827499
489.9794356262586,0.2185507135334624,0.6673425559983985,0.10591901187417,0.0081877185939679
490.31320908376966,0.2179062196971135,0.6689760660641472,0.1051009957265755,0.008016718512164
490.6469825412808,0.2171269028524591,0.6703864317625099,0.104510399975019,0.0079762654100125
490.98075599879184,0.2161672376556468,0.6716876438336953,0.1041936607612582,0.0079514577493998
491.3145294563029,0.2150683423836574,0.6728497489042191,0.1040541673882602,0.0080277413238636
491.648302913814,0.213446270640134,0.6736582765075294,0.1044386130960433,0.0084568397562936
491.982076371325,0.2118082703254264,0.6750491868328703,0.104596193566891,0.0085463492748125
492.3158498288361,0.2111034395277655,0.6773290290388959,0.1035262657028982,0.008041265730440901
492.6496232863472,0.2106230957210243,0.679225812014457,0.1024486283859032,0.0077024638786151005
492.9833967438583,0.2099257479159995,0.6807013458234878,0.1017401972210937,0.007632709039417799
493.3171702013694,0.2090736176537188,0.6820393796951538,0.101277685338109,0.0076093173130177
493.6509436588804,0.2080735515384009,0.6833048333050921,0.1010146952128177,0.0076069199436893005
493.9847171163915,0.2067807926363488,0.684241987808731,0.1010696566660601,0.0079075628888599
494.3184905739026,0.2050664170133282,0.685244485451815,0.1014244478579589,0.0082646496768978
494.65226403141367,0.2040546763141132,0.6872948366738865,0.1007230862624697,0.0079274007495312
494.9860374889248,0.2036703442049983,0.6894736161465211,0.0994364428067406,0.0074195968417385
495.31981094643584,0.2030842905929506,0.6910667544641232,0.0985740732793746,0.007274881663550101
495.65358440394687,0.2023425415558016,0.6924510754125512,0.0979632202094386,0.0072431628222086
495.987357861458,0.2014142191310521,0.6937433597329932,0.0976184756530215,0.0072239454829328
496.321131318969,0.2003606566720003,0.6948668289597538,0.0974141174489329,0.0073583969193124
496.6549047764801,0.1988038830322738,0.6956908841630757,0.0976778336652351,0.0078273991394154
496.9886782339912,0.1974882889450573,0.6973020027679679,0.0974294929701757,0.0077802153167992
497.32245169150224,0.1970308376599396,0.69961981925032,0.0961405980169033,0.0072087450728372
497.6562251490133,0.1965988819692026,0.7014246534100562,0.0950592581015342,0.0069172065192069
497.9899986065244,0.1959563358998765,0.702864277381169,0.0943201462942216,0.0068592404247323
498.3237720640355,0.1951213851066938,0.7041611717464114,0.0938675452670837,0.0068498978798119
498.6575455215466,0.1941851544202265,0.7054060519584368,0.0935352807529838,0.0068735128683527
498.99131897905767,0.1929183953709238,0.7062811009621185,0.0935369167467848,0.0072635869201735
499.3250924365687,0.1914349831200679,0.7074296385075083,0.0936005387115432,0.007534839660879899
499.6588658940798,0.1907401121964,0.7096177987137395,0.0925735833538224,0.0070685057360379
499.99263935159087,0.1904432776088571,0.711691696117537,0.0912747304200924,0.0065902958535136
500.326412809102,0.1899063678455168,0.7132181409482838,0.0904043424095418,0.006471148796657
500.660186266613,0.1891850574388959,0.7145373303254027,0.0898148564895098,0.0064627557461904
500.99395972412407,0.188308475180946,0.7158036207207599,0.0894316955600136,0.0064562085382802005
501.3277331816352,0.1873006103705726,0.716850216345574,0.0891801396464037,0.006669033637450699
501.66150663914624,0.1858620394912865,0.7177024915739656,0.0892918272947483,0.007143641639999001
501.9952800966573,0.1848699979964598,0.7194998244196811,0.0886873659619577,0.0069428116219010004
502.3290535541684,0.1845860718517686,0.7217688292933644,0.087308845873542,0.0063362529813243
502.6628270116795,0.1841858234177185,0.7234558960276325,0.0862646398117771,0.0060936407428719
502.9966004691905,0.1835769235896594,0.7248176457360396,0.0855432864737875,0.0060621442005135
503.3303739267016,0.1827697954181242,0.7260559533971903,0.0851013493061582,0.0060729018785269
503.6641473842127,0.1819039212179165,0.7272454642175363,0.0847124125240045,0.0061382020405432
503.9979208417238,0.1806856130310059,0.7280480668065302,0.0846583108283182,0.0066080093341446
504.33169429923487,0.1794666053118401,0.7293464430233557,0.0844330601618951,0.0067538915029097
504.6654677567459,0.1790286783426417,0.7315857230156668,0.0832088696610207,0.006176728980670201
504.999241214257,0.1787742623025413,0.7335080386841996,0.0819696352369242,0.0057480637763356
505.33301467176807,0.1782728359816006,0.7349360765421187,0.0811296229702439,0.0056614645060376004
505.6667881292792,0.1775654685918762,0.7361604171615006,0.0805854206644676,0.0056886935821559
506.00056158679024,0.1767567912605684,0.7373815536692044,0.0801624662929187,0.0056991887773085
506.33433504430127,0.1757929711923409,0.7383177771685513,0.079886360913552,0.0060028907255558
506.6681085018124,0.1745172162493874,0.7392146170349638,0.0798317587006744,0.0064364080149743
507.0018819593234,0.1738193678106522,0.7411438327576926,0.0789629789586242,0.006073820473030799
507.3356554168345,0.1736375878937711,0.7432873071225514,0.0776057071275292,0.0054693978561483
507.6694288743456,0.1732574460607495,0.7448335879512993,0.0766311941057586,0.0052777718821923995
508.0032023318567,0.1726647228031521,0.7460787732533989,0.0759672782062537,0.0052892257371944
508.3369757893677,0.1719007799710641,0.7472483446562446,0.0755313625628023,0.005319512809887799
508.6707492468788,0.1711022377583351,0.7483442534266725,0.0751121169840645,0.005441391830927201
509.0045227043899,0.1699590891548372,0.7490773371232491,0.0750020680813186,0.005961505640596099
509.338296161901,0.1690087908352335,0.7505138784452017,0.0745296042549857,0.0059477264645787994
509.67206961941207,0.1687552841285792,0.7527140917767703,0.0732383575699754,0.0052922665246751995
510.0058430769231,0.1685134302338342,0.7544520406302784,0.0721071584030171,0.004927370732868801
510.3396165344342,0.1680318593421823,0.7557475230442783,0.071333829239803,0.0048867883737359
510.67338999194527,0.1673421013852664,0.756860237869919,0.0708438375006684,0.0049538232441463
511.0071634494564,0.1666087564012893,0.7580132093413106,0.0703933639663453,0.0049846702910546
511.3409369069674,0.165688993440434,0.7588160451900151,0.0701150315554277,0.0053799298141225
511.6747103644785,0.1646043222392628,0.7597734916031851,0.0699027402867003,0.0057194458708521995
512.0084838219896,0.1641483333511833,0.7617636832681642,0.0688826165574788,0.005205366823173
512.3422572795007,0.164010576439772,0.7637207579617408,0.0676281995905226,0.0046404660079646
512.6760307370117,0.1636406930451372,0.7651038772798078,0.0667498979514692,0.0045055317235846
513.0098041945228,0.1630544817157047,0.7662033950367284,0.0661681990793141,0.004573924168252
513.3435776520339,0.1623473281927178,0.767298079863753,0.0657367370636929,0.0046178548798373
513.6773511095449,0.1616066580454057,0.7682633244643818,0.0653204448596329,0.0048095726305809
514.0111245670561,0.1605639560265853,0.7689414469057843,0.0651586126902429,0.0053359843773874
514.3448980245671,0.1598607186341893,0.7704861924774138,0.0645099917091143,0.0051430971792818005
514.6786714820781,0.15971912619466,0.7725636629705134,0.0632621592579004,0.004455051576926
515.0124449395893,0.1594725870218784,0.7740954846036703,0.0622671927720547,0.0041647356023949
515.3462183971003,0.1589969307152169,0.775226630117817,0.0615896604512753,0.0041867787156911
515.6799918546114,0.1583345596032229,0.7762238076523131,0.0611535645726008,0.0042880681718633
516.0137653121225,0.1576738682841169,0.7772810183160328,0.0606998221545934,0.004345291245257
516.3475387696335,0.1568015471079442,0.7779416914383535,0.0604393773801807,0.0048173840735217
516.6813122271446,0.1559156327692125,0.7789686894766968,0.0601007566597987,0.0050149210942919
517.0150856846557,0.1556367793998061,0.7809394776365155,0.0590416963366734,0.0043820466270044
517.3488591421668,0.1555028990369233,0.7826682345764276,0.0579410989693068,0.0038877674173423
517.6826325996778,0.155133917155278,0.7838660422045988,0.057179862322399,0.0038201783177233004
518.016406057189,0.1545529280016707,0.7848051360770086,0.0566915872765503,0.0039503486447697
518.3501795147,0.1539096875274198,0.7858185077553054,0.0562728617355981,0.0039989429816769
518.683952972211,0.1532149960219447,0.786622608385365,0.0558937349963426,0.0042686605963471
519.0177264297222,0.1522905854067795,0.7872685141795719,0.0556937774013504,0.0047471230122978995
519.3514998872332,0.1517936817004513,0.7888741051259959,0.0549559610198185,0.0043762521537337
519.6852733447444,0.1517019831807497,0.7907594676319937,0.0538318481694949,0.0037067010177603
520.0190468022554,0.151441794178199,0.7920707179942845,0.0529884534394115,0.0034990343881046
520.3528202597664,0.1509628527465536,0.7930136944833484,0.0524264557238984,0.0035969970461982
520.6865937172776,0.1503381546763068,0.7939015021112815,0.0520434929012496,0.0037168503111631003
521.0203671747886,0.1497390785220337,0.7948328928365667,0.0516197358878989,0.0038082927535006998
521.3541406322997,0.1489201540336744,0.7953581696623595,0.0513962701715782,0.0043254061323871
521.6879140898108,0.1482205498177297,0.7964514318245497,0.050981478864802,0.0043465394929184005
522.0216875473218,0.1480530993839973,0.7983227239025128,0.0499800146587637,0.0036441620547241
522.3554610048329,0.1478999421148582,0.7997995308343223,0.049058943645014,0.0032415834058058
522.689234462344,0.147523643726693,0.8007922465706987,0.0484306711211803,0.0032534385814273997
523.0230079198551,0.1469524071896342,0.8015725323680538,0.0480392129316107,0.0034358475107018
523.3567813773661,0.1463718606174915,0.802494612388843,0.047652361933791,0.0034811650598744
523.6905548348772,0.1457120876949843,0.8031194100848134,0.0473419584244908,0.0038265437957112
524.0243282923883,0.1449125756023792,0.8037576180897565,0.0471287159197255,0.004201090388137801
524.3581017498993,0.1445707612526884,0.8053639149377311,0.0463885957903915,0.0036767280191894
524.6918752074105,0.1444836636551874,0.8070080556016976,0.0454374818803012,0.0030707988628138
525.0256486649215,0.1442053158163405,0.8080893613604782,0.0447533551652193,0.0029519676579616
525.3594221224326,0.1437196863749147,0.8088337523168002,0.044317232666477,0.0031293286418077
525.6931955799437,0.1431387879644537,0.8096238224592468,0.0439921088457874,0.0032452807305124
526.0269690374547,0.1425855803111854,0.8104005313429729,0.0436339201971883,0.0033799681486543004
526.3607424949658,0.1418258993439634,0.8108120134817673,0.0434661502318332,0.0038959369424369002
526.6945159524769,0.1412846538308075,0.8119537425078084,0.0430341892912139,0.0037274143701694004
527.028289409988,0.1411713097451856,0.8136549186249041,0.0421600930575556,0.0030136785723546
527.362062867499,0.1409885220061228,0.8148706185520609,0.0414262599794825,0.0027145994623331
527.6958363250101,0.1405991400523117,0.8156445016278111,0.0409409313577501,0.0028154269621267
528.0296097825212,0.1400439131387822,0.8162820543403111,0.0406460838588853,0.0030279486620218
528.3633832400322,0.1395173361138921,0.8170983393959111,0.0403167652742967,0.0030675592158986003
528.6971566975434,0.1388840462529517,0.8175414784149856,0.0401007709074338,0.0034737044246295
529.0309301550544,0.1382041967069412,0.8181911509544536,0.039905272514667,0.0036993798239383
529.3647036125654,0.1379644897750979,0.8197328468199754,0.0392349003966395,0.0030677630082864
529.6984770700766,0.1378545966165513,0.8211081064052811,0.0384782457277911,0.0025590512503768
530.0322505275876,0.1375557455577307,0.8219539023827442,0.0379552979950946,0.0025350540644311
530.3660239850988,0.1370646180812601,0.8225057911585303,0.0376478216912609,0.0027817690689487
530.6997974426098,0.1365272731534195,0.8232090931885647,0.0373908467422578,0.0028727869157583
531.0335709001208,0.1360033123959875,0.8238083572679806,0.0371294594554485,0.0030588708805833996
531.367344357632,0.1353056424197426,0.8241376619058377,0.0370354176026261,0.0035212780717932
531.701117815143,0.1348862138190561,0.8252949153699038,0.0366412633782368,0.0031776074328031
532.0348912726541,0.1347838840082447,0.8267727080761754,0.035934618237587,0.0025087896779928997
532.3686647301652,0.1345690845003362,0.8277282087565938,0.0353844500191985,0.0023182567238722
532.7024381876762,0.1341638748986106,0.8282798160150914,0.0350458911118417,0.0025104179744554
533.0362116451873,0.1336289732504689,0.8288004898825596,0.0348480031713726,0.0027225336955981
533.3699851026984,0.1331427283827853,0.8294926402522278,0.0346031294921231,0.0027615018728643
533.7037585602095,0.1325303385417872,0.8297681734952314,0.0345006225663638,0.0032008653966168
534.0375320177205,0.1319552132461677,0.8304386632222026,0.0343547565646199,0.0032513669670103003
534.3713054752317,0.1317703767791232,0.8318531714660524,0.0338035121478152,0.0025729396070087998
534.7050789327427,0.131625286203705,0.8329507361010443,0.0332426696213435,0.0021813080739071
535.0388523902537,0.1313048778789005,0.8335597362441848,0.032879405236467,0.002255980640446
535.3726258477649,0.1308113100733011,0.8339415064865915,0.0326994018104659,0.0025477816296422
535.7063993052759,0.1303113678002196,0.834563832349793,0.0325247629571877,0.0026000368927998002
536.040172762787,0.129801987447506,0.8349744322177433,0.0323847075381078,0.0028388727966421
536.3739462202981,0.1291643835177774,0.8352559670236903,0.032380632675198,0.0031990167833339
536.7077196778091,0.1288288756366977,0.8363850413448222,0.0320669923937752,0.0027190906247057
537.0414931353203,0.1287101784619535,0.8376076693523256,0.0315428931208265,0.0021392590648945
537.3752665928313,0.1284650377055738,0.8383102130334703,0.0311671490081122,0.0020576002528434
537.7090400503424,0.1280436711233826,0.8386500640055281,0.0309751174005215,0.0023311474705682
538.0428135078535,0.1275295300604493,0.8390833295668108,0.0308769456537519,0.0025101947189881
538.3765869653645,0.127068224583746,0.83963239081128,0.030740039739817,0.0025593448651578003
538.7103604228756,0.1264732673861036,0.8397690345155052,0.0307642548194397,0.0029934432789518
539.0441338803867,0.1259820246536355,0.8404568309094547,0.0306943549046115,0.0028667895322979997
539.3779073378978,0.1258156579541519,0.841692430539154,0.0302881618202244,0.0022037496864681
539.7116807954088,0.1256331914128663,0.8425187266871202,0.0299130456189259,0.0019350362810873
540.0454542529199,0.1252911432804812,0.8428966243483307,0.0297056877789596,0.0021065445922278
540.379227710431,0.1247973261371605,0.8431439561883664,0.0296505498958173,0.0024081677786553
540.713001167942,0.1243250365549874,0.8436839465506275,0.0295730040495008,0.0024180128448839
541.0467746254532,0.123818958561661,0.8439096831157795,0.0295706579639693,0.0027007003585899003
541.3805480829642,0.1232351632136014,0.8441743458654287,0.0296680680417917,0.0029224228791784003
541.7143215404753,0.1229500529513195,0.8452281376830809,0.0294608783750644,0.0023609309905346
542.0480949979864,0.1228014677096819,0.8461845434164662,0.0291162698516108,0.0018977190222399
542.3818684554974,0.1225291618285646,0.8466455607361233,0.0289036565007812,0.0019216209345317
542.7156419130085,0.1220923131488329,0.8467993271871074,0.0288550795174198,0.0022532801466405997
543.0494153705196,0.1215955682323365,0.8471719702239484,0.0288595681337059,0.0023728934100083
543.3831888280307,0.1211447799155062,0.847563389269282,0.0288473761733931,0.0024444546418178
543.7169622855417,0.1205650602436113,0.8475996156711951,0.0290043525963678,0.0028309714888248997
544.0507357430528,0.1201354223867419,0.8482881840037059,0.0290250601255442,0.0025513334840072
544.3845092005639,0.1199638273677882,0.8493103128357621,0.0287699999359238,0.0019558598605257
544.7182826580749,0.1197473809438291,0.8498816919254815,0.0285645359136856,0.0018063912170038
545.0520561155861,0.1193840805704688,0.8500441185095712,0.0285072057832929,0.0020645951366684004
545.3858295730971,0.1188898914079067,0.8501998069755965,0.028572892727388,0.0023374088891085
545.7196030306081,0.1184346906890722,0.8506494390717136,0.0286028722379448,0.0023129980012695
546.0533764881193,0.1179242507883369,0.8507097132191553,0.0287453251035781,0.0026207108889295
546.3871499456303,0.1173855653251069,0.8509789993547793,0.0289468561281718,0.0026885791919427
546.7209234031415,0.1171251574281778,0.851914068873068,0.0288540842328197,0.0021066894659349
547.0546968606525,0.1169433579256977,0.8526108026342205,0.0286747342306177,0.0017711052094639998
547.3884703181635,0.1166470470833113,0.8528457594154204,0.028613504374996,0.0018936891262711
547.7222437756747,0.1161949803130114,0.8528528999268329,0.028702338881127,0.0022497808790297
548.0560172331857,0.1157100327490069,0.8531836696386152,0.0288098133973824,0.0022964842149949
548.3897906906968,0.1152581165733772,0.8534114745494016,0.0289308777864488,0.0023995310907726003
548.7235641482079,0.1146922644212435,0.8533892472381734,0.0292174736673157,0.0027010146732679
549.0573376057189,0.1143043912903736,0.8540525317035266,0.0293299254566145,0.0023131515494862
549.39111106323,0.1141154175813279,0.8548457053410443,0.0292179563934684,0.0018209206841592
549.724884520741,0.1138704902544087,0.8551833969671497,0.0291639728003646,0.0017821399780773
550.0586579782522,0.1134859416831477,0.8551576159649344,0.0292496106640006,0.0021068316879173
550.3924314357632,0.1129892523998689,0.8552644207403627,0.0294293778422072,0.0023169490175602003
550.7262048932744,0.112541798675733,0.8556125947768394,0.029571004832187,0.0022746017152418
551.0599783507854,0.1120226727016344,0.8555399256444821,0.0298565734046851,0.0025808282491979
551.3937518082964,0.1115204412667034,0.855822733959773,0.0301539317412421,0.0025028930322813997
551.7275252658076,0.1112678058778263,0.8566059204918071,0.0301698651152028,0.0019564085151634
552.0612987233186,0.1110556809358204,0.857062377053977,0.0301366284838472,0.001745313526355
552.3950721808297,0.1107375209781488,0.8570921933671667,0.0302154519570237,0.0019548336976616
552.7288456383408,0.1102693951883636,0.8570019879777925,0.0304327812162227,0.0022958356176207
553.0626190958518,0.1097906506728607,0.8572990095375628,0.0306394265737858,0.0022709132157913998
553.396392553363,0.1093294870462797,0.8573695681760455,0.0308942557270605,0.0024066890506149
553.730166010874,0.1087769095245021,0.8573277426714985,0.0312976096393125,0.0025977381646874
554.0639394683851,0.1084160454880328,0.8579357493130682,0.0314917210472236,0.0021564841516746
554.3977129258961,0.1082060540688059,0.8585027142685384,0.031507049274687,0.0017841823879688
554.7314863834072,0.1079381136411202,0.8586306464827638,0.0315872670992834,0.0018439727768333
555.0652598409183,0.1075312049553166,0.8584559581528913,0.031807467777516,0.0022053691142763
555.3990332984293,0.1070294604489638,0.8585505435042271,0.0320903644336796,0.0023296316131284998
555.7328067559405,0.106582639144043,0.8587873285656702,0.0323419776624508,0.0022880546278364
556.0665802134515,0.1060537808631103,0.8586230782122095,0.032760090890168,0.0025630500345118
556.4003536709625,0.1055812963262351,0.8589167397910186,0.0331350618276012,0.0023669020551453
556.7341271284737,0.1053273672029301,0.8595291720166625,0.0332464332594583,0.0018970275209488
557.0679005859847,0.1050906051376526,0.8597718669211071,0.0333392013358844,0.001798326605355
557.4016740434959,0.1047511554952753,0.8596246192213054,0.0335474858361336,0.0020767394472858
557.7354475010069,0.1042653690708908,0.8594897496114824,0.0338803927107252,0.0023644886069018
558.069220958518,0.1037891112383551,0.8597517790067493,0.0341773959024818,0.0022817138524131
558.4029944160291,0.1033140965793824,0.8596849568438307,0.0345592003334996,0.0024417462432872
558.7367678735401,0.1027754533480552,0.8596533193180115,0.0350566630439024,0.002514564290031
559.0705413310512,0.102432692823572,0.860178643918903,0.0353154644306634,0.002073198826862
559.4043147885623,0.1022032358241853,0.8605367547597708,0.035439547579536,0.0018204618365083999
559.7380882460734,0.1019163881819751,0.860481005656833,0.0356385143176993,0.001964091843492
560.0718617035844,0.1014849279877583,0.8602067382616941,0.0359816723121766,0.0023266614383703
560.4056351610955,0.1009770152658862,0.8603145839377392,0.0363513406147454,0.0023570601816295
560.7394086186066,0.1005261027686064,0.8604356329404201,0.0367057037446888,0.0023325605462838
561.0731820761176,0.0999897203501341,0.8602241147170119,0.0372359164919577,0.0025502484408971
561.4069555336288,0.0995431414558026,0.8605167341631081,0.0376631700214917,0.0022769543595989
561.7407289911398,0.0992846957457355,0.8609548965931099,0.037853393550791,0.0019070141103619
562.0745024486508,0.0990293846488294,0.8610130332640406,0.0380528778914333,0.0019047041956971001
562.408275906162,0.0986673850082359,0.8607250872795473,0.0383794916919318,0.0022280360202845
562.742049363673,0.0981628365523327,0.8605948459193654,0.0388086876378128,0.0024336298904884
563.0758228211841,0.0976880214102546,0.860813937160001,0.0391824886970153,0.0023155527327283
563.4095962786952,0.0971978956462009,0.8606409417066441,0.0396766492400549,0.0024845134070993003
563.7433697362062,0.0966756528238132,0.8606375155885618,0.0402366381519673,0.0024501934356566
564.0771431937173,0.0963469360314726,0.8610604638407235,0.0405407491893718,0.002051850938432
564.4109166512284,0.096102046446899,0.861235759243725,0.0407544305492951,0.001907763760081
564.7446901087395,0.0957981985570431,0.8610249342204608,0.0410582313029796,0.0021186359195165
565.0784635662505,0.0953398789137906,0.860705569757828,0.0415076529629987,0.002446898365383
565.4122370237616,0.0948273353756776,0.8608392239664292,0.0419424475135716,0.0023909931443215
565.7460104812727,0.0943697312716004,0.8608494107075335,0.0423874410317086,0.0023934169891576
566.0797839387837,0.0938310685544297,0.8606311969320602,0.0430001311042477,0.0025376034092625998
566.4135573962949,0.0934093238889681,0.8609060002615485,0.0434515772519431,0.0022330985975405
566.7473308538059,0.0931467029683797,0.8611805383149942,0.0437038660729765,0.0019688926436496
567.0811043113171,0.092877792600148,0.8610835013552509,0.043992753530204,0.0020459525143966
567.4148777688281,0.0924904904305009,0.8606996356930735,0.0444243187193993,0.0023855551570253
567.7486512263391,0.0919682898104817,0.8606137513769972,0.0449242609231952,0.0024936978893245
568.0824246838503,0.0914960975172022,0.8607797670883537,0.0453589168863344,0.0023652185081096
568.4161981413613,0.0909928343770273,0.8605396275916999,0.0459431375330772,0.0025244004981948
568.7499715988724,0.0904913885292189,0.860570554489793,0.046529873612964,0.0024081833680242998
569.0837450563835,0.0901755311735794,0.8608821884436796,0.0468616003824043,0.0020806800003362
569.4175185138945,0.0899199508684154,0.8609046047784735,0.0471466933697006,0.0020287509834108
569.7512919714056,0.0895984921431256,0.8605712672794108,0.0475428216574432,0.0022874189200199
570.0850654289167,0.0891123946385234,0.8602611816060024,0.0480756171329892,0.0025508066224848996
570.4188388864278,0.0885996731971645,0.8604212736091469,0.048551304635138,0.0024277485585504
570.7526123439388,0.0881347329594561,0.860335833056979,0.0490714646794769,0.0024579693040869
571.0863858014499,0.0876015164319201,0.8601436670324425,0.0497302982527142,0.0025245182829233
571.420159258961,0.087205469648342,0.8603842923919002,0.0501809177963956,0.0022293201633622
571.753932716472,0.0869406110219252,0.8605160171455914,0.0504803722327526,0.0020629995997303
572.0877061739832,0.086661052788923,0.8602925572045311,0.0508436798353173,0.0022027101712279
572.4214796314942,0.0862452592322782,0.8598635517529356,0.0513632197518919,0.0025279692628946
572.7552530890052,0.0857100239480807,0.8598482734430662,0.0519042812868703,0.0025374213219823
573.0890265465164,0.0852426797848882,0.8599544443663609,0.0523835698830238,0.0024193059657272
573.4228000040274,0.084731431281907,0.8596882833419517,0.0530292726700708,0.0025510127060701
573.7565734615386,0.0842564633564647,0.8597500602974413,0.0536085332405539,0.0023849431055403
574.0903469190496,0.0839534090266096,0.8599531824722786,0.0539540582979888,0.002139350203124
574.4241203765607,0.0836914113208823,0.8598529159854671,0.0542946871966505,0.0021609854969998
574.7578938340718,0.0833495916429567,0.8594348159154601,0.0547703934493592,0.0024451989922253
575.0916672915828,0.0828376866658446,0.8591825169369306,0.055357122961064,0.0026226734361612
575.4254407490939,0.0823314590829024,0.8593602438950292,0.0558503357031517,0.0024579613189166
575.759214206605,0.0818605204396676,0.8592041131122348,0.0564264509976829,0.0025089154504159003
576.0929876641161,0.0813420717331023,0.8590600931182001,0.0570922292622973,0.0025056058863999
576.4267611216271,0.080973125146576,0.8592544652384222,0.0575236483245478,0.0022487612904541
576.7605345791382,0.0807083843428603,0.8592696282571362,0.0578567559579612,0.0021652314420421
577.0943080366493,0.0804187170032314,0.8589484537018486,0.0582812682004412,0.0023515610944802
577.4280814941603,0.0799724232812661,0.8585270368426334,0.0588660043033883,0.0026345355727126997
577.7618549516715,0.079432472277603,0.8585939477294071,0.0594160246114388,0.0025575553815496
578.0956284091825,0.0789722189797685,0.8586398294580473,0.0599239677850119,0.0024639837771712
578.4294018666935,0.0784610258449962,0.8583853520262685,0.0605968930212853,0.00255672910745
578.7631753242047,0.0780182910123183,0.8584689555365814,0.0611394626975363,0.0023732907535631
579.0969487817157,0.0777280038516913,0.8585758135004925,0.0614883731071539,0.0022078095406627
579.4307222392268,0.0774625778534566,0.8583807229816847,0.0618704289587259,0.0022862702061314
579.7644956967379,0.0770967224098366,0.8579202559352016,0.0624095223283247,0.0025734993266374
580.0982691542489,0.0765648191547777,0.8577629748633182,0.0630153650035988,0.0026568409783069
580.43204261176,0.0760724788351578,0.8579450637114948,0.0635051047287313,0.002477352724615
580.7658160692711,0.0755989883472809,0.8577497147445055,0.0641132588698205,0.0025380380383933
581.0995895267822,0.0751050318180848,0.8576639976592058,0.064748349330456,0.0024826211922534002
581.4333629842932,0.0747638310695259,0.8578073236825097,0.065148683470374,0.0022801617775894
581.7671364418043,0.0745013906101191,0.857733386308605,0.0655027481449949,0.0022624749362812
582.1009098993154,0.0741997953234426,0.8573448036284345,0.0659759689588178,0.0024794320893047
582.4346833568264,0.0737238943484809,0.8569809136451216,0.0665964150663153,0.0026987769400824996
582.7684568143376,0.0731902478431361,0.8571278918692554,0.0671248850620315,0.0025569752255759
583.1022302718486,0.0727389598849693,0.8571210239387337,0.067645788987944,0.0024942271883533
583.4360037293598,0.0722379549139691,0.8569088075348643,0.0683088823630358,0.0025443551881316998
583.7697771868708,0.0718318056656594,0.8570035266966611,0.0687944146132748,0.0023702530244035
584.1035506443818,0.0715539475687464,0.8570326783271076,0.0691385696813264,0.0022748044228202997
584.437324101893,0.0712862608765536,0.8567678527861016,0.0695497832583938,0.0023961030789505
584.771097559404,0.0708933089582227,0.856310380860144,0.0701320733716542,0.0026642368099812
585.1048710169151,0.070351137799265,0.8562710190010938,0.0707206904763231,0.0026571527233188
585.4386444744262,0.0698791730902407,0.8564447451916534,0.0711906148041503,0.0024854669139561
585.7724179319372,0.0694087558696162,0.8562438421783067,0.0718037727031793,0.0025436292488986998
586.1061913894483,0.0689481688509087,0.8562168838426698,0.0723773863789765,0.0024575609274462
586.4399648469594,0.0686338402946189,0.8563122597070707,0.0727409686586628,0.0023129313396481003
586.7737383044705,0.0683754059794108,0.8561745939589522,0.0731047919664734,0.0023452080951639
587.1075117619815,0.0680584039807416,0.8557514288757919,0.073613651886153,0.0025765152573134
587.4412852194926,0.0675579438469939,0.8554872675847209,0.0742358232981487,0.0027189652701356
587.7750586770037,0.0670424193902046,0.8557021574553468,0.0747183321074781,0.0025370910469695003
588.1088321345147,0.0666018977659848,0.8556580981915776,0.0752365120191469,0.0025034920232904
588.4426055920259,0.0661219793831552,0.8555087845614736,0.0758551561740271,0.0025140798813443
588.7763790495369,0.0657543122754075,0.8556058075710544,0.0762734598878745,0.0023664202656642
589.1101525070479,0.0654883699174184,0.8555788089864682,0.0766061098539818,0.0023267112421313002
589.4439259645591,0.0652175958205723,0.8552677664229245,0.0770361420356674,0.0024784957208349003
589.7776994220701,0.0647968472547149,0.8548590803257076,0.0776363636931678,0.0027077087264088997
590.1114728795812,0.0642572554390252,0.854944871561864,0.078174336863528,0.002623536135583
590.4452463370923,0.0638101293308535,0.8551018334365228,0.0786134023638705,0.002474634868753
590.7790197946034,0.0633503101996788,0.8549269194145908,0.0792027064780695,0.002520063907661
591.1127932521144,0.0629298317186147,0.8549526162399654,0.0796944520483619,0.0024230999930581
591.4465667096255,0.0626400538760373,0.8550093895150779,0.0800195896010014,0.0023309670078836
591.7803401671366,0.0623865339961487,0.8548295693136565,0.0803832539280584,0.0024006427621366
592.1141136246476,0.0620503380739079,0.8544069147666742,0.0809120391220425,0.0026307080373748
592.4478870821588,0.0615347339930098,0.8542732530470002,0.0814996650263728,0.0026923479336148
592.7816605396698,0.0610478276639106,0.8545380657644142,0.0819192222588498,0.0024948843128266
593.1154339971808,0.0606204844783144,0.8544780102120497,0.0824178251831038,0.0024836801265329
593.449207454692,0.0601717852054782,0.8544018186720232,0.0829628455999957,0.002463550522503
593.782980912203,0.0598416878793257,0.8544964531243526,0.0833114101037578,0.0023504488925637
594.1167543697142,0.0595871817804618,0.8544341065606684,0.083625982383143,0.0023527292757264
594.4505278272252,0.0593107864744409,0.8541001037516194,0.0840643425805217,0.0025247671934167
594.7843012847362,0.0588651659835524,0.8537819552998115,0.084651770719293,0.0027011079973435
595.1180747422474,0.0583424462666865,0.8539860971524329,0.085111565022519,0.00255989155836
595.4518481997584,0.0579222918247235,0.8541245824087461,0.0855111605899383,0.0024419651765924
595.7856216572695,0.0574817108921376,0.8540007407346257,0.0860478295791528,0.0024697187940835
596.1193951147806,0.0571049324600659,0.8540698784568392,0.086447583261246,0.0023776058218497004
596.4531685722916,0.0568366245509548,0.8541013731097671,0.0867329331643921,0.0023290691748866
596.7869420298027,0.0565877714317708,0.8538973200844848,0.0870876927087933,0.0024272157749523
597.1207154873138,0.0562299736223548,0.8535117889755063,0.0876165853014109,0.0026416521007274
597.4544889448249,0.0557121229823977,0.8535252079396998,0.0881346718384404,0.0026279972394614
597.7882624023359,0.0552613955859321,0.8538204166867863,0.0884821125125497,0.0024360752147321
598.1220358598471,0.0548507755511327,0.8537682836834027,0.0889425882507745,0.0024383525146908
598.4558093173581,0.0544411763588658,0.8537662653410589,0.0893933244125872,0.0023992338874874
598.7895827748691,0.0541453526696426,0.8538585565384894,0.0896747325460379,0.0023213582458299
599.1233562323803,0.0539018652379622,0.8537784437193996,0.0899647950370112,0.0023548960056277
599.4571296898913,0.0536164012227552,0.8534456190311367,0.0904001419236614,0.0025378378224477
599.7909031474024,0.0531529888361254,0.853251961204677,0.0909421969922858,0.0026528529669119
600.1246766049135,0.0526606690677232,0.8535573831641027,0.0913057573032319,0.0024761904649425
600.4584500624245,0.0522678885656142,0.8536825939686302,0.0916591730314442,0.00239034443431
600.7922235199356,0.0518552026394632,0.8536264101303402,0.0921189812189232,0.0023994060112736
601.1259969774467,0.0515221256479211,0.8537301380375999,0.0924261726937725,0.0023215636207061
601.4597704349578,0.0512723076684956,0.8537507977230244,0.0926704504871229,0.0023064441213556
601.7935438924688,0.0510265334054196,0.8535381073918928,0.0930093887920576,0.0024259704106292
602.1273173499799,0.0506476444540543,0.8532255430150034,0.0935150369377245,0.0026117755932174
602.461090807491,0.0501422565879551,0.8533879937334012,0.093935810039626,0.0025339396390171003
602.794864265002,0.0497316116158546,0.8536971558261836,0.0942094866358189,0.0023617459221422
603.1286377225132,0.0493423585324861,0.8536757982688007,0.0946135586162519,0.0023682845824603
603.4624111800242,0.0489764891072563,0.8537422296921471,0.0949606816435119,0.0023205995570849
603.7961846375352,0.0487102270415949,0.8538365914407912,0.0951799407663802,0.0022732407512323
604.1299580950464,0.0484772228202485,0.8537522098596952,0.0954400865126521,0.0023304808074042
604.4637315525574,0.0481794939469894,0.853446484083752,0.0958596016126226,0.0025144203566363
604.7975050100686,0.0477091764205923,0.8534001980461535,0.0963251765712172,0.0025654489620371
605.1312784675796,0.0472579076876994,0.853783419180623,0.0965854162722462,0.0023732568594323
605.4650519250906,0.0468922844863512,0.8539063375574866,0.0968865805839208,0.0023147973722418
605.7988253826018,0.0465148674645771,0.8539255444195826,0.0972524080255671,0.0023071800902733
606.1325988401128,0.0462222724868529,0.8540572272431631,0.0974732612449884,0.0022472390249954
606.4663722976239,0.0459886141709483,0.8540798865166035,0.0976747798057284,0.0022567195067189003
606.800145755135,0.0457432455004234,0.8538730411800818,0.0979913099309697,0.0023924033885236
607.1339192126461,0.0453474939169719,0.8536655204935741,0.0984477059102248,0.0025392796792289
607.4676926701571,0.0448690492522224,0.8539659177744697,0.098752906667914,0.002412126305394
607.8014661276682,0.044498971303705,0.8542781121568795,0.0989554257702575,0.0022674907691579
608.1352395851793,0.0441362868785867,0.8543058269818123,0.0992866089147873,0.0022712772248134
608.4690130426903,0.0438151443392174,0.85443137528815,0.0995300752133666,0.0022234051592658
608.8027865002015,0.0435734813129992,0.8545348020137289,0.0996914582410305,0.0022002584322416002
609.1365599577125,0.043349966610785,0.8544558695887646,0.0999172511748529,0.0022769126255971
609.4703334152235,0.0430383712547641,0.8542041669781356,0.1003046985862354,0.0024527631808639
609.8041068727347,0.0425745996609188,0.8543149099851364,0.1006668764964919,0.0024436138574523997
610.1378803302457,0.0421707485639768,0.8547507384340793,0.1008254485404387,0.0022530644615052003
610.4716537877568,0.0418323956786127,0.8548854062943092,0.1010667909264431,0.0022154071006348
610.8054272452679,0.0414951610530947,0.8549794476857753,0.1013295015678901,0.0021958896932402
611.1392007027789,0.0412376769226758,0.8551356522421334,0.1014724806713155,0.0021541901638749998
611.47297416029,0.0410185763417265,0.8551698340468082,0.1016286549540424,0.0021829346574226
611.8067476178011,0.0407705476257606,0.8549837650297213,0.1019152563851855,0.0023304309593318003
612.1405210753122,0.0403657595770153,0.854906570375799,0.1022956668773319,0.0024320031698544
612.4742945328233,0.0399265565841011,0.8553232677188167,0.1024772522154935,0.0022729234815878
612.8080679903343,0.0395950982773182,0.8556341155674494,0.1026124177710565,0.0021583683841747
613.1418414478454,0.0392638646636856,0.8557227979592099,0.1028574533816274,0.0021558839954779
613.4756149053565,0.0389850680908266,0.855897202641035,0.103003854282364,0.0021138749857739
613.8093883628676,0.0387637431515723,0.8560169964490454,0.1031099725368261,0.0021092878625569
614.1431618203786,0.0385480190652098,0.8559506279097362,0.1032979133604934,0.0022034396645612
614.4769352778898,0.0382236672298325,0.8557789997269513,0.1036349670768144,0.0023623659664027
614.8107087354008,0.0377805364635803,0.8560435664558015,0.1038754471261809,0.0023004499544363
615.1444821929118,0.0374259060416118,0.8565091084147534,0.1039406253456029,0.0021243601980315
615.478255650423,0.0371156793079142,0.8566695254109558,0.104114831934436,0.0020999633466932998
615.812029107934,0.0368203801969899,0.8568319711664827,0.10427409268104,0.0020735559554879
616.1458025654451,0.036591877723547,0.8570123499597311,0.1043477265180016,0.0020480457987192002
616.4795760229562,0.0363861547738531,0.8570638583553772,0.104457155035986,0.0020928318347816
616.8133494804672,0.036132988674147,0.8569150603373019,0.1047054937933221,0.0022464571952287
617.1471229379783,0.0357297347310085,0.856983848127536,0.1049871951276722,0.0022992220137822003
617.4808963954894,0.0353383306786184,0.8574890476474183,0.1050488979899875,0.0021237236839748
617.8146698530005,0.0350423990958571,0.8578003600046809,0.1051206614089381,0.0020365794905242997
618.1484433105115,0.0347462424280912,0.8579545349811861,0.1052728032212109,0.0020264193695111
618.4822167680226,0.034504864119909,0.8581689847394831,0.1053333972047307,0.0019927539358772003
618.8159902255337,0.0343008240264953,0.8583109240254707,0.1053859448239861,0.0020023071240474
619.1497636830447,0.0340905398274902,0.8582634741023752,0.105533734512564,0.0021122515575702
619.4835371405559,0.0337577446016823,0.8581949489457132,0.1058018822477401,0.0022454242048639
619.8173105980669,0.0333479559354977,0.8585984449063594,0.1059132694350112,0.0021403297231323
620.1510840555779,0.0330405709162393,0.859075694081598,0.1058977100998044,0.0019860249023586
620.4848575130891,0.0327598646501956,0.8592735727283374,0.1059990250275285,0.0019675375939379003
620.8186309706001,0.0325050695581801,0.8594945884094394,0.106061620570038,0.0019387214623408
621.1524044281113,0.0322998932834701,0.8597006284984782,0.1060732139095608,0.0019262643084902
621.4861778856223,0.0321063752797549,0.8597718122753161,0.1061357259109949,0.0019860865339349
621.8199513431333,0.0318471384093294,0.8596780323440916,0.1063355521602262,0.0021392770863522
622.1537248006445,0.0314573352380495,0.8598972394879986,0.1065022716217951,0.0021431536521575
622.4874982581555,0.0311177072693235,0.860461613931342,0.1064560859635531,0.0019645928357797998
622.8212717156666,0.0308542063871685,0.8607790029605333,0.1064669753756123,0.0018998152766858002
623.1550451731777,0.0305947614265714,0.8609964211655569,0.1065259120811605,0.0018829053267113
623.4888186306888,0.0303845639354373,0.8612447284790505,0.1065123334968034,0.0018583740887085998
623.8225920881998,0.0301959063921874,0.8614117797165142,0.1065123547059982,0.0018799591852999
624.1563655457109,0.0299885182735851,0.8613903573433048,0.1066172688133497,0.0020038555697608
624.490139003222,0.0296544882171001,0.8614422747782668,0.1067987682475689,0.0021044687570632
624.823912460733,0.0292876574799064,0.8619605162695525,0.1067837997351173,0.0019680265154246
625.1576859182442,0.0290231244173057,0.8624378261839397,0.106700101374218,0.0018389480245366
625.4914593757552,0.02877323015976,0.8626804342412753,0.1067247292371848,0.0018216063617797
625.8252328332662,0.028554913693945,0.862949089434393,0.1067013747227046,0.0017946221489565
626.1590062907774,0.0283686714318626,0.8631825905923485,0.106655802229038,0.0017929357467498998
626.4927797482884,0.0281858729853199,0.8632735678275965,0.1066719371621601,0.0018686220249235002
626.8265532057995,0.0279218084657366,0.8632526562066759,0.1068114962136947,0.0020140391138927
627.1603266633106,0.0275570898232477,0.8636151261951844,0.1068548939037859,0.0019728900777808
627.4941001208216,0.0272687370738802,0.8642114512838937,0.1067174028384869,0.0018024088037396
627.8278735783327,0.027035230451131,0.8645420292761512,0.1066684048308671,0.0017543354418507
628.1616470358438,0.026811790299981,0.864815518797136,0.1066391017023718,0.0017335892005109002
628.4954204933549,0.026626513514908,0.8650939528459203,0.1065613377182538,0.0017181959209172
628.8291939508659,0.0264520567153843,0.8652858794112233,0.1065103882877607,0.0017516755856317
629.162967408377,0.0262455674172491,0.865299048946838,0.1065688278242539,0.001886555811659
629.4967408658881,0.0259193665564603,0.8654812541485379,0.1066501526382264,0.0019492266567747002
629.8305143233991,0.025601032578326,0.866084616322871,0.1065205711248219,0.0017937799739808
630.1642877809103,0.0253739739123053,0.8665564649738556,0.1063796142804955,0.0016899468333427
630.4980612384213,0.0251553800269101,0.8668456563992282,0.1063277240358712,0.0016712395379886
630.8318346959325,0.0249679436987179,0.8671521266944785,0.1062307835679863,0.0016491460388172998
631.1656081534435,0.0247977381633756,0.8674137472228609,0.1061319051668165,0.0016566094469463999
631.4993816109545,0.0246238028723736,0.8675244291751549,0.1061034804517428,0.0017482875007282998
631.8331550684657,0.0243585167992221,0.8675921261440113,0.1061718197016589,0.0018775373551075001
632.1669285259767,0.0240286364799957,0.8680804762575917,0.106093913237367,0.0017969740250466
632.5007019834878,0.0237875465187773,0.8686865640338464,0.1058841042793909,0.0016417851679841
632.8344754409989,0.0235823114692968,0.8690367016214527,0.1057764144485561,0.0016045724606956
633.1682488985099,0.0233919612579643,0.8693563670973651,0.1056688093776147,0.0015828622670560001
633.502022356021,0.0232263402672338,0.8696629798741149,0.1055352747754752,0.0015754050831761
633.8357958135321,0.0230650938113745,0.8698767584817737,0.105436545146899,0.0016216025599516
634.1695692710432,0.0228587624513951,0.8699349257771728,0.1054445998759723,0.0017617118954593
634.5033427285542,0.0225499138752833,0.8702482160893159,0.1054192304962505,0.0017826395391504
634.8371161860653,0.0222813529529021,0.870905499938645,0.1051938686608633,0.0016192784475894
635.1708896435764,0.022086557367084,0.8713713663985444,0.1050048183100052,0.0015372579243654
635.5046631010874,0.0218984613859495,0.8717040232386377,0.104880918095781,0.0015165972796309
635.8384365585986,0.0217358771929813,0.8720407264998282,0.1047224990773943,0.0015008972297959999
636.1722100161096,0.021580079137741,0.8723289977073707,0.1045743448471369,0.0015165783077516
636.5059834736206,0.02141303303197,0.8724604120472855,0.1045031323867136,0.0016234225340312999
636.8397569311318,0.0211521302535624,0.872628334933367,0.1044912253841947,0.0017283094288754
637.1735303886428,0.0208637193801364,0.8732177901238626,0.1043028605640737,0.0016156299319267
637.507303846154,0.0206638150106545,0.8738175219576891,0.1040384026075224,0.0014802604241330002
637.841077303665,0.0204854820756935,0.8741909083182964,0.1038741588237908,0.0014494507822191
638.174850761176,0.0203237014436191,0.8745462789400724,0.1037000884857257,0.0014299311305822
638.5086242186871,0.0201739748446249,0.8748796051636011,0.1035169023917523,0.0014295176000218
638.8423976761982,0.0200247590382097,0.875110700235332,0.1033745100958322,0.0014900306306263999
639.1761711337093,0.0198195358773028,0.8752250931111734,0.1033271126033789,0.0016282584081448001
639.5099445912203,0.0195366213539652,0.8756603461098837,0.1031951755625294,0.0016078569736219
639.8437180487315,0.0193153817830843,0.876342665352875,0.1028953326227145,0.0014466202413263001
640.1774915062425,0.0191484183270522,0.876804872655843,0.1026642864699029,0.0013824225472007
640.5112649637535,0.0189885756732307,0.8771740028212431,0.10247565800272,0.0013617635028052
640.8450384212647,0.0188453865796072,0.8775357266336526,0.1022656842840734,0.0013532025026656
641.1788118787757,0.0187031264572349,0.877846556671553,0.1020724000160557,0.0013779168551562
641.5125853362869,0.0185413215804944,0.8780016982449422,0.1019591892196161,0.0014977909549481999
641.8463587937979,0.0182915768263714,0.8782756021383992,0.1018614593942221,0.0015713616410075
642.1801322513089,0.0180475053985529,0.878936744567484,0.1015793534040759,0.0014363966298871998
642.5139057088201,0.0178821208157556,0.8795202623272101,0.1012745826007246,0.0013230342563088
642.8476791663311,0.0177291622707179,0.8799171443339006,0.1010573456208859,0.0012963477744952002
643.1814526238422,0.0175906969516875,0.8802987849183281,0.1008283581468817,0.0012821599831029
643.5152260813533,0.0174545998966479,0.8806566387509941,0.1006006110679705,0.0012881502843876001
643.8489995388643,0.0173159539241571,0.8809005385758304,0.10041932922488,0.0013641782751312
644.1827729963754,0.017114465120508,0.8810815796790723,0.1003118526381064,0.0014921025623125
644.5165464538865,0.0168640216725463,0.8816212676439447,0.1000810967728561,0.0014336139106529999
644.8503199113976,0.016684941495334,0.8823046004121041,0.0997277215504527,0.0012827365421084
645.1840933689086,0.0165422890370388,0.8827659208593521,0.0994592823124029,0.0012325077912054
645.5178668264197,0.0164072309357087,0.883162607938395,0.0992155629306624,0.0012145981952344002
645.8516402839308,0.0162792095108501,0.8835458976621013,0.0989620592487321,0.0012128335783164
646.1854137414418,0.0161498214769316,0.8838731500032309,0.0987291986294172,0.0012478298904199
646.519187198953,0.0159924385361052,0.8840571950281927,0.0985745660181994,0.0013758004175017
646.852960656464,0.0157606911536473,0.8844353817508684,0.0983911042508315,0.0014128228446525
647.1867341139751,0.0155601944410736,0.8851378421916907,0.0980363932389104,0.0012655701283262
647.5205075714862,0.0154231419379824,0.885700930093465,0.097702546293086,0.0011733816754663
647.8542810289972,0.0152934756437617,0.8861181148182706,0.0974382317008335,0.0011501778371345
648.1880544865083,0.0151732343816791,0.8865187472881437,0.0971652044924519,0.0011428138377248
648.5218279440194,0.0150496376211547,0.8868973169109521,0.0968984646460442,0.0011545808218489
648.8556014015305,0.0149199727974685,0.8871510163377332,0.0966834647837316,0.0012455460810662
649.1893748590415,0.014726107796857,0.88740665828672,0.0965136927382598,0.0013535411781636
649.5231483165526,0.0145119283544741,0.8880269532070347,0.0961987579777329,0.001262360460758
649.8569217740637,0.0143684272347279,0.8886933931335643,0.0958108774096539,0.0011273022220531
650.1906952315748,0.0142472593789304,0.8891556255168138,0.0955096641972725,0.0010874509069827999
650.5244686890859,0.0141327857210765,0.8895708323909419,0.0952215166283574,0.0010748652596253
650.8582421465969,0.0140171599892917,0.8899730052455683,0.0949314136394557,0.0010784211256833001
651.192015604108,0.0138997965904551,0.8903095937521659,0.0946656787976882,0.0011249308596902
651.5257890616191,0.0137471758698885,0.8905291842602155,0.0944697185954835,0.0012539212744137
651.8595625191301,0.0135392337927766,0.8910024168400896,0.0942065394872944,0.001251809879839
652.1933359766413,0.0133786345577317,0.891718179113079,0.093801312010379,0.0011018743188107999
652.5271094341523,0.0132647442495101,0.8922601793798087,0.093446503066344,0.0010285733043370999
652.8608828916633,0.0131556145774033,0.892691909511568,0.0931426934711659,0.001009782439863
653.1946563491745,0.0130493589446681,0.8931065413379791,0.0928345389686369,0.0010095607487149
653.5284298066855,0.0129377475087876,0.8935000233704078,0.0925347901538585,0.0010274389669459
653.8622032641966,0.0128156576949759,0.8937628686260455,0.0922903629392942,0.001131110739683
654.1959767217077,0.0126338980336982,0.8940964425205429,0.0920582674094591,0.0012113920362992999
654.5297501792187,0.0124568166370822,0.8947699332516245,0.0916774420562142,0.0010958080550798
654.8635236367298,0.0123421033426553,0.8954081459004688,0.0912698953948315,0.000979855362045
655.1972970942409,0.0122399238606752,0.8958710545886921,0.0909402833720432,0.0009487381785891
655.531070551752,0.0121417234655231,0.896296939786761,0.0906175072424421,0.0009438295052739001
655.864844009263,0.0120370106249845,0.8967148674822976,0.0902966478343888,0.0009514740583286
656.1986174667742,0.0119305072304963,0.8970539760337407,0.0900045303931488,0.0010109863426146
656.5323909242852,0.0117841608441116,0.8973160314533155,0.0897671760179233,0.0011326316846493
656.8661643817962,0.0116039576893293,0.8978682555912367,0.0894347059960015,0.0010930807234319
657.1999378393074,0.0114777460418109,0.8985737290942815,0.0889986648422148,0.000949860021693
657.5337112968184,0.0113829401582217,0.8990956196230081,0.0886284174257253,0.0008930227930455
657.8674847543296,0.0112910787180128,0.8995348944014029,0.0882930883081373,0.0008809385724477
658.2012582118406,0.011195776640223,0.8999602307862385,0.0879568880140703,0.0008871045594679999
658.5350316693516,0.0110957642714676,0.9003612372156835,0.0876309416598491,0.0009120568530003
658.8688051268628,0.0109803455446914,0.9006349972908608,0.0873604213797863,0.0010242357846617
659.2025785843738,0.0108150162757883,0.9010441038046756,0.0870696943641017,0.0010711855554341
659.5363520418849,0.0106731373997818,0.9017430937032794,0.0866429431847315,0.0009408257122078
659.870125499396,0.0105810962291024,0.9023472763516048,0.086226359554898,0.0008452678643946999
660.203898956907,0.0104954275200889,0.9028084496204056,0.0858735735290203,0.0008225493304847
660.5376724144181,0.0104096668411869,0.903239236280787,0.0855250080330874,0.0008260888449385
660.8714458719292,0.0103152555573232,0.9036685242906222,0.0851795152342362,0.000836704917819
661.2052193294403,0.0102182474398198,0.9040050251101184,0.0848676663928529,0.0009090610572079
661.5389927869513,0.0100805407833845,0.904314898389764,0.0845904383073534,0.0010141225194971
661.8727662444624,0.009929757434561,0.90492489906612,0.0842034262084478,0.0009419172908712
662.2065397019735,0.0098316887681057,0.9056026760912466,0.0837535063182285,0.0008121288224192
662.5403131594845,0.0097527712691582,0.906105621960174,0.0833723781004421,0.0007692286702248
662.8740866169957,0.0096747405195669,0.9065456227208,0.0830138809226896,0.0007657558369426
663.2078600745067,0.0095885908273897,0.90697919131531,0.0826562148213099,0.000776003035991
663.5416335320178,0.009499587217713,0.9073796565490412,0.0823117329145381,0.0008090233187075
663.8754069895289,0.0093906488325556,0.9076683002322896,0.0820181357521916,0.0009229151829626
664.2091804470399,0.0092452044863562,0.9081446306790432,0.0816767414777159,0.0009334233568836
664.542953904551,0.0091345693052095,0.908843667909312,0.0812237256350757,0.0007980371504014
664.8767273620621,0.0090602040940172,0.9094120178844016,0.0808056511214816,0.0007221269000968001
665.2105008195732,0.0089884530886679,0.9098675097131876,0.0804357578982807,0.0007082792998637264
665.5442742770842,0.0089121778623213,0.9102995407693965,0.0800689657307956,0.0007193156374857
665.8780477345953,0.008827851405895,0.9107342999309918,0.0797056250572166,0.0007322236058959
666.2118211921064,0.0087390331220607,0.9110654101342152,0.079379934614209,0.0008156221295151
666.5455946496174,0.0086126612371224,0.9114253462759214,0.0790660490346683,0.0008959434522878
666.8793681071286,0.0084907622682255,0.912069334828657,0.0786413860454424,0.000798516857675
667.2131415646396,0.0084147668107729,0.9127083115443838,0.0781905336049524,0.0006863880398903999
667.5469150221506,0.0083491197963867,0.9131925612435638,0.0778025375127307,0.0006557814473185303
667.8806884796618,0.0082817144847332,0.913627805887372,0.0774285240662189,0.0006619555616744
668.2144619371728,0.0082039066546087,0.914066813729392,0.0770553812514189,0.0006738983645798
668.548235394684,0.0081249945773944,0.9144592757061836,0.0766997431482733,0.0007159865681489
668.882008852195,0.0080230853736996,0.9147675837493296,0.07638554828571,0.0008237825912605001
669.215782309706,0.0078995877256374,0.915297337878918,0.0760041135673389,0.000798960828106
669.5495557672172,0.0078150710279104,0.915975449541916,0.0755416958135494,0.0006677836166234
669.8833292247282,0.0077545404405088,0.9165084943288474,0.0751268768148193,0.0006100884158249878
670.2171026822393,0.0076940523113804,0.9169536738969908,0.0747458494679167,0.0006064243237118266
670.5508761397504,0.007625330134822,0.9173848770751588,0.0743669989606209,0.0006227938293979
670.8846495972614,0.0075508714713631,0.91781782878109,0.0739926748767881,0.0006386248707587
671.2184230547725,0.0074692515173967,0.9181434797370116,0.0736576387336235,0.0007296300119683
671.5521965122836,0.0073566651155693,0.918551647527701,0.0733121057784174,0.0007795815783117001
671.8859699697947,0.0072612698099452,0.9192055744249776,0.0728662775223445,0.0006668782427317
672.2197434273057,0.0072020614479476,0.9198000238671088,0.0724232141135113,0.0005747005714332168
672.5535168848169,0.0071473906599456,0.9202646076428608,0.0720320600621085,0.0005559416350845561
672.8872903423279,0.007087974249123,0.9206914336311702,0.0716489687093425,0.0005716234103649
673.2210637998389,0.0070183028450477,0.9211320759579492,0.0712662855427581,0.0005833356542451
673.5548372573501,0.0069483179243696,0.9215106205758912,0.0709061428293498,0.0006349186703895
673.8886107148611,0.0068545580490542,0.9218424808334208,0.0705740538734087,0.0007289072441164
674.2223841723722,0.0067534293743596,0.9224081365441796,0.0701651657877085,0.0006732682937519
674.5561576298833,0.0066896266701504,0.9230499471507484,0.0697065513867066,0.0005538747923943
674.8899310873943,0.0066400318583172,0.9235490120366164,0.0692981846567291,0.0005127714483378401
675.2237045449054,0.0065882797595479,0.9239796774095071,0.0689119545615761,0.0005200882693685623
675.5574780024165,0.0065261040144473,0.9244086232774372,0.0685266513531279,0.0005386213549883
675.8912514599276,0.0064610566660556,0.924831995289557,0.068148531108002,0.0005584169363847
676.2250249174386,0.0063861112526774,0.9251545283787024,0.0678081346300588,0.0006512257385604999
676.5587983749497,0.0062890610423535,0.925604285891632,0.0674383708346003,0.0006682822314135
676.8925718324608,0.0062165225266014,0.9262464855078688,0.066986778511201,0.000550213454328
677.2263452899718,0.0061698707652912,0.9267948283086552,0.0665573077294451,0.0004779931966067494
677.560118747483,0.0061240645723704,0.9272378237330008,0.0661670073251744,0.00047110436945366457
677.893892204994,0.0060707642330687,0.927654433129935,0.0657807746322696,0.0004940280047255
678.227665662505,0.0060092319254833,0.9280915913966384,0.0653951054622663,0.0005040712156125
678.5614391200162,0.005946960203021,0.9284526803359532,0.0650363277317962,0.00056403172923
678.8952125775272,0.0058627095909425,0.9288101137766008,0.0646903909598402,0.000636785672617
679.2289860350384,0.0057828094902842,0.929392145610383,0.0642677585231556,0.0005572863761775
679.5627594925494,0.0057347319011797,0.9299879554136956,0.0638227702152982,0.0004545424698251462
679.8965329500605,0.0056938344158373,0.9304542904858116,0.0634236505335604,0.00042822456479139535
680.2303064075716,0.0056486442915966,0.9308674957097002,0.0630377743241926,0.00044608567451004963
680.5640798650826,0.0055926800218526,0.9312925223534,0.0626514604301283,0.0004633371946193
680.8978533225937,0.0055362874832111,0.931699113615083,0.0622764904157346,0.0004881084859698
681.2316267801048,0.0054679758857862,0.9320220254180872,0.0619340262187137,0.000575972477412
681.5654002376159,0.0053872350241134,0.9325026147267896,0.0615490158467734,0.0005611344023255999
681.8991736951269,0.0053332925069008,0.9331157067079414,0.0611045876888966,0.0004464130962605
682.232947152638,0.0052960145490065,0.9336188248600664,0.0606921076527065,0.00039305293821905715
682.5667206101491,0.0052571291770443,0.934038044019048,0.0603065921866997,0.00039823461720764233
682.9004940676601,0.005208857309919,0.9344439118928554,0.0599222414582094,0.0004249893390152
683.2342675251713,0.005155362583649,0.9348713476315798,0.0595398401073442,0.0004334496774257
683.5680409826823,0.0050997577249901,0.9352141535617444,0.0591868333128671,0.0004992554003975999
683.9018144401933,0.0050262300346979,0.93559614092535,0.0588317236323306,0.0005459054076223
684.2355878977045,0.0049652044134155,0.9361750389181124,0.0584078652536775,0.0004518914147941
684.5693613552155,0.004928678264281,0.9367202818568212,0.057982713935602,0.0003683259432954195
684.9031348127266,0.0048946620689039,0.9371545055723955,0.0575950210954758,0.0003558112632244606
685.2369082702377,0.0048543794622629,0.9375488851444134,0.0572140424662399,0.000382692927084325
685.5706817277487,0.0048046524664971,0.937967313139736,0.0568318078849435,0.000396226508823
685.9044551852598,0.0047559289568138,0.9383513871360109,0.0564656696691007,0.00042701423807460005
686.2382286427709,0.0046945728757167,0.9386781287196456,0.0561238319801605,0.0005034664244762
686.572002100282,0.0046298445525785,0.9391758451336318,0.055732930402613,0.0004613799111761
686.905775557793,0.0045902377823924,0.9397473154690358,0.0553050537086468,0.0003573930399256363
687.2395490153041,0.0045600157721507,0.940207269561412,0.0549112780523027,0.0003214366141333415
687.5733224728152,0.0045263505564627,0.9406010196273048,0.0545341355366768,0.00033849427955434306
687.9070959303262,0.004482666549244,0.940996123493004,0.0541560589837015,0.0003651509740504
688.2408693878374,0.0044368415963917,0.941407120237351,0.0537827908765281,0.0003732472897292
688.5746428453484,0.0043871762789897,0.9417330103091096,0.0534388080521834,0.0004410053597181
688.9084163028596,0.0043251151941628,0.9421350909350196,0.0530801032804016,0.00045969059041509996
689.2421897603706,0.0042798779279283,0.9426936106212374,0.0526657356431792,0.0003607758076545
689.5759632178816,0.0042516696751882,0.9431875163158232,0.0522638879406952,0.0002969260682936509
689.9097366753928,0.0042229995290254,0.9435896702088142,0.0518897590076725,0.00029757125448862625
690.2435101329038,0.0041865562359473,0.9439652858934076,0.0515177494493251,0.0003304084213208
690.5772835904149,0.0041431614249461,0.944373203476319,0.0511447657644098,0.0003388693343254
690.911057047926,0.0041010407406721,0.9447313494157814,0.0507921739102699,0.00037543593327849997
691.244830505437,0.0040471219508389,0.945064066485,0.0504540613641327,0.000434750200028
691.5786039629481,0.0039971410834185,0.9455637414861984,0.0500667537947852,0.0003723636355981
691.9123774204592,0.0039680724750376,0.9460861504078464,0.0496619517508317,0.0002838253662827499
692.2461508779703,0.0039432117236981,0.9465052700144958,0.0492880175091534,0.00026350075265184385
692.5799243354813,0.0039134101115535,0.9468729206728416,0.0489227372723569,0.000290931943248338
692.9136977929924,0.0038742912156867,0.9472569100180128,0.0485553506115575,0.0003134481547426
693.2474712505035,0.0038354846614169,0.947645128301776,0.0481966333733892,0.00032275366341750003
693.5812447080145,0.0037913838784316,0.947957009459638,0.047864365445171,0.00038724121675949997
693.9150181655257,0.003740870025518,0.9483716045255538,0.0475085845970832,0.0003789408518443
694.2487916230367,0.0037081040155729,0.948896115063608,0.0471123646919914,0.0002834162288287901
694.5825650805477,0.0036858499772438,0.9493403522745408,0.04673568039619,0.0002381173520267082
694.9163385380589,0.0036612262712955,0.9497104238329506,0.0463773458978654,0.0002510039978890105
695.2501119955699,0.0036280965430222,0.9500682924665635,0.0460179802414732,0.0002856307489402
695.583885453081,0.0035909866116036,0.9504608582683935,0.0456593349222196,0.0002888201977819
695.9176589105921,0.0035544874671118,0.950792039582548,0.0453238482885551,0.0003296246617847
696.2514323681032,0.003508427187689,0.9511307750515235,0.0449928763799031,0.0003679213808845
696.5852058256143,0.003471203140284,0.95161768972338,0.0446178598611823,0.0002932472751544
696.9189792831253,0.0034495950838031,0.952088027621847,0.0442400218127422,0.00022235548160805593
697.2527527406364,0.0034288108334697,0.9524683198788308,0.0438867351666572,0.00021613412104143278
697.5865261981475,0.0034019314829215,0.9528104734232632,0.0435363663785468,0.00025122871526853503
697.9202996556586,0.0033675240205927,0.9531819719912176,0.0431836670383663,0.0002668369498233
698.2540731131696,0.0033348852210225,0.9535425100125368,0.0428437210852425,0.0002788836811981
698.5878465706807,0.0032962464873961,0.9538436507110706,0.0425251747891326,0.0003349280123995
698.9216200281918,0.003256675906882,0.9542607891689792,0.0421786081652946,0.0003039267588424
699.2553934857028,0.0032332427566253,0.9547419819388094,0.0418065258441282,0.00021824946043690356
699.589166943214,0.0032152782144794,0.9551394964482972,0.0414555545831305,0.00018967075409265975
699.922940400725,0.0031936481085313,0.9554779112358964,0.0411148324070349,0.000213608248536504
700.256713858236,0.0031637202651186,0.9558193262358228,0.0407711596497173,0.000245793849341
700.5904873157472,0.0031326004217372,0.9561911363958546,0.0404310959893463,0.00024516719306340003
700.9242607732582,0.0031009471617986,0.9564964595952667,0.0401147685672305,0.0002878246757034
701.2580342307693,0.0030629047751477,0.956838842505662,0.0397943241252831,0.0003039285939077
701.5918076882804,0.0030360558487124,0.9573001160917568,0.0394383703108547,0.00022545774867560424
701.9255811457914,0.0030196058060357,0.9577186678841164,0.0390890341190182,0.00017269219082975836
702.2593546033025,0.0030018882047237,0.958061819593996,0.0387569675800297,0.00017932462125072542
702.5931280608136,0.002977406446557,0.9583801023448604,0.0384239583630107,0.000218532845571366
702.9269015183247,0.0029478207110086,0.9587366170745344,0.0380894407253562,0.00022612148910130001
703.2606749758357,0.0029204334572334,0.9590665004419856,0.0377712277890144,0.0002418383117668
703.5944484333468,0.0028872872137878,0.9593593957126988,0.0374680183442533,0.0002852987292598
703.9282218908579,0.0028574803436947,0.9597682041193044,0.0371363144988854,0.0002380010381154
704.2619953483689,0.0028406919011125,0.9602010429874416,0.03679193563672,0.00016632947472639039
704.5957688058801,0.0028258540282776,0.9605550477853344,0.036466527451894,0.0001525707344932185
704.9295422633911,0.0028064422677044,0.9608630108893124,0.0361450883467816,0.00018545849620063304
705.2633157209023,0.0027798433107722,0.961188725865143,0.0358199913906385,0.00021143943344630002
705.5970891784133,0.0027541683356737,0.9615347590259404,0.0355019938285154,0.0002090788098699
705.9308626359243,0.0027268343623404,0.9618168729700818,0.0352061578866192,0.00025013478095811144
706.2646360934355,0.0026965858751263,0.962158049951934,0.0348999294599319,0.00024543471300899787
706.5984095509465,0.0026776825223105,0.9625838495299228,0.0345680635667143,0.00017040438105265994
706.9321830084576,0.0026647744153149,0.9629531371849008,0.0342475149137106,0.0001345734860739348
707.2659564659687,0.0026493277168936,0.9632608103439976,0.0339373684143957,0.00015249352471218464
707.5997299234797,0.0026270655957408,0.9635574388964264,0.0336240602198795,0.0001914352879530362
707.9335033809908,0.0026022504217652,0.9638954760880482,0.0333110252761811,0.0001912482140056436
708.2672768385019,0.0025792600080916,0.9641938502921632,0.0330165560585789,0.0002103336411659792
708.601050296013,0.0025516151916546,0.9644797139765262,0.0327304611643521,0.00023820966746735636
708.934823753524,0.0025300100238103,0.9648697023829322,0.0324186428126414,0.00018164478061612638
709.2685972110351,0.0025177560283231,0.9652527780062872,0.0321037725613356,0.00012569340405449428
709.6023706685462,0.0025052179289028,0.9655663494427228,0.0318036371937008,0.00012479543467363986
709.9361441260572,0.0024875431716831,0.9658459196127194,0.031503025309935,0.00016351190566217273
710.2699175835684,0.0024644580363572,0.9661557729451627,0.0311991469598353,0.00018062205864495073
710.6036910410794,0.0024435124448048,0.9664721930613016,0.0309057977778496,0.00017849671604361757
710.9374644985904,0.0024201898626559,0.9667342379098516,0.030631240884908,0.0002143313425864089
711.2712379561016,0.0023971062179234,0.9670677568665138,0.0303428066204051,0.0001923302951579441
711.6050114136126,0.0023839470366749,0.9674518349348208,0.0300382789274136,0.00012593910109103226
711.9387848711237,0.0023734925853833,0.9677754466299038,0.029745997906606,0.00010506287810696068
712.2725583286348,0.0023597219114661,0.968049605253648,0.0294583732781569,0.000132299556728295
712.6063317861459,0.0023397406362348,0.968326983074752,0.0291664548345695,0.0001668214544438845
712.940105243657,0.0023194339356119,0.968642575314328,0.028877436276924,0.00016055447313550558
713.273878701168,0.0023001325792563,0.968910630054352,0.0286075965535072,0.00018164081288454646
713.6076521586791,0.0022778562669525,0.9691888000160472,0.0283401806515447,0.00019316306545415213
713.9414256161901,0.0022627330159988,0.9695510482333536,0.0280519226807402,0.00013429606990814942
714.2751990737013,0.0022534853270363,0.9698857768505526,0.0277668249189129,9.391290349801195e-05
714.6089725312123,0.0022426423604223,0.9701617577854208,0.0274914610284043,0.00010413882575312613
714.9427459887233,0.0022264960238427,0.9704157094536155,0.0272127903441721,0.000145004178368316
715.2765194462345,0.002207026208697,0.9707084319142416,0.0269321693811161,0.00015237249594382042
715.6102929037455,0.002190038493575,0.9709929543347876,0.0266647889115878,0.00015221826005008718
715.9440663612567,0.0021705489773464,0.9712378554850568,0.0264117425383256,0.00017985299927113238
716.2778398187677,0.0021536676649024,0.9715566260342182,0.0261439937314463,0.00014571256943329643
716.6116132762787,0.0021444461143272,0.9718960659493692,0.0258681895679898,9.129836831281087e-05
716.9453867337899,0.0021357235423181,0.9721778437582757,0.0256031261879991,8.330651140710033e-05
717.2791601913009,0.0021232357645514,0.9724209291174136,0.025338404610461,0.00011743050757339601
717.612933648812,0.0021056970284861,0.9726806590017864,0.0250693071810772,0.00014433678865076956
717.9467071063231,0.0020894451552004,0.9729701234203838,0.0248059348609351,0.0001344965634805692
718.2804805638341,0.0020733054933086,0.973210358086938,0.0245607206534903,0.00015561576626274738
718.6142540213452,0.0020560593708307,0.9734783813408556,0.0243133154917905,0.00015224379652339004
718.9480274788563,0.0020457481698468,0.9738065069598127,0.0240509036431488,9.684122719191378e-05
719.2818009363674,0.0020384774402928,0.9740960196404036,0.0237947803336457,7.072258565858256e-05
719.6155743938784,0.0020288861333123,0.9743371739661766,0.0235436603404564,9.027956005471508e-05
719.9493478513895,0.0020142726085374,0.9745685359316238,0.0232878364097429,0.0001293550500964903
720.2831213089006,0.0019983536346416,0.9748419262434224,0.0230320028522593,0.000127717269676975
720.6168947664116,0.001984601867055,0.9750943323411644,0.0227908297217861,0.00013023606999417207
720.9506682239228,0.001968788819726,0.9753242651466604,0.0225592940801495,0.0001476519534633497
721.2844416814338,0.0019569526907665,0.9756214584512948,0.0223144410795875,0.00010714777835165896
721.618215138945,0.0019503113187611,0.9759163128810472,0.0220674838949,6.589190529190466e-05
721.951988596456,0.0019428383346234,0.9761599713978,0.0218285093283508,6.868093922596463e-05
722.285762053967,0.0019314311980374,0.9763751619330124,0.0215868423448622,0.00010656452408802443
722.6195355114781,0.00191648924313,0.976618142294832,0.0213415708687529,0.00012379759328487227
722.9533089689892,0.0019037130060896,0.9768788277109623,0.021104625958423,0.0001128333245258176
723.2870824265003,0.0018903713550223,0.9770946172752898,0.0208834570059972,0.00013155436369055877
723.6208558840113,0.0018776050589947,0.9773490420078108,0.0206572183791103,0.00011613455408412122
723.9546293415224,0.0018706480690159,0.977639536535975,0.0204216866609421,6.812873406556225e-05
724.2884027990335,0.0018646995749126,0.9778877819787916,0.020193235603322,5.42828429730506e-05
724.6221762565445,0.001856055944139,0.9780969841187002,0.0199659102930651,8.104964409677131e-05
724.9559497140557,0.0018431032701367,0.9783087698692804,0.0197334628512184,0.00011466400936407795
725.2897231715667,0.001830489901467,0.9785604045384346,0.0195032409737747,0.00010586458632326617
725.6234966290777,0.0018193714387719,0.9787817338166868,0.0192880988024125,0.00011079594212836432
725.9572700865889,0.0018070135981657,0.9789972002382628,0.019078298326246,0.00011748783732528705
726.2910435440999,0.0017990270536553,0.9792674589301428,0.0188576178685159,7.589614768446624e-05
726.6248170016111,0.0017940268866977,0.9795201107189826,0.0186386074203219,4.7254973997908936e-05
726.9585904591221,0.0017874764106624,0.9797291351719056,0.0184245328318167,5.885558561330404e-05
727.2923639166331,0.0017771076133256,0.9799196079914294,0.0182061116659927,9.71727292526536e-05
727.6261373741443,0.0017648219977385,0.9801452999166302,0.0179854775893213,0.00010440049631048071
727.9599108316553,0.0017548993052231,0.9803756239192952,0.0177750971277113,9.437964777085033e-05
728.2936842891664,0.0017440993118995,0.9805699553607786,0.0175772792668021,0.00010866606051906663
728.6274577466775,0.0017350965619062,0.9808064905473582,0.0173732011707491,8.521171998767017e-05
728.9612312041886,0.0017303387709655,0.9810581184488766,0.0171646789459683,4.686383418880396e-05
729.2950046616996,0.0017253091212379,0.981269222473424,0.0169622668296299,4.3201575708569e-05
729.6287781192107,0.0017174397686314,0.9814497518065194,0.0167580632465539,7.47451782950253e-05
729.9625515767218,0.0017063022455958,0.9816440356930408,0.0165493728585561,0.00010028920280613667
730.2963250342328,0.0016966026500917,0.9818712331562672,0.016345084542869,8.707965077078272e-05
730.630098491744,0.0016876593456638,0.9820639908598988,0.0161549421140289,9.340768040792084e-05
730.963871949255,0.001678424441323,0.9822644977073768,0.0159667234864837,9.035436481601962e-05
731.297645406766,0.0016731868437146,0.982503989304488,0.0157708073883086,5.201646348846398e-05
731.6314188642772,0.0016692257271195,0.982717744371424,0.0155784311461082,3.4598755349025396e-05
731.9651923217882,0.0016633781391744,0.9828954113374152,0.0153880963111596,5.311421225087804e-05
732.2989657792994,0.0016541162440794,0.9830645541995392,0.015192737050145,8.859250623630358e-05
732.6327392368104,0.001644406936244,0.9832718954057114,0.0149969157746155,8.678188342702487e-05
732.9665126943214,0.0016367537297407,0.9834719185535612,0.0148123478756832,7.897984101523124e-05
733.3002861518326,0.0016282836604426,0.9836473003085816,0.0146368734219878,8.754260898865548e-05
733.6340596093436,0.0016222452523585,0.9838621772948986,0.014455346137622,6.023131512057476e-05
733.9678330668547,0.0016188572568712,0.984076106030386,0.014272962734588,3.207397815515823e-05
734.3016065243658,0.0016144972423842,0.9842540129703268,0.0140948849774704,3.660480981756491e-05
734.6353799818768,0.0016073450307025,0.9844091404944222,0.0139133281512427,7.01863236336245e-05
734.9691534393879,0.001598126454006,0.9845872055397942,0.0137283444656143,8.632354058622679e-05
735.302926896899,0.001590865197196,0.9847881989201056,0.0135495480598821,7.138782281405773e-05
735.6367003544101,0.001583765935822,0.9849556045043156,0.0133830512298854,7.757832997555531e-05
735.9704738119211,0.0015772116216327,0.9851396933184344,0.0132161655626324,6.69294972999462e-05
736.3042472694322,0.0015738085193167,0.9853468322508342,0.0130447198062774,3.463942357068965e-05
736.6380207269433,0.0015705280950666,0.9855257404257484,0.0128772236708118,2.650780837327342e-05
736.9717941844543,0.0015652536719242,0.9856755453846244,0.0127092666063669,4.9934337084434746e-05
737.3055676419655,0.001557217339832,0.9858264669402464,0.0125365831042344,7.973261568768722e-05
737.6393410994765,0.0015498636089999,0.9860139662242932,0.0123652760552239,7.089411148303071e-05
737.9731145569876,0.0015439889176686,0.9861850919589786,0.0122052116616459,6.570746170560059e-05
738.3068880144987,0.0015376249121862,0.9863432256308148,0.0120510235741375,6.812588286025508e-05
738.6406614720097,0.0015337623929995,0.9865335833590434,0.011891949814627,4.070443333068816e-05
738.9744349295208,0.0015312037903263,0.986712506657587,0.0117342352214049,2.205433068137033e-05
739.3082083870319,0.0015273578695307,0.9868609826794572,0.0115787170532453,3.294239776623381e-05
739.641981844543,0.0015209554746376,0.9869942327261656,0.0114190529189293,6.575888026724025e-05
739.975755302054,0.0015136599175846,0.9871564994185748,0.0112573093997884,7.253126405013782e-05
740.3095287595651,0.0015083459713187,0.987330635350647,0.0111029529653858,5.806571264861973e-05
740.6433022170762,0.001502847867536,0.9874758912885938,0.0109585068169397,6.275402693090839e-05
740.9770756745872,0.001498459969572,0.9876417790542604,0.0108124398347062,4.73211414612038e-05
741.3108491320984,0.0014962019921869,0.9878169338443582,0.010664496938403,2.236722505331311e-05
741.6446225896094,0.0014934005630282,0.9879650712508234,0.0105199388523874,2.158933376096238e-05
741.9783960471204,0.0014886393138244,0.9880902020763692,0.0103732741027243,4.788450708203693e-05
742.3121695046316,0.0014819384095076,0.9882253218576158,0.0102225866137667,7.015311910997491e-05
742.6459429621426,0.0014766102989492,0.9883915449501336,0.0100749130574687,5.693169344783695e-05
742.9797164196538,0.0014721362656194,0.9885363000419038,0.0099375945849685,5.396910750780102e-05
743.3134898771648,0.0014676087535909,0.9886779665257466,0.0098035451401748,5.0879580487834936e-05
743.6472633346758,0.0014652268672268,0.9888422452492678,0.0096662372865026,2.6290597001244082e-05
743.981036792187,0.0014631789173187,0.9889897482244696,0.0095313155971168,1.5757261094836183e-05
744.314810249698,0.0014597532393621,0.9891121137665186,0.0093968042124091,3.1328781708945617e-05
744.6485837072091,0.0014541814271995,0.9892269068005392,0.0092580783398964,6.083343236376735e-05
744.9823571647202,0.0014486998526019,0.989373099776432,0.0091187052125762,5.9495158391210045e-05
745.3161306222313,0.0014448829006019,0.9895208603820712,0.0089872221760661,4.703454126084199e-05
745.6499040797423,0.0014407863827688,0.9896468221477984,0.0088631110826447,4.92803867886618e-05
745.9836775372534,0.0014380335610008,0.989792953140724,0.0087370710525183,3.19422457574929e-05
746.3174509947645,0.0014364513446072,0.9899379808963512,0.0086111430574215,1.4424701621121681e-05
746.6512244522755,0.0014340180874501,0.9900591781600844,0.0084875360607546,1.9267691711167552e-05
746.9849979097867,0.0014297722119625,0.9901630396754928,0.008360903179704,4.628493284016279e-05
747.3187713672977,0.0014244582850441,0.9902839786086908,0.0082312867591826,6.02763470840856e-05
747.6525448248087,0.0014207694450942,0.9904280731127394,0.0081059099041093,4.524753805656639e-05
747.9863182823199,0.0014174218170786,0.9905495042573492,0.0079893894412259,4.368448434725447e-05
748.3200917398309,0.0014144129741678,0.990674808690864,0.0078743025508539,3.6475784114094366e-05
748.653865197342,0.0014129616244616,0.9908129611496148,0.0077576204034115,1.6456822513181194e-05
748.9876386548531,0.0014112538213035,0.9909329030991644,0.0076434656834449,1.2377396087007042e-05
749.3214121123641,0.001408202163709,0.9910324689805816,0.0075283742342926,3.0954621416432115e-05
749.6551855698752,0.0014035469120238,0.9911317874292624,0.007409499111735,5.516654697815616e-05
749.9889590273863,0.0013996707486275,0.9912612523958132,0.007291322782077,4.7754073481978197e-05
750.3227324848974,0.0013969758867378,0.9913842552667772,0.0071808442030737,3.7924643410296915e-05
750.6565059424084,0.0013940877649478,0.9914931581808,0.0070753951493437,3.7358904909020373e-05
750.9902793999195,0.0013924776354844,0.9916185670299308,0.0069683628498453,2.059248474144784e-05
751.3240528574306,0.0013912861656879,0.9917363624727036,0.0068626616020709,9.689759537787613e-06
751.6578263149416,0.0013891602241913,0.9918341282249364,0.0067580890524003,1.8622498471884967e-05
751.9915997724528,0.0013854726079112,0.9919201102873424,0.0066501925122122,4.4224592533951946e-05
752.3253732299638,0.0013815115815639,0.992027722212722,0.0065404939107846,5.0272294929053784e-05
752.6591466874748,0.0013790755115884,0.9921496127908964,0.0064357418938709,3.556980364462018e-05
752.992920144986,0.0013766559885514,0.9922508658943604,0.0063380214453417,3.4456671746316073e-05
753.326693602497,0.0013748209773715,0.9923596632763196,0.006240671482333,2.484426397574975e-05
753.6604670600082,0.0013739110307552,0.9924729257382938,0.0061431306435269,1.0032587424512985e-05
753.9942405175192,0.0013724593456984,0.9925690558054944,0.0060476872747739,1.0797574034400551e-05
754.3280139750303,0.0013697739937707,0.992649022392954,0.0059504550046006,3.0748608674167056e-05
754.6617874325414,0.0013660886903361,0.9927352430858988,0.0058501670045311,4.850121923441097e-05
754.9955608900524,0.0013635418324561,0.9928474163992376,0.0057516910870008,3.735068130650647e-05
755.3293343475635,0.0013616813304892,0.9929480662053008,0.0056601498510366,3.0102613173743477e-05
755.6631078050746,0.0013597969610739,0.9930414647202974,0.0055717175469135,2.702077171600427e-05
755.9968812625857,0.001358919042651,0.9931461108729536,0.0054824061753042,1.256390909173525e-05
756.3306547200967,0.0013579671479094,0.9932400698337612,0.0053949490660296,7.013952299592274e-06
756.6644281776078,0.0013561163652912,0.993317631318982,0.0053075539567915,1.8698358936437118e-05
756.9982016351189,0.0013530449964709,0.9933888498126512,0.0052169998270872,4.11053637902093e-05
757.3319750926299,0.0013503145743652,0.9934833722649972,0.0051257863290629,4.0526831575204744e-05
757.6657485501411,0.0013487878650033,0.9935839237402267,0.0050396910563992,2.759733837089928e-05
757.9995220076521,0.0013471399525314,0.993667889615074,0.0049587752702669,2.6195162126922526e-05
758.3332954651631,0.0013461419083784,0.9937600886659932,0.0048778043206184,1.5965105008773328e-05
758.6670689226743,0.0013455300838504,0.9938506803626664,0.0047976323591365,6.157194344881065e-06
759.0008423801853,0.0013442948661372,0.9939264582663828,0.0047188690953696,1.0377772110120422e-05
759.3346158376964,0.0013419949565128,0.9939899590354077,0.0046379189058592,3.0127102221487437e-05
759.6683892952075,0.0013392758649286,0.9940647849767604,0.004554772772732,4.11663855798125e-05
760.0021627527185,0.0013377560645587,0.9941594547004512,0.0044742215122505,2.856772273855388e-05
760.3359362102296,0.0013365220123608,0.9942405883174852,0.004399456224487,2.3433445667838606e-05
760.6697096677407,0.0013354246653915,0.9943195681809286,0.0043264181431952,1.8589010485419957e-05
761.0034831252518,0.0013349727936077,0.9944043489132456,0.004253298280707,7.380012440528844e-06
761.3372565827628,0.0013341921010128,0.9944779288874026,0.0041820252270215,5.853784563717652e-06
761.671030040274,0.0013326028102413,0.994538269835314,0.0041100496459895,1.907770845509365e-05
762.004803497785,0.0013301916299605,0.9945973700125506,0.0040353899825976,3.7048374892269546e-05
762.338576955296,0.0013284993151011,0.9946788109132854,0.0039610231573493,3.166661426459764e-05
762.6723504128072,0.0013276058521766,0.9947596968777936,0.0038914786611858,2.1218608843757422e-05
763.0061238703182,0.0013265887381278,0.9948287810288198,0.0038254640664975,1.9166166553191563e-05
763.3398973278294,0.0013261334342612,0.9949046948293442,0.0037594115319995,9.760204395420675e-06
763.6736707853404,0.0013256885852574,0.9949754295430177,0.0036947074722583,4.1743994669637056e-06
764.0074442428514,0.0013246505300892,0.9950339702654653,0.0036306923243922,1.068688005312906e-05
764.3412177003626,0.001322766863956,0.9950839788026687,0.0035644619495983,2.8792383777441275e-05
764.6749911578736,0.0013209455608641,0.9951484082908252,0.0034969157125711,3.373043574005594e-05
765.0087646153847,0.0013201630570247,0.9952259956857936,0.0034323599176735,2.1481339507896697e-05
765.3425380728958,0.0013194069172437,0.9952905417275028,0.0033722708098466,1.7780545406767386e-05
765.6763115304068,0.0013188802863816,0.9953558999627484,0.0033130771981886,1.2142552680265492e-05
766.0100849879179,0.001318653375577,0.9954225008731992,0.0032544871855617,4.358565662077393e-06
766.343858445429,0.0013180176384555,0.99547893663752,0.0031974077570283,5.637966995551386e-06
766.6776319029401,0.0013166950021571,0.9955249264103176,0.0031391314344635,1.924715306181048e-05
767.0114053604511,0.0013149560445,0.9955740996122456,0.0030788053992143,3.213894403892127e-05
767.3451788179622,0.0013140714831397,0.9956424503248972,0.003019519074866,2.3959117097411908e-05
767.6789522754733,0.0013136076761355,0.9957059031707148,0.0029644117609619,1.6077392186517723e-05
768.0127257329843,0.0013130830963014,0.9957620440904728,0.002911527007356,1.3345805869846605e-05
768.3464991904955,0.0013129418904311,0.9958225069259348,0.0028588669204234,5.684263210683972e-06
768.6802726480065,0.0013126057502874,0.9958763746875516,0.0028077151211676,3.304440992887519e-06
769.0140461055175,0.0013117550326793,0.9959204516884445,0.0027566443189066,1.1148959969777185e-05
769.3478195630287,0.0013103131083334,0.9959595883397196,0.0027035907755713,2.6507776374384847e-05
769.6815930205397,0.0013092630622717,0.996014172474718,0.0026500240407361,2.654042227427541e-05
770.0153664780509,0.0013089695292069,0.996075741345585,0.002599474565552,1.581455965661966e-05
770.3491399355619,0.0013085794140412,0.9961263455935708,0.002552102791939,1.2972200449163287e-05
770.682913393073,0.0013084269055319,0.9961788845378492,0.0025052304000916,7.458156526432937e-06
771.016686850584,0.0013083123151171,0.996229563628812,0.0024593996483801,2.7244076919596982e-06
771.3504603080951,0.0013078112906744,0.9962717878090388,0.0024145861362592,5.814764027537384e-06
771.6842337656062,0.0013067645284367,0.9963060391658471,0.0023684347819269,1.8761523789140576e-05
772.0180072231173,0.001305657890399,0.9963467709574876,0.0023209053377358,2.6665814377141748e-05
772.3517806806284,0.001305347076073,0.9964022520745232,0.0022748660667301,1.7534782674348294e-05
772.6855541381394,0.0013051716296425,0.996450797742048,0.0022321607423566,1.1869885951811938e-05
773.0193275956505,0.001305002916603,0.9964955006308178,0.002190745613318,8.750839261667215e-06
773.3531010531616,0.0013050200384814,0.9965418826633884,0.0021498719976646,3.225300464262024e-06
773.6868745106726,0.0013047729596079,0.9965818008516752,0.0021103711403761,3.0550483419980973e-06
774.0206479681838,0.0013041049866787,0.9966139629209112,0.0020705114240218,1.1420668387107546e-05
774.3544214256948,0.00130310937502,0.9966444955587744,0.002029049245512,2.3345820693060837e-05
774.6881948832058,0.0013026653624119,0.996689619946781,0.0019877151941087,1.9999496698237203e-05
775.021968340717,0.0013026696975972,0.9967368125999534,0.0019491128624097,1.1404840040114319e-05
775.355741798228,0.0013025532667189,0.9967758429772864,0.0019125782849815,9.02547101302078e-06
775.6895152557391,0.0013026151138387,0.9968165981024042,0.0018764598973293,4.326886429533008e-06
776.0232887132502,0.0013025622514907,0.9968538818848034,0.0018415652308734,1.99063283244907e-06
776.3570621707612,0.0013021888547185,0.996884484298204,0.0018072014580052,6.125389073991391e-06
776.6908356282723,0.0013014282172153,0.9969094601084176,0.001771559552042,1.7552122325527932e-05
777.0246090857834,0.0013008689050156,0.996942836108648,0.0017351558352356,2.1139151100970995e-05
777.3583825432945,0.0013009230959005,0.9969862207924668,0.0017004168547584,1.2439256874183061e-05
777.6921560008055,0.0013009405075534,0.9970224557822543,0.0016681142404786,8.48946971470555e-06
778.0259294583167,0.0013010016260957,0.9970570427777536,0.0016365411298705,5.414466278790528e-06
778.3597029158277,0.0013010870426036,0.9970912083000748,0.0016057692025571,1.9354547651449837e-06
778.6934763733387,0.0013009238502608,0.9971198683096364,0.0015760732922972,3.1345478060669184e-06
779.0272498308499,0.0013004367545285,0.997142480898889,0.0015457783105385,1.1304036043525161e-05
779.3610232883609,0.0012998619749932,0.9971662017788304,0.0015143258586512,1.9610387524692993e-05
779.694796745872,0.0012998455347043,0.9972022505834934,0.0014834517591898,1.4452122612953427e-05
780.0285702033831,0.0013000143764244,0.9972371101203072,0.0014548202080677,8.055295198747965e-06
780.3623436608941,0.0013000888648008,0.9972665454228548,0.0014274136841548,5.95202818871484e-06
780.6961171184053,0.0013002512471668,0.9972967978081844,0.0014004991472193,2.4517974317579146e-06
781.0298905759163,0.001300244399538,0.9973232171508716,0.0013747645564559,1.7738931343678428e-06
781.3636640334274,0.0012999907737004,0.9973444870334138,0.0013491661678069,6.356025078436221e-06
781.6974374909385,0.0012995155037222,0.9973623400476604,0.001322498675006,1.564577360973116e-05
782.0312109484495,0.0012993824976243,0.9973890728966884,0.001295588352208,1.595625347895356e-05
782.3649844059606,0.0012996359795273,0.997421532112188,0.0012702727663439,8.559141940354304e-06
782.6987578634717,0.0012997793421477,0.9974478205130192,0.0012465727367089,5.827408124391299e-06
783.0325313209828,0.0012999652441701,0.9974735349675712,0.0012233328507667,3.166937490943663e-06
783.3663047784938,0.0013000772894634,0.9974975422956058,0.0012010276563313,1.3527586008190844e-06
783.7000782360049,0.0012999937643492,0.9975172728770418,0.0011794479983475,3.285360260220716e-06
784.033851693516,0.0012996846886833,0.9975324425397772,0.0011572007215741,1.067204996432427e-05
784.367625151027,0.0012994731797383,0.997550659272919,0.0011342369379233,1.5630609419723277e-05
784.7013986085382,0.0012997166621056,0.9975782051063188,0.001112094684243,9.983547333905255e-06
785.0351720660492,0.0012999645712882,0.9976029073023448,0.0010916137067188,5.5144196480623325e-06
785.3689455235603,0.0013001552548912,0.9976243580262304,0.0010718005229616,3.686195917323225e-06
785.7027189810714,0.0013003494642423,0.9976456238209556,0.0010525930820474,1.4336327548822307e-06
786.0364924385824,0.0013003859249493,0.997663488808714,0.0010343709013506,1.7543649868483513e-06
786.3702658960935,0.0013002429109859,0.9976774310770484,0.0010160269063542,6.2991056113398e-06
786.7040393536046,0.0013000330315839,0.9976899019510318,0.0009968861383938,1.3178878990047054e-05
787.0378128111157,0.0013001952686241,0.9977105196263742,0.0009778697617697,1.141534323147927e-05
787.3715862686267,0.0013005307497458,0.9977335616134418,0.0009602180035062,5.68963330671647e-06
787.7053597261378,0.0013007488385884,0.9977519624453266,0.0009435118409459,3.776875139085661e-06
788.0391331836489,0.0013009826425132,0.9977700528947124,0.0009271895520993,1.7749106749654663e-06
788.37290664116,0.0013011081963374,0.9977859786980572,0.0009117885973346,1.1245082704349897e-06
788.7066800986711,0.0013010962971391,0.997798770431988,0.0008967846934187,3.348577455079954e-06
789.0404535561821,0.0013009563271956,0.9978083647431696,0.0008811709517005,9.507977936480999e-06
789.3742270136931,0.0013010244687972,0.9978220157268164,0.0008652235004432,1.1736303944038585e-05
789.7080004712043,0.0013013898441904,0.9978418903323288,0.0008501516131079,6.568210372586429e-06
790.0417739287153,0.0013016656462072,0.9978585491582256,0.0008361667745792,3.6184209884603424e-06
790.3755473862265,0.0013019096093445,0.997873417558689,0.0008225364426221,2.136389343602391e-06
790.7093208437375,0.0013021029402619,0.9978873714008416,0.0008095809092152,9.447496819731516e-07
791.0430943012485,0.0013021801488868,0.9978987147299804,0.0007973429424233,1.7621787089727607e-06
791.3768677587597,0.0013021376351419,0.9979071161957004,0.0007848495555509,5.896613606943419e-06
791.7106412162707,0.001302151423176,0.9979155719546744,0.0007718371062419,1.0439515907466205e-05
792.0444146737818,0.0013024783061089,0.9979306391321672,0.0007591805112682,7.702050454990566e-06
792.3781881312929,0.0013028225537382,0.997945991062612,0.000747551015584,3.6353680659338496e-06
792.7119615888039,0.0013030735721553,0.9979582354930028,0.0007363962338269,2.294701016350743e-06
793.045735046315,0.0013033081678919,0.9979700463811892,0.0007256341683053,1.0112826152237635e-06
793.3795085038261,0.0013034456465637,0.9979798433573236,0.0007156665927377,1.0444033765507104e-06
793.7132819613372,0.0013034936623862,0.9979874187024792,0.0007058405793962,3.2470557381338223e-06
794.0470554188482,0.0013035034836084,0.9979930126388952,0.0006955529340618,7.930943435485718e-06
794.3808288763594,0.0013037543229086,0.9980027656691371,0.000685219715458,8.26029249548215e-06
794.7146023338704,0.0013041426868532,0.9980160805326884,0.0006756677527855,4.109027672718527e-06
795.0483757913814,0.001304415851472,0.9980266117363452,0.0006667233001606,2.249112021720359e-06
795.3821492488926,0.0013046661859935,0.9980361735093228,0.0006579803368162,1.1799678694029517e-06
795.7159227064036,0.0013048485538485,0.9980445152121322,0.0006498969377785,7.392962428482087e-07
796.0496961639147,0.0013049591963253,0.9980510614939934,0.0006422628448247,1.7164648567296695e-06
796.3834696214258,0.0013050042707734,0.99805546548712,0.0006343644365827,5.165805522994836e-06
796.7172430789368,0.0013051811823621,0.9980609141638148,0.0006261998141891,7.704839634383965e-06
797.051016536448,0.0013055652479375,0.9980710882889924,0.0006184817623134,4.864700757714347e-06
797.384789993959,0.0013058787102909,0.9980804765584956,0.0006114294520635,2.2152791500901605e-06
797.7185634514701,0.0013061289414521,0.9980880000261309,0.0006045724205974,1.2986118202106247e-06
798.0523369089811,0.0013063418945816,0.9980949145469888,0.0005981071173173,6.364411123780291e-07
798.3861103664922,0.0013064898644333,0.9981002894941768,0.0005922432043345,9.774370564462382e-07
798.7198838240033,0.0013065837412887,0.998104096769726,0.0005863793473049,2.9401416803023107e-06
799.0536572815143,0.0013067120483074,0.998106968148725,0.0005801862533078,6.133549661364244e-06
799.3874307390255,0.0013070504346243,0.998113415351941,0.0005741378851565,5.396328278196745e-06
799.7212041965365,0.001307401876749,0.9981214965429596,0.0005686859589941,2.4156212968725557e-06
800.0549776540475,0.0013076531890093,0.998127556975577,0.0005634908325846,1.2990028288175412e-06
800.3887511115587,0.0013078804145346,0.9981329869829842,0.0005584877333412,6.448691399134628e-07
800.7225245690697,0.0013080507105777,0.9981372641190472,0.0005540545478799,6.306224957771188e-07
801.0562980265809,0.0013081824817336,0.998140410469562,0.0005498462927109,1.5607559943022827e-06
801.3900714840919,0.0013082974697993,0.9981421544935812,0.0005453860160614,4.162020558797236e-06
801.723844941603,0.0013085676969676,0.998145355185038,0.0005408514818926,5.22563610082059e-06
802.0576183991141,0.001308932737156,0.9981514773747816,0.000536744947523,2.8449405401253056e-06
802.3913918566251,0.0013091981383367,0.9981565592828902,0.0005329832660737,1.2593126997969783e-06
802.7251653141362,0.0013094234718815,0.9981606121691348,0.0005292840311856,6.803277978456731e-07
803.0589387716473,0.0013096078851863,0.9981639509236466,0.0005259866462755,4.5454489247027455e-07
803.3927122291584,0.0013097599804444,0.9981662969449632,0.0005230816103354,8.614642563565368e-07
803.7264856866694,0.0013098848893476,0.9981676058066028,0.0005200715692012,2.437734848545468e-06
804.0602591441805,0.0013100892178025,0.9981687031506928,0.0005168817050333,4.325926472172692e-06
804.3940326016916,0.0013104348807783,0.9981724315469644,0.0005139231405828,3.2104316747703956e-06
804.7278060592026,0.001310721236658,0.9981766237267728,0.0005113400969379,1.314939631448192e-06
805.0615795167138,0.0013109376119275,0.9981795732332004,0.0005088037179627,6.85436910728665e-07
805.3953529742248,0.0013111284380876,0.9981820393750148,0.0005064615951367,3.7059176167301963e-07
805.7291264317358,0.0013112861331976,0.9981836386072204,0.0005045478116394,5.274479429361395e-07
806.062899889247,0.0013114251710615,0.9981845763238414,0.0005027017167288,1.296788368904704e-06
806.396673346758,0.0013115857640057,0.998184718203275,0.0005006683375269,3.027695193589594e-06
806.7304468042691,0.0013118810228113,0.9981862316439198,0.0004986876602263,3.199673042518045e-06
807.0642202617802,0.0013121826045771,0.9981892666185064,0.0004970401944151,1.5105825022503849e-06
807.3979937192912,0.0013123942982999,0.998191454099728,0.0004955006220952,6.509798780007951e-07
807.7317671768024,0.001312580324315,0.9981930908193252,0.0004939869957426,3.418606169442325e-07
808.0655406343134,0.0013127364182642,0.9981941007144816,0.000492815409262,3.47457992171586e-07
808.3993140918245,0.0013128821492004,0.9981945744471696,0.0004918519222568,6.914813735862354e-07
808.7330875493356,0.0013130215301975,0.9981944097283522,0.0004907627343242,1.8060071268978938e-06
809.0668610068466,0.0013132536471274,0.9981944285527502,0.0004896077735971,2.710026525082896e-06
809.4006344643577,0.0013135482530228,0.9981960644696484,0.0004886877109538,1.6995663754494472e-06
809.7344079218688,0.0013137627375131,0.9981976518143026,0.0004879369637327,6.484844512217316e-07
810.0681813793799,0.0013139357577804,0.998198601204106,0.0004871378560252,3.251820910539361e-07
810.4019548368909,0.0013140870392781,0.9981991532242482,0.0004865264283878,2.3330808602201357e-07
810.7357282944021,0.0013142273397734,0.9981991869508912,0.0004861839825552,4.017267804332302e-07
811.0695017519131,0.0013143595982527,0.9981988684763614,0.0004858176066931,9.543186911291497e-07
811.4032752094241,0.00131453546814,0.9981982083251734,0.0004853353885822,1.920818105686789e-06
811.7370486669353,0.0013147997781046,0.9981985360736254,0.000484960882263,1.70326600605479e-06
812.0708221244463,0.0013150205665033,0.9981994867519216,0.0004847917611984,7.00920376134298e-07
812.4045955819574,0.0013151784963707,0.998199934502665,0.0004845917599425,2.9524102131988674e-07
812.7383690394685,0.0013153197553448,0.9982000888857104,0.000484420592941,1.7076600292359384e-07
813.0721424969795,0.0013154474129585,0.9981998158411696,0.0004844897999336,2.469459407759469e-07
813.4059159544906,0.0013155741866767,0.998199312308676,0.0004846347134078,4.787912395755032e-07
813.7396894120017,0.001315709705135,0.9981984791049368,0.0004846705476994,1.140642230456255e-06
814.0734628695128,0.0013159232067004,0.9981979311179204,0.000484711238215,1.4344371635462395e-06
814.4072363270238,0.0013161411721175,0.9981981738071152,0.0004849255433915,7.594773767197896e-07
814.7410097845349,0.0013162882792967,0.9981982779131068,0.0004851629033846,2.7090421187962476e-07
815.074783242046,0.0013164140130296,0.998198113409144,0.0004853378920556,1.3468577172694338e-07
815.408556699557,0.0013165268300554,0.9981976704470776,0.0004856587104872,1.4401237985314562e-07
815.7423301570682,0.0013166410615719,0.9981969952829254,0.0004861087724664,2.5488303701998587e-07
816.0761036145792,0.0013167531768373,0.9981961770364391,0.0004864941642828,5.756224401043597e-07
816.4098770720902,0.0013169114485099,0.9981952797181254,0.000486820559226,9.882741393125598e-07
816.7436505296014,0.0013171080548612,0.9981949120367326,0.0004872500299777,7.298784291622569e-07
817.0774239871124,0.0013172494161308,0.9981947264711932,0.0004877616980533,2.624146221304894e-07
817.4111974446236,0.0013173559155602,0.998194349287397,0.0004881870911861,1.0770585734676748e-07
817.7449709021346,0.001317452691472,0.9981938195532974,0.0004886462188877,8.153634260151913e-08
818.0787443596457,0.0013175483289191,0.998193074692212,0.0004892376987103,1.3928015999522828e-07
818.4125178171568,0.0013176443805187,0.9981922760924992,0.0004898191895219,2.603374602483663e-07
818.7462912746678,0.0013177559607032,0.9981913719915784,0.0004903208363764,5.512113415092037e-07
819.0800647321789,0.0013179140701027,0.9981906665086356,0.0004908484597431,5.709615186336625e-07
819.41383818969,0.0013180467364251,0.9981902358867344,0.000491464378715,2.5299812483003826e-07
819.7476116472011,0.0013181350531263,0.9981897499063028,0.0004920306976169,8.434295345311018e-08
820.0813851047121,0.0013182139170541,0.998189198675859,0.0004925413734023,4.6033685631534196e-08
820.4151585622232,0.0013182887043321,0.998188500219676,0.0004931406523384,7.042365330583193e-08
820.7489320197343,0.001318367136401,0.9981877550935224,0.0004937626992293,1.1507084778371187e-07
821.0827054772453,0.0013184464344549,0.9981869906710028,0.0004943217305951,2.411639467855976e-07
821.4164789347565,0.0013185572033913,0.9981862457444723,0.0004948519971855,3.4505495038868393e-07
821.7502523922675,0.0013186706082856,0.9981856908958692,0.0004954321960405,2.0629980539577034e-07
822.0840258497785,0.0013187437108815,0.9981851834627358,0.0004960085979936,6.422838929945782e-08
822.4177993072897,0.0013188022645709,0.998184666085931,0.0004965049326862,2.671681236042366e-08
822.7515727648007,0.0013188567918709,0.9981841023924688,0.0004970114732132,2.9342448002454886e-08
823.0853462223118,0.0013189140187422,0.99818348509902,0.0004975528605315,4.802170669567789e-08
823.4191196798229,0.0013189700002791,0.9981828980778708,0.0004980487958462,8.312600533710455e-08
823.7528931373339,0.0013190374620252,0.9981823264621844,0.0004984908827435,1.4519304754674733e-07
824.086666594845,0.0013191186886627,0.9981818193355116,0.0004989434611304,1.185146958622376e-07
824.4204400523561,0.0013191752305439,0.9981813833033828,0.000499399163501,4.23025730097532e-08
824.7542135098672,0.0013192135617738,0.9981809820915604,0.0004997910274076,1.3319257636926756e-08
825.0879869673782,0.0013192483605061,0.9981805972637442,0.0005001448482014,9.527549144541488e-09
825.4217604248893,0.0013192828541625,0.998180193042734,0.0005005087462527,1.5356852189179087e-08
825.7555338824004,0.0013193174141293,0.9981798215251944,0.0005008407607516,2.0299924992190147e-08
826.0893073399114,0.0013193518734169,0.9981794906688378,0.0005011232541201,3.4203624069690435e-08
826.4230807974226,0.0013193938409794,0.9981791964661064,0.0005013754193416,3.42735725480461e-08
826.7568542549336,0.0013194267753597,0.9981789441347126,0.0005016149206097,1.4169318471028949e-08
827.0906277124448,0.0013194455753135,0.9981787397950616,0.0005018106353473,3.994278380452738e-09
827.4244011699558,0.0013194605646514,0.9981785808495544,0.000501956284906,2.30088896179018e-09
827.7581746274668,0.0013194737829878,0.9981784480424116,0.0005020757480299,2.426571426267064e-09
828.091948084978,0.0013194857462733,0.9981783510152132,0.0005021610289551,2.2095594018769148e-09
828.425721542489,0.0013194948604903,0.9981783017929488,0.0005022015395655,1.8069961036983378e-09
828.759495,0.0013195009617108,0.9981782955032814,0.0005022021723652,1.3626430893234366e-09
