tg,0,2,9,10,19,33,37,47,other
0.0,1.0,0.0,0.0,0.0,0.0,0.0,0.0,0.0,0.0
0.20022940711902112,0.9999998937588505,3.424904000859502e-21,4.981562475959065e-10,1.0322865312913626e-07,4.904250025879345e-12,9.167265433089994e-16,2.1388446489703462e-15,3.095870196207155e-18,2.509432660479515e-09
0.40045881423804225,0.9999977915944742,9.492439854203331e-18,1.4357210363505968e-08,2.188668419217517e-06,1.74732836991363e-11,8.417148664397183e-13,1.2790021929319817e-12,1.4824923198742935e-16,5.360302124248657e-09
0.6006882213570633,0.9999883358055721,1.0828418401719825e-16,6.381261801298216e-08,1.1551580645389836e-05,1.0303097496473129e-10,1.0609934519673283e-11,3.306409219555954e-11,4.847641183555421e-15,4.8654454463968834e-08
0.8009176284760845,0.9999805195707255,9.071476528959758e-17,1.6965485170883072e-07,1.9285258097101473e-05,5.189170232051319e-11,6.46348901654372e-11,1.630620648535529e-10,3.3208237580150346e-15,2.5236733754066863e-08
1.0011470355951055,0.9999647692960837,3.677146053849611e-15,4.404896540507399e-07,3.4729763783311404e-05,1.0242110723338864e-10,3.154403896689485e-10,9.800802440784546e-10,1.3485250444961073e-14,5.9052520254426554e-08
1.2013764427141267,0.9999461077556061,1.4772468832687755e-14,7.788346807382824e-07,5.2975835533952586e-05,3.196797329864363e-10,5.171510359853285e-10,3.415253955118717e-09,2.3276152959284126e-14,1.3332205649540646e-07
1.4016058498331478,0.9999487401760703,1.1768433134412992e-14,1.1880384287503742e-06,4.992815632699482e-05,3.0225411802195345e-10,1.0046466262370395e-09,6.105313771599804e-09,1.538713349637867e-14,1.3621693243283365e-07
1.601835256952169,0.9999497857550411,8.683063438287785e-14,1.9437455489888353e-06,4.810541242520878e-05,3.304941563596902e-10,1.886065682976028e-09,1.2698177472690792e-08,2.885342885743736e-14,1.5017213160499516e-07
1.8020646640711901,0.9999331378336936,2.6711904439156584e-13,2.4992567462776226e-06,6.411406066213775e-05,4.937255922175463e-10,2.4115511493814e-09,2.0984130464263327e-08,2.7712237823084705e-14,2.249591959570913e-07
2.002294071190211,0.9999096288070405,2.507925829849868e-13,2.943966250020685e-06,8.703030468869856e-05,7.999826801319458e-10,3.374056425115788e-09,2.698849613452847e-08,6.738024015407697e-14,3.657591672586112e-07
2.2025234783092325,0.9998818450772747,6.731151698521037e-13,3.887304032424404e-06,0.00011396946110451069,5.420356959674611e-10,8.068587685801194e-09,3.501598877990287e-08,2.876051922223583e-14,2.545302741063139e-07
2.4027528854282534,0.9998299156524625,1.6380399844863364e-12,4.094212008818959e-06,0.0001655649740833489,7.09409041866901e-10,1.0060977428347967e-08,5.299862613138014e-08,6.255211071178197e-14,3.6139073209675985e-07
2.6029822925472748,0.9997751587760857,1.5893705500757151e-12,4.068760043355286e-06,0.0002199877288269342,1.7314253829851217e-09,1.123568944664118e-08,7.910758930754457e-08,4.687364976024245e-16,6.926587500244552e-07
2.8032116996662957,0.9998099683065073,2.7909190942514444e-12,4.900014247387194e-06,0.0001846134585703715,7.158163530117146e-10,2.3483032765511654e-08,1.1025631596983659e-07,7.975566096857474e-15,3.8376271074775113e-07
3.003441106785317,0.9997788616519853,5.3792469265287234e-12,4.51823241904244e-06,0.00021584334756747118,1.1789802382023395e-09,2.1359417998837752e-08,1.7017806697713682e-07,1.44916574802124e-14,5.840461692737404e-07
3.203670513904338,0.9997356752785223,5.659938408904968e-12,4.272630506917286e-06,0.00025870970187798133,2.457358932689716e-09,2.1606589589377497e-08,2.295903292528809e-07,6.298717017133151e-14,1.08872909201896e-06
3.403899921023359,0.99977742786133,8.150823482334137e-12,5.486208162612448e-06,0.00021632175042221783,8.088622729163083e-10,4.5543837473128555e-08,2.3680681112521094e-07,7.880455995401786e-14,4.810123448005754e-07
3.6041293281423803,0.9996496498997293,1.3621723968696118e-11,5.136009294777457e-06,0.00034378730388874004,2.5581718060834533e-09,4.211304458627777e-08,3.0334661981977754e-07,1.2301551946996005e-13,1.0787555062755558e-06
3.8043587352614012,0.9995605335203032,1.4715321508872742e-11,5.744611574592566e-06,0.00043195461749274294,3.1052816394301223e-09,5.032846863272519e-08,3.495158481718e-07,5.141867805171479e-13,1.3642858015960637e-06
4.004588142380422,0.9996023879163903,2.021988242351368e-11,8.106708439118466e-06,0.0003883551302086667,1.1057816669108078e-09,1.0316556967075693e-07,3.5401179398129796e-07,2.7478682529848497e-14,6.919415692996245e-07
4.2048175494994435,0.9994430737911922,3.2089189652194334e-11,8.416063296465581e-06,0.0005459718277421249,4.017205055329669e-09,8.42745236829557e-08,5.626447414972549e-07,8.384635016833849e-13,1.887348371132479e-06
4.405046956618465,0.9994701978624931,3.5554479581678515e-11,1.0333654994201034e-05,0.0005172145641794018,2.9274756902075114e-09,1.030261250302411e-07,7.028509437924295e-07,2.0796850389887256e-13,1.445078026683617e-06
4.605276363737486,0.9995358540009507,4.8278644493342504e-11,1.350747943392442e-05,0.00044845559630737533,2.2211508616227774e-09,1.6818297080248668e-07,8.046105848559676e-07,8.390560290812588e-14,1.2078602389734455e-06
4.805505770856507,0.9993564578252535,7.54234163395635e-11,1.4078262543001353e-05,0.0006256034807807217,6.280176966339499e-09,1.5063976682838803e-07,1.1228140148493713e-06,1.5113382995718922e-12,2.5806205294368803e-06
5.005735177975528,0.9993452312753367,8.348035600520597e-11,1.607910958130664e-05,0.0006355651812926479,3.567250183312945e-09,1.834228014692808e-07,1.2022581404152703e-06,9.112839019820095e-14,1.7351020258335047e-06
5.2059645850945495,0.9992925808221287,1.0251225341064018e-10,1.8729208986350035e-05,0.0006851869079848841,3.197511628870343e-09,2.883621710825398e-07,1.2526109873397369e-06,4.4797707764566565e-13,1.958787269745572e-06
5.40619399221357,0.9990773738920249,1.5550203243318124e-10,1.8826249717697745e-05,0.0008988317829219812,6.011275087143898e-09,3.040193525047205e-07,1.6145278533290377e-06,5.839469706081455e-13,3.043360768819295e-06
5.606423399332591,0.999036716673501,1.699924507215634e-10,1.9085387370866613e-05,0.0009392643515996954,5.753413689443227e-09,3.006181595924492e-07,1.8949997184693906e-06,4.598554240107876e-13,2.7320457842890275e-06
5.806652806451613,0.9990863826540902,2.0029392500152878e-10,2.098277785845593e-05,0.0008872721911290194,5.438827332462069e-09,4.4062383727884614e-07,2.1977634214619816e-06,8.070965954695404e-14,2.718350461500617e-06
6.006882213570634,0.9990537198110352,3.013583609649104e-10,2.1197328213218485e-05,0.000918567743262141,6.629097550621305e-09,4.927384644017398e-07,2.8025034720001022e-06,1.5227882582281223e-13,3.2129449448680937e-06
6.207111620689655,0.9988579498410312,3.2731033832266455e-10,1.9204760081172174e-05,0.001114580483877403,9.86630254585459e-09,3.8101457388228335e-07,3.463344574200505e-06,3.0179311406561556e-13,4.41036194736901e-06
6.407341027808676,0.9989529107237878,3.5943176857466233e-10,2.2481015979279034e-05,0.0010171765784755095,4.825534374572669e-09,6.366607883041091e-07,3.459412557296636e-06,2.649790824220796e-13,3.3304231807388204e-06
6.607570434927697,0.9988563519565578,5.135510928675914e-10,2.4580455032892458e-05,0.001111286821261374,4.196246932058818e-09,8.215442927325786e-07,3.66772051461337e-06,1.7641568494101799e-12,3.2867907786214535e-06
6.807799842046718,0.998315696484798,5.477600532885365e-10,2.1268455868564415e-05,0.0016507172170649026,1.8198848645929545e-08,5.149000610823589e-07,4.830123418649055e-06,2.67628190862214e-12,6.954069503835493e-06
7.008029249165739,0.9986257215980046,5.708292636223124e-10,2.8374625410678943e-05,0.0013364855748949152,6.659965716404035e-09,1.0312034450824429e-06,4.504189201743599e-06,1.4411233030669102e-12,3.875576806796442e-06
7.208258656284761,0.9986407442211859,8.51485233026972e-10,3.2861347476824735e-05,0.0013160989780291962,5.019661838670134e-09,1.2573835775087297e-06,5.266459656354748e-06,1.0560235374036108e-12,3.765737871327491e-06
7.408488063403782,0.9980112295937721,9.61960778574992e-10,2.8928085548802398e-05,0.0019419183312225008,2.09200576647661e-08,7.04443890938294e-07,7.736285153744267e-06,5.405145888394779e-12,9.46137298856651e-06
7.6087174705228025,0.9985483985601808,9.805318971655173e-10,3.922934259623663e-05,0.001399367403879044,4.751529574493326e-09,1.4485302019256714e-06,7.158129146486875e-06,7.042917370954658e-13,4.392301229974872e-06
7.808946877641824,0.9984618921134518,1.4111045939252017e-09,4.4059399089953995e-05,0.001479275291773464,6.4413630559271316e-09,1.7365802003608536e-06,7.950797200507959e-06,1.879543444021961e-12,5.077963936771531e-06
8.009176284760844,0.9976513127636903,1.624375582917951e-09,3.9327436771047645e-05,0.0022867096917380605,2.9357800327837283e-08,1.1245937679831604e-06,1.0567637609493162e-05,1.012664033254927e-11,1.0926884120423709e-05
8.209405691879866,0.9980763456131617,1.5291141869024009e-09,4.882007657559371e-05,0.0018570887981962983,9.811538170587225e-09,2.0799786570703647e-06,9.350732040573789e-06,5.51482880450536e-13,6.303460164614924e-06
8.409635098998887,0.9979356861534525,2.0724455565785236e-09,5.205748755653005e-05,0.0019920535300664843,7.817976471116918e-09,2.4937206816754684e-06,1.0367893230354852e-05,2.0500595463371295e-12,7.33132254058477e-06
8.609864506117908,0.9973472421922431,2.5505701101810997e-09,4.699175419027116e-05,0.0025786819466313456,2.053199607413503e-08,1.8452407134019844e-06,1.3892372609857345e-05,6.235869687030969e-12,1.1323404810107493e-05
8.81009391323693,0.9976336960899118,2.450388484421058e-09,5.193172463452464e-05,0.0022879947338708814,1.491087073550554e-08,2.5677557189338596e-06,1.4076729661341246e-05,1.8451233719604162e-12,9.715603098001994e-06
9.010323320355951,0.9977606949001194,3.1847379141373828e-09,5.5484978534619334e-05,0.002155637469871827,1.2879311106143865e-08,3.1838690630029763e-06,1.568498104108542e-05,2.1865909749207466e-12,9.297735134468755e-06
9.210552727474973,0.9973516008978912,4.000210650527347e-09,5.203956126418026e-05,0.0025636766164015955,2.636734741089456e-08,2.7375305920690413e-06,1.8815818284577618e-05,1.3255610071184702e-11,1.1099194752877904e-05
9.410782134593992,0.9970516737717465,3.747578216382721e-09,5.222888391507487e-05,0.0028588861679369896,2.6227778244273678e-08,2.9344890535942707e-06,2.01363712405687e-05,2.6706671069054846e-12,1.4110338079885437e-05
9.611011541713014,0.9973060200688466,4.2888300812155025e-09,6.123582286052469e-05,0.002597525495034461,8.380911453102104e-09,4.485789904225445e-06,1.9248857074646866e-05,1.4335152936804922e-12,1.147129510443719e-05
9.811240948832035,0.9968738664237438,5.425611218121867e-09,6.0552507741991706e-05,0.003027229368257751,1.350684268001193e-08,4.027181932130242e-06,2.2314016977155017e-05,3.4245716962481434e-11,1.1991534647726061e-05
10.011470355951056,0.9961984817029453,5.2605002570947234e-09,5.864269022908441e-05,0.0036938076477967085,3.836891953297268e-08,3.5297936361623583e-06,2.6569474625684108e-05,6.181108321593926e-12,1.8925055166366608e-05
10.211699763070078,0.9970725295574817,6.090704516487652e-09,7.592845408441439e-05,0.002806774390625093,1.3881123418195545e-08,6.175857214794586e-06,2.5382688146865905e-05,1.7347785694180285e-12,1.318907888439108e-05
10.411929170189099,0.9966188539791779,8.036158122929801e-09,7.536332818204148e-05,0.003254848679320858,2.8467103383651734e-08,5.153694579997101e-06,3.123914612640644e-05,4.570292763597158e-11,1.4504623648454046e-05
10.61215857730812,0.9958776708535321,8.11478123459638e-09,7.383605466726518e-05,0.003984882253596212,4.288473104559967e-08,4.3456672497543996e-06,3.732081742976363e-05,1.6102861723542053e-11,2.1893337910048438e-05
10.81238798442714,0.9968350097153692,8.47625645968198e-09,9.577940926729699e-05,0.0030129202517837957,4.439305797058411e-09,8.22422596116609e-06,3.29265103020125e-05,6.876116199398667e-13,1.512697106665856e-05
11.012617391546161,0.9958162704812787,1.0624830100896012e-08,9.057786697096767e-05,0.00402681950999856,2.9544477897432916e-08,6.568489002176298e-06,3.9658778080735495e-05,7.21082798951214e-11,2.0064633252637698e-05
11.212846798665183,0.9952115998181104,1.0700486323126872e-08,9.049400005573023e-05,0.004623898778779692,5.349252901223558e-08,6.154440741455606e-06,4.44761469999431e-05,5.200860807038539e-11,2.331257028878045e-05
11.413076205784204,0.9961677523933277,1.111824319562784e-08,0.00011004474503987992,0.003651446109861775,1.6707035001400192e-08,1.0835918095948306e-05,4.038609085559903e-05,1.7902377497875735e-12,1.9506915750736657e-05
11.613305612903225,0.9950479438014139,1.4350657850455823e-08,9.94458894679783e-05,0.004764856999512859,4.427845345274647e-08,8.10758129093648e-06,5.265451227079398e-05,6.662086563019992e-11,2.693252031139291e-05
11.813535020022247,0.9951359998520103,1.5473716060490086e-08,0.0001013892795344257,0.004672897909614806,3.7864856967208376e-08,8.337356785423915e-06,5.776438581739374e-05,7.211962385168747e-11,2.3557805545098848e-05
12.013764427141268,0.9957527211869611,1.5798469649863626e-08,0.00011517815477963881,0.004038060738887403,1.0575361948082884e-08,1.2577084829138212e-05,5.6053661335294064e-05,4.3464766524752644e-12,2.5382795029671957e-05
12.213993834260288,0.9945593331096286,1.8883821330331803e-08,0.00010562039573146796,0.0052234524425233166,4.7228859005217945e-08,1.0362113266371483e-05,6.794385486620156e-05,8.887746301811958e-11,3.322188242637891e-05
12.41422324137931,0.9946394011841393,1.9567596653390635e-08,0.00010929396706540247,0.005144711829637208,6.371669563182727e-08,1.0912943189496747e-05,6.952003066238883e-05,1.8362261259802968e-10,2.6076577391105748e-05
12.61445264849833,0.9946803604874089,1.9118990366695847e-08,0.00012076479730244042,0.0050822760181185814,3.2597868283174056e-08,1.5151627970423045e-05,6.815232116724791e-05,5.8904397988936665e-12,3.324302528323453e-05
12.814682055617352,0.9938840201910853,2.2799592393877723e-08,0.0001210785387933971,0.005862142991998109,3.84012829778449e-08,1.464040666297529e-05,7.85768011318928e-05,5.3368569080077184e-11,3.947981608468494e-05
13.014911462736373,0.9937677012384296,2.4936035814277915e-08,0.0001224971536606029,0.005977102649528219,4.293484266213266e-08,1.3334635966121194e-05,8.658521817914714e-05,3.0525016276033375e-10,3.2710928107396184e-05
13.215140869855395,0.9940475500586117,2.5861477918637134e-08,0.0001382247185605233,0.005666909042611358,2.6778869808871094e-08,1.7872821369472092e-05,8.944693837490196e-05,3.925484002334566e-11,3.994374086941712e-05
13.415370276974416,0.9939916826938548,3.10109058557398e-08,0.00015055904541434303,0.005697129242039332,4.077004105704337e-08,1.9908785406761864e-05,9.766622695581812e-05,9.595593694269635e-11,4.2982129425972655e-05
13.615599684093436,0.992785636895367,3.327341314407643e-08,0.00014183882973117112,0.006899869711174675,1.2011432687500034e-07,1.4782841177237655e-05,0.00011484442892848819,2.6879035143252934e-10,4.287363709128001e-05
13.815829091212457,0.9933860832215863,3.1682822113536583e-08,0.00016571229592826192,0.006271570785141474,4.740370357081227e-08,2.2295188489582807e-05,0.00010894859788716495,1.260060603263402e-10,4.5310698435649917e-05
14.016058498331478,0.9934829123686789,3.6126393204820175e-08,0.00018314537178019242,0.006149340237423333,1.3818107210905143e-08,2.733360200143036e-05,0.00010961772411585387,9.167045400969625e-11,4.76006598291999e-05
14.2162879054505,0.9909566150395818,3.8920326213757193e-08,0.00015886449322429102,0.008668454081831997,1.0474751404895695e-07,1.6339733621777626e-05,0.00014216825500241596,3.018547035099015e-10,5.7414427042780094e-05
14.416517312569521,0.9927590482498135,3.856960514785701e-08,0.00019042846396172825,0.0068418974888767616,4.1856361555888295e-08,2.8593838102149962e-05,0.00012936714487031932,2.8070206345081093e-10,5.0584107706526615e-05
14.616746719688543,0.9931863425884944,4.716838384186979e-08,0.00020474026648495937,0.006384719935381113,3.7304019139374954e-08,3.3768202709666225e-05,0.00013601935598572606,1.5584243137840684e-10,5.432502269872063e-05
14.816976126807564,0.9900334656092096,5.290107560440013e-08,0.0001692127373396529,0.009522832496307072,1.7970862141626014e-07,1.8327735992756817e-05,0.000185910210689116,2.3741035323305137e-10,7.001836335437955e-05
15.017205533926584,0.9924767487172942,4.9889638357009514e-08,0.00020524570501884745,0.0070656899838901065,4.0984013485937844e-08,3.45009636546811e-05,0.00016108568183710717,5.572805027408233e-10,5.6637517372790904e-05
15.217434941045605,0.9923767564929006,5.542623806337172e-08,0.00021601670250513688,0.007137087261233662,1.0426002410121806e-08,4.023264027835273e-05,0.00016411563411361464,1.3140704816694528e-10,6.572528532123253e-05
15.417664348164626,0.9888904712442858,5.920957725675047e-08,0.00018295118398020392,0.010606372069287015,1.44257791096707e-07,2.4228739111379643e-05,0.00021396624425426864,5.774864785765598e-10,8.180647422654089e-05
15.617893755283648,0.9911317271187603,5.4735028148655304e-08,0.00021758285621972022,0.008351765921731898,8.365889565038762e-08,4.1412680592765857e-05,0.00018683423937172948,7.457614650315368e-10,7.053804363838726e-05
15.818123162402669,0.9911591616874742,6.306002451996882e-08,0.00023311017975344918,0.00828284605835341,4.8557151185807365e-08,4.776939586347633e-05,0.00019587315814809987,1.696631998238904e-10,8.112773356852047e-05
16.01835256952169,0.9887885431537198,7.527427074201136e-08,0.0002145103964734835,0.010624398768720436,1.5961597775479822e-07,3.4047098929986735e-05,0.0002486772281204668,1.3245234585139975e-09,8.958713926402598e-05
16.21858197664071,0.989890284824559,7.174438490988099e-08,0.00023810559321959406,0.009497505729413588,5.7963347709566345e-08,4.491949906839574e-05,0.00024161315564063157,7.707678882822057e-10,8.744071959816562e-05
16.41881138375973,0.9904876203961621,7.83390290757043e-08,0.00026742317986854424,0.008850818912836242,1.7534676273348958e-08,5.610278617285845e-05,0.00024318659533085053,1.1499971030764615e-10,9.475214092448221e-05
16.619040790878753,0.9887577233819188,9.002221973203131e-08,0.00026216161491608416,0.010558739412646016,1.4755811705091902e-07,4.738923640742177e-05,0.00027864651959845293,3.436764699325962e-09,9.50988174116584e-05
16.819270197997774,0.9875985860831694,8.054241765348106e-08,0.00026526271306180594,0.011682751322578318,2.0649087569334352e-07,4.762600460731067e-05,0.00029638857096938806,3.0615645001020923e-10,0.00010909796616405679
17.019499605116795,0.9893397479934778,8.045840445604639e-08,0.00031138448467442695,0.009891625623241721,4.9811942989116905e-08,7.065590069797438e-05,0.0002740286362336421,4.011128869837127e-11,0.00011242705121562802
17.219729012235817,0.9882094896205208,1.0053769370626738e-07,0.00030678198950825696,0.011003140551134879,8.72137509570689e-08,6.157976913932524e-05,0.0003136572578876902,4.9959522392827926e-09,0.00010515806441216062
17.41995841935484,0.9856651456338162,9.776268485675631e-08,0.00028863592350025704,0.013495475020749853,1.3113624960402274e-07,4.9568246766845934e-05,0.00037219071114025183,3.074829787721925e-10,0.00012875525760911558
17.62018782647386,0.9891656879060864,1.0053688901117225e-07,0.00034845785046081824,0.0099433367318817,1.9524247913936122e-08,8.541721284716746e-05,0.0003301824281104131,2.0225826174302714e-10,0.000126797607218325
17.82041723359288,0.9875961839513356,1.2599116763163387e-07,0.00033296790075852515,0.011498933495722266,2.1333644957581452e-07,7.192724332263933e-05,0.00037935992041945404,7.653408073123143e-09,0.00012028050741630593
18.020646640711902,0.9843497254142062,1.2051427479573653e-07,0.000306623892398475,0.01469839394294485,3.593465359899896e-07,5.501045993895521e-05,0.0004478811813473094,1.6063441372093227e-09,0.00014188364200915098
18.220876047830924,0.9882371845920643,1.0412803987397918e-07,0.00037449790954358845,0.010764688131292369,3.6674516646992485e-08,0.00010378360139651609,0.00037159701809127456,7.34417752603823e-10,0.0001481072106375047
18.421105454949945,0.9855018658877869,1.231422213583542e-07,0.00034920513803151667,0.013479335811172222,8.669024976013874e-08,8.26617836455839e-05,0.000437248678993736,8.223133181351233e-09,0.00014946464476599475
18.621334862068963,0.9833395093232806,1.2470640455911863e-07,0.000334253122205183,0.015599191489737678,2.074511353956188e-07,6.904638674876394e-05,0.0005033315363592499,6.736993227687811e-09,0.00015432924713525123
18.821564269187984,0.9871211732376272,1.1603063730852055e-07,0.0004026068037970783,0.011740965640873915,5.096071973060023e-08,0.000119685143196863,0.0004399201710436255,5.962415283569371e-10,0.00017548141586277066
19.021793676307006,0.9840750573862069,1.5017607160554145e-07,0.0003792157176734439,0.014735823464312296,2.796278389667143e-07,9.259288003456858e-05,0.0005366829719377171,8.365701398920499e-09,0.00018018941022291193
19.222023083426027,0.9835080556158999,1.6266582560116653e-07,0.00038424074518470994,0.015277880838950708,4.4797310112062086e-07,8.82156277352564e-05,0.0005783760554374339,1.4005986178271726e-08,0.00016260647187920887
19.42225249054505,0.9854209208621724,1.379794735169917e-07,0.00044395288161011744,0.013265701665509484,2.7292114187907252e-08,0.00013267742202847005,0.0005281215639510313,7.232947013769125e-10,0.00020845960984616977
19.62248189766407,0.9822756804172126,1.4922946316077435e-07,0.00043516200271131013,0.01634674928520994,7.715543989309036e-08,0.00011295339233884249,0.0006078824735151642,5.827669876704837e-09,0.00022134021643908531
19.82271130478309,0.982386048802175,1.5582618667477437e-07,0.000447387224627962,0.016236906791868608,3.1233438358495784e-07,0.00011145289400959185,0.0006333783637367484,2.6669189986447757e-08,0.00018433109382182277
20.022940711902113,0.9828939998398377,1.3253541021846027e-07,0.0004930510006259933,0.015596735236053687,1.3782786344970931e-07,0.0001470330506819326,0.0006201067378352248,6.309732521258677e-10,0.0002488031407181225
20.223170119021134,0.9816819985564811,1.5731584564916912e-07,0.0005046932846578876,0.016714529371529736,2.2107389981187088e-07,0.0001431178636986502,0.0006900786512118799,3.124436181118841e-09,0.000265200758239351
20.423399526140155,0.9811984932231304,1.9098406413418564e-07,0.0004980090609955052,0.017207430725183343,4.3701165419122487e-07,0.00012665161220581057,0.0007560502612349579,3.129927061718866e-08,0.0002127058222609938
20.623628933259177,0.98140052530126,1.764416952563154e-07,0.0005359946334055764,0.016869443597542787,6.540094891480638e-08,0.0001600864309641829,0.0007540626347480519,4.676899492839129e-09,0.00027964088253562466
20.823858340378198,0.9816066530518277,1.757550832520397e-07,0.0005673695401388682,0.016576176993189015,4.684405994133775e-08,0.00018243753876089235,0.0007589864509068891,2.424402783543007e-09,0.0003081514016306124
21.02408774749722,0.9780793796061237,1.973717992313815e-07,0.0005239922392056904,0.02011621146372676,6.802059987107809e-07,0.00013461805584162226,0.0008857704775712204,3.335347330788643e-08,0.00025911722625983764
21.22431715461624,0.9795513895489849,1.5838559568743496e-07,0.0005734858788500252,0.01852953605162376,3.094080573036431e-07,0.00018675753795198297,0.0008416512468707746,1.3265044886440497e-08,0.00031669867702088897
21.42454656173526,0.9811628970644769,1.4990517724469816e-07,0.0006213981659828959,0.016808199455793496,1.247846525798935e-07,0.0002263608424613871,0.0008239465710812729,4.91622307258406e-09,0.00035691829415123024
21.62477596885428,0.9747994293442218,1.9396724928228525e-07,0.0005444713249945525,0.023132402396939745,4.938348211254767e-07,0.0001363855305316996,0.001071853446045515,2.458501629470614e-08,0.0003147455701800391
21.8250053759733,0.979219114213056,1.9043768797367462e-07,0.0006231674889791146,0.01861761413302464,1.1771351709979141e-07,0.00021912842295924182,0.0009711773040316136,3.482387912763391e-08,0.00034945546286512696
22.025234783092323,0.9807254503237408,1.9333775964819512e-07,0.0006817460004491313,0.01697735867187873,1.1191265188235575e-07,0.0002629336178178831,0.000944961238190646,6.865168252238241e-09,0.00040723803234300813
22.225464190211344,0.9719547518943558,2.3995524165910824e-07,0.0005924950799293051,0.025667805583455237,1.001054274644704e-06,0.00014711059519416874,0.0012576971165271312,1.7937763035974702e-08,0.00037888078325910835
22.425693597330365,0.9778644890986259,2.0306174318696263e-07,0.0006966071434096497,0.019706332581267205,5.219178518321075e-07,0.0002610247273256642,0.0010687051153671079,5.151024109862087e-08,0.00040206484416859656
22.625923004449387,0.9784339866211358,1.6236929396833126e-07,0.0007590344439482394,0.01897002135858273,5.3519694724056165e-08,0.0003037092504547761,0.0010495374763659592,7.553626088895353e-09,0.00048348740689767197
22.82615241156841,0.9699988098174751,1.8858705571157632e-07,0.0006820169287861677,0.027278240985716018,4.437519410873555e-07,0.00018276022954867964,0.0013953055762927695,2.1676547351874103e-08,0.0004622124466369648
23.02638181868743,0.9759370603513902,1.9232081858823169e-07,0.0007795995101190531,0.021284804643167305,1.2827742124873276e-07,0.0002942503701563276,0.0012342192862396383,7.090362536225026e-08,0.00046967433706241146
23.22661122580645,0.9766515067585804,1.9783557566926087e-07,0.0008436884673427448,0.02036980570239499,1.8310722565089158e-07,0.0003357994390450966,0.0012406921564377402,7.0559528394330335e-09,0.0005581194774450558
23.426840632925472,0.970296693801133,2.6594098492655106e-07,0.0007907755957814171,0.02660604284668648,1.1077280998001899e-06,0.00024235764533704504,0.0015227196185989833,6.741447221440579e-08,0.0005399694089061986
23.627070040044494,0.9724733898615967,2.7489064025600235e-07,0.0008431304678404969,0.024369106103821318,7.510072108377838e-07,0.0003089570539600663,0.0014537223766141034,5.547446236010631e-08,0.0005506127638538063
23.827299447163515,0.9741537450382425,2.1903959107131552e-07,0.000920314401073079,0.02250765191584478,3.3132999116690084e-08,0.0003841782145296293,0.0013824081795599519,1.2420311702851413e-09,0.0006514488361286837
24.027528854282536,0.970227402924018,2.2081149022878496e-07,0.0008908551835486013,0.026347940878025115,3.216309501672369e-07,0.0003201136427766727,0.001583360830074244,1.30821756145067e-07,0.0006296532773607885
24.227758261401554,0.9676037408694194,2.2462198293046672e-07,0.0008800305916049486,0.028838358329609386,3.618453260384005e-07,0.0003076846816676444,0.0017218323777143589,3.262549401409827e-08,0.0006477340571812625
24.427987668520576,0.9730353176925427,2.028543001349026e-07,0.0009926130097909205,0.0232164450861596,1.0733427821738986e-07,0.0004424764534544476,0.0015631625782171728,4.9142134056900625e-09,0.0007496700770435482
24.628217075639597,0.9707326648011272,2.807977179717023e-07,0.0009758315345737021,0.025447724798461857,1.2573149104883226e-06,0.000386680174948534,0.0017448796554564807,2.340801834408373e-07,0.0007104468426199669
24.82844648275862,0.9637056271648197,3.496232940500191e-07,0.0009177911819430527,0.03228106739868588,1.1976739825457849e-06,0.0002989516226472037,0.0020682014620850685,1.3690774307988383e-08,0.0007268001817679977
25.02867588987764,0.9720013270582665,3.3228721848544923e-07,0.0010810755610115394,0.023826768615414117,9.596740182170133e-08,0.0005189788393303187,0.0017092454246989677,2.3213935656805012e-08,0.0008621530327226379
25.22890529699666,0.9685716671293579,3.481489572782816e-07,0.0010652973907729554,0.027188803216321535,4.579676849344608e-07,0.0004478404524199395,0.0018975008462242305,2.98307050009705e-07,0.0008277865412111837
25.429134704115683,0.9601087812554143,3.623721584619025e-07,0.001000007225248537,0.035425575123691114,8.005474680922843e-07,0.00032271861315572427,0.0023201085829815463,6.500802176342508e-08,0.0008215812718605731
25.629364111234704,0.9705558510743006,3.1091889477508056e-07,0.001199494349984111,0.024764504922925704,1.199950454839632e-07,0.0006011548621491839,0.001880889921328766,2.9864627688613315e-08,0.0009976440907433208
25.829593518353725,0.9658347341440858,3.400036357589052e-07,0.0011754516175681972,0.029349073698394106,1.3924580374823856e-06,0.0004896302877495948,0.002188941576076041,3.2496266053544614e-07,0.0009601112517923784
26.029822925472747,0.9596571524583997,4.791937551470241e-07,0.001134268418984604,0.03533792209698769,2.1932627432299947e-06,0.0003866714189156276,0.00257815574091136,2.0531502227155393e-07,0.0009029520942806933
26.230052332591768,0.9683080083050782,5.212228126195316e-07,0.0013288630469297544,0.02642159335774986,8.477126622349474e-08,0.0006645829207515543,0.0021360062959073466,4.4498602120989113e-08,0.0011402955809023366
26.43028173971079,0.9619583029695631,6.104029843736742e-07,0.0013012485233611195,0.032608476384350424,7.578617038154442e-07,0.0005413143525782091,0.002462653502251585,2.759756474241652e-07,0.0011263600275600147
26.63051114682981,0.9590458862960386,7.266627139886126e-07,0.0012890618283920414,0.03544383079263785,1.784718405323316e-06,0.0004912131730832187,0.0027039693435461556,4.911923593980276e-07,0.0010230359928230853
26.830740553948832,0.9638951339559347,6.581427790977612e-07,0.0014409336269130177,0.030211591172779197,2.1426083666746215e-07,0.000714830292959467,0.002412094329158172,2.140704775187176e-08,0.0013245228115915683
27.030969961067854,0.959263548164114,6.014519677610259e-07,0.001432254532573113,0.03459941180111076,1.0536697279220582e-06,0.0006186857772275593,0.0027444380214679772,1.5719288374734384e-07,0.001339849388927376
27.23119936818687,0.9590855225764996,7.619444670566051e-07,0.001422084345849439,0.03479489826194707,2.6774052223636406e-06,0.0005900487084133506,0.002951002811099978,7.393927819648905e-07,0.001152264553719282
27.431428775305893,0.9598680286519327,8.588615730132824e-07,0.0015251268699950746,0.03354654626977223,1.5581846608398313e-07,0.0007363577937113212,0.002836840799686648,4.8591934158644925e-08,0.0014860363429290218
27.631658182424914,0.9581594324123083,1.0851702340880156e-06,0.0015674977049426545,0.034995386932088854,6.761836366618267e-07,0.000741319420966256,0.0029503148816502167,8.133207399146913e-08,0.0015842059620989042
27.831887589543935,0.956109864769659,1.3595172944815718e-06,0.0015273842185670032,0.037142679064392344,3.3649539931763093e-06,0.0006630578441023804,0.0032262432772543273,9.595388996790926e-07,0.0013250868158375378
28.032116996662957,0.9553079955708907,1.4538181813800202e-06,0.0016169339426999332,0.03744161387577146,6.765953596010109e-07,0.0007863875963136585,0.0031809318637238157,1.4403792867272067e-07,0.0016638626991306144
28.23234640378198,0.9578616647409961,1.3599964732470487e-06,0.0017315204177053949,0.03454933293396586,5.643055206886971e-07,0.0009036154321549879,0.003091018242630235,5.3859073683845154e-08,0.001860870071479534
28.432575810901,0.9512706873781713,1.409615420160691e-06,0.0016363887657249976,0.04116864880156659,2.7354828218710575e-06,0.000686479950177588,0.003705881473783052,8.689027230829996e-07,0.0015268996296114298
28.63280521802002,0.9534156836423301,1.6475795926359625e-06,0.001757711944513903,0.038556906570836394,6.185211105307398e-07,0.0008722918940603333,0.003579713161589419,4.942929449802614e-07,0.001814932393021671
28.833034625139042,0.9580362704956773,1.9007382008791748e-06,0.001929904757230689,0.03355543700730962,9.339843306796967e-07,0.0010644716239350646,0.003301656426160429,8.853168263238072e-08,0.0021093364354726803
29.033264032258064,0.9448351949340531,2.414931210821584e-06,0.0017803003365589663,0.04667090820451299,5.422144443090173e-06,0.0006865626779804872,0.004259376189650436,6.106063853890942e-07,0.0017592099752048152
29.233493439377085,0.9516551814943477,2.9665752827106026e-06,0.001957578492303142,0.03951702970395535,2.1588489197541372e-06,0.0010221699443993576,0.0038207503100739244,9.016900554774252e-07,0.0020212629406627155
29.433722846496106,0.9559691696045911,2.8795260300483435e-06,0.0021507038285538188,0.03472443303088518,2.169907382136543e-07,0.001220696256485132,0.003519244383717564,1.2983433632109327e-07,0.0024125265446625376
29.633952253615128,0.9392241282423089,2.923914077439135e-06,0.0019743451733347968,0.05119639298858881,2.8028631350971742e-06,0.0007193955050406955,0.004803110516349665,3.011719679913891e-07,0.002076599625196248
29.83418166073415,0.950564535664887,3.237154915793699e-06,0.0021769762589092783,0.03964703885321187,9.240877759920178e-07,0.0011767610582482592,0.00416565228221479,1.5395666007408443e-06,0.0022633350732365275
30.034411067853167,0.9531096699301931,3.368105497022648e-06,0.0023553168054161475,0.03654961292922503,1.64457918802376e-06,0.0013308107505847397,0.003935064185217775,1.4540530836650864e-07,0.002714367309369951
30.23464047497219,0.9365465786854532,4.1914975654448956e-06,0.002195032800736536,0.0527688054409284,6.16258584212387e-06,0.0008421607998155686,0.005187546071229947,3.67486917434887e-07,0.002449154631511096
30.43486988209121,0.9468267300936887,5.204600028497471e-06,0.0023667288726493627,0.04239166802798688,3.6673849265645775e-06,0.001293175403695143,0.004548812126600533,1.6776954768440386e-06,0.00256233579494743
30.63509928921023,0.9483828936150513,5.6247450883248835e-06,0.0025372308182416213,0.04023021271464877,3.076106341320055e-08,0.0014485081117341877,0.00432093446080603,6.158889233614009e-08,0.0030745031844740785
30.835328696329253,0.9363011544228829,5.688101635982689e-06,0.002438480390397827,0.05193881667670619,2.5286566971748534e-06,0.0010698207507644402,0.005338770584488748,8.748657557591908e-07,0.0029038655506712003
31.035558103448274,0.9405789720067599,6.096753635377706e-06,0.002520732283553744,0.04749213874527696,8.933131147245678e-07,0.001321130439092008,0.0051774893841555585,1.5456851060735771e-06,0.0029010013893057554
31.235787510567295,0.945112359753708,6.260328215624556e-06,0.0027215139438794295,0.042340615598777366,1.4004954304282505e-06,0.001577492210760341,0.004814995753110417,7.395292463321337e-08,0.0034252879631934746
31.436016917686317,0.9381157938159262,6.837692794356743e-06,0.0026954080591645854,0.0490514565041518,7.2533960244945815e-06,0.0013426356756664033,0.0054689900047571564,2.1047714994595444e-06,0.00330952008001542
31.636246324805338,0.9321894471923411,8.521546274732665e-06,0.002669687123536904,0.05464369906037266,5.438783116550171e-06,0.0012694363469928102,0.005991191966841351,8.593728794402814e-07,0.0032217186076446166
31.83647573192436,0.9422672343116336,1.0075167894636217e-05,0.002958170747686138,0.043987476542066174,2.9432340432290724e-07,0.0017863361417561,0.005144389432557198,1.893213762008033e-07,0.003845834011625837
32.03670513904338,0.9381768164362663,1.0138773172290045e-05,0.002988245441855452,0.04782412728786174,2.623020310112698e-06,0.0016107454542158037,0.005631083171348861,3.0861987697067417e-06,0.003753134216199373
32.2369345461624,0.9239895142832464,1.0776864176178537e-05,0.0028818498180412924,0.061453887017840145,1.9813686199394e-06,0.001217858228878746,0.006885893058519239,3.130373227419514e-07,0.003557926323355439
32.43716395328142,0.9409349450885726,1.1387655006645818e-05,0.0032647287349289672,0.04394079016985186,7.813993776259425e-07,0.0020311441202690186,0.005515813089356716,4.1918923837245275e-07,0.004299990553397961
32.637393360400445,0.9362163553513523,1.1366186293776672e-05,0.0033004491745614838,0.0484101603978536,1.004100102597511e-05,0.0018072942049269717,0.006063188615815579,4.223848063108655e-06,0.0041769212201073665
32.83762276751946,0.9188170738694245,1.3190458866653319e-05,0.0031697494557765904,0.0652221037102242,1.1257422821556846e-05,0.0012695943466659427,0.007638409696183109,3.7062345022205354e-07,0.0038582504165870952
33.03785217463849,0.9383638804175649,1.662730862861092e-05,0.003604627554547765,0.04507747507530732,1.0929092087354583e-06,0.002280539641359286,0.0058578914263832695,7.628962312157831e-07,0.004797102770769204
33.238081581757505,0.930799845326784,1.7315716260672436e-05,0.0036258910589046568,0.05230375936549059,3.552893904830771e-06,0.0019600203386202827,0.006598200470860311,4.005250205268485e-06,0.004687409578969471
33.43831098887653,0.9170094051414285,1.7848467639949323e-05,0.0035261229256503745,0.0656157238511124,6.921296257135413e-06,0.0015026236688358112,0.008060159655446545,1.7454254953362108e-06,0.004259449568134195
33.63854039599555,0.9338727323131305,1.963882020106464e-05,0.003931228303148971,0.047977731503981595,6.989444911650427e-07,0.0024535738365722465,0.006409623736072203,6.186695155949099e-07,0.005334153872886586
33.83876980311457,0.9251937425361871,1.8876497192992205e-05,0.00394560108008346,0.056216874210809356,1.1266035512719491e-05,0.0020891872696376284,0.007287198176020296,3.326185186100995e-06,0.005233928009370556
34.03899921023359,0.9180201333183854,2.099050723532406e-05,0.0038818343450058735,0.06321310918049286,2.2240098278786616e-05,0.001859551086928337,0.008314575390582859,3.818073017431672e-06,0.004663748000073055
34.23922861735261,0.9267143356829106,2.5558956766211527e-05,0.004211210392012541,0.053501173564487636,2.624276699163699e-06,0.002532831622664992,0.007157771326284126,5.960849630992527e-07,0.0058538980932115025
34.439458024471634,0.9204076887225073,2.821773545107417e-05,0.0042876413178359945,0.059228847460026386,3.41978167717419e-06,0.002310880433809463,0.007799626674838436,1.8411471296129353e-06,0.005931836726724504
34.63968743159065,0.9179800488696842,2.969919796995638e-05,0.004237083800751545,0.0617429198697873,1.2430183782885745e-05,0.0022324325210821647,0.008594217568934557,6.426834249129593e-06,0.005164741153758364
34.83991683870968,0.9184958131820299,3.137847252384067e-05,0.004493472077006038,0.05996295902962881,9.988491433018626e-07,0.002565145458760578,0.008103531139867262,6.804658692332867e-07,0.006346021325171288
35.040146245828694,0.9186418043097447,3.172078765679091e-05,0.004686009278366952,0.059119876998835426,9.577511950311123e-06,0.0026597694575047695,0.008142224074116626,9.902800514146953e-07,0.006708027301773106
35.24037565294772,0.9148668951436096,3.32689125130831e-05,0.004592178468490612,0.06317888425593035,3.056952079887984e-05,0.002481512737060656,0.009183436982785127,7.0382003930261325e-06,0.005626215778418993
35.44060506006674,0.9117149847411277,3.8636874320768604e-05,0.004825302498749662,0.06501750085665547,8.195384565235144e-06,0.0026549563360001183,0.009047957260273642,2.0578747215267227e-06,0.006690408173585908
35.64083446718576,0.9185135188138631,4.527059346080018e-05,0.005166850345865059,0.057376383898467845,3.046250805214301e-06,0.003117821225343958,0.008291690393329876,5.412969552150053e-07,0.007484877181909188
35.84106387430478,0.9071580595021237,4.6402746521146854e-05,0.005008898987987487,0.0689413390309655,1.8969787673785216e-05,0.0025692360216822427,0.010091391627931316,6.319156539907681e-06,0.00615938313857508
36.041293281423805,0.9076699752140281,4.996032568613286e-05,0.005274328827406733,0.06726335001933113,4.2206607833825224e-06,0.0029225086321777315,0.009754768052963285,5.043071528106308e-06,0.007055845196095314
36.24152268854282,0.9182516940355175,5.211197554552257e-05,0.005711812583657215,0.05571237662248827,8.567173095348786e-06,0.0035824402355098418,0.008492467213258645,9.538622614289873e-07,0.008187576298666219
36.44175209566185,0.897399993072392,5.082422885153588e-05,0.005486557592143765,0.07653748876079275,3.8554173025506294e-05,0.00254203368964613,0.011248168409365222,3.3050059123201094e-06,0.006693075067870786
36.641981502780865,0.9063509990710832,5.9911963951661984e-05,0.005792118674977356,0.06676279280164886,1.7680097782126187e-05,0.0033523444250942985,0.010230598109335727,9.44496731578781e-06,0.007424109888811245
36.84221090989989,0.9157801319051614,6.834763666376742e-05,0.006267489376397756,0.056165366333422964,4.9399031507506005e-06,0.003972632928683654,0.008909320966546624,9.655501136987028e-07,0.008830805399859457
37.04244031701891,0.8888288218834607,7.098476594818886e-05,0.00603966102124824,0.08275289294082194,2.3663776311516458e-05,0.002599057734812015,0.012285689702454205,1.3292142095412832e-06,0.0073978989607334945
37.242669724137926,0.9047263456246177,7.741374922674457e-05,0.00635088711417133,0.0664162173986014,9.527773129863885e-06,0.0038244150109465764,0.010644632342193275,1.3379078353610579e-05,0.007937181908759238
37.44289913125695,0.9103002431521212,7.990459546368632e-05,0.006807261661745954,0.05952017347064812,9.845162500426033e-06,0.004277842884255322,0.0095374793620026,1.1604743436575177e-06,0.00946608923691921
37.64312853837597,0.8845130796674162,7.939709522561931e-05,0.00663541557236167,0.08476520370688476,3.770158051307455e-05,0.0029338914267932224,0.012812656032685131,1.6152504042241555e-06,0.008221039667716196
37.84335794549499,0.9002731288346666,8.856495743365539e-05,0.006878130636158348,0.068835882772546,2.4874793433057285e-05,0.004132810018187407,0.011336419850207521,1.5238570486550019e-05,0.008414949566880828
38.04358735261401,0.9040042818404769,9.984910523263498e-05,0.0073258217289141475,0.06365963249944798,8.31485678332719e-06,0.004529327739121016,0.010388865324194318,7.48809683983319e-07,0.009983158096145629
38.243816759733036,0.8852322140081688,0.00010619224599140519,0.007286771545109114,0.08182559613227376,2.2484950295540023e-05,0.0035931717945473602,0.012822931831872584,4.863796558435133e-06,0.009105773695182723
38.444046166852054,0.8908779014822276,0.00011275382506716389,0.007414303762327365,0.07603650379980073,1.5240487546327415e-05,0.00418121149036065,0.012452929597996947,1.2887342063042202e-05,0.00889626821260994
38.64427557397108,0.898160092983188,0.00011903182917739217,0.00789767999701881,0.06734764384166868,9.755776533531198e-06,0.004883526397045121,0.011083830121937662,8.444080919277174e-07,0.010497594645338913
38.8445049810901,0.8881985547360267,0.00011852383659254463,0.007981766482253865,0.076799770755158,3.822868501533644e-05,0.004436350932523015,0.012574935213972014,1.0251885820295419e-05,0.009841617472638398
39.04473438820912,0.8784604728763706,0.0001259183556128522,0.007976161348884564,0.08619472303966663,3.391352343982969e-05,0.003992965099487178,0.014057020023517797,8.678015750301453e-06,0.00915014771727007
39.24496379532814,0.8953193530101196,0.00014370980306525685,0.008559670217895006,0.06795500538200643,1.1206572959267283e-05,0.005379057629855992,0.01166875591581839,1.8855157411757327e-06,0.010961355952538897
39.445193202447165,0.8903020476589139,0.00015034180885376545,0.008737408597486996,0.07253114349838731,2.9746307235597673e-05,0.005243451049489868,0.01260957553947607,1.4781072170902102e-05,0.010381504467985456
39.64542260956618,0.8663148371029,0.0001560474796481653,0.008665599320842722,0.09600781068681405,3.15879611621953e-05,0.0038048540764864048,0.015761090878040604,3.546031887141478e-06,0.009254626462218403
39.84565201668521,0.8930777224891127,0.00017192642435383176,0.009353957852547033,0.06791835184360064,9.970548258623638e-06,0.006039445316919289,0.011935277976197452,2.9710625036294533e-06,0.011490376486506785
40.045881423804225,0.8878282586090381,0.0001707165633337204,0.009549865954023315,0.07273894627771185,4.676049894241962e-05,0.00588667307388407,0.012968189153944891,1.7448820476932027e-05,0.010793141048644619
40.24611083092324,0.8590262617481117,0.0001717768409361923,0.009481303479399796,0.10104731907770997,6.810663648106034e-05,0.003947677890275186,0.01704838994886905,6.822359463272493e-07,0.00920848214227075
40.44634023804227,0.8907285696615117,0.00020160791348335512,0.010209488248997117,0.06787152471764883,1.5280063386245715e-05,0.0066391857383514465,0.012457927860287096,4.1064397206821295e-06,0.0118723093566134
40.646569645161286,0.8818928283145309,0.00020780189176461574,0.010418189970856114,0.0761808117151324,4.2397216575032994e-05,0.006314871169471025,0.013811822953082333,1.6043019380474993e-05,0.011115233749207214
40.84679905228031,0.8574407266551776,0.00021017366042934985,0.010420699673753,0.10046601306816406,7.793129364047883e-05,0.0046425220548076225,0.017459404482068775,9.149106557447928e-07,0.009281614201303376
41.04702845939933,0.8838570267189456,0.00023866606620096675,0.011102966009293003,0.07232454944139305,1.5154847078510364e-05,0.00710906581830833,0.013135759332330441,3.561446465822434e-06,0.012213250319984102
41.24725786651835,0.873946037685916,0.00023779138966815487,0.011346147370583076,0.08155831413138924,5.1375747593029754e-05,0.0067020504489494455,0.014642748589677335,1.1760592079832066e-05,0.011503774044143834
41.44748727363737,0.8605760747963362,0.00023998248731512529,0.011376797289100416,0.0951941412004277,0.00011571573906759227,0.005743404122594081,0.017385014079781474,3.193574619131089e-06,0.009365676710758475
41.647716680756396,0.8743034729124071,0.00026903245414882585,0.011975939873268457,0.07938705638415167,2.7764318629573613e-05,0.0072778599228122505,0.01450629957423312,3.295406938862554e-06,0.012249279153410113
41.847946087875414,0.8687058341171117,0.00028255491346058405,0.012319169131787423,0.08412141354064773,4.6247062947194786e-05,0.007256589556067053,0.015314024096006774,7.089007834273127e-06,0.01194707857413739
42.04817549499444,0.8627639312338871,0.00029096139186094946,0.012341647427019773,0.09089821388588312,0.00011828096533829019,0.006890975038042172,0.01724094007255111,5.596153379420779e-06,0.009449453832037947
42.24840490211346,0.8622160536113442,0.00031356753333892587,0.012895309307287505,0.0891916344018333,3.445830290345728e-05,0.007344881030956736,0.01600039468540327,4.171662327017787e-06,0.011999529464605627
42.44863430923248,0.8666850257907528,0.0003309881706532698,0.013368587223932065,0.08350681966021764,4.393724579369689e-05,0.008192448244964798,0.015392123487826669,4.352545828950402e-06,0.012475717630030022
42.6488637163515,0.860890720905784,0.00033055638552603137,0.013343447182094733,0.09050872088567839,0.0001454839653582202,0.0076744612518568,0.017747433282516278,5.135104008724549e-06,0.009354041037176889
42.84909312347052,0.8537422175058854,0.0003502068320443422,0.013881856341355244,0.09553377110023475,6.071292435987275e-05,0.007498521057432237,0.017616946158809717,8.730715704627266e-06,0.011307037364173801
43.04932253058954,0.8679042837501544,0.00038718063097457065,0.014481956388446095,0.07971302292717626,4.2979321618128596e-05,0.009407208885887409,0.015254878461856443,4.068315429002565e-06,0.012804421318457635
43.24955193770856,0.8521423292146658,0.000385062574551114,0.014480594575524083,0.09686803077096989,0.00015695572527431748,0.007996966787913042,0.018782619874605437,2.3291749538100673e-06,0.009185111301542334
43.449781344827585,0.8488356237690953,0.00041508556892302234,0.015040339443141027,0.098419619348087,7.156727322651228e-05,0.008146334810661255,0.018409889042420597,1.6054543170747064e-05,0.010645486201274791
43.6500107519466,0.8683735664062897,0.0004537697163778954,0.015712445370462298,0.07660709191065371,3.8438499090663e-05,0.010701103057786827,0.015163681481988676,4.900932107917609e-06,0.012945002625242535
43.85024015906563,0.8405237519325063,0.0004319333553644167,0.015795860460743515,0.1057273484740552,0.00017608554404002194,0.008001449045583546,0.02037820997666566,8.36449752309656e-08,0.008965277566066219
44.050469566184645,0.84910567276703,0.00046470274357210666,0.016328415736290926,0.09589429905221206,0.00010735820961904475,0.009231008879962001,0.01877660747376773,2.497537832979819e-05,0.010066959759216615
44.25069897330367,0.865718445038894,0.0005112382159954843,0.01702793457486577,0.07651822950347623,5.022091607808476e-05,0.011812893582299495,0.015500841164872152,5.927342220351767e-06,0.0128542696612981
44.45092838042269,0.8296304202119145,0.0005014006809467484,0.017289170254287074,0.11361342498861574,0.00017320364290584765,0.008244467627525289,0.02156622077081811,1.28738880963047e-06,0.008980404434177348
44.65115778754171,0.8488047839373957,0.0005497496801907397,0.017772288510221487,0.09365490533282365,0.00010871215620946366,0.010504080555846907,0.01881033751541957,2.928378338877307e-05,0.009765858528503868
44.85138719466073,0.8590046459607805,0.000589335257869793,0.018472485752845682,0.0802694420448762,4.821857286230524e-05,0.012676440017758188,0.016250351911614593,5.672858877300576e-06,0.012683407622515182
45.051616601779756,0.8251681549603156,0.00056626151880742,0.018899510704313942,0.11468307643020142,0.00017133150197581925,0.009236521103812727,0.021926085478801552,5.73579212286315e-06,0.009343322509648618
45.251846008898774,0.84489277860781,0.0005995260924766279,0.01928147830762443,0.09478482572161671,0.00015117852730642893,0.01142564281367124,0.0194113067575618,3.0044909314196466e-05,0.009423218262618441
45.4520754160178,0.8507174924026456,0.000648997316350279,0.019975334750065417,0.08559282911026328,7.213040769066457e-05,0.01339347774681881,0.017225909894271457,5.463752900076874e-06,0.012368364618994342
45.65230482313682,0.8268070210532924,0.000661451793549285,0.020559585461090067,0.10951347661667206,0.00015040053881712313,0.011134416871129824,0.021159461175239203,1.0572068652820562e-05,0.010003614421557361
45.852534230255834,0.8337471042557469,0.0006936578441934505,0.020919373681084694,0.10294417220412058,0.00014550452205140435,0.011738603829811296,0.020740397046744713,2.528471665900415e-05,0.009045901899587969
46.05276363737486,0.8438976026128352,0.0007434379051173168,0.021589341022315186,0.08923748164689548,6.776430286750546e-05,0.014283082447586784,0.01804830343250951,5.169005919406457e-06,0.012127817623953433
46.25299304449388,0.832278216641682,0.000733442744953743,0.022214199614116477,0.10042915471740424,0.0001711219264389172,0.013475819411354034,0.02010182675524601,1.4976609038645104e-05,0.010581241579766008
46.4532224516129,0.817981614058709,0.0007337271126378889,0.022644971044003585,0.11568908694778214,0.0002172472510595655,0.01140979641737105,0.022956548295377077,2.248111581540317e-05,0.008344527757244471
46.65345185873192,0.8403932396290228,0.0008178487995253578,0.023246319833270676,0.08937326041152897,9.29747458074171e-05,0.01558771313878354,0.01844928202387902,7.358488740412206e-06,0.012032002929441898
46.853681265850945,0.8360212288075055,0.0008468683082442321,0.02392692409767561,0.09298943628576375,0.00015455095362901166,0.015653391278508087,0.01943384132320809,1.7787199248396398e-05,0.01095597174621704
47.05391067296996,0.8023385885660179,0.0008343845470215924,0.02458397439360515,0.12806142519248195,0.0002270535868507135,0.010975577463945573,0.025373647677276887,1.9435291585332105e-05,0.0075859132812146485
47.25414008008899,0.838514990683983,0.0009271116334866534,0.025045619785511147,0.08742589252844365,8.422153870987889e-05,0.01726496007826458,0.018519996407934936,9.914785516316722e-06,0.012207292558149452
47.454369487208005,0.8341131011690037,0.0009205826519395108,0.025788883869452835,0.0909899291062472,0.00019881855578153827,0.01726333744743399,0.019438376770257927,2.1253472847530155e-05,0.011265716957035788
47.65459889432703,0.7926338346729785,0.0008783867176819775,0.026682291763018992,0.13419694167206994,0.00034431719466838484,0.01127061157785516,0.026899001605234774,1.9364196358136903e-05,0.0070752506001342435
47.85482830144605,0.8352452788408758,0.001018539867570633,0.026978410677739238,0.08646382212733739,0.00010636289466997788,0.0188531240670149,0.01880391423214919,1.3781768947640348e-05,0.012516765523694927
48.05505770856507,0.8267088521717374,0.0010387729069878241,0.0279146308666987,0.09398168123499975,0.0001844602613101251,0.01830232738892388,0.020127498386722852,2.1604460791992574e-05,0.011720172321827552
48.25528711568409,0.7907103688163568,0.0010038152099976884,0.029022327936464816,0.13181753706413696,0.0003588662748258509,0.01289409482787526,0.026833405299826356,1.9273903193996898e-05,0.007340310667322383
48.45551652280311,0.8261590347145161,0.0011210533683026361,0.029207470200577144,0.09088911997847894,0.00011581039764559613,0.019969174997425503,0.01952945909233329,1.5598516365198472e-05,0.012993278734355705
48.65574592992213,0.816609093825101,0.0011143607663949655,0.030288980713373513,0.09909327519395958,0.00021737590256501972,0.01920332651865933,0.020918128965348504,2.2126455862319584e-05,0.012533331658735507
48.85597533704115,0.7949005974561887,0.0010902306221026949,0.03143781400603647,0.12264970802777873,0.000448649713193531,0.015490782672979143,0.025802885710180877,2.0680480372200878e-05,0.00815865131116801
49.056204744160176,0.812231471483404,0.0012041976537997036,0.031709319015419436,0.0999220528266736,0.00015941771732916763,0.020233634437923368,0.02119134304057318,1.6730047766068994e-05,0.013331833777111432
49.256434151279194,0.8086620069005683,0.001245914863138018,0.03284895116307455,0.10128618240961412,0.00018522313701675025,0.020538761501189606,0.02137572908343894,1.9742682065543905e-05,0.013837488259894318
49.45666355839822,0.7980423522121451,0.0012250241017361877,0.03401266447407018,0.11398578106750946,0.0004553640744443027,0.01819646167134521,0.024714826502841177,2.2132799486924703e-05,0.009345393096421186
49.65689296551724,0.7951688245139203,0.0012896892891669622,0.034545257775965454,0.11208688830365703,0.00022219824220801816,0.020016508879997202,0.023202902490980278,1.7346453545099907e-05,0.013450384050559542
49.85712237263626,0.8049244427389007,0.0013525408467543547,0.03547092439659896,0.09866721719324509,0.0001793826910733059,0.0226124208995791,0.02112491747880982,1.860672237790829e-05,0.01564954703266063
50.05735177975528,0.7959977081910898,0.0013232149843233098,0.036707711975705284,0.11020462384465794,0.0005218808965894313,0.020073153268713957,0.02471068564902812,2.694414497623734e-05,0.01043407704491579
50.257581186874305,0.7819371487206027,0.001368633604390897,0.037518781489113605,0.12031807330801544,0.00031892254518464165,0.019951664725321554,0.025228870171406098,1.8461521858018006e-05,0.0133394439141069
50.45781059399332,0.8038724156091829,0.0015010823436829666,0.03813933004183757,0.0930113240984346,0.00015520647723488647,0.025157393894417193,0.02039671524359726,1.759605191999721e-05,0.01774893623969255
50.65804000111235,0.7847581162264912,0.001441160633871723,0.03972534531197478,0.11540172499255778,0.000543341184940308,0.02092092897325602,0.025512024926369625,3.283248380969738e-05,0.011664525266729106
50.858269408231365,0.774331847136323,0.0014830248994564393,0.0406013286291624,0.12239138062202969,0.0004054825827519494,0.02103674535353982,0.026111841042043768,2.0183442327422963e-05,0.013618166292365737
51.05849881535039,0.8023659802426544,0.0016340431566212157,0.04089588886261031,0.08766641166690806,0.00014967480672309068,0.027472951034930953,0.01995891260834935,1.875975488423442e-05,0.019837377866318718
51.25872822246941,0.7694262614389518,0.0015160600154379151,0.042970689494033966,0.12422553015579313,0.0006212988952525229,0.020953467947845562,0.027171336423511886,3.819812939575907e-05,0.013077157499777328
51.458957629588426,0.7727624332914284,0.0015955289529258035,0.043632722739962444,0.11765462229255332,0.0005114422831917045,0.02330016431799783,0.026021817718424173,2.4254992937296196e-05,0.014497013410579037
51.65918703670745,0.7958675612440984,0.0017770469159798042,0.04393007937896816,0.08723012969125052,0.00015605267621795555,0.029211539514936165,0.019946921353903614,2.0452684626573054e-05,0.02186021654001892
51.85941644382647,0.7543028831893037,0.0016565447636445936,0.046504613748896445,0.13199605286363078,0.0005896993881477657,0.02130931855821157,0.028302773207428533,4.1032307199338283e-05,0.015297081973537486
52.05964585094549,0.771829476076265,0.001761077868717517,0.04680961814243033,0.11154503760156002,0.0005293256016718004,0.025995184907363134,0.025596500783746857,3.09275822122755e-05,0.015902851436033167
52.25987525806451,0.7850986731353885,0.0018853088424063652,0.047304695190762865,0.09093563200127124,0.00018900357035111942,0.030214701042550907,0.020708651471697165,2.4649085452732273e-05,0.02363868566011918
52.460104665183536,0.7462678876960716,0.0017622835285703547,0.050036221120343165,0.1317657682376496,0.0006133022107645506,0.02302791515797187,0.028152855751199298,4.953738177326128e-05,0.018324228915656292
52.660334072302554,0.7657654601774819,0.001875596910915604,0.05029012734165667,0.1104157988765482,0.0006236147401416291,0.02791033214442483,0.025667593839209312,3.8921016120073784e-05,0.01741255495350166
52.86056347942158,0.7719453262301004,0.0020376544805337776,0.0510612520084097,0.09691719790172301,0.00021155715551307406,0.03104018424090715,0.02164396412066015,3.0634174451960044e-05,0.025112229687700677
53.0607928865406,0.7456339109702272,0.001991421914150672,0.053640121813209825,0.12344100145556713,0.0004852342689188569,0.02645516783292861,0.026452506400600963,6.488747361721652e-05,0.021835747870779437
53.26102229365962,0.7516048059653355,0.002008083403134208,0.0543930100740342,0.11756067470491043,0.0006456982322426817,0.028302494417845738,0.026840416684338026,4.648626402091302e-05,0.018598330254138186
53.46125170077864,0.7613511487817464,0.0021420287968307713,0.0550057266556869,0.100255939035822,0.00028625990736795657,0.03228813661337393,0.02237615139884717,4.6446007149977424e-05,0.02624816280317484
53.661481107897664,0.7496470700522109,0.00214924736630882,0.05718772027030026,0.11058242529825324,0.0004759997967190689,0.030735645631122015,0.024304468199025098,9.054667356305464e-05,0.02482687671249731
53.86171051501668,0.7313887510299627,0.0021179325276243673,0.05906193769014054,0.1312938864447576,0.0007262291641179725,0.02721560664402811,0.029026732645556042,5.401714517451638e-05,0.019114906708638135
54.06193992213571,0.7548644212301784,0.0023602426337851366,0.059117694781874466,0.09914242250194988,0.00028188384566910893,0.03446883485351455,0.022407290144543242,6.742200076970282e-05,0.02728978800771536
54.262169329254725,0.7519391278797697,0.002376516557659185,0.0609940903299839,0.09975872636693914,0.00043002660446204944,0.03483180072743459,0.02271338037766255,0.00011683177362496341,0.026839499382464126
54.46239873637374,0.7111766491391593,0.002219412394464379,0.06414592174047125,0.14526968394034895,0.0008112721567780775,0.025876369073590026,0.03139330852961686,6.524573045407853e-05,0.019042137295116994
54.66262814349277,0.7512620881959572,0.002502485047573639,0.06326099461596307,0.09500404979015566,0.0003467334696133752,0.03726851502723325,0.021986411431331516,9.479440326560827e-05,0.028273928018906738
54.862857550611785,0.7488880577173165,0.0025539796764380575,0.06507897347813864,0.09484119298914949,0.0004557457154252728,0.037970646487169156,0.022205283805394323,0.00013467467653620408,0.027871445454432337
55.06308695773081,0.6983233192928758,0.002395439491948891,0.06929860560448617,0.1513811879982267,0.000882951852871167,0.026169019270259785,0.03262638738569192,7.078227684282982e-05,0.018852306826796686
55.26331636484983,0.7458504259957818,0.0027425893136508997,0.06768834308395033,0.092700453606287,0.00033315118632893086,0.03991645667682442,0.021656288555071415,0.00010626058431983937,0.02900603099778562
55.46354577196885,0.7393005059651183,0.0027452484349973737,0.06965692849982538,0.09679059693850592,0.0004913425624390342,0.040231471104449634,0.02229157310987181,0.00013446201566776734,0.028357871369124762
55.66377517908787,0.6953651022033823,0.0025446993041310846,0.07424683435666027,0.14657954704675125,0.0010787644623154748,0.02936818602207409,0.03173783570796939,6.670252337441096e-05,0.019012328373341977
55.864004586206896,0.7354676476544169,0.0028998699264306403,0.07246980790019841,0.09590107063033915,0.0004129378832006693,0.04154054734934586,0.02213562635158719,0.00010512026434965848,0.029067372040131715
56.064233993325914,0.728149997634131,0.0029431629806741405,0.07449982675245669,0.10037607092070462,0.0005051098197555537,0.0420603709183779,0.022750507765807504,0.00011502565824766254,0.028599927549844754
56.26446340044494,0.699772168223023,0.00280428795502325,0.07891699187060906,0.13350840334659408,0.0011894754239167406,0.03489707187940371,0.0294570800518935,5.306252315118398e-05,0.019401458726385525
56.46469280756396,0.7184259938924327,0.0030860360469743935,0.07798845475859748,0.10645977664648264,0.00052173882866654,0.041967989691146304,0.023430271231479574,9.578330078624106e-05,0.028023955603434212
56.66492221468298,0.7189101136893569,0.003178768549466159,0.07946233072873372,0.10166877754847095,0.0004855387211084033,0.044640638909998476,0.02262105558004294,9.397345431073208e-05,0.028938802818511793
56.865151621802,0.7052810512837254,0.0030659443260561354,0.08347467572749662,0.1193347260137128,0.0013024661433579917,0.0407105989038854,0.027381002358002178,4.402296527014545e-05,0.019405512278493124
57.06538102892102,0.7001183859647286,0.0031995494961008153,0.08407424362500862,0.11916944303811022,0.0007439679547454908,0.04142386289428461,0.02566148577717026,9.61141505868075e-05,0.02551294709926457
57.26561043604004,0.7146897046628005,0.003452807739511515,0.08418394547016159,0.09748674499280757,0.00045663227895724695,0.04856590883236713,0.021792546396372767,8.347645724459738e-05,0.029288233169777016
57.46583984315906,0.7040734458002997,0.003367795683535545,0.08856374737878754,0.11251454018077037,0.0013536551039202058,0.04507223525025575,0.026212210953547532,4.731784540883121e-05,0.018795051803474353
57.666069250278085,0.6846699063366279,0.003415396369739825,0.09065768470399736,0.12920657005131803,0.0009562128912278942,0.04147171979024028,0.027455497930158224,0.00010975102936678191,0.022057260897323645
57.8662986573971,0.7136308078939554,0.0038040155270750364,0.0887527663326717,0.08974867353114768,0.00039366416726396896,0.05353278095183501,0.020608652124836025,8.671533622244118e-05,0.029441924134992865
58.06652806451613,0.6948008860567173,0.0035886892133917534,0.09439426965309256,0.11443453101603934,0.001505906899354419,0.047138600799204906,0.026365218889427115,6.986366797435174e-05,0.0177020338047982
58.266757471635145,0.6771980163215847,0.003620796625701078,0.09706088816131561,0.13042756222265933,0.0012494949534905219,0.04349912707243496,0.02798877176063609,0.0001389649795872039,0.01881637790259072
58.46698687875417,0.7110745206210973,0.004165184314804583,0.0934832525710749,0.08337372667717682,0.00037528845192053245,0.05851466777844314,0.019618319005218,9.891003031366934e-05,0.029296130549950894
58.66721628587319,0.678986786533115,0.003898595957834108,0.10098634693818515,0.12279531886249481,0.0015066600184021426,0.047791034865624075,0.02709085450553516,0.00010464323090201166,0.016839759087907552
58.86744569299221,0.6761083281687058,0.004020574670129099,0.10326376355435836,0.12340630458165205,0.0013472669590458759,0.04790544560793153,0.027077356506111584,0.00016570075614895634,0.016705259195916665
59.06767510011123,0.7037868698911026,0.004487341269165962,0.09888281032276623,0.08175659146899875,0.0004152207376008078,0.06238086025041857,0.01933631591836268,0.00011512501109759498,0.02883886513048702
59.267904507230256,0.663774005431763,0.004126374845716663,0.10751258025373701,0.1294146935822436,0.0016109526668056542,0.04887374773399258,0.027534554367353168,0.0001470967136945196,0.01700599440469373
59.46813391434927,0.6763602916761792,0.0043849350486440605,0.1092079885380259,0.11367814757266445,0.0015281891679255703,0.053092611917985214,0.025746864333936883,0.0001810681420817699,0.015819903602556726
59.6683633214683,0.6911141063317413,0.004866388843711459,0.10524027739577911,0.08557377889350956,0.0004709094241021799,0.06475745530984531,0.019678143799916833,0.00011929002427819662,0.028179649977116087
59.868592728587316,0.6542895356209365,0.00458161257016304,0.1135740332181655,0.12792617188700137,0.0014300877459157237,0.05255031949121109,0.026591006230212676,0.00017959542062009133,0.01887763781577382
60.068822135706334,0.6708875806619565,0.004776330914371839,0.11558653426076732,0.10926157392357574,0.0016408426105059088,0.05708317142158183,0.024988235243957234,0.00018507167444421454,0.015590659288839648
60.26905154282536,0.6763064526592509,0.005146906829847378,0.11223875825290333,0.09140831892223127,0.0006552480094790618,0.06619673942468512,0.020319341721751004,0.0001272222161658234,0.02760101196368588
60.46928094994438,0.6527088703865712,0.005042966144226477,0.11864502608717276,0.11651104452538219,0.001320797489162849,0.059034285050268066,0.024338649177923437,0.00020147731266314067,0.022196883826630046
60.6695103570634,0.6567530859701818,0.005147907938156162,0.1227803432514275,0.11413667090299197,0.00179604455663552,0.058347328026330636,0.025418334968021136,0.00019026466241872254,0.015430019723836655
60.86973976418242,0.6634332258507359,0.005600485036325152,0.11938594680916725,0.09449020668939168,0.0007723729098794983,0.06810600335187564,0.02066671436199671,0.00013983491558779002,0.027405210075040275
61.069969171301445,0.6543668428504283,0.005642153883577798,0.12335038130313077,0.10098973584494758,0.0011840659099115938,0.06668966173969042,0.021595527748527302,0.0002267431972693049,0.025954887522516925
61.27019857842046,0.6350530460591921,0.005440271890024438,0.13099022821846512,0.12739376654473034,0.0020570980447482345,0.05681114792118528,0.026841290881387744,0.00021874564343563667,0.015194404796831162
61.47042798553949,0.6551690925249744,0.006059593047105065,0.12593406598311335,0.09181915941061218,0.0009069893391017722,0.07142801067746314,0.02043211235904605,0.00017558097382305263,0.02807539568476108
61.670657392658505,0.6546266857536993,0.006252292608865262,0.12822341880708743,0.08743106425065413,0.0011279314894493482,0.07304544844574887,0.01967900137823782,0.0002597623373582782,0.029354394928899654
61.87088679977753,0.6124095316409938,0.005809916298277106,0.13960974250006142,0.14146213412367104,0.0022726793378238133,0.054206338973353495,0.028560130401060164,0.0002693943613071881,0.015400132363452064
62.07111620689655,0.6486768478524241,0.006687022909165537,0.13205334641165464,0.08622353803980815,0.0009473535075248728,0.07590078200119041,0.019584536327603,0.0002276582619167302,0.0296989146887125
62.27134561401557,0.648422838091741,0.006874877655627787,0.13406494093965743,0.08112760932261809,0.0011374828318937056,0.07715014566828832,0.018661434215315954,0.00030666867552061656,0.03225400259933708
62.47157502113459,0.5962631936190428,0.006265338203433364,0.14765383356621126,0.14713663873846194,0.0025030518778517267,0.053857071454125174,0.02914683419059423,0.0003438091574164013,0.01683022919286291
62.67180442825361,0.6407825326360744,0.007268567654377925,0.13810894094628184,0.08186904205488536,0.0010248894540007937,0.07957257644633672,0.0189947682592214,0.00028243190922646954,0.03209625063959533
62.87203383537263,0.6361613514760881,0.007459516857787592,0.14073272191070751,0.08145380883768799,0.0012656146839580495,0.07919968123562955,0.01836934341441229,0.00034937329016966487,0.03500858829355905
63.07226324249165,0.5894287182539258,0.006940921856645024,0.15453843602875328,0.14042737963740654,0.002689598210354779,0.05812177917752911,0.02756208782560858,0.00041911198711963967,0.01987196702265748
63.272492649610676,0.6266574451667873,0.007954116534931426,0.14527220233712157,0.08437752783714773,0.0011190525908579664,0.08101695231822718,0.018921042284843335,0.00030578575798424393,0.03437587517209933
63.472722056729694,0.6213908818615081,0.008118169725094774,0.1477401157808938,0.08417772089715175,0.00133765628882175,0.08052323377146567,0.01830428017243475,0.00036833355895020924,0.03803960794367894
63.67295146384872,0.5904958566944183,0.007673235387881991,0.16011056251780859,0.12361637733928531,0.0030065673071309946,0.06591677434145249,0.024765107185187367,0.0004725445235402222,0.02394297470329474
63.87318087096774,0.6067249456619728,0.008447949133603205,0.15382455736309975,0.09429708826033296,0.0015121856580217964,0.07940984266778918,0.019747361877069363,0.00030591085888089366,0.035730158519230025
64.07341027808675,0.6085053783326722,0.008942879889326596,0.15431014882504548,0.08433033072829234,0.0013012344528137774,0.0828275915396059,0.017868570677241416,0.00035289534233131693,0.04156097021267078
64.27363968520578,0.5921472612014425,0.008721610435529197,0.1654473167294345,0.10603011371625758,0.0030599693408223327,0.07414840611643221,0.02214892367838184,0.0004802348826174028,0.02781616389908253
64.4738690923248,0.584228030617495,0.009040267112100799,0.16382728200761904,0.10805840128366404,0.002067552050364115,0.0758961810833274,0.021252733975319005,0.0002944406397725441,0.03533511123033819
64.67409849944383,0.5999831359629567,0.00983738018462044,0.1599624175613668,0.07937803802687779,0.0012456589793406105,0.08689428950962466,0.01687403600065597,0.00035083113280458186,0.04547421264175221
64.87432790656284,0.5887307622844415,0.009659112107440441,0.17125580939644416,0.09529951583669531,0.0033474973304547227,0.07994199354259232,0.020625346148938236,0.0004908002823846436,0.03064916307060845
65.07455731368186,0.5655643310765801,0.009697750880168499,0.1740188186723372,0.11806286155521195,0.0028520989261897906,0.07308799372017111,0.022654860050204596,0.00030748847154023445,0.03375379664759646
65.27478672080089,0.5941536036391147,0.01105871405392651,0.16503503618012266,0.07149273770988777,0.0010796516707666827,0.09202383353825984,0.015625538789076042,0.0003624762740312415,0.04916840814481443
65.47501612791991,0.5771093863776541,0.010664383826592433,0.17839118594841544,0.09471494598223643,0.0036027935744915385,0.08249322579565106,0.020059250340814752,0.0005277069364882866,0.03243712121765579
65.67524553503893,0.5544058328467466,0.010578945800740341,0.1832728110513703,0.11880340335101865,0.0036640768091518207,0.07401974027733564,0.022793637777942334,0.000368932073365996,0.03209262001232851
65.87547494215795,0.5876262659997461,0.012255254969083989,0.1701894751686033,0.06498765633572937,0.0010606505224401487,0.09657599904135894,0.014692531596673782,0.0004082345713624217,0.052203931795002136
66.07570434927698,0.5605848962132034,0.011633061863651541,0.18611755014418788,0.10027768028649203,0.003993134948702662,0.08249340012033651,0.020216421779877074,0.000586979888397861,0.034096874755150774
66.27593375639599,0.5506287193398327,0.011882085473632245,0.19072495810316784,0.1099575254579869,0.004127294997705457,0.07908783435940148,0.021619381904107865,0.0004585056296476226,0.03151369473451778
66.47616316351501,0.5768082218817079,0.013570853152730367,0.1765793905668207,0.06382617367507619,0.001173070557330435,0.09959855017393958,0.014205941086908633,0.0004577289788136103,0.05378006992667242
66.67639257063404,0.5439767959634462,0.012776387651184083,0.19333820512581912,0.10552879372370627,0.004206674671599724,0.0827304625632701,0.020118420758012793,0.0006619574004808972,0.036662302142480924
66.87662197775306,0.5493120175607712,0.013405597969056153,0.19684935811907772,0.09780199139189022,0.004395819997238948,0.0857060372189643,0.020065785999444162,0.0005609973953854346,0.03190239434817218
67.07685138487207,0.5626247311090887,0.014783913436081488,0.18421096702767703,0.06748874261797569,0.0015145667236639653,0.10063417217224663,0.01436107200658839,0.0004995557822113359,0.053882279124466546
67.2770807919911,0.5332156181861506,0.014240361817761631,0.1984922045392104,0.10334125574229247,0.004160017970800559,0.0861023526819116,0.019068271531328465,0.0007285112909823732,0.040651406239561885
67.47731019911012,0.5438319785932054,0.015048022572029638,0.20309480947571215,0.09090347553350558,0.004624141350797584,0.09048798645548903,0.018954566794161368,0.0006599312384503656,0.03239508798664882
67.67753960622915,0.5471029287932861,0.016245581162867263,0.19267831547209519,0.0733671428558271,0.0019607313656862394,0.1008167438434276,0.014739709607612745,0.000538051160053684,0.05255079573914377
67.87776901334816,0.5296500459662661,0.016144232360142126,0.20132552928382247,0.09227377969083611,0.003755131261609269,0.09342792957289364,0.017042076362141327,0.000816282448697503,0.04556499305359113
68.07799842046718,0.5315277577609174,0.016460015708472175,0.21041476548414553,0.09342817631627096,0.00523438888918912,0.09125996611465165,0.01879995690400208,0.0007953648848783418,0.03207960793747276
68.2782278275862,0.5346598810656245,0.017797981801681937,0.2004213374503185,0.07634828897190508,0.002543886494045337,0.10173442410672962,0.014990677431407506,0.0006240623966717042,0.050879460281615725
68.47845723470522,0.5299156172251355,0.01845066298624029,0.20281579985192413,0.07714351136432883,0.003279083421936313,0.1026449010081019,0.014839364781324867,0.000934077735678883,0.04997698162532953
68.67868664182424,0.5128511852576442,0.017989377606566583,0.21905028059679355,0.10481239623770813,0.0058478946601257156,0.08825376561155839,0.01945166555246053,0.0009801265577718819,0.03076330791937073
68.87891604894327,0.5267490403012114,0.019806006737910463,0.20673227781337677,0.07394345629463907,0.0029147818457246235,0.10487756302102973,0.014744493765502764,0.0007727234923206095,0.04945965672828475
69.07914545606229,0.5291569579215619,0.020721557295429068,0.2045591645362116,0.06441281735329193,0.003137921481686079,0.1107106685649332,0.013280058170124856,0.0011203686098468768,0.05290048606691451
69.2793748631813,0.4931955716587003,0.019410720010500995,0.22748524512481016,0.11805255089806208,0.006846619729570961,0.08389993011364492,0.02040823571840074,0.0012127521254517513,0.029488374620858206
69.47960427030033,0.5217839574319505,0.022191554694079175,0.21143486365723527,0.06779195014152942,0.0030534801842794466,0.1095672236416502,0.014174809659041113,0.0009492650891533593,0.04905289550108178
69.67983367741935,0.5236627363072405,0.023215031149931765,0.20798094627359606,0.058185042752747246,0.003170257357879315,0.11595683449648092,0.012476964719698332,0.0013006186955773446,0.05405156824684838
69.88006308453838,0.478361096424844,0.021299541363247913,0.23443350370076785,0.12417764520526532,0.007702825094691134,0.08278135568360846,0.02052245071808604,0.001428867088348202,0.02929271472114134
70.08029249165739,0.5152339227939181,0.024648619342057743,0.21583990104738232,0.06325914847199895,0.003287929987219198,0.11380219586960424,0.013648231931045822,0.0011224689213341313,0.049157581635439436
70.28052189877641,0.5136359867536843,0.025573978499330893,0.21291699544422243,0.057881233769218964,0.0035415758853433186,0.11831766557732529,0.012246208568787205,0.0014592101260842592,0.054427145376003495
70.48075130589544,0.4727316369270738,0.023795732630834888,0.238581801478614,0.11703912382240092,0.008390986244673269,0.0878207585420532,0.0191937355888741,0.0016049053398878234,0.030841319425587918
70.68098071301446,0.5038875541907177,0.02712120477364296,0.22153467243255429,0.06483851482181607,0.0037917333924184105,0.11528519665218742,0.013524821336752955,0.0012399233654347768,0.048776379034475646
70.88121012013347,0.5011227885061814,0.028164470308834774,0.21852419065824652,0.06024398139940025,0.003954965982911243,0.1195185573756754,0.012128646569823471,0.0015798036254401893,0.054762595573486776
71.0814395272525,0.473699352788646,0.026972956174040233,0.24052181363130248,0.10020407590013998,0.008718494875725047,0.09760632505986414,0.016829969092624634,0.001800597948826399,0.03364641452883122
71.28166893437152,0.4874497822336906,0.029323730072616034,0.22955672454446685,0.07370200389192563,0.004981674150966006,0.11285049472990594,0.014054325404242236,0.001336268806657158,0.04674499616552966
71.48189834149053,0.49048598803833615,0.031039360841439052,0.22301848741921937,0.060195767145224094,0.004186260283911042,0.12145933227239114,0.011911179541497681,0.0017078922412230308,0.05599573221675863
71.68212774860956,0.4756266382321219,0.030651831312534558,0.24179366828349338,0.08236461109475456,0.008821482338189631,0.10751867142843266,0.014669893608132981,0.0020061094338087743,0.036547094268531415
71.88235715572858,0.4681727220593073,0.03151796088650867,0.23963292784130563,0.08712563740367518,0.0068788871185465434,0.10737320412099989,0.015072786638384725,0.0014325061375158176,0.0427933677937563
72.08258656284761,0.48290557906594,0.03463986453322749,0.22579297264706175,0.05602611713285737,0.003962077990491909,0.12543635375868217,0.011313877528797069,0.0018943110654810118,0.0580288462774616
72.28281596996662,0.4733137393367944,0.03439701028139118,0.2441698502206464,0.07101904907445575,0.009063882290053478,0.11378435950955768,0.01338415506747254,0.0022737832098141814,0.03859417100981446
72.48304537708565,0.45153235159003285,0.03384631438252872,0.2496355837836917,0.09777123485496282,0.009376603889817706,0.10194494294612046,0.016060253135827356,0.0016104118920075867,0.03822230352501106
72.68327478420467,0.47722603366881905,0.03867518867341669,0.22710021340865957,0.049473151444986076,0.003681723548638215,0.13031603575036305,0.010545721401699373,0.0021658487762769426,0.060816083327141106
72.8835041913237,0.46429715846759767,0.03815966746727717,0.24825480489327717,0.06888822116067396,0.009622927886613829,0.11552261782581923,0.01282470762286724,0.0025825938930080844,0.039847300782865636
73.0837335984427,0.44115167873173916,0.03730849425768735,0.25753619152141205,0.09923973028347394,0.01141785974870498,0.10068138268198089,0.016081375376836935,0.001871428834698233,0.03471185856346648
73.28396300556173,0.47026420365686084,0.04290955084883903,0.22870218939906056,0.044543481430693734,0.0036658630281698598,0.13388200513710774,0.009922127338122654,0.0025068600337685154,0.06360371912737735
73.48419241268076,0.45036768902498886,0.04157382343872064,0.2527256942115863,0.07303121665800845,0.01085600844934352,0.11404253784348263,0.012696845864340875,0.0029680809924496968,0.04173810351707921
73.68442181979978,0.4373649937089535,0.04179074095543841,0.2618335574230237,0.0905339412847003,0.012694822045830282,0.10446505396534704,0.015039838830722756,0.002190330058687884,0.03408672172729629
73.88465122691879,0.4599860678023848,0.047295081492219164,0.23213512946390547,0.044095974178608666,0.0041070180829295986,0.13437999799424735,0.009627196581312612,0.0027775475353687754,0.0655959868690236
74.08488063403782,0.43566277165053047,0.045479191490338654,0.2557603438488344,0.07728768658271859,0.011759627264716585,0.11247392309698567,0.012558357273020883,0.0033260858533550276,0.0456920129394998
74.28511004115684,0.4354102752128584,0.047099624520529515,0.26356921899439184,0.07819569586749356,0.013200766273481686,0.11039459669751875,0.013638409668402986,0.0024853816107829572,0.036006031154540305
74.48533944827585,0.4464246762857214,0.05142996375210869,0.23773526155008823,0.0483087869779949,0.005347748835966681,0.131737644124175,0.0096786442484853,0.0029751744381816356,0.06636209978727793
74.68556885539488,0.4252707488860595,0.050288950070578396,0.2555247512672099,0.07523710598004203,0.011945153232787388,0.11366168857068226,0.011951396477482544,0.003670122533442371,0.05245008298171569
74.8857982625139,0.4305402133933279,0.05268456749476122,0.26465984725283404,0.06988875932179868,0.013650543439893,0.11418881960806473,0.012663570798238183,0.002722564793172847,0.039001113897909605
75.08602766963293,0.4317279162423048,0.055894067048148394,0.24426210887120284,0.05436514719580862,0.007126275473019245,0.12760181270126092,0.009943458064084176,0.0031101766931193194,0.06596903771105167
75.28625707675194,0.419953311294949,0.05646022037511998,0.2522643582394323,0.06608175771102895,0.011176489287414108,0.11830610814567889,0.010647287024653552,0.004085200946742386,0.061025266974980806
75.48648648387096,0.4197363354390274,0.057844092593243995,0.26697416120736095,0.0703152444829146,0.015116704223929781,0.1133273881676884,0.012282987461997696,0.0030501629982855115,0.04135292342555152
75.68671589098999,0.41956869115315965,0.06108823423413556,0.24937237727251305,0.057554776785698425,0.008840110251043271,0.12453963138166813,0.010197777414336981,0.003384600953351278,0.06545380055409365
75.88694529810901,0.4176134935235012,0.06368011388422742,0.24745359741004888,0.05373092930438013,0.010071479158085903,0.12400372731062276,0.009212555120951703,0.004651554573140739,0.06958254971504121
76.08717470522802,0.4033551107599682,0.06253547943834142,0.2706733949663268,0.07905467858839921,0.017730696571204015,0.10775090982689609,0.012421726839976846,0.0035563133892990138,0.0429216896195884
76.28740411234705,0.411082063950447,0.0677287339864637,0.25180238296451307,0.055733075733761545,0.009736340128850687,0.12443695074396224,0.01006029128154585,0.003896127103799541,0.06552403410665616
76.48763351946607,0.41433511544236035,0.0714145838689216,0.24351930743123779,0.04369237083916769,0.009225890669809583,0.1280779342283252,0.008167251093415002,0.005408983860318533,0.07615856256644411
76.6878629265851,0.38545213344777357,0.06717341256305445,0.2739560588831534,0.09026716308275252,0.02100260467212248,0.10028259697216946,0.012813821839578198,0.0043120572137090125,0.044740151325687004
76.88809233370411,0.40519420802746164,0.0752995528225738,0.2516423344266346,0.05037756939751641,0.010038851489777734,0.12622518367797425,0.009667419110788139,0.0046300783906831795,0.06692480265659038
77.08832174082313,0.4076357023457562,0.0793186137576616,0.24183704600576486,0.03891557903851273,0.009206924923657434,0.12949014637062845,0.007593664669168556,0.006191027631016646,0.07981129525783351
77.28855114794216,0.3710682950625826,0.07331620477226508,0.2748120432062462,0.0957999896312336,0.02344281087035235,0.09603818722853542,0.012666758225386175,0.005184597214609259,0.047671113788789174
77.48878055506117,0.3983749421919464,0.0833824309996439,0.2510697292312466,0.04614122386739827,0.010398210116615288,0.127323128319072,0.009310540198771873,0.005358614862782713,0.06864118021252279
77.6890099621802,0.3975779840327639,0.08683079657158246,0.24211861910884175,0.038918706462894755,0.010351517641838136,0.12871708676451946,0.007364520778452824,0.006907361260470821,0.08121340737863611
77.88923936929922,0.3640418608557601,0.08130053621698749,0.2721180164841655,0.08994676133341167,0.02494891777648852,0.09840981448837834,0.011513950937983148,0.006105315546663714,0.05161482636016164
78.08946877641824,0.388203903120524,0.09128057282506062,0.2521248181344235,0.047033588005449795,0.011838573793401383,0.12533812984917964,0.00918042763034667,0.005871770565724071,0.0691282160758903
78.28969818353725,0.3861456622834088,0.0948753143361247,0.24303208020084358,0.040836764330337595,0.011768192103366042,0.12731221671955872,0.007329420019688316,0.007396335339337362,0.08130401466733476
78.48992759065628,0.362877528213423,0.09134127746240515,0.26708658632173304,0.07518348926769042,0.025141892330255003,0.10618917852035659,0.009741791481302428,0.006923347076629871,0.05551490932620483
78.6901569977753,0.3739776044786333,0.09808855965255361,0.2559480286006993,0.054568961669447705,0.015696319743880763,0.11962076231065216,0.009372032790701472,0.006186324443513743,0.06654140630991782
78.89038640489433,0.3763300047355313,0.10386356153897916,0.2427192952247133,0.04095540409606562,0.012566929077633944,0.12704266625356364,0.007342648874169376,0.007880983473328516,0.081298506726015
79.09061581201334,0.3633000965227002,0.10308359027653696,0.2615402515589563,0.05913701816821805,0.024256491587157737,0.11462679278063942,0.008222878773207758,0.007636021747185666,0.05819685858539775
79.29084521913236,0.3576698300362416,0.10433310565863842,0.2617743699519196,0.06617732539011609,0.021930109619781896,0.11123568681714832,0.009965804085892807,0.006377301540158148,0.06053646690010322
79.49107462625139,0.3689783980852435,0.11436596002279302,0.24048057665887995,0.03792417740815169,0.012337182341384064,0.12896522732284516,0.0071670972964371455,0.008556248397802465,0.08122513246646298
79.69130403337041,0.36069614949158707,0.11495844509164314,0.25747977937878436,0.04878382615607469,0.023747709474225574,0.11985318665013937,0.007309127739348222,0.008400522082150962,0.05877125393604668
79.89153344048943,0.343232463904343,0.11120250518838251,0.2671537520528724,0.07563285638210558,0.029198640378944225,0.1035397825946439,0.010645883866680781,0.0067882751190216075,0.05260584051300622
80.09176284760845,0.3632948413243751,0.12604245926011542,0.23657864485665053,0.033028758704706146,0.011673708311697681,0.13193404688342256,0.006910461068093744,0.009581792685780003,0.08095528690515864
80.29199225472748,0.3532674514304772,0.12593235062163102,0.25545242220766023,0.04605881608381805,0.025003735971321765,0.12070419555034412,0.0069253102725805385,0.009339912306060134,0.05731580555610704
80.49222166184649,0.33352924186650407,0.1209050439562243,0.2696475589273073,0.07730350621491187,0.03450897145999858,0.10056047494636398,0.010642418408421532,0.007559313802662842,0.04534347041760552
80.69245106896551,0.3565127245494193,0.1380867155702083,0.23293593398053006,0.02952839924468369,0.011587238111062728,0.1340120556138194,0.006692859864099815,0.01079782680275557,0.07984624626342098
80.89268047608454,0.3420931093623419,0.1356365594660302,0.2540385152828568,0.04856925097117264,0.02814712358794997,0.11827957655261172,0.006946982192291929,0.010569252414922813,0.05571963016982196
81.09290988320356,0.3292090885053842,0.13364785790934733,0.2678792784740134,0.06998665881463542,0.03647465535379637,0.10303608617441277,0.009848626031757941,0.008716780046520642,0.04120096869013185
81.29313929032257,0.34707684305172004,0.14961945439921706,0.2313141450316507,0.029620811325196273,0.013129174856111724,0.1334759812252863,0.006599111603372941,0.011855985373753592,0.07730849313369106
81.4933686974416,0.32987698743570587,0.14597543006968844,0.2511571039076262,0.051684368850350215,0.030759413227456175,0.11556325816797267,0.007095046289874521,0.011893754315714279,0.05599463773561174
81.69359810456062,0.32673994801243494,0.14854663476077073,0.2633790710123739,0.05894553344736237,0.03572763152676975,0.10773813577141196,0.008855595258534556,0.009849452885134708,0.04021799732520705
81.89382751167965,0.33502200615922634,0.15980168923744317,0.2322011870898364,0.033457454075996845,0.0170855684412797,0.12980329816050964,0.006699540214069488,0.01256003919970387,0.07336921742193457
82.09405691879866,0.3201910725627676,0.15805622660315113,0.2449626201486331,0.050425791871321554,0.03137668527202896,0.11523856363217824,0.007005563454726714,0.01339713518886428,0.05934634126632841
82.29428632591768,0.32212571089764586,0.16361830185668239,0.25828590762115794,0.05083309488645034,0.03506893130336523,0.11031297806455442,0.008217301612684453,0.010749681605619133,0.04078809215184011
82.4945157330367,0.32194548806977275,0.17029172813737017,0.23417971853358094,0.03878411198754099,0.022445903107375067,0.12415147289900245,0.007017221420459156,0.012852486063276528,0.06833186978162203
82.69474514015572,0.3137617984724931,0.17282735957260498,0.2359646493346811,0.04372343658539988,0.029390946314073213,0.11783536310355804,0.006457994628779941,0.015103161680647025,0.06493529030776285
82.89497454727474,0.31263041892749144,0.1762653490816885,0.2542908038867417,0.04975548214229086,0.037985569102128094,0.10855389632778886,0.00792893972376113,0.011568561245830422,0.04102097956227902
83.09520395439377,0.31037824047186113,0.1820579550414778,0.2345651341855585,0.041760143423714,0.027386099761657894,0.11909802427999566,0.0074037213778686516,0.013243998632214432,0.06410668282565207
83.29543336151279,0.30915851517652065,0.1899560423464307,0.22573424965916428,0.034528014273437505,0.02608314208500053,0.12074568162163649,0.00573769668750057,0.017056173753441047,0.07100048439686828
83.4956627686318,0.2984934625601188,0.1864939541890094,0.25116817865030727,0.05529149482182579,0.04471882387909155,0.10251196813210364,0.007883480952040086,0.012551117088877656,0.040887519726625805
83.69589217575083,0.3012712372784567,0.19675639924116742,0.23173673969683528,0.04031138878204364,0.02966706446917135,0.11675314937582015,0.007502331463732345,0.014093162520228743,0.06190852717254415
83.89612158286985,0.30329267723672426,0.2074875188279126,0.21663388254529278,0.02733831231252004,0.023468387140016693,0.12137680718970557,0.005111340342755738,0.01911078150973757,0.07618029289533457
84.09635098998888,0.28232275191303613,0.195434431453203,0.24711542827994473,0.06308264121425386,0.05374672425463896,0.09437354007112386,0.007923320093826184,0.013903813755616012,0.04209734896435736
84.29658039710789,0.2940117142687916,0.2136516930321447,0.22555807384816148,0.03559709993264985,0.029415305471775635,0.11625313103192293,0.007335993423694034,0.01558440626385701,0.0625925827270026
84.49680980422691,0.2948285239199213,0.22431005415898667,0.2097567839432256,0.02407571314216205,0.023093993015148768,0.11882802560664299,0.004692281872655656,0.02109059411163217,0.07932403022962484
84.69703921134594,0.2679485159110012,0.20707093789830563,0.24037987141533618,0.06681579734330266,0.06030345726191946,0.08815433251352564,0.0075674251374187994,0.015752862021996897,0.0460068004971938
84.89726861846496,0.2858203054377959,0.23096842527735373,0.2184537898122165,0.03163798783418642,0.029151012217299526,0.11504446648833876,0.007040318032369347,0.01726638500866559,0.06461730989177424
85.09749802558397,0.2839382473422626,0.23918780097927203,0.2046464091215435,0.024192204064486404,0.025588848720892045,0.11399787579913004,0.004480613895398594,0.022875438664036754,0.08109256141297806
85.297727432703,0.2587412546034291,0.2230579817307566,0.23013830275781166,0.06205588079510754,0.06220521135020161,0.08655558134551176,0.006541993156350576,0.01831775249128069,0.052386041769550605
85.49795683982202,0.2752361811754598,0.24643359738476944,0.2126706727946281,0.03152246753943431,0.03199578868091005,0.11058172921824791,0.0067605932029603105,0.018732773563883916,0.06606619643970602
85.69818624694103,0.2720489747310888,0.25439322131103065,0.19984950779386398,0.025608108031430696,0.028975719600314646,0.10872711930833065,0.0044319510739075935,0.024250682071935425,0.08171471607809734
85.89841565406006,0.2537876234618423,0.24383856691481118,0.21825010991700788,0.05082171768612889,0.058958415050746935,0.0887545088729312,0.005121709464578637,0.021109948917643326,0.05935739971430976
86.09864506117908,0.2616992213571285,0.25789183425650386,0.209568178614924,0.036515518944426784,0.04086146342898276,0.10222820194566572,0.006554258400444272,0.019567773294815252,0.06511354975710879
86.29887446829811,0.2612374450556466,0.2706414516617442,0.19370367719147571,0.025757664532328438,0.03119202205877204,0.10457803007249643,0.0044783567514463975,0.02557808416522942,0.08283326851086073
86.49910387541712,0.2502538869387122,0.26783370010510016,0.20659811204503886,0.038643890697160545,0.05312338913457044,0.09113763963161499,0.003940193661523445,0.02354591333780126,0.0649232744484783
86.69933328253614,0.24661114124806166,0.2673128618399514,0.20801268947689247,0.04472894201954893,0.05478214130191466,0.09113530678667783,0.006522165166210004,0.01962045169076323,0.06127430046997982
86.89956268965517,0.25201634483577817,0.2895975671631132,0.18613271118667724,0.023724040127829988,0.030769733999399123,0.10212554471370457,0.004443353329577576,0.027083385683256612,0.08410731896066329
87.0997920967742,0.24455793540790788,0.29075969167227445,0.19682605559194585,0.03062108289211554,0.04914237176231673,0.09135345124990579,0.003188035108354089,0.025383185134255835,0.06816819118092377
87.3000215038932,0.2323813951139567,0.2771280099529063,0.20563951447767415,0.051512489038240954,0.07066887529149676,0.08066478096318916,0.006531322281868292,0.019510426077285023,0.05596318680338262
87.50025091101223,0.24394304679126422,0.3102831607478651,0.17758818325500694,0.020403873163250034,0.02897843909271866,0.10005994895401137,0.0043620564961038225,0.029008616823020934,0.08537267467675884
87.70048031813126,0.23578441502893743,0.31063471665704934,0.18876631606692237,0.02778505525993179,0.04975569147004102,0.08883030061789413,0.0028244415521248133,0.02696658550840654,0.06865247783869223
87.90070972525028,0.22124636297716013,0.29258312093147026,0.20058275174182386,0.05227372951773174,0.08130684272252087,0.0744909140814508,0.0061658838916137226,0.02005492695341056,0.05129546718281792
88.10093913236929,0.23491719418062937,0.3306206776763592,0.16988766144078873,0.018225879964742907,0.028558761795447925,0.09715109365852417,0.004221483505823266,0.031036959370981807,0.08538028840670274
88.30116853948832,0.22443866048376254,0.3263136729804208,0.1813620746184135,0.028572263140395383,0.05522182669591368,0.08452350429586523,0.0027669100478820174,0.02871907233331057,0.06808201540403602
88.50139794660734,0.21400138264088758,0.3144518393119829,0.19214119538933244,0.04618330441527844,0.08304856345012909,0.07333851035309373,0.005390446244656851,0.0216390342404818,0.04980572395415691
88.70162735372635,0.22441822793485855,0.34851798743566303,0.16395726760675627,0.018425104220375133,0.03197924433476399,0.09249044636654985,0.004091875638143383,0.03264686536539654,0.08347298109749311
88.90185676084538,0.21243422078861754,0.3419949309016837,0.17337469106005685,0.029945294558699494,0.06065091180671777,0.08011418465073228,0.0029056088287238175,0.03080776592511593,0.06777239147965262
89.1020861679644,0.20826949341547063,0.3410886456854492,0.18213593842320216,0.03754909844703845,0.07732250860266905,0.07465692107691436,0.004544435407149976,0.023579633711704275,0.050853325230401675
89.30231557508343,0.212460707764963,0.36234944886341713,0.1601411354745458,0.02106288921645502,0.04061887853431331,0.08641941009683471,0.004044934765336007,0.033290274328009094,0.07961232095612587
89.50254498220244,0.20226032237869604,0.35972147220754175,0.16379088378353482,0.028836854013140078,0.06242178312856666,0.077054355524609,0.0030587169558008963,0.03349158045176166,0.06936403155634897
89.70277438932146,0.20189909679944562,0.36696005996200387,0.172266803863725,0.030902134156383564,0.07185666137540456,0.07477260267585885,0.004027661553372039,0.025290282899849713,0.05202469671395696
89.90300379644049,0.200442758071824,0.3758915925478676,0.1569860150168176,0.024467954887800878,0.0518359683598395,0.07993463515287996,0.0041733522708278705,0.032896551629613996,0.07337117206252851
90.10323320355951,0.1944170296891012,0.38227364618510906,0.15315087257324989,0.024711825001108717,0.05804529738449154,0.07579766077791623,0.0030032327691410267,0.03669668745920291,0.07190374816067956
90.30346261067852,0.1929128913776051,0.3863396538741796,0.16400669761507583,0.028950277883158827,0.07414183272316656,0.07207455958295285,0.0037735752766589513,0.026657993384759146,0.051142518282442845
90.50369201779755,0.18976154997858977,0.39083887673793505,0.15263717285192682,0.026284953800981406,0.06191086687150483,0.0747557003783667,0.004437297010618518,0.03236281612948014,0.06701076624059707
90.70392142491657,0.18810964830236077,0.4079065637234211,0.14215500183027102,0.019245277581956988,0.05056793150834036,0.07501702729607325,0.002803582479681853,0.04010228957827061,0.0740926776996241
90.9041508320356,0.18166555747538435,0.39928798726955017,0.15667974468412568,0.031140782396502836,0.0845894772408741,0.06661839022949607,0.0036761857140440433,0.027997853260298827,0.048344021729723984
91.10438023915461,0.1811528563429915,0.41103621678694324,0.14602520418441217,0.025096034823086616,0.06585010309657846,0.07184607783022055,0.0046346774192971285,0.0325262762978582,0.06183255321861214
91.30460964627363,0.18116152389111728,0.43286526334996706,0.13235521299094793,0.015097603003134216,0.04446661494536507,0.0735801335891258,0.0025547457170363524,0.043086126756762516,0.0748327757565439
91.50483905339266,0.169050184176815,0.40768363241888605,0.14907459158831604,0.03514382890683404,0.10008042246678985,0.06013174205627436,0.0035656989293087298,0.02956160555532284,0.0457082939014531
91.70506846051167,0.1741015933470476,0.4342823570183743,0.1373669891674591,0.02168855094464756,0.06413034619274849,0.07031364250372903,0.004735555114701697,0.033694756043377926,0.05968620966791414
91.9052978676307,0.17314985610909167,0.45468200202853215,0.12398591355901634,0.013099155527092262,0.04299924137249088,0.07073053209733421,0.0023820792707144912,0.045301671123155,0.07366954891257292
92.10552727474972,0.15743162281405004,0.41934263039068204,0.13996623919821727,0.0370141027174778,0.11107466095766272,0.05489225041146028,0.0032650835805345065,0.03179404014638656,0.0452193697835289
92.30575668186874,0.16663006103817413,0.45755991878971725,0.12854691628955264,0.01874170082368474,0.061552238227563214,0.06848445437149962,0.004683948429289412,0.035157758821354954,0.05864300320916403
92.50598608898775,0.16384078981087327,0.47133868996579553,0.11706449119426396,0.01308718126536707,0.046911200317580566,0.06698922239417142,0.002314811700056109,0.046718526426205914,0.07173508692568596
92.70621549610678,0.14884562512805877,0.437343637291113,0.129311606150275,0.033995553400479495,0.11268446895660292,0.05245408689026079,0.0027191607498344016,0.0351311560069182,0.04751470542645774
92.9064449032258,0.1580747545386765,0.4751393193322234,0.12089196345531647,0.017995671132798985,0.06505973027173186,0.06482014042329592,0.004535895996474786,0.03635989742323731,0.05712262742624484
93.10667431034483,0.15430130404138045,0.48695780678037254,0.1106002664872668,0.013714743170177485,0.05274564221092019,0.06313176149985106,0.0023755739333181716,0.04743737301080376,0.0687355288659098
93.30690371746384,0.14297353261099768,0.4639671376989635,0.11846236659721165,0.027249933782436404,0.10272543058906683,0.05229180504639598,0.0020283059392300932,0.039137978490065735,0.05116350924563199
93.50713312458286,0.14787300137311096,0.4841028539898264,0.11542270700644931,0.02024258825452658,0.07918996518164202,0.05911548441568849,0.0042705820444545305,0.036672079648187896,0.053110738086113884
93.70736253170189,0.14541267443710051,0.5026111788099114,0.10389181247782889,0.013638547114593861,0.056848310726491415,0.06006620309673065,0.0025376951931846215,0.04822457913846004,0.06676899900569887
93.90759193882091,0.13823851545508284,0.4943130428809496,0.10837978696288905,0.020067827765820258,0.0880998995650881,0.05224554112975716,0.0014479002963527102,0.0427329716197087,0.05447451432435144
94.10782134593993,0.1370813879303025,0.48759933474703865,0.11109695055102708,0.024175064160085247,0.10116730308973046,0.05184543609453985,0.004011893533649997,0.03581497520045252,0.04720765469317368
94.30805075305895,0.1376383866409533,0.5222773789638171,0.09667739676500908,0.012291149774769024,0.05597550371110596,0.05789510062245709,0.002650387660267135,0.04948381291787073,0.06511088294375048
94.50828016017797,0.13243826387689575,0.5216258237048402,0.10005502286494795,0.015357124265792138,0.07695815732711962,0.050995860642788104,0.0010505845865664658,0.045267472021501824,0.056251690709548184
94.70850956729699,0.12654874151173345,0.49082953618487946,0.10660446305221263,0.02750202418789896,0.12429246784970213,0.04490859660429463,0.003703265324728745,0.034336497814424514,0.04127440747012549
94.90873897441601,0.13051797676809088,0.5429280259320094,0.08921959749381418,0.010332830082429613,0.05259345611225236,0.05582109605856658,0.002676174122549288,0.05122205000208348,0.06468879342820444
95.10896838153504,0.12534730151399365,0.542034548341708,0.09285530932658351,0.013359528865898378,0.07453578517592879,0.04813516091049472,0.0008610930664916676,0.04685150012195436,0.0560197726769467
95.30919778865406,0.11782547967482848,0.5029555979365441,0.10032601057808951,0.02754718152024979,0.13685499248629832,0.04021038007993853,0.0032186080005246398,0.0336012683473034,0.03746048137622296
95.50942719577307,0.12295324973905591,0.5622502303862607,0.08246713651653041,0.009089018724459086,0.05116324326197263,0.053025556984843465,0.0025503895581870046,0.052728903792981445,0.06377227103570964
95.7096566028921,0.1168682419161694,0.5545266894603796,0.08622014660619971,0.013401563114440858,0.08022253743732281,0.04448341633493466,0.0008158265637970182,0.048021994590058126,0.05543958397669761
95.90988601001112,0.11117688523363724,0.5242329289528815,0.09224120469103657,0.023991333105487088,0.1356365194278321,0.03829886664945555,0.00259286525744464,0.03425617174626322,0.03757322493596201
96.11011541713015,0.1149170175736671,0.5755868457057962,0.07678274124299182,0.009111327273196681,0.05637512149321412,0.04891175181840318,0.002352199875835094,0.05331760751556505,0.06264538750133053
96.31034482424916,0.1083238457414372,0.5656321716495204,0.07922957094452113,0.013776584614844746,0.08707447569842146,0.04079686314479291,0.0008820736021563265,0.04922658149615911,0.05505783310814665
96.51057423136818,0.10570684040890614,0.5533149830060176,0.08350986924536617,0.019003212752964127,0.12254701839519998,0.03769320369847284,0.0020281554966717907,0.035597323699188305,0.04059939329721305
96.7108036384872,0.10636355568937383,0.5823661222861625,0.0723871792864481,0.010498609559661507,0.06971008937112794,0.04387280526992907,0.002126659437268732,0.05227264701523168,0.06040233208479703
96.91103304560622,0.1007212346876486,0.5782852450963498,0.07190818646230078,0.01312655998209193,0.08935527292283113,0.0377481089730982,0.00099894046117309,0.051089925437361294,0.056766525977145245
97.11126245272524,0.10030162189801071,0.5803297146318814,0.07526955925133218,0.015011518277699925,0.11026859880828435,0.036492988341911545,0.0016799174174675705,0.03662118692668303,0.04402489444672918
97.31149185984427,0.0982614685035527,0.5871809109866516,0.06825208065436887,0.012184149584706955,0.08689561754482644,0.03861788985358115,0.002019352219824721,0.04966045083144817,0.056928079821039555
97.51172126696329,0.09466789388953227,0.5978007166888223,0.06459607945334725,0.011045409457544106,0.08288742033270331,0.035186996482375464,0.0010806792679136355,0.05364754988559422,0.05908725454216748
97.7119506740823,0.09395591087042461,0.5980975627441338,0.06835061382082773,0.01334806465539428,0.10851140422956018,0.03403467232885115,0.0014482264547635633,0.037134079990266196,0.045119464905778416
97.91218008120133,0.09097929003026618,0.5944282776327107,0.06372522662249036,0.012998811161278932,0.1013105568127586,0.034453772235571556,0.0020376588779410644,0.04684096095052862,0.053225445676454305
98.11240948832035,0.08945972866185914,0.6204370980146237,0.05779370060713023,0.008538619735654195,0.07215110437516381,0.03262784676198061,0.001111399145797079,0.05637686292654877,0.06150363977124274
98.31263889543938,0.08684604008802498,0.6049370036711283,0.06230659030663771,0.013590129924297622,0.11973618650525263,0.030343457115632626,0.0012639234169316573,0.03744650288552545,0.04353016608656877
98.51286830255839,0.08511966771954849,0.6098804588546466,0.05815737352949927,0.012035451119604272,0.10545137299662799,0.031771598370436915,0.002108266283229935,0.04523565242760336,0.05024015869880316
98.71309770967741,0.08412423414434272,0.6426790634355114,0.05193217020504645,0.006745105971536976,0.06296286568105022,0.029798241086034474,0.001072770149137321,0.05840933171439647,0.06227621761294389
98.91332711679644,0.07899161455343567,0.6052546188044388,0.05676425906919169,0.014838191246045965,0.1375334861313843,0.02621980461026728,0.0010373713757961523,0.038032890615323424,0.041327763594116954
99.11355652391546,0.07993362490834816,0.6299929407047488,0.05211703899146314,0.01008286621054423,0.10104325480812457,0.0301032919331149,0.0021503827452406016,0.04515598652986064,0.04942061316855491
99.31378593103447,0.07849553710946124,0.6590080200929274,0.04688614589451327,0.005882672355905722,0.06075210529594981,0.026717489795842216,0.0010403768113845821,0.05927042368488657,0.061947228959129456
99.5140153381535,0.07174606052432073,0.6091225654984562,0.051000141861145945,0.015235932368311977,0.14915928932159175,0.022489976830905145,0.0007946205292027141,0.0394865423890997,0.040964870676965734
99.71424474527252,0.07477720101341277,0.6511230044673999,0.046430119241920996,0.008377105938299198,0.09425634835134031,0.028297081938557095,0.002107222427603929,0.04562900252358455,0.049002914097881226
99.91447415239153,0.07241847344016143,0.6692493381577922,0.0426242565836043,0.0058771112618145336,0.06559648940589789,0.023872025153052874,0.0010265794582734375,0.058888222932866136,0.060447503606537126
100.11470355951056,0.06579739691781464,0.6211472503526124,0.04524144179823694,0.013884947948782644,0.1477871328550604,0.019988655154038016,0.0005557000507690865,0.04233731595049609,0.043260158972190106
100.31493296662958,0.06933202706268535,0.6635063985234367,0.041876449649257595,0.007727792578993127,0.09621808287266012,0.02567228742824694,0.002003621080804361,0.04564184755102847,0.04802149325288718
100.51516237374861,0.06657744818059053,0.6771004378224907,0.03865481517566143,0.006079298996155107,0.07350776191678726,0.021496910404453062,0.0010744070911258056,0.05749812072093633,0.05801079969179995
100.71539178086762,0.06146981124152477,0.6448684235549635,0.039798470403247216,0.01105162410603466,0.13167489152111425,0.01858799084626895,0.00038420438106363374,0.04592722703630134,0.04623735690948138
100.91562118798664,0.06360787075927299,0.6652978827075261,0.038606183254614984,0.008335474028353242,0.11132829060148743,0.022257489328835953,0.0017968575827999964,0.04446278811675488,0.04430716362035421
101.11585059510567,0.061294528204349635,0.6855346663076001,0.034977027646916015,0.00600994969637272,0.07908884314667766,0.0198052495240634,0.00118803927141012,0.05611612727152693,0.0559855689310835
101.3160800022247,0.05794432835322664,0.6725145893434124,0.035141568502995754,0.008109243230623637,0.1108865521760509,0.01773489973053675,0.0002954770868001506,0.048819252900386655,0.04855408867596732
101.5163094093437,0.05799202915558507,0.6584692867143995,0.03601696733706221,0.009663849487409122,0.1371233135527646,0.018540014273393093,0.0015499571688512136,0.041854796623459395,0.03878978568707551
101.71653881646273,0.05703087209984494,0.6989965936086328,0.03137907837819616,0.005303324421422964,0.07797968625864264,0.01852003401556539,0.001329966043332004,0.05535345760297582,0.054106987571387495
101.91676822358176,0.05453732173637719,0.6973588832933573,0.03130507770034422,0.0060398344954684605,0.09443070733185682,0.016892743624511198,0.00024365721671738892,0.05027625998457452,0.048915514616792985
102.11699763070078,0.05271264225137691,0.6518131562337081,0.03351799411683178,0.0108104702191214,0.16314237005835544,0.015387165626821794,0.0012593897458408388,0.03879012186374254,0.032566689884201507
102.31722703781979,0.05319396632007478,0.7138393888051725,0.0280866177380132,0.0044554835059860175,0.07322903118455144,0.017445988857454953,0.0014390820343457172,0.055333870907619584,0.05297657064678192
102.51745644493882,0.050915188654221545,0.712296615753301,0.02801681882633709,0.005046153435912905,0.08940767027301613,0.01583025357701512,0.00023002203199801432,0.05058596692642201,0.04767131052177618
102.71768585205784,0.0484753910945443,0.6550931538268497,0.030436281551626407,0.010586052819748762,0.17562865812225947,0.01341847818776516,0.0009692779471925188,0.0369363986236125,0.02845630782640084
102.91791525917685,0.04952311943535062,0.7270971575076015,0.025116337147655602,0.0038742477854674107,0.07053662405761758,0.016256890584609072,0.001427844317356837,0.055314107163402584,0.050853672000938405
103.11814466629588,0.046943266583285216,0.7186645161470421,0.025113566086624583,0.004910463030717262,0.09361539691626848,0.014628414510899124,0.0002502121332059448,0.0504982321036083,0.04537593248834905
103.3183740734149,0.045058935184287344,0.6709700392371803,0.026946198170964355,0.009126767325464072,0.16972232037211693,0.012789603020967728,0.0006793963859523346,0.03715301032158595,0.02755372998148078
103.51860348053393,0.04576794515718458,0.7315868334769863,0.02266623746812884,0.0038295481548211185,0.07659235149455625,0.014913227059022413,0.0013323200208529183,0.05459021026967792,0.04872132689876987
103.71883288765294,0.04312167555154405,0.7214412487176404,0.02231872644583485,0.004952052099627461,0.1008532406842163,0.013379796166758983,0.0003264049563052258,0.05050973413159236,0.04309712124648061
103.91906229477196,0.04235758031295397,0.6967492975646704,0.023349483492473348,0.007145286080899519,0.1497850649298969,0.01275327822983574,0.0004692508325021751,0.03839097872462347,0.028999779832144572
104.11929170189099,0.04204020065952943,0.7292674637116705,0.020695470768692475,0.004268860903018284,0.09174271175853886,0.013446442593930871,0.001156817395472203,0.0522415486720461,0.045140483537101476
104.31952110901001,0.03974119359388466,0.726446924970338,0.019725182184858588,0.0047141940453004775,0.10278688509539192,0.012315384862744555,0.0004577196252980593,0.05125069585370145,0.04256181976848236
104.51975051612902,0.03979447440390799,0.7197319016237349,0.02028179606593227,0.005592440578725627,0.13175611478221885,0.012546841431843668,0.0003585909679345032,0.03924081758537608,0.030697022560326057
104.71997992324805,0.038571159963879456,0.7230540310833303,0.018985097131607145,0.004873245808270489,0.11218299889407482,0.012033361189235939,0.0009994922115850137,0.04831039932323359,0.04099021439478288
104.92020933036707,0.037106321971444964,0.7385303934090678,0.0172919271922121,0.003953727838580133,0.09533821627833866,0.011420339771100694,0.0006138843709748274,0.05249095362780005,0.043254235540481106
105.1204387374861,0.03718558393092837,0.7332128269358386,0.017873277164791278,0.004785726593010839,0.12490981846834547,0.01176442089469352,0.00031185684516638664,0.03911327920413233,0.030843209963093476
105.32066814460511,0.03558697030410249,0.7208116463889558,0.01726627650230387,0.005154835017329961,0.12901974199170452,0.010935134595755031,0.0009032454942943459,0.04415222668495789,0.03616992302059605
105.52089755172413,0.034758669361690295,0.7538133825173786,0.015205066806518374,0.003086249026273368,0.08331977280515489,0.010658861485939494,0.0007443475289819967,0.053797391723795066,0.044616258744267744
105.72112695884316,0.034262404498543446,0.7334732516286505,0.015972177359278465,0.0047461305226590995,0.1333117841394592,0.010553069818439911,0.0002557333532335991,0.038272199255415515,0.029153249424320394
105.92135636596217,0.03324316179565942,0.7273166116580061,0.015319825970828545,0.004726856148327142,0.13393004837995395,0.010259056482106543,0.000906723797598041,0.041207232613644604,0.03309048315387555
106.1215857730812,0.03253983029261404,0.7684677752548494,0.013378550975295556,0.002386325078467652,0.07351002959168561,0.009814911368878102,0.0007945186559775996,0.05429215702626082,0.044815901755970805
106.32181518020022,0.03111161009478179,0.7268507308467489,0.0142799383012177,0.005092771694516214,0.14903261609184146,0.009173686401017383,0.0001737474118739619,0.03736939853119907,0.02691550062680361
106.52204458731924,0.03109122844302673,0.7418041058530271,0.013319447682314396,0.003932667740960912,0.12692090697694935,0.009881459896575417,0.0009254885647314989,0.0399602098550939,0.03216448498732066
106.72227399443825,0.030139773489617404,0.7762507651419579,0.011832290979443045,0.002086263053971572,0.07144620920102032,0.008892706475333391,0.0007986870557397226,0.05375733734675616,0.044795967256160564
106.92250340155728,0.0280968500104347,0.7215339925604957,0.012585398571305969,0.005187527377177894,0.1610196960568609,0.00788978504632303,0.00011088138400573874,0.03721358264495614,0.026362286348440307
107.1227328086763,0.02900854315399287,0.7574679650334525,0.011426604625299387,0.0031608995644014635,0.11658164438731,0.009399421634131915,0.0009116894038637574,0.03955244123577939,0.03249079096176883
107.32296221579533,0.02766297003938986,0.77882584902888,0.010455136132452351,0.002087996121561556,0.07652727043591456,0.0079441145890698,0.0007583952272390297,0.0520851579461424,0.043653110479350346
107.52319162291434,0.025524324120570728,0.726893028710385,0.010911810084878031,0.0047056915956700885,0.15774062165830383,0.0068952729100958165,0.00010028653375952949,0.03857319058953105,0.028655773796805936
107.72342103003336,0.02677343585277302,0.7644546477863174,0.00994111915706088,0.0028071886062542425,0.11532519032434291,0.008633125342613563,0.0008421190330179679,0.039151530663505026,0.03207164323411487
107.92365043715239,0.02525856959990646,0.7776194913047174,0.009214713345945496,0.0021826243282582285,0.08568285847889524,0.0071116125923676565,0.000729637134988997,0.049882624719427004,0.042317868495493335
108.12387984427141,0.023579659191481025,0.744227633517618,0.0093248915272056,0.0037394774063636937,0.13940591148486914,0.00616155015558697,0.0001461156791386131,0.04091172226251542,0.03250303877522158
108.32410925139042,0.024531330398511967,0.7608434508291587,0.008858391662884149,0.002875150575239241,0.12684539735955971,0.0074871489849791745,0.0007149573821132885,0.03789813863832574,0.029946034169227982
108.52433865850945,0.023160333315558543,0.7793577514426966,0.008052213167853976,0.0021284185098334124,0.09172516413334761,0.0064426953458841104,0.0007326873204287326,0.04785355539334262,0.04054718137105447
108.72456806562847,0.02197161359991517,0.7660920784871258,0.008015618371553344,0.0027803392155996576,0.11636754446311141,0.005552337354620436,0.00021436935182862592,0.043134892424827646,0.03587120673141788
108.92479747274749,0.02226041071189982,0.7476759415926533,0.008093631601167358,0.00326591715175635,0.14997523322099315,0.006148111636922238,0.0005384250909816617,0.035592582438805816,0.026449746554820127
109.12502687986651,0.021382021978648334,0.7861754599371922,0.006963186698186082,0.0018786281286409287,0.09071083903370096,0.005905024548133516,0.0007924637798944021,0.04646684162123867,0.03972553427436497
109.32525628698554,0.02053533403678713,0.7855668114737775,0.006946481925996076,0.0020595564349681263,0.09844874917775392,0.004921726942386034,0.0002696431549733363,0.04398808381284992,0.037263613040507605
109.52548569410456,0.02021482386441056,0.7350539209390863,0.00735302567929293,0.0035546363390126902,0.1732810363408847,0.004884755991211837,0.0003524338968769575,0.03265679136559796,0.022648575583625728
109.72571510122357,0.01976112203999643,0.7962097963809471,0.006001042122190537,0.0015802877664212087,0.08530277185178081,0.005378073161707674,0.0008433553692780152,0.04566028376464491,0.03926326754303307
109.9259445083426,0.018938724483493975,0.7960627876054017,0.006079225825403595,0.0017402277260389677,0.09156898981865452,0.004314347282917154,0.00031192378972756153,0.04358227019131425,0.03740150327704844
110.12617391546162,0.018379191428040086,0.7318135169715719,0.006484508920705468,0.0034822267415054774,0.18468128761933048,0.004034978554308289,0.00019507989495251446,0.0303914321970023,0.020537777672583427
110.32640332258065,0.018213459919355805,0.8036453378284992,0.005184277364232243,0.0013526219008172336,0.08241177129302836,0.004758100539761836,0.0008578574062539342,0.04473581499075994,0.038840758757291274
110.52663272969966,0.017287931705080917,0.7984545487242438,0.005276887754756659,0.0016490772880110023,0.094414425839528,0.00373097625145504,0.00033400544042247774,0.042351715256309666,0.03650043174019222
110.72686213681868,0.016795929030728605,0.7435285898871201,0.005492884837724399,0.002998895941040078,0.17699865554458044,0.003650746495302899,7.87035228864928e-05,0.029741801577852466,0.02071379316276449
110.9270915439377,0.016580949610071054,0.8040053560774405,0.0045544666032575195,0.0013528186020656126,0.08779472526735968,0.0040933587846696306,0.0008169869122943098,0.0432372094418552,0.037564128700986715
111.12732095105672,0.015635239387692457,0.7964947229121787,0.0045463765693816586,0.0016410795052522458,0.1012499512146026,0.0032179692574785587,0.0003791448470284178,0.04120050993070461,0.03563500637568059
111.32755035817574,0.01546980583071417,0.7643484587534628,0.004525763346147032,0.002308435451496946,0.1569913958849254,0.003524163814630418,2.0876726857755606e-05,0.03021266257355455,0.022598437618210898
111.52777976529477,0.015016665015449068,0.7967371378829992,0.004052546025039247,0.0015030093392756423,0.10272452899980161,0.0034349414818470843,0.0007074694056698062,0.04071566134638852,0.03510804050352999
111.72800917241379,0.014187728948585701,0.7985262350060365,0.0038946903307237333,0.001541369508553232,0.10285459161092626,0.00277013804860408,0.000471363235282813,0.04064404518498767,0.03510983812629998
111.9282385795328,0.014274966217466021,0.7853543925578933,0.003729690837983095,0.0017431557713725573,0.13635891665196448,0.003403180652639509,5.199737624834468e-06,0.03075861568657743,0.02437188188647875
112.12846798665183,0.013595395005523352,0.7853892173414365,0.0036338314167503557,0.0016856907723539116,0.12332782643153153,0.0028980124003087334,0.000567544956894378,0.037422279193359054,0.031480202481842266
112.32869739377085,0.013005491968896903,0.8058969309564157,0.0033560904701127495,0.001311123960442888,0.09699470502541194,0.0023826901200525567,0.000607350796817552,0.04095885636590159,0.03548676033594825
112.52892680088988,0.0131428312699849,0.7976734731261025,0.0031269933849540498,0.0014322815084554068,0.12614877903134047,0.0031498473650422476,2.947125636167814e-06,0.03060135085841907,0.024721496330065297
112.72915620800889,0.012462362415376373,0.7793552716287256,0.003182333530611041,0.001704934579745778,0.1390181552145531,0.0025541801574364247,0.0004448288864062212,0.03395722702333013,0.027320706563815217
112.92938561512791,0.01205067132546047,0.8175300770251184,0.002913317494176074,0.001023898383782091,0.08640408949783726,0.0020357935936022036,0.0007293615151262551,0.04149658348645954,0.03581620767843779
113.12961502224694,0.011992281930295043,0.7972575273670893,0.0026927133574708257,0.0013689653772702608,0.13039802597631633,0.0027692673298524953,3.112624887404273e-07,0.02991066289391272,0.023610244505304325
113.32984442936596,0.011525056431148817,0.7824783583872708,0.0026868473994275106,0.001544005601642873,0.14316965075476665,0.002423046834350413,0.000371264902518014,0.03158213215419097,0.02421963753468384
113.53007383648497,0.011151507192628479,0.8280015372803234,0.0025293025904425067,0.000819208950664475,0.07770782495312566,0.0017436447338039344,0.0008179800914920217,0.04144994183344671,0.03577905237407256
113.730303243604,0.010860215780693828,0.7897018904317707,0.002330729461088978,0.001409728566649972,0.1423678131316279,0.002301300195280816,6.6639767474976205e-06,0.028880570187836307,0.022141088268303865
113.93053265072302,0.010756720043213458,0.7944046383583832,0.00217272545919634,0.0012342633950319492,0.13542945812886617,0.0023824927223482723,0.00034202357746465986,0.030420047355725937,0.022857630959769854
114.13076205784203,0.010240073412885731,0.8327918196844735,0.002176366894856553,0.0007368636218875489,0.07612112244999032,0.001511181839135326,0.0008345326078223862,0.04052230800164837,0.0350657314873005
114.33099146496106,0.009713046361175249,0.783455900243942,0.0020094791813871364,0.001472787618010727,0.1512667958752016,0.0018527534129926522,5.291559341703508e-05,0.028354587583891477,0.02182173412998235
114.53122087208008,0.009974612062310366,0.8078761364327416,0.0017361919122370422,0.0009791912209627777,0.12412850825665928,0.002315050883438294,0.0003431041600790633,0.02986946621576347,0.02277773885580815
114.73145027919911,0.009357452445653749,0.8313398504085711,0.0018403593577836718,0.0007213207250757168,0.08210413695168643,0.0013373214362986869,0.00079411036846495,0.03869362110300435,0.03381182720346144
114.93167968631812,0.00876343524860954,0.7860718671214322,0.0017003965980373643,0.001362892591489213,0.14833463058864768,0.0014904282729044105,0.0001535756450459615,0.02881790454176047,0.023304869392073428
115.13190909343714,0.009187542797861483,0.8152066906269185,0.0014253266441919448,0.0008498646319837124,0.11940315426024525,0.0021271937958091797,0.0003257138727936958,0.02905800270358201,0.02241651066661441
115.33213850055617,0.008501719311942548,0.8278194856657674,0.001541524929166262,0.0007535370857581861,0.09096435311772239,0.0012321517440062448,0.0007443896612556028,0.03636601265875959,0.032076825825621776
115.5323679076752,0.00801032269227226,0.7986822768351985,0.001434371713778559,0.0011191798912966798,0.13325146028262025,0.0012521754171460453,0.0002934827471160802,0.030233386962191966,0.025723343458379493
115.7325973147942,0.008433614139282756,0.8106721022019191,0.001242119499042045,0.0008362210273133787,0.12797913763809737,0.001829196353107578,0.000289426885092399,0.027588050312032538,0.021130131944112618
115.93282672191323,0.0077991823841782205,0.8269498479971291,0.0012802101872596834,0.0007238215388619899,0.0968536986839595,0.0011642112512072495,0.0007067108726163584,0.03410452274247426,0.030417794342313485
116.13305612903225,0.007437025055875159,0.817727706263123,0.0012131005913603734,0.0008407641512052442,0.11220842011600642,0.0011039508335154635,0.0004186027560859817,0.031407351818980384,0.027643078413848093
116.33328553615128,0.007711324916522877,0.7981077184689802,0.001135171325887608,0.0009142576099681225,0.14631559363646618,0.0014808496139433196,0.00022739076673730104,0.025353308948356443,0.01875438471313817
116.53351494327029,0.007223402291233871,0.8311031784485969,0.001067814876929848,0.000629588562192104,0.09620687235511788,0.0011120000352253404,0.0007111578438914962,0.03253181099824259,0.02941417458857007
116.73374435038932,0.006938733107010831,0.8336798661774419,0.0010374637337849585,0.0006263003920200781,0.09597177540241919,0.0010005303022727233,0.0004939095219112477,0.03173114877471685,0.02852027258842231
116.93397375750834,0.007048408862310741,0.7849406255743889,0.001037469598083973,0.0009879943329428324,0.16546151755654318,0.0011677508364574423,0.00015481789452134487,0.022942205484460652,0.016259209860290794
117.13420316462735,0.006730056972432174,0.8394155841835426,0.0008888383058951404,0.0005131954781729508,0.09038482185771513,0.001047954079745238,0.0007334318517016668,0.03140717477996244,0.028878942490832765
117.33443257174638,0.006456397547541044,0.8425290682425389,0.0008827078465223178,0.0005055259243609162,0.08881290169184335,0.0009113532172661118,0.0005148540543306474,0.03105845960271227,0.028328731872884316
117.5346619788654,0.006462058268060873,0.7801861808168316,0.0009081891233748205,0.0009638128592750736,0.17436954470668878,0.0009710120479391728,9.183193553942656e-05,0.021409366126542904,0.014638004115747467
117.73489138598443,0.006239824463406211,0.8449917902797333,0.0007458469638918394,0.000443615477727577,0.08709459934585981,0.0009650407920446159,0.0007339414655478686,0.030444940745202008,0.02834040046658673
117.93512079310344,0.005940581242390433,0.8436716721764048,0.0007379302468048037,0.0004791459809424756,0.09048493561520618,0.0008282235063108135,0.0005202523027528736,0.029874228940751542,0.02746302998843603
118.13535020022246,0.005953611407172357,0.7890442557086638,0.0007355971180868334,0.0008320936680641255,0.16665285722498846,0.0009084824776270745,5.491700747974353e-05,0.02122058737698682,0.014597598010930857
118.33557960734149,0.005780410738518921,0.844206623679414,0.0006264818929672638,0.0004214005111653279,0.09124723019962157,0.0008591048961679906,0.0006894626746703695,0.028955627722028483,0.027213657685446105
118.53580901446051,0.005462016401124323,0.8414372997699445,0.0006059209265757966,0.00047266051726160835,0.09566805707258735,0.000739645557910504,0.0005213205151089933,0.028597367733281358,0.026495711506205808
118.73603842157952,0.005508510923263734,0.8071570841817063,0.0005608441768883463,0.0006661043086094514,0.14766969852020073,0.0009337785309981772,4.321967693015606e-05,0.021895663668556154,0.015565096012847189
118.93626782869855,0.0053204772216701515,0.8357642970199092,0.0005349060326558649,0.000471456991438646,0.10433914715771515,0.0007599815621333412,0.0006025803571535321,0.026750755362962737,0.02545639829436128
119.13649723581757,0.005053425633015488,0.841843801879016,0.0004944686772096811,0.00044571927338706415,0.09732698965894075,0.0006522922052134124,0.0005606590881745996,0.027673052595110628,0.025949590989932412
119.3367266429366,0.0051724639847555084,0.826281090517559,0.00041697466782382296,0.0004962198452465794,0.12777919485434214,0.0009570507851774102,4.536163791258083e-05,0.022370534072101007,0.01648110963508204
119.53695605005561,0.00496005355649572,0.824341974578087,0.00045523532730420274,0.0005120182662611592,0.12206979014575928,0.0006758859054384477,0.00046370127171794086,0.023862645124926786,0.022658695824009572
119.73718545717463,0.004732569064762478,0.8475243242623061,0.00041013026739872234,0.0003883329845691068,0.09240602605189763,0.0005765176355889631,0.0006322759890231149,0.027205837625802948,0.026123986118650886
119.93741486429366,0.00484746941688181,0.8379055017494363,0.0003246717043136851,0.0004120100970849125,0.11660732982749031,0.000937163301090747,5.427498524171788e-05,0.02218861704846199,0.01672296186999824
120.13764427141267,0.004669789136729256,0.816703871949168,0.0003777622062000819,0.0005253976161823641,0.1362575458107877,0.0006392879725502805,0.00033322024347527955,0.021145513901775947,0.019347611163130843
120.3378736785317,0.0044932882203651305,0.8562987617257274,0.0003451280926699914,0.00030175984931899824,0.08390934890738354,0.0005140328773639341,0.0007028547856561825,0.026985097506227216,0.026449728035287442
120.53810308565072,0.004552158316967425,0.8390858899792009,0.00026420165306528006,0.0003808045147966553,0.11725524540750243,0.0008548158173512973,6.398530040540184e-05,0.02131967860447308,0.01622322040623758
120.73833249276974,0.004448130586200622,0.81854098565739,0.00029279129095599355,0.0004768558495433238,0.1394330598025758,0.0006507790944525567,0.0002267372149151034,0.0192245528265931,0.016706107677373534
120.93856189988875,0.004248033728424267,0.8640741418452966,0.00029292055022472554,0.0002460257695287997,0.07695420460056707,0.0004746486935605504,0.0007506189835776643,0.02650198751942425,0.026457418309396213
121.13879130700778,0.0042197633124697815,0.8327243957775086,0.00022280374276290575,0.0004038740172556845,0.125807028006806,0.0007420301676603171,8.98064641402102e-05,0.020223700175435916,0.015566598335960687
121.3390207141268,0.0042456798547051994,0.8281961947662159,0.00021217909820206432,0.00038709399928434627,0.13213146283870153,0.000685290335269591,0.00016691714610157023,0.018377570875172316,0.015597611086347517
121.53925012124583,0.004000862748323251,0.8668512166205526,0.00024286445999193465,0.0002169825150004276,0.07613989963797205,0.0004472256040157851,0.0007447000854171112,0.02549402261035548,0.02586222571837113
121.73947952836484,0.0038879254682829675,0.8274433800940064,0.00018798880124122326,0.00042659812243028464,0.1323203833670517,0.0006232196118471522,0.0001506043218464508,0.019247027578171125,0.015712872635122718
121.93970893548386,0.004029166254843994,0.8410797010752594,0.00014907875957519901,0.0003051664709062695,0.12018188426100022,0.0006995595637923691,0.00014143687374471129,0.01793838169069,0.015475625050187906
122.13993834260289,0.0037369749649863015,0.8640265461961941,0.00019642417607537978,0.0002220848332685736,0.08182476352605157,0.0004327761468686786,0.0007012843928717384,0.024021305451037075,0.02483784031264664
122.34016774972191,0.003583423035172013,0.8284189715624872,0.00016023848389275344,0.0004106150379445888,0.13064021828266104,0.0005263706903208344,0.00025240843830800494,0.01901510375687662,0.01699265071233686
122.54039715684092,0.0038018072556479047,0.8484264728491051,0.00010990944338922443,0.00025984586599451945,0.1138042880310971,0.0006741388355633474,0.00013307052704076032,0.017429742679483873,0.01536072451267793
122.74062656395995,0.003495077637041662,0.8598893812007374,0.00015253887420688185,0.0002348886527425739,0.08959563880684511,0.00042789029512369273,0.0006383976354077019,0.022271337493280113,0.023294849404614727
122.94085597107897,0.003361523221943685,0.8390294907088713,0.00013525869726362818,0.00033604903013161025,0.11815983616792379,0.00045592052746201684,0.00036862515798268046,0.019361559426288786,0.018791737062132063
123.14108537819799,0.0035882775236422792,0.8461510621715714,9.123686647914776e-05,0.0002507038010646107,0.11808255130189053,0.0006073491327143965,0.00012766158073741253,0.01651635219019468,0.014584805431705816
123.34131478531701,0.0032915442573838547,0.8579447390173105,0.00011552461858020247,0.00023180086278348942,0.09487766586129416,0.0004324815036276284,0.000580805203727059,0.020768412743609455,0.02175702593168387
123.54154419243604,0.0031836127936432273,0.8539920126545313,0.00011602925318404996,0.0002546878557112718,0.10143519334720572,0.000413640435448146,0.0004709756004966535,0.019852205292118476,0.020281642767661277
123.74177359955506,0.0033737845090209004,0.836136367332102,8.38585032327928e-05,0.0002780074934361083,0.13103019550962583,0.0005142530128850703,0.00012507014621091758,0.015208895489932336,0.013249568003554127
123.94200300667407,0.00313903589662171,0.8617610289005737,8.253349757596297e-05,0.0001978129388912858,0.09359309583228494,0.00043779258451261393,0.0005529365401225348,0.019722799844836714,0.020512963964580647
124.1422324137931,0.003049979525857861,0.8675791807658851,9.931069143374106e-05,0.00018026086121381555,0.0874820674268417,0.0003805634417682213,0.0005205855570675959,0.01989306317479992,0.020814988555132183
124.34246182091212,0.0031770460930036757,0.8250048071282252,7.862212542843316e-05,0.0003000998504522643,0.14528556633547965,0.000415204740382331,0.00011868575606557448,0.013759175333759092,0.01186079263720385
124.54269122803115,0.002983163225909649,0.8684663118665601,5.7626094952007743e-05,0.00016491693987833055,0.08843604951179893,0.00043837865077472145,0.0005488704879179133,0.019051697035442943,0.01985298618676529
124.74292063515016,0.002884583998588925,0.8748527267239142,8.3117603829001e-05,0.00015310033156993433,0.08108208732271724,0.0003546326221213313,0.0005430381676302473,0.019404766015588423,0.020641947214040276
124.94315004226918,0.002974366568041773,0.820916568313328,6.741378139867852e-05,0.00030059316191195535,0.15132570449215071,0.0003446915646478207,0.00011982070016713465,0.012805551776223363,0.011145289642130586
125.1433794493882,0.0028355941301322326,0.8739287848094908,3.93344614341122e-05,0.00013206925581576794,0.0845034274835744,0.00041870052787165674,0.0005407271021031558,0.018344798396549445,0.019256563833028657
125.34360885650722,0.002717696610047048,0.876081334894694,6.490343744855431e-05,0.00014119027758293138,0.08172873713512765,0.00032314453040477873,0.0005279969051894533,0.018429928111719028,0.01998506809778667
125.54383826362624,0.00276622422934044,0.8277048500743603,5.132876607184284e-05,0.0002743517293271736,0.14471851378375336,0.0003213920384353154,0.0001259479117197258,0.012600263566151727,0.011437127900839882
125.74406767074527,0.002647158030313976,0.8732640846637927,2.9004304689046175e-05,0.00013630561515840553,0.08718223754604015,0.0003866645665275967,0.0005205372161891185,0.01728414226642604,0.018549865790863002
125.94429707786429,0.002525291603305213,0.8742515115994945,4.7603069587536164e-05,0.00014592232742509606,0.08549217543695564,0.00029297979578193125,0.0005213576699269256,0.017367118425804805,0.019356040071718608
126.1445264849833,0.002585288404533716,0.8427784562084828,3.5553140394299644e-05,0.00021592915605460225,0.12884100382695277,0.0003281176527913948,0.00013380257445929277,0.0129383972297467,0.012143451806584566
126.34475589210233,0.002484216775558428,0.8662771852051654,2.3398505901971203e-05,0.0001455847618282374,0.09725314640481794,0.00033696841972560946,0.00045698381365077273,0.015698626891946465,0.017323889221405202
126.54498529922135,0.002359069075389932,0.8748734391580896,3.440196599891865e-05,0.00014047501000333983,0.08641115616920562,0.0002591403146263094,0.0005250833946106556,0.016390216474376697,0.019007018437699093
126.74521470634038,0.0024161369260577575,0.8594133609369636,2.757528488771314e-05,0.00017120025425190085,0.11150364985759639,0.0003357165705406774,0.0001427342229517393,0.013148018615321342,0.012841607331428643
126.94544411345939,0.0023235988612481436,0.8559921438579159,2.1274603976132487e-05,0.00017301325383798212,0.11147587098763782,0.00029132192100225643,0.0003763362766823996,0.013822397899271354,0.01552404233842782
127.14567352057841,0.0022201356681596025,0.8789738314331279,2.660823088233191e-05,0.00012140779657420667,0.08294207156434925,0.0002268711198729468,0.0005515187932229352,0.01580307434800732,0.01913448104580369
127.34590292769744,0.0022817745858739165,0.8704922135820887,2.4020347866849523e-05,0.0001340356801554039,0.10069218094884566,0.00032213768462473636,0.00014297891654369731,0.01294413512904526,0.012966523124955769
127.54613233481646,0.0022101987865835154,0.849520533544842,1.7315028501135686e-05,0.00017814157100243009,0.12209132669130633,0.00025954987107985243,0.0002772001367442411,0.01203476562140934,0.013410968748531222
127.74636174193547,0.0021083556365220297,0.8864300215623911,2.174882066458418e-05,9.712293119488612e-05,0.07604266075964493,0.00019581138366474076,0.0005763923623142142,0.015334980147767227,0.01919290639583609
127.9465911490545,0.002145866890346937,0.872986374941745,2.126321271623649e-05,0.00012529267036011168,0.0991906712646447,0.0002904394660947481,0.00014511229954229237,0.012340802707434264,0.012754176547115834
128.1468205561735,0.0021090355600021865,0.8501298542554572,1.1490010880441025e-05,0.00016404186227585797,0.12449975882536642,0.00025257228059498123,0.00019223666265291494,0.010888167650134624,0.011752842892635182
128.34704996329253,0.0019963176193500782,0.8921846034006746,1.7918180754590546e-05,8.159984933287416e-05,0.07104390122906326,0.00016847788927548026,0.0005859859133028911,0.01484135391165178,0.01907984200659451
128.54727937041156,0.002003145895529735,0.8695901213531765,1.5648828120511153e-05,0.0001325886751422994,0.10401200798579271,0.00024695321632481646,0.0001591076817894136,0.011548810540435363,0.012291615823688342
128.74750877753058,0.0020177567098620197,0.8593639844341022,5.20357568082093e-06,0.00013071470200263743,0.11681877236351948,0.0002576672284680548,0.00013247878558034248,0.010354598639802714,0.01091882356098167
128.9477381846496,0.0018856808917840683,0.8943746225835423,1.358110509096896e-05,7.472415050940318e-05,0.0705157239306723,0.0001452536973828228,0.0005601641134936141,0.014051026133365185,0.01837922339415941
129.14796759176863,0.0018549100530385865,0.86579314266596,1.0774254273417863e-05,0.00014077439299704122,0.1086979559718828,0.00019977834294888946,0.00019373311812024077,0.01085483715312899,0.012254094047649908
129.34819699888766,0.0019059429663061407,0.8707045329525052,2.754905416859506e-06,0.00010377401658567631,0.10613554340582881,0.0002628001795864156,0.00010022039609271802,0.010140225692407388,0.010644205485270668
129.54842640600666,0.0017544954656135738,0.891678287748962,9.370078973498653e-06,8.545282801733235e-05,0.07532927224078721,0.0001326355680807062,0.000518459917543185,0.013027957104740277,0.0174640690472823
129.74865581312568,0.0017075618265214574,0.8674944273822824,7.725923129544084e-06,0.00013836084848908674,0.10698413051762287,0.00015851312998923302,0.00025397276458384165,0.010535734993056727,0.012719572614324664
129.9488852202447,0.0017995751083227942,0.8790406628660357,3.2564637037180567e-06,8.1677290222405e-05,0.09849262304104293,0.0002535888112785281,8.919712755366526e-05,0.009806261021462355,0.010433158270377994
130.14911462736373,0.0016443905753045992,0.8881906679519558,5.6861614517756974e-06,8.604242550710087e-05,0.08160676295140742,0.0001264631529074694,0.00045071933698487835,0.011849267166841766,0.016040000277639146
130.34934403448275,0.0015864316932597202,0.87565350492381,8.031764482011517e-06,0.00011881177086981805,0.0979541599204788,0.0001271227029385701,0.00032089869006386024,0.010572632405059606,0.0136584061290377
130.54957344160178,0.0016779323491485346,0.8789791512182618,3.8069936989712977e-06,8.301797261650832e-05,0.099725459730261,0.00022954201546083314,8.922082924998699e-05,0.009203396294815694,0.010008472596486639
130.7498028487208,0.0015307692774468784,0.8867066081397641,2.9351682028551623e-06,9.017999236341475e-05,0.08556001895217141,0.0001302807983931391,0.00040395430538566965,0.010855295490452756,0.014719957875819622
130.95003225583983,0.0014880909845772989,0.8876946228899563,1.017263529081319e-05,9.024140661438502e-05,0.08519673504721888,0.00010626381534905549,0.0003771171391477704,0.010719731074083892,0.014317025007761533
131.15026166295883,0.0015794391702833174,0.8728224216350181,3.6990341787710848e-06,8.193847921701872e-05,0.1075172913947133,0.00018729940695858162,9.393012464404062e-05,0.008313863843529916,0.009400116911456936
131.35049107007785,0.0014537240053732869,0.8901987836056591,1.1726658180297947e-06,7.123480325994241e-05,0.08401002311098738,0.00013354308299495942,0.000360838695879941,0.01013464060358022,0.013636039426447217
131.55072047719688,0.0013999387618137437,0.8983989226117209,1.3522926631604144e-05,7.15922373008091e-05,0.07441287423577923,9.066561896612864e-05,0.0004064481907884595,0.010635239817778065,0.014570795599221214
131.7509498843159,0.00146204686044203,0.8647695562808333,4.007887053324809e-06,9.641467205324093e-05,0.11721802825393364,0.00014164192440304082,0.00010408419686497723,0.007364674480051774,0.008839545444364527
131.95117929143493,0.0013639964022204194,0.8960183484633928,6.800159558197166e-07,6.096439229766487e-05,0.07924610979671992,0.00013553668725362837,0.0003507687524293639,0.009703050608287753,0.013120544881442518
132.15140869855395,0.0013147536641333877,0.9044557063993295,1.4604965845590185e-05,5.734608367417607e-05,0.0691052783544084,7.782886294542058e-05,0.00040805905564919375,0.010271621066076327,0.014294801547938042
132.35163810567298,0.001361865135869756,0.8620079250154625,4.963184974689749e-06,9.225801323823394e-05,0.12100349401199231,0.0001039473320656155,0.0001144853416240855,0.006676739726232455,0.008634322238540463
132.55186751279197,0.0012858952962996476,0.9013591930646575,1.543654718399031e-06,4.715536145296833e-05,0.07494724959320129,0.0001257341331616426,0.0003333918145596702,0.009240123496384626,0.012659713585564381
132.752096919911,0.001220601980990542,0.9057883015666143,1.304897359139267e-05,5.685970495529685e-05,0.06899350702465075,6.528922088055716e-05,0.0003931567135985484,0.009649435788915063,0.01381979902580336
132.95232632703002,0.001240332950247343,0.8670017769106726,7.105715905722117e-06,9.245703378369764e-05,0.11607674446611413,8.574460798057547e-05,0.00013008686648722427,0.006483770328809385,0.00888198111999914
133.15255573414905,0.0011896556308482653,0.9014051912131287,2.7518716183233684e-06,4.8778882444952274e-05,0.07605727315786344,0.00010928817211195299,0.0003225017666025258,0.008645914088597845,0.012218645216783819
133.35278514126807,0.0011256767074689868,0.9048169633702365,9.125700813812754e-06,5.547405396235751e-05,0.07129714634647213,5.434301458472393e-05,0.00037611492237736794,0.008961255713134853,0.013303900170949125
133.5530145483871,0.0011416861045888604,0.8792046417812713,1.0718881518922717e-05,7.353206913704888e-05,0.10354479830638534,8.043204922256352e-05,0.00013699500711576056,0.006583899202906479,0.00922329659785381
133.75324395550612,0.0011082403444825073,0.8966716997940566,3.96534176105292e-06,4.96665133094186e-05,0.08259302532844653,8.75967765909897e-05,0.0002883284628883451,0.007755883397459938,0.011441594041004591
133.95347336262512,0.0010373435631756754,0.9056519570020376,5.860093098941241e-06,5.346224196371702e-05,0.07162793039891859,4.4049425322940094e-05,0.00036685508581058723,0.00832257530339414,0.012889966886277594
134.15370276974414,0.00104367812135201,0.8927323591995191,1.544849210193408e-05,6.14561908782552e-05,0.0897571035562713,8.055092827609207e-05,0.00013971517948634395,0.006665534717914244,0.009504153614200952
134.35393217686317,0.0010222709498371534,0.8888152797017678,4.810399492510063e-06,5.807821892873071e-05,0.092603123256889,7.13630015827809e-05,0.00024747503660358365,0.006735833681837095,0.010441765753061275
134.5541615839822,0.0009578527054195545,0.9091256536515784,3.395629648167396e-06,4.600699724523024e-05,0.0688805798540071,3.5426672765132926e-05,0.00037386222485811545,0.007864126878383327,0.012713095386094917
134.75439099110122,0.0009652939964337691,0.9026763750198522,1.9210706097693384e-05,4.621239906508792e-05,0.08013201315906052,7.695975244522572e-05,0.00013386646393989617,0.006500120867508724,0.009449947635597122
134.95462039822024,0.0009578627063129426,0.8841574069349518,6.89072828317132e-06,5.337321276997079e-05,0.09960014834460261,6.27309935201177e-05,0.0001912230249298611,0.005767949406213266,0.009202414648416405
135.15484980533927,0.0008898654176877918,0.9151205683321407,2.5557620268561765e-06,3.592846430258171e-05,0.06358049381582706,2.7372606341471052e-05,0.00037703877877656435,0.007479853467678042,0.012486323355218779
135.3550792124583,0.0008829669671285942,0.9061030711701095,2.112489395328221e-05,4.39079947648423e-05,0.07735638866904274,6.867428223644639e-05,0.0001323465847784799,0.006119684998703664,0.009271834439282355
135.5553086195773,0.0008842954506745112,0.8848783417489833,1.0686564344554531e-05,4.951833160435137e-05,0.10058661817404169,6.50067418024564e-05,0.00014066890666944134,0.005154495259173548,0.008230368822706266
135.7555380266963,0.000816964903974623,0.9194698233503322,2.648646461810271e-06,3.1141488095115485e-05,0.05991083814054585,2.1828517036129214e-05,0.0003796688572385261,0.007107794519671264,0.01225929157664451
135.95576743381534,0.0008029960058395816,0.904862951465014,2.0611915651928387e-05,4.180911154294063e-05,0.07949843474736748,5.5650570519115116e-05,0.00013789759621753308,0.005645662530659418,0.008933986057188098
136.15599684093436,0.0008211433644936309,0.8925896825678499,1.7567812346266528e-05,3.515229929340155e-05,0.09380281253274372,7.12812857840964e-05,9.872103727530775e-05,0.004889626073360494,0.007674013026853038
136.3562262480534,0.0007501034923743258,0.9212701611039418,3.887897680181594e-06,2.703939775867802e-05,0.059276856924775405,1.7521453688709838e-05,0.0003562690248725629,0.006610103752552677,0.01168805695235561
136.5564556551724,0.0007187867551948229,0.903068843312802,1.8899338358498334e-05,4.5556725297831305e-05,0.08188067119334706,4.071332752579331e-05,0.00015730412829395837,0.005226335437197499,0.008842889781982522
136.75668506229144,0.0007430778886880579,0.9020899607950538,2.6041701371543936e-05,3.0377682416084393e-05,0.0847228852462173,7.698306083004711e-05,7.497210640947977e-05,0.004811625820932223,0.00742407569808157
136.95691446941044,0.0006751966014471593,0.918958107150348,5.801000912032189e-06,2.9887472346391784e-05,0.06287468120740522,1.648613048341864e-05,0.0003287197034105987,0.006047029321505534,0.011064091412141522
137.15714387652946,0.0006410499171729188,0.9045433448984159,1.5851605877159174e-05,4.215122972632711e-05,0.08054056481386851,2.734443166865138e-05,0.0001903327044679062,0.005001246792987764,0.00899811360581495
137.35737328364849,0.0006781638211991282,0.9098810840436546,3.2915461993658044e-05,2.178677098313834e-05,0.07732761510409976,7.511754410050046e-05,6.414427888888279e-05,0.004654168673107473,0.007265004301972808
137.5576026907675,0.0006152280592419492,0.916513709751622,8.359819716248744e-06,2.668248288214137e-05,0.06696686593899906,1.70810450298438e-05,0.0002829863124027866,0.005405693405797299,0.010163393184308499
137.75783209788653,0.0005745318385391766,0.9107284431548853,1.3128588356110712e-05,3.7161272911941464e-05,0.07412877187024713,1.729840411943935e-05,0.00022347616788222826,0.004936201453960589,0.009340987249098162
137.95806150500556,0.0006084710509049499,0.9114367312900237,3.3486575096967075e-05,2.2761528155430853e-05,0.07634800369607864,6.727278652038122e-05,6.290703079507551e-05,0.004342322760996877,0.0070780432814281724
138.15829091212458,0.0005533697493243876,0.9153083813029292,1.0334338094821524e-05,2.6824658440020415e-05,0.06958498855593077,2.0757689708962555e-05,0.0002489024454139707,0.004871415496044694,0.009375025764113048
138.3585203192436,0.000517612778075789,0.9193111726797232,1.0778777025827674e-05,2.849561915942323e-05,0.06535899085041312,1.1402750334184505e-05,0.0002530618477057296,0.004917773715967534,0.009590710981595502
138.5587497263626,0.0005496871385464966,0.9083130936164733,2.8573308707111363e-05,2.0486892982640595e-05,0.08020811705356581,5.3340262974422275e-05,6.890715035942325e-05,0.0038577804989731695,0.006900014077417745
138.75897913348163,0.0005077237390854795,0.9184338378237247,1.23469208658609e-05,1.853314287456715e-05,0.06762519452089939,2.4131299248465305e-05,0.00021722305948063185,0.004451205533962248,0.008709803959858976
138.95920854060066,0.0004693763544549155,0.9273876351093107,1.0507440192690976e-05,2.2006734461995853e-05,0.05749474289843605,7.4685401954257865e-06,0.00025934343108667855,0.004780260037241319,0.009568659454620232
139.15943794771968,0.0004859122589570103,0.9035070032622712,2.293017586775072e-05,2.497132102732358e-05,0.08579326969095429,3.776593474573364e-05,7.71927383842357e-05,0.0033353647216843446,0.0067155898961081635
139.3596673548387,0.0004540510325444975,0.9232735329357749,1.4199731335855086e-05,1.698484765374046e-05,0.06347587503605238,2.6823762654965958e-05,0.00020075225587978896,0.004175510890488556,0.008362269507615516
139.55989676195773,0.0004182899207450944,0.9318310181654111,1.1222712384196711e-05,1.923021392773362e-05,0.053518125455031415,5.4353007820330495e-06,0.0002593593868411335,0.004518010675916559,0.009419308168960604
139.76012616907676,0.0004255146651150993,0.9019455843842361,2.033498033109105e-05,2.4369144994497975e-05,0.0878592508262171,2.4812563786046323e-05,9.004959050327967e-05,0.002929043310438604,0.0066810405343779465
139.96035557619575,0.00041068288811882956,0.9280451739268428,1.692217152693738e-05,1.1287090176827306e-05,0.05928990347166991,2.527976649074601e-05,0.0001873951389365711,0.0038996712663903676,0.00811368427984682
140.16058498331478,0.0003742645006426735,0.9333533441349349,1.2455724493364632e-05,1.6332347110069585e-05,0.05282234943045022,3.6023834548215346e-06,0.00023937696301743537,0.004147235512811825,0.009031039003084797
140.3608143904338,0.00036713912729518345,0.9060017548896201,2.1663946577409838e-05,2.6004742658491074e-05,0.08388563349416832,1.699664549291658e-05,9.755078490579804e-05,0.0027560892113843846,0.006827167157897526
140.56104379755283,0.00036165836021677037,0.9290501700224376,1.8924307860767577e-05,1.3232533392792115e-05,0.05894298498811248,2.140896884847343e-05,0.00017457304192899697,0.0035915750872447423,0.007825472689957369
140.76127320467185,0.0003260318656777293,0.932945089196823,1.2417603161129003e-05,1.779208689653016e-05,0.05395172561290312,2.785077568697625e-06,0.0002296947877578593,0.0037793531305497048,0.00873511063866231
140.96150261179088,0.00031703958326536653,0.9146604296025065,2.4504086307751678e-05,2.146770666220535e-05,0.07509542997643094,1.4119697018735024e-05,0.00010386503124364463,0.002751059101652575,0.00701208521491241
141.1617320189099,0.00032479110021752005,0.9262408331569404,1.9823550920574876e-05,1.02625247093083e-05,0.06256625107222025,1.5983856547882456e-05,0.00016075633514930793,0.0031947424907607883,0.007466555912534205
141.36196142602893,0.00029164821031508163,0.93400942361723,1.1484239443379026e-05,1.3082993682037825e-05,0.05360955214596909,1.956924999656215e-06,0.00021396073459182098,0.0034536145223778812,0.008395276611391118
141.56219083314792,0.0002773462793983587,0.9250164423002234,2.7595195904459283e-05,1.913602950716135e-05,0.06471581812839287,1.310025618038642e-05,9.903894450509597e-05,0.0027579872196984777,0.00707353564619008
141.76242024026695,0.0002856589792450565,0.9214594718763053,1.9401434117771444e-05,1.3187008185459381e-05,0.06832607954249068,1.1968346584313969e-05,0.00013740789393785978,0.002755052674025543,0.006991772245108071
141.96264964738597,0.00025360176020490624,0.9367094767521454,9.553030040408828e-06,1.3974099321716721e-05,0.05132410635295427,1.688749108244272e-06,0.0002140089867023846,0.003224037096561392,0.00824955317296111
142.162879054505,0.00024143487052885663,0.9324799239574604,2.9054682649525968e-05,1.5169410183670351e-05,0.057459445668655434,1.2854559928535935e-05,9.695084492094053e-05,0.002681326379135719,0.0069838396265365634
142.36310846162402,0.00025489641113972183,0.9181036306985473,1.9981306766778213e-05,9.742188219155335e-06,0.07262100515144164,1.0517638324051292e-05,0.00011411355138300765,0.002351777500111956,0.006514335554066432
142.56333786874305,0.00022798352520420574,0.94107594405908,8.276112160339335e-06,8.408809968182768e-06,0.04741426261342399,1.1792454404894285e-06,0.00020646833315197206,0.003020683405040683,0.008036793896530099
142.76356727586207,0.0002121834959640073,0.9362236363790037,2.9850568671515162e-05,1.4029135018272439e-05,0.05411378384426359,1.0814434630997088e-05,8.846048961195912e-05,0.002487865991900722,0.006819375660935171
142.96379668298107,0.0002202298740430585,0.91942921258432,2.3910535096134418e-05,1.1957338951220594e-05,0.07209536277320412,1.157449346019362e-05,8.381835328827239e-05,0.002082612505916877,0.006041321541720169
143.1640260901001,0.00019587085261002778,0.9444049804266369,8.289306307652021e-06,1.0551578357376955e-05,0.0445282530520884,1.053521588332736e-06,0.0002008051295241893,0.0028111839803960223,0.007839012152491184
143.36425549721912,0.00017989835722955058,0.9360501373171034,2.8976174577456622e-05,1.3851107497059495e-05,0.054715772805372875,8.423601810893985e-06,9.186166037867811e-05,0.002249939451443036,0.006661139524586951
143.56448490433814,0.00019049803269192582,0.9247543666549918,3.0899529036498735e-05,8.634209291547117e-06,0.0672484773547945,1.4538368952968675e-05,6.26325301308018e-05,0.00196441909279975,0.005725534227310369
143.76471431145717,0.00017407817327217654,0.9455332474337175,9.903945195823609e-06,6.512873304885671e-06,0.043990517463132414,6.36293906627648e-07,0.00018484131487554777,0.0025470836304825805,0.007553178872112587
143.9649437185762,0.00015583055687573943,0.9358900203034223,2.6516641857198344e-05,1.2391634436783066e-05,0.05530215314456105,4.821112303433514e-06,9.373911104172575e-05,0.0020142172671150337,0.006500310228386797
144.16517312569522,0.00016182811717354673,0.9326280987190391,3.871840194891733e-05,1.1233082838029207e-05,0.05966019299546102,1.676944832844425e-05,4.3891374642393406e-05,0.0019150970026127593,0.005524170857955741
144.36540253281424,0.00014867051098917905,0.9444679293521843,1.238569459766886e-05,9.452140218284878e-06,0.04578731229218745,5.560087883443715e-07,0.0001629026081771782,0.0022563455354437222,0.00715444585741384
144.56563193993324,0.0001308100849941722,0.9371422590879681,2.1854959300329665e-05,1.2873864551240572e-05,0.054235156580086305,2.258440084292878e-06,0.00010886609655308123,0.00187181053198096,0.0064741103544817
144.76586134705227,0.00013902987246831416,0.9384626429186169,4.223113373880665e-05,8.25199925274101e-06,0.05404269880349315,1.7795701664707065e-05,3.769239379138126e-05,0.0018491712289939284,0.005400485947979752
144.9660907541713,0.00013304597327760005,0.9425906206439594,1.4650952154482272e-05,5.697524715421095e-06,0.04842644946624476,7.617275285299371e-07,0.00014037222442527723,0.0019638079503452592,0.00672459353734924
145.16632016129032,0.00011647962207609316,0.9415426740597821,1.67796928746404e-05,9.064557348178985e-06,0.04989964552439923,5.78041695469832e-07,0.00011804803108481818,0.0018014377382301276,0.006495292732509474
145.36654956840934,0.00012020471118617218,0.9412515607344054,4.0659829697814066e-05,9.886299827741331e-06,0.05153579748401149,1.5797752493966344e-05,3.338759395044915e-05,0.0017108895814152343,0.0052818160130118485
145.56677897552836,0.00011535849796222433,0.9425489737632863,1.6930340596781006e-05,7.674707296369332e-06,0.04922066967218879,1.7223689843755968e-06,0.00011450777698807199,0.0017194695351957574,0.006254693337501498
145.7670083826474,0.00010067582895668702,0.9472359291704993,1.3313765072974391e-05,9.419141306340202e-06,0.044221305947157424,1.1262773663654825e-07,0.00012861300228978162,0.0017680281754164282,0.00652260234156464
145.9672377897664,0.00010209373710338817,0.9399746569820914,3.549044421971397e-05,8.797748174213818e-06,0.053143030698771826,1.2478955317895428e-05,3.7254885952299505e-05,0.0015121428947188842,0.005174053653650333
146.1674671968854,0.00010303465861735743,0.9444961337362977,1.949530251533334e-05,4.811327719606428e-06,0.04776108591084978,3.2212124781417716e-06,9.845059848389366e-05,0.001544574530767525,0.005969192722270675
146.36769660400444,9.125360547610197e-05,0.9524991112520904,1.2315494234622724e-05,6.101634865939529e-06,0.03912889129230335,2.441165690303346e-07,0.00012774558706725138,0.001696228276308937,0.006438108741084468
146.56792601112346,8.727160928839396e-05,0.937970479398415,3.0953522439062294e-05,9.578992914151022e-06,0.05546351995510505,7.854547574350884e-06,4.079797681567104e-05,0.0012821112934499825,0.005107432703998531
146.7681554182425,8.934174171198753e-05,0.9487186979440169,2.3238651609623033e-05,6.49688243886384e-06,0.04392110721045366,4.164831607262239e-06,8.239830842010812e-05,0.0014186887391207756,0.005735865690620543
146.9683848253615,7.914347224454327e-05,0.9558341726402195,1.30014310173565e-05,7.5341547994686835e-06,0.036121555327986235,4.0786941380720615e-07,0.00012161442709052942,0.0015770722356299623,0.006245498441598497
147.16861423248054,7.203323103375921e-05,0.9373294566020232,2.7609837636508914e-05,1.0141844497272576e-05,0.05629653455789789,4.307295622866892e-06,4.790396277202721e-05,0.001097715372183984,0.005114297296332314
147.36884363959956,7.902758502175202e-05,0.9521414870392428,2.593474468328245e-05,4.910562800332422e-06,0.04076614860302051,4.471993964655728e-06,7.598180145598088e-05,0.0013081958935831927,0.005593841776227688
147.56907304671856,7.195015148743646e-05,0.956785101035406,1.3236466076542239e-05,5.074634458279006e-06,0.035534788336795214,4.990860361110554e-07,0.00011293766160965685,0.001424760224234333,0.006051652403896389
147.76930245383758,6.334026503137521e-05,0.9402555847831076,2.485560029286125e-05,8.551364036857084e-06,0.05345288273260625,2.1598442995661504e-06,5.21354103368471e-05,0.000992885121471927,0.005147604878816797
147.9695318609566,7.081923207829873e-05,0.9538655177965436,2.6150497150879897e-05,5.57873656222807e-06,0.03934945811149696,3.748580201239095e-06,6.803446094224587e-05,0.0011781415278779778,0.0054325510571466345
148.16976126807563,6.434376847406581e-05,0.9572883996324003,1.2708738934851505e-05,6.28170261568269e-06,0.03546173823481717,3.604645205056698e-07,0.00010092715085515601,0.0012670299447118114,0.00579821036267044
148.36999067519466,5.594623064420169e-05,0.9461896433192156,2.2634679212373513e-05,9.004211692737611e-06,0.0475472479082215,1.4375033427537099e-06,5.418941642466151e-05,0.0009573264296137121,0.005162570301632331
148.57022008231368,6.364108175538313e-05,0.9526470000133964,2.329880472657865e-05,5.357437811221714e-06,0.04089433239209643,3.0539068981900542e-06,6.292993471803527e-05,0.001027574252484697,0.005272812176113178
148.7704494894327,6.027895976122007e-05,0.9579339528629985,1.1428110743819149e-05,4.436108283483938e-06,0.03512192202981186,1.6682096557123284e-07,9.493220606638241e-05,0.0011354521722776653,0.0056374307290917094
148.9706788965517,5.361628316461371e-05,0.9527899581922156,2.188687755379113e-05,6.11579634629072e-06,0.04102512967450495,1.3936228373427356e-06,5.3079294575405665e-05,0.000931909938979149,0.005116910319822985
149.17090830367073,5.870743000857879e-05,0.9502565021660188,2.0871180876580753e-05,4.928061212600202e-06,0.04364197989538098,2.378646884183207e-06,5.5696886716949266e-05,0.0008631209719640476,0.00509581476093716
149.37113771078975,5.6288103195482847e-05,0.9603348854964252,1.093961802182843e-05,4.6647866876522885e-06,0.03302974670206403,6.475845352634898e-08,8.668290743812031e-05,0.001032876572053656,0.005443851055660415
149.57136711790878,5.005875325154729e-05,0.9583390873244245,2.3421280644138447e-05,6.997295876529799e-06,0.035626997985012024,1.3168788911498569e-06,4.8486192149543485e-05,0.000884404826170796,0.0050192294635795385
149.7715965250278,5.2239173719205876e-05,0.948807726209788,2.131175413523601e-05,6.255613439397497e-06,0.045468252213898885,2.126789643032551e-06,4.577407020316848e-05,0.0007178257408560658,0.004878488434316802
149.97182593214683,5.326515456533762e-05,0.9630370346919178,1.1169188880924082e-05,4.093242170801318e-06,0.030536363932310316,3.357305623211914e-08,8.230724037104557e-05,0.0009500000837463172,0.0053257328929812355
150.17205533926585,4.884305075441948e-05,0.960868989994377,2.452606287080178e-05,4.903175541716668e-06,0.03328142570435861,1.2640574730695957e-06,4.58396673497134e-05,0.0008070554046393276,0.004917152882635596
150.37228474638488,4.901021826755467e-05,0.9496934539632043,2.4242958563252143e-05,5.026591519250342e-06,0.04488451830890086,2.482052590908631e-06,3.6321820130676045e-05,0.0006190050914432665,0.004685938995379765
150.57251415350387,5.1587832152336634e-05,0.9654764921618376,1.178271016883337e-05,3.4625322942448996e-06,0.028353132424010188,5.884201292983276e-08,7.555792687785825e-05,0.0008647747358221917,0.005163150834823699
150.7727435606229,4.690734904128186e-05,0.9618868780724729,2.3263720853583175e-05,5.490026924988842e-06,0.03249831447488629,9.518942656933229e-07,4.192973961925218e-05,0.000714948564679844,0.00478131615725598
150.97297296774192,4.509312683109895e-05,0.9537180114517876,2.717454886185252e-05,6.95370080893847e-06,0.04108466582185827,3.1488146830258254e-06,2.5801104387884424e-05,0.0005726265820349546,0.00451652484874638
151.17320237486095,4.9705771827224765e-05,0.9663989490263611,1.1620569336433996e-05,4.128334158397221e-06,0.027700449031471973,5.097683780348595e-08,6.698125095919487e-05,0.0007692377110627078,0.004998877327985108
151.37343178197997,4.691300376721424e-05,0.9619341438447109,1.8974677269889695e-05,4.5064784860399334e-06,0.032628925365890654,6.16093869536536e-07,4.2584695267945455e-05,0.0006305502915725251,0.004692785549165182
151.573661189099,4.530668457699846e-05,0.9585229597334906,2.8050882971956216e-05,4.7219036070285074e-06,0.03643160742657596,4.001990467666304e-06,1.9739971244158133e-05,0.0005526487634107932,0.004390962643654896
151.77389059621802,5.036812727046297e-05,0.9658336027610136,1.109599791679829e-05,2.5637020574578195e-06,0.028553310829310077,5.2402760766593695e-08,5.8772169828518306e-05,0.0006692693785713776,0.004820964631271028
151.97412000333702,4.7782103751483544e-05,0.9633340037858737,1.4515406567482177e-05,3.659933943289838e-06,0.031381465491389315,3.277954058028227e-07,4.319574650797861e-05,0.0005716863894402131,0.00460336334712081
152.17434941045605,4.471334197315582e-05,0.9631898955506984,2.8143124872875425e-05,5.888184484875462e-06,0.03190569797505823,4.227121955986665e-06,1.4718112932989886e-05,0.0005267130611087131,0.004280003526914583
152.37457881757507,4.9099378902757015e-05,0.9652592768722814,1.1677957375597682e-05,4.056104058515647e-06,0.029445553849231337,1.1504058061333615e-07,4.655102490544521e-05,0.0005693935389027526,0.004614276233761339
152.5748082246941,4.854200220091315e-05,0.9659331443692577,1.1727046713117652e-05,3.825810870336559e-06,0.02886092768320779,1.905342157187212e-07,4.431756855387254e-05,0.0005362068046509412,0.004561118180329712
152.77503763181312,4.5767404044358935e-05,0.9652112658959764,2.802351035563186e-05,4.380798373384001e-06,0.030013806257238,3.934115395902119e-06,1.3215875571769298e-05,0.0004803227706631206,0.0041992833723815855
152.97526703893215,5.0061786260584324e-05,0.9651389219420563,1.4171844752713063e-05,2.378526296308576e-06,0.029829835475265694,3.7830628426782067e-07,3.792893122589829e-05,0.0004889531436419585,0.0044373700442161745
153.17549644605117,5.02947115508748e-05,0.9693825169801331,1.0618879780622003e-05,2.160592104802379e-06,0.025499263602634298,3.5514079259259193e-07,4.501030739610511e-05,0.0005089820318270593,0.004500797753780494
153.3757258531702,4.595672388076536e-05,0.9656099123542901,2.704329502404915e-05,4.344862429055698e-06,0.029747448827386475,2.9732554372574845e-06,1.2903915459740625e-05,0.00041318647735688857,0.004136230288735767
153.5759552602892,4.869247718482251e-05,0.9670661703812576,1.7515132076386294e-05,3.981022215262996e-06,0.028136010643320136,7.046079209418383e-07,2.855960531808169e-05,0.00042815985280598686,0.004270206277900681
153.77618466740822,5.005324988655144e-05,0.9726155808976591,9.67231155219456e-06,3.3061147892949404e-06,0.022384993061800397,5.593126319121003e-07,4.1396410070038515e-05,0.0004713077170393963,0.00442313092457125
153.97641407452724,4.637952091296367e-05,0.9649100129649684,2.3271238276862645e-05,4.612307083075626e-06,0.030571468511321,1.8919852526943935e-06,1.3471333297702204e-05,0.0003406442071245846,0.004088247931762792
154.17664348164627,4.973093014437301e-05,0.9695038690663496,1.8984404816697867e-05,2.649868309849284e-06,0.02585207781960218,1.0909265387058244e-06,2.31742098073173e-05,0.00038706160919819337,0.004161361165233459
154.3768728887653,5.2113908955074525e-05,0.9744139060070318,8.12149980275217e-06,1.4554980871925257e-06,0.020716100310816835,6.384307243806411e-07,3.939174933580635e-05,0.0004241734300105391,0.004344099165235339
154.57710229588432,4.859923732887352e-05,0.9651053752204227,1.7734193541085332e-05,2.8736429438772978e-06,0.030480473406415368,1.0356688361282411e-06,1.549730635786015e-05,0.0002825602598568439,0.004045851064297346
154.77733170300334,5.008795130250018e-05,0.9722759973796403,1.8005596199779566e-05,3.0566342638850063e-06,0.023202123268088667,1.2847664085271902e-06,1.962718554772046e-05,0.0003495029643034222,0.004080314254245158
154.97756111012234,5.2025557323341405e-05,0.9754860757773645,6.879469897977886e-06,2.687740922836456e-06,0.01981845710022671,6.049067370553438e-07,3.3247846137874924e-05,0.00036806463997980334,0.0042319569614099346
155.17779051724136,4.9742643954092916e-05,0.9670744706594305,1.3528428160078315e-05,4.012143134998552e-06,0.02857628395822042,4.6808197997600507e-07,1.5739822189094205e-05,0.0002484259844731219,0.00401732827845764
155.3780199243604,5.092763759793215e-05,0.9735503113952019,1.604938753369432e-05,3.001757695016312e-06,0.022043101441460863,1.2110239292885695e-06,1.63384906839645e-05,0.00030904292520769137,0.00401001594068951
155.5782493314794,5.404914071877581e-05,0.975682304302993,6.733344115286585e-06,1.4565577549990855e-06,0.01976247444333982,4.002532555526344e-07,2.9353211021784385e-05,0.00031626471188650316,0.004146964034914385
155.77847873859844,5.321665474130559e-05,0.9702978461862712,1.234820457326277e-05,1.557821727620309e-06,0.025384169648466806,3.2189163419168396e-07,1.6881053253280773e-05,0.0002342649549586364,0.003999393584374038
155.97870814571746,5.2088500961326614e-05,0.9735118123296335,1.5177716606064841e-05,1.9183619451702024e-06,0.022190597961927745,1.026142549206216e-06,1.523733965285733e-05,0.000263527911309726,0.003948613735414284
156.1789375528365,5.4133826806224104e-05,0.9766221140152819,7.602211504088023e-06,1.8455828162824093e-06,0.01895865976228681,3.203612033076264e-07,2.5070822937707856e-05,0.00027099517476716266,0.004059258242396403
156.3791669599555,5.3354599289348945e-05,0.9743089266376646,1.2918472443341087e-05,2.756443561704253e-06,0.02142609987082347,3.471074560763792e-07,1.5018751969714897e-05,0.00022266146960437289,0.003957916647187397
156.5793963670745,5.128225679702885e-05,0.9727523215245492,1.4871789017333274e-05,3.416331983559467e-06,0.02306885700963923,7.2652927474346e-07,1.2267163165541872e-05,0.0002141177068050702,0.003882139688768278
156.77962577419353,5.479176346241627e-05,0.9778968448432,8.071619281363856e-06,1.7664026620039451e-06,0.01778076481262757,2.2070233542520057e-07,2.1089607931672587e-05,0.00023663475548878454,0.003999815493010619
156.97985518131256,5.563822101695013e-05,0.9772188532235714,1.2381640101748708e-05,1.178788369329727e-06,0.01858133883541542,4.380712951989165e-07,1.4193076604629149e-05,0.0002072331290668539,0.00390874501455849
157.18008458843158,5.3059935031032264e-05,0.9721630405356363,1.3581982698122179e-05,1.4642385365633408e-06,0.0237490752886954,6.725579312273124e-07,1.0820048099484307e-05,0.0001716951700595522,0.003836590243312203
157.3803139955506,5.5665823020582936e-05,0.9796837277008326,7.344129399673263e-06,9.862844392159025e-07,0.01608154117506216,2.1723342955454844e-07,1.9671472530820084e-05,0.0002089884821096198,0.003941857699175917
157.58054340266963,5.556492996548396e-05,0.9792194555537284,1.0547928691197595e-05,1.6199443932428635e-06,0.01667624821909422,5.148280975379565e-07,1.2465304422204111e-05,0.00018414706944663636,0.0038394362221610603
157.78077280978866,5.2343310882950944e-05,0.9731755720027401,1.191428752345251e-05,3.232877616275007e-06,0.022818787698429665,6.867456105907135e-07,8.148106858009251e-06,0.00013993974521452556,0.003789375225124483
157.98100221690765,5.536468781440093e-05,0.9811425224653602,5.972880678136748e-06,2.027221178023147e-06,0.01472436023713337,2.027930924281322e-07,1.613407027952477e-05,0.00018312697700052636,0.0038702886674633467
158.18123162402668,5.668233752094096e-05,0.9798629047435822,8.858361009044411e-06,1.5211672900358431e-06,0.01610567690411468,4.142007389475812e-07,1.077104600628798e-05,0.00016045115344515623,0.003792720086292573
158.3814610311457,5.49129155083229e-05,0.9751955421931008,1.164434840307271e-05,1.396248619212994e-06,0.02086763908155192,7.570069162196657e-07,6.056081307503071e-06,0.00012385241832837444,0.0037381997062647795
158.58169043826473,5.706527265355423e-05,0.9817233059967383,5.432674758848327e-06,4.75627807836634e-07,0.014224564400919935,2.001349228831259e-07,1.4731363172791672e-05,0.0001588929246121998,0.0038153316044137885
158.78191984538375,5.761109584998832e-05,0.9803890419194836,8.222499467539944e-06,7.290214600703365e-07,0.015647848073834052,3.8270800143013875e-07,1.0694455023352369e-05,0.00013854511357400698,0.003746925113305828
158.98214925250278,5.501933228232119e-05,0.9782598295796712,1.3462311621054606e-05,1.951749605096169e-06,0.017877339767750636,8.069243310208875e-07,4.609507038678979e-06,0.00011305023046086628,0.0036739305972392938
159.1823786596218,5.586407957287858e-05,0.9818351088004837,6.277647185380697e-06,1.9156098608930596e-06,0.014201780179466376,2.52061630362681e-07,1.1753316188361412e-05,0.00013342165430841392,0.003753626651303683
159.38260806674083,5.714898937207872e-05,0.9812545888998181,7.662741560853543e-06,1.7319488453739366e-06,0.01484367224384104,3.48367833921965e-07,9.193593509617764e-06,0.00012245822997353735,0.003703194985245815
159.58283747385983,5.625819106330539e-05,0.9807027181154072,1.4811340779067294e-05,1.6054304020968682e-06,0.015499002642256997,7.715551485186302e-07,3.0835841727322936e-06,0.00010351181621625709,0.003618237324553851
159.78306688097885,5.6951390305279284e-05,0.9815277471922592,7.266319134418143e-06,6.909456214918861e-07,0.014585162020201235,2.7616512627428374e-07,9.032753622725166e-06,0.00011173160949520541,0.003701141604233983
159.98329628809788,5.848115928223933e-05,0.9826680838572024,6.126223801158289e-06,2.5256739858496633e-07,0.013487596529330168,3.825228910267572e-07,9.668428200426693e-06,0.00011093816078896535,0.0036584705511049477
160.1835256952169,5.688085250605907e-05,0.982314486510197,1.3671902468835207e-05,7.183563692789381e-07,0.013938478637582501,7.764684877903161e-07,3.0795517294004635e-06,8.914585389101656e-05,0.0035827618667681033
160.38375510233593,5.581893749465399e-05,0.9819739676256107,7.408821300756083e-06,1.4836045401310335e-06,0.014230406371465967,4.050104128776809e-07,7.3115579464041085e-06,9.27889051210749e-05,0.0036304091661076383
160.58398450945495,5.693685128299436e-05,0.9845420177558324,4.175602484760088e-06,1.5471949272856459e-06,0.011674895340484822,4.695595978684885e-07,8.71626802976293e-06,0.00010024397283896356,0.0036109974545213237
160.78421391657398,5.624809808055912e-05,0.9828651312247743,1.0841804040059298e-05,1.909984746292362e-06,0.013432991154391718,6.110728038714197e-07,2.4739143994726363e-06,7.291145056099869e-05,0.0035568812962028626
160.98444332369297,5.6030861353441146e-05,0.9829264417820771,7.063076689966994e-06,1.3117719974913207e-06,0.013359921204743186,4.635983935626867e-07,4.8395741547233385e-06,8.031609193348617e-05,0.0035636120386572235
161.184672730812,5.8119408922027374e-05,0.9859904402716532,3.026384194202453e-06,2.828126781373057e-07,0.010268690916219172,4.211968389313185e-07,7.955022418212847e-06,8.904154485196903e-05,0.0035820224422240094
161.38490213793102,5.790233634559767e-05,0.982922546082702,8.72247135616472e-06,2.449253570438015e-07,0.01342414995282493,4.442337429401584e-07,2.8246412172813974e-06,5.709195878975668e-05,0.003526073397664454
161.58513154505005,5.642899474712587e-05,0.9845074162147239,7.602840425059734e-06,6.206547375654768e-07,0.011836272860359626,5.838521880428517e-07,4.245611457701453e-06,7.14427776082122e-05,0.0035153861937528043
161.78536095216907,5.7057908949364234e-05,0.9871232260056292,3.12804796034403e-06,9.487241232167086e-07,0.00918385417723674,4.376328663056145e-07,7.408606969043077e-06,7.61139999196611e-05,0.0035478248963460002
161.9855903592881,5.661184255751569e-05,0.98341210622886,7.844286737746163e-06,1.7093985903132583e-06,0.012981180079400464,2.5302743852450515e-07,2.9076636243113014e-06,4.54706408928311e-05,0.003491916831898595
162.18581976640712,5.5637837309879054e-05,0.9859782168162912,8.673128152765472e-06,1.6516359072189573e-06,0.010403769422442557,5.558704946275389e-07,3.1856859681554083e-06,6.414944464107023e-05,0.0034841601587923673
162.38604917352612,5.7154262691330204e-05,0.9875810251221138,3.540106658979105e-06,7.419070313770851e-07,0.00877013046297945,3.716646839334109e-07,5.523796851918836e-06,6.351510782541154e-05,0.0035179975691638932
162.58627858064514,5.817171626479488e-05,0.984343654047366,6.763809263427302e-06,3.0824391298023747e-07,0.012076824829574367,1.7902323478566123e-07,2.845224696989215e-06,3.905222128000988e-05,0.003472200884406762
162.78650798776417,5.6772236631822004e-05,0.9868618501859971,8.653242597406775e-06,1.2158101914579875e-07,0.009550618962820868,5.456646471720489e-07,2.7160316006287722e-06,5.5620835633533695e-05,0.003463101259052284
162.9867373948832,5.7028659872942675e-05,0.9879869917240639,3.4070939491410885e-06,3.544750565663205e-07,0.00841057318705244,3.1914762266092324e-07,5.129432525371709e-06,5.1245109463700394e-05,0.0034849511703929034
163.18696680200222,5.687851813301346e-05,0.986071321293169,4.998464592316655e-06,1.0350611435712884e-06,0.010361287108531547,2.3672904004794396e-07,3.1734616170190512e-06,3.572171830986138e-05,0.0034653476454638405
163.38719620912124,5.515280077680453e-05,0.9872465912930608,6.909861563720517e-06,1.489938807231297e-06,0.009203259808926046,4.753310668905577e-07,2.5998339364514787e-06,4.5201971487098994e-05,0.0034383191603750375
163.58742561624027,5.576935559796518e-05,0.9884944600460067,2.744837791483758e-06,1.1828213228572003e-06,0.007936831991767628,2.7601243693747647e-07,3.8034408405101457e-06,4.111032226885261e-05,0.0034638211719668936
163.7876550233593,5.6979988486184396e-05,0.9877359620213108,3.6110553304196968e-06,6.29245486747003e-07,0.008705601501939898,2.661130914209018e-07,2.5286354187903285e-06,3.3522453675893966e-05,0.0034608989852598572
163.9878844304783,5.612283619210788e-05,0.987095008678436,5.040762556487028e-06,3.6996176656200754e-07,0.00938439139711977,3.456718567326204e-07,1.8522098320572811e-06,3.472295852036414e-05,0.003422145523719729
164.1881138375973,5.654244405457488e-05,0.9892134739624524,2.39021758586698e-06,3.421493046773651e-08,0.007239149315727045,2.0648374942585635e-07,3.1850271520302935e-06,3.351099919198136e-05,0.003451507335156298
164.38834324471634,5.674541555328235e-05,0.9892362990237814,3.548527924548502e-06,3.283711818826591e-07,0.0072254305202457,2.802304173618207e-07,2.6743592881230064e-06,3.028798982761495e-05,0.0034444055617797965
164.58857265183536,5.53179644897549e-05,0.987264000617327,4.62897593575309e-06,9.343637669852953e-07,0.009228253259530328,2.5150866022191026e-07,1.8536429453222795e-06,2.531593970206803e-05,0.003419443727642644
164.7888020589544,5.508529927204468e-05,0.9901471177762379,2.680444610368155e-06,1.129273757565124e-06,0.00632555139414583,2.0383214090809563e-07,2.8984834634862834e-06,2.766360953800266e-05,0.003437669886833862
164.9890314660734,5.5679091328399236e-05,0.9901464060946619,3.939373165631068e-06,9.444840155751956e-07,0.006339182596336342,2.803753107631621e-07,2.0369255388846404e-06,2.635942116647482e-05,0.003425171638476094
165.18926087319244,5.5488241890582456e-05,0.9877205709362026,5.02132332708985e-06,8.529296218621726e-07,0.008773305237136854,1.68259372739506e-07,1.2392440582128387e-06,1.8734871614269625e-05,0.003424618956775669
165.38949028031143,5.5742076868226244e-05,0.9907884836766151,2.9877284231447927e-06,1.9902349640742612e-07,0.00570622815543005,1.6432051426121574e-07,2.085477104417994e-06,2.299296667254499e-05,0.00342111657487611
165.58971968743046,5.633196730691347e-05,0.9906209704954474,3.5545360194121886e-06,6.880301812391205e-09,0.0058836989903815725,2.329415371408604e-07,1.766638477768642e-06,2.1947611580427836e-05,0.003411489938947681
165.78994909454948,5.5817186863594806e-05,0.9888207173216115,4.79905006436226e-06,2.708911148184061e-07,0.007682386163655075,1.4588075468167964e-07,1.089063922633201e-06,1.4481993409846956e-05,0.0034202924486036864
165.9901785016685,5.49202401047092e-05,0.991280837486123,2.608721366086847e-06,6.161261581410518e-07,0.005233382208627059,1.881527698096814e-07,2.0577144370456707e-06,1.8677718167245895e-05,0.0034067116322470674
166.19040790878753,5.4868559093730524e-05,0.9910393399999169,2.4536818548659425e-06,9.494331058849428e-07,0.005477310357746762,2.370320920063495e-07,1.6563947803248296e-06,1.800427880775826e-05,0.0034051802626015237
166.39063731590656,5.480969677769483e-05,0.9900898565022251,3.929485247696383e-06,1.0266211375205407e-06,0.006435390768566801,1.3403827713978023e-07,8.385897623779901e-07,1.1887142242297324e-05,0.0034021271557633675
166.59086672302558,5.453720042538352e-05,0.9913675081850557,1.8578640823542503e-06,6.856565364757174e-07,0.005157498802730833,1.7340955110897098e-07,1.4762724164546638e-06,1.499776261178367e-05,0.0034012648465899043
166.7910961301446,5.534145532761932e-05,0.9914375049972838,1.631240114086393e-06,1.6145605751791275e-07,0.00509332284606833,1.8522208406518443e-07,1.1997890746775564e-06,1.4765513611322065e-05,0.0033958874803787613
166.9913255372636,5.563387882024359e-05,0.9912121157413977,3.623039128029351e-06,2.4468037995330357e-09,0.005336539800058984,1.0677318757788954e-07,5.782140676758637e-07,9.617031215081633e-06,0.003381783075321147
167.19155494438263,5.481820061087295e-05,0.9915067979184717,1.7413440834973774e-06,1.321465405550567e-07,0.005028114184513318,1.501528435244967e-07,1.157618124869149e-06,1.1690928806350656e-05,0.0033953975060053094
167.39178435150166,5.460910461656885e-05,0.9921630611769268,1.5125911976108072e-06,5.615470824469182e-07,0.0043855807525662125,1.700157178477396e-07,1.2782901031557932e-06,1.2088314709125354e-05,0.0033811382070802793
167.59201375862068,5.4461497997123674e-05,0.992025369830567,4.025698453191208e-06,8.144930914691272e-07,0.004536946669702306,9.489877949154673e-08,6.183155364922254e-07,7.451793170180023e-06,0.003370216802702927
167.7922431657397,5.3769290225780874e-05,0.9917763671867275,2.391516634980177e-06,9.790821083101606e-07,0.004773255064910463,1.4191800770671102e-07,9.776030070988839e-07,9.103108066899482e-06,0.0033830152303111643
167.99247257285873,5.430343776250257e-05,0.9928083785890228,1.5523137977415307e-06,5.426910874553327e-07,0.003758014625729457,1.5643491694602222e-07,9.831763100967032e-07,9.889516919974008e-06,0.003366179214453088
168.19270197997776,5.488909324835163e-05,0.9923551439023878,3.96739586738073e-06,2.3554127416200486e-07,0.004215105830815887,6.942164026774619e-08,4.159018747535907e-07,5.5612101783618725e-06,0.0033646117027130817
168.39293138709675,5.4587004627906474e-05,0.9922723763585695,2.8475329925219236e-06,2.049205032482697e-08,0.004298503911694695,1.1739359279584431e-07,6.117065935442254e-07,7.457734023494959e-06,0.0033634778658551724
168.59316079421578,5.454518562413775e-05,0.9934574610457584,1.2251236092062357e-06,1.0302555830392021e-07,0.00312150090188105,1.367871485087858e-07,8.448149230615026e-07,7.993704961898149e-06,0.0033561894105355494
168.7933902013348,5.449976869045615e-05,0.9926670408620671,2.8752591901832617e-06,3.939406607091109e-07,0.0039141588864648,6.675940891101267e-08,4.622960540797834e-07,4.098229270079908e-06,0.003356403998193715
168.99361960845383,5.3747435216658995e-05,0.9929844296713041,2.4682304274346464e-06,7.105973780787991e-07,0.003603971638349654,1.2610223062340454e-07,6.061661219999223e-07,6.270407103953811e-06,0.0033476697518675224
169.19384901557285,5.368887724080328e-05,0.9938642645302552,7.070548816298783e-07,7.327190705787425e-07,0.002722553130942133,1.4177143603664783e-07,7.788275184593124e-07,6.2336328163972e-06,0.003350899455838662
169.39407842269188,5.407076183044424e-05,0.9929023794478967,1.6694600496078805e-06,6.199815158553671e-07,0.0036941458222450015,6.209128302997879e-08,4.11254899641849e-07,3.109980878239257e-06,0.003343531199401411
169.5943078298109,5.410697015275863e-05,0.993539843819585,1.873516386745901e-06,3.0344225928974584e-07,0.0030581952626200664,1.0710078047780046e-07,4.343536380120165e-07,5.256540449914325e-06,0.003339878994127685
169.79453723692993,5.424682308342225e-05,0.9941167445071548,5.173051233002438e-07,3.495538118853664e-08,0.0024793281998982224,1.0260261202318252e-07,4.912981954300389e-07,4.661799940207158e-06,0.0033438725086114684
169.99476664404892,5.449852619795815e-05,0.9934044533905944,1.27814153001762e-06,5.66354391157278e-08,0.003203219476610042,5.503439168509787e-08,3.2945380906046627e-07,2.522940581882494e-06,0.0033335864008459826
170.19499605116795,5.406519616292993e-05,0.9940380904892481,1.8362743537431369e-06,2.3715854563544145e-07,0.0025652298914932035,9.26589812486119e-08,3.397038896574632e-07,4.083453782772476e-06,0.0033360251735428544
170.39522545828697,5.363910293916238e-05,0.994374766029034,7.589558141469366e-07,5.452276110132528e-07,0.0022300217423050746,8.997250201424244e-08,4.6501495731450073e-07,3.3234947839573203e-06,0.003336390460053626
170.595454865406,5.361682811845964e-05,0.9939614089166771,1.3742068286691913e-06,7.256337653603997e-07,0.0026492613195571897,6.302066656232116e-08,3.548133370174058e-07,2.2350404984109524e-06,0.0033309602205509304
170.79568427252502,5.3630060236184164e-05,0.9942327548018197,2.041704243384744e-06,6.197904059662338e-07,0.0023766680333741647,6.680834937975458e-08,3.2774774764447586e-07,3.0264086582803952e-06,0.003330864645165422
170.99591367964405,5.3746896790202127e-05,0.9945781962268815,9.92260725093023e-07,3.2487154988004646e-07,0.002032835917781734,7.07705779218532e-08,3.276021175870765e-07,2.4400110714394025e-06,0.0033310654425046456
171.19614308676307,5.412735853696498e-05,0.9945219477707935,1.1674223495999089e-06,5.054393998299725e-08,0.002088544025495425,6.23156273964886e-08,2.3385329358032946e-07,2.008114625585112e-06,0.003331858595338253
171.39637249388207,5.4204396689841e-05,0.9944088231460144,1.7103625263582915e-06,1.32809754064073e-08,0.002207319835280899,4.0466822863594166e-08,1.9996874045916184e-07,2.026009038175179e-06,0.0033256625339114576
171.5966019010011,5.384583910731809e-05,0.9949334204164229,8.345079019013964e-07,1.7333418892945765e-07,0.0016802399868985807,6.198723499242176e-08,2.424274058006736e-07,1.7577951936113737e-06,0.003329423705646212
171.79683130812012,5.363692718144882e-05,0.9950086275685874,6.549334160814656e-07,4.582499757281396e-07,0.0016034257157175418,6.352546788143904e-08,2.3914708799236505e-07,1.6760115498861498e-06,0.003331217921015699
171.99706071523914,5.356574527470815e-05,0.9945714575584244,9.64625532712027e-07,6.258679294372886e-07,0.00204731282191839,2.9190160857349196e-08,2.005850264759705e-07,1.2494217049721507e-06,0.003324594184027857
172.19729012235817,5.345598054219474e-05,0.9952011515185402,4.619631788661709e-07,5.478804004038681e-07,0.0014142490790118598,5.933450577035809e-08,2.3703414028954443e-07,1.2983652434165204e-06,0.003328538844437231
172.3975195294772,5.369634187295797e-05,0.9952812112182154,3.9536273915554976e-07,3.1497895562112317e-07,0.0013345467868707763,5.558377608576825e-08,1.6907138732090467e-07,1.3178836290125949e-06,0.0033282927725533686
172.59774893659622,5.404886110473966e-05,0.994814969721672,6.121655907187871e-07,1.3509673189976513e-07,0.0018017049094942474,1.62608102590772e-08,1.2424377836728391e-07,7.319884933483817e-07,0.0033276567523243023
172.79797834371524,5.39495745129739e-05,0.9954791428687706,3.3172040137833746e-07,3.8777427368804264e-08,0.001139000724359923,4.393063759797816e-08,1.35927162758987e-07,9.30105413714647e-07,0.0033264263713136963
172.99820775083424,5.3881636367928576e-05,0.9955283138775113,5.186321735419024e-07,1.3437313084358468e-07,0.0010899038359399452,3.832675636866824e-08,1.1076605403269129e-07,9.549980225317508e-07,0.0033261435540435378
173.19843715795326,5.3802920817442564e-05,0.9951876951851042,8.248179573781386e-07,3.4480280954023083e-07,0.001426616771156579,1.0815137412419206e-08,9.133756805275877e-08,4.4652036254350985e-07,0.003330166829086986
173.3986665650723,5.355185887644985e-05,0.9956516172540372,5.016512170463268e-07,4.563536700613634e-07,0.0009686598647469444,3.719309126310169e-08,1.2025164103921604e-07,6.427129817354128e-07,0.0033244128597386333
173.59889597219131,5.3509546172404035e-05,0.9956596832467874,6.102137061975531e-07,4.951634570636897e-07,0.0009589017714195533,3.189238216117506e-08,1.0307041715196147e-07,6.525099879628173e-07,0.0033260125856701605
173.79912537931034,5.37268679557172e-05,0.9955033554080097,9.54761411708594e-07,3.6367400645738895e-07,0.0011123738425538724,8.409452772815521e-09,7.452540753576514e-08,2.760420862216636e-07,0.0033288664691163814
173.99935478642936,5.380858580785509e-05,0.9957562749798976,5.743026534996408e-07,2.1002411396634393e-07,0.0008642902518987286,2.4157514205313727e-08,8.353949662861244e-08,4.056179445664209e-07,0.0033243285406732333
174.1995841935484,5.3917768036712115e-05,0.9958495967107892,4.14630351427596e-07,6.277659268535319e-08,0.0007695892917152224,2.3901415749793664e-08,5.5236718410632e-08,4.0551299223656385e-07,0.0033259341713883436
174.3998136006674,5.395895404663952e-05,0.995836546768806,6.471353269197803e-07,1.0129114716212824e-07,0.0007831293660962449,6.381390381476421e-09,4.2595079297308744e-08,1.6041514838529208e-07,0.0033254070929593735
174.6000430077864,5.381632401434317e-05,0.9958913014217623,3.5434845497995587e-07,2.0640389022258787e-07,0.0007288339107483225,1.7022335768610146e-08,5.005164157134333e-08,2.308613955448402e-07,0.0033251896557571375
174.80027241490544,5.3621028397283325e-05,0.9960236533314308,1.387503248143209e-07,3.822360591267681e-07,0.0005975496046626349,2.0265806128203077e-08,4.972770486450723e-08,2.4499658064753924e-07,0.0033243400590338167
175.00050182202446,5.361524452159246e-05,0.9960169277477058,2.973626670018712e-07,4.259208408257529e-07,0.0006055721474651246,5.313669102902765e-09,4.452771031477229e-08,9.458999217424749e-08,0.003323017145428029
175.20073122914349,5.365905602172934e-05,0.9959916820528956,1.4093336763236088e-07,3.860583176745438e-07,0.0006291561554975247,1.1091705579659814e-08,4.671057597368693e-08,1.3386786404112636e-07,0.0033247840737545263
175.4009606362625,5.3790547080727825e-05,0.9961798076795682,5.220537969305191e-08,2.174982880626933e-07,0.00044384292323918384,1.62879152427146e-08,3.3963073816280593e-08,1.4670055438758841e-07,0.0033220921949008325
175.60119004338154,5.392569326055822e-05,0.9961676425694409,2.739984987728484e-07,1.1013005105953605e-07,0.0004557989995784967,3.6057742858350004e-09,2.340282612967262e-08,5.11767672869937e-08,0.00332217042380257
175.80141945050056,5.395572409606015e-05,0.9961697705816568,2.059728180789991e-07,8.960827126428174e-08,0.0004532508792516666,5.778026538625974e-09,2.167971062082427e-08,7.105886613175963e-08,0.0033226287173029755
176.00164885761956,5.384607891108867e-05,0.9963250936681627,1.308022839989287e-07,1.7759837378852208e-07,0.0003002240159762654,1.0736649640505448e-08,1.4843210547172481e-08,7.612794483050037e-08,0.003320426128487313
176.20187826473858,5.375826199214982e-05,0.9962695537951122,3.7218815017362864e-07,2.9351931641997445e-07,0.00035466617332039646,2.1681827150956325e-09,1.4757095163786064e-08,2.3648512874353567e-08,0.0033213154883181342
176.4021076718576,5.370535897950715e-05,0.9962965693891129,3.5370647020113143e-07,3.5486230495932287e-07,0.0003287180261753097,3.0655288871971515e-09,1.6429650983726456e-08,3.659122694464437e-08,0.003320242570550097
176.60233707897663,5.372768939369167e-05,0.9963987722189276,1.7337720675921645e-07,3.285915496281024e-07,0.00022741876791678464,8.1954355502842e-09,1.2871011797934547e-08,3.6696974935309476e-08,0.0033195215915832288
176.80256648609566,5.381198495292545e-05,0.9963586367152872,2.813784621986056e-07,2.4668892904414e-07,0.00026729650730802863,2.4440385003363566e-09,1.0424524381669432e-08,1.108684347753305e-08,0.003319702769654034
177.00279589321468,5.390585663860105e-05,0.9964216166134422,2.892301014803904e-07,1.6450164355978385e-07,0.0002052330962085538,1.5418265848080974e-09,1.0109774437918727e-08,1.698572829104108e-08,0.0033187620646361574
177.2030253003337,5.3920416215424876e-05,0.9964820946086157,1.0125221129839095e-07,1.3019364467052575e-07,0.00014507947147684072,4.891420442753091e-09,5.007932257963435e-09,1.593268542336462e-08,0.0033186482257979858
177.4032547074527,5.389630672466367e-05,0.9964649403506254,8.252042628618367e-08,1.624263244014581e-07,0.00016289288333039406,1.6010366496974749e-09,3.881002270268624e-09,5.6914626392634146e-09,0.003318014339067073
177.60348411457173,5.384014042562839e-05,0.9965027841610684,9.085296946488033e-08,2.2296534946647614e-07,0.00012507607373082562,9.173562860192074e-10,4.742420172899034e-09,8.542529048279898e-09,0.003317971604150704
177.80371352169075,5.3781558506649205e-05,0.9965276507343714,1.4247469434429784e-08,2.764570974149723e-07,0.00010058876494178519,2.9032802408733693e-09,3.359727749187989e-09,7.093892084037573e-09,0.003317674880712841
178.00394292880978,5.377440574756183e-05,0.9965294820611208,1.4665491775162427e-09,2.888491657567579e-07,9.947355700556026e-05,1.4882008994579287e-09,3.2871116281419963e-09,2.5678174624274424e-09,0.0033169723172810158
178.2041723359288,5.381354274233311e-05,0.9965509517463644,8.287920261875289e-09,2.5292910288088557e-07,7.77270410240507e-05,5.011049337775098e-10,3.866912145614128e-09,3.193268354233427e-09,0.003317238891560852
178.40440174304783,5.385784498565948e-05,0.996576638917392,7.062901781043519e-09,2.0404396830059332e-07,5.245890649558483e-05,1.576738163719864e-09,2.223101210500663e-09,1.961026860518783e-09,0.0033168274633903947
178.60463115016685,5.3889316503642636e-05,0.9965916313729017,3.3463994538149525e-08,1.7021289395146904e-07,3.780738372380414e-05,6.385109920768857e-10,9.622644283835286e-10,6.215827932335959e-10,0.003316466027623903
178.80486055728588,5.3891440481409434e-05,0.9965970196523428,4.575284539920777e-08,1.7529324543786984e-07,3.239138953822735e-05,1.824312822076164e-10,1.0571355969506741e-09,6.567743635335222e-10,0.0033164745752053497
179.00508996440487,5.3861006711289725e-05,0.9966101587370104,4.2141768466623264e-08,2.0151202963044647e-07,1.9455941770979014e-05,4.312536339250381e-10,4.671765478104989e-10,3.168293754452385e-10,0.003316279445449754
179.2053193715239,5.3837843777125684e-05,0.9966161517922709,5.050537387575583e-08,2.2855844136927975e-07,1.3621868967321927e-05,1.9229163162527129e-10,1.1494548078182312e-10,1.1207937746967378e-10,0.0033161090118531632
179.40554877864292,5.3833230385890755e-05,0.9966175850826222,5.7790068115486026e-08,2.3613160593722317e-07,1.2339843117384204e-05,2.7150519667019777e-11,1.616471966880244e-10,5.3049762444675875e-11,0.003315947680352668
179.60577818576195,5.384025028770133e-05,0.9966247309361211,4.821366384830602e-08,2.2875912201253872e-07,5.275444178195285e-06,1.231273169612368e-10,9.348881962504129e-11,4.054587165175015e-11,0.0033158761394651575
179.80600759288097,5.384834470453885e-05,0.9966279475685155,4.1001426996728486e-08,2.2024018113185191e-07,2.1929925090891704e-06,2.5497217780535085e-11,2.8623500535187987e-11,1.2150724297766783e-11,0.003315749786390943
180.006237,5.385053231229762e-05,0.9966288043132632,4.2258036411552754e-08,2.182818050835464e-07,1.4374374941064325e-06,2.6663795503361363e-11,3.336893453062162e-11,8.154682594206363e-12,0.003315647108901205
