Xgate_fidelity_optimize.py
NUMEXPR_NUM_THREADS = 1
MKL_NUM_THREADS = 1

Current China Time: 2026-08-01 21:32:10.226952+08:00
drive_phi= False , drive_theta= True
use_qt_fidelity= False
pulse_file= ../figure/data/data_xgate_theta_mstep_3e4_npz.txt
initial_fidelity_column= f_157_charge
start_index= 13

initial_fidelity = np.array([
-5.94862329, -6.24194963, -6.53016446, -6.62084628 ,
-6.90134354 ,
])
tg_vec: [79.950621, 89.941952, 99.933664, 109.925465, 119.917464]
amp1_bounds= (0, 0.45) , amp2_bounds= (0, 0.1)
detune1_bounds= (-0.1, 0.05) , detune2_bounds= (-0.05, 0.05)
n_truc= 300 , n_full= 300 , n_optimize)= 157
Ideal: max_step = 0.001, nsteps = 10000.0
  0%|          | 0/5 [00:00<?, ?it/s]UserWarning: differential_evolution: the 'workers' keyword has overridden updating='immediate' to updating='deferred'
 /home/zlqed/anaconda3/envs/zp2q/lib/python3.11/site-packages/scipy/optimize/_differentialevolution.py: 487differential_evolution step 1: f(x)= -5.556529588590919
Best Solution: [79.950621, 0.050323, 0.013699, 0.001008, 0.001432]
Convergence: 0.0039
----------------------------
differential_evolution step 2: f(x)= -5.556529588590919
Best Solution: [79.950621, 0.050323, 0.013699, 0.001008, 0.001432]
Convergence: 0.0043
----------------------------
differential_evolution step 3: f(x)= -5.556529588590919
Best Solution: [79.950621, 0.050323, 0.013699, 0.001008, 0.001432]
Convergence: 0.0047
----------------------------
differential_evolution step 4: f(x)= -5.556529588590919
Best Solution: [79.950621, 0.050323, 0.013699, 0.001008, 0.001432]
Convergence: 0.0049
----------------------------
differential_evolution step 5: f(x)= -5.556529588590919
Best Solution: [79.950621, 0.050323, 0.013699, 0.001008, 0.001432]
Convergence: 0.0049
----------------------------
differential_evolution step 6: f(x)= -5.556529588590919
Best Solution: [79.950621, 0.050323, 0.013699, 0.001008, 0.001432]
Convergence: 0.005
----------------------------
differential_evolution step 7: f(x)= -5.556529588590919
Best Solution: [79.950621, 0.050323, 0.013699, 0.001008, 0.001432]
Convergence: 0.0051
----------------------------
differential_evolution step 8: f(x)= -5.556529588590919
Best Solution: [79.950621, 0.050323, 0.013699, 0.001008, 0.001432]
Convergence: 0.0052
----------------------------
differential_evolution step 9: f(x)= -5.556529588590919
Best Solution: [79.950621, 0.050323, 0.013699, 0.001008, 0.001432]
Convergence: 0.0053
----------------------------
differential_evolution step 10: f(x)= -5.556529588590919
Best Solution: [79.950621, 0.050323, 0.013699, 0.001008, 0.001432]
Convergence: 0.0057
----------------------------
differential_evolution step 11: f(x)= -5.556529588590919
Best Solution: [79.950621, 0.050323, 0.013699, 0.001008, 0.001432]
Convergence: 0.006
----------------------------
differential_evolution step 12: f(x)= -5.556529588590919
Best Solution: [79.950621, 0.050323, 0.013699, 0.001008, 0.001432]
Convergence: 0.0061
----------------------------
differential_evolution step 13: f(x)= -5.556529588590919
Best Solution: [79.950621, 0.050323, 0.013699, 0.001008, 0.001432]
Convergence: 0.0063
----------------------------
differential_evolution step 14: f(x)= -5.556529588590919
Best Solution: [79.950621, 0.050323, 0.013699, 0.001008, 0.001432]
Convergence: 0.0067
----------------------------
differential_evolution step 15: f(x)= -5.556529588590919
Best Solution: [79.950621, 0.050323, 0.013699, 0.001008, 0.001432]
Convergence: 0.0069
----------------------------
differential_evolution step 16: f(x)= -5.556529588590919
Best Solution: [79.950621, 0.050323, 0.013699, 0.001008, 0.001432]
Convergence: 0.0071
----------------------------
differential_evolution step 17: f(x)= -5.556529588590919
Best Solution: [79.950621, 0.050323, 0.013699, 0.001008, 0.001432]
Convergence: 0.0074
----------------------------
differential_evolution step 18: f(x)= -5.556529588590919
Best Solution: [79.950621, 0.050323, 0.013699, 0.001008, 0.001432]
Convergence: 0.0076
----------------------------
differential_evolution step 19: f(x)= -5.556529588590919
Best Solution: [79.950621, 0.050323, 0.013699, 0.001008, 0.001432]
Convergence: 0.008
----------------------------
differential_evolution step 20: f(x)= -5.556529588590919
Best Solution: [79.950621, 0.050323, 0.013699, 0.001008, 0.001432]
Convergence: 0.0083
----------------------------
differential_evolution step 21: f(x)= -5.556529588590919
Best Solution: [79.950621, 0.050323, 0.013699, 0.001008, 0.001432]
Convergence: 0.0084
----------------------------
differential_evolution step 22: f(x)= -5.556529588590919
Best Solution: [79.950621, 0.050323, 0.013699, 0.001008, 0.001432]
Convergence: 0.0088
----------------------------
differential_evolution step 23: f(x)= -5.556529588590919
Best Solution: [79.950621, 0.050323, 0.013699, 0.001008, 0.001432]
Convergence: 0.0089
----------------------------
differential_evolution step 24: f(x)= -5.556529588590919
Best Solution: [79.950621, 0.050323, 0.013699, 0.001008, 0.001432]
Convergence: 0.0094
----------------------------
differential_evolution step 25: f(x)= -5.556529588590919
Best Solution: [79.950621, 0.050323, 0.013699, 0.001008, 0.001432]
Convergence: 0.0097
----------------------------
differential_evolution step 26: f(x)= -5.556529588590919
Best Solution: [79.950621, 0.050323, 0.013699, 0.001008, 0.001432]
Convergence: 0.0102
----------------------------
differential_evolution step 27: f(x)= -5.556529588590919
Best Solution: [79.950621, 0.050323, 0.013699, 0.001008, 0.001432]
Convergence: 0.0107
----------------------------
differential_evolution step 28: f(x)= -5.556529588590919
Best Solution: [79.950621, 0.050323, 0.013699, 0.001008, 0.001432]
Convergence: 0.0111
----------------------------
differential_evolution step 29: f(x)= -5.556529588590919
Best Solution: [79.950621, 0.050323, 0.013699, 0.001008, 0.001432]
Convergence: 0.0114
----------------------------
differential_evolution step 30: f(x)= -5.556529588590919
Best Solution: [79.950621, 0.050323, 0.013699, 0.001008, 0.001432]
Convergence: 0.0119
----------------------------
differential_evolution step 31: f(x)= -5.556529588590919
Best Solution: [79.950621, 0.050323, 0.013699, 0.001008, 0.001432]
Convergence: 0.0122
----------------------------
differential_evolution step 32: f(x)= -5.556529588590919
Best Solution: [79.950621, 0.050323, 0.013699, 0.001008, 0.001432]
Convergence: 0.0125
----------------------------
differential_evolution step 33: f(x)= -5.556529588590919
Best Solution: [79.950621, 0.050323, 0.013699, 0.001008, 0.001432]
Convergence: 0.013
----------------------------
differential_evolution step 34: f(x)= -5.556529588590919
Best Solution: [79.950621, 0.050323, 0.013699, 0.001008, 0.001432]
Convergence: 0.0132
----------------------------
differential_evolution step 35: f(x)= -5.556529588590919
Best Solution: [79.950621, 0.050323, 0.013699, 0.001008, 0.001432]
Convergence: 0.0137
----------------------------
differential_evolution step 36: f(x)= -5.556529588590919
Best Solution: [79.950621, 0.050323, 0.013699, 0.001008, 0.001432]
Convergence: 0.0145
----------------------------
differential_evolution step 37: f(x)= -5.556529588590919
Best Solution: [79.950621, 0.050323, 0.013699, 0.001008, 0.001432]
Convergence: 0.0154
----------------------------
differential_evolution step 38: f(x)= -5.556529588590919
Best Solution: [79.950621, 0.050323, 0.013699, 0.001008, 0.001432]
Convergence: 0.0155
----------------------------
differential_evolution step 39: f(x)= -5.556529588590919
Best Solution: [79.950621, 0.050323, 0.013699, 0.001008, 0.001432]
Convergence: 0.0159
----------------------------
differential_evolution step 40: f(x)= -5.556529588590919
Best Solution: [79.950621, 0.050323, 0.013699, 0.001008, 0.001432]
Convergence: 0.0159
----------------------------
differential_evolution step 41: f(x)= -5.556529588590919
Best Solution: [79.950621, 0.050323, 0.013699, 0.001008, 0.001432]
Convergence: 0.0161
----------------------------
differential_evolution step 42: f(x)= -5.556529588590919
Best Solution: [79.950621, 0.050323, 0.013699, 0.001008, 0.001432]
Convergence: 0.0167
----------------------------
differential_evolution step 43: f(x)= -5.556529588590919
Best Solution: [79.950621, 0.050323, 0.013699, 0.001008, 0.001432]
Convergence: 0.0174
----------------------------
differential_evolution step 44: f(x)= -5.556529588590919
Best Solution: [79.950621, 0.050323, 0.013699, 0.001008, 0.001432]
Convergence: 0.0179
----------------------------
differential_evolution step 45: f(x)= -5.556529588590919
Best Solution: [79.950621, 0.050323, 0.013699, 0.001008, 0.001432]
Convergence: 0.0183
----------------------------
differential_evolution step 46: f(x)= -5.556529588590919
Best Solution: [79.950621, 0.050323, 0.013699, 0.001008, 0.001432]
Convergence: 0.0185
----------------------------
differential_evolution step 47: f(x)= -5.556529588590919
Best Solution: [79.950621, 0.050323, 0.013699, 0.001008, 0.001432]
Convergence: 0.0191
----------------------------
differential_evolution step 48: f(x)= -5.556529588590919
Best Solution: [79.950621, 0.050323, 0.013699, 0.001008, 0.001432]
Convergence: 0.0193
----------------------------
differential_evolution step 49: f(x)= -5.556529588590919
Best Solution: [79.950621, 0.050323, 0.013699, 0.001008, 0.001432]
Convergence: 0.0192
----------------------------
differential_evolution step 50: f(x)= -5.556529588590919
Best Solution: [79.950621, 0.050323, 0.013699, 0.001008, 0.001432]
Convergence: 0.0199
----------------------------
differential_evolution step 51: f(x)= -5.556529588590919
Best Solution: [79.950621, 0.050323, 0.013699, 0.001008, 0.001432]
Convergence: 0.021
----------------------------
differential_evolution step 52: f(x)= -5.556529588590919
Best Solution: [79.950621, 0.050323, 0.013699, 0.001008, 0.001432]
Convergence: 0.0229
----------------------------
differential_evolution step 53: f(x)= -5.556529588590919
Best Solution: [79.950621, 0.050323, 0.013699, 0.001008, 0.001432]
Convergence: 0.0245
----------------------------
differential_evolution step 54: f(x)= -5.556529588590919
Best Solution: [79.950621, 0.050323, 0.013699, 0.001008, 0.001432]
Convergence: 0.0253
----------------------------
differential_evolution step 55: f(x)= -5.556529588590919
Best Solution: [79.950621, 0.050323, 0.013699, 0.001008, 0.001432]
Convergence: 0.0254
----------------------------
differential_evolution step 56: f(x)= -5.556529588590919
Best Solution: [79.950621, 0.050323, 0.013699, 0.001008, 0.001432]
Convergence: 0.0272
----------------------------
differential_evolution step 57: f(x)= -5.556529588590919
Best Solution: [79.950621, 0.050323, 0.013699, 0.001008, 0.001432]
Convergence: 0.0298
----------------------------
differential_evolution step 58: f(x)= -5.556529588590919
Best Solution: [79.950621, 0.050323, 0.013699, 0.001008, 0.001432]
Convergence: 0.0318
----------------------------
differential_evolution step 59: f(x)= -5.556529588590919
Best Solution: [79.950621, 0.050323, 0.013699, 0.001008, 0.001432]
Convergence: 0.0359
----------------------------
differential_evolution step 60: f(x)= -5.556529588590919
Best Solution: [79.950621, 0.050323, 0.013699, 0.001008, 0.001432]
Convergence: 0.0384
----------------------------
differential_evolution step 61: f(x)= -5.556529588590919
Best Solution: [79.950621, 0.050323, 0.013699, 0.001008, 0.001432]
Convergence: 0.0395
----------------------------
differential_evolution step 62: f(x)= -5.556529588590919
Best Solution: [79.950621, 0.050323, 0.013699, 0.001008, 0.001432]
Convergence: 0.0438
----------------------------
differential_evolution step 63: f(x)= -5.556529588590919
Best Solution: [79.950621, 0.050323, 0.013699, 0.001008, 0.001432]
Convergence: 0.0457
----------------------------
differential_evolution step 64: f(x)= -5.556529588590919
Best Solution: [79.950621, 0.050323, 0.013699, 0.001008, 0.001432]
Convergence: 0.0472
----------------------------
differential_evolution step 65: f(x)= -5.556529588590919
Best Solution: [79.950621, 0.050323, 0.013699, 0.001008, 0.001432]
Convergence: 0.0496
----------------------------
differential_evolution step 66: f(x)= -5.556529588590919
Best Solution: [79.950621, 0.050323, 0.013699, 0.001008, 0.001432]
Convergence: 0.0564
----------------------------
differential_evolution step 67: f(x)= -5.556529588590919
Best Solution: [79.950621, 0.050323, 0.013699, 0.001008, 0.001432]
Convergence: 0.0559
----------------------------
differential_evolution step 68: f(x)= -5.556529588590919
Best Solution: [79.950621, 0.050323, 0.013699, 0.001008, 0.001432]
Convergence: 0.059
----------------------------
differential_evolution step 69: f(x)= -5.556529588590919
Best Solution: [79.950621, 0.050323, 0.013699, 0.001008, 0.001432]
Convergence: 0.0601
----------------------------
differential_evolution step 70: f(x)= -5.556529588590919
Best Solution: [79.950621, 0.050323, 0.013699, 0.001008, 0.001432]
Convergence: 0.0719
----------------------------
differential_evolution step 71: f(x)= -5.556529588590919
Best Solution: [79.950621, 0.050323, 0.013699, 0.001008, 0.001432]
Convergence: 0.0766
----------------------------
differential_evolution step 72: f(x)= -5.556529588590919
Best Solution: [79.950621, 0.050323, 0.013699, 0.001008, 0.001432]
Convergence: 0.0838
----------------------------
differential_evolution step 73: f(x)= -5.556529588590919
Best Solution: [79.950621, 0.050323, 0.013699, 0.001008, 0.001432]
Convergence: 0.0875
----------------------------
differential_evolution step 74: f(x)= -5.556529588590919
Best Solution: [79.950621, 0.050323, 0.013699, 0.001008, 0.001432]
Convergence: 0.0858
----------------------------
differential_evolution step 75: f(x)= -5.556529588590919
Best Solution: [79.950621, 0.050323, 0.013699, 0.001008, 0.001432]
Convergence: 0.0912
----------------------------
differential_evolution step 76: f(x)= -5.556529588590919
Best Solution: [79.950621, 0.050323, 0.013699, 0.001008, 0.001432]
Convergence: 0.1017
----------------------------
differential_evolution step 77: f(x)= -5.556529588590919
Best Solution: [79.950621, 0.050323, 0.013699, 0.001008, 0.001432]
Convergence: 0.1136
----------------------------
differential_evolution step 78: f(x)= -5.556529588590919
Best Solution: [79.950621, 0.050323, 0.013699, 0.001008, 0.001432]
Convergence: 0.1278
----------------------------
differential_evolution step 79: f(x)= -5.556529588590919
Best Solution: [79.950621, 0.050323, 0.013699, 0.001008, 0.001432]
Convergence: 0.1433
----------------------------
differential_evolution step 80: f(x)= -5.556529588590919
Best Solution: [79.950621, 0.050323, 0.013699, 0.001008, 0.001432]
Convergence: 0.1423
----------------------------
differential_evolution step 81: f(x)= -5.556529588590919
Best Solution: [79.950621, 0.050323, 0.013699, 0.001008, 0.001432]
Convergence: 0.1724
----------------------------
differential_evolution step 82: f(x)= -5.556529588590919
Best Solution: [79.950621, 0.050323, 0.013699, 0.001008, 0.001432]
Convergence: 0.171
----------------------------
differential_evolution step 83: f(x)= -5.556529588590919
Best Solution: [79.950621, 0.050323, 0.013699, 0.001008, 0.001432]
Convergence: 0.187
----------------------------
differential_evolution step 84: f(x)= -5.556529588590919
Best Solution: [79.950621, 0.050323, 0.013699, 0.001008, 0.001432]
Convergence: 0.1833
----------------------------
differential_evolution step 85: f(x)= -5.556529588590919
Best Solution: [79.950621, 0.050323, 0.013699, 0.001008, 0.001432]
Convergence: 0.1828
----------------------------
differential_evolution step 86: f(x)= -5.556529588590919
Best Solution: [79.950621, 0.050323, 0.013699, 0.001008, 0.001432]
Convergence: 0.1927
----------------------------
differential_evolution step 87: f(x)= -5.556529588590919
Best Solution: [79.950621, 0.050323, 0.013699, 0.001008, 0.001432]
Convergence: 0.1917
----------------------------
differential_evolution step 88: f(x)= -5.556529588590919
Best Solution: [79.950621, 0.050323, 0.013699, 0.001008, 0.001432]
Convergence: 0.2331
----------------------------
differential_evolution step 89: f(x)= -5.556529588590919
Best Solution: [79.950621, 0.050323, 0.013699, 0.001008, 0.001432]
Convergence: 0.2675
----------------------------
differential_evolution step 90: f(x)= -5.556529588590919
Best Solution: [79.950621, 0.050323, 0.013699, 0.001008, 0.001432]
Convergence: 0.3428
----------------------------
differential_evolution step 91: f(x)= -5.556529588590919
Best Solution: [79.950621, 0.050323, 0.013699, 0.001008, 0.001432]
Convergence: 0.3818
----------------------------
differential_evolution step 92: f(x)= -5.556529588590919
Best Solution: [79.950621, 0.050323, 0.013699, 0.001008, 0.001432]
Convergence: 0.3883
----------------------------
differential_evolution step 93: f(x)= -5.556529588590919
Best Solution: [79.950621, 0.050323, 0.013699, 0.001008, 0.001432]
Convergence: 0.4317
----------------------------
differential_evolution step 94: f(x)= -5.556529588590919
Best Solution: [79.950621, 0.050323, 0.013699, 0.001008, 0.001432]
Convergence: 0.5425
----------------------------
differential_evolution step 95: f(x)= -5.556529588590919
Best Solution: [79.950621, 0.050323, 0.013699, 0.001008, 0.001432]
Convergence: 0.5507
----------------------------
differential_evolution step 96: f(x)= -5.556529588590919 20%|██        | 1/5 [1:01:28<4:05:52, 3688.08s/it]
Best Solution: [79.950621, 0.050323, 0.013699, 0.001008, 0.001432]
Convergence: 0.5957
----------------------------
differential_evolution step 97: f(x)= -5.563539267291729
Best Solution: [79.95050593, 0.05031139, 0.0136953, 0.0010168, 0.00143663]
Convergence: 0.6991
----------------------------
differential_evolution step 98: f(x)= -5.563539267291729
Best Solution: [79.95050593, 0.05031139, 0.0136953, 0.0010168, 0.00143663]
Convergence: 0.7536
----------------------------
differential_evolution step 99: f(x)= -5.569080701842572
Best Solution: [79.95043122, 0.05031128, 0.01369535, 0.00101158, 0.00142749]
Convergence: 1.1341
----------------------------

Optimal result for tg=79.950621:
             message: Optimization terminated successfully.
             success: True
                 fun: -5.569080701842572
                   x: [ 7.995e+01  5.031e-02  1.370e-02  1.012e-03
                        1.427e-03]
                 nit: 99
                nfev: 6400
          population: [[ 7.995e+01  5.031e-02 ...  1.012e-03  1.427e-03]
                       [ 7.995e+01  5.031e-02 ...  1.013e-03  1.429e-03]
                       ...
                       [ 7.995e+01  5.031e-02 ...  9.993e-04  1.429e-03]
                       [ 7.995e+01  5.030e-02 ...  1.011e-03  1.427e-03]]
 population_energies: [-5.569e+00 -5.556e+00 ... -5.446e+00 -5.492e+00]
Gate errors (log10) (truc1=157):
-5.5690807
Drive parameters:
[79.950431, 0.050311, 0.013695, 0.001012, 0.001427]
Full system error (truc_full=300):
-5.5690807

f_optimize = np.array([
-5.569080701842572 ,
])

f_optimize = np.array([
-5.569080701842572 ,
])

Current China Time: 2026-08-01 22:33:41.123518+08:00
differential_evolution step 1: f(x)= -5.750111770638846
Best Solution: [89.941952, 0.044576, 0.012149, 0.000826, 0.001154]
Convergence: 0.0038
----------------------------
differential_evolution step 2: f(x)= -5.750111770638846
Best Solution: [89.941952, 0.044576, 0.012149, 0.000826, 0.001154]
Convergence: 0.0041
----------------------------
differential_evolution step 3: f(x)= -5.750111770638846
Best Solution: [89.941952, 0.044576, 0.012149, 0.000826, 0.001154]
Convergence: 0.0045
----------------------------
differential_evolution step 4: f(x)= -5.750111770638846
Best Solution: [89.941952, 0.044576, 0.012149, 0.000826, 0.001154]
Convergence: 0.0046
----------------------------
differential_evolution step 5: f(x)= -5.750111770638846
Best Solution: [89.941952, 0.044576, 0.012149, 0.000826, 0.001154]
Convergence: 0.0049
----------------------------
differential_evolution step 6: f(x)= -5.750111770638846
Best Solution: [89.941952, 0.044576, 0.012149, 0.000826, 0.001154]
Convergence: 0.0049
----------------------------
differential_evolution step 7: f(x)= -5.750111770638846
Best Solution: [89.941952, 0.044576, 0.012149, 0.000826, 0.001154]
Convergence: 0.005
----------------------------
differential_evolution step 8: f(x)= -5.750111770638846
Best Solution: [89.941952, 0.044576, 0.012149, 0.000826, 0.001154]
Convergence: 0.0054
----------------------------
differential_evolution step 9: f(x)= -5.750111770638846
Best Solution: [89.941952, 0.044576, 0.012149, 0.000826, 0.001154]
Convergence: 0.0056
----------------------------
differential_evolution step 10: f(x)= -5.750111770638846
Best Solution: [89.941952, 0.044576, 0.012149, 0.000826, 0.001154]
Convergence: 0.0057
----------------------------
differential_evolution step 11: f(x)= -5.750111770638846
Best Solution: [89.941952, 0.044576, 0.012149, 0.000826, 0.001154]
Convergence: 0.0059
----------------------------
differential_evolution step 12: f(x)= -5.750111770638846
Best Solution: [89.941952, 0.044576, 0.012149, 0.000826, 0.001154]
Convergence: 0.0061
----------------------------
differential_evolution step 13: f(x)= -5.750111770638846
Best Solution: [89.941952, 0.044576, 0.012149, 0.000826, 0.001154]
Convergence: 0.0063
----------------------------
differential_evolution step 14: f(x)= -5.750111770638846
Best Solution: [89.941952, 0.044576, 0.012149, 0.000826, 0.001154]
Convergence: 0.0069
----------------------------
differential_evolution step 15: f(x)= -5.750111770638846
Best Solution: [89.941952, 0.044576, 0.012149, 0.000826, 0.001154]
Convergence: 0.007
----------------------------
differential_evolution step 16: f(x)= -5.750111770638846
Best Solution: [89.941952, 0.044576, 0.012149, 0.000826, 0.001154]
Convergence: 0.0075
----------------------------
differential_evolution step 17: f(x)= -5.750111770638846
Best Solution: [89.941952, 0.044576, 0.012149, 0.000826, 0.001154]
Convergence: 0.0077
----------------------------
differential_evolution step 18: f(x)= -5.750111770638846
Best Solution: [89.941952, 0.044576, 0.012149, 0.000826, 0.001154]
Convergence: 0.008
----------------------------
differential_evolution step 19: f(x)= -5.750111770638846
Best Solution: [89.941952, 0.044576, 0.012149, 0.000826, 0.001154]
Convergence: 0.0084
----------------------------
differential_evolution step 20: f(x)= -5.750111770638846
Best Solution: [89.941952, 0.044576, 0.012149, 0.000826, 0.001154]
Convergence: 0.0087
----------------------------
differential_evolution step 21: f(x)= -5.750111770638846
Best Solution: [89.941952, 0.044576, 0.012149, 0.000826, 0.001154]
Convergence: 0.0089
----------------------------
differential_evolution step 22: f(x)= -5.750111770638846
Best Solution: [89.941952, 0.044576, 0.012149, 0.000826, 0.001154]
Convergence: 0.0091
----------------------------
differential_evolution step 23: f(x)= -5.750111770638846
Best Solution: [89.941952, 0.044576, 0.012149, 0.000826, 0.001154]
Convergence: 0.0093
----------------------------
differential_evolution step 24: f(x)= -5.750111770638846
Best Solution: [89.941952, 0.044576, 0.012149, 0.000826, 0.001154]
Convergence: 0.0096
----------------------------
differential_evolution step 25: f(x)= -5.750111770638846
Best Solution: [89.941952, 0.044576, 0.012149, 0.000826, 0.001154]
Convergence: 0.0099
----------------------------
differential_evolution step 26: f(x)= -5.750111770638846
Best Solution: [89.941952, 0.044576, 0.012149, 0.000826, 0.001154]
Convergence: 0.01
----------------------------
differential_evolution step 27: f(x)= -5.750111770638846
Best Solution: [89.941952, 0.044576, 0.012149, 0.000826, 0.001154]
Convergence: 0.0101
----------------------------
differential_evolution step 28: f(x)= -5.750111770638846
Best Solution: [89.941952, 0.044576, 0.012149, 0.000826, 0.001154]
Convergence: 0.0106
----------------------------
differential_evolution step 29: f(x)= -5.750111770638846
Best Solution: [89.941952, 0.044576, 0.012149, 0.000826, 0.001154]
Convergence: 0.011
----------------------------
differential_evolution step 30: f(x)= -5.750111770638846
Best Solution: [89.941952, 0.044576, 0.012149, 0.000826, 0.001154]
Convergence: 0.0112
----------------------------
differential_evolution step 31: f(x)= -5.750111770638846
Best Solution: [89.941952, 0.044576, 0.012149, 0.000826, 0.001154]
Convergence: 0.0115
----------------------------
differential_evolution step 32: f(x)= -5.750111770638846
Best Solution: [89.941952, 0.044576, 0.012149, 0.000826, 0.001154]
Convergence: 0.0118
----------------------------
differential_evolution step 33: f(x)= -5.750111770638846
Best Solution: [89.941952, 0.044576, 0.012149, 0.000826, 0.001154]
Convergence: 0.0119
----------------------------
differential_evolution step 34: f(x)= -5.750111770638846
Best Solution: [89.941952, 0.044576, 0.012149, 0.000826, 0.001154]
Convergence: 0.0121
----------------------------
differential_evolution step 35: f(x)= -5.750111770638846
Best Solution: [89.941952, 0.044576, 0.012149, 0.000826, 0.001154]
Convergence: 0.0124
----------------------------
differential_evolution step 36: f(x)= -5.750111770638846
Best Solution: [89.941952, 0.044576, 0.012149, 0.000826, 0.001154]
Convergence: 0.0126
----------------------------
differential_evolution step 37: f(x)= -5.750111770638846
Best Solution: [89.941952, 0.044576, 0.012149, 0.000826, 0.001154]
Convergence: 0.0126
----------------------------
differential_evolution step 38: f(x)= -5.750111770638846
Best Solution: [89.941952, 0.044576, 0.012149, 0.000826, 0.001154]
Convergence: 0.0129
----------------------------
differential_evolution step 39: f(x)= -5.750111770638846
Best Solution: [89.941952, 0.044576, 0.012149, 0.000826, 0.001154]
Convergence: 0.0133
----------------------------
differential_evolution step 40: f(x)= -5.750111770638846
Best Solution: [89.941952, 0.044576, 0.012149, 0.000826, 0.001154]
Convergence: 0.0138
----------------------------
differential_evolution step 41: f(x)= -5.750111770638846
Best Solution: [89.941952, 0.044576, 0.012149, 0.000826, 0.001154]
Convergence: 0.014
----------------------------
differential_evolution step 42: f(x)= -5.750111770638846
Best Solution: [89.941952, 0.044576, 0.012149, 0.000826, 0.001154]
Convergence: 0.0148
----------------------------
differential_evolution step 43: f(x)= -5.750111770638846
Best Solution: [89.941952, 0.044576, 0.012149, 0.000826, 0.001154]
Convergence: 0.0151
----------------------------
differential_evolution step 44: f(x)= -5.750111770638846
Best Solution: [89.941952, 0.044576, 0.012149, 0.000826, 0.001154]
Convergence: 0.0155
----------------------------
differential_evolution step 45: f(x)= -5.750111770638846
Best Solution: [89.941952, 0.044576, 0.012149, 0.000826, 0.001154]
Convergence: 0.0158
----------------------------
differential_evolution step 46: f(x)= -5.750111770638846
Best Solution: [89.941952, 0.044576, 0.012149, 0.000826, 0.001154]
Convergence: 0.0158
----------------------------
differential_evolution step 47: f(x)= -5.750111770638846
Best Solution: [89.941952, 0.044576, 0.012149, 0.000826, 0.001154]
Convergence: 0.0165
----------------------------
differential_evolution step 48: f(x)= -5.750111770638846
Best Solution: [89.941952, 0.044576, 0.012149, 0.000826, 0.001154]
Convergence: 0.0167
----------------------------
differential_evolution step 49: f(x)= -5.750111770638846
Best Solution: [89.941952, 0.044576, 0.012149, 0.000826, 0.001154]
Convergence: 0.0171
----------------------------
differential_evolution step 50: f(x)= -5.750111770638846
Best Solution: [89.941952, 0.044576, 0.012149, 0.000826, 0.001154]
Convergence: 0.0176
----------------------------
differential_evolution step 51: f(x)= -5.750111770638846
Best Solution: [89.941952, 0.044576, 0.012149, 0.000826, 0.001154]
Convergence: 0.0176
----------------------------
differential_evolution step 52: f(x)= -5.750111770638846
Best Solution: [89.941952, 0.044576, 0.012149, 0.000826, 0.001154]
Convergence: 0.0177
----------------------------
differential_evolution step 53: f(x)= -5.750111770638846
Best Solution: [89.941952, 0.044576, 0.012149, 0.000826, 0.001154]
Convergence: 0.018
----------------------------
differential_evolution step 54: f(x)= -5.750111770638846
Best Solution: [89.941952, 0.044576, 0.012149, 0.000826, 0.001154]
Convergence: 0.0185
----------------------------
differential_evolution step 55: f(x)= -5.750111770638846
Best Solution: [89.941952, 0.044576, 0.012149, 0.000826, 0.001154]
Convergence: 0.0189
----------------------------
differential_evolution step 56: f(x)= -5.750111770638846
Best Solution: [89.941952, 0.044576, 0.012149, 0.000826, 0.001154]
Convergence: 0.0192
----------------------------
differential_evolution step 57: f(x)= -5.750111770638846
Best Solution: [89.941952, 0.044576, 0.012149, 0.000826, 0.001154]
Convergence: 0.0195
----------------------------
differential_evolution step 58: f(x)= -5.750111770638846
Best Solution: [89.941952, 0.044576, 0.012149, 0.000826, 0.001154]
Convergence: 0.0197
----------------------------
differential_evolution step 59: f(x)= -5.750111770638846
Best Solution: [89.941952, 0.044576, 0.012149, 0.000826, 0.001154]
Convergence: 0.0202
----------------------------
differential_evolution step 60: f(x)= -5.750111770638846
Best Solution: [89.941952, 0.044576, 0.012149, 0.000826, 0.001154]
Convergence: 0.0207
----------------------------
differential_evolution step 61: f(x)= -5.750111770638846
Best Solution: [89.941952, 0.044576, 0.012149, 0.000826, 0.001154]
Convergence: 0.021
----------------------------
differential_evolution step 62: f(x)= -5.750111770638846
Best Solution: [89.941952, 0.044576, 0.012149, 0.000826, 0.001154]
Convergence: 0.0213
----------------------------
differential_evolution step 63: f(x)= -5.750111770638846
Best Solution: [89.941952, 0.044576, 0.012149, 0.000826, 0.001154]
Convergence: 0.0216
----------------------------
differential_evolution step 64: f(x)= -5.750111770638846
Best Solution: [89.941952, 0.044576, 0.012149, 0.000826, 0.001154]
Convergence: 0.0221
----------------------------
differential_evolution step 65: f(x)= -5.750111770638846
Best Solution: [89.941952, 0.044576, 0.012149, 0.000826, 0.001154]
Convergence: 0.0231
----------------------------
differential_evolution step 66: f(x)= -5.750111770638846
Best Solution: [89.941952, 0.044576, 0.012149, 0.000826, 0.001154]
Convergence: 0.0234
----------------------------
differential_evolution step 67: f(x)= -5.750111770638846
Best Solution: [89.941952, 0.044576, 0.012149, 0.000826, 0.001154]
Convergence: 0.0234
----------------------------
differential_evolution step 68: f(x)= -5.750111770638846
Best Solution: [89.941952, 0.044576, 0.012149, 0.000826, 0.001154]
Convergence: 0.0236
----------------------------
differential_evolution step 69: f(x)= -5.750111770638846
Best Solution: [89.941952, 0.044576, 0.012149, 0.000826, 0.001154]
Convergence: 0.0241
----------------------------
differential_evolution step 70: f(x)= -5.750111770638846
Best Solution: [89.941952, 0.044576, 0.012149, 0.000826, 0.001154]
Convergence: 0.0243
----------------------------
differential_evolution step 71: f(x)= -5.750111770638846
Best Solution: [89.941952, 0.044576, 0.012149, 0.000826, 0.001154]
Convergence: 0.0244
----------------------------
differential_evolution step 72: f(x)= -5.750111770638846
Best Solution: [89.941952, 0.044576, 0.012149, 0.000826, 0.001154]
Convergence: 0.025
----------------------------
differential_evolution step 73: f(x)= -5.750111770638846
Best Solution: [89.941952, 0.044576, 0.012149, 0.000826, 0.001154]
Convergence: 0.0244
----------------------------
differential_evolution step 74: f(x)= -5.750111770638846
Best Solution: [89.941952, 0.044576, 0.012149, 0.000826, 0.001154]
Convergence: 0.025
----------------------------
differential_evolution step 75: f(x)= -5.750111770638846
Best Solution: [89.941952, 0.044576, 0.012149, 0.000826, 0.001154]
Convergence: 0.025
----------------------------
differential_evolution step 76: f(x)= -5.750111770638846
Best Solution: [89.941952, 0.044576, 0.012149, 0.000826, 0.001154]
Convergence: 0.0256
----------------------------
differential_evolution step 77: f(x)= -5.750111770638846
Best Solution: [89.941952, 0.044576, 0.012149, 0.000826, 0.001154]
Convergence: 0.0261
----------------------------
differential_evolution step 78: f(x)= -5.750111770638846
Best Solution: [89.941952, 0.044576, 0.012149, 0.000826, 0.001154]
Convergence: 0.0268
----------------------------
differential_evolution step 79: f(x)= -5.750111770638846
Best Solution: [89.941952, 0.044576, 0.012149, 0.000826, 0.001154]
Convergence: 0.0278
----------------------------
differential_evolution step 80: f(x)= -5.750111770638846
Best Solution: [89.941952, 0.044576, 0.012149, 0.000826, 0.001154]
Convergence: 0.0283
----------------------------
differential_evolution step 81: f(x)= -5.750111770638846
Best Solution: [89.941952, 0.044576, 0.012149, 0.000826, 0.001154]
Convergence: 0.0292
----------------------------
differential_evolution step 82: f(x)= -5.750111770638846
Best Solution: [89.941952, 0.044576, 0.012149, 0.000826, 0.001154]
Convergence: 0.0303
----------------------------
differential_evolution step 83: f(x)= -5.750111770638846
Best Solution: [89.941952, 0.044576, 0.012149, 0.000826, 0.001154]
Convergence: 0.0311
----------------------------
differential_evolution step 84: f(x)= -5.750111770638846
Best Solution: [89.941952, 0.044576, 0.012149, 0.000826, 0.001154]
Convergence: 0.0316
----------------------------
differential_evolution step 85: f(x)= -5.750111770638846
Best Solution: [89.941952, 0.044576, 0.012149, 0.000826, 0.001154]
Convergence: 0.0339
----------------------------
differential_evolution step 86: f(x)= -5.750111770638846
Best Solution: [89.941952, 0.044576, 0.012149, 0.000826, 0.001154]
Convergence: 0.0371
----------------------------
differential_evolution step 87: f(x)= -5.750111770638846
Best Solution: [89.941952, 0.044576, 0.012149, 0.000826, 0.001154]
Convergence: 0.0403
----------------------------
differential_evolution step 88: f(x)= -5.750111770638846
Best Solution: [89.941952, 0.044576, 0.012149, 0.000826, 0.001154]
Convergence: 0.0419
----------------------------
differential_evolution step 89: f(x)= -5.750111770638846
Best Solution: [89.941952, 0.044576, 0.012149, 0.000826, 0.001154]
Convergence: 0.0456
----------------------------
differential_evolution step 90: f(x)= -5.750111770638846
Best Solution: [89.941952, 0.044576, 0.012149, 0.000826, 0.001154]
Convergence: 0.0489
----------------------------
differential_evolution step 91: f(x)= -5.750111770638846
Best Solution: [89.941952, 0.044576, 0.012149, 0.000826, 0.001154]
Convergence: 0.0523
----------------------------
differential_evolution step 92: f(x)= -5.750111770638846
Best Solution: [89.941952, 0.044576, 0.012149, 0.000826, 0.001154]
Convergence: 0.0539
----------------------------
differential_evolution step 93: f(x)= -5.750111770638846
Best Solution: [89.941952, 0.044576, 0.012149, 0.000826, 0.001154]
Convergence: 0.0572
----------------------------
differential_evolution step 94: f(x)= -5.750111770638846
Best Solution: [89.941952, 0.044576, 0.012149, 0.000826, 0.001154]
Convergence: 0.0641
----------------------------
differential_evolution step 95: f(x)= -5.750111770638846
Best Solution: [89.941952, 0.044576, 0.012149, 0.000826, 0.001154]
Convergence: 0.0707
----------------------------
differential_evolution step 96: f(x)= -5.750111770638846 40%|████      | 2/5 [2:30:55<3:53:48, 4676.14s/it]
Best Solution: [89.941952, 0.044576, 0.012149, 0.000826, 0.001154]
Convergence: 0.0739
----------------------------
differential_evolution step 97: f(x)= -5.750111770638846
Best Solution: [89.941952, 0.044576, 0.012149, 0.000826, 0.001154]
Convergence: 0.0745
----------------------------
differential_evolution step 98: f(x)= -5.750111770638846
Best Solution: [89.941952, 0.044576, 0.012149, 0.000826, 0.001154]
Convergence: 0.0783
----------------------------
differential_evolution step 99: f(x)= -5.750111770638846
Best Solution: [89.941952, 0.044576, 0.012149, 0.000826, 0.001154]
Convergence: 0.0823
----------------------------
differential_evolution step 100: f(x)= -5.750111770638846
Best Solution: [89.941952, 0.044576, 0.012149, 0.000826, 0.001154]
Convergence: 0.0939
----------------------------
differential_evolution step 101: f(x)= -5.750111770638846
Best Solution: [89.941952, 0.044576, 0.012149, 0.000826, 0.001154]
Convergence: 0.0951
----------------------------
differential_evolution step 102: f(x)= -5.750111770638846
Best Solution: [89.941952, 0.044576, 0.012149, 0.000826, 0.001154]
Convergence: 0.0971
----------------------------
differential_evolution step 103: f(x)= -5.750111770638846
Best Solution: [89.941952, 0.044576, 0.012149, 0.000826, 0.001154]
Convergence: 0.0974
----------------------------
differential_evolution step 104: f(x)= -5.750111770638846
Best Solution: [89.941952, 0.044576, 0.012149, 0.000826, 0.001154]
Convergence: 0.0992
----------------------------
differential_evolution step 105: f(x)= -5.750111770638846
Best Solution: [89.941952, 0.044576, 0.012149, 0.000826, 0.001154]
Convergence: 0.1027
----------------------------
differential_evolution step 106: f(x)= -5.750111770638846
Best Solution: [89.941952, 0.044576, 0.012149, 0.000826, 0.001154]
Convergence: 0.1117
----------------------------
differential_evolution step 107: f(x)= -5.750111770638846
Best Solution: [89.941952, 0.044576, 0.012149, 0.000826, 0.001154]
Convergence: 0.1137
----------------------------
differential_evolution step 108: f(x)= -5.750111770638846
Best Solution: [89.941952, 0.044576, 0.012149, 0.000826, 0.001154]
Convergence: 0.1178
----------------------------
differential_evolution step 109: f(x)= -5.750111770638846
Best Solution: [89.941952, 0.044576, 0.012149, 0.000826, 0.001154]
Convergence: 0.1195
----------------------------
differential_evolution step 110: f(x)= -5.750111770638846
Best Solution: [89.941952, 0.044576, 0.012149, 0.000826, 0.001154]
Convergence: 0.121
----------------------------
differential_evolution step 111: f(x)= -5.750111770638846
Best Solution: [89.941952, 0.044576, 0.012149, 0.000826, 0.001154]
Convergence: 0.1318
----------------------------
differential_evolution step 112: f(x)= -5.750111770638846
Best Solution: [89.941952, 0.044576, 0.012149, 0.000826, 0.001154]
Convergence: 0.1479
----------------------------
differential_evolution step 113: f(x)= -5.750111770638846
Best Solution: [89.941952, 0.044576, 0.012149, 0.000826, 0.001154]
Convergence: 0.1546
----------------------------
differential_evolution step 114: f(x)= -5.750111770638846
Best Solution: [89.941952, 0.044576, 0.012149, 0.000826, 0.001154]
Convergence: 0.1717
----------------------------
differential_evolution step 115: f(x)= -5.750111770638846
Best Solution: [89.941952, 0.044576, 0.012149, 0.000826, 0.001154]
Convergence: 0.1812
----------------------------
differential_evolution step 116: f(x)= -5.750111770638846
Best Solution: [89.941952, 0.044576, 0.012149, 0.000826, 0.001154]
Convergence: 0.1894
----------------------------
differential_evolution step 117: f(x)= -5.750111770638846
Best Solution: [89.941952, 0.044576, 0.012149, 0.000826, 0.001154]
Convergence: 0.2324
----------------------------
differential_evolution step 118: f(x)= -5.750111770638846
Best Solution: [89.941952, 0.044576, 0.012149, 0.000826, 0.001154]
Convergence: 0.3015
----------------------------
differential_evolution step 119: f(x)= -5.750111770638846
Best Solution: [89.941952, 0.044576, 0.012149, 0.000826, 0.001154]
Convergence: 0.3426
----------------------------
differential_evolution step 120: f(x)= -5.750111770638846
Best Solution: [89.941952, 0.044576, 0.012149, 0.000826, 0.001154]
Convergence: 0.3627
----------------------------
differential_evolution step 121: f(x)= -5.750111770638846
Best Solution: [89.941952, 0.044576, 0.012149, 0.000826, 0.001154]
Convergence: 0.3776
----------------------------
differential_evolution step 122: f(x)= -5.750487963546641
Best Solution: [89.94187063, 0.04457946, 0.01215022, 0.00083059, 0.00115603]
Convergence: 0.3972
----------------------------
differential_evolution step 123: f(x)= -5.750487963546641
Best Solution: [89.94187063, 0.04457946, 0.01215022, 0.00083059, 0.00115603]
Convergence: 0.4135
----------------------------
differential_evolution step 124: f(x)= -5.755778973053226
Best Solution: [89.94190651, 0.04458296, 0.01214928, 0.00082467, 0.00115256]
Convergence: 0.4963
----------------------------
differential_evolution step 125: f(x)= -5.755778973053226
Best Solution: [89.94190651, 0.04458296, 0.01214928, 0.00082467, 0.00115256]
Convergence: 0.5348
----------------------------
differential_evolution step 126: f(x)= -5.755778973053226
Best Solution: [89.94190651, 0.04458296, 0.01214928, 0.00082467, 0.00115256]
Convergence: 0.6286
----------------------------
differential_evolution step 127: f(x)= -5.757482551797349
Best Solution: [89.94191521, 0.04458202, 0.01214924, 0.00082943, 0.00115653]
Convergence: 0.7556
----------------------------
differential_evolution step 128: f(x)= -5.758019653896562
Best Solution: [89.94198076, 0.04457845, 0.01214851, 0.00082363, 0.00115337]
Convergence: 0.8706
----------------------------
differential_evolution step 129: f(x)= -5.774364222485871
Best Solution: [89.94194176, 0.04457467, 0.01215063, 0.00082666, 0.00115589]
Convergence: 1.1257
----------------------------

Optimal result for tg=89.941952:
             message: Optimization terminated successfully.
             success: True
                 fun: -5.774364222485871
                   x: [ 8.994e+01  4.457e-02  1.215e-02  8.267e-04
                        1.156e-03]
                 nit: 129
                nfev: 8320
          population: [[ 8.994e+01  4.457e-02 ...  8.267e-04  1.156e-03]
                       [ 8.994e+01  4.458e-02 ...  8.227e-04  1.150e-03]
                       ...
                       [ 8.994e+01  4.458e-02 ...  8.270e-04  1.155e-03]
                       [ 8.994e+01  4.458e-02 ...  8.213e-04  1.154e-03]]
 population_energies: [-5.774e+00 -5.743e+00 ... -5.692e+00 -5.698e+00]
Gate errors (log10) (truc1=157):
-5.5690807, -5.77436422
Drive parameters:
[89.941942, 0.044575, 0.012151, 0.000827, 0.001156]
Full system error (truc_full=300):
-5.5690807, -5.77436422

f_optimize = np.array([
-5.569080701842572, -5.774364222485871 ,
])

f_optimize = np.array([
-5.569080701842572, -5.774364222485871 ,
])

Current China Time: 2026-08-02 00:03:08.897134+08:00
differential_evolution step 1: f(x)= -5.902301787817733
Best Solution: [99.933664, 0.040022, 0.010918, 0.000683, 0.000949]
Convergence: 0.0035
----------------------------
differential_evolution step 2: f(x)= -5.902301787817733
Best Solution: [99.933664, 0.040022, 0.010918, 0.000683, 0.000949]
Convergence: 0.0038
----------------------------
differential_evolution step 3: f(x)= -5.902301787817733
Best Solution: [99.933664, 0.040022, 0.010918, 0.000683, 0.000949]
Convergence: 0.0041
----------------------------
differential_evolution step 4: f(x)= -5.902301787817733
Best Solution: [99.933664, 0.040022, 0.010918, 0.000683, 0.000949]
Convergence: 0.0042
----------------------------
differential_evolution step 5: f(x)= -5.902301787817733
Best Solution: [99.933664, 0.040022, 0.010918, 0.000683, 0.000949]
Convergence: 0.0043
----------------------------
differential_evolution step 6: f(x)= -5.902301787817733
Best Solution: [99.933664, 0.040022, 0.010918, 0.000683, 0.000949]
Convergence: 0.0043
----------------------------
differential_evolution step 7: f(x)= -5.902301787817733
Best Solution: [99.933664, 0.040022, 0.010918, 0.000683, 0.000949]
Convergence: 0.0044
----------------------------
differential_evolution step 8: f(x)= -5.902301787817733
Best Solution: [99.933664, 0.040022, 0.010918, 0.000683, 0.000949]
Convergence: 0.0046
----------------------------
differential_evolution step 9: f(x)= -5.902301787817733
Best Solution: [99.933664, 0.040022, 0.010918, 0.000683, 0.000949]
Convergence: 0.0048
----------------------------
differential_evolution step 10: f(x)= -5.902301787817733
Best Solution: [99.933664, 0.040022, 0.010918, 0.000683, 0.000949]
Convergence: 0.0048
----------------------------
differential_evolution step 11: f(x)= -5.902301787817733
Best Solution: [99.933664, 0.040022, 0.010918, 0.000683, 0.000949]
Convergence: 0.005
----------------------------
differential_evolution step 12: f(x)= -5.902301787817733
Best Solution: [99.933664, 0.040022, 0.010918, 0.000683, 0.000949]
Convergence: 0.0052
----------------------------
differential_evolution step 13: f(x)= -5.902301787817733
Best Solution: [99.933664, 0.040022, 0.010918, 0.000683, 0.000949]
Convergence: 0.0053
----------------------------
differential_evolution step 14: f(x)= -5.902301787817733
Best Solution: [99.933664, 0.040022, 0.010918, 0.000683, 0.000949]
Convergence: 0.0053
----------------------------
differential_evolution step 15: f(x)= -5.902301787817733
Best Solution: [99.933664, 0.040022, 0.010918, 0.000683, 0.000949]
Convergence: 0.0056
----------------------------
differential_evolution step 16: f(x)= -5.902301787817733
Best Solution: [99.933664, 0.040022, 0.010918, 0.000683, 0.000949]
Convergence: 0.0059
----------------------------
differential_evolution step 17: f(x)= -5.902301787817733
Best Solution: [99.933664, 0.040022, 0.010918, 0.000683, 0.000949]
Convergence: 0.0061
----------------------------
differential_evolution step 18: f(x)= -5.902301787817733
Best Solution: [99.933664, 0.040022, 0.010918, 0.000683, 0.000949]
Convergence: 0.0063
----------------------------
differential_evolution step 19: f(x)= -5.902301787817733
Best Solution: [99.933664, 0.040022, 0.010918, 0.000683, 0.000949]
Convergence: 0.0066
----------------------------
differential_evolution step 20: f(x)= -5.902301787817733
Best Solution: [99.933664, 0.040022, 0.010918, 0.000683, 0.000949]
Convergence: 0.0071
----------------------------
differential_evolution step 21: f(x)= -5.902301787817733
Best Solution: [99.933664, 0.040022, 0.010918, 0.000683, 0.000949]
Convergence: 0.0063
----------------------------
differential_evolution step 22: f(x)= -5.902301787817733
Best Solution: [99.933664, 0.040022, 0.010918, 0.000683, 0.000949]
Convergence: 0.0066
----------------------------
differential_evolution step 23: f(x)= -5.902301787817733
Best Solution: [99.933664, 0.040022, 0.010918, 0.000683, 0.000949]
Convergence: 0.0065
----------------------------
differential_evolution step 24: f(x)= -5.902301787817733
Best Solution: [99.933664, 0.040022, 0.010918, 0.000683, 0.000949]
Convergence: 0.0066
----------------------------
differential_evolution step 25: f(x)= -5.902301787817733
Best Solution: [99.933664, 0.040022, 0.010918, 0.000683, 0.000949]
Convergence: 0.0068
----------------------------
differential_evolution step 26: f(x)= -5.902301787817733
Best Solution: [99.933664, 0.040022, 0.010918, 0.000683, 0.000949]
Convergence: 0.0068
----------------------------
differential_evolution step 27: f(x)= -5.902301787817733
Best Solution: [99.933664, 0.040022, 0.010918, 0.000683, 0.000949]
Convergence: 0.0069
----------------------------
differential_evolution step 28: f(x)= -5.902301787817733
Best Solution: [99.933664, 0.040022, 0.010918, 0.000683, 0.000949]
Convergence: 0.0071
----------------------------
differential_evolution step 29: f(x)= -5.902301787817733
Best Solution: [99.933664, 0.040022, 0.010918, 0.000683, 0.000949]
Convergence: 0.0072
----------------------------
differential_evolution step 30: f(x)= -5.902301787817733
Best Solution: [99.933664, 0.040022, 0.010918, 0.000683, 0.000949]
Convergence: 0.0074
----------------------------
differential_evolution step 31: f(x)= -5.902301787817733
Best Solution: [99.933664, 0.040022, 0.010918, 0.000683, 0.000949]
Convergence: 0.0076
----------------------------
differential_evolution step 32: f(x)= -5.902301787817733
Best Solution: [99.933664, 0.040022, 0.010918, 0.000683, 0.000949]
Convergence: 0.0075
----------------------------
differential_evolution step 33: f(x)= -5.902301787817733
Best Solution: [99.933664, 0.040022, 0.010918, 0.000683, 0.000949]
Convergence: 0.0077
----------------------------
differential_evolution step 34: f(x)= -5.902301787817733
Best Solution: [99.933664, 0.040022, 0.010918, 0.000683, 0.000949]
Convergence: 0.0077
----------------------------
differential_evolution step 35: f(x)= -5.902301787817733
Best Solution: [99.933664, 0.040022, 0.010918, 0.000683, 0.000949]
Convergence: 0.0079
----------------------------
differential_evolution step 36: f(x)= -5.902301787817733
Best Solution: [99.933664, 0.040022, 0.010918, 0.000683, 0.000949]
Convergence: 0.008
----------------------------
differential_evolution step 37: f(x)= -5.902301787817733
Best Solution: [99.933664, 0.040022, 0.010918, 0.000683, 0.000949]
Convergence: 0.0081
----------------------------
differential_evolution step 38: f(x)= -5.902301787817733
Best Solution: [99.933664, 0.040022, 0.010918, 0.000683, 0.000949]
Convergence: 0.0084
----------------------------
differential_evolution step 39: f(x)= -5.902301787817733
Best Solution: [99.933664, 0.040022, 0.010918, 0.000683, 0.000949]
Convergence: 0.0086
----------------------------
differential_evolution step 40: f(x)= -5.902301787817733
Best Solution: [99.933664, 0.040022, 0.010918, 0.000683, 0.000949]
Convergence: 0.0089
----------------------------
differential_evolution step 41: f(x)= -5.902301787817733
Best Solution: [99.933664, 0.040022, 0.010918, 0.000683, 0.000949]
Convergence: 0.009
----------------------------
differential_evolution step 42: f(x)= -5.902301787817733
Best Solution: [99.933664, 0.040022, 0.010918, 0.000683, 0.000949]
Convergence: 0.0091
----------------------------
differential_evolution step 43: f(x)= -5.902301787817733
Best Solution: [99.933664, 0.040022, 0.010918, 0.000683, 0.000949]
Convergence: 0.0092
----------------------------
differential_evolution step 44: f(x)= -5.902301787817733
Best Solution: [99.933664, 0.040022, 0.010918, 0.000683, 0.000949]
Convergence: 0.0094
----------------------------
differential_evolution step 45: f(x)= -5.902301787817733
Best Solution: [99.933664, 0.040022, 0.010918, 0.000683, 0.000949]
Convergence: 0.0097
----------------------------
differential_evolution step 46: f(x)= -5.902301787817733
Best Solution: [99.933664, 0.040022, 0.010918, 0.000683, 0.000949]
Convergence: 0.0099
----------------------------
differential_evolution step 47: f(x)= -5.902301787817733
Best Solution: [99.933664, 0.040022, 0.010918, 0.000683, 0.000949]
Convergence: 0.0097
----------------------------
differential_evolution step 48: f(x)= -5.902301787817733
Best Solution: [99.933664, 0.040022, 0.010918, 0.000683, 0.000949] 60%|██████    | 3/5 [3:35:46<2:23:55, 4317.55s/it]
Convergence: 0.01
----------------------------
differential_evolution step 49: f(x)= -5.902301787817733
Best Solution: [99.933664, 0.040022, 0.010918, 0.000683, 0.000949]
Convergence: 0.0102
----------------------------
differential_evolution step 50: f(x)= -5.902301787817733
Best Solution: [99.933664, 0.040022, 0.010918, 0.000683, 0.000949]
Convergence: 0.0109
----------------------------
differential_evolution step 51: f(x)= -5.902301787817733
Best Solution: [99.933664, 0.040022, 0.010918, 0.000683, 0.000949]
Convergence: 0.0111
----------------------------
differential_evolution step 52: f(x)= -5.902301787817733
Best Solution: [99.933664, 0.040022, 0.010918, 0.000683, 0.000949]
Convergence: 0.0112
----------------------------
differential_evolution step 53: f(x)= -5.902301787817733
Best Solution: [99.933664, 0.040022, 0.010918, 0.000683, 0.000949]
Convergence: 0.0112
----------------------------
differential_evolution step 54: f(x)= -5.902301787817733
Best Solution: [99.933664, 0.040022, 0.010918, 0.000683, 0.000949]
Convergence: 0.0115
----------------------------
differential_evolution step 55: f(x)= -5.902301787817733
Best Solution: [99.933664, 0.040022, 0.010918, 0.000683, 0.000949]
Convergence: 0.012
----------------------------
differential_evolution step 56: f(x)= -5.902301787817733
Best Solution: [99.933664, 0.040022, 0.010918, 0.000683, 0.000949]
Convergence: 0.0126
----------------------------
differential_evolution step 57: f(x)= -5.902301787817733
Best Solution: [99.933664, 0.040022, 0.010918, 0.000683, 0.000949]
Convergence: 0.0129
----------------------------
differential_evolution step 58: f(x)= -5.902301787817733
Best Solution: [99.933664, 0.040022, 0.010918, 0.000683, 0.000949]
Convergence: 0.0132
----------------------------
differential_evolution step 59: f(x)= -5.902301787817733
Best Solution: [99.933664, 0.040022, 0.010918, 0.000683, 0.000949]
Convergence: 0.0134
----------------------------
differential_evolution step 60: f(x)= -5.902301787817733
Best Solution: [99.933664, 0.040022, 0.010918, 0.000683, 0.000949]
Convergence: 0.0136
----------------------------
differential_evolution step 61: f(x)= -5.902301787817733
Best Solution: [99.933664, 0.040022, 0.010918, 0.000683, 0.000949]
Convergence: 0.0138
----------------------------
differential_evolution step 62: f(x)= -5.902301787817733
Best Solution: [99.933664, 0.040022, 0.010918, 0.000683, 0.000949]
Convergence: 0.0145
----------------------------
differential_evolution step 63: f(x)= -5.902301787817733
Best Solution: [99.933664, 0.040022, 0.010918, 0.000683, 0.000949]
Convergence: 0.0154
----------------------------
differential_evolution step 64: f(x)= -5.902301787817733
Best Solution: [99.933664, 0.040022, 0.010918, 0.000683, 0.000949]
Convergence: 0.0157
----------------------------
differential_evolution step 65: f(x)= -5.902301787817733
Best Solution: [99.933664, 0.040022, 0.010918, 0.000683, 0.000949]
Convergence: 0.0167
----------------------------
differential_evolution step 66: f(x)= -5.902301787817733
Best Solution: [99.933664, 0.040022, 0.010918, 0.000683, 0.000949]
Convergence: 0.0173
----------------------------
differential_evolution step 67: f(x)= -5.902301787817733
Best Solution: [99.933664, 0.040022, 0.010918, 0.000683, 0.000949]
Convergence: 0.0185
----------------------------
differential_evolution step 68: f(x)= -5.902301787817733
Best Solution: [99.933664, 0.040022, 0.010918, 0.000683, 0.000949]
Convergence: 0.0193
----------------------------
differential_evolution step 69: f(x)= -5.902301787817733
Best Solution: [99.933664, 0.040022, 0.010918, 0.000683, 0.000949]
Convergence: 0.0199
----------------------------
differential_evolution step 70: f(x)= -5.902301787817733
Best Solution: [99.933664, 0.040022, 0.010918, 0.000683, 0.000949]
Convergence: 0.0218
----------------------------
differential_evolution step 71: f(x)= -5.902301787817733
Best Solution: [99.933664, 0.040022, 0.010918, 0.000683, 0.000949]
Convergence: 0.024
----------------------------
differential_evolution step 72: f(x)= -5.902301787817733
Best Solution: [99.933664, 0.040022, 0.010918, 0.000683, 0.000949]
Convergence: 0.0261
----------------------------
differential_evolution step 73: f(x)= -5.902301787817733
Best Solution: [99.933664, 0.040022, 0.010918, 0.000683, 0.000949]
Convergence: 0.0281
----------------------------
differential_evolution step 74: f(x)= -5.902301787817733
Best Solution: [99.933664, 0.040022, 0.010918, 0.000683, 0.000949]
Convergence: 0.032
----------------------------
differential_evolution step 75: f(x)= -5.902301787817733
Best Solution: [99.933664, 0.040022, 0.010918, 0.000683, 0.000949]
Convergence: 0.0409
----------------------------
differential_evolution step 76: f(x)= -5.902301787817733
Best Solution: [99.933664, 0.040022, 0.010918, 0.000683, 0.000949]
Convergence: 0.0539
----------------------------
differential_evolution step 77: f(x)= -5.902301787817733
Best Solution: [99.933664, 0.040022, 0.010918, 0.000683, 0.000949]
Convergence: 0.0678
----------------------------
differential_evolution step 78: f(x)= -5.902301787817733
Best Solution: [99.933664, 0.040022, 0.010918, 0.000683, 0.000949]
Convergence: 0.0804
----------------------------
differential_evolution step 79: f(x)= -5.919320671896988
Best Solution: [99.93366527, 0.04002668, 0.01091831, 0.00068426, 0.00095084]
Convergence: 0.1102
----------------------------
differential_evolution step 80: f(x)= -5.919320671896988
Best Solution: [99.93366527, 0.04002668, 0.01091831, 0.00068426, 0.00095084]
Convergence: 0.1158
----------------------------
differential_evolution step 81: f(x)= -5.919320671896988
Best Solution: [99.93366527, 0.04002668, 0.01091831, 0.00068426, 0.00095084]
Convergence: 0.1169
----------------------------
differential_evolution step 82: f(x)= -5.919320671896988
Best Solution: [99.93366527, 0.04002668, 0.01091831, 0.00068426, 0.00095084]
Convergence: 0.1184
----------------------------
differential_evolution step 83: f(x)= -5.919320671896988
Best Solution: [99.93366527, 0.04002668, 0.01091831, 0.00068426, 0.00095084]
Convergence: 0.1197
----------------------------
differential_evolution step 84: f(x)= -5.919320671896988
Best Solution: [99.93366527, 0.04002668, 0.01091831, 0.00068426, 0.00095084]
Convergence: 1.4001
----------------------------

Optimal result for tg=99.933664:
             message: Optimization terminated successfully.
             success: True
                 fun: -5.919320671896988
                   x: [ 9.993e+01  4.003e-02  1.092e-02  6.843e-04
                        9.508e-04]
                 nit: 84
                nfev: 5440
          population: [[ 9.993e+01  4.003e-02 ...  6.843e-04  9.508e-04]
                       [ 9.993e+01  4.004e-02 ...  6.856e-04  9.521e-04]
                       ...
                       [ 9.993e+01  4.002e-02 ...  6.850e-04  9.504e-04]
                       [ 9.993e+01  4.003e-02 ...  6.844e-04  9.512e-04]]
 population_energies: [-5.919e+00 -5.850e+00 ... -5.840e+00 -5.895e+00]
Gate errors (log10) (truc1=157):
-5.5690807, -5.77436422, -5.91932067
Drive parameters:
[99.933665, 0.040027, 0.010918, 0.000684, 0.000951]
Full system error (truc_full=300):
-5.5690807, -5.77436422, -5.91932067

f_optimize = np.array([
-5.569080701842572, -5.774364222485871, -5.919320671896988 ,
])

f_optimize = np.array([
-5.569080701842572, -5.774364222485871, -5.919320671896988 ,
])

Current China Time: 2026-08-02 01:07:59.728029+08:00
differential_evolution step 1: f(x)= -5.959322969297289
Best Solution: [109.925465, 0.036325, 0.009915, 0.000575, 0.000792]
Convergence: 0.0034
----------------------------
differential_evolution step 2: f(x)= -5.959322969297289
Best Solution: [109.925465, 0.036325, 0.009915, 0.000575, 0.000792]
Convergence: 0.0037
----------------------------
differential_evolution step 3: f(x)= -5.959322969297289
Best Solution: [109.925465, 0.036325, 0.009915, 0.000575, 0.000792]
Convergence: 0.0039
----------------------------
differential_evolution step 4: f(x)= -5.959322969297289
Best Solution: [109.925465, 0.036325, 0.009915, 0.000575, 0.000792]
Convergence: 0.0043
----------------------------
differential_evolution step 5: f(x)= -5.959322969297289
Best Solution: [109.925465, 0.036325, 0.009915, 0.000575, 0.000792]
Convergence: 0.0043
----------------------------
differential_evolution step 6: f(x)= -5.959322969297289
Best Solution: [109.925465, 0.036325, 0.009915, 0.000575, 0.000792]
Convergence: 0.0045
----------------------------
differential_evolution step 7: f(x)= -5.959322969297289
Best Solution: [109.925465, 0.036325, 0.009915, 0.000575, 0.000792]
Convergence: 0.0048
----------------------------
differential_evolution step 8: f(x)= -5.959322969297289
Best Solution: [109.925465, 0.036325, 0.009915, 0.000575, 0.000792]
Convergence: 0.0048
----------------------------
differential_evolution step 9: f(x)= -5.959322969297289
Best Solution: [109.925465, 0.036325, 0.009915, 0.000575, 0.000792]
Convergence: 0.005
----------------------------
differential_evolution step 10: f(x)= -5.959322969297289
Best Solution: [109.925465, 0.036325, 0.009915, 0.000575, 0.000792]
Convergence: 0.0052
----------------------------
differential_evolution step 11: f(x)= -5.959322969297289
Best Solution: [109.925465, 0.036325, 0.009915, 0.000575, 0.000792]
Convergence: 0.0054
----------------------------
differential_evolution step 12: f(x)= -5.959322969297289
Best Solution: [109.925465, 0.036325, 0.009915, 0.000575, 0.000792]
Convergence: 0.0056
----------------------------
differential_evolution step 13: f(x)= -5.959322969297289
Best Solution: [109.925465, 0.036325, 0.009915, 0.000575, 0.000792]
Convergence: 0.0059
----------------------------
differential_evolution step 14: f(x)= -5.959322969297289
Best Solution: [109.925465, 0.036325, 0.009915, 0.000575, 0.000792]
Convergence: 0.0061
----------------------------
differential_evolution step 15: f(x)= -5.959322969297289
Best Solution: [109.925465, 0.036325, 0.009915, 0.000575, 0.000792]
Convergence: 0.0065
----------------------------
differential_evolution step 16: f(x)= -5.959322969297289
Best Solution: [109.925465, 0.036325, 0.009915, 0.000575, 0.000792]
Convergence: 0.0067
----------------------------
differential_evolution step 17: f(x)= -5.959322969297289
Best Solution: [109.925465, 0.036325, 0.009915, 0.000575, 0.000792]
Convergence: 0.0068
----------------------------
differential_evolution step 18: f(x)= -5.959322969297289
Best Solution: [109.925465, 0.036325, 0.009915, 0.000575, 0.000792]
Convergence: 0.0073
----------------------------
differential_evolution step 19: f(x)= -5.959322969297289
Best Solution: [109.925465, 0.036325, 0.009915, 0.000575, 0.000792]
Convergence: 0.0077
----------------------------
differential_evolution step 20: f(x)= -5.959322969297289
Best Solution: [109.925465, 0.036325, 0.009915, 0.000575, 0.000792]
Convergence: 0.0078
----------------------------
differential_evolution step 21: f(x)= -5.959322969297289
Best Solution: [109.925465, 0.036325, 0.009915, 0.000575, 0.000792]
Convergence: 0.008
----------------------------
differential_evolution step 22: f(x)= -5.959322969297289
Best Solution: [109.925465, 0.036325, 0.009915, 0.000575, 0.000792]
Convergence: 0.0082
----------------------------
differential_evolution step 23: f(x)= -5.959322969297289
Best Solution: [109.925465, 0.036325, 0.009915, 0.000575, 0.000792]
Convergence: 0.0087
----------------------------
differential_evolution step 24: f(x)= -5.959322969297289
Best Solution: [109.925465, 0.036325, 0.009915, 0.000575, 0.000792]
Convergence: 0.009
----------------------------
differential_evolution step 25: f(x)= -5.959322969297289
Best Solution: [109.925465, 0.036325, 0.009915, 0.000575, 0.000792]
Convergence: 0.009
----------------------------
differential_evolution step 26: f(x)= -5.959322969297289
Best Solution: [109.925465, 0.036325, 0.009915, 0.000575, 0.000792]
Convergence: 0.0095
----------------------------
differential_evolution step 27: f(x)= -5.959322969297289
Best Solution: [109.925465, 0.036325, 0.009915, 0.000575, 0.000792]
Convergence: 0.0099
----------------------------
differential_evolution step 28: f(x)= -5.959322969297289
Best Solution: [109.925465, 0.036325, 0.009915, 0.000575, 0.000792]
Convergence: 0.01
----------------------------
differential_evolution step 29: f(x)= -5.959322969297289
Best Solution: [109.925465, 0.036325, 0.009915, 0.000575, 0.000792]
Convergence: 0.0102
----------------------------
differential_evolution step 30: f(x)= -5.959322969297289
Best Solution: [109.925465, 0.036325, 0.009915, 0.000575, 0.000792]
Convergence: 0.0104
----------------------------
differential_evolution step 31: f(x)= -5.959322969297289
Best Solution: [109.925465, 0.036325, 0.009915, 0.000575, 0.000792]
Convergence: 0.0105
----------------------------
differential_evolution step 32: f(x)= -5.959322969297289
Best Solution: [109.925465, 0.036325, 0.009915, 0.000575, 0.000792]
Convergence: 0.0106
----------------------------
differential_evolution step 33: f(x)= -5.959322969297289
Best Solution: [109.925465, 0.036325, 0.009915, 0.000575, 0.000792]
Convergence: 0.0109
----------------------------
differential_evolution step 34: f(x)= -5.959322969297289
Best Solution: [109.925465, 0.036325, 0.009915, 0.000575, 0.000792]
Convergence: 0.0111
----------------------------
differential_evolution step 35: f(x)= -5.959322969297289
Best Solution: [109.925465, 0.036325, 0.009915, 0.000575, 0.000792]
Convergence: 0.0115
----------------------------
differential_evolution step 36: f(x)= -5.959322969297289
Best Solution: [109.925465, 0.036325, 0.009915, 0.000575, 0.000792]
Convergence: 0.0119
----------------------------
differential_evolution step 37: f(x)= -5.959322969297289
Best Solution: [109.925465, 0.036325, 0.009915, 0.000575, 0.000792]
Convergence: 0.0123
----------------------------
differential_evolution step 38: f(x)= -5.959322969297289
Best Solution: [109.925465, 0.036325, 0.009915, 0.000575, 0.000792]
Convergence: 0.0124
----------------------------
differential_evolution step 39: f(x)= -5.959322969297289
Best Solution: [109.925465, 0.036325, 0.009915, 0.000575, 0.000792]
Convergence: 0.0127
----------------------------
differential_evolution step 40: f(x)= -5.959322969297289
Best Solution: [109.925465, 0.036325, 0.009915, 0.000575, 0.000792]
Convergence: 0.0134
----------------------------
differential_evolution step 41: f(x)= -5.959322969297289
Best Solution: [109.925465, 0.036325, 0.009915, 0.000575, 0.000792]
Convergence: 0.0136
----------------------------
differential_evolution step 42: f(x)= -5.959322969297289
Best Solution: [109.925465, 0.036325, 0.009915, 0.000575, 0.000792]
Convergence: 0.0141
----------------------------
differential_evolution step 43: f(x)= -5.959322969297289
Best Solution: [109.925465, 0.036325, 0.009915, 0.000575, 0.000792]
Convergence: 0.0147
----------------------------
differential_evolution step 44: f(x)= -5.959322969297289
Best Solution: [109.925465, 0.036325, 0.009915, 0.000575, 0.000792]
Convergence: 0.015
----------------------------
differential_evolution step 45: f(x)= -5.959322969297289
Best Solution: [109.925465, 0.036325, 0.009915, 0.000575, 0.000792]
Convergence: 0.0153
----------------------------
differential_evolution step 46: f(x)= -5.959322969297289
Best Solution: [109.925465, 0.036325, 0.009915, 0.000575, 0.000792]
Convergence: 0.0156
----------------------------
differential_evolution step 47: f(x)= -5.959322969297289
Best Solution: [109.925465, 0.036325, 0.009915, 0.000575, 0.000792]
Convergence: 0.016
----------------------------
differential_evolution step 48: f(x)= -5.959322969297289
Best Solution: [109.925465, 0.036325, 0.009915, 0.000575, 0.000792]
Convergence: 0.0162
----------------------------
differential_evolution step 49: f(x)= -5.959322969297289
Best Solution: [109.925465, 0.036325, 0.009915, 0.000575, 0.000792]
Convergence: 0.0165
----------------------------
differential_evolution step 50: f(x)= -5.959322969297289
Best Solution: [109.925465, 0.036325, 0.009915, 0.000575, 0.000792]
Convergence: 0.0169
----------------------------
differential_evolution step 51: f(x)= -5.959322969297289
Best Solution: [109.925465, 0.036325, 0.009915, 0.000575, 0.000792]
Convergence: 0.0174
----------------------------
differential_evolution step 52: f(x)= -5.959322969297289
Best Solution: [109.925465, 0.036325, 0.009915, 0.000575, 0.000792]
Convergence: 0.0179
----------------------------
differential_evolution step 53: f(x)= -5.959322969297289
Best Solution: [109.925465, 0.036325, 0.009915, 0.000575, 0.000792]
Convergence: 0.0183
----------------------------
differential_evolution step 54: f(x)= -5.959322969297289
Best Solution: [109.925465, 0.036325, 0.009915, 0.000575, 0.000792]
Convergence: 0.0195
----------------------------
differential_evolution step 55: f(x)= -5.959322969297289
Best Solution: [109.925465, 0.036325, 0.009915, 0.000575, 0.000792]
Convergence: 0.0201
----------------------------
differential_evolution step 56: f(x)= -5.959322969297289
Best Solution: [109.925465, 0.036325, 0.009915, 0.000575, 0.000792]
Convergence: 0.0213
----------------------------
differential_evolution step 57: f(x)= -5.959322969297289
Best Solution: [109.925465, 0.036325, 0.009915, 0.000575, 0.000792]
Convergence: 0.0219
----------------------------
differential_evolution step 58: f(x)= -5.959322969297289
Best Solution: [109.925465, 0.036325, 0.009915, 0.000575, 0.000792]
Convergence: 0.0228
----------------------------
differential_evolution step 59: f(x)= -5.959322969297289
Best Solution: [109.925465, 0.036325, 0.009915, 0.000575, 0.000792]
Convergence: 0.0244
----------------------------
differential_evolution step 60: f(x)= -5.959322969297289
Best Solution: [109.925465, 0.036325, 0.009915, 0.000575, 0.000792]
Convergence: 0.0256
----------------------------
differential_evolution step 61: f(x)= -5.959322969297289
Best Solution: [109.925465, 0.036325, 0.009915, 0.000575, 0.000792]
Convergence: 0.0273
----------------------------
differential_evolution step 62: f(x)= -5.959322969297289
Best Solution: [109.925465, 0.036325, 0.009915, 0.000575, 0.000792]
Convergence: 0.0292
----------------------------
differential_evolution step 63: f(x)= -5.959322969297289
Best Solution: [109.925465, 0.036325, 0.009915, 0.000575, 0.000792]
Convergence: 0.0296
----------------------------
differential_evolution step 64: f(x)= -5.959322969297289
Best Solution: [109.925465, 0.036325, 0.009915, 0.000575, 0.000792]
Convergence: 0.0315
----------------------------
differential_evolution step 65: f(x)= -5.959322969297289
Best Solution: [109.925465, 0.036325, 0.009915, 0.000575, 0.000792]
Convergence: 0.0333
----------------------------
differential_evolution step 66: f(x)= -5.959322969297289
Best Solution: [109.925465, 0.036325, 0.009915, 0.000575, 0.000792]
Convergence: 0.0367
----------------------------
differential_evolution step 67: f(x)= -5.959322969297289
Best Solution: [109.925465, 0.036325, 0.009915, 0.000575, 0.000792]
Convergence: 0.0401
----------------------------
differential_evolution step 68: f(x)= -5.959322969297289
Best Solution: [109.925465, 0.036325, 0.009915, 0.000575, 0.000792]
Convergence: 0.046
----------------------------
differential_evolution step 69: f(x)= -5.959322969297289
Best Solution: [109.925465, 0.036325, 0.009915, 0.000575, 0.000792]
Convergence: 0.0486
----------------------------
differential_evolution step 70: f(x)= -5.959322969297289
Best Solution: [109.925465, 0.036325, 0.009915, 0.000575, 0.000792]
Convergence: 0.0512
----------------------------
differential_evolution step 71: f(x)= -5.959322969297289
Best Solution: [109.925465, 0.036325, 0.009915, 0.000575, 0.000792]
Convergence: 0.0537
----------------------------
differential_evolution step 72: f(x)= -5.959322969297289
Best Solution: [109.925465, 0.036325, 0.009915, 0.000575, 0.000792]
Convergence: 0.0562
----------------------------
differential_evolution step 73: f(x)= -5.959322969297289
Best Solution: [109.925465, 0.036325, 0.009915, 0.000575, 0.000792]
Convergence: 0.0603
----------------------------
differential_evolution step 74: f(x)= -5.959322969297289
Best Solution: [109.925465, 0.036325, 0.009915, 0.000575, 0.000792]
Convergence: 0.0652
----------------------------
differential_evolution step 75: f(x)= -5.959322969297289
Best Solution: [109.925465, 0.036325, 0.009915, 0.000575, 0.000792]
Convergence: 0.0663
----------------------------
differential_evolution step 76: f(x)= -5.959322969297289
Best Solution: [109.925465, 0.036325, 0.009915, 0.000575, 0.000792]
Convergence: 0.0739
----------------------------
differential_evolution step 77: f(x)= -5.959322969297289
Best Solution: [109.925465, 0.036325, 0.009915, 0.000575, 0.000792]
Convergence: 0.0793
----------------------------
differential_evolution step 78: f(x)= -5.959322969297289
Best Solution: [109.925465, 0.036325, 0.009915, 0.000575, 0.000792]
Convergence: 0.0869
----------------------------
differential_evolution step 79: f(x)= -5.959322969297289
Best Solution: [109.925465, 0.036325, 0.009915, 0.000575, 0.000792]
Convergence: 0.1011
----------------------------
differential_evolution step 80: f(x)= -5.959322969297289
Best Solution: [109.925465, 0.036325, 0.009915, 0.000575, 0.000792]
Convergence: 0.1014
----------------------------
differential_evolution step 81: f(x)= -5.959322969297289
Best Solution: [109.925465, 0.036325, 0.009915, 0.000575, 0.000792]
Convergence: 0.0983
----------------------------
differential_evolution step 82: f(x)= -5.959322969297289
Best Solution: [109.925465, 0.036325, 0.009915, 0.000575, 0.000792]
Convergence: 0.1081
----------------------------
differential_evolution step 83: f(x)= -5.959322969297289
Best Solution: [109.925465, 0.036325, 0.009915, 0.000575, 0.000792]
Convergence: 0.1235
----------------------------
differential_evolution step 84: f(x)= -5.959322969297289
Best Solution: [109.925465, 0.036325, 0.009915, 0.000575, 0.000792]
Convergence: 0.1317
----------------------------
differential_evolution step 85: f(x)= -5.959322969297289
Best Solution: [109.925465, 0.036325, 0.009915, 0.000575, 0.000792]
Convergence: 0.135
----------------------------
differential_evolution step 86: f(x)= -5.959322969297289
Best Solution: [109.925465, 0.036325, 0.009915, 0.000575, 0.000792]
Convergence: 0.1554
----------------------------
differential_evolution step 87: f(x)= -5.959322969297289
Best Solution: [109.925465, 0.036325, 0.009915, 0.000575, 0.000792]
Convergence: 0.1498
----------------------------
differential_evolution step 88: f(x)= -5.959322969297289
Best Solution: [109.925465, 0.036325, 0.009915, 0.000575, 0.000792]
Convergence: 0.1551
----------------------------
differential_evolution step 89: f(x)= -5.959322969297289
Best Solution: [109.925465, 0.036325, 0.009915, 0.000575, 0.000792]
Convergence: 0.1601
----------------------------
differential_evolution step 90: f(x)= -5.959322969297289
Best Solution: [109.925465, 0.036325, 0.009915, 0.000575, 0.000792]
Convergence: 0.1655
----------------------------
differential_evolution step 91: f(x)= -5.959322969297289
Best Solution: [109.925465, 0.036325, 0.009915, 0.000575, 0.000792]
Convergence: 0.1781
----------------------------
differential_evolution step 92: f(x)= -5.959322969297289
Best Solution: [109.925465, 0.036325, 0.009915, 0.000575, 0.000792]
Convergence: 0.1936
----------------------------
differential_evolution step 93: f(x)= -5.959322969297289
Best Solution: [109.925465, 0.036325, 0.009915, 0.000575, 0.000792]
Convergence: 0.2278
----------------------------
differential_evolution step 94: f(x)= -5.959322969297289
Best Solution: [109.925465, 0.036325, 0.009915, 0.000575, 0.000792]
Convergence: 0.2388
----------------------------
differential_evolution step 95: f(x)= -5.959322969297289
Best Solution:  80%|████████  | 4/5 [5:02:47<1:17:54, 4674.07s/it][109.925465, 0.036325, 0.009915, 0.000575, 0.000792]
Convergence: 0.2524
----------------------------
differential_evolution step 96: f(x)= -5.959322969297289
Best Solution: [109.925465, 0.036325, 0.009915, 0.000575, 0.000792]
Convergence: 0.2693
----------------------------
differential_evolution step 97: f(x)= -5.959322969297289
Best Solution: [109.925465, 0.036325, 0.009915, 0.000575, 0.000792]
Convergence: 0.3415
----------------------------
differential_evolution step 98: f(x)= -5.9869455752234355
Best Solution: [109.92556771, 0.0363189, 0.00991447, 0.00057295, 0.00079367]
Convergence: 0.3671
----------------------------
differential_evolution step 99: f(x)= -5.993457793132555
Best Solution: [109.92553801, 0.03633106, 0.00991263, 0.00057607, 0.00079738]
Convergence: 0.3824
----------------------------
differential_evolution step 100: f(x)= -6.002299117871546
Best Solution: [109.92550552, 0.03632808, 0.00991324, 0.00057604, 0.00079533]
Convergence: 0.4023
----------------------------
differential_evolution step 101: f(x)= -6.0183121357077125
Best Solution: [109.9255386, 0.03632058, 0.00991454, 0.00057221, 0.00079233]
Convergence: 0.4194
----------------------------
differential_evolution step 102: f(x)= -6.0183121357077125
Best Solution: [109.9255386, 0.03632058, 0.00991454, 0.00057221, 0.00079233]
Convergence: 0.4519
----------------------------
differential_evolution step 103: f(x)= -6.0183121357077125
Best Solution: [109.9255386, 0.03632058, 0.00991454, 0.00057221, 0.00079233]
Convergence: 0.4801
----------------------------
differential_evolution step 104: f(x)= -6.0183121357077125
Best Solution: [109.9255386, 0.03632058, 0.00991454, 0.00057221, 0.00079233]
Convergence: 0.5938
----------------------------
differential_evolution step 105: f(x)= -6.0183121357077125
Best Solution: [109.9255386, 0.03632058, 0.00991454, 0.00057221, 0.00079233]
Convergence: 0.6214
----------------------------
differential_evolution step 106: f(x)= -6.029666288119723
Best Solution: [109.92551761, 0.03632222, 0.00991466, 0.00057338, 0.00079282]
Convergence: 0.7505
----------------------------
differential_evolution step 107: f(x)= -6.029666288119723
Best Solution: [109.92551761, 0.03632222, 0.00991466, 0.00057338, 0.00079282]
Convergence: 1.0271
----------------------------

Optimal result for tg=109.925465:
             message: Optimization terminated successfully.
             success: True
                 fun: -6.029666288119723
                   x: [ 1.099e+02  3.632e-02  9.915e-03  5.734e-04
                        7.928e-04]
                 nit: 107
                nfev: 6912
          population: [[ 1.099e+02  3.632e-02 ...  5.734e-04  7.928e-04]
                       [ 1.099e+02  3.632e-02 ...  5.707e-04  7.915e-04]
                       ...
                       [ 1.099e+02  3.632e-02 ...  5.722e-04  7.923e-04]
                       [ 1.099e+02  3.632e-02 ...  5.694e-04  7.922e-04]]
 population_energies: [-6.030e+00 -5.949e+00 ... -6.018e+00 -5.878e+00]
Gate errors (log10) (truc1=157):
-5.5690807, -5.77436422, -5.91932067, -6.02966629
Drive parameters:
[109.925518, 0.036322, 0.009915, 0.000573, 0.000793]
Full system error (truc_full=300):
-5.5690807, -5.77436422, -5.91932067, -6.02966629

f_optimize = np.array([
-5.569080701842572, -5.774364222485871, -5.919320671896988, -6.029666288119723 ,
])

f_optimize = np.array([
-5.569080701842572, -5.774364222485871, -5.919320671896988, -6.029666288119723 ,
])

Current China Time: 2026-08-02 02:35:00.334132+08:00
differential_evolution step 1: f(x)= -6.256112851515112
Best Solution: [119.917464, 0.033248, 0.00908, 0.000489, 0.000672]
Convergence: 0.0033
----------------------------
differential_evolution step 2: f(x)= -6.256112851515112
Best Solution: [119.917464, 0.033248, 0.00908, 0.000489, 0.000672]
Convergence: 0.0037
----------------------------
differential_evolution step 3: f(x)= -6.256112851515112
Best Solution: [119.917464, 0.033248, 0.00908, 0.000489, 0.000672]
Convergence: 0.0038
----------------------------
differential_evolution step 4: f(x)= -6.256112851515112
Best Solution: [119.917464, 0.033248, 0.00908, 0.000489, 0.000672]
Convergence: 0.0039
----------------------------
differential_evolution step 5: f(x)= -6.256112851515112
Best Solution: [119.917464, 0.033248, 0.00908, 0.000489, 0.000672]
Convergence: 0.0041
----------------------------
differential_evolution step 6: f(x)= -6.256112851515112
Best Solution: [119.917464, 0.033248, 0.00908, 0.000489, 0.000672]
Convergence: 0.0041
----------------------------
differential_evolution step 7: f(x)= -6.256112851515112
Best Solution: [119.917464, 0.033248, 0.00908, 0.000489, 0.000672]
Convergence: 0.0044
----------------------------
differential_evolution step 8: f(x)= -6.256112851515112
Best Solution: [119.917464, 0.033248, 0.00908, 0.000489, 0.000672]
Convergence: 0.0044
----------------------------
differential_evolution step 9: f(x)= -6.256112851515112
Best Solution: [119.917464, 0.033248, 0.00908, 0.000489, 0.000672]
Convergence: 0.0048
----------------------------
differential_evolution step 10: f(x)= -6.256112851515112
Best Solution: [119.917464, 0.033248, 0.00908, 0.000489, 0.000672]
Convergence: 0.0049
----------------------------
differential_evolution step 11: f(x)= -6.256112851515112
Best Solution: [119.917464, 0.033248, 0.00908, 0.000489, 0.000672]
Convergence: 0.0052
----------------------------
differential_evolution step 12: f(x)= -6.256112851515112
Best Solution: [119.917464, 0.033248, 0.00908, 0.000489, 0.000672]
Convergence: 0.0054
----------------------------
differential_evolution step 13: f(x)= -6.256112851515112
Best Solution: [119.917464, 0.033248, 0.00908, 0.000489, 0.000672]
Convergence: 0.0056
----------------------------
differential_evolution step 14: f(x)= -6.256112851515112
Best Solution: [119.917464, 0.033248, 0.00908, 0.000489, 0.000672]
Convergence: 0.0059
----------------------------
differential_evolution step 15: f(x)= -6.256112851515112
Best Solution: [119.917464, 0.033248, 0.00908, 0.000489, 0.000672]
Convergence: 0.0061
----------------------------
differential_evolution step 16: f(x)= -6.256112851515112
Best Solution: [119.917464, 0.033248, 0.00908, 0.000489, 0.000672]
Convergence: 0.0062
----------------------------
differential_evolution step 17: f(x)= -6.256112851515112
Best Solution: [119.917464, 0.033248, 0.00908, 0.000489, 0.000672]
Convergence: 0.0064
----------------------------
differential_evolution step 18: f(x)= -6.256112851515112
Best Solution: [119.917464, 0.033248, 0.00908, 0.000489, 0.000672]
Convergence: 0.0067
----------------------------
differential_evolution step 19: f(x)= -6.256112851515112
Best Solution: [119.917464, 0.033248, 0.00908, 0.000489, 0.000672]
Convergence: 0.0068
----------------------------
differential_evolution step 20: f(x)= -6.256112851515112
Best Solution: [119.917464, 0.033248, 0.00908, 0.000489, 0.000672]
Convergence: 0.0071
----------------------------
differential_evolution step 21: f(x)= -6.256112851515112
Best Solution: [119.917464, 0.033248, 0.00908, 0.000489, 0.000672]
Convergence: 0.0072
----------------------------
differential_evolution step 22: f(x)= -6.256112851515112
Best Solution: [119.917464, 0.033248, 0.00908, 0.000489, 0.000672]
Convergence: 0.0073
----------------------------
differential_evolution step 23: f(x)= -6.256112851515112
Best Solution: [119.917464, 0.033248, 0.00908, 0.000489, 0.000672]
Convergence: 0.0074
----------------------------
differential_evolution step 24: f(x)= -6.256112851515112
Best Solution: [119.917464, 0.033248, 0.00908, 0.000489, 0.000672]
Convergence: 0.0076
----------------------------
differential_evolution step 25: f(x)= -6.256112851515112
Best Solution: [119.917464, 0.033248, 0.00908, 0.000489, 0.000672]
Convergence: 0.0076
----------------------------
differential_evolution step 26: f(x)= -6.256112851515112
Best Solution: [119.917464, 0.033248, 0.00908, 0.000489, 0.000672]
Convergence: 0.008
----------------------------
differential_evolution step 27: f(x)= -6.256112851515112
Best Solution: [119.917464, 0.033248, 0.00908, 0.000489, 0.000672]
Convergence: 0.0082
----------------------------
differential_evolution step 28: f(x)= -6.256112851515112
Best Solution: [119.917464, 0.033248, 0.00908, 0.000489, 0.000672]
Convergence: 0.0083
----------------------------
differential_evolution step 29: f(x)= -6.256112851515112
Best Solution: [119.917464, 0.033248, 0.00908, 0.000489, 0.000672]
Convergence: 0.0084
----------------------------
differential_evolution step 30: f(x)= -6.256112851515112
Best Solution: [119.917464, 0.033248, 0.00908, 0.000489, 0.000672]
Convergence: 0.0085
----------------------------
differential_evolution step 31: f(x)= -6.256112851515112
Best Solution: [119.917464, 0.033248, 0.00908, 0.000489, 0.000672]
Convergence: 0.0085
----------------------------
differential_evolution step 32: f(x)= -6.256112851515112
Best Solution: [119.917464, 0.033248, 0.00908, 0.000489, 0.000672]
Convergence: 0.0088
----------------------------
differential_evolution step 33: f(x)= -6.256112851515112
Best Solution: [119.917464, 0.033248, 0.00908, 0.000489, 0.000672]
Convergence: 0.0092
----------------------------
differential_evolution step 34: f(x)= -6.256112851515112
Best Solution: [119.917464, 0.033248, 0.00908, 0.000489, 0.000672]
Convergence: 0.0094
----------------------------
differential_evolution step 35: f(x)= -6.256112851515112
Best Solution: [119.917464, 0.033248, 0.00908, 0.000489, 0.000672]
Convergence: 0.0096
----------------------------
differential_evolution step 36: f(x)= -6.256112851515112
Best Solution: [119.917464, 0.033248, 0.00908, 0.000489, 0.000672]
Convergence: 0.0102
----------------------------
differential_evolution step 37: f(x)= -6.256112851515112
Best Solution: [119.917464, 0.033248, 0.00908, 0.000489, 0.000672]
Convergence: 0.0103
----------------------------
differential_evolution step 38: f(x)= -6.256112851515112
Best Solution: [119.917464, 0.033248, 0.00908, 0.000489, 0.000672]
Convergence: 0.0107
----------------------------
differential_evolution step 39: f(x)= -6.256112851515112
Best Solution: [119.917464, 0.033248, 0.00908, 0.000489, 0.000672]
Convergence: 0.011
----------------------------
differential_evolution step 40: f(x)= -6.256112851515112
Best Solution: [119.917464, 0.033248, 0.00908, 0.000489, 0.000672]
Convergence: 0.0113
----------------------------
differential_evolution step 41: f(x)= -6.256112851515112
Best Solution: [119.917464, 0.033248, 0.00908, 0.000489, 0.000672]
Convergence: 0.0114
----------------------------
differential_evolution step 42: f(x)= -6.256112851515112
Best Solution: [119.917464, 0.033248, 0.00908, 0.000489, 0.000672]
Convergence: 0.0117
----------------------------
differential_evolution step 43: f(x)= -6.256112851515112
Best Solution: [119.917464, 0.033248, 0.00908, 0.000489, 0.000672]
Convergence: 0.0119
----------------------------
differential_evolution step 44: f(x)= -6.256112851515112
Best Solution: [119.917464, 0.033248, 0.00908, 0.000489, 0.000672]
Convergence: 0.0122
----------------------------
differential_evolution step 45: f(x)= -6.256112851515112
Best Solution: [119.917464, 0.033248, 0.00908, 0.000489, 0.000672]
Convergence: 0.0126
----------------------------
differential_evolution step 46: f(x)= -6.256112851515112
Best Solution: [119.917464, 0.033248, 0.00908, 0.000489, 0.000672]
Convergence: 0.0135
----------------------------
differential_evolution step 47: f(x)= -6.256112851515112
Best Solution: [119.917464, 0.033248, 0.00908, 0.000489, 0.000672]
Convergence: 0.0138
----------------------------
differential_evolution step 48: f(x)= -6.256112851515112
Best Solution: [119.917464, 0.033248, 0.00908, 0.000489, 0.000672]
Convergence: 0.0141
----------------------------
differential_evolution step 49: f(x)= -6.256112851515112
Best Solution: [119.917464, 0.033248, 0.00908, 0.000489, 0.000672]
Convergence: 0.0144
----------------------------
differential_evolution step 50: f(x)= -6.256112851515112
Best Solution: [119.917464, 0.033248, 0.00908, 0.000489, 0.000672]
Convergence: 0.0149
----------------------------
differential_evolution step 51: f(x)= -6.256112851515112
Best Solution: [119.917464, 0.033248, 0.00908, 0.000489, 0.000672]
Convergence: 0.0151
----------------------------
differential_evolution step 52: f(x)= -6.256112851515112
Best Solution: [119.917464, 0.033248, 0.00908, 0.000489, 0.000672]
Convergence: 0.0154
----------------------------
differential_evolution step 53: f(x)= -6.256112851515112
Best Solution: [119.917464, 0.033248, 0.00908, 0.000489, 0.000672]
Convergence: 0.0161
----------------------------
differential_evolution step 54: f(x)= -6.256112851515112
Best Solution: [119.917464, 0.033248, 0.00908, 0.000489, 0.000672]
Convergence: 0.0166
----------------------------
differential_evolution step 55: f(x)= -6.256112851515112
Best Solution: [119.917464, 0.033248, 0.00908, 0.000489, 0.000672]
Convergence: 0.0175
----------------------------
differential_evolution step 56: f(x)= -6.256112851515112
Best Solution: [119.917464, 0.033248, 0.00908, 0.000489, 0.000672]
Convergence: 0.0187
----------------------------
differential_evolution step 57: f(x)= -6.256112851515112
Best Solution: [119.917464, 0.033248, 0.00908, 0.000489, 0.000672]
Convergence: 0.0195
----------------------------
differential_evolution step 58: f(x)= -6.256112851515112
Best Solution: [119.917464, 0.033248, 0.00908, 0.000489, 0.000672]
Convergence: 0.0212
----------------------------
differential_evolution step 59: f(x)= -6.256112851515112
Best Solution: [119.917464, 0.033248, 0.00908, 0.000489, 0.000672]
Convergence: 0.0229
----------------------------
differential_evolution step 60: f(x)= -6.256112851515112
Best Solution: [119.917464, 0.033248, 0.00908, 0.000489, 0.000672]
Convergence: 0.024
----------------------------
differential_evolution step 61: f(x)= -6.256112851515112
Best Solution: [119.917464, 0.033248, 0.00908, 0.000489, 0.000672]
Convergence: 0.0263
----------------------------
differential_evolution step 62: f(x)= -6.256112851515112
Best Solution: [119.917464, 0.033248, 0.00908, 0.000489, 0.000672]
Convergence: 0.0296
----------------------------
differential_evolution step 63: f(x)= -6.256112851515112
Best Solution: [119.917464, 0.033248, 0.00908, 0.000489, 0.000672]
Convergence: 0.0324
----------------------------
differential_evolution step 64: f(x)= -6.256112851515112
Best Solution: [119.917464, 0.033248, 0.00908, 0.000489, 0.000672]
Convergence: 0.0344
----------------------------
differential_evolution step 65: f(x)= -6.256112851515112
Best Solution: [119.917464, 0.033248, 0.00908, 0.000489, 0.000672]
Convergence: 0.0396
----------------------------
differential_evolution step 66: f(x)= -6.256112851515112
Best Solution: [119.917464, 0.033248, 0.00908, 0.000489, 0.000672]
Convergence: 0.0419
----------------------------
differential_evolution step 67: f(x)= -6.256112851515112
Best Solution: [119.917464, 0.033248, 0.00908, 0.000489, 0.000672]
Convergence: 0.0477
----------------------------
differential_evolution step 68: f(x)= -6.256112851515112
Best Solution: [119.917464, 0.033248, 0.00908, 0.000489, 0.000672]
Convergence: 0.0533
----------------------------
differential_evolution step 69: f(x)= -6.256112851515112
Best Solution: [119.917464, 0.033248, 0.00908, 0.000489, 0.000672]
Convergence: 0.0586
----------------------------
differential_evolution step 70: f(x)= -6.256112851515112
Best Solution: [119.917464, 0.033248, 0.00908, 0.000489, 0.000672]
Convergence: 0.0617
----------------------------
differential_evolution step 71: f(x)= -6.256112851515112
Best Solution: [119.917464, 0.033248, 0.00908, 0.000489, 0.000672]
Convergence: 0.0657
----------------------------
differential_evolution step 72: f(x)= -6.256112851515112
Best Solution: [119.917464, 0.033248, 0.00908, 0.000489, 0.000672]
Convergence: 0.0711
----------------------------
differential_evolution step 73: f(x)= -6.256112851515112
Best Solution: [119.917464, 0.033248, 0.00908, 0.000489, 0.000672]
Convergence: 0.0714
----------------------------
differential_evolution step 74: f(x)= -6.256112851515112
Best Solution: [119.917464, 0.033248, 0.00908, 0.000489, 0.000672]
Convergence: 0.0764
----------------------------
differential_evolution step 75: f(x)= -6.256112851515112
Best Solution: [119.917464, 0.033248, 0.00908, 0.000489, 0.000672]
Convergence: 0.0812
----------------------------
differential_evolution step 76: f(x)= -6.256112851515112
Best Solution: [119.917464, 0.033248, 0.00908, 0.000489, 0.000672]
Convergence: 0.0835
----------------------------
differential_evolution step 77: f(x)= -6.256112851515112
Best Solution: [119.917464, 0.033248, 0.00908, 0.000489, 0.000672]
Convergence: 0.0921
----------------------------
differential_evolution step 78: f(x)= -6.256112851515112
Best Solution: [119.917464, 0.033248, 0.00908, 0.000489, 0.000672]
Convergence: 0.0984
----------------------------
differential_evolution step 79: f(x)= -6.256112851515112
Best Solution: [119.917464, 0.033248, 0.00908, 0.000489, 0.000672]
Convergence: 0.095
----------------------------
differential_evolution step 80: f(x)= -6.256112851515112
Best Solution: [119.917464, 0.033248, 0.00908, 0.000489, 0.000672]
Convergence: 0.0949
----------------------------
differential_evolution step 81: f(x)= -6.256112851515112
Best Solution: [119.917464, 0.033248, 0.00908, 0.000489, 0.000672]
Convergence: 0.097
----------------------------
differential_evolution step 82: f(x)= -6.256112851515112
Best Solution: [119.917464, 0.033248, 0.00908, 0.000489, 0.000672]
Convergence: 0.0994
----------------------------
differential_evolution step 83: f(x)= -6.256112851515112
Best Solution: [119.917464, 0.033248, 0.00908, 0.000489, 0.000672]
Convergence: 0.1103
----------------------------
differential_evolution step 84: f(x)= -6.256112851515112
Best Solution: [119.917464, 0.033248, 0.00908, 0.000489, 0.000672]
Convergence: 0.115
----------------------------
differential_evolution step 85: f(x)= -6.256112851515112
Best Solution: [119.917464, 0.033248, 0.00908, 0.000489, 0.000672]
Convergence: 0.121
----------------------------
differential_evolution step 86: f(x)= -6.256112851515112
Best Solution: [119.917464, 0.033248, 0.00908, 0.000489, 0.000672]
Convergence: 0.1292
----------------------------
differential_evolution step 87: f(x)= -6.256112851515112
Best Solution: [119.917464, 0.033248, 0.00908, 0.000489, 0.000672]
Convergence: 0.1338
----------------------------
differential_evolution step 88: f(x)= -6.256112851515112
Best Solution: [119.917464, 0.033248, 0.00908, 0.000489, 0.000672]
Convergence: 0.141
----------------------------
differential_evolution step 89: f(x)= -6.256112851515112
Best Solution: [119.917464, 0.033248, 0.00908, 0.000489, 0.000672]
Convergence: 0.1522
----------------------------
differential_evolution step 90: f(x)= -6.256112851515112
Best Solution: [119.917464, 0.033248, 0.00908, 0.000489, 0.000672]
Convergence: 0.153
----------------------------
differential_evolution step 91: f(x)= -6.256112851515112
Best Solution: [119.917464, 0.033248, 0.00908, 0.000489, 0.000672]
Convergence: 0.1612
----------------------------
differential_evolution step 92: f(x)= -6.256112851515112
Best Solution: [119.917464, 0.033248, 0.00908, 0.000489, 0.000672]
Convergence: 0.1942
----------------------------
differential_evolution step 93: f(x)= -6.256112851515112
Best Solution: [119.917464, 0.033248, 0.00908, 0.000489, 0.000672]
Convergence: 0.202
----------------------------
differential_evolution step 94: f(x)= -6.256112851515112
Best Solution: [119.917464, 0.033248, 0.00908, 0.000489, 0.000672]
Convergence: 0.2349
----------------------------
differential_evolution step 95: f(x)= -6.256112851515112
Best Solution: [119.917464, 0.033248, 0.00908, 0.000489, 0.000672]
Convergence: 0.2551
----------------------------
differential_evolution step 96: f(x)= -6.256112851515112
Best Solution: [119.917464, 0.033248, 0.00908, 0.000489, 0.000672]
Convergence: 0.2617
----------------------------
differential_evolution step 97: f(x)= -6.256112851515112
Best Solution: [119.917464, 0.033248, 0.00908, 0.000489, 0.000672]
Convergence: 0.266
----------------------------
differential_evolution step 98: f(x)= -6.256112851515112
Best Solution: [119.917464, 0.033248, 0.00908, 0.000489, 0.000672]
Convergence: 0.2807
----------------------------
differential_evolution step 99: f(x)= -6.353849684013982
Best Solution: [119.91747448, 0.03325378, 0.00907765, 0.00049232, 0.0006751]
Convergence: 0.2826
----------------------------
differential_evolution step 100: f(x)= -6.353849684013982
Best Solution: [119.91747448, 0.03325378, 0.00907765, 0.00049232, 0.0006751]
Convergence: 0.326
----------------------------
differential_evolution step 101: f(x)= -6.353849684013982
Best Solution: [119.91747448, 0.03325378, 0.00907765, 0.00049232, 0.0006751]
Convergence: 0.3645
----------------------------
differential_evolution step 102: f(x)= -6.353849684013982
Best Solution: [119.91747448, 0.03325378, 0.00907765, 0.00049232, 0.0006751]
Convergence: 0.3704
----------------------------
differential_evolution step 103: f(x)= -6.4230339545794015
Best Solution: [119.91751158, 0.03324985, 0.00907775, 0.0004879, 0.00067283]
Convergence: 0.3696
----------------------------
differential_evolution step 104: f(x)= -6.4230339545794015
Best Solution: [119.91751158, 0.03324985, 0.00907775, 0.0004879, 0.00067283]
Convergence: 0.3879
----------------------------
differential_evolution step 105: f(x)= -6.4230339545794015
Best Solution: [119.91751158, 0.03324985, 0.00907775, 0.0004879, 0.00067283]
Convergence: 0.4052
----------------------------
differential_evolution step 106: f(x)= -6.466549230746683
Best Solution: [119.91754394, 0.03325259, 0.00908037, 0.00048483, 0.00067051]
Convergence: 0.429
----------------------------
differential_evolution step 107: f(x)= -6.466549230746683
Best Solution: [119.91754394, 0.03325259, 0.00908037, 0.00048483, 0.00067051]
Convergence: 0.4436
----------------------------
differential_evolution step 108: f(x)= -6.466549230746683
Best Solution: [119.91754394, 0.03325259, 0.00908037, 0.00048483, 0.00067051]
Convergence: 0.4664
----------------------------
differential_evolution step 109: f(x)= -6.466549230746683
Best Solution: [119.91754394, 0.03325259, 0.00908037, 0.00048483, 0.00067051]
Convergence: 0.4761
----------------------------
differential_evolution step 110: f(x)= -6.466549230746683
Best Solution: [119.91754394, 0.03325259, 0.00908037, 0.00048483, 0.00067051]
Convergence: 0.5014
----------------------------
differential_evolution step 111: f(x)= -6.466549230746683
Best Solution: [119.91754394, 0.03325259, 0.00908037, 0.00048483, 0.00067051]
Convergence: 0.5224
----------------------------
differential_evolution step 112: f(x)= -6.533370079596032
Best Solution: [119.91745215, 0.03325328, 0.00907935, 0.00048856, 0.00067214]
Convergence: 0.477
----------------------------
differential_evolution step 113: f(x)= -6.533370079596032
Best Solution: [119.91745215, 0.03325328, 0.00907935, 0.00048856, 0.00067214]
Convergence: 0.4835
----------------------------
differential_evolution step 114: f(x)= -6.533370079596032
Best Solution: [119.91745215, 0.03325328, 0.00907935, 0.00048856, 0.00067214]
Convergence: 0.5002
----------------------------
differential_evolution step 115: f(x)= -6.533370079596032
Best Solution: [119.91745215, 0.03325328, 0.00907935, 0.00048856, 0.00067214]
Convergence: 0.5247
----------------------------
differential_evolution step 116: f(x)= -6.533370079596032
Best Solution: [119.91745215, 0.03325328, 0.00907935, 0.00048856, 0.00067214]
Convergence: 0.5341
----------------------------
differential_evolution step 117: f(x)= -6.533370079596032
Best Solution: [119.91745215, 0.03325328, 0.00907935, 0.00048856, 0.00067214]
Convergence: 0.525
----------------------------
differential_evolution step 118: f(x)= -6.533370079596032
Best Solution: [119.91745215, 0.03325328, 0.00907935, 0.00048856, 0.00067214]
Convergence: 0.5188
----------------------------
differential_evolution step 119: f(x)= -6.533370079596032
Best Solution: [119.91745215, 0.03325328, 0.00907935, 0.00048856, 0.00067214]
Convergence: 0.4944
----------------------------
differential_evolution step 120: f(x)= -6.533370079596032
Best Solution: [119.91745215, 0.03325328, 0.00907935, 0.00048856, 0.00067214]
Convergence: 0.4637
----------------------------
differential_evolution step 121: f(x)= -6.533370079596032
Best Solution: [119.91745215, 0.03325328, 0.00907935, 0.00048856, 0.00067214]
Convergence: 0.4765
----------------------------
differential_evolution step 122: f(x)= -6.559243622152877
Best Solution: [119.9175165, 0.03325034, 0.00907852, 0.00048876, 0.00067302]
Convergence: 0.4795
----------------------------
differential_evolution step 123: f(x)= -6.559243622152877
Best Solution: [119.9175165, 0.03325034, 0.00907852, 0.00048876, 0.00067302]
Convergence: 0.4945
----------------------------
differential_evolution step 124: f(x)= -6.559243622152877
Best Solution: [119.9175165, 0.03325034, 0.00907852, 0.00048876, 0.00067302]
Convergence: 0.5032
----------------------------
differential_evolution step 125: f(x)= -6.559792324971125
Best Solution: [119.91754479, 0.03325446, 0.00907953, 0.00048784, 0.00067285]
Convergence: 0.49
----------------------------
differential_evolution step 126: f(x)= -6.559792324971125
Best Solution: [119.91754479, 0.03325446, 0.00907953, 0.00048784, 0.00067285]
Convergence: 0.4913
----------------------------
differential_evolution step 127: f(x)= -6.5704545186191625
Best Solution: [119.91745994, 0.03325002, 0.00907952, 0.00049052, 0.00067374]
Convergence: 0.4868
----------------------------
differential_evolution step 128: f(x)= -6.5704545186191625
Best Solution: [119.91745994, 0.03325002, 0.00907952, 0.00049052, 0.00067374]
Convergence: 0.4962
----------------------------
differential_evolution step 129: f(x)= -6.5704545186191625
Best Solution: [119.91745994, 0.03325002, 0.00907952, 0.00049052, 0.00067374]
Convergence: 0.5029
----------------------------
differential_evolution step 130: f(x)= -6.5704545186191625
Best Solution: [119.91745994, 0.03325002, 0.00907952, 0.00049052, 0.00067374]
Convergence: 0.4968
----------------------------
differential_evolution step 131: f(x)= -6.597352780128123
Best Solution: [119.91744748, 0.0332514, 0.00908045, 0.0004897, 0.0006719]
Convergence: 0.4913
----------------------------
differential_evolution step 132: f(x)= -6.597352780128123
Best Solution: [119.91744748, 0.0332514, 0.00908045, 0.0004897, 0.0006719]
Convergence: 0.4943
----------------------------
differential_evolution step 133: f(x)= -6.597352780128123
Best Solution: [119.91744748, 0.0332514, 0.00908045, 0.0004897, 0.0006719]
Convergence: 0.492
----------------------------
differential_evolution step 134: f(x)= -6.597352780128123
Best Solution: [119.91744748, 0.0332514, 0.00908045, 0.0004897, 0.0006719]
Convergence: 0.4976
----------------------------
differential_evolution step 135: f(x)= -6.621347605884354
Best Solution: [119.91750072, 0.03324938, 0.00908015, 0.00048917, 0.0006729]
Convergence: 0.4975
----------------------------
differential_evolution step 136: f(x)= -6.621347605884354
Best Solution: [119.91750072, 0.03324938, 0.00908015, 0.00048917, 0.0006729]
Convergence: 0.504
----------------------------
differential_evolution step 137: f(x)= -6.621347605884354
Best Solution: [119.91750072, 0.03324938, 0.00908015, 0.00048917, 0.0006729]
Convergence: 0.5155
----------------------------
differential_evolution step 138: f(x)= -6.621347605884354
Best Solution: [119.91750072, 0.03324938, 0.00908015, 0.00048917, 0.0006729]
Convergence: 0.5255
----------------------------
differential_evolution step 139: f(x)= -6.621347605884354
Best Solution: [119.91750072, 0.03324938, 0.00908015, 0.00048917, 0.0006729]
Convergence: 0.5178
----------------------------
differential_evolution step 140: f(x)= -6.621347605884354
Best Solution: [119.91750072, 0.03324938, 0.00908015, 0.00048917, 0.0006729]
Convergence: 0.5177
----------------------------
differential_evolution step 141: f(x)= -6.6519898735356655
Best Solution: [119.91747888, 0.03324871, 0.00907935, 0.00048856, 0.00067205]
Convergence: 0.5187
----------------------------
differential_evolution step 142: f(x)= -6.6519898735356655
Best Solution: [119.91747888, 0.03324871, 0.00907935, 0.00048856, 0.00067205]
Convergence: 0.5465
----------------------------
differential_evolution step 143: f(x)= -6.6519898735356655
Best Solution: [119.91747888, 0.03324871, 0.00907935, 0.00048856, 0.00067205]
Convergence: 0.5373
----------------------------
differential_evolution step 144: f(x)= -6.6570755012210885
Best Solution: [119.9175179, 0.03325048, 0.0090801, 0.00048753, 0.00067186]
Convergence: 0.5235
----------------------------
differential_evolution step 145: f(x)= -6.6570755012210885
Best Solution: [119.9175179, 0.03325048, 0.0090801, 0.00048753, 0.00067186]
Convergence: 0.5275
----------------------------
differential_evolution step 146: f(x)= -6.6570755012210885
Best Solution: [119.9175179, 0.03325048, 0.0090801, 0.00048753, 0.00067186]
Convergence: 0.5206
----------------------------
differential_evolution step 147: f(x)= -6.6570755012210885
Best Solution: [119.9175179, 0.03325048, 0.0090801, 0.00048753, 0.00067186]
Convergence: 0.5101
----------------------------
differential_evolution step 148: f(x)= -6.6570755012210885
Best Solution: [119.9175179, 0.03325048, 0.0090801, 0.00048753, 0.00067186]
Convergence: 0.5105
----------------------------
differential_evolution step 149: f(x)= -6.6709447134563495
Best Solution: [119.91744678, 0.03325089, 0.0090801, 0.00048832, 0.00067114]
Convergence: 0.5232
----------------------------
differential_evolution step 150: f(x)= -6.6709447134563495
Best Solution: [119.91744678, 0.03325089, 0.0090801, 0.00048832, 0.00067114]
Convergence: 0.5316
----------------------------
differential_evolution step 151: f(x)= -6.6709447134563495
Best Solution: [119.91744678, 0.03325089, 0.0090801, 0.00048832, 0.00067114]
Convergence: 0.5335
----------------------------
differential_evolution step 152: f(x)= -6.6709447134563495
Best Solution: [119.91744678, 0.03325089, 0.0090801, 0.00048832, 0.00067114]
Convergence: 0.5546
----------------------------
differential_evolution step 153: f(x)= -6.6709447134563495
Best Solution: [119.91744678, 0.03325089, 0.0090801, 0.00048832, 0.00067114]
Convergence: 0.5676
----------------------------
differential_evolution step 154: f(x)= -6.6709447134563495
Best Solution: [119.91744678, 0.03325089, 0.0090801, 0.00048832, 0.00067114]
Convergence: 0.5889
----------------------------
differential_evolution step 155: f(x)= -6.679505899685527
Best Solution: [119.91745829, 0.03325079, 0.00907958, 0.00048873, 0.00067172]
Convergence: 0.5663
----------------------------
differential_evolution step 156: f(x)= -6.679505899685527
Best Solution: [119.91745829, 0.03325079, 0.00907958, 0.00048873, 0.00067172]
Convergence: 0.5951
----------------------------
differential_evolution step 157: f(x)= -6.679505899685527
Best Solution: [119.91745829, 0.03325079, 0.00907958, 0.00048873, 0.00067172]
Convergence: 0.6161
----------------------------
differential_evolution step 158: f(x)= -6.679505899685527
Best Solution: [119.91745829, 0.03325079, 0.00907958, 0.00048873, 0.00067172]
Convergence: 0.6136
----------------------------
differential_evolution step 159: f(x)= -6.679505899685527
Best Solution: [119.91745829, 0.03325079, 0.00907958, 0.00048873, 0.00067172]
Convergence: 0.6136
----------------------------
differential_evolution step 160: f(x)= -6.679505899685527
Best Solution: [119.91745829, 0.03325079, 0.00907958, 0.00048873, 0.00067172]
Convergence: 0.6178
----------------------------
differential_evolution step 161: f(x)= -6.679505899685527
Best Solution: [119.91745829, 0.03325079, 0.00907958, 0.00048873, 0.00067172]
Convergence: 0.6472
----------------------------
differential_evolution step 162: f(x)= -6.679505899685527
Best Solution: [119.91745829, 0.03325079, 0.00907958, 0.00048873, 0.00067172]
Convergence: 0.6782
----------------------------
differential_evolution step 163: f(x)= -6.679505899685527
Best Solution: [119.91745829, 0.03325079, 0.00907958, 0.00048873, 0.00067172]
Convergence: 0.6734
----------------------------
differential_evolution step 164: f(x)= -6.679505899685527
Best Solution: [119.91745829, 0.03325079, 0.00907958, 0.00048873, 0.00067172]
Convergence: 0.6649
----------------------------
differential_evolution step 165: f(x)= -6.679505899685527
Best Solution: [119.91745829, 0.03325079, 0.00907958, 0.00048873, 0.00067172]
Convergence: 0.6538
----------------------------
differential_evolution step 166: f(x)= -6.679505899685527
Best Solution: [119.91745829, 0.03325079, 0.00907958, 0.00048873, 0.00067172]
Convergence: 0.6535
----------------------------
differential_evolution step 167: f(x)= -6.679505899685527
Best Solution: [119.91745829, 0.03325079, 0.00907958, 0.00048873, 0.00067172]
Convergence: 0.6529
----------------------------
differential_evolution step 168: f(x)= -6.679505899685527
Best Solution: [119.91745829, 0.03325079, 0.00907958, 0.00048873, 0.00067172]
Convergence: 0.6529
----------------------------
differential_evolution step 169: f(x)= -6.679505899685527
Best Solution: [119.91745829, 0.03325079, 0.00907958, 0.00048873, 0.00067172]
Convergence: 0.7049
----------------------------
differential_evolution step 170: f(x)= -6.679505899685527
Best Solution: [119.91745829, 0.03325079, 0.00907958, 0.00048873, 0.00067172]
Convergence: 0.7184
----------------------------
differential_evolution step 171: f(x)= -6.679505899685527
Best Solution: [119.91745829, 0.03325079, 0.00907958, 0.00048873, 0.00067172]
Convergence: 0.709
----------------------------
differential_evolution step 172: f(x)= -6.679505899685527
Best Solution: [119.91745829, 0.03325079, 0.00907958, 0.00048873, 0.00067172]
Convergence: 0.7251
----------------------------
differential_evolution step 173: f(x)= -6.679505899685527
Best Solution: [119.91745829, 0.03325079, 0.00907958, 0.00048873, 0.00067172]
Convergence: 0.7166
----------------------------
differential_evolution step 174: f(x)= -6.679505899685527
Best Solution: [119.91745829, 0.03325079, 0.00907958, 0.00048873, 0.00067172]
Convergence: 0.7418
----------------------------
differential_evolution step 175: f(x)= -6.679505899685527
Best Solution: [119.91745829, 0.03325079, 0.00907958, 0.00048873, 0.00067172]
Convergence: 0.8712
----------------------------
differential_evolution step 176: f(x)= -6.679505899685527
Best Solution: [119.91745829, 0.03325079, 0.00907958, 0.00048873, 0.00067172]
Convergence: 0.8697
----------------------------
differential_evolution step 177: f(x)= -6.68843581681877
Best Solution: [119.91747947, 0.03324901, 0.00907999, 0.00048788, 0.00067134]
Convergence: 0.8766
----------------------------
differential_evolution step 178: f(x)= -6.68843581681877
Best Solution: [119.91747947, 0.03324901, 0.00907999, 0.00048788, 0.00067134]
Convergence: 0.8795
----------------------------
differential_evolution step 179: f(x)= -6.68843581681877
Best Solution: [119.91747947, 0.03324901, 0.00907999, 0.00048788, 0.00067134]
Convergence: 0.8782
----------------------------
differential_evolution step 180: f(x)= -6.68843581681877
Best Solution: [119.91747947, 0.03324901, 0.00907999, 0.00048788, 0.00067134]
Convergence: 0.8782
----------------------------
differential_evolution step 181: f(x)= -6.68843581681877
Best Solution: [119.91747947, 0.03324901, 0.00907999, 0.00048788, 0.00067134]
Convergence: 1.3512
----------------------------

Optimal result for tg=119.917464:
             message: Optimization terminated successfully.
             success: True
                 fun: -6.68843581681877
                   x: [ 1.199e+02  3.325e-02  9.080e-03  4.879e-04
                        6.713e-04]
                 nit: 181
                nfev: 11648
          population: [[ 1.199e+02  3.325e-02 ...  4.879e-04  6.713e-04]
                       [ 1.199e+02  3.325e-02 ...  4.892e-04  6.723e-04]
                       ...
                       [ 1.199e+02  3.325e-02 ...  4.877e-04  6.704e-04]
                       [ 1.199e+02  3.325e-02 ...  4.890e-04  6.730e-04]]
 population_energies: [-6.688e+00 -6.662e+00 ... -6.634e+00 -6.643e+00]100%|██████████| 5/5 [7:32:41<00:00, 6231.87s/it]  100%|██████████| 5/5 [7:32:41<00:00, 5432.26s/it]

Gate errors (log10) (truc1=157):
-5.77436422, -5.91932067, -6.02966629, -6.68843582
Drive parameters:
[119.917479, 0.033249, 0.00908, 0.000488, 0.000671]
Full system error (truc_full=300):
-5.77436422, -5.91932067, -6.02966629, -6.68843582

f_optimize = np.array([
-5.569080701842572, -5.774364222485871, -5.919320671896988, -6.029666288119723 ,
-6.68843581681877 ,
])

f_optimize = np.array([
-5.569080701842572, -5.774364222485871, -5.919320671896988, -6.029666288119723 ,
-6.68843581681877 ,
])

Current China Time: 2026-08-02 05:04:54.339450+08:00
