Xgate_fidelity_optimize.py
NUMEXPR_NUM_THREADS = 1
MKL_NUM_THREADS = 1

Current China Time: 2026-08-02 12:42:56.572373+08:00
drive_phi= False , drive_theta= True
use_qt_fidelity= False
pulse_file= ../figure/data/data_xgate_theta_mstep_3e4_npz.txt
initial_fidelity_column= f_157_charge
start_index= 0

initial_fidelity = np.array([
-0.47695268, -0.8906168, -1.93926583, -2.7909421 ,
-3.36333343, -3.7725296, -4.12038403, -4.47706848 ,
-4.73374511, -4.9888157, -5.17035187, -5.4068225 ,
-5.61859122, -5.94862329, -6.24194963, -6.53016446 ,
-6.62084628, -6.90134354 ,
])
tg_vec: [10.108462, 15.074864, 20.041257, 25.020473, 30.008342, 34.999249, 39.991616, 45.572873, 50.273181, 55.267933, 59.087483, 64.670376, 69.959457, 79.950621, 89.941952, 99.933664, 109.925465, 119.917464]
amp1_bounds= (0, 0.45) , amp2_bounds= (0, 0.1)
detune1_bounds= (-0.1, 0.05) , detune2_bounds= (-0.05, 0.05)
n_truc= 300 , n_full= 300 , n_optimize)= 157
Ideal: max_step = 0.0003, nsteps = 33333.333333333336
  0%|          | 0/18 [00:00<?, ?it/s]UserWarning: differential_evolution: the 'workers' keyword has overridden updating='immediate' to updating='deferred'
 /home/zlqed/anaconda3/envs/zp2q/lib/python3.11/site-packages/scipy/optimize/_differentialevolution.py: 487  6%|▌         | 1/18 [18:09<5:08:37, 1089.26s/it]differential_evolution step 1: f(x)= -0.31929713758847206
Best Solution: [10.108462, 0.41212, 0.073451, -0.084451, -0.044706]
Convergence: 0.0363
----------------------------
differential_evolution step 2: f(x)= -0.31929713758847206
Best Solution: [10.108462, 0.41212, 0.073451, -0.084451, -0.044706]
Convergence: 0.0395
----------------------------
differential_evolution step 3: f(x)= -0.31929713758847206
Best Solution: [10.108462, 0.41212, 0.073451, -0.084451, -0.044706]
Convergence: 0.0389
----------------------------
differential_evolution step 4: f(x)= -0.31929713758847206
Best Solution: [10.108462, 0.41212, 0.073451, -0.084451, -0.044706]
Convergence: 0.0409
----------------------------
differential_evolution step 5: f(x)= -0.31929713758847206
Best Solution: [10.108462, 0.41212, 0.073451, -0.084451, -0.044706]
Convergence: 0.0432
----------------------------
differential_evolution step 6: f(x)= -0.31929713758847206
Best Solution: [10.108462, 0.41212, 0.073451, -0.084451, -0.044706]
Convergence: 0.0411
----------------------------
differential_evolution step 7: f(x)= -0.31929713758847206
Best Solution: [10.108462, 0.41212, 0.073451, -0.084451, -0.044706]
Convergence: 0.043
----------------------------
differential_evolution step 8: f(x)= -0.31929713758847206
Best Solution: [10.108462, 0.41212, 0.073451, -0.084451, -0.044706]
Convergence: 0.0472
----------------------------
differential_evolution step 9: f(x)= -0.31929713758847206
Best Solution: [10.108462, 0.41212, 0.073451, -0.084451, -0.044706]
Convergence: 0.0503
----------------------------
differential_evolution step 10: f(x)= -0.31929713758847206
Best Solution: [10.108462, 0.41212, 0.073451, -0.084451, -0.044706]
Convergence: 0.0527
----------------------------
differential_evolution step 11: f(x)= -0.31929713758847206
Best Solution: [10.108462, 0.41212, 0.073451, -0.084451, -0.044706]
Convergence: 0.0599
----------------------------
differential_evolution step 12: f(x)= -0.31929713758847206
Best Solution: [10.108462, 0.41212, 0.073451, -0.084451, -0.044706]
Convergence: 0.0664
----------------------------
differential_evolution step 13: f(x)= -0.31929713758847206
Best Solution: [10.108462, 0.41212, 0.073451, -0.084451, -0.044706]
Convergence: 0.069
----------------------------
differential_evolution step 14: f(x)= -0.31929713758847206
Best Solution: [10.108462, 0.41212, 0.073451, -0.084451, -0.044706]
Convergence: 0.0926
----------------------------
differential_evolution step 15: f(x)= -0.31929713758847206
Best Solution: [10.108462, 0.41212, 0.073451, -0.084451, -0.044706]
Convergence: 0.0983
----------------------------
differential_evolution step 16: f(x)= -0.31929713758847206
Best Solution: [10.108462, 0.41212, 0.073451, -0.084451, -0.044706]
Convergence: 0.1092
----------------------------
differential_evolution step 17: f(x)= -0.31929713758847206
Best Solution: [10.108462, 0.41212, 0.073451, -0.084451, -0.044706]
Convergence: 0.1099
----------------------------
differential_evolution step 18: f(x)= -0.31929713758847206
Best Solution: [10.108462, 0.41212, 0.073451, -0.084451, -0.044706]
Convergence: 0.1415
----------------------------
differential_evolution step 19: f(x)= -0.31929713758847206
Best Solution: [10.108462, 0.41212, 0.073451, -0.084451, -0.044706]
Convergence: 0.2299
----------------------------
differential_evolution step 20: f(x)= -0.31929713758847206
Best Solution: [10.108462, 0.41212, 0.073451, -0.084451, -0.044706]
Convergence: 0.2661
----------------------------
differential_evolution step 21: f(x)= -0.31929713758847206
Best Solution: [10.108462, 0.41212, 0.073451, -0.084451, -0.044706]
Convergence: 0.2653
----------------------------
differential_evolution step 22: f(x)= -0.3195253018367351
Best Solution: [10.10962063, 0.40935162, 0.07467891, -0.08173681, -0.04171577]
Convergence: 0.2935
----------------------------
differential_evolution step 23: f(x)= -0.3195253018367351
Best Solution: [10.10962063, 0.40935162, 0.07467891, -0.08173681, -0.04171577]
Convergence: 0.2946
----------------------------
differential_evolution step 24: f(x)= -0.3195253018367351
Best Solution: [10.10962063, 0.40935162, 0.07467891, -0.08173681, -0.04171577]
Convergence: 0.3163
----------------------------
differential_evolution step 25: f(x)= -0.3195253018367351
Best Solution: [10.10962063, 0.40935162, 0.07467891, -0.08173681, -0.04171577]
Convergence: 0.3171
----------------------------
differential_evolution step 26: f(x)= -0.31973913046342156
Best Solution: [10.11227646, 0.41730062, 0.07436432, -0.0880623, -0.04729061]
Convergence: 1.0008
----------------------------

Optimal result for tg=10.108462:
             message: Optimization terminated successfully.
             success: True
                 fun: -0.31973913046342156
                   x: [ 1.011e+01  4.173e-01  7.436e-02 -8.806e-02
                       -4.729e-02]
                 nit: 26
                nfev: 1728
          population: [[ 1.011e+01  4.173e-01 ... -8.806e-02 -4.729e-02]
                       [ 1.011e+01  4.173e-01 ... -8.648e-02 -4.556e-02]
                       ...
                       [ 1.011e+01  4.056e-01 ... -7.790e-02 -3.769e-02]
                       [ 1.011e+01  4.027e-01 ... -7.083e-02 -3.203e-02]]
 population_energies: [-3.197e-01 -3.175e-01 ... -3.185e-01 -3.146e-01]
Gate errors (log10) (truc1=157):
-0.31973913
Drive parameters:
[10.112276, 0.417301, 0.074364, -0.088062, -0.047291]
Full system error (truc_full=300):
-0.31973913

f_optimize = np.array([
-0.31973913046342156 ,
])

f_optimize = np.array([
-0.31973913046342156 ,
])

Current China Time: 2026-08-02 13:01:11.568461+08:00
 11%|█         | 2/18 [46:34<6:27:09, 1451.81s/it]differential_evolution step 1: f(x)= -0.727834389305692
Best Solution: [15.074864, 0.303821, 0.065666, -0.036206, -0.016563]
Convergence: 0.0171
----------------------------
differential_evolution step 2: f(x)= -0.727834389305692
Best Solution: [15.074864, 0.303821, 0.065666, -0.036206, -0.016563]
Convergence: 0.019
----------------------------
differential_evolution step 3: f(x)= -0.727834389305692
Best Solution: [15.074864, 0.303821, 0.065666, -0.036206, -0.016563]
Convergence: 0.0188
----------------------------
differential_evolution step 4: f(x)= -0.727834389305692
Best Solution: [15.074864, 0.303821, 0.065666, -0.036206, -0.016563]
Convergence: 0.0182
----------------------------
differential_evolution step 5: f(x)= -0.727834389305692
Best Solution: [15.074864, 0.303821, 0.065666, -0.036206, -0.016563]
Convergence: 0.0198
----------------------------
differential_evolution step 6: f(x)= -0.727834389305692
Best Solution: [15.074864, 0.303821, 0.065666, -0.036206, -0.016563]
Convergence: 0.0209
----------------------------
differential_evolution step 7: f(x)= -0.727834389305692
Best Solution: [15.074864, 0.303821, 0.065666, -0.036206, -0.016563]
Convergence: 0.0221
----------------------------
differential_evolution step 8: f(x)= -0.727834389305692
Best Solution: [15.074864, 0.303821, 0.065666, -0.036206, -0.016563]
Convergence: 0.0248
----------------------------
differential_evolution step 9: f(x)= -0.727834389305692
Best Solution: [15.074864, 0.303821, 0.065666, -0.036206, -0.016563]
Convergence: 0.0313
----------------------------
differential_evolution step 10: f(x)= -0.727834389305692
Best Solution: [15.074864, 0.303821, 0.065666, -0.036206, -0.016563]
Convergence: 0.0364
----------------------------
differential_evolution step 11: f(x)= -0.727834389305692
Best Solution: [15.074864, 0.303821, 0.065666, -0.036206, -0.016563]
Convergence: 0.0448
----------------------------
differential_evolution step 12: f(x)= -0.727834389305692
Best Solution: [15.074864, 0.303821, 0.065666, -0.036206, -0.016563]
Convergence: 0.0551
----------------------------
differential_evolution step 13: f(x)= -0.727834389305692
Best Solution: [15.074864, 0.303821, 0.065666, -0.036206, -0.016563]
Convergence: 0.0653
----------------------------
differential_evolution step 14: f(x)= -0.727834389305692
Best Solution: [15.074864, 0.303821, 0.065666, -0.036206, -0.016563]
Convergence: 0.0707
----------------------------
differential_evolution step 15: f(x)= -0.727834389305692
Best Solution: [15.074864, 0.303821, 0.065666, -0.036206, -0.016563]
Convergence: 0.0756
----------------------------
differential_evolution step 16: f(x)= -0.727834389305692
Best Solution: [15.074864, 0.303821, 0.065666, -0.036206, -0.016563]
Convergence: 0.0807
----------------------------
differential_evolution step 17: f(x)= -0.7346201420719769
Best Solution: [15.07782631, 0.30485805, 0.06604407, -0.03328532, -0.01434419]
Convergence: 0.0877
----------------------------
differential_evolution step 18: f(x)= -0.7357612209525856
Best Solution: [15.07509562, 0.30987248, 0.06564117, -0.03505281, -0.01604778]
Convergence: 0.1371
----------------------------
differential_evolution step 19: f(x)= -0.7357612209525856
Best Solution: [15.07509562, 0.30987248, 0.06564117, -0.03505281, -0.01604778]
Convergence: 0.1371
----------------------------
differential_evolution step 20: f(x)= -0.7357612209525856
Best Solution: [15.07509562, 0.30987248, 0.06564117, -0.03505281, -0.01604778]
Convergence: 0.2799
----------------------------
differential_evolution step 21: f(x)= -0.7357612209525856
Best Solution: [15.07509562, 0.30987248, 0.06564117, -0.03505281, -0.01604778]
Convergence: 0.4393
----------------------------
differential_evolution step 22: f(x)= -0.7357612209525856
Best Solution: [15.07509562, 0.30987248, 0.06564117, -0.03505281, -0.01604778]
Convergence: 0.5408
----------------------------
differential_evolution step 23: f(x)= -0.7374248759547541
Best Solution: [15.07031845, 0.30480947, 0.06511806, -0.03215217, -0.01372515]
Convergence: 0.5882
----------------------------
differential_evolution step 24: f(x)= -0.7374248759547541
Best Solution: [15.07031845, 0.30480947, 0.06511806, -0.03215217, -0.01372515]
Convergence: 0.9125
----------------------------
differential_evolution step 25: f(x)= -0.7375473983245805
Best Solution: [15.07256625, 0.30503782, 0.06501923, -0.03265292, -0.01375139]
Convergence: 0.922
----------------------------
differential_evolution step 26: f(x)= -0.7375473983245805
Best Solution: [15.07256625, 0.30503782, 0.06501923, -0.03265292, -0.01375139]
Convergence: 2.6434
----------------------------

Optimal result for tg=15.074864:
             message: Optimization terminated successfully.
             success: True
                 fun: -0.7375473983245805
                   x: [ 1.507e+01  3.050e-01  6.502e-02 -3.265e-02
                       -1.375e-02]
                 nit: 26
                nfev: 1728
          population: [[ 1.507e+01  3.050e-01 ... -3.265e-02 -1.375e-02]
                       [ 1.507e+01  3.064e-01 ... -3.270e-02 -1.438e-02]
                       ...
                       [ 1.508e+01  3.034e-01 ... -3.179e-02 -1.289e-02]
                       [ 1.507e+01  3.055e-01 ... -3.145e-02 -1.342e-02]]
 population_energies: [-7.375e-01 -7.373e-01 ... -7.351e-01 -7.362e-01]
Gate errors (log10) (truc1=157):
-0.31973913, -0.7375474
Drive parameters:
[15.072566, 0.305038, 0.065019, -0.032653, -0.013751]
Full system error (truc_full=300):
-0.31973913, -0.7375474

f_optimize = np.array([
-0.31973913046342156, -0.7375473983245805 ,
])

f_optimize = np.array([
-0.31973913046342156, -0.7375473983245805 ,
])

Current China Time: 2026-08-02 13:29:37.172914+08:00
 17%|█▋        | 3/18 [1:34:43<8:46:56, 2107.79s/it]differential_evolution step 1: f(x)= -1.7651629728881777
Best Solution: [20.041257, 0.241329, 0.059044, -0.019402, -0.009802]
Convergence: 0.0098
----------------------------
differential_evolution step 2: f(x)= -1.7651629728881777
Best Solution: [20.041257, 0.241329, 0.059044, -0.019402, -0.009802]
Convergence: 0.011
----------------------------
differential_evolution step 3: f(x)= -1.7651629728881777
Best Solution: [20.041257, 0.241329, 0.059044, -0.019402, -0.009802]
Convergence: 0.0126
----------------------------
differential_evolution step 4: f(x)= -1.7651629728881777
Best Solution: [20.041257, 0.241329, 0.059044, -0.019402, -0.009802]
Convergence: 0.0136
----------------------------
differential_evolution step 5: f(x)= -1.7651629728881777
Best Solution: [20.041257, 0.241329, 0.059044, -0.019402, -0.009802]
Convergence: 0.0157
----------------------------
differential_evolution step 6: f(x)= -1.7651629728881777
Best Solution: [20.041257, 0.241329, 0.059044, -0.019402, -0.009802]
Convergence: 0.0174
----------------------------
differential_evolution step 7: f(x)= -1.7651629728881777
Best Solution: [20.041257, 0.241329, 0.059044, -0.019402, -0.009802]
Convergence: 0.0195
----------------------------
differential_evolution step 8: f(x)= -1.7651629728881777
Best Solution: [20.041257, 0.241329, 0.059044, -0.019402, -0.009802]
Convergence: 0.0214
----------------------------
differential_evolution step 9: f(x)= -1.7651629728881777
Best Solution: [20.041257, 0.241329, 0.059044, -0.019402, -0.009802]
Convergence: 0.0242
----------------------------
differential_evolution step 10: f(x)= -1.7651629728881777
Best Solution: [20.041257, 0.241329, 0.059044, -0.019402, -0.009802]
Convergence: 0.0251
----------------------------
differential_evolution step 11: f(x)= -1.7651629728881777
Best Solution: [20.041257, 0.241329, 0.059044, -0.019402, -0.009802]
Convergence: 0.0292
----------------------------
differential_evolution step 12: f(x)= -1.7651629728881777
Best Solution: [20.041257, 0.241329, 0.059044, -0.019402, -0.009802]
Convergence: 0.0318
----------------------------
differential_evolution step 13: f(x)= -1.7651629728881777
Best Solution: [20.041257, 0.241329, 0.059044, -0.019402, -0.009802]
Convergence: 0.0357
----------------------------
differential_evolution step 14: f(x)= -1.7651629728881777
Best Solution: [20.041257, 0.241329, 0.059044, -0.019402, -0.009802]
Convergence: 0.0439
----------------------------
differential_evolution step 15: f(x)= -1.7651629728881777
Best Solution: [20.041257, 0.241329, 0.059044, -0.019402, -0.009802]
Convergence: 0.0582
----------------------------
differential_evolution step 16: f(x)= -1.7651629728881777
Best Solution: [20.041257, 0.241329, 0.059044, -0.019402, -0.009802]
Convergence: 0.0678
----------------------------
differential_evolution step 17: f(x)= -1.7651629728881777
Best Solution: [20.041257, 0.241329, 0.059044, -0.019402, -0.009802]
Convergence: 0.0752
----------------------------
differential_evolution step 18: f(x)= -1.7651629728881777
Best Solution: [20.041257, 0.241329, 0.059044, -0.019402, -0.009802]
Convergence: 0.0885
----------------------------
differential_evolution step 19: f(x)= -1.7651629728881777
Best Solution: [20.041257, 0.241329, 0.059044, -0.019402, -0.009802]
Convergence: 0.0917
----------------------------
differential_evolution step 20: f(x)= -1.7651629728881777
Best Solution: [20.041257, 0.241329, 0.059044, -0.019402, -0.009802]
Convergence: 0.1278
----------------------------
differential_evolution step 21: f(x)= -1.7651629728881777
Best Solution: [20.041257, 0.241329, 0.059044, -0.019402, -0.009802]
Convergence: 0.1424
----------------------------
differential_evolution step 22: f(x)= -1.7651629728881777
Best Solution: [20.041257, 0.241329, 0.059044, -0.019402, -0.009802]
Convergence: 0.1831
----------------------------
differential_evolution step 23: f(x)= -1.7651629728881777
Best Solution: [20.041257, 0.241329, 0.059044, -0.019402, -0.009802]
Convergence: 0.1854
----------------------------
differential_evolution step 24: f(x)= -1.7651629728881777
Best Solution: [20.041257, 0.241329, 0.059044, -0.019402, -0.009802]
Convergence: 0.2363
----------------------------
differential_evolution step 25: f(x)= -1.7651629728881777
Best Solution: [20.041257, 0.241329, 0.059044, -0.019402, -0.009802]
Convergence: 0.2916
----------------------------
differential_evolution step 26: f(x)= -1.7651629728881777
Best Solution: [20.041257, 0.241329, 0.059044, -0.019402, -0.009802]
Convergence: 0.3822
----------------------------
differential_evolution step 27: f(x)= -1.7651629728881777
Best Solution: [20.041257, 0.241329, 0.059044, -0.019402, -0.009802]
Convergence: 0.4672
----------------------------
differential_evolution step 28: f(x)= -1.7651629728881777
Best Solution: [20.041257, 0.241329, 0.059044, -0.019402, -0.009802]
Convergence: 0.487
----------------------------
differential_evolution step 29: f(x)= -1.7652960011822627
Best Solution: [20.04075432, 0.23884485, 0.05869403, -0.01828049, -0.00894484]
Convergence: 0.506
----------------------------
differential_evolution step 30: f(x)= -1.7652960011822627
Best Solution: [20.04075432, 0.23884485, 0.05869403, -0.01828049, -0.00894484]
Convergence: 0.6762
----------------------------
differential_evolution step 31: f(x)= -1.7660498938266538
Best Solution: [20.04135262, 0.23888767, 0.05957786, -0.01929341, -0.00972508]
Convergence: 0.7027
----------------------------
differential_evolution step 32: f(x)= -1.7662930626008015
Best Solution: [20.04230221, 0.24082156, 0.05923868, -0.01935404, -0.00957641]
Convergence: 1.634
----------------------------

Optimal result for tg=20.041257:
             message: Optimization terminated successfully.
             success: True
                 fun: -1.7662930626008015
                   x: [ 2.004e+01  2.408e-01  5.924e-02 -1.935e-02
                       -9.576e-03]
                 nit: 32
                nfev: 2112
          population: [[ 2.004e+01  2.408e-01 ... -1.935e-02 -9.576e-03]
                       [ 2.005e+01  2.368e-01 ... -1.830e-02 -8.225e-03]
                       ...
                       [ 2.004e+01  2.414e-01 ... -1.819e-02 -8.660e-03]
                       [ 2.004e+01  2.408e-01 ... -1.925e-02 -1.028e-02]]
 population_energies: [-1.766e+00 -1.755e+00 ... -1.756e+00 -1.761e+00]
Gate errors (log10) (truc1=157):
-0.31973913, -0.7375474, -1.76629306
Drive parameters:
[20.042302, 0.240822, 0.059239, -0.019354, -0.009576]
Full system error (truc_full=300):
-0.31973913, -0.7375474, -1.76629306

f_optimize = np.array([
-0.31973913046342156, -0.7375473983245805, -1.7662930626008015 ,
])

f_optimize = np.array([
-0.31973913046342156, -0.7375473983245805, -1.7662930626008015 ,
])

Current China Time: 2026-08-02 14:17:45.565876+08:00
differential_evolution step 1: f(x)= -2.6152813106484865
Best Solution: [25.020473, 0.180208, 0.046132, -0.003789, 0.001544]
Convergence: 0.0068
----------------------------
differential_evolution step 2: f(x)= -2.6152813106484865
Best Solution: [25.020473, 0.180208, 0.046132, -0.003789, 0.001544]
Convergence: 0.0077
----------------------------
differential_evolution step 3: f(x)= -2.6152813106484865
Best Solution: [25.020473, 0.180208, 0.046132, -0.003789, 0.001544]
Convergence: 0.0089
----------------------------
differential_evolution step 4: f(x)= -2.6152813106484865
Best Solution: [25.020473, 0.180208, 0.046132, -0.003789, 0.001544]
Convergence: 0.0104
----------------------------
differential_evolution step 5: f(x)= -2.6152813106484865
Best Solution: [25.020473, 0.180208, 0.046132, -0.003789, 0.001544]
Convergence: 0.0114
----------------------------
differential_evolution step 6: f(x)= -2.6152813106484865
Best Solution: [25.020473, 0.180208, 0.046132, -0.003789, 0.001544]
Convergence: 0.0136
----------------------------
differential_evolution step 7: f(x)= -2.6152813106484865
Best Solution: [25.020473, 0.180208, 0.046132, -0.003789, 0.001544]
Convergence: 0.0158
----------------------------
differential_evolution step 8: f(x)= -2.6152813106484865
Best Solution: [25.020473, 0.180208, 0.046132, -0.003789, 0.001544]
Convergence: 0.0175
----------------------------
differential_evolution step 9: f(x)= -2.6152813106484865
Best Solution: [25.020473, 0.180208, 0.046132, -0.003789, 0.001544]
Convergence: 0.0183
----------------------------
differential_evolution step 10: f(x)= -2.6152813106484865
Best Solution: [25.020473, 0.180208, 0.046132, -0.003789, 0.001544]
Convergence: 0.0195
----------------------------
differential_evolution step 11: f(x)= -2.6152813106484865
Best Solution: [25.020473, 0.180208, 0.046132, -0.003789, 0.001544]
Convergence: 0.0218
----------------------------
differential_evolution step 12: f(x)= -2.6152813106484865
Best Solution: [25.020473, 0.180208, 0.046132, -0.003789, 0.001544]
Convergence: 0.0242
----------------------------
differential_evolution step 13: f(x)= -2.6152813106484865
Best Solution: [25.020473, 0.180208, 0.046132, -0.003789, 0.001544]
Convergence: 0.0268
----------------------------
differential_evolution step 14: f(x)= -2.6152813106484865
Best Solution: [25.020473, 0.180208, 0.046132, -0.003789, 0.001544]
Convergence: 0.0305
----------------------------
differential_evolution step 15: f(x)= -2.6152813106484865
Best Solution: [25.020473, 0.180208, 0.046132, -0.003789, 0.001544]
Convergence: 0.0327
----------------------------
differential_evolution step 16: f(x)= -2.6152813106484865
Best Solution: [25.020473, 0.180208, 0.046132, -0.003789, 0.001544]
Convergence: 0.0377
----------------------------
differential_evolution step 17: f(x)= -2.6152813106484865
Best Solution: [25.020473, 0.180208, 0.046132, -0.003789, 0.001544]
Convergence: 0.0432
----------------------------
differential_evolution step 18: f(x)= -2.6152813106484865
Best Solution: [25.020473, 0.180208, 0.046132, -0.003789, 0.001544]
Convergence: 0.0463
----------------------------
differential_evolution step 19: f(x)= -2.6152813106484865
Best Solution: [25.020473, 0.180208, 0.046132, -0.003789, 0.001544]
Convergence: 0.0481
----------------------------
differential_evolution step 20: f(x)= -2.6152813106484865
Best Solution: [25.020473, 0.180208, 0.046132, -0.003789, 0.001544]
Convergence: 0.0553
----------------------------
differential_evolution step 21: f(x)= -2.6152813106484865
Best Solution: [25.020473, 0.180208, 0.046132, -0.003789, 0.001544]
Convergence: 0.0559
----------------------------
differential_evolution step 22: f(x)= -2.6152813106484865
Best Solution: [25.020473, 0.180208, 0.046132, -0.003789, 0.001544]
Convergence: 0.0649
----------------------------
differential_evolution step 23: f(x)= -2.6152813106484865
Best Solution: [25.020473, 0.180208, 0.046132, -0.003789, 0.001544]
Convergence: 0.0689
----------------------------
differential_evolution step 24: f(x)= -2.6152813106484865
Best Solution: [25.020473, 0.180208, 0.046132, -0.003789, 0.001544]
Convergence: 0.0796
----------------------------
differential_evolution step 25: f(x)= -2.6152813106484865
Best Solution: [25.020473, 0.180208, 0.046132, -0.003789, 0.001544]
Convergence: 0.1031
----------------------------
differential_evolution step 26: f(x)= -2.6152813106484865
Best Solution: [25.020473, 0.180208, 0.046132, -0.003789, 0.001544]
Convergence: 0.1076
----------------------------
differential_evolution step 27: f(x)= -2.6152813106484865
Best Solution: [25.020473, 0.180208, 0.046132, -0.003789, 0.001544]
Convergence: 0.1088
----------------------------
differential_evolution step 28: f(x)= -2.6152813106484865
Best Solution: [25.020473, 0.180208, 0.046132, -0.003789, 0.001544]
Convergence: 0.1076
----------------------------
differential_evolution step 29: f(x)= -2.6152813106484865
Best Solution: [25.020473, 0.180208, 0.046132, -0.003789, 0.001544]
Convergence: 0.1157
----------------------------
differential_evolution step 30: f(x)= -2.6152813106484865
Best Solution: [25.020473, 0.180208, 0.046132, -0.003789, 0.001544]
Convergence: 0.1502
----------------------------
differential_evolution step 31: f(x)= -2.6152813106484865
Best Solution: [25.020473, 0.180208, 0.046132, -0.003789, 0.001544]
Convergence: 0.1569
----------------------------
differential_evolution step 32: f(x)= -2.6152813106484865
Best Solution: [25.020473, 0.180208, 0.046132, -0.003789, 0.001544]
Convergence: 0.1872
----------------------------
differential_evolution step 33: f(x)= -2.6152813106484865
Best Solution: [25.020473, 0.180208, 0.046132, -0.003789, 0.001544]
Convergence: 0.2308
----------------------------
differential_evolution step 34: f(x)= -2.6152813106484865
Best Solution: [25.020473, 0.180208, 0.046132, -0.003789, 0.001544]
Convergence: 0.2858
----------------------------
differential_evolution step 35: f(x)= -2.6152813106484865
Best Solution: [25.020473, 0.180208, 0.046132, -0.003789, 0.001544]
Convergence: 0.3624
----------------------------
differential_evolution step 36: f(x)= -2.6152813106484865
Best Solution: [25.020473, 0.180208, 0.046132, -0.003789, 0.001544]
Convergence: 0.4761
----------------------------
differential_evolution step 37: f(x)= -2.6152813106484865
Best Solution: [25.020473, 0.180208, 0.046132, -0.003789, 0.001544]
Convergence: 0.5516
----------------------------
differential_evolution step 38: f(x)= -2.6152813106484865
Best Solution: [25.020473, 0.180208, 0.046132, -0.003789, 0.001544]
Convergence: 0.6069
----------------------------
differential_evolution step 39: f(x)= -2.6152813106484865
Best Solution: [25.020473, 0.180208, 0.046132, -0.003789, 0.001544]
Convergence: 0.6314
----------------------------
differential_evolution step 40: f(x)= -2.616729412839989
Best Solution: [25.02083902, 0.18040733, 0.04627128, -0.00388042, 0.00145664]
Convergence: 1.0144
----------------------------

Optimal result for tg=25.020473:
             message: Optimization terminated successfully.
             success: True
                 fun: -2.616729412839989
                   x: [ 2.502e+01  1.804e-01  4.627e-02 -3.880e-03
                        1.457e-03]
                 nit: 40
                nfev: 2624
          population: [[ 2.502e+01  1.804e-01 ... -3.880e-03  1.457e-03]
                       [ 2.502e+01  1.810e-01 ... -4.679e-03  6.875e-04]
                       ...
                       [ 2.502e+01  1.796e-01 ... -4.228e-03  1.052e-03]
                       [ 2.502e+01  1.805e-01 ... -2.814e-03  2.311e-03]]
 population_energies: [-2.617e+00 -2.558e+00 ... -2.587e+00 -2.566e+00]
Gate errors (log10) (truc1=157):
-0.31973913, -0.7375474, -1.76629306, -2.61672941
Drive parameters:
[25.020839, 0.180407, 0.046271, -0.00388, 0.001457]
Full system error (truc_full=300):
-0.31973913, -0.7375474, -1.76629306, -2.61672941

f_optimize = np.array([
-0.31973913046342156, -0.7375473983245805, -1.7662930626008015, -2.616729412839989 ,
])

f_optimize = np.array([
-0.31973913046342156, -0.7375473983245805, -1.7662930626008015, -2.616729412839989 ,
])

Current China Time: 22%|██▏       | 4/18 [2:56:13<12:28:08, 3206.30s/it] 2026-08-02 15:39:15.894188+08:00
differential_evolution step 1: f(x)= -3.1889314645058726
Best Solution: [30.008342, 0.14538, 0.037985, 0.000555, 0.004004]
Convergence: 0.006
----------------------------
differential_evolution step 2: f(x)= -3.1889314645058726
Best Solution: [30.008342, 0.14538, 0.037985, 0.000555, 0.004004]
Convergence: 0.0068
----------------------------
differential_evolution step 3: f(x)= -3.1889314645058726
Best Solution: [30.008342, 0.14538, 0.037985, 0.000555, 0.004004]
Convergence: 0.0073
----------------------------
differential_evolution step 4: f(x)= -3.1889314645058726
Best Solution: [30.008342, 0.14538, 0.037985, 0.000555, 0.004004]
Convergence: 0.0079
----------------------------
differential_evolution step 5: f(x)= -3.1889314645058726
Best Solution: [30.008342, 0.14538, 0.037985, 0.000555, 0.004004]
Convergence: 0.0084
----------------------------
differential_evolution step 6: f(x)= -3.1889314645058726
Best Solution: [30.008342, 0.14538, 0.037985, 0.000555, 0.004004]
Convergence: 0.0089
----------------------------
differential_evolution step 7: f(x)= -3.1889314645058726
Best Solution: [30.008342, 0.14538, 0.037985, 0.000555, 0.004004]
Convergence: 0.0097
----------------------------
differential_evolution step 8: f(x)= -3.1889314645058726
Best Solution: [30.008342, 0.14538, 0.037985, 0.000555, 0.004004]
Convergence: 0.0103
----------------------------
differential_evolution step 9: f(x)= -3.1889314645058726
Best Solution: [30.008342, 0.14538, 0.037985, 0.000555, 0.004004]
Convergence: 0.011
----------------------------
differential_evolution step 10: f(x)= -3.1889314645058726
Best Solution: [30.008342, 0.14538, 0.037985, 0.000555, 0.004004]
Convergence: 0.0115
----------------------------
differential_evolution step 11: f(x)= -3.1889314645058726
Best Solution: [30.008342, 0.14538, 0.037985, 0.000555, 0.004004]
Convergence: 0.0122
----------------------------
differential_evolution step 12: f(x)= -3.1889314645058726
Best Solution: [30.008342, 0.14538, 0.037985, 0.000555, 0.004004]
Convergence: 0.0131
----------------------------
differential_evolution step 13: f(x)= -3.1889314645058726
Best Solution: [30.008342, 0.14538, 0.037985, 0.000555, 0.004004]
Convergence: 0.0154
----------------------------
differential_evolution step 14: f(x)= -3.1889314645058726
Best Solution: [30.008342, 0.14538, 0.037985, 0.000555, 0.004004]
Convergence: 0.0166
----------------------------
differential_evolution step 15: f(x)= -3.1889314645058726
Best Solution: [30.008342, 0.14538, 0.037985, 0.000555, 0.004004]
Convergence: 0.0168
----------------------------
differential_evolution step 16: f(x)= -3.1889314645058726
Best Solution: [30.008342, 0.14538, 0.037985, 0.000555, 0.004004]
Convergence: 0.0179
----------------------------
differential_evolution step 17: f(x)= -3.1889314645058726
Best Solution: [30.008342, 0.14538, 0.037985, 0.000555, 0.004004]
Convergence: 0.0195
----------------------------
differential_evolution step 18: f(x)= -3.1889314645058726
Best Solution: [30.008342, 0.14538, 0.037985, 0.000555, 0.004004]
Convergence: 0.0224
----------------------------
differential_evolution step 19: f(x)= -3.1889314645058726
Best Solution: [30.008342, 0.14538, 0.037985, 0.000555, 0.004004]
Convergence: 0.0241
----------------------------
differential_evolution step 20: f(x)= -3.1889314645058726
Best Solution: [30.008342, 0.14538, 0.037985, 0.000555, 0.004004]
Convergence: 0.0286
----------------------------
differential_evolution step 21: f(x)= -3.1889314645058726
Best Solution: [30.008342, 0.14538, 0.037985, 0.000555, 0.004004]
Convergence: 0.0302
----------------------------
differential_evolution step 22: f(x)= -3.1889314645058726
Best Solution: [30.008342, 0.14538, 0.037985, 0.000555, 0.004004]
Convergence: 0.0344
----------------------------
differential_evolution step 23: f(x)= -3.1889314645058726
Best Solution: [30.008342, 0.14538, 0.037985, 0.000555, 0.004004]
Convergence: 0.0411
----------------------------
differential_evolution step 24: f(x)= -3.1889314645058726
Best Solution: [30.008342, 0.14538, 0.037985, 0.000555, 0.004004]
Convergence: 0.0386
----------------------------
differential_evolution step 25: f(x)= -3.1889314645058726
Best Solution: [30.008342, 0.14538, 0.037985, 0.000555, 0.004004]
Convergence: 0.0433
----------------------------
differential_evolution step 26: f(x)= -3.1889314645058726
Best Solution: [30.008342, 0.14538, 0.037985, 0.000555, 0.004004]
Convergence: 0.047
----------------------------
differential_evolution step 27: f(x)= -3.1889314645058726
Best Solution: [30.008342, 0.14538, 0.037985, 0.000555, 0.004004]
Convergence: 0.052
----------------------------
differential_evolution step 28: f(x)= -3.1889314645058726
Best Solution: [30.008342, 0.14538, 0.037985, 0.000555, 0.004004]
Convergence: 0.0615
----------------------------
differential_evolution step 29: f(x)= -3.1889314645058726
Best Solution: [30.008342, 0.14538, 0.037985, 0.000555, 0.004004]
Convergence: 0.0708
----------------------------
differential_evolution step 30: f(x)= -3.1889314645058726
Best Solution: [30.008342, 0.14538, 0.037985, 0.000555, 0.004004]
Convergence: 0.0729
----------------------------
differential_evolution step 31: f(x)= -3.1889314645058726
Best Solution: [30.008342, 0.14538, 0.037985, 0.000555, 0.004004]
Convergence: 0.0803
----------------------------
differential_evolution step 32: f(x)= -3.1889314645058726
Best Solution: [30.008342, 0.14538, 0.037985, 0.000555, 0.004004]
Convergence: 0.0893
----------------------------
differential_evolution step 33: f(x)= -3.1889314645058726
Best Solution: [30.008342, 0.14538, 0.037985, 0.000555, 0.004004]
Convergence: 0.1021
----------------------------
differential_evolution step 34: f(x)= -3.1889314645058726
Best Solution: [30.008342, 0.14538, 0.037985, 0.000555, 0.004004]
Convergence: 0.1121
----------------------------
differential_evolution step 35: f(x)= -3.1889314645058726
Best Solution: [30.008342, 0.14538, 0.037985, 0.000555, 0.004004]
Convergence: 0.1296
----------------------------
differential_evolution step 36: f(x)= -3.1889314645058726
Best Solution: [30.008342, 0.14538, 0.037985, 0.000555, 0.004004]
Convergence: 0.1712
----------------------------
differential_evolution step 37: f(x)= -3.1889314645058726
Best Solution: [30.008342, 0.14538, 0.037985, 0.000555, 0.004004]
Convergence: 0.1846
----------------------------
differential_evolution step 38: f(x)= -3.1889314645058726
Best Solution: [30.008342, 0.14538, 0.037985, 0.000555, 0.004004]
Convergence: 0.2119
----------------------------
differential_evolution step 39: f(x)= -3.1889314645058726
Best Solution: [30.008342, 0.14538, 0.037985, 0.000555, 0.004004]
Convergence: 0.2392
----------------------------
differential_evolution step 40: f(x)= -3.1889314645058726
Best Solution: [30.008342, 0.14538, 0.037985, 0.000555, 0.004004]
Convergence: 0.2446
----------------------------
differential_evolution step 41: f(x)= -3.1889314645058726
Best Solution: [30.008342, 0.14538, 0.037985, 0.000555, 0.004004]
Convergence: 0.3734
----------------------------
differential_evolution step 42: f(x)= -3.1889314645058726
Best Solution: [30.008342, 0.14538, 0.037985, 0.000555, 0.004004]
Convergence: 0.4112
----------------------------
differential_evolution step 43: f(x)= -3.1889314645058726
Best Solution: [30.008342, 0.14538, 0.037985, 0.000555, 0.004004]
Convergence: 0.554
----------------------------
differential_evolution step 44: f(x)= -3.1889314645058726
Best Solution: [30.008342, 0.14538, 0.037985, 0.000555, 0.004004]
Convergence: 0.6675
----------------------------
differential_evolution step 45: f(x)= -3.1889314645058726
Best Solution: [30.008342, 0.14538, 0.037985, 0.000555, 0.004004]
Convergence: 0.6765
----------------------------
differential_evolution step 46: f(x)= -3.1889314645058726
Best Solution: [30.008342, 0.14538, 0.037985, 0.000555, 0.004004]
Convergence: 0.8731
----------------------------
differential_evolution step 47: f(x)= -3.1904541405726463
Best Solution: [30.00880832, 0.14528048, 0.03801844, 0.00057423, 0.00407301]
Convergence: 1.0093
----------------------------

Optimal result for tg=30.008342:
             message: Optimization terminated successfully.
             success: True
                 fun: -3.1904541405726463
                   x: [ 3.001e+01  1.453e-01  3.802e-02  5.742e-04
                        4.073e-03]
                 nit: 47
                nfev: 3072
          population: [[ 3.001e+01  1.453e-01 ...  5.742e-04  4.073e-03]
                       [ 3.001e+01  1.452e-01 ...  6.969e-04  4.306e-03]
                       ...
                       [ 3.001e+01  1.455e-01 ...  6.668e-04  4.105e-03]
                       [ 3.001e+01  1.456e-01 ...  5.029e-04  3.890e-03]]
 population_energies: [-3.190e+00 -3.109e+00 ... -3.171e+00 -3.170e+00] 28%|██▊       | 5/18 [5:01:35<17:11:54, 4762.62s/it]
Gate errors (log10) (truc1=157):
-0.7375474, -1.76629306, -2.61672941, -3.19045414
Drive parameters:
[30.008808, 0.14528, 0.038018, 0.000574, 0.004073]
Full system error (truc_full=300):
-0.7375474, -1.76629306, -2.61672941, -3.19045414

f_optimize = np.array([
-0.31973913046342156, -0.7375473983245805, -1.7662930626008015, -2.616729412839989 ,
-3.1904541405726463 ,
])

f_optimize = np.array([
-0.31973913046342156, -0.7375473983245805, -1.7662930626008015, -2.616729412839989 ,
-3.1904541405726463 ,
])

Current China Time: 2026-08-02 17:44:38.017421+08:00
differential_evolution step 1: f(x)= -3.5991106923319016
Best Solution: [34.999249, 0.121737, 0.032287, 0.001883, 0.004348]
Convergence: 0.0056
----------------------------
differential_evolution step 2: f(x)= -3.5991106923319016
Best Solution: [34.999249, 0.121737, 0.032287, 0.001883, 0.004348]
Convergence: 0.0063
----------------------------
differential_evolution step 3: f(x)= -3.5991106923319016
Best Solution: [34.999249, 0.121737, 0.032287, 0.001883, 0.004348]
Convergence: 0.0066
----------------------------
differential_evolution step 4: f(x)= -3.5991106923319016
Best Solution: [34.999249, 0.121737, 0.032287, 0.001883, 0.004348]
Convergence: 0.0071
----------------------------
differential_evolution step 5: f(x)= -3.5991106923319016
Best Solution: [34.999249, 0.121737, 0.032287, 0.001883, 0.004348]
Convergence: 0.0075
----------------------------
differential_evolution step 6: f(x)= -3.5991106923319016
Best Solution: [34.999249, 0.121737, 0.032287, 0.001883, 0.004348]
Convergence: 0.0078
----------------------------
differential_evolution step 7: f(x)= -3.5991106923319016
Best Solution: [34.999249, 0.121737, 0.032287, 0.001883, 0.004348]
Convergence: 0.0083
----------------------------
differential_evolution step 8: f(x)= -3.5991106923319016
Best Solution: [34.999249, 0.121737, 0.032287, 0.001883, 0.004348]
Convergence: 0.0088
----------------------------
differential_evolution step 9: f(x)= -3.5991106923319016
Best Solution: [34.999249, 0.121737, 0.032287, 0.001883, 0.004348]
Convergence: 0.0093
----------------------------
differential_evolution step 10: f(x)= -3.5991106923319016
Best Solution: [34.999249, 0.121737, 0.032287, 0.001883, 0.004348]
Convergence: 0.0101
----------------------------
differential_evolution step 11: f(x)= -3.5991106923319016
Best Solution: [34.999249, 0.121737, 0.032287, 0.001883, 0.004348]
Convergence: 0.0109
----------------------------
differential_evolution step 12: f(x)= -3.5991106923319016
Best Solution: [34.999249, 0.121737, 0.032287, 0.001883, 0.004348]
Convergence: 0.0114
----------------------------
differential_evolution step 13: f(x)= -3.5991106923319016
Best Solution: [34.999249, 0.121737, 0.032287, 0.001883, 0.004348]
Convergence: 0.0126
----------------------------
differential_evolution step 14: f(x)= -3.5991106923319016
Best Solution: [34.999249, 0.121737, 0.032287, 0.001883, 0.004348]
Convergence: 0.0135
----------------------------
differential_evolution step 15: f(x)= -3.5991106923319016
Best Solution: [34.999249, 0.121737, 0.032287, 0.001883, 0.004348]
Convergence: 0.0143
----------------------------
differential_evolution step 16: f(x)= -3.5991106923319016
Best Solution: [34.999249, 0.121737, 0.032287, 0.001883, 0.004348]
Convergence: 0.0152
----------------------------
differential_evolution step 17: f(x)= -3.5991106923319016
Best Solution: [34.999249, 0.121737, 0.032287, 0.001883, 0.004348]
Convergence: 0.0164
----------------------------
differential_evolution step 18: f(x)= -3.5991106923319016
Best Solution: [34.999249, 0.121737, 0.032287, 0.001883, 0.004348]
Convergence: 0.018
----------------------------
differential_evolution step 19: f(x)= -3.5991106923319016
Best Solution: [34.999249, 0.121737, 0.032287, 0.001883, 0.004348]
Convergence: 0.0191
----------------------------
differential_evolution step 20: f(x)= -3.5991106923319016
Best Solution: [34.999249, 0.121737, 0.032287, 0.001883, 0.004348]
Convergence: 0.0206
----------------------------
differential_evolution step 21: f(x)= -3.5991106923319016
Best Solution: [34.999249, 0.121737, 0.032287, 0.001883, 0.004348]
Convergence: 0.0226
----------------------------
differential_evolution step 22: f(x)= -3.5991106923319016
Best Solution: [34.999249, 0.121737, 0.032287, 0.001883, 0.004348]
Convergence: 0.0238
----------------------------
differential_evolution step 23: f(x)= -3.5991106923319016
Best Solution: [34.999249, 0.121737, 0.032287, 0.001883, 0.004348]
Convergence: 0.0243
----------------------------
differential_evolution step 24: f(x)= -3.5991106923319016
Best Solution: [34.999249, 0.121737, 0.032287, 0.001883, 0.004348]
Convergence: 0.0271
----------------------------
differential_evolution step 25: f(x)= -3.5991106923319016
Best Solution: [34.999249, 0.121737, 0.032287, 0.001883, 0.004348]
Convergence: 0.0291
----------------------------
differential_evolution step 26: f(x)= -3.5991106923319016
Best Solution: [34.999249, 0.121737, 0.032287, 0.001883, 0.004348]
Convergence: 0.0341
----------------------------
differential_evolution step 27: f(x)= -3.5991106923319016
Best Solution: [34.999249, 0.121737, 0.032287, 0.001883, 0.004348]
Convergence: 0.0391
----------------------------
differential_evolution step 28: f(x)= -3.5991106923319016
Best Solution: [34.999249, 0.121737, 0.032287, 0.001883, 0.004348]
Convergence: 0.047
----------------------------
differential_evolution step 29: f(x)= -3.5991106923319016
Best Solution: [34.999249, 0.121737, 0.032287, 0.001883, 0.004348]
Convergence: 0.0456
----------------------------
differential_evolution step 30: f(x)= -3.5991106923319016
Best Solution: [34.999249, 0.121737, 0.032287, 0.001883, 0.004348]
Convergence: 0.049
----------------------------
differential_evolution step 31: f(x)= -3.5991106923319016
Best Solution: [34.999249, 0.121737, 0.032287, 0.001883, 0.004348]
Convergence: 0.0539
----------------------------
differential_evolution step 32: f(x)= -3.5991106923319016
Best Solution: [34.999249, 0.121737, 0.032287, 0.001883, 0.004348]
Convergence: 0.0602
----------------------------
differential_evolution step 33: f(x)= -3.5991106923319016
Best Solution: [34.999249, 0.121737, 0.032287, 0.001883, 0.004348]
Convergence: 0.0719
----------------------------
differential_evolution step 34: f(x)= -3.5991106923319016
Best Solution: [34.999249, 0.121737, 0.032287, 0.001883, 0.004348]
Convergence: 0.0714
----------------------------
differential_evolution step 35: f(x)= -3.5991106923319016
Best Solution: [34.999249, 0.121737, 0.032287, 0.001883, 0.004348]
Convergence: 0.0859
----------------------------
differential_evolution step 36: f(x)= -3.5991106923319016
Best Solution: [34.999249, 0.121737, 0.032287, 0.001883, 0.004348]
Convergence: 0.0972
----------------------------
differential_evolution step 37: f(x)= -3.5991106923319016
Best Solution: [34.999249, 0.121737, 0.032287, 0.001883, 0.004348]
Convergence: 0.1011
----------------------------
differential_evolution step 38: f(x)= -3.5991106923319016
Best Solution: [34.999249, 0.121737, 0.032287, 0.001883, 0.004348]
Convergence: 0.0984
----------------------------
differential_evolution step 39: f(x)= -3.5991106923319016
Best Solution: [34.999249, 0.121737, 0.032287, 0.001883, 0.004348]
Convergence: 0.1002
----------------------------
differential_evolution step 40: f(x)= -3.5991106923319016
Best Solution: [34.999249, 0.121737, 0.032287, 0.001883, 0.004348]
Convergence: 0.109
----------------------------
differential_evolution step 41: f(x)= -3.5991106923319016
Best Solution: [34.999249, 0.121737, 0.032287, 0.001883, 0.004348]
Convergence: 0.1233
----------------------------
differential_evolution step 42: f(x)= -3.5991106923319016
Best Solution: [34.999249, 0.121737, 0.032287, 0.001883, 0.004348]
Convergence: 0.1576
----------------------------
differential_evolution step 43: f(x)= -3.5991106923319016
Best Solution: [34.999249, 0.121737, 0.032287, 0.001883, 0.004348]
Convergence: 0.1743
----------------------------
differential_evolution step 44: f(x)= -3.5991106923319016
Best Solution: [34.999249, 0.121737, 0.032287, 0.001883, 0.004348]
Convergence: 0.2246
----------------------------
differential_evolution step 45: f(x)= -3.5992150481270415
Best Solution: [34.99911507, 0.12182237, 0.03228883, 0.00188711, 0.00431455]
Convergence: 0.2396
----------------------------
differential_evolution step 46: f(x)= -3.5992150481270415
Best Solution: [34.99911507, 0.12182237, 0.03228883, 0.00188711, 0.00431455]
Convergence: 0.341
----------------------------
differential_evolution step 47: f(x)= -3.5992150481270415
Best Solution: [34.99911507, 0.12182237, 0.03228883, 0.00188711, 0.00431455]
Convergence: 0.4096
---------------------------- 33%|███▎      | 6/18 [7:00:07<18:32:17, 5561.45s/it]
differential_evolution step 48: f(x)= -3.5992150481270415
Best Solution: [34.99911507, 0.12182237, 0.03228883, 0.00188711, 0.00431455]
Convergence: 0.466
----------------------------
differential_evolution step 49: f(x)= -3.5992150481270415
Best Solution: [34.99911507, 0.12182237, 0.03228883, 0.00188711, 0.00431455]
Convergence: 0.5421
----------------------------
differential_evolution step 50: f(x)= -3.5992150481270415
Best Solution: [34.99911507, 0.12182237, 0.03228883, 0.00188711, 0.00431455]
Convergence: 0.5497
----------------------------
differential_evolution step 51: f(x)= -3.5992150481270415
Best Solution: [34.99911507, 0.12182237, 0.03228883, 0.00188711, 0.00431455]
Convergence: 0.584
----------------------------
differential_evolution step 52: f(x)= -3.5992150481270415
Best Solution: [34.99911507, 0.12182237, 0.03228883, 0.00188711, 0.00431455]
Convergence: 0.7193
----------------------------
differential_evolution step 53: f(x)= -3.5992150481270415
Best Solution: [34.99911507, 0.12182237, 0.03228883, 0.00188711, 0.00431455]
Convergence: 0.8184
----------------------------
differential_evolution step 54: f(x)= -3.5992150481270415
Best Solution: [34.99911507, 0.12182237, 0.03228883, 0.00188711, 0.00431455]
Convergence: 1.1169
----------------------------

Optimal result for tg=34.999249:
             message: Optimization terminated successfully.
             success: True
                 fun: -3.5992150481270415
                   x: [ 3.500e+01  1.218e-01  3.229e-02  1.887e-03
                        4.315e-03]
                 nit: 54
                nfev: 3520
          population: [[ 3.500e+01  1.218e-01 ...  1.887e-03  4.315e-03]
                       [ 3.500e+01  1.215e-01 ...  1.750e-03  4.214e-03]
                       ...
                       [ 3.500e+01  1.216e-01 ...  1.584e-03  4.071e-03]
                       [ 3.500e+01  1.220e-01 ...  1.841e-03  4.255e-03]]
 population_energies: [-3.599e+00 -3.571e+00 ... -3.509e+00 -3.569e+00]
Gate errors (log10) (truc1=157):
-1.76629306, -2.61672941, -3.19045414, -3.59921505
Drive parameters:
[34.999115, 0.121822, 0.032289, 0.001887, 0.004315]
Full system error (truc_full=300):
-1.76629306, -2.61672941, -3.19045414, -3.59921505

f_optimize = np.array([
-0.31973913046342156, -0.7375473983245805, -1.7662930626008015, -2.616729412839989 ,
-3.1904541405726463, -3.5992150481270415 ,
])

f_optimize = np.array([
-0.31973913046342156, -0.7375473983245805, -1.7662930626008015, -2.616729412839989 ,
-3.1904541405726463, -3.5992150481270415 ,
])

Current China Time: 2026-08-02 19:43:10.122928+08:00
differential_evolution step 1: f(x)= -3.9457633464840614
Best Solution: [39.991616, 0.105045, 0.028058, 0.002171, 0.003988]
Convergence: 0.005
----------------------------
differential_evolution step 2: f(x)= -3.9457633464840614
Best Solution: [39.991616, 0.105045, 0.028058, 0.002171, 0.003988]
Convergence: 0.0056
----------------------------
differential_evolution step 3: f(x)= -3.9457633464840614
Best Solution: [39.991616, 0.105045, 0.028058, 0.002171, 0.003988]
Convergence: 0.006
----------------------------
differential_evolution step 4: f(x)= -3.9457633464840614
Best Solution: [39.991616, 0.105045, 0.028058, 0.002171, 0.003988]
Convergence: 0.0066
----------------------------
differential_evolution step 5: f(x)= -3.9457633464840614
Best Solution: [39.991616, 0.105045, 0.028058, 0.002171, 0.003988]
Convergence: 0.0071
----------------------------
differential_evolution step 6: f(x)= -3.9457633464840614
Best Solution: [39.991616, 0.105045, 0.028058, 0.002171, 0.003988]
Convergence: 0.0076
----------------------------
differential_evolution step 7: f(x)= -3.9457633464840614
Best Solution: [39.991616, 0.105045, 0.028058, 0.002171, 0.003988]
Convergence: 0.0078
----------------------------
differential_evolution step 8: f(x)= -3.9457633464840614
Best Solution: [39.991616, 0.105045, 0.028058, 0.002171, 0.003988]
Convergence: 0.008
----------------------------
differential_evolution step 9: f(x)= -3.9457633464840614
Best Solution: [39.991616, 0.105045, 0.028058, 0.002171, 0.003988]
Convergence: 0.0083
----------------------------
differential_evolution step 10: f(x)= -3.9457633464840614
Best Solution: [39.991616, 0.105045, 0.028058, 0.002171, 0.003988]
Convergence: 0.0085
----------------------------
differential_evolution step 11: f(x)= -3.9457633464840614
Best Solution: [39.991616, 0.105045, 0.028058, 0.002171, 0.003988]
Convergence: 0.0089
----------------------------
differential_evolution step 12: f(x)= -3.9457633464840614
Best Solution: [39.991616, 0.105045, 0.028058, 0.002171, 0.003988]
Convergence: 0.0092
----------------------------
differential_evolution step 13: f(x)= -3.9457633464840614
Best Solution: [39.991616, 0.105045, 0.028058, 0.002171, 0.003988]
Convergence: 0.0094
----------------------------
differential_evolution step 14: f(x)= -3.9457633464840614
Best Solution: [39.991616, 0.105045, 0.028058, 0.002171, 0.003988]
Convergence: 0.0097
----------------------------
differential_evolution step 15: f(x)= -3.9457633464840614
Best Solution: [39.991616, 0.105045, 0.028058, 0.002171, 0.003988]
Convergence: 0.0102
----------------------------
differential_evolution step 16: f(x)= -3.9457633464840614
Best Solution: [39.991616, 0.105045, 0.028058, 0.002171, 0.003988]
Convergence: 0.0112
----------------------------
differential_evolution step 17: f(x)= -3.9457633464840614
Best Solution: [39.991616, 0.105045, 0.028058, 0.002171, 0.003988]
Convergence: 0.0121
----------------------------
differential_evolution step 18: f(x)= -3.9457633464840614
Best Solution: [39.991616, 0.105045, 0.028058, 0.002171, 0.003988]
Convergence: 0.0126
----------------------------
differential_evolution step 19: f(x)= -3.9457633464840614
Best Solution: [39.991616, 0.105045, 0.028058, 0.002171, 0.003988]
Convergence: 0.0129
----------------------------
differential_evolution step 20: f(x)= -3.9457633464840614
Best Solution: [39.991616, 0.105045, 0.028058, 0.002171, 0.003988]
Convergence: 0.014
----------------------------
differential_evolution step 21: f(x)= -3.9457633464840614
Best Solution: [39.991616, 0.105045, 0.028058, 0.002171, 0.003988]
Convergence: 0.0152
----------------------------
differential_evolution step 22: f(x)= -3.9457633464840614
Best Solution: [39.991616, 0.105045, 0.028058, 0.002171, 0.003988]
Convergence: 0.0157
----------------------------
differential_evolution step 23: f(x)= -3.9457633464840614
Best Solution: [39.991616, 0.105045, 0.028058, 0.002171, 0.003988]
Convergence: 0.0163
----------------------------
differential_evolution step 24: f(x)= -3.9457633464840614
Best Solution: [39.991616, 0.105045, 0.028058, 0.002171, 0.003988]
Convergence: 0.0171
----------------------------
differential_evolution step 25: f(x)= -3.9457633464840614
Best Solution: [39.991616, 0.105045, 0.028058, 0.002171, 0.003988]
Convergence: 0.0181
----------------------------
differential_evolution step 26: f(x)= -3.9457633464840614
Best Solution: [39.991616, 0.105045, 0.028058, 0.002171, 0.003988]
Convergence: 0.0185
----------------------------
differential_evolution step 27: f(x)= -3.9457633464840614
Best Solution: [39.991616, 0.105045, 0.028058, 0.002171, 0.003988]
Convergence: 0.0196
----------------------------
differential_evolution step 28: f(x)= -3.9457633464840614
Best Solution: [39.991616, 0.105045, 0.028058, 0.002171, 0.003988]
Convergence: 0.0208
----------------------------
differential_evolution step 29: f(x)= -3.9457633464840614
Best Solution: [39.991616, 0.105045, 0.028058, 0.002171, 0.003988]
Convergence: 0.0213
----------------------------
differential_evolution step 30: f(x)= -3.9457633464840614
Best Solution: [39.991616, 0.105045, 0.028058, 0.002171, 0.003988]
Convergence: 0.0218
----------------------------
differential_evolution step 31: f(x)= -3.9457633464840614
Best Solution: [39.991616, 0.105045, 0.028058, 0.002171, 0.003988]
Convergence: 0.0244
----------------------------
differential_evolution step 32: f(x)= -3.9457633464840614
Best Solution: [39.991616, 0.105045, 0.028058, 0.002171, 0.003988]
Convergence: 0.0273
----------------------------
differential_evolution step 33: f(x)= -3.9457633464840614
Best Solution: [39.991616, 0.105045, 0.028058, 0.002171, 0.003988]
Convergence: 0.0303
----------------------------
differential_evolution step 34: f(x)= -3.9457633464840614
Best Solution: [39.991616, 0.105045, 0.028058, 0.002171, 0.003988]
Convergence: 0.0334
----------------------------
differential_evolution step 35: f(x)= -3.9457633464840614
Best Solution: [39.991616, 0.105045, 0.028058, 0.002171, 0.003988]
Convergence: 0.0381
----------------------------
differential_evolution step 36: f(x)= -3.9457633464840614
Best Solution: [39.991616, 0.105045, 0.028058, 0.002171, 0.003988]
Convergence: 0.0422
----------------------------
differential_evolution step 37: f(x)= -3.9457633464840614
Best Solution: [39.991616, 0.105045, 0.028058, 0.002171, 0.003988]
Convergence: 0.0436
----------------------------
differential_evolution step 38: f(x)= -3.9457633464840614
Best Solution: [39.991616, 0.105045, 0.028058, 0.002171, 0.003988]
Convergence: 0.0437
----------------------------
differential_evolution step 39: f(x)= -3.9457633464840614
Best Solution: [39.991616, 0.105045, 0.028058, 0.002171, 0.003988]
Convergence: 0.0484
----------------------------
differential_evolution step 40: f(x)= -3.9457633464840614
Best Solution: [39.991616, 0.105045, 0.028058, 0.002171, 0.003988]
Convergence: 0.0532
----------------------------
differential_evolution step 41: f(x)= -3.9457633464840614
Best Solution: [39.991616, 0.105045, 0.028058, 0.002171, 0.003988]
Convergence: 0.0605
----------------------------
differential_evolution step 42: f(x)= -3.9457633464840614
Best Solution: [39.991616, 0.105045, 0.028058, 0.002171, 0.003988]
Convergence: 0.0676
----------------------------
differential_evolution step 43: f(x)= -3.9457633464840614
Best Solution: [39.991616, 0.105045, 0.028058, 0.002171, 0.003988]
Convergence: 0.0741
----------------------------
differential_evolution step 44: f(x)= -3.9457633464840614
Best Solution: [39.991616, 0.105045, 0.028058, 0.002171, 0.003988]
Convergence: 0.0796
----------------------------
differential_evolution step 45: f(x)= -3.9457633464840614
Best Solution: [39.991616, 0.105045, 0.028058, 0.002171, 0.003988]
Convergence: 0.0925
----------------------------
differential_evolution step 46: f(x)= -3.9457633464840614
Best Solution: [39.991616, 0.105045, 0.028058, 0.002171, 0.003988]
Convergence: 0.1088
----------------------------
differential_evolution step 47: f(x)= -3.9457633464840614
Best Solution: [39.991616, 0.105045, 0.028058, 0.002171, 0.003988]
Convergence: 0.1185
----------------------------
differential_evolution step 48: f(x)= -3.9457633464840614 39%|███▉      | 7/18 [7:59:13<14:58:46, 4902.44s/it]
Best Solution: [39.991616, 0.105045, 0.028058, 0.002171, 0.003988]
Convergence: 0.1417
----------------------------
differential_evolution step 49: f(x)= -3.9457633464840614
Best Solution: [39.991616, 0.105045, 0.028058, 0.002171, 0.003988]
Convergence: 0.1596
----------------------------
differential_evolution step 50: f(x)= -3.9457633464840614
Best Solution: [39.991616, 0.105045, 0.028058, 0.002171, 0.003988]
Convergence: 0.1868
----------------------------
differential_evolution step 51: f(x)= -3.9457633464840614
Best Solution: [39.991616, 0.105045, 0.028058, 0.002171, 0.003988]
Convergence: 0.2175
----------------------------
differential_evolution step 52: f(x)= -3.9457633464840614
Best Solution: [39.991616, 0.105045, 0.028058, 0.002171, 0.003988]
Convergence: 0.2293
----------------------------
differential_evolution step 53: f(x)= -3.9457633464840614
Best Solution: [39.991616, 0.105045, 0.028058, 0.002171, 0.003988]
Convergence: 0.2565
----------------------------
differential_evolution step 54: f(x)= -3.9457633464840614
Best Solution: [39.991616, 0.105045, 0.028058, 0.002171, 0.003988]
Convergence: 0.2618
----------------------------
differential_evolution step 55: f(x)= -3.9457633464840614
Best Solution: [39.991616, 0.105045, 0.028058, 0.002171, 0.003988]
Convergence: 0.2767
----------------------------
differential_evolution step 56: f(x)= -3.9457633464840614
Best Solution: [39.991616, 0.105045, 0.028058, 0.002171, 0.003988]
Convergence: 0.2833
----------------------------
differential_evolution step 57: f(x)= -3.9457633464840614
Best Solution: [39.991616, 0.105045, 0.028058, 0.002171, 0.003988]
Convergence: 0.2939
----------------------------
differential_evolution step 58: f(x)= -3.9457633464840614
Best Solution: [39.991616, 0.105045, 0.028058, 0.002171, 0.003988]
Convergence: 0.3334
----------------------------
differential_evolution step 59: f(x)= -3.9457633464840614
Best Solution: [39.991616, 0.105045, 0.028058, 0.002171, 0.003988]
Convergence: 0.4175
----------------------------
differential_evolution step 60: f(x)= -3.9457633464840614
Best Solution: [39.991616, 0.105045, 0.028058, 0.002171, 0.003988]
Convergence: 0.5388
----------------------------
differential_evolution step 61: f(x)= -3.9457633464840614
Best Solution: [39.991616, 0.105045, 0.028058, 0.002171, 0.003988]
Convergence: 0.7301
----------------------------
differential_evolution step 62: f(x)= -3.9457633464840614
Best Solution: [39.991616, 0.105045, 0.028058, 0.002171, 0.003988]
Convergence: 0.8314
----------------------------
differential_evolution step 63: f(x)= -3.9457633464840614
Best Solution: [39.991616, 0.105045, 0.028058, 0.002171, 0.003988]
Convergence: 1.1939
----------------------------

Optimal result for tg=39.991616:
             message: Optimization terminated successfully.
             success: True
                 fun: -3.9457633464840614
                   x: [ 3.999e+01  1.050e-01  2.806e-02  2.171e-03
                        3.988e-03]
                 nit: 63
                nfev: 4096
          population: [[ 3.999e+01  1.050e-01 ...  2.171e-03  3.988e-03]
                       [ 3.999e+01  1.050e-01 ...  2.172e-03  3.945e-03]
                       ...
                       [ 3.999e+01  1.050e-01 ...  2.217e-03  4.070e-03]
                       [ 3.999e+01  1.051e-01 ...  2.218e-03  3.958e-03]]
 population_energies: [-3.946e+00 -3.911e+00 ... -3.909e+00 -3.883e+00]
Gate errors (log10) (truc1=157):
-2.61672941, -3.19045414, -3.59921505, -3.94576335
Drive parameters:
[39.991616, 0.105045, 0.028058, 0.002171, 0.003988]
Full system error (truc_full=300):
-2.61672941, -3.19045414, -3.59921505, -3.94576335

f_optimize = np.array([
-0.31973913046342156, -0.7375473983245805, -1.7662930626008015, -2.616729412839989 ,
-3.1904541405726463, -3.5992150481270415, -3.9457633464840614 ,
])

f_optimize = np.array([
-0.31973913046342156, -0.7375473983245805, -1.7662930626008015, -2.616729412839989 ,
-3.1904541405726463, -3.5992150481270415, -3.9457633464840614 ,
])

Current China Time: 2026-08-02 20:42:15.786374+08:00
differential_evolution step 1: f(x)= -4.3022897089006875
Best Solution: [45.572873, 0.091013, 0.02446, 0.002106, 0.003479]
Convergence: 0.0046
----------------------------
differential_evolution step 2: f(x)= -4.3022897089006875
Best Solution: [45.572873, 0.091013, 0.02446, 0.002106, 0.003479]
Convergence: 0.0052
----------------------------
differential_evolution step 3: f(x)= -4.3022897089006875
Best Solution: [45.572873, 0.091013, 0.02446, 0.002106, 0.003479]
Convergence: 0.0056
----------------------------
differential_evolution step 4: f(x)= -4.3022897089006875
Best Solution: [45.572873, 0.091013, 0.02446, 0.002106, 0.003479]
Convergence: 0.0059
----------------------------
differential_evolution step 5: f(x)= -4.3022897089006875
Best Solution: [45.572873, 0.091013, 0.02446, 0.002106, 0.003479]
Convergence: 0.0062
----------------------------
differential_evolution step 6: f(x)= -4.3022897089006875
Best Solution: [45.572873, 0.091013, 0.02446, 0.002106, 0.003479]
Convergence: 0.0065
----------------------------
differential_evolution step 7: f(x)= -4.3022897089006875
Best Solution: [45.572873, 0.091013, 0.02446, 0.002106, 0.003479]
Convergence: 0.0067
----------------------------
differential_evolution step 8: f(x)= -4.3022897089006875
Best Solution: [45.572873, 0.091013, 0.02446, 0.002106, 0.003479]
Convergence: 0.0071
----------------------------
differential_evolution step 9: f(x)= -4.3022897089006875
Best Solution: [45.572873, 0.091013, 0.02446, 0.002106, 0.003479]
Convergence: 0.0074
----------------------------
differential_evolution step 10: f(x)= -4.3022897089006875
Best Solution: [45.572873, 0.091013, 0.02446, 0.002106, 0.003479]
Convergence: 0.0085
----------------------------
differential_evolution step 11: f(x)= -4.3022897089006875
Best Solution: [45.572873, 0.091013, 0.02446, 0.002106, 0.003479]
Convergence: 0.0093
----------------------------
differential_evolution step 12: f(x)= -4.3022897089006875
Best Solution: [45.572873, 0.091013, 0.02446, 0.002106, 0.003479]
Convergence: 0.0097
----------------------------
differential_evolution step 13: f(x)= -4.3022897089006875
Best Solution: [45.572873, 0.091013, 0.02446, 0.002106, 0.003479]
Convergence: 0.0102
----------------------------
differential_evolution step 14: f(x)= -4.3022897089006875
Best Solution: [45.572873, 0.091013, 0.02446, 0.002106, 0.003479]
Convergence: 0.0104
----------------------------
differential_evolution step 15: f(x)= -4.3022897089006875
Best Solution: [45.572873, 0.091013, 0.02446, 0.002106, 0.003479]
Convergence: 0.0106
----------------------------
differential_evolution step 16: f(x)= -4.3022897089006875
Best Solution: [45.572873, 0.091013, 0.02446, 0.002106, 0.003479]
Convergence: 0.0112
----------------------------
differential_evolution step 17: f(x)= -4.3022897089006875
Best Solution: [45.572873, 0.091013, 0.02446, 0.002106, 0.003479]
Convergence: 0.0119
----------------------------
differential_evolution step 18: f(x)= -4.3022897089006875
Best Solution: [45.572873, 0.091013, 0.02446, 0.002106, 0.003479]
Convergence: 0.0127
----------------------------
differential_evolution step 19: f(x)= -4.3022897089006875
Best Solution: [45.572873, 0.091013, 0.02446, 0.002106, 0.003479]
Convergence: 0.0132
----------------------------
differential_evolution step 20: f(x)= -4.3022897089006875
Best Solution: [45.572873, 0.091013, 0.02446, 0.002106, 0.003479]
Convergence: 0.0142
----------------------------
differential_evolution step 21: f(x)= -4.3022897089006875
Best Solution: [45.572873, 0.091013, 0.02446, 0.002106, 0.003479]
Convergence: 0.0152
----------------------------
differential_evolution step 22: f(x)= -4.3022897089006875
Best Solution: [45.572873, 0.091013, 0.02446, 0.002106, 0.003479]
Convergence: 0.0163
----------------------------
differential_evolution step 23: f(x)= -4.3022897089006875
Best Solution: [45.572873, 0.091013, 0.02446, 0.002106, 0.003479]
Convergence: 0.0159
----------------------------
differential_evolution step 24: f(x)= -4.3022897089006875
Best Solution: [45.572873, 0.091013, 0.02446, 0.002106, 0.003479]
Convergence: 0.0169
----------------------------
differential_evolution step 25: f(x)= -4.3022897089006875
Best Solution: [45.572873, 0.091013, 0.02446, 0.002106, 0.003479]
Convergence: 0.0172
----------------------------
differential_evolution step 26: f(x)= -4.3022897089006875
Best Solution: [45.572873, 0.091013, 0.02446, 0.002106, 0.003479]
Convergence: 0.0178
----------------------------
differential_evolution step 27: f(x)= -4.3022897089006875
Best Solution: [45.572873, 0.091013, 0.02446, 0.002106, 0.003479]
Convergence: 0.0202
----------------------------
differential_evolution step 28: f(x)= -4.3022897089006875
Best Solution: [45.572873, 0.091013, 0.02446, 0.002106, 0.003479]
Convergence: 0.0216
----------------------------
differential_evolution step 29: f(x)= -4.3022897089006875
Best Solution: [45.572873, 0.091013, 0.02446, 0.002106, 0.003479]
Convergence: 0.0232
----------------------------
differential_evolution step 30: f(x)= -4.3022897089006875
Best Solution: [45.572873, 0.091013, 0.02446, 0.002106, 0.003479]
Convergence: 0.0248
----------------------------
differential_evolution step 31: f(x)= -4.3022897089006875
Best Solution: [45.572873, 0.091013, 0.02446, 0.002106, 0.003479]
Convergence: 0.0253
----------------------------
differential_evolution step 32: f(x)= -4.3022897089006875
Best Solution: [45.572873, 0.091013, 0.02446, 0.002106, 0.003479]
Convergence: 0.0262
----------------------------
differential_evolution step 33: f(x)= -4.3022897089006875
Best Solution: [45.572873, 0.091013, 0.02446, 0.002106, 0.003479]
Convergence: 0.0293
----------------------------
differential_evolution step 34: f(x)= -4.3022897089006875
Best Solution: [45.572873, 0.091013, 0.02446, 0.002106, 0.003479]
Convergence: 0.031
----------------------------
differential_evolution step 35: f(x)= -4.3022897089006875
Best Solution: [45.572873, 0.091013, 0.02446, 0.002106, 0.003479]
Convergence: 0.0347
----------------------------
differential_evolution step 36: f(x)= -4.3022897089006875
Best Solution: [45.572873, 0.091013, 0.02446, 0.002106, 0.003479]
Convergence: 0.0388
----------------------------
differential_evolution step 37: f(x)= -4.3022897089006875
Best Solution: [45.572873, 0.091013, 0.02446, 0.002106, 0.003479]
Convergence: 0.0426
----------------------------
differential_evolution step 38: f(x)= -4.3022897089006875
Best Solution: [45.572873, 0.091013, 0.02446, 0.002106, 0.003479]
Convergence: 0.0477
----------------------------
differential_evolution step 39: f(x)= -4.3022897089006875
Best Solution: [45.572873, 0.091013, 0.02446, 0.002106, 0.003479]
Convergence: 0.0631
----------------------------
differential_evolution step 40: f(x)= -4.3022897089006875
Best Solution: [45.572873, 0.091013, 0.02446, 0.002106, 0.003479]
Convergence: 0.0664
----------------------------
differential_evolution step 41: f(x)= -4.3022897089006875
Best Solution: [45.572873, 0.091013, 0.02446, 0.002106, 0.003479]
Convergence: 0.068
----------------------------
differential_evolution step 42: f(x)= -4.3022897089006875
Best Solution: [45.572873, 0.091013, 0.02446, 0.002106, 0.003479]
Convergence: 0.0712
----------------------------
differential_evolution step 43: f(x)= -4.3022897089006875
Best Solution: [45.572873, 0.091013, 0.02446, 0.002106, 0.003479]
Convergence: 0.0785
----------------------------
differential_evolution step 44: f(x)= -4.3022897089006875
Best Solution: [45.572873, 0.091013, 0.02446, 0.002106, 0.003479]
Convergence: 0.0803
----------------------------
differential_evolution step 45: f(x)= -4.3022897089006875
Best Solution: [45.572873, 0.091013, 0.02446, 0.002106, 0.003479]
Convergence: 0.086
----------------------------
differential_evolution step 46: f(x)= -4.3022897089006875
Best Solution: [45.572873, 0.091013, 0.02446, 0.002106, 0.003479]
Convergence: 0.0959
----------------------------
differential_evolution step 47: f(x)= -4.3022897089006875
Best Solution: [45.572873, 0.091013, 0.02446, 0.002106, 0.003479]
Convergence: 0.1038
----------------------------
differential_evolution step 48: f(x)= -4.3022897089006875
Best Solution:  44%|████▍     | 8/18 [8:47:20<11:50:07, 4260.71s/it][45.572873, 0.091013, 0.02446, 0.002106, 0.003479]
Convergence: 0.0935
----------------------------
differential_evolution step 49: f(x)= -4.3022897089006875
Best Solution: [45.572873, 0.091013, 0.02446, 0.002106, 0.003479]
Convergence: 0.1002
----------------------------
differential_evolution step 50: f(x)= -4.3022897089006875
Best Solution: [45.572873, 0.091013, 0.02446, 0.002106, 0.003479]
Convergence: 0.1065
----------------------------
differential_evolution step 51: f(x)= -4.3022897089006875
Best Solution: [45.572873, 0.091013, 0.02446, 0.002106, 0.003479]
Convergence: 0.1077
----------------------------
differential_evolution step 52: f(x)= -4.3022897089006875
Best Solution: [45.572873, 0.091013, 0.02446, 0.002106, 0.003479]
Convergence: 0.1249
----------------------------
differential_evolution step 53: f(x)= -4.3022897089006875
Best Solution: [45.572873, 0.091013, 0.02446, 0.002106, 0.003479]
Convergence: 0.1308
----------------------------
differential_evolution step 54: f(x)= -4.3022897089006875
Best Solution: [45.572873, 0.091013, 0.02446, 0.002106, 0.003479]
Convergence: 0.1385
----------------------------
differential_evolution step 55: f(x)= -4.3022897089006875
Best Solution: [45.572873, 0.091013, 0.02446, 0.002106, 0.003479]
Convergence: 0.1682
----------------------------
differential_evolution step 56: f(x)= -4.3022897089006875
Best Solution: [45.572873, 0.091013, 0.02446, 0.002106, 0.003479]
Convergence: 0.1925
----------------------------
differential_evolution step 57: f(x)= -4.3022897089006875
Best Solution: [45.572873, 0.091013, 0.02446, 0.002106, 0.003479]
Convergence: 0.2083
----------------------------
differential_evolution step 58: f(x)= -4.3022897089006875
Best Solution: [45.572873, 0.091013, 0.02446, 0.002106, 0.003479]
Convergence: 0.2108
----------------------------
differential_evolution step 59: f(x)= -4.3022897089006875
Best Solution: [45.572873, 0.091013, 0.02446, 0.002106, 0.003479]
Convergence: 0.2353
----------------------------
differential_evolution step 60: f(x)= -4.3022897089006875
Best Solution: [45.572873, 0.091013, 0.02446, 0.002106, 0.003479]
Convergence: 0.2761
----------------------------
differential_evolution step 61: f(x)= -4.3022897089006875
Best Solution: [45.572873, 0.091013, 0.02446, 0.002106, 0.003479]
Convergence: 0.3555
----------------------------
differential_evolution step 62: f(x)= -4.3022897089006875
Best Solution: [45.572873, 0.091013, 0.02446, 0.002106, 0.003479]
Convergence: 0.379
----------------------------
differential_evolution step 63: f(x)= -4.3022897089006875
Best Solution: [45.572873, 0.091013, 0.02446, 0.002106, 0.003479]
Convergence: 0.3688
----------------------------
differential_evolution step 64: f(x)= -4.3022897089006875
Best Solution: [45.572873, 0.091013, 0.02446, 0.002106, 0.003479]
Convergence: 0.406
----------------------------
differential_evolution step 65: f(x)= -4.3022897089006875
Best Solution: [45.572873, 0.091013, 0.02446, 0.002106, 0.003479]
Convergence: 0.4611
----------------------------
differential_evolution step 66: f(x)= -4.3022897089006875
Best Solution: [45.572873, 0.091013, 0.02446, 0.002106, 0.003479]
Convergence: 0.5504
----------------------------
differential_evolution step 67: f(x)= -4.3022897089006875
Best Solution: [45.572873, 0.091013, 0.02446, 0.002106, 0.003479]
Convergence: 0.5894
----------------------------
differential_evolution step 68: f(x)= -4.3022897089006875
Best Solution: [45.572873, 0.091013, 0.02446, 0.002106, 0.003479]
Convergence: 0.6265
----------------------------
differential_evolution step 69: f(x)= -4.3022897089006875
Best Solution: [45.572873, 0.091013, 0.02446, 0.002106, 0.003479]
Convergence: 0.64
----------------------------
differential_evolution step 70: f(x)= -4.3022897089006875
Best Solution: [45.572873, 0.091013, 0.02446, 0.002106, 0.003479]
Convergence: 0.7978
----------------------------
differential_evolution step 71: f(x)= -4.303179808392508
Best Solution: [45.57295605, 0.0910084, 0.0244579, 0.00210195, 0.00348174]
Convergence: 1.1034
----------------------------

Optimal result for tg=45.572873:
             message: Optimization terminated successfully.
             success: True
                 fun: -4.303179808392508
                   x: [ 4.557e+01  9.101e-02  2.446e-02  2.102e-03
                        3.482e-03]
                 nit: 71
                nfev: 4608
          population: [[ 4.557e+01  9.101e-02 ...  2.102e-03  3.482e-03]
                       [ 4.557e+01  9.113e-02 ...  2.144e-03  3.587e-03]
                       ...
                       [ 4.557e+01  9.087e-02 ...  2.051e-03  3.435e-03]
                       [ 4.557e+01  9.096e-02 ...  2.091e-03  3.476e-03]]
 population_energies: [-4.303e+00 -4.195e+00 ... -4.259e+00 -4.226e+00]
Gate errors (log10) (truc1=157):
-3.19045414, -3.59921505, -3.94576335, -4.30317981
Drive parameters:
[45.572956, 0.091008, 0.024458, 0.002102, 0.003482]
Full system error (truc_full=300):
-3.19045414, -3.59921505, -3.94576335, -4.30317981

f_optimize = np.array([
-0.31973913046342156, -0.7375473983245805, -1.7662930626008015, -2.616729412839989 ,
-3.1904541405726463, -3.5992150481270415, -3.9457633464840614, -4.303179808392508 ,
])

f_optimize = np.array([
-0.31973913046342156, -0.7375473983245805, -1.7662930626008015, -2.616729412839989 ,
-3.1904541405726463, -3.5992150481270415, -3.9457633464840614, -4.303179808392508 ,
])

Current China Time: 2026-08-02 21:30:22.444235+08:00
differential_evolution step 1: f(x)= -4.5606464654446555
Best Solution: [50.273181, 0.081831, 0.022089, 0.001944, 0.003051]
Convergence: 0.0045
----------------------------
differential_evolution step 2: f(x)= -4.5606464654446555
Best Solution: [50.273181, 0.081831, 0.022089, 0.001944, 0.003051]
Convergence: 0.0049
----------------------------
differential_evolution step 3: f(x)= -4.5606464654446555
Best Solution: [50.273181, 0.081831, 0.022089, 0.001944, 0.003051]
Convergence: 0.0052
----------------------------
differential_evolution step 4: f(x)= -4.5606464654446555
Best Solution: [50.273181, 0.081831, 0.022089, 0.001944, 0.003051]
Convergence: 0.0055
----------------------------
differential_evolution step 5: f(x)= -4.5606464654446555
Best Solution: [50.273181, 0.081831, 0.022089, 0.001944, 0.003051]
Convergence: 0.0059
----------------------------
differential_evolution step 6: f(x)= -4.5606464654446555
Best Solution: [50.273181, 0.081831, 0.022089, 0.001944, 0.003051]
Convergence: 0.0063
----------------------------
differential_evolution step 7: f(x)= -4.5606464654446555
Best Solution: [50.273181, 0.081831, 0.022089, 0.001944, 0.003051]
Convergence: 0.0067
----------------------------
differential_evolution step 8: f(x)= -4.5606464654446555
Best Solution: [50.273181, 0.081831, 0.022089, 0.001944, 0.003051]
Convergence: 0.0073
----------------------------
differential_evolution step 9: f(x)= -4.5606464654446555
Best Solution: [50.273181, 0.081831, 0.022089, 0.001944, 0.003051]
Convergence: 0.0075
----------------------------
differential_evolution step 10: f(x)= -4.5606464654446555
Best Solution: [50.273181, 0.081831, 0.022089, 0.001944, 0.003051]
Convergence: 0.0079
----------------------------
differential_evolution step 11: f(x)= -4.5606464654446555
Best Solution: [50.273181, 0.081831, 0.022089, 0.001944, 0.003051]
Convergence: 0.0083
----------------------------
differential_evolution step 12: f(x)= -4.5606464654446555
Best Solution: [50.273181, 0.081831, 0.022089, 0.001944, 0.003051]
Convergence: 0.0087
----------------------------
differential_evolution step 13: f(x)= -4.5606464654446555
Best Solution: [50.273181, 0.081831, 0.022089, 0.001944, 0.003051]
Convergence: 0.009
----------------------------
differential_evolution step 14: f(x)= -4.5606464654446555
Best Solution: [50.273181, 0.081831, 0.022089, 0.001944, 0.003051]
Convergence: 0.0092
----------------------------
differential_evolution step 15: f(x)= -4.5606464654446555
Best Solution: [50.273181, 0.081831, 0.022089, 0.001944, 0.003051]
Convergence: 0.0101
----------------------------
differential_evolution step 16: f(x)= -4.5606464654446555
Best Solution: [50.273181, 0.081831, 0.022089, 0.001944, 0.003051]
Convergence: 0.0109
----------------------------
differential_evolution step 17: f(x)= -4.5606464654446555
Best Solution: [50.273181, 0.081831, 0.022089, 0.001944, 0.003051]
Convergence: 0.0115
----------------------------
differential_evolution step 18: f(x)= -4.5606464654446555
Best Solution: [50.273181, 0.081831, 0.022089, 0.001944, 0.003051]
Convergence: 0.0121
----------------------------
differential_evolution step 19: f(x)= -4.5606464654446555
Best Solution: [50.273181, 0.081831, 0.022089, 0.001944, 0.003051]
Convergence: 0.0131
----------------------------
differential_evolution step 20: f(x)= -4.5606464654446555
Best Solution: [50.273181, 0.081831, 0.022089, 0.001944, 0.003051]
Convergence: 0.0138
----------------------------
differential_evolution step 21: f(x)= -4.5606464654446555
Best Solution: [50.273181, 0.081831, 0.022089, 0.001944, 0.003051]
Convergence: 0.0148
----------------------------
differential_evolution step 22: f(x)= -4.5606464654446555
Best Solution: [50.273181, 0.081831, 0.022089, 0.001944, 0.003051]
Convergence: 0.0155
----------------------------
differential_evolution step 23: f(x)= -4.5606464654446555
Best Solution: [50.273181, 0.081831, 0.022089, 0.001944, 0.003051]
Convergence: 0.0161
----------------------------
differential_evolution step 24: f(x)= -4.5606464654446555
Best Solution: [50.273181, 0.081831, 0.022089, 0.001944, 0.003051]
Convergence: 0.0165
----------------------------
differential_evolution step 25: f(x)= -4.5606464654446555
Best Solution: [50.273181, 0.081831, 0.022089, 0.001944, 0.003051]
Convergence: 0.0169
----------------------------
differential_evolution step 26: f(x)= -4.5606464654446555
Best Solution: [50.273181, 0.081831, 0.022089, 0.001944, 0.003051]
Convergence: 0.0179
----------------------------
differential_evolution step 27: f(x)= -4.5606464654446555
Best Solution: [50.273181, 0.081831, 0.022089, 0.001944, 0.003051]
Convergence: 0.0189
----------------------------
differential_evolution step 28: f(x)= -4.5606464654446555
Best Solution: [50.273181, 0.081831, 0.022089, 0.001944, 0.003051]
Convergence: 0.0198
----------------------------
differential_evolution step 29: f(x)= -4.5606464654446555
Best Solution: [50.273181, 0.081831, 0.022089, 0.001944, 0.003051]
Convergence: 0.0218
----------------------------
differential_evolution step 30: f(x)= -4.5606464654446555
Best Solution: [50.273181, 0.081831, 0.022089, 0.001944, 0.003051]
Convergence: 0.0242
----------------------------
differential_evolution step 31: f(x)= -4.5606464654446555
Best Solution: [50.273181, 0.081831, 0.022089, 0.001944, 0.003051]
Convergence: 0.0277
----------------------------
differential_evolution step 32: f(x)= -4.5606464654446555
Best Solution: [50.273181, 0.081831, 0.022089, 0.001944, 0.003051]
Convergence: 0.031
----------------------------
differential_evolution step 33: f(x)= -4.5606464654446555
Best Solution: [50.273181, 0.081831, 0.022089, 0.001944, 0.003051]
Convergence: 0.0336
----------------------------
differential_evolution step 34: f(x)= -4.5606464654446555
Best Solution: [50.273181, 0.081831, 0.022089, 0.001944, 0.003051]
Convergence: 0.0359
----------------------------
differential_evolution step 35: f(x)= -4.5606464654446555
Best Solution: [50.273181, 0.081831, 0.022089, 0.001944, 0.003051]
Convergence: 0.0395
----------------------------
differential_evolution step 36: f(x)= -4.5606464654446555
Best Solution: [50.273181, 0.081831, 0.022089, 0.001944, 0.003051]
Convergence: 0.0417
----------------------------
differential_evolution step 37: f(x)= -4.5606464654446555
Best Solution: [50.273181, 0.081831, 0.022089, 0.001944, 0.003051]
Convergence: 0.045
----------------------------
differential_evolution step 38: f(x)= -4.5606464654446555
Best Solution: [50.273181, 0.081831, 0.022089, 0.001944, 0.003051]
Convergence: 0.0473
----------------------------
differential_evolution step 39: f(x)= -4.5606464654446555
Best Solution: [50.273181, 0.081831, 0.022089, 0.001944, 0.003051]
Convergence: 0.0538
----------------------------
differential_evolution step 40: f(x)= -4.5606464654446555
Best Solution: [50.273181, 0.081831, 0.022089, 0.001944, 0.003051]
Convergence: 0.0623
----------------------------
differential_evolution step 41: f(x)= -4.5606464654446555
Best Solution: [50.273181, 0.081831, 0.022089, 0.001944, 0.003051]
Convergence: 0.0662
----------------------------
differential_evolution step 42: f(x)= -4.5606464654446555
Best Solution: [50.273181, 0.081831, 0.022089, 0.001944, 0.003051]
Convergence: 0.0669
----------------------------
differential_evolution step 43: f(x)= -4.5606464654446555
Best Solution: [50.273181, 0.081831, 0.022089, 0.001944, 0.003051]
Convergence: 0.0691
----------------------------
differential_evolution step 44: f(x)= -4.5606464654446555
Best Solution: [50.273181, 0.081831, 0.022089, 0.001944, 0.003051]
Convergence: 0.0753
----------------------------
differential_evolution step 45: f(x)= -4.5606464654446555
Best Solution: [50.273181, 0.081831, 0.022089, 0.001944, 0.003051]
Convergence: 0.0796
----------------------------
differential_evolution step 46: f(x)= -4.5606464654446555
Best Solution: [50.273181, 0.081831, 0.022089, 0.001944, 0.003051]
Convergence: 0.0837
----------------------------
differential_evolution step 47: f(x)= -4.5606464654446555
Best Solution: [50.273181, 0.081831, 0.022089, 0.001944, 0.003051]
Convergence: 0.0914
----------------------------
differential_evolution step 48: f(x)= -4.5606464654446555 50%|█████     | 9/18 [9:22:54<8:59:25, 3596.13s/it] 
Best Solution: [50.273181, 0.081831, 0.022089, 0.001944, 0.003051]
Convergence: 0.0999
----------------------------
differential_evolution step 49: f(x)= -4.5606464654446555
Best Solution: [50.273181, 0.081831, 0.022089, 0.001944, 0.003051]
Convergence: 0.1061
----------------------------
differential_evolution step 50: f(x)= -4.5606464654446555
Best Solution: [50.273181, 0.081831, 0.022089, 0.001944, 0.003051]
Convergence: 0.1132
----------------------------
differential_evolution step 51: f(x)= -4.5606464654446555
Best Solution: [50.273181, 0.081831, 0.022089, 0.001944, 0.003051]
Convergence: 0.1136
----------------------------
differential_evolution step 52: f(x)= -4.5606464654446555
Best Solution: [50.273181, 0.081831, 0.022089, 0.001944, 0.003051]
Convergence: 0.1169
----------------------------
differential_evolution step 53: f(x)= -4.5606464654446555
Best Solution: [50.273181, 0.081831, 0.022089, 0.001944, 0.003051]
Convergence: 0.1162
----------------------------
differential_evolution step 54: f(x)= -4.5606464654446555
Best Solution: [50.273181, 0.081831, 0.022089, 0.001944, 0.003051]
Convergence: 0.1244
----------------------------
differential_evolution step 55: f(x)= -4.5606464654446555
Best Solution: [50.273181, 0.081831, 0.022089, 0.001944, 0.003051]
Convergence: 0.137
----------------------------
differential_evolution step 56: f(x)= -4.5606464654446555
Best Solution: [50.273181, 0.081831, 0.022089, 0.001944, 0.003051]
Convergence: 0.1565
----------------------------
differential_evolution step 57: f(x)= -4.5606464654446555
Best Solution: [50.273181, 0.081831, 0.022089, 0.001944, 0.003051]
Convergence: 0.1641
----------------------------
differential_evolution step 58: f(x)= -4.5606464654446555
Best Solution: [50.273181, 0.081831, 0.022089, 0.001944, 0.003051]
Convergence: 0.1674
----------------------------
differential_evolution step 59: f(x)= -4.5606464654446555
Best Solution: [50.273181, 0.081831, 0.022089, 0.001944, 0.003051]
Convergence: 0.1734
----------------------------
differential_evolution step 60: f(x)= -4.5606464654446555
Best Solution: [50.273181, 0.081831, 0.022089, 0.001944, 0.003051]
Convergence: 0.1968
----------------------------
differential_evolution step 61: f(x)= -4.5606464654446555
Best Solution: [50.273181, 0.081831, 0.022089, 0.001944, 0.003051]
Convergence: 0.225
----------------------------
differential_evolution step 62: f(x)= -4.5606464654446555
Best Solution: [50.273181, 0.081831, 0.022089, 0.001944, 0.003051]
Convergence: 0.2513
----------------------------
differential_evolution step 63: f(x)= -4.5606464654446555
Best Solution: [50.273181, 0.081831, 0.022089, 0.001944, 0.003051]
Convergence: 0.3172
----------------------------
differential_evolution step 64: f(x)= -4.5606464654446555
Best Solution: [50.273181, 0.081831, 0.022089, 0.001944, 0.003051]
Convergence: 0.3178
----------------------------
differential_evolution step 65: f(x)= -4.5606464654446555
Best Solution: [50.273181, 0.081831, 0.022089, 0.001944, 0.003051]
Convergence: 0.3715
----------------------------
differential_evolution step 66: f(x)= -4.5606464654446555
Best Solution: [50.273181, 0.081831, 0.022089, 0.001944, 0.003051]
Convergence: 0.4147
----------------------------
differential_evolution step 67: f(x)= -4.5634206745106995
Best Solution: [50.2732799, 0.0818759, 0.02207215, 0.0019508, 0.00306262]
Convergence: 0.5995
----------------------------
differential_evolution step 68: f(x)= -4.5634206745106995
Best Solution: [50.2732799, 0.0818759, 0.02207215, 0.0019508, 0.00306262]
Convergence: 0.6528
----------------------------
differential_evolution step 69: f(x)= -4.5634206745106995
Best Solution: [50.2732799, 0.0818759, 0.02207215, 0.0019508, 0.00306262]
Convergence: 1.0234
----------------------------

Optimal result for tg=50.273181:
             message: Optimization terminated successfully.
             success: True
                 fun: -4.5634206745106995
                   x: [ 5.027e+01  8.188e-02  2.207e-02  1.951e-03
                        3.063e-03]
                 nit: 69
                nfev: 4480
          population: [[ 5.027e+01  8.188e-02 ...  1.951e-03  3.063e-03]
                       [ 5.027e+01  8.180e-02 ...  1.912e-03  3.032e-03]
                       ...
                       [ 5.027e+01  8.185e-02 ...  1.917e-03  3.050e-03]
                       [ 5.027e+01  8.188e-02 ...  1.949e-03  3.062e-03]]
 population_energies: [-4.563e+00 -4.463e+00 ... -4.529e+00 -4.562e+00]
Gate errors (log10) (truc1=157):
-3.59921505, -3.94576335, -4.30317981, -4.56342067
Drive parameters:
[50.27328, 0.081876, 0.022072, 0.001951, 0.003063]
Full system error (truc_full=300):
-3.59921505, -3.94576335, -4.30317981, -4.56342067

f_optimize = np.array([
-0.31973913046342156, -0.7375473983245805, -1.7662930626008015, -2.616729412839989 ,
-3.1904541405726463, -3.5992150481270415, -3.9457633464840614, -4.303179808392508 ,
-4.5634206745106995 ,
])

f_optimize = np.array([
-0.31973913046342156, -0.7375473983245805, -1.7662930626008015, -2.616729412839989 ,
-3.1904541405726463, -3.5992150481270415, -3.9457633464840614, -4.303179808392508 ,
-4.5634206745106995 ,
])

Current China Time: 2026-08-02 22:05:57.284118+08:00
differential_evolution step 1: f(x)= -4.812906233781103
Best Solution: [55.267933, 0.073988, 0.020007, 0.001756, 0.002668]
Convergence: 0.0043
----------------------------
differential_evolution step 2: f(x)= -4.812906233781103
Best Solution: [55.267933, 0.073988, 0.020007, 0.001756, 0.002668]
Convergence: 0.0047
----------------------------
differential_evolution step 3: f(x)= -4.812906233781103
Best Solution: [55.267933, 0.073988, 0.020007, 0.001756, 0.002668]
Convergence: 0.0051
----------------------------
differential_evolution step 4: f(x)= -4.812906233781103
Best Solution: [55.267933, 0.073988, 0.020007, 0.001756, 0.002668]
Convergence: 0.0055
----------------------------
differential_evolution step 5: f(x)= -4.812906233781103
Best Solution: [55.267933, 0.073988, 0.020007, 0.001756, 0.002668]
Convergence: 0.0058
----------------------------
differential_evolution step 6: f(x)= -4.812906233781103
Best Solution: [55.267933, 0.073988, 0.020007, 0.001756, 0.002668]
Convergence: 0.0061
----------------------------
differential_evolution step 7: f(x)= -4.812906233781103
Best Solution: [55.267933, 0.073988, 0.020007, 0.001756, 0.002668]
Convergence: 0.0063
----------------------------
differential_evolution step 8: f(x)= -4.812906233781103
Best Solution: [55.267933, 0.073988, 0.020007, 0.001756, 0.002668]
Convergence: 0.0064
----------------------------
differential_evolution step 9: f(x)= -4.812906233781103
Best Solution: [55.267933, 0.073988, 0.020007, 0.001756, 0.002668]
Convergence: 0.0067
----------------------------
differential_evolution step 10: f(x)= -4.812906233781103
Best Solution: [55.267933, 0.073988, 0.020007, 0.001756, 0.002668]
Convergence: 0.0069
----------------------------
differential_evolution step 11: f(x)= -4.812906233781103
Best Solution: [55.267933, 0.073988, 0.020007, 0.001756, 0.002668]
Convergence: 0.0077
----------------------------
differential_evolution step 12: f(x)= -4.812906233781103
Best Solution: [55.267933, 0.073988, 0.020007, 0.001756, 0.002668]
Convergence: 0.0081
----------------------------
differential_evolution step 13: f(x)= -4.812906233781103
Best Solution: [55.267933, 0.073988, 0.020007, 0.001756, 0.002668]
Convergence: 0.009
----------------------------
differential_evolution step 14: f(x)= -4.812906233781103
Best Solution: [55.267933, 0.073988, 0.020007, 0.001756, 0.002668]
Convergence: 0.0095
----------------------------
differential_evolution step 15: f(x)= -4.812906233781103
Best Solution: [55.267933, 0.073988, 0.020007, 0.001756, 0.002668]
Convergence: 0.0099
----------------------------
differential_evolution step 16: f(x)= -4.812906233781103
Best Solution: [55.267933, 0.073988, 0.020007, 0.001756, 0.002668]
Convergence: 0.0108
----------------------------
differential_evolution step 17: f(x)= -4.812906233781103
Best Solution: [55.267933, 0.073988, 0.020007, 0.001756, 0.002668]
Convergence: 0.0114
----------------------------
differential_evolution step 18: f(x)= -4.812906233781103
Best Solution: [55.267933, 0.073988, 0.020007, 0.001756, 0.002668]
Convergence: 0.0119
----------------------------
differential_evolution step 19: f(x)= -4.812906233781103
Best Solution: [55.267933, 0.073988, 0.020007, 0.001756, 0.002668]
Convergence: 0.013
----------------------------
differential_evolution step 20: f(x)= -4.812906233781103
Best Solution: [55.267933, 0.073988, 0.020007, 0.001756, 0.002668]
Convergence: 0.0141
----------------------------
differential_evolution step 21: f(x)= -4.812906233781103
Best Solution: [55.267933, 0.073988, 0.020007, 0.001756, 0.002668]
Convergence: 0.0145
----------------------------
differential_evolution step 22: f(x)= -4.812906233781103
Best Solution: [55.267933, 0.073988, 0.020007, 0.001756, 0.002668]
Convergence: 0.015
----------------------------
differential_evolution step 23: f(x)= -4.812906233781103
Best Solution: [55.267933, 0.073988, 0.020007, 0.001756, 0.002668]
Convergence: 0.0155
----------------------------
differential_evolution step 24: f(x)= -4.812906233781103
Best Solution: [55.267933, 0.073988, 0.020007, 0.001756, 0.002668]
Convergence: 0.0161
----------------------------
differential_evolution step 25: f(x)= -4.812906233781103
Best Solution: [55.267933, 0.073988, 0.020007, 0.001756, 0.002668]
Convergence: 0.0164
----------------------------
differential_evolution step 26: f(x)= -4.812906233781103
Best Solution: [55.267933, 0.073988, 0.020007, 0.001756, 0.002668]
Convergence: 0.0181
----------------------------
differential_evolution step 27: f(x)= -4.812906233781103
Best Solution: [55.267933, 0.073988, 0.020007, 0.001756, 0.002668]
Convergence: 0.0196
----------------------------
differential_evolution step 28: f(x)= -4.812906233781103
Best Solution: [55.267933, 0.073988, 0.020007, 0.001756, 0.002668]
Convergence: 0.0214
----------------------------
differential_evolution step 29: f(x)= -4.812906233781103
Best Solution: [55.267933, 0.073988, 0.020007, 0.001756, 0.002668]
Convergence: 0.0227
----------------------------
differential_evolution step 30: f(x)= -4.812906233781103
Best Solution: [55.267933, 0.073988, 0.020007, 0.001756, 0.002668]
Convergence: 0.0253
----------------------------
differential_evolution step 31: f(x)= -4.812906233781103
Best Solution: [55.267933, 0.073988, 0.020007, 0.001756, 0.002668]
Convergence: 0.0266
----------------------------
differential_evolution step 32: f(x)= -4.812906233781103
Best Solution: [55.267933, 0.073988, 0.020007, 0.001756, 0.002668]
Convergence: 0.0274
----------------------------
differential_evolution step 33: f(x)= -4.812906233781103
Best Solution: [55.267933, 0.073988, 0.020007, 0.001756, 0.002668]
Convergence: 0.0318
----------------------------
differential_evolution step 34: f(x)= -4.812906233781103
Best Solution: [55.267933, 0.073988, 0.020007, 0.001756, 0.002668]
Convergence: 0.0351
----------------------------
differential_evolution step 35: f(x)= -4.812906233781103
Best Solution: [55.267933, 0.073988, 0.020007, 0.001756, 0.002668]
Convergence: 0.0381
----------------------------
differential_evolution step 36: f(x)= -4.812906233781103
Best Solution: [55.267933, 0.073988, 0.020007, 0.001756, 0.002668]
Convergence: 0.042
----------------------------
differential_evolution step 37: f(x)= -4.812906233781103
Best Solution: [55.267933, 0.073988, 0.020007, 0.001756, 0.002668]
Convergence: 0.0438
----------------------------
differential_evolution step 38: f(x)= -4.812906233781103
Best Solution: [55.267933, 0.073988, 0.020007, 0.001756, 0.002668]
Convergence: 0.0464
----------------------------
differential_evolution step 39: f(x)= -4.812906233781103
Best Solution: [55.267933, 0.073988, 0.020007, 0.001756, 0.002668]
Convergence: 0.0538
----------------------------
differential_evolution step 40: f(x)= -4.812906233781103
Best Solution: [55.267933, 0.073988, 0.020007, 0.001756, 0.002668]
Convergence: 0.0563
----------------------------
differential_evolution step 41: f(x)= -4.812906233781103
Best Solution: [55.267933, 0.073988, 0.020007, 0.001756, 0.002668]
Convergence: 0.0619
----------------------------
differential_evolution step 42: f(x)= -4.812906233781103
Best Solution: [55.267933, 0.073988, 0.020007, 0.001756, 0.002668]
Convergence: 0.0685
----------------------------
differential_evolution step 43: f(x)= -4.812906233781103
Best Solution: [55.267933, 0.073988, 0.020007, 0.001756, 0.002668]
Convergence: 0.0735
----------------------------
differential_evolution step 44: f(x)= -4.812906233781103
Best Solution: [55.267933, 0.073988, 0.020007, 0.001756, 0.002668]
Convergence: 0.0733
----------------------------
differential_evolution step 45: f(x)= -4.812906233781103
Best Solution: [55.267933, 0.073988, 0.020007, 0.001756, 0.002668]
Convergence: 0.0793
----------------------------
differential_evolution step 46: f(x)= -4.812906233781103
Best Solution: [55.267933, 0.073988, 0.020007, 0.001756, 0.002668]
Convergence: 0.0831
----------------------------
differential_evolution step 47: f(x)= -4.812906233781103
Best Solution: [55.267933, 0.073988, 0.020007, 0.001756, 0.002668]
Convergence: 0.0817
----------------------------
differential_evolution step 48: f(x)= -4.812906233781103
Best Solution: [55.267933, 0.073988, 0.020007, 0.001756, 0.002668] 56%|█████▌    | 10/18 [9:59:59<7:03:02, 3172.84s/it]
Convergence: 0.0942
----------------------------
differential_evolution step 49: f(x)= -4.812906233781103
Best Solution: [55.267933, 0.073988, 0.020007, 0.001756, 0.002668]
Convergence: 0.0999
----------------------------
differential_evolution step 50: f(x)= -4.812906233781103
Best Solution: [55.267933, 0.073988, 0.020007, 0.001756, 0.002668]
Convergence: 0.1136
----------------------------
differential_evolution step 51: f(x)= -4.812906233781103
Best Solution: [55.267933, 0.073988, 0.020007, 0.001756, 0.002668]
Convergence: 0.1215
----------------------------
differential_evolution step 52: f(x)= -4.812906233781103
Best Solution: [55.267933, 0.073988, 0.020007, 0.001756, 0.002668]
Convergence: 0.1432
----------------------------
differential_evolution step 53: f(x)= -4.812906233781103
Best Solution: [55.267933, 0.073988, 0.020007, 0.001756, 0.002668]
Convergence: 0.1491
----------------------------
differential_evolution step 54: f(x)= -4.812906233781103
Best Solution: [55.267933, 0.073988, 0.020007, 0.001756, 0.002668]
Convergence: 0.1513
----------------------------
differential_evolution step 55: f(x)= -4.812906233781103
Best Solution: [55.267933, 0.073988, 0.020007, 0.001756, 0.002668]
Convergence: 0.1592
----------------------------
differential_evolution step 56: f(x)= -4.812906233781103
Best Solution: [55.267933, 0.073988, 0.020007, 0.001756, 0.002668]
Convergence: 0.1638
----------------------------
differential_evolution step 57: f(x)= -4.812906233781103
Best Solution: [55.267933, 0.073988, 0.020007, 0.001756, 0.002668]
Convergence: 0.1748
----------------------------
differential_evolution step 58: f(x)= -4.812906233781103
Best Solution: [55.267933, 0.073988, 0.020007, 0.001756, 0.002668]
Convergence: 0.177
----------------------------
differential_evolution step 59: f(x)= -4.812906233781103
Best Solution: [55.267933, 0.073988, 0.020007, 0.001756, 0.002668]
Convergence: 0.2355
----------------------------
differential_evolution step 60: f(x)= -4.812906233781103
Best Solution: [55.267933, 0.073988, 0.020007, 0.001756, 0.002668]
Convergence: 0.2842
----------------------------
differential_evolution step 61: f(x)= -4.812906233781103
Best Solution: [55.267933, 0.073988, 0.020007, 0.001756, 0.002668]
Convergence: 0.2724
----------------------------
differential_evolution step 62: f(x)= -4.812906233781103
Best Solution: [55.267933, 0.073988, 0.020007, 0.001756, 0.002668]
Convergence: 0.3081
----------------------------
differential_evolution step 63: f(x)= -4.812906233781103
Best Solution: [55.267933, 0.073988, 0.020007, 0.001756, 0.002668]
Convergence: 0.3107
----------------------------
differential_evolution step 64: f(x)= -4.812906233781103
Best Solution: [55.267933, 0.073988, 0.020007, 0.001756, 0.002668]
Convergence: 0.3177
----------------------------
differential_evolution step 65: f(x)= -4.812906233781103
Best Solution: [55.267933, 0.073988, 0.020007, 0.001756, 0.002668]
Convergence: 0.3636
----------------------------
differential_evolution step 66: f(x)= -4.812906233781103
Best Solution: [55.267933, 0.073988, 0.020007, 0.001756, 0.002668]
Convergence: 0.378
----------------------------
differential_evolution step 67: f(x)= -4.812906233781103
Best Solution: [55.267933, 0.073988, 0.020007, 0.001756, 0.002668]
Convergence: 0.5751
----------------------------
differential_evolution step 68: f(x)= -4.812906233781103
Best Solution: [55.267933, 0.073988, 0.020007, 0.001756, 0.002668]
Convergence: 0.687
----------------------------
differential_evolution step 69: f(x)= -4.812906233781103
Best Solution: [55.267933, 0.073988, 0.020007, 0.001756, 0.002668]
Convergence: 0.789
----------------------------
differential_evolution step 70: f(x)= -4.812906233781103
Best Solution: [55.267933, 0.073988, 0.020007, 0.001756, 0.002668]
Convergence: 0.955
----------------------------
differential_evolution step 71: f(x)= -4.812906233781103
Best Solution: [55.267933, 0.073988, 0.020007, 0.001756, 0.002668]
Convergence: 1.3177
----------------------------

Optimal result for tg=55.267933:
             message: Optimization terminated successfully.
             success: True
                 fun: -4.812906233781103
                   x: [ 5.527e+01  7.399e-02  2.001e-02  1.756e-03
                        2.668e-03]
                 nit: 71
                nfev: 4608
          population: [[ 5.527e+01  7.399e-02 ...  1.756e-03  2.668e-03]
                       [ 5.527e+01  7.409e-02 ...  1.763e-03  2.698e-03]
                       ...
                       [ 5.527e+01  7.403e-02 ...  1.770e-03  2.683e-03]
                       [ 5.527e+01  7.399e-02 ...  1.750e-03  2.660e-03]]
 population_energies: [-4.813e+00 -4.727e+00 ... -4.791e+00 -4.787e+00]
Gate errors (log10) (truc1=157):
-3.94576335, -4.30317981, -4.56342067, -4.81290623
Drive parameters:
[55.267933, 0.073988, 0.020007, 0.001756, 0.002668]
Full system error (truc_full=300):
-3.94576335, -4.30317981, -4.56342067, -4.81290623

f_optimize = np.array([
-0.31973913046342156, -0.7375473983245805, -1.7662930626008015, -2.616729412839989 ,
-3.1904541405726463, -3.5992150481270415, -3.9457633464840614, -4.303179808392508 ,
-4.5634206745106995, -4.812906233781103 ,
])

f_optimize = np.array([
-0.31973913046342156, -0.7375473983245805, -1.7662930626008015, -2.616729412839989 ,
-3.1904541405726463, -3.5992150481270415, -3.9457633464840614, -4.303179808392508 ,
-4.5634206745106995, -4.812906233781103 ,
])

Current China Time: 2026-08-02 22:43:02.292980+08:00
differential_evolution step 1: f(x)= -4.99644666260284
Best Solution: [59.087483, 0.068953, 0.018674, 0.001617, 0.002406]
Convergence: 0.0039
----------------------------
differential_evolution step 2: f(x)= -4.99644666260284
Best Solution: [59.087483, 0.068953, 0.018674, 0.001617, 0.002406]
Convergence: 0.0043
----------------------------
differential_evolution step 3: f(x)= -4.99644666260284
Best Solution: [59.087483, 0.068953, 0.018674, 0.001617, 0.002406]
Convergence: 0.0045
----------------------------
differential_evolution step 4: f(x)= -4.99644666260284
Best Solution: [59.087483, 0.068953, 0.018674, 0.001617, 0.002406]
Convergence: 0.0048
----------------------------
differential_evolution step 5: f(x)= -4.99644666260284
Best Solution: [59.087483, 0.068953, 0.018674, 0.001617, 0.002406]
Convergence: 0.005
----------------------------
differential_evolution step 6: f(x)= -4.99644666260284
Best Solution: [59.087483, 0.068953, 0.018674, 0.001617, 0.002406]
Convergence: 0.0053
----------------------------
differential_evolution step 7: f(x)= -4.99644666260284
Best Solution: [59.087483, 0.068953, 0.018674, 0.001617, 0.002406]
Convergence: 0.0057
----------------------------
differential_evolution step 8: f(x)= -4.99644666260284
Best Solution: [59.087483, 0.068953, 0.018674, 0.001617, 0.002406]
Convergence: 0.006
----------------------------
differential_evolution step 9: f(x)= -4.99644666260284
Best Solution: [59.087483, 0.068953, 0.018674, 0.001617, 0.002406]
Convergence: 0.0063
----------------------------
differential_evolution step 10: f(x)= -4.99644666260284
Best Solution: [59.087483, 0.068953, 0.018674, 0.001617, 0.002406]
Convergence: 0.0065
----------------------------
differential_evolution step 11: f(x)= -4.99644666260284
Best Solution: [59.087483, 0.068953, 0.018674, 0.001617, 0.002406]
Convergence: 0.007
----------------------------
differential_evolution step 12: f(x)= -4.99644666260284
Best Solution: [59.087483, 0.068953, 0.018674, 0.001617, 0.002406]
Convergence: 0.0074
----------------------------
differential_evolution step 13: f(x)= -4.99644666260284
Best Solution: [59.087483, 0.068953, 0.018674, 0.001617, 0.002406]
Convergence: 0.0077
----------------------------
differential_evolution step 14: f(x)= -4.99644666260284
Best Solution: [59.087483, 0.068953, 0.018674, 0.001617, 0.002406]
Convergence: 0.008
----------------------------
differential_evolution step 15: f(x)= -4.99644666260284
Best Solution: [59.087483, 0.068953, 0.018674, 0.001617, 0.002406]
Convergence: 0.0083
----------------------------
differential_evolution step 16: f(x)= -4.99644666260284
Best Solution: [59.087483, 0.068953, 0.018674, 0.001617, 0.002406]
Convergence: 0.0087
----------------------------
differential_evolution step 17: f(x)= -4.99644666260284
Best Solution: [59.087483, 0.068953, 0.018674, 0.001617, 0.002406]
Convergence: 0.0091
----------------------------
differential_evolution step 18: f(x)= -4.99644666260284
Best Solution: [59.087483, 0.068953, 0.018674, 0.001617, 0.002406]
Convergence: 0.0093
----------------------------
differential_evolution step 19: f(x)= -4.99644666260284
Best Solution: [59.087483, 0.068953, 0.018674, 0.001617, 0.002406]
Convergence: 0.0098
----------------------------
differential_evolution step 20: f(x)= -4.99644666260284
Best Solution: [59.087483, 0.068953, 0.018674, 0.001617, 0.002406]
Convergence: 0.0102
----------------------------
differential_evolution step 21: f(x)= -4.99644666260284
Best Solution: [59.087483, 0.068953, 0.018674, 0.001617, 0.002406]
Convergence: 0.011
----------------------------
differential_evolution step 22: f(x)= -4.99644666260284
Best Solution: [59.087483, 0.068953, 0.018674, 0.001617, 0.002406]
Convergence: 0.0113
----------------------------
differential_evolution step 23: f(x)= -4.99644666260284
Best Solution: [59.087483, 0.068953, 0.018674, 0.001617, 0.002406]
Convergence: 0.0118
----------------------------
differential_evolution step 24: f(x)= -4.99644666260284
Best Solution: [59.087483, 0.068953, 0.018674, 0.001617, 0.002406]
Convergence: 0.0123
----------------------------
differential_evolution step 25: f(x)= -4.99644666260284
Best Solution: [59.087483, 0.068953, 0.018674, 0.001617, 0.002406]
Convergence: 0.0128
----------------------------
differential_evolution step 26: f(x)= -4.99644666260284
Best Solution: [59.087483, 0.068953, 0.018674, 0.001617, 0.002406]
Convergence: 0.0131
----------------------------
differential_evolution step 27: f(x)= -4.99644666260284
Best Solution: [59.087483, 0.068953, 0.018674, 0.001617, 0.002406]
Convergence: 0.0135
----------------------------
differential_evolution step 28: f(x)= -4.99644666260284
Best Solution: [59.087483, 0.068953, 0.018674, 0.001617, 0.002406]
Convergence: 0.0141
----------------------------
differential_evolution step 29: f(x)= -4.99644666260284
Best Solution: [59.087483, 0.068953, 0.018674, 0.001617, 0.002406]
Convergence: 0.0147
----------------------------
differential_evolution step 30: f(x)= -4.99644666260284
Best Solution: [59.087483, 0.068953, 0.018674, 0.001617, 0.002406]
Convergence: 0.0147
----------------------------
differential_evolution step 31: f(x)= -4.99644666260284
Best Solution: [59.087483, 0.068953, 0.018674, 0.001617, 0.002406]
Convergence: 0.0159
----------------------------
differential_evolution step 32: f(x)= -4.99644666260284
Best Solution: [59.087483, 0.068953, 0.018674, 0.001617, 0.002406]
Convergence: 0.0161
----------------------------
differential_evolution step 33: f(x)= -4.99644666260284
Best Solution: [59.087483, 0.068953, 0.018674, 0.001617, 0.002406]
Convergence: 0.017
----------------------------
differential_evolution step 34: f(x)= -4.99644666260284
Best Solution: [59.087483, 0.068953, 0.018674, 0.001617, 0.002406]
Convergence: 0.0173
----------------------------
differential_evolution step 35: f(x)= -4.99644666260284
Best Solution: [59.087483, 0.068953, 0.018674, 0.001617, 0.002406]
Convergence: 0.0176
----------------------------
differential_evolution step 36: f(x)= -4.99644666260284
Best Solution: [59.087483, 0.068953, 0.018674, 0.001617, 0.002406]
Convergence: 0.019
----------------------------
differential_evolution step 37: f(x)= -4.99644666260284
Best Solution: [59.087483, 0.068953, 0.018674, 0.001617, 0.002406]
Convergence: 0.0201
----------------------------
differential_evolution step 38: f(x)= -4.99644666260284
Best Solution: [59.087483, 0.068953, 0.018674, 0.001617, 0.002406]
Convergence: 0.0213
----------------------------
differential_evolution step 39: f(x)= -4.99644666260284
Best Solution: [59.087483, 0.068953, 0.018674, 0.001617, 0.002406]
Convergence: 0.022
----------------------------
differential_evolution step 40: f(x)= -4.99644666260284
Best Solution: [59.087483, 0.068953, 0.018674, 0.001617, 0.002406]
Convergence: 0.0227
----------------------------
differential_evolution step 41: f(x)= -4.99644666260284
Best Solution: [59.087483, 0.068953, 0.018674, 0.001617, 0.002406]
Convergence: 0.0248
----------------------------
differential_evolution step 42: f(x)= -4.99644666260284
Best Solution: [59.087483, 0.068953, 0.018674, 0.001617, 0.002406]
Convergence: 0.0263
----------------------------
differential_evolution step 43: f(x)= -4.99644666260284
Best Solution: [59.087483, 0.068953, 0.018674, 0.001617, 0.002406]
Convergence: 0.0281
----------------------------
differential_evolution step 44: f(x)= -4.99644666260284
Best Solution: [59.087483, 0.068953, 0.018674, 0.001617, 0.002406]
Convergence: 0.0338
----------------------------
differential_evolution step 45: f(x)= -4.99644666260284
Best Solution: [59.087483, 0.068953, 0.018674, 0.001617, 0.002406]
Convergence: 0.0347
----------------------------
differential_evolution step 46: f(x)= -4.99644666260284
Best Solution: [59.087483, 0.068953, 0.018674, 0.001617, 0.002406]
Convergence: 0.0394
----------------------------
differential_evolution step 47: f(x)= -4.99644666260284
Best Solution: [59.087483, 0.068953, 0.018674, 0.001617, 0.002406]
Convergence: 0.0413
----------------------------
differential_evolution step 48: f(x)= -4.99644666260284
Best Solution: [59.087483, 0.068953, 0.018674, 0.001617, 0.002406]
Convergence: 61%|██████    | 11/18 [10:52:03<6:08:25, 3157.87s/it] 0.0458
----------------------------
differential_evolution step 49: f(x)= -4.99644666260284
Best Solution: [59.087483, 0.068953, 0.018674, 0.001617, 0.002406]
Convergence: 0.0513
----------------------------
differential_evolution step 50: f(x)= -4.99644666260284
Best Solution: [59.087483, 0.068953, 0.018674, 0.001617, 0.002406]
Convergence: 0.0545
----------------------------
differential_evolution step 51: f(x)= -4.99644666260284
Best Solution: [59.087483, 0.068953, 0.018674, 0.001617, 0.002406]
Convergence: 0.0568
----------------------------
differential_evolution step 52: f(x)= -4.99644666260284
Best Solution: [59.087483, 0.068953, 0.018674, 0.001617, 0.002406]
Convergence: 0.0573
----------------------------
differential_evolution step 53: f(x)= -4.99644666260284
Best Solution: [59.087483, 0.068953, 0.018674, 0.001617, 0.002406]
Convergence: 0.0605
----------------------------
differential_evolution step 54: f(x)= -4.99644666260284
Best Solution: [59.087483, 0.068953, 0.018674, 0.001617, 0.002406]
Convergence: 0.0654
----------------------------
differential_evolution step 55: f(x)= -4.99644666260284
Best Solution: [59.087483, 0.068953, 0.018674, 0.001617, 0.002406]
Convergence: 0.0725
----------------------------
differential_evolution step 56: f(x)= -4.99644666260284
Best Solution: [59.087483, 0.068953, 0.018674, 0.001617, 0.002406]
Convergence: 0.0771
----------------------------
differential_evolution step 57: f(x)= -4.99644666260284
Best Solution: [59.087483, 0.068953, 0.018674, 0.001617, 0.002406]
Convergence: 0.0822
----------------------------
differential_evolution step 58: f(x)= -4.99644666260284
Best Solution: [59.087483, 0.068953, 0.018674, 0.001617, 0.002406]
Convergence: 0.0878
----------------------------
differential_evolution step 59: f(x)= -4.99644666260284
Best Solution: [59.087483, 0.068953, 0.018674, 0.001617, 0.002406]
Convergence: 0.0894
----------------------------
differential_evolution step 60: f(x)= -4.99644666260284
Best Solution: [59.087483, 0.068953, 0.018674, 0.001617, 0.002406]
Convergence: 0.0913
----------------------------
differential_evolution step 61: f(x)= -4.99644666260284
Best Solution: [59.087483, 0.068953, 0.018674, 0.001617, 0.002406]
Convergence: 0.1033
----------------------------
differential_evolution step 62: f(x)= -4.99644666260284
Best Solution: [59.087483, 0.068953, 0.018674, 0.001617, 0.002406]
Convergence: 0.1109
----------------------------
differential_evolution step 63: f(x)= -4.99644666260284
Best Solution: [59.087483, 0.068953, 0.018674, 0.001617, 0.002406]
Convergence: 0.1127
----------------------------
differential_evolution step 64: f(x)= -4.99644666260284
Best Solution: [59.087483, 0.068953, 0.018674, 0.001617, 0.002406]
Convergence: 0.1226
----------------------------
differential_evolution step 65: f(x)= -4.99644666260284
Best Solution: [59.087483, 0.068953, 0.018674, 0.001617, 0.002406]
Convergence: 0.1348
----------------------------
differential_evolution step 66: f(x)= -4.99644666260284
Best Solution: [59.087483, 0.068953, 0.018674, 0.001617, 0.002406]
Convergence: 0.1414
----------------------------
differential_evolution step 67: f(x)= -4.99644666260284
Best Solution: [59.087483, 0.068953, 0.018674, 0.001617, 0.002406]
Convergence: 0.1573
----------------------------
differential_evolution step 68: f(x)= -4.99644666260284
Best Solution: [59.087483, 0.068953, 0.018674, 0.001617, 0.002406]
Convergence: 0.1733
----------------------------
differential_evolution step 69: f(x)= -4.99644666260284
Best Solution: [59.087483, 0.068953, 0.018674, 0.001617, 0.002406]
Convergence: 0.1876
----------------------------
differential_evolution step 70: f(x)= -4.99644666260284
Best Solution: [59.087483, 0.068953, 0.018674, 0.001617, 0.002406]
Convergence: 0.2027
----------------------------
differential_evolution step 71: f(x)= -4.99644666260284
Best Solution: [59.087483, 0.068953, 0.018674, 0.001617, 0.002406]
Convergence: 0.2222
----------------------------
differential_evolution step 72: f(x)= -4.99644666260284
Best Solution: [59.087483, 0.068953, 0.018674, 0.001617, 0.002406]
Convergence: 0.2739
----------------------------
differential_evolution step 73: f(x)= -4.99644666260284
Best Solution: [59.087483, 0.068953, 0.018674, 0.001617, 0.002406]
Convergence: 0.2813
----------------------------
differential_evolution step 74: f(x)= -4.99644666260284
Best Solution: [59.087483, 0.068953, 0.018674, 0.001617, 0.002406]
Convergence: 0.3201
----------------------------
differential_evolution step 75: f(x)= -4.99644666260284
Best Solution: [59.087483, 0.068953, 0.018674, 0.001617, 0.002406]
Convergence: 0.3643
----------------------------
differential_evolution step 76: f(x)= -4.99644666260284
Best Solution: [59.087483, 0.068953, 0.018674, 0.001617, 0.002406]
Convergence: 0.362
----------------------------
differential_evolution step 77: f(x)= -4.99644666260284
Best Solution: [59.087483, 0.068953, 0.018674, 0.001617, 0.002406]
Convergence: 0.4318
----------------------------
differential_evolution step 78: f(x)= -4.99644666260284
Best Solution: [59.087483, 0.068953, 0.018674, 0.001617, 0.002406]
Convergence: 0.4831
----------------------------
differential_evolution step 79: f(x)= -4.99644666260284
Best Solution: [59.087483, 0.068953, 0.018674, 0.001617, 0.002406]
Convergence: 0.5023
----------------------------
differential_evolution step 80: f(x)= -4.99644666260284
Best Solution: [59.087483, 0.068953, 0.018674, 0.001617, 0.002406]
Convergence: 0.6035
----------------------------
differential_evolution step 81: f(x)= -4.99644666260284
Best Solution: [59.087483, 0.068953, 0.018674, 0.001617, 0.002406]
Convergence: 0.7525
----------------------------
differential_evolution step 82: f(x)= -4.99644666260284
Best Solution: [59.087483, 0.068953, 0.018674, 0.001617, 0.002406]
Convergence: 0.7798
----------------------------
differential_evolution step 83: f(x)= -4.99644666260284
Best Solution: [59.087483, 0.068953, 0.018674, 0.001617, 0.002406]
Convergence: 0.9378
----------------------------
differential_evolution step 84: f(x)= -4.99644666260284
Best Solution: [59.087483, 0.068953, 0.018674, 0.001617, 0.002406]
Convergence: 1.0
----------------------------

Optimal result for tg=59.087483:
             message: Optimization terminated successfully.
             success: True
                 fun: -4.99644666260284
                   x: [ 5.909e+01  6.895e-02  1.867e-02  1.617e-03
                        2.406e-03]
                 nit: 84
                nfev: 5440
          population: [[ 5.909e+01  6.895e-02 ...  1.617e-03  2.406e-03]
                       [ 5.909e+01  6.896e-02 ...  1.594e-03  2.390e-03]
                       ...
                       [ 5.909e+01  6.893e-02 ...  1.606e-03  2.403e-03]
                       [ 5.909e+01  6.894e-02 ...  1.595e-03  2.399e-03]]
 population_energies: [-4.996e+00 -4.951e+00 ... -4.936e+00 -4.931e+00]
Gate errors (log10) (truc1=157):
-4.30317981, -4.56342067, -4.81290623, -4.99644666
Drive parameters:
[59.087483, 0.068953, 0.018674, 0.001617, 0.002406]
Full system error (truc_full=300):
-4.30317981, -4.56342067, -4.81290623, -4.99644666

f_optimize = np.array([
-0.31973913046342156, -0.7375473983245805, -1.7662930626008015, -2.616729412839989 ,
-3.1904541405726463, -3.5992150481270415, -3.9457633464840614, -4.303179808392508 ,
-4.5634206745106995, -4.812906233781103, -4.99644666260284 ,
])

f_optimize = np.array([
-0.31973913046342156, -0.7375473983245805, -1.7662930626008015, -2.616729412839989 ,
-3.1904541405726463, -3.5992150481270415, -3.9457633464840614, -4.303179808392508 ,
-4.5634206745106995, -4.812906233781103, -4.99644666260284 ,
])

Current China Time: 2026-08-02 23:35:06.221833+08:00
differential_evolution step 1: f(x)= -5.232545073692281
Best Solution: [64.670376, 0.062708, 0.017016, 0.001421, 0.002077]
Convergence: 0.004
----------------------------
differential_evolution step 2: f(x)= -5.232545073692281
Best Solution: [64.670376, 0.062708, 0.017016, 0.001421, 0.002077]
Convergence: 0.0044
----------------------------
differential_evolution step 3: f(x)= -5.232545073692281
Best Solution: [64.670376, 0.062708, 0.017016, 0.001421, 0.002077]
Convergence: 0.0046
----------------------------
differential_evolution step 4: f(x)= -5.232545073692281
Best Solution: [64.670376, 0.062708, 0.017016, 0.001421, 0.002077]
Convergence: 0.0049
----------------------------
differential_evolution step 5: f(x)= -5.232545073692281
Best Solution: [64.670376, 0.062708, 0.017016, 0.001421, 0.002077]
Convergence: 0.005
----------------------------
differential_evolution step 6: f(x)= -5.232545073692281
Best Solution: [64.670376, 0.062708, 0.017016, 0.001421, 0.002077]
Convergence: 0.0053
----------------------------
differential_evolution step 7: f(x)= -5.232545073692281
Best Solution: [64.670376, 0.062708, 0.017016, 0.001421, 0.002077]
Convergence: 0.0058
----------------------------
differential_evolution step 8: f(x)= -5.232545073692281
Best Solution: [64.670376, 0.062708, 0.017016, 0.001421, 0.002077]
Convergence: 0.0061
----------------------------
differential_evolution step 9: f(x)= -5.232545073692281
Best Solution: [64.670376, 0.062708, 0.017016, 0.001421, 0.002077]
Convergence: 0.0063
----------------------------
differential_evolution step 10: f(x)= -5.232545073692281
Best Solution: [64.670376, 0.062708, 0.017016, 0.001421, 0.002077]
Convergence: 0.0065
----------------------------
differential_evolution step 11: f(x)= -5.232545073692281
Best Solution: [64.670376, 0.062708, 0.017016, 0.001421, 0.002077]
Convergence: 0.0069
----------------------------
differential_evolution step 12: f(x)= -5.232545073692281
Best Solution: [64.670376, 0.062708, 0.017016, 0.001421, 0.002077]
Convergence: 0.0072
----------------------------
differential_evolution step 13: f(x)= -5.232545073692281
Best Solution: [64.670376, 0.062708, 0.017016, 0.001421, 0.002077]
Convergence: 0.0079
----------------------------
differential_evolution step 14: f(x)= -5.232545073692281
Best Solution: [64.670376, 0.062708, 0.017016, 0.001421, 0.002077]
Convergence: 0.009
----------------------------
differential_evolution step 15: f(x)= -5.232545073692281
Best Solution: [64.670376, 0.062708, 0.017016, 0.001421, 0.002077]
Convergence: 0.0094
----------------------------
differential_evolution step 16: f(x)= -5.232545073692281
Best Solution: [64.670376, 0.062708, 0.017016, 0.001421, 0.002077]
Convergence: 0.01
----------------------------
differential_evolution step 17: f(x)= -5.232545073692281
Best Solution: [64.670376, 0.062708, 0.017016, 0.001421, 0.002077]
Convergence: 0.0105
----------------------------
differential_evolution step 18: f(x)= -5.232545073692281
Best Solution: [64.670376, 0.062708, 0.017016, 0.001421, 0.002077]
Convergence: 0.011
----------------------------
differential_evolution step 19: f(x)= -5.232545073692281
Best Solution: [64.670376, 0.062708, 0.017016, 0.001421, 0.002077]
Convergence: 0.0115
----------------------------
differential_evolution step 20: f(x)= -5.232545073692281
Best Solution: [64.670376, 0.062708, 0.017016, 0.001421, 0.002077]
Convergence: 0.0117
----------------------------
differential_evolution step 21: f(x)= -5.232545073692281
Best Solution: [64.670376, 0.062708, 0.017016, 0.001421, 0.002077]
Convergence: 0.0122
----------------------------
differential_evolution step 22: f(x)= -5.232545073692281
Best Solution: [64.670376, 0.062708, 0.017016, 0.001421, 0.002077]
Convergence: 0.0123
----------------------------
differential_evolution step 23: f(x)= -5.232545073692281
Best Solution: [64.670376, 0.062708, 0.017016, 0.001421, 0.002077]
Convergence: 0.0128
----------------------------
differential_evolution step 24: f(x)= -5.232545073692281
Best Solution: [64.670376, 0.062708, 0.017016, 0.001421, 0.002077]
Convergence: 0.0131
----------------------------
differential_evolution step 25: f(x)= -5.232545073692281
Best Solution: [64.670376, 0.062708, 0.017016, 0.001421, 0.002077]
Convergence: 0.0133
----------------------------
differential_evolution step 26: f(x)= -5.232545073692281
Best Solution: [64.670376, 0.062708, 0.017016, 0.001421, 0.002077]
Convergence: 0.0139
----------------------------
differential_evolution step 27: f(x)= -5.232545073692281
Best Solution: [64.670376, 0.062708, 0.017016, 0.001421, 0.002077]
Convergence: 0.0148
----------------------------
differential_evolution step 28: f(x)= -5.232545073692281
Best Solution: [64.670376, 0.062708, 0.017016, 0.001421, 0.002077]
Convergence: 0.0151
----------------------------
differential_evolution step 29: f(x)= -5.232545073692281
Best Solution: [64.670376, 0.062708, 0.017016, 0.001421, 0.002077]
Convergence: 0.0153
----------------------------
differential_evolution step 30: f(x)= -5.232545073692281
Best Solution: [64.670376, 0.062708, 0.017016, 0.001421, 0.002077]
Convergence: 0.0161
----------------------------
differential_evolution step 31: f(x)= -5.232545073692281
Best Solution: [64.670376, 0.062708, 0.017016, 0.001421, 0.002077]
Convergence: 0.0163
----------------------------
differential_evolution step 32: f(x)= -5.232545073692281
Best Solution: [64.670376, 0.062708, 0.017016, 0.001421, 0.002077]
Convergence: 0.0169
----------------------------
differential_evolution step 33: f(x)= -5.232545073692281
Best Solution: [64.670376, 0.062708, 0.017016, 0.001421, 0.002077]
Convergence: 0.0176
----------------------------
differential_evolution step 34: f(x)= -5.232545073692281
Best Solution: [64.670376, 0.062708, 0.017016, 0.001421, 0.002077]
Convergence: 0.0186
----------------------------
differential_evolution step 35: f(x)= -5.232545073692281
Best Solution: [64.670376, 0.062708, 0.017016, 0.001421, 0.002077]
Convergence: 0.019
----------------------------
differential_evolution step 36: f(x)= -5.232545073692281
Best Solution: [64.670376, 0.062708, 0.017016, 0.001421, 0.002077]
Convergence: 0.02
----------------------------
differential_evolution step 37: f(x)= -5.232545073692281
Best Solution: [64.670376, 0.062708, 0.017016, 0.001421, 0.002077]
Convergence: 0.0201
----------------------------
differential_evolution step 38: f(x)= -5.232545073692281
Best Solution: [64.670376, 0.062708, 0.017016, 0.001421, 0.002077]
Convergence: 0.0206
----------------------------
differential_evolution step 39: f(x)= -5.232545073692281
Best Solution: [64.670376, 0.062708, 0.017016, 0.001421, 0.002077]
Convergence: 0.0212
----------------------------
differential_evolution step 40: f(x)= -5.232545073692281
Best Solution: [64.670376, 0.062708, 0.017016, 0.001421, 0.002077]
Convergence: 0.0223
----------------------------
differential_evolution step 41: f(x)= -5.232545073692281
Best Solution: [64.670376, 0.062708, 0.017016, 0.001421, 0.002077]
Convergence: 0.0232
----------------------------
differential_evolution step 42: f(x)= -5.232545073692281
Best Solution: [64.670376, 0.062708, 0.017016, 0.001421, 0.002077]
Convergence: 0.0244
----------------------------
differential_evolution step 43: f(x)= -5.232545073692281
Best Solution: [64.670376, 0.062708, 0.017016, 0.001421, 0.002077]
Convergence: 0.0268
----------------------------
differential_evolution step 44: f(x)= -5.232545073692281
Best Solution: [64.670376, 0.062708, 0.017016, 0.001421, 0.002077]
Convergence: 0.0305
----------------------------
differential_evolution step 45: f(x)= -5.232545073692281
Best Solution: [64.670376, 0.062708, 0.017016, 0.001421, 0.002077]
Convergence: 0.0309
----------------------------
differential_evolution step 46: f(x)= -5.232545073692281
Best Solution: [64.670376, 0.062708, 0.017016, 0.001421, 0.002077]
Convergence: 0.031
----------------------------
differential_evolution step 47: f(x)= -5.232545073692281
Best Solution: [64.670376, 0.062708, 0.017016, 0.001421, 0.002077]
Convergence: 0.0378
----------------------------
differential_evolution step 48: f(x)= -5.232545073692281
Best Solution: [64.670376, 0.062708, 0.017016, 0.001421, 0.002077]
Convergence: 0.0404
----------------------------
differential_evolution step 49: f(x)= -5.232545073692281
Best Solution: [64.670376, 0.062708, 0.017016, 0.001421, 0.002077]
Convergence: 0.0413
----------------------------
differential_evolution step 50: f(x)= -5.232545073692281
Best Solution: [64.670376, 0.062708, 0.017016, 0.001421, 0.002077]
Convergence: 0.0407
----------------------------
differential_evolution step 51: f(x)= -5.232545073692281
Best Solution: [64.670376, 0.062708, 0.017016, 0.001421, 0.002077]
Convergence: 0.044
----------------------------
differential_evolution step 52: f(x)= -5.232545073692281
Best Solution: [64.670376, 0.062708, 0.017016, 0.001421, 0.002077]
Convergence: 0.0507
----------------------------
differential_evolution step 53: f(x)= -5.232545073692281
Best Solution: [64.670376, 0.062708, 0.017016, 0.001421, 0.002077]
Convergence: 0.0544
----------------------------
differential_evolution step 54: f(x)= -5.232545073692281
Best Solution: [64.670376, 0.062708, 0.017016, 0.001421, 0.002077]
Convergence: 0.0559
----------------------------
differential_evolution step 55: f(x)= -5.232545073692281
Best Solution: [64.670376, 0.062708, 0.017016, 0.001421, 0.002077]
Convergence: 0.0596
----------------------------
differential_evolution step 56: f(x)= -5.232545073692281
Best Solution: [64.670376, 0.062708, 0.017016, 0.001421, 0.002077]
Convergence: 0.0721
----------------------------
differential_evolution step 57: f(x)= -5.232545073692281
Best Solution: [64.670376, 0.062708, 0.017016, 0.001421, 0.002077]
Convergence: 0.0759
----------------------------
differential_evolution step 58: f(x)= -5.232545073692281
Best Solution: [64.670376, 0.062708, 0.017016, 0.001421, 0.002077]
Convergence: 0.0768
----------------------------
differential_evolution step 59: f(x)= -5.232545073692281
Best Solution: [64.670376, 0.062708, 0.017016, 0.001421, 0.002077]
Convergence: 0.0833
----------------------------
differential_evolution step 60: f(x)= -5.232545073692281
Best Solution: [64.670376, 0.062708, 0.017016, 0.001421, 0.002077]
Convergence: 0.0858
----------------------------
differential_evolution step 61: f(x)= -5.232545073692281
Best Solution: [64.670376, 0.062708, 0.017016, 0.001421, 0.002077]
Convergence: 0.0935
----------------------------
differential_evolution step 62: f(x)= -5.232545073692281
Best Solution: [64.670376, 0.062708, 0.017016, 0.001421, 0.002077]
Convergence: 0.1016
----------------------------
differential_evolution step 63: f(x)= -5.232545073692281
Best Solution: [64.670376, 0.062708, 0.017016, 0.001421, 0.002077]
Convergence: 0.1071
----------------------------
differential_evolution step 64: f(x)= -5.232545073692281
Best Solution: [64.670376, 0.062708, 0.017016, 0.001421, 0.002077]
Convergence: 0.1119
----------------------------
differential_evolution step 65: f(x)= -5.232545073692281
Best Solution: [64.670376, 0.062708, 0.017016, 0.001421, 0.002077]
Convergence: 0.122
----------------------------
differential_evolution step 66: f(x)= -5.232545073692281
Best Solution: [64.670376, 0.062708, 0.017016, 0.001421, 0.002077]
Convergence: 0.1342
----------------------------
differential_evolution step 67: f(x)= -5.232545073692281
Best Solution: [64.670376, 0.062708, 0.017016, 0.001421, 0.002077]
Convergence: 0.1504
----------------------------
differential_evolution step 68: f(x)= -5.232545073692281
Best Solution: [64.670376, 0.062708, 0.017016, 0.001421, 0.002077]
Convergence: 0.1766
----------------------------
differential_evolution step 69: f(x)= -5.232545073692281
Best Solution: [64.670376, 0.062708, 0.017016, 0.001421, 0.002077]
Convergence: 0.1767
----------------------------
differential_evolution step 70: f(x)= -5.232545073692281
Best Solution: [64.670376, 0.062708, 0.017016, 0.001421, 0.002077]
Convergence: 0.1978
----------------------------
differential_evolution step 71: f(x)= -5.232545073692281
Best Solution: [64.670376, 0.062708, 0.017016, 0.001421, 0.002077]
Convergence: 0.1853
----------------------------
differential_evolution step 72: f(x)= -5.232545073692281
Best Solution: [64.670376, 0.062708, 0.017016, 0.001421, 0.002077]
Convergence: 0.178
----------------------------
differential_evolution step 73: f(x)= -5.232545073692281
Best Solution: [64.670376, 0.062708, 0.017016, 0.001421, 0.002077]
Convergence: 0.1719
----------------------------
differential_evolution step 74: f(x)= -5.232545073692281
Best Solution: [64.670376, 0.062708, 0.017016, 0.001421, 0.002077]
Convergence: 0.1696
----------------------------
differential_evolution step 75: f(x)= -5.232545073692281
Best Solution: [64.670376, 0.062708, 0.017016, 0.001421, 0.002077]
Convergence: 0.1809
----------------------------
differential_evolution step 76: f(x)= -5.232545073692281
Best Solution: [64.670376, 0.062708, 0.017016, 0.001421, 0.002077]
Convergence: 0.1814
----------------------------
differential_evolution step 77: f(x)= -5.232545073692281
Best Solution: [64.670376, 0.062708, 0.017016, 0.001421, 0.002077]
Convergence: 0.2106
----------------------------
differential_evolution step 78: f(x)= -5.232545073692281
Best Solution: [64.670376, 0.062708, 0.017016, 0.001421, 0.002077]
Convergence: 0.2241
----------------------------
differential_evolution step 79: f(x)= -5.232545073692281
Best Solution: [64.670376, 0.062708, 0.017016, 0.001421, 0.002077]
Convergence: 0.239
----------------------------
differential_evolution step 80: f(x)= -5.232545073692281
Best Solution: [64.670376, 0.062708, 0.017016, 0.001421, 0.002077]
Convergence: 0.2614
----------------------------
differential_evolution step 81: f(x)= -5.232545073692281
Best Solution: [64.670376, 0.062708, 0.017016, 0.001421, 0.002077]
Convergence: 0.3217
----------------------------
differential_evolution step 82: f(x)= -5.232545073692281
Best Solution: [64.670376, 0.062708, 0.017016, 0.001421, 0.002077]
Convergence: 0.3343
----------------------------
differential_evolution step 83: f(x)= -5.232545073692281
Best Solution: [64.670376, 0.062708, 0.017016, 0.001421, 0.002077]
Convergence: 0.4397
----------------------------
differential_evolution step 84: f(x)= -5.232545073692281
Best Solution: [64.670376, 0.062708, 0.017016, 0.001421, 0.002077]
Convergence: 0.5481
----------------------------
differential_evolution step 85: f(x)= -5.232545073692281
Best Solution: [64.670376, 0.062708, 0.017016, 0.001421, 0.002077]
Convergence: 0.6081
----------------------------
differential_evolution step 86: f(x)= -5.232545073692281
Best Solution: [64.670376, 0.062708, 0.017016, 0.001421, 0.002077]
Convergence: 0.9817
----------------------------
differential_evolution step 87: f(x)= -5.232545073692281
Best Solution: [64.670376, 0.062708, 0.017016, 0.001421, 0.002077]
Convergence: 0.9972
----------------------------
differential_evolution step 88: f(x)= -5.23898521252418
Best Solution: [64.67037872, 0.06273133, 0.01701951, 0.00142088, 0.00207765]
Convergence: 1.0288
----------------------------

Optimal result for tg=64.670376:
             message: Optimization terminated successfully.
             success: True
                 fun: -5.23898521252418
                   x: [ 6.467e+01  6.273e-02  1.702e-02  1.421e-03
                        2.078e-03]
                 nit: 88
                nfev: 5696
          population: [[ 6.467e+01  6.273e-02 ...  1.421e-03  2.078e-03]
                       [ 6.467e+01  6.274e-02 ...  1.428e-03  2.091e-03]
                       ...
                       [ 6.467e+01  6.270e-02 ...  1.421e-03  2.079e-03]
                       [ 6.467e+01  6.269e-02 ...  1.412e-03  2.078e-03]]
 population_energies: [-5.239e+00 -5.167e+00 ... -5.221e+00 -5.126e+00]
Gate errors (log10) (truc1=157):
-4.56342067, -4.81290623, -4.99644666, -5.23898521
Drive parameters:
[64.670379, 0.062731, 0.01702, 0.001421, 0.002078]
Full system error (truc_full=300):
-4.56342067, -4.81290623, -4.99644666, -5.23898521

f_optimize = np.array([
-0.31973913046342156, -0.7375473983245805, -1.7662930626008015, -2.616729412839989 ,
-3.1904541405726463, -3.5992150481270415, -3.9457633464840614, -4.303179808392508 ,
-4.5634206745106995, -4.812906233781103, -4.99644666260284, -5.23898521252418 67%|██████▋   | 12/18 [11:39:20<5:06:00, 3060.14s/it] ,
])

f_optimize = np.array([
-0.31973913046342156, -0.7375473983245805, -1.7662930626008015, -2.616729412839989 ,
-3.1904541405726463, -3.5992150481270415, -3.9457633464840614, -4.303179808392508 ,
-4.5634206745106995, -4.812906233781103, -4.99644666260284, -5.23898521252418 ,
])

Current China Time: 2026-08-03 00:22:22.830739+08:00
differential_evolution step 1: f(x)= -5.447099372832977
Best Solution: [69.959457, 0.05777, 0.0157, 0.001257, 0.001811]
Convergence: 0.0035
----------------------------
differential_evolution step 2: f(x)= -5.447099372832977
Best Solution: [69.959457, 0.05777, 0.0157, 0.001257, 0.001811]
Convergence: 0.0038
----------------------------
differential_evolution step 3: f(x)= -5.447099372832977
Best Solution: [69.959457, 0.05777, 0.0157, 0.001257, 0.001811]
Convergence: 0.0042
----------------------------
differential_evolution step 4: f(x)= -5.447099372832977
Best Solution: [69.959457, 0.05777, 0.0157, 0.001257, 0.001811]
Convergence: 0.0045
----------------------------
differential_evolution step 5: f(x)= -5.447099372832977
Best Solution: [69.959457, 0.05777, 0.0157, 0.001257, 0.001811]
Convergence: 0.0047
----------------------------
differential_evolution step 6: f(x)= -5.447099372832977
Best Solution: [69.959457, 0.05777, 0.0157, 0.001257, 0.001811]
Convergence: 0.0049
----------------------------
differential_evolution step 7: f(x)= -5.447099372832977
Best Solution: [69.959457, 0.05777, 0.0157, 0.001257, 0.001811]
Convergence: 0.005
----------------------------
differential_evolution step 8: f(x)= -5.447099372832977
Best Solution: [69.959457, 0.05777, 0.0157, 0.001257, 0.001811]
Convergence: 0.0051
----------------------------
differential_evolution step 9: f(x)= -5.447099372832977
Best Solution: [69.959457, 0.05777, 0.0157, 0.001257, 0.001811]
Convergence: 0.0053
----------------------------
differential_evolution step 10: f(x)= -5.447099372832977
Best Solution: [69.959457, 0.05777, 0.0157, 0.001257, 0.001811]
Convergence: 0.0055
----------------------------
differential_evolution step 11: f(x)= -5.447099372832977
Best Solution: [69.959457, 0.05777, 0.0157, 0.001257, 0.001811]
Convergence: 0.0058
----------------------------
differential_evolution step 12: f(x)= -5.447099372832977
Best Solution: [69.959457, 0.05777, 0.0157, 0.001257, 0.001811]
Convergence: 0.006
----------------------------
differential_evolution step 13: f(x)= -5.447099372832977
Best Solution: [69.959457, 0.05777, 0.0157, 0.001257, 0.001811]
Convergence: 0.0063
----------------------------
differential_evolution step 14: f(x)= -5.447099372832977
Best Solution: [69.959457, 0.05777, 0.0157, 0.001257, 0.001811]
Convergence: 0.0064
----------------------------
differential_evolution step 15: f(x)= -5.447099372832977
Best Solution: [69.959457, 0.05777, 0.0157, 0.001257, 0.001811]
Convergence: 0.0069
----------------------------
differential_evolution step 16: f(x)= -5.447099372832977
Best Solution: [69.959457, 0.05777, 0.0157, 0.001257, 0.001811]
Convergence: 0.0072
----------------------------
differential_evolution step 17: f(x)= -5.447099372832977
Best Solution: [69.959457, 0.05777, 0.0157, 0.001257, 0.001811]
Convergence: 0.0078
----------------------------
differential_evolution step 18: f(x)= -5.447099372832977
Best Solution: [69.959457, 0.05777, 0.0157, 0.001257, 0.001811]
Convergence: 0.0084
----------------------------
differential_evolution step 19: f(x)= -5.447099372832977
Best Solution: [69.959457, 0.05777, 0.0157, 0.001257, 0.001811]
Convergence: 0.0085
----------------------------
differential_evolution step 20: f(x)= -5.447099372832977
Best Solution: [69.959457, 0.05777, 0.0157, 0.001257, 0.001811]
Convergence: 0.0087
----------------------------
differential_evolution step 21: f(x)= -5.447099372832977
Best Solution: [69.959457, 0.05777, 0.0157, 0.001257, 0.001811]
Convergence: 0.0092
----------------------------
differential_evolution step 22: f(x)= -5.447099372832977
Best Solution: [69.959457, 0.05777, 0.0157, 0.001257, 0.001811]
Convergence: 0.0098
----------------------------
differential_evolution step 23: f(x)= -5.447099372832977
Best Solution: [69.959457, 0.05777, 0.0157, 0.001257, 0.001811]
Convergence: 0.0101
----------------------------
differential_evolution step 24: f(x)= -5.447099372832977
Best Solution: [69.959457, 0.05777, 0.0157, 0.001257, 0.001811]
Convergence: 0.0107
----------------------------
differential_evolution step 25: f(x)= -5.447099372832977
Best Solution: [69.959457, 0.05777, 0.0157, 0.001257, 0.001811]
Convergence: 0.0109
----------------------------
differential_evolution step 26: f(x)= -5.447099372832977
Best Solution: [69.959457, 0.05777, 0.0157, 0.001257, 0.001811]
Convergence: 0.0111
----------------------------
differential_evolution step 27: f(x)= -5.447099372832977
Best Solution: [69.959457, 0.05777, 0.0157, 0.001257, 0.001811]
Convergence: 0.0114
----------------------------
differential_evolution step 28: f(x)= -5.447099372832977
Best Solution: [69.959457, 0.05777, 0.0157, 0.001257, 0.001811]
Convergence: 0.0117
----------------------------
differential_evolution step 29: f(x)= -5.447099372832977
Best Solution: [69.959457, 0.05777, 0.0157, 0.001257, 0.001811]
Convergence: 0.012
----------------------------
differential_evolution step 30: f(x)= -5.447099372832977
Best Solution: [69.959457, 0.05777, 0.0157, 0.001257, 0.001811]
Convergence: 0.0124
----------------------------
differential_evolution step 31: f(x)= -5.447099372832977
Best Solution: [69.959457, 0.05777, 0.0157, 0.001257, 0.001811]
Convergence: 0.0131
----------------------------
differential_evolution step 32: f(x)= -5.447099372832977
Best Solution: [69.959457, 0.05777, 0.0157, 0.001257, 0.001811]
Convergence: 0.0133
----------------------------
differential_evolution step 33: f(x)= -5.447099372832977
Best Solution: [69.959457, 0.05777, 0.0157, 0.001257, 0.001811]
Convergence: 0.0136
----------------------------
differential_evolution step 34: f(x)= -5.447099372832977
Best Solution: [69.959457, 0.05777, 0.0157, 0.001257, 0.001811]
Convergence: 0.0141
----------------------------
differential_evolution step 35: f(x)= -5.447099372832977
Best Solution: [69.959457, 0.05777, 0.0157, 0.001257, 0.001811]
Convergence: 0.0146
----------------------------
differential_evolution step 36: f(x)= -5.447099372832977
Best Solution: [69.959457, 0.05777, 0.0157, 0.001257, 0.001811]
Convergence: 0.0151
----------------------------
differential_evolution step 37: f(x)= -5.447099372832977
Best Solution: [69.959457, 0.05777, 0.0157, 0.001257, 0.001811]
Convergence: 0.0152
----------------------------
differential_evolution step 38: f(x)= -5.447099372832977
Best Solution: [69.959457, 0.05777, 0.0157, 0.001257, 0.001811]
Convergence: 0.0158
----------------------------
differential_evolution step 39: f(x)= -5.447099372832977
Best Solution: [69.959457, 0.05777, 0.0157, 0.001257, 0.001811]
Convergence: 0.0162
----------------------------
differential_evolution step 40: f(x)= -5.447099372832977
Best Solution: [69.959457, 0.05777, 0.0157, 0.001257, 0.001811]
Convergence: 0.0166
----------------------------
differential_evolution step 41: f(x)= -5.447099372832977
Best Solution: [69.959457, 0.05777, 0.0157, 0.001257, 0.001811]
Convergence: 0.0175
----------------------------
differential_evolution step 42: f(x)= -5.447099372832977
Best Solution: [69.959457, 0.05777, 0.0157, 0.001257, 0.001811]
Convergence: 0.0183
----------------------------
differential_evolution step 43: f(x)= -5.447099372832977
Best Solution: [69.959457, 0.05777, 0.0157, 0.001257, 0.001811]
Convergence: 0.0195
----------------------------
differential_evolution step 44: f(x)= -5.447099372832977
Best Solution: [69.959457, 0.05777, 0.0157, 0.001257, 0.001811]
Convergence: 0.0199
----------------------------
differential_evolution step 45: f(x)= -5.447099372832977
Best Solution: [69.959457, 0.05777, 0.0157, 0.001257, 0.001811]
Convergence: 0.0206
----------------------------
differential_evolution step 46: f(x)= -5.447099372832977
Best Solution: [69.959457, 0.05777, 0.0157, 0.001257, 0.001811]
Convergence: 0.022
----------------------------
differential_evolution step 47: f(x)= -5.447099372832977
Best Solution: [69.959457, 0.05777, 0.0157, 0.001257, 0.001811]
Convergence: 0.0226
----------------------------
differential_evolution step 48: f(x)= -5.447099372832977
Best Solution: [69.959457, 0.05777, 0.0157, 0.001257, 0.001811]
Convergence: 0.0229
----------------------------
differential_evolution step 49: f(x)= -5.447099372832977
Best Solution: [69.959457, 0.05777, 0.0157, 0.001257, 0.001811]
Convergence: 0.024
----------------------------
differential_evolution step 50: f(x)= -5.447099372832977
Best Solution: [69.959457, 0.05777, 0.0157, 0.001257, 0.001811]
Convergence: 0.027
----------------------------
differential_evolution step 51: f(x)= -5.447099372832977
Best Solution: [69.959457, 0.05777, 0.0157, 0.001257, 0.001811]
Convergence: 0.03
----------------------------
differential_evolution step 52: f(x)= -5.447099372832977
Best Solution: [69.959457, 0.05777, 0.0157, 0.001257, 0.001811]
Convergence: 0.0328
----------------------------
differential_evolution step 53: f(x)= -5.447099372832977
Best Solution: [69.959457, 0.05777, 0.0157, 0.001257, 0.001811]
Convergence: 0.037
----------------------------
differential_evolution step 54: f(x)= -5.447099372832977
Best Solution: [69.959457, 0.05777, 0.0157, 0.001257, 0.001811]
Convergence: 0.041
----------------------------
differential_evolution step 55: f(x)= -5.447099372832977
Best Solution: [69.959457, 0.05777, 0.0157, 0.001257, 0.001811]
Convergence: 0.0493
----------------------------
differential_evolution step 56: f(x)= -5.447099372832977
Best Solution: [69.959457, 0.05777, 0.0157, 0.001257, 0.001811]
Convergence: 0.0552
----------------------------
differential_evolution step 57: f(x)= -5.447099372832977
Best Solution: [69.959457, 0.05777, 0.0157, 0.001257, 0.001811]
Convergence: 0.0575
----------------------------
differential_evolution step 58: f(x)= -5.447099372832977
Best Solution: [69.959457, 0.05777, 0.0157, 0.001257, 0.001811]
Convergence: 0.0605
----------------------------
differential_evolution step 59: f(x)= -5.447099372832977
Best Solution: [69.959457, 0.05777, 0.0157, 0.001257, 0.001811]
Convergence: 0.0644
----------------------------
differential_evolution step 60: f(x)= -5.447099372832977
Best Solution: [69.959457, 0.05777, 0.0157, 0.001257, 0.001811]
Convergence: 0.0673
----------------------------
differential_evolution step 61: f(x)= -5.447099372832977
Best Solution: [69.959457, 0.05777, 0.0157, 0.001257, 0.001811]
Convergence: 0.0686
----------------------------
differential_evolution step 62: f(x)= -5.447099372832977
Best Solution: [69.959457, 0.05777, 0.0157, 0.001257, 0.001811]
Convergence: 0.0741
----------------------------
differential_evolution step 63: f(x)= -5.447099372832977
Best Solution: [69.959457, 0.05777, 0.0157, 0.001257, 0.001811]
Convergence: 0.0772
----------------------------
differential_evolution step 64: f(x)= -5.447099372832977
Best Solution: [69.959457, 0.05777, 0.0157, 0.001257, 0.001811]
Convergence: 0.0879
----------------------------
differential_evolution step 65: f(x)= -5.447099372832977
Best Solution: [69.959457, 0.05777, 0.0157, 0.001257, 0.001811]
Convergence: 0.0885
----------------------------
differential_evolution step 66: f(x)= -5.447099372832977
Best Solution: [69.959457, 0.05777, 0.0157, 0.001257, 0.001811]
Convergence: 0.0922
----------------------------
differential_evolution step 67: f(x)= -5.447099372832977
Best Solution: [69.959457, 0.05777, 0.0157, 0.001257, 0.001811]
Convergence: 0.0863
----------------------------
differential_evolution step 68: f(x)= -5.447099372832977
Best Solution: [69.959457, 0.05777, 0.0157, 0.001257, 0.001811]
Convergence: 0.0909
----------------------------
differential_evolution step 69: f(x)= -5.447099372832977
Best Solution: [69.959457, 0.05777, 0.0157, 0.001257, 0.001811]
Convergence: 0.0973
----------------------------
differential_evolution step 70: f(x)= -5.447099372832977
Best Solution: [69.959457, 0.05777, 0.0157, 0.001257, 0.001811]
Convergence: 0.0981
----------------------------
differential_evolution step 71: f(x)= -5.447099372832977
Best Solution: [69.959457, 0.05777, 0.0157, 0.001257, 0.001811]
Convergence: 0.1127
----------------------------
differential_evolution step 72: f(x)= -5.447099372832977
Best Solution: [69.959457, 0.05777, 0.0157, 0.001257, 0.001811]
Convergence: 0.124
----------------------------
differential_evolution step 73: f(x)= -5.447099372832977
Best Solution: [69.959457, 0.05777, 0.0157, 0.001257, 0.001811]
Convergence: 0.1479
----------------------------
differential_evolution step 74: f(x)= -5.447099372832977
Best Solution: [69.959457, 0.05777, 0.0157, 0.001257, 0.001811]
Convergence: 0.1532
----------------------------
differential_evolution step 75: f(x)= -5.447099372832977
Best Solution: [69.959457, 0.05777, 0.0157, 0.001257, 0.001811]
Convergence: 0.1588
----------------------------
differential_evolution step 76: f(x)= -5.447099372832977
Best Solution: [69.959457, 0.05777, 0.0157, 0.001257, 0.001811]
Convergence: 0.1591
----------------------------
differential_evolution step 77: f(x)= -5.447099372832977
Best Solution: [69.959457, 0.05777, 0.0157, 0.001257, 0.001811]
Convergence: 0.1687
----------------------------
differential_evolution step 78: f(x)= -5.447099372832977
Best Solution: [69.959457, 0.05777, 0.0157, 0.001257, 0.001811]
Convergence: 0.1742
----------------------------
differential_evolution step 79: f(x)= -5.447099372832977
Best Solution: [69.959457, 0.05777, 0.0157, 0.001257, 0.001811]
Convergence: 0.1874
----------------------------
differential_evolution step 80: f(x)= -5.447099372832977
Best Solution: [69.959457, 0.05777, 0.0157, 0.001257, 0.001811]
Convergence: 0.1914
----------------------------
differential_evolution step 81: f(x)= -5.447099372832977
Best Solution: [69.959457, 0.05777, 0.0157, 0.001257, 0.001811]
Convergence: 0.2024
----------------------------
differential_evolution step 82: f(x)= -5.447099372832977
Best Solution: [69.959457, 0.05777, 0.0157, 0.001257, 0.001811]
Convergence: 0.2149
----------------------------
differential_evolution step 83: f(x)= -5.447099372832977
Best Solution: [69.959457, 0.05777, 0.0157, 0.001257, 0.001811]
Convergence: 0.2336
----------------------------
differential_evolution step 84: f(x)= -5.447099372832977
Best Solution: [69.959457, 0.05777, 0.0157, 0.001257, 0.001811]
Convergence: 0.2811
----------------------------
differential_evolution step 85: f(x)= -5.447099372832977
Best Solution: [69.959457, 0.05777, 0.0157, 0.001257, 0.001811]
Convergence: 0.3029
----------------------------
differential_evolution step 86: f(x)= -5.447099372832977
Best Solution: [69.959457, 0.05777, 0.0157, 0.001257, 0.001811]
Convergence: 0.3289
----------------------------
differential_evolution step 87: f(x)= -5.447149366860587
Best Solution: [69.95943198, 0.0577837, 0.01570131, 0.00126269, 0.00181454]
Convergence: 0.3756
----------------------------
differential_evolution step 88: f(x)= -5.447149366860587
Best Solution: [69.95943198, 0.0577837, 0.01570131, 0.00126269, 0.00181454]
Convergence: 0.4404
----------------------------
differential_evolution step 89: f(x)= -5.447149366860587
Best Solution: [69.95943198, 0.0577837, 0.01570131, 0.00126269, 0.00181454]
Convergence: 0.6048
----------------------------
differential_evolution step 90: f(x)= -5.451319725709624
Best Solution: [69.95945704, 0.05778015, 0.01569737, 0.00126108, 0.00181374]
Convergence: 0.7112
----------------------------
differential_evolution step 91: f(x)= -5.451319725709624
Best Solution: [69.95945704, 0.05778015, 0.01569737, 0.00126108, 0.00181374]
Convergence: 0.7657
----------------------------
differential_evolution step 92: f(x)= -5.451319725709624
Best Solution: [69.95945704, 0.05778015, 0.01569737, 0.00126108, 0.00181374]
Convergence: 0.7905
----------------------------
differential_evolution step 93: f(x)= -5.451319725709624
Best Solution: [69.95945704, 0.05778015, 0.01569737, 0.00126108, 0.00181374]
Convergence: 0.8735
----------------------------
differential_evolution step 94: f(x)= -5.456709479870538
Best Solution: [69.95947342, 0.05778335, 0.01570061, 0.00125987, 0.00181383]
Convergence: 0.8969
----------------------------
differential_evolution step 95: f(x)= -5.456709479870538
Best Solution: [69.95947342, 0.05778335, 0.01570061, 0.00125987, 0.00181383]
Convergence: 1.0013
----------------------------

Optimal result for tg=69.959457:
             message: Optimization terminated successfully.
             success: True
                 fun: -5.456709479870538
                   x: [ 6.996e+01  5.778e-02  1.570e-02  1.260e-03
                        1.814e-03]
                 nit: 95
                nfev: 6144
          population: [[ 6.996e+01  5.778e-02 ...  1.260e-03  1.814e-03]
                       [ 6.996e+01  5.778e-02 ...  1.263e-03  1.820e-03]
                       ...
                       [ 6.996e+01  5.779e-02 ...  1.261e-03  1.816e-03]
                       [ 6.996e+01  5.783e-02 ...  1.294e-03  1.838e-03]]
 population_energies: [-5.457e+00 -5.432e+00 ... -5.455e+00 -5.013e+00] 72%|███████▏  | 13/18 [12:31:24<4:16:37, 3079.55s/it]
Gate errors (log10) (truc1=157):
-4.81290623, -4.99644666, -5.23898521, -5.45670948
Drive parameters:
[69.959473, 0.057783, 0.015701, 0.00126, 0.001814]
Full system error (truc_full=300):
-4.81290623, -4.99644666, -5.23898521, -5.45670948

f_optimize = np.array([
-0.31973913046342156, -0.7375473983245805, -1.7662930626008015, -2.616729412839989 ,
-3.1904541405726463, -3.5992150481270415, -3.9457633464840614, -4.303179808392508 ,
-4.5634206745106995, -4.812906233781103, -4.99644666260284, -5.23898521252418 ,
-5.456709479870538 ,
])

f_optimize = np.array([
-0.31973913046342156, -0.7375473983245805, -1.7662930626008015, -2.616729412839989 ,
-3.1904541405726463, -3.5992150481270415, -3.9457633464840614, -4.303179808392508 ,
-4.5634206745106995, -4.812906233781103, -4.99644666260284, -5.23898521252418 ,
-5.456709479870538 ,
])

Current China Time: 2026-08-03 01:14:27.047530+08:00
differential_evolution step 1: f(x)= -5.7778204366657855
Best Solution: [79.950621, 0.050323, 0.013699, 0.001008, 0.001432]
Convergence: 0.0037
----------------------------
differential_evolution step 2: f(x)= -5.7778204366657855
Best Solution: [79.950621, 0.050323, 0.013699, 0.001008, 0.001432]
Convergence: 0.0039
----------------------------
differential_evolution step 3: f(x)= -5.7778204366657855
Best Solution: [79.950621, 0.050323, 0.013699, 0.001008, 0.001432]
Convergence: 0.0041
----------------------------
differential_evolution step 4: f(x)= -5.7778204366657855
Best Solution: [79.950621, 0.050323, 0.013699, 0.001008, 0.001432]
Convergence: 0.0043
----------------------------
differential_evolution step 5: f(x)= -5.7778204366657855
Best Solution: [79.950621, 0.050323, 0.013699, 0.001008, 0.001432]
Convergence: 0.0043
----------------------------
differential_evolution step 6: f(x)= -5.7778204366657855
Best Solution: [79.950621, 0.050323, 0.013699, 0.001008, 0.001432]
Convergence: 0.0045
----------------------------
differential_evolution step 7: f(x)= -5.7778204366657855
Best Solution: [79.950621, 0.050323, 0.013699, 0.001008, 0.001432]
Convergence: 0.0047
----------------------------
differential_evolution step 8: f(x)= -5.7778204366657855
Best Solution: [79.950621, 0.050323, 0.013699, 0.001008, 0.001432]
Convergence: 0.0052
----------------------------
differential_evolution step 9: f(x)= -5.7778204366657855
Best Solution: [79.950621, 0.050323, 0.013699, 0.001008, 0.001432]
Convergence: 0.0054
----------------------------
differential_evolution step 10: f(x)= -5.7778204366657855
Best Solution: [79.950621, 0.050323, 0.013699, 0.001008, 0.001432]
Convergence: 0.0059
----------------------------
differential_evolution step 11: f(x)= -5.7778204366657855
Best Solution: [79.950621, 0.050323, 0.013699, 0.001008, 0.001432]
Convergence: 0.0062
----------------------------
differential_evolution step 12: f(x)= -5.7778204366657855
Best Solution: [79.950621, 0.050323, 0.013699, 0.001008, 0.001432]
Convergence: 0.0064
----------------------------
differential_evolution step 13: f(x)= -5.7778204366657855
Best Solution: [79.950621, 0.050323, 0.013699, 0.001008, 0.001432]
Convergence: 0.0066
----------------------------
differential_evolution step 14: f(x)= -5.7778204366657855
Best Solution: [79.950621, 0.050323, 0.013699, 0.001008, 0.001432]
Convergence: 0.0066
----------------------------
differential_evolution step 15: f(x)= -5.7778204366657855
Best Solution: [79.950621, 0.050323, 0.013699, 0.001008, 0.001432]
Convergence: 0.0069
----------------------------
differential_evolution step 16: f(x)= -5.7778204366657855
Best Solution: [79.950621, 0.050323, 0.013699, 0.001008, 0.001432]
Convergence: 0.0073
----------------------------
differential_evolution step 17: f(x)= -5.7778204366657855
Best Solution: [79.950621, 0.050323, 0.013699, 0.001008, 0.001432]
Convergence: 0.0075
----------------------------
differential_evolution step 18: f(x)= -5.7778204366657855
Best Solution: [79.950621, 0.050323, 0.013699, 0.001008, 0.001432]
Convergence: 0.0079
----------------------------
differential_evolution step 19: f(x)= -5.7778204366657855
Best Solution: [79.950621, 0.050323, 0.013699, 0.001008, 0.001432]
Convergence: 0.0081
----------------------------
differential_evolution step 20: f(x)= -5.7778204366657855
Best Solution: [79.950621, 0.050323, 0.013699, 0.001008, 0.001432]
Convergence: 0.0086
----------------------------
differential_evolution step 21: f(x)= -5.7778204366657855
Best Solution: [79.950621, 0.050323, 0.013699, 0.001008, 0.001432]
Convergence: 0.0089
----------------------------
differential_evolution step 22: f(x)= -5.7778204366657855
Best Solution: [79.950621, 0.050323, 0.013699, 0.001008, 0.001432]
Convergence: 0.0095
----------------------------
differential_evolution step 23: f(x)= -5.7778204366657855
Best Solution: [79.950621, 0.050323, 0.013699, 0.001008, 0.001432]
Convergence: 0.0096
----------------------------
differential_evolution step 24: f(x)= -5.7778204366657855
Best Solution: [79.950621, 0.050323, 0.013699, 0.001008, 0.001432]
Convergence: 0.0099
----------------------------
differential_evolution step 25: f(x)= -5.7778204366657855
Best Solution: [79.950621, 0.050323, 0.013699, 0.001008, 0.001432]
Convergence: 0.0102
----------------------------
differential_evolution step 26: f(x)= -5.7778204366657855
Best Solution: [79.950621, 0.050323, 0.013699, 0.001008, 0.001432]
Convergence: 0.0105
----------------------------
differential_evolution step 27: f(x)= -5.7778204366657855
Best Solution: [79.950621, 0.050323, 0.013699, 0.001008, 0.001432]
Convergence: 0.0107
----------------------------
differential_evolution step 28: f(x)= -5.7778204366657855
Best Solution: [79.950621, 0.050323, 0.013699, 0.001008, 0.001432]
Convergence: 0.011
----------------------------
differential_evolution step 29: f(x)= -5.7778204366657855
Best Solution: [79.950621, 0.050323, 0.013699, 0.001008, 0.001432]
Convergence: 0.0118
----------------------------
differential_evolution step 30: f(x)= -5.7778204366657855
Best Solution: [79.950621, 0.050323, 0.013699, 0.001008, 0.001432]
Convergence: 0.012
----------------------------
differential_evolution step 31: f(x)= -5.7778204366657855
Best Solution: [79.950621, 0.050323, 0.013699, 0.001008, 0.001432]
Convergence: 0.0121
----------------------------
differential_evolution step 32: f(x)= -5.7778204366657855
Best Solution: [79.950621, 0.050323, 0.013699, 0.001008, 0.001432]
Convergence: 0.0123
----------------------------
differential_evolution step 33: f(x)= -5.7778204366657855
Best Solution: [79.950621, 0.050323, 0.013699, 0.001008, 0.001432]
Convergence: 0.013
----------------------------
differential_evolution step 34: f(x)= -5.7778204366657855
Best Solution: [79.950621, 0.050323, 0.013699, 0.001008, 0.001432]
Convergence: 0.0134
----------------------------
differential_evolution step 35: f(x)= -5.7778204366657855
Best Solution: [79.950621, 0.050323, 0.013699, 0.001008, 0.001432]
Convergence: 0.0141
----------------------------
differential_evolution step 36: f(x)= -5.7778204366657855
Best Solution: [79.950621, 0.050323, 0.013699, 0.001008, 0.001432]
Convergence: 0.0143
----------------------------
differential_evolution step 37: f(x)= -5.7778204366657855
Best Solution: [79.950621, 0.050323, 0.013699, 0.001008, 0.001432]
Convergence: 0.0144
----------------------------
differential_evolution step 38: f(x)= -5.7778204366657855
Best Solution: [79.950621, 0.050323, 0.013699, 0.001008, 0.001432]
Convergence: 0.0146
----------------------------
differential_evolution step 39: f(x)= -5.7778204366657855
Best Solution: [79.950621, 0.050323, 0.013699, 0.001008, 0.001432]
Convergence: 0.0146
----------------------------
differential_evolution step 40: f(x)= -5.7778204366657855
Best Solution: [79.950621, 0.050323, 0.013699, 0.001008, 0.001432]
Convergence: 0.0152
----------------------------
differential_evolution step 41: f(x)= -5.7778204366657855
Best Solution: [79.950621, 0.050323, 0.013699, 0.001008, 0.001432]
Convergence: 0.0155
----------------------------
differential_evolution step 42: f(x)= -5.7778204366657855
Best Solution: [79.950621, 0.050323, 0.013699, 0.001008, 0.001432]
Convergence: 0.0163
----------------------------
differential_evolution step 43: f(x)= -5.7778204366657855
Best Solution: [79.950621, 0.050323, 0.013699, 0.001008, 0.001432]
Convergence: 0.0165
----------------------------
differential_evolution step 44: f(x)= -5.7778204366657855
Best Solution: [79.950621, 0.050323, 0.013699, 0.001008, 0.001432]
Convergence: 0.0176
----------------------------
differential_evolution step 45: f(x)= -5.7778204366657855
Best Solution: [79.950621, 0.050323, 0.013699, 0.001008, 0.001432]
Convergence: 0.0192
----------------------------
differential_evolution step 46: f(x)= -5.7778204366657855
Best Solution: [79.950621, 0.050323, 0.013699, 0.001008, 0.001432]
Convergence: 0.0203
----------------------------
differential_evolution step 47: f(x)= -5.7778204366657855
Best Solution: [79.950621, 0.050323, 0.013699, 0.001008, 0.001432]
Convergence: 0.0207
----------------------------
differential_evolution step 48: f(x)= -5.7778204366657855
Best Solution: [79.950621, 0.050323, 0.013699, 0.001008, 0.001432]
Convergence: 0.0213
----------------------------
differential_evolution step 49: f(x)= -5.7778204366657855
Best Solution: [79.950621, 0.050323, 0.013699, 0.001008, 0.001432]
Convergence: 0.0228
----------------------------
differential_evolution step 50: f(x)= -5.7778204366657855
Best Solution: [79.950621, 0.050323, 0.013699, 0.001008, 0.001432]
Convergence: 0.0241
----------------------------
differential_evolution step 51: f(x)= -5.7778204366657855
Best Solution: [79.950621, 0.050323, 0.013699, 0.001008, 0.001432]
Convergence: 0.0263
----------------------------
differential_evolution step 52: f(x)= -5.7778204366657855
Best Solution: [79.950621, 0.050323, 0.013699, 0.001008, 0.001432]
Convergence: 0.0297
----------------------------
differential_evolution step 53: f(x)= -5.7778204366657855
Best Solution: [79.950621, 0.050323, 0.013699, 0.001008, 0.001432]
Convergence: 0.0328
----------------------------
differential_evolution step 54: f(x)= -5.7778204366657855
Best Solution: [79.950621, 0.050323, 0.013699, 0.001008, 0.001432]
Convergence: 0.0328
----------------------------
differential_evolution step 55: f(x)= -5.7778204366657855
Best Solution: [79.950621, 0.050323, 0.013699, 0.001008, 0.001432]
Convergence: 0.0347
----------------------------
differential_evolution step 56: f(x)= -5.7778204366657855
Best Solution: [79.950621, 0.050323, 0.013699, 0.001008, 0.001432]
Convergence: 0.0371
----------------------------
differential_evolution step 57: f(x)= -5.7778204366657855
Best Solution: [79.950621, 0.050323, 0.013699, 0.001008, 0.001432]
Convergence: 0.0401
----------------------------
differential_evolution step 58: f(x)= -5.7778204366657855
Best Solution: [79.950621, 0.050323, 0.013699, 0.001008, 0.001432]
Convergence: 0.0409
----------------------------
differential_evolution step 59: f(x)= -5.7778204366657855
Best Solution: [79.950621, 0.050323, 0.013699, 0.001008, 0.001432]
Convergence: 0.0421
----------------------------
differential_evolution step 60: f(x)= -5.7778204366657855
Best Solution: [79.950621, 0.050323, 0.013699, 0.001008, 0.001432]
Convergence: 0.0443
----------------------------
differential_evolution step 61: f(x)= -5.7778204366657855
Best Solution: [79.950621, 0.050323, 0.013699, 0.001008, 0.001432]
Convergence: 0.0464
----------------------------
differential_evolution step 62: f(x)= -5.7778204366657855
Best Solution: [79.950621, 0.050323, 0.013699, 0.001008, 0.001432]
Convergence: 0.0488
----------------------------
differential_evolution step 63: f(x)= -5.7778204366657855
Best Solution: [79.950621, 0.050323, 0.013699, 0.001008, 0.001432]
Convergence: 0.053
----------------------------
differential_evolution step 64: f(x)= -5.7778204366657855
Best Solution: [79.950621, 0.050323, 0.013699, 0.001008, 0.001432]
Convergence: 0.0575
----------------------------
differential_evolution step 65: f(x)= -5.7778204366657855
Best Solution: [79.950621, 0.050323, 0.013699, 0.001008, 0.001432]
Convergence: 0.06
----------------------------
differential_evolution step 66: f(x)= -5.7778204366657855
Best Solution: [79.950621, 0.050323, 0.013699, 0.001008, 0.001432]
Convergence: 0.0598
----------------------------
differential_evolution step 67: f(x)= -5.7778204366657855
Best Solution: [79.950621, 0.050323, 0.013699, 0.001008, 0.001432]
Convergence: 0.069
----------------------------
differential_evolution step 68: f(x)= -5.7778204366657855
Best Solution: [79.950621, 0.050323, 0.013699, 0.001008, 0.001432]
Convergence: 0.0809
----------------------------
differential_evolution step 69: f(x)= -5.7778204366657855
Best Solution: [79.950621, 0.050323, 0.013699, 0.001008, 0.001432]
Convergence: 0.0897
----------------------------
differential_evolution step 70: f(x)= -5.7778204366657855
Best Solution: [79.950621, 0.050323, 0.013699, 0.001008, 0.001432]
Convergence: 0.0882
----------------------------
differential_evolution step 71: f(x)= -5.7778204366657855
Best Solution: [79.950621, 0.050323, 0.013699, 0.001008, 0.001432]
Convergence: 0.0911
----------------------------
differential_evolution step 72: f(x)= -5.7778204366657855
Best Solution: [79.950621, 0.050323, 0.013699, 0.001008, 0.001432]
Convergence: 0.0905
----------------------------
differential_evolution step 73: f(x)= -5.7778204366657855
Best Solution: [79.950621, 0.050323, 0.013699, 0.001008, 0.001432]
Convergence: 0.1004
----------------------------
differential_evolution step 74: f(x)= -5.7778204366657855
Best Solution: [79.950621, 0.050323, 0.013699, 0.001008, 0.001432]
Convergence: 0.107
----------------------------
differential_evolution step 75: f(x)= -5.7778204366657855
Best Solution: [79.950621, 0.050323, 0.013699, 0.001008, 0.001432]
Convergence: 0.113
----------------------------
differential_evolution step 76: f(x)= -5.7778204366657855
Best Solution: [79.950621, 0.050323, 0.013699, 0.001008, 0.001432]
Convergence: 0.1273
----------------------------
differential_evolution step 77: f(x)= -5.7778204366657855
Best Solution: [79.950621, 0.050323, 0.013699, 0.001008, 0.001432]
Convergence: 0.1201
----------------------------
differential_evolution step 78: f(x)= -5.7778204366657855
Best Solution: [79.950621, 0.050323, 0.013699, 0.001008, 0.001432]
Convergence: 0.1339
----------------------------
differential_evolution step 79: f(x)= -5.7778204366657855
Best Solution: [79.950621, 0.050323, 0.013699, 0.001008, 0.001432]
Convergence: 0.1319
----------------------------
differential_evolution step 80: f(x)= -5.7778204366657855
Best Solution: [79.950621, 0.050323, 0.013699, 0.001008, 0.001432]
Convergence: 0.1298
----------------------------
differential_evolution step 81: f(x)= -5.7778204366657855
Best Solution: [79.950621, 0.050323, 0.013699, 0.001008, 0.001432]
Convergence: 0.1307
----------------------------
differential_evolution step 82: f(x)= -5.7778204366657855
Best Solution: [79.950621, 0.050323, 0.013699, 0.001008, 0.001432]
Convergence: 0.135
----------------------------
differential_evolution step 83: f(x)= -5.7778204366657855
Best Solution: [79.950621, 0.050323, 0.013699, 0.001008, 0.001432]
Convergence: 0.1462
----------------------------
differential_evolution step 84: f(x)= -5.7778204366657855
Best Solution: [79.950621, 0.050323, 0.013699, 0.001008, 0.001432]
Convergence: 0.1549
----------------------------
differential_evolution step 85: f(x)= -5.7778204366657855
Best Solution: [79.950621, 0.050323, 0.013699, 0.001008, 0.001432]
Convergence: 0.1562
----------------------------
differential_evolution step 86: f(x)= -5.7778204366657855
Best Solution: [79.950621, 0.050323, 0.013699, 0.001008, 0.001432]
Convergence: 0.2055
----------------------------
differential_evolution step 87: f(x)= -5.7778204366657855
Best Solution: [79.950621, 0.050323, 0.013699, 0.001008, 0.001432]
Convergence: 0.2483
----------------------------
differential_evolution step 88: f(x)= -5.7778204366657855
Best Solution: [79.950621, 0.050323, 0.013699, 0.001008, 0.001432]
Convergence: 0.2382
----------------------------
differential_evolution step 89: f(x)= -5.7778204366657855
Best Solution: [79.950621, 0.050323, 0.013699, 0.001008, 0.001432]
Convergence: 0.2562
----------------------------
differential_evolution step 90: f(x)= -5.7778204366657855
Best Solution: [79.950621, 0.050323, 0.013699, 0.001008, 0.001432]
Convergence: 0.2849
----------------------------
differential_evolution step 91: f(x)= -5.7778204366657855
Best Solution: [79.950621, 0.050323, 0.013699, 0.001008, 0.001432]
Convergence: 0.3279
----------------------------
differential_evolution step 92: f(x)= -5.7778204366657855
Best Solution: [79.950621, 0.050323, 0.013699, 0.001008, 0.001432]
Convergence: 0.3439
----------------------------
differential_evolution step 93: f(x)= -5.7778204366657855
Best Solution: [79.950621, 0.050323, 0.013699, 0.001008, 0.001432]
Convergence: 0.353
----------------------------
differential_evolution step 94: f(x)= -5.7778204366657855
Best Solution: [79.950621, 0.050323, 0.013699, 0.001008, 0.001432]
Convergence: 0.3673
----------------------------
differential_evolution step 95: f(x)= -5.8001815662392
Best Solution: [79.95059678, 0.0503236, 0.0136988, 0.00100914, 0.00143137] 78%|███████▊  | 14/18 [13:29:26<3:33:24, 3201.09s/it]
Convergence: 0.4508
----------------------------
differential_evolution step 96: f(x)= -5.8001815662392
Best Solution: [79.95059678, 0.0503236, 0.0136988, 0.00100914, 0.00143137]
Convergence: 0.5671
----------------------------
differential_evolution step 97: f(x)= -5.8001815662392
Best Solution: [79.95059678, 0.0503236, 0.0136988, 0.00100914, 0.00143137]
Convergence: 0.626
----------------------------
differential_evolution step 98: f(x)= -5.8001815662392
Best Solution: [79.95059678, 0.0503236, 0.0136988, 0.00100914, 0.00143137]
Convergence: 0.7009
----------------------------
differential_evolution step 99: f(x)= -5.8001815662392
Best Solution: [79.95059678, 0.0503236, 0.0136988, 0.00100914, 0.00143137]
Convergence: 0.7202
----------------------------
differential_evolution step 100: f(x)= -5.8001815662392
Best Solution: [79.95059678, 0.0503236, 0.0136988, 0.00100914, 0.00143137]
Convergence: 0.7498
----------------------------
differential_evolution step 101: f(x)= -5.8001815662392
Best Solution: [79.95059678, 0.0503236, 0.0136988, 0.00100914, 0.00143137]
Convergence: 0.8092
----------------------------
differential_evolution step 102: f(x)= -5.8022507014926745
Best Solution: [79.95059266, 0.05031392, 0.01369805, 0.00100707, 0.00142939]
Convergence: 1.025
----------------------------

Optimal result for tg=79.950621:
             message: Optimization terminated successfully.
             success: True
                 fun: -5.8022507014926745
                   x: [ 7.995e+01  5.031e-02  1.370e-02  1.007e-03
                        1.429e-03]
                 nit: 102
                nfev: 6592
          population: [[ 7.995e+01  5.031e-02 ...  1.007e-03  1.429e-03]
                       [ 7.995e+01  5.032e-02 ...  1.012e-03  1.438e-03]
                       ...
                       [ 7.995e+01  5.031e-02 ...  1.012e-03  1.433e-03]
                       [ 7.995e+01  5.034e-02 ...  1.015e-03  1.440e-03]]
 population_energies: [-5.802e+00 -5.740e+00 ... -5.792e+00 -5.702e+00]
Gate errors (log10) (truc1=157):
-4.99644666, -5.23898521, -5.45670948, -5.8022507
Drive parameters:
[79.950593, 0.050314, 0.013698, 0.001007, 0.001429]
Full system error (truc_full=300):
-4.99644666, -5.23898521, -5.45670948, -5.8022507

f_optimize = np.array([
-0.31973913046342156, -0.7375473983245805, -1.7662930626008015, -2.616729412839989 ,
-3.1904541405726463, -3.5992150481270415, -3.9457633464840614, -4.303179808392508 ,
-4.5634206745106995, -4.812906233781103, -4.99644666260284, -5.23898521252418 ,
-5.456709479870538, -5.8022507014926745 ,
])

f_optimize = np.array([
-0.31973913046342156, -0.7375473983245805, -1.7662930626008015, -2.616729412839989 ,
-3.1904541405726463, -3.5992150481270415, -3.9457633464840614, -4.303179808392508 ,
-4.5634206745106995, -4.812906233781103, -4.99644666260284, -5.23898521252418 ,
-5.456709479870538, -5.8022507014926745 ,
])

Current China Time: 2026-08-03 02:12:28.987435+08:00
differential_evolution step 1: f(x)= -6.075497013032787
Best Solution: [89.941952, 0.044576, 0.012149, 0.000826, 0.001154]
Convergence: 0.0036
----------------------------
differential_evolution step 2: f(x)= -6.075497013032787
Best Solution: [89.941952, 0.044576, 0.012149, 0.000826, 0.001154]
Convergence: 0.0038
----------------------------
differential_evolution step 3: f(x)= -6.075497013032787
Best Solution: [89.941952, 0.044576, 0.012149, 0.000826, 0.001154]
Convergence: 0.004
----------------------------
differential_evolution step 4: f(x)= -6.075497013032787
Best Solution: [89.941952, 0.044576, 0.012149, 0.000826, 0.001154]
Convergence: 0.0041
----------------------------
differential_evolution step 5: f(x)= -6.075497013032787
Best Solution: [89.941952, 0.044576, 0.012149, 0.000826, 0.001154]
Convergence: 0.0042
----------------------------
differential_evolution step 6: f(x)= -6.075497013032787
Best Solution: [89.941952, 0.044576, 0.012149, 0.000826, 0.001154]
Convergence: 0.0047
----------------------------
differential_evolution step 7: f(x)= -6.075497013032787
Best Solution: [89.941952, 0.044576, 0.012149, 0.000826, 0.001154]
Convergence: 0.0047
----------------------------
differential_evolution step 8: f(x)= -6.075497013032787
Best Solution: [89.941952, 0.044576, 0.012149, 0.000826, 0.001154]
Convergence: 0.005
----------------------------
differential_evolution step 9: f(x)= -6.075497013032787
Best Solution: [89.941952, 0.044576, 0.012149, 0.000826, 0.001154]
Convergence: 0.005
----------------------------
differential_evolution step 10: f(x)= -6.075497013032787
Best Solution: [89.941952, 0.044576, 0.012149, 0.000826, 0.001154]
Convergence: 0.0052
----------------------------
differential_evolution step 11: f(x)= -6.075497013032787
Best Solution: [89.941952, 0.044576, 0.012149, 0.000826, 0.001154]
Convergence: 0.0055
----------------------------
differential_evolution step 12: f(x)= -6.075497013032787
Best Solution: [89.941952, 0.044576, 0.012149, 0.000826, 0.001154]
Convergence: 0.0057
----------------------------
differential_evolution step 13: f(x)= -6.075497013032787
Best Solution: [89.941952, 0.044576, 0.012149, 0.000826, 0.001154]
Convergence: 0.006
----------------------------
differential_evolution step 14: f(x)= -6.075497013032787
Best Solution: [89.941952, 0.044576, 0.012149, 0.000826, 0.001154]
Convergence: 0.0062
----------------------------
differential_evolution step 15: f(x)= -6.075497013032787
Best Solution: [89.941952, 0.044576, 0.012149, 0.000826, 0.001154]
Convergence: 0.0066
----------------------------
differential_evolution step 16: f(x)= -6.075497013032787
Best Solution: [89.941952, 0.044576, 0.012149, 0.000826, 0.001154]
Convergence: 0.0069
----------------------------
differential_evolution step 17: f(x)= -6.075497013032787
Best Solution: [89.941952, 0.044576, 0.012149, 0.000826, 0.001154]
Convergence: 0.007
----------------------------
differential_evolution step 18: f(x)= -6.075497013032787
Best Solution: [89.941952, 0.044576, 0.012149, 0.000826, 0.001154]
Convergence: 0.0075
----------------------------
differential_evolution step 19: f(x)= -6.075497013032787
Best Solution: [89.941952, 0.044576, 0.012149, 0.000826, 0.001154]
Convergence: 0.0077
----------------------------
differential_evolution step 20: f(x)= -6.075497013032787
Best Solution: [89.941952, 0.044576, 0.012149, 0.000826, 0.001154]
Convergence: 0.008
----------------------------
differential_evolution step 21: f(x)= -6.075497013032787
Best Solution: [89.941952, 0.044576, 0.012149, 0.000826, 0.001154]
Convergence: 0.0083
----------------------------
differential_evolution step 22: f(x)= -6.075497013032787
Best Solution: [89.941952, 0.044576, 0.012149, 0.000826, 0.001154]
Convergence: 0.0089
----------------------------
differential_evolution step 23: f(x)= -6.075497013032787
Best Solution: [89.941952, 0.044576, 0.012149, 0.000826, 0.001154]
Convergence: 0.009
----------------------------
differential_evolution step 24: f(x)= -6.075497013032787
Best Solution: [89.941952, 0.044576, 0.012149, 0.000826, 0.001154]
Convergence: 0.0092
----------------------------
differential_evolution step 25: f(x)= -6.075497013032787
Best Solution: [89.941952, 0.044576, 0.012149, 0.000826, 0.001154]
Convergence: 0.0093
----------------------------
differential_evolution step 26: f(x)= -6.075497013032787
Best Solution: [89.941952, 0.044576, 0.012149, 0.000826, 0.001154]
Convergence: 0.0097
----------------------------
differential_evolution step 27: f(x)= -6.075497013032787
Best Solution: [89.941952, 0.044576, 0.012149, 0.000826, 0.001154]
Convergence: 0.01
----------------------------
differential_evolution step 28: f(x)= -6.075497013032787
Best Solution: [89.941952, 0.044576, 0.012149, 0.000826, 0.001154]
Convergence: 0.0104
----------------------------
differential_evolution step 29: f(x)= -6.075497013032787
Best Solution: [89.941952, 0.044576, 0.012149, 0.000826, 0.001154]
Convergence: 0.0107
----------------------------
differential_evolution step 30: f(x)= -6.075497013032787
Best Solution: [89.941952, 0.044576, 0.012149, 0.000826, 0.001154]
Convergence: 0.011
----------------------------
differential_evolution step 31: f(x)= -6.075497013032787
Best Solution: [89.941952, 0.044576, 0.012149, 0.000826, 0.001154]
Convergence: 0.0113
----------------------------
differential_evolution step 32: f(x)= -6.075497013032787
Best Solution: [89.941952, 0.044576, 0.012149, 0.000826, 0.001154]
Convergence: 0.0115
----------------------------
differential_evolution step 33: f(x)= -6.075497013032787
Best Solution: [89.941952, 0.044576, 0.012149, 0.000826, 0.001154]
Convergence: 0.0118
----------------------------
differential_evolution step 34: f(x)= -6.075497013032787
Best Solution: [89.941952, 0.044576, 0.012149, 0.000826, 0.001154]
Convergence: 0.0119
----------------------------
differential_evolution step 35: f(x)= -6.075497013032787
Best Solution: [89.941952, 0.044576, 0.012149, 0.000826, 0.001154]
Convergence: 0.012
----------------------------
differential_evolution step 36: f(x)= -6.075497013032787
Best Solution: [89.941952, 0.044576, 0.012149, 0.000826, 0.001154]
Convergence: 0.0123
----------------------------
differential_evolution step 37: f(x)= -6.075497013032787
Best Solution: [89.941952, 0.044576, 0.012149, 0.000826, 0.001154]
Convergence: 0.0128
----------------------------
differential_evolution step 38: f(x)= -6.075497013032787
Best Solution: [89.941952, 0.044576, 0.012149, 0.000826, 0.001154]
Convergence: 0.0133
----------------------------
differential_evolution step 39: f(x)= -6.075497013032787
Best Solution: [89.941952, 0.044576, 0.012149, 0.000826, 0.001154]
Convergence: 0.0138
----------------------------
differential_evolution step 40: f(x)= -6.075497013032787
Best Solution: [89.941952, 0.044576, 0.012149, 0.000826, 0.001154]
Convergence: 0.0143
----------------------------
differential_evolution step 41: f(x)= -6.075497013032787
Best Solution: [89.941952, 0.044576, 0.012149, 0.000826, 0.001154]
Convergence: 0.0145
----------------------------
differential_evolution step 42: f(x)= -6.075497013032787
Best Solution: [89.941952, 0.044576, 0.012149, 0.000826, 0.001154]
Convergence: 0.0148
----------------------------
differential_evolution step 43: f(x)= -6.075497013032787
Best Solution: [89.941952, 0.044576, 0.012149, 0.000826, 0.001154]
Convergence: 0.015
----------------------------
differential_evolution step 44: f(x)= -6.075497013032787
Best Solution: [89.941952, 0.044576, 0.012149, 0.000826, 0.001154]
Convergence: 0.0152
----------------------------
differential_evolution step 45: f(x)= -6.075497013032787
Best Solution: [89.941952, 0.044576, 0.012149, 0.000826, 0.001154]
Convergence: 0.0159
----------------------------
differential_evolution step 46: f(x)= -6.075497013032787
Best Solution: [89.941952, 0.044576, 0.012149, 0.000826, 0.001154]
Convergence: 0.0161
----------------------------
differential_evolution step 47: f(x)= -6.075497013032787
Best Solution: [89.941952, 0.044576, 0.012149, 0.000826, 0.001154]
Convergence: 0.0162
----------------------------
differential_evolution step 48: f(x)= -6.075497013032787
Best Solution: [89.941952, 0.044576, 0.012149, 0.000826, 0.001154]
Convergence: 0.0167
----------------------------
differential_evolution step 49: f(x)= -6.075497013032787
Best Solution: [89.941952, 0.044576, 0.012149, 0.000826, 0.001154]
Convergence: 0.0173
----------------------------
differential_evolution step 50: f(x)= -6.075497013032787
Best Solution: [89.941952, 0.044576, 0.012149, 0.000826, 0.001154]
Convergence: 0.0178
----------------------------
differential_evolution step 51: f(x)= -6.075497013032787
Best Solution: [89.941952, 0.044576, 0.012149, 0.000826, 0.001154]
Convergence: 0.0182
----------------------------
differential_evolution step 52: f(x)= -6.075497013032787
Best Solution: [89.941952, 0.044576, 0.012149, 0.000826, 0.001154]
Convergence: 0.0191
----------------------------
differential_evolution step 53: f(x)= -6.075497013032787
Best Solution: [89.941952, 0.044576, 0.012149, 0.000826, 0.001154]
Convergence: 0.0198
----------------------------
differential_evolution step 54: f(x)= -6.075497013032787
Best Solution: [89.941952, 0.044576, 0.012149, 0.000826, 0.001154]
Convergence: 0.02
----------------------------
differential_evolution step 55: f(x)= -6.075497013032787
Best Solution: [89.941952, 0.044576, 0.012149, 0.000826, 0.001154]
Convergence: 0.0208
----------------------------
differential_evolution step 56: f(x)= -6.075497013032787
Best Solution: [89.941952, 0.044576, 0.012149, 0.000826, 0.001154]
Convergence: 0.0208
----------------------------
differential_evolution step 57: f(x)= -6.075497013032787
Best Solution: [89.941952, 0.044576, 0.012149, 0.000826, 0.001154]
Convergence: 0.0209
----------------------------
differential_evolution step 58: f(x)= -6.075497013032787
Best Solution: [89.941952, 0.044576, 0.012149, 0.000826, 0.001154]
Convergence: 0.0214
----------------------------
differential_evolution step 59: f(x)= -6.075497013032787
Best Solution: [89.941952, 0.044576, 0.012149, 0.000826, 0.001154]
Convergence: 0.0218
----------------------------
differential_evolution step 60: f(x)= -6.075497013032787
Best Solution: [89.941952, 0.044576, 0.012149, 0.000826, 0.001154]
Convergence: 0.0225
----------------------------
differential_evolution step 61: f(x)= -6.075497013032787
Best Solution: [89.941952, 0.044576, 0.012149, 0.000826, 0.001154]
Convergence: 0.0226
----------------------------
differential_evolution step 62: f(x)= -6.075497013032787
Best Solution: [89.941952, 0.044576, 0.012149, 0.000826, 0.001154]
Convergence: 0.0241
----------------------------
differential_evolution step 63: f(x)= -6.075497013032787
Best Solution: [89.941952, 0.044576, 0.012149, 0.000826, 0.001154]
Convergence: 0.025
----------------------------
differential_evolution step 64: f(x)= -6.075497013032787
Best Solution: [89.941952, 0.044576, 0.012149, 0.000826, 0.001154]
Convergence: 0.0251
----------------------------
differential_evolution step 65: f(x)= -6.075497013032787
Best Solution: [89.941952, 0.044576, 0.012149, 0.000826, 0.001154]
Convergence: 0.0257
----------------------------
differential_evolution step 66: f(x)= -6.075497013032787
Best Solution: [89.941952, 0.044576, 0.012149, 0.000826, 0.001154]
Convergence: 0.0264
----------------------------
differential_evolution step 67: f(x)= -6.075497013032787
Best Solution: [89.941952, 0.044576, 0.012149, 0.000826, 0.001154]
Convergence: 0.0267
----------------------------
differential_evolution step 68: f(x)= -6.075497013032787
Best Solution: [89.941952, 0.044576, 0.012149, 0.000826, 0.001154]
Convergence: 0.0283
----------------------------
differential_evolution step 69: f(x)= -6.075497013032787
Best Solution: [89.941952, 0.044576, 0.012149, 0.000826, 0.001154]
Convergence: 0.0307
----------------------------
differential_evolution step 70: f(x)= -6.075497013032787
Best Solution: [89.941952, 0.044576, 0.012149, 0.000826, 0.001154]
Convergence: 0.0323
----------------------------
differential_evolution step 71: f(x)= -6.075497013032787
Best Solution: [89.941952, 0.044576, 0.012149, 0.000826, 0.001154]
Convergence: 0.0347
----------------------------
differential_evolution step 72: f(x)= -6.075497013032787
Best Solution: [89.941952, 0.044576, 0.012149, 0.000826, 0.001154]
Convergence: 0.0374
----------------------------
differential_evolution step 73: f(x)= -6.075497013032787
Best Solution: [89.941952, 0.044576, 0.012149, 0.000826, 0.001154]
Convergence: 0.0387
----------------------------
differential_evolution step 74: f(x)= -6.075497013032787
Best Solution: [89.941952, 0.044576, 0.012149, 0.000826, 0.001154]
Convergence: 0.0408
----------------------------
differential_evolution step 75: f(x)= -6.075497013032787
Best Solution: [89.941952, 0.044576, 0.012149, 0.000826, 0.001154]
Convergence: 0.0433
----------------------------
differential_evolution step 76: f(x)= -6.075497013032787
Best Solution: [89.941952, 0.044576, 0.012149, 0.000826, 0.001154]
Convergence: 0.0517
----------------------------
differential_evolution step 77: f(x)= -6.075497013032787
Best Solution: [89.941952, 0.044576, 0.012149, 0.000826, 0.001154]
Convergence: 0.0538
----------------------------
differential_evolution step 78: f(x)= -6.075497013032787
Best Solution: [89.941952, 0.044576, 0.012149, 0.000826, 0.001154]
Convergence: 0.0568
----------------------------
differential_evolution step 79: f(x)= -6.075497013032787
Best Solution: [89.941952, 0.044576, 0.012149, 0.000826, 0.001154]
Convergence: 0.0602
----------------------------
differential_evolution step 80: f(x)= -6.075497013032787
Best Solution: [89.941952, 0.044576, 0.012149, 0.000826, 0.001154]
Convergence: 0.0621
----------------------------
differential_evolution step 81: f(x)= -6.075497013032787
Best Solution: [89.941952, 0.044576, 0.012149, 0.000826, 0.001154]
Convergence: 0.0662
----------------------------
differential_evolution step 82: f(x)= -6.075497013032787
Best Solution: [89.941952, 0.044576, 0.012149, 0.000826, 0.001154]
Convergence: 0.0695
----------------------------
differential_evolution step 83: f(x)= -6.075497013032787
Best Solution: [89.941952, 0.044576, 0.012149, 0.000826, 0.001154]
Convergence: 0.0724
----------------------------
differential_evolution step 84: f(x)= -6.075497013032787
Best Solution: [89.941952, 0.044576, 0.012149, 0.000826, 0.001154]
Convergence: 0.0773
----------------------------
differential_evolution step 85: f(x)= -6.075497013032787
Best Solution: [89.941952, 0.044576, 0.012149, 0.000826, 0.001154]
Convergence: 0.0816
----------------------------
differential_evolution step 86: f(x)= -6.075497013032787
Best Solution: [89.941952, 0.044576, 0.012149, 0.000826, 0.001154]
Convergence: 0.0863
----------------------------
differential_evolution step 87: f(x)= -6.075497013032787
Best Solution: [89.941952, 0.044576, 0.012149, 0.000826, 0.001154]
Convergence: 0.0906
----------------------------
differential_evolution step 88: f(x)= -6.075497013032787
Best Solution: [89.941952, 0.044576, 0.012149, 0.000826, 0.001154]
Convergence: 0.0941
----------------------------
differential_evolution step 89: f(x)= -6.075497013032787
Best Solution: [89.941952, 0.044576, 0.012149, 0.000826, 0.001154]
Convergence: 0.0994
----------------------------
differential_evolution step 90: f(x)= -6.075497013032787
Best Solution: [89.941952, 0.044576, 0.012149, 0.000826, 0.001154]
Convergence: 0.1044
----------------------------
differential_evolution step 91: f(x)= -6.075497013032787
Best Solution: [89.941952, 0.044576, 0.012149, 0.000826, 0.001154]
Convergence: 0.1148
----------------------------
differential_evolution step 92: f(x)= -6.075497013032787
Best Solution: [89.941952, 0.044576, 0.012149, 0.000826, 0.001154]
Convergence: 0.1176
----------------------------
differential_evolution step 93: f(x)= -6.075497013032787
Best Solution: [89.941952, 0.044576, 0.012149, 0.000826, 0.001154]
Convergence: 0.1242
----------------------------
differential_evolution step 94: f(x)= -6.075497013032787
Best Solution: [89.941952, 0.044576, 0.012149, 0.000826, 0.001154]
Convergence: 0.1292
----------------------------
differential_evolution step 95: f(x)= -6.075497013032787
Best Solution: [89.941952, 0.044576, 0.012149, 0.000826, 0.001154]
Convergence: 0.1264
----------------------------
differential_evolution step 96: f(x)= -6.075497013032787 83%|████████▎ | 15/18 [14:41:47<2:57:13, 3544.53s/it]
Best Solution: [89.941952, 0.044576, 0.012149, 0.000826, 0.001154]
Convergence: 0.1355
----------------------------
differential_evolution step 97: f(x)= -6.075497013032787
Best Solution: [89.941952, 0.044576, 0.012149, 0.000826, 0.001154]
Convergence: 0.1379
----------------------------
differential_evolution step 98: f(x)= -6.075497013032787
Best Solution: [89.941952, 0.044576, 0.012149, 0.000826, 0.001154]
Convergence: 0.154
----------------------------
differential_evolution step 99: f(x)= -6.075497013032787
Best Solution: [89.941952, 0.044576, 0.012149, 0.000826, 0.001154]
Convergence: 0.148
----------------------------
differential_evolution step 100: f(x)= -6.075497013032787
Best Solution: [89.941952, 0.044576, 0.012149, 0.000826, 0.001154]
Convergence: 0.1586
----------------------------
differential_evolution step 101: f(x)= -6.075497013032787
Best Solution: [89.941952, 0.044576, 0.012149, 0.000826, 0.001154]
Convergence: 0.1715
----------------------------
differential_evolution step 102: f(x)= -6.075497013032787
Best Solution: [89.941952, 0.044576, 0.012149, 0.000826, 0.001154]
Convergence: 0.1773
----------------------------
differential_evolution step 103: f(x)= -6.075497013032787
Best Solution: [89.941952, 0.044576, 0.012149, 0.000826, 0.001154]
Convergence: 0.187
----------------------------
differential_evolution step 104: f(x)= -6.075497013032787
Best Solution: [89.941952, 0.044576, 0.012149, 0.000826, 0.001154]
Convergence: 0.1993
----------------------------
differential_evolution step 105: f(x)= -6.075497013032787
Best Solution: [89.941952, 0.044576, 0.012149, 0.000826, 0.001154]
Convergence: 0.213
----------------------------
differential_evolution step 106: f(x)= -6.075497013032787
Best Solution: [89.941952, 0.044576, 0.012149, 0.000826, 0.001154]
Convergence: 0.2124
----------------------------
differential_evolution step 107: f(x)= -6.075497013032787
Best Solution: [89.941952, 0.044576, 0.012149, 0.000826, 0.001154]
Convergence: 0.2112
----------------------------
differential_evolution step 108: f(x)= -6.115608125880987
Best Solution: [89.94200351, 0.04458304, 0.01215037, 0.00082468, 0.00115568]
Convergence: 0.2024
----------------------------
differential_evolution step 109: f(x)= -6.115608125880987
Best Solution: [89.94200351, 0.04458304, 0.01215037, 0.00082468, 0.00115568]
Convergence: 0.2097
----------------------------
differential_evolution step 110: f(x)= -6.115608125880987
Best Solution: [89.94200351, 0.04458304, 0.01215037, 0.00082468, 0.00115568]
Convergence: 0.2324
----------------------------
differential_evolution step 111: f(x)= -6.115608125880987
Best Solution: [89.94200351, 0.04458304, 0.01215037, 0.00082468, 0.00115568]
Convergence: 0.2737
----------------------------
differential_evolution step 112: f(x)= -6.115608125880987
Best Solution: [89.94200351, 0.04458304, 0.01215037, 0.00082468, 0.00115568]
Convergence: 0.2774
----------------------------
differential_evolution step 113: f(x)= -6.115608125880987
Best Solution: [89.94200351, 0.04458304, 0.01215037, 0.00082468, 0.00115568]
Convergence: 0.319
----------------------------
differential_evolution step 114: f(x)= -6.1194226887286876
Best Solution: [89.94199206, 0.04458364, 0.01214943, 0.00082469, 0.00115466]
Convergence: 0.3454
----------------------------
differential_evolution step 115: f(x)= -6.1194226887286876
Best Solution: [89.94199206, 0.04458364, 0.01214943, 0.00082469, 0.00115466]
Convergence: 0.3895
----------------------------
differential_evolution step 116: f(x)= -6.1194226887286876
Best Solution: [89.94199206, 0.04458364, 0.01214943, 0.00082469, 0.00115466]
Convergence: 0.4054
----------------------------
differential_evolution step 117: f(x)= -6.1194226887286876
Best Solution: [89.94199206, 0.04458364, 0.01214943, 0.00082469, 0.00115466]
Convergence: 0.6458
----------------------------
differential_evolution step 118: f(x)= -6.1194226887286876
Best Solution: [89.94199206, 0.04458364, 0.01214943, 0.00082469, 0.00115466]
Convergence: 0.841
----------------------------
differential_evolution step 119: f(x)= -6.1194226887286876
Best Solution: [89.94199206, 0.04458364, 0.01214943, 0.00082469, 0.00115466]
Convergence: 0.8659
----------------------------
differential_evolution step 120: f(x)= -6.122006297247294
Best Solution: [89.94198468, 0.04458001, 0.01215036, 0.00082339, 0.00115325]
Convergence: 0.8983
----------------------------
differential_evolution step 121: f(x)= -6.122006297247294
Best Solution: [89.94198468, 0.04458001, 0.01215036, 0.00082339, 0.00115325]
Convergence: 1.2718
----------------------------

Optimal result for tg=89.941952:
             message: Optimization terminated successfully.
             success: True
                 fun: -6.122006297247294
                   x: [ 8.994e+01  4.458e-02  1.215e-02  8.234e-04
                        1.153e-03]
                 nit: 121
                nfev: 7808
          population: [[ 8.994e+01  4.458e-02 ...  8.234e-04  1.153e-03]
                       [ 8.994e+01  4.459e-02 ...  8.227e-04  1.153e-03]
                       ...
                       [ 8.994e+01  4.458e-02 ...  8.260e-04  1.156e-03]
                       [ 8.994e+01  4.458e-02 ...  8.247e-04  1.156e-03]]
 population_energies: [-6.122e+00 -6.068e+00 ... -6.110e+00 -6.091e+00]
Gate errors (log10) (truc1=157):
-5.23898521, -5.45670948, -5.8022507, -6.1220063
Drive parameters:
[89.941985, 0.04458, 0.01215, 0.000823, 0.001153]
Full system error (truc_full=300):
-5.23898521, -5.45670948, -5.8022507, -6.1220063

f_optimize = np.array([
-0.31973913046342156, -0.7375473983245805, -1.7662930626008015, -2.616729412839989 ,
-3.1904541405726463, -3.5992150481270415, -3.9457633464840614, -4.303179808392508 ,
-4.5634206745106995, -4.812906233781103, -4.99644666260284, -5.23898521252418 ,
-5.456709479870538, -5.8022507014926745, -6.122006297247294 ,
])

f_optimize = np.array([
-0.31973913046342156, -0.7375473983245805, -1.7662930626008015, -2.616729412839989 ,
-3.1904541405726463, -3.5992150481270415, -3.9457633464840614, -4.303179808392508 ,
-4.5634206745106995, -4.812906233781103, -4.99644666260284, -5.23898521252418 ,
-5.456709479870538, -5.8022507014926745, -6.122006297247294 ,
])

Current China Time: 2026-08-03 03:24:49.425728+08:00
differential_evolution step 1: f(x)= -6.3623672861039315
Best Solution: [99.933664, 0.040022, 0.010918, 0.000683, 0.000949]
Convergence: 0.0033
----------------------------
differential_evolution step 2: f(x)= -6.3623672861039315
Best Solution: [99.933664, 0.040022, 0.010918, 0.000683, 0.000949]
Convergence: 0.0035
----------------------------
differential_evolution step 3: f(x)= -6.3623672861039315
Best Solution: [99.933664, 0.040022, 0.010918, 0.000683, 0.000949]
Convergence: 0.0038
----------------------------
differential_evolution step 4: f(x)= -6.3623672861039315
Best Solution: [99.933664, 0.040022, 0.010918, 0.000683, 0.000949]
Convergence: 0.0041
----------------------------
differential_evolution step 5: f(x)= -6.3623672861039315
Best Solution: [99.933664, 0.040022, 0.010918, 0.000683, 0.000949]
Convergence: 0.0041
----------------------------
differential_evolution step 6: f(x)= -6.3623672861039315
Best Solution: [99.933664, 0.040022, 0.010918, 0.000683, 0.000949]
Convergence: 0.0043
----------------------------
differential_evolution step 7: f(x)= -6.3623672861039315
Best Solution: [99.933664, 0.040022, 0.010918, 0.000683, 0.000949]
Convergence: 0.0044
----------------------------
differential_evolution step 8: f(x)= -6.3623672861039315
Best Solution: [99.933664, 0.040022, 0.010918, 0.000683, 0.000949]
Convergence: 0.0045
----------------------------
differential_evolution step 9: f(x)= -6.3623672861039315
Best Solution: [99.933664, 0.040022, 0.010918, 0.000683, 0.000949]
Convergence: 0.0048
----------------------------
differential_evolution step 10: f(x)= -6.3623672861039315
Best Solution: [99.933664, 0.040022, 0.010918, 0.000683, 0.000949]
Convergence: 0.005
----------------------------
differential_evolution step 11: f(x)= -6.3623672861039315
Best Solution: [99.933664, 0.040022, 0.010918, 0.000683, 0.000949]
Convergence: 0.0052
----------------------------
differential_evolution step 12: f(x)= -6.3623672861039315
Best Solution: [99.933664, 0.040022, 0.010918, 0.000683, 0.000949]
Convergence: 0.0053
----------------------------
differential_evolution step 13: f(x)= -6.3623672861039315
Best Solution: [99.933664, 0.040022, 0.010918, 0.000683, 0.000949]
Convergence: 0.0054
----------------------------
differential_evolution step 14: f(x)= -6.3623672861039315
Best Solution: [99.933664, 0.040022, 0.010918, 0.000683, 0.000949]
Convergence: 0.0058
----------------------------
differential_evolution step 15: f(x)= -6.3623672861039315
Best Solution: [99.933664, 0.040022, 0.010918, 0.000683, 0.000949]
Convergence: 0.006
----------------------------
differential_evolution step 16: f(x)= -6.3623672861039315
Best Solution: [99.933664, 0.040022, 0.010918, 0.000683, 0.000949]
Convergence: 0.0063
----------------------------
differential_evolution step 17: f(x)= -6.3623672861039315
Best Solution: [99.933664, 0.040022, 0.010918, 0.000683, 0.000949]
Convergence: 0.0065
----------------------------
differential_evolution step 18: f(x)= -6.3623672861039315
Best Solution: [99.933664, 0.040022, 0.010918, 0.000683, 0.000949]
Convergence: 0.0067
----------------------------
differential_evolution step 19: f(x)= -6.3623672861039315
Best Solution: [99.933664, 0.040022, 0.010918, 0.000683, 0.000949]
Convergence: 0.0069
----------------------------
differential_evolution step 20: f(x)= -6.3623672861039315
Best Solution: [99.933664, 0.040022, 0.010918, 0.000683, 0.000949]
Convergence: 0.0072
----------------------------
differential_evolution step 21: f(x)= -6.3623672861039315
Best Solution: [99.933664, 0.040022, 0.010918, 0.000683, 0.000949]
Convergence: 0.0077
----------------------------
differential_evolution step 22: f(x)= -6.3623672861039315
Best Solution: [99.933664, 0.040022, 0.010918, 0.000683, 0.000949]
Convergence: 0.0078
----------------------------
differential_evolution step 23: f(x)= -6.3623672861039315
Best Solution: [99.933664, 0.040022, 0.010918, 0.000683, 0.000949]
Convergence: 0.008
----------------------------
differential_evolution step 24: f(x)= -6.3623672861039315
Best Solution: [99.933664, 0.040022, 0.010918, 0.000683, 0.000949]
Convergence: 0.0082
----------------------------
differential_evolution step 25: f(x)= -6.3623672861039315
Best Solution: [99.933664, 0.040022, 0.010918, 0.000683, 0.000949]
Convergence: 0.0082
----------------------------
differential_evolution step 26: f(x)= -6.3623672861039315
Best Solution: [99.933664, 0.040022, 0.010918, 0.000683, 0.000949]
Convergence: 0.0085
----------------------------
differential_evolution step 27: f(x)= -6.3623672861039315
Best Solution: [99.933664, 0.040022, 0.010918, 0.000683, 0.000949]
Convergence: 0.0085
----------------------------
differential_evolution step 28: f(x)= -6.3623672861039315
Best Solution: [99.933664, 0.040022, 0.010918, 0.000683, 0.000949]
Convergence: 0.0087
----------------------------
differential_evolution step 29: f(x)= -6.3623672861039315
Best Solution: [99.933664, 0.040022, 0.010918, 0.000683, 0.000949]
Convergence: 0.0088
----------------------------
differential_evolution step 30: f(x)= -6.3623672861039315
Best Solution: [99.933664, 0.040022, 0.010918, 0.000683, 0.000949]
Convergence: 0.0092
----------------------------
differential_evolution step 31: f(x)= -6.3623672861039315
Best Solution: [99.933664, 0.040022, 0.010918, 0.000683, 0.000949]
Convergence: 0.0095
----------------------------
differential_evolution step 32: f(x)= -6.3623672861039315
Best Solution: [99.933664, 0.040022, 0.010918, 0.000683, 0.000949]
Convergence: 0.0098
----------------------------
differential_evolution step 33: f(x)= -6.3623672861039315
Best Solution: [99.933664, 0.040022, 0.010918, 0.000683, 0.000949]
Convergence: 0.01
----------------------------
differential_evolution step 34: f(x)= -6.3623672861039315
Best Solution: [99.933664, 0.040022, 0.010918, 0.000683, 0.000949]
Convergence: 0.0101
----------------------------
differential_evolution step 35: f(x)= -6.3623672861039315
Best Solution: [99.933664, 0.040022, 0.010918, 0.000683, 0.000949]
Convergence: 0.0103
----------------------------
differential_evolution step 36: f(x)= -6.3623672861039315
Best Solution: [99.933664, 0.040022, 0.010918, 0.000683, 0.000949]
Convergence: 0.0106
----------------------------
differential_evolution step 37: f(x)= -6.3623672861039315
Best Solution: [99.933664, 0.040022, 0.010918, 0.000683, 0.000949]
Convergence: 0.0107
----------------------------
differential_evolution step 38: f(x)= -6.3623672861039315
Best Solution: [99.933664, 0.040022, 0.010918, 0.000683, 0.000949]
Convergence: 0.0109
----------------------------
differential_evolution step 39: f(x)= -6.3623672861039315
Best Solution: [99.933664, 0.040022, 0.010918, 0.000683, 0.000949]
Convergence: 0.0112
----------------------------
differential_evolution step 40: f(x)= -6.3623672861039315
Best Solution: [99.933664, 0.040022, 0.010918, 0.000683, 0.000949]
Convergence: 0.0113
----------------------------
differential_evolution step 41: f(x)= -6.3623672861039315
Best Solution: [99.933664, 0.040022, 0.010918, 0.000683, 0.000949]
Convergence: 0.0113
----------------------------
differential_evolution step 42: f(x)= -6.3623672861039315
Best Solution: [99.933664, 0.040022, 0.010918, 0.000683, 0.000949]
Convergence: 0.0117
----------------------------
differential_evolution step 43: f(x)= -6.3623672861039315
Best Solution: [99.933664, 0.040022, 0.010918, 0.000683, 0.000949]
Convergence: 0.0118
----------------------------
differential_evolution step 44: f(x)= -6.3623672861039315
Best Solution: [99.933664, 0.040022, 0.010918, 0.000683, 0.000949]
Convergence: 0.012
----------------------------
differential_evolution step 45: f(x)= -6.3623672861039315
Best Solution: [99.933664, 0.040022, 0.010918, 0.000683, 0.000949]
Convergence: 0.0123
----------------------------
differential_evolution step 46: f(x)= -6.3623672861039315
Best Solution: [99.933664, 0.040022, 0.010918, 0.000683, 0.000949]
Convergence: 0.0124
----------------------------
differential_evolution step 47: f(x)= -6.3623672861039315
Best Solution: [99.933664, 0.040022, 0.010918, 0.000683, 0.000949]
Convergence: 0.0127
----------------------------
differential_evolution step 48: f(x)= -6.3623672861039315
Best Solution: [99.933664, 0.040022, 0.010918, 0.000683, 0.000949]
Convergence: 0.0129
----------------------------
differential_evolution step 49: f(x)= -6.3623672861039315
Best Solution: [99.933664, 0.040022, 0.010918, 0.000683, 0.000949]
Convergence: 0.0132
----------------------------
differential_evolution step 50: f(x)= -6.3623672861039315
Best Solution: [99.933664, 0.040022, 0.010918, 0.000683, 0.000949]
Convergence: 0.0134
----------------------------
differential_evolution step 51: f(x)= -6.3623672861039315
Best Solution: [99.933664, 0.040022, 0.010918, 0.000683, 0.000949]
Convergence: 0.0137
----------------------------
differential_evolution step 52: f(x)= -6.3623672861039315
Best Solution: [99.933664, 0.040022, 0.010918, 0.000683, 0.000949]
Convergence: 0.0142
----------------------------
differential_evolution step 53: f(x)= -6.3623672861039315
Best Solution: [99.933664, 0.040022, 0.010918, 0.000683, 0.000949]
Convergence: 0.0144
----------------------------
differential_evolution step 54: f(x)= -6.3623672861039315
Best Solution: [99.933664, 0.040022, 0.010918, 0.000683, 0.000949]
Convergence: 0.0144
----------------------------
differential_evolution step 55: f(x)= -6.3623672861039315
Best Solution: [99.933664, 0.040022, 0.010918, 0.000683, 0.000949]
Convergence: 0.0146
----------------------------
differential_evolution step 56: f(x)= -6.3623672861039315
Best Solution: [99.933664, 0.040022, 0.010918, 0.000683, 0.000949]
Convergence: 0.0146
----------------------------
differential_evolution step 57: f(x)= -6.3623672861039315
Best Solution: [99.933664, 0.040022, 0.010918, 0.000683, 0.000949]
Convergence: 0.0148
----------------------------
differential_evolution step 58: f(x)= -6.3623672861039315
Best Solution: [99.933664, 0.040022, 0.010918, 0.000683, 0.000949]
Convergence: 0.0149
----------------------------
differential_evolution step 59: f(x)= -6.3623672861039315
Best Solution: [99.933664, 0.040022, 0.010918, 0.000683, 0.000949]
Convergence: 0.0152
----------------------------
differential_evolution step 60: f(x)= -6.3623672861039315
Best Solution: [99.933664, 0.040022, 0.010918, 0.000683, 0.000949]
Convergence: 0.0156
----------------------------
differential_evolution step 61: f(x)= -6.3623672861039315
Best Solution: [99.933664, 0.040022, 0.010918, 0.000683, 0.000949]
Convergence: 0.0156
----------------------------
differential_evolution step 62: f(x)= -6.3623672861039315
Best Solution: [99.933664, 0.040022, 0.010918, 0.000683, 0.000949]
Convergence: 0.016
----------------------------
differential_evolution step 63: f(x)= -6.3623672861039315
Best Solution: [99.933664, 0.040022, 0.010918, 0.000683, 0.000949]
Convergence: 0.0164
----------------------------
differential_evolution step 64: f(x)= -6.3623672861039315
Best Solution: [99.933664, 0.040022, 0.010918, 0.000683, 0.000949]
Convergence: 0.0166
----------------------------
differential_evolution step 65: f(x)= -6.3623672861039315
Best Solution: [99.933664, 0.040022, 0.010918, 0.000683, 0.000949]
Convergence: 0.017
----------------------------
differential_evolution step 66: f(x)= -6.3623672861039315
Best Solution: [99.933664, 0.040022, 0.010918, 0.000683, 0.000949]
Convergence: 0.0173
----------------------------
differential_evolution step 67: f(x)= -6.3623672861039315
Best Solution: [99.933664, 0.040022, 0.010918, 0.000683, 0.000949]
Convergence: 0.0174
----------------------------
differential_evolution step 68: f(x)= -6.3623672861039315
Best Solution: [99.933664, 0.040022, 0.010918, 0.000683, 0.000949]
Convergence: 0.0175
----------------------------
differential_evolution step 69: f(x)= -6.3623672861039315
Best Solution: [99.933664, 0.040022, 0.010918, 0.000683, 0.000949]
Convergence: 0.0183
----------------------------
differential_evolution step 70: f(x)= -6.3623672861039315
Best Solution: [99.933664, 0.040022, 0.010918, 0.000683, 0.000949]
Convergence: 0.0186
----------------------------
differential_evolution step 71: f(x)= -6.3623672861039315
Best Solution: [99.933664, 0.040022, 0.010918, 0.000683, 0.000949]
Convergence: 0.019
----------------------------
differential_evolution step 72: f(x)= -6.3623672861039315
Best Solution: [99.933664, 0.040022, 0.010918, 0.000683, 0.000949]
Convergence: 0.0197
----------------------------
differential_evolution step 73: f(x)= -6.3623672861039315
Best Solution: [99.933664, 0.040022, 0.010918, 0.000683, 0.000949]
Convergence: 0.02
----------------------------
differential_evolution step 74: f(x)= -6.3623672861039315
Best Solution: [99.933664, 0.040022, 0.010918, 0.000683, 0.000949]
Convergence: 0.0202
----------------------------
differential_evolution step 75: f(x)= -6.3623672861039315
Best Solution: [99.933664, 0.040022, 0.010918, 0.000683, 0.000949]
Convergence: 0.0204
----------------------------
differential_evolution step 76: f(x)= -6.3623672861039315
Best Solution: [99.933664, 0.040022, 0.010918, 0.000683, 0.000949]
Convergence: 0.0208
----------------------------
differential_evolution step 77: f(x)= -6.3623672861039315
Best Solution: [99.933664, 0.040022, 0.010918, 0.000683, 0.000949]
Convergence: 0.021
----------------------------
differential_evolution step 78: f(x)= -6.3623672861039315
Best Solution: [99.933664, 0.040022, 0.010918, 0.000683, 0.000949]
Convergence: 0.0215
----------------------------
differential_evolution step 79: f(x)= -6.3623672861039315
Best Solution: [99.933664, 0.040022, 0.010918, 0.000683, 0.000949]
Convergence: 0.0218
----------------------------
differential_evolution step 80: f(x)= -6.3623672861039315
Best Solution: [99.933664, 0.040022, 0.010918, 0.000683, 0.000949]
Convergence: 0.0223
----------------------------
differential_evolution step 81: f(x)= -6.3623672861039315
Best Solution: [99.933664, 0.040022, 0.010918, 0.000683, 0.000949]
Convergence: 0.0227
----------------------------
differential_evolution step 82: f(x)= -6.3623672861039315
Best Solution: [99.933664, 0.040022, 0.010918, 0.000683, 0.000949]
Convergence: 0.0232
----------------------------
differential_evolution step 83: f(x)= -6.3623672861039315
Best Solution: [99.933664, 0.040022, 0.010918, 0.000683, 0.000949]
Convergence: 0.0238
----------------------------
differential_evolution step 84: f(x)= -6.3623672861039315
Best Solution: [99.933664, 0.040022, 0.010918, 0.000683, 0.000949]
Convergence: 0.0243
----------------------------
differential_evolution step 85: f(x)= -6.3623672861039315
Best Solution: [99.933664, 0.040022, 0.010918, 0.000683, 0.000949]
Convergence: 0.0223
----------------------------
differential_evolution step 86: f(x)= -6.3623672861039315
Best Solution: [99.933664, 0.040022, 0.010918, 0.000683, 0.000949]
Convergence: 0.0231
----------------------------
differential_evolution step 87: f(x)= -6.3623672861039315
Best Solution: [99.933664, 0.040022, 0.010918, 0.000683, 0.000949]
Convergence: 0.0242
----------------------------
differential_evolution step 88: f(x)= -6.3623672861039315
Best Solution: [99.933664, 0.040022, 0.010918, 0.000683, 0.000949]
Convergence: 0.0251
----------------------------
differential_evolution step 89: f(x)= -6.3623672861039315
Best Solution: [99.933664, 0.040022, 0.010918, 0.000683, 0.000949]
Convergence: 0.0268
----------------------------
differential_evolution step 90: f(x)= -6.3623672861039315
Best Solution: [99.933664, 0.040022, 0.010918, 0.000683, 0.000949]
Convergence: 0.0281
----------------------------
differential_evolution step 91: f(x)= -6.3623672861039315
Best Solution: [99.933664, 0.040022, 0.010918, 0.000683, 0.000949]
Convergence: 0.0293
----------------------------
differential_evolution step 92: f(x)= -6.3623672861039315
Best Solution: [99.933664, 0.040022, 0.010918, 0.000683, 0.000949]
Convergence: 0.0311
----------------------------
differential_evolution step 93: f(x)= -6.3623672861039315
Best Solution: [99.933664, 0.040022, 0.010918, 0.000683, 0.000949]
Convergence: 0.0335
----------------------------
differential_evolution step 94: f(x)= -6.3623672861039315
Best Solution: [99.933664, 0.040022, 0.010918, 0.000683, 0.000949]
Convergence: 0.0366
----------------------------
differential_evolution step 95: f(x)= -6.3623672861039315
Best Solution: [99.933664, 0.040022, 0.010918, 0.000683, 0.000949]
Convergence: 0.0379
----------------------------
differential_evolution step 96: f(x)= -6.3623672861039315
Best Solution: [99.933664, 0.040022, 0.010918, 0.000683, 0.000949]
Convergence: 0.0402
----------------------------
differential_evolution step 97: f(x)= -6.3623672861039315
Best Solution: [99.933664, 0.040022, 0.010918, 0.000683, 0.000949]
Convergence: 0.0455
----------------------------
differential_evolution step 98: f(x)= -6.3623672861039315
Best Solution: [99.933664, 0.040022, 0.010918, 0.000683, 0.000949]
Convergence: 0.0471
----------------------------
differential_evolution step 99: f(x)= -6.3623672861039315
Best Solution: [99.933664, 0.040022, 0.010918, 0.000683, 0.000949]
Convergence: 0.0498
----------------------------
differential_evolution step 100: f(x)= -6.3623672861039315
Best Solution: [99.933664, 0.040022, 0.010918, 0.000683, 0.000949]
Convergence: 0.0572
----------------------------
differential_evolution step 101: f(x)= -6.3623672861039315
Best Solution: [99.933664, 0.040022, 0.010918, 0.000683, 0.000949]
Convergence: 0.0589
----------------------------
differential_evolution step 102: f(x)= -6.3623672861039315
Best Solution: [99.933664, 0.040022, 0.010918, 0.000683, 0.000949]
Convergence: 0.0736
----------------------------
differential_evolution step 103: f(x)= -6.3623672861039315
Best Solution: [99.933664, 0.040022, 0.010918, 0.000683, 0.000949]
Convergence: 0.0806
----------------------------
differential_evolution step 104: f(x)= -6.3623672861039315
Best Solution: [99.933664, 0.040022, 0.010918, 0.000683, 0.000949]
Convergence: 0.0912
----------------------------
differential_evolution step 105: f(x)= -6.3623672861039315
Best Solution: [99.933664, 0.040022, 0.010918, 0.000683, 0.000949]
Convergence: 0.101
----------------------------
differential_evolution step 106: f(x)= -6.3623672861039315
Best Solution: [99.933664, 0.040022, 0.010918, 0.000683, 0.000949]
Convergence: 0.1083
----------------------------
differential_evolution step 107: f(x)= -6.3623672861039315
Best Solution: [99.933664, 0.040022, 0.010918, 0.000683, 0.000949]
Convergence: 0.1056
----------------------------
differential_evolution step 108: f(x)= -6.3623672861039315
Best Solution: [99.933664, 0.040022, 0.010918, 0.000683, 0.000949]
Convergence: 0.1115
----------------------------
differential_evolution step 109: f(x)= -6.3623672861039315
Best Solution: [99.933664, 0.040022, 0.010918, 0.000683, 0.000949]
Convergence: 0.1121
----------------------------
differential_evolution step 110: f(x)= -6.3623672861039315
Best Solution: [99.933664, 0.040022, 0.010918, 0.000683, 0.000949]
Convergence: 0.1239
----------------------------
differential_evolution step 111: f(x)= -6.3623672861039315
Best Solution: [99.933664, 0.040022, 0.010918, 0.000683, 0.000949]
Convergence: 0.1278
----------------------------
differential_evolution step 112: f(x)= -6.3623672861039315
Best Solution: [99.933664, 0.040022, 0.010918, 0.000683, 0.000949]
Convergence: 0.1285
----------------------------
differential_evolution step 113: f(x)= -6.3623672861039315
Best Solution: [99.933664, 0.040022, 0.010918, 0.000683, 0.000949]
Convergence: 0.1223
----------------------------
differential_evolution step 114: f(x)= -6.3623672861039315
Best Solution: [99.933664, 0.040022, 0.010918, 0.000683, 0.000949]
Convergence: 0.1262
----------------------------
differential_evolution step 115: f(x)= -6.3623672861039315
Best Solution: [99.933664, 0.040022, 0.010918, 0.000683, 0.000949]
Convergence: 0.1301
----------------------------
differential_evolution step 116: f(x)= -6.3623672861039315
Best Solution: [99.933664, 0.040022, 0.010918, 0.000683, 0.000949]
Convergence: 0.1428
----------------------------
differential_evolution step 117: f(x)= -6.3623672861039315
Best Solution: [99.933664, 0.040022, 0.010918, 0.000683, 0.000949]
Convergence: 0.1357
----------------------------
differential_evolution step 118: f(x)= -6.3623672861039315
Best Solution: [99.933664, 0.040022, 0.010918, 0.000683, 0.000949]
Convergence: 0.1461
----------------------------
differential_evolution step 119: f(x)= -6.3623672861039315
Best Solution: [99.933664, 0.040022, 0.010918, 0.000683, 0.000949]
Convergence: 0.1466
----------------------------
differential_evolution step 120: f(x)= -6.3623672861039315
Best Solution: [99.933664, 0.040022, 0.010918, 0.000683, 0.000949]
Convergence: 0.1549
----------------------------
differential_evolution step 121: f(x)= -6.3623672861039315
Best Solution: [99.933664, 0.040022, 0.010918, 0.000683, 0.000949]
Convergence: 0.159
----------------------------
differential_evolution step 122: f(x)= -6.3623672861039315
Best Solution: [99.933664, 0.040022, 0.010918, 0.000683, 0.000949]
Convergence: 0.1738
----------------------------
differential_evolution step 123: f(x)= -6.3623672861039315
Best Solution: [99.933664, 0.040022, 0.010918, 0.000683, 0.000949]
Convergence: 0.1969
----------------------------
differential_evolution step 124: f(x)= -6.3623672861039315
Best Solution: [99.933664, 0.040022, 0.010918, 0.000683, 0.000949]
Convergence: 0.207
----------------------------
differential_evolution step 125: f(x)= -6.3623672861039315
Best Solution: [99.933664, 0.040022, 0.010918, 0.000683, 0.000949]
Convergence: 0.2171
----------------------------
differential_evolution step 126: f(x)= -6.3623672861039315
Best Solution: [99.933664, 0.040022, 0.010918, 0.000683, 0.000949]
Convergence: 0.2289
----------------------------
differential_evolution step 127: f(x)= -6.3623672861039315
Best Solution: [99.933664, 0.040022, 0.010918, 0.000683, 0.000949]
Convergence: 0.2492
----------------------------
differential_evolution step 128: f(x)= -6.3623672861039315
Best Solution: [99.933664, 0.040022, 0.010918, 0.000683, 0.000949]
Convergence: 0.2926
----------------------------
differential_evolution step 129: f(x)= -6.3623672861039315
Best Solution: [99.933664, 0.040022, 0.010918, 0.000683, 0.000949]
Convergence: 0.3108
----------------------------
differential_evolution step 130: f(x)= -6.3623672861039315
Best Solution: [99.933664, 0.040022, 0.010918, 0.000683, 0.000949]
Convergence: 0.3806
----------------------------
differential_evolution step 131: f(x)= -6.3623672861039315
Best Solution: [99.933664, 0.040022, 0.010918, 0.000683, 0.000949]
Convergence: 0.4001
----------------------------
differential_evolution step 132: f(x)= -6.3623672861039315
Best Solution: [99.933664, 0.040022, 0.010918, 0.000683, 0.000949]
Convergence: 0.4546
----------------------------
differential_evolution step 133: f(x)= -6.3623672861039315
Best Solution: [99.933664, 0.040022, 0.010918, 0.000683, 0.000949]
Convergence: 0.4842
----------------------------
differential_evolution step 134: f(x)= -6.3623672861039315
Best Solution: [99.933664, 0.040022, 0.010918, 0.000683, 0.000949]
Convergence: 0.5056
----------------------------
differential_evolution step 135: f(x)= -6.38136646142489
Best Solution: [99.93365247, 0.04002945, 0.01091812, 0.00068268, 0.00094829]
Convergence: 0.5188
----------------------------
differential_evolution step 136: f(x)= -6.38136646142489
Best Solution: [99.93365247, 0.04002945, 0.01091812, 0.00068268, 0.00094829]
Convergence: 0.6272
----------------------------
differential_evolution step 137: f(x)= -6.38136646142489
Best Solution: [99.93365247, 0.04002945, 0.01091812, 0.00068268, 0.00094829]
Convergence: 0.6747
----------------------------
differential_evolution step 138: f(x)= -6.38732577356518
Best Solution: [99.93363428, 0.04002448, 0.01091865, 0.00068279, 0.00094797]
Convergence: 0.7139
----------------------------
differential_evolution step 139: f(x)= -6.38732577356518
Best Solution: [99.93363428, 0.04002448, 0.01091865, 0.00068279, 0.00094797]
Convergence: 0.7485
----------------------------
differential_evolution step 140: f(x)= -6.38732577356518
Best Solution: [99.93363428, 0.04002448, 0.01091865, 0.00068279, 0.00094797]
Convergence: 1.5125
----------------------------

Optimal result for tg=99.933664:
             message: Optimization terminated successfully.
             success: True
                 fun: -6.38732577356518
                   x: [ 9.993e+01  4.002e-02  1.092e-02  6.828e-04
                        9.480e-04]
                 nit: 140
                nfev: 9024
          population: [[ 9.993e+01  4.002e-02 ...  6.828e-04  9.480e-04]
                       [ 9.993e+01  4.003e-02 ...  6.861e-04  9.509e-04]
                       ...
                       [ 9.993e+01  4.002e-02 ...  6.841e-04  9.473e-04]
                       [ 9.993e+01  4.003e-02 ...  6.830e-04  9.458e-04]]
 population_energies: [-6.387e+00 -6.300e+00 ... -6.306e+00 -6.288e+00] 89%|████████▉ | 16/18 [16:15:43<2:19:08, 4174.21s/it]
Gate errors (log10) (truc1=157):
-5.45670948, -5.8022507, -6.1220063, -6.38732577
Drive parameters:
[99.933634, 0.040024, 0.010919, 0.000683, 0.000948]
Full system error (truc_full=300):
-5.45670948, -5.8022507, -6.1220063, -6.38732577

f_optimize = np.array([
-0.31973913046342156, -0.7375473983245805, -1.7662930626008015, -2.616729412839989 ,
-3.1904541405726463, -3.5992150481270415, -3.9457633464840614, -4.303179808392508 ,
-4.5634206745106995, -4.812906233781103, -4.99644666260284, -5.23898521252418 ,
-5.456709479870538, -5.8022507014926745, -6.122006297247294, -6.38732577356518 ,
])

f_optimize = np.array([
-0.31973913046342156, -0.7375473983245805, -1.7662930626008015, -2.616729412839989 ,
-3.1904541405726463, -3.5992150481270415, -3.9457633464840614, -4.303179808392508 ,
-4.5634206745106995, -4.812906233781103, -4.99644666260284, -5.23898521252418 ,
-5.456709479870538, -5.8022507014926745, -6.122006297247294, -6.38732577356518 ,
])

Current China Time: 2026-08-03 04:58:45.927190+08:00
differential_evolution step 1: f(x)= -6.477932831129063
Best Solution: [109.925465, 0.036325, 0.009915, 0.000575, 0.000792]
Convergence: 0.0033
----------------------------
differential_evolution step 2: f(x)= -6.477932831129063
Best Solution: [109.925465, 0.036325, 0.009915, 0.000575, 0.000792]
Convergence: 0.0038
----------------------------
differential_evolution step 3: f(x)= -6.477932831129063
Best Solution: [109.925465, 0.036325, 0.009915, 0.000575, 0.000792]
Convergence: 0.0041
----------------------------
differential_evolution step 4: f(x)= -6.477932831129063
Best Solution: [109.925465, 0.036325, 0.009915, 0.000575, 0.000792]
Convergence: 0.0042
----------------------------
differential_evolution step 5: f(x)= -6.477932831129063
Best Solution: [109.925465, 0.036325, 0.009915, 0.000575, 0.000792]
Convergence: 0.0044
----------------------------
differential_evolution step 6: f(x)= -6.477932831129063
Best Solution: [109.925465, 0.036325, 0.009915, 0.000575, 0.000792]
Convergence: 0.0046
----------------------------
differential_evolution step 7: f(x)= -6.477932831129063
Best Solution: [109.925465, 0.036325, 0.009915, 0.000575, 0.000792]
Convergence: 0.0047
----------------------------
differential_evolution step 8: f(x)= -6.477932831129063
Best Solution: [109.925465, 0.036325, 0.009915, 0.000575, 0.000792]
Convergence: 0.0047
----------------------------
differential_evolution step 9: f(x)= -6.477932831129063
Best Solution: [109.925465, 0.036325, 0.009915, 0.000575, 0.000792]
Convergence: 0.0048
----------------------------
differential_evolution step 10: f(x)= -6.477932831129063
Best Solution: [109.925465, 0.036325, 0.009915, 0.000575, 0.000792]
Convergence: 0.0049
----------------------------
differential_evolution step 11: f(x)= -6.477932831129063
Best Solution: [109.925465, 0.036325, 0.009915, 0.000575, 0.000792]
Convergence: 0.0052
----------------------------
differential_evolution step 12: f(x)= -6.477932831129063
Best Solution: [109.925465, 0.036325, 0.009915, 0.000575, 0.000792]
Convergence: 0.0053
----------------------------
differential_evolution step 13: f(x)= -6.477932831129063
Best Solution: [109.925465, 0.036325, 0.009915, 0.000575, 0.000792]
Convergence: 0.0053
----------------------------
differential_evolution step 14: f(x)= -6.477932831129063
Best Solution: [109.925465, 0.036325, 0.009915, 0.000575, 0.000792]
Convergence: 0.0054
----------------------------
differential_evolution step 15: f(x)= -6.477932831129063
Best Solution: [109.925465, 0.036325, 0.009915, 0.000575, 0.000792]
Convergence: 0.0056
----------------------------
differential_evolution step 16: f(x)= -6.477932831129063
Best Solution: [109.925465, 0.036325, 0.009915, 0.000575, 0.000792]
Convergence: 0.0058
----------------------------
differential_evolution step 17: f(x)= -6.477932831129063
Best Solution: [109.925465, 0.036325, 0.009915, 0.000575, 0.000792]
Convergence: 0.006
----------------------------
differential_evolution step 18: f(x)= -6.477932831129063
Best Solution: [109.925465, 0.036325, 0.009915, 0.000575, 0.000792]
Convergence: 0.0063
----------------------------
differential_evolution step 19: f(x)= -6.477932831129063
Best Solution: [109.925465, 0.036325, 0.009915, 0.000575, 0.000792]
Convergence: 0.0063
----------------------------
differential_evolution step 20: f(x)= -6.477932831129063
Best Solution: [109.925465, 0.036325, 0.009915, 0.000575, 0.000792]
Convergence: 0.0065
----------------------------
differential_evolution step 21: f(x)= -6.477932831129063
Best Solution: [109.925465, 0.036325, 0.009915, 0.000575, 0.000792]
Convergence: 0.0068
----------------------------
differential_evolution step 22: f(x)= -6.477932831129063
Best Solution: [109.925465, 0.036325, 0.009915, 0.000575, 0.000792]
Convergence: 0.007
----------------------------
differential_evolution step 23: f(x)= -6.477932831129063
Best Solution: [109.925465, 0.036325, 0.009915, 0.000575, 0.000792]
Convergence: 0.0072
----------------------------
differential_evolution step 24: f(x)= -6.477932831129063
Best Solution: [109.925465, 0.036325, 0.009915, 0.000575, 0.000792]
Convergence: 0.0074
----------------------------
differential_evolution step 25: f(x)= -6.477932831129063
Best Solution: [109.925465, 0.036325, 0.009915, 0.000575, 0.000792]
Convergence: 0.0074
----------------------------
differential_evolution step 26: f(x)= -6.477932831129063
Best Solution: [109.925465, 0.036325, 0.009915, 0.000575, 0.000792]
Convergence: 0.0075
----------------------------
differential_evolution step 27: f(x)= -6.477932831129063
Best Solution: [109.925465, 0.036325, 0.009915, 0.000575, 0.000792]
Convergence: 0.0077
----------------------------
differential_evolution step 28: f(x)= -6.477932831129063
Best Solution: [109.925465, 0.036325, 0.009915, 0.000575, 0.000792]
Convergence: 0.0078
----------------------------
differential_evolution step 29: f(x)= -6.477932831129063
Best Solution: [109.925465, 0.036325, 0.009915, 0.000575, 0.000792]
Convergence: 0.008
----------------------------
differential_evolution step 30: f(x)= -6.477932831129063
Best Solution: [109.925465, 0.036325, 0.009915, 0.000575, 0.000792]
Convergence: 0.0082
----------------------------
differential_evolution step 31: f(x)= -6.477932831129063
Best Solution: [109.925465, 0.036325, 0.009915, 0.000575, 0.000792]
Convergence: 0.0084
----------------------------
differential_evolution step 32: f(x)= -6.477932831129063
Best Solution: [109.925465, 0.036325, 0.009915, 0.000575, 0.000792]
Convergence: 0.0084
----------------------------
differential_evolution step 33: f(x)= -6.477932831129063
Best Solution: [109.925465, 0.036325, 0.009915, 0.000575, 0.000792]
Convergence: 0.0087
----------------------------
differential_evolution step 34: f(x)= -6.477932831129063
Best Solution: [109.925465, 0.036325, 0.009915, 0.000575, 0.000792]
Convergence: 0.0088
----------------------------
differential_evolution step 35: f(x)= -6.477932831129063
Best Solution: [109.925465, 0.036325, 0.009915, 0.000575, 0.000792]
Convergence: 0.009
----------------------------
differential_evolution step 36: f(x)= -6.477932831129063
Best Solution: [109.925465, 0.036325, 0.009915, 0.000575, 0.000792]
Convergence: 0.0092
----------------------------
differential_evolution step 37: f(x)= -6.477932831129063
Best Solution: [109.925465, 0.036325, 0.009915, 0.000575, 0.000792]
Convergence: 0.0094
----------------------------
differential_evolution step 38: f(x)= -6.477932831129063
Best Solution: [109.925465, 0.036325, 0.009915, 0.000575, 0.000792]
Convergence: 0.0097
----------------------------
differential_evolution step 39: f(x)= -6.477932831129063
Best Solution: [109.925465, 0.036325, 0.009915, 0.000575, 0.000792]
Convergence: 0.0102
----------------------------
differential_evolution step 40: f(x)= -6.477932831129063
Best Solution: [109.925465, 0.036325, 0.009915, 0.000575, 0.000792]
Convergence: 0.0104
----------------------------
differential_evolution step 41: f(x)= -6.477932831129063
Best Solution: [109.925465, 0.036325, 0.009915, 0.000575, 0.000792]
Convergence: 0.0106
----------------------------
differential_evolution step 42: f(x)= -6.477932831129063
Best Solution: [109.925465, 0.036325, 0.009915, 0.000575, 0.000792]
Convergence: 0.0108
----------------------------
differential_evolution step 43: f(x)= -6.477932831129063
Best Solution: [109.925465, 0.036325, 0.009915, 0.000575, 0.000792]
Convergence: 0.0112
----------------------------
differential_evolution step 44: f(x)= -6.477932831129063
Best Solution: [109.925465, 0.036325, 0.009915, 0.000575, 0.000792]
Convergence: 0.0113
----------------------------
differential_evolution step 45: f(x)= -6.477932831129063
Best Solution: [109.925465, 0.036325, 0.009915, 0.000575, 0.000792]
Convergence: 0.0115
----------------------------
differential_evolution step 46: f(x)= -6.477932831129063
Best Solution: [109.925465, 0.036325, 0.009915, 0.000575, 0.000792]
Convergence: 0.0117
----------------------------
differential_evolution step 47: f(x)= -6.477932831129063
Best Solution: [109.925465, 0.036325, 0.009915, 0.000575, 0.000792]
Convergence: 0.0119
----------------------------
differential_evolution step 48: f(x)= -6.477932831129063
Best Solution: [109.925465, 0.036325, 0.009915, 0.000575, 0.000792]
Convergence: 0.0121
----------------------------
differential_evolution step 49: f(x)= -6.477932831129063
Best Solution: [109.925465, 0.036325, 0.009915, 0.000575, 0.000792]
Convergence: 0.0124
----------------------------
differential_evolution step 50: f(x)= -6.477932831129063
Best Solution: [109.925465, 0.036325, 0.009915, 0.000575, 0.000792]
Convergence: 0.0126
----------------------------
differential_evolution step 51: f(x)= -6.477932831129063
Best Solution: [109.925465, 0.036325, 0.009915, 0.000575, 0.000792]
Convergence: 0.0129
----------------------------
differential_evolution step 52: f(x)= -6.477932831129063
Best Solution: [109.925465, 0.036325, 0.009915, 0.000575, 0.000792]
Convergence: 0.013
----------------------------
differential_evolution step 53: f(x)= -6.477932831129063
Best Solution: [109.925465, 0.036325, 0.009915, 0.000575, 0.000792]
Convergence: 0.0132
----------------------------
differential_evolution step 54: f(x)= -6.477932831129063
Best Solution: [109.925465, 0.036325, 0.009915, 0.000575, 0.000792]
Convergence: 0.0133
----------------------------
differential_evolution step 55: f(x)= -6.477932831129063
Best Solution: [109.925465, 0.036325, 0.009915, 0.000575, 0.000792]
Convergence: 0.0137
----------------------------
differential_evolution step 56: f(x)= -6.477932831129063
Best Solution: [109.925465, 0.036325, 0.009915, 0.000575, 0.000792]
Convergence: 0.0138
----------------------------
differential_evolution step 57: f(x)= -6.477932831129063
Best Solution: [109.925465, 0.036325, 0.009915, 0.000575, 0.000792]
Convergence: 0.014
----------------------------
differential_evolution step 58: f(x)= -6.477932831129063
Best Solution: [109.925465, 0.036325, 0.009915, 0.000575, 0.000792]
Convergence: 0.0141
----------------------------
differential_evolution step 59: f(x)= -6.477932831129063
Best Solution: [109.925465, 0.036325, 0.009915, 0.000575, 0.000792]
Convergence: 0.0144
----------------------------
differential_evolution step 60: f(x)= -6.477932831129063
Best Solution: [109.925465, 0.036325, 0.009915, 0.000575, 0.000792]
Convergence: 0.0147
----------------------------
differential_evolution step 61: f(x)= -6.477932831129063
Best Solution: [109.925465, 0.036325, 0.009915, 0.000575, 0.000792]
Convergence: 0.0148
----------------------------
differential_evolution step 62: f(x)= -6.477932831129063
Best Solution: [109.925465, 0.036325, 0.009915, 0.000575, 0.000792]
Convergence: 0.0149
----------------------------
differential_evolution step 63: f(x)= -6.477932831129063
Best Solution: [109.925465, 0.036325, 0.009915, 0.000575, 0.000792]
Convergence: 0.0151
----------------------------
differential_evolution step 64: f(x)= -6.477932831129063
Best Solution: [109.925465, 0.036325, 0.009915, 0.000575, 0.000792]
Convergence: 0.0154
----------------------------
differential_evolution step 65: f(x)= -6.477932831129063
Best Solution: [109.925465, 0.036325, 0.009915, 0.000575, 0.000792]
Convergence: 0.0157
----------------------------
differential_evolution step 66: f(x)= -6.477932831129063
Best Solution: [109.925465, 0.036325, 0.009915, 0.000575, 0.000792]
Convergence: 0.0159
----------------------------
differential_evolution step 67: f(x)= -6.477932831129063
Best Solution: [109.925465, 0.036325, 0.009915, 0.000575, 0.000792]
Convergence: 0.016
----------------------------
differential_evolution step 68: f(x)= -6.477932831129063
Best Solution: [109.925465, 0.036325, 0.009915, 0.000575, 0.000792]
Convergence: 0.016
----------------------------
differential_evolution step 69: f(x)= -6.477932831129063
Best Solution: [109.925465, 0.036325, 0.009915, 0.000575, 0.000792]
Convergence: 0.016
----------------------------
differential_evolution step 70: f(x)= -6.477932831129063
Best Solution: [109.925465, 0.036325, 0.009915, 0.000575, 0.000792]
Convergence: 0.0165
----------------------------
differential_evolution step 71: f(x)= -6.477932831129063
Best Solution: [109.925465, 0.036325, 0.009915, 0.000575, 0.000792]
Convergence: 0.0167
----------------------------
differential_evolution step 72: f(x)= -6.477932831129063
Best Solution: [109.925465, 0.036325, 0.009915, 0.000575, 0.000792]
Convergence: 0.0168
----------------------------
differential_evolution step 73: f(x)= -6.477932831129063
Best Solution: [109.925465, 0.036325, 0.009915, 0.000575, 0.000792]
Convergence: 0.0174
----------------------------
differential_evolution step 74: f(x)= -6.477932831129063
Best Solution: [109.925465, 0.036325, 0.009915, 0.000575, 0.000792]
Convergence: 0.0175
----------------------------
differential_evolution step 75: f(x)= -6.477932831129063
Best Solution: [109.925465, 0.036325, 0.009915, 0.000575, 0.000792]
Convergence: 0.0176
----------------------------
differential_evolution step 76: f(x)= -6.477932831129063
Best Solution: [109.925465, 0.036325, 0.009915, 0.000575, 0.000792]
Convergence: 0.0176
----------------------------
differential_evolution step 77: f(x)= -6.477932831129063
Best Solution: [109.925465, 0.036325, 0.009915, 0.000575, 0.000792]
Convergence: 0.0175
----------------------------
differential_evolution step 78: f(x)= -6.477932831129063
Best Solution: [109.925465, 0.036325, 0.009915, 0.000575, 0.000792]
Convergence: 0.0174
----------------------------
differential_evolution step 79: f(x)= -6.477932831129063
Best Solution: [109.925465, 0.036325, 0.009915, 0.000575, 0.000792]
Convergence: 0.018
----------------------------
differential_evolution step 80: f(x)= -6.477932831129063
Best Solution: [109.925465, 0.036325, 0.009915, 0.000575, 0.000792]
Convergence: 0.0183
----------------------------
differential_evolution step 81: f(x)= -6.477932831129063
Best Solution: [109.925465, 0.036325, 0.009915, 0.000575, 0.000792]
Convergence: 0.019
----------------------------
differential_evolution step 82: f(x)= -6.477932831129063
Best Solution: [109.925465, 0.036325, 0.009915, 0.000575, 0.000792]
Convergence: 0.0195
----------------------------
differential_evolution step 83: f(x)= -6.477932831129063
Best Solution: [109.925465, 0.036325, 0.009915, 0.000575, 0.000792]
Convergence: 0.0199
----------------------------
differential_evolution step 84: f(x)= -6.477932831129063
Best Solution: [109.925465, 0.036325, 0.009915, 0.000575, 0.000792]
Convergence: 0.0206
----------------------------
differential_evolution step 85: f(x)= -6.477932831129063
Best Solution: [109.925465, 0.036325, 0.009915, 0.000575, 0.000792]
Convergence: 0.021
----------------------------
differential_evolution step 86: f(x)= -6.477932831129063
Best Solution: [109.925465, 0.036325, 0.009915, 0.000575, 0.000792]
Convergence: 0.0214
----------------------------
differential_evolution step 87: f(x)= -6.477932831129063
Best Solution: [109.925465, 0.036325, 0.009915, 0.000575, 0.000792]
Convergence: 0.0219
----------------------------
differential_evolution step 88: f(x)= -6.477932831129063
Best Solution: [109.925465, 0.036325, 0.009915, 0.000575, 0.000792]
Convergence: 0.0223
----------------------------
differential_evolution step 89: f(x)= -6.477932831129063
Best Solution: [109.925465, 0.036325, 0.009915, 0.000575, 0.000792]
Convergence: 0.0236
----------------------------
differential_evolution step 90: f(x)= -6.477932831129063
Best Solution: [109.925465, 0.036325, 0.009915, 0.000575, 0.000792]
Convergence: 0.0246
----------------------------
differential_evolution step 91: f(x)= -6.477932831129063
Best Solution: [109.925465, 0.036325, 0.009915, 0.000575, 0.000792]
Convergence: 0.0271
----------------------------
differential_evolution step 92: f(x)= -6.477932831129063
Best Solution: [109.925465, 0.036325, 0.009915, 0.000575, 0.000792]
Convergence: 0.0282
----------------------------
differential_evolution step 93: f(x)= -6.477932831129063
Best Solution: [109.925465, 0.036325, 0.009915, 0.000575, 0.000792]
Convergence: 0.0314
----------------------------
differential_evolution step 94: f(x)= -6.477932831129063
Best Solution: [109.925465, 0.036325, 0.009915, 0.000575, 0.000792]
Convergence: 0.0343
----------------------------
differential_evolution step 95: f(x)= -6.477932831129063
Best Solution: [109.925465, 0.036325, 0.009915, 0.000575, 0.000792]
Convergence: 0.0367
----------------------------
differential_evolution step 96: f(x)= -6.477932831129063
Best Solution: [109.925465, 0.036325, 0.009915, 0.000575, 0.000792]
Convergence: 0.0397
----------------------------
differential_evolution step 97: f(x)= -6.477932831129063
Best Solution: [109.925465, 0.036325, 0.009915, 0.000575, 0.000792]
Convergence: 0.0421
----------------------------
differential_evolution step 98: f(x)= -6.477932831129063
Best Solution: [109.925465, 0.036325, 0.009915, 0.000575, 0.000792]
Convergence: 0.0424
----------------------------
differential_evolution step 99: f(x)= -6.477932831129063
Best Solution: [109.925465, 0.036325, 0.009915, 0.000575, 0.000792]
Convergence: 0.047
----------------------------
differential_evolution step 100: f(x)= -6.477932831129063
Best Solution: [109.925465, 0.036325, 0.009915, 0.000575, 0.000792]
Convergence: 0.0513
----------------------------
differential_evolution step 101: f(x)= -6.477932831129063
Best Solution: [109.925465, 0.036325, 0.009915, 0.000575, 0.000792]
Convergence: 0.0604
----------------------------
differential_evolution step 102: f(x)= -6.477932831129063
Best Solution: [109.925465, 0.036325, 0.009915, 0.000575, 0.000792]
Convergence: 0.0654
----------------------------
differential_evolution step 103: f(x)= -6.477932831129063
Best Solution: [109.925465, 0.036325, 0.009915, 0.000575, 0.000792]
Convergence: 0.067
----------------------------
differential_evolution step 104: f(x)= -6.477932831129063
Best Solution: [109.925465, 0.036325, 0.009915, 0.000575, 0.000792]
Convergence: 0.0783
----------------------------
differential_evolution step 105: f(x)= -6.477932831129063
Best Solution: [109.925465, 0.036325, 0.009915, 0.000575, 0.000792]
Convergence: 0.0829
----------------------------
differential_evolution step 106: f(x)= -6.477932831129063
Best Solution: [109.925465, 0.036325, 0.009915, 0.000575, 0.000792]
Convergence: 0.0834
----------------------------
differential_evolution step 107: f(x)= -6.477932831129063
Best Solution: [109.925465, 0.036325, 0.009915, 0.000575, 0.000792]
Convergence: 0.0833
----------------------------
differential_evolution step 108: f(x)= -6.477932831129063
Best Solution: [109.925465, 0.036325, 0.009915, 0.000575, 0.000792]
Convergence: 0.087
----------------------------
differential_evolution step 109: f(x)= -6.477932831129063
Best Solution: [109.925465, 0.036325, 0.009915, 0.000575, 0.000792]
Convergence: 0.0857
----------------------------
differential_evolution step 110: f(x)= -6.477932831129063
Best Solution: [109.925465, 0.036325, 0.009915, 0.000575, 0.000792]
Convergence: 0.0951
----------------------------
differential_evolution step 111: f(x)= -6.477932831129063
Best Solution: [109.925465, 0.036325, 0.009915, 0.000575, 0.000792]
Convergence: 0.1007
----------------------------
differential_evolution step 112: f(x)= -6.477932831129063
Best Solution: [109.925465, 0.036325, 0.009915, 0.000575, 0.000792]
Convergence: 0.1029
----------------------------
differential_evolution step 113: f(x)= -6.477932831129063
Best Solution: [109.925465, 0.036325, 0.009915, 0.000575, 0.000792]
Convergence: 0.1034
----------------------------
differential_evolution step 114: f(x)= -6.477932831129063
Best Solution: [109.925465, 0.036325, 0.009915, 0.000575, 0.000792]
Convergence: 0.0997
----------------------------
differential_evolution step 115: f(x)= -6.477932831129063
Best Solution: [109.925465, 0.036325, 0.009915, 0.000575, 0.000792]
Convergence: 0.1094
----------------------------
differential_evolution step 116: f(x)= -6.477932831129063
Best Solution: [109.925465, 0.036325, 0.009915, 0.000575, 0.000792]
Convergence: 0.1164
----------------------------
differential_evolution step 117: f(x)= -6.477932831129063
Best Solution: [109.925465, 0.036325, 0.009915, 0.000575, 0.000792]
Convergence: 0.1281
----------------------------
differential_evolution step 118: f(x)= -6.477932831129063
Best Solution: [109.925465, 0.036325, 0.009915, 0.000575, 0.000792]
Convergence: 0.137
----------------------------
differential_evolution step 119: f(x)= -6.477932831129063
Best Solution: [109.925465, 0.036325, 0.009915, 0.000575, 0.000792]
Convergence: 0.1421
----------------------------
differential_evolution step 120: f(x)= -6.477932831129063
Best Solution: [109.925465, 0.036325, 0.009915, 0.000575, 0.000792]
Convergence: 0.1519
----------------------------
differential_evolution step 121: f(x)= -6.477932831129063
Best Solution: [109.925465, 0.036325, 0.009915, 0.000575, 0.000792]
Convergence: 0.1515
----------------------------
differential_evolution step 122: f(x)= -6.477932831129063
Best Solution: [109.925465, 0.036325, 0.009915, 0.000575, 0.000792]
Convergence: 0.1648
----------------------------
differential_evolution step 123: f(x)= -6.477932831129063
Best Solution: [109.925465, 0.036325, 0.009915, 0.000575, 0.000792]
Convergence: 0.1655
----------------------------
differential_evolution step 124: f(x)= -6.477932831129063
Best Solution: [109.925465, 0.036325, 0.009915, 0.000575, 0.000792]
Convergence: 0.1527
----------------------------
differential_evolution step 125: f(x)= -6.477932831129063
Best Solution: [109.925465, 0.036325, 0.009915, 0.000575, 0.000792]
Convergence: 0.163
----------------------------
differential_evolution step 126: f(x)= -6.477932831129063
Best Solution: [109.925465, 0.036325, 0.009915, 0.000575, 0.000792]
Convergence: 0.1772
----------------------------
differential_evolution step 127: f(x)= -6.477932831129063
Best Solution: [109.925465, 0.036325, 0.009915, 0.000575, 0.000792]
Convergence: 0.2015
----------------------------
differential_evolution step 128: f(x)= -6.477932831129063
Best Solution: [109.925465, 0.036325, 0.009915, 0.000575, 0.000792]
Convergence: 0.2217
----------------------------
differential_evolution step 129: f(x)= -6.487236064467766
Best Solution: [109.92553184, 0.03632534, 0.00991464, 0.00057221, 0.00079116]
Convergence: 0.2451
----------------------------
differential_evolution step 130: f(x)= -6.487236064467766
Best Solution: [109.92553184, 0.03632534, 0.00991464, 0.00057221, 0.00079116]
Convergence: 0.2787
----------------------------
differential_evolution step 131: f(x)= -6.5580271489027595
Best Solution: [109.92553418, 0.03632011, 0.00991535, 0.00057299, 0.00079247]
Convergence: 0.3238
----------------------------
differential_evolution step 132: f(x)= -6.5580271489027595
Best Solution: [109.92553418, 0.03632011, 0.00991535, 0.00057299, 0.00079247]
Convergence: 0.3459
----------------------------
differential_evolution step 133: f(x)= -6.5580271489027595
Best Solution: [109.92553418, 0.03632011, 0.00991535, 0.00057299, 0.00079247]
Convergence: 0.3664
----------------------------
differential_evolution step 134: f(x)= -6.5580271489027595
Best Solution: [109.92553418, 0.03632011, 0.00991535, 0.00057299, 0.00079247]
Convergence: 0.444
----------------------------
differential_evolution step 135: f(x)= -6.5580271489027595
Best Solution: [109.92553418, 0.03632011, 0.00991535, 0.00057299, 0.00079247]
Convergence: 0.5124
----------------------------
differential_evolution step 136: f(x)= -6.562225104218925
Best Solution: [109.92550723, 0.03632122, 0.00991435, 0.00057193, 0.00079144]
Convergence: 0.5281
----------------------------
differential_evolution step 137: f(x)= -6.594137880927631
Best Solution: [109.92553022, 0.03632213, 0.00991364, 0.00057294, 0.00079253]
Convergence: 0.6605
----------------------------
differential_evolution step 138: f(x)= -6.594137880927631
Best Solution: [109.92553022, 0.03632213, 0.00991364, 0.00057294, 0.00079253]
Convergence: 0.7103
----------------------------
differential_evolution step 139: f(x)= -6.594137880927631
Best Solution: [109.92553022, 0.03632213, 0.00991364, 0.00057294, 0.00079253]
Convergence: 0.7887
----------------------------
differential_evolution step 140: f(x)= -6.599862574756887
Best Solution: [109.92552217, 0.0363207, 0.00991454, 0.0005739, 0.00079335]
Convergence: 0.8222
----------------------------
differential_evolution step 141: f(x)= -6.613322801042282
Best Solution: [109.92552285, 0.03632308, 0.00991435, 0.00057402, 0.00079333]
Convergence: 0.791 94%|█████████▍| 17/18 [18:02:28<1:20:44, 4844.96s/it]
----------------------------
differential_evolution step 142: f(x)= -6.613322801042282
Best Solution: [109.92552285, 0.03632308, 0.00991435, 0.00057402, 0.00079333]
Convergence: 0.908
----------------------------
differential_evolution step 143: f(x)= -6.613322801042282
Best Solution: [109.92552285, 0.03632308, 0.00991435, 0.00057402, 0.00079333]
Convergence: 0.9
----------------------------
differential_evolution step 144: f(x)= -6.613322801042282
Best Solution: [109.92552285, 0.03632308, 0.00991435, 0.00057402, 0.00079333]
Convergence: 0.9588
----------------------------
differential_evolution step 145: f(x)= -6.613322801042282
Best Solution: [109.92552285, 0.03632308, 0.00991435, 0.00057402, 0.00079333]
Convergence: 1.1071
----------------------------

Optimal result for tg=109.925465:
             message: Optimization terminated successfully.
             success: True
                 fun: -6.613322801042282
                   x: [ 1.099e+02  3.632e-02  9.914e-03  5.740e-04
                        7.933e-04]
                 nit: 145
                nfev: 9344
          population: [[ 1.099e+02  3.632e-02 ...  5.740e-04  7.933e-04]
                       [ 1.099e+02  3.632e-02 ...  5.735e-04  7.941e-04]
                       ...
                       [ 1.099e+02  3.632e-02 ...  5.736e-04  7.924e-04]
                       [ 1.099e+02  3.632e-02 ...  5.737e-04  7.928e-04]]
 population_energies: [-6.613e+00 -6.549e+00 ... -6.543e+00 -6.597e+00]
Gate errors (log10) (truc1=157):
-5.8022507, -6.1220063, -6.38732577, -6.6133228
Drive parameters:
[109.925523, 0.036323, 0.009914, 0.000574, 0.000793]
Full system error (truc_full=300):
-5.8022507, -6.1220063, -6.38732577, -6.6133228

f_optimize = np.array([
-0.31973913046342156, -0.7375473983245805, -1.7662930626008015, -2.616729412839989 ,
-3.1904541405726463, -3.5992150481270415, -3.9457633464840614, -4.303179808392508 ,
-4.5634206745106995, -4.812906233781103, -4.99644666260284, -5.23898521252418 ,
-5.456709479870538, -5.8022507014926745, -6.122006297247294, -6.38732577356518 ,
-6.613322801042282 ,
])

f_optimize = np.array([
-0.31973913046342156, -0.7375473983245805, -1.7662930626008015, -2.616729412839989 ,
-3.1904541405726463, -3.5992150481270415, -3.9457633464840614, -4.303179808392508 ,
-4.5634206745106995, -4.812906233781103, -4.99644666260284, -5.23898521252418 ,
-5.456709479870538, -5.8022507014926745, -6.122006297247294, -6.38732577356518 ,
-6.613322801042282 ,
])

Current China Time: 2026-08-03 06:45:30.768491+08:00
differential_evolution step 1: f(x)= -6.761654956557177
Best Solution: [119.917464, 0.033248, 0.00908, 0.000489, 0.000672]
Convergence: 0.0032
----------------------------
differential_evolution step 2: f(x)= -6.761654956557177
Best Solution: [119.917464, 0.033248, 0.00908, 0.000489, 0.000672]
Convergence: 0.0035
----------------------------
differential_evolution step 3: f(x)= -6.761654956557177
Best Solution: [119.917464, 0.033248, 0.00908, 0.000489, 0.000672]
Convergence: 0.0037
----------------------------
differential_evolution step 4: f(x)= -6.761654956557177
Best Solution: [119.917464, 0.033248, 0.00908, 0.000489, 0.000672]
Convergence: 0.0039
----------------------------
differential_evolution step 5: f(x)= -6.761654956557177
Best Solution: [119.917464, 0.033248, 0.00908, 0.000489, 0.000672]
Convergence: 0.004
----------------------------
differential_evolution step 6: f(x)= -6.761654956557177
Best Solution: [119.917464, 0.033248, 0.00908, 0.000489, 0.000672]
Convergence: 0.0041
----------------------------
differential_evolution step 7: f(x)= -6.761654956557177
Best Solution: [119.917464, 0.033248, 0.00908, 0.000489, 0.000672]
Convergence: 0.0043
----------------------------
differential_evolution step 8: f(x)= -6.761654956557177
Best Solution: [119.917464, 0.033248, 0.00908, 0.000489, 0.000672]
Convergence: 0.0046
----------------------------
differential_evolution step 9: f(x)= -6.761654956557177
Best Solution: [119.917464, 0.033248, 0.00908, 0.000489, 0.000672]
Convergence: 0.0047
----------------------------
differential_evolution step 10: f(x)= -6.761654956557177
Best Solution: [119.917464, 0.033248, 0.00908, 0.000489, 0.000672]
Convergence: 0.0048
----------------------------
differential_evolution step 11: f(x)= -6.761654956557177
Best Solution: [119.917464, 0.033248, 0.00908, 0.000489, 0.000672]
Convergence: 0.0048
----------------------------
differential_evolution step 12: f(x)= -6.761654956557177
Best Solution: [119.917464, 0.033248, 0.00908, 0.000489, 0.000672]
Convergence: 0.0051
----------------------------
differential_evolution step 13: f(x)= -6.761654956557177
Best Solution: [119.917464, 0.033248, 0.00908, 0.000489, 0.000672]
Convergence: 0.0052
----------------------------
differential_evolution step 14: f(x)= -6.761654956557177
Best Solution: [119.917464, 0.033248, 0.00908, 0.000489, 0.000672]
Convergence: 0.0053
----------------------------
differential_evolution step 15: f(x)= -6.761654956557177
Best Solution: [119.917464, 0.033248, 0.00908, 0.000489, 0.000672]
Convergence: 0.0055
----------------------------
differential_evolution step 16: f(x)= -6.761654956557177
Best Solution: [119.917464, 0.033248, 0.00908, 0.000489, 0.000672]
Convergence: 0.0058
----------------------------
differential_evolution step 17: f(x)= -6.761654956557177
Best Solution: [119.917464, 0.033248, 0.00908, 0.000489, 0.000672]
Convergence: 0.0059
----------------------------
differential_evolution step 18: f(x)= -6.761654956557177
Best Solution: [119.917464, 0.033248, 0.00908, 0.000489, 0.000672]
Convergence: 0.0062
----------------------------
differential_evolution step 19: f(x)= -6.761654956557177
Best Solution: [119.917464, 0.033248, 0.00908, 0.000489, 0.000672]
Convergence: 0.0065
----------------------------
differential_evolution step 20: f(x)= -6.761654956557177
Best Solution: [119.917464, 0.033248, 0.00908, 0.000489, 0.000672]
Convergence: 0.0066
----------------------------
differential_evolution step 21: f(x)= -6.761654956557177
Best Solution: [119.917464, 0.033248, 0.00908, 0.000489, 0.000672]
Convergence: 0.0068
----------------------------
differential_evolution step 22: f(x)= -6.761654956557177
Best Solution: [119.917464, 0.033248, 0.00908, 0.000489, 0.000672]
Convergence: 0.0069
----------------------------
differential_evolution step 23: f(x)= -6.761654956557177
Best Solution: [119.917464, 0.033248, 0.00908, 0.000489, 0.000672]
Convergence: 0.007
----------------------------
differential_evolution step 24: f(x)= -6.761654956557177
Best Solution: [119.917464, 0.033248, 0.00908, 0.000489, 0.000672]
Convergence: 0.0073
----------------------------
differential_evolution step 25: f(x)= -6.761654956557177
Best Solution: [119.917464, 0.033248, 0.00908, 0.000489, 0.000672]
Convergence: 0.0078
----------------------------
differential_evolution step 26: f(x)= -6.761654956557177
Best Solution: [119.917464, 0.033248, 0.00908, 0.000489, 0.000672]
Convergence: 0.008
----------------------------
differential_evolution step 27: f(x)= -6.761654956557177
Best Solution: [119.917464, 0.033248, 0.00908, 0.000489, 0.000672]
Convergence: 0.0081
----------------------------
differential_evolution step 28: f(x)= -6.761654956557177
Best Solution: [119.917464, 0.033248, 0.00908, 0.000489, 0.000672]
Convergence: 0.0084
----------------------------
differential_evolution step 29: f(x)= -6.761654956557177
Best Solution: [119.917464, 0.033248, 0.00908, 0.000489, 0.000672]
Convergence: 0.0086
----------------------------
differential_evolution step 30: f(x)= -6.761654956557177
Best Solution: [119.917464, 0.033248, 0.00908, 0.000489, 0.000672]
Convergence: 0.0087
----------------------------
differential_evolution step 31: f(x)= -6.761654956557177
Best Solution: [119.917464, 0.033248, 0.00908, 0.000489, 0.000672]
Convergence: 0.0089
----------------------------
differential_evolution step 32: f(x)= -6.761654956557177
Best Solution: [119.917464, 0.033248, 0.00908, 0.000489, 0.000672]
Convergence: 0.0093
----------------------------
differential_evolution step 33: f(x)= -6.761654956557177
Best Solution: [119.917464, 0.033248, 0.00908, 0.000489, 0.000672]
Convergence: 0.0094
----------------------------
differential_evolution step 34: f(x)= -6.761654956557177
Best Solution: [119.917464, 0.033248, 0.00908, 0.000489, 0.000672]
Convergence: 0.0097
----------------------------
differential_evolution step 35: f(x)= -6.761654956557177
Best Solution: [119.917464, 0.033248, 0.00908, 0.000489, 0.000672]
Convergence: 0.0098
----------------------------
differential_evolution step 36: f(x)= -6.761654956557177
Best Solution: [119.917464, 0.033248, 0.00908, 0.000489, 0.000672]
Convergence: 0.0099
----------------------------
differential_evolution step 37: f(x)= -6.761654956557177
Best Solution: [119.917464, 0.033248, 0.00908, 0.000489, 0.000672]
Convergence: 0.0103
----------------------------
differential_evolution step 38: f(x)= -6.761654956557177
Best Solution: [119.917464, 0.033248, 0.00908, 0.000489, 0.000672]
Convergence: 0.0106
----------------------------
differential_evolution step 39: f(x)= -6.761654956557177
Best Solution: [119.917464, 0.033248, 0.00908, 0.000489, 0.000672]
Convergence: 0.0107
----------------------------
differential_evolution step 40: f(x)= -6.761654956557177
Best Solution: [119.917464, 0.033248, 0.00908, 0.000489, 0.000672]
Convergence: 0.0112
----------------------------
differential_evolution step 41: f(x)= -6.761654956557177
Best Solution: [119.917464, 0.033248, 0.00908, 0.000489, 0.000672]
Convergence: 0.0114
----------------------------
differential_evolution step 42: f(x)= -6.761654956557177
Best Solution: [119.917464, 0.033248, 0.00908, 0.000489, 0.000672]
Convergence: 0.012
----------------------------
differential_evolution step 43: f(x)= -6.761654956557177
Best Solution: [119.917464, 0.033248, 0.00908, 0.000489, 0.000672]
Convergence: 0.0122
----------------------------
differential_evolution step 44: f(x)= -6.761654956557177
Best Solution: [119.917464, 0.033248, 0.00908, 0.000489, 0.000672]
Convergence: 0.0125
----------------------------
differential_evolution step 45: f(x)= -6.761654956557177
Best Solution: [119.917464, 0.033248, 0.00908, 0.000489, 0.000672]
Convergence: 0.0125
----------------------------
differential_evolution step 46: f(x)= -6.761654956557177
Best Solution: [119.917464, 0.033248, 0.00908, 0.000489, 0.000672]
Convergence: 0.0126
----------------------------
differential_evolution step 47: f(x)= -6.761654956557177
Best Solution: [119.917464, 0.033248, 0.00908, 0.000489, 0.000672]
Convergence: 0.0128
----------------------------
differential_evolution step 48: f(x)= -6.761654956557177
Best Solution: [119.917464, 0.033248, 0.00908, 0.000489, 0.000672]
Convergence: 0.0133
----------------------------
differential_evolution step 49: f(x)= -6.761654956557177
Best Solution: [119.917464, 0.033248, 0.00908, 0.000489, 0.000672]
Convergence: 0.0133
----------------------------
differential_evolution step 50: f(x)= -6.761654956557177
Best Solution: [119.917464, 0.033248, 0.00908, 0.000489, 0.000672]
Convergence: 0.0135
----------------------------
differential_evolution step 51: f(x)= -6.761654956557177
Best Solution: [119.917464, 0.033248, 0.00908, 0.000489, 0.000672]
Convergence: 0.0135
----------------------------
differential_evolution step 52: f(x)= -6.761654956557177
Best Solution: [119.917464, 0.033248, 0.00908, 0.000489, 0.000672]
Convergence: 0.0138
----------------------------
differential_evolution step 53: f(x)= -6.761654956557177
Best Solution: [119.917464, 0.033248, 0.00908, 0.000489, 0.000672]
Convergence: 0.0138
----------------------------
differential_evolution step 54: f(x)= -6.761654956557177
Best Solution: [119.917464, 0.033248, 0.00908, 0.000489, 0.000672]
Convergence: 0.0142
----------------------------
differential_evolution step 55: f(x)= -6.761654956557177
Best Solution: [119.917464, 0.033248, 0.00908, 0.000489, 0.000672]
Convergence: 0.0145
----------------------------
differential_evolution step 56: f(x)= -6.761654956557177
Best Solution: [119.917464, 0.033248, 0.00908, 0.000489, 0.000672]
Convergence: 0.0147
----------------------------
differential_evolution step 57: f(x)= -6.761654956557177
Best Solution: [119.917464, 0.033248, 0.00908, 0.000489, 0.000672]
Convergence: 0.0151
----------------------------
differential_evolution step 58: f(x)= -6.761654956557177
Best Solution: [119.917464, 0.033248, 0.00908, 0.000489, 0.000672]
Convergence: 0.0153
----------------------------
differential_evolution step 59: f(x)= -6.761654956557177
Best Solution: [119.917464, 0.033248, 0.00908, 0.000489, 0.000672]
Convergence: 0.0157
----------------------------
differential_evolution step 60: f(x)= -6.761654956557177
Best Solution: [119.917464, 0.033248, 0.00908, 0.000489, 0.000672]
Convergence: 0.0163
----------------------------
differential_evolution step 61: f(x)= -6.761654956557177
Best Solution: [119.917464, 0.033248, 0.00908, 0.000489, 0.000672]
Convergence: 0.0164
----------------------------
differential_evolution step 62: f(x)= -6.761654956557177
Best Solution: [119.917464, 0.033248, 0.00908, 0.000489, 0.000672]
Convergence: 0.0161
----------------------------
differential_evolution step 63: f(x)= -6.761654956557177
Best Solution: [119.917464, 0.033248, 0.00908, 0.000489, 0.000672]
Convergence: 0.0171
----------------------------
differential_evolution step 64: f(x)= -6.761654956557177
Best Solution: [119.917464, 0.033248, 0.00908, 0.000489, 0.000672]
Convergence: 0.0174
----------------------------
differential_evolution step 65: f(x)= -6.761654956557177
Best Solution: [119.917464, 0.033248, 0.00908, 0.000489, 0.000672]
Convergence: 0.0174
----------------------------
differential_evolution step 66: f(x)= -6.761654956557177
Best Solution: [119.917464, 0.033248, 0.00908, 0.000489, 0.000672]
Convergence: 0.0178
----------------------------
differential_evolution step 67: f(x)= -6.761654956557177
Best Solution: [119.917464, 0.033248, 0.00908, 0.000489, 0.000672]
Convergence: 0.0183
----------------------------
differential_evolution step 68: f(x)= -6.761654956557177
Best Solution: [119.917464, 0.033248, 0.00908, 0.000489, 0.000672]
Convergence: 0.0183
----------------------------
differential_evolution step 69: f(x)= -6.761654956557177
Best Solution: [119.917464, 0.033248, 0.00908, 0.000489, 0.000672]
Convergence: 0.0185
----------------------------
differential_evolution step 70: f(x)= -6.761654956557177
Best Solution: [119.917464, 0.033248, 0.00908, 0.000489, 0.000672]
Convergence: 0.0192
----------------------------
differential_evolution step 71: f(x)= -6.761654956557177
Best Solution: [119.917464, 0.033248, 0.00908, 0.000489, 0.000672]
Convergence: 0.0198
----------------------------
differential_evolution step 72: f(x)= -6.761654956557177
Best Solution: [119.917464, 0.033248, 0.00908, 0.000489, 0.000672]
Convergence: 0.02
----------------------------
differential_evolution step 73: f(x)= -6.761654956557177
Best Solution: [119.917464, 0.033248, 0.00908, 0.000489, 0.000672]
Convergence: 0.0203
----------------------------
differential_evolution step 74: f(x)= -6.761654956557177
Best Solution: [119.917464, 0.033248, 0.00908, 0.000489, 0.000672]
Convergence: 0.0207
----------------------------
differential_evolution step 75: f(x)= -6.761654956557177
Best Solution: [119.917464, 0.033248, 0.00908, 0.000489, 0.000672]
Convergence: 0.0207
----------------------------
differential_evolution step 76: f(x)= -6.761654956557177
Best Solution: [119.917464, 0.033248, 0.00908, 0.000489, 0.000672]
Convergence: 0.0209
----------------------------
differential_evolution step 77: f(x)= -6.761654956557177
Best Solution: [119.917464, 0.033248, 0.00908, 0.000489, 0.000672]
Convergence: 0.021
----------------------------
differential_evolution step 78: f(x)= -6.761654956557177
Best Solution: [119.917464, 0.033248, 0.00908, 0.000489, 0.000672]
Convergence: 0.0212
----------------------------
differential_evolution step 79: f(x)= -6.761654956557177
Best Solution: [119.917464, 0.033248, 0.00908, 0.000489, 0.000672]
Convergence: 0.0217
----------------------------
differential_evolution step 80: f(x)= -6.761654956557177
Best Solution: [119.917464, 0.033248, 0.00908, 0.000489, 0.000672]
Convergence: 0.0221
----------------------------
differential_evolution step 81: f(x)= -6.761654956557177
Best Solution: [119.917464, 0.033248, 0.00908, 0.000489, 0.000672]
Convergence: 0.0227
----------------------------
differential_evolution step 82: f(x)= -6.761654956557177
Best Solution: [119.917464, 0.033248, 0.00908, 0.000489, 0.000672]
Convergence: 0.023
----------------------------
differential_evolution step 83: f(x)= -6.761654956557177
Best Solution: [119.917464, 0.033248, 0.00908, 0.000489, 0.000672]
Convergence: 0.0242
----------------------------
differential_evolution step 84: f(x)= -6.761654956557177
Best Solution: [119.917464, 0.033248, 0.00908, 0.000489, 0.000672]
Convergence: 0.0245
----------------------------
differential_evolution step 85: f(x)= -6.761654956557177
Best Solution: [119.917464, 0.033248, 0.00908, 0.000489, 0.000672]
Convergence: 0.0246
----------------------------
differential_evolution step 86: f(x)= -6.761654956557177
Best Solution: [119.917464, 0.033248, 0.00908, 0.000489, 0.000672]
Convergence: 0.026
----------------------------
differential_evolution step 87: f(x)= -6.761654956557177
Best Solution: [119.917464, 0.033248, 0.00908, 0.000489, 0.000672]
Convergence: 0.0275
----------------------------
differential_evolution step 88: f(x)= -6.761654956557177
Best Solution: [119.917464, 0.033248, 0.00908, 0.000489, 0.000672]
Convergence: 0.0295
----------------------------
differential_evolution step 89: f(x)= -6.761654956557177
Best Solution: [119.917464, 0.033248, 0.00908, 0.000489, 0.000672]
Convergence: 0.0331
----------------------------
differential_evolution step 90: f(x)= -6.761654956557177
Best Solution: [119.917464, 0.033248, 0.00908, 0.000489, 0.000672]
Convergence: 0.037
----------------------------
differential_evolution step 91: f(x)= -6.761654956557177
Best Solution: [119.917464, 0.033248, 0.00908, 0.000489, 0.000672]
Convergence: 0.0383
----------------------------
differential_evolution step 92: f(x)= -6.761654956557177
Best Solution: [119.917464, 0.033248, 0.00908, 0.000489, 0.000672]
Convergence: 0.0417
----------------------------
differential_evolution step 93: f(x)= -6.761654956557177
Best Solution: [119.917464, 0.033248, 0.00908, 0.000489, 0.000672]
Convergence: 0.0443
----------------------------
differential_evolution step 94: f(x)= -6.761654956557177
Best Solution: [119.917464, 0.033248, 0.00908, 0.000489, 0.000672]
Convergence: 0.0472
----------------------------
differential_evolution step 95: f(x)= -6.761654956557177
Best Solution: [119.917464, 0.033248, 0.00908, 0.000489, 0.000672]
Convergence: 0.05
----------------------------
differential_evolution step 96: f(x)= -6.761654956557177
Best Solution: [119.917464, 0.033248, 0.00908, 0.000489, 0.000672]
Convergence: 0.0547
----------------------------
differential_evolution step 97: f(x)= -6.761654956557177
Best Solution: [119.917464, 0.033248, 0.00908, 0.000489, 0.000672]
Convergence: 0.0569
----------------------------
differential_evolution step 98: f(x)= -6.761654956557177
Best Solution: [119.917464, 0.033248, 0.00908, 0.000489, 0.000672]
Convergence: 0.0586
----------------------------
differential_evolution step 99: f(x)= -6.761654956557177
Best Solution: [119.917464, 0.033248, 0.00908, 0.000489, 0.000672]
Convergence: 0.0609
----------------------------
differential_evolution step 100: f(x)= -6.761654956557177
Best Solution: [119.917464, 0.033248, 0.00908, 0.000489, 0.000672]
Convergence: 0.0621
----------------------------
differential_evolution step 101: f(x)= -6.761654956557177
Best Solution: [119.917464, 0.033248, 0.00908, 0.000489, 0.000672]
Convergence: 0.0648
----------------------------
differential_evolution step 102: f(x)= -6.761654956557177
Best Solution: [119.917464, 0.033248, 0.00908, 0.000489, 0.000672]
Convergence: 0.0651
----------------------------
differential_evolution step 103: f(x)= -6.761654956557177
Best Solution: [119.917464, 0.033248, 0.00908, 0.000489, 0.000672]
Convergence: 0.0824
----------------------------
differential_evolution step 104: f(x)= -6.761654956557177
Best Solution: [119.917464, 0.033248, 0.00908, 0.000489, 0.000672]
Convergence: 0.0841
----------------------------
differential_evolution step 105: f(x)= -6.761654956557177
Best Solution: [119.917464, 0.033248, 0.00908, 0.000489, 0.000672]
Convergence: 0.086
----------------------------
differential_evolution step 106: f(x)= -6.761654956557177
Best Solution: [119.917464, 0.033248, 0.00908, 0.000489, 0.000672]
Convergence: 0.093
----------------------------
differential_evolution step 107: f(x)= -6.761654956557177
Best Solution: [119.917464, 0.033248, 0.00908, 0.000489, 0.000672]
Convergence: 0.1013
----------------------------
differential_evolution step 108: f(x)= -6.761654956557177
Best Solution: [119.917464, 0.033248, 0.00908, 0.000489, 0.000672]
Convergence: 0.1186
----------------------------
differential_evolution step 109: f(x)= -6.761654956557177
Best Solution: [119.917464, 0.033248, 0.00908, 0.000489, 0.000672]
Convergence: 0.1147
----------------------------
differential_evolution step 110: f(x)= -6.761654956557177
Best Solution: [119.917464, 0.033248, 0.00908, 0.000489, 0.000672]
Convergence: 0.1174
----------------------------
differential_evolution step 111: f(x)= -6.761654956557177
Best Solution: [119.917464, 0.033248, 0.00908, 0.000489, 0.000672]
Convergence: 0.1256
----------------------------
differential_evolution step 112: f(x)= -6.761654956557177
Best Solution: [119.917464, 0.033248, 0.00908, 0.000489, 0.000672]
Convergence: 0.1292
----------------------------
differential_evolution step 113: f(x)= -6.761654956557177
Best Solution: [119.917464, 0.033248, 0.00908, 0.000489, 0.000672]
Convergence: 0.1373
----------------------------
differential_evolution step 114: f(x)= -6.761654956557177
Best Solution: [119.917464, 0.033248, 0.00908, 0.000489, 0.000672]
Convergence: 0.1509
----------------------------
differential_evolution step 115: f(x)= -6.761654956557177
Best Solution: [119.917464, 0.033248, 0.00908, 0.000489, 0.000672]
Convergence: 0.1494
----------------------------
differential_evolution step 116: f(x)= -6.761654956557177
Best Solution: [119.917464, 0.033248, 0.00908, 0.000489, 0.000672]
Convergence: 0.1534
----------------------------
differential_evolution step 117: f(x)= -6.761654956557177
Best Solution: [119.917464, 0.033248, 0.00908, 0.000489, 0.000672]
Convergence: 0.1705
----------------------------
differential_evolution step 118: f(x)= -6.761654956557177
Best Solution: [119.917464, 0.033248, 0.00908, 0.000489, 0.000672]
Convergence: 0.1799
----------------------------
differential_evolution step 119: f(x)= -6.761654956557177
Best Solution: [119.917464, 0.033248, 0.00908, 0.000489, 0.000672]
Convergence: 0.199
----------------------------
differential_evolution step 120: f(x)= -6.761654956557177
Best Solution: [119.917464, 0.033248, 0.00908, 0.000489, 0.000672]
Convergence: 0.2054
----------------------------
differential_evolution step 121: f(x)= -6.761654956557177
Best Solution: [119.917464, 0.033248, 0.00908, 0.000489, 0.000672]
Convergence: 0.2027
----------------------------
differential_evolution step 122: f(x)= -6.761654956557177
Best Solution: [119.917464, 0.033248, 0.00908, 0.000489, 0.000672]
Convergence: 0.2112
----------------------------
differential_evolution step 123: f(x)= -6.761654956557177
Best Solution: [119.917464, 0.033248, 0.00908, 0.000489, 0.000672]
Convergence: 0.2099
----------------------------
differential_evolution step 124: f(x)= -6.761654956557177
Best Solution: [119.917464, 0.033248, 0.00908, 0.000489, 0.000672]
Convergence: 0.2258
----------------------------
differential_evolution step 125: f(x)= -6.761654956557177
Best Solution: [119.917464, 0.033248, 0.00908, 0.000489, 0.000672]
Convergence: 0.2399
----------------------------
differential_evolution step 126: f(x)= -6.761654956557177
Best Solution: [119.917464, 0.033248, 0.00908, 0.000489, 0.000672]
Convergence: 0.3008
----------------------------
differential_evolution step 127: f(x)= -6.761654956557177
Best Solution: [119.917464, 0.033248, 0.00908, 0.000489, 0.000672]
Convergence: 0.3725
----------------------------
differential_evolution step 128: f(x)= -6.761654956557177
Best Solution: [119.917464, 0.033248, 0.00908, 0.000489, 0.000672]
Convergence: 0.3864
----------------------------
differential_evolution step 129: f(x)= -6.788713964542017
Best Solution: [119.91747145, 0.03324952, 0.00908062, 0.00048774, 0.00067074]
Convergence: 0.399
----------------------------
differential_evolution step 130: f(x)= -6.788713964542017
Best Solution: [119.91747145, 0.03324952, 0.00908062, 0.00048774, 0.00067074]
Convergence: 0.4395
----------------------------
differential_evolution step 131: f(x)= -6.788713964542017
Best Solution: [119.91747145, 0.03324952, 0.00908062, 0.00048774, 0.00067074]
Convergence: 0.4875
----------------------------
differential_evolution step 132: f(x)= -6.788713964542017
Best Solution: [119.91747145, 0.03324952, 0.00908062, 0.00048774, 0.00067074]
Convergence: 0.5735
----------------------------
differential_evolution step 133: f(x)= -6.795762991409739
Best Solution: [119.91746912, 0.03325123, 0.00908027, 0.0004875, 0.00067083]
Convergence: 0.6214
----------------------------
differential_evolution step 134: f(x)= -6.795762991409739
Best Solution: [119.91746912, 0.03325123, 0.00908027, 0.0004875, 0.00067083]
Convergence: 0.636
----------------------------
differential_evolution step 135: f(x)= -6.795762991409739
Best Solution: [119.91746912, 0.03325123, 0.00908027, 0.0004875, 0.00067083]
Convergence: 0.8982
----------------------------
differential_evolution step 136: f(x)= -6.795762991409739
Best Solution: [119.91746912, 0.03325123, 0.00908027, 0.0004875, 0.00067083]
Convergence: 0.9787
----------------------------
differential_evolution step 137: f(x)= -6.812432549438785
Best Solution: [119.91747671, 0.03325115, 0.00907992, 0.0004886, 0.00067189]
Convergence: 1.3098
----------------------------

Optimal result for tg=119.917464:
             message: Optimization terminated successfully.
             success: True
                 fun: -6.812432549438785
                   x: [ 1.199e+02  3.325e-02  9.080e-03  4.886e-04
                        6.719e-04]
                 nit: 137
                nfev: 8832
          population: [[ 1.199e+02  3.325e-02 ...  4.886e-04  6.719e-04]
                       [ 1.199e+02  3.325e-02 ...  4.864e-04  6.692e-04]
                       ...
                       [ 1.199e+02  3.325e-02 ...  4.876e-04  6.702e-04]
                       [ 1.199e+02  3.325e-02 ...  4.880e-04  6.714e-04]]
 population_energies: [-6.812e+00 -6.694e+00 ... -6.650e+00 -6.744e+00]
Gate errors (log10) (truc1=157):
-6.1220063, -6.38732577, -6.6133228, -6.81243255
Drive parameters:
[119.917477, 0.033251, 0.00908, 0.000489, 0.000672]100%|██████████| 18/18 [19:52:22<00:00, 5370.44s/it]  100%|██████████| 18/18 [19:52:22<00:00, 3974.56s/it]

Full system error (truc_full=300):
-6.1220063, -6.38732577, -6.6133228, -6.81243255

f_optimize = np.array([
-0.31973913046342156, -0.7375473983245805, -1.7662930626008015, -2.616729412839989 ,
-3.1904541405726463, -3.5992150481270415, -3.9457633464840614, -4.303179808392508 ,
-4.5634206745106995, -4.812906233781103, -4.99644666260284, -5.23898521252418 ,
-5.456709479870538, -5.8022507014926745, -6.122006297247294, -6.38732577356518 ,
-6.613322801042282, -6.812432549438785 ,
])

f_optimize = np.array([
-0.31973913046342156, -0.7375473983245805, -1.7662930626008015, -2.616729412839989 ,
-3.1904541405726463, -3.5992150481270415, -3.9457633464840614, -4.303179808392508 ,
-4.5634206745106995, -4.812906233781103, -4.99644666260284, -5.23898521252418 ,
-5.456709479870538, -5.8022507014926745, -6.122006297247294, -6.38732577356518 ,
-6.613322801042282, -6.812432549438785 ,
])

Current China Time: 2026-08-03 08:35:24.471450+08:00
