tg,0,2,9,10,19,33,37,47,other
0.0,1.0,0.0,0.0,0.0,0.0,0.0,0.0,0.0,0.0
0.3607395871743487,0.999998053603884,4.196013673177365e-18,1.02496628279674e-08,1.9239834746826845e-06,3.1153146791062544e-11,4.1941292540495964e-13,7.948770459549962e-13,2.54496782975394e-16,1.2130610738125824e-08
0.7214791743486973,0.9999837561617517,2.9077752606682957e-16,1.3726745609533337e-07,1.6079467915802367e-05,5.761299159819232e-11,4.9857570692654965e-11,1.0684561643748226e-10,3.711063716427899e-15,2.6888556159399002e-08
1.082218761523046,0.9999615267644977,1.0381215653869628e-15,5.479760142458817e-07,3.784737466092085e-05,9.796083809068324e-11,4.0908574975220535e-10,1.446805060959409e-09,9.005381636284644e-15,7.593096551516965e-08
1.4429583486973947,0.9999470153752107,2.6669669691354795e-14,1.3360025884916847e-06,5.145536285994229e-05,2.694247160117701e-10,1.0153458533845114e-09,7.868540743792917e-09,1.1504532057885475e-14,1.8410599156304386e-07
1.8036979358717433,0.9999340477683666,2.703709584647217e-13,2.515417290306958e-06,6.309303586435131e-05,4.585723330754941e-10,2.453028440536307e-09,2.0786158767001293e-08,2.5667812211573235e-14,3.2008042316622465e-07
2.164437523046092,0.9998899033385351,8.120271055180899e-13,3.839086884962318e-06,0.0001058278882325815,4.375135205376731e-10,7.653037611597834e-09,3.315003915773925e-08,2.237020635011203e-14,3.884449227831155e-07
2.5251771102204406,0.999835431345157,1.3999290832975987e-12,4.653928566147657e-06,0.00015932056506596292,4.4683829598476807e-10,1.6252649028425186e-08,5.8035204218185406e-08,8.812589245567989e-16,5.194251185836052e-07
2.8859166973947894,0.999778470393847,2.6487363488238665e-12,4.538931179354407e-06,0.00021589469160294698,1.4997102222672916e-09,1.9858553219184194e-08,1.278413247528322e-07,2.7096132338284784e-14,9.467811065144716e-07
3.2466562845691382,0.9997246695817147,6.237624781211422e-12,4.205686366664099e-06,0.0002693899620681201,2.6574281602556965e-09,2.093601990748364e-08,2.40092616659907e-07,5.492095785070887e-14,1.4710774931536719e-06
3.6073958717434866,0.9996398136515587,1.3540439573032451e-11,5.0911668922818886e-06,0.0003532053826643358,2.840692972963782e-09,4.153412186591364e-08,3.04888145091138e-07,1.4141598799785448e-13,1.5405222427711251e-06
3.9681354589178355,0.999571080099913,2.1897156926402465e-11,7.542617517195148e-06,0.0004195346012734746,1.8481124046345107e-09,9.064122464332e-08,3.6141453813014677e-07,9.408322199223868e-14,1.3887554299873983e-06
4.328875046092184,0.9995134799917612,2.977225635341651e-11,1.0255933097037134e-05,0.0004737872389060624,2.713182245687727e-09,1.21984058315113e-07,5.873208591570486e-07,1.9271614138227968e-14,1.7647883444604773e-06
4.689614633266533,0.9993884324696023,5.437028524515993e-11,1.2506142949302806e-05,0.0005950405220595164,5.072370350155308e-09,1.1770750472244266e-07,1.0140741254733447e-06,1.239534329850804e-13,2.883956894184081e-06
5.050354220440881,0.999188333760383,1.0464019721909608e-10,1.540423406253391e-05,0.000790888329994491,8.255757597064133e-09,1.6289028000648095e-07,1.3716749938337391e-06,8.577641917792111e-13,3.8307490305422576e-06
5.41109380761523,0.9991149721630214,1.5721837428664642e-10,1.93771492582852e-05,0.0008602542067219113,5.001751604003378e-09,3.285468175192023e-07,1.5734365696330773e-06,5.529922805182248e-13,3.489338088469296e-06
5.771833394789579,0.9991862346860554,2.0323638910098626e-10,2.2220699637518568e-05,0.0007862133294841997,2.9402429073081993e-09,4.985268294960204e-07,2.0234813620788136e-06,1.0215085232003249e-13,2.8061330498152515e-06
6.132572981963928,0.9991059181245242,2.667196667708119e-10,2.2016863093838614e-05,0.0008650924385593125,3.5858355717791026e-09,5.395377826820696e-07,2.8795417743656233e-06,3.041976646474801e-14,3.549641679922999e-06
6.4933125691382765,0.998810923895332,4.194031092365172e-10,2.1324737013904192e-05,0.001158568507894558,7.989278722538259e-09,5.389994878279899e-07,3.7869407881174435e-06,4.3873677339856835e-13,4.848510363197889e-06
6.854052156312624,0.9985828669080961,6.483047885262551e-10,2.502966506498479e-05,0.0013814894004644663,6.707539979068176e-09,7.862542429919068e-07,4.373644103566416e-06,2.4427856337645564e-12,5.446769740347079e-06
7.214791743486973,0.9986264653603151,8.484954405661479e-10,3.2727710929906335e-05,0.00132867061920581,5.44106354394335e-09,1.2465456825884077e-06,5.281970972475736e-06,1.0988022029513332e-12,5.6015022364963585e-06
7.575531330661322,0.9985059878578157,1.0257768794635849e-09,3.8355930148635375e-05,0.001439923635326475,7.665616086072433e-09,1.4306932983509547e-06,7.058689260765667e-06,6.55675511232753e-13,7.234502101272078e-06
7.936270917835671,0.9979001034845996,1.372803028023272e-09,3.9610996908088864e-05,0.002037862345276398,2.0016395283309465e-08,1.2360965337742977e-06,9.614159908080836e-06,3.3882226027702426e-13,1.1551527236974835e-05
8.29701050501002,0.9972871068363195,1.889652570930495e-09,4.169701987158806e-05,0.002642988780265235,3.084429709978469e-08,1.2277924424162064e-06,1.2107223421238617e-05,4.865610914626733e-12,1.4839608864725129e-05
8.657750092184369,0.9974221797974655,2.574290338133279e-09,4.876049722851969e-05,0.002499077606686281,2.0651522563713428e-08,2.123931965890605e-06,1.3874268714964957e-05,5.278206642267692e-12,1.3960666847556702e-05
9.018489679358717,0.9978014105044658,3.120695552977411e-09,5.6192576786518375e-05,0.002111691424883807,1.0815651427091699e-08,3.278231059379683e-06,1.555983967472564e-05,1.170966234615429e-12,1.1853485611834635e-05
9.379229266533066,0.997536888467628,3.563419405666178e-09,5.74257032586343e-05,0.002371172412794172,9.995003000462394e-09,3.6729988904189406e-06,1.8157069531320076e-05,3.885710842025393e-12,1.2669785589336513e-05
9.739968853707413,0.9967854859684288,4.700629848025324e-09,5.6869660483522245e-05,0.0031162709065027353,2.749884856767927e-08,3.4397313313899843e-06,2.2218264892796245e-05,2.2068410394958374e-11,1.5683246813891216e-05
10.100708440881762,0.9965643421087825,6.488725576796841e-09,6.568903263151698e-05,0.00332037626752354,2.1608157938691386e-08,4.354416448729964e-06,2.6777707763021602e-05,3.6616125793747624e-11,1.843233335097061e-05
10.461448028056111,0.99693918373372,7.867322759953246e-09,8.307060196349087e-05,0.002922789317686284,1.656937277326946e-08,6.607930364561959e-06,2.9856619542590126e-05,1.8493773098896647e-11,1.8467341533767723e-05
10.82218761523046,0.9967791111368288,8.48645772722299e-09,9.515883999804376e-05,0.003064565429632988,5.3523242280780045e-09,8.113990767636492e-06,3.3112382454403356e-05,6.636983295746995e-13,1.99243808725047e-05
11.182927202404809,0.9956607417228015,9.617222026746866e-09,9.52575793998606e-05,0.004169640451528213,4.2455070832724597e-08,7.584255356516096e-06,4.050355629893236e-05,5.324583810197267e-12,2.6220356997508354e-05
11.543666789579158,0.9948005331991506,1.2907201155384302e-08,9.398005911436265e-05,0.0050159402602117575,4.442508671079949e-08,6.600132340561842e-06,5.229364686659736e-05,4.751855407369847e-11,3.0595322509596734e-05
11.904406376753506,0.9950727242259914,1.7213700400161097e-08,0.00010353437925069814,0.004723797575270876,5.6472030776979756e-08,9.124912432039576e-06,5.9865373411373535e-05,1.07750267724193e-10,3.087974016224848e-05
12.265145963927855,0.9953443369069226,1.8267315527866385e-08,0.00011692016917012611,0.0044308813676917705,1.1054058932641002e-08,1.3561625546558296e-05,6.16504094659628e-05,2.0794156699443335e-11,3.262017903449266e-05
12.625885551102204,0.9945040492932251,1.9028403483539825e-08,0.00011890406836510864,0.0052556266267576035,4.310049285947565e-08,1.4466275970608162e-05,6.96576556202004e-05,3.069820803736891e-11,3.7233920466839265e-05
12.986625138276553,0.993074444485918,2.425106560298742e-08,0.00011542592566400572,0.0066622668094615135,6.226980438680285e-08,1.1459045149598066e-05,9.103623862747166e-05,1.425136422604563e-10,4.5280831795668774e-05
13.347364725450902,0.9926529487325148,3.12293157630817e-08,0.00012860084148312229,0.007044136251147972,1.1638954037595171e-07,1.274189485449206e-05,0.00010962131278016848,2.491380722290993e-10,5.180309922536708e-05
13.708104312625249,0.9933289082924245,3.3781978938967154e-08,0.00016119751268520876,0.006327539119216262,3.0089361085179974e-08,2.134018261216822e-05,0.00010825817865693998,1.3127186976104276e-10,5.2692711793089764e-05
14.068843899799598,0.993712052031365,3.372457036497501e-08,0.00018842056044652558,0.005912334758523208,2.303955579824003e-08,2.9272566113021485e-05,0.00010757549777833794,1.5746309704984858e-11,5.0287805901327864e-05
14.429583486973947,0.9928717162032172,3.847366395579606e-08,0.00019177437933659788,0.00672566909056402,3.831078202939941e-08,2.8994727125715664e-05,0.0001282978416464943,3.220414913307797e-10,5.3470651622533616e-05
14.790323074148295,0.9918809226556959,5.2215847373485106e-08,0.00018689994539226618,0.007690211794908344,9.646499803878911e-08,2.5220179237112012e-05,0.00016218111296940148,9.407221225618797e-10,5.4414690229376284e-05
15.151062661322644,0.9917035627797175,6.02307320899707e-08,0.0002007080456705748,0.007826177300050745,8.739134663573105e-08,3.1960393382160416e-05,0.00017417402030431327,1.5815317713668442e-09,6.326825726421514e-05
15.511802248496993,0.9918603751439686,5.7756604362163077e-08,0.00022493199890917718,0.007620333052474641,1.5631714838013852e-08,4.501409468132491e-05,0.00017364793614002054,1.6642562101567852e-10,7.562421908136052e-05
15.872541835671342,0.9907847578160927,6.138661918967001e-08,0.0002304893928788133,0.008647356998699753,5.682691432049978e-08,4.645082529487999e-05,0.00020222167717098594,5.295667466395783e-11,8.860502337271203e-05
16.23328142284569,0.98833912885863,7.548771503806015e-08,0.00022111503080515994,0.011037313559139117,1.1789094433235434e-07,3.505297334922296e-05,0.0002666761207838581,1.8452236075044363e-10,0.00010051989411086204
16.59402101002004,0.9867377052580779,8.697139660488436e-08,0.00023363681142670275,0.012576707796380407,2.903599421285207e-07,3.2415911809463234e-05,0.00031142013486853076,9.953365550185798e-10,0.00010773576076161806
16.954760597194387,0.9875486319321847,8.81817865820956e-08,0.0002823912418589255,0.011695153968302226,5.771486759280934e-08,5.3542238604518423e-05,0.00030155797906199927,1.4906575911359495e-09,0.00011857525267600089
17.315500184368737,0.9889699787634431,8.931360494133067e-08,0.0003288049008939957,0.010197473440798743,6.082655026807439e-08,7.638491058984298e-05,0.0003020857560696426,4.5859448348942156e-11,0.0001251220421901733
17.676239771543084,0.9882052882528055,1.044652621675143e-07,0.0003342165340394557,0.010907013524576434,5.31388196611466e-08,7.582058327180327e-05,0.00035348374655777695,3.0167841260305414e-09,0.0001240167378829815
18.036979358717435,0.9858972868441691,1.2535024016233044e-07,0.00032253963784614477,0.013168463035542793,3.54024230667913e-07,6.459463071368401e-05,0.0004209753106099705,7.238523045964106e-09,0.00012565392812446952
18.397718945891782,0.985211238841906,1.2266441682618119e-07,0.0003454988896151119,0.013766946857265143,1.0715044471985023e-07,7.993060126898209e-05,0.0004414877020254403,8.246141836546152e-09,0.00015465904691591703
18.758458533066133,0.9868235735109955,1.2278205492574246e-07,0.0003962856410561241,0.01204500174922554,9.304986718136971e-08,0.00011418666936892873,0.00044045332899650587,1.3491061655095036e-09,0.0001802819193291727
19.11919812024048,0.9867566555617697,1.3173443964966234e-07,0.00042451035061551905,0.012017127551092844,8.755755383466182e-09,0.0001276957473263623,0.0004821921498539542,8.578749229281103e-10,0.00019167729127167465
19.479937707414827,0.9833852284093179,1.4417301495994787e-07,0.00041952771846260446,0.015302547491951354,2.9053544998874713e-07,0.00011090283051379134,0.0005782706386666521,4.9330863368468e-09,0.0002030832695363305
19.840677294589177,0.9806614702114755,1.5402161737142203e-07,0.0004309679514219165,0.017938358234974777,3.514427926065272e-07,9.728262839327426e-05,0.0006700152487024656,1.678103611287382e-08,0.00020138347958587044
20.201416881763524,0.9817440614844721,1.663951939672842e-07,0.0004941361150772944,0.01669942508544101,2.7435163234511787e-07,0.00013204489073084387,0.0006908361608821982,2.036984457665285e-08,0.00023903514672574122
20.562156468937875,0.9830979418433246,1.68948367695119e-07,0.0005565540111255883,0.015182097299414762,6.241113259286726e-08,0.00017741650007115678,0.0007015924266706325,1.52951554920472e-09,0.00028416503037731466
20.922896056112222,0.9803876157793632,1.7449814115210318e-07,0.0005550329989105201,0.017785346429937385,2.388333090230507e-07,0.00017195508005208993,0.0007965167976312481,6.59933095000857e-09,0.0003031129833245272
21.283635643286573,0.9755377025318055,1.702077713649949e-07,0.0005252975836958901,0.022524986164476693,4.3814629956088225e-07,0.0001299288838045969,0.00097501197491258,1.61407906960053e-08,0.0003064483664431128
21.64437523046092,0.9747188156575459,1.8791704781861323e-07,0.0005542900480726708,0.023154046572194453,5.623113852659228e-07,0.00014441321032759513,0.0010742279960897253,1.6716565736884224e-08,0.00035343957077094146
22.00511481763527,0.9781047777587797,2.0613648953090865e-07,0.0006475825481371884,0.019584882346709825,2.0915460112902837e-07,0.0002282290244041729,0.0010161615264331894,5.776627825129124e-09,0.0004179457278173926
22.365854404809618,0.979669140871781,1.7703931889174982e-07,0.0007238163948536441,0.017877464987223087,8.326896888141481e-08,0.0002928679160566307,0.0009910169365822525,7.424372253152292e-09,0.00044542516084344896
22.726593991983968,0.9768708285332979,1.8076836759257936e-07,0.000738680559734006,0.020539844353243242,3.2720936976084906e-07,0.00028049468860765966,0.0011312027113743713,6.141644772088461e-08,0.0004383797595578498
23.087333579158315,0.9741576081894232,2.3676960199895382e-07,0.0007554126174338031,0.023079184031883387,7.088649087011604e-07,0.0002450581012312401,0.001340748415064658,1.3126775034147599e-07,0.0004209117427026454
23.448073166332662,0.9746689275951786,2.6332340307546213e-07,0.0008430804319573263,0.022288020241076286,8.578667312489271e-07,0.000303500606397748,0.0013704593940212504,1.4723170813369378e-07,0.0005247433095263432
23.808812753507013,0.9755740388782047,2.1611013197661146e-07,0.0009358661777874845,0.02110761313323995,3.589174203260272e-09,0.00039932306463030766,0.0013328705464965484,1.2403222405037487e-08,0.0006500560971123281
24.16955234068136,0.972009579765833,1.9756986882270517e-07,0.0009403295240128517,0.024437102579508534,1.9805604059466265e-07,0.0003934695731389877,0.0015137249658920544,5.200365524079883e-09,0.0007053927653396519
24.53029192785571,0.9652930613226574,2.599672512364383e-07,0.000891173291879723,0.03091363894655316,4.740750820267186e-07,0.0002917489418798962,0.0019244822282395795,1.6725736820839753e-08,0.0006851445007201029
24.891031515030058,0.9624926151256368,4.0007984000939367e-07,0.0009139055126947734,0.033469730778659224,1.991936491431716e-06,0.00027281427194647534,0.0021448544930267347,6.446822149679684e-08,0.000703623333483061
25.25177110220441,0.9658188496877311,3.4338858997329017e-07,0.001049948683635475,0.029839178671527907,1.7757593414688668e-07,0.0004241746390298576,0.001986737517323593,8.977230461118944e-08,0.0008805000639232619
25.612510689378755,0.9689360550665689,3.054929267373737e-07,0.0011782837730788843,0.026384811792747577,1.656862334991724e-07,0.0005659404778796391,0.0019335473238547636,6.064205488254418e-09,0.0010008843225045583
25.973250276553106,0.9659766764889255,4.6258132684097973e-07,0.0012053444970825332,0.029074691176871545,4.4199121315389674e-07,0.0005414947737816396,0.0022313877754711452,2.49605090257348e-07,0.0009692511102373791
26.333989863727453,0.960494318862775,6.674717183092522e-07,0.0012236068212489763,0.034284312016130705,2.8288095239878757e-06,0.0004565553687434519,0.0025908533175971952,4.067720905029372e-07,0.0009464505601718409
26.694729450901804,0.9603098671016349,6.352226414467082e-07,0.0013539242504214013,0.03399220051052351,5.993218259656821e-07,0.0005592877338322939,0.002592552875459384,3.7964915439354595e-07,0.0011905533345066832
27.05546903807615,0.9648048443544194,6.144016017197788e-07,0.001519197100314974,0.029023092485457654,6.169197615849198e-07,0.0007666722216989883,0.002464417954858608,5.685906684330072e-08,0.0014204877028202167
27.416208625250498,0.9640511370212957,8.467621969475928e-07,0.0015805137810297012,0.029413864124263348,9.534582180695757e-08,0.0008351763238146389,0.0026241142734686556,6.812123210192944e-08,0.0014941842468769728
27.77694821242485,0.9563841030820399,1.3733887665275778e-06,0.001542762624457754,0.036783476001785304,1.9893429491879193e-06,0.0007200875568902531,0.003115251982564532,3.709690060653733e-07,0.0014505850515404983
28.137687799599195,0.9519252647645176,1.4274522730488906e-06,0.0015649415662399154,0.040917107052129045,1.8304643000340998e-06,0.0006414875544663335,0.003514667489955293,7.659438588819015e-07,0.0014325077122598895
28.498427386773546,0.9550563442798834,1.3158181822394571e-06,0.001743337527939344,0.03716456046656838,2.7043770811207578e-06,0.0008280058195377472,0.0034269227363630046,8.485507391459293e-07,0.001775960423705647
28.859166973947893,0.9568282905441132,1.962964735097998e-06,0.0019166871733330574,0.034754349213495156,6.078984763895134e-07,0.0010429646433267436,0.003362300587173226,3.885404056149668e-08,0.0020927981213065827
29.219906561122244,0.949630197883656,2.8026483677298297e-06,0.0019447621748275295,0.04146130240845824,1.2861625029278572e-06,0.0009716184963190393,0.0038723467135701973,2.937206362330064e-07,0.002115389791662148
29.58064614829659,0.9397969864870749,2.8418229501340693e-06,0.001948908737334918,0.05075928099301734,1.6095149176581664e-06,0.0007299408293157586,0.004733561295931114,3.325936886732026e-07,0.0020265377257694395
29.94138573547094,0.9392804291033077,3.1278862116942005e-06,0.0021149626887236265,0.05053185255163204,5.564185327457522e-06,0.0008276279929141301,0.004905420282506033,4.0877411813562685e-07,0.002330606535259183
30.30212532264529,0.9468579973328664,4.366543881226181e-06,0.0023902353736705365,0.042297547705286216,1.2539705693652735e-06,0.0012566784034139808,0.004360843734930014,1.4987596180195568e-07,0.0028309270594203406
30.66286490981964,0.9501423445278679,5.783870641797276e-06,0.0025597608818497524,0.03847719946416535,2.0477670758732807e-07,0.0015384948775173997,0.004244693328564618,2.631237994683744e-07,0.003031255148886136
31.023604496993986,0.9445917883319791,6.092409556883279e-06,0.002559807913252772,0.04357414493610395,9.059634047903085e-07,0.0014499499968860469,0.004934363355102944,2.3336858299417583e-06,0.002880613407883814
31.384344084168333,0.9392450652198756,6.470436765601863e-06,0.0026034340790471403,0.04842195814741599,1.1275685219934753e-05,0.0012964038941578903,0.0055903022301353805,2.9343075198923e-06,0.0028221559998625745
31.745083671342684,0.940768721338457,8.816311426858653e-06,0.0028636437556177033,0.04593578995315299,3.9543400893808705e-06,0.0015537769664037795,0.005349915729771258,3.1463533384546094e-06,0.0035122352517426014
32.105823258517034,0.9432329690104713,1.0673227132567138e-05,0.0031253665662728403,0.04244687700410267,7.659884609802188e-07,0.0019054961078389062,0.005150822998714842,2.888212969699371e-07,0.004126740275709029
32.46656284569138,0.93539984394108,1.0916245561429747e-05,0.0031960963476393442,0.04941699698542361,7.99303611555785e-07,0.0018287348329700135,0.005914253533683805,2.721346735053081e-07,0.004232086675356905
32.82730243286573,0.9215401675871658,1.3457518276555614e-05,0.003195651875442241,0.06256039038009768,8.080538409587643e-06,0.0014076341666502548,0.007326180698825612,6.025993260997386e-07,0.003947834635806169
33.18804202004008,0.917782532251272,1.7196727234136256e-05,0.003392571270338499,0.06548049274182671,8.545381694035903e-06,0.0013888683985439688,0.007822970993174574,1.1155293940743528e-06,0.004105706706521994
33.54878160721443,0.9261005829615023,1.7953516869102554e-05,0.00379305267587211,0.05601840745487457,5.67548950134358e-06,0.0019912445067434884,0.00703432024852137,1.7791964376781195e-06,0.005036983949678109
33.90952119438877,0.9305350564087529,2.0959945706552074e-05,0.00407428287285377,0.05059043506693048,2.9875201361400073e-06,0.002468800605307035,0.006752003447931342,3.5688540114840505e-07,0.0055551172469806565
34.270260781563124,0.9224243700485024,2.6446742959596765e-05,0.004109219508957224,0.058032436887109365,8.56879762754539e-06,0.002335850943299812,0.0077931867209635585,4.589791944184144e-06,0.005265330558636316
34.631000368737475,0.9129280954450443,2.9216337121690165e-05,0.0041982823061531265,0.06671744777962935,1.1766539148192873e-05,0.002010369879003216,0.008977610581309378,4.0774501262537135e-06,0.005123133682464531
34.99173995591182,0.915333731171487,3.095520848741309e-05,0.0045691568225285665,0.06286716750657202,1.5698300459226182e-05,0.002399461829040746,0.008591850315249979,4.7880115734358655e-06,0.006187190834601619
35.35247954308617,0.9238730706022829,3.795331089186759e-05,0.004986475363592111,0.05308135390428899,6.166118988042445e-06,0.0031207071946942975,0.007741403765571074,6.323338397341572e-07,0.007152237405851025
35.71321913026052,0.9212634876546032,4.717451238688196e-05,0.005198998642514106,0.054680639707340675,1.394115482185243e-06,0.003336862675728558,0.008117571259133611,1.3045323379857954e-06,0.007352566900472923
36.07395871743487,0.9084415252671173,5.055981354230186e-05,0.005261381825490585,0.0667009355746858,6.043602144545125e-06,0.002960942037201328,0.00978124606563021,7.442636126796315e-06,0.006789923178061041
36.43469830460921,0.902892268545614,5.055077468143857e-05,0.005501338877145899,0.07137314309414376,3.95572629360969e-05,0.0028189461541450814,0.01075561938888094,6.157135577110515e-06,0.006562418766875688
36.795437891783564,0.9084177506805455,6.351348224125585e-05,0.006059528731357285,0.06413828491634566,1.64207832661778e-05,0.003462854963672651,0.009872091583910114,9.26395376749593e-06,0.007960290904893919
37.156177478957915,0.9097778305832727,7.658498893514047e-05,0.0065039749233635645,0.06114063087667253,3.6204933647200224e-06,0.003986285890657776,0.009520918904673981,5.084123703363643e-07,0.0089896449266893
37.516917066132265,0.8958749799194468,7.699198245548353e-05,0.006620018686938643,0.07397227388402373,1.0974569679048692e-05,0.003581906802386207,0.011297409074721772,4.021228608894533e-06,0.008561423851739525
37.87765665330661,0.8797891132169386,8.439603969956336e-05,0.006736946212528181,0.0891109556859455,4.0522190930221004e-05,0.002806773772361856,0.01369159516098115,4.929051476305624e-07,0.007739204815467304
38.23839624048096,0.8810281212800785,0.00010490733772518452,0.007215607022267692,0.08621828033756762,2.6027765465985546e-05,0.003291201058995426,0.013407980498532401,2.2116958115808174e-06,0.008705663003555686
38.59913582765531,0.8953675922277224,0.00011413671171414906,0.007851260374035926,0.070288448572637,1.607564632126491e-05,0.004658857448312707,0.011381053565636927,1.7748599166162694e-06,0.010320800593703106
38.95987541482965,0.9003938971269445,0.0001277084194350619,0.008245319683777215,0.06419628191703831,1.159421201496606e-05,0.00536369114510335,0.011045236117972103,2.9972753776222804e-06,0.0106132741023367
39.320615002004004,0.890477718230935,0.00014427783687166688,0.008400642507726415,0.07347837988246718,3.0481476950155838e-05,0.0051076314267486525,0.012933353049583258,1.9984552169512544e-05,0.009407531036548122
39.681354589178355,0.8825780807176545,0.00015464990341874197,0.008775746591502147,0.08040660415616947,6.175687069256747e-05,0.004961641115029402,0.014230498822495422,9.720598690187322e-06,0.008821301224347544
40.042094176352705,0.8875181374880601,0.00016955062821212148,0.009545330764460321,0.07321137605198907,4.67392785289424e-05,0.005862688408948642,0.012991532782350733,1.6701070036076705e-05,0.010637943527414095
40.40283376352705,0.891827293161857,0.0001963999300761558,0.01021303320227525,0.06693842356658311,1.943833960391415e-05,0.006640061653884534,0.012213309292776378,2.4303283536830703e-06,0.011949610524589871
40.7635733507014,0.877331342528439,0.00021575299931328543,0.010575536091687904,0.0801252541196534,1.8040893198170506e-05,0.006183030921017229,0.013967403576122417,2.6332812389303613e-06,0.011581005589329618
41.12431293787575,0.8566362359891349,0.00022824199345822547,0.010860132201842957,0.10023135775181835,5.069513662559838e-05,0.00499190675738154,0.017242003488755427,8.534894504626054e-06,0.009750891786478366
41.4850525250501,0.8552862548910032,0.00024169610894685952,0.01144284463240364,0.10022855909401718,0.00010556870270716466,0.005347797640628291,0.017887110060887557,5.88151224778966e-07,0.009459580718181204
41.845792112224444,0.8690346446204532,0.00028023765253913603,0.012299998807649605,0.08411099915555786,4.911749439772748e-05,0.007261594303110184,0.015325577535968766,8.531814569571964e-06,0.011629298615753902
42.206531699398795,0.8731651651131793,0.00032088002179913726,0.012951290726698546,0.07844677560208171,2.455777075443158e-05,0.008215936239049267,0.01447986760015806,2.463932867522123e-06,0.01239306299341214
42.567271286573146,0.8595437513702735,0.00033154442291531027,0.013324142218828319,0.09170400056201254,6.56070148203924e-05,0.00744971067268598,0.017160019953986215,2.090155119199863e-05,0.010400322233285797
42.92801087374749,0.8469752405504755,0.00034516571082496213,0.01387794964479247,0.10335124639493337,0.00015665309566859312,0.006877898022764541,0.019489851389582553,6.673168432634797e-07,0.008925327874114819
43.28875046092184,0.8534230524527376,0.0004016999854466284,0.014814699543260385,0.09407413828113786,8.33187302840298e-05,0.008610123639679801,0.01752386363630048,1.2139406709106421e-05,0.01105696432444414
43.64949004809619,0.868088748140037,0.00045024364833154103,0.015707874745265034,0.0771072345387436,3.8940510105104766e-05,0.010675950701724455,0.015199727378100573,4.794736639961239e-06,0.012726485601052717
44.01022963527054,0.8641183771622412,0.00047637962139930465,0.016387948312610097,0.07989261863381511,4.583014980131533e-05,0.010867273655650714,0.015902935926296286,5.031603117027282e-06,0.012303604935068768
44.370969222444884,0.8465010144753795,0.0005013968105126276,0.01703580289195532,0.09752582256484091,0.0001173646831797474,0.009619118905222174,0.019076304047583235,2.6207776268677957e-05,0.009596967845057813
44.731708809619235,0.8414745016309362,0.0005357894998190146,0.01792316595483706,0.10132891540483425,0.00019387734412815941,0.009924327911828956,0.02029175826429051,2.632237530146677e-07,0.008327400765572812
45.092448396793586,0.8508973043737091,0.0005839434890759858,0.019006656778604136,0.08817934957362872,0.00012878267383496664,0.012370756757459484,0.017897273647661482,1.6563090934178357e-05,0.010919369615091878
45.453187983967936,0.8507775136863966,0.0006452691785712257,0.019979070737931048,0.08571857605171909,7.145184124977643e-05,0.013397302862765841,0.017212007542828717,5.371569248607469e-06,0.012193436529289059
45.81392757114228,0.8285884476793228,0.000678504540735364,0.020929093078239557,0.10736644336232179,0.0001108045387769881,0.01141040310901558,0.020840924090541633,1.0930753281613371e-05,0.010064448847764695
46.17466715831663,0.8074434423438794,0.0006820184767925502,0.0219465989908123,0.12817021448969765,0.0002444493409375541,0.009280390804724216,0.025010369817828497,1.1347746713842585e-05,0.007211167988613987
46.53540674549098,0.813439443518743,0.0007427678555326298,0.023059357059703977,0.11880989283017894,0.00023444473987227512,0.011566931746081414,0.023243059939362157,1.0798482394482577e-05,0.008893303828131138
46.896146332665325,0.8349612086324634,0.000858287894130877,0.024081005833295588,0.09308120592060345,9.247846090955745e-05,0.015902833079104898,0.01900510049175335,8.444112245040074e-06,0.012009435575494054
47.256885919839675,0.8394269430011261,0.0009216147727638701,0.025049313812681873,0.08662412245594905,8.306363686946851e-05,0.017368078100349224,0.018398580117271506,1.0307563493486968e-05,0.012117976539495423
47.617625507014026,0.8248241993759029,0.0009194490716001195,0.026274825701471504,0.10149867669715107,0.0002611532452106883,0.0156782472929541,0.021683681715416306,2.3432931492530762e-05,0.00883633396880068
47.978365094188376,0.8164532888573605,0.0009755764668498082,0.02774435951149655,0.10792773911394561,0.0003602824273147828,0.015492605877692096,0.02317893449747366,8.891109060577142e-06,0.00785832213880655
48.33910468136272,0.8246232723343505,0.0010777327087872187,0.02904790061609197,0.09383379432749224,0.00020295798505050433,0.019065537249001514,0.02012531832677789,2.4631342193906808e-05,0.011998855110254225
48.69984426853707,0.8289084381301868,0.0011522413374929227,0.03020700758846573,0.08524335081177233,0.00011434765271222079,0.021443674142940704,0.018700226106430892,1.2621190556023297e-05,0.014218093039442437
49.06058385571142,0.8078581098108201,0.0011862493452800234,0.03180323508170817,0.10457508198507358,0.00017432610189841303,0.01953195515505742,0.021865532458121277,1.567339635623495e-05,0.012989836665684873
49.42132344288577,0.7819969624319314,0.0011985146748089157,0.03382597818857937,0.13054663104420405,0.00035885840959619885,0.01585416122162679,0.026958841860005037,2.2983820683399636e-05,0.009237068348564859
49.782063030060115,0.7824527007691412,0.0012370104536053913,0.03564997971374478,0.12636388774380983,0.00047461126136848144,0.017164819118140655,0.026540078561009567,2.7299131940163358e-05,0.010089613247240004
50.142802617234466,0.7994852834067993,0.0013860055323321634,0.036887413212455915,0.10194790785267531,0.00023699087186639372,0.022529657048128916,0.021924437863058397,2.9892822441044885e-05,0.01557241139024268
50.50354220440882,0.7997647896761725,0.0014945453517961492,0.038293990201395185,0.09733417745662601,0.00017105649625932391,0.024684732531008072,0.021167231189281797,2.4632886436835702e-05,0.017064844211024055
50.86428179158316,0.7779105648987801,0.0014800962929976248,0.040607065497981,0.11898981604983265,0.000428029258165024,0.021535567726959123,0.025775277876201763,2.069652995169304e-05,0.013252885869131092
51.22502137875751,0.7624073492476007,0.0014953394476987284,0.04301108734740049,0.1321200125692023,0.0006142107698081215,0.0195698701711235,0.028485318860276526,4.114818015254168e-05,0.012255663406737005
51.58576096593186,0.7730533802978579,0.0016620830646260308,0.04455334692946034,0.11319552459569664,0.00036992811910271705,0.024380587257577163,0.024163233390575585,5.514056753111216e-05,0.018566775777572597
51.94650055310621,0.7903652731714276,0.0018348718201479056,0.045637492004511185,0.08924698473114678,0.0001577727647275658,0.02965219045220184,0.020306460534124923,2.1904927654616913e-05,0.022777049594057686
52.307240140280555,0.7824204552854503,0.001873649792777882,0.04747806909884815,0.09412594261903695,0.00023357707250134334,0.030095740921976914,0.021583542770366903,6.152228118141216e-05,0.022127500157860136
52.667979727454906,0.7609695905603802,0.0018514873080187418,0.05048715368408568,0.11550714071514939,0.0006228394457903749,0.02696073673767778,0.02629912874289786,3.808730217411904e-05,0.01726383550382593
53.02871931462926,0.7561654024648934,0.0019394908189888887,0.05324317879708708,0.1162652078511764,0.0007348817953599477,0.02728370685118617,0.0267389527003334,4.127481793061498e-05,0.01758790390304399
53.38945890180361,0.7657497408698117,0.0021002985211166694,0.05479621511410801,0.09754855273361393,0.00040481831407205226,0.03208200111432277,0.022320160778998795,0.00010479831071630823,0.024893414243239653
53.75019848897795,0.7606359996608392,0.002228111333802578,0.05687942328352728,0.0969225832948214,0.00025743115818634106,0.03366767432047815,0.02176229744388164,3.769793807470163e-05,0.027608781566388796
54.1109380761523,0.7300609684082068,0.002205704735233444,0.060699036262931494,0.12716913695123894,0.0005665727935277278,0.028911677186699465,0.027438835955089027,5.14096230414814e-05,0.02289665808403163
54.47167766332665,0.7061133258112321,0.002186542755120633,0.06456321438669785,0.15087699498765164,0.0008593282458455212,0.02456918853033866,0.03243612353984923,6.223554940484085e-05,0.018333046193859448
54.832417250500995,0.7162879311982583,0.0023638809413562036,0.06673468279007624,0.1320832232865623,0.0007824292798555418,0.030084995196026795,0.028488524294405293,6.274325796071378e-05,0.02311158975549865
55.193156837675346,0.7397432489048754,0.002670579718855717,0.06768812268935426,0.0990565544749383,0.00031789231951729957,0.038580351788355186,0.022101540573281977,5.761588646530063e-05,0.029784093644356635
55.5538964248497,0.7408475900099967,0.002798394179519586,0.07008502832693636,0.09428778355773075,0.0003781508808226692,0.04079202010181776,0.021787605373980452,0.00010325113367401006,0.028920176435521805
55.91463601202405,0.72287323809535,0.0027604705432225755,0.07473552614314487,0.11317559633599064,0.0009402430230607653,0.03789556207932499,0.02646885082579595,0.00011133669035163365,0.02103917626375862
56.27537559919839,0.7145305088833703,0.002859238892392841,0.07821386157742088,0.11727298682831962,0.0011835208498606467,0.03887705428484435,0.027044727183119302,3.453740750488059e-05,0.01998356409316715
56.63611518637274,0.7256738206397177,0.003179214604168427,0.07901195049696688,0.09552551873269101,0.0005639516016655136,0.04617283894106993,0.022068484972282556,0.0001408118842362498,0.027663408127201694
56.99685477354709,0.7290435803901896,0.0033933418667213217,0.08088096072741457,0.08590866132710188,0.0003184461744527954,0.04950872671029596,0.020192100252647404,7.091355945849834e-05,0.030683268991718027
57.35759436072144,0.7038163825888545,0.00339002600798879,0.08603705133401006,0.11080315234891108,0.0006578049665163549,0.04504321391663349,0.024027799665901003,9.922766702889869e-05,0.02612534150415602
57.718333947895786,0.6788547427524149,0.0033812075450354723,0.09239196212246348,0.138599070332949,0.0011850228554833456,0.03886785084139714,0.029716656054720493,0.00015810030514948887,0.01684538719038675
58.07907353507014,0.6826137284866758,0.0035163105834385474,0.09518862878712056,0.1275185444441366,0.0014601869530434853,0.04400894689333351,0.02787861865547342,8.90912732839247e-05,0.017725943923494136
58.43981312224449,0.6988926816486677,0.003989001913152147,0.09495325261190893,0.0984254459352141,0.0006627596113651899,0.054814864267893906,0.021945687359436424,0.00012069809670107345,0.0261956085556605
58.80055270941883,0.6947511291343593,0.004240952839451707,0.09841334230257126,0.09782272339118873,0.0005852159441372251,0.05616196379224191,0.02175626750463627,9.705201747967323e-05,0.026171353073934034
59.16129229659318,0.6687923634815501,0.004079070266323983,0.10650368648029193,0.12690371200134937,0.0014623231009281592,0.04840475844415082,0.027337998275494182,0.0001632478476434777,0.016352840102267896
59.52203188376753,0.654028095660037,0.004233409449066819,0.11180196775572904,0.13832486431903684,0.0017463321516964685,0.04675470699791081,0.029166070429259977,0.00018302546415317628,0.013761527773109794
59.88277147094188,0.6685160439878431,0.004752583361307546,0.11119194649486172,0.10880652535801977,0.0010483887567125285,0.05916719395193127,0.023165809827303787,0.00017233492725967094,0.023179173334760605
60.243511058116226,0.6855194081636339,0.005219319952968225,0.11069140347346586,0.08078891765854172,0.0005067342996680446,0.06936183986465642,0.01888794339972269,0.00014517083974744605,0.028879262347595858
60.60425064529058,0.6749924046415111,0.005416441866657304,0.11612833592326419,0.08814499310942035,0.0007726429013447215,0.06817190427727891,0.0203991171312782,0.00016015099378317578,0.025814009155461948
60.96499023246493,0.6538212313688253,0.005359758794313987,0.12609836721121942,0.11140428720763845,0.0018544618583863635,0.060575908901459495,0.024848286105262914,0.00018566680648172504,0.015852031746412587
61.32572981963928,0.6502837330462619,0.005601632361156783,0.13013417745772812,0.10686025506132325,0.0021036880363161105,0.06313523440751755,0.02398471317026881,0.000273234337583665,0.01762333212184386
61.68646940681362,0.6575798321946831,0.006263444880992921,0.12785205985898188,0.08394968480244491,0.0010806837732905779,0.07402958204909962,0.01923329515557256,0.00026077508461706735,0.029750642200317312
62.04720899398797,0.6470170187970508,0.006617513205498476,0.13120373219926962,0.08714621196244458,0.0007855950443649486,0.07558872013497873,0.019035717974630318,0.00018392360283811857,0.03242156707892441
62.40794858116232,0.6136502921174998,0.006433057483114905,0.14216995696972276,0.1235416052066024,0.0018770851613706578,0.06351598978239013,0.02485202975200225,0.00018620297607898343,0.023773780551218038
62.768688168336666,0.5911336100533137,0.0065044779737282645,0.1512980032488719,0.1463890693407505,0.0026226365751328188,0.05497645902505162,0.028740986049644607,0.00035694001552242106,0.017977817717984235
63.12942775551102,0.6021423098033302,0.00721546226526055,0.1510761492011709,0.11860911003511922,0.002228942390724703,0.06685736749403437,0.023672574702603935,0.0003965753820591686,0.027801508725696866
63.49016734268537,0.6214582958484323,0.008172997689034124,0.14706291111001696,0.08261112772716123,0.0010221931384553342,0.08175224049154349,0.01783080981287398,0.0002786800064471233,0.03981074417603536
63.85090692985972,0.6168134980670765,0.008618534323908437,0.15166081146422875,0.08165716133727777,0.0012422356302467113,0.08384346421015973,0.018289169120174503,0.00035532461661133167,0.037519801230316174
64.21164651703407,0.5965186850484789,0.008666905876778397,0.16437644451735794,0.10359160089262291,0.0029293036154886803,0.07512268269419349,0.022402790081594084,0.0002587251047438302,0.026132862168741666
64.57238610420842,0.5885853046064183,0.00907284705497761,0.16871800759441657,0.10284380339030291,0.003271063871771794,0.07626701312007596,0.02153741737241635,0.0004913780444452786,0.02921316494517512
64.93312569138276,0.5979670511679689,0.01026191108710726,0.16364502939053677,0.076261482044893,0.0016623167810243225,0.08816450949585888,0.016675706600446046,0.0005396098008801747,0.044822383631284546
65.2938652785571,0.596858400110684,0.011111534799998378,0.16435248460594393,0.06804911389360334,0.0009737762309494521,0.09323246458190222,0.01522532076840045,0.00035624761333323416,0.04984065739518506
65.65460486573146,0.5715368206426037,0.011130203411381637,0.17546846823430146,0.09393471072294961,0.0021011054609614034,0.08499358744118055,0.018663168671955943,0.00040899222664631435,0.04176294318801932
66.01534445290581,0.5497946244839377,0.01119899752542829,0.18899243733934823,0.11880040678144616,0.004041067188457199,0.07454715868290558,0.022931383532489996,0.0005229103641941717,0.02917101410179268
66.37608404008016,0.5526279041903404,0.012169475167133313,0.18999867918424043,0.10252755812914703,0.004124979054022174,0.08290140794274416,0.020097971916928647,0.0006145234832495978,0.034937500932194276
66.73682362725451,0.5631791591078567,0.013763376432918861,0.18330680825174955,0.07480728326153309,0.0020387388970380892,0.0963588082325178,0.015390895970117866,0.0006155833741251693,0.050539346472142976
67.09756321442886,0.553634278029506,0.014487754529602489,0.1890126908131736,0.07968225985806468,0.002129945235984035,0.09583456837008611,0.016053651896629363,0.0004998354717424674,0.04866501579521121
67.4583028016032,0.5275434470094085,0.014395877895279295,0.2052971186909811,0.11156174749832656,0.004865126347775383,0.08207180243274717,0.02083399419196018,0.0006233786194169557,0.03280750731410487
67.81904238877755,0.5158381497639761,0.015162908878949876,0.21053988730179557,0.11837080306504566,0.005487829759537682,0.08070732521067142,0.021095463992226372,0.0009140313938891102,0.03188360063390816
68.1797819759519,0.5304851726647163,0.017185927969388545,0.20194237241170848,0.0837903766813306,0.003497883077016588,0.09870345539648036,0.01576847503978769,0.0008667199191145996,0.04775961684045682
68.54052156312625,0.5430731249958233,0.01928395984541321,0.1964835167052063,0.05836483568056413,0.0016638604233675993,0.11121060231458157,0.012778118126893875,0.000752372075323558,0.05638960983282637
68.9012611503006,0.53253298885589,0.020020595351131758,0.20598708484052994,0.06744524932074913,0.002731143397687367,0.10772466374403827,0.014382822803717025,0.0008643514106620305,0.0483111002755946
69.26200073747495,0.5161276850382899,0.02027543293736227,0.22269994219358516,0.0874122791671399,0.006069888129118046,0.09757912521189663,0.017475735278367866,0.001052644467677138,0.031307267576563214
69.6227403246493,0.513908095462356,0.021834863329178673,0.22198315623785322,0.07894661601720075,0.006268445042134891,0.10378330813669036,0.01564841308863279,0.0011206539132078293,0.03650644877274545
69.98347991182364,0.5189093049416086,0.0242457032893625,0.21058338814464037,0.05810294230282441,0.0033655866909708242,0.11737130481741871,0.01230089386083181,0.0013750368662641206,0.05374583908607855
70.34421949899799,0.5078751673654509,0.02550463071027152,0.21525995306069512,0.0647033775549378,0.003065105906276723,0.11548703641165624,0.012797795178546659,0.001102062751997094,0.054204871060167914
70.70495908617234,0.4790040737789209,0.025151663501505,0.23444349367450462,0.1015210625126037,0.0068680480805523286,0.09675939451953405,0.017229433378329256,0.00114793014828077,0.03787490040576935
71.06569867334669,0.46250826041026893,0.026005801024832676,0.24566309630935718,0.11961670525858682,0.009189397443747962,0.08730364090734444,0.01921622436921988,0.0017701312123017071,0.02872674306434042
71.42643826052104,0.4739935594514201,0.028990216324834648,0.23642356857939872,0.08779662418463577,0.007581463180982094,0.10588683643736235,0.014970421638901759,0.001848662995142435,0.04250864720732217
71.78717784769539,0.4874602336238665,0.03285970370729776,0.22397592506338249,0.05705179230627676,0.003791014084017805,0.12410212591959853,0.011439728183689261,0.0017605634783931174,0.05755891363347776
72.14791743486974,0.4809150938502384,0.03461645147305299,0.23253938372130012,0.06099003606900016,0.004775843949867041,0.12185109771786365,0.012615892309504724,0.0016897637650005522,0.05000643714417241
72.50865702204409,0.46373530916599115,0.03495342803490952,0.2525007779115841,0.08255218725076224,0.010069178361414412,0.10724602711218154,0.015141319062574992,0.0019107726516395711,0.03189100044894255
72.86939660921843,0.4582854613791367,0.03745827323842482,0.25042094054158803,0.07723232246219076,0.010148332741304182,0.1114226046584133,0.013443941796118939,0.0026287248383779246,0.038959398344445284
73.23013619639278,0.4662899857740971,0.04176348269567544,0.23370959347183512,0.05096925631744321,0.005704142287451726,0.1285116976263397,0.010318514784672566,0.002773410176410847,0.05995991686607427
73.59087578356713,0.4640312153131438,0.04478944036962724,0.23132465640927843,0.045407092809420894,0.003992994670326386,0.13333019359078407,0.009863837141721362,0.0026027028026584884,0.0646578668930392
73.95161537074148,0.443757419562637,0.04530280164005245,0.2485676790363872,0.06914047450204279,0.007821739074883632,0.11986360046368758,0.012376429994241326,0.002247486968323844,0.05092236875774414
74.31235495791583,0.42751445429530244,0.046093495734401344,0.2663467343293536,0.08906942222059135,0.014070008796924924,0.10466219801219595,0.014435743208993608,0.0026751752705484605,0.0351327681316882
74.67309454509018,0.4301678191632382,0.050370616206152526,0.2585216290246684,0.07082073691172855,0.012713786398845874,0.1146729876093593,0.01173242258090371,0.003664283685268941,0.04733571841983453
75.03383413226453,0.43522760523474824,0.055838440384864255,0.24194182101114103,0.0494363965002517,0.007372560707920878,0.1287595065060094,0.009305171899756872,0.003729007021882992,0.0683894907334246
75.39457371943887,0.42399055796172086,0.05817070657999899,0.24970488050145062,0.05860157189217173,0.008502985022468403,0.124659328129648,0.010516299157772625,0.003144520926950726,0.06270914982781806
75.75531330661322,0.40164462008094765,0.05775319356321987,0.270515107312819,0.08933427605602134,0.017735657200383934,0.1033774050020471,0.013475500113637937,0.003034612456401807,0.043129628214521265
76.11605289378757,0.39274148947407633,0.061442278976616665,0.2700383263409729,0.09132476092381304,0.018630628356223287,0.10136041264914372,0.01256264383379023,0.004621468411743826,0.04727799103361996
76.47679248096192,0.40543349192748257,0.06909138623536917,0.25105449990383616,0.05733350478269643,0.012096500186469421,0.12085797411014601,0.009234212648513929,0.005122082285932394,0.0697763479195539
76.83753206813627,0.41295863296075913,0.07621050230597329,0.23941317616924676,0.037979849609112167,0.0066656497679490855,0.13282769005033288,0.007904877961215053,0.004973659308456522,0.08106596186695514
77.19827165531062,0.40319905282761914,0.07938163031893361,0.25114268042079846,0.047049622900649415,0.00986488244558503,0.1276523091918379,0.009387743279962881,0.004978349243135883,0.0673437293714777
77.55901124248497,0.3899511750477861,0.08117249723379814,0.2692488815332929,0.0621932780054239,0.019614813539173687,0.11443162065154504,0.010338155497104328,0.004680816450756256,0.04836876204111962
77.9197508296593,0.38774823522101537,0.0873321605087485,0.2598754934912859,0.05231422781861169,0.018584942722436545,0.11957087860246446,0.008241087833161392,0.006061470080552444,0.06027150372172374
78.28049041683366,0.3898877999268785,0.09531603462500085,0.24118793882047662,0.03676880670203158,0.011003300661597205,0.1296274114335876,0.0069636204872234354,0.007740579512115306,0.08150450783108909
78.64123000400801,0.3790910450321404,0.09874378061121768,0.24623875159022499,0.045023035730454165,0.011988234427767225,0.1255782645422044,0.007941024984863142,0.006609852236415072,0.07878601084471282
79.00196959118236,0.3566914641438011,0.09749793853937935,0.2670540643676281,0.07615148533249733,0.02465093228375792,0.10515156307781473,0.01078419291486736,0.005827922730797083,0.056190436609456995
79.36270917835671,0.34392772511568315,0.10134463778399926,0.2738508689261015,0.0873686208302871,0.031163043858937766,0.09728351923181139,0.010947079606682819,0.007406886940329881,0.04670761770616716
79.72344876553106,0.352776060774465,0.11257936439041397,0.2561856666650993,0.058090787411039124,0.024149890458246222,0.11544291739405546,0.008150345049922025,0.008886237900968269,0.06373872995579055
80.08418835270541,0.36058034899358227,0.1242913094708592,0.23930765953898606,0.03681092691014058,0.013647007460265639,0.12954045031417566,0.007002810911713333,0.009584873351711586,0.07923461304856583
80.44492793987976,0.3533137931982138,0.12949958151372695,0.249857880899859,0.04379429217544703,0.017621731519966176,0.12407911483469074,0.008614955970904437,0.008512659648030779,0.06470599023916102
80.8056675270541,0.33900669447852644,0.130967535612073,0.2675641411772546,0.06122160124032279,0.031960410603437024,0.10884726448630529,0.009272734687762125,0.008679789950414657,0.04247982776390402
81.16640711422845,0.33469223310538065,0.13941234466894395,0.25574390984648937,0.053178911212373815,0.031027880549091794,0.11485845321844293,0.007215716955824603,0.011125905395799059,0.05274464504765386
81.5271467014028,0.34077633446753675,0.15313136549837233,0.2330265248514524,0.03165134309299591,0.01771012434701667,0.1303801106140951,0.006019196506359667,0.01327853765416455,0.07402646296800663
81.88788628857715,0.3377491215303303,0.16123518917244212,0.2290087038205757,0.028879221557767912,0.014496328501406652,0.1330683147462106,0.006482390565248171,0.013098166666063057,0.07598256343995546
82.2486258757515,0.32329336288305294,0.16209279211124383,0.2463753265195927,0.047337079403108565,0.026654629634513823,0.11817991124538049,0.008502217183249661,0.010661297989553226,0.05690338303030473
82.60936546292585,0.31096671695326816,0.16542902265019804,0.2590978025272726,0.060136815915692976,0.041211740050639385,0.1040701672682276,0.008518350282102578,0.011302471786124172,0.03926691256647441
82.9701050501002,0.3110035643732256,0.17840857291498036,0.24232069886583335,0.04395229228355361,0.034829772642291035,0.11329413802093863,0.006004297768452448,0.015025600582204923,0.055161062548519935
83.33084463727454,0.3118011152896448,0.19188623922061226,0.2225100583646492,0.030273412926546353,0.022608315291466088,0.12425309092290537,0.005600222862090224,0.016948671973781197,0.07411887314830423
83.69158422444889,0.3008630552794706,0.19536868359883097,0.23104750938156843,0.04094532856677409,0.029827395986499323,0.11652379206418798,0.007210353181647235,0.014268503865412955,0.0639453780756084
84.05232381162324,0.2828663488543491,0.19238964455944926,0.24786050638996865,0.06531711854700026,0.054154496347234876,0.09406222351076869,0.008547344218279667,0.012497311690226578,0.04230500588272301
84.41306339879759,0.27471976473270554,0.202186474218944,0.23886039099139883,0.06270738661574322,0.05481048757304699,0.09266283934616022,0.006868350640834754,0.01693961677710943,0.050244689104056994
84.77380298597194,0.2826750526131316,0.22374448526524388,0.21564635052921832,0.035318562200258176,0.03404015887147163,0.10942389700245202,0.0051405206847281995,0.020730192746161728,0.07328078008733452
85.13454257314629,0.28518663690310087,0.24077633664713133,0.20241605522048542,0.022912763186595023,0.021289018797242203,0.11866797960938893,0.005180165434575613,0.02163398942599716,0.0819370547754833
85.49528216032064,0.27650068878125333,0.24672033921354802,0.2121444940107044,0.0303676289025129,0.030805925909289177,0.11152806610781088,0.006687256198727118,0.018819645056367053,0.06642595581978716
85.85602174749498,0.26507437802272854,0.25066757492948116,0.22329413738967852,0.04007664830703571,0.05099608713419476,0.09648306272175336,0.005807604064750474,0.016406682362231622,0.05119382506814585
86.21676133466933,0.26079322912634684,0.2651875385083042,0.2077980704570152,0.03132125370794893,0.04398689965040492,0.09726188432654431,0.003567305993865615,0.023045709680650246,0.06703810854891967
86.57750092184368,0.2596739955584396,0.28189250449527803,0.1887003185655575,0.021231779396924864,0.028709427420671518,0.10327357612838461,0.0037499657799843146,0.02802815241731117,0.0847402802374484
86.93824050901803,0.24978281329892776,0.28516538593441565,0.1909530907129561,0.02846226326538547,0.03603918893948356,0.09963107504099686,0.004911900056084108,0.025168362557350818,0.07988592019439977
87.29898009619238,0.23391565866265462,0.2783484862854967,0.2046204374749343,0.049321515899972634,0.06710662265059485,0.08262488112791436,0.0064654582692474805,0.019963971144746184,0.057632968484438774
87.65971968336673,0.22312073714520564,0.28657257176029116,0.20280515465187443,0.05338394389214583,0.07898090952130571,0.0750814009738659,0.005331031030416477,0.02159837156724212,0.05312587945765279
88.02045927054108,0.22572913911873765,0.31240671462681097,0.18407581413142382,0.03314506294518273,0.056381807497156204,0.08466884019447266,0.0035436756172113294,0.02901215736687853,0.07103678850212614
88.38119885771543,0.2275182202443874,0.3344635183491779,0.1697620756044977,0.021520795144228822,0.036273641996285855,0.09183205880637324,0.003995774863298367,0.031916849727710375,0.08271706526404043
88.74193844488977,0.22006933601481535,0.3402567919176416,0.17586310214610804,0.027689887546559655,0.048938959985601424,0.08760579320077985,0.005518561041227446,0.02705573977504461,0.06700182837222202
89.10267803206412,0.20810221885437205,0.33959174478936965,0.18289447049660817,0.038271768749333614,0.07829396980661779,0.07436505885521348,0.004621035635389893,0.023548659918624593,0.0503110728944709
89.46341761923847,0.2025687552393683,0.3567991505729327,0.16853131210276645,0.0310963890577664,0.06875717492811495,0.07556699503540518,0.00270905288741413,0.031322062237828685,0.06264910793840328
89.82415720641282,0.20463736682202033,0.3840518192833799,0.15151701083633606,0.01739463584202988,0.040125500446461924,0.08230163593730584,0.002885525480189909,0.038594888910405765,0.07849161644187042
90.18489679358717,0.200505794318843,0.3957176451764437,0.14702561637218944,0.016389085624415337,0.03692724775416694,0.08371373079373962,0.003771633088268848,0.03718059790317406,0.07876864896875913
90.54563638076152,0.1910103748274023,0.39241417452326777,0.15540833588027017,0.026711488789031866,0.0637918282434564,0.07547005001074933,0.005085810503348068,0.030138990306449072,0.05996894691602506
90.90637596793587,0.18177618430305767,0.39781159370541486,0.1574093530890547,0.03175696659772526,0.08548645473936653,0.06655420433306453,0.0036998120821478556,0.028060886190012773,0.04744454496015582
91.26711555511021,0.17840798937009164,0.42057069720147566,0.14243187033858057,0.02204126293074255,0.06705926379375486,0.06915959240054154,0.0018911794758769227,0.036700676002242597,0.06173746848669359
91.62785514228456,0.17631660005363686,0.43910886973753654,0.12976040587619625,0.0160501468949603,0.04858254701687512,0.07205363053729057,0.002744831026314501,0.042921889690975566,0.07246107916621425
91.98859472945891,0.16823838805253408,0.4360264737928746,0.13411584017349804,0.023659058219385166,0.07075671965149484,0.06678843035676356,0.004090807605689194,0.03553727700247272,0.060787005145287676
92.34933431663326,0.15692707605086917,0.4227032902138642,0.14024826327221304,0.036641872128598506,0.1160746307113101,0.05374973918863065,0.004250871515334817,0.029239066248650733,0.040165190670528816
92.71007390380761,0.14986202084613962,0.43891108633511183,0.12897073434089118,0.032905554768349804,0.10941498042690692,0.05335960385725593,0.002585838185681241,0.03593173275938859,0.04805844848027496
93.07081349098196,0.1525124564606714,0.4771231204375526,0.11384584079001489,0.017450244665056475,0.06542325779076877,0.060895149587077445,0.0022280530783197663,0.045420687536671764,0.06510118965386691
93.43155307815631,0.1520770788625823,0.5001671109493933,0.10610067008908851,0.01174534165395115,0.04619364634411975,0.06505517479426846,0.003060678892938816,0.047371830636844456,0.06822846777681335
93.79229266533065,0.14641579821020825,0.50200751330361,0.10970614409467996,0.01614158162844094,0.06761167648050181,0.060541143969977465,0.004291595073769714,0.03831914191432937,0.054965405324482464
94.153032252505,0.13854806000770556,0.5038660495825635,0.11150393800162256,0.020145722155237432,0.09279845633324932,0.05224836594935686,0.002588742540713374,0.03377147869919946,0.04452918673035178
94.51377183967935,0.13362168974593652,0.5235606776687811,0.1001718683463797,0.014583785306186474,0.07371433713657422,0.051443144217685255,0.0009841510554546946,0.04540347021832684,0.05651687630467528
94.8745114268537,0.13128590926519138,0.5433730684210226,0.08964295551600716,0.009793778269847437,0.05158400083303825,0.053455923705847216,0.0017825280160677858,0.053296117614765215,0.0657857183582129
95.23525101402805,0.12478901725052477,0.5379560470428144,0.08978122938000159,0.014059083550970772,0.07156797293994693,0.051306916747210676,0.0026153164901906536,0.04821096022324869,0.05971345637509162
95.5959906012024,0.11671086823775656,0.5176139903669901,0.09502347836068874,0.02354232032720815,0.12264647367737869,0.042327809113752515,0.003354639863642399,0.036592747194846,0.042187672857736946
95.95673018837675,0.1096254857585401,0.5264974637683681,0.09015783264721267,0.023866784507096058,0.13255299960066075,0.038296232091892396,0.0019477824736588776,0.03677100659387395,0.04028441255869708
96.31746977555109,0.10811223883810446,0.5630239183292886,0.07899305647295587,0.014208238215937538,0.08806257736969067,0.04085991214008556,0.001064826312410307,0.049904264844035526,0.05577096747749144
96.67820936272544,0.10689003344830672,0.5851302211535169,0.07197407576320246,0.00970475373196122,0.06512754606431209,0.043679929033102464,0.001944698076914444,0.05417053774056229,0.06137820498812141
97.03894894989979,0.10241714596644091,0.5803326841117376,0.07333916642256054,0.01327618437154453,0.09315457001782008,0.04083354241340107,0.0028823442059389285,0.04363891076349982,0.050125451727056514
97.39968853707414,0.09563688218814466,0.5714820825238514,0.07382715868255385,0.017729703954041096,0.13050646354925122,0.03313296354230956,0.001758506307820383,0.0361107339702318,0.039815505281796115
97.76042812424849,0.09086627859319765,0.5932066904672436,0.06536147631151998,0.01355838889395413,0.10426874332914454,0.03173886349385131,0.0006043469937410333,0.04836881034244472,0.052026401574903125
98.12116771142284,0.09064630223849578,0.6271918343909316,0.057636561902801475,0.007294375923479254,0.06262838897987896,0.033311548368396324,0.0011627514735249175,0.05793773562419012,0.062190501098301376
98.48190729859719,0.08763168176137646,0.6351163930578948,0.05442183187964393,0.007045527593611227,0.06314968016120778,0.03442028393382246,0.0017874143480732236,0.0553748839863328,0.061052303278037345
98.84264688577154,0.0830811241864223,0.6217174365159,0.05564780688681484,0.010912905339278148,0.10257912296693875,0.03165616339006564,0.0022814918929899104,0.044121154107347835,0.048002794714242736
99.20338647294588,0.07820180240072125,0.624599084165805,0.054018817095898855,0.01209494667547436,0.12277643623074076,0.02676196658829616,0.0010387574597818532,0.038131806593263436,0.04237638279001832
99.56412606012023,0.07473665504239467,0.650523333335147,0.047884399708324976,0.008406010825546883,0.08869325023099613,0.02458418992902408,0.0002775960493836896,0.05073598941559905,0.05415857546358338
99.92486564729458,0.07225061866737492,0.663300049440258,0.04323322873010467,0.006638771156327411,0.07292344920940405,0.02433007918227086,0.0010941842361060666,0.05730286119461424,0.05892675818353976
100.28560523446893,0.06817157125607126,0.6448130980152015,0.04349515549993641,0.00991501217255738,0.11249749703580009,0.02305535287084105,0.0015437036161906246,0.04709107533354684,0.04941753419985484
100.64634482164328,0.06353188650742604,0.6205017850144829,0.044050474392479194,0.014179149832935722,0.16805084178583143,0.018595992718820193,0.0012116850824667085,0.03696066208294891,0.03291752258260894
101.00708440881763,0.05912353588327001,0.6399711605625447,0.03881493053952156,0.012103424108311656,0.1472722592602198,0.017666577148091455,0.0004290260487066508,0.043086914059455424,0.04153217238987872
101.36782399599198,0.0590366346314537,0.6848482945531422,0.03386688941388421,0.00645934731425759,0.08835496793033229,0.01826416634046523,0.0007962153514974127,0.05500947814751149,0.05336400631745597
101.72856358316632,0.05816533734058767,0.7050502388536117,0.031258927373865576,0.004691695034698758,0.07004020190330809,0.019408410312167747,0.0014798713247395063,0.05547415147951231,0.054431166377508555
102.08930317034067,0.05566333415649665,0.6968640935440505,0.030913009283016313,0.006208057272299266,0.10199776932410318,0.019432659264188343,0.001725826553190869,0.044689293267327235,0.04250595733532769
102.45004275751502,0.052230709328746405,0.693776442395488,0.029969212995364605,0.007010594480827318,0.12335099159102025,0.01702152311308764,0.0004983450409447496,0.03987157241644112,0.03627060863807996
102.81078234468937,0.04941224485402967,0.7155255802608348,0.02670100218232035,0.005035337888531242,0.09134687825296045,0.015253035904434773,0.0002399932548499494,0.050427020674862155,0.04605890672717683
103.17152193186372,0.0480020072021492,0.7314978329316159,0.024085285751590368,0.003646333164849981,0.06841555605914672,0.014566804894104227,0.0009584775715854901,0.058247383533384954,0.050580318891573106
103.53226151903807,0.045410816047326795,0.7139868132357761,0.023584020083437244,0.005211143687272128,0.09957563947534975,0.014253107415429766,0.0011913294160028596,0.051235033909540234,0.045552096729865155
103.89300110621242,0.04305417143674097,0.6852162941150184,0.024129719560379483,0.007890292926576184,0.15741954524799712,0.012554888937613078,0.0011465083494210404,0.038951898174618096,0.029636681251635655
104.25374069338676,0.0400386021258013,0.6938539545198836,0.021834951839491995,0.0075280110218520335,0.15601107484856236,0.0120175136783684,0.0003068704646532063,0.03932695629389037,0.029082065207496566
104.61448028056111,0.03858798627503314,0.7305478598872884,0.018836328713421606,0.004531454252380843,0.1031619864559208,0.011900338047263911,0.000405479592350222,0.050591923665804235,0.04143664311053685
104.97521986773546,0.03776611797401226,0.7451879439649873,0.017248221635619537,0.0034664302317153712,0.08584014194363064,0.012073764717678608,0.0010400445785855104,0.05334524301482205,0.044032091938948636
105.33595945490981,0.036229231618737666,0.7265893618684098,0.01729058176896922,0.004892617053613452,0.12757847356897323,0.011554955701605151,0.0011172159002579589,0.04138329150419242,0.03336427101524109
105.69669904208416,0.03391540904097749,0.7116317228817832,0.01686393244077538,0.005936729264252041,0.15934364805092943,0.00974465439170342,0.00035256172383373637,0.03657442320282484,0.025636919002920533
106.05743862925851,0.03162576035821281,0.7365252913492318,0.014467719769297206,0.004331601675941573,0.12096999976152928,0.009402709956456675,0.0002060385810370861,0.046454026013215306,0.03601685253507825
106.41817821643286,0.03122601852211792,0.7697865709258445,0.012771989730925944,0.00237736072889818,0.07520282794400959,0.009430067044786328,0.0007739740048071948,0.053818780914804895,0.04461241018380557
106.77891780360721,0.030138402376456798,0.7702071475286897,0.01188740680150187,0.0023305364928886355,0.08105024434227703,0.009833201076034321,0.0010254795190792246,0.051283935709158436,0.04224364615391385
107.13965739078155,0.02893080237265578,0.7514837632310081,0.011739208856217643,0.003436016880751541,0.1235860799936197,0.009244515950657494,0.0008865065925164083,0.03915631235557874,0.0315367937669947
107.5003969779559,0.027126538750476333,0.7522820083584201,0.011063807113126822,0.0036108077285634766,0.13328897207097767,0.007980103053564959,0.00014617421538071126,0.036218095238367005,0.02828349347112291
107.86113656513025,0.025444465701984796,0.7749766709401362,0.00976669015441296,0.0024675081537426373,0.09469180916256686,0.007008901511766908,0.0002381823344010771,0.04702777090209454,0.03837800113889389
108.2218761523046,0.024314370108030312,0.7804215608690102,0.008696849680940052,0.002091778212617893,0.08585352153009944,0.006743282749740948,0.0007049051885725282,0.049466841244255655,0.04170689041673303
108.58261573947895,0.022975934260341422,0.7497341459962488,0.008626557731553654,0.0032697309115396456,0.1358414201920265,0.00643595179224501,0.0005704773186295377,0.040147993471753136,0.032397788325662424
108.9433553266533,0.02181463168324969,0.722407777300613,0.008642549261041058,0.0042755091333956646,0.1844979337397887,0.005131346091094265,0.00023625035979945403,0.03172223020451764,0.021271772226500563
109.30409491382765,0.020009592232541246,0.7448057526289016,0.007229367692461552,0.00348826583459888,0.15464147395062597,0.004783358246623345,7.851156202744364e-05,0.03642441756006665,0.028539260292153368
109.66483450100199,0.01948978239123944,0.7869242554252234,0.006230746789761653,0.0019626873712753692,0.0951668895949801,0.004584611445118817,0.0005647172732105172,0.045756437470670985,0.03931987223851974
110.02557408817634,0.019059472244269928,0.7992954024767698,0.005565361851289039,0.001473881183640596,0.08452785651279995,0.005066209667765633,0.0008652551676669276,0.04517532336702955,0.03897123752876863
110.38631367535069,0.018395450502525647,0.7853630411337646,0.005142487842293765,0.0018621460900671133,0.11902906065409219,0.005246226860088408,0.000556871224680439,0.03623827433234194,0.0281664413601459
110.74705326252504,0.017097172429630887,0.7813391599744609,0.004949356034197789,0.0020688664458310027,0.13225201472902434,0.004287373108117659,1.7788984104835826e-05,0.032175230907742824,0.02581303738688967
111.1077928496994,0.01585873792459675,0.802497636193827,0.004564865579921497,0.0015061367307072047,0.09512708225508662,0.003191019357594378,0.00037003849895030983,0.04128330630249175,0.035601177156824426
111.46853243687374,0.015208057698361813,0.8159702503005117,0.004101922481907794,0.0011247319012798033,0.07614570423394836,0.002848232157351525,0.0008036714626806702,0.04522805166687995,0.03856937809707828
111.8292720240481,0.01426835861493967,0.7928738061622347,0.0037883981165116845,0.0015704213642392753,0.11118493817543117,0.0030983435043894607,0.0006798807989830372,0.03922059372732996,0.033315259535941055
112.19001161122243,0.013728456436799477,0.7641549145918162,0.0036827579610555286,0.0020555887138195344,0.16140292136296594,0.003007839810813854,0.00031051832517368575,0.030644805487569367,0.02101219730998649
112.55075119839678,0.01262400850984609,0.7764125479508415,0.003207782438340227,0.001858981152147326,0.15043386054335983,0.002701887276791625,1.595935251722541e-05,0.02994418143436057,0.02280079134179558
112.91149078557113,0.011794924485485771,0.8077507323963454,0.0029116193057570254,0.001250442441186984,0.10246334006783452,0.0020616255247691215,0.0004856701897477804,0.038332631694319885,0.032949013894553514
113.27223037274548,0.011319433676089228,0.8136349530895743,0.002600885779440402,0.0010740862963348422,0.09615643183050292,0.0021269500912599274,0.0007555723016250585,0.03884213271479475,0.03348955422037847
113.63296995991983,0.010992016876028755,0.7895160287682392,0.0023930824339649477,0.0013390237852413131,0.1393584202045742,0.0023719763958639237,0.00037466099930052326,0.030833662915365996,0.022821127621420967
113.99370954709418,0.010273899382648477,0.7758467950972228,0.002291642583353712,0.0015261742837975973,0.16217617155579958,0.0019964228114732886,2.1395771436437653e-05,0.027023712981617903,0.018843785532650315
114.35444913426853,0.009325943623859674,0.8027408434027352,0.001997004073873132,0.0011854504605463214,0.12041603260447953,0.0015397260541805849,0.0003675307639862007,0.03347076005876689,0.028956708957572408
114.71518872144289,0.009166622699930238,0.8338400495369593,0.0018339376741686882,0.0006810945660611205,0.07969456186475435,0.0012942387801308558,0.0008113462654120191,0.03896404497305215,0.03371410363953109
115.07592830861722,0.008814055383000056,0.8310941674596432,0.0015723471857001722,0.0006865363471585857,0.08860247632442557,0.0015775469059204363,0.0007871842280482398,0.035575157347254104,0.03129052881884964
115.43666789579157,0.00857496777233636,0.8117700431870728,0.0013312174764557004,0.0008458090153929526,0.12576324509789855,0.0019139017726739283,0.0003128874335388686,0.028219056862618736,0.021268871382012167
115.79740748296592,0.00799583470154036,0.8150645968116528,0.0012138793066626857,0.0008198410756177863,0.12529950449532454,0.0017125901676602476,8.857915477788797e-06,0.02731597490705943,0.020568920619004394
116.15814707014027,0.007376640303985989,0.835509460374811,0.0012057504476659653,0.0006193978353464776,0.09121494456248087,0.001118349426612315,0.0005088384300012606,0.03316819354865977,0.02927842507043632
116.51888665731462,0.006984852482439712,0.8341523146784028,0.001081682934936053,0.0005961636356089291,0.09091404030880504,0.0009697511952828873,0.0007381234737160792,0.03415768439199528,0.030405386898813336
116.87962624448897,0.006714852533133538,0.8017400704150772,0.0010061666680274753,0.0008475287835385617,0.1386293059343978,0.0010785594799483612,0.0003977113405597928,0.02685764595555623,0.022728158889760985
117.24036583166333,0.006534329554604265,0.7792610745678938,0.0009539361674559349,0.000970657598037275,0.17453990971393418,0.001006825719630047,9.570396795969599e-05,0.021802253111150506,0.014835309599334212
117.60110541883766,0.005847059901330868,0.8027688494957732,0.0007477584328983584,0.000835107453537858,0.14259598369864218,0.0009466217287211276,0.00020511563762697907,0.02554242766404432,0.020511075987425187
117.96184500601201,0.005648594852867497,0.8395082124135493,0.0006894979750241669,0.00048582756390655197,0.09320027587522618,0.0007509249088015346,0.0006732389592511078,0.03087076823312636,0.028172659218247187
118.32258459318636,0.005579674566972382,0.8456720683895221,0.000586636634635202,0.0003846868489853452,0.08988697583874848,0.0008745391986400666,0.0007093711415135305,0.02935299231970212,0.026953055061280762
118.68332418036071,0.0054997962628019524,0.8295201947866351,0.00045463200662437537,0.00046233084501846964,0.12164734880835393,0.0011184964488928288,0.00020225853703114663,0.022818945483072457,0.018275996821569773
119.04406376753506,0.00513127079229907,0.8278471535642884,0.0004293768444407876,0.00048297275652396416,0.12521752415761664,0.0009893458626570313,4.8115991361011046e-05,0.022926939939328084,0.01692730009148513
119.40480335470941,0.004759773085136076,0.8497487327592733,0.0004309864980119179,0.00034929790228531486,0.0909841820548553,0.0006574731089503935,0.0005323345713845502,0.027304730638418734,0.02523248938168443
119.76554294188377,0.0045997715129763575,0.8594166378755721,0.0003963783453935664,0.00027831380589045634,0.07773322166163249,0.0005302081552987261,0.0007823920953011566,0.02875238422582698,0.027510692322108343
120.1262825290581,0.004426632610774111,0.8363765298056797,0.00033091754515321355,0.00038584416837160083,0.10984206511934941,0.0006328018636305276,0.0005549901472007718,0.024271685884557304,0.023178532855283263
120.48702211623245,0.004441528169651409,0.8144533992906159,0.00027933984847924214,0.00045426358707640306,0.1463118916628375,0.000718401209319772,0.0001364069510348192,0.01868021686887715,0.014524552412107816
120.8477617034068,0.004092216984598524,0.8278672643981155,0.0002239156647056193,0.0004209342981960965,0.13067957291104673,0.0006977950494902533,0.00010990134000303558,0.020365221153691403,0.01554317820015283
121.20850129058115,0.00382080272819431,0.8525400030984859,0.00022681850806768322,0.00029283032825319313,0.09433663819666017,0.0004866987263220225,0.0005583109185134893,0.024283044579453537,0.023454852916049762
121.5692408777555,0.0037248173506709333,0.8518912993281115,0.00019087998795827164,0.00027640014357535435,0.09646420933857923,0.000495134795007566,0.0006092263378925912,0.023308356431120354,0.023039676287084143
121.92998046492986,0.003749389270680761,0.8271417711992373,0.0001617510107875577,0.00034522272217315457,0.13508209130719656,0.000580696722697485,0.0001872431196201973,0.01769166810149011,0.015060166546116971
122.2907200521042,0.003578173744720076,0.8181713665684768,0.00016321289503607692,0.0003816518837113515,0.14729369200614245,0.0005152701876898894,9.53428108909895e-05,0.017009947979687575,0.01279134192364495
122.65145963927856,0.0032600203138094396,0.8455707885286072,0.00013992711605670524,0.0002958813702060237,0.10919269449094506,0.0004188980751049128,0.0004393066541702857,0.020622475444611613,0.020060008006488883
123.01219922645289,0.0032357518277489243,0.8713753465498124,0.000139156615682842,0.0001646668672803824,0.07724640956322704,0.00033726273633911524,0.0007099762572314575,0.022880057464830923,0.023911372117846885
123.37293881362724,0.003179353919091187,0.8664279512386648,9.870929989742535e-05,0.00017353406671566588,0.08730792660802078,0.0004505780519693943,0.0005727421456657146,0.02086255761940437,0.02092664705057068
123.7336784008016,0.0031999434890417045,0.851383518069409,5.8938290452970395e-05,0.00020917254960620965,0.11443431971999085,0.0005541928193677512,0.00011926656424028394,0.016037756993757226,0.014002891504133919
124.09441798797594,0.0030369660729750326,0.8568416552656102,7.043157793347289e-05,0.0001984132316392546,0.10814361388384974,0.0005096407372720309,0.00011421858519014699,0.016920941923662485,0.014164118721867736
124.4551575751503,0.0028362539556467084,0.873476134011461,8.794195105225619e-05,0.00015477183842187693,0.08229109324962551,0.0003282112638459627,0.0005376408400590244,0.01970665207448548,0.020581300815402326
124.81589716232465,0.0027244711119641996,0.8689074915948432,6.502445753151801e-05,0.00016925900662608255,0.08716749696068135,0.00029192055249415826,0.0005981833831644194,0.01900973866906878,0.02106641426362632
125.176636749499,0.002720789933507906,0.8398056586357231,5.25487620202303e-05,0.0002406125061784115,0.1268223687867314,0.00032741171434608977,0.0002970167093486978,0.014761583495371383,0.014972009456772795
125.53737633667333,0.002730804292917721,0.8250089750917909,4.866991718746627e-05,0.0002661500140900122,0.14883911951191509,0.0003057993533879525,0.00011465300795148471,0.01223874886299118,0.010447079947768279
125.89811592384768,0.0024831182792127327,0.8477260362113586,3.377821189969762e-05,0.00023351755127740256,0.1199234703849954,0.00030757742363957965,0.00026678194957473325,0.014560559912552415,0.01446516007548937
126.25885551102203,0.0024127032449084668,0.8759319127174117,3.6004808443390516e-05,0.00013681952968688077,0.0842210130751504,0.00023891549553352169,0.0005592201581758102,0.01692690349582949,0.019536507474860354
126.61959509819638,0.0024056706639427545,0.8771699609185027,1.892181783008082e-05,0.00012117933589547304,0.08614012439117437,0.0003133123987723602,0.0004802363079237992,0.015944629134588675,0.017405965031369708
126.98033468537074,0.0024423637632684566,0.8624359268215736,7.49340547995599e-06,0.00014189494041029645,0.11062718456638475,0.00036412557784615523,0.00010303109326471986,0.012267562573722884,0.011610417258049233
127.34107427254509,0.0023139738100612533,0.8640302085348225,1.9823823373983455e-05,0.0001522820028592055,0.1081986132400804,0.0003118355529972647,0.00014469074161713708,0.012729169130577917,0.012099403163610356
127.70181385971944,0.0021739585987869494,0.8841957651661428,2.7947115076780392e-05,0.00011012804092840555,0.08024813974302342,0.00021461806685530653,0.00048277788228249044,0.015122639610828697,0.017424025776075158
128.0625534468938,0.0021291593013040254,0.8906415784896419,2.001157019989136e-05,8.80846521589627e-05,0.07241798173554281,0.000177543348574954,0.0005774296798619197,0.015156775729087427,0.01879143549362805
128.42329303406814,0.002086760578583601,0.8717582782033326,8.217153287474075e-06,0.0001291695963157929,0.09748096241798845,0.00023559660712499315,0.0003821344266801602,0.012910423857948916,0.015008457158737998
128.7840326212425,0.002131821356870156,0.8574202858314202,4.191484879338491e-06,0.00014248160200985664,0.11985570816734989,0.0002543349448711612,9.892929146981564e-05,0.010051274000675878,0.010040973320453839
129.14477220841684,0.0019989329229146285,0.8702507842465531,1.094039524305966e-05,0.0001335621705354203,0.10461657329430454,0.00022815980390402163,0.00016483816264059841,0.01103325736800163,0.01156295163590304
129.50551179559116,0.001877577058078059,0.8882894708344781,1.3531896290793391e-05,0.00010465881419685988,0.08024588215422797,0.00015108917316790295,0.0004510273247379556,0.012850166912334801,0.0160165958324876
129.8662513827655,0.0018368697981670577,0.8833651903906072,3.424666501749612e-06,0.00010671035952525408,0.08744084204004689,0.00017076459071004035,0.00040507766288189884,0.011797218228265889,0.014873902263293992
130.22699096993986,0.0018736878007605017,0.8621087825131666,3.1776274828554167e-06,0.0001275713325542593,0.1166789465417348,0.00019340630933694272,0.0001408086876737139,0.008900240029092066,0.009973379158198292
130.5877305571142,0.001790966241491417,0.8590854024206143,6.281200511400259e-06,0.00014291853464157577,0.12059250517121019,0.0001515978878673759,0.0001340350225100658,0.008475755424625473,0.009620538096528297
130.94847014428856,0.0016461579303433957,0.8834293697682676,8.183974888655633e-06,0.00011053363078810475,0.09042869605458252,0.00012141821630238209,0.0003444785616956647,0.010392069074549669,0.013519092788582099
131.30920973146291,0.0016236754048236232,0.9026523205720053,6.021671718699037e-06,6.538833234029223e-05,0.0682890819443872,9.63678120442215e-05,0.00047953714026774017,0.011142482946904703,0.01564512417550823
131.66994931863726,0.0015931754089704298,0.8977307111909332,2.980828938101366e-08,6.769013915603127e-05,0.07700044115944452,0.0001613692058527296,0.0003534939160757993,0.010113934708544124,0.012979154462733788
132.03068890581162,0.0015949964291290834,0.8874388124357089,7.344204541556222e-06,7.225013800019536e-05,0.09359542836411261,0.00019458209559153371,8.025258680062009e-05,0.007973088948579257,0.009043244797536265
132.39142849298597,0.0014897816296011528,0.8937935853687001,1.8259156571592906e-05,7.644552824225731e-05,0.0858224414195788,0.00014206584892504937,0.000138809535800406,0.008308951218974774,0.010209660293605816
132.75216808016032,0.0013907488790301564,0.9065631711985753,1.3616353048517719e-05,6.377834916043804e-05,0.06832873776462862,7.89772005887175e-05,0.00039038119383756343,0.009676623923726098,0.013493965137404418
133.11290766733467,0.0013296706382489223,0.9007583150967765,3.675213454814949e-06,6.711229147078932e-05,0.07514933799197464,7.51512616794253e-05,0.00038825183958339797,0.008918862267116726,0.01330962339969477
133.47364725450902,0.0013209434032503623,0.8781135159690818,5.469280114041355e-06,8.544623569270625e-05,0.10342829049333506,9.648129737023157e-05,0.0002145066504647859,0.006892491421222896,0.009842855249468041
133.83438684168337,0.0012878225198002563,0.8706360047686545,6.949364938039812e-06,8.991065198027795e-05,0.1141048991619416,8.848522792195466e-05,0.00010923240254457904,0.005785743422912521,0.007890952479306268
134.19512642885772,0.0011551581903919818,0.8901156161085673,9.73680332957911e-06,8.216264558835043e-05,0.09143414760808713,7.263108782805385e-05,0.00020856226208758698,0.006928268851164759,0.009993716442955325
134.55586601603207,0.0011049560340237901,0.9092053544753058,4.204438544068617e-06,5.3921915719661686e-05,0.06897232170149979,4.667092599059691e-05,0.0003667724878467478,0.007861071974101724,0.01238472604696772
134.9166056032064,0.001083210072562974,0.9072263438043349,4.6565292771961944e-06,4.5404838120661354e-05,0.07349603615758822,8.486294968662298e-05,0.0002882359415327338,0.007122074204934864,0.010649175501961983
135.27734519038074,0.0010703210772000844,0.8963194996349555,1.7462721280669475e-05,4.6219291293353614e-05,0.0890201192232019,0.00010725661861027327,8.191942518983444e-05,0.005596101338475682,0.007741100669792833
135.6380847775551,0.0009699331840767837,0.9001785534852401,1.865011318113357e-05,5.6919802179071244e-05,0.08421340653761117,6.708772071805738e-05,0.00013231098537913163,0.00573030774458803,0.008632830427026561
135.99882436472944,0.0008960875103213564,0.9167327647539174,1.0984557821924589e-05,4.372093097943338e-05,0.06410680209553427,3.185873710497424e-05,0.0003189140574084425,0.0067655830028681375,0.011093284354043997
136.3595639519038,0.0008611641915380352,0.9208194947897127,4.075420953545743e-06,3.3435404767927937e-05,0.059836129600249144,2.6650201151109913e-05,0.00035680333816489023,0.006603104622285353,0.011459142431177183
136.72030353907815,0.0008359004940251368,0.9072563831900528,9.44796162019507e-06,3.655393589796462e-05,0.07680680054811435,5.493810930780518e-05,0.00023593677482069205,0.005518353222765712,0.00924568576339535
137.0810431262525,0.000808866717849695,0.8996505843247883,2.4042783963499544e-05,3.8650646957743235e-05,0.08783943536868521,7.079433344578654e-05,7.928124445582582e-05,0.004435757936041158,0.007052586643812808
137.44178271342685,0.0007186918349948403,0.9104412900177467,2.638567860633873e-05,4.221011803715764e-05,0.07562003464904347,4.324923808635205e-05,0.0001354518326481369,0.004822077022911011,0.008150609607925907
137.8025223006012,0.0006649701661154084,0.9216733257299924,1.167991938508016e-05,3.315460059905923e-05,0.061828725920990285,1.700844320861037e-05,0.00028613584339218245,0.005491458345936758,0.009993541030380082
138.16326188777555,0.0006381009604779913,0.9154810914479208,1.204383671167662e-05,2.9994709203394475e-05,0.06975328566038341,2.956069087316445e-05,0.00024343621210007305,0.004854617200598967,0.00895786928173048
138.5240014749499,0.0006273562394261308,0.9001934974960393,2.1882173716705447e-05,3.0224541274562596e-05,0.08846613930364883,4.089427376573011e-05,0.00011312981480516698,0.003627174574284476,0.006879701583039188
138.88474106212425,0.0005555430626027048,0.9008253200087306,1.9073109107747433e-05,3.905042662005815e-05,0.08785842647975783,2.6773201908116988e-05,0.00011486522666187099,0.0034398014854606844,0.007121146999150341
139.2454806492986,0.0004951607003981432,0.9199125279264186,1.319646044472485e-05,3.163315853145383e-05,0.06640840046884533,1.294687980583021e-05,0.00022228425557155096,0.004263343011414969,0.008640507138569342
139.60622023647295,0.00047875104844779886,0.9324740282835194,6.621738592931715e-06,1.919310525456199e-05,0.052883559119223725,9.068678915628143e-06,0.00028340787010921597,0.004507850408152176,0.00933751974778474
139.96695982364727,0.00046137100340183846,0.9281076305317545,1.7176214225716606e-05,1.5539498860568043e-05,0.05937273251493821,3.125196889667274e-05,0.00019480671739271357,0.00394469213843074,0.0078547994120991
140.32769941082162,0.00043318724238355845,0.9223675175304138,3.9189705770588484e-05,1.8179660700644416e-05,0.06756937878987328,4.6046283778710396e-05,5.749471925686678e-05,0.003227991950173542,0.006241014117649213
140.68843899799597,0.0003771488791040381,0.9285173556555146,3.4485577629772064e-05,2.245391412464762e-05,0.060461739383732296,2.1515326342267045e-05,0.00010876034154713271,0.0032972663515460163,0.007159274570459062
141.04917858517032,0.000347287817634776,0.9369828105019349,1.500575171322159e-05,1.751462574186645e-05,0.05027092144979406,3.791537829086284e-06,0.00022917452186646325,0.003718919918012558,0.008414573875473175
141.40991817234467,0.00032706099000274325,0.931715669215277,1.3260277530440845e-05,1.5814573956279827e-05,0.056338930290576655,6.303499995543651e-06,0.0002164756775567453,0.0033831471303912646,0.007983338344713209
141.77065775951903,0.0003183780306554097,0.9170149320072105,2.2219023535270902e-05,1.5360763369453704e-05,0.07336430521820629,1.40022143062472e-05,0.00013273733882460548,0.0025983298878174735,0.006519735516074765
142.13139734669338,0.00028022926037123087,0.9146877482420203,2.735141917574366e-05,1.9982150640393754e-05,0.07676442832325528,1.6929387177582404e-05,7.897812722225366e-05,0.0021829088933811775,0.00594144419675624
142.49213693386773,0.00023927221648531222,0.9287354652783667,2.209212299808066e-05,1.978434775173659e-05,0.06148062741947153,7.407866678295081e-06,0.00013208922209820702,0.0025283307536039528,0.006834930772546155
142.85287652104208,0.00022848221883085978,0.9398568580171549,1.1218979949988631e-05,1.3114966779106215e-05,0.04925893259961753,2.0728068919420412e-06,0.00020076330886226222,0.00283941261537507,0.007589144486538357
143.21361610821643,0.00022173143796506647,0.9368598750562118,2.1429531782059842e-05,9.220959715333872e-06,0.0536625272952951,1.2433755499522186e-05,0.00014176623126542072,0.0024993034145596787,0.0065717123177059245
143.57435569539078,0.0002016363277060237,0.9300678764728474,3.746182609924426e-05,1.2414960897987469e-05,0.06213241463774087,1.9581312489227827e-05,5.4146830695999665e-05,0.002038732586712883,0.00543573504481043
143.93509528256513,0.00016695079525075272,0.9345320204522012,2.9706202362718362e-05,1.663967590634584e-05,0.05698369655267435,7.641073141951895e-06,9.071410157259091e-05,0.0019838136178160813,0.006188817529073964
144.29583486973948,0.00015713736719785292,0.9462306002440232,1.5362304061754534e-05,1.0908599425128448e-05,0.044139715633304266,5.304891313849986e-07,0.00016954400967181843,0.0023042272919655445,0.006971974061219188
144.65657445691383,0.00015080743184663786,0.94839765864078,1.239451694424578e-05,7.928993992140842e-06,0.042105569332446455,7.636823189987415e-07,0.00017449663689067294,0.0022211933201447083,0.00692918744463622
145.01731404408818,0.0001434711132960159,0.940233832867047,2.5469608691744262e-05,8.750442504308265e-06,0.051712177804038306,7.650430606070064e-06,0.00010870669508668157,0.001848922050337303,0.005911018988392747
145.3780536312625,0.000123566566081818,0.9372653037610037,3.8918413408090336e-05,1.2121570341093492e-05,0.055829614533208026,1.3350489272269214e-05,4.618372911996991e-05,0.0015970978330494857,0.005073843104515419
145.73879321843685,0.00010695728117510632,0.9448782138973326,2.8632982533007906e-05,1.0563666339896245e-05,0.04752941040346993,4.795063720700111e-06,8.294160200995949e-05,0.0016143889837768762,0.005744096119641884
146.0995328056112,0.00010272439571225966,0.9508233789870917,1.3316675740634776e-05,8.43069876166189e-06,0.040891179020681075,2.615635808415047e-07,0.00013889335972249302,0.0017508376201705632,0.006270977678538792
146.46027239278555,9.917400312321185e-05,0.945464111122579,1.9149274694400082e-05,7.876937385813025e-06,0.04708617759857196,2.7301235159383975e-06,0.0001076564721315647,0.0014904403232376571,0.005722684144760626
146.8210119799599,8.945404365340862e-05,0.9364294378937645,2.794244931831898e-05,8.375472117881467e-06,0.05721700673856066,5.967242389196104e-06,6.078419023199093e-05,0.0011680692741006466,0.004992962695863246
147.18175156713426,7.365751193930214e-05,0.9390279353194593,2.529985503377708e-05,1.0184489703950967e-05,0.05461589819875344,2.8814465569005412e-06,6.507923974921224e-05,0.0011068038798963244,0.005072260058907818
147.5424911543086,7.201388207033882e-05,0.9514227821260357,1.7602892589055977e-05,8.773420505868254e-06,0.04152390905238395,4.989118970564956e-07,0.0001023314798949762,0.001299387552718302,0.005552700681904832
147.90323074148296,7.214939086852349e-05,0.9582062299397023,1.3173882449717127e-05,6.43341915955442e-06,0.0345154383024262,6.697516571544339e-08,0.00011892849084150536,0.0013304621520425926,0.0057371174473439535
148.2639703286573,6.986324287079587e-05,0.955380735378346,2.7638241542178015e-05,5.288023918007993e-06,0.03817822772586165,5.013470560345816e-06,7.39275516474948e-05,0.0011494086300360747,0.005109897735217417
148.62470991583166,6.0434255750517116e-05,0.9529550435058007,3.93066045450038e-05,8.776808403826196e-06,0.04136710758815899,8.27098345107207e-06,2.8990928991925397e-05,0.000994786152187485,0.004537283172710516
148.985449503006,5.6294154616088785e-05,0.9575342468727984,2.566156481197188e-05,8.739655572995736e-06,0.03641001987350228,2.5332788589624134e-06,5.8428743908291925e-05,0.0009979184401395903,0.004906157415791479
149.34618909018036,5.855470194088154e-05,0.9624796113194063,1.1769379512848533e-05,5.265710298751333e-06,0.03102977083412846,7.227495800704172e-07,9.747125954992316e-05,0.0010930673715590737,0.005223766674023578
149.7069286773547,5.912453154171784e-05,0.9588521420118344,1.378212259718106e-05,4.241145012666723e-06,0.03498735516728962,3.6736651751280196e-07,8.470622737914058e-05,0.0009344980449523557,0.0050637833828754975
150.06766826452906,5.3507125534188555e-05,0.9511016664049812,2.2001224616539152e-05,7.259297434034816e-06,0.04346210446620569,2.5740160885158598e-06,5.107094929835951e-05,0.000699756358357799,0.00460006015748371
150.42840785170338,4.7667696432561634e-05,0.951443053223092,2.6591735461747218e-05,8.290757116779134e-06,0.04348600702665493,3.012657974064948e-06,3.530615444545236e-05,0.000620047517865706,0.00433002323095677
150.78914743887773,5.243465226417025e-05,0.9598289651146212,1.982561634100682e-05,4.481515370992844e-06,0.03473867433296778,1.0822695104655987e-06,5.720587518744073e-05,0.0007228018972894681,0.004574528726447591
151.14988702605208,5.442658569332327e-05,0.9651311341918998,1.2973888849180101e-05,4.1132385875476315e-06,0.029242964849848414,1.9113670987774517e-07,7.133846899162157e-05,0.0007605336275527861,0.004722324011867451
151.51062661322644,5.208367534076984e-05,0.9626506687481702,2.2762449879594237e-05,5.827795807967583e-06,0.032232815125131195,2.2208271322183432e-06,4.4836846421029094e-05,0.0006408462326982242,0.004347938299418819
151.8713662004008,4.882635004818321e-05,0.9594205783152466,2.781651371733822e-05,5.9411707137571915e-06,0.03585249151218028,3.816908172457895e-06,2.3384263862955603e-05,0.0005001879956705437,0.004116956970387942
152.23210578757514,5.21599499905555e-05,0.9631241854814764,1.8049583663329666e-05,3.945927728656601e-06,0.03196806478479235,1.4059509429453433e-06,3.9353414727712446e-05,0.0005137949372648475,0.004279039969413256
152.5928453747495,5.4612059909224396e-05,0.9699212874302685,9.452533452194527e-06,3.854752479769654e-06,0.024963275449312334,5.445455098237688e-07,5.653489639948544e-05,0.0005988215357256449,0.00439161679694311
152.95358496192384,5.4856919559701176e-05,0.9708832725889762,9.84959667088327e-06,4.016899452553543e-06,0.024097691603455738,1.1446653685431444e-07,5.257057576796436e-05,0.0005584158150987652,0.0043392115344813575
153.3143245490982,5.368663936737634e-05,0.9670344001412823,1.966378241472489e-05,3.7282388161890204e-06,0.028378893770150227,1.9661933137347766e-06,3.1181193834183254e-05,0.0004621435245372274,0.004014336516284134
153.67506413627254,5.28142159223377e-05,0.966481442912255,2.6527689814567943e-05,4.017306270546318e-06,0.029172381260756105,2.961806568815013e-06,1.5906636629537244e-05,0.0003720471102194548,0.003871901061563765
154.0358037234469,5.6097630517410115e-05,0.9708227470206005,1.757088996027674e-05,3.713431606695344e-06,0.024681572744949615,1.2538116470778603e-06,2.904791278216348e-05,0.0003868988490944135,0.00400109770884205
154.39654331062124,5.8170995904405195e-05,0.9733938520060211,9.584176359667752e-06,2.9572097343225342e-06,0.02203345748583011,3.3420413267192924e-07,3.987885969765603e-05,0.00040725444499806315,0.0040545106173218715
154.7572828977956,5.781215328369891e-05,0.9700791758858381,1.395316178407516e-05,2.5168818230559938e-06,0.025570261965371335,7.950179124388941e-07,2.8600201225406784e-05,0.0003395613713283983,0.003907323361433401
155.11802248496994,5.529627418454112e-05,0.9659815929649663,1.624506030051421e-05,3.6290286653886242e-06,0.029919706925981403,1.293292241658538e-06,1.7571817188387005e-05,0.0002543361556657348,0.003750328480806031
155.4787620721443,5.8510428723805894e-05,0.9684408258168696,1.3109618294772273e-05,3.5899866991355563e-06,0.027494840267433124,7.608177705193765e-07,1.8441892158937725e-05,0.00023695613493804476,0.003732965037111957
155.8395016593186,6.177698951511381e-05,0.9749557978054937,8.23997839413766e-06,2.156970816967192e-06,0.02084709716478604,4.2678171105601003e-07,2.696069325590809e-05,0.00027781924982700593,0.003819724366199928
156.20024124649296,6.182347974433102e-05,0.9779317946465007,7.5342317571705786e-06,1.5109540171839234e-06,0.017864013416658456,1.3005196786271978e-07,2.7787722690010744e-05,0.0002770366744052498,0.0038283688222590095
156.56098083366732,6.020680164423396e-05,0.9764734562753525,1.6212733174208553e-05,2.4604491991704608e-06,0.01954862232850177,1.4480536471955924e-06,1.5033379538888475e-05,0.00024404755465206405,0.00363851242429003
156.92172042084167,6.064061337434031e-05,0.9758917426480466,2.042225944327616e-05,2.965347987721267e-06,0.020293193878019544,1.5851475120307768e-06,7.265124843499617e-06,0.00020095636754158115,0.003521228613231453
157.28246000801602,6.386338508802976e-05,0.9786640337767771,1.201312188119113e-05,1.5842120761938788e-06,0.017432185658211637,8.682153606013298e-07,1.537240273710107e-05,0.0002040050618262558,0.0036060741660419726
157.64319959519037,6.447448383813089e-05,0.9809732743072505,5.853601871620969e-06,9.766207416794134e-07,0.015081081620104256,4.835651172992308e-07,2.140281725037791e-05,0.00021008347124990096,0.003642369512576127
158.00393918236472,6.326378939541314e-05,0.979088851114138,7.378729139088712e-06,1.7191475332587018e-06,0.01704178111842061,3.018141499330508e-07,1.696209969898771e-05,0.0001709916139485546,0.003608750573576236
158.36467876953907,6.162389906584261e-05,0.9760984728386003,1.0567932524697309e-05,2.6033262021760834e-06,0.020209762849283396,8.346384588399367e-07,9.507506734671143e-06,0.00013008318331580855,0.0034765438258143044
158.72541835671342,6.460445727565443e-05,0.9770796426369901,1.1318710945952555e-05,1.5671355163771578e-06,0.019310445410664866,7.169952816599003e-07,7.062216793490792e-06,0.00011496811238562177,0.0034096743241462946
159.08615794388777,6.623645878790724e-05,0.9809298632241513,7.336635656446457e-06,8.191123844812058e-07,0.015381318971116161,5.151138359332625e-07,1.1621359694516427e-05,0.00013386700615916356,0.003468422118214076
159.44689753106212,6.490280266868396e-05,0.9828598713950222,5.561098698835381e-06,1.2991501249973285e-06,0.013469947156340947,2.7809522935702903e-07,1.2813130852064567e-05,0.00013148468005284126,0.003453842491009884
159.80763711823647,6.361529587643218e-05,0.9815929103394003,1.0701050120172374e-05,1.775571344035252e-06,0.014848748002715743,7.290049870270899e-07,7.226560703901193e-06,0.00010719358271204897,0.003367100592140293
160.16837670541082,6.50435483761023e-05,0.9805853147470798,1.1991703395349546e-05,1.1188775706905256e-06,0.015899287954549694,7.361680638213776e-07,4.3506695198170105e-06,7.647286799522291e-05,0.003355683463449499
160.52911629258517,6.657120510294476e-05,0.9827270447458273,7.107955737622361e-06,6.86837577272063e-07,0.013761116732853745,4.894201567318228e-07,7.433046964269318e-06,8.567636084281995e-05,0.0033438736949373826
160.88985587975952,6.555017700597194e-05,0.9857856692322233,3.5709307313044416e-06,9.563958779135454e-07,0.010700026445668196,3.860051249681854e-07,9.563731082280876e-06,9.606871000882684e-05,0.0033382083722772737
161.25059546693385,6.493656211556051e-05,0.9861947208277683,4.118222362869921e-06,1.0563592608704701e-06,0.010323167877104219,2.7061669990694985e-07,8.027816309519095e-06,8.475497952701554e-05,0.0033189467388518024
161.6113350541082,6.470423052742065e-05,0.9849108587838284,7.78951519898935e-06,8.167041355531928e-07,0.011690911670705321,6.59579567526775e-07,4.3844936528265055e-06,7.016975534817256e-05,0.0032497052670358295
161.97207464128255,6.579707698015158e-05,0.9851026976114019,9.349821721252648e-06,6.002829527858992e-07,0.011527657015331837,5.729259760976157e-07,2.6427185571191174e-06,5.034113155909942e-05,0.003240341415519654
162.3328142284569,6.573078882932873e-05,0.9870073607524233,5.676021442760259e-06,7.666609227893644e-07,0.009617026119969906,4.640162601483838e-07,4.9506830574691205e-06,5.7056450264576076e-05,0.0032409685068296445
162.69355381563125,6.503417936019078e-05,0.9878763476898956,3.527565141173721e-06,7.626486515904661e-07,0.00876681913141176,2.3517920301612816e-07,5.548220464306853e-06,5.585850870633658e-05,0.0032258668771659726
163.0542934028056,6.436846288329835e-05,0.9864826193945743,5.558864040404135e-06,5.901808268927697e-07,0.010181545820261264,3.2737191188286217e-07,3.70150535410999e-06,4.611460365331018e-05,0.003215173796494497
163.41503298997995,6.478170436555156e-05,0.9852592217635997,6.129987271994296e-06,6.16329785779154e-07,0.011442170662527302,2.6961728865447315e-07,2.4707505506823555e-06,3.207825233562544e-05,0.0031922609322747597
163.7757725771543,6.522463177249804e-05,0.9866709734033777,4.469650238502885e-06,8.132434053541318e-07,0.010070295104039836,2.5909668609563116e-07,2.642001018767729e-06,2.9219169271531144e-05,0.003156103700189705
164.13651216432865,6.458631918334865e-05,0.9891860209146389,2.333591765267319e-06,6.081942458273224e-07,0.007537592242822116,2.3815489230973013e-07,3.4831227323020914e-06,3.3583612342241854e-05,0.0031715538473774396
164.497251751503,6.431854383743054e-05,0.9901582060321038,2.367566898557267e-06,3.138408711839109e-07,0.006580643998968181,1.851794225464868e-07,3.1965745381000767e-06,3.172418306475527e-05,0.0031590440802954367
164.85799133867735,6.412040089879019e-05,0.9896846841757867,5.200615479879536e-06,3.68352536227765e-07,0.007087533547539932,3.7537934461073433e-07,1.7769304081722338e-06,2.783809855811066e-05,0.003128102499447616
165.2187309258517,6.43402654089198e-05,0.989756415592572,6.202294077222554e-06,6.010031373130816e-07,0.00703718197096596,2.3325597390163107e-07,1.1301208966483721e-06,1.9926003961487014e-05,0.0031139694930065742
165.57947051302605,6.417610601843407e-05,0.9909518517177907,3.503081415521051e-06,4.519753797679985e-07,0.005838154858241896,2.337201470912949e-07,1.8688065087894446e-06,2.277296181373119e-05,0.003116986772684127
165.9402101002004,6.394765556462758e-05,0.9917532417739237,1.875455980110261e-06,1.9378150333337875e-07,0.005039451752748799,1.3998865130693364e-07,2.1281897410423302e-06,2.078214872116854e-05,0.003118239253166122
166.30094968737473,6.341143978073312e-05,0.9911555034000039,2.486734891700647e-06,2.82172057132695e-07,0.005644091056890022,1.3967560547690833e-07,1.6933857347646326e-06,1.6304670235162466e-05,0.003116087464801076
166.66168927454908,6.328373516363198e-05,0.9904720977558996,3.321362865874076e-06,6.050366319533079e-07,0.00636298537460316,1.7862942663750742e-07,1.0280237377912899e-06,1.1721803480966343e-05,0.0030847782781905364
167.02242886172343,6.369606268923977e-05,0.9910814830387267,3.005553815036445e-06,4.814803858747084e-07,0.005759967332441386,1.2059958869014002e-07,7.827272470770982e-07,9.795959724472811e-06,0.0030806672453814743
167.38316844889778,6.35024552673558e-05,0.9923204515738693,1.6182623622765369e-06,1.5480786568435511e-07,0.004516939089021234,1.3548080576098885e-07,1.0961383079468182e-06,1.2303115607832224e-05,0.0030837990768927126
167.74390803607213,6.308995012726927e-05,0.9928061526368815,1.3747150880429448e-06,2.0570535132289426e-07,0.004047640525496396,1.106892367283559e-07,1.1153868680082731e-06,1.0697629838706168e-05,0.0030696127611118396
168.10464762324648,6.286105374999415e-05,0.992450125312281,2.891309823305708e-06,4.806001551678288e-07,0.004414019294879434,1.2583255619555465e-07,7.22243118590286e-07,7.689299225030837e-06,0.003061085054211321
168.46538721042083,6.326923194310324e-05,0.9923836565726062,3.171861833658439e-06,4.000599507468065e-07,0.004483345756020788,7.845104748606854e-08,4.5427405798614657e-07,4.6746970157771275e-06,0.0030609490955242347
168.82612679759518,6.323976062336258e-05,0.9931897690247713,1.7963698557252113e-06,1.1126982047016696e-07,0.0036884551393918967,8.234168925375448e-08,5.755114887000564e-07,5.978989597223643e-06,0.0030499915927620913
169.18686638476953,6.29084898098302e-05,0.9940693001766754,8.671716517531885e-07,1.5356513961383764e-07,0.0028139106265843185,7.468317086248639e-08,6.599408124735857e-07,6.12598546881498e-06,0.0030459993606870572
169.54760597194388,6.262305283794643e-05,0.9942205261719472,1.0234767174388382e-06,3.510722941304502e-07,0.0026737049139056984,8.265672867225855e-08,5.84568281352251e-07,5.519946712391497e-06,0.0030355841405750317
169.90834555911823,6.277649638121793e-05,0.9940433245507683,1.7230321005063055e-06,3.267062935748599e-07,0.0028583386783437893,6.955839777082814e-08,3.4579401394125025e-07,4.004797251718178e-06,0.0030290903864490515
170.26908514629258,6.311337100125876e-05,0.9942447609868373,1.860537108087907e-06,7.34315775426727e-08,0.0026559014928932805,4.900082071269197e-08,2.0878476354380933e-07,2.4277061044318722e-06,0.00303160468889363
170.62982473346693,6.286235961841055e-05,0.9947591038110024,1.0997662004954527e-06,1.1505719495450209e-07,0.0021520401209323553,5.820587550583858e-08,3.205439299847049e-07,2.9939520208399425e-06,0.003021406183225106
170.99056432064128,6.259142919450955e-05,0.9949657156648103,7.792466008686801e-07,2.9353292047779775e-07,0.0019501190210233924,4.256673257810261e-08,3.336225018298225e-07,2.444780363623727e-06,0.003017680135852352
171.35130390781563,6.266911077321636e-05,0.9947261255765607,1.2675128843041141e-06,2.8358856021698954e-07,0.0021894038891653133,3.739680272428908e-08,2.3324961498958097e-07,1.92687200250113e-06,0.0030180528036359844
171.71204349498996,6.308053724078048e-05,0.9946152957886756,1.3175556241214712e-06,7.036516774883642e-08,0.002306645130815595,1.7636404856069554e-08,1.4151813919395327e-07,1.2483748544401264e-06,0.0030121830930774918
172.0727830821643,6.288106208570729e-05,0.9950283618666697,8.043355667844576e-07,9.936030367467521e-08,0.0018999999576440015,2.5636891294900498e-08,1.2246801287678776e-07,1.1091097396948639e-06,0.003006596203086298
172.43352266933866,6.262655448008429e-05,0.9955764596591843,3.0744704909916416e-07,2.377366155939577e-07,0.0013558533734848743,2.6900311765780785e-08,1.4715179636273616e-07,1.0366659368838203e-06,0.0030033045111409473
172.794262256513,6.270618072245244e-05,0.9957814051649313,3.201391145859066e-07,1.9339231249595638e-07,0.001155761834521731,2.831946836024904e-08,1.3263877577711012e-07,9.201683304928925e-07,0.0029985321618228866
173.15500184368736,6.296269938124107e-05,0.9957497999405084,7.470493455974282e-07,3.66120295340591e-08,0.0011875197042209291,1.6840810434469e-08,7.040770125458071e-08,6.075470418125295e-07,0.002998239198960917
173.5157414308617,6.295389268937311e-05,0.9958533058420258,9.361321906650493e-07,5.097232548544347e-08,0.0010902167109219216,8.239621935274396e-09,4.950005023009186e-08,4.776121710045738e-07,0.0029920010980034606
173.87648101803606,6.277841782715712e-05,0.9961221915148603,5.557309095961021e-07,1.7357012140309268e-07,0.0008260917648990609,1.4706056532575646e-08,6.305389831083914e-08,5.340201058850499e-07,0.0029875972213218027
174.2372206052104,6.282520840603239e-05,0.9962780225762626,3.35531251052415e-07,1.465142329846333e-07,0.0006706022265436842,1.3536906932184826e-08,6.01943104475269e-08,3.51110920090462e-07,0.002987643101166171
174.59796019238476,6.297208557031287e-05,0.9962421500302941,4.075877740227709e-07,3.4647774963141e-08,0.0007098751951138141,1.0176666675284744e-08,4.4369836390418026e-08,2.4265021269686104e-07,0.002984263256757158
174.9586997795591,6.304381590306584e-05,0.9962337188709279,4.0097520548604646e-07,2.014473304023255e-08,0.0007211180718669413,4.141464463394682e-09,2.248138789146885e-08,9.791954522273943e-08,0.0029815735789660014
175.31943936673346,6.289555740730129e-05,0.9963884028602384,2.1786841128432496e-07,1.2741517538345955e-07,0.0005701147222341313,3.690579882999689e-09,1.6616406763685592e-08,1.0286760639555599e-07,0.0029781184019402884
175.6801789539078,6.289028528573567e-05,0.9965585787419471,8.718609684633681e-08,1.1419324992130773e-07,0.0004033149955044655,6.795245545193083e-09,1.50911190761392e-08,1.2390679412244885e-07,0.002974868804757058
176.04091854108216,6.300674138768292e-05,0.9966202963854366,9.857815404837029e-08,2.5348506450089024e-08,0.00034275841413937994,5.354771879228546e-09,1.1465014039598084e-08,9.0717491723248e-08,0.0029737069950982464
176.4016581282565,6.306131630877767e-05,0.9966322603807236,2.5869380271545185e-07,1.0955815489986848e-08,0.0003341594984816275,1.3599741361005354e-09,6.654849632612707e-09,2.9415029379083152e-08,0.00297021172501466
176.76239771543086,6.299067598307762e-05,0.9966934471723894,2.878671932241941e-07,8.682236749851175e-08,0.00027784689248551973,9.358697279926225e-10,5.36231889962232e-09,1.2034777920161191e-08,0.0029653222366147203
177.1231373026052,6.298815974440773e-05,0.9967846986138353,1.5511902018186853e-07,8.218215519716425e-08,0.00018617074973041676,1.689798596235476e-09,4.9391693195877145e-09,1.3070925640044683e-08,0.002965885475620933
177.48387688977954,6.305678108440426e-05,0.9968526643878806,7.340944743698987e-08,2.5023392467121225e-08,0.00012158300772461097,1.755154356322635e-09,3.408353631706766e-09,1.0030076577371122e-08,0.0029625821968860544
177.8446164769539,6.307382974409213e-05,0.9968829763200202,5.549742446420035e-08,1.2115990993366162e-08,9.450724074556795e-05,9.410000017230358e-10,2.1856414475489873e-09,1.0707111653631554e-08,0.002959361162321539
178.20535606412824,6.304137531989461e-05,0.9969088147907395,1.8167174811178545e-08,4.8033891634585034e-08,7.083737979689546e-05,1.4133810756835913e-10,9.28979876688085e-10,1.9359950528149515e-09,0.0029572372467644437
178.5660956513026,6.303177991273812e-05,0.9969385259064488,1.4161824537582706e-08,5.607315273415462e-08,4.360111676976172e-05,1.5419691743496542e-10,2.4878414644880653e-10,1.2529356967215456e-09,0.002954769305974825
178.92683523847694,6.305842460004472e-05,0.9969611062832692,2.5008626321266748e-08,3.0541359794619456e-08,2.356339614744122e-05,1.272020442694673e-10,2.8411083833800824e-11,2.480532814438831e-10,0.0029522159423309713
179.2875748256513,6.306778172976687e-05,0.9969750688927331,2.7289494804866316e-08,2.382051801880314e-08,1.185246033587291e-05,5.227059004567521e-11,8.474708540893376e-12,1.2334000553012584e-11,0.0029499596821090934
179.64831441282564,6.30603105713745e-05,0.9969857436480958,3.3743871301056046e-08,3.277448140780977e-08,3.950976215215019e-06,3.474821176040112e-11,4.7815091504019506e-11,1.1307803330799183e-12,0.0029471784630709097
180.009054,6.305820738407692e-05,0.996991020238293,3.097239987570733e-08,3.4979244503470306e-08,7.679156083107734e-07,3.1770712941205464e-11,5.770990765956571e-11,2.1479914715399194e-11,0.002945087576109673
