0,1,2,3,4,5,6,7,8,9
0.9999396276511462,0.010978830541678669,0.00020863186149791242,0.00018599349010207225,0.00017913031756954437,0.0001684336935447546,0.00014182575109260938,0.0001276437718470557,0.00012145341631597694,6.156488730042486e-05
0.9505067494560918,0.31031064458719315,0.014771324230888436,0.004969963811851948,0.0004388176766023348,0.00043862859872708526,0.0004229503440379397,0.0004063177269708059,0.00034467678805209133,0.0003107849788308507
0.9505080560053663,0.31031617260083594,0.014696846237162085,0.004636245500902752,0.00040817659989412586,0.00033389218907960025,0.0003078667587666821,0.0002604932677546424,0.00022255806735733575,0.00021245104832566967
0.9999396538846804,0.010922907321268516,0.000818938187171421,0.0005023122552643154,0.0004590596073758548,0.00023732400399563376,0.00018361019636238944,0.0001764677706214208,0.000172512088188655,0.00016602932386768074
0.9999395989401177,0.010962583018765595,0.0004257096985078891,0.00036599957101626275,0.00027494756349349616,0.00020713096787933072,0.00020700364394631856,0.00017729433913503745,0.00016606386945498502,0.00014049154379067064
0.9659533282528451,0.25118633295758785,0.05879058886125007,0.01809834983149584,0.005658080346152978,0.0029456419708394858,0.0026979445974332945,0.0016509717274870192,0.0016187288955836412,0.0008521139646163515
0.7066260182030474,0.6728055215129348,0.2180317792300816,0.014819428522781865,0.013408344986359726,0.007470632429368092,0.003417796156324559,0.0011913051564096163,0.0009840296814348133,0.0008879366471484917
0.7048840398478974,0.6954354738336954,0.13797651673454808,0.015087891854398556,0.013150030163556283,0.0074909195618201654,0.002773201454758669,0.0012162748918583578,0.0009181267814317696,0.000813203163191319
0.9753921515658152,0.21985415024820484,0.013637341617117637,0.006493369336446085,0.0052994639922771545,0.0035557382765226426,0.0016961043693169177,0.0007675331915660196,0.0006823823917903746,0.0005242839815361668
0.9064807381115282,0.4219506815836611,0.01409202109967424,0.006420243127466334,0.0016674137313983169,0.0015439603082149644,0.0014802146604566194,0.000814087126797598,0.0006600020343619675,0.0005386269841211456
0.9064789503921054,0.4219562616275102,0.013376000319226708,0.006367583723229043,0.0037289122171871116,0.0032675242106625676,0.0013827667533606518,0.0009601947600888002,0.0006178894939191721,0.000597501762629788
0.9753888644950602,0.21985268192568436,0.015025312899549146,0.006021139353483895,0.002824790098349729,0.002153862391298193,0.0012071275485563545,0.0011572847976711997,0.0010155664154116119,0.0008938765665232612
0.9814160818784194,0.18753977805934546,0.032004036778612965,0.01704912186682744,0.014033381952808413,0.006118167548264093,0.006083353494915494,0.005123115881321344,0.003231633496819095,0.0029489128397805807
0.9999395978615703,0.010908760412116655,0.0008161415057886379,0.0005151777293285691,0.00045602044156344424,0.00042223219444358973,0.000361548833176318,0.0002836208792412841,0.0002354722505951432,0.0002042191854355943
0.6096701809502514,0.5895352695245475,0.5119648028837588,0.13327542728175268,0.016092364478454413,0.013827756087259564,0.01275260834388815,0.00939810687782732,0.00818231204145836,0.006852542544886236
0.7214788485977599,0.6787985267758566,0.12673084293218262,0.044104757279014375,0.017391668885442406,0.01316730241832281,0.010216316644775406,0.006851164453194018,0.004561791180278637,0.003594746764183483
0.8566911815187668,0.3942938124917085,0.3274528049458488,0.04942450651128105,0.022676073432875535,0.013145978695249257,0.010340451106641047,0.006442717818772162,0.006063703760091781,0.0037467640884882728
0.9917236478356921,0.1225423700228654,0.032023119406026486,0.014966522658836422,0.010158481237065276,0.009435214959192938,0.0029106154149010736,0.0022676994008129577,0.001752244605309328,0.0015414572819959164
0.920623816027438,0.3268940397848602,0.21240269690756736,0.017344424842617598,0.0070785629404615455,0.006664435447216554,0.005182027809480566,0.003939053458498846,0.0037911871792794824,0.0025969347875505642
0.9190570592354949,0.30174663963488035,0.2520637874211744,0.02102228729824975,0.01196169551068986,0.008726892498418204,0.005531526164661384,0.005041222762294715,0.0035001460765121855,0.00287458810317395
0.8605728516533137,0.4934025997861531,0.11374488492595579,0.04805859244179243,0.016973513169928598,0.009483839905233153,0.009465635563948735,0.009110382995691087,0.007870114926306022,0.0067783387299115054
0.910185665010971,0.3306642396009738,0.24704202172785356,0.02066354840009956,0.018898106191117973,0.01145300204798048,0.00987627639396503,0.0067903292261602,0.00593970221664573,0.00482469520572808
0.8693312137932224,0.4896167708503139,0.04705220635639507,0.0407898467575423,0.0161767321786299,0.01291209927773421,0.009312214200152134,0.006762447265224931,0.005185889224050906,0.0051787130824658065
0.9856295011813488,0.15081917716127952,0.06231824428725575,0.031211711091524267,0.021111532953455005,0.012925761223706806,0.010452068119301144,0.00826346630807245,0.005553374437063557,0.005235853402450434
0.960221860048732,0.2787351255979488,0.01343090479021035,0.006536269909379392,0.005202716906018947,0.004287725809679369,0.0016644417154637531,0.001663698236531729,0.0010223589612511257,0.0010147134058082032
0.8182696199502811,0.3726451222710292,0.3432941085279587,0.2139112343242037,0.13461527278184302,0.08541029072663378,0.027261967674983522,0.020423643833437952,0.017042124677315994,0.015341219938951576
0.8781605959994331,0.4108036810729348,0.21554714703346808,0.06898371177012957,0.06360998257725684,0.055973220957783315,0.02397241717883143,0.018601201476197513,0.01336026374192417,0.009728019792773912
0.9602182416505134,0.27873304422211564,0.014138433756142765,0.005493914959119418,0.004041483644668783,0.003655216407142781,0.003438298804829444,0.0025651785270498126,0.0015160972125370196,0.001454703217047589
0.9942971706317905,0.08571415243712296,0.05200618345182922,0.023118817165106994,0.019081697907008408,0.010347495595129362,0.010086230735934964,0.009088027984480941,0.008959565365766113,0.004603279620951303
0.99702742105567,0.055439799168423225,0.05051648770179436,0.010253137142581078,0.009761728272548132,0.005456804999085719,0.005431169336967436,0.00445663280942872,0.003402724522796353,0.002425072428427283
0.6959605329942584,0.5884751012985546,0.3042962535935946,0.26847842552013534,0.03593036122494784,0.031181357171562965,0.02392227373729858,0.018862132067654146,0.018845165847039904,0.017690832003709227
0.7158685055461487,0.6307791648014107,0.19187119592458765,0.18825384177929189,0.1237316573063658,0.02278623069878504,0.017210675058786724,0.01554141929153156,0.014935404628407525,0.013711347892697219
0.9805945864930622,0.15188829473667384,0.11680906903617107,0.02786469519762611,0.02503670539368546,0.010336022333299177,0.008643640879962203,0.0054564860460959395,0.00507473592383207,0.00391046736866287
0.9907340973022405,0.11844294743742395,0.052908664762177614,0.028515423470541482,0.022509731081292266,0.010305214260454644,0.009097036081621284,0.006406931433348617,0.00378982420299323,0.0037063235047238496
0.9753025289475862,0.21190787577458148,0.045846132872210406,0.03386802484942548,0.01695809709602999,0.014008129053466125,0.005589013320065475,0.005557614156669597,0.003583248351894501,0.0035766394839125363
0.9663393235892602,0.21863884716572413,0.0967183727399689,0.057100667627868223,0.05014610693144103,0.04708414996259737,0.014079452916722943,0.01392635568159263,0.013531738537055915,0.012962933525071057
0.7394198128548223,0.6385334807821498,0.17742810552015045,0.10319491296164356,0.04149574747191857,0.024750894023692488,0.016518067133961898,0.013907815716918147,0.011020027247364781,0.009978237498864373
0.8532201295938338,0.49412756135143193,0.1584082297706551,0.032828209932144276,0.02928456902710654,0.01657538897674541,0.011879202516361778,0.008774056683073989,0.007877321763811432,0.007127341394174989
0.7377610021684322,0.6561710976869938,0.12732270969175902,0.058724541502037556,0.046443158023332695,0.03025487231119574,0.02951037079807556,0.01812002857173602,0.01631638123660135,0.013445221487124376
0.8341315913141099,0.5169019747420456,0.14770617433510097,0.09227940525710573,0.0675957642526886,0.022895762730951816,0.019492784262716206,0.016266367938973635,0.014274432201234612,0.014160601874468944
0.9880500638077148,0.11445103285321444,0.07591261749371625,0.042351167011818125,0.038962167662747176,0.026002657350243215,0.020694038824670306,0.015733479842583532,0.009905041776779441,0.0068814505110405145
0.9896481782824151,0.13679178919875792,0.032764069910529554,0.02405012477272599,0.010105775793121562,0.009440405674611489,0.0031004921013477803,0.0022565170822908542,0.002125355386882385,0.002083540113597268
0.9084995147469078,0.3068188530236341,0.25017960676103973,0.06809586841860585,0.06332828561301646,0.05214035890299468,0.04844078581341084,0.041487854500676435,0.024965087262918427,0.019093433239196187
0.9984148033957395,0.0324768010871239,0.030888548788433372,0.027032632033300624,0.014723554062888309,0.010541966528896341,0.007581746232113933,0.003289649335450382,0.0030568408128331475,0.0018790710091415557
0.825595108940732,0.48008289983881813,0.23472138238901447,0.11970471177745476,0.09374419947767282,0.06163956861257295,0.03882449996284167,0.033991701345929604,0.0271638345436177,0.026626901902216154
0.8564662462695926,0.46605118994289446,0.15106011304870395,0.1276408940817841,0.05477212026894154,0.049115656873581166,0.04626106090413131,0.023122719631603693,0.021238043885763388,0.01714011462576542
0.8636906283847287,0.494636235660562,0.08949557931506598,0.02186008746691941,0.02042019580152804,0.011594527757064798,0.009620966044464087,0.008098714285045253,0.007591193325906796,0.0055371753216282875
0.608433404978711,0.5453784842704164,0.5041644464699544,0.20571000876482232,0.13866823314537843,0.08890732909937751,0.04746110580794237,0.03538502886100558,0.027494817453462644,0.026805332642524413
0.8557854248824094,0.5024346314014714,0.10582232110918269,0.04978462468655911,0.017891268647870256,0.015814140455914526,0.015237316628503765,0.012676147974271362,0.010709255988925595,0.009223461496654083
0.9983011709139051,0.03989907488620305,0.030367901322424548,0.016462126959857125,0.015622062562332902,0.014629440636229401,0.006583439279516324,0.005912039610555721,0.0047685535277155995,0.003395777555774219
0.6783566271752514,0.6735209482533878,0.1889064955407321,0.15426808795254487,0.09666760442656792,0.09110701941145,0.055508360133120646,0.035026172510143366,0.0328989599443713,0.0287221454164414
0.8006356764239978,0.5345651325811801,0.23635501149496022,0.09627210768310979,0.06593476016669889,0.034585362730357276,0.030392560704948567,0.020103799162343134,0.014491048368926793,0.013114758162833843
0.7710996361900679,0.5836796530412407,0.1551989157042902,0.15317587855379738,0.08413969400389515,0.08305192432799881,0.025511238726527576,0.023499699944896032,0.023128835196076183,0.021876806254162766
0.7725988201357654,0.4087811874903827,0.37023830828911425,0.278724438328252,0.10183433302563694,0.06540403009024369,0.041280936226402415,0.02771939387894511,0.025299025781458234,0.022487039434392002
0.9800234895412016,0.15179220956766623,0.08126286253926256,0.08066950867579287,0.031193638178358733,0.031043723307440162,0.015216239524313092,0.014382042024669682,0.01370460590178884,0.013197593391959611
0.9961589350038444,0.06265856684774246,0.043805916316173955,0.035203385947587595,0.01345319766311134,0.010086677250625608,0.0095926595596901,0.009362526689805632,0.006926746372869698,0.004946386269403221
0.9829247478052561,0.16855273581197025,0.05442944858487383,0.031310822971581415,0.030618081768607336,0.010699338838916503,0.010689506588139734,0.008242706108079437,0.0070313077343767535,0.005703536578991672
0.9915561237804229,0.09025630799189989,0.06780342115936591,0.05449161936485888,0.01925322949575079,0.014648597925474991,0.011290968233306938,0.010206439471225688,0.009726592152292272,0.007910004707029373
0.9988909743968372,0.028784482573033995,0.026645208974315097,0.016602849140556146,0.013606445024433152,0.011446144348292666,0.0066095828922726405,0.0035393632830299105,0.002254909573584437,0.002069710741891257
0.9871875862737071,0.14974221774543284,0.03103111396872935,0.023825841677100775,0.02359355619707218,0.022316827333133546,0.014170235284441285,0.009606145645573683,0.006142259549695492,0.005789346512629993
0.957197320498199,0.22873047373107927,0.11058962013090066,0.07754624333172873,0.07557382731741823,0.06311181073662088,0.03735500460949245,0.026645255209451598,0.014099020677288517,0.013820392147195274
0.9990448995944391,0.028025834353723623,0.024610385169458963,0.019866583804132316,0.007417805289849056,0.0035942139200595318,0.0035416890766933043,0.0032064747352370192,0.002626897173320713,0.001850355531508737
0.815962397839051,0.38525614006127185,0.25341642900707967,0.19408960856828758,0.1780666957492635,0.15204444195264255,0.14611883749786206,0.05535050848284624,0.027375566028324368,0.02676718810419956
0.667829261331142,0.5162597319138499,0.39390358064432335,0.2968033671827123,0.1502532587795366,0.07109230447017906,0.06364256779906136,0.06340189975350619,0.051837134958350344,0.05045978079577985
0.7894440142111042,0.6046025875358395,0.07070014513696718,0.04776079560910719,0.03681843275307174,0.027044173922516346,0.019491814321891017,0.01757577020198204,0.013446708500980335,0.01259620869489902
0.9955414118571384,0.08711237479741807,0.02259641624502579,0.018944309413120645,0.010353606873136828,0.010027611679120875,0.008613597229339277,0.006287530497805027,0.004917532596097392,0.004668523773834107
0.8664750468465516,0.44670784724777673,0.1490460311507994,0.08437200875616398,0.06992162190287476,0.06787813880366098,0.052241458039818146,0.050082411579465684,0.0395251549882323,0.032027937746590594
0.9967831257589495,0.05649963387701081,0.05382724088917532,0.010224972989736045,0.009857334598666527,0.006605016887590159,0.005229602813286834,0.0044587574202661715,0.003384504884626626,0.002445998613878983
0.8969163555728903,0.3097279910236643,0.2755382366805572,0.08162790781035885,0.0672237868407823,0.06346557543339795,0.05557177462535246,0.04001075553162367,0.03257582578573363,0.02158762759457979
0.9944691553319573,0.08074572736325909,0.04843093719334864,0.03512386246507692,0.020110621585548785,0.012260953510879387,0.009591631500357927,0.008471484638982132,0.007594040992972067,0.007431683834745353
0.998246870689083,0.05486661788750062,0.010290757403068012,0.009885353769627079,0.007780666147709814,0.007608700839590082,0.00594702027673846,0.005920989966437764,0.00538781914602054,0.004672595401196622
0.998940628159839,0.03242757452475369,0.02289768351180884,0.015644212756476056,0.015006387965926515,0.005134640054882269,0.003689278642354406,0.0019271062499065313,0.0018227808080570915,0.001788807820353422
0.9725732309363023,0.14666361486636603,0.12025769476411943,0.08674894284562965,0.05872241747852851,0.03336724322093263,0.03295949089139956,0.031622974283975286,0.030428435625960457,0.02946017551279628
0.9859917897700043,0.14220335106713514,0.06471082800647256,0.05453464342497998,0.01017086946596573,0.008984038138990433,0.006439622205897035,0.006029012028157185,0.005913004306713752,0.004391198366786599
0.9993833629293531,0.03155586086658981,0.00950025844368579,0.0073403744919293915,0.005710747534105546,0.004886247908736657,0.003229904095592856,0.002325217603698472,0.002266943305149894,0.0014972568936002521
0.9459260138473224,0.28402422356066476,0.10470306321907374,0.08436136220699691,0.05292984635061154,0.04710636356294614,0.013646827726667955,0.013231449480289864,0.013161875536343052,0.012509331349964051
0.8267261815628993,0.45460999100240984,0.22030749807110558,0.16703602572908186,0.08068432349445266,0.07208294333844374,0.06857774593255056,0.06451279740788605,0.05124650405301391,0.047954251841657185
0.9999252764269235,0.008979453221839377,0.0062230552559107075,0.0029976548559388087,0.0023824217896293706,0.0022842792600497102,0.0018340087979607064,0.0012826109008014746,0.0011256476759757897,0.0009548269445345356
0.9865333781021941,0.1490395636254519,0.034630799582278375,0.030972868894200943,0.025324675188492015,0.019659779589221292,0.019136198286356803,0.0145972726174869,0.01370635791057769,0.013332258692303657
0.8517984246933495,0.39555071475897324,0.24293695853111252,0.14432987180628779,0.09308016844354501,0.0789571784686098,0.07610994762756944,0.07555396498659533,0.046783664115324655,0.04288743410256133
0.565797003844101,0.49756704633234083,0.4724274696583519,0.3269660725696452,0.2849036058227508,0.08501736948123761,0.05031457382180566,0.045392147693595446,0.04419323683002609,0.033752585834676246
0.942818239804633,0.29097242017688785,0.1159501911793719,0.05372254993349541,0.05123147766180781,0.04708461428259578,0.038779150986038013,0.03476721366097828,0.023519631279225642,0.018972242476481396
0.9580425489732958,0.2649011430225457,0.05004035046001926,0.04735558196291591,0.042666500248491404,0.03905644745625947,0.034643686475091175,0.02782850131623233,0.021416866707338656,0.02091729012504036
0.9232670122509408,0.25090261570151356,0.23497622545814698,0.08309352584442617,0.07692306767236506,0.06881569850200595,0.044778663316936605,0.04335458008746824,0.037830076127809295,0.03756962204343937
0.940446347207901,0.26722957985230716,0.1985672390745759,0.0431949987621774,0.03712823725028737,0.025786892308292,0.023187880178992475,0.009556712901014168,0.005658228452320472,0.00459187830026853
0.7055857474388594,0.6016401120221703,0.24978327481251641,0.19764821674822453,0.09865108407720054,0.0949418545522595,0.08288420027895396,0.05496134540417116,0.0412850483987689,0.04062861443318301
0.9168588690134118,0.3734368324909738,0.10743175827847083,0.056165555089237255,0.03851281354819591,0.03244109415004519,0.025715970061429744,0.024819706633853307,0.018532944087823026,0.014878242033061722
0.9974150610241204,0.06105059777004091,0.0322426420714401,0.01128927823646867,0.009977417504840885,0.009093839140798886,0.006398528213638572,0.0031268375254425796,0.002714361581935202,0.002486984735004047
0.8996901538015345,0.38880746200216554,0.17581024592737368,0.05273546415195554,0.041515574318734566,0.029081954603465004,0.025745382358653476,0.024292123962916363,0.021481019985127737,0.01937347027637898
0.9923149035187119,0.09527454078603753,0.05450276183697851,0.04001122745109291,0.02214758758366248,0.02085904259741669,0.015790317340210608,0.009924830740494744,0.009023620044247248,0.008489247682229632
0.9938403872280628,0.07580752808019439,0.06229908102489063,0.03310362443327028,0.02883794537629914,0.018014022591927352,0.009452746851380414,0.007945989655041726,0.007665416693918451,0.007156431297476359
0.923594465054772,0.2319503784535016,0.20354138088166923,0.1486001933382823,0.10831509967116804,0.08387767426068288,0.046476604387895845,0.04534617758207453,0.033392656674997086,0.03100876738778989
0.9794442394696756,0.13207355650511549,0.07606639693394156,0.07565297707129598,0.05979148093474148,0.05579274949288857,0.05018285792020073,0.024693002032533357,0.01910548134706624,0.017980909302704164
0.9799481171487713,0.1262454069400529,0.10024446218363367,0.06526901285489811,0.0504710559792234,0.04249273547070125,0.035670580111190786,0.03255377125514225,0.026332770109818545,0.02049388849700006
0.9684241171545426,0.1486856744740074,0.12425235163714662,0.10327243849495002,0.05538489566814413,0.04608039032730032,0.043913335367827246,0.04294721424956965,0.034739345165737366,0.029322461265949316
0.9866923670142406,0.11309338968203482,0.09392261866753783,0.03540570677912315,0.031732125726443926,0.03015821804703886,0.029761226770279856,0.014866250311814912,0.011026215793219246,0.009250661517037868
0.9639067477563584,0.23797504667424216,0.09083988178318331,0.05289532435166588,0.0408904092828565,0.017257652025648572,0.012764217010637395,0.01241350587854614,0.011757292834240077,0.011598496589499345
0.7638930157667545,0.4350868940340355,0.41404964227565605,0.156768903130566,0.0838012042855399,0.05501447138854658,0.05430343318310978,0.04926703366886932,0.048492474150200957,0.0456686370850503
0.8174682220209506,0.5090655075534382,0.16493480333439436,0.10748228778146561,0.09947141793414079,0.07774735939688028,0.07449205475422897,0.07363648528900023,0.03296936238697068,0.028090604005032223
0.941189046006685,0.31002435616978713,0.09759480330119269,0.03940924437436402,0.037136921574234025,0.035411327304560036,0.0318031373115396,0.029713483949021794,0.021322787024394083,0.0190616596447262
0.9442865744300563,0.3104069548934695,0.0666342893971283,0.05172792828293877,0.03711763993277073,0.030229614434702488,0.028868689499981972,0.02183688464663191,0.016778200691092593,0.012340762673176924
0.9983011051013372,0.033577443230993036,0.033024788205991126,0.027288100824216868,0.014720362299574382,0.010128444346775034,0.007564339905110915,0.0036136998980379957,0.0033034905530291915,0.0018671012025527013
0.9309322420114364,0.2664876073512784,0.20505367431404115,0.06428955100683845,0.058011115623947264,0.05317663269767598,0.05248191528834175,0.036836157475149574,0.03262370423901236,0.027434032681454883
0.9979181564551448,0.058523598619365035,0.018981896907156234,0.009691685307531192,0.00916912437694904,0.008609573709700107,0.005471355604046525,0.004659827603218625,0.003671998959834001,0.0032641693716530945
0.9592129124097207,0.1713354672013595,0.15195143555114432,0.1039936456829321,0.0793509572978863,0.0671945621636206,0.04943677751570591,0.031155678391099093,0.024859547816657543,0.02025349551470236
0.7664858370168092,0.4457855835480464,0.3185511558550457,0.18690694987301695,0.1457874277267851,0.11762377568001553,0.10326238501800594,0.07812265645858055,0.07682320908568388,0.0709720426549836
0.9874296192262197,0.10471296371051923,0.09957821585379562,0.045054803678635715,0.024488209586569804,0.019464378053522854,0.019154677399493666,0.013181311882392842,0.011958500159502523,0.010070640669978547
0.8951457400588827,0.3616498417660678,0.15938009740783832,0.1329293001957847,0.08924914699837669,0.061859524770019055,0.051738531421532195,0.04324495760468822,0.038963125027176436,0.033635439775350336
0.8433439535594711,0.30351386635594346,0.29987182723532757,0.2627175779823135,0.09713993764214755,0.06709153258021787,0.0575132539072286,0.0542873373211539,0.053476300524957034,0.04693613909529908
0.9974528903852607,0.04153036971162354,0.03581697407456386,0.024629217646771697,0.02283340261239694,0.014569221326038573,0.014128570018212234,0.011159647243449053,0.010021185994675094,0.007910726407163707
0.9290095855726752,0.36270874905764905,0.044813541550431525,0.026364482908100777,0.024273719975902587,0.01878874674367109,0.01847322176241577,0.014396703790408565,0.01332821518791583,0.012146935065598082
0.7663351381995889,0.5503323548445326,0.19963008064460477,0.15972840859133827,0.10973464912128836,0.09376539524295978,0.0769336847182636,0.07364592982917953,0.047145766536730326,0.04653619196576103
0.9982207932932724,0.04041728793062195,0.03104206317733722,0.018492798752196248,0.016386183210740084,0.014685036162705929,0.00657485840590739,0.004609858214097016,0.004271098062324175,0.0026579891809572704
0.9991973343597237,0.027071845444293665,0.025107882508172055,0.008917395548265886,0.008428731169000434,0.006050609650566055,0.0046934914129768595,0.0035278633246244064,0.0019219814285792306,0.0017606077465054137
0.9965692189628337,0.045240188138032975,0.04431010510904591,0.040181809378167274,0.014338026433906907,0.01293631981230727,0.010550203871816025,0.010029574092725162,0.009954660470741903,0.008857806784919315
0.9757113191566671,0.1667060756074735,0.12277549496586518,0.04543936657132105,0.033031426215119966,0.020964443490260994,0.017230230938323692,0.015407733437348806,0.015203572964294098,0.011314324327635676
0.9792442669731939,0.12902065726213555,0.10040732639337278,0.08262994358190817,0.05238302344626839,0.03404256120781595,0.03117085864894811,0.028964973440426464,0.01789355620225553,0.01464610187708364
0.9938524673178997,0.0729197435267899,0.05539390165594775,0.04458048152663519,0.03555317543115005,0.013437259309163653,0.009781844674424216,0.009289426716609095,0.009052368433642485,0.007807576892133856
0.9887930353122754,0.12617876296049022,0.058273312127709455,0.02938038774878626,0.025131734140205305,0.017688936167592435,0.014819823647817174,0.013133740803333389,0.009541341890546924,0.009527632899262143
0.9749992564349821,0.14662452163772188,0.0899720785178753,0.07258777878945055,0.07227998861935231,0.05923982138503936,0.03639092759850074,0.030058758880806273,0.02847957264377035,0.022895670128967285
0.9915408309712825,0.12094056866093982,0.025642597878915416,0.02471753188333208,0.018502545212367452,0.0162396106433909,0.013924144459875429,0.006992972722176873,0.003831129668648128,0.0031966712287377903
0.9965388039576486,0.048982257166069784,0.03347188228141303,0.03250186945276527,0.02439539366361664,0.020390598876555782,0.01913185815312981,0.015270983873325775,0.013997396796045438,0.013570225197089728
0.9963244976042849,0.05473914214908284,0.032448056104203975,0.030102013478367086,0.029046805664452325,0.028200785650488242,0.0205833280182449,0.013683327027009744,0.00568030986359251,0.003878880351405719
0.9067910244348768,0.3852391596741187,0.07389991033174304,0.07224141092538826,0.06425835331103398,0.06320700907765911,0.057310475072523265,0.05713542212960277,0.02802167387137647,0.025400515231291054
0.9423387150758085,0.22454628272054886,0.13980753649195032,0.11843473488564582,0.08625385319951516,0.08076216037620672,0.04620258221549933,0.04508492586975978,0.03852044574885605,0.038151897789742525
0.9884724750669864,0.1295871928653709,0.05815099015207638,0.03177679326652455,0.025891179680414735,0.02259139692132138,0.012844235451680322,0.01136754442818476,0.009606773362444466,0.005846432916606414
0.9761786504564943,0.15768352802710764,0.14265839964765667,0.029691072078718985,0.014178975524863191,0.013550286892616913,0.012977382391329045,0.009213868006302188,0.009156227303292377,0.007593478714308824
0.8671335017255906,0.35389666634619876,0.29498559387835893,0.12124976499303793,0.09195410647963818,0.05228200087319775,0.040478710147844724,0.03835413084673135,0.03132926977376822,0.02679534627891765
0.6193708054041898,0.5175377776174659,0.49613630117692237,0.2020740733532385,0.15993117425365383,0.09104970781600741,0.07072655577287906,0.06647000526775097,0.0561379967365624,0.05150260330438214
0.9072087514004336,0.38767581435411175,0.0829954305969059,0.08112627216505187,0.05401473426786076,0.04725177021389997,0.03484838075026817,0.033892550427781526,0.03261362033575144,0.0258863853054359
0.834622751249256,0.414928993210522,0.25873585875776073,0.12491876453930778,0.09440012875306512,0.09403355780610781,0.08574053780436185,0.05664682666035606,0.05468164283876017,0.04528769746097295
0.9431522632460272,0.2591371945628044,0.15521036462731946,0.10631123275509413,0.05674396239281724,0.04022930165726798,0.037403303199527595,0.018978652585747238,0.014480857237978336,0.013045927458528487
0.9916652889735258,0.12023713016919793,0.02286576336605661,0.022054154653544697,0.019077681247137407,0.01357107575629206,0.01326102377020055,0.011651120648039071,0.007837544358518833,0.0069817238584573465
0.9923796059495891,0.1024071647694092,0.03588753868152396,0.03241549541752359,0.027203786897487522,0.026216905791131825,0.022036589463533995,0.009009030220564231,0.008622687503528431,0.0075071520142743105
0.7153232140415792,0.453607906911166,0.44393823840513325,0.15943545081086233,0.1363943885751095,0.11986928555768135,0.061601250370409324,0.05491628454485052,0.05269921727376817,0.04525466535008829
0.9602845858388058,0.2634265371973189,0.06977017764354422,0.027120217831322613,0.02676503210594216,0.023987463384060576,0.021147191338595658,0.015951960756758185,0.015545188879162149,0.013446259428780357
0.9363753017104275,0.28987149611501534,0.1385079993369579,0.09912032090230928,0.0479737210573688,0.042877505234381524,0.04112242836986519,0.027730770147221855,0.023254153742808523,0.0205133826159693
0.9700110905863317,0.18621657485895476,0.09084614736948927,0.06216314807556365,0.04950525052608415,0.04606758324103563,0.042271662668841824,0.04069069171123645,0.030537499314068524,0.024924761853308684
0.9505844113960633,0.2812669045063518,0.07812464912168199,0.06713327177853524,0.04467126249676502,0.03597133903699773,0.03476754789333355,0.027466512788431558,0.020511185677737232,0.013717103922784447
0.945926320912718,0.19685381600542393,0.13627466631741,0.11782250455323313,0.07847383688867265,0.07740889740868931,0.05847719278590533,0.05744343514523349,0.05028930762191546,0.04530403668520593
0.9869213082392767,0.13598959269535693,0.05180267405694168,0.03830379622286203,0.029088006941693074,0.02671206689976098,0.02294679521440138,0.01823923991643446,0.013994866558867601,0.012051420891953634
0.8607489318542347,0.46037472495653303,0.1316530366727078,0.1044257446039704,0.06543169940729225,0.05819379215652199,0.05216943541209505,0.035382078543072355,0.03503542592382516,0.03430863526914475
0.994736025788439,0.07029917785031911,0.05115665382125471,0.03660537176314554,0.023375125293521804,0.02030303239053529,0.013630282266578461,0.008409734922089934,0.0076113895200708844,0.007544510244658585
0.6986858664320419,0.6613410689726169,0.16524952474120197,0.15563376054232717,0.07666126320688017,0.05865118651715866,0.04968448070242253,0.042817950586873384,0.03497135523902104,0.02963146849352527
0.9811049682726438,0.14451769430485278,0.08529049273675207,0.06455428966773556,0.04202223701840252,0.025449563041609675,0.018698339985458383,0.01748169584403434,0.017296233146374424,0.01580950828185805
0.8620696857118304,0.4764317556161919,0.11391087952719929,0.06579415163533298,0.054627542627104786,0.049300020796490394,0.040941083138684754,0.03532064297390904,0.03169739246967338,0.029068878942745117
0.6272183798549188,0.6139584153173884,0.2883655318423006,0.2366416394815364,0.15979728796444959,0.09836813907458691,0.09750817860024849,0.09468701344726285,0.08408207849596087,0.0773960018186362
0.6744755490903652,0.6253485970910642,0.23284451583040686,0.14934401703425795,0.12193850393860378,0.09871005786435845,0.09364703797315291,0.08830775915586518,0.08300423991109471,0.07568009232738555
0.7145476433402264,0.6255811400515497,0.18428350130152263,0.16492831908091676,0.08354437834848953,0.0663409298407444,0.056760479558133035,0.05447315985764395,0.05180195743474573,0.04997950046263578
0.9988687894196108,0.03353532222512411,0.023213435411222106,0.016415749118406944,0.014088831892125708,0.005374328229159936,0.005140310335214215,0.003658386671544725,0.0033090247333379505,0.0019076382856931158
0.892754402129593,0.24657803560173,0.2041998973709958,0.16956751277405113,0.12515786046120989,0.11232401190636922,0.09931943102795993,0.09352500670881417,0.08373613867690248,0.05801626666981057
0.974605821741479,0.13589639423889913,0.08386758778040782,0.08053138709421445,0.05902306622845094,0.05595009263829534,0.05357290639496662,0.05102271437946316,0.0353987504679406,0.026955826949781308
0.9910303226362354,0.08784967410483573,0.07082974948060403,0.05980417086698992,0.017498439814559133,0.01654734460588047,0.014545559794945165,0.013654542206627164,0.013015995061564182,0.009257185788984492
0.7892082229870622,0.36868742941031807,0.2933535820978464,0.2615157218103743,0.18003216643694353,0.15167118528848544,0.0956261316359254,0.0698290125588454,0.051327744357705304,0.044694527208259394
0.9834921334627601,0.10810126567351806,0.0912551908293948,0.04627009933031671,0.04545784749457874,0.04378368704002943,0.043631703726930524,0.04233020648392234,0.025070279671551576,0.02187561375205514
0.9934939016417353,0.08093338265484572,0.041342549292205856,0.03466471996326321,0.026592489830075467,0.023672007112670986,0.02296939547070885,0.022863921641010195,0.01701902585815336,0.01432375980967682
0.9994751196427502,0.020620046243384867,0.018466981412909696,0.009499734687609491,0.008853819038958542,0.004876663683523517,0.004553786623776582,0.004213283783533211,0.003453248888297079,0.0031279381446767925
0.8124080862043139,0.351529527239917,0.30419263195166435,0.24490369974753523,0.12118848412950972,0.1123028322138321,0.07871478946608135,0.07381364646692894,0.06996774033542841,0.054932213321936686
0.9335106779689701,0.2715993610017998,0.1208714352838752,0.09018552644199716,0.08008441120317365,0.07800734335773529,0.07091419303886116,0.045803092789151095,0.045428730741502374,0.043261191424408534
0.9340473576040093,0.28803682532318337,0.15404668072665278,0.11361502166433293,0.051109046088861194,0.04042765775961878,0.02705866374082125,0.023092434671697776,0.02167923953667529,0.0207801128962817
0.7487461144476684,0.4976691109335605,0.30816677878109455,0.17663774811041996,0.16090886480900946,0.07444475743284808,0.06612787379027824,0.06448791778867048,0.06017748756570506,0.054529069897917164
0.999597684873839,0.01914892573934189,0.011579862998230984,0.008932583121518988,0.008743372555775428,0.006197567313044938,0.005195350598323697,0.004667025656864668,0.0040752037931828375,0.003677887796521377
0.9729227474285452,0.2015292089017861,0.0923741054445219,0.04143791741091904,0.04140766895984984,0.013255647245059614,0.011920383083539867,0.009426879093227487,0.009232498281260078,0.009024068961069102
0.8534270748554705,0.39985250283958634,0.2760118852452592,0.12305374966280777,0.07142521631452359,0.058869724972570016,0.05644728276830777,0.05345234106441129,0.04401875848668281,0.03159961498027377
0.8299111437613748,0.42804973854706124,0.19048946140070672,0.1658714631263384,0.13572436360098977,0.1225199169969481,0.07223717683769583,0.0691531010924842,0.06556087393139848,0.05749703172547543
0.9713830112234431,0.14624188065293672,0.1301283091781018,0.09670685668491684,0.05281191219623184,0.03923661541060431,0.0342818690545865,0.029491207254646,0.019715278859424104,0.0194220417620295
0.9968667835431932,0.07213770015855193,0.023105967881433966,0.01449150912511282,0.008631716254167887,0.007271219113465802,0.006141292084342354,0.004734177881864949,0.0045756337090341135,0.00437842563044642
0.9964401551170469,0.07236998801887862,0.03230026220185145,0.01961906903403281,0.012544380425348013,0.008062076054144747,0.006681310616757177,0.005714610868035969,0.0036604157992920962,0.0036132017102623523
0.8858755177354977,0.39890992608133224,0.18341361628722072,0.11148906110464216,0.04649234841118828,0.04378419263876959,0.037624405261843345,0.03695139485920879,0.02661671206932125,0.01926804420666435
0.9730907006067542,0.20292266903646186,0.08384997386276627,0.05345421001353599,0.02656833786745613,0.018979732474282703,0.011175779487472436,0.010714993610483602,0.01064205199587943,0.01012616645986326
0.9749284087225132,0.1915105525804357,0.06964533922306174,0.04866899879461919,0.03894559899576273,0.034374259524037123,0.028203357204342267,0.02120437860310562,0.01880506938307096,0.011887712489365434
0.9461504123872113,0.21517394252219665,0.17392406862890328,0.09982633129149893,0.07238166221235157,0.06302798821916634,0.03944142324504864,0.03703359565896729,0.029541353496676158,0.028589370262575204
0.9148693643857817,0.24790653033830568,0.2453191224254524,0.13740012294794984,0.06332984628873728,0.058298845367468655,0.05763119570435755,0.055722248141686324,0.03822099995416455,0.03320341620636524
0.9404583187574787,0.2441725919584421,0.13994545907615383,0.11687846352898888,0.06925714581152634,0.06437543617016644,0.044677336460779316,0.0389913503162527,0.037638935903920916,0.034946561255032656
0.995056716811659,0.05399254232561727,0.0452490267540601,0.033092414119453614,0.03278215764079971,0.025580955448029456,0.0207113522943144,0.01797053360599086,0.016658313462520394,0.014865918731539434
0.9309536741233335,0.2996416210727962,0.19039135805874202,0.049363791395108374,0.04370432213976387,0.03729576762186454,0.023298975348394355,0.01996906936320619,0.009928842810442252,0.009425062782985725
0.9589985213196824,0.23368410768291323,0.12022448149877794,0.05603031557405007,0.03750764824031651,0.03426010535026131,0.03330566636494795,0.029265353256294212,0.020752048975987144,0.020526685677082383
0.9869106399170028,0.11646018100050366,0.0669249823576866,0.04850933851034455,0.03850662562525223,0.02270673492642915,0.020724518241433707,0.019993158324998577,0.019899587402494496,0.01705788721308022
0.9187275698730387,0.28695409769149033,0.24824568154665036,0.052387238888066734,0.03948690848778498,0.03440406738574033,0.03404248874619167,0.029877259009723104,0.027925153541674897,0.025603200504658644
0.9534767138872041,0.2701605810375951,0.09066375312210677,0.04833387446203712,0.04430585089041013,0.03513817256321873,0.030450320578457722,0.027308257427776064,0.018543507433407474,0.016799153009321277
0.8792750023239685,0.2934521369985726,0.29137820671377146,0.16090376547693136,0.13766985274086413,0.0544537088171219,0.042664784340158315,0.03350885153821306,0.03016222287834337,0.025620273903445873
0.8930858038697407,0.24560377875330158,0.2387474508480285,0.19042369554451333,0.11899386291186932,0.10747817557738572,0.0836237074610366,0.07833082328547707,0.041800096092036124,0.035759028825086234
0.9505233082776782,0.2635440356954336,0.12492082457541367,0.06986925666349265,0.05398430566572692,0.03738281608880102,0.023908236500157304,0.017289353239689085,0.017148101107100012,0.016091424940788083
0.9973585235128491,0.061660110410081674,0.03215069667747784,0.01086829250323673,0.010659185102269784,0.009210360927774023,0.00639431890362525,0.0037059223920921447,0.00313994170564453,0.0028678383213324435
0.9569591209576663,0.23736462031785993,0.0885787215574709,0.06382721894172977,0.05376698830864109,0.04949860792680088,0.04227729478929505,0.03905448598061107,0.033084137595590014,0.028070783935883793
0.9553318737783534,0.28009794284145156,0.06296049369163666,0.04701512149056796,0.027237279407483484,0.021000365827028755,0.018851481488233526,0.016302520441764674,0.01280523811537672,0.011668001666931457
0.9416219652477036,0.24495281422833437,0.18881178893035913,0.08167305688096999,0.056651385020231315,0.045858381901585366,0.03146559370764667,0.025218439016269214,0.023731575715777317,0.0229964259224944
0.9963251838501698,0.06861835413351518,0.033039639043209654,0.028852083390483046,0.01785456038305664,0.01284507079717117,0.007892086990713495,0.005558530158536876,0.004494952420944962,0.004339546739724874
0.9964466876919311,0.07561818992058708,0.02869548005344147,0.016255697710466983,0.0073941042883675125,0.006590601053523611,0.005527240650283709,0.005299036576976933,0.004826760590881655,0.004079979413695168
0.994544428498374,0.07618074001236552,0.04540228597571725,0.03590844053183161,0.028212149086817767,0.021719039080043367,0.009149676506479968,0.008590006192708879,0.007202826475103333,0.005456238249451034
0.9838600565471736,0.13480811611052845,0.08162977245594219,0.050892241418331804,0.03194324586033665,0.03042989556247738,0.027802719626551467,0.01810246293811974,0.015735779126923078,0.015537131109401222
0.956323093823064,0.14171150465817095,0.12746766338370585,0.09785245113561546,0.09250899425011207,0.08554197858645296,0.07804804227966607,0.05759762728807348,0.05441119970788573,0.04937661596807264
0.9265931446884342,0.28160505306085515,0.2032762113240332,0.06001151903726049,0.0584708875275983,0.04544707849845088,0.04478996770312178,0.03819867772336857,0.03388981911416338,0.02868061769947771
0.9962706573018513,0.06373744456947497,0.03563815560474888,0.02348173671576957,0.02298204431022856,0.0219549841204176,0.013386477119434656,0.009312891061105253,0.007600084357047988,0.005631431463098354
0.9897560862511463,0.09799474330052346,0.06475544907908176,0.04195884533859642,0.03378882812764274,0.02950140467240524,0.02132910281620356,0.020061331423302815,0.01921541817713204,0.019173859011590837
0.7526039244547404,0.5759072921456118,0.18420511465228676,0.09622698998134352,0.08359417075735899,0.08101469768349248,0.07589712008112123,0.07006334809962034,0.06157218548940336,0.06011260016029379
0.9847376012169228,0.09705741484807152,0.09420711449754493,0.0700862726112546,0.04124585155542368,0.04080169274804362,0.03258199707314414,0.029373129707281457,0.020176254305374165,0.017630812480160164
0.652226319444035,0.6068834980547202,0.3825198620300046,0.09039535099765532,0.08575232686340617,0.07533337121665216,0.0722606004087703,0.07159413743621235,0.07113729586718007,0.06557437585967242
0.9920648751837475,0.09433910541181816,0.055001985745208926,0.042151253280257275,0.03904747982395434,0.012292911877150531,0.008535288836383133,0.006844803666592531,0.006836637188527719,0.006624580498790062
0.9962645557854845,0.05464808098481017,0.05236055387545665,0.02694876292729249,0.02287543660627586,0.014124074715983755,0.006606051169639348,0.006517493678991043,0.006508163536272126,0.006452806843203122
0.8780219284118286,0.3413368331237783,0.2905155462836248,0.10668631782070502,0.08459703816201865,0.06282492966581202,0.04389595679046217,0.024891701350247812,0.020267519356290543,0.019432583311246823
0.8623801105547665,0.4070579373536887,0.14679262660066808,0.09653968992019447,0.0925417343128976,0.08893849315988496,0.07384697397695109,0.06567797032431946,0.0654851909536834,0.06017081891162688
0.997351851304351,0.05925147179897484,0.0292577375718639,0.01918262348128488,0.009398003181687454,0.008648919640030634,0.00825859181416123,0.007778759535684357,0.005878246085006814,0.004629755733499989
0.963078186652085,0.240877234789966,0.05501792889858454,0.053398037711777716,0.0516297361949091,0.03619867672591461,0.026683220481318323,0.026463275169188866,0.026050231108247474,0.0257946556712177
0.9536719400304747,0.26003955741763424,0.10678022670313389,0.04640078137594253,0.04322390129479933,0.03887573099208919,0.03809692624765996,0.0313855724395005,0.03092972665258255,0.023965165133794705
0.9912759870593508,0.08484061348922703,0.07163694259684447,0.046274881349967524,0.02978363718026939,0.0255975496536886,0.019774095112750703,0.019389917721522352,0.009365555145764946,0.009190650526753044
0.8137199699767819,0.5756130563728589,0.05603823924019259,0.04199820130824365,0.026727764692461367,0.02115534768302766,0.011810953458564663,0.008512852228316341,0.007019989351670679,0.00603581068931467
0.7226659342793689,0.4975669240962857,0.4485359909798437,0.14971624002650394,0.05995260751918976,0.0215546264579645,0.019843562945462162,0.0190935578730737,0.01606777310601236,0.01567021762870451
0.9967897206417807,0.04260348095402497,0.035502954406074434,0.028866848019558522,0.023013859251656485,0.019655466288034214,0.01897158232645592,0.014621133159995272,0.013402437179940245,0.011635447263366844
0.9968933833507184,0.061532539584219906,0.027649777800760698,0.0265261573130626,0.015876504661857912,0.015509647062722134,0.011492974935834226,0.0075417567284930325,0.007492706901610861,0.00717000279278777
0.9643855401462187,0.257498346893808,0.028969819100501826,0.022918355023470317,0.022063329732796316,0.019638659899297507,0.015332274014453983,0.013973134117397657,0.012402562864684788,0.010556349267609316
0.9688181554461972,0.23754722492647432,0.05086432265109553,0.029191055066961936,0.02281586591403421,0.015587271440354556,0.012284647247134484,0.008949639251370097,0.00858138902292611,0.0078313853620688
0.9180143457247469,0.2514965515300173,0.16682721577438353,0.14223409834900777,0.10846830039459922,0.09389792798613311,0.06750030497676851,0.06009475264593514,0.04849215531563523,0.04729748072598294
0.9013180403216,0.26872563784514586,0.2464127884817801,0.1347462503604668,0.11306611920526068,0.09894444213927381,0.058185366765302074,0.03362341555894089,0.03208470619567732,0.029194319692682505
0.9871743179642801,0.14575687520564937,0.03844095658944421,0.025204195033246078,0.02519318714161335,0.02467833378293703,0.011702085156808175,0.010828212923211202,0.008788989391382895,0.008428729804256213
0.9586124362974203,0.16230976470464267,0.14280324384950882,0.1234150363797946,0.07605289021098598,0.05334666624969834,0.04698390959167064,0.03991391975314935,0.03719454562923044,0.030064231466787307
0.991978872002812,0.08107309650419128,0.06388068518722802,0.03725632664171539,0.035465449016023914,0.023406443564659665,0.022201665757355694,0.01840339678207957,0.016184185359479186,0.01386467654513824
0.8505820232195525,0.3804929074720914,0.2706518114372682,0.11417027315623425,0.11096993032333476,0.06604711544186208,0.05964597690371535,0.05611142313781213,0.05508896086519854,0.05380323761175399
0.6584535522365503,0.602381107754922,0.298444894960342,0.22098622435587872,0.12237433393861297,0.0810295903097661,0.07805970185607321,0.07193168811558914,0.0691790236351771,0.060191576151405336
0.9633521166574489,0.16116935354028591,0.13131060864334013,0.07071545194920775,0.0669109774291592,0.06336553560868206,0.061445122096681175,0.04568451984865105,0.037227062292562514,0.03700249650046576
0.6796769505305983,0.5943720763910957,0.3199995830474166,0.1790424488886079,0.11392597285740637,0.10969902839983037,0.07533440689443399,0.04557661086970868,0.04544229288346891,0.04208851078771574
0.6280283248923575,0.540560653100842,0.4533807411122788,0.22852507350316678,0.1666613003714708,0.08257263697588038,0.05826647404767114,0.0412478244049336,0.03774807352063846,0.03633337182472357
0.7283781904169763,0.5201471192736558,0.355485407123874,0.15056624494369952,0.11219701292824386,0.10053092894975874,0.09582162614594367,0.05017184429677956,0.04883984661110971,0.037620201752473
0.9238710942751363,0.26872502835515794,0.14420718661446869,0.09321184862093083,0.09042320616209827,0.07783887456811739,0.07129870276289824,0.06661669415102886,0.06440385065198696,0.05894304485799643
0.9953690610966873,0.07255270663551489,0.051528288017952124,0.016857860847748322,0.014826227941402224,0.014040842093515988,0.011272762430646963,0.01027678532127641,0.00846947269855918,0.006520104531469679
0.9185006382184487,0.22571852136534704,0.1950890272905586,0.11356398639097882,0.09619123832739583,0.09445263446479181,0.0885911888800162,0.07122653372372946,0.06906334845512707,0.06524194578132426
0.9504444328463598,0.18195713402819072,0.10920812712160685,0.10647349020518593,0.10015018764352733,0.09615524529378351,0.06806660285943202,0.06114522567263993,0.05011794418490763,0.03831328835971059
0.967672682921868,0.1372888573387202,0.13427943385047345,0.07879188017900113,0.06646657731125329,0.06558829942068635,0.056684826971002675,0.05392182276466696,0.050926300520223906,0.031432482912905374
0.606563989731345,0.5336420804147695,0.48285893845059963,0.1544704042442854,0.13151488922593702,0.1281995219019639,0.09631635329894261,0.08304570332260569,0.0658544353950543,0.06538817592492147
0.7440326170551085,0.4197880859426189,0.25589290969901307,0.2533641197162931,0.24078965064781266,0.1323774595758036,0.1207668627885863,0.09211334037192656,0.08722360694822845,0.08348651837135194
0.9956458720391846,0.050570536223922734,0.04205354652464445,0.03228052579369978,0.02592121369717652,0.02058611713505249,0.015817914201718828,0.014735806451865922,0.014612844858270269,0.01423847787004426
0.9036538186250789,0.32033077822529443,0.21819480835533056,0.07067006761478256,0.07052877174483235,0.05957444973956585,0.056417923874013044,0.050195347341124,0.046505157097038986,0.043239689003569115
0.8706567223048286,0.280645576798416,0.22687475992716918,0.15791222059141782,0.15696134497973196,0.12312999246312069,0.11390640614974187,0.08578466687340533,0.07775471888593781,0.06355790778303474
0.9959108111272764,0.055645185465631485,0.04302778943508655,0.040058713425817044,0.02128082693355892,0.018910890163468648,0.014441578779635087,0.012465214142814235,0.008962992847779188,0.007832582648836057
0.9420315831439592,0.2008801915312032,0.17436031387195478,0.09107711944606817,0.07830527826973151,0.06837240309718896,0.060303359849537184,0.04653363946897102,0.04597926626991985,0.04525818608477218
0.9793245821744101,0.09894952944762568,0.08860281245249776,0.0667947577401554,0.061964446037523366,0.057373170454429155,0.05393506443520261,0.04443279642504368,0.04277493975696406,0.0296056467873611
0.9890658851269969,0.14039887682177293,0.024213690988967966,0.02148048472694343,0.018655778158911885,0.013918751586408621,0.011416596099173552,0.0080077516779521,0.006903539655929045,0.006118993549443294
0.9981009259630358,0.03394391521448685,0.027013375258511496,0.0231603005097049,0.02260471075944636,0.022408472485057663,0.013331910027588604,0.0078017415149270325,0.006861908513765217,0.0029259025708115866
0.9992230579728014,0.02176203279037905,0.012051505918718008,0.010371876092255997,0.010317553637963453,0.010123650714200403,0.01012120631793741,0.009342528956364778,0.009182231258564186,0.008751518497427375
0.9215601264884078,0.3297414278200184,0.10096921923951417,0.09248828419728844,0.08082955208727152,0.05832766848795952,0.05822892078142003,0.03874522681213455,0.032875972172617035,0.030738734878691745
0.9789987489102752,0.13907719734397772,0.10869861526192022,0.0851669742325579,0.025959053268056434,0.018329218168342827,0.016531381440371404,0.016081227363236254,0.015652210684433072,0.012525459524308271
0.7678573124076981,0.4172884081622342,0.3255020160923924,0.20521346503622265,0.20232303513391095,0.1053100324025284,0.0873033332211784,0.062236025206722716,0.05556026966842877,0.052623476444819614
0.8758847895837678,0.35988090499018754,0.19395316287862557,0.14640347988323377,0.132038460390094,0.09290381548923166,0.09036809903411182,0.05018256705783387,0.03478880506973147,0.029095349722909527
0.9923599315380321,0.06847527138090208,0.04871325802750367,0.04818957487904621,0.045177549416899596,0.03482148341201991,0.03083932116984279,0.02892388778559792,0.011602440776107876,0.010087535419268623
0.9913539526927555,0.06878405447673878,0.06733431772583183,0.05207628719853253,0.03564456112201006,0.033886071893295976,0.026226780328430017,0.022708525896919234,0.02125082576045303,0.013939538442063715
0.9190615177337337,0.3295185801576398,0.09171813090617047,0.08876114533471034,0.0712712602243059,0.07059028740987096,0.062445966937111755,0.0602813887202354,0.05794203308278289,0.04731120221936458
0.9454690442734135,0.20575854513101705,0.19414392348630483,0.1358958562914409,0.048891271132528474,0.03089514759344047,0.02377602659569181,0.020358060604756464,0.019067139362980927,0.018971495294349282
0.8161862447565502,0.43061520934600156,0.2923368960909547,0.13768756980491936,0.1018633397729941,0.07645095858389264,0.0754702319483351,0.06719435347797735,0.06672687875262127,0.058543018560488186
0.9622511725827336,0.2121906974504213,0.1579321993970036,0.03583514144538058,0.02811603514018786,0.02549425324973014,0.015426903983199004,0.01380639373442884,0.013224072177316408,0.012937571163832587
0.9847367962640298,0.13985522976188833,0.09600966102261245,0.019560964102712644,0.016527459004282024,0.012679121129583611,0.010943402636858135,0.008637093933140745,0.008068377735750672,0.006610034313282012
0.8517406339753307,0.3429064944614254,0.2248130035286577,0.18788331742806014,0.09769841446770036,0.09159719247247226,0.09101304748238717,0.08898744545213172,0.08222966495608826,0.07044083598058459
0.6251215586246988,0.45739496824005005,0.42102738705928305,0.3996095667165176,0.18089287998104528,0.05378775777998068,0.052949778168405584,0.05152686849680999,0.05043931933807674,0.04766843323647705
0.8008930989966392,0.4969440987556045,0.2937592530480439,0.08350329441112384,0.06228601098555658,0.06203208512201194,0.042594960011959275,0.0318287786180795,0.0317738352976877,0.031181606722151624
0.8999740756880543,0.4047167486450884,0.13323469350894376,0.044156974459393386,0.0430238216468019,0.032224744270849,0.027004501301696363,0.019964504927476808,0.018838721017193697,0.017692173875857545
0.8270083168620771,0.5118702036334123,0.11661185990833522,0.10589665743825473,0.05754196465850059,0.05496281619536335,0.05271882764394788,0.04792593437203481,0.04745669679792915,0.04737489326705636
0.7618624578024696,0.5858971846757411,0.1411040201315623,0.10637215804330886,0.08235853252234412,0.07328286479611702,0.06977916437158409,0.0637954484002554,0.05797293468673743,0.05226081395817084
0.8375805097111184,0.40813971510931246,0.3141521730281321,0.08784569517481482,0.06409733508116547,0.052351586865671235,0.05190837368748908,0.05087647821722744,0.05055724489284852,0.047667742688224955
0.9566108537383268,0.24900859057778274,0.11013708008877547,0.043062613203387425,0.039419480926769675,0.034450770754024196,0.03180922004986985,0.02845901071157744,0.028111609171194454,0.025385453155177963
0.7596544591851262,0.4803175790111349,0.2714813180331887,0.22541413672907248,0.16649608573585717,0.0897605351623455,0.08082059123976854,0.06493349519475793,0.05969828750617255,0.04711417289289944
0.9451751241548363,0.21080760286457836,0.1553132130755794,0.14145405343717804,0.0821249769743078,0.060163334733950885,0.056807167851685825,0.024388222948832503,0.020698467215792653,0.0202575521592832
0.7912010977515084,0.5279472145918842,0.22998608927578837,0.09047054868863669,0.09027667238311425,0.06324432210492395,0.05642950762358974,0.04730383576665662,0.042936721428183104,0.0361915553669179
0.7737088595631795,0.5757653718415978,0.13918147213372636,0.12412419460447348,0.05818078586004114,0.05616321135548713,0.05577686354352803,0.05441328758030922,0.05113937731642508,0.0485572931669484
0.9211804164381778,0.28413777909844184,0.17081923628742762,0.10325229491152679,0.08010513925771609,0.06989735401981138,0.06618727619541355,0.05746122511922036,0.05038936414496363,0.040006986833544755
0.956600115309594,0.1735940272862175,0.14675977347783828,0.10194625208395558,0.08503995558843881,0.05180176503587211,0.04793045070539633,0.044075047270700475,0.03627808148989042,0.029316864520969935
0.9758887004542395,0.1748752957734511,0.05762293826978045,0.05537346834547987,0.04797498696114263,0.04300910663611769,0.04106760244746811,0.0256723283475533,0.025496573410379142,0.025092263151318066
0.9303513481200154,0.1883489291560178,0.17967425683241012,0.10706703673009485,0.08857357887671277,0.0863242322218611,0.0856595801381262,0.07990720717753433,0.052295714548097526,0.04668018053800651
0.9724266999468987,0.18433380777726155,0.10225851885877339,0.0712037324462448,0.04177346152857319,0.02657300415480763,0.022989049613220583,0.01915993640088969,0.01761636127774812,0.01584397404376092
0.9875350481874321,0.10430153073884263,0.07170301662840564,0.07040538416229923,0.035927382297644896,0.02092030930093871,0.0196955780919284,0.01939453327963466,0.01578477003245472,0.015135307366555915
0.979861667549899,0.108628748078747,0.06859841638761843,0.06719547624930607,0.0503119883431496,0.05027520604258851,0.04581409024137304,0.044313256491080054,0.03737725614567636,0.034643963396537504
0.9823627991133649,0.150597625834899,0.07904825910597069,0.04689448430271654,0.03962656623025902,0.03791335167105535,0.0135273228005441,0.013267523447322424,0.007909404072686995,0.006648060875460924
0.9921908940631448,0.0851801498481774,0.06343071187397233,0.04590779098821819,0.025778186698377344,0.024346257671798294,0.014123007755268827,0.012911935065557661,0.00942769399200274,0.008993030742582314
0.9386699238933186,0.2558751828801376,0.17181317911459493,0.05728192216770102,0.05199393053148535,0.050189706530819264,0.04529845770024604,0.0430592944637849,0.03998175659495435,0.039527384083951345
0.979990414193397,0.18351031450855054,0.04922907213713366,0.035235115172935046,0.024716808851794617,0.01883201365069829,0.0173802525757808,0.01678110722732583,0.015541727179435725,0.012283546851527247
0.9960867854193166,0.04702186645021804,0.03279726666275306,0.027847415466338555,0.022496267041605178,0.022072868433743745,0.020170522080851145,0.018305596082524977,0.016981146979184094,0.016382137331191593
0.9796345128988273,0.16978537032386748,0.06947398627451538,0.05218006470050891,0.03979919951616483,0.027018197009552512,0.01815007279221244,0.01531794210649335,0.015132628912653568,0.01430006108095695
0.9446164571548032,0.20571366443449812,0.10565975038451815,0.10056242712450499,0.09230668716036332,0.08600877718715987,0.07365735314169225,0.07211800193377708,0.05981792078666249,0.04544068616534331
0.9451468019978103,0.2619661279040415,0.10399287829130172,0.10322599163877354,0.0667759272436185,0.062413956393301134,0.03332924784790835,0.03214728385113269,0.030576166816741544,0.028347734889909815
0.8619002134500438,0.4392159694347151,0.16563340256259376,0.14478968885558907,0.05843813256221674,0.05148776661947202,0.04470985993320425,0.04008651461176148,0.02598835928062323,0.02428793990819774
0.894167943729419,0.430417436117049,0.08112292529405107,0.04113845124420632,0.034889731983419575,0.03441539753470974,0.026344233752726064,0.024065134717517356,0.023913109355222978,0.019831824667173592
0.9617855402232353,0.2578088757355717,0.05430926765814924,0.03254597949512155,0.02995252414044125,0.028620520270259693,0.027860183836130314,0.022199614163865875,0.016722338565252095,0.016464290445388198
0.7840820751131694,0.6087015563327315,0.046813347735674554,0.045680448606674154,0.04171968733897097,0.03306841008566575,0.03212785250775978,0.03028971034680812,0.025318736948507618,0.023946817709613526
0.9959209923745402,0.06671223142661233,0.04894450190660194,0.02163754013728822,0.021390756014049463,0.011302995990780414,0.005231602781701392,0.0050267242363066554,0.00500286590508737,0.004262868202207155
0.7842315753307938,0.6044197483595835,0.049169485467453665,0.044937926399915944,0.04284056132547752,0.04030307634622596,0.039070735301775655,0.0389639006604888,0.036608399599688445,0.03130546556237245
0.889124911017256,0.341571701834173,0.24520993872283753,0.06201419932254781,0.05705144066371529,0.05541422353103747,0.04226677302249869,0.039962473605098255,0.03850387741697926,0.0384281112664417
0.9724806786598452,0.17276356122102995,0.08410570607214225,0.07894621332321677,0.059608103130520285,0.03721208364673464,0.03463522577341225,0.027022018725221805,0.02574813459513571,0.02322125525596905
0.9873986672355441,0.08717704842114515,0.0808737745990748,0.060127484423682216,0.054400878091655135,0.04095807851883704,0.02122193560926451,0.016872274204315,0.014935619168892493,0.013552874909187574
0.8917187588190355,0.32049913589487383,0.16831488921599813,0.1000065203213308,0.09787316954913852,0.0858201542024975,0.07391707344574652,0.062403688523537344,0.0611662532837579,0.06095460242441044
0.9855359939997026,0.10897613110228836,0.08613355794202254,0.07567030523131757,0.03632775909497468,0.0219507389761698,0.021125702303079662,0.020183955501817126,0.01458083556504528,0.012610838953439382
0.95326996671817,0.260377425098164,0.10618683551054872,0.07205883902418336,0.044482946938221704,0.03899892853528718,0.02428732741504103,0.02274952105853784,0.01993043662916,0.019381571278945384
0.9788115203324742,0.13778874048568582,0.08943176229603245,0.058244510231564295,0.04685131823900989,0.0408650505602215,0.03890009848622557,0.03535354972732421,0.031081289673154395,0.024075476599792988
0.9769705710860115,0.16706456779178766,0.06314842021457165,0.048841031377660216,0.04329607027119985,0.041150586817165935,0.038819917252338354,0.029835453908819264,0.02501097751525953,0.0234527420932074
0.8689159537833743,0.2763469280616613,0.2669678571560731,0.18693580568503637,0.0998421337153069,0.07739966126888626,0.07337419211509255,0.07243134111399854,0.07165458131518683,0.07053933148173713
0.8103116478733262,0.5621636198949393,0.10550494311938197,0.09783011951124974,0.059299383735332035,0.03512991853594844,0.01389708386333512,0.013015032203933291,0.012996482906139787,0.012345095156886438
0.7457411453389662,0.6253027442997637,0.17224599688966144,0.10085301546715532,0.04889962974373205,0.043313046545945685,0.040847984848040815,0.03600036976125707,0.03502110369548226,0.03366436898963212
0.9729303606073407,0.16101415402792899,0.09702171310472144,0.0652851469384039,0.050889813560191545,0.0441629556525631,0.03833039391506675,0.037136033783980824,0.032502367354058995,0.030770625180457437
0.9937010994519851,0.057194978867091815,0.05634897409425395,0.05263457124759795,0.028747913638824663,0.02820286205555997,0.02037049915414611,0.020075769512937835,0.016473233343646684,0.012997998906549789
0.7284621540342966,0.5984037565821602,0.22949597571448951,0.2024053744487563,0.07416689483957273,0.06231002486318573,0.04815093541732553,0.031133208036215953,0.029354083681075976,0.02380359299018263
0.7737251763544462,0.5693225216641032,0.2219838497161253,0.08465766881772879,0.0803168950930991,0.0653155558470223,0.052229226928368205,0.04350622865376571,0.030763713135094534,0.026807864725556435
0.8602612571436868,0.4870137375049574,0.08221753018445604,0.07028100650590911,0.060074531054695415,0.0375517920279784,0.03725779299927129,0.03721441143243768,0.02716928223855717,0.025961873638105426
0.9539115023502632,0.17030404190610568,0.1446587688873965,0.09974698909367564,0.08163586773183447,0.0634528706819235,0.0565906782308969,0.05609463315690182,0.04522087621830074,0.03442322167623567
0.9837972067287235,0.15909842658444134,0.05849997519204902,0.04614603114295238,0.016793217156441446,0.016484038003376094,0.010513721083276943,0.009547183172972987,0.008955511759595195,0.006831804072760491
0.8629264199641847,0.4933279709505064,0.0727004185978493,0.04817308114144655,0.023186156802913634,0.02199961053815233,0.021699735577928127,0.020896568621779868,0.019913846954422373,0.017752219199324005
0.7248343567155215,0.5615501239613947,0.2543177081448822,0.18053117854499007,0.16812923651943962,0.07639709258204326,0.06493509870244334,0.062488431879635216,0.05929741006621714,0.05639288155930664
0.9966224952361977,0.07291608282500059,0.022679787686289647,0.019430592160185153,0.01326307782051676,0.007437863956524811,0.007058211645628524,0.006172961961857092,0.005802307562842998,0.004658592313833535
0.9965051901626671,0.07306973008996384,0.029017390904569843,0.01628043349753152,0.01233913811415909,0.008054694969707238,0.007215656192489343,0.0062530269153418605,0.005790082547683119,0.005334883047670807
0.8129351494589404,0.5292792423089946,0.14076077490281894,0.11303900487648212,0.08177814471960812,0.068256728609606,0.05888233845212573,0.04412862000203089,0.038278157141569825,0.0354485325694609
0.769224967984502,0.4902570633444031,0.21682403124080382,0.2087300421667171,0.14470629878255226,0.11604812895212714,0.10790658081378258,0.09975582191561475,0.058603046708257694,0.04745577953747559
0.9395092759044524,0.21593637416673844,0.16468093141173304,0.1358105615749072,0.089438629911136,0.07634948458537245,0.04630839332225445,0.034583097335106915,0.02950498388315929,0.02944514306737925
0.8150038953744108,0.3636639605382125,0.24864234398697357,0.17877242214465253,0.1357995132825411,0.13530272941965057,0.12672211216399068,0.11096686388341365,0.09729924285307917,0.09674218333218969
0.9651720766565752,0.24563743021067122,0.048497705003996375,0.04098347088671711,0.03834562139864568,0.0323995982720368,0.01882537721052015,0.0141733437894995,0.013162221758986405,0.009825499479768313
0.9664059544072453,0.13897424636924752,0.1377015561735981,0.07765264415954716,0.06669762492122709,0.060247591139612415,0.0550685209593157,0.04473380329803421,0.04003446495045359,0.03129967288530196
0.7086775512222581,0.6075177253815178,0.20779837653085254,0.12016757106241856,0.11426871874408324,0.08546168788962256,0.08307060668214086,0.08033660146156092,0.07488736787710149,0.0627045561454337
0.7413237170019876,0.4630617854168819,0.25872755581932283,0.252754477949344,0.16653729814967166,0.15544734859752068,0.11519724568141466,0.06328312109995399,0.05995217106332241,0.05779773511314435
0.9948435049233202,0.05982138307441702,0.05826196571818647,0.037033703914002944,0.02540645876263561,0.02415244050915054,0.012089022658557016,0.011011326849440438,0.0099992396329831,0.00867521105520528
0.9591909312821041,0.24318330477527317,0.09139445313948844,0.05497271084006537,0.05418562261717689,0.03820762019378096,0.03374423018981511,0.03160979860122546,0.026595092824201916,0.022313437532293572
0.6060352373474325,0.527223861840947,0.4871480505275108,0.18435082492940782,0.12409343275783152,0.10565463911925652,0.09733634638477869,0.09015459871756015,0.08868845192154436,0.05362846228619306
0.79033907337207,0.38421456323723974,0.34548804860366894,0.20762308340795602,0.12094349731791558,0.09896420881149215,0.07395158720604993,0.06582616624233782,0.05906614468041641,0.05833700959269692
0.8360743749347002,0.5351001137542909,0.0610486903887848,0.05438810053592881,0.043632123903882075,0.041223599835483904,0.04014131742890784,0.01940388201537826,0.018274248096065055,0.018168290862313915
0.9554618083801476,0.17794465163673162,0.17535334140301687,0.11968120159241157,0.041022281635934105,0.03274601217799053,0.03193392305171197,0.025880931881074796,0.02549146387031615,0.019961335406061924
0.9448962169705091,0.3129702359525985,0.05191506599791381,0.03617116067003108,0.03119671343261938,0.026805829846615208,0.025290348596702785,0.02407879070446349,0.02228709756582718,0.01771196348879852
0.9154184447945231,0.3091861425299814,0.15161922627280053,0.10920098258377468,0.0806226382826294,0.07095987114314387,0.07081841058962517,0.0686727938577658,0.04267725000307444,0.03525114599452883
0.6361273270165554,0.5260945515584214,0.37274609650231655,0.36935316409092855,0.11141613432825126,0.06210129973655689,0.052139834280935715,0.04531464033030503,0.04292346399927364,0.04212162883635468
0.9224478629808907,0.37104099381040506,0.05223635877110234,0.04488907754297761,0.04337708119215708,0.033141338893113985,0.027513723825386645,0.02729963706422234,0.02281913883016418,0.013440767477848167
0.9931118986965114,0.07114846398084404,0.05868089438373399,0.03569131301604908,0.020801856684044558,0.01946642757099599,0.01917228003876087,0.018867473926036382,0.01545184278043406,0.014884292478118625
0.9930804368539535,0.09315623068752295,0.05849633172405641,0.029449043505333155,0.014215216044351381,0.010135551484892034,0.009330739682240909,0.008131937265188127,0.00753749361250898,0.006115387377828935
0.6442181504192979,0.6279313227302551,0.24629453038859903,0.18469639586648784,0.14568715114970382,0.10974828272723333,0.10132685481396542,0.09057935452728162,0.07865548345165671,0.06566266624910119
0.9041979539488187,0.37121812648961466,0.14395761918610506,0.08553251826181014,0.06813920527819547,0.0446168768108198,0.03901534496796823,0.037119065405014876,0.02744894512287968,0.0257583600563303
0.9546936557050372,0.1466827262758753,0.13700004649960154,0.12606135139799543,0.11068265112457545,0.05543624129242078,0.05121760777311771,0.04741923111344255,0.04619701950299995,0.0406552573103374
0.973485195731612,0.10315188492540095,0.08544810198988698,0.08265005189257366,0.07893106005024729,0.06526803396659712,0.060952621599690386,0.050787759000431615,0.041157683699702984,0.03635373809628127
0.6790636240046894,0.4895099446021591,0.3354562154947299,0.22737619872259876,0.20787711481681437,0.15958125835798329,0.10713194171552087,0.08951501573713481,0.08254448882125934,0.08085048238663486
0.6403976365356687,0.5041919257834787,0.33233204185808196,0.21095825301773855,0.19167947024023332,0.17782748825039274,0.1666372356867068,0.16197917237682377,0.12809395534670723,0.09663402752949639
0.9871783372375484,0.1114638377263346,0.043265988874213804,0.04114326291000496,0.03106331116582683,0.029317215921822192,0.027797271649774725,0.0243030399062663,0.024013345774952993,0.023364223300783152
0.6863046992795607,0.6343372782391751,0.22971377193670103,0.13043728997765586,0.12009776039861582,0.09324134326383426,0.0838075113440013,0.06810890776835297,0.055960489020005603,0.047359269966463086
0.7544835886218192,0.5747735920042646,0.1909298239258294,0.12493880661670463,0.11269916770185477,0.09759280178793864,0.08352016597934495,0.06141016695131991,0.04942903604081678,0.03715184293799934
0.8536067603952942,0.3592322820137394,0.31550259428987176,0.100099203529715,0.09998372289783083,0.058876137241347264,0.057614083837542976,0.04677700523569584,0.044431033537354496,0.04315399373688462
0.9017425221275982,0.38354127797827126,0.16338634327510157,0.059006661065869326,0.051391548180075575,0.02969010857842374,0.02831011329445122,0.025055022555786358,0.021857903106446308,0.020855110596856265
0.9951430753935664,0.07638549508656096,0.052434226400542974,0.020142659266427502,0.015423849520396233,0.0073623544158094465,0.006268201114688738,0.0056356179824774665,0.005156129635682974,0.0048599900515705445
0.9458788445855443,0.2619653727897589,0.11356791668642192,0.08899315561848516,0.07225560517612163,0.058841310099885316,0.033403467632007286,0.025366369439707947,0.02450732208079391,0.024406722843746786
0.9958438933016304,0.06329279165512551,0.0351671326803019,0.02948005751592887,0.022745504164640183,0.020996693001744,0.015219537833469446,0.015152808590120045,0.013210320510882582,0.010078612637480003
0.9957387102553854,0.07694539983254425,0.03234812836289346,0.02613166961354224,0.016002793717294655,0.00937357670305084,0.008529134474407674,0.008059046937737204,0.005783184372334765,0.0056985834425438055
0.9654498776767397,0.11552764470890303,0.08447928769610064,0.07830850999311054,0.07697885025684313,0.07551059427224872,0.07342129941056835,0.059011965834218534,0.0556794306047841,0.05388162970283523
0.9811557297154384,0.08521517285601977,0.0805739509559969,0.06998115759508351,0.06943210849681321,0.04872602051017972,0.04819841815138675,0.042465736979809904,0.041359639343960614,0.02860765950924793
0.9178211162769384,0.36658358964052795,0.10574395775287061,0.07332452746447213,0.03996087518464532,0.023017398429677868,0.02281231723789203,0.02156750412912652,0.021282296620978892,0.01996349429520393
0.9850688286601857,0.10302240403852261,0.07834655234359963,0.051354571370608046,0.038351679146888466,0.03555682470933084,0.03481884286466615,0.03397203712856358,0.03250119411777058,0.03021374625587741
0.9618699656889723,0.25750019086755516,0.06365682239123124,0.03176384076594368,0.031579939008404216,0.030187331310258254,0.02122368389950396,0.01806036304675909,0.011693449799157514,0.009053742322203533
0.893952123338436,0.32330351718212424,0.13327854824404964,0.13234442186801354,0.09543245164363577,0.09449807104830209,0.08466822488462922,0.07910570306999534,0.0781995271192382,0.05575605049130483
0.8234126825595347,0.36539596778006334,0.32210483971651765,0.18253259620986906,0.12338440647697894,0.07594628673892247,0.07152467176598253,0.06324638104194029,0.05866841972661916,0.058384865714250264
0.9097330496371179,0.3380164953447634,0.11980502968646556,0.11695230751352394,0.09341385479476633,0.07400095088373632,0.041614477825433364,0.04135810578571321,0.035783274695129264,0.03536570939355453
0.995983369695172,0.06641110421556468,0.03610500853877993,0.02507100633941277,0.0231645694922825,0.02204915034869351,0.012761024716981198,0.00970650978385975,0.00886575062484666,0.0076113676934737775
0.719718481441893,0.48020379732640056,0.319225530693698,0.17102876873537481,0.15546432388369527,0.1262578019806661,0.11138344146790266,0.08411660536115523,0.08040637209590694,0.08028527896494465
0.8360307785958989,0.32033352126515563,0.3011053429156093,0.22648290373433305,0.12775406821616686,0.0742618281247707,0.07420702216874016,0.07350163601878204,0.05287046819564898,0.050068458053939086
0.9947131022659881,0.05290108486678833,0.04351563021343563,0.04162566879369443,0.0351609774574869,0.03471975536983058,0.031436693822885386,0.015914890930618517,0.00962374363272055,0.008961242800436394
0.9321252682640196,0.34698737813105857,0.07078103471959357,0.05190345536444089,0.029021780304042576,0.025523495598193606,0.018143253272708073,0.013513708154911491,0.012927548577351575,0.010390252059897572
0.9116341882061215,0.33464132873576113,0.10444326084984207,0.0990777872069564,0.09728813196688539,0.09062912584655401,0.08310896587828695,0.03817973608939487,0.03480329252351206,0.033175299132380216
0.7088750967375299,0.41064931773933827,0.310008272132612,0.26794619496091127,0.20978165101005886,0.1656652913970421,0.136729132931198,0.12120895477978663,0.1178279623464684,0.10792744600624145
0.5948643915436066,0.5914771934695155,0.30367938457258,0.19895187818373825,0.19885885500874256,0.16480568771113355,0.16266332186924884,0.13653489517215145,0.12983334167027885,0.08700381084228649
0.8873411002746642,0.21307310412058258,0.20421055423831722,0.1546344635969938,0.12468655108559967,0.10473938871123142,0.09277941960764373,0.09258167838139196,0.09257851880850287,0.08443753188600982
0.9534329584795871,0.15311080026967164,0.11987430076958973,0.11722881614405381,0.07552168249853736,0.07145945160095751,0.07003811218084753,0.0666171618616971,0.05460176814799355,0.05056703308359771
0.8040338160661668,0.5389895368286519,0.10320522058597546,0.07979207773496143,0.07683355173419129,0.06386950703757481,0.06261810647758255,0.05884265453442055,0.0576160407954772,0.05607216014755026
0.9654133585865159,0.15101693860320728,0.11118097378939636,0.09961894963434466,0.060647564700202446,0.05618354747301657,0.05153394739496341,0.0410684244843923,0.041043847125511915,0.03895903015529042
0.9918296686290763,0.07966141196964328,0.05305582332989063,0.05164570215895488,0.03230452736532555,0.026845167628302684,0.02468989421961483,0.019586001076015238,0.01684269849010676,0.016780378878618617
0.8316316270934417,0.3222937530243213,0.278728679727319,0.2075153367046716,0.15114232059665875,0.14075516139533878,0.09573253780357016,0.07795704033718355,0.06922974993548642,0.04521785114935954
0.6730584691933166,0.3429385472265205,0.33183458800790494,0.29252259239424516,0.2582891021033013,0.18848398290928547,0.16121337703930888,0.1324892658702032,0.10786116040065237,0.08926579991123833
0.9359173703387957,0.1670565317019,0.16107754516670564,0.12945206038059084,0.10322743232317814,0.08752394258655032,0.08418202902660256,0.0795629843090616,0.045803245331651636,0.04412421150606488
0.9722542025572498,0.20286885659169998,0.09045184933508092,0.05012462424276653,0.026444561456835457,0.02268477291927264,0.016185700079950138,0.014999825735267066,0.013684637243124813,0.013565432921255742
0.9609305872922225,0.1456622006935855,0.1262475468831882,0.09717222703507399,0.09522258008007092,0.07391810245263651,0.06360502430322895,0.04207311622562305,0.03724484752374188,0.03638617688540934
0.840756291597162,0.47759207028986245,0.2239934139000637,0.050431048748386186,0.04195612356859013,0.04105045505418901,0.039786768035098334,0.033384149279859714,0.026391071181235314,0.023803325146243757
0.8265807580763433,0.3914565134220922,0.18744494999085645,0.16901779498289846,0.11724224753987744,0.10836927216218904,0.09123077501349275,0.09121847665201849,0.08338331747242411,0.08138102284495312
0.9893065813134931,0.07134663602397671,0.0683282160427626,0.06153620931219989,0.04767336361014785,0.04468858996455827,0.02894148216141766,0.02498086388974126,0.018200446805774477,0.016181397446113722
0.6950923301054953,0.6900474188827939,0.10233693853032053,0.09696128202903317,0.045640695360355976,0.043177277071660074,0.04111617063754316,0.039896729399276194,0.036108932780937866,0.033640985467806646
0.7597652834898961,0.5476207195599178,0.2578320711239879,0.09932068618662195,0.0809172281510821,0.07173462207990586,0.06779101325261477,0.05765014998029377,0.05617013328630253,0.055439634721877254
0.7579301231434118,0.32577698291045,0.3219201855450923,0.23087999520896998,0.20365934005999559,0.18178429045434874,0.1444060594953881,0.13598332108283825,0.11024998447634876,0.08271866820809698
0.505806123378215,0.45894704441092427,0.4056373369602441,0.35832876436881644,0.27665966004154696,0.2624416558144696,0.13668827612905568,0.12002463580868752,0.11531451794423664,0.10517047811620718
0.907475926544729,0.2918394857559971,0.21447715931501743,0.15965423644836169,0.07315494798449003,0.06531278096308733,0.04428622510577536,0.04007556107107146,0.032114366017800045,0.02873207506355315
0.6130831429340189,0.4684304247520937,0.36437126245267004,0.3606249288111488,0.18522810101578632,0.1840984552807445,0.14314820501743605,0.1063254618271194,0.09171351142138445,0.06758677208051886
0.963007501145679,0.19816013549515218,0.12211655441855636,0.0680288841225619,0.0493194199107462,0.04283611663065675,0.04144826592062596,0.04114452106503055,0.039922564865810826,0.02958961407804713
0.8094486528924693,0.3783436745045924,0.37582675521146075,0.12013387500506068,0.0932335390104797,0.08718338012235775,0.0780874202372097,0.05872105157025093,0.04877116884571571,0.046420424190613874
0.9455190107142094,0.21514567374403937,0.1487938480630617,0.07385239902865094,0.07269195874879991,0.0706426337964837,0.06725126430716995,0.06329644157462284,0.055558872036341286,0.05484259776433195
0.9370692867613298,0.3021017837373917,0.096295737232876,0.06040171310886515,0.05044433291317212,0.04887606246363287,0.04669197605819983,0.04456589483689433,0.029614536959003308,0.02840778140301896
0.995743574229735,0.07572177928358406,0.028808492022762824,0.027956892628435,0.01645013250934845,0.01581160596747075,0.011585823752290982,0.011182856045573392,0.00755681997730164,0.007437325131352959
0.9771093240582859,0.19474778704308615,0.054854667178280914,0.03580855022496857,0.03139171925494547,0.01963635379948618,0.0182762365143929,0.015138621439744128,0.013868870535238421,0.011302654020996084
0.6943780389481004,0.6844687554033267,0.1043427268428464,0.1006388975173744,0.07256575475565327,0.057406342568765076,0.05588037556978384,0.03963913212203703,0.034872815448830155,0.03476646662033419
0.6772703327108646,0.5457468097387423,0.34509535612238035,0.19423670844013263,0.17089404100190067,0.1059476631062916,0.07726011530063576,0.07344112965770498,0.06909860884579809,0.05408396020189106
0.9295970095108799,0.3000101118245821,0.12870888692775587,0.09404798894090763,0.08836268915998981,0.04718805913628472,0.0422831522001493,0.04082544864699105,0.03188197370232242,0.025811199001204613
0.8855966316085985,0.4071356247283363,0.20088140321316852,0.04214327734271635,0.03363756944881118,0.02916175520952853,0.025970860519021022,0.021070170313164594,0.01977369302621267,0.019213926945738098
0.736435010573962,0.57569644333988,0.2038154587175518,0.175527328748802,0.084700851406738,0.08133284684536855,0.07975684401026523,0.07519017252806783,0.06646402024720642,0.058202417404088894
0.9655674160853442,0.1426329753561634,0.0942134870981058,0.06397968254167172,0.062221630901912774,0.061903516667844945,0.059469942945718,0.05673926452758739,0.05360495278152903,0.05194016525476803
0.9967866115154421,0.05868474903919961,0.03139654555380139,0.026642179994819104,0.022618670092789832,0.015767259144703484,0.010307103249344376,0.009579452245180869,0.006758199745704251,0.006369402551653209
0.9919730307250053,0.06838255893746106,0.044937564719222035,0.039968999075204285,0.03448254549829567,0.03134431270354146,0.02960642779495518,0.029281467332337295,0.026335946209054297,0.026169536400760186
0.9020502210594504,0.40045298412217284,0.11423484927709132,0.07365357553732364,0.042081736859583704,0.03441641161074908,0.029391631227619282,0.024598380995641187,0.018564032791819653,0.01780485578754617
0.9011871919916419,0.29014417849497015,0.19353520248237097,0.1051583697594498,0.09846259647442143,0.08685171583780711,0.07228882338813897,0.06451826908508407,0.06097242508954343,0.059507233359938544
0.9923544840403645,0.09509358408293205,0.05213200866565968,0.03866871640351987,0.019394129839258794,0.01827282454781685,0.016287356645523943,0.01394176396305548,0.01237734153573269,0.010336418066225166
0.946701349216424,0.27956905750232564,0.07684780412883299,0.07532227145649355,0.0438571323186834,0.04074192216573361,0.036953384042816895,0.036904645368898197,0.03363225897753406,0.030801073755557996
0.931634375645954,0.2993274926799995,0.16239516372743854,0.0613162583405023,0.03991119053348412,0.03674960755624583,0.030554859588764992,0.025001909209688852,0.022905402578346112,0.022475684999657887
0.9963958565413478,0.05219611024487757,0.04033520589195393,0.030548105312002527,0.026635222969280684,0.018500271931802495,0.012088628841249708,0.011454200715250586,0.011055978466974594,0.010802812226910524
0.9741880453286994,0.1295363991106595,0.12124783758766282,0.1036047962176545,0.07057464938110752,0.024183501712657787,0.020108656318245228,0.01962129649858054,0.01930064388365648,0.017725439218463885
0.97057383562572,0.12954872432085657,0.12855031372357498,0.10247186335880393,0.06670102644825321,0.052310982770517316,0.03445274518952581,0.03425187461689848,0.022938641694369596,0.022432948587771707
0.6858670747981959,0.5638318830140367,0.3900647398710396,0.10908436419203449,0.09323441671518556,0.08499261603798144,0.057291599771986695,0.05398387124546817,0.05195668330549574,0.04779855102685659
0.9944927996960309,0.07777455985207567,0.05247189377920225,0.019885980442795454,0.018563251020380134,0.016972713123630717,0.016472607619982697,0.014094317974495679,0.010694551872946474,0.01027346956972826
0.7977538349579955,0.5426332906680827,0.15014403170595447,0.11606953249885799,0.08285500788192283,0.06321027614469694,0.05785212906478044,0.04750494808456766,0.044131500706943286,0.03987547123069248
0.9681950963734631,0.17573502107960445,0.12233600779578653,0.06424752528414163,0.05416920633848491,0.053348195975094735,0.036463864944592646,0.035711396141696536,0.032865359978078594,0.024397460512938746
0.9039658470218673,0.3031618068904199,0.13369956421967,0.11862612850085542,0.09983573835820671,0.08463151429455006,0.08222125199016025,0.07002655640902594,0.06798085216245774,0.06108802131884579
0.9200997324790445,0.27664163150441695,0.188662463038538,0.06873936207239724,0.0679246783520699,0.06543811639225675,0.06132885506036849,0.060710668763544515,0.051414308821836376,0.049011568271044
0.8940863866278504,0.31103601481236126,0.23175373960660242,0.09166378152025256,0.07556822703903467,0.07348219896361037,0.06938741093405336,0.05754934891024759,0.05552021426805063,0.05294317776449751
0.9710523308295556,0.180471078811259,0.12122264729612663,0.04465669881855877,0.039807885170688444,0.03816784739634755,0.037913023654821916,0.027400532256640273,0.01767909849726478,0.01663037046172878
0.8657645516791268,0.40838467295708863,0.12331330218106079,0.11849827673124032,0.07707730856476154,0.06996719652130183,0.05776550357234896,0.05627868913383358,0.05237242293749402,0.05197934837581922
0.7479530753755795,0.576411286991029,0.2339386327546084,0.08715604329479283,0.07286473906645807,0.07076364896909874,0.06720976518640294,0.06645222402545375,0.054529994140791675,0.054347568160106725
0.7021936112169969,0.6811275033748175,0.09840332574422136,0.08299812855793234,0.08036243833069845,0.060231637016679426,0.056035586840308266,0.04273896195780293,0.04088939766873964,0.036960389189629655
0.9837960967858823,0.12096437251131896,0.07336583902563433,0.051243770037647185,0.04322166936443692,0.0403485406534011,0.03342316596590172,0.03015652445685364,0.028070970318885835,0.0250721991700253
0.9490691733859398,0.23699452482455116,0.11535386398134873,0.08596703148322632,0.08186261690755137,0.07903744240595328,0.0493225906243424,0.04127152951944941,0.026721038557099005,0.023755157455001816
0.9068390460767323,0.38611987641322404,0.10766214287582064,0.08541611839818451,0.05201510448490763,0.036657918894542965,0.032290857553414085,0.02406866740119497,0.023592116517768432,0.023122180678175192
0.9628896089921465,0.17928658298391548,0.1339151501230013,0.10770760617288107,0.049217503904763045,0.03954440198326543,0.03709259357990805,0.03459225073489205,0.030261409868091383,0.02433794695248694
0.6826231648001919,0.6111608760565349,0.3048521476635634,0.15717785251678268,0.09568326879415741,0.0835756919752884,0.0626966142425767,0.05799630226313348,0.04652810045255928,0.044626654541536186
0.6601181732806318,0.5477107148098235,0.41705130919729866,0.18788509971326417,0.09753087331428908,0.0952455488768714,0.07539316727511418,0.06666683149655334,0.05473973676980693,0.04734641472202005
0.9772111090743281,0.12706535221428883,0.07755580347209359,0.07309404421936455,0.07169436336748099,0.04141560849998127,0.036337498076570954,0.03388906988166836,0.032793149352695936,0.03225225410855931
0.7065848771131943,0.6773643101420384,0.09511247758311593,0.09443210488957424,0.07314790610074345,0.058925983621529635,0.05324421302274813,0.04123346685903945,0.04106192616461027,0.03496533644160777
0.9961529967546886,0.046650128813529305,0.04363981860713844,0.04333240042543998,0.019952140859930224,0.01929506376333065,0.014427106531755381,0.012811134995723714,0.0107725849576323,0.009607391117131058
0.9470779381577974,0.14194969182554823,0.13701187194014727,0.12146549629632483,0.0891318133133466,0.08523066892455183,0.07812356626219652,0.05770674471824907,0.05728015807995368,0.05484746712513823
0.9976428085330178,0.04429621829186985,0.022883165336427955,0.0208220178854647,0.020075418369908796,0.017980032452864315,0.016645777786395036,0.013440252448592028,0.012442305386424936,0.01194546675458898
0.9558598742408951,0.19432049983756705,0.1297492112023956,0.08218919776145847,0.07795858196501447,0.06419191619357884,0.04766124254040629,0.04301230438812693,0.02957416934378535,0.029315742362390814
0.9652787036921411,0.20244055769838787,0.08783226550349041,0.06562752621659354,0.056941972590798674,0.047910480008423434,0.03898258272476344,0.03417690301456032,0.03348041452639185,0.031048090769910698
0.9698398450083927,0.10903430305543231,0.10108190655580941,0.08660462082856579,0.07287724709154914,0.059835921493824426,0.052707471369413,0.050845099953125174,0.047528314187849356,0.038914675856840567
0.8317098647255486,0.3604186034658385,0.3072850855526723,0.14500036248429407,0.13149098402273807,0.10454413305082415,0.09095141440183772,0.06715859627399241,0.060229050240559606,0.05933446243739109
0.9273310028079057,0.2748527034297719,0.12308278233728508,0.1044342851671589,0.09612385489545816,0.0707451115459249,0.06223093420029818,0.05905703061905892,0.04929575487913356,0.044430660192074374
0.879538552669388,0.2720019163766427,0.23968857559790363,0.1588592182185818,0.1275145302400703,0.06474925842820586,0.06298291891078128,0.06172890006133585,0.06057500439075651,0.06051216199358833
0.9492178489382253,0.2008160228573222,0.16486333748306012,0.08970106326481352,0.07191064373067328,0.05141710808993661,0.0504643562755283,0.050004208422070054,0.04213588193115802,0.041897745013335826
0.9826958219159465,0.1369101076319174,0.07028480582045954,0.06950552224972911,0.045944450738373256,0.03030851013579454,0.028932402048251732,0.021031431860752965,0.015320523984597578,0.010208823981536682
0.9936857610651306,0.07694911933262542,0.04873274452219353,0.032704659381215404,0.030986926567018968,0.029485069946002453,0.02321516635298393,0.012071704783910278,0.011312363251767276,0.008125800711815718
0.6811027927010188,0.6615731288492869,0.17662540787172507,0.1367982398550322,0.11608289423273523,0.10127984899400792,0.06662301682553189,0.06057251104129007,0.04700585044837224,0.038370999920291214
0.6374857207367433,0.636851560485279,0.22868073631764863,0.2002439453220835,0.15339670616144713,0.14200467546603454,0.0987196560452304,0.097594445585132,0.09406831848845629,0.07624538337392249
0.5904481140921097,0.47803286823125046,0.3371220418141301,0.3343514998851936,0.23706955217155024,0.17961005818687462,0.15183738540872016,0.1394700789891051,0.12871213643957896,0.11999879950457408
0.9046728107520762,0.251056939618534,0.18601414613168563,0.15398503665877822,0.15006027733827426,0.0992423155317511,0.08254288576730022,0.0605472098749925,0.05694826433382013,0.04817986861641091
0.9952501074217384,0.06925024432363806,0.038764628135439023,0.03380858518329489,0.02427180089081455,0.02358711388513898,0.015936817372306462,0.0140479073708955,0.009452348972708387,0.007326762169975127
0.8523709158631074,0.3244135305456046,0.20511134399035874,0.17543578436943677,0.1308996150605047,0.12451810892924366,0.10977161406760254,0.0827836891947156,0.08204619475819568,0.07278021761789542
0.997849905139236,0.03922589781414609,0.03434968257731589,0.024953353901851737,0.018989931128297638,0.013345422963519793,0.010083125493705077,0.007281835585270636,0.006293243025595177,0.006283025670598194
0.9944149493001855,0.058256905540142664,0.050081738577389776,0.04802793259289518,0.04010706519929906,0.01633522408278035,0.01587620304341826,0.012666591861166216,0.012442749717128403,0.012015950601104053
0.8577569799537631,0.4659303956813617,0.12390244585417974,0.11628233138399255,0.07390690615123816,0.046582847529864246,0.0442138067370001,0.034246005426334006,0.02989120344987773,0.025447840110839393
0.9135077440649004,0.2839617142629004,0.19718449542780775,0.14653173112371962,0.10589921326483784,0.04899890676258801,0.042286508434974356,0.037823272194176104,0.03351266544796665,0.02395920939697744
0.9164344624797709,0.2838790792445115,0.12442404809754093,0.1168671598374787,0.09330880346803667,0.09192794578815952,0.07053469981657702,0.0671478933125543,0.050870226106000206,0.0475946475884921
0.8344558776082892,0.34424582149177396,0.32008425473627256,0.10439377354763063,0.08859350239179278,0.0856034855052449,0.07702754647715149,0.07350349367359653,0.06561348941901046,0.06116114902336011
0.9276642756391884,0.30603135703364337,0.10199535342613805,0.09379201789448517,0.0560142322815916,0.054724045657073304,0.04929861406752555,0.048540426857187624,0.04841991246844658,0.04321270223950992
0.9633712298250465,0.13776154347403982,0.1367343300732924,0.08823188709054919,0.06450155727901653,0.06156708151169367,0.05439222000289966,0.04619797988059474,0.04599921228074534,0.040619143960082434
0.9949962383572797,0.05313378500481644,0.045376700079729104,0.037903994321603934,0.03555207665597274,0.03360290034586643,0.019955523364156492,0.017290566545385657,0.013302693427910616,0.008027495952637378
0.9503082282328952,0.30200917347551004,0.028179261734746473,0.025060728995703642,0.02500643336448639,0.022777292038206262,0.018112624854457953,0.017427160130835027,0.016621934753997664,0.014930291129402794
0.6686405199059757,0.6555741804673269,0.2279173423388137,0.1459037168908039,0.12158976225152822,0.09605966010297051,0.07161394993896762,0.05249857425846191,0.05123634803404605,0.04003743942235167
0.6928774693630398,0.654361024717581,0.19375942757156236,0.08806570810596381,0.08279934506868682,0.08246930162944838,0.07477238888827918,0.06905741843873855,0.06483524516016467,0.054678555862568576
0.9635198401398154,0.15237679636470805,0.09022807153580109,0.0878643554680163,0.07600691834905875,0.07540015855113874,0.06556607313318284,0.062232111758876774,0.05245673121323781,0.04161537794110741
0.6681458537922077,0.5560498070821218,0.3211670222282815,0.233301813660421,0.1931901124799597,0.1100254965070942,0.08758741770427143,0.06890791356367122,0.06363683164656693,0.0483757424843075
0.7707546453235018,0.4470372965981987,0.29217565911987964,0.22940731963243374,0.14966005142541888,0.11328159989054783,0.0993317557637116,0.06182237748083598,0.0456461554074215,0.04361283263599129
0.9191302926070456,0.31641694604225423,0.1519690439238886,0.06990315679190846,0.06859884633658707,0.06358358366452377,0.05830075877446599,0.05152553797171577,0.04453748097783868,0.041104540948572015
0.9707035230217531,0.17402759123648856,0.07856918978474962,0.0672569828576123,0.05807861035193691,0.05696449877908446,0.041866673277970716,0.041624908339418384,0.02971764672200086,0.02938759453313671
0.9960719376541535,0.06805908139456063,0.03893849257296837,0.02555457413094255,0.01812327392139315,0.009656395766093409,0.008668020670028911,0.008455494894773978,0.006685840458175486,0.0063772226949504185
0.7588443660127949,0.35090205287446363,0.34013586660228423,0.3277925333160884,0.13076945340292898,0.10413168794453949,0.09597800894262147,0.0955285644784507,0.09552809916386884,0.0667510310926757
0.9295578183760532,0.1815661781764606,0.14781394865060668,0.1416920947570872,0.13704125563830857,0.08725705047118701,0.06818379090778687,0.05904872586523522,0.054364779284527064,0.05198286405439068
0.9944702302734515,0.07031689383341949,0.05478897748574557,0.043712345735089815,0.0169377482794879,0.011473967900371888,0.011400087416846661,0.011218764548429242,0.008519259235933807,0.007635157228022679
0.9831021734680968,0.11558140914514861,0.08620171037625932,0.04356717680657128,0.04055317166753569,0.03841450541053097,0.03585313793665748,0.03452943489832543,0.03367390263429825,0.0328553782573264
0.9681762058069727,0.14393493060376006,0.12275485946679594,0.10115053125431255,0.07150396578132526,0.06562722763938075,0.0441972045177002,0.02630134838105715,0.02273551903775802,0.022427504812745722
0.9840707430601803,0.08583616449749704,0.08540034122473379,0.06709486788627991,0.054954159875421106,0.049871710205287315,0.044581648025409,0.032110855433475166,0.025946502218325975,0.023475979791714948
0.9840858258650317,0.10319470378018863,0.07807244887756706,0.0721755668836817,0.057408310179917744,0.03412139531130617,0.026883186381824124,0.02483437462836077,0.02129036085301072,0.020407495052344026
0.9430102107612875,0.24765090613033347,0.16736067171023308,0.06746031183324949,0.05493054154820224,0.04876161950922241,0.0472467765688257,0.03908807742235916,0.0381207057495591,0.03535119757685669
0.9933943615670072,0.07630183346180668,0.05284011228399468,0.031680175994109785,0.029004476515082714,0.028267875344449505,0.017698903266273176,0.016853442746714534,0.014529937358881624,0.01272739594699606
0.8024188130988922,0.4027144533961542,0.34907685519799264,0.16762195578594447,0.09606063238497699,0.09376025427937809,0.06216633569154418,0.05771426575164009,0.049386440028619395,0.04254060413712273
0.989123005960336,0.10446111694694338,0.05909179904808822,0.0500128804914274,0.04620819100207977,0.02601397208733901,0.024754170848869685,0.01593964367377998,0.011250973116702333,0.010600675839283523
0.9420533127364983,0.15588465443110602,0.13085937533039405,0.09004502972578964,0.08853503962423334,0.08345647268941431,0.08118041326879297,0.07990173075049772,0.06955315628310248,0.06690915131975801
0.9419408542549575,0.24294287823427943,0.1808010021983423,0.06716806179681359,0.05526128743666331,0.04836412982683176,0.04765076370968685,0.043217851254978006,0.04226012633713848,0.02892049193223808
0.9542089784492254,0.13219712221319974,0.12413919003742899,0.11696927667300634,0.07254896924440334,0.0669637047827999,0.06641196014654255,0.06299074729370392,0.060405378563715244,0.058374506756849014
0.9773370722665379,0.17423230292850958,0.0738512436268342,0.072562657542525,0.03640851027685717,0.024159353050528305,0.02223631186994316,0.013885882429321351,0.012008325878429345,0.01070428432881556
0.9875592498349279,0.08069333098551068,0.059113020616407684,0.05871085866259512,0.05389920592718175,0.05007654131988289,0.04098646062142348,0.031094292151425732,0.025763392401023565,0.02468474730865755
0.985366591215994,0.09391625654245479,0.07474277787372015,0.0631292489312543,0.057296101143072965,0.04550353575921631,0.03199199321983216,0.027623072796965166,0.022545730062934283,0.02088706974594596
0.6225890080756556,0.5347300819771961,0.29194936101570496,0.23163452457309006,0.2062611960617973,0.17994778075200357,0.15492392340340033,0.131115524454868,0.11485923647878109,0.10529119351160555
0.8601907811835094,0.3493952331865781,0.19018216943289054,0.18896011103002852,0.13544488149614764,0.09721211499341038,0.09040629294382309,0.05948566814975603,0.055405381423777766,0.053219490474029206
0.9891728217990854,0.12398849629870665,0.05056291761427367,0.03576028942341713,0.027293033736656622,0.017671177996444565,0.0171169064220833,0.013376947031477111,0.012949415965425834,0.012449184031860518
0.6127958451077228,0.435055326933537,0.3475692843655341,0.3293184389641629,0.19553719946185424,0.1877697371398632,0.18481758465921838,0.13683610553292164,0.11985390691309607,0.10972367278610178
0.9533196474976204,0.2628228858762005,0.08319120919940229,0.05403136781371693,0.04280692248492909,0.03793565308813408,0.03666976804548974,0.03465921225786306,0.03409166579507654,0.03302448430437336
0.9994008113974179,0.028168997889354577,0.008970071975060017,0.006848576132046333,0.004811603098018595,0.0047872562226789084,0.004767374103249689,0.004711014903821679,0.004609372873893096,0.004364456226631204
0.905062271104065,0.34122184586731474,0.11474652142862117,0.11374922586352643,0.09771541817504911,0.07942827222283917,0.07673287303725092,0.046231654240613984,0.03899916197333416,0.03420093657175619
0.811199341661222,0.4157626256026351,0.26825745112859767,0.12232170090444384,0.11227641234249687,0.09960663473653424,0.09715534890200005,0.09164376876668272,0.0682779497007087,0.06522709082008721
0.44059235682885517,0.408498625896079,0.372295377038258,0.35005974712349575,0.3335382110923667,0.20391391410447848,0.20097345748330933,0.1827337430758666,0.13672633980603746,0.13054314084951357
0.5625513632126753,0.46151412306146683,0.4022615179208412,0.3013183069182189,0.1700664753203295,0.16370492553676882,0.1562625669945439,0.144831266199443,0.12872970808108858,0.12569247783396997
0.7085124533464081,0.403149009387847,0.2832225344741757,0.21108923396578527,0.20768773771094964,0.19753792788128416,0.14878136458422908,0.10193318944668565,0.1016788290741076,0.1012365611712031
0.9931013950543989,0.06863210962623843,0.0471315282902988,0.04027870409722009,0.034169918810456355,0.03184205272971536,0.022655524011493535,0.015995282095251008,0.014829276565178014,0.014287236143012649
0.4725191724631459,0.4602349166295502,0.42602246036572006,0.2845967341802313,0.25940168736603847,0.25211674660570726,0.20358184693777803,0.161029384580924,0.14059416101164288,0.09559544930633507
0.7998042772319344,0.44589397697583993,0.24951806633311388,0.17258921726140225,0.16961296217807353,0.1050045064705915,0.05797267583997181,0.055553101198271566,0.049255327949500334,0.047002865423916414
0.9580747718147788,0.11846997187646867,0.09745756499526713,0.09534351248552175,0.09043317868758403,0.08887326553895705,0.07860983058852969,0.06759013249444706,0.049906994336529155,0.0455421206209476
0.889134040973496,0.3065180873128386,0.2555901889248955,0.12653480649603446,0.07777817631661778,0.07492016490619895,0.07007438212467293,0.06629171340669565,0.04944536801117444,0.036358613583026375
0.7583136614253592,0.2544144501028134,0.24096432460326705,0.23766141866288185,0.22004500364468038,0.21329128723902369,0.17803155298582032,0.13376618430426296,0.12345755022215017,0.11863952182341374
0.9828324680888503,0.1049158606641331,0.10456278542239852,0.0763480382836657,0.031680310694567025,0.031095338739233952,0.028203130632373726,0.0265828774620657,0.023145724838783212,0.02056418606875938
0.9951244823854466,0.07739836268863726,0.049472258360587044,0.02174033369568689,0.018023196000116395,0.010317075336615165,0.006626740558637437,0.00648594382148919,0.005070681725821195,0.005065917034690328
0.8572862400248159,0.432389855587794,0.21165221864345685,0.09216932009786412,0.07725542015607378,0.06513831721287339,0.058805747354114195,0.03330944790080352,0.030835622594100644,0.028701990070965067
0.5558418414225887,0.5350451219637842,0.34971977820357925,0.34183760268292307,0.29534831905301945,0.1573776426155844,0.10329164371399599,0.08697116612778613,0.07612052078271328,0.07383700412753005
0.6874679776128083,0.6172090314633367,0.21770229982710512,0.21257420499113594,0.13159288914920775,0.07427994451572525,0.06668636175003632,0.058644760956828496,0.054455709101719874,0.05359129721377867
0.6102573328602666,0.4905417632194055,0.43009728056091273,0.23780901014751232,0.23644507236772527,0.20541365364066466,0.07439097558248457,0.07292889440430406,0.07051179997591364,0.06558454265798708
0.953632259068325,0.2119345962082314,0.10396125454598766,0.08645953682588972,0.07252608355181256,0.05794415545143399,0.04324213741027923,0.04319407886328473,0.042315793960189564,0.0355881663844703
0.9815850243442525,0.09070036829802676,0.08180081444372746,0.07226475170013029,0.06683330440073694,0.05088540727902165,0.040808600749947604,0.03449340488710951,0.030882869424549937,0.02847044822958778
0.9477927893431284,0.2174691852187293,0.15136246994117253,0.07998581714544696,0.06654455123628712,0.06564679560989146,0.04533693811306613,0.04197967556094212,0.041236535217591345,0.04007044053089885
0.7708614364002094,0.3309995151788536,0.27908853591948984,0.274486510525694,0.18317087976112065,0.1546869974736934,0.10453574571941451,0.08563701639539689,0.0842363245894616,0.0752844781378328
0.7848888792542773,0.4264671353861619,0.2794350098261152,0.22440498926821528,0.1450929953585024,0.14224269050623944,0.08564385977640365,0.07929342004799678,0.057630164120187184,0.04092679916752074
0.9542136049206347,0.24247233028681625,0.11996859159926351,0.05709331564242985,0.0470218491412766,0.044206855909960076,0.03896184603178076,0.037335683934325035,0.03032724079972472,0.028374180932708208
0.6895644137362855,0.5098877770123741,0.4090287386947702,0.16085920411741622,0.11342218321562421,0.11016941780776524,0.09261030233555936,0.06567798002496202,0.06326089802417466,0.05975171765747375
0.7350580538886541,0.658760927672026,0.1022792018618927,0.07165183617286047,0.046654899477978136,0.03451504037842929,0.03112634152340473,0.028943229109105788,0.027700106670322765,0.025144359851852774
